cell_id,fila,columna,centro_x_m,centro_y_m,zona,area_dentro_loja_ha,meses_validos,meses_incendio_ge7_obs90,meses_incendio_ge8_obs90
LJ500_R000_C073,0,73,697750,9501250,sur,0.0089,0,0,0
LJ500_R000_C074,0,74,698250,9501250,sur,7.6084,69,0,0
LJ500_R000_C075,0,75,698750,9501250,sur,7.7467,69,0,0
LJ500_R001_C049,1,49,685750,9501750,sur,0.8345,69,0,0
LJ500_R001_C050,1,50,686250,9501750,sur,11.12,69,0,0
LJ500_R001_C051,1,51,686750,9501750,sur,14.19,69,0,0
LJ500_R001_C052,1,52,687250,9501750,sur,9.6327,69,0,0
LJ500_R001_C053,1,53,687750,9501750,sur,0.076,69,0,0
LJ500_R001_C072,1,72,697250,9501750,sur,0.8445,69,0,0
LJ500_R001_C073,1,73,697750,9501750,sur,16.66,69,0,0
LJ500_R001_C074,1,74,698250,9501750,sur,25.0,69,0,0
LJ500_R001_C075,1,75,698750,9501750,sur,21.91,69,0,0
LJ500_R001_C076,1,76,699250,9501750,sur,3.3258,69,0,0
LJ500_R002_C051,2,51,686750,9502250,sur,0.4125,0,0,0
LJ500_R002_C052,2,52,687250,9502250,sur,18.67,69,0,0
LJ500_R002_C053,2,53,687750,9502250,sur,19.55,69,0,0
LJ500_R002_C054,2,54,688250,9502250,sur,3.7569,69,0,0
LJ500_R002_C072,2,72,697250,9502250,sur,3.2511,69,0,0
LJ500_R002_C073,2,73,697750,9502250,sur,25.0,69,0,0
LJ500_R002_C074,2,74,698250,9502250,sur,25.0,69,0,0
LJ500_R002_C075,2,75,698750,9502250,sur,25.0,69,0,0
LJ500_R002_C076,2,76,699250,9502250,sur,14.07,69,0,0
LJ500_R003_C052,3,52,687250,9502750,sur,2.9051,69,0,0
LJ500_R003_C053,3,53,687750,9502750,sur,24.85,69,0,0
LJ500_R003_C054,3,54,688250,9502750,sur,12.83,69,0,0
LJ500_R003_C072,3,72,697250,9502750,sur,3.1861,69,0,0
LJ500_R003_C073,3,73,697750,9502750,sur,24.98,69,0,0
LJ500_R003_C074,3,74,698250,9502750,sur,25.0,69,0,0
LJ500_R003_C075,3,75,698750,9502750,sur,25.0,69,0,0
LJ500_R003_C076,3,76,699250,9502750,sur,20.51,69,0,0
LJ500_R003_C077,3,77,699750,9502750,sur,0.0035,0,0,0
LJ500_R004_C052,4,52,687250,9503250,sur,0.0154,0,0,0
LJ500_R004_C053,4,53,687750,9503250,sur,23.41,69,0,0
LJ500_R004_C054,4,54,688250,9503250,sur,23.42,69,0,0
LJ500_R004_C055,4,55,688750,9503250,sur,18.3,69,0,0
LJ500_R004_C056,4,56,689250,9503250,sur,2.6198,69,0,0
LJ500_R004_C069,4,69,695750,9503250,sur,0.0191,0,0,0
LJ500_R004_C070,4,70,696250,9503250,sur,5.0598,69,0,0
LJ500_R004_C071,4,71,696750,9503250,sur,12.92,69,0,0
LJ500_R004_C072,4,72,697250,9503250,sur,23.16,69,0,0
LJ500_R004_C073,4,73,697750,9503250,sur,25.0,69,0,0
LJ500_R004_C074,4,74,698250,9503250,sur,25.0,69,0,0
LJ500_R004_C075,4,75,698750,9503250,sur,25.0,69,0,0
LJ500_R004_C076,4,76,699250,9503250,sur,25.0,69,0,0
LJ500_R004_C077,4,77,699750,9503250,sur,18.02,69,0,0
LJ500_R005_C052,5,52,687250,9503750,sur,0.1581,0,0,0
LJ500_R005_C053,5,53,687750,9503750,sur,24.74,69,0,0
LJ500_R005_C054,5,54,688250,9503750,sur,25.0,69,0,0
LJ500_R005_C055,5,55,688750,9503750,sur,25.0,69,0,0
LJ500_R005_C056,5,56,689250,9503750,sur,10.74,69,0,0
LJ500_R005_C062,5,62,692250,9503750,sur,0.0729,0,0,0
LJ500_R005_C063,5,63,692750,9503750,sur,11.48,69,0,0
LJ500_R005_C064,5,64,693250,9503750,sur,5.6018,69,0,0
LJ500_R005_C067,5,67,694750,9503750,sur,0.0547,0,0,0
LJ500_R005_C068,5,68,695250,9503750,sur,7.8236,69,0,0
LJ500_R005_C069,5,69,695750,9503750,sur,20.51,69,0,0
LJ500_R005_C070,5,70,696250,9503750,sur,25.0,69,0,0
LJ500_R005_C071,5,71,696750,9503750,sur,25.0,69,0,0
LJ500_R005_C072,5,72,697250,9503750,sur,25.0,69,0,0
LJ500_R005_C073,5,73,697750,9503750,sur,25.0,69,0,0
LJ500_R005_C074,5,74,698250,9503750,sur,25.0,69,0,0
LJ500_R005_C075,5,75,698750,9503750,sur,25.0,69,0,0
LJ500_R005_C076,5,76,699250,9503750,sur,25.0,69,0,0
LJ500_R005_C077,5,77,699750,9503750,sur,24.41,69,0,0
LJ500_R005_C078,5,78,700250,9503750,sur,0.029,0,0,0
LJ500_R006_C053,6,53,687750,9504250,sur,23.49,69,0,0
LJ500_R006_C054,6,54,688250,9504250,sur,25.0,69,0,0
LJ500_R006_C055,6,55,688750,9504250,sur,25.0,69,0,0
LJ500_R006_C056,6,56,689250,9504250,sur,21.1,69,0,0
LJ500_R006_C057,6,57,689750,9504250,sur,0.2263,0,0,0
LJ500_R006_C062,6,62,692250,9504250,sur,12.26,69,0,0
LJ500_R006_C063,6,63,692750,9504250,sur,25.0,69,0,0
LJ500_R006_C064,6,64,693250,9504250,sur,24.25,69,0,0
LJ500_R006_C065,6,65,693750,9504250,sur,14.79,69,0,0
LJ500_R006_C066,6,66,694250,9504250,sur,11.92,69,0,0
LJ500_R006_C067,6,67,694750,9504250,sur,20.53,69,0,0
LJ500_R006_C068,6,68,695250,9504250,sur,25.0,69,0,0
LJ500_R006_C069,6,69,695750,9504250,sur,25.0,69,0,0
LJ500_R006_C070,6,70,696250,9504250,sur,25.0,69,0,0
LJ500_R006_C071,6,71,696750,9504250,sur,25.0,69,0,0
LJ500_R006_C072,6,72,697250,9504250,sur,25.0,69,0,0
LJ500_R006_C073,6,73,697750,9504250,sur,25.0,69,0,0
LJ500_R006_C074,6,74,698250,9504250,sur,25.0,69,0,0
LJ500_R006_C075,6,75,698750,9504250,sur,25.0,69,0,0
LJ500_R006_C076,6,76,699250,9504250,sur,25.0,69,0,0
LJ500_R006_C077,6,77,699750,9504250,sur,25.0,69,0,0
LJ500_R006_C078,6,78,700250,9504250,sur,4.0564,69,0,0
LJ500_R006_C080,6,80,701250,9504250,sur,2.3951,69,0,0
LJ500_R006_C081,6,81,701750,9504250,sur,15.31,69,0,0
LJ500_R006_C082,6,82,702250,9504250,sur,1.8843,69,0,0
LJ500_R007_C052,7,52,687250,9504750,sur,0.2897,69,0,0
LJ500_R007_C053,7,53,687750,9504750,sur,23.93,69,0,0
LJ500_R007_C054,7,54,688250,9504750,sur,25.0,69,0,0
LJ500_R007_C055,7,55,688750,9504750,sur,25.0,69,0,0
LJ500_R007_C056,7,56,689250,9504750,sur,25.0,69,0,0
LJ500_R007_C057,7,57,689750,9504750,sur,10.63,69,0,0
LJ500_R007_C058,7,58,690250,9504750,sur,6.2851,69,0,0
LJ500_R007_C061,7,61,691750,9504750,sur,4.496,69,0,0
LJ500_R007_C062,7,62,692250,9504750,sur,24.79,69,0,0
LJ500_R007_C063,7,63,692750,9504750,sur,25.0,69,0,0
LJ500_R007_C064,7,64,693250,9504750,sur,25.0,69,0,0
LJ500_R007_C065,7,65,693750,9504750,sur,25.0,69,0,0
LJ500_R007_C066,7,66,694250,9504750,sur,25.0,69,0,0
LJ500_R007_C067,7,67,694750,9504750,sur,25.0,69,0,0
LJ500_R007_C068,7,68,695250,9504750,sur,25.0,69,0,0
LJ500_R007_C069,7,69,695750,9504750,sur,25.0,69,0,0
LJ500_R007_C070,7,70,696250,9504750,sur,25.0,69,0,0
LJ500_R007_C071,7,71,696750,9504750,sur,25.0,69,0,0
LJ500_R007_C072,7,72,697250,9504750,sur,25.0,69,0,0
LJ500_R007_C073,7,73,697750,9504750,sur,25.0,69,0,0
LJ500_R007_C074,7,74,698250,9504750,sur,25.0,69,0,0
LJ500_R007_C075,7,75,698750,9504750,sur,25.0,69,0,0
LJ500_R007_C076,7,76,699250,9504750,sur,25.0,69,0,0
LJ500_R007_C077,7,77,699750,9504750,sur,25.0,69,0,0
LJ500_R007_C078,7,78,700250,9504750,sur,17.99,69,0,0
LJ500_R007_C079,7,79,700750,9504750,sur,0.4707,69,0,0
LJ500_R007_C080,7,80,701250,9504750,sur,14.99,69,0,0
LJ500_R007_C081,7,81,701750,9504750,sur,25.0,69,0,0
LJ500_R007_C082,7,82,702250,9504750,sur,14.47,69,0,0
LJ500_R008_C052,8,52,687250,9505250,sur,1.8076,69,0,0
LJ500_R008_C053,8,53,687750,9505250,sur,24.88,69,0,0
LJ500_R008_C054,8,54,688250,9505250,sur,25.0,69,0,0
LJ500_R008_C055,8,55,688750,9505250,sur,25.0,69,0,0
LJ500_R008_C056,8,56,689250,9505250,sur,25.0,69,0,0
LJ500_R008_C057,8,57,689750,9505250,sur,25.0,69,0,0
LJ500_R008_C058,8,58,690250,9505250,sur,24.35,69,0,0
LJ500_R008_C059,8,59,690750,9505250,sur,12.46,69,0,0
LJ500_R008_C060,8,60,691250,9505250,sur,11.76,69,0,0
LJ500_R008_C061,8,61,691750,9505250,sur,17.88,69,0,0
LJ500_R008_C062,8,62,692250,9505250,sur,25.0,69,0,0
LJ500_R008_C063,8,63,692750,9505250,sur,25.0,69,0,0
LJ500_R008_C064,8,64,693250,9505250,sur,25.0,69,0,0
LJ500_R008_C065,8,65,693750,9505250,sur,25.0,69,0,0
LJ500_R008_C066,8,66,694250,9505250,sur,25.0,69,0,0
LJ500_R008_C067,8,67,694750,9505250,sur,25.0,69,0,0
LJ500_R008_C068,8,68,695250,9505250,sur,25.0,69,0,0
LJ500_R008_C069,8,69,695750,9505250,sur,25.0,69,0,0
LJ500_R008_C070,8,70,696250,9505250,sur,25.0,69,0,0
LJ500_R008_C071,8,71,696750,9505250,sur,25.0,69,0,0
LJ500_R008_C072,8,72,697250,9505250,sur,25.0,69,0,0
LJ500_R008_C073,8,73,697750,9505250,sur,25.0,69,0,0
LJ500_R008_C074,8,74,698250,9505250,sur,25.0,69,0,0
LJ500_R008_C075,8,75,698750,9505250,sur,25.0,69,0,0
LJ500_R008_C076,8,76,699250,9505250,sur,25.0,69,0,0
LJ500_R008_C077,8,77,699750,9505250,sur,25.0,69,0,0
LJ500_R008_C078,8,78,700250,9505250,sur,25.0,69,0,0
LJ500_R008_C079,8,79,700750,9505250,sur,19.39,69,0,0
LJ500_R008_C080,8,80,701250,9505250,sur,24.14,69,0,0
LJ500_R008_C081,8,81,701750,9505250,sur,25.0,69,0,0
LJ500_R008_C082,8,82,702250,9505250,sur,23.62,69,0,0
LJ500_R008_C083,8,83,702750,9505250,sur,13.29,69,0,0
LJ500_R008_C084,8,84,703250,9505250,sur,15.37,69,0,0
LJ500_R009_C053,9,53,687750,9505750,sur,17.96,69,0,0
LJ500_R009_C054,9,54,688250,9505750,sur,25.0,69,0,0
LJ500_R009_C055,9,55,688750,9505750,sur,25.0,69,0,0
LJ500_R009_C056,9,56,689250,9505750,sur,25.0,69,0,0
LJ500_R009_C057,9,57,689750,9505750,sur,25.0,69,0,0
LJ500_R009_C058,9,58,690250,9505750,sur,25.0,69,0,0
LJ500_R009_C059,9,59,690750,9505750,sur,25.0,69,0,0
LJ500_R009_C060,9,60,691250,9505750,sur,25.0,69,0,0
LJ500_R009_C061,9,61,691750,9505750,sur,25.0,69,0,0
LJ500_R009_C062,9,62,692250,9505750,sur,25.0,69,0,0
LJ500_R009_C063,9,63,692750,9505750,sur,25.0,69,0,0
LJ500_R009_C064,9,64,693250,9505750,sur,25.0,69,0,0
LJ500_R009_C065,9,65,693750,9505750,sur,25.0,69,0,0
LJ500_R009_C066,9,66,694250,9505750,sur,25.0,69,0,0
LJ500_R009_C067,9,67,694750,9505750,sur,25.0,69,0,0
LJ500_R009_C068,9,68,695250,9505750,sur,25.0,69,0,0
LJ500_R009_C069,9,69,695750,9505750,sur,25.0,69,0,0
LJ500_R009_C070,9,70,696250,9505750,sur,25.0,69,0,0
LJ500_R009_C071,9,71,696750,9505750,sur,25.0,69,0,0
LJ500_R009_C072,9,72,697250,9505750,sur,25.0,69,0,0
LJ500_R009_C073,9,73,697750,9505750,sur,25.0,69,0,0
LJ500_R009_C074,9,74,698250,9505750,sur,25.0,69,0,0
LJ500_R009_C075,9,75,698750,9505750,sur,25.0,69,0,0
LJ500_R009_C076,9,76,699250,9505750,sur,25.0,69,0,0
LJ500_R009_C077,9,77,699750,9505750,sur,25.0,69,0,0
LJ500_R009_C078,9,78,700250,9505750,sur,25.0,69,0,0
LJ500_R009_C079,9,79,700750,9505750,sur,25.0,69,0,0
LJ500_R009_C080,9,80,701250,9505750,sur,25.0,69,0,0
LJ500_R009_C081,9,81,701750,9505750,sur,25.0,69,0,0
LJ500_R009_C082,9,82,702250,9505750,sur,25.0,69,0,0
LJ500_R009_C083,9,83,702750,9505750,sur,25.0,69,0,0
LJ500_R009_C084,9,84,703250,9505750,sur,24.85,69,0,0
LJ500_R009_C085,9,85,703750,9505750,sur,4.2856,69,0,0
LJ500_R010_C053,10,53,687750,9506250,sur,0.9124,69,0,0
LJ500_R010_C054,10,54,688250,9506250,sur,16.94,69,0,0
LJ500_R010_C055,10,55,688750,9506250,sur,25.0,69,0,0
LJ500_R010_C056,10,56,689250,9506250,sur,25.0,69,0,0
LJ500_R010_C057,10,57,689750,9506250,sur,25.0,69,0,0
LJ500_R010_C058,10,58,690250,9506250,sur,25.0,69,0,0
LJ500_R010_C059,10,59,690750,9506250,sur,25.0,69,0,0
LJ500_R010_C060,10,60,691250,9506250,sur,25.0,69,0,0
LJ500_R010_C061,10,61,691750,9506250,sur,25.0,69,0,0
LJ500_R010_C062,10,62,692250,9506250,sur,25.0,69,0,0
LJ500_R010_C063,10,63,692750,9506250,sur,25.0,69,0,0
LJ500_R010_C064,10,64,693250,9506250,sur,25.0,69,0,0
LJ500_R010_C065,10,65,693750,9506250,sur,25.0,69,0,0
LJ500_R010_C066,10,66,694250,9506250,sur,25.0,69,0,0
LJ500_R010_C067,10,67,694750,9506250,sur,25.0,69,0,0
LJ500_R010_C068,10,68,695250,9506250,sur,25.0,69,0,0
LJ500_R010_C069,10,69,695750,9506250,sur,25.0,69,0,0
LJ500_R010_C070,10,70,696250,9506250,sur,25.0,69,0,0
LJ500_R010_C071,10,71,696750,9506250,sur,25.0,69,0,0
LJ500_R010_C072,10,72,697250,9506250,sur,25.0,69,0,0
LJ500_R010_C073,10,73,697750,9506250,sur,25.0,69,0,0
LJ500_R010_C074,10,74,698250,9506250,sur,25.0,69,0,0
LJ500_R010_C075,10,75,698750,9506250,sur,25.0,69,0,0
LJ500_R010_C076,10,76,699250,9506250,sur,25.0,69,0,0
LJ500_R010_C077,10,77,699750,9506250,sur,25.0,69,0,0
LJ500_R010_C078,10,78,700250,9506250,sur,25.0,69,0,0
LJ500_R010_C079,10,79,700750,9506250,sur,25.0,69,0,0
LJ500_R010_C080,10,80,701250,9506250,sur,25.0,69,0,0
LJ500_R010_C081,10,81,701750,9506250,sur,25.0,69,0,0
LJ500_R010_C082,10,82,702250,9506250,sur,25.0,69,0,0
LJ500_R010_C083,10,83,702750,9506250,sur,25.0,69,0,0
LJ500_R010_C084,10,84,703250,9506250,sur,25.0,69,0,0
LJ500_R010_C085,10,85,703750,9506250,sur,16.06,69,0,0
LJ500_R011_C052,11,52,687250,9506750,sur,9.0153,69,0,0
LJ500_R011_C053,11,53,687750,9506750,sur,16.16,69,0,0
LJ500_R011_C054,11,54,688250,9506750,sur,23.88,69,0,0
LJ500_R011_C055,11,55,688750,9506750,sur,25.0,69,0,0
LJ500_R011_C056,11,56,689250,9506750,sur,25.0,69,0,0
LJ500_R011_C057,11,57,689750,9506750,sur,25.0,69,0,0
LJ500_R011_C058,11,58,690250,9506750,sur,25.0,69,0,0
LJ500_R011_C059,11,59,690750,9506750,sur,25.0,69,0,0
LJ500_R011_C060,11,60,691250,9506750,sur,25.0,69,0,0
LJ500_R011_C061,11,61,691750,9506750,sur,25.0,69,0,0
LJ500_R011_C062,11,62,692250,9506750,sur,25.0,69,0,0
LJ500_R011_C063,11,63,692750,9506750,sur,25.0,69,0,0
LJ500_R011_C064,11,64,693250,9506750,sur,25.0,69,0,0
LJ500_R011_C065,11,65,693750,9506750,sur,25.0,69,0,0
LJ500_R011_C066,11,66,694250,9506750,sur,25.0,69,0,0
LJ500_R011_C067,11,67,694750,9506750,sur,25.0,69,0,0
LJ500_R011_C068,11,68,695250,9506750,sur,25.0,69,0,0
LJ500_R011_C069,11,69,695750,9506750,sur,25.0,69,0,0
LJ500_R011_C070,11,70,696250,9506750,sur,25.0,69,0,0
LJ500_R011_C071,11,71,696750,9506750,sur,25.0,69,0,0
LJ500_R011_C072,11,72,697250,9506750,sur,25.0,69,0,0
LJ500_R011_C073,11,73,697750,9506750,sur,25.0,69,0,0
LJ500_R011_C074,11,74,698250,9506750,sur,25.0,69,0,0
LJ500_R011_C075,11,75,698750,9506750,sur,25.0,69,0,0
LJ500_R011_C076,11,76,699250,9506750,sur,25.0,69,0,0
LJ500_R011_C077,11,77,699750,9506750,sur,25.0,69,0,0
LJ500_R011_C078,11,78,700250,9506750,sur,25.0,69,0,0
LJ500_R011_C079,11,79,700750,9506750,sur,25.0,69,0,0
LJ500_R011_C080,11,80,701250,9506750,sur,25.0,69,0,0
LJ500_R011_C081,11,81,701750,9506750,sur,25.0,69,0,0
LJ500_R011_C082,11,82,702250,9506750,sur,25.0,69,0,0
LJ500_R011_C083,11,83,702750,9506750,sur,25.0,69,0,0
LJ500_R011_C084,11,84,703250,9506750,sur,25.0,69,0,0
LJ500_R011_C085,11,85,703750,9506750,sur,24.92,69,0,0
LJ500_R011_C086,11,86,704250,9506750,sur,6.5397,69,0,0
LJ500_R012_C051,12,51,686750,9507250,sur,4.2848,69,0,0
LJ500_R012_C052,12,52,687250,9507250,sur,24.91,69,0,0
LJ500_R012_C053,12,53,687750,9507250,sur,25.0,69,0,0
LJ500_R012_C054,12,54,688250,9507250,sur,25.0,69,0,0
LJ500_R012_C055,12,55,688750,9507250,sur,25.0,69,0,0
LJ500_R012_C056,12,56,689250,9507250,sur,25.0,69,0,0
LJ500_R012_C057,12,57,689750,9507250,sur,25.0,69,0,0
LJ500_R012_C058,12,58,690250,9507250,sur,25.0,69,0,0
LJ500_R012_C059,12,59,690750,9507250,sur,25.0,69,0,0
LJ500_R012_C060,12,60,691250,9507250,sur,25.0,69,0,0
LJ500_R012_C061,12,61,691750,9507250,sur,25.0,69,0,0
LJ500_R012_C062,12,62,692250,9507250,sur,25.0,69,0,0
LJ500_R012_C063,12,63,692750,9507250,sur,25.0,69,0,0
LJ500_R012_C064,12,64,693250,9507250,sur,25.0,69,0,0
LJ500_R012_C065,12,65,693750,9507250,sur,25.0,69,0,0
LJ500_R012_C066,12,66,694250,9507250,sur,25.0,69,0,0
LJ500_R012_C067,12,67,694750,9507250,sur,25.0,69,0,0
LJ500_R012_C068,12,68,695250,9507250,sur,25.0,69,0,0
LJ500_R012_C069,12,69,695750,9507250,sur,25.0,69,0,0
LJ500_R012_C070,12,70,696250,9507250,sur,25.0,69,0,0
LJ500_R012_C071,12,71,696750,9507250,sur,25.0,69,0,0
LJ500_R012_C072,12,72,697250,9507250,sur,25.0,69,0,0
LJ500_R012_C073,12,73,697750,9507250,sur,25.0,69,0,0
LJ500_R012_C074,12,74,698250,9507250,sur,25.0,69,1,1
LJ500_R012_C075,12,75,698750,9507250,sur,25.0,69,1,1
LJ500_R012_C076,12,76,699250,9507250,sur,25.0,69,1,1
LJ500_R012_C077,12,77,699750,9507250,sur,25.0,69,0,0
LJ500_R012_C078,12,78,700250,9507250,sur,25.0,69,0,0
LJ500_R012_C079,12,79,700750,9507250,sur,25.0,69,0,0
LJ500_R012_C080,12,80,701250,9507250,sur,25.0,69,0,0
LJ500_R012_C081,12,81,701750,9507250,sur,25.0,69,0,0
LJ500_R012_C082,12,82,702250,9507250,sur,25.0,69,0,0
LJ500_R012_C083,12,83,702750,9507250,sur,25.0,69,0,0
LJ500_R012_C084,12,84,703250,9507250,sur,25.0,69,0,0
LJ500_R012_C085,12,85,703750,9507250,sur,25.0,69,0,0
LJ500_R012_C086,12,86,704250,9507250,sur,13.29,69,0,0
LJ500_R013_C051,13,51,686750,9507750,sur,0.3343,69,0,0
LJ500_R013_C052,13,52,687250,9507750,sur,7.593,69,0,0
LJ500_R013_C053,13,53,687750,9507750,sur,20.7,69,0,0
LJ500_R013_C054,13,54,688250,9507750,sur,25.0,69,0,0
LJ500_R013_C055,13,55,688750,9507750,sur,25.0,69,0,0
LJ500_R013_C056,13,56,689250,9507750,sur,25.0,69,0,0
LJ500_R013_C057,13,57,689750,9507750,sur,25.0,69,0,0
LJ500_R013_C058,13,58,690250,9507750,sur,25.0,69,0,0
LJ500_R013_C059,13,59,690750,9507750,sur,25.0,69,0,0
LJ500_R013_C060,13,60,691250,9507750,sur,25.0,69,0,0
LJ500_R013_C061,13,61,691750,9507750,sur,25.0,69,0,0
LJ500_R013_C062,13,62,692250,9507750,sur,25.0,69,0,0
LJ500_R013_C063,13,63,692750,9507750,sur,25.0,69,0,0
LJ500_R013_C064,13,64,693250,9507750,sur,25.0,69,0,0
LJ500_R013_C065,13,65,693750,9507750,sur,25.0,69,0,0
LJ500_R013_C066,13,66,694250,9507750,sur,25.0,69,0,0
LJ500_R013_C067,13,67,694750,9507750,sur,25.0,69,0,0
LJ500_R013_C068,13,68,695250,9507750,sur,25.0,69,0,0
LJ500_R013_C069,13,69,695750,9507750,sur,25.0,69,0,0
LJ500_R013_C070,13,70,696250,9507750,sur,25.0,69,0,0
LJ500_R013_C071,13,71,696750,9507750,sur,25.0,69,0,0
LJ500_R013_C072,13,72,697250,9507750,sur,25.0,69,1,1
LJ500_R013_C073,13,73,697750,9507750,sur,25.0,69,1,1
LJ500_R013_C074,13,74,698250,9507750,sur,25.0,69,2,2
LJ500_R013_C075,13,75,698750,9507750,sur,25.0,69,1,1
LJ500_R013_C076,13,76,699250,9507750,sur,25.0,69,1,1
LJ500_R013_C077,13,77,699750,9507750,sur,25.0,69,0,0
LJ500_R013_C078,13,78,700250,9507750,sur,25.0,69,0,0
LJ500_R013_C079,13,79,700750,9507750,sur,25.0,69,0,0
LJ500_R013_C080,13,80,701250,9507750,sur,25.0,69,0,0
LJ500_R013_C081,13,81,701750,9507750,sur,25.0,69,0,0
LJ500_R013_C082,13,82,702250,9507750,sur,25.0,69,0,0
LJ500_R013_C083,13,83,702750,9507750,sur,25.0,69,0,0
LJ500_R013_C084,13,84,703250,9507750,sur,25.0,69,0,0
LJ500_R013_C085,13,85,703750,9507750,sur,25.0,69,0,0
LJ500_R013_C086,13,86,704250,9507750,sur,24.3,69,0,0
LJ500_R013_C087,13,87,704750,9507750,sur,11.96,69,0,0
LJ500_R013_C088,13,88,705250,9507750,sur,2.4547,69,0,0
LJ500_R014_C053,14,53,687750,9508250,sur,15.05,69,0,0
LJ500_R014_C054,14,54,688250,9508250,sur,25.0,69,0,0
LJ500_R014_C055,14,55,688750,9508250,sur,25.0,69,0,0
LJ500_R014_C056,14,56,689250,9508250,sur,25.0,69,0,0
LJ500_R014_C057,14,57,689750,9508250,sur,25.0,69,0,0
LJ500_R014_C058,14,58,690250,9508250,sur,25.0,69,0,0
LJ500_R014_C059,14,59,690750,9508250,sur,25.0,69,0,0
LJ500_R014_C060,14,60,691250,9508250,sur,25.0,69,0,0
LJ500_R014_C061,14,61,691750,9508250,sur,25.0,69,0,0
LJ500_R014_C062,14,62,692250,9508250,sur,25.0,69,0,0
LJ500_R014_C063,14,63,692750,9508250,sur,25.0,69,0,0
LJ500_R014_C064,14,64,693250,9508250,sur,25.0,69,0,0
LJ500_R014_C065,14,65,693750,9508250,sur,25.0,69,0,0
LJ500_R014_C066,14,66,694250,9508250,sur,25.0,69,0,0
LJ500_R014_C067,14,67,694750,9508250,sur,25.0,69,0,0
LJ500_R014_C068,14,68,695250,9508250,sur,25.0,69,0,0
LJ500_R014_C069,14,69,695750,9508250,sur,25.0,69,0,0
LJ500_R014_C070,14,70,696250,9508250,sur,25.0,69,0,0
LJ500_R014_C071,14,71,696750,9508250,sur,25.0,69,0,0
LJ500_R014_C072,14,72,697250,9508250,sur,25.0,69,1,1
LJ500_R014_C073,14,73,697750,9508250,sur,25.0,69,1,1
LJ500_R014_C074,14,74,698250,9508250,sur,25.0,69,2,2
LJ500_R014_C075,14,75,698750,9508250,sur,25.0,69,1,1
LJ500_R014_C076,14,76,699250,9508250,sur,25.0,69,1,1
LJ500_R014_C077,14,77,699750,9508250,sur,25.0,69,0,0
LJ500_R014_C078,14,78,700250,9508250,sur,25.0,69,0,0
LJ500_R014_C079,14,79,700750,9508250,sur,25.0,69,0,0
LJ500_R014_C080,14,80,701250,9508250,sur,25.0,69,0,0
LJ500_R014_C081,14,81,701750,9508250,sur,25.0,69,0,0
LJ500_R014_C082,14,82,702250,9508250,sur,25.0,69,0,0
LJ500_R014_C083,14,83,702750,9508250,sur,25.0,69,0,0
LJ500_R014_C084,14,84,703250,9508250,sur,25.0,69,0,0
LJ500_R014_C085,14,85,703750,9508250,sur,25.0,69,0,0
LJ500_R014_C086,14,86,704250,9508250,sur,25.0,69,0,0
LJ500_R014_C087,14,87,704750,9508250,sur,25.0,69,0,0
LJ500_R014_C088,14,88,705250,9508250,sur,24.75,69,0,0
LJ500_R014_C089,14,89,705750,9508250,sur,10.73,69,0,0
LJ500_R015_C053,15,53,687750,9508750,sur,20.74,69,0,0
LJ500_R015_C054,15,54,688250,9508750,sur,25.0,69,0,0
LJ500_R015_C055,15,55,688750,9508750,sur,25.0,69,0,0
LJ500_R015_C056,15,56,689250,9508750,sur,25.0,69,0,0
LJ500_R015_C057,15,57,689750,9508750,sur,25.0,69,0,0
LJ500_R015_C058,15,58,690250,9508750,sur,25.0,69,0,0
LJ500_R015_C059,15,59,690750,9508750,sur,25.0,69,0,0
LJ500_R015_C060,15,60,691250,9508750,sur,25.0,69,0,0
LJ500_R015_C061,15,61,691750,9508750,sur,25.0,69,0,0
LJ500_R015_C062,15,62,692250,9508750,sur,25.0,69,0,0
LJ500_R015_C063,15,63,692750,9508750,sur,25.0,69,0,0
LJ500_R015_C064,15,64,693250,9508750,sur,25.0,69,0,0
LJ500_R015_C065,15,65,693750,9508750,sur,25.0,69,0,0
LJ500_R015_C066,15,66,694250,9508750,sur,25.0,69,0,0
LJ500_R015_C067,15,67,694750,9508750,sur,25.0,69,0,0
LJ500_R015_C068,15,68,695250,9508750,sur,25.0,69,0,0
LJ500_R015_C069,15,69,695750,9508750,sur,25.0,69,0,0
LJ500_R015_C070,15,70,696250,9508750,sur,25.0,69,0,0
LJ500_R015_C071,15,71,696750,9508750,sur,25.0,69,0,0
LJ500_R015_C072,15,72,697250,9508750,sur,25.0,69,2,2
LJ500_R015_C073,15,73,697750,9508750,sur,25.0,69,2,2
LJ500_R015_C074,15,74,698250,9508750,sur,25.0,69,4,4
LJ500_R015_C075,15,75,698750,9508750,sur,25.0,69,3,3
LJ500_R015_C076,15,76,699250,9508750,sur,25.0,69,3,3
LJ500_R015_C077,15,77,699750,9508750,sur,25.0,69,1,1
LJ500_R015_C078,15,78,700250,9508750,sur,25.0,69,1,1
LJ500_R015_C079,15,79,700750,9508750,sur,25.0,69,0,0
LJ500_R015_C080,15,80,701250,9508750,sur,25.0,69,0,0
LJ500_R015_C081,15,81,701750,9508750,sur,25.0,69,0,0
LJ500_R015_C082,15,82,702250,9508750,sur,25.0,69,0,0
LJ500_R015_C083,15,83,702750,9508750,sur,25.0,69,0,0
LJ500_R015_C084,15,84,703250,9508750,sur,25.0,69,0,0
LJ500_R015_C085,15,85,703750,9508750,sur,25.0,69,0,0
LJ500_R015_C086,15,86,704250,9508750,sur,25.0,69,0,0
LJ500_R015_C087,15,87,704750,9508750,sur,25.0,69,0,0
LJ500_R015_C088,15,88,705250,9508750,sur,25.0,69,0,0
LJ500_R015_C089,15,89,705750,9508750,sur,15.64,69,0,0
LJ500_R016_C052,16,52,687250,9509250,sur,1.8016,69,0,0
LJ500_R016_C053,16,53,687750,9509250,sur,24.72,69,0,0
LJ500_R016_C054,16,54,688250,9509250,sur,25.0,69,0,0
LJ500_R016_C055,16,55,688750,9509250,sur,25.0,69,0,0
LJ500_R016_C056,16,56,689250,9509250,sur,25.0,69,0,0
LJ500_R016_C057,16,57,689750,9509250,sur,25.0,69,0,0
LJ500_R016_C058,16,58,690250,9509250,sur,25.0,69,0,0
LJ500_R016_C059,16,59,690750,9509250,sur,25.0,69,0,0
LJ500_R016_C060,16,60,691250,9509250,sur,25.0,69,0,0
LJ500_R016_C061,16,61,691750,9509250,sur,25.0,69,0,0
LJ500_R016_C062,16,62,692250,9509250,sur,25.0,69,0,0
LJ500_R016_C063,16,63,692750,9509250,sur,25.0,69,0,0
LJ500_R016_C064,16,64,693250,9509250,sur,25.0,69,0,0
LJ500_R016_C065,16,65,693750,9509250,sur,25.0,69,0,0
LJ500_R016_C066,16,66,694250,9509250,sur,25.0,69,0,0
LJ500_R016_C067,16,67,694750,9509250,sur,25.0,69,0,0
LJ500_R016_C068,16,68,695250,9509250,sur,25.0,69,0,0
LJ500_R016_C069,16,69,695750,9509250,sur,25.0,69,0,0
LJ500_R016_C070,16,70,696250,9509250,sur,25.0,69,0,0
LJ500_R016_C071,16,71,696750,9509250,sur,25.0,69,0,0
LJ500_R016_C072,16,72,697250,9509250,sur,25.0,69,1,1
LJ500_R016_C073,16,73,697750,9509250,sur,25.0,69,1,1
LJ500_R016_C074,16,74,698250,9509250,sur,25.0,69,2,2
LJ500_R016_C075,16,75,698750,9509250,sur,25.0,69,2,2
LJ500_R016_C076,16,76,699250,9509250,sur,25.0,69,2,2
LJ500_R016_C077,16,77,699750,9509250,sur,25.0,69,1,1
LJ500_R016_C078,16,78,700250,9509250,sur,25.0,69,1,1
LJ500_R016_C079,16,79,700750,9509250,sur,25.0,69,0,0
LJ500_R016_C080,16,80,701250,9509250,sur,25.0,69,0,0
LJ500_R016_C081,16,81,701750,9509250,sur,25.0,69,0,0
LJ500_R016_C082,16,82,702250,9509250,sur,25.0,69,0,0
LJ500_R016_C083,16,83,702750,9509250,sur,25.0,69,0,0
LJ500_R016_C084,16,84,703250,9509250,sur,25.0,69,0,0
LJ500_R016_C085,16,85,703750,9509250,sur,25.0,69,0,0
LJ500_R016_C086,16,86,704250,9509250,sur,25.0,69,0,0
LJ500_R016_C087,16,87,704750,9509250,sur,25.0,69,0,0
LJ500_R016_C088,16,88,705250,9509250,sur,25.0,69,0,0
LJ500_R016_C089,16,89,705750,9509250,sur,20.95,69,0,0
LJ500_R016_C090,16,90,706250,9509250,sur,0.0933,0,0,0
LJ500_R017_C052,17,52,687250,9509750,sur,3.8842,69,0,0
LJ500_R017_C053,17,53,687750,9509750,sur,25.0,69,0,0
LJ500_R017_C054,17,54,688250,9509750,sur,25.0,69,0,0
LJ500_R017_C055,17,55,688750,9509750,sur,25.0,69,0,0
LJ500_R017_C056,17,56,689250,9509750,sur,25.0,69,0,0
LJ500_R017_C057,17,57,689750,9509750,sur,25.0,69,0,0
LJ500_R017_C058,17,58,690250,9509750,sur,25.0,69,1,1
LJ500_R017_C059,17,59,690750,9509750,sur,25.0,69,1,1
LJ500_R017_C060,17,60,691250,9509750,sur,25.0,69,2,2
LJ500_R017_C061,17,61,691750,9509750,sur,25.0,69,2,2
LJ500_R017_C062,17,62,692250,9509750,sur,25.0,69,0,0
LJ500_R017_C063,17,63,692750,9509750,sur,25.0,69,0,0
LJ500_R017_C064,17,64,693250,9509750,sur,25.0,69,0,0
LJ500_R017_C065,17,65,693750,9509750,sur,25.0,69,0,0
LJ500_R017_C066,17,66,694250,9509750,sur,25.0,69,0,0
LJ500_R017_C067,17,67,694750,9509750,sur,25.0,69,0,0
LJ500_R017_C068,17,68,695250,9509750,sur,25.0,69,0,0
LJ500_R017_C069,17,69,695750,9509750,sur,25.0,69,1,1
LJ500_R017_C070,17,70,696250,9509750,sur,25.0,69,1,1
LJ500_R017_C071,17,71,696750,9509750,sur,25.0,69,1,1
LJ500_R017_C072,17,72,697250,9509750,sur,25.0,69,3,3
LJ500_R017_C073,17,73,697750,9509750,sur,25.0,69,2,2
LJ500_R017_C074,17,74,698250,9509750,sur,25.0,69,2,2
LJ500_R017_C075,17,75,698750,9509750,sur,25.0,69,2,2
LJ500_R017_C076,17,76,699250,9509750,sur,25.0,69,2,2
LJ500_R017_C077,17,77,699750,9509750,sur,25.0,69,2,2
LJ500_R017_C078,17,78,700250,9509750,sur,25.0,69,3,3
LJ500_R017_C079,17,79,700750,9509750,sur,25.0,69,1,1
LJ500_R017_C080,17,80,701250,9509750,sur,25.0,69,1,1
LJ500_R017_C081,17,81,701750,9509750,sur,25.0,69,0,0
LJ500_R017_C082,17,82,702250,9509750,sur,25.0,69,0,0
LJ500_R017_C083,17,83,702750,9509750,sur,25.0,69,0,0
LJ500_R017_C084,17,84,703250,9509750,sur,25.0,69,0,0
LJ500_R017_C085,17,85,703750,9509750,sur,25.0,69,0,0
LJ500_R017_C086,17,86,704250,9509750,sur,25.0,69,0,0
LJ500_R017_C087,17,87,704750,9509750,sur,25.0,69,0,0
LJ500_R017_C088,17,88,705250,9509750,sur,25.0,69,0,0
LJ500_R017_C089,17,89,705750,9509750,sur,25.0,69,0,0
LJ500_R017_C090,17,90,706250,9509750,sur,12.82,69,0,0
LJ500_R017_C091,17,91,706750,9509750,sur,1.1941,0,0,0
LJ500_R018_C052,18,52,687250,9510250,sur,5.0465,69,0,0
LJ500_R018_C053,18,53,687750,9510250,sur,25.0,69,0,0
LJ500_R018_C054,18,54,688250,9510250,sur,25.0,69,0,0
LJ500_R018_C055,18,55,688750,9510250,sur,25.0,69,0,0
LJ500_R018_C056,18,56,689250,9510250,sur,25.0,69,0,0
LJ500_R018_C057,18,57,689750,9510250,sur,25.0,69,0,0
LJ500_R018_C058,18,58,690250,9510250,sur,25.0,69,1,1
LJ500_R018_C059,18,59,690750,9510250,sur,25.0,69,1,1
LJ500_R018_C060,18,60,691250,9510250,sur,25.0,69,2,2
LJ500_R018_C061,18,61,691750,9510250,sur,25.0,69,2,2
LJ500_R018_C062,18,62,692250,9510250,sur,25.0,69,0,0
LJ500_R018_C063,18,63,692750,9510250,sur,25.0,69,0,0
LJ500_R018_C064,18,64,693250,9510250,sur,25.0,69,0,0
LJ500_R018_C065,18,65,693750,9510250,sur,25.0,69,0,0
LJ500_R018_C066,18,66,694250,9510250,sur,25.0,69,0,0
LJ500_R018_C067,18,67,694750,9510250,sur,25.0,69,0,0
LJ500_R018_C068,18,68,695250,9510250,sur,25.0,69,0,0
LJ500_R018_C069,18,69,695750,9510250,sur,25.0,69,1,1
LJ500_R018_C070,18,70,696250,9510250,sur,25.0,69,1,1
LJ500_R018_C071,18,71,696750,9510250,sur,25.0,69,1,1
LJ500_R018_C072,18,72,697250,9510250,sur,25.0,69,1,1
LJ500_R018_C073,18,73,697750,9510250,sur,25.0,69,3,3
LJ500_R018_C074,18,74,698250,9510250,sur,25.0,69,2,2
LJ500_R018_C075,18,75,698750,9510250,sur,25.0,69,2,2
LJ500_R018_C076,18,76,699250,9510250,sur,25.0,69,2,2
LJ500_R018_C077,18,77,699750,9510250,sur,25.0,69,1,1
LJ500_R018_C078,18,78,700250,9510250,sur,25.0,69,2,2
LJ500_R018_C079,18,79,700750,9510250,sur,25.0,69,1,1
LJ500_R018_C080,18,80,701250,9510250,sur,25.0,69,1,1
LJ500_R018_C081,18,81,701750,9510250,sur,25.0,69,0,0
LJ500_R018_C082,18,82,702250,9510250,sur,25.0,69,0,0
LJ500_R018_C083,18,83,702750,9510250,sur,25.0,69,0,0
LJ500_R018_C084,18,84,703250,9510250,sur,25.0,69,0,0
LJ500_R018_C085,18,85,703750,9510250,sur,25.0,69,0,0
LJ500_R018_C086,18,86,704250,9510250,sur,25.0,69,0,0
LJ500_R018_C087,18,87,704750,9510250,sur,25.0,69,0,0
LJ500_R018_C088,18,88,705250,9510250,sur,25.0,69,0,0
LJ500_R018_C089,18,89,705750,9510250,sur,25.0,69,0,0
LJ500_R018_C090,18,90,706250,9510250,sur,25.0,69,0,0
LJ500_R018_C091,18,91,706750,9510250,sur,24.46,69,0,0
LJ500_R018_C092,18,92,707250,9510250,sur,16.65,69,0,0
LJ500_R018_C093,18,93,707750,9510250,sur,6.3047,69,0,0
LJ500_R018_C094,18,94,708250,9510250,sur,3.4159,69,0,0
LJ500_R018_C095,18,95,708750,9510250,sur,0.0984,0,0,0
LJ500_R019_C052,19,52,687250,9510750,sur,8.715,69,0,0
LJ500_R019_C053,19,53,687750,9510750,sur,25.0,69,0,0
LJ500_R019_C054,19,54,688250,9510750,sur,25.0,69,0,0
LJ500_R019_C055,19,55,688750,9510750,sur,25.0,69,0,0
LJ500_R019_C056,19,56,689250,9510750,sur,25.0,69,0,0
LJ500_R019_C057,19,57,689750,9510750,sur,25.0,69,0,0
LJ500_R019_C058,19,58,690250,9510750,sur,25.0,69,1,1
LJ500_R019_C059,19,59,690750,9510750,sur,25.0,69,1,1
LJ500_R019_C060,19,60,691250,9510750,sur,25.0,69,2,2
LJ500_R019_C061,19,61,691750,9510750,sur,25.0,69,2,2
LJ500_R019_C062,19,62,692250,9510750,sur,25.0,69,0,0
LJ500_R019_C063,19,63,692750,9510750,sur,25.0,69,0,0
LJ500_R019_C064,19,64,693250,9510750,sur,25.0,69,0,0
LJ500_R019_C065,19,65,693750,9510750,sur,25.0,69,0,0
LJ500_R019_C066,19,66,694250,9510750,sur,25.0,69,0,0
LJ500_R019_C067,19,67,694750,9510750,sur,25.0,69,0,0
LJ500_R019_C068,19,68,695250,9510750,sur,25.0,69,0,0
LJ500_R019_C069,19,69,695750,9510750,sur,25.0,69,1,1
LJ500_R019_C070,19,70,696250,9510750,sur,25.0,69,1,1
LJ500_R019_C071,19,71,696750,9510750,sur,25.0,69,1,1
LJ500_R019_C072,19,72,697250,9510750,sur,25.0,69,1,1
LJ500_R019_C073,19,73,697750,9510750,sur,25.0,69,4,4
LJ500_R019_C074,19,74,698250,9510750,sur,25.0,69,3,3
LJ500_R019_C075,19,75,698750,9510750,sur,25.0,69,3,3
LJ500_R019_C076,19,76,699250,9510750,sur,25.0,69,3,3
LJ500_R019_C077,19,77,699750,9510750,sur,25.0,69,2,2
LJ500_R019_C078,19,78,700250,9510750,sur,25.0,69,3,3
LJ500_R019_C079,19,79,700750,9510750,sur,25.0,69,1,1
LJ500_R019_C080,19,80,701250,9510750,sur,25.0,69,1,1
LJ500_R019_C081,19,81,701750,9510750,sur,25.0,69,0,0
LJ500_R019_C082,19,82,702250,9510750,sur,25.0,69,0,0
LJ500_R019_C083,19,83,702750,9510750,sur,25.0,69,0,0
LJ500_R019_C084,19,84,703250,9510750,sur,25.0,69,0,0
LJ500_R019_C085,19,85,703750,9510750,sur,25.0,69,0,0
LJ500_R019_C086,19,86,704250,9510750,sur,25.0,69,0,0
LJ500_R019_C087,19,87,704750,9510750,sur,25.0,69,0,0
LJ500_R019_C088,19,88,705250,9510750,sur,25.0,69,0,0
LJ500_R019_C089,19,89,705750,9510750,sur,25.0,69,0,0
LJ500_R019_C090,19,90,706250,9510750,sur,25.0,69,0,0
LJ500_R019_C091,19,91,706750,9510750,sur,25.0,69,0,0
LJ500_R019_C092,19,92,707250,9510750,sur,25.0,69,0,0
LJ500_R019_C093,19,93,707750,9510750,sur,25.0,69,0,0
LJ500_R019_C094,19,94,708250,9510750,sur,25.0,69,0,0
LJ500_R019_C095,19,95,708750,9510750,sur,13.72,69,0,0
LJ500_R020_C052,20,52,687250,9511250,sur,20.79,69,0,0
LJ500_R020_C053,20,53,687750,9511250,sur,25.0,69,0,0
LJ500_R020_C054,20,54,688250,9511250,sur,25.0,69,0,0
LJ500_R020_C055,20,55,688750,9511250,sur,25.0,69,0,0
LJ500_R020_C056,20,56,689250,9511250,sur,25.0,69,0,0
LJ500_R020_C057,20,57,689750,9511250,sur,25.0,69,0,0
LJ500_R020_C058,20,58,690250,9511250,sur,25.0,69,0,0
LJ500_R020_C059,20,59,690750,9511250,sur,25.0,69,0,0
LJ500_R020_C060,20,60,691250,9511250,sur,25.0,69,0,0
LJ500_R020_C061,20,61,691750,9511250,sur,25.0,69,0,0
LJ500_R020_C062,20,62,692250,9511250,sur,25.0,69,0,0
LJ500_R020_C063,20,63,692750,9511250,sur,25.0,69,0,0
LJ500_R020_C064,20,64,693250,9511250,sur,25.0,69,0,0
LJ500_R020_C065,20,65,693750,9511250,sur,25.0,69,0,0
LJ500_R020_C066,20,66,694250,9511250,sur,25.0,69,0,0
LJ500_R020_C067,20,67,694750,9511250,sur,25.0,69,0,0
LJ500_R020_C068,20,68,695250,9511250,sur,25.0,69,0,0
LJ500_R020_C069,20,69,695750,9511250,sur,25.0,69,1,1
LJ500_R020_C070,20,70,696250,9511250,sur,25.0,69,1,1
LJ500_R020_C071,20,71,696750,9511250,sur,25.0,69,1,1
LJ500_R020_C072,20,72,697250,9511250,sur,25.0,69,1,1
LJ500_R020_C073,20,73,697750,9511250,sur,25.0,69,3,3
LJ500_R020_C074,20,74,698250,9511250,sur,25.0,69,2,2
LJ500_R020_C075,20,75,698750,9511250,sur,25.0,69,3,3
LJ500_R020_C076,20,76,699250,9511250,sur,25.0,69,3,3
LJ500_R020_C077,20,77,699750,9511250,sur,25.0,69,2,2
LJ500_R020_C078,20,78,700250,9511250,sur,25.0,69,2,2
LJ500_R020_C079,20,79,700750,9511250,sur,25.0,69,0,0
LJ500_R020_C080,20,80,701250,9511250,sur,25.0,69,0,0
LJ500_R020_C081,20,81,701750,9511250,sur,25.0,69,0,0
LJ500_R020_C082,20,82,702250,9511250,sur,25.0,69,0,0
LJ500_R020_C083,20,83,702750,9511250,sur,25.0,69,0,0
LJ500_R020_C084,20,84,703250,9511250,sur,25.0,69,0,0
LJ500_R020_C085,20,85,703750,9511250,sur,25.0,69,0,0
LJ500_R020_C086,20,86,704250,9511250,sur,25.0,69,0,0
LJ500_R020_C087,20,87,704750,9511250,sur,25.0,69,0,0
LJ500_R020_C088,20,88,705250,9511250,sur,25.0,69,0,0
LJ500_R020_C089,20,89,705750,9511250,sur,25.0,69,0,0
LJ500_R020_C090,20,90,706250,9511250,sur,25.0,69,0,0
LJ500_R020_C091,20,91,706750,9511250,sur,25.0,69,0,0
LJ500_R020_C092,20,92,707250,9511250,sur,25.0,69,0,0
LJ500_R020_C093,20,93,707750,9511250,sur,25.0,69,0,0
LJ500_R020_C094,20,94,708250,9511250,sur,25.0,69,0,0
LJ500_R020_C095,20,95,708750,9511250,sur,24.0,69,0,0
LJ500_R020_C096,20,96,709250,9511250,sur,0.5323,69,0,0
LJ500_R021_C052,21,52,687250,9511750,sur,21.52,69,1,1
LJ500_R021_C053,21,53,687750,9511750,sur,25.0,69,1,1
LJ500_R021_C054,21,54,688250,9511750,sur,25.0,69,1,1
LJ500_R021_C055,21,55,688750,9511750,sur,25.0,69,1,1
LJ500_R021_C056,21,56,689250,9511750,sur,25.0,69,1,1
LJ500_R021_C057,21,57,689750,9511750,sur,25.0,69,1,1
LJ500_R021_C058,21,58,690250,9511750,sur,25.0,69,2,2
LJ500_R021_C059,21,59,690750,9511750,sur,25.0,69,1,1
LJ500_R021_C060,21,60,691250,9511750,sur,25.0,69,2,2
LJ500_R021_C061,21,61,691750,9511750,sur,25.0,69,1,1
LJ500_R021_C062,21,62,692250,9511750,sur,25.0,69,1,1
LJ500_R021_C063,21,63,692750,9511750,sur,25.0,69,0,0
LJ500_R021_C064,21,64,693250,9511750,sur,25.0,69,0,0
LJ500_R021_C065,21,65,693750,9511750,sur,25.0,69,0,0
LJ500_R021_C066,21,66,694250,9511750,sur,25.0,69,0,0
LJ500_R021_C067,21,67,694750,9511750,sur,25.0,69,0,0
LJ500_R021_C068,21,68,695250,9511750,sur,25.0,69,0,0
LJ500_R021_C069,21,69,695750,9511750,sur,25.0,69,1,1
LJ500_R021_C070,21,70,696250,9511750,sur,25.0,69,1,1
LJ500_R021_C071,21,71,696750,9511750,sur,25.0,69,1,1
LJ500_R021_C072,21,72,697250,9511750,sur,25.0,69,1,1
LJ500_R021_C073,21,73,697750,9511750,sur,25.0,69,3,3
LJ500_R021_C074,21,74,698250,9511750,sur,25.0,69,2,2
LJ500_R021_C075,21,75,698750,9511750,sur,25.0,69,4,4
LJ500_R021_C076,21,76,699250,9511750,sur,25.0,69,4,4
LJ500_R021_C077,21,77,699750,9511750,sur,25.0,69,3,3
LJ500_R021_C078,21,78,700250,9511750,sur,25.0,69,2,2
LJ500_R021_C079,21,79,700750,9511750,sur,25.0,69,0,0
LJ500_R021_C080,21,80,701250,9511750,sur,25.0,69,0,0
LJ500_R021_C081,21,81,701750,9511750,sur,25.0,69,0,0
LJ500_R021_C082,21,82,702250,9511750,sur,25.0,69,0,0
LJ500_R021_C083,21,83,702750,9511750,sur,25.0,69,0,0
LJ500_R021_C084,21,84,703250,9511750,sur,25.0,69,0,0
LJ500_R021_C085,21,85,703750,9511750,sur,25.0,69,0,0
LJ500_R021_C086,21,86,704250,9511750,sur,25.0,69,0,0
LJ500_R021_C087,21,87,704750,9511750,sur,25.0,69,0,0
LJ500_R021_C088,21,88,705250,9511750,sur,25.0,69,0,0
LJ500_R021_C089,21,89,705750,9511750,sur,25.0,69,0,0
LJ500_R021_C090,21,90,706250,9511750,sur,25.0,69,0,0
LJ500_R021_C091,21,91,706750,9511750,sur,25.0,69,0,0
LJ500_R021_C092,21,92,707250,9511750,sur,25.0,69,0,0
LJ500_R021_C093,21,93,707750,9511750,sur,25.0,69,0,0
LJ500_R021_C094,21,94,708250,9511750,sur,25.0,69,0,0
LJ500_R021_C095,21,95,708750,9511750,sur,24.84,69,0,0
LJ500_R021_C096,21,96,709250,9511750,sur,0.708,69,0,0
LJ500_R022_C051,22,51,686750,9512250,sur,2.2837,69,0,0
LJ500_R022_C052,22,52,687250,9512250,sur,24.89,69,0,0
LJ500_R022_C053,22,53,687750,9512250,sur,25.0,69,1,1
LJ500_R022_C054,22,54,688250,9512250,sur,25.0,69,1,1
LJ500_R022_C055,22,55,688750,9512250,sur,25.0,69,1,1
LJ500_R022_C056,22,56,689250,9512250,sur,25.0,69,1,1
LJ500_R022_C057,22,57,689750,9512250,sur,25.0,69,1,1
LJ500_R022_C058,22,58,690250,9512250,sur,25.0,69,2,2
LJ500_R022_C059,22,59,690750,9512250,sur,25.0,69,1,1
LJ500_R022_C060,22,60,691250,9512250,sur,25.0,69,2,2
LJ500_R022_C061,22,61,691750,9512250,sur,25.0,69,1,1
LJ500_R022_C062,22,62,692250,9512250,sur,25.0,69,1,1
LJ500_R022_C063,22,63,692750,9512250,sur,25.0,69,0,0
LJ500_R022_C064,22,64,693250,9512250,sur,25.0,69,0,0
LJ500_R022_C065,22,65,693750,9512250,sur,25.0,69,0,0
LJ500_R022_C066,22,66,694250,9512250,sur,25.0,69,0,0
LJ500_R022_C067,22,67,694750,9512250,sur,25.0,69,0,0
LJ500_R022_C068,22,68,695250,9512250,sur,25.0,69,0,0
LJ500_R022_C069,22,69,695750,9512250,sur,25.0,69,1,1
LJ500_R022_C070,22,70,696250,9512250,sur,25.0,69,1,1
LJ500_R022_C071,22,71,696750,9512250,sur,25.0,69,1,1
LJ500_R022_C072,22,72,697250,9512250,sur,25.0,69,1,1
LJ500_R022_C073,22,73,697750,9512250,sur,25.0,69,2,2
LJ500_R022_C074,22,74,698250,9512250,sur,25.0,69,1,1
LJ500_R022_C075,22,75,698750,9512250,sur,25.0,69,2,2
LJ500_R022_C076,22,76,699250,9512250,sur,25.0,69,2,2
LJ500_R022_C077,22,77,699750,9512250,sur,25.0,69,2,2
LJ500_R022_C078,22,78,700250,9512250,sur,25.0,69,1,1
LJ500_R022_C079,22,79,700750,9512250,sur,25.0,69,1,1
LJ500_R022_C080,22,80,701250,9512250,sur,25.0,69,0,0
LJ500_R022_C081,22,81,701750,9512250,sur,25.0,69,0,0
LJ500_R022_C082,22,82,702250,9512250,sur,25.0,69,0,0
LJ500_R022_C083,22,83,702750,9512250,sur,25.0,69,0,0
LJ500_R022_C084,22,84,703250,9512250,sur,25.0,69,0,0
LJ500_R022_C085,22,85,703750,9512250,sur,25.0,69,0,0
LJ500_R022_C086,22,86,704250,9512250,sur,25.0,69,0,0
LJ500_R022_C087,22,87,704750,9512250,sur,25.0,69,0,0
LJ500_R022_C088,22,88,705250,9512250,sur,25.0,69,0,0
LJ500_R022_C089,22,89,705750,9512250,sur,25.0,69,0,0
LJ500_R022_C090,22,90,706250,9512250,sur,25.0,69,0,0
LJ500_R022_C091,22,91,706750,9512250,sur,25.0,69,0,0
LJ500_R022_C092,22,92,707250,9512250,sur,25.0,69,0,0
LJ500_R022_C093,22,93,707750,9512250,sur,25.0,69,0,0
LJ500_R022_C094,22,94,708250,9512250,sur,25.0,69,0,0
LJ500_R022_C095,22,95,708750,9512250,sur,25.0,69,0,0
LJ500_R022_C096,22,96,709250,9512250,sur,12.85,69,0,0
LJ500_R023_C051,23,51,686750,9512750,sur,9.8042,69,0,0
LJ500_R023_C052,23,52,687250,9512750,sur,25.0,69,0,0
LJ500_R023_C053,23,53,687750,9512750,sur,25.0,69,0,0
LJ500_R023_C054,23,54,688250,9512750,sur,25.0,69,0,0
LJ500_R023_C055,23,55,688750,9512750,sur,25.0,69,0,0
LJ500_R023_C056,23,56,689250,9512750,sur,25.0,69,1,1
LJ500_R023_C057,23,57,689750,9512750,sur,25.0,69,1,1
LJ500_R023_C058,23,58,690250,9512750,sur,25.0,69,1,1
LJ500_R023_C059,23,59,690750,9512750,sur,25.0,69,1,1
LJ500_R023_C060,23,60,691250,9512750,sur,25.0,69,1,1
LJ500_R023_C061,23,61,691750,9512750,sur,25.0,69,1,1
LJ500_R023_C062,23,62,692250,9512750,sur,25.0,69,1,1
LJ500_R023_C063,23,63,692750,9512750,sur,25.0,69,0,0
LJ500_R023_C064,23,64,693250,9512750,sur,25.0,69,1,1
LJ500_R023_C065,23,65,693750,9512750,sur,25.0,69,1,1
LJ500_R023_C066,23,66,694250,9512750,sur,25.0,69,1,1
LJ500_R023_C067,23,67,694750,9512750,sur,25.0,69,0,0
LJ500_R023_C068,23,68,695250,9512750,sur,25.0,69,1,1
LJ500_R023_C069,23,69,695750,9512750,sur,25.0,69,1,1
LJ500_R023_C070,23,70,696250,9512750,sur,25.0,69,0,0
LJ500_R023_C071,23,71,696750,9512750,sur,25.0,69,1,1
LJ500_R023_C072,23,72,697250,9512750,sur,25.0,69,1,1
LJ500_R023_C073,23,73,697750,9512750,sur,25.0,69,1,1
LJ500_R023_C074,23,74,698250,9512750,sur,25.0,69,1,1
LJ500_R023_C075,23,75,698750,9512750,sur,25.0,69,1,1
LJ500_R023_C076,23,76,699250,9512750,sur,25.0,69,0,0
LJ500_R023_C077,23,77,699750,9512750,sur,25.0,69,0,0
LJ500_R023_C078,23,78,700250,9512750,sur,25.0,69,0,0
LJ500_R023_C079,23,79,700750,9512750,sur,25.0,69,1,0
LJ500_R023_C080,23,80,701250,9512750,sur,25.0,69,1,0
LJ500_R023_C081,23,81,701750,9512750,sur,25.0,69,1,0
LJ500_R023_C082,23,82,702250,9512750,sur,25.0,69,0,0
LJ500_R023_C083,23,83,702750,9512750,sur,25.0,69,0,0
LJ500_R023_C084,23,84,703250,9512750,sur,25.0,69,0,0
LJ500_R023_C085,23,85,703750,9512750,sur,25.0,69,0,0
LJ500_R023_C086,23,86,704250,9512750,sur,25.0,69,0,0
LJ500_R023_C087,23,87,704750,9512750,sur,25.0,69,0,0
LJ500_R023_C088,23,88,705250,9512750,sur,25.0,69,0,0
LJ500_R023_C089,23,89,705750,9512750,sur,25.0,69,0,0
LJ500_R023_C090,23,90,706250,9512750,sur,25.0,69,0,0
LJ500_R023_C091,23,91,706750,9512750,sur,25.0,69,0,0
LJ500_R023_C092,23,92,707250,9512750,sur,25.0,69,0,0
LJ500_R023_C093,23,93,707750,9512750,sur,25.0,69,0,0
LJ500_R023_C094,23,94,708250,9512750,sur,25.0,69,0,0
LJ500_R023_C095,23,95,708750,9512750,sur,25.0,69,0,0
LJ500_R023_C096,23,96,709250,9512750,sur,25.0,69,0,0
LJ500_R023_C097,23,97,709750,9512750,sur,4.2731,69,0,0
LJ500_R024_C051,24,51,686750,9513250,sur,16.75,69,1,1
LJ500_R024_C052,24,52,687250,9513250,sur,25.0,69,0,0
LJ500_R024_C053,24,53,687750,9513250,sur,25.0,69,0,0
LJ500_R024_C054,24,54,688250,9513250,sur,25.0,69,0,0
LJ500_R024_C055,24,55,688750,9513250,sur,25.0,69,0,0
LJ500_R024_C056,24,56,689250,9513250,sur,25.0,69,1,1
LJ500_R024_C057,24,57,689750,9513250,sur,25.0,69,1,1
LJ500_R024_C058,24,58,690250,9513250,sur,25.0,69,1,1
LJ500_R024_C059,24,59,690750,9513250,sur,25.0,69,1,1
LJ500_R024_C060,24,60,691250,9513250,sur,25.0,69,1,1
LJ500_R024_C061,24,61,691750,9513250,sur,25.0,69,1,1
LJ500_R024_C062,24,62,692250,9513250,sur,25.0,69,1,1
LJ500_R024_C063,24,63,692750,9513250,sur,25.0,69,0,0
LJ500_R024_C064,24,64,693250,9513250,sur,25.0,69,1,1
LJ500_R024_C065,24,65,693750,9513250,sur,25.0,69,1,1
LJ500_R024_C066,24,66,694250,9513250,sur,25.0,69,1,1
LJ500_R024_C067,24,67,694750,9513250,sur,25.0,69,0,0
LJ500_R024_C068,24,68,695250,9513250,sur,25.0,69,2,2
LJ500_R024_C069,24,69,695750,9513250,sur,25.0,69,2,2
LJ500_R024_C070,24,70,696250,9513250,sur,25.0,69,2,2
LJ500_R024_C071,24,71,696750,9513250,sur,25.0,69,2,2
LJ500_R024_C072,24,72,697250,9513250,sur,25.0,69,1,1
LJ500_R024_C073,24,73,697750,9513250,sur,25.0,69,2,2
LJ500_R024_C074,24,74,698250,9513250,sur,25.0,69,2,2
LJ500_R024_C075,24,75,698750,9513250,sur,25.0,69,2,2
LJ500_R024_C076,24,76,699250,9513250,sur,25.0,69,0,0
LJ500_R024_C077,24,77,699750,9513250,sur,25.0,69,0,0
LJ500_R024_C078,24,78,700250,9513250,sur,25.0,69,0,0
LJ500_R024_C079,24,79,700750,9513250,sur,25.0,69,1,0
LJ500_R024_C080,24,80,701250,9513250,sur,25.0,69,1,0
LJ500_R024_C081,24,81,701750,9513250,sur,25.0,69,1,0
LJ500_R024_C082,24,82,702250,9513250,sur,25.0,69,0,0
LJ500_R024_C083,24,83,702750,9513250,sur,25.0,69,0,0
LJ500_R024_C084,24,84,703250,9513250,sur,25.0,69,2,1
LJ500_R024_C085,24,85,703750,9513250,sur,25.0,69,2,1
LJ500_R024_C086,24,86,704250,9513250,sur,25.0,69,2,1
LJ500_R024_C087,24,87,704750,9513250,sur,25.0,69,0,0
LJ500_R024_C088,24,88,705250,9513250,sur,25.0,69,0,0
LJ500_R024_C089,24,89,705750,9513250,sur,25.0,69,0,0
LJ500_R024_C090,24,90,706250,9513250,sur,25.0,69,0,0
LJ500_R024_C091,24,91,706750,9513250,sur,25.0,69,0,0
LJ500_R024_C092,24,92,707250,9513250,sur,25.0,69,0,0
LJ500_R024_C093,24,93,707750,9513250,sur,25.0,69,0,0
LJ500_R024_C094,24,94,708250,9513250,sur,25.0,69,0,0
LJ500_R024_C095,24,95,708750,9513250,sur,25.0,69,0,0
LJ500_R024_C096,24,96,709250,9513250,sur,25.0,69,0,0
LJ500_R024_C097,24,97,709750,9513250,sur,5.1289,69,0,0
LJ500_R025_C051,25,51,686750,9513750,sur,4.9324,69,1,0
LJ500_R025_C052,25,52,687250,9513750,sur,24.87,69,1,0
LJ500_R025_C053,25,53,687750,9513750,sur,25.0,69,1,0
LJ500_R025_C054,25,54,688250,9513750,sur,25.0,69,0,0
LJ500_R025_C055,25,55,688750,9513750,sur,25.0,69,1,1
LJ500_R025_C056,25,56,689250,9513750,sur,25.0,69,1,1
LJ500_R025_C057,25,57,689750,9513750,sur,25.0,69,1,1
LJ500_R025_C058,25,58,690250,9513750,sur,25.0,69,1,1
LJ500_R025_C059,25,59,690750,9513750,sur,25.0,69,0,0
LJ500_R025_C060,25,60,691250,9513750,sur,25.0,69,0,0
LJ500_R025_C061,25,61,691750,9513750,sur,25.0,69,0,0
LJ500_R025_C062,25,62,692250,9513750,sur,25.0,69,0,0
LJ500_R025_C063,25,63,692750,9513750,sur,25.0,69,0,0
LJ500_R025_C064,25,64,693250,9513750,sur,25.0,69,0,0
LJ500_R025_C065,25,65,693750,9513750,sur,25.0,69,0,0
LJ500_R025_C066,25,66,694250,9513750,sur,25.0,69,0,0
LJ500_R025_C067,25,67,694750,9513750,sur,25.0,69,0,0
LJ500_R025_C068,25,68,695250,9513750,sur,25.0,69,1,1
LJ500_R025_C069,25,69,695750,9513750,sur,25.0,69,1,1
LJ500_R025_C070,25,70,696250,9513750,sur,25.0,69,2,2
LJ500_R025_C071,25,71,696750,9513750,sur,25.0,69,2,2
LJ500_R025_C072,25,72,697250,9513750,sur,25.0,69,1,1
LJ500_R025_C073,25,73,697750,9513750,sur,25.0,69,2,2
LJ500_R025_C074,25,74,698250,9513750,sur,25.0,69,2,2
LJ500_R025_C075,25,75,698750,9513750,sur,25.0,69,2,2
LJ500_R025_C076,25,76,699250,9513750,sur,25.0,69,0,0
LJ500_R025_C077,25,77,699750,9513750,sur,25.0,69,0,0
LJ500_R025_C078,25,78,700250,9513750,sur,25.0,69,0,0
LJ500_R025_C079,25,79,700750,9513750,sur,25.0,69,0,0
LJ500_R025_C080,25,80,701250,9513750,sur,25.0,69,0,0
LJ500_R025_C081,25,81,701750,9513750,sur,25.0,69,0,0
LJ500_R025_C082,25,82,702250,9513750,sur,25.0,69,0,0
LJ500_R025_C083,25,83,702750,9513750,sur,25.0,69,0,0
LJ500_R025_C084,25,84,703250,9513750,sur,25.0,69,2,1
LJ500_R025_C085,25,85,703750,9513750,sur,25.0,69,2,1
LJ500_R025_C086,25,86,704250,9513750,sur,25.0,69,2,1
LJ500_R025_C087,25,87,704750,9513750,sur,25.0,69,0,0
LJ500_R025_C088,25,88,705250,9513750,sur,25.0,69,0,0
LJ500_R025_C089,25,89,705750,9513750,sur,25.0,69,0,0
LJ500_R025_C090,25,90,706250,9513750,sur,25.0,69,0,0
LJ500_R025_C091,25,91,706750,9513750,sur,25.0,69,0,0
LJ500_R025_C092,25,92,707250,9513750,sur,25.0,69,0,0
LJ500_R025_C093,25,93,707750,9513750,sur,25.0,69,0,0
LJ500_R025_C094,25,94,708250,9513750,sur,25.0,69,0,0
LJ500_R025_C095,25,95,708750,9513750,sur,25.0,69,0,0
LJ500_R025_C096,25,96,709250,9513750,sur,25.0,69,0,0
LJ500_R025_C097,25,97,709750,9513750,sur,1.6675,69,0,0
LJ500_R026_C052,26,52,687250,9514250,sur,20.89,69,2,2
LJ500_R026_C053,26,53,687750,9514250,sur,25.0,69,2,2
LJ500_R026_C054,26,54,688250,9514250,sur,25.0,69,2,2
LJ500_R026_C055,26,55,688750,9514250,sur,25.0,69,2,2
LJ500_R026_C056,26,56,689250,9514250,sur,25.0,69,1,1
LJ500_R026_C057,26,57,689750,9514250,sur,25.0,69,1,1
LJ500_R026_C058,26,58,690250,9514250,sur,25.0,69,1,1
LJ500_R026_C059,26,59,690750,9514250,sur,25.0,69,1,1
LJ500_R026_C060,26,60,691250,9514250,sur,25.0,69,0,0
LJ500_R026_C061,26,61,691750,9514250,sur,25.0,69,0,0
LJ500_R026_C062,26,62,692250,9514250,sur,25.0,69,1,1
LJ500_R026_C063,26,63,692750,9514250,sur,25.0,69,1,1
LJ500_R026_C064,26,64,693250,9514250,sur,25.0,69,1,1
LJ500_R026_C065,26,65,693750,9514250,sur,25.0,69,1,1
LJ500_R026_C066,26,66,694250,9514250,sur,25.0,69,1,1
LJ500_R026_C067,26,67,694750,9514250,sur,25.0,69,1,1
LJ500_R026_C068,26,68,695250,9514250,sur,25.0,69,2,2
LJ500_R026_C069,26,69,695750,9514250,sur,25.0,69,1,1
LJ500_R026_C070,26,70,696250,9514250,sur,25.0,69,2,2
LJ500_R026_C071,26,71,696750,9514250,sur,25.0,69,2,2
LJ500_R026_C072,26,72,697250,9514250,sur,25.0,69,2,2
LJ500_R026_C073,26,73,697750,9514250,sur,25.0,69,2,2
LJ500_R026_C074,26,74,698250,9514250,sur,25.0,69,2,2
LJ500_R026_C075,26,75,698750,9514250,sur,25.0,69,2,2
LJ500_R026_C076,26,76,699250,9514250,sur,25.0,69,0,0
LJ500_R026_C077,26,77,699750,9514250,sur,25.0,69,1,1
LJ500_R026_C078,26,78,700250,9514250,sur,25.0,69,1,1
LJ500_R026_C079,26,79,700750,9514250,sur,25.0,69,1,1
LJ500_R026_C080,26,80,701250,9514250,sur,25.0,69,0,0
LJ500_R026_C081,26,81,701750,9514250,sur,25.0,69,0,0
LJ500_R026_C082,26,82,702250,9514250,sur,25.0,69,0,0
LJ500_R026_C083,26,83,702750,9514250,sur,25.0,69,0,0
LJ500_R026_C084,26,84,703250,9514250,sur,25.0,69,0,0
LJ500_R026_C085,26,85,703750,9514250,sur,25.0,69,2,1
LJ500_R026_C086,26,86,704250,9514250,sur,25.0,69,2,1
LJ500_R026_C087,26,87,704750,9514250,sur,25.0,69,0,0
LJ500_R026_C088,26,88,705250,9514250,sur,25.0,69,0,0
LJ500_R026_C089,26,89,705750,9514250,sur,25.0,69,0,0
LJ500_R026_C090,26,90,706250,9514250,sur,25.0,69,0,0
LJ500_R026_C091,26,91,706750,9514250,sur,25.0,69,0,0
LJ500_R026_C092,26,92,707250,9514250,sur,25.0,69,0,0
LJ500_R026_C093,26,93,707750,9514250,sur,25.0,69,0,0
LJ500_R026_C094,26,94,708250,9514250,sur,25.0,69,0,0
LJ500_R026_C095,26,95,708750,9514250,sur,25.0,69,0,0
LJ500_R026_C096,26,96,709250,9514250,sur,23.17,69,0,0
LJ500_R026_C097,26,97,709750,9514250,sur,2.9851,69,0,0
LJ500_R027_C052,27,52,687250,9514750,sur,18.37,69,2,2
LJ500_R027_C053,27,53,687750,9514750,sur,25.0,69,2,2
LJ500_R027_C054,27,54,688250,9514750,sur,25.0,69,2,2
LJ500_R027_C055,27,55,688750,9514750,sur,25.0,69,2,2
LJ500_R027_C056,27,56,689250,9514750,sur,25.0,69,1,1
LJ500_R027_C057,27,57,689750,9514750,sur,25.0,69,1,1
LJ500_R027_C058,27,58,690250,9514750,sur,25.0,69,0,0
LJ500_R027_C059,27,59,690750,9514750,sur,25.0,69,0,0
LJ500_R027_C060,27,60,691250,9514750,sur,25.0,69,0,0
LJ500_R027_C061,27,61,691750,9514750,sur,25.0,69,0,0
LJ500_R027_C062,27,62,692250,9514750,sur,25.0,69,1,1
LJ500_R027_C063,27,63,692750,9514750,sur,25.0,69,1,1
LJ500_R027_C064,27,64,693250,9514750,sur,25.0,69,1,1
LJ500_R027_C065,27,65,693750,9514750,sur,25.0,69,1,1
LJ500_R027_C066,27,66,694250,9514750,sur,25.0,69,1,1
LJ500_R027_C067,27,67,694750,9514750,sur,25.0,69,1,1
LJ500_R027_C068,27,68,695250,9514750,sur,25.0,69,1,1
LJ500_R027_C069,27,69,695750,9514750,sur,25.0,69,0,0
LJ500_R027_C070,27,70,696250,9514750,sur,25.0,69,1,1
LJ500_R027_C071,27,71,696750,9514750,sur,25.0,69,1,1
LJ500_R027_C072,27,72,697250,9514750,sur,25.0,69,1,1
LJ500_R027_C073,27,73,697750,9514750,sur,25.0,69,0,0
LJ500_R027_C074,27,74,698250,9514750,sur,25.0,69,1,1
LJ500_R027_C075,27,75,698750,9514750,sur,25.0,69,1,1
LJ500_R027_C076,27,76,699250,9514750,sur,25.0,69,0,0
LJ500_R027_C077,27,77,699750,9514750,sur,25.0,69,1,1
LJ500_R027_C078,27,78,700250,9514750,sur,25.0,69,1,1
LJ500_R027_C079,27,79,700750,9514750,sur,25.0,69,1,1
LJ500_R027_C080,27,80,701250,9514750,sur,25.0,69,0,0
LJ500_R027_C081,27,81,701750,9514750,sur,25.0,69,0,0
LJ500_R027_C082,27,82,702250,9514750,sur,25.0,69,0,0
LJ500_R027_C083,27,83,702750,9514750,sur,25.0,69,0,0
LJ500_R027_C084,27,84,703250,9514750,sur,25.0,69,0,0
LJ500_R027_C085,27,85,703750,9514750,sur,25.0,69,0,0
LJ500_R027_C086,27,86,704250,9514750,sur,25.0,69,0,0
LJ500_R027_C087,27,87,704750,9514750,sur,25.0,69,0,0
LJ500_R027_C088,27,88,705250,9514750,sur,25.0,69,0,0
LJ500_R027_C089,27,89,705750,9514750,sur,25.0,69,0,0
LJ500_R027_C090,27,90,706250,9514750,sur,25.0,69,0,0
LJ500_R027_C091,27,91,706750,9514750,sur,25.0,69,0,0
LJ500_R027_C092,27,92,707250,9514750,sur,25.0,69,0,0
LJ500_R027_C093,27,93,707750,9514750,sur,25.0,69,0,0
LJ500_R027_C094,27,94,708250,9514750,sur,25.0,69,0,0
LJ500_R027_C095,27,95,708750,9514750,sur,25.0,69,0,0
LJ500_R027_C096,27,96,709250,9514750,sur,17.27,69,0,0
LJ500_R028_C052,28,52,687250,9515250,sur,10.4,69,2,2
LJ500_R028_C053,28,53,687750,9515250,sur,25.0,69,2,2
LJ500_R028_C054,28,54,688250,9515250,sur,25.0,69,2,2
LJ500_R028_C055,28,55,688750,9515250,sur,25.0,69,2,2
LJ500_R028_C056,28,56,689250,9515250,sur,25.0,69,1,1
LJ500_R028_C057,28,57,689750,9515250,sur,25.0,69,1,1
LJ500_R028_C058,28,58,690250,9515250,sur,25.0,69,0,0
LJ500_R028_C059,28,59,690750,9515250,sur,25.0,69,0,0
LJ500_R028_C060,28,60,691250,9515250,sur,25.0,69,0,0
LJ500_R028_C061,28,61,691750,9515250,sur,25.0,69,0,0
LJ500_R028_C062,28,62,692250,9515250,sur,25.0,69,0,0
LJ500_R028_C063,28,63,692750,9515250,sur,25.0,69,1,1
LJ500_R028_C064,28,64,693250,9515250,sur,25.0,69,1,1
LJ500_R028_C065,28,65,693750,9515250,sur,25.0,69,1,1
LJ500_R028_C066,28,66,694250,9515250,sur,25.0,69,1,1
LJ500_R028_C067,28,67,694750,9515250,sur,25.0,69,1,1
LJ500_R028_C068,28,68,695250,9515250,sur,25.0,69,1,1
LJ500_R028_C069,28,69,695750,9515250,sur,25.0,69,0,0
LJ500_R028_C070,28,70,696250,9515250,sur,25.0,69,1,1
LJ500_R028_C071,28,71,696750,9515250,sur,25.0,69,1,1
LJ500_R028_C072,28,72,697250,9515250,sur,25.0,69,1,1
LJ500_R028_C073,28,73,697750,9515250,sur,25.0,69,0,0
LJ500_R028_C074,28,74,698250,9515250,sur,25.0,69,1,1
LJ500_R028_C075,28,75,698750,9515250,sur,25.0,69,1,1
LJ500_R028_C076,28,76,699250,9515250,sur,25.0,69,1,1
LJ500_R028_C077,28,77,699750,9515250,sur,25.0,69,1,1
LJ500_R028_C078,28,78,700250,9515250,sur,25.0,69,1,1
LJ500_R028_C079,28,79,700750,9515250,sur,25.0,69,1,1
LJ500_R028_C080,28,80,701250,9515250,sur,25.0,69,1,1
LJ500_R028_C081,28,81,701750,9515250,sur,25.0,69,1,1
LJ500_R028_C082,28,82,702250,9515250,sur,25.0,69,0,0
LJ500_R028_C083,28,83,702750,9515250,sur,25.0,69,0,0
LJ500_R028_C084,28,84,703250,9515250,sur,25.0,69,0,0
LJ500_R028_C085,28,85,703750,9515250,sur,25.0,69,0,0
LJ500_R028_C086,28,86,704250,9515250,sur,25.0,69,0,0
LJ500_R028_C087,28,87,704750,9515250,sur,25.0,69,0,0
LJ500_R028_C088,28,88,705250,9515250,sur,25.0,69,0,0
LJ500_R028_C089,28,89,705750,9515250,sur,25.0,69,0,0
LJ500_R028_C090,28,90,706250,9515250,sur,25.0,69,0,0
LJ500_R028_C091,28,91,706750,9515250,sur,25.0,69,0,0
LJ500_R028_C092,28,92,707250,9515250,sur,25.0,69,0,0
LJ500_R028_C093,28,93,707750,9515250,sur,25.0,69,0,0
LJ500_R028_C094,28,94,708250,9515250,sur,25.0,69,0,0
LJ500_R028_C095,28,95,708750,9515250,sur,25.0,69,0,0
LJ500_R028_C096,28,96,709250,9515250,sur,24.82,69,0,0
LJ500_R028_C097,28,97,709750,9515250,sur,5.4635,69,0,0
LJ500_R029_C052,29,52,687250,9515750,sur,4.9378,69,1,1
LJ500_R029_C053,29,53,687750,9515750,sur,25.0,69,1,1
LJ500_R029_C054,29,54,688250,9515750,sur,25.0,69,0,0
LJ500_R029_C055,29,55,688750,9515750,sur,25.0,69,0,0
LJ500_R029_C056,29,56,689250,9515750,sur,25.0,69,0,0
LJ500_R029_C057,29,57,689750,9515750,sur,25.0,69,0,0
LJ500_R029_C058,29,58,690250,9515750,sur,25.0,69,0,0
LJ500_R029_C059,29,59,690750,9515750,sur,25.0,69,0,0
LJ500_R029_C060,29,60,691250,9515750,sur,25.0,69,0,0
LJ500_R029_C061,29,61,691750,9515750,sur,25.0,69,0,0
LJ500_R029_C062,29,62,692250,9515750,sur,25.0,69,0,0
LJ500_R029_C063,29,63,692750,9515750,sur,25.0,69,0,0
LJ500_R029_C064,29,64,693250,9515750,sur,25.0,69,1,1
LJ500_R029_C065,29,65,693750,9515750,sur,25.0,69,1,1
LJ500_R029_C066,29,66,694250,9515750,sur,25.0,69,1,1
LJ500_R029_C067,29,67,694750,9515750,sur,25.0,69,0,0
LJ500_R029_C068,29,68,695250,9515750,sur,25.0,69,0,0
LJ500_R029_C069,29,69,695750,9515750,sur,25.0,69,0,0
LJ500_R029_C070,29,70,696250,9515750,sur,25.0,69,1,1
LJ500_R029_C071,29,71,696750,9515750,sur,25.0,69,1,1
LJ500_R029_C072,29,72,697250,9515750,sur,25.0,69,1,1
LJ500_R029_C073,29,73,697750,9515750,sur,25.0,69,0,0
LJ500_R029_C074,29,74,698250,9515750,sur,25.0,69,0,0
LJ500_R029_C075,29,75,698750,9515750,sur,25.0,69,0,0
LJ500_R029_C076,29,76,699250,9515750,sur,25.0,69,1,1
LJ500_R029_C077,29,77,699750,9515750,sur,25.0,69,1,1
LJ500_R029_C078,29,78,700250,9515750,sur,25.0,69,1,1
LJ500_R029_C079,29,79,700750,9515750,sur,25.0,69,1,1
LJ500_R029_C080,29,80,701250,9515750,sur,25.0,69,1,1
LJ500_R029_C081,29,81,701750,9515750,sur,25.0,69,1,1
LJ500_R029_C082,29,82,702250,9515750,sur,25.0,69,0,0
LJ500_R029_C083,29,83,702750,9515750,sur,25.0,69,0,0
LJ500_R029_C084,29,84,703250,9515750,sur,25.0,69,0,0
LJ500_R029_C085,29,85,703750,9515750,sur,25.0,69,0,0
LJ500_R029_C086,29,86,704250,9515750,sur,25.0,69,0,0
LJ500_R029_C087,29,87,704750,9515750,sur,25.0,69,0,0
LJ500_R029_C088,29,88,705250,9515750,sur,25.0,69,0,0
LJ500_R029_C089,29,89,705750,9515750,sur,25.0,69,0,0
LJ500_R029_C090,29,90,706250,9515750,sur,25.0,69,0,0
LJ500_R029_C091,29,91,706750,9515750,sur,25.0,69,0,0
LJ500_R029_C092,29,92,707250,9515750,sur,25.0,69,0,0
LJ500_R029_C093,29,93,707750,9515750,sur,25.0,69,0,0
LJ500_R029_C094,29,94,708250,9515750,sur,25.0,69,0,0
LJ500_R029_C095,29,95,708750,9515750,sur,25.0,69,0,0
LJ500_R029_C096,29,96,709250,9515750,sur,25.0,69,0,0
LJ500_R029_C097,29,97,709750,9515750,sur,15.47,69,0,0
LJ500_R030_C052,30,52,687250,9516250,sur,7.2973,69,3,3
LJ500_R030_C053,30,53,687750,9516250,sur,25.0,69,3,3
LJ500_R030_C054,30,54,688250,9516250,sur,25.0,69,0,0
LJ500_R030_C055,30,55,688750,9516250,sur,25.0,69,1,1
LJ500_R030_C056,30,56,689250,9516250,sur,25.0,69,1,1
LJ500_R030_C057,30,57,689750,9516250,sur,25.0,69,1,1
LJ500_R030_C058,30,58,690250,9516250,sur,25.0,69,1,1
LJ500_R030_C059,30,59,690750,9516250,sur,25.0,69,1,1
LJ500_R030_C060,30,60,691250,9516250,sur,25.0,69,0,0
LJ500_R030_C061,30,61,691750,9516250,sur,25.0,69,0,0
LJ500_R030_C062,30,62,692250,9516250,sur,25.0,69,0,0
LJ500_R030_C063,30,63,692750,9516250,sur,25.0,69,1,1
LJ500_R030_C064,30,64,693250,9516250,sur,25.0,69,1,1
LJ500_R030_C065,30,65,693750,9516250,sur,25.0,69,2,2
LJ500_R030_C066,30,66,694250,9516250,sur,25.0,69,2,2
LJ500_R030_C067,30,67,694750,9516250,sur,25.0,69,0,0
LJ500_R030_C068,30,68,695250,9516250,sur,25.0,69,0,0
LJ500_R030_C069,30,69,695750,9516250,sur,25.0,69,0,0
LJ500_R030_C070,30,70,696250,9516250,sur,25.0,69,1,1
LJ500_R030_C071,30,71,696750,9516250,sur,25.0,69,1,1
LJ500_R030_C072,30,72,697250,9516250,sur,25.0,69,1,1
LJ500_R030_C073,30,73,697750,9516250,sur,25.0,69,0,0
LJ500_R030_C074,30,74,698250,9516250,sur,25.0,69,1,1
LJ500_R030_C075,30,75,698750,9516250,sur,25.0,69,1,1
LJ500_R030_C076,30,76,699250,9516250,sur,25.0,69,1,1
LJ500_R030_C077,30,77,699750,9516250,sur,25.0,69,1,1
LJ500_R030_C078,30,78,700250,9516250,sur,25.0,69,1,1
LJ500_R030_C079,30,79,700750,9516250,sur,25.0,69,1,1
LJ500_R030_C080,30,80,701250,9516250,sur,25.0,69,1,1
LJ500_R030_C081,30,81,701750,9516250,sur,25.0,69,1,1
LJ500_R030_C082,30,82,702250,9516250,sur,25.0,69,0,0
LJ500_R030_C083,30,83,702750,9516250,sur,25.0,69,0,0
LJ500_R030_C084,30,84,703250,9516250,sur,25.0,69,0,0
LJ500_R030_C085,30,85,703750,9516250,sur,25.0,69,1,1
LJ500_R030_C086,30,86,704250,9516250,sur,25.0,69,1,1
LJ500_R030_C087,30,87,704750,9516250,sur,25.0,69,1,1
LJ500_R030_C088,30,88,705250,9516250,sur,25.0,69,0,0
LJ500_R030_C089,30,89,705750,9516250,sur,25.0,69,0,0
LJ500_R030_C090,30,90,706250,9516250,sur,25.0,69,0,0
LJ500_R030_C091,30,91,706750,9516250,sur,25.0,69,0,0
LJ500_R030_C092,30,92,707250,9516250,sur,25.0,69,0,0
LJ500_R030_C093,30,93,707750,9516250,sur,25.0,69,0,0
LJ500_R030_C094,30,94,708250,9516250,sur,25.0,69,0,0
LJ500_R030_C095,30,95,708750,9516250,sur,25.0,69,0,0
LJ500_R030_C096,30,96,709250,9516250,sur,25.0,69,0,0
LJ500_R030_C097,30,97,709750,9516250,sur,9.0016,69,0,0
LJ500_R031_C051,31,51,686750,9516750,sur,0.4445,69,2,2
LJ500_R031_C052,31,52,687250,9516750,sur,16.7,69,3,3
LJ500_R031_C053,31,53,687750,9516750,sur,25.0,69,3,3
LJ500_R031_C054,31,54,688250,9516750,sur,25.0,69,3,3
LJ500_R031_C055,31,55,688750,9516750,sur,25.0,69,1,1
LJ500_R031_C056,31,56,689250,9516750,sur,25.0,69,1,1
LJ500_R031_C057,31,57,689750,9516750,sur,25.0,69,1,1
LJ500_R031_C058,31,58,690250,9516750,sur,25.0,69,1,1
LJ500_R031_C059,31,59,690750,9516750,sur,25.0,69,1,1
LJ500_R031_C060,31,60,691250,9516750,sur,25.0,69,0,0
LJ500_R031_C061,31,61,691750,9516750,sur,25.0,69,0,0
LJ500_R031_C062,31,62,692250,9516750,sur,25.0,69,0,0
LJ500_R031_C063,31,63,692750,9516750,sur,25.0,69,1,1
LJ500_R031_C064,31,64,693250,9516750,sur,25.0,69,1,1
LJ500_R031_C065,31,65,693750,9516750,sur,25.0,69,1,1
LJ500_R031_C066,31,66,694250,9516750,sur,25.0,69,1,1
LJ500_R031_C067,31,67,694750,9516750,sur,25.0,69,1,1
LJ500_R031_C068,31,68,695250,9516750,sur,25.0,69,0,0
LJ500_R031_C069,31,69,695750,9516750,sur,25.0,69,0,0
LJ500_R031_C070,31,70,696250,9516750,sur,25.0,69,0,0
LJ500_R031_C071,31,71,696750,9516750,sur,25.0,69,0,0
LJ500_R031_C072,31,72,697250,9516750,sur,25.0,69,0,0
LJ500_R031_C073,31,73,697750,9516750,sur,25.0,69,0,0
LJ500_R031_C074,31,74,698250,9516750,sur,25.0,69,1,1
LJ500_R031_C075,31,75,698750,9516750,sur,25.0,69,1,1
LJ500_R031_C076,31,76,699250,9516750,sur,25.0,69,1,1
LJ500_R031_C077,31,77,699750,9516750,sur,25.0,69,1,1
LJ500_R031_C078,31,78,700250,9516750,sur,25.0,69,1,1
LJ500_R031_C079,31,79,700750,9516750,sur,25.0,69,1,1
LJ500_R031_C080,31,80,701250,9516750,sur,25.0,69,1,1
LJ500_R031_C081,31,81,701750,9516750,sur,25.0,69,1,1
LJ500_R031_C082,31,82,702250,9516750,sur,25.0,69,0,0
LJ500_R031_C083,31,83,702750,9516750,sur,25.0,69,0,0
LJ500_R031_C084,31,84,703250,9516750,sur,25.0,69,0,0
LJ500_R031_C085,31,85,703750,9516750,sur,25.0,69,1,1
LJ500_R031_C086,31,86,704250,9516750,sur,25.0,69,1,1
LJ500_R031_C087,31,87,704750,9516750,sur,25.0,69,1,1
LJ500_R031_C088,31,88,705250,9516750,sur,25.0,69,0,0
LJ500_R031_C089,31,89,705750,9516750,sur,25.0,69,0,0
LJ500_R031_C090,31,90,706250,9516750,sur,25.0,69,0,0
LJ500_R031_C091,31,91,706750,9516750,sur,25.0,69,0,0
LJ500_R031_C092,31,92,707250,9516750,sur,25.0,69,0,0
LJ500_R031_C093,31,93,707750,9516750,sur,25.0,69,0,0
LJ500_R031_C094,31,94,708250,9516750,sur,25.0,69,0,0
LJ500_R031_C095,31,95,708750,9516750,sur,25.0,69,0,0
LJ500_R031_C096,31,96,709250,9516750,sur,25.0,69,0,0
LJ500_R031_C097,31,97,709750,9516750,sur,16.54,69,0,0
LJ500_R032_C051,32,51,686750,9517250,sur,7.5463,69,2,2
LJ500_R032_C052,32,52,687250,9517250,sur,25.0,69,3,3
LJ500_R032_C053,32,53,687750,9517250,sur,25.0,69,3,3
LJ500_R032_C054,32,54,688250,9517250,sur,25.0,69,3,3
LJ500_R032_C055,32,55,688750,9517250,sur,25.0,69,1,1
LJ500_R032_C056,32,56,689250,9517250,sur,25.0,69,1,1
LJ500_R032_C057,32,57,689750,9517250,sur,25.0,69,1,1
LJ500_R032_C058,32,58,690250,9517250,sur,25.0,69,1,1
LJ500_R032_C059,32,59,690750,9517250,sur,25.0,69,1,1
LJ500_R032_C060,32,60,691250,9517250,sur,25.0,69,1,1
LJ500_R032_C061,32,61,691750,9517250,sur,25.0,69,1,1
LJ500_R032_C062,32,62,692250,9517250,sur,25.0,69,0,0
LJ500_R032_C063,32,63,692750,9517250,sur,25.0,69,1,1
LJ500_R032_C064,32,64,693250,9517250,sur,25.0,69,1,1
LJ500_R032_C065,32,65,693750,9517250,sur,25.0,69,1,1
LJ500_R032_C066,32,66,694250,9517250,sur,25.0,69,1,1
LJ500_R032_C067,32,67,694750,9517250,sur,25.0,69,2,2
LJ500_R032_C068,32,68,695250,9517250,sur,25.0,69,1,1
LJ500_R032_C069,32,69,695750,9517250,sur,25.0,69,1,1
LJ500_R032_C070,32,70,696250,9517250,sur,25.0,69,0,0
LJ500_R032_C071,32,71,696750,9517250,sur,25.0,69,0,0
LJ500_R032_C072,32,72,697250,9517250,sur,25.0,69,1,1
LJ500_R032_C073,32,73,697750,9517250,sur,25.0,69,1,1
LJ500_R032_C074,32,74,698250,9517250,sur,25.0,69,1,1
LJ500_R032_C075,32,75,698750,9517250,sur,25.0,69,1,1
LJ500_R032_C076,32,76,699250,9517250,sur,25.0,69,1,1
LJ500_R032_C077,32,77,699750,9517250,sur,25.0,69,1,1
LJ500_R032_C078,32,78,700250,9517250,sur,25.0,69,1,1
LJ500_R032_C079,32,79,700750,9517250,sur,25.0,69,1,1
LJ500_R032_C080,32,80,701250,9517250,sur,25.0,69,2,2
LJ500_R032_C081,32,81,701750,9517250,sur,25.0,69,2,2
LJ500_R032_C082,32,82,702250,9517250,sur,25.0,69,2,2
LJ500_R032_C083,32,83,702750,9517250,sur,25.0,69,1,1
LJ500_R032_C084,32,84,703250,9517250,sur,25.0,69,0,0
LJ500_R032_C085,32,85,703750,9517250,sur,25.0,69,1,1
LJ500_R032_C086,32,86,704250,9517250,sur,25.0,69,1,1
LJ500_R032_C087,32,87,704750,9517250,sur,25.0,69,1,1
LJ500_R032_C088,32,88,705250,9517250,sur,25.0,69,0,0
LJ500_R032_C089,32,89,705750,9517250,sur,25.0,69,0,0
LJ500_R032_C090,32,90,706250,9517250,sur,25.0,69,0,0
LJ500_R032_C091,32,91,706750,9517250,sur,25.0,69,0,0
LJ500_R032_C092,32,92,707250,9517250,sur,25.0,69,0,0
LJ500_R032_C093,32,93,707750,9517250,sur,25.0,69,0,0
LJ500_R032_C094,32,94,708250,9517250,sur,25.0,69,0,0
LJ500_R032_C095,32,95,708750,9517250,sur,25.0,69,0,0
LJ500_R032_C096,32,96,709250,9517250,sur,25.0,69,0,0
LJ500_R032_C097,32,97,709750,9517250,sur,24.52,69,0,0
LJ500_R032_C098,32,98,710250,9517250,sur,0.7314,69,0,0
LJ500_R033_C051,33,51,686750,9517750,sur,0.1508,0,0,0
LJ500_R033_C052,33,52,687250,9517750,sur,24.55,69,1,1
LJ500_R033_C053,33,53,687750,9517750,sur,25.0,69,1,1
LJ500_R033_C054,33,54,688250,9517750,sur,25.0,69,1,1
LJ500_R033_C055,33,55,688750,9517750,sur,25.0,69,1,1
LJ500_R033_C056,33,56,689250,9517750,sur,25.0,69,1,1
LJ500_R033_C057,33,57,689750,9517750,sur,25.0,69,1,1
LJ500_R033_C058,33,58,690250,9517750,sur,25.0,69,1,1
LJ500_R033_C059,33,59,690750,9517750,sur,25.0,69,1,1
LJ500_R033_C060,33,60,691250,9517750,sur,25.0,69,1,1
LJ500_R033_C061,33,61,691750,9517750,sur,25.0,69,1,1
LJ500_R033_C062,33,62,692250,9517750,sur,25.0,69,0,0
LJ500_R033_C063,33,63,692750,9517750,sur,25.0,69,0,0
LJ500_R033_C064,33,64,693250,9517750,sur,25.0,69,0,0
LJ500_R033_C065,33,65,693750,9517750,sur,25.0,69,0,0
LJ500_R033_C066,33,66,694250,9517750,sur,25.0,69,0,0
LJ500_R033_C067,33,67,694750,9517750,sur,25.0,69,1,1
LJ500_R033_C068,33,68,695250,9517750,sur,25.0,69,1,1
LJ500_R033_C069,33,69,695750,9517750,sur,25.0,69,1,1
LJ500_R033_C070,33,70,696250,9517750,sur,25.0,69,0,0
LJ500_R033_C071,33,71,696750,9517750,sur,25.0,69,0,0
LJ500_R033_C072,33,72,697250,9517750,sur,25.0,69,1,1
LJ500_R033_C073,33,73,697750,9517750,sur,25.0,69,1,1
LJ500_R033_C074,33,74,698250,9517750,sur,25.0,69,1,1
LJ500_R033_C075,33,75,698750,9517750,sur,25.0,69,1,1
LJ500_R033_C076,33,76,699250,9517750,sur,25.0,69,1,1
LJ500_R033_C077,33,77,699750,9517750,sur,25.0,69,1,1
LJ500_R033_C078,33,78,700250,9517750,sur,25.0,69,1,1
LJ500_R033_C079,33,79,700750,9517750,sur,25.0,69,1,1
LJ500_R033_C080,33,80,701250,9517750,sur,25.0,69,2,2
LJ500_R033_C081,33,81,701750,9517750,sur,25.0,69,2,2
LJ500_R033_C082,33,82,702250,9517750,sur,25.0,69,2,2
LJ500_R033_C083,33,83,702750,9517750,sur,25.0,69,1,1
LJ500_R033_C084,33,84,703250,9517750,sur,25.0,69,0,0
LJ500_R033_C085,33,85,703750,9517750,sur,25.0,69,1,1
LJ500_R033_C086,33,86,704250,9517750,sur,25.0,69,1,1
LJ500_R033_C087,33,87,704750,9517750,sur,25.0,69,1,1
LJ500_R033_C088,33,88,705250,9517750,sur,25.0,69,0,0
LJ500_R033_C089,33,89,705750,9517750,sur,25.0,69,0,0
LJ500_R033_C090,33,90,706250,9517750,sur,25.0,69,0,0
LJ500_R033_C091,33,91,706750,9517750,sur,25.0,69,0,0
LJ500_R033_C092,33,92,707250,9517750,sur,25.0,69,0,0
LJ500_R033_C093,33,93,707750,9517750,sur,25.0,69,0,0
LJ500_R033_C094,33,94,708250,9517750,sur,25.0,69,0,0
LJ500_R033_C095,33,95,708750,9517750,sur,25.0,69,0,0
LJ500_R033_C096,33,96,709250,9517750,sur,25.0,69,0,0
LJ500_R033_C097,33,97,709750,9517750,sur,22.12,69,0,0
LJ500_R033_C098,33,98,710250,9517750,sur,0.0459,0,0,0
LJ500_R034_C050,34,50,686250,9518250,sur,0.1171,0,0,0
LJ500_R034_C051,34,51,686750,9518250,sur,0.9955,69,1,1
LJ500_R034_C052,34,52,687250,9518250,sur,24.82,69,2,2
LJ500_R034_C053,34,53,687750,9518250,sur,25.0,69,1,1
LJ500_R034_C054,34,54,688250,9518250,sur,25.0,69,1,1
LJ500_R034_C055,34,55,688750,9518250,sur,25.0,69,0,0
LJ500_R034_C056,34,56,689250,9518250,sur,25.0,69,1,0
LJ500_R034_C057,34,57,689750,9518250,sur,25.0,69,1,0
LJ500_R034_C058,34,58,690250,9518250,sur,25.0,69,1,1
LJ500_R034_C059,34,59,690750,9518250,sur,25.0,69,1,1
LJ500_R034_C060,34,60,691250,9518250,sur,25.0,69,1,1
LJ500_R034_C061,34,61,691750,9518250,sur,25.0,69,1,1
LJ500_R034_C062,34,62,692250,9518250,sur,25.0,69,0,0
LJ500_R034_C063,34,63,692750,9518250,sur,25.0,69,1,1
LJ500_R034_C064,34,64,693250,9518250,sur,25.0,69,1,1
LJ500_R034_C065,34,65,693750,9518250,sur,25.0,69,1,1
LJ500_R034_C066,34,66,694250,9518250,sur,25.0,69,0,0
LJ500_R034_C067,34,67,694750,9518250,sur,25.0,69,0,0
LJ500_R034_C068,34,68,695250,9518250,sur,25.0,69,0,0
LJ500_R034_C069,34,69,695750,9518250,sur,25.0,69,0,0
LJ500_R034_C070,34,70,696250,9518250,sur,25.0,69,0,0
LJ500_R034_C071,34,71,696750,9518250,sur,25.0,69,0,0
LJ500_R034_C072,34,72,697250,9518250,sur,25.0,69,1,1
LJ500_R034_C073,34,73,697750,9518250,sur,25.0,69,1,1
LJ500_R034_C074,34,74,698250,9518250,sur,25.0,69,1,1
LJ500_R034_C075,34,75,698750,9518250,sur,25.0,69,0,0
LJ500_R034_C076,34,76,699250,9518250,sur,25.0,69,1,1
LJ500_R034_C077,34,77,699750,9518250,sur,25.0,69,1,1
LJ500_R034_C078,34,78,700250,9518250,sur,25.0,69,2,2
LJ500_R034_C079,34,79,700750,9518250,sur,25.0,69,2,2
LJ500_R034_C080,34,80,701250,9518250,sur,25.0,69,2,2
LJ500_R034_C081,34,81,701750,9518250,sur,25.0,69,1,1
LJ500_R034_C082,34,82,702250,9518250,sur,25.0,69,1,1
LJ500_R034_C083,34,83,702750,9518250,sur,25.0,69,0,0
LJ500_R034_C084,34,84,703250,9518250,sur,25.0,69,0,0
LJ500_R034_C085,34,85,703750,9518250,sur,25.0,69,1,1
LJ500_R034_C086,34,86,704250,9518250,sur,25.0,69,1,1
LJ500_R034_C087,34,87,704750,9518250,sur,25.0,69,1,1
LJ500_R034_C088,34,88,705250,9518250,sur,25.0,69,1,1
LJ500_R034_C089,34,89,705750,9518250,sur,25.0,69,1,1
LJ500_R034_C090,34,90,706250,9518250,sur,25.0,69,0,0
LJ500_R034_C091,34,91,706750,9518250,sur,25.0,69,0,0
LJ500_R034_C092,34,92,707250,9518250,sur,25.0,69,0,0
LJ500_R034_C093,34,93,707750,9518250,sur,25.0,69,0,0
LJ500_R034_C094,34,94,708250,9518250,sur,25.0,69,0,0
LJ500_R034_C095,34,95,708750,9518250,sur,25.0,69,0,0
LJ500_R034_C096,34,96,709250,9518250,sur,25.0,69,0,0
LJ500_R034_C097,34,97,709750,9518250,sur,9.3242,69,0,0
LJ500_R035_C049,35,49,685750,9518750,sur,8.5362,69,1,1
LJ500_R035_C050,35,50,686250,9518750,sur,18.94,69,2,2
LJ500_R035_C051,35,51,686750,9518750,sur,19.38,69,1,1
LJ500_R035_C052,35,52,687250,9518750,sur,25.0,69,2,2
LJ500_R035_C053,35,53,687750,9518750,sur,25.0,69,1,1
LJ500_R035_C054,35,54,688250,9518750,sur,25.0,69,1,1
LJ500_R035_C055,35,55,688750,9518750,sur,25.0,69,0,0
LJ500_R035_C056,35,56,689250,9518750,sur,25.0,69,1,0
LJ500_R035_C057,35,57,689750,9518750,sur,25.0,69,1,0
LJ500_R035_C058,35,58,690250,9518750,sur,25.0,69,1,1
LJ500_R035_C059,35,59,690750,9518750,sur,25.0,69,1,1
LJ500_R035_C060,35,60,691250,9518750,sur,25.0,69,1,1
LJ500_R035_C061,35,61,691750,9518750,sur,25.0,69,1,1
LJ500_R035_C062,35,62,692250,9518750,sur,25.0,69,0,0
LJ500_R035_C063,35,63,692750,9518750,sur,25.0,69,1,1
LJ500_R035_C064,35,64,693250,9518750,sur,25.0,69,1,1
LJ500_R035_C065,35,65,693750,9518750,sur,25.0,69,1,1
LJ500_R035_C066,35,66,694250,9518750,sur,25.0,69,0,0
LJ500_R035_C067,35,67,694750,9518750,sur,25.0,69,0,0
LJ500_R035_C068,35,68,695250,9518750,sur,25.0,69,0,0
LJ500_R035_C069,35,69,695750,9518750,sur,25.0,69,0,0
LJ500_R035_C070,35,70,696250,9518750,sur,25.0,69,0,0
LJ500_R035_C071,35,71,696750,9518750,sur,25.0,69,0,0
LJ500_R035_C072,35,72,697250,9518750,sur,25.0,69,0,0
LJ500_R035_C073,35,73,697750,9518750,sur,25.0,69,1,1
LJ500_R035_C074,35,74,698250,9518750,sur,25.0,69,1,1
LJ500_R035_C075,35,75,698750,9518750,sur,25.0,69,0,0
LJ500_R035_C076,35,76,699250,9518750,sur,25.0,69,1,1
LJ500_R035_C077,35,77,699750,9518750,sur,25.0,69,1,1
LJ500_R035_C078,35,78,700250,9518750,sur,25.0,69,2,2
LJ500_R035_C079,35,79,700750,9518750,sur,25.0,69,2,2
LJ500_R035_C080,35,80,701250,9518750,sur,25.0,69,2,2
LJ500_R035_C081,35,81,701750,9518750,sur,25.0,69,1,1
LJ500_R035_C082,35,82,702250,9518750,sur,25.0,69,1,1
LJ500_R035_C083,35,83,702750,9518750,sur,25.0,69,0,0
LJ500_R035_C084,35,84,703250,9518750,sur,25.0,69,1,1
LJ500_R035_C085,35,85,703750,9518750,sur,25.0,69,1,1
LJ500_R035_C086,35,86,704250,9518750,sur,25.0,69,1,1
LJ500_R035_C087,35,87,704750,9518750,sur,25.0,69,1,1
LJ500_R035_C088,35,88,705250,9518750,sur,25.0,69,1,1
LJ500_R035_C089,35,89,705750,9518750,sur,25.0,69,1,1
LJ500_R035_C090,35,90,706250,9518750,sur,25.0,69,0,0
LJ500_R035_C091,35,91,706750,9518750,sur,25.0,69,0,0
LJ500_R035_C092,35,92,707250,9518750,sur,25.0,69,0,0
LJ500_R035_C093,35,93,707750,9518750,sur,25.0,69,0,0
LJ500_R035_C094,35,94,708250,9518750,sur,25.0,69,0,0
LJ500_R035_C095,35,95,708750,9518750,sur,25.0,69,0,0
LJ500_R035_C096,35,96,709250,9518750,sur,25.0,69,0,0
LJ500_R035_C097,35,97,709750,9518750,sur,3.6538,69,0,0
LJ500_R036_C048,36,48,685250,9519250,sur,3.4069,69,1,1
LJ500_R036_C049,36,49,685750,9519250,sur,23.11,69,2,2
LJ500_R036_C050,36,50,686250,9519250,sur,25.0,69,2,2
LJ500_R036_C051,36,51,686750,9519250,sur,25.0,69,2,2
LJ500_R036_C052,36,52,687250,9519250,sur,25.0,69,2,2
LJ500_R036_C053,36,53,687750,9519250,sur,25.0,69,1,1
LJ500_R036_C054,36,54,688250,9519250,sur,25.0,69,1,1
LJ500_R036_C055,36,55,688750,9519250,sur,25.0,69,0,0
LJ500_R036_C056,36,56,689250,9519250,sur,25.0,69,1,0
LJ500_R036_C057,36,57,689750,9519250,sur,25.0,69,1,0
LJ500_R036_C058,36,58,690250,9519250,sur,25.0,69,1,1
LJ500_R036_C059,36,59,690750,9519250,sur,25.0,69,1,1
LJ500_R036_C060,36,60,691250,9519250,sur,25.0,69,1,1
LJ500_R036_C061,36,61,691750,9519250,sur,25.0,69,1,1
LJ500_R036_C062,36,62,692250,9519250,sur,25.0,69,1,1
LJ500_R036_C063,36,63,692750,9519250,sur,25.0,69,1,1
LJ500_R036_C064,36,64,693250,9519250,sur,25.0,69,0,0
LJ500_R036_C065,36,65,693750,9519250,sur,25.0,69,0,0
LJ500_R036_C066,36,66,694250,9519250,sur,25.0,69,0,0
LJ500_R036_C067,36,67,694750,9519250,sur,25.0,69,0,0
LJ500_R036_C068,36,68,695250,9519250,sur,25.0,69,0,0
LJ500_R036_C069,36,69,695750,9519250,sur,25.0,69,0,0
LJ500_R036_C070,36,70,696250,9519250,sur,25.0,69,0,0
LJ500_R036_C071,36,71,696750,9519250,sur,25.0,69,0,0
LJ500_R036_C072,36,72,697250,9519250,sur,25.0,69,0,0
LJ500_R036_C073,36,73,697750,9519250,sur,25.0,69,1,1
LJ500_R036_C074,36,74,698250,9519250,sur,25.0,69,1,1
LJ500_R036_C075,36,75,698750,9519250,sur,25.0,69,1,1
LJ500_R036_C076,36,76,699250,9519250,sur,25.0,69,1,1
LJ500_R036_C077,36,77,699750,9519250,sur,25.0,69,1,1
LJ500_R036_C078,36,78,700250,9519250,sur,25.0,69,2,2
LJ500_R036_C079,36,79,700750,9519250,sur,25.0,69,1,1
LJ500_R036_C080,36,80,701250,9519250,sur,25.0,69,1,1
LJ500_R036_C081,36,81,701750,9519250,sur,25.0,69,1,1
LJ500_R036_C082,36,82,702250,9519250,sur,25.0,69,1,1
LJ500_R036_C083,36,83,702750,9519250,sur,25.0,69,0,0
LJ500_R036_C084,36,84,703250,9519250,sur,25.0,69,1,1
LJ500_R036_C085,36,85,703750,9519250,sur,25.0,69,1,1
LJ500_R036_C086,36,86,704250,9519250,sur,25.0,69,1,1
LJ500_R036_C087,36,87,704750,9519250,sur,25.0,69,1,1
LJ500_R036_C088,36,88,705250,9519250,sur,25.0,69,1,1
LJ500_R036_C089,36,89,705750,9519250,sur,25.0,69,0,0
LJ500_R036_C090,36,90,706250,9519250,sur,25.0,69,0,0
LJ500_R036_C091,36,91,706750,9519250,sur,25.0,69,0,0
LJ500_R036_C092,36,92,707250,9519250,sur,25.0,69,0,0
LJ500_R036_C093,36,93,707750,9519250,sur,25.0,69,0,0
LJ500_R036_C094,36,94,708250,9519250,sur,25.0,69,0,0
LJ500_R036_C095,36,95,708750,9519250,sur,25.0,69,0,0
LJ500_R036_C096,36,96,709250,9519250,sur,21.73,69,0,0
LJ500_R036_C097,36,97,709750,9519250,sur,0.3601,0,0,0
LJ500_R037_C048,37,48,685250,9519750,sur,17.93,69,1,1
LJ500_R037_C049,37,49,685750,9519750,sur,25.0,69,2,2
LJ500_R037_C050,37,50,686250,9519750,sur,25.0,69,2,2
LJ500_R037_C051,37,51,686750,9519750,sur,25.0,69,2,2
LJ500_R037_C052,37,52,687250,9519750,sur,25.0,69,2,2
LJ500_R037_C053,37,53,687750,9519750,sur,25.0,69,1,1
LJ500_R037_C054,37,54,688250,9519750,sur,25.0,69,1,1
LJ500_R037_C055,37,55,688750,9519750,sur,25.0,69,0,0
LJ500_R037_C056,37,56,689250,9519750,sur,25.0,69,1,0
LJ500_R037_C057,37,57,689750,9519750,sur,25.0,69,1,0
LJ500_R037_C058,37,58,690250,9519750,sur,25.0,69,1,1
LJ500_R037_C059,37,59,690750,9519750,sur,25.0,69,1,1
LJ500_R037_C060,37,60,691250,9519750,sur,25.0,69,1,1
LJ500_R037_C061,37,61,691750,9519750,sur,25.0,69,1,1
LJ500_R037_C062,37,62,692250,9519750,sur,25.0,69,1,1
LJ500_R037_C063,37,63,692750,9519750,sur,25.0,69,1,1
LJ500_R037_C064,37,64,693250,9519750,sur,25.0,69,0,0
LJ500_R037_C065,37,65,693750,9519750,sur,25.0,69,0,0
LJ500_R037_C066,37,66,694250,9519750,sur,25.0,69,0,0
LJ500_R037_C067,37,67,694750,9519750,sur,25.0,69,0,0
LJ500_R037_C068,37,68,695250,9519750,sur,25.0,69,0,0
LJ500_R037_C069,37,69,695750,9519750,sur,25.0,69,2,2
LJ500_R037_C070,37,70,696250,9519750,sur,25.0,69,2,2
LJ500_R037_C071,37,71,696750,9519750,sur,25.0,69,2,2
LJ500_R037_C072,37,72,697250,9519750,sur,25.0,69,0,0
LJ500_R037_C073,37,73,697750,9519750,sur,25.0,69,1,1
LJ500_R037_C074,37,74,698250,9519750,sur,25.0,69,1,1
LJ500_R037_C075,37,75,698750,9519750,sur,25.0,69,1,1
LJ500_R037_C076,37,76,699250,9519750,sur,25.0,69,1,1
LJ500_R037_C077,37,77,699750,9519750,sur,25.0,69,1,1
LJ500_R037_C078,37,78,700250,9519750,sur,25.0,69,2,2
LJ500_R037_C079,37,79,700750,9519750,sur,25.0,69,1,1
LJ500_R037_C080,37,80,701250,9519750,sur,25.0,69,1,1
LJ500_R037_C081,37,81,701750,9519750,sur,25.0,69,1,1
LJ500_R037_C082,37,82,702250,9519750,sur,25.0,69,1,1
LJ500_R037_C083,37,83,702750,9519750,sur,25.0,69,0,0
LJ500_R037_C084,37,84,703250,9519750,sur,25.0,69,1,1
LJ500_R037_C085,37,85,703750,9519750,sur,25.0,69,1,1
LJ500_R037_C086,37,86,704250,9519750,sur,25.0,69,1,1
LJ500_R037_C087,37,87,704750,9519750,sur,25.0,69,1,1
LJ500_R037_C088,37,88,705250,9519750,sur,25.0,69,1,1
LJ500_R037_C089,37,89,705750,9519750,sur,25.0,69,0,0
LJ500_R037_C090,37,90,706250,9519750,sur,25.0,69,0,0
LJ500_R037_C091,37,91,706750,9519750,sur,25.0,69,0,0
LJ500_R037_C092,37,92,707250,9519750,sur,25.0,69,0,0
LJ500_R037_C093,37,93,707750,9519750,sur,25.0,69,0,0
LJ500_R037_C094,37,94,708250,9519750,sur,25.0,69,0,0
LJ500_R037_C095,37,95,708750,9519750,sur,25.0,69,0,0
LJ500_R037_C096,37,96,709250,9519750,sur,13.54,69,0,0
LJ500_R038_C048,38,48,685250,9520250,sur,15.56,69,1,1
LJ500_R038_C049,38,49,685750,9520250,sur,25.0,69,2,2
LJ500_R038_C050,38,50,686250,9520250,sur,25.0,69,2,2
LJ500_R038_C051,38,51,686750,9520250,sur,25.0,69,2,2
LJ500_R038_C052,38,52,687250,9520250,sur,25.0,69,2,2
LJ500_R038_C053,38,53,687750,9520250,sur,25.0,69,1,1
LJ500_R038_C054,38,54,688250,9520250,sur,25.0,69,1,1
LJ500_R038_C055,38,55,688750,9520250,sur,25.0,69,0,0
LJ500_R038_C056,38,56,689250,9520250,sur,25.0,69,0,0
LJ500_R038_C057,38,57,689750,9520250,sur,25.0,69,0,0
LJ500_R038_C058,38,58,690250,9520250,sur,25.0,69,0,0
LJ500_R038_C059,38,59,690750,9520250,sur,25.0,69,0,0
LJ500_R038_C060,38,60,691250,9520250,sur,25.0,69,1,1
LJ500_R038_C061,38,61,691750,9520250,sur,25.0,69,1,1
LJ500_R038_C062,38,62,692250,9520250,sur,25.0,69,1,1
LJ500_R038_C063,38,63,692750,9520250,sur,25.0,69,1,1
LJ500_R038_C064,38,64,693250,9520250,sur,25.0,69,1,1
LJ500_R038_C065,38,65,693750,9520250,sur,25.0,69,0,0
LJ500_R038_C066,38,66,694250,9520250,sur,25.0,69,0,0
LJ500_R038_C067,38,67,694750,9520250,sur,25.0,69,0,0
LJ500_R038_C068,38,68,695250,9520250,sur,25.0,69,0,0
LJ500_R038_C069,38,69,695750,9520250,sur,25.0,69,2,2
LJ500_R038_C070,38,70,696250,9520250,sur,25.0,69,2,2
LJ500_R038_C071,38,71,696750,9520250,sur,25.0,69,2,2
LJ500_R038_C072,38,72,697250,9520250,sur,25.0,69,0,0
LJ500_R038_C073,38,73,697750,9520250,sur,25.0,69,1,1
LJ500_R038_C074,38,74,698250,9520250,sur,25.0,69,1,1
LJ500_R038_C075,38,75,698750,9520250,sur,25.0,69,1,1
LJ500_R038_C076,38,76,699250,9520250,sur,25.0,69,1,1
LJ500_R038_C077,38,77,699750,9520250,sur,25.0,69,1,1
LJ500_R038_C078,38,78,700250,9520250,sur,25.0,69,1,1
LJ500_R038_C079,38,79,700750,9520250,sur,25.0,69,0,0
LJ500_R038_C080,38,80,701250,9520250,sur,25.0,69,1,1
LJ500_R038_C081,38,81,701750,9520250,sur,25.0,69,1,1
LJ500_R038_C082,38,82,702250,9520250,sur,25.0,69,1,1
LJ500_R038_C083,38,83,702750,9520250,sur,25.0,69,0,0
LJ500_R038_C084,38,84,703250,9520250,sur,25.0,69,0,0
LJ500_R038_C085,38,85,703750,9520250,sur,25.0,69,0,0
LJ500_R038_C086,38,86,704250,9520250,sur,25.0,69,0,0
LJ500_R038_C087,38,87,704750,9520250,sur,25.0,69,0,0
LJ500_R038_C088,38,88,705250,9520250,sur,25.0,69,0,0
LJ500_R038_C089,38,89,705750,9520250,sur,25.0,69,0,0
LJ500_R038_C090,38,90,706250,9520250,sur,25.0,69,0,0
LJ500_R038_C091,38,91,706750,9520250,sur,25.0,69,0,0
LJ500_R038_C092,38,92,707250,9520250,sur,25.0,69,0,0
LJ500_R038_C093,38,93,707750,9520250,sur,25.0,69,0,0
LJ500_R038_C094,38,94,708250,9520250,sur,25.0,69,0,0
LJ500_R038_C095,38,95,708750,9520250,sur,25.0,69,0,0
LJ500_R038_C096,38,96,709250,9520250,sur,23.36,69,0,0
LJ500_R038_C097,38,97,709750,9520250,sur,5.0865,69,0,0
LJ500_R039_C048,39,48,685250,9520750,sur,1.0133,69,1,1
LJ500_R039_C049,39,49,685750,9520750,sur,21.16,69,3,3
LJ500_R039_C050,39,50,686250,9520750,sur,25.0,69,2,2
LJ500_R039_C051,39,51,686750,9520750,sur,25.0,69,2,2
LJ500_R039_C052,39,52,687250,9520750,sur,25.0,69,1,1
LJ500_R039_C053,39,53,687750,9520750,sur,25.0,69,2,2
LJ500_R039_C054,39,54,688250,9520750,sur,25.0,69,2,2
LJ500_R039_C055,39,55,688750,9520750,sur,25.0,69,0,0
LJ500_R039_C056,39,56,689250,9520750,sur,25.0,69,1,1
LJ500_R039_C057,39,57,689750,9520750,sur,25.0,69,1,1
LJ500_R039_C058,39,58,690250,9520750,sur,25.0,69,1,1
LJ500_R039_C059,39,59,690750,9520750,sur,25.0,69,0,0
LJ500_R039_C060,39,60,691250,9520750,sur,25.0,69,1,1
LJ500_R039_C061,39,61,691750,9520750,sur,25.0,69,1,1
LJ500_R039_C062,39,62,692250,9520750,sur,25.0,69,1,1
LJ500_R039_C063,39,63,692750,9520750,sur,25.0,69,1,1
LJ500_R039_C064,39,64,693250,9520750,sur,25.0,69,1,1
LJ500_R039_C065,39,65,693750,9520750,sur,25.0,69,0,0
LJ500_R039_C066,39,66,694250,9520750,sur,25.0,69,0,0
LJ500_R039_C067,39,67,694750,9520750,sur,25.0,69,0,0
LJ500_R039_C068,39,68,695250,9520750,sur,25.0,69,0,0
LJ500_R039_C069,39,69,695750,9520750,sur,25.0,69,2,2
LJ500_R039_C070,39,70,696250,9520750,sur,25.0,69,2,2
LJ500_R039_C071,39,71,696750,9520750,sur,25.0,69,2,2
LJ500_R039_C072,39,72,697250,9520750,sur,25.0,69,1,1
LJ500_R039_C073,39,73,697750,9520750,sur,25.0,69,2,2
LJ500_R039_C074,39,74,698250,9520750,sur,25.0,69,1,1
LJ500_R039_C075,39,75,698750,9520750,sur,25.0,69,1,1
LJ500_R039_C076,39,76,699250,9520750,sur,25.0,69,1,1
LJ500_R039_C077,39,77,699750,9520750,sur,25.0,69,3,3
LJ500_R039_C078,39,78,700250,9520750,sur,25.0,69,3,3
LJ500_R039_C079,39,79,700750,9520750,sur,25.0,69,4,4
LJ500_R039_C080,39,80,701250,9520750,sur,25.0,69,2,2
LJ500_R039_C081,39,81,701750,9520750,sur,25.0,69,1,1
LJ500_R039_C082,39,82,702250,9520750,sur,25.0,69,1,1
LJ500_R039_C083,39,83,702750,9520750,sur,25.0,69,0,0
LJ500_R039_C084,39,84,703250,9520750,sur,25.0,69,1,1
LJ500_R039_C085,39,85,703750,9520750,sur,25.0,69,1,1
LJ500_R039_C086,39,86,704250,9520750,sur,25.0,69,1,1
LJ500_R039_C087,39,87,704750,9520750,sur,25.0,69,1,1
LJ500_R039_C088,39,88,705250,9520750,sur,25.0,69,1,1
LJ500_R039_C089,39,89,705750,9520750,sur,25.0,69,0,0
LJ500_R039_C090,39,90,706250,9520750,sur,25.0,69,0,0
LJ500_R039_C091,39,91,706750,9520750,sur,25.0,69,0,0
LJ500_R039_C092,39,92,707250,9520750,sur,25.0,69,0,0
LJ500_R039_C093,39,93,707750,9520750,sur,25.0,69,0,0
LJ500_R039_C094,39,94,708250,9520750,sur,25.0,69,0,0
LJ500_R039_C095,39,95,708750,9520750,sur,25.0,69,0,0
LJ500_R039_C096,39,96,709250,9520750,sur,25.0,69,0,0
LJ500_R039_C097,39,97,709750,9520750,sur,17.76,69,0,0
LJ500_R040_C049,40,49,685750,9521250,sur,2.5847,69,1,1
LJ500_R040_C050,40,50,686250,9521250,sur,22.77,69,1,1
LJ500_R040_C051,40,51,686750,9521250,sur,25.0,69,1,1
LJ500_R040_C052,40,52,687250,9521250,sur,25.0,69,0,0
LJ500_R040_C053,40,53,687750,9521250,sur,25.0,69,1,1
LJ500_R040_C054,40,54,688250,9521250,sur,25.0,69,1,1
LJ500_R040_C055,40,55,688750,9521250,sur,25.0,69,1,1
LJ500_R040_C056,40,56,689250,9521250,sur,25.0,69,1,1
LJ500_R040_C057,40,57,689750,9521250,sur,25.0,69,1,1
LJ500_R040_C058,40,58,690250,9521250,sur,25.0,69,1,1
LJ500_R040_C059,40,59,690750,9521250,sur,25.0,69,0,0
LJ500_R040_C060,40,60,691250,9521250,sur,25.0,69,1,1
LJ500_R040_C061,40,61,691750,9521250,sur,25.0,69,1,1
LJ500_R040_C062,40,62,692250,9521250,sur,25.0,69,1,1
LJ500_R040_C063,40,63,692750,9521250,sur,25.0,69,1,1
LJ500_R040_C064,40,64,693250,9521250,sur,25.0,69,1,1
LJ500_R040_C065,40,65,693750,9521250,sur,25.0,69,0,0
LJ500_R040_C066,40,66,694250,9521250,sur,25.0,69,0,0
LJ500_R040_C067,40,67,694750,9521250,sur,25.0,69,0,0
LJ500_R040_C068,40,68,695250,9521250,sur,25.0,69,0,0
LJ500_R040_C069,40,69,695750,9521250,sur,25.0,69,1,1
LJ500_R040_C070,40,70,696250,9521250,sur,25.0,69,1,1
LJ500_R040_C071,40,71,696750,9521250,sur,25.0,69,2,2
LJ500_R040_C072,40,72,697250,9521250,sur,25.0,69,1,1
LJ500_R040_C073,40,73,697750,9521250,sur,25.0,69,1,1
LJ500_R040_C074,40,74,698250,9521250,sur,25.0,69,0,0
LJ500_R040_C075,40,75,698750,9521250,sur,25.0,69,0,0
LJ500_R040_C076,40,76,699250,9521250,sur,25.0,69,0,0
LJ500_R040_C077,40,77,699750,9521250,sur,25.0,69,2,2
LJ500_R040_C078,40,78,700250,9521250,sur,25.0,69,2,2
LJ500_R040_C079,40,79,700750,9521250,sur,25.0,69,3,3
LJ500_R040_C080,40,80,701250,9521250,sur,25.0,69,1,1
LJ500_R040_C081,40,81,701750,9521250,sur,25.0,69,1,1
LJ500_R040_C082,40,82,702250,9521250,sur,25.0,69,0,0
LJ500_R040_C083,40,83,702750,9521250,sur,25.0,69,0,0
LJ500_R040_C084,40,84,703250,9521250,sur,25.0,69,1,1
LJ500_R040_C085,40,85,703750,9521250,sur,25.0,69,1,1
LJ500_R040_C086,40,86,704250,9521250,sur,25.0,69,1,1
LJ500_R040_C087,40,87,704750,9521250,sur,25.0,69,1,1
LJ500_R040_C088,40,88,705250,9521250,sur,25.0,69,1,1
LJ500_R040_C089,40,89,705750,9521250,sur,25.0,69,0,0
LJ500_R040_C090,40,90,706250,9521250,sur,25.0,69,0,0
LJ500_R040_C091,40,91,706750,9521250,sur,25.0,69,0,0
LJ500_R040_C092,40,92,707250,9521250,sur,25.0,69,0,0
LJ500_R040_C093,40,93,707750,9521250,sur,25.0,69,0,0
LJ500_R040_C094,40,94,708250,9521250,sur,25.0,69,0,0
LJ500_R040_C095,40,95,708750,9521250,sur,25.0,69,0,0
LJ500_R040_C096,40,96,709250,9521250,sur,25.0,69,0,0
LJ500_R040_C097,40,97,709750,9521250,sur,8.066,69,0,0
LJ500_R041_C050,41,50,686250,9521750,sur,16.8,69,1,1
LJ500_R041_C051,41,51,686750,9521750,sur,25.0,69,1,1
LJ500_R041_C052,41,52,687250,9521750,sur,25.0,69,0,0
LJ500_R041_C053,41,53,687750,9521750,sur,25.0,69,1,1
LJ500_R041_C054,41,54,688250,9521750,sur,25.0,69,1,1
LJ500_R041_C055,41,55,688750,9521750,sur,25.0,69,1,1
LJ500_R041_C056,41,56,689250,9521750,sur,25.0,69,2,2
LJ500_R041_C057,41,57,689750,9521750,sur,25.0,69,1,1
LJ500_R041_C058,41,58,690250,9521750,sur,25.0,69,1,1
LJ500_R041_C059,41,59,690750,9521750,sur,25.0,69,0,0
LJ500_R041_C060,41,60,691250,9521750,sur,25.0,69,1,1
LJ500_R041_C061,41,61,691750,9521750,sur,25.0,69,1,1
LJ500_R041_C062,41,62,692250,9521750,sur,25.0,69,1,1
LJ500_R041_C063,41,63,692750,9521750,sur,25.0,69,1,1
LJ500_R041_C064,41,64,693250,9521750,sur,25.0,69,2,2
LJ500_R041_C065,41,65,693750,9521750,sur,25.0,69,1,1
LJ500_R041_C066,41,66,694250,9521750,sur,25.0,69,1,1
LJ500_R041_C067,41,67,694750,9521750,sur,25.0,69,0,0
LJ500_R041_C068,41,68,695250,9521750,sur,25.0,69,1,1
LJ500_R041_C069,41,69,695750,9521750,sur,25.0,69,2,2
LJ500_R041_C070,41,70,696250,9521750,sur,25.0,69,1,1
LJ500_R041_C071,41,71,696750,9521750,sur,25.0,69,2,2
LJ500_R041_C072,41,72,697250,9521750,sur,25.0,69,1,1
LJ500_R041_C073,41,73,697750,9521750,sur,25.0,69,1,1
LJ500_R041_C074,41,74,698250,9521750,sur,25.0,69,0,0
LJ500_R041_C075,41,75,698750,9521750,sur,25.0,69,1,1
LJ500_R041_C076,41,76,699250,9521750,sur,25.0,69,1,1
LJ500_R041_C077,41,77,699750,9521750,sur,25.0,69,2,2
LJ500_R041_C078,41,78,700250,9521750,sur,25.0,69,2,2
LJ500_R041_C079,41,79,700750,9521750,sur,25.0,69,3,3
LJ500_R041_C080,41,80,701250,9521750,sur,25.0,69,2,2
LJ500_R041_C081,41,81,701750,9521750,sur,25.0,69,3,3
LJ500_R041_C082,41,82,702250,9521750,sur,25.0,69,2,2
LJ500_R041_C083,41,83,702750,9521750,sur,25.0,69,1,1
LJ500_R041_C084,41,84,703250,9521750,sur,25.0,69,2,2
LJ500_R041_C085,41,85,703750,9521750,sur,25.0,69,1,1
LJ500_R041_C086,41,86,704250,9521750,sur,25.0,69,1,1
LJ500_R041_C087,41,87,704750,9521750,sur,25.0,69,1,1
LJ500_R041_C088,41,88,705250,9521750,sur,25.0,69,1,1
LJ500_R041_C089,41,89,705750,9521750,sur,25.0,69,0,0
LJ500_R041_C090,41,90,706250,9521750,sur,25.0,69,0,0
LJ500_R041_C091,41,91,706750,9521750,sur,25.0,69,0,0
LJ500_R041_C092,41,92,707250,9521750,sur,25.0,69,0,0
LJ500_R041_C093,41,93,707750,9521750,sur,25.0,69,0,0
LJ500_R041_C094,41,94,708250,9521750,sur,25.0,69,0,0
LJ500_R041_C095,41,95,708750,9521750,sur,25.0,69,0,0
LJ500_R041_C096,41,96,709250,9521750,sur,25.0,69,0,0
LJ500_R041_C097,41,97,709750,9521750,sur,0.6862,69,0,0
LJ500_R042_C049,42,49,685750,9522250,sur,6.8372,69,2,2
LJ500_R042_C050,42,50,686250,9522250,sur,21.82,69,1,1
LJ500_R042_C051,42,51,686750,9522250,sur,25.0,69,1,1
LJ500_R042_C052,42,52,687250,9522250,sur,25.0,69,0,0
LJ500_R042_C053,42,53,687750,9522250,sur,25.0,69,1,1
LJ500_R042_C054,42,54,688250,9522250,sur,25.0,69,1,1
LJ500_R042_C055,42,55,688750,9522250,sur,25.0,69,1,1
LJ500_R042_C056,42,56,689250,9522250,sur,25.0,69,1,1
LJ500_R042_C057,42,57,689750,9522250,sur,25.0,69,1,1
LJ500_R042_C058,42,58,690250,9522250,sur,25.0,69,0,0
LJ500_R042_C059,42,59,690750,9522250,sur,25.0,69,0,0
LJ500_R042_C060,42,60,691250,9522250,sur,25.0,69,1,1
LJ500_R042_C061,42,61,691750,9522250,sur,25.0,69,1,1
LJ500_R042_C062,42,62,692250,9522250,sur,25.0,69,1,1
LJ500_R042_C063,42,63,692750,9522250,sur,25.0,69,1,1
LJ500_R042_C064,42,64,693250,9522250,sur,25.0,69,2,2
LJ500_R042_C065,42,65,693750,9522250,sur,25.0,69,1,1
LJ500_R042_C066,42,66,694250,9522250,sur,25.0,69,1,1
LJ500_R042_C067,42,67,694750,9522250,sur,25.0,69,0,0
LJ500_R042_C068,42,68,695250,9522250,sur,25.0,69,1,1
LJ500_R042_C069,42,69,695750,9522250,sur,25.0,69,1,1
LJ500_R042_C070,42,70,696250,9522250,sur,25.0,69,1,1
LJ500_R042_C071,42,71,696750,9522250,sur,25.0,69,0,0
LJ500_R042_C072,42,72,697250,9522250,sur,25.0,69,0,0
LJ500_R042_C073,42,73,697750,9522250,sur,25.0,69,0,0
LJ500_R042_C074,42,74,698250,9522250,sur,25.0,69,0,0
LJ500_R042_C075,42,75,698750,9522250,sur,25.0,69,1,1
LJ500_R042_C076,42,76,699250,9522250,sur,25.0,69,1,1
LJ500_R042_C077,42,77,699750,9522250,sur,25.0,69,1,1
LJ500_R042_C078,42,78,700250,9522250,sur,25.0,69,1,1
LJ500_R042_C079,42,79,700750,9522250,sur,25.0,69,1,1
LJ500_R042_C080,42,80,701250,9522250,sur,25.0,69,1,1
LJ500_R042_C081,42,81,701750,9522250,sur,25.0,69,2,2
LJ500_R042_C082,42,82,702250,9522250,sur,25.0,69,2,2
LJ500_R042_C083,42,83,702750,9522250,sur,25.0,69,2,2
LJ500_R042_C084,42,84,703250,9522250,sur,25.0,69,1,1
LJ500_R042_C085,42,85,703750,9522250,sur,25.0,69,0,0
LJ500_R042_C086,42,86,704250,9522250,sur,25.0,69,0,0
LJ500_R042_C087,42,87,704750,9522250,sur,25.0,69,0,0
LJ500_R042_C088,42,88,705250,9522250,sur,25.0,69,0,0
LJ500_R042_C089,42,89,705750,9522250,sur,25.0,69,0,0
LJ500_R042_C090,42,90,706250,9522250,sur,25.0,69,0,0
LJ500_R042_C091,42,91,706750,9522250,sur,25.0,69,0,0
LJ500_R042_C092,42,92,707250,9522250,sur,25.0,69,0,0
LJ500_R042_C093,42,93,707750,9522250,sur,25.0,69,0,0
LJ500_R042_C094,42,94,708250,9522250,sur,25.0,69,0,0
LJ500_R042_C095,42,95,708750,9522250,sur,25.0,69,0,0
LJ500_R042_C096,42,96,709250,9522250,sur,20.32,69,0,0
LJ500_R043_C048,43,48,685250,9522750,sur,3.2273,69,1,1
LJ500_R043_C049,43,49,685750,9522750,sur,24.25,69,2,2
LJ500_R043_C050,43,50,686250,9522750,sur,25.0,69,1,1
LJ500_R043_C051,43,51,686750,9522750,sur,25.0,69,2,2
LJ500_R043_C052,43,52,687250,9522750,sur,25.0,69,1,1
LJ500_R043_C053,43,53,687750,9522750,sur,25.0,69,2,2
LJ500_R043_C054,43,54,688250,9522750,sur,25.0,69,1,1
LJ500_R043_C055,43,55,688750,9522750,sur,25.0,69,1,1
LJ500_R043_C056,43,56,689250,9522750,sur,25.0,69,1,1
LJ500_R043_C057,43,57,689750,9522750,sur,25.0,69,1,1
LJ500_R043_C058,43,58,690250,9522750,sur,25.0,69,1,1
LJ500_R043_C059,43,59,690750,9522750,sur,25.0,69,1,1
LJ500_R043_C060,43,60,691250,9522750,sur,25.0,69,2,2
LJ500_R043_C061,43,61,691750,9522750,sur,25.0,69,1,1
LJ500_R043_C062,43,62,692250,9522750,sur,25.0,69,1,1
LJ500_R043_C063,43,63,692750,9522750,sur,25.0,69,1,1
LJ500_R043_C064,43,64,693250,9522750,sur,25.0,69,2,2
LJ500_R043_C065,43,65,693750,9522750,sur,25.0,69,1,1
LJ500_R043_C066,43,66,694250,9522750,sur,25.0,69,1,1
LJ500_R043_C067,43,67,694750,9522750,sur,25.0,69,0,0
LJ500_R043_C068,43,68,695250,9522750,sur,25.0,69,1,1
LJ500_R043_C069,43,69,695750,9522750,sur,25.0,69,1,1
LJ500_R043_C070,43,70,696250,9522750,sur,25.0,69,1,1
LJ500_R043_C071,43,71,696750,9522750,sur,25.0,69,0,0
LJ500_R043_C072,43,72,697250,9522750,sur,25.0,69,1,1
LJ500_R043_C073,43,73,697750,9522750,sur,25.0,69,1,1
LJ500_R043_C074,43,74,698250,9522750,sur,25.0,69,0,0
LJ500_R043_C075,43,75,698750,9522750,sur,25.0,69,2,2
LJ500_R043_C076,43,76,699250,9522750,sur,25.0,69,2,2
LJ500_R043_C077,43,77,699750,9522750,sur,25.0,69,2,2
LJ500_R043_C078,43,78,700250,9522750,sur,25.0,69,1,1
LJ500_R043_C079,43,79,700750,9522750,sur,25.0,69,1,1
LJ500_R043_C080,43,80,701250,9522750,sur,25.0,69,1,1
LJ500_R043_C081,43,81,701750,9522750,sur,25.0,69,2,2
LJ500_R043_C082,43,82,702250,9522750,sur,25.0,69,2,2
LJ500_R043_C083,43,83,702750,9522750,sur,25.0,69,2,2
LJ500_R043_C084,43,84,703250,9522750,sur,25.0,69,1,1
LJ500_R043_C085,43,85,703750,9522750,sur,25.0,69,0,0
LJ500_R043_C086,43,86,704250,9522750,sur,25.0,69,0,0
LJ500_R043_C087,43,87,704750,9522750,sur,25.0,69,0,0
LJ500_R043_C088,43,88,705250,9522750,sur,25.0,69,0,0
LJ500_R043_C089,43,89,705750,9522750,sur,25.0,69,0,0
LJ500_R043_C090,43,90,706250,9522750,sur,25.0,69,0,0
LJ500_R043_C091,43,91,706750,9522750,sur,25.0,69,0,0
LJ500_R043_C092,43,92,707250,9522750,sur,25.0,69,0,0
LJ500_R043_C093,43,93,707750,9522750,sur,25.0,69,0,0
LJ500_R043_C094,43,94,708250,9522750,sur,25.0,69,0,0
LJ500_R043_C095,43,95,708750,9522750,sur,23.1,69,0,0
LJ500_R043_C096,43,96,709250,9522750,sur,4.0011,69,0,0
LJ500_R044_C048,44,48,685250,9523250,sur,8.8904,69,1,1
LJ500_R044_C049,44,49,685750,9523250,sur,25.0,69,1,1
LJ500_R044_C050,44,50,686250,9523250,sur,25.0,69,0,0
LJ500_R044_C051,44,51,686750,9523250,sur,25.0,69,1,1
LJ500_R044_C052,44,52,687250,9523250,sur,25.0,69,1,1
LJ500_R044_C053,44,53,687750,9523250,sur,25.0,69,1,1
LJ500_R044_C054,44,54,688250,9523250,sur,25.0,69,0,0
LJ500_R044_C055,44,55,688750,9523250,sur,25.0,69,1,1
LJ500_R044_C056,44,56,689250,9523250,sur,25.0,69,1,1
LJ500_R044_C057,44,57,689750,9523250,sur,25.0,69,1,1
LJ500_R044_C058,44,58,690250,9523250,sur,25.0,69,1,1
LJ500_R044_C059,44,59,690750,9523250,sur,25.0,69,1,1
LJ500_R044_C060,44,60,691250,9523250,sur,25.0,69,1,1
LJ500_R044_C061,44,61,691750,9523250,sur,25.0,69,1,1
LJ500_R044_C062,44,62,692250,9523250,sur,25.0,69,0,0
LJ500_R044_C063,44,63,692750,9523250,sur,25.0,69,0,0
LJ500_R044_C064,44,64,693250,9523250,sur,25.0,69,0,0
LJ500_R044_C065,44,65,693750,9523250,sur,25.0,69,0,0
LJ500_R044_C066,44,66,694250,9523250,sur,25.0,69,0,0
LJ500_R044_C067,44,67,694750,9523250,sur,25.0,69,0,0
LJ500_R044_C068,44,68,695250,9523250,sur,25.0,69,0,0
LJ500_R044_C069,44,69,695750,9523250,sur,25.0,69,0,0
LJ500_R044_C070,44,70,696250,9523250,sur,25.0,69,0,0
LJ500_R044_C071,44,71,696750,9523250,sur,25.0,69,0,0
LJ500_R044_C072,44,72,697250,9523250,sur,25.0,69,1,1
LJ500_R044_C073,44,73,697750,9523250,sur,25.0,69,1,1
LJ500_R044_C074,44,74,698250,9523250,sur,25.0,69,1,1
LJ500_R044_C075,44,75,698750,9523250,sur,25.0,69,1,1
LJ500_R044_C076,44,76,699250,9523250,sur,25.0,69,1,1
LJ500_R044_C077,44,77,699750,9523250,sur,25.0,69,1,1
LJ500_R044_C078,44,78,700250,9523250,sur,25.0,69,0,0
LJ500_R044_C079,44,79,700750,9523250,sur,25.0,69,0,0
LJ500_R044_C080,44,80,701250,9523250,sur,25.0,69,0,0
LJ500_R044_C081,44,81,701750,9523250,sur,25.0,69,0,0
LJ500_R044_C082,44,82,702250,9523250,sur,25.0,69,0,0
LJ500_R044_C083,44,83,702750,9523250,sur,25.0,69,0,0
LJ500_R044_C084,44,84,703250,9523250,sur,25.0,69,0,0
LJ500_R044_C085,44,85,703750,9523250,sur,25.0,69,0,0
LJ500_R044_C086,44,86,704250,9523250,sur,25.0,69,0,0
LJ500_R044_C087,44,87,704750,9523250,sur,25.0,69,0,0
LJ500_R044_C088,44,88,705250,9523250,sur,25.0,69,0,0
LJ500_R044_C089,44,89,705750,9523250,sur,25.0,69,0,0
LJ500_R044_C090,44,90,706250,9523250,sur,25.0,69,0,0
LJ500_R044_C091,44,91,706750,9523250,sur,25.0,69,0,0
LJ500_R044_C092,44,92,707250,9523250,sur,25.0,69,0,0
LJ500_R044_C093,44,93,707750,9523250,sur,25.0,69,0,0
LJ500_R044_C094,44,94,708250,9523250,sur,25.0,69,0,0
LJ500_R044_C095,44,95,708750,9523250,sur,9.227,69,0,0
LJ500_R045_C048,45,48,685250,9523750,sur,7.7426,69,2,1
LJ500_R045_C049,45,49,685750,9523750,sur,25.0,69,2,1
LJ500_R045_C050,45,50,686250,9523750,sur,25.0,69,2,1
LJ500_R045_C051,45,51,686750,9523750,sur,25.0,69,1,1
LJ500_R045_C052,45,52,687250,9523750,sur,25.0,69,1,1
LJ500_R045_C053,45,53,687750,9523750,sur,25.0,69,2,2
LJ500_R045_C054,45,54,688250,9523750,sur,25.0,69,1,1
LJ500_R045_C055,45,55,688750,9523750,sur,25.0,69,1,1
LJ500_R045_C056,45,56,689250,9523750,sur,25.0,69,1,1
LJ500_R045_C057,45,57,689750,9523750,sur,25.0,69,1,1
LJ500_R045_C058,45,58,690250,9523750,sur,25.0,69,1,1
LJ500_R045_C059,45,59,690750,9523750,sur,25.0,69,1,1
LJ500_R045_C060,45,60,691250,9523750,sur,25.0,69,1,1
LJ500_R045_C061,45,61,691750,9523750,sur,25.0,69,1,1
LJ500_R045_C062,45,62,692250,9523750,sur,25.0,69,1,0
LJ500_R045_C063,45,63,692750,9523750,sur,25.0,69,1,0
LJ500_R045_C064,45,64,693250,9523750,sur,25.0,69,0,0
LJ500_R045_C065,45,65,693750,9523750,sur,25.0,69,0,0
LJ500_R045_C066,45,66,694250,9523750,sur,25.0,69,1,1
LJ500_R045_C067,45,67,694750,9523750,sur,25.0,69,1,1
LJ500_R045_C068,45,68,695250,9523750,sur,25.0,69,1,1
LJ500_R045_C069,45,69,695750,9523750,sur,25.0,69,0,0
LJ500_R045_C070,45,70,696250,9523750,sur,25.0,69,0,0
LJ500_R045_C071,45,71,696750,9523750,sur,25.0,69,0,0
LJ500_R045_C072,45,72,697250,9523750,sur,25.0,69,1,1
LJ500_R045_C073,45,73,697750,9523750,sur,25.0,69,1,1
LJ500_R045_C074,45,74,698250,9523750,sur,25.0,69,2,2
LJ500_R045_C075,45,75,698750,9523750,sur,25.0,69,1,1
LJ500_R045_C076,45,76,699250,9523750,sur,25.0,69,1,1
LJ500_R045_C077,45,77,699750,9523750,sur,25.0,69,1,1
LJ500_R045_C078,45,78,700250,9523750,sur,25.0,69,1,1
LJ500_R045_C079,45,79,700750,9523750,sur,25.0,69,1,1
LJ500_R045_C080,45,80,701250,9523750,sur,25.0,69,1,1
LJ500_R045_C081,45,81,701750,9523750,sur,25.0,69,1,1
LJ500_R045_C082,45,82,702250,9523750,sur,25.0,69,0,0
LJ500_R045_C083,45,83,702750,9523750,sur,25.0,69,0,0
LJ500_R045_C084,45,84,703250,9523750,sur,25.0,69,0,0
LJ500_R045_C085,45,85,703750,9523750,sur,25.0,69,0,0
LJ500_R045_C086,45,86,704250,9523750,sur,25.0,69,0,0
LJ500_R045_C087,45,87,704750,9523750,sur,25.0,69,0,0
LJ500_R045_C088,45,88,705250,9523750,sur,25.0,69,0,0
LJ500_R045_C089,45,89,705750,9523750,sur,25.0,69,0,0
LJ500_R045_C090,45,90,706250,9523750,sur,25.0,69,0,0
LJ500_R045_C091,45,91,706750,9523750,sur,25.0,69,0,0
LJ500_R045_C092,45,92,707250,9523750,sur,25.0,69,0,0
LJ500_R045_C093,45,93,707750,9523750,sur,25.0,69,0,0
LJ500_R045_C094,45,94,708250,9523750,sur,25.0,69,0,0
LJ500_R045_C095,45,95,708750,9523750,sur,10.83,69,0,0
LJ500_R046_C048,46,48,685250,9524250,sur,10.36,69,1,0
LJ500_R046_C049,46,49,685750,9524250,sur,24.76,69,1,0
LJ500_R046_C050,46,50,686250,9524250,sur,25.0,69,2,1
LJ500_R046_C051,46,51,686750,9524250,sur,25.0,69,1,1
LJ500_R046_C052,46,52,687250,9524250,sur,25.0,69,1,1
LJ500_R046_C053,46,53,687750,9524250,sur,25.0,69,2,2
LJ500_R046_C054,46,54,688250,9524250,sur,25.0,69,1,1
LJ500_R046_C055,46,55,688750,9524250,sur,25.0,69,1,1
LJ500_R046_C056,46,56,689250,9524250,sur,25.0,69,0,0
LJ500_R046_C057,46,57,689750,9524250,sur,25.0,69,0,0
LJ500_R046_C058,46,58,690250,9524250,sur,25.0,69,0,0
LJ500_R046_C059,46,59,690750,9524250,sur,25.0,69,1,1
LJ500_R046_C060,46,60,691250,9524250,sur,25.0,69,1,1
LJ500_R046_C061,46,61,691750,9524250,sur,25.0,69,1,1
LJ500_R046_C062,46,62,692250,9524250,sur,25.0,69,1,0
LJ500_R046_C063,46,63,692750,9524250,sur,25.0,69,1,0
LJ500_R046_C064,46,64,693250,9524250,sur,25.0,69,0,0
LJ500_R046_C065,46,65,693750,9524250,sur,25.0,69,0,0
LJ500_R046_C066,46,66,694250,9524250,sur,25.0,69,1,1
LJ500_R046_C067,46,67,694750,9524250,sur,25.0,69,1,1
LJ500_R046_C068,46,68,695250,9524250,sur,25.0,69,1,1
LJ500_R046_C069,46,69,695750,9524250,sur,25.0,69,0,0
LJ500_R046_C070,46,70,696250,9524250,sur,25.0,69,0,0
LJ500_R046_C071,46,71,696750,9524250,sur,25.0,69,0,0
LJ500_R046_C072,46,72,697250,9524250,sur,25.0,69,0,0
LJ500_R046_C073,46,73,697750,9524250,sur,25.0,69,0,0
LJ500_R046_C074,46,74,698250,9524250,sur,25.0,69,1,1
LJ500_R046_C075,46,75,698750,9524250,sur,25.0,69,1,1
LJ500_R046_C076,46,76,699250,9524250,sur,25.0,69,1,1
LJ500_R046_C077,46,77,699750,9524250,sur,25.0,69,1,1
LJ500_R046_C078,46,78,700250,9524250,sur,25.0,69,1,1
LJ500_R046_C079,46,79,700750,9524250,sur,25.0,69,1,1
LJ500_R046_C080,46,80,701250,9524250,sur,25.0,69,1,1
LJ500_R046_C081,46,81,701750,9524250,sur,25.0,69,1,1
LJ500_R046_C082,46,82,702250,9524250,sur,25.0,69,0,0
LJ500_R046_C083,46,83,702750,9524250,sur,25.0,69,0,0
LJ500_R046_C084,46,84,703250,9524250,sur,25.0,69,0,0
LJ500_R046_C085,46,85,703750,9524250,sur,25.0,69,0,0
LJ500_R046_C086,46,86,704250,9524250,sur,25.0,69,0,0
LJ500_R046_C087,46,87,704750,9524250,sur,25.0,69,0,0
LJ500_R046_C088,46,88,705250,9524250,sur,25.0,69,0,0
LJ500_R046_C089,46,89,705750,9524250,sur,25.0,69,0,0
LJ500_R046_C090,46,90,706250,9524250,sur,25.0,69,0,0
LJ500_R046_C091,46,91,706750,9524250,sur,25.0,69,0,0
LJ500_R046_C092,46,92,707250,9524250,sur,25.0,69,0,0
LJ500_R046_C093,46,93,707750,9524250,sur,25.0,69,0,0
LJ500_R046_C094,46,94,708250,9524250,sur,25.0,69,0,0
LJ500_R046_C095,46,95,708750,9524250,sur,24.99,69,0,0
LJ500_R046_C096,46,96,709250,9524250,sur,12.14,69,0,0
LJ500_R047_C049,47,49,685750,9524750,sur,10.89,69,0,0
LJ500_R047_C050,47,50,686250,9524750,sur,25.0,69,0,0
LJ500_R047_C051,47,51,686750,9524750,sur,25.0,69,0,0
LJ500_R047_C052,47,52,687250,9524750,sur,25.0,69,1,1
LJ500_R047_C053,47,53,687750,9524750,sur,25.0,69,1,1
LJ500_R047_C054,47,54,688250,9524750,sur,25.0,69,0,0
LJ500_R047_C055,47,55,688750,9524750,sur,25.0,69,0,0
LJ500_R047_C056,47,56,689250,9524750,sur,25.0,69,0,0
LJ500_R047_C057,47,57,689750,9524750,sur,25.0,69,1,1
LJ500_R047_C058,47,58,690250,9524750,sur,25.0,69,1,1
LJ500_R047_C059,47,59,690750,9524750,sur,25.0,69,1,1
LJ500_R047_C060,47,60,691250,9524750,sur,25.0,69,0,0
LJ500_R047_C061,47,61,691750,9524750,sur,25.0,69,0,0
LJ500_R047_C062,47,62,692250,9524750,sur,25.0,69,0,0
LJ500_R047_C063,47,63,692750,9524750,sur,25.0,69,1,1
LJ500_R047_C064,47,64,693250,9524750,sur,25.0,69,1,1
LJ500_R047_C065,47,65,693750,9524750,sur,25.0,69,1,1
LJ500_R047_C066,47,66,694250,9524750,sur,25.0,69,1,0
LJ500_R047_C067,47,67,694750,9524750,sur,25.0,69,1,0
LJ500_R047_C068,47,68,695250,9524750,sur,25.0,69,1,0
LJ500_R047_C069,47,69,695750,9524750,sur,25.0,69,0,0
LJ500_R047_C070,47,70,696250,9524750,sur,25.0,69,0,0
LJ500_R047_C071,47,71,696750,9524750,sur,25.0,69,0,0
LJ500_R047_C072,47,72,697250,9524750,sur,25.0,69,0,0
LJ500_R047_C073,47,73,697750,9524750,sur,25.0,69,0,0
LJ500_R047_C074,47,74,698250,9524750,sur,25.0,69,1,1
LJ500_R047_C075,47,75,698750,9524750,sur,25.0,69,1,1
LJ500_R047_C076,47,76,699250,9524750,sur,25.0,69,1,1
LJ500_R047_C077,47,77,699750,9524750,sur,25.0,69,1,1
LJ500_R047_C078,47,78,700250,9524750,sur,25.0,69,1,1
LJ500_R047_C079,47,79,700750,9524750,sur,25.0,69,1,1
LJ500_R047_C080,47,80,701250,9524750,sur,25.0,69,1,1
LJ500_R047_C081,47,81,701750,9524750,sur,25.0,69,1,1
LJ500_R047_C082,47,82,702250,9524750,sur,25.0,69,0,0
LJ500_R047_C083,47,83,702750,9524750,sur,25.0,69,0,0
LJ500_R047_C084,47,84,703250,9524750,sur,25.0,69,0,0
LJ500_R047_C085,47,85,703750,9524750,sur,25.0,69,0,0
LJ500_R047_C086,47,86,704250,9524750,sur,25.0,69,0,0
LJ500_R047_C087,47,87,704750,9524750,sur,25.0,69,0,0
LJ500_R047_C088,47,88,705250,9524750,sur,25.0,69,0,0
LJ500_R047_C089,47,89,705750,9524750,sur,25.0,69,0,0
LJ500_R047_C090,47,90,706250,9524750,sur,25.0,69,0,0
LJ500_R047_C091,47,91,706750,9524750,sur,25.0,69,0,0
LJ500_R047_C092,47,92,707250,9524750,sur,25.0,69,0,0
LJ500_R047_C093,47,93,707750,9524750,sur,25.0,69,0,0
LJ500_R047_C094,47,94,708250,9524750,sur,25.0,69,0,0
LJ500_R047_C095,47,95,708750,9524750,sur,25.0,69,0,0
LJ500_R047_C096,47,96,709250,9524750,sur,23.75,69,0,0
LJ500_R047_C097,47,97,709750,9524750,sur,1.4848,69,0,0
LJ500_R048_C049,48,49,685750,9525250,sur,3.608,69,0,0
LJ500_R048_C050,48,50,686250,9525250,sur,25.0,69,0,0
LJ500_R048_C051,48,51,686750,9525250,sur,25.0,69,0,0
LJ500_R048_C052,48,52,687250,9525250,sur,25.0,69,1,1
LJ500_R048_C053,48,53,687750,9525250,sur,25.0,69,1,1
LJ500_R048_C054,48,54,688250,9525250,sur,25.0,69,1,1
LJ500_R048_C055,48,55,688750,9525250,sur,25.0,69,0,0
LJ500_R048_C056,48,56,689250,9525250,sur,25.0,69,0,0
LJ500_R048_C057,48,57,689750,9525250,sur,25.0,69,1,1
LJ500_R048_C058,48,58,690250,9525250,sur,25.0,69,1,1
LJ500_R048_C059,48,59,690750,9525250,sur,25.0,69,1,1
LJ500_R048_C060,48,60,691250,9525250,sur,25.0,69,0,0
LJ500_R048_C061,48,61,691750,9525250,sur,25.0,69,0,0
LJ500_R048_C062,48,62,692250,9525250,sur,25.0,69,0,0
LJ500_R048_C063,48,63,692750,9525250,sur,25.0,69,2,1
LJ500_R048_C064,48,64,693250,9525250,sur,25.0,69,2,1
LJ500_R048_C065,48,65,693750,9525250,sur,25.0,69,2,1
LJ500_R048_C066,48,66,694250,9525250,sur,25.0,69,0,0
LJ500_R048_C067,48,67,694750,9525250,sur,25.0,69,1,1
LJ500_R048_C068,48,68,695250,9525250,sur,25.0,69,1,1
LJ500_R048_C069,48,69,695750,9525250,sur,25.0,69,1,1
LJ500_R048_C070,48,70,696250,9525250,sur,25.0,69,1,1
LJ500_R048_C071,48,71,696750,9525250,sur,25.0,69,0,0
LJ500_R048_C072,48,72,697250,9525250,sur,25.0,69,1,1
LJ500_R048_C073,48,73,697750,9525250,sur,25.0,69,1,1
LJ500_R048_C074,48,74,698250,9525250,sur,25.0,69,1,1
LJ500_R048_C075,48,75,698750,9525250,sur,25.0,69,1,1
LJ500_R048_C076,48,76,699250,9525250,sur,25.0,69,1,1
LJ500_R048_C077,48,77,699750,9525250,sur,25.0,69,1,1
LJ500_R048_C078,48,78,700250,9525250,sur,25.0,69,1,1
LJ500_R048_C079,48,79,700750,9525250,sur,25.0,69,1,1
LJ500_R048_C080,48,80,701250,9525250,sur,25.0,69,1,1
LJ500_R048_C081,48,81,701750,9525250,sur,25.0,69,1,1
LJ500_R048_C082,48,82,702250,9525250,sur,25.0,69,0,0
LJ500_R048_C083,48,83,702750,9525250,sur,25.0,69,0,0
LJ500_R048_C084,48,84,703250,9525250,sur,25.0,69,0,0
LJ500_R048_C085,48,85,703750,9525250,sur,25.0,69,0,0
LJ500_R048_C086,48,86,704250,9525250,sur,25.0,69,0,0
LJ500_R048_C087,48,87,704750,9525250,sur,25.0,69,0,0
LJ500_R048_C088,48,88,705250,9525250,sur,25.0,69,0,0
LJ500_R048_C089,48,89,705750,9525250,sur,25.0,69,0,0
LJ500_R048_C090,48,90,706250,9525250,sur,25.0,69,0,0
LJ500_R048_C091,48,91,706750,9525250,sur,25.0,69,0,0
LJ500_R048_C092,48,92,707250,9525250,sur,25.0,69,0,0
LJ500_R048_C093,48,93,707750,9525250,sur,25.0,69,0,0
LJ500_R048_C094,48,94,708250,9525250,sur,25.0,69,0,0
LJ500_R048_C095,48,95,708750,9525250,sur,25.0,69,0,0
LJ500_R048_C096,48,96,709250,9525250,sur,25.0,69,0,0
LJ500_R048_C097,48,97,709750,9525250,sur,17.45,69,0,0
LJ500_R049_C049,49,49,685750,9525750,sur,9.0766,69,0,0
LJ500_R049_C050,49,50,686250,9525750,sur,25.0,69,0,0
LJ500_R049_C051,49,51,686750,9525750,sur,25.0,69,0,0
LJ500_R049_C052,49,52,687250,9525750,sur,25.0,69,0,0
LJ500_R049_C053,49,53,687750,9525750,sur,25.0,69,0,0
LJ500_R049_C054,49,54,688250,9525750,sur,25.0,69,0,0
LJ500_R049_C055,49,55,688750,9525750,sur,25.0,69,0,0
LJ500_R049_C056,49,56,689250,9525750,sur,25.0,69,0,0
LJ500_R049_C057,49,57,689750,9525750,sur,25.0,69,0,0
LJ500_R049_C058,49,58,690250,9525750,sur,25.0,69,0,0
LJ500_R049_C059,49,59,690750,9525750,sur,25.0,69,0,0
LJ500_R049_C060,49,60,691250,9525750,sur,25.0,69,0,0
LJ500_R049_C061,49,61,691750,9525750,sur,25.0,69,0,0
LJ500_R049_C062,49,62,692250,9525750,sur,25.0,69,0,0
LJ500_R049_C063,49,63,692750,9525750,sur,25.0,69,1,0
LJ500_R049_C064,49,64,693250,9525750,sur,25.0,69,1,0
LJ500_R049_C065,49,65,693750,9525750,sur,25.0,69,1,0
LJ500_R049_C066,49,66,694250,9525750,sur,25.0,69,0,0
LJ500_R049_C067,49,67,694750,9525750,sur,25.0,69,1,1
LJ500_R049_C068,49,68,695250,9525750,sur,25.0,69,1,1
LJ500_R049_C069,49,69,695750,9525750,sur,25.0,69,1,1
LJ500_R049_C070,49,70,696250,9525750,sur,25.0,69,1,1
LJ500_R049_C071,49,71,696750,9525750,sur,25.0,69,0,0
LJ500_R049_C072,49,72,697250,9525750,sur,25.0,69,1,1
LJ500_R049_C073,49,73,697750,9525750,sur,25.0,69,1,1
LJ500_R049_C074,49,74,698250,9525750,sur,25.0,69,1,1
LJ500_R049_C075,49,75,698750,9525750,sur,25.0,69,1,1
LJ500_R049_C076,49,76,699250,9525750,sur,25.0,69,1,1
LJ500_R049_C077,49,77,699750,9525750,sur,25.0,69,1,1
LJ500_R049_C078,49,78,700250,9525750,sur,25.0,69,1,1
LJ500_R049_C079,49,79,700750,9525750,sur,25.0,69,0,0
LJ500_R049_C080,49,80,701250,9525750,sur,25.0,69,0,0
LJ500_R049_C081,49,81,701750,9525750,sur,25.0,69,0,0
LJ500_R049_C082,49,82,702250,9525750,sur,25.0,69,0,0
LJ500_R049_C083,49,83,702750,9525750,sur,25.0,69,0,0
LJ500_R049_C084,49,84,703250,9525750,sur,25.0,69,0,0
LJ500_R049_C085,49,85,703750,9525750,sur,25.0,69,0,0
LJ500_R049_C086,49,86,704250,9525750,sur,25.0,69,0,0
LJ500_R049_C087,49,87,704750,9525750,sur,25.0,69,0,0
LJ500_R049_C088,49,88,705250,9525750,sur,25.0,69,0,0
LJ500_R049_C089,49,89,705750,9525750,sur,25.0,69,0,0
LJ500_R049_C090,49,90,706250,9525750,sur,25.0,69,0,0
LJ500_R049_C091,49,91,706750,9525750,sur,25.0,69,0,0
LJ500_R049_C092,49,92,707250,9525750,sur,25.0,69,0,0
LJ500_R049_C093,49,93,707750,9525750,sur,25.0,69,0,0
LJ500_R049_C094,49,94,708250,9525750,sur,25.0,69,0,0
LJ500_R049_C095,49,95,708750,9525750,sur,25.0,69,0,0
LJ500_R049_C096,49,96,709250,9525750,sur,25.0,69,0,0
LJ500_R049_C097,49,97,709750,9525750,sur,24.99,69,0,0
LJ500_R049_C098,49,98,710250,9525750,sur,2.6486,69,0,0
LJ500_R050_C048,50,48,685250,9526250,sur,6.4506,69,1,1
LJ500_R050_C049,50,49,685750,9526250,sur,22.48,69,1,1
LJ500_R050_C050,50,50,686250,9526250,sur,25.0,69,1,1
LJ500_R050_C051,50,51,686750,9526250,sur,25.0,69,0,0
LJ500_R050_C052,50,52,687250,9526250,sur,25.0,69,0,0
LJ500_R050_C053,50,53,687750,9526250,sur,25.0,69,0,0
LJ500_R050_C054,50,54,688250,9526250,sur,25.0,69,1,1
LJ500_R050_C055,50,55,688750,9526250,sur,25.0,69,1,1
LJ500_R050_C056,50,56,689250,9526250,sur,25.0,69,1,1
LJ500_R050_C057,50,57,689750,9526250,sur,25.0,69,0,0
LJ500_R050_C058,50,58,690250,9526250,sur,25.0,69,0,0
LJ500_R050_C059,50,59,690750,9526250,sur,25.0,69,0,0
LJ500_R050_C060,50,60,691250,9526250,sur,25.0,69,0,0
LJ500_R050_C061,50,61,691750,9526250,sur,25.0,69,0,0
LJ500_R050_C062,50,62,692250,9526250,sur,25.0,69,0,0
LJ500_R050_C063,50,63,692750,9526250,sur,25.0,69,1,0
LJ500_R050_C064,50,64,693250,9526250,sur,25.0,69,1,0
LJ500_R050_C065,50,65,693750,9526250,sur,25.0,69,1,0
LJ500_R050_C066,50,66,694250,9526250,sur,25.0,69,0,0
LJ500_R050_C067,50,67,694750,9526250,sur,25.0,69,1,1
LJ500_R050_C068,50,68,695250,9526250,sur,25.0,69,1,1
LJ500_R050_C069,50,69,695750,9526250,sur,25.0,69,1,1
LJ500_R050_C070,50,70,696250,9526250,sur,25.0,69,1,1
LJ500_R050_C071,50,71,696750,9526250,sur,25.0,69,0,0
LJ500_R050_C072,50,72,697250,9526250,sur,25.0,69,1,1
LJ500_R050_C073,50,73,697750,9526250,sur,25.0,69,1,1
LJ500_R050_C074,50,74,698250,9526250,sur,25.0,69,1,1
LJ500_R050_C075,50,75,698750,9526250,sur,25.0,69,1,1
LJ500_R050_C076,50,76,699250,9526250,sur,25.0,69,1,1
LJ500_R050_C077,50,77,699750,9526250,sur,25.0,69,1,1
LJ500_R050_C078,50,78,700250,9526250,sur,25.0,69,1,1
LJ500_R050_C079,50,79,700750,9526250,sur,25.0,69,0,0
LJ500_R050_C080,50,80,701250,9526250,sur,25.0,69,0,0
LJ500_R050_C081,50,81,701750,9526250,sur,25.0,69,0,0
LJ500_R050_C082,50,82,702250,9526250,sur,25.0,69,0,0
LJ500_R050_C083,50,83,702750,9526250,sur,25.0,69,0,0
LJ500_R050_C084,50,84,703250,9526250,sur,25.0,69,0,0
LJ500_R050_C085,50,85,703750,9526250,sur,25.0,69,0,0
LJ500_R050_C086,50,86,704250,9526250,sur,25.0,69,0,0
LJ500_R050_C087,50,87,704750,9526250,sur,25.0,69,0,0
LJ500_R050_C088,50,88,705250,9526250,sur,25.0,69,0,0
LJ500_R050_C089,50,89,705750,9526250,sur,25.0,69,0,0
LJ500_R050_C090,50,90,706250,9526250,sur,25.0,69,0,0
LJ500_R050_C091,50,91,706750,9526250,sur,25.0,69,0,0
LJ500_R050_C092,50,92,707250,9526250,sur,25.0,69,0,0
LJ500_R050_C093,50,93,707750,9526250,sur,25.0,69,0,0
LJ500_R050_C094,50,94,708250,9526250,sur,25.0,69,0,0
LJ500_R050_C095,50,95,708750,9526250,sur,25.0,69,0,0
LJ500_R050_C096,50,96,709250,9526250,sur,25.0,69,0,0
LJ500_R050_C097,50,97,709750,9526250,sur,24.88,69,0,0
LJ500_R050_C098,50,98,710250,9526250,sur,1.5351,69,0,0
LJ500_R051_C048,51,48,685250,9526750,sur,12.73,69,1,1
LJ500_R051_C049,51,49,685750,9526750,sur,25.0,69,1,1
LJ500_R051_C050,51,50,686250,9526750,sur,25.0,69,1,1
LJ500_R051_C051,51,51,686750,9526750,sur,25.0,69,0,0
LJ500_R051_C052,51,52,687250,9526750,sur,25.0,69,0,0
LJ500_R051_C053,51,53,687750,9526750,sur,25.0,69,0,0
LJ500_R051_C054,51,54,688250,9526750,sur,25.0,69,1,1
LJ500_R051_C055,51,55,688750,9526750,sur,25.0,69,1,1
LJ500_R051_C056,51,56,689250,9526750,sur,25.0,69,1,1
LJ500_R051_C057,51,57,689750,9526750,sur,25.0,69,0,0
LJ500_R051_C058,51,58,690250,9526750,sur,25.0,69,0,0
LJ500_R051_C059,51,59,690750,9526750,sur,25.0,69,0,0
LJ500_R051_C060,51,60,691250,9526750,sur,25.0,69,0,0
LJ500_R051_C061,51,61,691750,9526750,sur,25.0,69,0,0
LJ500_R051_C062,51,62,692250,9526750,sur,25.0,69,0,0
LJ500_R051_C063,51,63,692750,9526750,sur,25.0,69,0,0
LJ500_R051_C064,51,64,693250,9526750,sur,25.0,69,0,0
LJ500_R051_C065,51,65,693750,9526750,sur,25.0,69,0,0
LJ500_R051_C066,51,66,694250,9526750,sur,25.0,69,0,0
LJ500_R051_C067,51,67,694750,9526750,sur,25.0,69,0,0
LJ500_R051_C068,51,68,695250,9526750,sur,25.0,69,0,0
LJ500_R051_C069,51,69,695750,9526750,sur,25.0,69,0,0
LJ500_R051_C070,51,70,696250,9526750,sur,25.0,69,0,0
LJ500_R051_C071,51,71,696750,9526750,sur,25.0,69,0,0
LJ500_R051_C072,51,72,697250,9526750,sur,25.0,69,0,0
LJ500_R051_C073,51,73,697750,9526750,sur,25.0,69,0,0
LJ500_R051_C074,51,74,698250,9526750,sur,25.0,69,1,1
LJ500_R051_C075,51,75,698750,9526750,sur,25.0,69,1,1
LJ500_R051_C076,51,76,699250,9526750,sur,25.0,69,1,1
LJ500_R051_C077,51,77,699750,9526750,sur,25.0,69,0,0
LJ500_R051_C078,51,78,700250,9526750,sur,25.0,69,0,0
LJ500_R051_C079,51,79,700750,9526750,sur,25.0,69,0,0
LJ500_R051_C080,51,80,701250,9526750,sur,25.0,69,0,0
LJ500_R051_C081,51,81,701750,9526750,sur,25.0,69,0,0
LJ500_R051_C082,51,82,702250,9526750,sur,25.0,69,0,0
LJ500_R051_C083,51,83,702750,9526750,sur,25.0,69,0,0
LJ500_R051_C084,51,84,703250,9526750,sur,25.0,69,0,0
LJ500_R051_C085,51,85,703750,9526750,sur,25.0,69,0,0
LJ500_R051_C086,51,86,704250,9526750,sur,25.0,69,0,0
LJ500_R051_C087,51,87,704750,9526750,sur,25.0,69,0,0
LJ500_R051_C088,51,88,705250,9526750,sur,25.0,69,0,0
LJ500_R051_C089,51,89,705750,9526750,sur,25.0,69,0,0
LJ500_R051_C090,51,90,706250,9526750,sur,25.0,69,0,0
LJ500_R051_C091,51,91,706750,9526750,sur,25.0,69,0,0
LJ500_R051_C092,51,92,707250,9526750,sur,25.0,69,0,0
LJ500_R051_C093,51,93,707750,9526750,sur,25.0,69,0,0
LJ500_R051_C094,51,94,708250,9526750,sur,25.0,69,0,0
LJ500_R051_C095,51,95,708750,9526750,sur,25.0,69,0,0
LJ500_R051_C096,51,96,709250,9526750,sur,25.0,69,0,0
LJ500_R051_C097,51,97,709750,9526750,sur,13.27,69,0,0
LJ500_R052_C048,52,48,685250,9527250,sur,8.8677,69,1,1
LJ500_R052_C049,52,49,685750,9527250,sur,24.88,69,1,1
LJ500_R052_C050,52,50,686250,9527250,sur,25.0,69,1,1
LJ500_R052_C051,52,51,686750,9527250,sur,25.0,69,0,0
LJ500_R052_C052,52,52,687250,9527250,sur,25.0,69,1,1
LJ500_R052_C053,52,53,687750,9527250,sur,25.0,69,1,1
LJ500_R052_C054,52,54,688250,9527250,sur,25.0,69,1,1
LJ500_R052_C055,52,55,688750,9527250,sur,25.0,69,1,1
LJ500_R052_C056,52,56,689250,9527250,sur,25.0,69,2,2
LJ500_R052_C057,52,57,689750,9527250,sur,25.0,69,1,1
LJ500_R052_C058,52,58,690250,9527250,sur,25.0,69,1,1
LJ500_R052_C059,52,59,690750,9527250,sur,25.0,69,1,1
LJ500_R052_C060,52,60,691250,9527250,sur,25.0,69,1,1
LJ500_R052_C061,52,61,691750,9527250,sur,25.0,69,0,0
LJ500_R052_C062,52,62,692250,9527250,sur,25.0,69,0,0
LJ500_R052_C063,52,63,692750,9527250,sur,25.0,69,0,0
LJ500_R052_C064,52,64,693250,9527250,sur,25.0,69,0,0
LJ500_R052_C065,52,65,693750,9527250,sur,25.0,69,0,0
LJ500_R052_C066,52,66,694250,9527250,sur,25.0,69,0,0
LJ500_R052_C067,52,67,694750,9527250,sur,25.0,69,0,0
LJ500_R052_C068,52,68,695250,9527250,sur,25.0,69,0,0
LJ500_R052_C069,52,69,695750,9527250,sur,25.0,69,0,0
LJ500_R052_C070,52,70,696250,9527250,sur,25.0,69,0,0
LJ500_R052_C071,52,71,696750,9527250,sur,25.0,69,0,0
LJ500_R052_C072,52,72,697250,9527250,sur,25.0,69,0,0
LJ500_R052_C073,52,73,697750,9527250,sur,25.0,69,0,0
LJ500_R052_C074,52,74,698250,9527250,sur,25.0,69,1,1
LJ500_R052_C075,52,75,698750,9527250,sur,25.0,69,1,1
LJ500_R052_C076,52,76,699250,9527250,sur,25.0,69,1,1
LJ500_R052_C077,52,77,699750,9527250,sur,25.0,69,0,0
LJ500_R052_C078,52,78,700250,9527250,sur,25.0,69,0,0
LJ500_R052_C079,52,79,700750,9527250,sur,25.0,69,0,0
LJ500_R052_C080,52,80,701250,9527250,sur,25.0,69,0,0
LJ500_R052_C081,52,81,701750,9527250,sur,25.0,69,0,0
LJ500_R052_C082,52,82,702250,9527250,sur,25.0,69,0,0
LJ500_R052_C083,52,83,702750,9527250,sur,25.0,69,0,0
LJ500_R052_C084,52,84,703250,9527250,sur,25.0,69,0,0
LJ500_R052_C085,52,85,703750,9527250,sur,25.0,69,0,0
LJ500_R052_C086,52,86,704250,9527250,sur,25.0,69,0,0
LJ500_R052_C087,52,87,704750,9527250,sur,25.0,69,0,0
LJ500_R052_C088,52,88,705250,9527250,sur,25.0,69,0,0
LJ500_R052_C089,52,89,705750,9527250,sur,25.0,69,0,0
LJ500_R052_C090,52,90,706250,9527250,sur,25.0,69,0,0
LJ500_R052_C091,52,91,706750,9527250,sur,25.0,69,0,0
LJ500_R052_C092,52,92,707250,9527250,sur,25.0,69,0,0
LJ500_R052_C093,52,93,707750,9527250,sur,25.0,69,0,0
LJ500_R052_C094,52,94,708250,9527250,sur,25.0,69,0,0
LJ500_R052_C095,52,95,708750,9527250,sur,25.0,69,0,0
LJ500_R052_C096,52,96,709250,9527250,sur,25.0,69,0,0
LJ500_R052_C097,52,97,709750,9527250,sur,1.4486,69,0,0
LJ500_R053_C048,53,48,685250,9527750,sur,3.4303,69,0,0
LJ500_R053_C049,53,49,685750,9527750,sur,24.24,69,0,0
LJ500_R053_C050,53,50,686250,9527750,sur,25.0,69,0,0
LJ500_R053_C051,53,51,686750,9527750,sur,25.0,69,0,0
LJ500_R053_C052,53,52,687250,9527750,sur,25.0,69,1,1
LJ500_R053_C053,53,53,687750,9527750,sur,25.0,69,1,1
LJ500_R053_C054,53,54,688250,9527750,sur,25.0,69,1,1
LJ500_R053_C055,53,55,688750,9527750,sur,25.0,69,0,0
LJ500_R053_C056,53,56,689250,9527750,sur,25.0,69,1,1
LJ500_R053_C057,53,57,689750,9527750,sur,25.0,69,1,1
LJ500_R053_C058,53,58,690250,9527750,sur,25.0,69,1,1
LJ500_R053_C059,53,59,690750,9527750,sur,25.0,69,1,1
LJ500_R053_C060,53,60,691250,9527750,sur,25.0,69,1,1
LJ500_R053_C061,53,61,691750,9527750,sur,25.0,69,0,0
LJ500_R053_C062,53,62,692250,9527750,sur,25.0,69,0,0
LJ500_R053_C063,53,63,692750,9527750,sur,25.0,69,0,0
LJ500_R053_C064,53,64,693250,9527750,sur,25.0,69,0,0
LJ500_R053_C065,53,65,693750,9527750,sur,25.0,69,0,0
LJ500_R053_C066,53,66,694250,9527750,sur,25.0,69,0,0
LJ500_R053_C067,53,67,694750,9527750,sur,25.0,69,0,0
LJ500_R053_C068,53,68,695250,9527750,sur,25.0,69,0,0
LJ500_R053_C069,53,69,695750,9527750,sur,25.0,69,0,0
LJ500_R053_C070,53,70,696250,9527750,sur,25.0,69,0,0
LJ500_R053_C071,53,71,696750,9527750,sur,25.0,69,0,0
LJ500_R053_C072,53,72,697250,9527750,sur,25.0,69,0,0
LJ500_R053_C073,53,73,697750,9527750,sur,25.0,69,0,0
LJ500_R053_C074,53,74,698250,9527750,sur,25.0,69,0,0
LJ500_R053_C075,53,75,698750,9527750,sur,25.0,69,0,0
LJ500_R053_C076,53,76,699250,9527750,sur,25.0,69,0,0
LJ500_R053_C077,53,77,699750,9527750,sur,25.0,69,0,0
LJ500_R053_C078,53,78,700250,9527750,sur,25.0,69,0,0
LJ500_R053_C079,53,79,700750,9527750,sur,25.0,69,0,0
LJ500_R053_C080,53,80,701250,9527750,sur,25.0,69,0,0
LJ500_R053_C081,53,81,701750,9527750,sur,25.0,69,0,0
LJ500_R053_C082,53,82,702250,9527750,sur,25.0,69,0,0
LJ500_R053_C083,53,83,702750,9527750,sur,25.0,69,0,0
LJ500_R053_C084,53,84,703250,9527750,sur,25.0,69,0,0
LJ500_R053_C085,53,85,703750,9527750,sur,25.0,69,0,0
LJ500_R053_C086,53,86,704250,9527750,sur,25.0,69,0,0
LJ500_R053_C087,53,87,704750,9527750,sur,25.0,69,0,0
LJ500_R053_C088,53,88,705250,9527750,sur,25.0,69,0,0
LJ500_R053_C089,53,89,705750,9527750,sur,25.0,69,0,0
LJ500_R053_C090,53,90,706250,9527750,sur,25.0,69,0,0
LJ500_R053_C091,53,91,706750,9527750,sur,25.0,69,0,0
LJ500_R053_C092,53,92,707250,9527750,sur,25.0,69,0,0
LJ500_R053_C093,53,93,707750,9527750,sur,25.0,69,0,0
LJ500_R053_C094,53,94,708250,9527750,sur,25.0,69,0,0
LJ500_R053_C095,53,95,708750,9527750,sur,25.0,69,0,0
LJ500_R053_C096,53,96,709250,9527750,sur,22.09,69,0,0
LJ500_R053_C097,53,97,709750,9527750,sur,0.1773,69,0,0
LJ500_R054_C048,54,48,685250,9528250,sur,13.9,69,1,1
LJ500_R054_C049,54,49,685750,9528250,sur,25.0,69,2,2
LJ500_R054_C050,54,50,686250,9528250,sur,25.0,69,1,1
LJ500_R054_C051,54,51,686750,9528250,sur,25.0,69,0,0
LJ500_R054_C052,54,52,687250,9528250,sur,25.0,69,1,1
LJ500_R054_C053,54,53,687750,9528250,sur,25.0,69,1,1
LJ500_R054_C054,54,54,688250,9528250,sur,25.0,69,1,1
LJ500_R054_C055,54,55,688750,9528250,sur,25.0,69,0,0
LJ500_R054_C056,54,56,689250,9528250,sur,25.0,69,1,1
LJ500_R054_C057,54,57,689750,9528250,sur,25.0,69,1,1
LJ500_R054_C058,54,58,690250,9528250,sur,25.0,69,1,1
LJ500_R054_C059,54,59,690750,9528250,sur,25.0,69,1,1
LJ500_R054_C060,54,60,691250,9528250,sur,25.0,69,1,1
LJ500_R054_C061,54,61,691750,9528250,sur,25.0,69,0,0
LJ500_R054_C062,54,62,692250,9528250,sur,25.0,69,0,0
LJ500_R054_C063,54,63,692750,9528250,sur,25.0,69,0,0
LJ500_R054_C064,54,64,693250,9528250,sur,25.0,69,0,0
LJ500_R054_C065,54,65,693750,9528250,sur,25.0,69,0,0
LJ500_R054_C066,54,66,694250,9528250,sur,25.0,69,0,0
LJ500_R054_C067,54,67,694750,9528250,sur,25.0,69,0,0
LJ500_R054_C068,54,68,695250,9528250,sur,25.0,69,0,0
LJ500_R054_C069,54,69,695750,9528250,sur,25.0,69,0,0
LJ500_R054_C070,54,70,696250,9528250,sur,25.0,69,0,0
LJ500_R054_C071,54,71,696750,9528250,sur,25.0,69,0,0
LJ500_R054_C072,54,72,697250,9528250,sur,25.0,69,0,0
LJ500_R054_C073,54,73,697750,9528250,sur,25.0,69,0,0
LJ500_R054_C074,54,74,698250,9528250,sur,25.0,69,0,0
LJ500_R054_C075,54,75,698750,9528250,sur,25.0,69,0,0
LJ500_R054_C076,54,76,699250,9528250,sur,25.0,69,0,0
LJ500_R054_C077,54,77,699750,9528250,sur,25.0,69,0,0
LJ500_R054_C078,54,78,700250,9528250,sur,25.0,69,0,0
LJ500_R054_C079,54,79,700750,9528250,sur,25.0,69,0,0
LJ500_R054_C080,54,80,701250,9528250,sur,25.0,69,0,0
LJ500_R054_C081,54,81,701750,9528250,sur,25.0,69,0,0
LJ500_R054_C082,54,82,702250,9528250,sur,25.0,69,0,0
LJ500_R054_C083,54,83,702750,9528250,sur,25.0,69,0,0
LJ500_R054_C084,54,84,703250,9528250,sur,25.0,69,0,0
LJ500_R054_C085,54,85,703750,9528250,sur,25.0,69,0,0
LJ500_R054_C086,54,86,704250,9528250,sur,25.0,69,0,0
LJ500_R054_C087,54,87,704750,9528250,sur,25.0,69,0,0
LJ500_R054_C088,54,88,705250,9528250,sur,25.0,69,0,0
LJ500_R054_C089,54,89,705750,9528250,sur,25.0,69,0,0
LJ500_R054_C090,54,90,706250,9528250,sur,25.0,69,0,0
LJ500_R054_C091,54,91,706750,9528250,sur,25.0,69,0,0
LJ500_R054_C092,54,92,707250,9528250,sur,25.0,69,0,0
LJ500_R054_C093,54,93,707750,9528250,sur,25.0,69,0,0
LJ500_R054_C094,54,94,708250,9528250,sur,25.0,69,0,0
LJ500_R054_C095,54,95,708750,9528250,sur,25.0,69,0,0
LJ500_R054_C096,54,96,709250,9528250,sur,22.71,69,0,0
LJ500_R054_C097,54,97,709750,9528250,sur,13.71,69,0,0
LJ500_R054_C098,54,98,710250,9528250,sur,0.9862,69,0,0
LJ500_R055_C047,55,47,684750,9528750,sur,0.0261,0,0,0
LJ500_R055_C048,55,48,685250,9528750,sur,18.96,69,1,1
LJ500_R055_C049,55,49,685750,9528750,sur,25.0,69,2,2
LJ500_R055_C050,55,50,686250,9528750,sur,25.0,69,1,1
LJ500_R055_C051,55,51,686750,9528750,sur,25.0,69,1,1
LJ500_R055_C052,55,52,687250,9528750,sur,25.0,69,1,1
LJ500_R055_C053,55,53,687750,9528750,sur,25.0,69,1,1
LJ500_R055_C054,55,54,688250,9528750,sur,25.0,69,1,1
LJ500_R055_C055,55,55,688750,9528750,sur,25.0,69,0,0
LJ500_R055_C056,55,56,689250,9528750,sur,25.0,69,0,0
LJ500_R055_C057,55,57,689750,9528750,sur,25.0,69,0,0
LJ500_R055_C058,55,58,690250,9528750,sur,25.0,69,1,1
LJ500_R055_C059,55,59,690750,9528750,sur,25.0,69,1,1
LJ500_R055_C060,55,60,691250,9528750,sur,25.0,69,1,1
LJ500_R055_C061,55,61,691750,9528750,sur,25.0,69,0,0
LJ500_R055_C062,55,62,692250,9528750,sur,25.0,69,0,0
LJ500_R055_C063,55,63,692750,9528750,sur,25.0,69,0,0
LJ500_R055_C064,55,64,693250,9528750,sur,25.0,69,0,0
LJ500_R055_C065,55,65,693750,9528750,sur,25.0,69,0,0
LJ500_R055_C066,55,66,694250,9528750,sur,25.0,69,0,0
LJ500_R055_C067,55,67,694750,9528750,sur,25.0,69,0,0
LJ500_R055_C068,55,68,695250,9528750,sur,25.0,69,0,0
LJ500_R055_C069,55,69,695750,9528750,sur,25.0,69,0,0
LJ500_R055_C070,55,70,696250,9528750,sur,25.0,69,0,0
LJ500_R055_C071,55,71,696750,9528750,sur,25.0,69,0,0
LJ500_R055_C072,55,72,697250,9528750,sur,25.0,69,0,0
LJ500_R055_C073,55,73,697750,9528750,sur,25.0,69,0,0
LJ500_R055_C074,55,74,698250,9528750,sur,25.0,69,0,0
LJ500_R055_C075,55,75,698750,9528750,sur,25.0,69,0,0
LJ500_R055_C076,55,76,699250,9528750,sur,25.0,69,0,0
LJ500_R055_C077,55,77,699750,9528750,sur,25.0,69,0,0
LJ500_R055_C078,55,78,700250,9528750,sur,25.0,69,0,0
LJ500_R055_C079,55,79,700750,9528750,sur,25.0,69,0,0
LJ500_R055_C080,55,80,701250,9528750,sur,25.0,69,0,0
LJ500_R055_C081,55,81,701750,9528750,sur,25.0,69,0,0
LJ500_R055_C082,55,82,702250,9528750,sur,25.0,69,0,0
LJ500_R055_C083,55,83,702750,9528750,sur,25.0,69,0,0
LJ500_R055_C084,55,84,703250,9528750,sur,25.0,69,0,0
LJ500_R055_C085,55,85,703750,9528750,sur,25.0,69,0,0
LJ500_R055_C086,55,86,704250,9528750,sur,25.0,69,0,0
LJ500_R055_C087,55,87,704750,9528750,sur,25.0,69,0,0
LJ500_R055_C088,55,88,705250,9528750,sur,25.0,69,0,0
LJ500_R055_C089,55,89,705750,9528750,sur,25.0,69,0,0
LJ500_R055_C090,55,90,706250,9528750,sur,25.0,69,0,0
LJ500_R055_C091,55,91,706750,9528750,sur,25.0,69,0,0
LJ500_R055_C092,55,92,707250,9528750,sur,25.0,69,0,0
LJ500_R055_C093,55,93,707750,9528750,sur,25.0,69,0,0
LJ500_R055_C094,55,94,708250,9528750,sur,25.0,69,0,0
LJ500_R055_C095,55,95,708750,9528750,sur,25.0,69,0,0
LJ500_R055_C096,55,96,709250,9528750,sur,25.0,69,0,0
LJ500_R055_C097,55,97,709750,9528750,sur,25.0,69,0,0
LJ500_R055_C098,55,98,710250,9528750,sur,8.5008,69,0,0
LJ500_R056_C047,56,47,684750,9529250,sur,13.25,69,1,1
LJ500_R056_C048,56,48,685250,9529250,sur,25.0,69,1,1
LJ500_R056_C049,56,49,685750,9529250,sur,25.0,69,2,2
LJ500_R056_C050,56,50,686250,9529250,sur,25.0,69,1,1
LJ500_R056_C051,56,51,686750,9529250,sur,25.0,69,1,1
LJ500_R056_C052,56,52,687250,9529250,sur,25.0,69,0,0
LJ500_R056_C053,56,53,687750,9529250,sur,25.0,69,1,1
LJ500_R056_C054,56,54,688250,9529250,sur,25.0,69,1,1
LJ500_R056_C055,56,55,688750,9529250,sur,25.0,69,0,0
LJ500_R056_C056,56,56,689250,9529250,sur,25.0,69,0,0
LJ500_R056_C057,56,57,689750,9529250,sur,25.0,69,0,0
LJ500_R056_C058,56,58,690250,9529250,sur,25.0,69,1,1
LJ500_R056_C059,56,59,690750,9529250,sur,25.0,69,1,1
LJ500_R056_C060,56,60,691250,9529250,sur,25.0,69,1,1
LJ500_R056_C061,56,61,691750,9529250,sur,25.0,69,0,0
LJ500_R056_C062,56,62,692250,9529250,sur,25.0,69,0,0
LJ500_R056_C063,56,63,692750,9529250,sur,25.0,69,0,0
LJ500_R056_C064,56,64,693250,9529250,sur,25.0,69,0,0
LJ500_R056_C065,56,65,693750,9529250,sur,25.0,69,0,0
LJ500_R056_C066,56,66,694250,9529250,sur,25.0,69,0,0
LJ500_R056_C067,56,67,694750,9529250,sur,25.0,69,0,0
LJ500_R056_C068,56,68,695250,9529250,sur,25.0,69,0,0
LJ500_R056_C069,56,69,695750,9529250,sur,25.0,69,0,0
LJ500_R056_C070,56,70,696250,9529250,sur,25.0,69,0,0
LJ500_R056_C071,56,71,696750,9529250,sur,25.0,69,0,0
LJ500_R056_C072,56,72,697250,9529250,sur,25.0,69,0,0
LJ500_R056_C073,56,73,697750,9529250,sur,25.0,69,0,0
LJ500_R056_C074,56,74,698250,9529250,sur,25.0,69,0,0
LJ500_R056_C075,56,75,698750,9529250,sur,25.0,69,0,0
LJ500_R056_C076,56,76,699250,9529250,sur,25.0,69,0,0
LJ500_R056_C077,56,77,699750,9529250,sur,25.0,69,0,0
LJ500_R056_C078,56,78,700250,9529250,sur,25.0,69,0,0
LJ500_R056_C079,56,79,700750,9529250,sur,25.0,69,1,1
LJ500_R056_C080,56,80,701250,9529250,sur,25.0,69,1,1
LJ500_R056_C081,56,81,701750,9529250,sur,25.0,69,0,0
LJ500_R056_C082,56,82,702250,9529250,sur,25.0,69,0,0
LJ500_R056_C083,56,83,702750,9529250,sur,25.0,69,0,0
LJ500_R056_C084,56,84,703250,9529250,sur,25.0,69,0,0
LJ500_R056_C085,56,85,703750,9529250,sur,25.0,69,0,0
LJ500_R056_C086,56,86,704250,9529250,sur,25.0,69,0,0
LJ500_R056_C087,56,87,704750,9529250,sur,25.0,69,0,0
LJ500_R056_C088,56,88,705250,9529250,sur,25.0,69,0,0
LJ500_R056_C089,56,89,705750,9529250,sur,25.0,69,0,0
LJ500_R056_C090,56,90,706250,9529250,sur,25.0,69,0,0
LJ500_R056_C091,56,91,706750,9529250,sur,25.0,69,0,0
LJ500_R056_C092,56,92,707250,9529250,sur,25.0,69,0,0
LJ500_R056_C093,56,93,707750,9529250,sur,25.0,69,0,0
LJ500_R056_C094,56,94,708250,9529250,sur,25.0,69,0,0
LJ500_R056_C095,56,95,708750,9529250,sur,25.0,69,0,0
LJ500_R056_C096,56,96,709250,9529250,sur,25.0,69,0,0
LJ500_R056_C097,56,97,709750,9529250,sur,25.0,69,0,0
LJ500_R056_C098,56,98,710250,9529250,sur,12.97,69,0,0
LJ500_R057_C046,57,46,684250,9529750,sur,2.5582,69,0,0
LJ500_R057_C047,57,47,684750,9529750,sur,24.54,69,0,0
LJ500_R057_C048,57,48,685250,9529750,sur,25.0,69,0,0
LJ500_R057_C049,57,49,685750,9529750,sur,25.0,69,0,0
LJ500_R057_C050,57,50,686250,9529750,sur,25.0,69,0,0
LJ500_R057_C051,57,51,686750,9529750,sur,25.0,69,0,0
LJ500_R057_C052,57,52,687250,9529750,sur,25.0,69,0,0
LJ500_R057_C053,57,53,687750,9529750,sur,25.0,69,0,0
LJ500_R057_C054,57,54,688250,9529750,sur,25.0,69,0,0
LJ500_R057_C055,57,55,688750,9529750,sur,25.0,69,0,0
LJ500_R057_C056,57,56,689250,9529750,sur,25.0,69,0,0
LJ500_R057_C057,57,57,689750,9529750,sur,25.0,69,0,0
LJ500_R057_C058,57,58,690250,9529750,sur,25.0,69,0,0
LJ500_R057_C059,57,59,690750,9529750,sur,25.0,69,0,0
LJ500_R057_C060,57,60,691250,9529750,sur,25.0,69,0,0
LJ500_R057_C061,57,61,691750,9529750,sur,25.0,69,0,0
LJ500_R057_C062,57,62,692250,9529750,sur,25.0,69,0,0
LJ500_R057_C063,57,63,692750,9529750,sur,25.0,69,0,0
LJ500_R057_C064,57,64,693250,9529750,sur,25.0,69,0,0
LJ500_R057_C065,57,65,693750,9529750,sur,25.0,69,0,0
LJ500_R057_C066,57,66,694250,9529750,sur,25.0,69,0,0
LJ500_R057_C067,57,67,694750,9529750,sur,25.0,69,0,0
LJ500_R057_C068,57,68,695250,9529750,sur,25.0,69,0,0
LJ500_R057_C069,57,69,695750,9529750,sur,25.0,69,0,0
LJ500_R057_C070,57,70,696250,9529750,sur,25.0,69,0,0
LJ500_R057_C071,57,71,696750,9529750,sur,25.0,69,0,0
LJ500_R057_C072,57,72,697250,9529750,sur,25.0,69,0,0
LJ500_R057_C073,57,73,697750,9529750,sur,25.0,69,0,0
LJ500_R057_C074,57,74,698250,9529750,sur,25.0,69,0,0
LJ500_R057_C075,57,75,698750,9529750,sur,25.0,69,0,0
LJ500_R057_C076,57,76,699250,9529750,sur,25.0,69,0,0
LJ500_R057_C077,57,77,699750,9529750,sur,25.0,69,0,0
LJ500_R057_C078,57,78,700250,9529750,sur,25.0,69,0,0
LJ500_R057_C079,57,79,700750,9529750,sur,25.0,69,1,1
LJ500_R057_C080,57,80,701250,9529750,sur,25.0,69,1,1
LJ500_R057_C081,57,81,701750,9529750,sur,25.0,69,0,0
LJ500_R057_C082,57,82,702250,9529750,sur,25.0,69,0,0
LJ500_R057_C083,57,83,702750,9529750,sur,25.0,69,0,0
LJ500_R057_C084,57,84,703250,9529750,sur,25.0,69,0,0
LJ500_R057_C085,57,85,703750,9529750,sur,25.0,69,0,0
LJ500_R057_C086,57,86,704250,9529750,sur,25.0,69,0,0
LJ500_R057_C087,57,87,704750,9529750,sur,25.0,69,0,0
LJ500_R057_C088,57,88,705250,9529750,sur,25.0,69,0,0
LJ500_R057_C089,57,89,705750,9529750,sur,25.0,69,0,0
LJ500_R057_C090,57,90,706250,9529750,sur,25.0,69,0,0
LJ500_R057_C091,57,91,706750,9529750,sur,25.0,69,0,0
LJ500_R057_C092,57,92,707250,9529750,sur,25.0,69,0,0
LJ500_R057_C093,57,93,707750,9529750,sur,25.0,69,0,0
LJ500_R057_C094,57,94,708250,9529750,sur,25.0,69,0,0
LJ500_R057_C095,57,95,708750,9529750,sur,25.0,69,0,0
LJ500_R057_C096,57,96,709250,9529750,sur,25.0,69,0,0
LJ500_R057_C097,57,97,709750,9529750,sur,25.0,69,0,0
LJ500_R057_C098,57,98,710250,9529750,sur,13.16,69,0,0
LJ500_R058_C046,58,46,684250,9530250,sur,6.3441,69,0,0
LJ500_R058_C047,58,47,684750,9530250,sur,25.0,69,0,0
LJ500_R058_C048,58,48,685250,9530250,sur,25.0,69,0,0
LJ500_R058_C049,58,49,685750,9530250,sur,25.0,69,0,0
LJ500_R058_C050,58,50,686250,9530250,sur,25.0,69,0,0
LJ500_R058_C051,58,51,686750,9530250,sur,25.0,69,0,0
LJ500_R058_C052,58,52,687250,9530250,sur,25.0,69,0,0
LJ500_R058_C053,58,53,687750,9530250,sur,25.0,69,0,0
LJ500_R058_C054,58,54,688250,9530250,sur,25.0,69,0,0
LJ500_R058_C055,58,55,688750,9530250,sur,25.0,69,0,0
LJ500_R058_C056,58,56,689250,9530250,sur,25.0,69,0,0
LJ500_R058_C057,58,57,689750,9530250,sur,25.0,69,0,0
LJ500_R058_C058,58,58,690250,9530250,sur,25.0,69,0,0
LJ500_R058_C059,58,59,690750,9530250,sur,25.0,69,0,0
LJ500_R058_C060,58,60,691250,9530250,sur,25.0,69,0,0
LJ500_R058_C061,58,61,691750,9530250,sur,25.0,69,0,0
LJ500_R058_C062,58,62,692250,9530250,sur,25.0,69,0,0
LJ500_R058_C063,58,63,692750,9530250,sur,25.0,69,0,0
LJ500_R058_C064,58,64,693250,9530250,sur,25.0,69,0,0
LJ500_R058_C065,58,65,693750,9530250,sur,25.0,69,0,0
LJ500_R058_C066,58,66,694250,9530250,sur,25.0,69,1,1
LJ500_R058_C067,58,67,694750,9530250,sur,25.0,69,1,1
LJ500_R058_C068,58,68,695250,9530250,sur,25.0,69,1,1
LJ500_R058_C069,58,69,695750,9530250,sur,25.0,69,0,0
LJ500_R058_C070,58,70,696250,9530250,sur,25.0,69,0,0
LJ500_R058_C071,58,71,696750,9530250,sur,25.0,69,0,0
LJ500_R058_C072,58,72,697250,9530250,sur,25.0,69,0,0
LJ500_R058_C073,58,73,697750,9530250,sur,25.0,69,0,0
LJ500_R058_C074,58,74,698250,9530250,sur,25.0,69,0,0
LJ500_R058_C075,58,75,698750,9530250,sur,25.0,69,0,0
LJ500_R058_C076,58,76,699250,9530250,sur,25.0,69,0,0
LJ500_R058_C077,58,77,699750,9530250,sur,25.0,69,0,0
LJ500_R058_C078,58,78,700250,9530250,sur,25.0,69,0,0
LJ500_R058_C079,58,79,700750,9530250,sur,25.0,69,0,0
LJ500_R058_C080,58,80,701250,9530250,sur,25.0,69,0,0
LJ500_R058_C081,58,81,701750,9530250,sur,25.0,69,0,0
LJ500_R058_C082,58,82,702250,9530250,sur,25.0,69,0,0
LJ500_R058_C083,58,83,702750,9530250,sur,25.0,69,0,0
LJ500_R058_C084,58,84,703250,9530250,sur,25.0,69,1,1
LJ500_R058_C085,58,85,703750,9530250,sur,25.0,69,1,1
LJ500_R058_C086,58,86,704250,9530250,sur,25.0,69,1,1
LJ500_R058_C087,58,87,704750,9530250,sur,25.0,69,1,1
LJ500_R058_C088,58,88,705250,9530250,sur,25.0,69,1,1
LJ500_R058_C089,58,89,705750,9530250,sur,25.0,69,0,0
LJ500_R058_C090,58,90,706250,9530250,sur,25.0,69,0,0
LJ500_R058_C091,58,91,706750,9530250,sur,25.0,69,0,0
LJ500_R058_C092,58,92,707250,9530250,sur,25.0,69,0,0
LJ500_R058_C093,58,93,707750,9530250,sur,25.0,69,0,0
LJ500_R058_C094,58,94,708250,9530250,sur,25.0,69,0,0
LJ500_R058_C095,58,95,708750,9530250,sur,25.0,69,0,0
LJ500_R058_C096,58,96,709250,9530250,sur,25.0,69,0,0
LJ500_R058_C097,58,97,709750,9530250,sur,25.0,69,0,0
LJ500_R058_C098,58,98,710250,9530250,sur,9.9557,69,0,0
LJ500_R059_C046,59,46,684250,9530750,sur,15.72,69,0,0
LJ500_R059_C047,59,47,684750,9530750,sur,25.0,69,0,0
LJ500_R059_C048,59,48,685250,9530750,sur,25.0,69,0,0
LJ500_R059_C049,59,49,685750,9530750,sur,25.0,69,0,0
LJ500_R059_C050,59,50,686250,9530750,sur,25.0,69,0,0
LJ500_R059_C051,59,51,686750,9530750,sur,25.0,69,0,0
LJ500_R059_C052,59,52,687250,9530750,sur,25.0,69,0,0
LJ500_R059_C053,59,53,687750,9530750,sur,25.0,69,0,0
LJ500_R059_C054,59,54,688250,9530750,sur,25.0,69,0,0
LJ500_R059_C055,59,55,688750,9530750,sur,25.0,69,0,0
LJ500_R059_C056,59,56,689250,9530750,sur,25.0,69,0,0
LJ500_R059_C057,59,57,689750,9530750,sur,25.0,69,0,0
LJ500_R059_C058,59,58,690250,9530750,sur,25.0,69,0,0
LJ500_R059_C059,59,59,690750,9530750,sur,25.0,69,0,0
LJ500_R059_C060,59,60,691250,9530750,sur,25.0,69,0,0
LJ500_R059_C061,59,61,691750,9530750,sur,25.0,69,0,0
LJ500_R059_C062,59,62,692250,9530750,sur,25.0,69,0,0
LJ500_R059_C063,59,63,692750,9530750,sur,25.0,69,0,0
LJ500_R059_C064,59,64,693250,9530750,sur,25.0,69,0,0
LJ500_R059_C065,59,65,693750,9530750,sur,25.0,69,0,0
LJ500_R059_C066,59,66,694250,9530750,sur,25.0,69,1,1
LJ500_R059_C067,59,67,694750,9530750,sur,25.0,69,1,1
LJ500_R059_C068,59,68,695250,9530750,sur,25.0,69,1,1
LJ500_R059_C069,59,69,695750,9530750,sur,25.0,69,0,0
LJ500_R059_C070,59,70,696250,9530750,sur,25.0,69,0,0
LJ500_R059_C071,59,71,696750,9530750,sur,25.0,69,0,0
LJ500_R059_C072,59,72,697250,9530750,sur,25.0,69,0,0
LJ500_R059_C073,59,73,697750,9530750,sur,25.0,69,0,0
LJ500_R059_C074,59,74,698250,9530750,sur,25.0,69,0,0
LJ500_R059_C075,59,75,698750,9530750,sur,25.0,70,1,0
LJ500_R059_C076,59,76,699250,9530750,sur,25.0,70,1,0
LJ500_R059_C077,59,77,699750,9530750,sur,25.0,70,1,0
LJ500_R059_C078,59,78,700250,9530750,sur,25.0,69,0,0
LJ500_R059_C079,59,79,700750,9530750,sur,25.0,69,0,0
LJ500_R059_C080,59,80,701250,9530750,sur,25.0,69,0,0
LJ500_R059_C081,59,81,701750,9530750,sur,25.0,69,0,0
LJ500_R059_C082,59,82,702250,9530750,sur,25.0,69,0,0
LJ500_R059_C083,59,83,702750,9530750,sur,25.0,69,0,0
LJ500_R059_C084,59,84,703250,9530750,sur,25.0,69,1,1
LJ500_R059_C085,59,85,703750,9530750,sur,25.0,69,1,1
LJ500_R059_C086,59,86,704250,9530750,sur,25.0,69,1,1
LJ500_R059_C087,59,87,704750,9530750,sur,25.0,69,1,1
LJ500_R059_C088,59,88,705250,9530750,sur,25.0,69,1,1
LJ500_R059_C089,59,89,705750,9530750,sur,25.0,69,1,1
LJ500_R059_C090,59,90,706250,9530750,sur,25.0,69,1,1
LJ500_R059_C091,59,91,706750,9530750,sur,25.0,69,0,0
LJ500_R059_C092,59,92,707250,9530750,sur,25.0,69,0,0
LJ500_R059_C093,59,93,707750,9530750,sur,25.0,69,0,0
LJ500_R059_C094,59,94,708250,9530750,sur,25.0,69,0,0
LJ500_R059_C095,59,95,708750,9530750,sur,25.0,69,0,0
LJ500_R059_C096,59,96,709250,9530750,sur,25.0,69,0,0
LJ500_R059_C097,59,97,709750,9530750,sur,25.0,69,0,0
LJ500_R059_C098,59,98,710250,9530750,sur,13.13,69,0,0
LJ500_R060_C046,60,46,684250,9531250,sur,11.42,69,0,0
LJ500_R060_C047,60,47,684750,9531250,sur,24.77,69,0,0
LJ500_R060_C048,60,48,685250,9531250,sur,25.0,69,0,0
LJ500_R060_C049,60,49,685750,9531250,sur,25.0,69,0,0
LJ500_R060_C050,60,50,686250,9531250,sur,25.0,69,0,0
LJ500_R060_C051,60,51,686750,9531250,sur,25.0,69,0,0
LJ500_R060_C052,60,52,687250,9531250,sur,25.0,69,0,0
LJ500_R060_C053,60,53,687750,9531250,sur,25.0,69,0,0
LJ500_R060_C054,60,54,688250,9531250,sur,25.0,69,0,0
LJ500_R060_C055,60,55,688750,9531250,sur,25.0,69,2,1
LJ500_R060_C056,60,56,689250,9531250,sur,25.0,69,2,1
LJ500_R060_C057,60,57,689750,9531250,sur,25.0,69,2,1
LJ500_R060_C058,60,58,690250,9531250,sur,25.0,69,0,0
LJ500_R060_C059,60,59,690750,9531250,sur,25.0,69,0,0
LJ500_R060_C060,60,60,691250,9531250,sur,25.0,69,0,0
LJ500_R060_C061,60,61,691750,9531250,sur,25.0,69,0,0
LJ500_R060_C062,60,62,692250,9531250,sur,25.0,69,0,0
LJ500_R060_C063,60,63,692750,9531250,sur,25.0,69,0,0
LJ500_R060_C064,60,64,693250,9531250,sur,25.0,69,0,0
LJ500_R060_C065,60,65,693750,9531250,sur,25.0,69,0,0
LJ500_R060_C066,60,66,694250,9531250,sur,25.0,69,0,0
LJ500_R060_C067,60,67,694750,9531250,sur,25.0,69,0,0
LJ500_R060_C068,60,68,695250,9531250,sur,25.0,69,0,0
LJ500_R060_C069,60,69,695750,9531250,sur,25.0,69,0,0
LJ500_R060_C070,60,70,696250,9531250,sur,25.0,69,0,0
LJ500_R060_C071,60,71,696750,9531250,sur,25.0,69,0,0
LJ500_R060_C072,60,72,697250,9531250,sur,25.0,69,0,0
LJ500_R060_C073,60,73,697750,9531250,sur,25.0,69,0,0
LJ500_R060_C074,60,74,698250,9531250,sur,25.0,69,0,0
LJ500_R060_C075,60,75,698750,9531250,sur,25.0,70,1,0
LJ500_R060_C076,60,76,699250,9531250,sur,25.0,70,1,0
LJ500_R060_C077,60,77,699750,9531250,sur,25.0,70,1,0
LJ500_R060_C078,60,78,700250,9531250,sur,25.0,69,0,0
LJ500_R060_C079,60,79,700750,9531250,sur,25.0,69,0,0
LJ500_R060_C080,60,80,701250,9531250,sur,25.0,69,0,0
LJ500_R060_C081,60,81,701750,9531250,sur,25.0,69,0,0
LJ500_R060_C082,60,82,702250,9531250,sur,25.0,69,0,0
LJ500_R060_C083,60,83,702750,9531250,sur,25.0,69,0,0
LJ500_R060_C084,60,84,703250,9531250,sur,25.0,69,1,1
LJ500_R060_C085,60,85,703750,9531250,sur,25.0,69,1,1
LJ500_R060_C086,60,86,704250,9531250,sur,25.0,69,1,1
LJ500_R060_C087,60,87,704750,9531250,sur,25.0,69,1,1
LJ500_R060_C088,60,88,705250,9531250,sur,25.0,69,1,1
LJ500_R060_C089,60,89,705750,9531250,sur,25.0,69,1,1
LJ500_R060_C090,60,90,706250,9531250,sur,25.0,69,1,1
LJ500_R060_C091,60,91,706750,9531250,sur,25.0,69,0,0
LJ500_R060_C092,60,92,707250,9531250,sur,25.0,69,0,0
LJ500_R060_C093,60,93,707750,9531250,sur,25.0,69,0,0
LJ500_R060_C094,60,94,708250,9531250,sur,25.0,69,0,0
LJ500_R060_C095,60,95,708750,9531250,sur,25.0,69,0,0
LJ500_R060_C096,60,96,709250,9531250,sur,25.0,69,0,0
LJ500_R060_C097,60,97,709750,9531250,sur,25.0,69,0,0
LJ500_R060_C098,60,98,710250,9531250,sur,6.9342,69,0,0
LJ500_R061_C047,61,47,684750,9531750,sur,5.822,69,0,0
LJ500_R061_C048,61,48,685250,9531750,sur,24.39,69,0,0
LJ500_R061_C049,61,49,685750,9531750,sur,25.0,69,0,0
LJ500_R061_C050,61,50,686250,9531750,sur,25.0,69,0,0
LJ500_R061_C051,61,51,686750,9531750,sur,25.0,69,0,0
LJ500_R061_C052,61,52,687250,9531750,sur,25.0,69,0,0
LJ500_R061_C053,61,53,687750,9531750,sur,25.0,69,0,0
LJ500_R061_C054,61,54,688250,9531750,sur,25.0,69,0,0
LJ500_R061_C055,61,55,688750,9531750,sur,25.0,69,2,1
LJ500_R061_C056,61,56,689250,9531750,sur,25.0,69,2,1
LJ500_R061_C057,61,57,689750,9531750,sur,25.0,69,3,2
LJ500_R061_C058,61,58,690250,9531750,sur,25.0,69,1,1
LJ500_R061_C059,61,59,690750,9531750,sur,25.0,69,1,1
LJ500_R061_C060,61,60,691250,9531750,sur,25.0,69,0,0
LJ500_R061_C061,61,61,691750,9531750,sur,25.0,69,0,0
LJ500_R061_C062,61,62,692250,9531750,sur,25.0,69,0,0
LJ500_R061_C063,61,63,692750,9531750,sur,25.0,69,0,0
LJ500_R061_C064,61,64,693250,9531750,sur,25.0,69,0,0
LJ500_R061_C065,61,65,693750,9531750,sur,25.0,69,0,0
LJ500_R061_C066,61,66,694250,9531750,sur,25.0,69,0,0
LJ500_R061_C067,61,67,694750,9531750,sur,25.0,69,0,0
LJ500_R061_C068,61,68,695250,9531750,sur,25.0,69,0,0
LJ500_R061_C069,61,69,695750,9531750,sur,25.0,69,0,0
LJ500_R061_C070,61,70,696250,9531750,sur,25.0,69,0,0
LJ500_R061_C071,61,71,696750,9531750,sur,25.0,69,0,0
LJ500_R061_C072,61,72,697250,9531750,sur,25.0,69,1,1
LJ500_R061_C073,61,73,697750,9531750,sur,25.0,69,1,1
LJ500_R061_C074,61,74,698250,9531750,sur,25.0,70,2,2
LJ500_R061_C075,61,75,698750,9531750,sur,25.0,70,2,2
LJ500_R061_C076,61,76,699250,9531750,sur,25.0,70,2,1
LJ500_R061_C077,61,77,699750,9531750,sur,25.0,70,3,2
LJ500_R061_C078,61,78,700250,9531750,sur,25.0,69,1,1
LJ500_R061_C079,61,79,700750,9531750,sur,25.0,69,2,2
LJ500_R061_C080,61,80,701250,9531750,sur,25.0,69,1,1
LJ500_R061_C081,61,81,701750,9531750,sur,25.0,69,1,1
LJ500_R061_C082,61,82,702250,9531750,sur,25.0,69,1,1
LJ500_R061_C083,61,83,702750,9531750,sur,25.0,69,1,1
LJ500_R061_C084,61,84,703250,9531750,sur,25.0,69,0,0
LJ500_R061_C085,61,85,703750,9531750,sur,25.0,69,1,1
LJ500_R061_C086,61,86,704250,9531750,sur,25.0,69,1,1
LJ500_R061_C087,61,87,704750,9531750,sur,25.0,69,1,1
LJ500_R061_C088,61,88,705250,9531750,sur,25.0,69,1,1
LJ500_R061_C089,61,89,705750,9531750,sur,25.0,69,1,1
LJ500_R061_C090,61,90,706250,9531750,sur,25.0,69,1,1
LJ500_R061_C091,61,91,706750,9531750,sur,25.0,69,0,0
LJ500_R061_C092,61,92,707250,9531750,sur,25.0,69,0,0
LJ500_R061_C093,61,93,707750,9531750,sur,25.0,69,0,0
LJ500_R061_C094,61,94,708250,9531750,sur,25.0,69,0,0
LJ500_R061_C095,61,95,708750,9531750,sur,25.0,69,0,0
LJ500_R061_C096,61,96,709250,9531750,sur,25.0,69,0,0
LJ500_R061_C097,61,97,709750,9531750,sur,25.0,69,0,0
LJ500_R061_C098,61,98,710250,9531750,sur,7.0095,69,0,0
LJ500_R062_C048,62,48,685250,9532250,sur,14.65,69,0,0
LJ500_R062_C049,62,49,685750,9532250,sur,25.0,69,0,0
LJ500_R062_C050,62,50,686250,9532250,sur,25.0,69,0,0
LJ500_R062_C051,62,51,686750,9532250,sur,25.0,69,0,0
LJ500_R062_C052,62,52,687250,9532250,sur,25.0,69,0,0
LJ500_R062_C053,62,53,687750,9532250,sur,25.0,69,0,0
LJ500_R062_C054,62,54,688250,9532250,sur,25.0,69,0,0
LJ500_R062_C055,62,55,688750,9532250,sur,25.0,69,0,0
LJ500_R062_C056,62,56,689250,9532250,sur,25.0,69,0,0
LJ500_R062_C057,62,57,689750,9532250,sur,25.0,69,1,1
LJ500_R062_C058,62,58,690250,9532250,sur,25.0,69,1,1
LJ500_R062_C059,62,59,690750,9532250,sur,25.0,69,1,1
LJ500_R062_C060,62,60,691250,9532250,sur,25.0,69,0,0
LJ500_R062_C061,62,61,691750,9532250,sur,25.0,69,0,0
LJ500_R062_C062,62,62,692250,9532250,sur,25.0,69,0,0
LJ500_R062_C063,62,63,692750,9532250,sur,25.0,69,0,0
LJ500_R062_C064,62,64,693250,9532250,sur,25.0,69,0,0
LJ500_R062_C065,62,65,693750,9532250,sur,25.0,69,0,0
LJ500_R062_C066,62,66,694250,9532250,sur,25.0,69,0,0
LJ500_R062_C067,62,67,694750,9532250,sur,25.0,69,0,0
LJ500_R062_C068,62,68,695250,9532250,sur,25.0,69,0,0
LJ500_R062_C069,62,69,695750,9532250,sur,25.0,69,0,0
LJ500_R062_C070,62,70,696250,9532250,sur,25.0,69,0,0
LJ500_R062_C071,62,71,696750,9532250,sur,25.0,69,0,0
LJ500_R062_C072,62,72,697250,9532250,sur,25.0,69,1,1
LJ500_R062_C073,62,73,697750,9532250,sur,25.0,69,1,1
LJ500_R062_C074,62,74,698250,9532250,sur,25.0,70,2,2
LJ500_R062_C075,62,75,698750,9532250,sur,25.0,70,2,2
LJ500_R062_C076,62,76,699250,9532250,sur,25.0,69,1,1
LJ500_R062_C077,62,77,699750,9532250,sur,25.0,69,2,2
LJ500_R062_C078,62,78,700250,9532250,sur,25.0,69,1,1
LJ500_R062_C079,62,79,700750,9532250,sur,25.0,69,2,2
LJ500_R062_C080,62,80,701250,9532250,sur,25.0,69,1,1
LJ500_R062_C081,62,81,701750,9532250,sur,25.0,69,1,1
LJ500_R062_C082,62,82,702250,9532250,sur,25.0,69,1,1
LJ500_R062_C083,62,83,702750,9532250,sur,25.0,69,1,1
LJ500_R062_C084,62,84,703250,9532250,sur,25.0,69,0,0
LJ500_R062_C085,62,85,703750,9532250,sur,25.0,69,0,0
LJ500_R062_C086,62,86,704250,9532250,sur,25.0,69,0,0
LJ500_R062_C087,62,87,704750,9532250,sur,25.0,69,0,0
LJ500_R062_C088,62,88,705250,9532250,sur,25.0,69,1,1
LJ500_R062_C089,62,89,705750,9532250,sur,25.0,69,1,1
LJ500_R062_C090,62,90,706250,9532250,sur,25.0,69,1,1
LJ500_R062_C091,62,91,706750,9532250,sur,25.0,69,0,0
LJ500_R062_C092,62,92,707250,9532250,sur,25.0,69,0,0
LJ500_R062_C093,62,93,707750,9532250,sur,25.0,69,0,0
LJ500_R062_C094,62,94,708250,9532250,sur,25.0,69,0,0
LJ500_R062_C095,62,95,708750,9532250,sur,25.0,69,0,0
LJ500_R062_C096,62,96,709250,9532250,sur,25.0,69,0,0
LJ500_R062_C097,62,97,709750,9532250,sur,25.0,69,0,0
LJ500_R062_C098,62,98,710250,9532250,sur,6.1951,69,0,0
LJ500_R063_C048,63,48,685250,9532750,sur,0.6679,69,0,0
LJ500_R063_C049,63,49,685750,9532750,sur,22.21,69,0,0
LJ500_R063_C050,63,50,686250,9532750,sur,25.0,69,0,0
LJ500_R063_C051,63,51,686750,9532750,sur,25.0,69,0,0
LJ500_R063_C052,63,52,687250,9532750,sur,25.0,69,0,0
LJ500_R063_C053,63,53,687750,9532750,sur,25.0,69,1,1
LJ500_R063_C054,63,54,688250,9532750,sur,25.0,69,1,1
LJ500_R063_C055,63,55,688750,9532750,sur,25.0,69,1,1
LJ500_R063_C056,63,56,689250,9532750,sur,25.0,69,0,0
LJ500_R063_C057,63,57,689750,9532750,sur,25.0,69,1,1
LJ500_R063_C058,63,58,690250,9532750,sur,25.0,69,1,1
LJ500_R063_C059,63,59,690750,9532750,sur,25.0,69,1,1
LJ500_R063_C060,63,60,691250,9532750,sur,25.0,69,0,0
LJ500_R063_C061,63,61,691750,9532750,sur,25.0,69,0,0
LJ500_R063_C062,63,62,692250,9532750,sur,25.0,69,0,0
LJ500_R063_C063,63,63,692750,9532750,sur,25.0,69,0,0
LJ500_R063_C064,63,64,693250,9532750,sur,25.0,69,0,0
LJ500_R063_C065,63,65,693750,9532750,sur,25.0,69,0,0
LJ500_R063_C066,63,66,694250,9532750,sur,25.0,69,0,0
LJ500_R063_C067,63,67,694750,9532750,sur,25.0,69,0,0
LJ500_R063_C068,63,68,695250,9532750,sur,25.0,69,0,0
LJ500_R063_C069,63,69,695750,9532750,sur,25.0,69,0,0
LJ500_R063_C070,63,70,696250,9532750,sur,25.0,69,0,0
LJ500_R063_C071,63,71,696750,9532750,sur,25.0,69,0,0
LJ500_R063_C072,63,72,697250,9532750,sur,25.0,69,1,1
LJ500_R063_C073,63,73,697750,9532750,sur,25.0,69,1,1
LJ500_R063_C074,63,74,698250,9532750,sur,25.0,70,2,2
LJ500_R063_C075,63,75,698750,9532750,sur,25.0,70,2,2
LJ500_R063_C076,63,76,699250,9532750,sur,25.0,69,1,1
LJ500_R063_C077,63,77,699750,9532750,sur,25.0,69,2,2
LJ500_R063_C078,63,78,700250,9532750,sur,25.0,69,2,2
LJ500_R063_C079,63,79,700750,9532750,sur,25.0,69,2,2
LJ500_R063_C080,63,80,701250,9532750,sur,25.0,69,1,1
LJ500_R063_C081,63,81,701750,9532750,sur,25.0,69,1,1
LJ500_R063_C082,63,82,702250,9532750,sur,25.0,69,1,1
LJ500_R063_C083,63,83,702750,9532750,sur,25.0,69,1,1
LJ500_R063_C084,63,84,703250,9532750,sur,25.0,69,0,0
LJ500_R063_C085,63,85,703750,9532750,sur,25.0,69,0,0
LJ500_R063_C086,63,86,704250,9532750,sur,25.0,69,0,0
LJ500_R063_C087,63,87,704750,9532750,sur,25.0,69,0,0
LJ500_R063_C088,63,88,705250,9532750,sur,25.0,69,0,0
LJ500_R063_C089,63,89,705750,9532750,sur,25.0,69,1,1
LJ500_R063_C090,63,90,706250,9532750,sur,25.0,69,1,1
LJ500_R063_C091,63,91,706750,9532750,sur,25.0,69,0,0
LJ500_R063_C092,63,92,707250,9532750,sur,25.0,69,0,0
LJ500_R063_C093,63,93,707750,9532750,sur,25.0,69,0,0
LJ500_R063_C094,63,94,708250,9532750,sur,25.0,69,0,0
LJ500_R063_C095,63,95,708750,9532750,sur,25.0,69,0,0
LJ500_R063_C096,63,96,709250,9532750,sur,25.0,69,0,0
LJ500_R063_C097,63,97,709750,9532750,sur,23.72,69,0,0
LJ500_R063_C098,63,98,710250,9532750,sur,0.4983,0,0,0
LJ500_R064_C048,64,48,685250,9533250,sur,5.1867,69,0,0
LJ500_R064_C049,64,49,685750,9533250,sur,24.9,69,0,0
LJ500_R064_C050,64,50,686250,9533250,sur,25.0,69,0,0
LJ500_R064_C051,64,51,686750,9533250,sur,25.0,69,0,0
LJ500_R064_C052,64,52,687250,9533250,sur,25.0,69,0,0
LJ500_R064_C053,64,53,687750,9533250,sur,25.0,69,1,1
LJ500_R064_C054,64,54,688250,9533250,sur,25.0,69,1,1
LJ500_R064_C055,64,55,688750,9533250,sur,25.0,69,1,1
LJ500_R064_C056,64,56,689250,9533250,sur,25.0,69,0,0
LJ500_R064_C057,64,57,689750,9533250,sur,25.0,69,0,0
LJ500_R064_C058,64,58,690250,9533250,sur,25.0,69,0,0
LJ500_R064_C059,64,59,690750,9533250,sur,25.0,69,0,0
LJ500_R064_C060,64,60,691250,9533250,sur,25.0,69,0,0
LJ500_R064_C061,64,61,691750,9533250,sur,25.0,69,0,0
LJ500_R064_C062,64,62,692250,9533250,sur,25.0,69,0,0
LJ500_R064_C063,64,63,692750,9533250,sur,25.0,69,0,0
LJ500_R064_C064,64,64,693250,9533250,sur,25.0,69,0,0
LJ500_R064_C065,64,65,693750,9533250,sur,25.0,69,0,0
LJ500_R064_C066,64,66,694250,9533250,sur,25.0,69,0,0
LJ500_R064_C067,64,67,694750,9533250,sur,25.0,69,0,0
LJ500_R064_C068,64,68,695250,9533250,sur,25.0,69,0,0
LJ500_R064_C069,64,69,695750,9533250,sur,25.0,69,0,0
LJ500_R064_C070,64,70,696250,9533250,sur,25.0,69,0,0
LJ500_R064_C071,64,71,696750,9533250,sur,25.0,69,0,0
LJ500_R064_C072,64,72,697250,9533250,sur,25.0,69,1,1
LJ500_R064_C073,64,73,697750,9533250,sur,25.0,69,1,1
LJ500_R064_C074,64,74,698250,9533250,sur,25.0,69,1,1
LJ500_R064_C075,64,75,698750,9533250,sur,25.0,69,1,1
LJ500_R064_C076,64,76,699250,9533250,sur,25.0,69,1,1
LJ500_R064_C077,64,77,699750,9533250,sur,25.0,69,1,1
LJ500_R064_C078,64,78,700250,9533250,sur,25.0,69,1,1
LJ500_R064_C079,64,79,700750,9533250,sur,25.0,69,1,1
LJ500_R064_C080,64,80,701250,9533250,sur,25.0,69,1,1
LJ500_R064_C081,64,81,701750,9533250,sur,25.0,69,1,1
LJ500_R064_C082,64,82,702250,9533250,sur,25.0,69,0,0
LJ500_R064_C083,64,83,702750,9533250,sur,25.0,69,0,0
LJ500_R064_C084,64,84,703250,9533250,sur,25.0,69,0,0
LJ500_R064_C085,64,85,703750,9533250,sur,25.0,69,0,0
LJ500_R064_C086,64,86,704250,9533250,sur,25.0,69,0,0
LJ500_R064_C087,64,87,704750,9533250,sur,25.0,69,0,0
LJ500_R064_C088,64,88,705250,9533250,sur,25.0,69,0,0
LJ500_R064_C089,64,89,705750,9533250,sur,25.0,69,1,1
LJ500_R064_C090,64,90,706250,9533250,sur,25.0,69,1,1
LJ500_R064_C091,64,91,706750,9533250,sur,25.0,69,0,0
LJ500_R064_C092,64,92,707250,9533250,sur,25.0,69,0,0
LJ500_R064_C093,64,93,707750,9533250,sur,25.0,69,0,0
LJ500_R064_C094,64,94,708250,9533250,sur,25.0,69,0,0
LJ500_R064_C095,64,95,708750,9533250,sur,25.0,69,0,0
LJ500_R064_C096,64,96,709250,9533250,sur,25.0,69,0,0
LJ500_R064_C097,64,97,709750,9533250,sur,25.0,69,0,0
LJ500_R064_C098,64,98,710250,9533250,sur,8.7853,69,0,0
LJ500_R065_C048,65,48,685250,9533750,sur,4.5581,69,0,0
LJ500_R065_C049,65,49,685750,9533750,sur,25.0,69,0,0
LJ500_R065_C050,65,50,686250,9533750,sur,25.0,69,0,0
LJ500_R065_C051,65,51,686750,9533750,sur,25.0,69,0,0
LJ500_R065_C052,65,52,687250,9533750,sur,25.0,69,0,0
LJ500_R065_C053,65,53,687750,9533750,sur,25.0,69,1,1
LJ500_R065_C054,65,54,688250,9533750,sur,25.0,69,1,1
LJ500_R065_C055,65,55,688750,9533750,sur,25.0,69,1,1
LJ500_R065_C056,65,56,689250,9533750,sur,25.0,69,0,0
LJ500_R065_C057,65,57,689750,9533750,sur,25.0,69,0,0
LJ500_R065_C058,65,58,690250,9533750,sur,25.0,69,0,0
LJ500_R065_C059,65,59,690750,9533750,sur,25.0,69,0,0
LJ500_R065_C060,65,60,691250,9533750,sur,25.0,69,0,0
LJ500_R065_C061,65,61,691750,9533750,sur,25.0,69,0,0
LJ500_R065_C062,65,62,692250,9533750,sur,25.0,69,0,0
LJ500_R065_C063,65,63,692750,9533750,sur,25.0,69,0,0
LJ500_R065_C064,65,64,693250,9533750,sur,25.0,69,0,0
LJ500_R065_C065,65,65,693750,9533750,sur,25.0,69,0,0
LJ500_R065_C066,65,66,694250,9533750,sur,25.0,69,0,0
LJ500_R065_C067,65,67,694750,9533750,sur,25.0,69,0,0
LJ500_R065_C068,65,68,695250,9533750,sur,25.0,69,0,0
LJ500_R065_C069,65,69,695750,9533750,sur,25.0,69,0,0
LJ500_R065_C070,65,70,696250,9533750,sur,25.0,69,0,0
LJ500_R065_C071,65,71,696750,9533750,sur,25.0,69,0,0
LJ500_R065_C072,65,72,697250,9533750,sur,25.0,69,1,1
LJ500_R065_C073,65,73,697750,9533750,sur,25.0,69,1,1
LJ500_R065_C074,65,74,698250,9533750,sur,25.0,69,1,1
LJ500_R065_C075,65,75,698750,9533750,sur,25.0,69,1,1
LJ500_R065_C076,65,76,699250,9533750,sur,25.0,69,1,1
LJ500_R065_C077,65,77,699750,9533750,sur,25.0,69,1,1
LJ500_R065_C078,65,78,700250,9533750,sur,25.0,69,1,1
LJ500_R065_C079,65,79,700750,9533750,sur,25.0,69,1,1
LJ500_R065_C080,65,80,701250,9533750,sur,25.0,69,1,1
LJ500_R065_C081,65,81,701750,9533750,sur,25.0,69,1,1
LJ500_R065_C082,65,82,702250,9533750,sur,25.0,69,1,1
LJ500_R065_C083,65,83,702750,9533750,sur,25.0,69,1,1
LJ500_R065_C084,65,84,703250,9533750,sur,25.0,69,1,1
LJ500_R065_C085,65,85,703750,9533750,sur,25.0,69,1,1
LJ500_R065_C086,65,86,704250,9533750,sur,25.0,69,0,0
LJ500_R065_C087,65,87,704750,9533750,sur,25.0,69,1,1
LJ500_R065_C088,65,88,705250,9533750,sur,25.0,69,1,1
LJ500_R065_C089,65,89,705750,9533750,sur,25.0,69,1,1
LJ500_R065_C090,65,90,706250,9533750,sur,25.0,69,1,1
LJ500_R065_C091,65,91,706750,9533750,sur,25.0,69,1,1
LJ500_R065_C092,65,92,707250,9533750,sur,25.0,69,1,1
LJ500_R065_C093,65,93,707750,9533750,sur,25.0,69,0,0
LJ500_R065_C094,65,94,708250,9533750,sur,25.0,69,0,0
LJ500_R065_C095,65,95,708750,9533750,sur,25.0,69,0,0
LJ500_R065_C096,65,96,709250,9533750,sur,25.0,69,0,0
LJ500_R065_C097,65,97,709750,9533750,sur,25.0,69,0,0
LJ500_R065_C098,65,98,710250,9533750,sur,23.53,69,0,0
LJ500_R065_C099,65,99,710750,9533750,sur,2.9897,69,0,0
LJ500_R066_C048,66,48,685250,9534250,sur,2.6185,69,0,0
LJ500_R066_C049,66,49,685750,9534250,sur,25.0,69,0,0
LJ500_R066_C050,66,50,686250,9534250,sur,25.0,69,0,0
LJ500_R066_C051,66,51,686750,9534250,sur,25.0,69,0,0
LJ500_R066_C052,66,52,687250,9534250,sur,25.0,69,0,0
LJ500_R066_C053,66,53,687750,9534250,sur,25.0,69,0,0
LJ500_R066_C054,66,54,688250,9534250,sur,25.0,69,0,0
LJ500_R066_C055,66,55,688750,9534250,sur,25.0,69,0,0
LJ500_R066_C056,66,56,689250,9534250,sur,25.0,69,0,0
LJ500_R066_C057,66,57,689750,9534250,sur,25.0,69,0,0
LJ500_R066_C058,66,58,690250,9534250,sur,25.0,69,0,0
LJ500_R066_C059,66,59,690750,9534250,sur,25.0,69,0,0
LJ500_R066_C060,66,60,691250,9534250,sur,25.0,69,0,0
LJ500_R066_C061,66,61,691750,9534250,sur,25.0,69,0,0
LJ500_R066_C062,66,62,692250,9534250,sur,25.0,69,0,0
LJ500_R066_C063,66,63,692750,9534250,sur,25.0,69,0,0
LJ500_R066_C064,66,64,693250,9534250,sur,25.0,69,0,0
LJ500_R066_C065,66,65,693750,9534250,sur,25.0,69,0,0
LJ500_R066_C066,66,66,694250,9534250,sur,25.0,69,0,0
LJ500_R066_C067,66,67,694750,9534250,sur,25.0,69,0,0
LJ500_R066_C068,66,68,695250,9534250,sur,25.0,69,0,0
LJ500_R066_C069,66,69,695750,9534250,sur,25.0,69,0,0
LJ500_R066_C070,66,70,696250,9534250,sur,25.0,69,0,0
LJ500_R066_C071,66,71,696750,9534250,sur,25.0,69,0,0
LJ500_R066_C072,66,72,697250,9534250,sur,25.0,69,1,1
LJ500_R066_C073,66,73,697750,9534250,sur,25.0,69,1,1
LJ500_R066_C074,66,74,698250,9534250,sur,25.0,69,1,1
LJ500_R066_C075,66,75,698750,9534250,sur,25.0,69,1,1
LJ500_R066_C076,66,76,699250,9534250,sur,25.0,69,1,1
LJ500_R066_C077,66,77,699750,9534250,sur,25.0,69,1,1
LJ500_R066_C078,66,78,700250,9534250,sur,25.0,69,1,1
LJ500_R066_C079,66,79,700750,9534250,sur,25.0,69,1,1
LJ500_R066_C080,66,80,701250,9534250,sur,25.0,69,1,1
LJ500_R066_C081,66,81,701750,9534250,sur,25.0,69,1,1
LJ500_R066_C082,66,82,702250,9534250,sur,25.0,69,1,1
LJ500_R066_C083,66,83,702750,9534250,sur,25.0,69,1,1
LJ500_R066_C084,66,84,703250,9534250,sur,25.0,69,1,1
LJ500_R066_C085,66,85,703750,9534250,sur,25.0,69,1,1
LJ500_R066_C086,66,86,704250,9534250,sur,25.0,69,0,0
LJ500_R066_C087,66,87,704750,9534250,sur,25.0,69,1,1
LJ500_R066_C088,66,88,705250,9534250,sur,25.0,69,1,1
LJ500_R066_C089,66,89,705750,9534250,sur,25.0,69,1,1
LJ500_R066_C090,66,90,706250,9534250,sur,25.0,69,1,1
LJ500_R066_C091,66,91,706750,9534250,sur,25.0,69,1,1
LJ500_R066_C092,66,92,707250,9534250,sur,25.0,69,1,1
LJ500_R066_C093,66,93,707750,9534250,sur,25.0,69,1,1
LJ500_R066_C094,66,94,708250,9534250,sur,25.0,69,0,0
LJ500_R066_C095,66,95,708750,9534250,sur,25.0,69,0,0
LJ500_R066_C096,66,96,709250,9534250,sur,25.0,69,0,0
LJ500_R066_C097,66,97,709750,9534250,sur,25.0,69,0,0
LJ500_R066_C098,66,98,710250,9534250,sur,25.0,69,0,0
LJ500_R066_C099,66,99,710750,9534250,sur,15.45,69,0,0
LJ500_R067_C048,67,48,685250,9534750,sur,0.2902,0,0,0
LJ500_R067_C049,67,49,685750,9534750,sur,21.62,69,0,0
LJ500_R067_C050,67,50,686250,9534750,sur,25.0,69,0,0
LJ500_R067_C051,67,51,686750,9534750,sur,25.0,69,0,0
LJ500_R067_C052,67,52,687250,9534750,sur,25.0,69,0,0
LJ500_R067_C053,67,53,687750,9534750,sur,25.0,69,0,0
LJ500_R067_C054,67,54,688250,9534750,sur,25.0,69,0,0
LJ500_R067_C055,67,55,688750,9534750,sur,25.0,69,0,0
LJ500_R067_C056,67,56,689250,9534750,sur,25.0,69,0,0
LJ500_R067_C057,67,57,689750,9534750,sur,25.0,69,0,0
LJ500_R067_C058,67,58,690250,9534750,sur,25.0,69,0,0
LJ500_R067_C059,67,59,690750,9534750,sur,25.0,69,0,0
LJ500_R067_C060,67,60,691250,9534750,sur,25.0,69,0,0
LJ500_R067_C061,67,61,691750,9534750,sur,25.0,69,0,0
LJ500_R067_C062,67,62,692250,9534750,sur,25.0,69,0,0
LJ500_R067_C063,67,63,692750,9534750,sur,25.0,69,0,0
LJ500_R067_C064,67,64,693250,9534750,sur,25.0,69,0,0
LJ500_R067_C065,67,65,693750,9534750,sur,25.0,69,0,0
LJ500_R067_C066,67,66,694250,9534750,sur,25.0,69,0,0
LJ500_R067_C067,67,67,694750,9534750,sur,25.0,69,0,0
LJ500_R067_C068,67,68,695250,9534750,sur,25.0,69,0,0
LJ500_R067_C069,67,69,695750,9534750,sur,25.0,69,0,0
LJ500_R067_C070,67,70,696250,9534750,sur,25.0,69,0,0
LJ500_R067_C071,67,71,696750,9534750,sur,25.0,69,0,0
LJ500_R067_C072,67,72,697250,9534750,sur,25.0,69,1,1
LJ500_R067_C073,67,73,697750,9534750,sur,25.0,69,1,1
LJ500_R067_C074,67,74,698250,9534750,sur,25.0,69,1,1
LJ500_R067_C075,67,75,698750,9534750,sur,25.0,69,1,1
LJ500_R067_C076,67,76,699250,9534750,sur,25.0,69,1,1
LJ500_R067_C077,67,77,699750,9534750,sur,25.0,69,1,1
LJ500_R067_C078,67,78,700250,9534750,sur,25.0,69,1,1
LJ500_R067_C079,67,79,700750,9534750,sur,25.0,69,1,1
LJ500_R067_C080,67,80,701250,9534750,sur,25.0,69,1,1
LJ500_R067_C081,67,81,701750,9534750,sur,25.0,69,1,1
LJ500_R067_C082,67,82,702250,9534750,sur,25.0,69,1,1
LJ500_R067_C083,67,83,702750,9534750,sur,25.0,69,1,1
LJ500_R067_C084,67,84,703250,9534750,sur,25.0,69,1,1
LJ500_R067_C085,67,85,703750,9534750,sur,25.0,69,1,1
LJ500_R067_C086,67,86,704250,9534750,sur,25.0,69,0,0
LJ500_R067_C087,67,87,704750,9534750,sur,25.0,69,1,1
LJ500_R067_C088,67,88,705250,9534750,sur,25.0,69,1,1
LJ500_R067_C089,67,89,705750,9534750,sur,25.0,69,1,1
LJ500_R067_C090,67,90,706250,9534750,sur,25.0,69,1,1
LJ500_R067_C091,67,91,706750,9534750,sur,25.0,69,1,1
LJ500_R067_C092,67,92,707250,9534750,sur,25.0,69,1,1
LJ500_R067_C093,67,93,707750,9534750,sur,25.0,69,1,1
LJ500_R067_C094,67,94,708250,9534750,sur,25.0,69,0,0
LJ500_R067_C095,67,95,708750,9534750,sur,25.0,69,0,0
LJ500_R067_C096,67,96,709250,9534750,sur,25.0,69,0,0
LJ500_R067_C097,67,97,709750,9534750,sur,25.0,69,0,0
LJ500_R067_C098,67,98,710250,9534750,sur,17.91,69,0,0
LJ500_R067_C099,67,99,710750,9534750,sur,3.9634,69,0,0
LJ500_R068_C049,68,49,685750,9535250,sur,13.21,69,0,0
LJ500_R068_C050,68,50,686250,9535250,sur,25.0,69,0,0
LJ500_R068_C051,68,51,686750,9535250,sur,25.0,69,0,0
LJ500_R068_C052,68,52,687250,9535250,sur,25.0,69,0,0
LJ500_R068_C053,68,53,687750,9535250,sur,25.0,69,0,0
LJ500_R068_C054,68,54,688250,9535250,sur,25.0,69,0,0
LJ500_R068_C055,68,55,688750,9535250,sur,25.0,69,0,0
LJ500_R068_C056,68,56,689250,9535250,sur,25.0,69,0,0
LJ500_R068_C057,68,57,689750,9535250,sur,25.0,69,0,0
LJ500_R068_C058,68,58,690250,9535250,sur,25.0,69,0,0
LJ500_R068_C059,68,59,690750,9535250,sur,25.0,69,0,0
LJ500_R068_C060,68,60,691250,9535250,sur,25.0,69,0,0
LJ500_R068_C061,68,61,691750,9535250,sur,25.0,69,0,0
LJ500_R068_C062,68,62,692250,9535250,sur,25.0,69,0,0
LJ500_R068_C063,68,63,692750,9535250,sur,25.0,69,0,0
LJ500_R068_C064,68,64,693250,9535250,sur,25.0,69,0,0
LJ500_R068_C065,68,65,693750,9535250,sur,25.0,69,0,0
LJ500_R068_C066,68,66,694250,9535250,sur,25.0,69,0,0
LJ500_R068_C067,68,67,694750,9535250,sur,25.0,69,0,0
LJ500_R068_C068,68,68,695250,9535250,sur,25.0,69,0,0
LJ500_R068_C069,68,69,695750,9535250,sur,25.0,69,0,0
LJ500_R068_C070,68,70,696250,9535250,sur,25.0,69,0,0
LJ500_R068_C071,68,71,696750,9535250,sur,25.0,69,0,0
LJ500_R068_C072,68,72,697250,9535250,sur,25.0,69,0,0
LJ500_R068_C073,68,73,697750,9535250,sur,25.0,69,0,0
LJ500_R068_C074,68,74,698250,9535250,sur,25.0,69,0,0
LJ500_R068_C075,68,75,698750,9535250,sur,25.0,69,0,0
LJ500_R068_C076,68,76,699250,9535250,sur,25.0,69,0,0
LJ500_R068_C077,68,77,699750,9535250,sur,25.0,69,0,0
LJ500_R068_C078,68,78,700250,9535250,sur,25.0,69,0,0
LJ500_R068_C079,68,79,700750,9535250,sur,25.0,69,0,0
LJ500_R068_C080,68,80,701250,9535250,sur,25.0,69,1,1
LJ500_R068_C081,68,81,701750,9535250,sur,25.0,69,1,1
LJ500_R068_C082,68,82,702250,9535250,sur,25.0,69,1,1
LJ500_R068_C083,68,83,702750,9535250,sur,25.0,69,1,1
LJ500_R068_C084,68,84,703250,9535250,sur,25.0,69,1,1
LJ500_R068_C085,68,85,703750,9535250,sur,25.0,69,1,1
LJ500_R068_C086,68,86,704250,9535250,sur,25.0,69,0,0
LJ500_R068_C087,68,87,704750,9535250,sur,25.0,69,1,1
LJ500_R068_C088,68,88,705250,9535250,sur,25.0,69,1,1
LJ500_R068_C089,68,89,705750,9535250,sur,25.0,69,1,1
LJ500_R068_C090,68,90,706250,9535250,sur,25.0,69,0,0
LJ500_R068_C091,68,91,706750,9535250,sur,25.0,69,0,0
LJ500_R068_C092,68,92,707250,9535250,sur,25.0,69,0,0
LJ500_R068_C093,68,93,707750,9535250,sur,25.0,69,0,0
LJ500_R068_C094,68,94,708250,9535250,sur,25.0,69,0,0
LJ500_R068_C095,68,95,708750,9535250,sur,25.0,69,0,0
LJ500_R068_C096,68,96,709250,9535250,sur,25.0,69,0,0
LJ500_R068_C097,68,97,709750,9535250,sur,25.0,69,0,0
LJ500_R068_C098,68,98,710250,9535250,sur,15.58,69,0,0
LJ500_R069_C049,69,49,685750,9535750,sur,20.49,69,0,0
LJ500_R069_C050,69,50,686250,9535750,sur,25.0,69,0,0
LJ500_R069_C051,69,51,686750,9535750,sur,25.0,69,0,0
LJ500_R069_C052,69,52,687250,9535750,sur,25.0,69,0,0
LJ500_R069_C053,69,53,687750,9535750,sur,25.0,69,0,0
LJ500_R069_C054,69,54,688250,9535750,sur,25.0,69,1,1
LJ500_R069_C055,69,55,688750,9535750,sur,25.0,69,1,1
LJ500_R069_C056,69,56,689250,9535750,sur,25.0,69,1,1
LJ500_R069_C057,69,57,689750,9535750,sur,25.0,69,0,0
LJ500_R069_C058,69,58,690250,9535750,sur,25.0,69,0,0
LJ500_R069_C059,69,59,690750,9535750,sur,25.0,69,0,0
LJ500_R069_C060,69,60,691250,9535750,sur,25.0,69,0,0
LJ500_R069_C061,69,61,691750,9535750,sur,25.0,69,0,0
LJ500_R069_C062,69,62,692250,9535750,sur,25.0,69,0,0
LJ500_R069_C063,69,63,692750,9535750,sur,25.0,69,0,0
LJ500_R069_C064,69,64,693250,9535750,sur,25.0,69,0,0
LJ500_R069_C065,69,65,693750,9535750,sur,25.0,69,0,0
LJ500_R069_C066,69,66,694250,9535750,sur,25.0,69,0,0
LJ500_R069_C067,69,67,694750,9535750,sur,25.0,69,0,0
LJ500_R069_C068,69,68,695250,9535750,sur,25.0,69,0,0
LJ500_R069_C069,69,69,695750,9535750,sur,25.0,69,0,0
LJ500_R069_C070,69,70,696250,9535750,sur,25.0,69,0,0
LJ500_R069_C071,69,71,696750,9535750,sur,25.0,69,0,0
LJ500_R069_C072,69,72,697250,9535750,sur,25.0,69,0,0
LJ500_R069_C073,69,73,697750,9535750,sur,25.0,69,0,0
LJ500_R069_C074,69,74,698250,9535750,sur,25.0,69,1,0
LJ500_R069_C075,69,75,698750,9535750,sur,25.0,69,1,0
LJ500_R069_C076,69,76,699250,9535750,sur,25.0,69,1,0
LJ500_R069_C077,69,77,699750,9535750,sur,25.0,69,0,0
LJ500_R069_C078,69,78,700250,9535750,sur,25.0,69,0,0
LJ500_R069_C079,69,79,700750,9535750,sur,25.0,69,0,0
LJ500_R069_C080,69,80,701250,9535750,sur,25.0,69,0,0
LJ500_R069_C081,69,81,701750,9535750,sur,25.0,69,0,0
LJ500_R069_C082,69,82,702250,9535750,sur,25.0,69,0,0
LJ500_R069_C083,69,83,702750,9535750,sur,25.0,69,0,0
LJ500_R069_C084,69,84,703250,9535750,sur,25.0,69,0,0
LJ500_R069_C085,69,85,703750,9535750,sur,25.0,69,0,0
LJ500_R069_C086,69,86,704250,9535750,sur,25.0,69,0,0
LJ500_R069_C087,69,87,704750,9535750,sur,25.0,69,0,0
LJ500_R069_C088,69,88,705250,9535750,sur,25.0,69,0,0
LJ500_R069_C089,69,89,705750,9535750,sur,25.0,69,0,0
LJ500_R069_C090,69,90,706250,9535750,sur,25.0,69,0,0
LJ500_R069_C091,69,91,706750,9535750,sur,25.0,69,0,0
LJ500_R069_C092,69,92,707250,9535750,sur,25.0,69,0,0
LJ500_R069_C093,69,93,707750,9535750,sur,25.0,69,0,0
LJ500_R069_C094,69,94,708250,9535750,sur,25.0,69,0,0
LJ500_R069_C095,69,95,708750,9535750,sur,25.0,69,0,0
LJ500_R069_C096,69,96,709250,9535750,sur,25.0,69,0,0
LJ500_R069_C097,69,97,709750,9535750,sur,25.0,69,0,0
LJ500_R069_C098,69,98,710250,9535750,sur,18.11,69,0,0
LJ500_R070_C049,70,49,685750,9536250,sur,15.35,69,0,0
LJ500_R070_C050,70,50,686250,9536250,sur,25.0,69,0,0
LJ500_R070_C051,70,51,686750,9536250,sur,25.0,69,0,0
LJ500_R070_C052,70,52,687250,9536250,sur,25.0,69,0,0
LJ500_R070_C053,70,53,687750,9536250,sur,25.0,69,0,0
LJ500_R070_C054,70,54,688250,9536250,sur,25.0,69,1,1
LJ500_R070_C055,70,55,688750,9536250,sur,25.0,69,1,1
LJ500_R070_C056,70,56,689250,9536250,sur,25.0,69,1,1
LJ500_R070_C057,70,57,689750,9536250,sur,25.0,69,0,0
LJ500_R070_C058,70,58,690250,9536250,sur,25.0,69,0,0
LJ500_R070_C059,70,59,690750,9536250,sur,25.0,69,0,0
LJ500_R070_C060,70,60,691250,9536250,sur,25.0,69,0,0
LJ500_R070_C061,70,61,691750,9536250,sur,25.0,69,0,0
LJ500_R070_C062,70,62,692250,9536250,sur,25.0,69,0,0
LJ500_R070_C063,70,63,692750,9536250,sur,25.0,69,0,0
LJ500_R070_C064,70,64,693250,9536250,sur,25.0,69,0,0
LJ500_R070_C065,70,65,693750,9536250,sur,25.0,69,0,0
LJ500_R070_C066,70,66,694250,9536250,sur,25.0,69,0,0
LJ500_R070_C067,70,67,694750,9536250,sur,25.0,69,0,0
LJ500_R070_C068,70,68,695250,9536250,sur,25.0,69,0,0
LJ500_R070_C069,70,69,695750,9536250,sur,25.0,69,0,0
LJ500_R070_C070,70,70,696250,9536250,sur,25.0,69,0,0
LJ500_R070_C071,70,71,696750,9536250,sur,25.0,69,0,0
LJ500_R070_C072,70,72,697250,9536250,sur,25.0,69,0,0
LJ500_R070_C073,70,73,697750,9536250,sur,25.0,69,0,0
LJ500_R070_C074,70,74,698250,9536250,sur,25.0,69,1,0
LJ500_R070_C075,70,75,698750,9536250,sur,25.0,69,1,0
LJ500_R070_C076,70,76,699250,9536250,sur,25.0,69,1,0
LJ500_R070_C077,70,77,699750,9536250,sur,25.0,69,0,0
LJ500_R070_C078,70,78,700250,9536250,sur,25.0,69,0,0
LJ500_R070_C079,70,79,700750,9536250,sur,25.0,69,0,0
LJ500_R070_C080,70,80,701250,9536250,sur,25.0,69,0,0
LJ500_R070_C081,70,81,701750,9536250,sur,25.0,69,0,0
LJ500_R070_C082,70,82,702250,9536250,sur,25.0,69,0,0
LJ500_R070_C083,70,83,702750,9536250,sur,25.0,69,0,0
LJ500_R070_C084,70,84,703250,9536250,sur,25.0,69,0,0
LJ500_R070_C085,70,85,703750,9536250,sur,25.0,69,0,0
LJ500_R070_C086,70,86,704250,9536250,sur,25.0,69,0,0
LJ500_R070_C087,70,87,704750,9536250,sur,25.0,69,0,0
LJ500_R070_C088,70,88,705250,9536250,sur,25.0,69,0,0
LJ500_R070_C089,70,89,705750,9536250,sur,25.0,69,0,0
LJ500_R070_C090,70,90,706250,9536250,sur,25.0,69,0,0
LJ500_R070_C091,70,91,706750,9536250,sur,25.0,69,0,0
LJ500_R070_C092,70,92,707250,9536250,sur,25.0,69,0,0
LJ500_R070_C093,70,93,707750,9536250,sur,25.0,69,0,0
LJ500_R070_C094,70,94,708250,9536250,sur,25.0,69,0,0
LJ500_R070_C095,70,95,708750,9536250,sur,25.0,69,0,0
LJ500_R070_C096,70,96,709250,9536250,sur,25.0,69,0,0
LJ500_R070_C097,70,97,709750,9536250,sur,25.0,69,0,0
LJ500_R070_C098,70,98,710250,9536250,sur,15.42,69,0,0
LJ500_R071_C049,71,49,685750,9536750,sur,5.8625,69,1,1
LJ500_R071_C050,71,50,686250,9536750,sur,24.98,69,1,1
LJ500_R071_C051,71,51,686750,9536750,sur,25.0,69,1,1
LJ500_R071_C052,71,52,687250,9536750,sur,25.0,69,1,1
LJ500_R071_C053,71,53,687750,9536750,sur,25.0,69,0,0
LJ500_R071_C054,71,54,688250,9536750,sur,25.0,69,0,0
LJ500_R071_C055,71,55,688750,9536750,sur,25.0,69,0,0
LJ500_R071_C056,71,56,689250,9536750,sur,25.0,69,0,0
LJ500_R071_C057,71,57,689750,9536750,sur,25.0,69,0,0
LJ500_R071_C058,71,58,690250,9536750,sur,25.0,69,0,0
LJ500_R071_C059,71,59,690750,9536750,sur,25.0,69,0,0
LJ500_R071_C060,71,60,691250,9536750,sur,25.0,69,0,0
LJ500_R071_C061,71,61,691750,9536750,sur,25.0,69,0,0
LJ500_R071_C062,71,62,692250,9536750,sur,25.0,69,1,1
LJ500_R071_C063,71,63,692750,9536750,sur,25.0,69,1,1
LJ500_R071_C064,71,64,693250,9536750,sur,25.0,69,0,0
LJ500_R071_C065,71,65,693750,9536750,sur,25.0,69,0,0
LJ500_R071_C066,71,66,694250,9536750,sur,25.0,69,0,0
LJ500_R071_C067,71,67,694750,9536750,sur,25.0,69,0,0
LJ500_R071_C068,71,68,695250,9536750,sur,25.0,69,0,0
LJ500_R071_C069,71,69,695750,9536750,sur,25.0,69,0,0
LJ500_R071_C070,71,70,696250,9536750,sur,25.0,69,0,0
LJ500_R071_C071,71,71,696750,9536750,sur,25.0,69,0,0
LJ500_R071_C072,71,72,697250,9536750,sur,25.0,69,0,0
LJ500_R071_C073,71,73,697750,9536750,sur,25.0,69,0,0
LJ500_R071_C074,71,74,698250,9536750,sur,25.0,69,1,1
LJ500_R071_C075,71,75,698750,9536750,sur,25.0,69,1,1
LJ500_R071_C076,71,76,699250,9536750,sur,25.0,69,1,1
LJ500_R071_C077,71,77,699750,9536750,sur,25.0,69,0,0
LJ500_R071_C078,71,78,700250,9536750,sur,25.0,69,0,0
LJ500_R071_C079,71,79,700750,9536750,sur,25.0,69,0,0
LJ500_R071_C080,71,80,701250,9536750,sur,25.0,69,0,0
LJ500_R071_C081,71,81,701750,9536750,sur,25.0,69,0,0
LJ500_R071_C082,71,82,702250,9536750,sur,25.0,69,0,0
LJ500_R071_C083,71,83,702750,9536750,sur,25.0,69,0,0
LJ500_R071_C084,71,84,703250,9536750,sur,25.0,69,0,0
LJ500_R071_C085,71,85,703750,9536750,sur,25.0,69,0,0
LJ500_R071_C086,71,86,704250,9536750,sur,25.0,69,0,0
LJ500_R071_C087,71,87,704750,9536750,sur,25.0,69,0,0
LJ500_R071_C088,71,88,705250,9536750,sur,25.0,69,0,0
LJ500_R071_C089,71,89,705750,9536750,sur,25.0,69,0,0
LJ500_R071_C090,71,90,706250,9536750,sur,25.0,69,0,0
LJ500_R071_C091,71,91,706750,9536750,sur,25.0,69,0,0
LJ500_R071_C092,71,92,707250,9536750,sur,25.0,69,0,0
LJ500_R071_C093,71,93,707750,9536750,sur,25.0,69,0,0
LJ500_R071_C094,71,94,708250,9536750,sur,25.0,69,0,0
LJ500_R071_C095,71,95,708750,9536750,sur,25.0,69,0,0
LJ500_R071_C096,71,96,709250,9536750,sur,25.0,69,0,0
LJ500_R071_C097,71,97,709750,9536750,sur,25.0,69,0,0
LJ500_R071_C098,71,98,710250,9536750,sur,7.0451,69,0,0
LJ500_R072_C049,72,49,685750,9537250,sur,0.0254,0,0,0
LJ500_R072_C050,72,50,686250,9537250,sur,1.0185,69,1,1
LJ500_R072_C051,72,51,686750,9537250,sur,15.24,69,1,1
LJ500_R072_C052,72,52,687250,9537250,sur,25.0,69,1,1
LJ500_R072_C053,72,53,687750,9537250,sur,25.0,69,0,0
LJ500_R072_C054,72,54,688250,9537250,sur,25.0,69,0,0
LJ500_R072_C055,72,55,688750,9537250,sur,25.0,69,0,0
LJ500_R072_C056,72,56,689250,9537250,sur,25.0,69,0,0
LJ500_R072_C057,72,57,689750,9537250,sur,25.0,69,0,0
LJ500_R072_C058,72,58,690250,9537250,sur,25.0,69,1,1
LJ500_R072_C059,72,59,690750,9537250,sur,25.0,69,1,1
LJ500_R072_C060,72,60,691250,9537250,sur,25.0,69,1,1
LJ500_R072_C061,72,61,691750,9537250,sur,25.0,69,0,0
LJ500_R072_C062,72,62,692250,9537250,sur,25.0,69,1,1
LJ500_R072_C063,72,63,692750,9537250,sur,25.0,69,1,1
LJ500_R072_C064,72,64,693250,9537250,sur,25.0,69,0,0
LJ500_R072_C065,72,65,693750,9537250,sur,25.0,69,0,0
LJ500_R072_C066,72,66,694250,9537250,sur,25.0,69,0,0
LJ500_R072_C067,72,67,694750,9537250,sur,25.0,69,0,0
LJ500_R072_C068,72,68,695250,9537250,sur,25.0,69,0,0
LJ500_R072_C069,72,69,695750,9537250,sur,25.0,69,0,0
LJ500_R072_C070,72,70,696250,9537250,sur,25.0,69,0,0
LJ500_R072_C071,72,71,696750,9537250,sur,25.0,69,0,0
LJ500_R072_C072,72,72,697250,9537250,sur,25.0,69,0,0
LJ500_R072_C073,72,73,697750,9537250,sur,25.0,69,1,1
LJ500_R072_C074,72,74,698250,9537250,sur,25.0,69,1,1
LJ500_R072_C075,72,75,698750,9537250,sur,25.0,69,2,2
LJ500_R072_C076,72,76,699250,9537250,sur,25.0,69,1,1
LJ500_R072_C077,72,77,699750,9537250,sur,25.0,69,0,0
LJ500_R072_C078,72,78,700250,9537250,sur,25.0,69,0,0
LJ500_R072_C079,72,79,700750,9537250,sur,25.0,69,0,0
LJ500_R072_C080,72,80,701250,9537250,sur,25.0,69,0,0
LJ500_R072_C081,72,81,701750,9537250,sur,25.0,69,0,0
LJ500_R072_C082,72,82,702250,9537250,sur,25.0,69,0,0
LJ500_R072_C083,72,83,702750,9537250,sur,25.0,69,0,0
LJ500_R072_C084,72,84,703250,9537250,sur,25.0,69,0,0
LJ500_R072_C085,72,85,703750,9537250,sur,25.0,69,0,0
LJ500_R072_C086,72,86,704250,9537250,sur,25.0,69,0,0
LJ500_R072_C087,72,87,704750,9537250,sur,25.0,69,0,0
LJ500_R072_C088,72,88,705250,9537250,sur,25.0,69,0,0
LJ500_R072_C089,72,89,705750,9537250,sur,25.0,69,0,0
LJ500_R072_C090,72,90,706250,9537250,sur,25.0,69,0,0
LJ500_R072_C091,72,91,706750,9537250,sur,25.0,69,0,0
LJ500_R072_C092,72,92,707250,9537250,sur,25.0,69,0,0
LJ500_R072_C093,72,93,707750,9537250,sur,25.0,69,0,0
LJ500_R072_C094,72,94,708250,9537250,sur,25.0,69,0,0
LJ500_R072_C095,72,95,708750,9537250,sur,25.0,69,0,0
LJ500_R072_C096,72,96,709250,9537250,sur,25.0,69,0,0
LJ500_R072_C097,72,97,709750,9537250,sur,19.54,69,0,0
LJ500_R072_C098,72,98,710250,9537250,sur,1.8721,69,0,0
LJ500_R073_C051,73,51,686750,9537750,sur,0.8673,69,0,0
LJ500_R073_C052,73,52,687250,9537750,sur,12.96,69,0,0
LJ500_R073_C053,73,53,687750,9537750,sur,21.55,69,0,0
LJ500_R073_C054,73,54,688250,9537750,sur,25.0,69,0,0
LJ500_R073_C055,73,55,688750,9537750,sur,25.0,69,0,0
LJ500_R073_C056,73,56,689250,9537750,sur,25.0,69,0,0
LJ500_R073_C057,73,57,689750,9537750,sur,25.0,69,0,0
LJ500_R073_C058,73,58,690250,9537750,sur,25.0,69,1,1
LJ500_R073_C059,73,59,690750,9537750,sur,25.0,69,1,1
LJ500_R073_C060,73,60,691250,9537750,sur,25.0,69,1,1
LJ500_R073_C061,73,61,691750,9537750,sur,25.0,69,0,0
LJ500_R073_C062,73,62,692250,9537750,sur,25.0,69,0,0
LJ500_R073_C063,73,63,692750,9537750,sur,25.0,69,0,0
LJ500_R073_C064,73,64,693250,9537750,sur,25.0,69,0,0
LJ500_R073_C065,73,65,693750,9537750,sur,25.0,69,0,0
LJ500_R073_C066,73,66,694250,9537750,sur,25.0,69,0,0
LJ500_R073_C067,73,67,694750,9537750,sur,25.0,69,0,0
LJ500_R073_C068,73,68,695250,9537750,sur,25.0,69,0,0
LJ500_R073_C069,73,69,695750,9537750,sur,25.0,69,0,0
LJ500_R073_C070,73,70,696250,9537750,sur,25.0,69,0,0
LJ500_R073_C071,73,71,696750,9537750,sur,25.0,69,0,0
LJ500_R073_C072,73,72,697250,9537750,sur,25.0,69,0,0
LJ500_R073_C073,73,73,697750,9537750,sur,25.0,69,1,1
LJ500_R073_C074,73,74,698250,9537750,sur,25.0,69,1,1
LJ500_R073_C075,73,75,698750,9537750,sur,25.0,69,2,2
LJ500_R073_C076,73,76,699250,9537750,sur,25.0,69,1,1
LJ500_R073_C077,73,77,699750,9537750,sur,25.0,69,1,1
LJ500_R073_C078,73,78,700250,9537750,sur,25.0,69,0,0
LJ500_R073_C079,73,79,700750,9537750,sur,25.0,69,0,0
LJ500_R073_C080,73,80,701250,9537750,sur,25.0,69,0,0
LJ500_R073_C081,73,81,701750,9537750,sur,25.0,69,0,0
LJ500_R073_C082,73,82,702250,9537750,sur,25.0,69,0,0
LJ500_R073_C083,73,83,702750,9537750,sur,25.0,69,0,0
LJ500_R073_C084,73,84,703250,9537750,sur,25.0,69,0,0
LJ500_R073_C085,73,85,703750,9537750,sur,25.0,69,0,0
LJ500_R073_C086,73,86,704250,9537750,sur,25.0,69,0,0
LJ500_R073_C087,73,87,704750,9537750,sur,25.0,69,0,0
LJ500_R073_C088,73,88,705250,9537750,sur,25.0,69,0,0
LJ500_R073_C089,73,89,705750,9537750,sur,25.0,69,0,0
LJ500_R073_C090,73,90,706250,9537750,sur,25.0,69,0,0
LJ500_R073_C091,73,91,706750,9537750,sur,25.0,69,0,0
LJ500_R073_C092,73,92,707250,9537750,sur,25.0,69,0,0
LJ500_R073_C093,73,93,707750,9537750,sur,25.0,69,0,0
LJ500_R073_C094,73,94,708250,9537750,sur,25.0,69,0,0
LJ500_R073_C095,73,95,708750,9537750,sur,22.03,69,0,0
LJ500_R073_C096,73,96,709250,9537750,sur,7.3592,69,0,0
LJ500_R073_C097,73,97,709750,9537750,sur,0.1174,0,0,0
LJ500_R074_C053,74,53,687750,9538250,sur,3.2248,69,1,1
LJ500_R074_C054,74,54,688250,9538250,sur,24.94,69,1,1
LJ500_R074_C055,74,55,688750,9538250,sur,25.0,69,1,1
LJ500_R074_C056,74,56,689250,9538250,sur,25.0,69,1,1
LJ500_R074_C057,74,57,689750,9538250,sur,25.0,69,0,0
LJ500_R074_C058,74,58,690250,9538250,sur,25.0,69,1,1
LJ500_R074_C059,74,59,690750,9538250,sur,25.0,69,1,1
LJ500_R074_C060,74,60,691250,9538250,sur,25.0,69,1,1
LJ500_R074_C061,74,61,691750,9538250,sur,25.0,69,0,0
LJ500_R074_C062,74,62,692250,9538250,sur,25.0,69,0,0
LJ500_R074_C063,74,63,692750,9538250,sur,25.0,69,0,0
LJ500_R074_C064,74,64,693250,9538250,sur,25.0,69,0,0
LJ500_R074_C065,74,65,693750,9538250,sur,25.0,69,0,0
LJ500_R074_C066,74,66,694250,9538250,sur,25.0,69,0,0
LJ500_R074_C067,74,67,694750,9538250,sur,25.0,69,0,0
LJ500_R074_C068,74,68,695250,9538250,sur,25.0,69,0,0
LJ500_R074_C069,74,69,695750,9538250,sur,25.0,69,0,0
LJ500_R074_C070,74,70,696250,9538250,sur,25.0,69,0,0
LJ500_R074_C071,74,71,696750,9538250,sur,25.0,69,0,0
LJ500_R074_C072,74,72,697250,9538250,sur,25.0,69,0,0
LJ500_R074_C073,74,73,697750,9538250,sur,25.0,69,1,1
LJ500_R074_C074,74,74,698250,9538250,sur,25.0,69,1,1
LJ500_R074_C075,74,75,698750,9538250,sur,25.0,69,2,2
LJ500_R074_C076,74,76,699250,9538250,sur,25.0,69,1,1
LJ500_R074_C077,74,77,699750,9538250,sur,25.0,69,1,1
LJ500_R074_C078,74,78,700250,9538250,sur,25.0,69,0,0
LJ500_R074_C079,74,79,700750,9538250,sur,25.0,69,0,0
LJ500_R074_C080,74,80,701250,9538250,sur,25.0,69,0,0
LJ500_R074_C081,74,81,701750,9538250,sur,25.0,69,0,0
LJ500_R074_C082,74,82,702250,9538250,sur,25.0,69,0,0
LJ500_R074_C083,74,83,702750,9538250,sur,25.0,69,0,0
LJ500_R074_C084,74,84,703250,9538250,sur,25.0,69,0,0
LJ500_R074_C085,74,85,703750,9538250,sur,25.0,69,0,0
LJ500_R074_C086,74,86,704250,9538250,sur,25.0,69,0,0
LJ500_R074_C087,74,87,704750,9538250,sur,25.0,69,0,0
LJ500_R074_C088,74,88,705250,9538250,sur,25.0,69,0,0
LJ500_R074_C089,74,89,705750,9538250,sur,25.0,69,0,0
LJ500_R074_C090,74,90,706250,9538250,sur,25.0,69,0,0
LJ500_R074_C091,74,91,706750,9538250,sur,25.0,69,0,0
LJ500_R074_C092,74,92,707250,9538250,sur,25.0,69,0,0
LJ500_R074_C093,74,93,707750,9538250,sur,25.0,69,0,0
LJ500_R074_C094,74,94,708250,9538250,sur,19.41,69,0,0
LJ500_R074_C095,74,95,708750,9538250,sur,0.2348,0,0,0
LJ500_R075_C054,75,54,688250,9538750,sur,17.2,69,1,1
LJ500_R075_C055,75,55,688750,9538750,sur,25.0,69,1,1
LJ500_R075_C056,75,56,689250,9538750,sur,25.0,69,1,1
LJ500_R075_C057,75,57,689750,9538750,sur,25.0,69,0,0
LJ500_R075_C058,75,58,690250,9538750,sur,25.0,69,0,0
LJ500_R075_C059,75,59,690750,9538750,sur,25.0,69,0,0
LJ500_R075_C060,75,60,691250,9538750,sur,25.0,69,0,0
LJ500_R075_C061,75,61,691750,9538750,sur,25.0,69,0,0
LJ500_R075_C062,75,62,692250,9538750,sur,25.0,69,0,0
LJ500_R075_C063,75,63,692750,9538750,sur,25.0,69,0,0
LJ500_R075_C064,75,64,693250,9538750,sur,25.0,69,0,0
LJ500_R075_C065,75,65,693750,9538750,sur,25.0,69,0,0
LJ500_R075_C066,75,66,694250,9538750,sur,25.0,69,0,0
LJ500_R075_C067,75,67,694750,9538750,sur,25.0,69,0,0
LJ500_R075_C068,75,68,695250,9538750,sur,25.0,69,0,0
LJ500_R075_C069,75,69,695750,9538750,sur,25.0,69,0,0
LJ500_R075_C070,75,70,696250,9538750,sur,25.0,69,0,0
LJ500_R075_C071,75,71,696750,9538750,sur,25.0,69,0,0
LJ500_R075_C072,75,72,697250,9538750,sur,25.0,69,0,0
LJ500_R075_C073,75,73,697750,9538750,sur,25.0,69,0,0
LJ500_R075_C074,75,74,698250,9538750,sur,25.0,69,0,0
LJ500_R075_C075,75,75,698750,9538750,sur,25.0,69,0,0
LJ500_R075_C076,75,76,699250,9538750,sur,25.0,69,0,0
LJ500_R075_C077,75,77,699750,9538750,sur,25.0,69,0,0
LJ500_R075_C078,75,78,700250,9538750,sur,25.0,69,0,0
LJ500_R075_C079,75,79,700750,9538750,sur,25.0,69,0,0
LJ500_R075_C080,75,80,701250,9538750,sur,25.0,69,0,0
LJ500_R075_C081,75,81,701750,9538750,sur,25.0,69,0,0
LJ500_R075_C082,75,82,702250,9538750,sur,25.0,69,0,0
LJ500_R075_C083,75,83,702750,9538750,sur,25.0,69,0,0
LJ500_R075_C084,75,84,703250,9538750,sur,25.0,69,0,0
LJ500_R075_C085,75,85,703750,9538750,sur,25.0,69,0,0
LJ500_R075_C086,75,86,704250,9538750,sur,25.0,69,0,0
LJ500_R075_C087,75,87,704750,9538750,sur,25.0,69,0,0
LJ500_R075_C088,75,88,705250,9538750,sur,25.0,69,0,0
LJ500_R075_C089,75,89,705750,9538750,sur,25.0,69,0,0
LJ500_R075_C090,75,90,706250,9538750,sur,25.0,69,0,0
LJ500_R075_C091,75,91,706750,9538750,sur,25.0,69,0,0
LJ500_R075_C092,75,92,707250,9538750,sur,25.0,69,0,0
LJ500_R075_C093,75,93,707750,9538750,sur,25.0,69,0,0
LJ500_R075_C094,75,94,708250,9538750,sur,7.2261,69,0,0
LJ500_R076_C054,76,54,688250,9539250,sur,8.6338,69,1,1
LJ500_R076_C055,76,55,688750,9539250,sur,23.74,69,1,1
LJ500_R076_C056,76,56,689250,9539250,sur,25.0,69,1,1
LJ500_R076_C057,76,57,689750,9539250,sur,25.0,69,0,0
LJ500_R076_C058,76,58,690250,9539250,sur,25.0,69,1,1
LJ500_R076_C059,76,59,690750,9539250,sur,25.0,69,1,1
LJ500_R076_C060,76,60,691250,9539250,sur,25.0,69,1,1
LJ500_R076_C061,76,61,691750,9539250,sur,25.0,69,0,0
LJ500_R076_C062,76,62,692250,9539250,sur,25.0,69,0,0
LJ500_R076_C063,76,63,692750,9539250,sur,25.0,69,0,0
LJ500_R076_C064,76,64,693250,9539250,sur,25.0,69,0,0
LJ500_R076_C065,76,65,693750,9539250,sur,25.0,69,0,0
LJ500_R076_C066,76,66,694250,9539250,sur,25.0,69,0,0
LJ500_R076_C067,76,67,694750,9539250,sur,25.0,69,0,0
LJ500_R076_C068,76,68,695250,9539250,sur,25.0,69,0,0
LJ500_R076_C069,76,69,695750,9539250,sur,25.0,69,0,0
LJ500_R076_C070,76,70,696250,9539250,sur,25.0,69,0,0
LJ500_R076_C071,76,71,696750,9539250,sur,25.0,69,0,0
LJ500_R076_C072,76,72,697250,9539250,sur,25.0,69,0,0
LJ500_R076_C073,76,73,697750,9539250,sur,25.0,69,0,0
LJ500_R076_C074,76,74,698250,9539250,sur,25.0,69,0,0
LJ500_R076_C075,76,75,698750,9539250,sur,25.0,69,0,0
LJ500_R076_C076,76,76,699250,9539250,sur,25.0,69,0,0
LJ500_R076_C077,76,77,699750,9539250,sur,25.0,69,0,0
LJ500_R076_C078,76,78,700250,9539250,sur,25.0,69,0,0
LJ500_R076_C079,76,79,700750,9539250,sur,25.0,69,0,0
LJ500_R076_C080,76,80,701250,9539250,sur,25.0,69,0,0
LJ500_R076_C081,76,81,701750,9539250,sur,25.0,69,0,0
LJ500_R076_C082,76,82,702250,9539250,sur,25.0,69,0,0
LJ500_R076_C083,76,83,702750,9539250,sur,25.0,69,0,0
LJ500_R076_C084,76,84,703250,9539250,sur,25.0,69,0,0
LJ500_R076_C085,76,85,703750,9539250,sur,25.0,69,0,0
LJ500_R076_C086,76,86,704250,9539250,sur,25.0,69,0,0
LJ500_R076_C087,76,87,704750,9539250,sur,25.0,69,0,0
LJ500_R076_C088,76,88,705250,9539250,sur,25.0,69,0,0
LJ500_R076_C089,76,89,705750,9539250,sur,25.0,69,0,0
LJ500_R076_C090,76,90,706250,9539250,sur,25.0,69,0,0
LJ500_R076_C091,76,91,706750,9539250,sur,25.0,69,0,0
LJ500_R076_C092,76,92,707250,9539250,sur,24.43,69,0,0
LJ500_R076_C093,76,93,707750,9539250,sur,11.05,69,0,0
LJ500_R076_C094,76,94,708250,9539250,sur,0.0713,0,0,0
LJ500_R077_C055,77,55,688750,9539750,sur,6.0396,69,0,0
LJ500_R077_C056,77,56,689250,9539750,sur,13.76,69,0,0
LJ500_R077_C057,77,57,689750,9539750,sur,14.17,69,0,0
LJ500_R077_C058,77,58,690250,9539750,sur,18.78,69,1,1
LJ500_R077_C059,77,59,690750,9539750,sur,24.58,69,1,1
LJ500_R077_C060,77,60,691250,9539750,sur,25.0,69,1,1
LJ500_R077_C061,77,61,691750,9539750,sur,25.0,69,0,0
LJ500_R077_C062,77,62,692250,9539750,sur,25.0,69,0,0
LJ500_R077_C063,77,63,692750,9539750,sur,25.0,69,0,0
LJ500_R077_C064,77,64,693250,9539750,sur,25.0,69,0,0
LJ500_R077_C065,77,65,693750,9539750,sur,25.0,69,0,0
LJ500_R077_C066,77,66,694250,9539750,sur,25.0,69,0,0
LJ500_R077_C067,77,67,694750,9539750,sur,25.0,69,0,0
LJ500_R077_C068,77,68,695250,9539750,sur,25.0,69,0,0
LJ500_R077_C069,77,69,695750,9539750,sur,25.0,69,0,0
LJ500_R077_C070,77,70,696250,9539750,sur,25.0,69,0,0
LJ500_R077_C071,77,71,696750,9539750,sur,25.0,69,0,0
LJ500_R077_C072,77,72,697250,9539750,sur,25.0,69,0,0
LJ500_R077_C073,77,73,697750,9539750,sur,25.0,69,0,0
LJ500_R077_C074,77,74,698250,9539750,sur,25.0,69,0,0
LJ500_R077_C075,77,75,698750,9539750,sur,25.0,69,0,0
LJ500_R077_C076,77,76,699250,9539750,sur,25.0,69,0,0
LJ500_R077_C077,77,77,699750,9539750,sur,25.0,69,0,0
LJ500_R077_C078,77,78,700250,9539750,sur,25.0,69,0,0
LJ500_R077_C079,77,79,700750,9539750,sur,25.0,69,0,0
LJ500_R077_C080,77,80,701250,9539750,sur,25.0,69,0,0
LJ500_R077_C081,77,81,701750,9539750,sur,25.0,69,0,0
LJ500_R077_C082,77,82,702250,9539750,sur,25.0,69,0,0
LJ500_R077_C083,77,83,702750,9539750,sur,25.0,69,0,0
LJ500_R077_C084,77,84,703250,9539750,sur,25.0,69,0,0
LJ500_R077_C085,77,85,703750,9539750,sur,25.0,69,0,0
LJ500_R077_C086,77,86,704250,9539750,sur,25.0,69,0,0
LJ500_R077_C087,77,87,704750,9539750,sur,25.0,69,0,0
LJ500_R077_C088,77,88,705250,9539750,sur,21.65,69,0,0
LJ500_R077_C089,77,89,705750,9539750,sur,11.95,69,0,0
LJ500_R077_C090,77,90,706250,9539750,sur,5.0012,69,0,0
LJ500_R077_C091,77,91,706750,9539750,sur,10.15,69,0,0
LJ500_R077_C092,77,92,707250,9539750,sur,6.1206,69,0,0
LJ500_R078_C059,78,59,690750,9540250,sur,7.8838,69,2,2
LJ500_R078_C060,78,60,691250,9540250,sur,24.24,69,2,2
LJ500_R078_C061,78,61,691750,9540250,sur,25.0,69,0,0
LJ500_R078_C062,78,62,692250,9540250,sur,25.0,69,0,0
LJ500_R078_C063,78,63,692750,9540250,sur,25.0,69,0,0
LJ500_R078_C064,78,64,693250,9540250,sur,25.0,69,0,0
LJ500_R078_C065,78,65,693750,9540250,sur,25.0,69,0,0
LJ500_R078_C066,78,66,694250,9540250,sur,25.0,69,0,0
LJ500_R078_C067,78,67,694750,9540250,sur,25.0,69,0,0
LJ500_R078_C068,78,68,695250,9540250,sur,25.0,69,0,0
LJ500_R078_C069,78,69,695750,9540250,sur,25.0,69,0,0
LJ500_R078_C070,78,70,696250,9540250,sur,25.0,69,0,0
LJ500_R078_C071,78,71,696750,9540250,sur,25.0,69,0,0
LJ500_R078_C072,78,72,697250,9540250,sur,25.0,69,0,0
LJ500_R078_C073,78,73,697750,9540250,sur,25.0,69,1,1
LJ500_R078_C074,78,74,698250,9540250,sur,25.0,69,1,1
LJ500_R078_C075,78,75,698750,9540250,sur,25.0,69,1,1
LJ500_R078_C076,78,76,699250,9540250,sur,25.0,69,0,0
LJ500_R078_C077,78,77,699750,9540250,sur,25.0,69,0,0
LJ500_R078_C078,78,78,700250,9540250,sur,25.0,69,0,0
LJ500_R078_C079,78,79,700750,9540250,sur,25.0,69,0,0
LJ500_R078_C080,78,80,701250,9540250,sur,25.0,69,0,0
LJ500_R078_C081,78,81,701750,9540250,sur,25.0,69,0,0
LJ500_R078_C082,78,82,702250,9540250,sur,25.0,69,0,0
LJ500_R078_C083,78,83,702750,9540250,sur,25.0,69,0,0
LJ500_R078_C084,78,84,703250,9540250,sur,25.0,69,0,0
LJ500_R078_C085,78,85,703750,9540250,sur,25.0,69,0,0
LJ500_R078_C086,78,86,704250,9540250,sur,25.0,69,0,0
LJ500_R078_C087,78,87,704750,9540250,sur,19.97,69,0,0
LJ500_R078_C088,78,88,705250,9540250,sur,1.4275,69,0,0
LJ500_R079_C060,79,60,691250,9540750,sur,12.17,69,2,2
LJ500_R079_C061,79,61,691750,9540750,sur,25.0,69,0,0
LJ500_R079_C062,79,62,692250,9540750,sur,25.0,69,0,0
LJ500_R079_C063,79,63,692750,9540750,sur,25.0,69,0,0
LJ500_R079_C064,79,64,693250,9540750,sur,25.0,69,0,0
LJ500_R079_C065,79,65,693750,9540750,sur,25.0,69,0,0
LJ500_R079_C066,79,66,694250,9540750,sur,25.0,69,0,0
LJ500_R079_C067,79,67,694750,9540750,sur,25.0,69,0,0
LJ500_R079_C068,79,68,695250,9540750,sur,25.0,69,0,0
LJ500_R079_C069,79,69,695750,9540750,sur,25.0,69,0,0
LJ500_R079_C070,79,70,696250,9540750,sur,25.0,69,0,0
LJ500_R079_C071,79,71,696750,9540750,sur,25.0,69,0,0
LJ500_R079_C072,79,72,697250,9540750,sur,25.0,69,0,0
LJ500_R079_C073,79,73,697750,9540750,sur,25.0,69,1,1
LJ500_R079_C074,79,74,698250,9540750,sur,25.0,69,1,1
LJ500_R079_C075,79,75,698750,9540750,sur,25.0,69,1,1
LJ500_R079_C076,79,76,699250,9540750,sur,25.0,69,0,0
LJ500_R079_C077,79,77,699750,9540750,sur,25.0,69,0,0
LJ500_R079_C078,79,78,700250,9540750,sur,25.0,69,0,0
LJ500_R079_C079,79,79,700750,9540750,sur,25.0,69,0,0
LJ500_R079_C080,79,80,701250,9540750,sur,25.0,69,0,0
LJ500_R079_C081,79,81,701750,9540750,sur,25.0,69,0,0
LJ500_R079_C082,79,82,702250,9540750,sur,25.0,69,0,0
LJ500_R079_C083,79,83,702750,9540750,sur,25.0,69,0,0
LJ500_R079_C084,79,84,703250,9540750,sur,25.0,69,0,0
LJ500_R079_C085,79,85,703750,9540750,sur,25.0,69,0,0
LJ500_R079_C086,79,86,704250,9540750,sur,22.01,69,0,0
LJ500_R079_C087,79,87,704750,9540750,sur,0.4344,69,0,0
LJ500_R080_C060,80,60,691250,9541250,sur,1.2434,69,2,2
LJ500_R080_C061,80,61,691750,9541250,sur,17.44,69,2,2
LJ500_R080_C062,80,62,692250,9541250,sur,25.0,69,0,0
LJ500_R080_C063,80,63,692750,9541250,sur,25.0,69,0,0
LJ500_R080_C064,80,64,693250,9541250,sur,24.46,69,0,0
LJ500_R080_C065,80,65,693750,9541250,sur,21.46,69,0,0
LJ500_R080_C066,80,66,694250,9541250,sur,25.0,69,0,0
LJ500_R080_C067,80,67,694750,9541250,sur,25.0,69,0,0
LJ500_R080_C068,80,68,695250,9541250,sur,25.0,69,1,1
LJ500_R080_C069,80,69,695750,9541250,sur,25.0,69,1,1
LJ500_R080_C070,80,70,696250,9541250,sur,25.0,69,1,1
LJ500_R080_C071,80,71,696750,9541250,sur,25.0,69,0,0
LJ500_R080_C072,80,72,697250,9541250,sur,25.0,69,0,0
LJ500_R080_C073,80,73,697750,9541250,sur,25.0,69,0,0
LJ500_R080_C074,80,74,698250,9541250,sur,25.0,69,1,1
LJ500_R080_C075,80,75,698750,9541250,sur,25.0,69,1,1
LJ500_R080_C076,80,76,699250,9541250,sur,25.0,69,0,0
LJ500_R080_C077,80,77,699750,9541250,sur,25.0,69,0,0
LJ500_R080_C078,80,78,700250,9541250,sur,25.0,69,0,0
LJ500_R080_C079,80,79,700750,9541250,sur,25.0,69,0,0
LJ500_R080_C080,80,80,701250,9541250,sur,25.0,69,0,0
LJ500_R080_C081,80,81,701750,9541250,sur,25.0,69,0,0
LJ500_R080_C082,80,82,702250,9541250,sur,25.0,69,0,0
LJ500_R080_C083,80,83,702750,9541250,sur,25.0,69,0,0
LJ500_R080_C084,80,84,703250,9541250,sur,25.0,69,0,0
LJ500_R080_C085,80,85,703750,9541250,sur,25.0,69,0,0
LJ500_R080_C086,80,86,704250,9541250,sur,24.88,69,0,0
LJ500_R080_C087,80,87,704750,9541250,sur,0.686,69,0,0
LJ500_R081_C061,81,61,691750,9541750,sur,0.1243,0,0,0
LJ500_R081_C062,81,62,692250,9541750,sur,1.9804,0,0,0
LJ500_R081_C063,81,63,692750,9541750,sur,2.7069,0,0,0
LJ500_R081_C064,81,64,693250,9541750,sur,1.0585,0,0,0
LJ500_R081_C065,81,65,693750,9541750,sur,0.454,0,0,0
LJ500_R081_C066,81,66,694250,9541750,sur,19.55,69,0,0
LJ500_R081_C067,81,67,694750,9541750,sur,25.0,69,0,0
LJ500_R081_C068,81,68,695250,9541750,sur,25.0,69,1,1
LJ500_R081_C069,81,69,695750,9541750,sur,25.0,69,1,1
LJ500_R081_C070,81,70,696250,9541750,sur,25.0,69,1,1
LJ500_R081_C071,81,71,696750,9541750,sur,25.0,69,0,0
LJ500_R081_C072,81,72,697250,9541750,sur,25.0,69,0,0
LJ500_R081_C073,81,73,697750,9541750,sur,25.0,69,0,0
LJ500_R081_C074,81,74,698250,9541750,sur,25.0,69,0,0
LJ500_R081_C075,81,75,698750,9541750,sur,25.0,69,0,0
LJ500_R081_C076,81,76,699250,9541750,sur,25.0,69,0,0
LJ500_R081_C077,81,77,699750,9541750,sur,25.0,69,0,0
LJ500_R081_C078,81,78,700250,9541750,sur,25.0,69,0,0
LJ500_R081_C079,81,79,700750,9541750,sur,25.0,69,0,0
LJ500_R081_C080,81,80,701250,9541750,sur,25.0,69,0,0
LJ500_R081_C081,81,81,701750,9541750,sur,25.0,69,0,0
LJ500_R081_C082,81,82,702250,9541750,sur,25.0,69,0,0
LJ500_R081_C083,81,83,702750,9541750,sur,25.0,69,0,0
LJ500_R081_C084,81,84,703250,9541750,sur,25.0,69,0,0
LJ500_R081_C085,81,85,703750,9541750,sur,25.0,69,0,0
LJ500_R081_C086,81,86,704250,9541750,sur,25.0,69,0,0
LJ500_R081_C087,81,87,704750,9541750,sur,1.8179,69,0,0
LJ500_R082_C066,82,66,694250,9542250,sur,8.0903,69,1,1
LJ500_R082_C067,82,67,694750,9542250,sur,25.0,69,1,1
LJ500_R082_C068,82,68,695250,9542250,sur,25.0,69,1,1
LJ500_R082_C069,82,69,695750,9542250,sur,25.0,69,0,0
LJ500_R082_C070,82,70,696250,9542250,sur,25.0,69,0,0
LJ500_R082_C071,82,71,696750,9542250,sur,25.0,69,0,0
LJ500_R082_C072,82,72,697250,9542250,sur,25.0,69,0,0
LJ500_R082_C073,82,73,697750,9542250,sur,25.0,69,0,0
LJ500_R082_C074,82,74,698250,9542250,sur,25.0,69,0,0
LJ500_R082_C075,82,75,698750,9542250,sur,25.0,69,0,0
LJ500_R082_C076,82,76,699250,9542250,sur,25.0,69,1,0
LJ500_R082_C077,82,77,699750,9542250,sur,25.0,69,1,0
LJ500_R082_C078,82,78,700250,9542250,sur,25.0,69,0,0
LJ500_R082_C079,82,79,700750,9542250,sur,25.0,69,0,0
LJ500_R082_C080,82,80,701250,9542250,sur,25.0,69,0,0
LJ500_R082_C081,82,81,701750,9542250,sur,25.0,69,0,0
LJ500_R082_C082,82,82,702250,9542250,sur,25.0,69,0,0
LJ500_R082_C083,82,83,702750,9542250,sur,25.0,69,0,0
LJ500_R082_C084,82,84,703250,9542250,sur,25.0,69,0,0
LJ500_R082_C085,82,85,703750,9542250,sur,25.0,69,0,0
LJ500_R082_C086,82,86,704250,9542250,sur,22.76,69,0,0
LJ500_R082_C087,82,87,704750,9542250,sur,0.8288,69,0,0
LJ500_R083_C066,83,66,694250,9542750,sur,0.0039,0,0,0
LJ500_R083_C067,83,67,694750,9542750,sur,12.14,69,1,1
LJ500_R083_C068,83,68,695250,9542750,sur,20.79,69,1,1
LJ500_R083_C069,83,69,695750,9542750,sur,19.49,69,0,0
LJ500_R083_C070,83,70,696250,9542750,sur,25.0,69,0,0
LJ500_R083_C071,83,71,696750,9542750,sur,25.0,69,0,0
LJ500_R083_C072,83,72,697250,9542750,sur,25.0,69,0,0
LJ500_R083_C073,83,73,697750,9542750,sur,25.0,69,0,0
LJ500_R083_C074,83,74,698250,9542750,sur,25.0,69,0,0
LJ500_R083_C075,83,75,698750,9542750,sur,25.0,69,0,0
LJ500_R083_C076,83,76,699250,9542750,sur,25.0,69,2,1
LJ500_R083_C077,83,77,699750,9542750,sur,25.0,69,2,1
LJ500_R083_C078,83,78,700250,9542750,sur,25.0,69,2,1
LJ500_R083_C079,83,79,700750,9542750,sur,25.0,69,0,0
LJ500_R083_C080,83,80,701250,9542750,sur,25.0,69,0,0
LJ500_R083_C081,83,81,701750,9542750,sur,25.0,69,0,0
LJ500_R083_C082,83,82,702250,9542750,sur,25.0,69,0,0
LJ500_R083_C083,83,83,702750,9542750,sur,25.0,69,0,0
LJ500_R083_C084,83,84,703250,9542750,sur,25.0,69,0,0
LJ500_R083_C085,83,85,703750,9542750,sur,25.0,69,0,0
LJ500_R083_C086,83,86,704250,9542750,sur,12.38,69,0,0
LJ500_R084_C070,84,70,696250,9543250,sur,16.7,69,0,0
LJ500_R084_C071,84,71,696750,9543250,sur,25.0,69,0,0
LJ500_R084_C072,84,72,697250,9543250,sur,25.0,69,0,0
LJ500_R084_C073,84,73,697750,9543250,sur,25.0,69,0,0
LJ500_R084_C074,84,74,698250,9543250,sur,25.0,69,0,0
LJ500_R084_C075,84,75,698750,9543250,sur,25.0,69,0,0
LJ500_R084_C076,84,76,699250,9543250,sur,25.0,69,1,1
LJ500_R084_C077,84,77,699750,9543250,sur,25.0,69,1,1
LJ500_R084_C078,84,78,700250,9543250,sur,25.0,69,1,1
LJ500_R084_C079,84,79,700750,9543250,sur,25.0,69,0,0
LJ500_R084_C080,84,80,701250,9543250,sur,25.0,69,0,0
LJ500_R084_C081,84,81,701750,9543250,sur,25.0,69,0,0
LJ500_R084_C082,84,82,702250,9543250,sur,25.0,69,0,0
LJ500_R084_C083,84,83,702750,9543250,sur,25.0,69,0,0
LJ500_R084_C084,84,84,703250,9543250,sur,25.0,69,0,0
LJ500_R084_C085,84,85,703750,9543250,sur,25.0,69,0,0
LJ500_R084_C086,84,86,704250,9543250,sur,23.02,69,0,0
LJ500_R084_C087,84,87,704750,9543250,sur,0.2084,0,0,0
LJ500_R085_C070,85,70,696250,9543750,sur,1.0229,69,0,0
LJ500_R085_C071,85,71,696750,9543750,sur,18.43,69,0,0
LJ500_R085_C072,85,72,697250,9543750,sur,25.0,69,0,0
LJ500_R085_C073,85,73,697750,9543750,sur,25.0,69,0,0
LJ500_R085_C074,85,74,698250,9543750,sur,25.0,69,0,0
LJ500_R085_C075,85,75,698750,9543750,sur,25.0,69,0,0
LJ500_R085_C076,85,76,699250,9543750,sur,25.0,69,1,1
LJ500_R085_C077,85,77,699750,9543750,sur,25.0,69,1,1
LJ500_R085_C078,85,78,700250,9543750,sur,25.0,69,1,1
LJ500_R085_C079,85,79,700750,9543750,sur,25.0,69,0,0
LJ500_R085_C080,85,80,701250,9543750,sur,25.0,69,0,0
LJ500_R085_C081,85,81,701750,9543750,sur,25.0,69,0,0
LJ500_R085_C082,85,82,702250,9543750,sur,25.0,69,0,0
LJ500_R085_C083,85,83,702750,9543750,sur,25.0,69,0,0
LJ500_R085_C084,85,84,703250,9543750,sur,25.0,69,0,0
LJ500_R085_C085,85,85,703750,9543750,sur,25.0,69,0,0
LJ500_R085_C086,85,86,704250,9543750,sur,19.03,69,0,0
LJ500_R086_C071,86,71,696750,9544250,sur,0.0357,0,0,0
LJ500_R086_C072,86,72,697250,9544250,sur,20.26,69,0,0
LJ500_R086_C073,86,73,697750,9544250,sur,25.0,69,0,0
LJ500_R086_C074,86,74,698250,9544250,sur,25.0,69,0,0
LJ500_R086_C075,86,75,698750,9544250,sur,25.0,69,0,0
LJ500_R086_C076,86,76,699250,9544250,sur,25.0,69,0,0
LJ500_R086_C077,86,77,699750,9544250,sur,25.0,69,0,0
LJ500_R086_C078,86,78,700250,9544250,sur,25.0,69,0,0
LJ500_R086_C079,86,79,700750,9544250,sur,25.0,69,0,0
LJ500_R086_C080,86,80,701250,9544250,sur,25.0,69,0,0
LJ500_R086_C081,86,81,701750,9544250,sur,25.0,69,0,0
LJ500_R086_C082,86,82,702250,9544250,sur,25.0,69,0,0
LJ500_R086_C083,86,83,702750,9544250,sur,25.0,69,0,0
LJ500_R086_C084,86,84,703250,9544250,sur,25.0,69,0,0
LJ500_R086_C085,86,85,703750,9544250,sur,25.0,69,0,0
LJ500_R086_C086,86,86,704250,9544250,sur,14.76,69,0,0
LJ500_R087_C072,87,72,697250,9544750,sur,17.48,69,0,0
LJ500_R087_C073,87,73,697750,9544750,sur,25.0,69,0,0
LJ500_R087_C074,87,74,698250,9544750,sur,25.0,69,0,0
LJ500_R087_C075,87,75,698750,9544750,sur,25.0,69,0,0
LJ500_R087_C076,87,76,699250,9544750,sur,25.0,69,0,0
LJ500_R087_C077,87,77,699750,9544750,sur,25.0,69,0,0
LJ500_R087_C078,87,78,700250,9544750,sur,25.0,69,0,0
LJ500_R087_C079,87,79,700750,9544750,sur,25.0,69,0,0
LJ500_R087_C080,87,80,701250,9544750,sur,25.0,69,0,0
LJ500_R087_C081,87,81,701750,9544750,sur,25.0,69,0,0
LJ500_R087_C082,87,82,702250,9544750,sur,25.0,69,0,0
LJ500_R087_C083,87,83,702750,9544750,sur,25.0,69,0,0
LJ500_R087_C084,87,84,703250,9544750,sur,25.0,69,0,0
LJ500_R087_C085,87,85,703750,9544750,sur,25.0,69,0,0
LJ500_R087_C086,87,86,704250,9544750,sur,3.7132,69,0,0
LJ500_R088_C072,88,72,697250,9545250,sur,17.53,69,0,0
LJ500_R088_C073,88,73,697750,9545250,sur,25.0,69,0,0
LJ500_R088_C074,88,74,698250,9545250,sur,25.0,69,0,0
LJ500_R088_C075,88,75,698750,9545250,sur,25.0,69,0,0
LJ500_R088_C076,88,76,699250,9545250,sur,25.0,69,0,0
LJ500_R088_C077,88,77,699750,9545250,sur,25.0,69,0,0
LJ500_R088_C078,88,78,700250,9545250,sur,25.0,69,0,0
LJ500_R088_C079,88,79,700750,9545250,sur,25.0,69,0,0
LJ500_R088_C080,88,80,701250,9545250,sur,25.0,69,0,0
LJ500_R088_C081,88,81,701750,9545250,sur,25.0,69,0,0
LJ500_R088_C082,88,82,702250,9545250,sur,25.0,69,0,0
LJ500_R088_C083,88,83,702750,9545250,sur,25.0,69,0,0
LJ500_R088_C084,88,84,703250,9545250,sur,25.0,69,0,0
LJ500_R088_C085,88,85,703750,9545250,sur,25.0,69,0,0
LJ500_R088_C086,88,86,704250,9545250,sur,0.3929,69,0,0
LJ500_R089_C072,89,72,697250,9545750,sur,14.71,69,0,0
LJ500_R089_C073,89,73,697750,9545750,sur,25.0,69,1,1
LJ500_R089_C074,89,74,698250,9545750,sur,25.0,69,1,1
LJ500_R089_C075,89,75,698750,9545750,sur,25.0,69,1,1
LJ500_R089_C076,89,76,699250,9545750,sur,25.0,69,0,0
LJ500_R089_C077,89,77,699750,9545750,sur,25.0,69,0,0
LJ500_R089_C078,89,78,700250,9545750,sur,25.0,69,0,0
LJ500_R089_C079,89,79,700750,9545750,sur,25.0,69,0,0
LJ500_R089_C080,89,80,701250,9545750,sur,25.0,69,0,0
LJ500_R089_C081,89,81,701750,9545750,sur,25.0,69,0,0
LJ500_R089_C082,89,82,702250,9545750,sur,25.0,69,0,0
LJ500_R089_C083,89,83,702750,9545750,sur,25.0,69,0,0
LJ500_R089_C084,89,84,703250,9545750,sur,25.0,69,0,0
LJ500_R089_C085,89,85,703750,9545750,sur,25.0,69,0,0
LJ500_R089_C086,89,86,704250,9545750,sur,3.7508,69,0,0
LJ500_R090_C072,90,72,697250,9546250,sur,17.28,69,0,0
LJ500_R090_C073,90,73,697750,9546250,sur,25.0,69,1,1
LJ500_R090_C074,90,74,698250,9546250,sur,25.0,69,1,1
LJ500_R090_C075,90,75,698750,9546250,sur,25.0,69,1,1
LJ500_R090_C076,90,76,699250,9546250,sur,25.0,69,0,0
LJ500_R090_C077,90,77,699750,9546250,sur,25.0,69,0,0
LJ500_R090_C078,90,78,700250,9546250,sur,25.0,69,0,0
LJ500_R090_C079,90,79,700750,9546250,sur,25.0,69,0,0
LJ500_R090_C080,90,80,701250,9546250,sur,25.0,69,0,0
LJ500_R090_C081,90,81,701750,9546250,sur,25.0,69,0,0
LJ500_R090_C082,90,82,702250,9546250,sur,25.0,69,0,0
LJ500_R090_C083,90,83,702750,9546250,sur,25.0,69,0,0
LJ500_R090_C084,90,84,703250,9546250,sur,25.0,69,0,0
LJ500_R090_C085,90,85,703750,9546250,sur,25.0,69,0,0
LJ500_R090_C086,90,86,704250,9546250,sur,8.9248,69,0,0
LJ500_R091_C071,91,71,696750,9546750,sur,2.4477,69,0,0
LJ500_R091_C072,91,72,697250,9546750,sur,22.2,69,0,0
LJ500_R091_C073,91,73,697750,9546750,sur,25.0,69,2,2
LJ500_R091_C074,91,74,698250,9546750,sur,25.0,69,2,2
LJ500_R091_C075,91,75,698750,9546750,sur,25.0,69,2,2
LJ500_R091_C076,91,76,699250,9546750,sur,25.0,69,0,0
LJ500_R091_C077,91,77,699750,9546750,sur,25.0,69,0,0
LJ500_R091_C078,91,78,700250,9546750,sur,25.0,69,0,0
LJ500_R091_C079,91,79,700750,9546750,sur,25.0,69,0,0
LJ500_R091_C080,91,80,701250,9546750,sur,25.0,69,0,0
LJ500_R091_C081,91,81,701750,9546750,sur,25.0,69,0,0
LJ500_R091_C082,91,82,702250,9546750,sur,25.0,69,0,0
LJ500_R091_C083,91,83,702750,9546750,sur,25.0,69,0,0
LJ500_R091_C084,91,84,703250,9546750,sur,25.0,69,0,0
LJ500_R091_C085,91,85,703750,9546750,sur,25.0,69,0,0
LJ500_R091_C086,91,86,704250,9546750,sur,10.92,69,0,0
LJ500_R092_C071,92,71,696750,9547250,sur,15.8,69,0,0
LJ500_R092_C072,92,72,697250,9547250,sur,25.0,69,0,0
LJ500_R092_C073,92,73,697750,9547250,sur,25.0,69,1,1
LJ500_R092_C074,92,74,698250,9547250,sur,25.0,69,1,1
LJ500_R092_C075,92,75,698750,9547250,sur,25.0,69,1,1
LJ500_R092_C076,92,76,699250,9547250,sur,25.0,69,0,0
LJ500_R092_C077,92,77,699750,9547250,sur,25.0,69,0,0
LJ500_R092_C078,92,78,700250,9547250,sur,25.0,69,0,0
LJ500_R092_C079,92,79,700750,9547250,sur,25.0,69,0,0
LJ500_R092_C080,92,80,701250,9547250,sur,25.0,69,0,0
LJ500_R092_C081,92,81,701750,9547250,sur,25.0,69,0,0
LJ500_R092_C082,92,82,702250,9547250,sur,25.0,69,0,0
LJ500_R092_C083,92,83,702750,9547250,sur,25.0,69,0,0
LJ500_R092_C084,92,84,703250,9547250,sur,25.0,69,0,0
LJ500_R092_C085,92,85,703750,9547250,sur,25.0,69,0,0
LJ500_R092_C086,92,86,704250,9547250,sur,12.62,69,0,0
LJ500_R093_C071,93,71,696750,9547750,sur,18.32,69,0,0
LJ500_R093_C072,93,72,697250,9547750,sur,25.0,69,0,0
LJ500_R093_C073,93,73,697750,9547750,sur,25.0,69,0,0
LJ500_R093_C074,93,74,698250,9547750,sur,25.0,69,0,0
LJ500_R093_C075,93,75,698750,9547750,sur,25.0,69,0,0
LJ500_R093_C076,93,76,699250,9547750,sur,25.0,69,0,0
LJ500_R093_C077,93,77,699750,9547750,sur,25.0,69,0,0
LJ500_R093_C078,93,78,700250,9547750,sur,25.0,69,0,0
LJ500_R093_C079,93,79,700750,9547750,sur,25.0,69,0,0
LJ500_R093_C080,93,80,701250,9547750,sur,25.0,69,0,0
LJ500_R093_C081,93,81,701750,9547750,sur,25.0,69,0,0
LJ500_R093_C082,93,82,702250,9547750,sur,25.0,69,0,0
LJ500_R093_C083,93,83,702750,9547750,sur,25.0,69,0,0
LJ500_R093_C084,93,84,703250,9547750,sur,25.0,69,0,0
LJ500_R093_C085,93,85,703750,9547750,sur,25.0,69,0,0
LJ500_R093_C086,93,86,704250,9547750,sur,23.86,69,0,0
LJ500_R093_C087,93,87,704750,9547750,sur,2.5769,69,0,0
LJ500_R094_C071,94,71,696750,9548250,sur,16.48,69,0,0
LJ500_R094_C072,94,72,697250,9548250,sur,25.0,69,0,0
LJ500_R094_C073,94,73,697750,9548250,sur,25.0,69,0,0
LJ500_R094_C074,94,74,698250,9548250,sur,25.0,69,0,0
LJ500_R094_C075,94,75,698750,9548250,sur,25.0,69,0,0
LJ500_R094_C076,94,76,699250,9548250,sur,25.0,69,0,0
LJ500_R094_C077,94,77,699750,9548250,sur,25.0,69,1,1
LJ500_R094_C078,94,78,700250,9548250,sur,25.0,69,1,1
LJ500_R094_C079,94,79,700750,9548250,sur,25.0,69,1,1
LJ500_R094_C080,94,80,701250,9548250,sur,25.0,69,0,0
LJ500_R094_C081,94,81,701750,9548250,sur,25.0,69,0,0
LJ500_R094_C082,94,82,702250,9548250,sur,25.0,69,0,0
LJ500_R094_C083,94,83,702750,9548250,sur,25.0,69,0,0
LJ500_R094_C084,94,84,703250,9548250,sur,25.0,69,0,0
LJ500_R094_C085,94,85,703750,9548250,sur,25.0,69,0,0
LJ500_R094_C086,94,86,704250,9548250,sur,25.0,69,0,0
LJ500_R094_C087,94,87,704750,9548250,sur,13.12,69,0,0
LJ500_R095_C071,95,71,696750,9548750,sur,16.16,69,0,0
LJ500_R095_C072,95,72,697250,9548750,sur,25.0,69,0,0
LJ500_R095_C073,95,73,697750,9548750,sur,25.0,69,0,0
LJ500_R095_C074,95,74,698250,9548750,sur,25.0,69,0,0
LJ500_R095_C075,95,75,698750,9548750,sur,25.0,69,0,0
LJ500_R095_C076,95,76,699250,9548750,sur,25.0,69,0,0
LJ500_R095_C077,95,77,699750,9548750,sur,25.0,69,1,1
LJ500_R095_C078,95,78,700250,9548750,sur,25.0,69,1,1
LJ500_R095_C079,95,79,700750,9548750,sur,25.0,69,1,1
LJ500_R095_C080,95,80,701250,9548750,sur,25.0,69,0,0
LJ500_R095_C081,95,81,701750,9548750,sur,25.0,69,0,0
LJ500_R095_C082,95,82,702250,9548750,sur,25.0,69,0,0
LJ500_R095_C083,95,83,702750,9548750,sur,25.0,69,0,0
LJ500_R095_C084,95,84,703250,9548750,sur,25.0,69,0,0
LJ500_R095_C085,95,85,703750,9548750,sur,25.0,69,0,0
LJ500_R095_C086,95,86,704250,9548750,sur,25.0,69,0,0
LJ500_R095_C087,95,87,704750,9548750,sur,21.78,69,0,0
LJ500_R096_C071,96,71,696750,9549250,sur,6.4126,69,0,0
LJ500_R096_C072,96,72,697250,9549250,sur,25.0,69,0,0
LJ500_R096_C073,96,73,697750,9549250,sur,25.0,69,0,0
LJ500_R096_C074,96,74,698250,9549250,sur,25.0,69,0,0
LJ500_R096_C075,96,75,698750,9549250,sur,25.0,69,1,0
LJ500_R096_C076,96,76,699250,9549250,sur,25.0,69,1,0
LJ500_R096_C077,96,77,699750,9549250,sur,25.0,69,1,1
LJ500_R096_C078,96,78,700250,9549250,sur,25.0,69,1,1
LJ500_R096_C079,96,79,700750,9549250,sur,25.0,69,1,1
LJ500_R096_C080,96,80,701250,9549250,sur,25.0,69,0,0
LJ500_R096_C081,96,81,701750,9549250,sur,25.0,69,0,0
LJ500_R096_C082,96,82,702250,9549250,sur,25.0,69,0,0
LJ500_R096_C083,96,83,702750,9549250,sur,25.0,69,0,0
LJ500_R096_C084,96,84,703250,9549250,sur,25.0,69,0,0
LJ500_R096_C085,96,85,703750,9549250,sur,25.0,69,0,0
LJ500_R096_C086,96,86,704250,9549250,sur,25.0,69,0,0
LJ500_R096_C087,96,87,704750,9549250,sur,23.04,69,0,0
LJ500_R097_C071,97,71,696750,9549750,sur,3.9021,69,0,0
LJ500_R097_C072,97,72,697250,9549750,sur,25.0,69,0,0
LJ500_R097_C073,97,73,697750,9549750,sur,25.0,69,0,0
LJ500_R097_C074,97,74,698250,9549750,sur,25.0,69,0,0
LJ500_R097_C075,97,75,698750,9549750,sur,25.0,69,1,0
LJ500_R097_C076,97,76,699250,9549750,sur,25.0,69,1,0
LJ500_R097_C077,97,77,699750,9549750,sur,25.0,69,1,0
LJ500_R097_C078,97,78,700250,9549750,sur,25.0,69,0,0
LJ500_R097_C079,97,79,700750,9549750,sur,25.0,69,0,0
LJ500_R097_C080,97,80,701250,9549750,sur,25.0,69,0,0
LJ500_R097_C081,97,81,701750,9549750,sur,25.0,69,0,0
LJ500_R097_C082,97,82,702250,9549750,sur,25.0,69,0,0
LJ500_R097_C083,97,83,702750,9549750,sur,25.0,69,0,0
LJ500_R097_C084,97,84,703250,9549750,sur,25.0,69,0,0
LJ500_R097_C085,97,85,703750,9549750,sur,25.0,69,0,0
LJ500_R097_C086,97,86,704250,9549750,sur,25.0,69,0,0
LJ500_R097_C087,97,87,704750,9549750,sur,24.25,69,0,0
LJ500_R097_C088,97,88,705250,9549750,sur,0.0033,0,0,0
LJ500_R098_C071,98,71,696750,9550250,sur,2.7209,69,0,0
LJ500_R098_C072,98,72,697250,9550250,sur,22.33,69,0,0
LJ500_R098_C073,98,73,697750,9550250,sur,25.0,69,0,0
LJ500_R098_C074,98,74,698250,9550250,sur,25.0,69,1,1
LJ500_R098_C075,98,75,698750,9550250,sur,25.0,69,1,1
LJ500_R098_C076,98,76,699250,9550250,sur,25.0,69,1,1
LJ500_R098_C077,98,77,699750,9550250,sur,25.0,69,2,2
LJ500_R098_C078,98,78,700250,9550250,sur,25.0,69,1,1
LJ500_R098_C079,98,79,700750,9550250,sur,25.0,69,1,1
LJ500_R098_C080,98,80,701250,9550250,sur,25.0,69,0,0
LJ500_R098_C081,98,81,701750,9550250,sur,25.0,69,0,0
LJ500_R098_C082,98,82,702250,9550250,sur,25.0,69,0,0
LJ500_R098_C083,98,83,702750,9550250,sur,25.0,69,0,0
LJ500_R098_C084,98,84,703250,9550250,sur,25.0,69,0,0
LJ500_R098_C085,98,85,703750,9550250,sur,25.0,69,0,0
LJ500_R098_C086,98,86,704250,9550250,sur,25.0,69,0,0
LJ500_R098_C087,98,87,704750,9550250,sur,25.0,69,0,0
LJ500_R098_C088,98,88,705250,9550250,sur,6.3117,69,0,0
LJ500_R099_C071,99,71,696750,9550750,sur,2.2085,69,0,0
LJ500_R099_C072,99,72,697250,9550750,sur,23.84,69,0,0
LJ500_R099_C073,99,73,697750,9550750,sur,25.0,69,0,0
LJ500_R099_C074,99,74,698250,9550750,sur,25.0,69,1,1
LJ500_R099_C075,99,75,698750,9550750,sur,25.0,69,1,1
LJ500_R099_C076,99,76,699250,9550750,sur,25.0,69,1,1
LJ500_R099_C077,99,77,699750,9550750,sur,25.0,69,2,2
LJ500_R099_C078,99,78,700250,9550750,sur,25.0,69,1,1
LJ500_R099_C079,99,79,700750,9550750,sur,25.0,69,1,1
LJ500_R099_C080,99,80,701250,9550750,sur,25.0,69,0,0
LJ500_R099_C081,99,81,701750,9550750,sur,25.0,69,0,0
LJ500_R099_C082,99,82,702250,9550750,sur,25.0,69,0,0
LJ500_R099_C083,99,83,702750,9550750,sur,25.0,69,0,0
LJ500_R099_C084,99,84,703250,9550750,sur,25.0,69,0,0
LJ500_R099_C085,99,85,703750,9550750,sur,25.0,69,0,0
LJ500_R099_C086,99,86,704250,9550750,sur,25.0,69,0,0
LJ500_R099_C087,99,87,704750,9550750,sur,25.0,69,0,0
LJ500_R099_C088,99,88,705250,9550750,sur,24.9,69,0,0
LJ500_R099_C089,99,89,705750,9550750,sur,16.96,69,0,0
LJ500_R099_C090,99,90,706250,9550750,sur,1.7494,69,0,0
LJ500_R100_C070,100,70,696250,9551250,sur,0.2572,69,0,0
LJ500_R100_C071,100,71,696750,9551250,sur,20.02,69,0,0
LJ500_R100_C072,100,72,697250,9551250,sur,25.0,69,1,1
LJ500_R100_C073,100,73,697750,9551250,sur,25.0,69,1,1
LJ500_R100_C074,100,74,698250,9551250,sur,25.0,69,2,2
LJ500_R100_C075,100,75,698750,9551250,sur,25.0,69,2,2
LJ500_R100_C076,100,76,699250,9551250,sur,25.0,69,2,2
LJ500_R100_C077,100,77,699750,9551250,sur,25.0,69,2,2
LJ500_R100_C078,100,78,700250,9551250,sur,25.0,69,1,1
LJ500_R100_C079,100,79,700750,9551250,sur,25.0,69,2,2
LJ500_R100_C080,100,80,701250,9551250,sur,25.0,69,1,1
LJ500_R100_C081,100,81,701750,9551250,sur,25.0,69,1,1
LJ500_R100_C082,100,82,702250,9551250,sur,25.0,69,0,0
LJ500_R100_C083,100,83,702750,9551250,sur,25.0,69,0,0
LJ500_R100_C084,100,84,703250,9551250,sur,25.0,69,0,0
LJ500_R100_C085,100,85,703750,9551250,sur,25.0,69,0,0
LJ500_R100_C086,100,86,704250,9551250,sur,25.0,69,0,0
LJ500_R100_C087,100,87,704750,9551250,sur,25.0,69,0,0
LJ500_R100_C088,100,88,705250,9551250,sur,25.0,69,0,0
LJ500_R100_C089,100,89,705750,9551250,sur,25.0,69,0,0
LJ500_R100_C090,100,90,706250,9551250,sur,20.74,69,0,0
LJ500_R100_C091,100,91,706750,9551250,sur,0.7121,69,0,0
LJ500_R101_C070,101,70,696250,9551750,sur,3.6802,69,0,0
LJ500_R101_C071,101,71,696750,9551750,sur,25.0,69,0,0
LJ500_R101_C072,101,72,697250,9551750,sur,25.0,69,1,1
LJ500_R101_C073,101,73,697750,9551750,sur,25.0,69,1,1
LJ500_R101_C074,101,74,698250,9551750,sur,25.0,69,1,1
LJ500_R101_C075,101,75,698750,9551750,sur,25.0,69,1,1
LJ500_R101_C076,101,76,699250,9551750,sur,25.0,69,1,1
LJ500_R101_C077,101,77,699750,9551750,sur,25.0,69,0,0
LJ500_R101_C078,101,78,700250,9551750,sur,25.0,69,1,1
LJ500_R101_C079,101,79,700750,9551750,sur,25.0,69,2,2
LJ500_R101_C080,101,80,701250,9551750,sur,25.0,69,1,1
LJ500_R101_C081,101,81,701750,9551750,sur,25.0,69,1,1
LJ500_R101_C082,101,82,702250,9551750,sur,25.0,69,0,0
LJ500_R101_C083,101,83,702750,9551750,sur,25.0,69,0,0
LJ500_R101_C084,101,84,703250,9551750,sur,25.0,69,0,0
LJ500_R101_C085,101,85,703750,9551750,sur,25.0,69,0,0
LJ500_R101_C086,101,86,704250,9551750,sur,25.0,69,0,0
LJ500_R101_C087,101,87,704750,9551750,sur,25.0,69,0,0
LJ500_R101_C088,101,88,705250,9551750,sur,25.0,69,0,0
LJ500_R101_C089,101,89,705750,9551750,sur,25.0,69,0,0
LJ500_R101_C090,101,90,706250,9551750,sur,25.0,69,0,0
LJ500_R101_C091,101,91,706750,9551750,sur,2.0668,69,0,0
LJ500_R102_C070,102,70,696250,9552250,sur,7.9689,69,0,0
LJ500_R102_C071,102,71,696750,9552250,sur,25.0,69,0,0
LJ500_R102_C072,102,72,697250,9552250,sur,25.0,69,1,1
LJ500_R102_C073,102,73,697750,9552250,sur,25.0,69,1,1
LJ500_R102_C074,102,74,698250,9552250,sur,25.0,69,2,2
LJ500_R102_C075,102,75,698750,9552250,sur,25.0,69,2,2
LJ500_R102_C076,102,76,699250,9552250,sur,25.0,69,2,2
LJ500_R102_C077,102,77,699750,9552250,sur,25.0,69,0,0
LJ500_R102_C078,102,78,700250,9552250,sur,25.0,69,1,1
LJ500_R102_C079,102,79,700750,9552250,sur,25.0,69,1,1
LJ500_R102_C080,102,80,701250,9552250,sur,25.0,69,1,1
LJ500_R102_C081,102,81,701750,9552250,sur,25.0,69,1,1
LJ500_R102_C082,102,82,702250,9552250,sur,25.0,69,0,0
LJ500_R102_C083,102,83,702750,9552250,sur,25.0,69,0,0
LJ500_R102_C084,102,84,703250,9552250,sur,25.0,69,0,0
LJ500_R102_C085,102,85,703750,9552250,sur,25.0,69,0,0
LJ500_R102_C086,102,86,704250,9552250,sur,25.0,69,0,0
LJ500_R102_C087,102,87,704750,9552250,sur,25.0,69,0,0
LJ500_R102_C088,102,88,705250,9552250,sur,25.0,69,0,0
LJ500_R102_C089,102,89,705750,9552250,sur,25.0,69,0,0
LJ500_R102_C090,102,90,706250,9552250,sur,25.0,69,0,0
LJ500_R102_C091,102,91,706750,9552250,sur,2.2913,69,0,0
LJ500_R103_C069,103,69,695750,9552750,sur,0.0922,0,0,0
LJ500_R103_C070,103,70,696250,9552750,sur,23.42,69,0,0
LJ500_R103_C071,103,71,696750,9552750,sur,25.0,69,0,0
LJ500_R103_C072,103,72,697250,9552750,sur,25.0,69,0,0
LJ500_R103_C073,103,73,697750,9552750,sur,25.0,69,0,0
LJ500_R103_C074,103,74,698250,9552750,sur,25.0,69,2,2
LJ500_R103_C075,103,75,698750,9552750,sur,25.0,69,2,2
LJ500_R103_C076,103,76,699250,9552750,sur,25.0,69,2,2
LJ500_R103_C077,103,77,699750,9552750,sur,25.0,69,0,0
LJ500_R103_C078,103,78,700250,9552750,sur,25.0,69,0,0
LJ500_R103_C079,103,79,700750,9552750,sur,25.0,69,0,0
LJ500_R103_C080,103,80,701250,9552750,sur,25.0,69,1,1
LJ500_R103_C081,103,81,701750,9552750,sur,25.0,69,1,1
LJ500_R103_C082,103,82,702250,9552750,sur,25.0,69,1,1
LJ500_R103_C083,103,83,702750,9552750,sur,25.0,69,0,0
LJ500_R103_C084,103,84,703250,9552750,sur,25.0,69,0,0
LJ500_R103_C085,103,85,703750,9552750,sur,25.0,69,0,0
LJ500_R103_C086,103,86,704250,9552750,sur,25.0,69,0,0
LJ500_R103_C087,103,87,704750,9552750,sur,25.0,69,0,0
LJ500_R103_C088,103,88,705250,9552750,sur,25.0,69,0,0
LJ500_R103_C089,103,89,705750,9552750,sur,25.0,69,0,0
LJ500_R103_C090,103,90,706250,9552750,sur,25.0,69,0,0
LJ500_R103_C091,103,91,706750,9552750,sur,6.0041,69,0,0
LJ500_R104_C069,104,69,695750,9553250,sur,6.1776,69,0,0
LJ500_R104_C070,104,70,696250,9553250,sur,25.0,69,0,0
LJ500_R104_C071,104,71,696750,9553250,sur,25.0,69,0,0
LJ500_R104_C072,104,72,697250,9553250,sur,25.0,69,0,0
LJ500_R104_C073,104,73,697750,9553250,sur,25.0,69,0,0
LJ500_R104_C074,104,74,698250,9553250,sur,25.0,69,0,0
LJ500_R104_C075,104,75,698750,9553250,sur,25.0,69,0,0
LJ500_R104_C076,104,76,699250,9553250,sur,25.0,69,0,0
LJ500_R104_C077,104,77,699750,9553250,sur,25.0,69,0,0
LJ500_R104_C078,104,78,700250,9553250,sur,25.0,69,0,0
LJ500_R104_C079,104,79,700750,9553250,sur,25.0,69,0,0
LJ500_R104_C080,104,80,701250,9553250,sur,25.0,69,1,1
LJ500_R104_C081,104,81,701750,9553250,sur,25.0,69,1,1
LJ500_R104_C082,104,82,702250,9553250,sur,25.0,69,1,1
LJ500_R104_C083,104,83,702750,9553250,sur,25.0,69,0,0
LJ500_R104_C084,104,84,703250,9553250,sur,25.0,69,0,0
LJ500_R104_C085,104,85,703750,9553250,sur,25.0,69,0,0
LJ500_R104_C086,104,86,704250,9553250,sur,25.0,69,0,0
LJ500_R104_C087,104,87,704750,9553250,sur,25.0,69,0,0
LJ500_R104_C088,104,88,705250,9553250,sur,25.0,69,0,0
LJ500_R104_C089,104,89,705750,9553250,sur,25.0,69,0,0
LJ500_R104_C090,104,90,706250,9553250,sur,25.0,69,0,0
LJ500_R104_C091,104,91,706750,9553250,sur,14.05,69,0,0
LJ500_R105_C068,105,68,695250,9553750,sur,0.3217,0,0,0
LJ500_R105_C069,105,69,695750,9553750,sur,17.4,69,0,0
LJ500_R105_C070,105,70,696250,9553750,sur,25.0,69,0,0
LJ500_R105_C071,105,71,696750,9553750,sur,25.0,69,0,0
LJ500_R105_C072,105,72,697250,9553750,sur,25.0,69,0,0
LJ500_R105_C073,105,73,697750,9553750,sur,25.0,69,0,0
LJ500_R105_C074,105,74,698250,9553750,sur,25.0,69,0,0
LJ500_R105_C075,105,75,698750,9553750,sur,25.0,69,0,0
LJ500_R105_C076,105,76,699250,9553750,sur,25.0,69,0,0
LJ500_R105_C077,105,77,699750,9553750,sur,25.0,69,0,0
LJ500_R105_C078,105,78,700250,9553750,sur,25.0,69,0,0
LJ500_R105_C079,105,79,700750,9553750,sur,25.0,69,0,0
LJ500_R105_C080,105,80,701250,9553750,sur,25.0,69,1,1
LJ500_R105_C081,105,81,701750,9553750,sur,25.0,69,1,1
LJ500_R105_C082,105,82,702250,9553750,sur,25.0,69,1,1
LJ500_R105_C083,105,83,702750,9553750,sur,25.0,69,0,0
LJ500_R105_C084,105,84,703250,9553750,sur,25.0,69,0,0
LJ500_R105_C085,105,85,703750,9553750,sur,25.0,69,0,0
LJ500_R105_C086,105,86,704250,9553750,sur,25.0,69,0,0
LJ500_R105_C087,105,87,704750,9553750,sur,25.0,69,0,0
LJ500_R105_C088,105,88,705250,9553750,sur,25.0,69,0,0
LJ500_R105_C089,105,89,705750,9553750,sur,25.0,69,0,0
LJ500_R105_C090,105,90,706250,9553750,sur,25.0,69,0,0
LJ500_R105_C091,105,91,706750,9553750,sur,18.54,69,0,0
LJ500_R106_C068,106,68,695250,9554250,sur,13.05,69,1,1
LJ500_R106_C069,106,69,695750,9554250,sur,25.0,69,1,1
LJ500_R106_C070,106,70,696250,9554250,sur,25.0,69,0,0
LJ500_R106_C071,106,71,696750,9554250,sur,25.0,69,0,0
LJ500_R106_C072,106,72,697250,9554250,sur,25.0,69,0,0
LJ500_R106_C073,106,73,697750,9554250,sur,25.0,69,0,0
LJ500_R106_C074,106,74,698250,9554250,sur,25.0,69,0,0
LJ500_R106_C075,106,75,698750,9554250,sur,25.0,69,0,0
LJ500_R106_C076,106,76,699250,9554250,sur,25.0,69,0,0
LJ500_R106_C077,106,77,699750,9554250,sur,25.0,69,0,0
LJ500_R106_C078,106,78,700250,9554250,sur,25.0,69,1,0
LJ500_R106_C079,106,79,700750,9554250,sur,25.0,69,1,0
LJ500_R106_C080,106,80,701250,9554250,sur,25.0,69,2,2
LJ500_R106_C081,106,81,701750,9554250,sur,25.0,69,2,2
LJ500_R106_C082,106,82,702250,9554250,sur,25.0,69,2,2
LJ500_R106_C083,106,83,702750,9554250,sur,25.0,69,1,1
LJ500_R106_C084,106,84,703250,9554250,sur,25.0,69,1,1
LJ500_R106_C085,106,85,703750,9554250,sur,25.0,69,0,0
LJ500_R106_C086,106,86,704250,9554250,sur,25.0,69,0,0
LJ500_R106_C087,106,87,704750,9554250,sur,25.0,69,0,0
LJ500_R106_C088,106,88,705250,9554250,sur,25.0,69,0,0
LJ500_R106_C089,106,89,705750,9554250,sur,25.0,69,0,0
LJ500_R106_C090,106,90,706250,9554250,sur,24.94,69,0,0
LJ500_R106_C091,106,91,706750,9554250,sur,7.6466,69,0,0
LJ500_R107_C067,107,67,694750,9554750,sur,8.3913,69,1,1
LJ500_R107_C068,107,68,695250,9554750,sur,24.78,69,1,1
LJ500_R107_C069,107,69,695750,9554750,sur,25.0,69,1,1
LJ500_R107_C070,107,70,696250,9554750,sur,25.0,69,0,0
LJ500_R107_C071,107,71,696750,9554750,sur,25.0,69,0,0
LJ500_R107_C072,107,72,697250,9554750,sur,25.0,69,0,0
LJ500_R107_C073,107,73,697750,9554750,sur,25.0,69,0,0
LJ500_R107_C074,107,74,698250,9554750,sur,25.0,69,0,0
LJ500_R107_C075,107,75,698750,9554750,sur,25.0,69,0,0
LJ500_R107_C076,107,76,699250,9554750,sur,25.0,69,0,0
LJ500_R107_C077,107,77,699750,9554750,sur,25.0,69,0,0
LJ500_R107_C078,107,78,700250,9554750,sur,25.0,69,1,0
LJ500_R107_C079,107,79,700750,9554750,sur,25.0,69,1,0
LJ500_R107_C080,107,80,701250,9554750,sur,25.0,69,2,2
LJ500_R107_C081,107,81,701750,9554750,sur,25.0,69,2,2
LJ500_R107_C082,107,82,702250,9554750,sur,25.0,69,2,2
LJ500_R107_C083,107,83,702750,9554750,sur,25.0,69,1,1
LJ500_R107_C084,107,84,703250,9554750,sur,25.0,69,1,1
LJ500_R107_C085,107,85,703750,9554750,sur,25.0,69,0,0
LJ500_R107_C086,107,86,704250,9554750,sur,25.0,69,0,0
LJ500_R107_C087,107,87,704750,9554750,sur,25.0,69,0,0
LJ500_R107_C088,107,88,705250,9554750,sur,25.0,69,0,0
LJ500_R107_C089,107,89,705750,9554750,sur,25.0,69,0,0
LJ500_R107_C090,107,90,706250,9554750,sur,14.96,69,0,0
LJ500_R108_C065,108,65,693750,9555250,norte,0.0961,0,0,0
LJ500_R108_C066,108,66,694250,9555250,norte,13.42,69,0,0
LJ500_R108_C067,108,67,694750,9555250,norte,24.44,69,1,1
LJ500_R108_C068,108,68,695250,9555250,norte,25.0,69,1,1
LJ500_R108_C069,108,69,695750,9555250,norte,25.0,69,1,1
LJ500_R108_C070,108,70,696250,9555250,norte,25.0,69,0,0
LJ500_R108_C071,108,71,696750,9555250,norte,25.0,69,0,0
LJ500_R108_C072,108,72,697250,9555250,norte,25.0,69,0,0
LJ500_R108_C073,108,73,697750,9555250,norte,25.0,69,0,0
LJ500_R108_C074,108,74,698250,9555250,norte,25.0,69,0,0
LJ500_R108_C075,108,75,698750,9555250,norte,25.0,69,0,0
LJ500_R108_C076,108,76,699250,9555250,norte,25.0,69,0,0
LJ500_R108_C077,108,77,699750,9555250,norte,25.0,69,0,0
LJ500_R108_C078,108,78,700250,9555250,norte,25.0,69,0,0
LJ500_R108_C079,108,79,700750,9555250,norte,25.0,69,0,0
LJ500_R108_C080,108,80,701250,9555250,norte,25.0,69,0,0
LJ500_R108_C081,108,81,701750,9555250,norte,25.0,69,0,0
LJ500_R108_C082,108,82,702250,9555250,norte,25.0,69,1,1
LJ500_R108_C083,108,83,702750,9555250,norte,25.0,69,1,1
LJ500_R108_C084,108,84,703250,9555250,norte,25.0,69,1,1
LJ500_R108_C085,108,85,703750,9555250,norte,25.0,69,0,0
LJ500_R108_C086,108,86,704250,9555250,norte,25.0,69,0,0
LJ500_R108_C087,108,87,704750,9555250,norte,25.0,69,0,0
LJ500_R108_C088,108,88,705250,9555250,norte,25.0,69,0,0
LJ500_R108_C089,108,89,705750,9555250,norte,24.35,69,0,0
LJ500_R108_C090,108,90,706250,9555250,norte,3.0178,69,0,0
LJ500_R109_C065,109,65,693750,9555750,norte,7.6624,69,0,0
LJ500_R109_C066,109,66,694250,9555750,norte,25.0,69,0,0
LJ500_R109_C067,109,67,694750,9555750,norte,25.0,69,1,1
LJ500_R109_C068,109,68,695250,9555750,norte,25.0,69,1,1
LJ500_R109_C069,109,69,695750,9555750,norte,25.0,69,1,1
LJ500_R109_C070,109,70,696250,9555750,norte,25.0,69,0,0
LJ500_R109_C071,109,71,696750,9555750,norte,25.0,69,0,0
LJ500_R109_C072,109,72,697250,9555750,norte,25.0,69,0,0
LJ500_R109_C073,109,73,697750,9555750,norte,25.0,69,0,0
LJ500_R109_C074,109,74,698250,9555750,norte,25.0,69,0,0
LJ500_R109_C075,109,75,698750,9555750,norte,25.0,69,0,0
LJ500_R109_C076,109,76,699250,9555750,norte,25.0,69,0,0
LJ500_R109_C077,109,77,699750,9555750,norte,25.0,69,0,0
LJ500_R109_C078,109,78,700250,9555750,norte,25.0,69,0,0
LJ500_R109_C079,109,79,700750,9555750,norte,25.0,69,0,0
LJ500_R109_C080,109,80,701250,9555750,norte,25.0,69,0,0
LJ500_R109_C081,109,81,701750,9555750,norte,25.0,69,0,0
LJ500_R109_C082,109,82,702250,9555750,norte,25.0,69,1,1
LJ500_R109_C083,109,83,702750,9555750,norte,25.0,69,1,1
LJ500_R109_C084,109,84,703250,9555750,norte,25.0,69,1,1
LJ500_R109_C085,109,85,703750,9555750,norte,25.0,69,0,0
LJ500_R109_C086,109,86,704250,9555750,norte,25.0,69,0,0
LJ500_R109_C087,109,87,704750,9555750,norte,25.0,69,0,0
LJ500_R109_C088,109,88,705250,9555750,norte,25.0,69,0,0
LJ500_R109_C089,109,89,705750,9555750,norte,21.24,69,0,0
LJ500_R109_C090,109,90,706250,9555750,norte,0.0013,0,0,0
LJ500_R110_C064,110,64,693250,9556250,norte,0.1547,69,0,0
LJ500_R110_C065,110,65,693750,9556250,norte,19.56,69,0,0
LJ500_R110_C066,110,66,694250,9556250,norte,25.0,69,0,0
LJ500_R110_C067,110,67,694750,9556250,norte,25.0,69,0,0
LJ500_R110_C068,110,68,695250,9556250,norte,25.0,69,0,0
LJ500_R110_C069,110,69,695750,9556250,norte,25.0,69,0,0
LJ500_R110_C070,110,70,696250,9556250,norte,25.0,69,0,0
LJ500_R110_C071,110,71,696750,9556250,norte,25.0,69,0,0
LJ500_R110_C072,110,72,697250,9556250,norte,25.0,69,0,0
LJ500_R110_C073,110,73,697750,9556250,norte,25.0,69,0,0
LJ500_R110_C074,110,74,698250,9556250,norte,25.0,69,0,0
LJ500_R110_C075,110,75,698750,9556250,norte,25.0,69,0,0
LJ500_R110_C076,110,76,699250,9556250,norte,25.0,69,0,0
LJ500_R110_C077,110,77,699750,9556250,norte,25.0,69,0,0
LJ500_R110_C078,110,78,700250,9556250,norte,25.0,69,0,0
LJ500_R110_C079,110,79,700750,9556250,norte,25.0,69,0,0
LJ500_R110_C080,110,80,701250,9556250,norte,25.0,69,0,0
LJ500_R110_C081,110,81,701750,9556250,norte,25.0,69,0,0
LJ500_R110_C082,110,82,702250,9556250,norte,25.0,69,0,0
LJ500_R110_C083,110,83,702750,9556250,norte,25.0,69,0,0
LJ500_R110_C084,110,84,703250,9556250,norte,25.0,69,0,0
LJ500_R110_C085,110,85,703750,9556250,norte,25.0,69,0,0
LJ500_R110_C086,110,86,704250,9556250,norte,25.0,69,0,0
LJ500_R110_C087,110,87,704750,9556250,norte,25.0,69,0,0
LJ500_R110_C088,110,88,705250,9556250,norte,25.0,69,0,0
LJ500_R110_C089,110,89,705750,9556250,norte,25.0,69,0,0
LJ500_R110_C090,110,90,706250,9556250,norte,2.3857,69,0,0
LJ500_R111_C064,111,64,693250,9556750,norte,2.3635,69,0,0
LJ500_R111_C065,111,65,693750,9556750,norte,25.0,69,0,0
LJ500_R111_C066,111,66,694250,9556750,norte,25.0,69,0,0
LJ500_R111_C067,111,67,694750,9556750,norte,25.0,69,0,0
LJ500_R111_C068,111,68,695250,9556750,norte,25.0,69,0,0
LJ500_R111_C069,111,69,695750,9556750,norte,25.0,69,0,0
LJ500_R111_C070,111,70,696250,9556750,norte,25.0,69,0,0
LJ500_R111_C071,111,71,696750,9556750,norte,25.0,69,0,0
LJ500_R111_C072,111,72,697250,9556750,norte,25.0,69,0,0
LJ500_R111_C073,111,73,697750,9556750,norte,25.0,69,0,0
LJ500_R111_C074,111,74,698250,9556750,norte,25.0,69,0,0
LJ500_R111_C075,111,75,698750,9556750,norte,25.0,69,0,0
LJ500_R111_C076,111,76,699250,9556750,norte,25.0,69,0,0
LJ500_R111_C077,111,77,699750,9556750,norte,25.0,69,0,0
LJ500_R111_C078,111,78,700250,9556750,norte,25.0,69,0,0
LJ500_R111_C079,111,79,700750,9556750,norte,25.0,69,0,0
LJ500_R111_C080,111,80,701250,9556750,norte,25.0,69,0,0
LJ500_R111_C081,111,81,701750,9556750,norte,25.0,69,0,0
LJ500_R111_C082,111,82,702250,9556750,norte,25.0,69,0,0
LJ500_R111_C083,111,83,702750,9556750,norte,25.0,69,0,0
LJ500_R111_C084,111,84,703250,9556750,norte,25.0,69,0,0
LJ500_R111_C085,111,85,703750,9556750,norte,25.0,69,0,0
LJ500_R111_C086,111,86,704250,9556750,norte,25.0,69,0,0
LJ500_R111_C087,111,87,704750,9556750,norte,25.0,69,0,0
LJ500_R111_C088,111,88,705250,9556750,norte,25.0,69,0,0
LJ500_R111_C089,111,89,705750,9556750,norte,25.0,69,0,0
LJ500_R111_C090,111,90,706250,9556750,norte,1.8,69,0,0
LJ500_R112_C064,112,64,693250,9557250,norte,2.8899,69,0,0
LJ500_R112_C065,112,65,693750,9557250,norte,25.0,69,0,0
LJ500_R112_C066,112,66,694250,9557250,norte,25.0,69,0,0
LJ500_R112_C067,112,67,694750,9557250,norte,25.0,69,0,0
LJ500_R112_C068,112,68,695250,9557250,norte,25.0,69,0,0
LJ500_R112_C069,112,69,695750,9557250,norte,25.0,69,0,0
LJ500_R112_C070,112,70,696250,9557250,norte,25.0,69,0,0
LJ500_R112_C071,112,71,696750,9557250,norte,25.0,69,0,0
LJ500_R112_C072,112,72,697250,9557250,norte,25.0,69,0,0
LJ500_R112_C073,112,73,697750,9557250,norte,25.0,69,0,0
LJ500_R112_C074,112,74,698250,9557250,norte,25.0,69,0,0
LJ500_R112_C075,112,75,698750,9557250,norte,25.0,69,0,0
LJ500_R112_C076,112,76,699250,9557250,norte,25.0,69,0,0
LJ500_R112_C077,112,77,699750,9557250,norte,25.0,69,0,0
LJ500_R112_C078,112,78,700250,9557250,norte,25.0,69,0,0
LJ500_R112_C079,112,79,700750,9557250,norte,25.0,69,0,0
LJ500_R112_C080,112,80,701250,9557250,norte,25.0,69,0,0
LJ500_R112_C081,112,81,701750,9557250,norte,25.0,69,0,0
LJ500_R112_C082,112,82,702250,9557250,norte,25.0,69,0,0
LJ500_R112_C083,112,83,702750,9557250,norte,25.0,69,0,0
LJ500_R112_C084,112,84,703250,9557250,norte,25.0,69,0,0
LJ500_R112_C085,112,85,703750,9557250,norte,25.0,69,0,0
LJ500_R112_C086,112,86,704250,9557250,norte,25.0,69,0,0
LJ500_R112_C087,112,87,704750,9557250,norte,25.0,69,0,0
LJ500_R112_C088,112,88,705250,9557250,norte,25.0,69,0,0
LJ500_R112_C089,112,89,705750,9557250,norte,23.35,69,0,0
LJ500_R113_C064,113,64,693250,9557750,norte,10.6,69,0,0
LJ500_R113_C065,113,65,693750,9557750,norte,25.0,69,0,0
LJ500_R113_C066,113,66,694250,9557750,norte,25.0,69,0,0
LJ500_R113_C067,113,67,694750,9557750,norte,25.0,69,0,0
LJ500_R113_C068,113,68,695250,9557750,norte,25.0,69,0,0
LJ500_R113_C069,113,69,695750,9557750,norte,25.0,69,0,0
LJ500_R113_C070,113,70,696250,9557750,norte,25.0,69,0,0
LJ500_R113_C071,113,71,696750,9557750,norte,25.0,69,0,0
LJ500_R113_C072,113,72,697250,9557750,norte,25.0,69,0,0
LJ500_R113_C073,113,73,697750,9557750,norte,25.0,69,0,0
LJ500_R113_C074,113,74,698250,9557750,norte,25.0,69,0,0
LJ500_R113_C075,113,75,698750,9557750,norte,25.0,69,0,0
LJ500_R113_C076,113,76,699250,9557750,norte,25.0,69,0,0
LJ500_R113_C077,113,77,699750,9557750,norte,25.0,69,0,0
LJ500_R113_C078,113,78,700250,9557750,norte,25.0,69,0,0
LJ500_R113_C079,113,79,700750,9557750,norte,25.0,69,0,0
LJ500_R113_C080,113,80,701250,9557750,norte,25.0,69,0,0
LJ500_R113_C081,113,81,701750,9557750,norte,25.0,69,0,0
LJ500_R113_C082,113,82,702250,9557750,norte,25.0,69,0,0
LJ500_R113_C083,113,83,702750,9557750,norte,25.0,69,0,0
LJ500_R113_C084,113,84,703250,9557750,norte,25.0,69,0,0
LJ500_R113_C085,113,85,703750,9557750,norte,25.0,69,0,0
LJ500_R113_C086,113,86,704250,9557750,norte,25.0,69,0,0
LJ500_R113_C087,113,87,704750,9557750,norte,25.0,69,0,0
LJ500_R113_C088,113,88,705250,9557750,norte,25.0,69,0,0
LJ500_R113_C089,113,89,705750,9557750,norte,14.21,69,0,0
LJ500_R114_C058,114,58,690250,9558250,norte,0.0597,0,0,0
LJ500_R114_C059,114,59,690750,9558250,norte,1.7376,0,0,0
LJ500_R114_C060,114,60,691250,9558250,norte,0.5339,0,0,0
LJ500_R114_C063,114,63,692750,9558250,norte,0.2526,0,0,0
LJ500_R114_C064,114,64,693250,9558250,norte,15.41,69,0,0
LJ500_R114_C065,114,65,693750,9558250,norte,25.0,69,0,0
LJ500_R114_C066,114,66,694250,9558250,norte,25.0,69,0,0
LJ500_R114_C067,114,67,694750,9558250,norte,25.0,69,0,0
LJ500_R114_C068,114,68,695250,9558250,norte,25.0,69,0,0
LJ500_R114_C069,114,69,695750,9558250,norte,25.0,69,0,0
LJ500_R114_C070,114,70,696250,9558250,norte,25.0,69,0,0
LJ500_R114_C071,114,71,696750,9558250,norte,25.0,69,0,0
LJ500_R114_C072,114,72,697250,9558250,norte,25.0,69,0,0
LJ500_R114_C073,114,73,697750,9558250,norte,25.0,69,0,0
LJ500_R114_C074,114,74,698250,9558250,norte,25.0,69,0,0
LJ500_R114_C075,114,75,698750,9558250,norte,25.0,69,0,0
LJ500_R114_C076,114,76,699250,9558250,norte,25.0,69,0,0
LJ500_R114_C077,114,77,699750,9558250,norte,25.0,69,0,0
LJ500_R114_C078,114,78,700250,9558250,norte,25.0,69,0,0
LJ500_R114_C079,114,79,700750,9558250,norte,25.0,69,0,0
LJ500_R114_C080,114,80,701250,9558250,norte,25.0,69,0,0
LJ500_R114_C081,114,81,701750,9558250,norte,25.0,69,0,0
LJ500_R114_C082,114,82,702250,9558250,norte,25.0,69,0,0
LJ500_R114_C083,114,83,702750,9558250,norte,25.0,69,0,0
LJ500_R114_C084,114,84,703250,9558250,norte,25.0,69,0,0
LJ500_R114_C085,114,85,703750,9558250,norte,25.0,69,0,0
LJ500_R114_C086,114,86,704250,9558250,norte,25.0,69,0,0
LJ500_R114_C087,114,87,704750,9558250,norte,25.0,69,0,0
LJ500_R114_C088,114,88,705250,9558250,norte,25.0,69,0,0
LJ500_R114_C089,114,89,705750,9558250,norte,9.0549,69,0,0
LJ500_R115_C054,115,54,688250,9558750,norte,0.0467,0,0,0
LJ500_R115_C055,115,55,688750,9558750,norte,9.0925,69,0,0
LJ500_R115_C056,115,56,689250,9558750,norte,14.11,69,0,0
LJ500_R115_C057,115,57,689750,9558750,norte,12.67,69,0,0
LJ500_R115_C058,115,58,690250,9558750,norte,18.58,69,0,0
LJ500_R115_C059,115,59,690750,9558750,norte,25.0,69,0,0
LJ500_R115_C060,115,60,691250,9558750,norte,23.49,69,0,0
LJ500_R115_C061,115,61,691750,9558750,norte,18.07,69,0,0
LJ500_R115_C062,115,62,692250,9558750,norte,7.3496,69,0,0
LJ500_R115_C063,115,63,692750,9558750,norte,14.77,69,0,0
LJ500_R115_C064,115,64,693250,9558750,norte,25.0,69,0,0
LJ500_R115_C065,115,65,693750,9558750,norte,25.0,69,0,0
LJ500_R115_C066,115,66,694250,9558750,norte,25.0,69,0,0
LJ500_R115_C067,115,67,694750,9558750,norte,25.0,69,0,0
LJ500_R115_C068,115,68,695250,9558750,norte,25.0,69,0,0
LJ500_R115_C069,115,69,695750,9558750,norte,25.0,69,0,0
LJ500_R115_C070,115,70,696250,9558750,norte,25.0,69,0,0
LJ500_R115_C071,115,71,696750,9558750,norte,25.0,69,0,0
LJ500_R115_C072,115,72,697250,9558750,norte,25.0,69,0,0
LJ500_R115_C073,115,73,697750,9558750,norte,25.0,69,0,0
LJ500_R115_C074,115,74,698250,9558750,norte,25.0,69,0,0
LJ500_R115_C075,115,75,698750,9558750,norte,25.0,69,0,0
LJ500_R115_C076,115,76,699250,9558750,norte,25.0,69,0,0
LJ500_R115_C077,115,77,699750,9558750,norte,25.0,69,0,0
LJ500_R115_C078,115,78,700250,9558750,norte,25.0,69,0,0
LJ500_R115_C079,115,79,700750,9558750,norte,25.0,69,0,0
LJ500_R115_C080,115,80,701250,9558750,norte,25.0,69,0,0
LJ500_R115_C081,115,81,701750,9558750,norte,25.0,69,0,0
LJ500_R115_C082,115,82,702250,9558750,norte,25.0,69,0,0
LJ500_R115_C083,115,83,702750,9558750,norte,25.0,69,0,0
LJ500_R115_C084,115,84,703250,9558750,norte,25.0,69,0,0
LJ500_R115_C085,115,85,703750,9558750,norte,25.0,69,0,0
LJ500_R115_C086,115,86,704250,9558750,norte,25.0,69,0,0
LJ500_R115_C087,115,87,704750,9558750,norte,25.0,69,0,0
LJ500_R115_C088,115,88,705250,9558750,norte,25.0,69,0,0
LJ500_R115_C089,115,89,705750,9558750,norte,18.79,69,0,0
LJ500_R116_C052,116,52,687250,9559250,norte,2.8264,69,0,0
LJ500_R116_C053,116,53,687750,9559250,norte,18.24,69,0,0
LJ500_R116_C054,116,54,688250,9559250,norte,22.26,69,0,0
LJ500_R116_C055,116,55,688750,9559250,norte,25.0,69,0,0
LJ500_R116_C056,116,56,689250,9559250,norte,25.0,69,0,0
LJ500_R116_C057,116,57,689750,9559250,norte,25.0,69,0,0
LJ500_R116_C058,116,58,690250,9559250,norte,25.0,69,0,0
LJ500_R116_C059,116,59,690750,9559250,norte,25.0,69,0,0
LJ500_R116_C060,116,60,691250,9559250,norte,25.0,69,0,0
LJ500_R116_C061,116,61,691750,9559250,norte,25.0,69,0,0
LJ500_R116_C062,116,62,692250,9559250,norte,25.0,69,0,0
LJ500_R116_C063,116,63,692750,9559250,norte,25.0,69,0,0
LJ500_R116_C064,116,64,693250,9559250,norte,25.0,69,0,0
LJ500_R116_C065,116,65,693750,9559250,norte,25.0,69,0,0
LJ500_R116_C066,116,66,694250,9559250,norte,25.0,69,0,0
LJ500_R116_C067,116,67,694750,9559250,norte,25.0,69,0,0
LJ500_R116_C068,116,68,695250,9559250,norte,25.0,69,0,0
LJ500_R116_C069,116,69,695750,9559250,norte,25.0,69,0,0
LJ500_R116_C070,116,70,696250,9559250,norte,25.0,69,0,0
LJ500_R116_C071,116,71,696750,9559250,norte,25.0,69,0,0
LJ500_R116_C072,116,72,697250,9559250,norte,25.0,69,0,0
LJ500_R116_C073,116,73,697750,9559250,norte,25.0,69,0,0
LJ500_R116_C074,116,74,698250,9559250,norte,25.0,69,0,0
LJ500_R116_C075,116,75,698750,9559250,norte,25.0,69,0,0
LJ500_R116_C076,116,76,699250,9559250,norte,25.0,69,0,0
LJ500_R116_C077,116,77,699750,9559250,norte,25.0,69,0,0
LJ500_R116_C078,116,78,700250,9559250,norte,25.0,69,0,0
LJ500_R116_C079,116,79,700750,9559250,norte,25.0,69,0,0
LJ500_R116_C080,116,80,701250,9559250,norte,25.0,69,0,0
LJ500_R116_C081,116,81,701750,9559250,norte,25.0,69,0,0
LJ500_R116_C082,116,82,702250,9559250,norte,25.0,69,0,0
LJ500_R116_C083,116,83,702750,9559250,norte,25.0,69,0,0
LJ500_R116_C084,116,84,703250,9559250,norte,25.0,69,0,0
LJ500_R116_C085,116,85,703750,9559250,norte,25.0,69,0,0
LJ500_R116_C086,116,86,704250,9559250,norte,25.0,69,0,0
LJ500_R116_C087,116,87,704750,9559250,norte,25.0,69,0,0
LJ500_R116_C088,116,88,705250,9559250,norte,25.0,69,0,0
LJ500_R116_C089,116,89,705750,9559250,norte,24.9,69,0,0
LJ500_R116_C090,116,90,706250,9559250,norte,0.7348,69,0,0
LJ500_R117_C051,117,51,686750,9559750,norte,1.9954,69,0,0
LJ500_R117_C052,117,52,687250,9559750,norte,20.61,69,0,0
LJ500_R117_C053,117,53,687750,9559750,norte,25.0,69,0,0
LJ500_R117_C054,117,54,688250,9559750,norte,25.0,69,0,0
LJ500_R117_C055,117,55,688750,9559750,norte,25.0,69,0,0
LJ500_R117_C056,117,56,689250,9559750,norte,25.0,69,0,0
LJ500_R117_C057,117,57,689750,9559750,norte,25.0,69,0,0
LJ500_R117_C058,117,58,690250,9559750,norte,25.0,69,0,0
LJ500_R117_C059,117,59,690750,9559750,norte,25.0,69,0,0
LJ500_R117_C060,117,60,691250,9559750,norte,25.0,69,0,0
LJ500_R117_C061,117,61,691750,9559750,norte,25.0,69,0,0
LJ500_R117_C062,117,62,692250,9559750,norte,25.0,69,1,1
LJ500_R117_C063,117,63,692750,9559750,norte,25.0,69,1,1
LJ500_R117_C064,117,64,693250,9559750,norte,25.0,69,2,2
LJ500_R117_C065,117,65,693750,9559750,norte,25.0,69,1,1
LJ500_R117_C066,117,66,694250,9559750,norte,25.0,69,1,1
LJ500_R117_C067,117,67,694750,9559750,norte,25.0,69,0,0
LJ500_R117_C068,117,68,695250,9559750,norte,25.0,69,0,0
LJ500_R117_C069,117,69,695750,9559750,norte,25.0,69,0,0
LJ500_R117_C070,117,70,696250,9559750,norte,25.0,69,0,0
LJ500_R117_C071,117,71,696750,9559750,norte,25.0,69,0,0
LJ500_R117_C072,117,72,697250,9559750,norte,25.0,69,0,0
LJ500_R117_C073,117,73,697750,9559750,norte,25.0,69,0,0
LJ500_R117_C074,117,74,698250,9559750,norte,25.0,69,0,0
LJ500_R117_C075,117,75,698750,9559750,norte,25.0,69,0,0
LJ500_R117_C076,117,76,699250,9559750,norte,25.0,69,0,0
LJ500_R117_C077,117,77,699750,9559750,norte,25.0,69,0,0
LJ500_R117_C078,117,78,700250,9559750,norte,25.0,69,0,0
LJ500_R117_C079,117,79,700750,9559750,norte,25.0,69,0,0
LJ500_R117_C080,117,80,701250,9559750,norte,25.0,69,0,0
LJ500_R117_C081,117,81,701750,9559750,norte,25.0,69,0,0
LJ500_R117_C082,117,82,702250,9559750,norte,25.0,69,0,0
LJ500_R117_C083,117,83,702750,9559750,norte,25.0,69,0,0
LJ500_R117_C084,117,84,703250,9559750,norte,25.0,69,0,0
LJ500_R117_C085,117,85,703750,9559750,norte,25.0,69,0,0
LJ500_R117_C086,117,86,704250,9559750,norte,25.0,69,0,0
LJ500_R117_C087,117,87,704750,9559750,norte,25.0,69,0,0
LJ500_R117_C088,117,88,705250,9559750,norte,25.0,69,0,0
LJ500_R117_C089,117,89,705750,9559750,norte,25.0,69,0,0
LJ500_R117_C090,117,90,706250,9559750,norte,3.2667,69,0,0
LJ500_R118_C050,118,50,686250,9560250,norte,1.1975,69,0,0
LJ500_R118_C051,118,51,686750,9560250,norte,21.12,69,0,0
LJ500_R118_C052,118,52,687250,9560250,norte,25.0,69,0,0
LJ500_R118_C053,118,53,687750,9560250,norte,25.0,69,0,0
LJ500_R118_C054,118,54,688250,9560250,norte,25.0,69,0,0
LJ500_R118_C055,118,55,688750,9560250,norte,25.0,69,1,1
LJ500_R118_C056,118,56,689250,9560250,norte,25.0,69,1,1
LJ500_R118_C057,118,57,689750,9560250,norte,25.0,69,1,1
LJ500_R118_C058,118,58,690250,9560250,norte,25.0,69,0,0
LJ500_R118_C059,118,59,690750,9560250,norte,25.0,69,0,0
LJ500_R118_C060,118,60,691250,9560250,norte,25.0,69,0,0
LJ500_R118_C061,118,61,691750,9560250,norte,25.0,69,1,1
LJ500_R118_C062,118,62,692250,9560250,norte,25.0,69,1,1
LJ500_R118_C063,118,63,692750,9560250,norte,25.0,69,2,2
LJ500_R118_C064,118,64,693250,9560250,norte,25.0,69,2,2
LJ500_R118_C065,118,65,693750,9560250,norte,25.0,69,1,1
LJ500_R118_C066,118,66,694250,9560250,norte,25.0,69,1,1
LJ500_R118_C067,118,67,694750,9560250,norte,25.0,69,0,0
LJ500_R118_C068,118,68,695250,9560250,norte,25.0,69,0,0
LJ500_R118_C069,118,69,695750,9560250,norte,25.0,69,0,0
LJ500_R118_C070,118,70,696250,9560250,norte,25.0,69,0,0
LJ500_R118_C071,118,71,696750,9560250,norte,25.0,69,0,0
LJ500_R118_C072,118,72,697250,9560250,norte,25.0,69,0,0
LJ500_R118_C073,118,73,697750,9560250,norte,25.0,69,0,0
LJ500_R118_C074,118,74,698250,9560250,norte,25.0,69,0,0
LJ500_R118_C075,118,75,698750,9560250,norte,25.0,69,0,0
LJ500_R118_C076,118,76,699250,9560250,norte,25.0,69,0,0
LJ500_R118_C077,118,77,699750,9560250,norte,25.0,69,0,0
LJ500_R118_C078,118,78,700250,9560250,norte,25.0,69,0,0
LJ500_R118_C079,118,79,700750,9560250,norte,25.0,69,0,0
LJ500_R118_C080,118,80,701250,9560250,norte,25.0,69,0,0
LJ500_R118_C081,118,81,701750,9560250,norte,25.0,69,0,0
LJ500_R118_C082,118,82,702250,9560250,norte,25.0,69,0,0
LJ500_R118_C083,118,83,702750,9560250,norte,25.0,69,0,0
LJ500_R118_C084,118,84,703250,9560250,norte,25.0,69,0,0
LJ500_R118_C085,118,85,703750,9560250,norte,25.0,69,0,0
LJ500_R118_C086,118,86,704250,9560250,norte,25.0,69,0,0
LJ500_R118_C087,118,87,704750,9560250,norte,25.0,69,0,0
LJ500_R118_C088,118,88,705250,9560250,norte,25.0,69,0,0
LJ500_R118_C089,118,89,705750,9560250,norte,25.0,69,0,0
LJ500_R118_C090,118,90,706250,9560250,norte,6.4484,69,0,0
LJ500_R119_C049,119,49,685750,9560750,norte,2.1248,69,0,0
LJ500_R119_C050,119,50,686250,9560750,norte,10.14,69,0,0
LJ500_R119_C051,119,51,686750,9560750,norte,25.0,69,0,0
LJ500_R119_C052,119,52,687250,9560750,norte,25.0,69,0,0
LJ500_R119_C053,119,53,687750,9560750,norte,25.0,69,0,0
LJ500_R119_C054,119,54,688250,9560750,norte,25.0,69,0,0
LJ500_R119_C055,119,55,688750,9560750,norte,25.0,69,1,1
LJ500_R119_C056,119,56,689250,9560750,norte,25.0,69,1,1
LJ500_R119_C057,119,57,689750,9560750,norte,25.0,69,1,1
LJ500_R119_C058,119,58,690250,9560750,norte,25.0,69,0,0
LJ500_R119_C059,119,59,690750,9560750,norte,25.0,69,0,0
LJ500_R119_C060,119,60,691250,9560750,norte,25.0,69,0,0
LJ500_R119_C061,119,61,691750,9560750,norte,25.0,69,1,1
LJ500_R119_C062,119,62,692250,9560750,norte,25.0,69,1,1
LJ500_R119_C063,119,63,692750,9560750,norte,25.0,69,2,2
LJ500_R119_C064,119,64,693250,9560750,norte,25.0,69,2,2
LJ500_R119_C065,119,65,693750,9560750,norte,25.0,69,2,2
LJ500_R119_C066,119,66,694250,9560750,norte,25.0,69,0,0
LJ500_R119_C067,119,67,694750,9560750,norte,25.0,69,0,0
LJ500_R119_C068,119,68,695250,9560750,norte,25.0,69,0,0
LJ500_R119_C069,119,69,695750,9560750,norte,25.0,69,0,0
LJ500_R119_C070,119,70,696250,9560750,norte,25.0,69,0,0
LJ500_R119_C071,119,71,696750,9560750,norte,25.0,69,0,0
LJ500_R119_C072,119,72,697250,9560750,norte,25.0,69,0,0
LJ500_R119_C073,119,73,697750,9560750,norte,25.0,69,0,0
LJ500_R119_C074,119,74,698250,9560750,norte,25.0,69,0,0
LJ500_R119_C075,119,75,698750,9560750,norte,25.0,69,0,0
LJ500_R119_C076,119,76,699250,9560750,norte,25.0,69,0,0
LJ500_R119_C077,119,77,699750,9560750,norte,25.0,69,0,0
LJ500_R119_C078,119,78,700250,9560750,norte,25.0,69,0,0
LJ500_R119_C079,119,79,700750,9560750,norte,25.0,69,0,0
LJ500_R119_C080,119,80,701250,9560750,norte,25.0,69,0,0
LJ500_R119_C081,119,81,701750,9560750,norte,25.0,69,0,0
LJ500_R119_C082,119,82,702250,9560750,norte,25.0,69,0,0
LJ500_R119_C083,119,83,702750,9560750,norte,25.0,69,0,0
LJ500_R119_C084,119,84,703250,9560750,norte,25.0,69,0,0
LJ500_R119_C085,119,85,703750,9560750,norte,25.0,69,0,0
LJ500_R119_C086,119,86,704250,9560750,norte,25.0,69,0,0
LJ500_R119_C087,119,87,704750,9560750,norte,25.0,69,0,0
LJ500_R119_C088,119,88,705250,9560750,norte,25.0,69,0,0
LJ500_R119_C089,119,89,705750,9560750,norte,19.97,69,0,0
LJ500_R119_C090,119,90,706250,9560750,norte,1.6235,69,0,0
LJ500_R120_C047,120,47,684750,9561250,norte,1.6914,69,0,0
LJ500_R120_C048,120,48,685250,9561250,norte,17.01,69,0,0
LJ500_R120_C049,120,49,685750,9561250,norte,24.9,69,0,0
LJ500_R120_C050,120,50,686250,9561250,norte,25.0,69,1,1
LJ500_R120_C051,120,51,686750,9561250,norte,25.0,69,1,1
LJ500_R120_C052,120,52,687250,9561250,norte,25.0,69,2,2
LJ500_R120_C053,120,53,687750,9561250,norte,25.0,69,1,1
LJ500_R120_C054,120,54,688250,9561250,norte,25.0,69,1,1
LJ500_R120_C055,120,55,688750,9561250,norte,25.0,69,2,2
LJ500_R120_C056,120,56,689250,9561250,norte,25.0,69,2,2
LJ500_R120_C057,120,57,689750,9561250,norte,25.0,69,2,2
LJ500_R120_C058,120,58,690250,9561250,norte,25.0,69,0,0
LJ500_R120_C059,120,59,690750,9561250,norte,25.0,69,0,0
LJ500_R120_C060,120,60,691250,9561250,norte,25.0,69,0,0
LJ500_R120_C061,120,61,691750,9561250,norte,25.0,69,1,1
LJ500_R120_C062,120,62,692250,9561250,norte,25.0,69,1,1
LJ500_R120_C063,120,63,692750,9561250,norte,25.0,69,2,2
LJ500_R120_C064,120,64,693250,9561250,norte,25.0,69,2,2
LJ500_R120_C065,120,65,693750,9561250,norte,25.0,69,2,2
LJ500_R120_C066,120,66,694250,9561250,norte,25.0,69,0,0
LJ500_R120_C067,120,67,694750,9561250,norte,25.0,69,0,0
LJ500_R120_C068,120,68,695250,9561250,norte,25.0,69,0,0
LJ500_R120_C069,120,69,695750,9561250,norte,25.0,69,0,0
LJ500_R120_C070,120,70,696250,9561250,norte,25.0,69,0,0
LJ500_R120_C071,120,71,696750,9561250,norte,25.0,69,0,0
LJ500_R120_C072,120,72,697250,9561250,norte,25.0,69,0,0
LJ500_R120_C073,120,73,697750,9561250,norte,25.0,69,0,0
LJ500_R120_C074,120,74,698250,9561250,norte,25.0,69,0,0
LJ500_R120_C075,120,75,698750,9561250,norte,25.0,69,0,0
LJ500_R120_C076,120,76,699250,9561250,norte,25.0,69,0,0
LJ500_R120_C077,120,77,699750,9561250,norte,25.0,69,0,0
LJ500_R120_C078,120,78,700250,9561250,norte,25.0,69,0,0
LJ500_R120_C079,120,79,700750,9561250,norte,25.0,69,0,0
LJ500_R120_C080,120,80,701250,9561250,norte,25.0,69,0,0
LJ500_R120_C081,120,81,701750,9561250,norte,25.0,69,0,0
LJ500_R120_C082,120,82,702250,9561250,norte,25.0,69,0,0
LJ500_R120_C083,120,83,702750,9561250,norte,25.0,69,0,0
LJ500_R120_C084,120,84,703250,9561250,norte,25.0,69,0,0
LJ500_R120_C085,120,85,703750,9561250,norte,25.0,69,0,0
LJ500_R120_C086,120,86,704250,9561250,norte,25.0,69,0,0
LJ500_R120_C087,120,87,704750,9561250,norte,25.0,69,0,0
LJ500_R120_C088,120,88,705250,9561250,norte,21.76,69,0,0
LJ500_R120_C089,120,89,705750,9561250,norte,1.8333,69,0,0
LJ500_R121_C047,121,47,684750,9561750,norte,0.4269,0,0,0
LJ500_R121_C048,121,48,685250,9561750,norte,5.0282,69,0,0
LJ500_R121_C049,121,49,685750,9561750,norte,23.77,69,0,0
LJ500_R121_C050,121,50,686250,9561750,norte,25.0,69,1,1
LJ500_R121_C051,121,51,686750,9561750,norte,25.0,69,1,1
LJ500_R121_C052,121,52,687250,9561750,norte,25.0,69,2,2
LJ500_R121_C053,121,53,687750,9561750,norte,25.0,69,1,1
LJ500_R121_C054,121,54,688250,9561750,norte,25.0,69,1,1
LJ500_R121_C055,121,55,688750,9561750,norte,25.0,69,1,1
LJ500_R121_C056,121,56,689250,9561750,norte,25.0,69,1,1
LJ500_R121_C057,121,57,689750,9561750,norte,25.0,69,1,1
LJ500_R121_C058,121,58,690250,9561750,norte,25.0,69,0,0
LJ500_R121_C059,121,59,690750,9561750,norte,25.0,69,0,0
LJ500_R121_C060,121,60,691250,9561750,norte,25.0,69,0,0
LJ500_R121_C061,121,61,691750,9561750,norte,25.0,69,0,0
LJ500_R121_C062,121,62,692250,9561750,norte,25.0,69,0,0
LJ500_R121_C063,121,63,692750,9561750,norte,25.0,69,1,1
LJ500_R121_C064,121,64,693250,9561750,norte,25.0,69,1,1
LJ500_R121_C065,121,65,693750,9561750,norte,25.0,69,1,1
LJ500_R121_C066,121,66,694250,9561750,norte,25.0,69,0,0
LJ500_R121_C067,121,67,694750,9561750,norte,25.0,69,0,0
LJ500_R121_C068,121,68,695250,9561750,norte,25.0,69,0,0
LJ500_R121_C069,121,69,695750,9561750,norte,25.0,69,0,0
LJ500_R121_C070,121,70,696250,9561750,norte,25.0,69,0,0
LJ500_R121_C071,121,71,696750,9561750,norte,25.0,69,0,0
LJ500_R121_C072,121,72,697250,9561750,norte,25.0,69,0,0
LJ500_R121_C073,121,73,697750,9561750,norte,25.0,69,0,0
LJ500_R121_C074,121,74,698250,9561750,norte,25.0,69,0,0
LJ500_R121_C075,121,75,698750,9561750,norte,25.0,69,0,0
LJ500_R121_C076,121,76,699250,9561750,norte,25.0,69,0,0
LJ500_R121_C077,121,77,699750,9561750,norte,25.0,69,0,0
LJ500_R121_C078,121,78,700250,9561750,norte,25.0,69,0,0
LJ500_R121_C079,121,79,700750,9561750,norte,25.0,69,0,0
LJ500_R121_C080,121,80,701250,9561750,norte,25.0,69,0,0
LJ500_R121_C081,121,81,701750,9561750,norte,25.0,69,0,0
LJ500_R121_C082,121,82,702250,9561750,norte,25.0,69,0,0
LJ500_R121_C083,121,83,702750,9561750,norte,25.0,69,0,0
LJ500_R121_C084,121,84,703250,9561750,norte,25.0,69,0,0
LJ500_R121_C085,121,85,703750,9561750,norte,25.0,69,0,0
LJ500_R121_C086,121,86,704250,9561750,norte,25.0,69,0,0
LJ500_R121_C087,121,87,704750,9561750,norte,25.0,69,0,0
LJ500_R121_C088,121,88,705250,9561750,norte,19.51,69,0,0
LJ500_R121_C089,121,89,705750,9561750,norte,1.3131,69,0,0
LJ500_R122_C049,122,49,685750,9562250,norte,16.1,69,1,1
LJ500_R122_C050,122,50,686250,9562250,norte,25.0,69,2,2
LJ500_R122_C051,122,51,686750,9562250,norte,25.0,69,1,1
LJ500_R122_C052,122,52,687250,9562250,norte,25.0,69,2,2
LJ500_R122_C053,122,53,687750,9562250,norte,25.0,69,1,1
LJ500_R122_C054,122,54,688250,9562250,norte,25.0,69,2,2
LJ500_R122_C055,122,55,688750,9562250,norte,25.0,69,2,2
LJ500_R122_C056,122,56,689250,9562250,norte,25.0,69,2,2
LJ500_R122_C057,122,57,689750,9562250,norte,25.0,69,2,2
LJ500_R122_C058,122,58,690250,9562250,norte,25.0,69,0,0
LJ500_R122_C059,122,59,690750,9562250,norte,25.0,69,1,0
LJ500_R122_C060,122,60,691250,9562250,norte,25.0,69,1,0
LJ500_R122_C061,122,61,691750,9562250,norte,25.0,69,1,0
LJ500_R122_C062,122,62,692250,9562250,norte,25.0,69,0,0
LJ500_R122_C063,122,63,692750,9562250,norte,25.0,69,1,1
LJ500_R122_C064,122,64,693250,9562250,norte,25.0,69,1,1
LJ500_R122_C065,122,65,693750,9562250,norte,25.0,69,1,1
LJ500_R122_C066,122,66,694250,9562250,norte,25.0,69,0,0
LJ500_R122_C067,122,67,694750,9562250,norte,25.0,69,0,0
LJ500_R122_C068,122,68,695250,9562250,norte,25.0,69,0,0
LJ500_R122_C069,122,69,695750,9562250,norte,25.0,69,0,0
LJ500_R122_C070,122,70,696250,9562250,norte,25.0,69,0,0
LJ500_R122_C071,122,71,696750,9562250,norte,25.0,69,0,0
LJ500_R122_C072,122,72,697250,9562250,norte,25.0,69,0,0
LJ500_R122_C073,122,73,697750,9562250,norte,25.0,69,0,0
LJ500_R122_C074,122,74,698250,9562250,norte,25.0,69,0,0
LJ500_R122_C075,122,75,698750,9562250,norte,25.0,69,0,0
LJ500_R122_C076,122,76,699250,9562250,norte,25.0,69,0,0
LJ500_R122_C077,122,77,699750,9562250,norte,25.0,69,0,0
LJ500_R122_C078,122,78,700250,9562250,norte,25.0,69,0,0
LJ500_R122_C079,122,79,700750,9562250,norte,25.0,69,0,0
LJ500_R122_C080,122,80,701250,9562250,norte,25.0,69,1,1
LJ500_R122_C081,122,81,701750,9562250,norte,25.0,69,1,1
LJ500_R122_C082,122,82,702250,9562250,norte,25.0,69,1,1
LJ500_R122_C083,122,83,702750,9562250,norte,25.0,69,1,1
LJ500_R122_C084,122,84,703250,9562250,norte,25.0,69,0,0
LJ500_R122_C085,122,85,703750,9562250,norte,25.0,69,0,0
LJ500_R122_C086,122,86,704250,9562250,norte,25.0,69,0,0
LJ500_R122_C087,122,87,704750,9562250,norte,25.0,69,0,0
LJ500_R122_C088,122,88,705250,9562250,norte,25.0,69,0,0
LJ500_R122_C089,122,89,705750,9562250,norte,10.98,69,0,0
LJ500_R123_C049,123,49,685750,9562750,norte,2.2358,69,1,1
LJ500_R123_C050,123,50,686250,9562750,norte,18.96,69,2,2
LJ500_R123_C051,123,51,686750,9562750,norte,25.0,69,1,1
LJ500_R123_C052,123,52,687250,9562750,norte,25.0,69,1,1
LJ500_R123_C053,123,53,687750,9562750,norte,25.0,69,0,0
LJ500_R123_C054,123,54,688250,9562750,norte,25.0,69,2,2
LJ500_R123_C055,123,55,688750,9562750,norte,25.0,69,2,2
LJ500_R123_C056,123,56,689250,9562750,norte,25.0,69,2,2
LJ500_R123_C057,123,57,689750,9562750,norte,25.0,69,2,2
LJ500_R123_C058,123,58,690250,9562750,norte,25.0,69,0,0
LJ500_R123_C059,123,59,690750,9562750,norte,25.0,69,1,0
LJ500_R123_C060,123,60,691250,9562750,norte,25.0,69,1,0
LJ500_R123_C061,123,61,691750,9562750,norte,25.0,69,1,0
LJ500_R123_C062,123,62,692250,9562750,norte,25.0,69,0,0
LJ500_R123_C063,123,63,692750,9562750,norte,25.0,69,0,0
LJ500_R123_C064,123,64,693250,9562750,norte,25.0,69,0,0
LJ500_R123_C065,123,65,693750,9562750,norte,25.0,69,0,0
LJ500_R123_C066,123,66,694250,9562750,norte,25.0,69,0,0
LJ500_R123_C067,123,67,694750,9562750,norte,25.0,69,0,0
LJ500_R123_C068,123,68,695250,9562750,norte,25.0,69,0,0
LJ500_R123_C069,123,69,695750,9562750,norte,25.0,69,0,0
LJ500_R123_C070,123,70,696250,9562750,norte,25.0,69,0,0
LJ500_R123_C071,123,71,696750,9562750,norte,25.0,69,0,0
LJ500_R123_C072,123,72,697250,9562750,norte,25.0,69,0,0
LJ500_R123_C073,123,73,697750,9562750,norte,25.0,69,0,0
LJ500_R123_C074,123,74,698250,9562750,norte,25.0,69,0,0
LJ500_R123_C075,123,75,698750,9562750,norte,25.0,69,0,0
LJ500_R123_C076,123,76,699250,9562750,norte,25.0,69,0,0
LJ500_R123_C077,123,77,699750,9562750,norte,25.0,69,0,0
LJ500_R123_C078,123,78,700250,9562750,norte,25.0,69,0,0
LJ500_R123_C079,123,79,700750,9562750,norte,25.0,69,0,0
LJ500_R123_C080,123,80,701250,9562750,norte,25.0,69,1,1
LJ500_R123_C081,123,81,701750,9562750,norte,25.0,69,1,1
LJ500_R123_C082,123,82,702250,9562750,norte,25.0,69,1,1
LJ500_R123_C083,123,83,702750,9562750,norte,25.0,69,1,1
LJ500_R123_C084,123,84,703250,9562750,norte,25.0,69,0,0
LJ500_R123_C085,123,85,703750,9562750,norte,25.0,69,0,0
LJ500_R123_C086,123,86,704250,9562750,norte,25.0,69,0,0
LJ500_R123_C087,123,87,704750,9562750,norte,25.0,69,0,0
LJ500_R123_C088,123,88,705250,9562750,norte,25.0,69,0,0
LJ500_R123_C089,123,89,705750,9562750,norte,22.4,69,0,0
LJ500_R123_C090,123,90,706250,9562750,norte,4.7485,69,0,0
LJ500_R124_C050,124,50,686250,9563250,norte,1.5118,69,1,1
LJ500_R124_C051,124,51,686750,9563250,norte,23.21,69,2,2
LJ500_R124_C052,124,52,687250,9563250,norte,25.0,69,2,2
LJ500_R124_C053,124,53,687750,9563250,norte,25.0,69,0,0
LJ500_R124_C054,124,54,688250,9563250,norte,25.0,69,2,2
LJ500_R124_C055,124,55,688750,9563250,norte,25.0,69,2,2
LJ500_R124_C056,124,56,689250,9563250,norte,25.0,69,3,3
LJ500_R124_C057,124,57,689750,9563250,norte,25.0,69,3,3
LJ500_R124_C058,124,58,690250,9563250,norte,25.0,69,3,3
LJ500_R124_C059,124,59,690750,9563250,norte,25.0,69,1,0
LJ500_R124_C060,124,60,691250,9563250,norte,25.0,69,1,0
LJ500_R124_C061,124,61,691750,9563250,norte,25.0,69,1,0
LJ500_R124_C062,124,62,692250,9563250,norte,25.0,69,0,0
LJ500_R124_C063,124,63,692750,9563250,norte,25.0,69,0,0
LJ500_R124_C064,124,64,693250,9563250,norte,25.0,69,0,0
LJ500_R124_C065,124,65,693750,9563250,norte,25.0,69,0,0
LJ500_R124_C066,124,66,694250,9563250,norte,25.0,69,0,0
LJ500_R124_C067,124,67,694750,9563250,norte,25.0,69,0,0
LJ500_R124_C068,124,68,695250,9563250,norte,25.0,69,0,0
LJ500_R124_C069,124,69,695750,9563250,norte,25.0,69,0,0
LJ500_R124_C070,124,70,696250,9563250,norte,25.0,69,0,0
LJ500_R124_C071,124,71,696750,9563250,norte,25.0,69,0,0
LJ500_R124_C072,124,72,697250,9563250,norte,25.0,69,0,0
LJ500_R124_C073,124,73,697750,9563250,norte,25.0,69,0,0
LJ500_R124_C074,124,74,698250,9563250,norte,25.0,69,0,0
LJ500_R124_C075,124,75,698750,9563250,norte,25.0,69,0,0
LJ500_R124_C076,124,76,699250,9563250,norte,25.0,69,0,0
LJ500_R124_C077,124,77,699750,9563250,norte,25.0,69,0,0
LJ500_R124_C078,124,78,700250,9563250,norte,25.0,69,0,0
LJ500_R124_C079,124,79,700750,9563250,norte,25.0,69,0,0
LJ500_R124_C080,124,80,701250,9563250,norte,25.0,69,1,1
LJ500_R124_C081,124,81,701750,9563250,norte,25.0,69,1,1
LJ500_R124_C082,124,82,702250,9563250,norte,25.0,69,1,1
LJ500_R124_C083,124,83,702750,9563250,norte,25.0,69,1,1
LJ500_R124_C084,124,84,703250,9563250,norte,25.0,69,1,1
LJ500_R124_C085,124,85,703750,9563250,norte,25.0,69,1,1
LJ500_R124_C086,124,86,704250,9563250,norte,25.0,69,0,0
LJ500_R124_C087,124,87,704750,9563250,norte,25.0,69,0,0
LJ500_R124_C088,124,88,705250,9563250,norte,25.0,69,0,0
LJ500_R124_C089,124,89,705750,9563250,norte,25.0,69,0,0
LJ500_R124_C090,124,90,706250,9563250,norte,22.26,69,0,0
LJ500_R124_C091,124,91,706750,9563250,norte,0.4309,0,0,0
LJ500_R125_C051,125,51,686750,9563750,norte,16.4,69,1,1
LJ500_R125_C052,125,52,687250,9563750,norte,25.0,69,1,1
LJ500_R125_C053,125,53,687750,9563750,norte,25.0,69,0,0
LJ500_R125_C054,125,54,688250,9563750,norte,25.0,69,0,0
LJ500_R125_C055,125,55,688750,9563750,norte,25.0,69,0,0
LJ500_R125_C056,125,56,689250,9563750,norte,25.0,69,1,1
LJ500_R125_C057,125,57,689750,9563750,norte,25.0,69,1,1
LJ500_R125_C058,125,58,690250,9563750,norte,25.0,69,1,1
LJ500_R125_C059,125,59,690750,9563750,norte,25.0,69,0,0
LJ500_R125_C060,125,60,691250,9563750,norte,25.0,69,0,0
LJ500_R125_C061,125,61,691750,9563750,norte,25.0,69,0,0
LJ500_R125_C062,125,62,692250,9563750,norte,25.0,69,0,0
LJ500_R125_C063,125,63,692750,9563750,norte,25.0,69,0,0
LJ500_R125_C064,125,64,693250,9563750,norte,25.0,69,0,0
LJ500_R125_C065,125,65,693750,9563750,norte,25.0,69,0,0
LJ500_R125_C066,125,66,694250,9563750,norte,25.0,69,0,0
LJ500_R125_C067,125,67,694750,9563750,norte,25.0,69,0,0
LJ500_R125_C068,125,68,695250,9563750,norte,25.0,69,0,0
LJ500_R125_C069,125,69,695750,9563750,norte,25.0,69,0,0
LJ500_R125_C070,125,70,696250,9563750,norte,25.0,69,0,0
LJ500_R125_C071,125,71,696750,9563750,norte,25.0,69,0,0
LJ500_R125_C072,125,72,697250,9563750,norte,25.0,69,0,0
LJ500_R125_C073,125,73,697750,9563750,norte,25.0,69,0,0
LJ500_R125_C074,125,74,698250,9563750,norte,25.0,69,0,0
LJ500_R125_C075,125,75,698750,9563750,norte,25.0,69,0,0
LJ500_R125_C076,125,76,699250,9563750,norte,25.0,69,0,0
LJ500_R125_C077,125,77,699750,9563750,norte,25.0,69,0,0
LJ500_R125_C078,125,78,700250,9563750,norte,25.0,69,0,0
LJ500_R125_C079,125,79,700750,9563750,norte,25.0,69,0,0
LJ500_R125_C080,125,80,701250,9563750,norte,25.0,69,1,1
LJ500_R125_C081,125,81,701750,9563750,norte,25.0,69,1,1
LJ500_R125_C082,125,82,702250,9563750,norte,25.0,69,1,1
LJ500_R125_C083,125,83,702750,9563750,norte,25.0,69,1,1
LJ500_R125_C084,125,84,703250,9563750,norte,25.0,69,1,1
LJ500_R125_C085,125,85,703750,9563750,norte,25.0,69,1,1
LJ500_R125_C086,125,86,704250,9563750,norte,25.0,69,1,1
LJ500_R125_C087,125,87,704750,9563750,norte,25.0,69,0,0
LJ500_R125_C088,125,88,705250,9563750,norte,25.0,69,0,0
LJ500_R125_C089,125,89,705750,9563750,norte,25.0,69,0,0
LJ500_R125_C090,125,90,706250,9563750,norte,15.63,69,0,0
LJ500_R126_C051,126,51,686750,9564250,norte,17.45,69,1,1
LJ500_R126_C052,126,52,687250,9564250,norte,25.0,69,2,2
LJ500_R126_C053,126,53,687750,9564250,norte,25.0,69,2,2
LJ500_R126_C054,126,54,688250,9564250,norte,25.0,69,3,3
LJ500_R126_C055,126,55,688750,9564250,norte,25.0,69,1,1
LJ500_R126_C056,126,56,689250,9564250,norte,25.0,69,2,2
LJ500_R126_C057,126,57,689750,9564250,norte,25.0,69,2,2
LJ500_R126_C058,126,58,690250,9564250,norte,25.0,69,2,2
LJ500_R126_C059,126,59,690750,9564250,norte,25.0,69,0,0
LJ500_R126_C060,126,60,691250,9564250,norte,25.0,69,0,0
LJ500_R126_C061,126,61,691750,9564250,norte,25.0,69,0,0
LJ500_R126_C062,126,62,692250,9564250,norte,25.0,69,1,1
LJ500_R126_C063,126,63,692750,9564250,norte,25.0,69,1,1
LJ500_R126_C064,126,64,693250,9564250,norte,25.0,69,0,0
LJ500_R126_C065,126,65,693750,9564250,norte,25.0,69,0,0
LJ500_R126_C066,126,66,694250,9564250,norte,25.0,69,0,0
LJ500_R126_C067,126,67,694750,9564250,norte,25.0,69,0,0
LJ500_R126_C068,126,68,695250,9564250,norte,25.0,69,0,0
LJ500_R126_C069,126,69,695750,9564250,norte,25.0,69,0,0
LJ500_R126_C070,126,70,696250,9564250,norte,25.0,69,0,0
LJ500_R126_C071,126,71,696750,9564250,norte,25.0,69,0,0
LJ500_R126_C072,126,72,697250,9564250,norte,25.0,69,0,0
LJ500_R126_C073,126,73,697750,9564250,norte,25.0,69,0,0
LJ500_R126_C074,126,74,698250,9564250,norte,25.0,69,0,0
LJ500_R126_C075,126,75,698750,9564250,norte,25.0,69,0,0
LJ500_R126_C076,126,76,699250,9564250,norte,25.0,69,0,0
LJ500_R126_C077,126,77,699750,9564250,norte,25.0,69,0,0
LJ500_R126_C078,126,78,700250,9564250,norte,25.0,69,1,1
LJ500_R126_C079,126,79,700750,9564250,norte,25.0,69,1,1
LJ500_R126_C080,126,80,701250,9564250,norte,25.0,69,2,2
LJ500_R126_C081,126,81,701750,9564250,norte,25.0,69,1,1
LJ500_R126_C082,126,82,702250,9564250,norte,25.0,69,1,1
LJ500_R126_C083,126,83,702750,9564250,norte,25.0,69,1,1
LJ500_R126_C084,126,84,703250,9564250,norte,25.0,69,1,1
LJ500_R126_C085,126,85,703750,9564250,norte,25.0,69,1,1
LJ500_R126_C086,126,86,704250,9564250,norte,25.0,69,1,1
LJ500_R126_C087,126,87,704750,9564250,norte,25.0,69,0,0
LJ500_R126_C088,126,88,705250,9564250,norte,25.0,69,0,0
LJ500_R126_C089,126,89,705750,9564250,norte,25.0,69,0,0
LJ500_R126_C090,126,90,706250,9564250,norte,10.87,69,0,0
LJ500_R127_C051,127,51,686750,9564750,norte,12.68,69,0,0
LJ500_R127_C052,127,52,687250,9564750,norte,25.0,69,2,2
LJ500_R127_C053,127,53,687750,9564750,norte,25.0,69,2,2
LJ500_R127_C054,127,54,688250,9564750,norte,25.0,69,3,3
LJ500_R127_C055,127,55,688750,9564750,norte,25.0,69,1,1
LJ500_R127_C056,127,56,689250,9564750,norte,25.0,69,1,1
LJ500_R127_C057,127,57,689750,9564750,norte,25.0,69,1,1
LJ500_R127_C058,127,58,690250,9564750,norte,25.0,69,1,1
LJ500_R127_C059,127,59,690750,9564750,norte,25.0,69,0,0
LJ500_R127_C060,127,60,691250,9564750,norte,25.0,69,0,0
LJ500_R127_C061,127,61,691750,9564750,norte,25.0,69,0,0
LJ500_R127_C062,127,62,692250,9564750,norte,25.0,69,1,1
LJ500_R127_C063,127,63,692750,9564750,norte,25.0,69,1,1
LJ500_R127_C064,127,64,693250,9564750,norte,25.0,69,0,0
LJ500_R127_C065,127,65,693750,9564750,norte,25.0,69,0,0
LJ500_R127_C066,127,66,694250,9564750,norte,25.0,69,0,0
LJ500_R127_C067,127,67,694750,9564750,norte,25.0,69,0,0
LJ500_R127_C068,127,68,695250,9564750,norte,25.0,69,0,0
LJ500_R127_C069,127,69,695750,9564750,norte,25.0,69,0,0
LJ500_R127_C070,127,70,696250,9564750,norte,25.0,69,0,0
LJ500_R127_C071,127,71,696750,9564750,norte,25.0,69,0,0
LJ500_R127_C072,127,72,697250,9564750,norte,25.0,69,0,0
LJ500_R127_C073,127,73,697750,9564750,norte,25.0,69,0,0
LJ500_R127_C074,127,74,698250,9564750,norte,25.0,69,0,0
LJ500_R127_C075,127,75,698750,9564750,norte,25.0,69,0,0
LJ500_R127_C076,127,76,699250,9564750,norte,25.0,69,0,0
LJ500_R127_C077,127,77,699750,9564750,norte,25.0,69,0,0
LJ500_R127_C078,127,78,700250,9564750,norte,25.0,69,1,1
LJ500_R127_C079,127,79,700750,9564750,norte,25.0,69,1,1
LJ500_R127_C080,127,80,701250,9564750,norte,25.0,69,1,1
LJ500_R127_C081,127,81,701750,9564750,norte,25.0,69,0,0
LJ500_R127_C082,127,82,702250,9564750,norte,25.0,69,0,0
LJ500_R127_C083,127,83,702750,9564750,norte,25.0,69,0,0
LJ500_R127_C084,127,84,703250,9564750,norte,25.0,69,0,0
LJ500_R127_C085,127,85,703750,9564750,norte,25.0,69,0,0
LJ500_R127_C086,127,86,704250,9564750,norte,25.0,69,0,0
LJ500_R127_C087,127,87,704750,9564750,norte,25.0,69,0,0
LJ500_R127_C088,127,88,705250,9564750,norte,25.0,69,0,0
LJ500_R127_C089,127,89,705750,9564750,norte,24.75,69,0,0
LJ500_R127_C090,127,90,706250,9564750,norte,8.9889,69,0,0
LJ500_R128_C051,128,51,686750,9565250,norte,16.71,69,1,1
LJ500_R128_C052,128,52,687250,9565250,norte,25.0,69,1,1
LJ500_R128_C053,128,53,687750,9565250,norte,25.0,69,0,0
LJ500_R128_C054,128,54,688250,9565250,norte,25.0,69,2,2
LJ500_R128_C055,128,55,688750,9565250,norte,25.0,69,2,2
LJ500_R128_C056,128,56,689250,9565250,norte,25.0,69,2,2
LJ500_R128_C057,128,57,689750,9565250,norte,25.0,69,1,1
LJ500_R128_C058,128,58,690250,9565250,norte,25.0,69,1,1
LJ500_R128_C059,128,59,690750,9565250,norte,25.0,69,0,0
LJ500_R128_C060,128,60,691250,9565250,norte,25.0,69,1,1
LJ500_R128_C061,128,61,691750,9565250,norte,25.0,69,1,1
LJ500_R128_C062,128,62,692250,9565250,norte,25.0,69,1,1
LJ500_R128_C063,128,63,692750,9565250,norte,25.0,69,0,0
LJ500_R128_C064,128,64,693250,9565250,norte,25.0,69,0,0
LJ500_R128_C065,128,65,693750,9565250,norte,25.0,69,0,0
LJ500_R128_C066,128,66,694250,9565250,norte,25.0,69,0,0
LJ500_R128_C067,128,67,694750,9565250,norte,25.0,69,0,0
LJ500_R128_C068,128,68,695250,9565250,norte,25.0,69,0,0
LJ500_R128_C069,128,69,695750,9565250,norte,25.0,69,0,0
LJ500_R128_C070,128,70,696250,9565250,norte,25.0,69,0,0
LJ500_R128_C071,128,71,696750,9565250,norte,25.0,69,0,0
LJ500_R128_C072,128,72,697250,9565250,norte,25.0,69,0,0
LJ500_R128_C073,128,73,697750,9565250,norte,25.0,69,0,0
LJ500_R128_C074,128,74,698250,9565250,norte,25.0,69,0,0
LJ500_R128_C075,128,75,698750,9565250,norte,25.0,69,0,0
LJ500_R128_C076,128,76,699250,9565250,norte,25.0,69,0,0
LJ500_R128_C077,128,77,699750,9565250,norte,25.0,69,0,0
LJ500_R128_C078,128,78,700250,9565250,norte,25.0,69,0,0
LJ500_R128_C079,128,79,700750,9565250,norte,25.0,69,0,0
LJ500_R128_C080,128,80,701250,9565250,norte,25.0,69,0,0
LJ500_R128_C081,128,81,701750,9565250,norte,25.0,69,0,0
LJ500_R128_C082,128,82,702250,9565250,norte,25.0,69,0,0
LJ500_R128_C083,128,83,702750,9565250,norte,25.0,69,0,0
LJ500_R128_C084,128,84,703250,9565250,norte,25.0,69,0,0
LJ500_R128_C085,128,85,703750,9565250,norte,25.0,69,0,0
LJ500_R128_C086,128,86,704250,9565250,norte,25.0,69,0,0
LJ500_R128_C087,128,87,704750,9565250,norte,25.0,69,0,0
LJ500_R128_C088,128,88,705250,9565250,norte,17.68,69,0,0
LJ500_R128_C089,128,89,705750,9565250,norte,3.7617,69,0,0
LJ500_R129_C050,129,50,686250,9565750,norte,0.0132,0,0,0
LJ500_R129_C051,129,51,686750,9565750,norte,23.01,69,2,2
LJ500_R129_C052,129,52,687250,9565750,norte,25.0,69,1,1
LJ500_R129_C053,129,53,687750,9565750,norte,25.0,69,1,1
LJ500_R129_C054,129,54,688250,9565750,norte,25.0,69,2,2
LJ500_R129_C055,129,55,688750,9565750,norte,25.0,69,2,2
LJ500_R129_C056,129,56,689250,9565750,norte,25.0,69,2,2
LJ500_R129_C057,129,57,689750,9565750,norte,25.0,69,1,1
LJ500_R129_C058,129,58,690250,9565750,norte,25.0,69,1,1
LJ500_R129_C059,129,59,690750,9565750,norte,25.0,69,0,0
LJ500_R129_C060,129,60,691250,9565750,norte,25.0,69,1,1
LJ500_R129_C061,129,61,691750,9565750,norte,25.0,69,1,1
LJ500_R129_C062,129,62,692250,9565750,norte,25.0,69,1,1
LJ500_R129_C063,129,63,692750,9565750,norte,25.0,69,0,0
LJ500_R129_C064,129,64,693250,9565750,norte,25.0,69,0,0
LJ500_R129_C065,129,65,693750,9565750,norte,25.0,69,0,0
LJ500_R129_C066,129,66,694250,9565750,norte,25.0,69,0,0
LJ500_R129_C067,129,67,694750,9565750,norte,25.0,69,0,0
LJ500_R129_C068,129,68,695250,9565750,norte,25.0,69,0,0
LJ500_R129_C069,129,69,695750,9565750,norte,25.0,69,0,0
LJ500_R129_C070,129,70,696250,9565750,norte,25.0,69,0,0
LJ500_R129_C071,129,71,696750,9565750,norte,25.0,69,0,0
LJ500_R129_C072,129,72,697250,9565750,norte,25.0,69,0,0
LJ500_R129_C073,129,73,697750,9565750,norte,25.0,69,0,0
LJ500_R129_C074,129,74,698250,9565750,norte,25.0,69,0,0
LJ500_R129_C075,129,75,698750,9565750,norte,25.0,69,0,0
LJ500_R129_C076,129,76,699250,9565750,norte,25.0,69,0,0
LJ500_R129_C077,129,77,699750,9565750,norte,25.0,69,0,0
LJ500_R129_C078,129,78,700250,9565750,norte,25.0,69,0,0
LJ500_R129_C079,129,79,700750,9565750,norte,25.0,69,0,0
LJ500_R129_C080,129,80,701250,9565750,norte,25.0,69,0,0
LJ500_R129_C081,129,81,701750,9565750,norte,25.0,69,0,0
LJ500_R129_C082,129,82,702250,9565750,norte,25.0,69,0,0
LJ500_R129_C083,129,83,702750,9565750,norte,25.0,69,0,0
LJ500_R129_C084,129,84,703250,9565750,norte,25.0,69,0,0
LJ500_R129_C085,129,85,703750,9565750,norte,25.0,69,0,0
LJ500_R129_C086,129,86,704250,9565750,norte,25.0,69,0,0
LJ500_R129_C087,129,87,704750,9565750,norte,25.0,69,0,0
LJ500_R129_C088,129,88,705250,9565750,norte,23.96,69,0,0
LJ500_R129_C089,129,89,705750,9565750,norte,4.7942,69,0,0
LJ500_R130_C033,130,33,677750,9566250,norte,0.1122,0,0,0
LJ500_R130_C034,130,34,678250,9566250,norte,0.3754,0,0,0
LJ500_R130_C050,130,50,686250,9566250,norte,3.4727,69,0,0
LJ500_R130_C051,130,51,686750,9566250,norte,25.0,69,0,0
LJ500_R130_C052,130,52,687250,9566250,norte,25.0,69,0,0
LJ500_R130_C053,130,53,687750,9566250,norte,25.0,69,1,1
LJ500_R130_C054,130,54,688250,9566250,norte,25.0,69,2,2
LJ500_R130_C055,130,55,688750,9566250,norte,25.0,69,1,1
LJ500_R130_C056,130,56,689250,9566250,norte,25.0,69,1,1
LJ500_R130_C057,130,57,689750,9566250,norte,25.0,69,1,1
LJ500_R130_C058,130,58,690250,9566250,norte,25.0,69,1,1
LJ500_R130_C059,130,59,690750,9566250,norte,25.0,69,0,0
LJ500_R130_C060,130,60,691250,9566250,norte,25.0,69,1,1
LJ500_R130_C061,130,61,691750,9566250,norte,25.0,69,1,1
LJ500_R130_C062,130,62,692250,9566250,norte,25.0,69,1,1
LJ500_R130_C063,130,63,692750,9566250,norte,25.0,69,0,0
LJ500_R130_C064,130,64,693250,9566250,norte,25.0,69,0,0
LJ500_R130_C065,130,65,693750,9566250,norte,25.0,69,0,0
LJ500_R130_C066,130,66,694250,9566250,norte,25.0,69,0,0
LJ500_R130_C067,130,67,694750,9566250,norte,25.0,69,0,0
LJ500_R130_C068,130,68,695250,9566250,norte,25.0,69,0,0
LJ500_R130_C069,130,69,695750,9566250,norte,25.0,69,0,0
LJ500_R130_C070,130,70,696250,9566250,norte,25.0,69,0,0
LJ500_R130_C071,130,71,696750,9566250,norte,25.0,69,0,0
LJ500_R130_C072,130,72,697250,9566250,norte,25.0,69,0,0
LJ500_R130_C073,130,73,697750,9566250,norte,25.0,69,0,0
LJ500_R130_C074,130,74,698250,9566250,norte,25.0,69,0,0
LJ500_R130_C075,130,75,698750,9566250,norte,25.0,69,0,0
LJ500_R130_C076,130,76,699250,9566250,norte,25.0,69,0,0
LJ500_R130_C077,130,77,699750,9566250,norte,25.0,69,1,1
LJ500_R130_C078,130,78,700250,9566250,norte,25.0,69,1,1
LJ500_R130_C079,130,79,700750,9566250,norte,25.0,69,1,1
LJ500_R130_C080,130,80,701250,9566250,norte,25.0,69,0,0
LJ500_R130_C081,130,81,701750,9566250,norte,25.0,69,0,0
LJ500_R130_C082,130,82,702250,9566250,norte,25.0,69,0,0
LJ500_R130_C083,130,83,702750,9566250,norte,25.0,69,0,0
LJ500_R130_C084,130,84,703250,9566250,norte,25.0,69,0,0
LJ500_R130_C085,130,85,703750,9566250,norte,25.0,69,0,0
LJ500_R130_C086,130,86,704250,9566250,norte,25.0,69,0,0
LJ500_R130_C087,130,87,704750,9566250,norte,25.0,69,0,0
LJ500_R130_C088,130,88,705250,9566250,norte,25.0,69,0,0
LJ500_R130_C089,130,89,705750,9566250,norte,18.09,69,0,0
LJ500_R131_C032,131,32,677250,9566750,norte,4.2018,69,0,0
LJ500_R131_C033,131,33,677750,9566750,norte,19.16,69,0,0
LJ500_R131_C034,131,34,678250,9566750,norte,2.4304,69,0,0
LJ500_R131_C050,131,50,686250,9566750,norte,16.11,69,0,0
LJ500_R131_C051,131,51,686750,9566750,norte,25.0,69,0,0
LJ500_R131_C052,131,52,687250,9566750,norte,25.0,69,0,0
LJ500_R131_C053,131,53,687750,9566750,norte,25.0,69,1,1
LJ500_R131_C054,131,54,688250,9566750,norte,25.0,69,1,1
LJ500_R131_C055,131,55,688750,9566750,norte,25.0,69,2,2
LJ500_R131_C056,131,56,689250,9566750,norte,25.0,69,1,1
LJ500_R131_C057,131,57,689750,9566750,norte,25.0,69,1,1
LJ500_R131_C058,131,58,690250,9566750,norte,25.0,69,1,1
LJ500_R131_C059,131,59,690750,9566750,norte,25.0,69,0,0
LJ500_R131_C060,131,60,691250,9566750,norte,25.0,69,1,1
LJ500_R131_C061,131,61,691750,9566750,norte,25.0,69,1,1
LJ500_R131_C062,131,62,692250,9566750,norte,25.0,69,1,1
LJ500_R131_C063,131,63,692750,9566750,norte,25.0,69,0,0
LJ500_R131_C064,131,64,693250,9566750,norte,25.0,69,0,0
LJ500_R131_C065,131,65,693750,9566750,norte,25.0,69,0,0
LJ500_R131_C066,131,66,694250,9566750,norte,25.0,69,0,0
LJ500_R131_C067,131,67,694750,9566750,norte,25.0,69,0,0
LJ500_R131_C068,131,68,695250,9566750,norte,25.0,69,0,0
LJ500_R131_C069,131,69,695750,9566750,norte,25.0,69,0,0
LJ500_R131_C070,131,70,696250,9566750,norte,25.0,69,0,0
LJ500_R131_C071,131,71,696750,9566750,norte,25.0,69,0,0
LJ500_R131_C072,131,72,697250,9566750,norte,25.0,69,0,0
LJ500_R131_C073,131,73,697750,9566750,norte,25.0,69,0,0
LJ500_R131_C074,131,74,698250,9566750,norte,25.0,69,0,0
LJ500_R131_C075,131,75,698750,9566750,norte,25.0,69,0,0
LJ500_R131_C076,131,76,699250,9566750,norte,25.0,69,0,0
LJ500_R131_C077,131,77,699750,9566750,norte,25.0,69,1,1
LJ500_R131_C078,131,78,700250,9566750,norte,25.0,69,1,1
LJ500_R131_C079,131,79,700750,9566750,norte,25.0,69,2,2
LJ500_R131_C080,131,80,701250,9566750,norte,25.0,69,1,1
LJ500_R131_C081,131,81,701750,9566750,norte,25.0,69,1,1
LJ500_R131_C082,131,82,702250,9566750,norte,25.0,69,0,0
LJ500_R131_C083,131,83,702750,9566750,norte,25.0,69,0,0
LJ500_R131_C084,131,84,703250,9566750,norte,25.0,69,0,0
LJ500_R131_C085,131,85,703750,9566750,norte,25.0,69,0,0
LJ500_R131_C086,131,86,704250,9566750,norte,25.0,69,0,0
LJ500_R131_C087,131,87,704750,9566750,norte,25.0,69,0,0
LJ500_R131_C088,131,88,705250,9566750,norte,25.0,69,0,0
LJ500_R131_C089,131,89,705750,9566750,norte,24.66,69,0,0
LJ500_R131_C090,131,90,706250,9566750,norte,3.784,69,0,0
LJ500_R132_C031,132,31,676750,9567250,norte,2.7135,69,0,0
LJ500_R132_C032,132,32,677250,9567250,norte,22.18,69,0,0
LJ500_R132_C033,132,33,677750,9567250,norte,19.56,69,0,0
LJ500_R132_C034,132,34,678250,9567250,norte,0.0291,0,0,0
LJ500_R132_C049,132,49,685750,9567250,norte,3.2701,69,0,0
LJ500_R132_C050,132,50,686250,9567250,norte,22.61,69,0,0
LJ500_R132_C051,132,51,686750,9567250,norte,25.0,69,0,0
LJ500_R132_C052,132,52,687250,9567250,norte,25.0,69,0,0
LJ500_R132_C053,132,53,687750,9567250,norte,25.0,69,0,0
LJ500_R132_C054,132,54,688250,9567250,norte,25.0,69,0,0
LJ500_R132_C055,132,55,688750,9567250,norte,25.0,69,0,0
LJ500_R132_C056,132,56,689250,9567250,norte,25.0,69,0,0
LJ500_R132_C057,132,57,689750,9567250,norte,25.0,69,0,0
LJ500_R132_C058,132,58,690250,9567250,norte,25.0,69,0,0
LJ500_R132_C059,132,59,690750,9567250,norte,25.0,69,0,0
LJ500_R132_C060,132,60,691250,9567250,norte,25.0,69,0,0
LJ500_R132_C061,132,61,691750,9567250,norte,25.0,69,0,0
LJ500_R132_C062,132,62,692250,9567250,norte,25.0,69,0,0
LJ500_R132_C063,132,63,692750,9567250,norte,25.0,69,0,0
LJ500_R132_C064,132,64,693250,9567250,norte,25.0,69,0,0
LJ500_R132_C065,132,65,693750,9567250,norte,25.0,69,0,0
LJ500_R132_C066,132,66,694250,9567250,norte,25.0,69,0,0
LJ500_R132_C067,132,67,694750,9567250,norte,25.0,69,0,0
LJ500_R132_C068,132,68,695250,9567250,norte,25.0,69,0,0
LJ500_R132_C069,132,69,695750,9567250,norte,25.0,69,0,0
LJ500_R132_C070,132,70,696250,9567250,norte,25.0,69,0,0
LJ500_R132_C071,132,71,696750,9567250,norte,25.0,69,0,0
LJ500_R132_C072,132,72,697250,9567250,norte,25.0,69,0,0
LJ500_R132_C073,132,73,697750,9567250,norte,25.0,69,0,0
LJ500_R132_C074,132,74,698250,9567250,norte,25.0,69,0,0
LJ500_R132_C075,132,75,698750,9567250,norte,25.0,69,0,0
LJ500_R132_C076,132,76,699250,9567250,norte,25.0,69,0,0
LJ500_R132_C077,132,77,699750,9567250,norte,25.0,69,0,0
LJ500_R132_C078,132,78,700250,9567250,norte,25.0,69,0,0
LJ500_R132_C079,132,79,700750,9567250,norte,25.0,69,1,1
LJ500_R132_C080,132,80,701250,9567250,norte,25.0,69,1,1
LJ500_R132_C081,132,81,701750,9567250,norte,25.0,69,1,1
LJ500_R132_C082,132,82,702250,9567250,norte,25.0,69,0,0
LJ500_R132_C083,132,83,702750,9567250,norte,25.0,69,0,0
LJ500_R132_C084,132,84,703250,9567250,norte,25.0,69,0,0
LJ500_R132_C085,132,85,703750,9567250,norte,25.0,69,0,0
LJ500_R132_C086,132,86,704250,9567250,norte,25.0,69,0,0
LJ500_R132_C087,132,87,704750,9567250,norte,25.0,69,0,0
LJ500_R132_C088,132,88,705250,9567250,norte,25.0,69,0,0
LJ500_R132_C089,132,89,705750,9567250,norte,25.0,69,0,0
LJ500_R132_C090,132,90,706250,9567250,norte,6.9907,69,0,0
LJ500_R133_C031,133,31,676750,9567750,norte,17.32,69,0,0
LJ500_R133_C032,133,32,677250,9567750,norte,25.0,69,0,0
LJ500_R133_C033,133,33,677750,9567750,norte,22.39,69,1,1
LJ500_R133_C034,133,34,678250,9567750,norte,0.399,0,0,0
LJ500_R133_C045,133,45,683750,9567750,norte,10.53,69,1,1
LJ500_R133_C046,133,46,684250,9567750,norte,17.24,69,1,1
LJ500_R133_C047,133,47,684750,9567750,norte,18.42,69,1,1
LJ500_R133_C048,133,48,685250,9567750,norte,4.2802,69,1,1
LJ500_R133_C049,133,49,685750,9567750,norte,18.0,69,2,2
LJ500_R133_C050,133,50,686250,9567750,norte,25.0,69,0,0
LJ500_R133_C051,133,51,686750,9567750,norte,25.0,69,0,0
LJ500_R133_C052,133,52,687250,9567750,norte,25.0,69,0,0
LJ500_R133_C053,133,53,687750,9567750,norte,25.0,69,0,0
LJ500_R133_C054,133,54,688250,9567750,norte,25.0,69,0,0
LJ500_R133_C055,133,55,688750,9567750,norte,25.0,69,1,1
LJ500_R133_C056,133,56,689250,9567750,norte,25.0,69,1,1
LJ500_R133_C057,133,57,689750,9567750,norte,25.0,69,1,1
LJ500_R133_C058,133,58,690250,9567750,norte,25.0,69,0,0
LJ500_R133_C059,133,59,690750,9567750,norte,25.0,69,0,0
LJ500_R133_C060,133,60,691250,9567750,norte,25.0,69,1,1
LJ500_R133_C061,133,61,691750,9567750,norte,25.0,69,1,1
LJ500_R133_C062,133,62,692250,9567750,norte,25.0,69,1,1
LJ500_R133_C063,133,63,692750,9567750,norte,25.0,69,0,0
LJ500_R133_C064,133,64,693250,9567750,norte,25.0,69,0,0
LJ500_R133_C065,133,65,693750,9567750,norte,25.0,69,0,0
LJ500_R133_C066,133,66,694250,9567750,norte,25.0,69,0,0
LJ500_R133_C067,133,67,694750,9567750,norte,25.0,69,0,0
LJ500_R133_C068,133,68,695250,9567750,norte,25.0,69,0,0
LJ500_R133_C069,133,69,695750,9567750,norte,25.0,69,0,0
LJ500_R133_C070,133,70,696250,9567750,norte,25.0,69,0,0
LJ500_R133_C071,133,71,696750,9567750,norte,25.0,69,0,0
LJ500_R133_C072,133,72,697250,9567750,norte,25.0,69,0,0
LJ500_R133_C073,133,73,697750,9567750,norte,25.0,69,1,1
LJ500_R133_C074,133,74,698250,9567750,norte,25.0,69,1,1
LJ500_R133_C075,133,75,698750,9567750,norte,25.0,69,1,1
LJ500_R133_C076,133,76,699250,9567750,norte,25.0,69,1,1
LJ500_R133_C077,133,77,699750,9567750,norte,25.0,69,2,2
LJ500_R133_C078,133,78,700250,9567750,norte,25.0,69,1,1
LJ500_R133_C079,133,79,700750,9567750,norte,25.0,69,1,1
LJ500_R133_C080,133,80,701250,9567750,norte,25.0,69,1,1
LJ500_R133_C081,133,81,701750,9567750,norte,25.0,69,1,1
LJ500_R133_C082,133,82,702250,9567750,norte,25.0,69,0,0
LJ500_R133_C083,133,83,702750,9567750,norte,25.0,69,0,0
LJ500_R133_C084,133,84,703250,9567750,norte,25.0,69,0,0
LJ500_R133_C085,133,85,703750,9567750,norte,25.0,69,0,0
LJ500_R133_C086,133,86,704250,9567750,norte,25.0,69,0,0
LJ500_R133_C087,133,87,704750,9567750,norte,25.0,69,0,0
LJ500_R133_C088,133,88,705250,9567750,norte,25.0,69,1,1
LJ500_R133_C089,133,89,705750,9567750,norte,25.0,69,1,1
LJ500_R133_C090,133,90,706250,9567750,norte,5.5832,69,1,1
LJ500_R134_C030,134,30,676250,9568250,norte,7.5962,69,0,0
LJ500_R134_C031,134,31,676750,9568250,norte,24.93,69,0,0
LJ500_R134_C032,134,32,677250,9568250,norte,25.0,69,0,0
LJ500_R134_C033,134,33,677750,9568250,norte,24.88,69,1,1
LJ500_R134_C034,134,34,678250,9568250,norte,1.1896,69,1,1
LJ500_R134_C045,134,45,683750,9568250,norte,16.73,69,0,0
LJ500_R134_C046,134,46,684250,9568250,norte,25.0,69,1,1
LJ500_R134_C047,134,47,684750,9568250,norte,25.0,69,1,1
LJ500_R134_C048,134,48,685250,9568250,norte,25.0,69,1,1
LJ500_R134_C049,134,49,685750,9568250,norte,25.0,69,1,1
LJ500_R134_C050,134,50,686250,9568250,norte,25.0,69,0,0
LJ500_R134_C051,134,51,686750,9568250,norte,25.0,69,0,0
LJ500_R134_C052,134,52,687250,9568250,norte,25.0,69,0,0
LJ500_R134_C053,134,53,687750,9568250,norte,25.0,69,0,0
LJ500_R134_C054,134,54,688250,9568250,norte,25.0,69,0,0
LJ500_R134_C055,134,55,688750,9568250,norte,25.0,69,1,1
LJ500_R134_C056,134,56,689250,9568250,norte,25.0,69,1,1
LJ500_R134_C057,134,57,689750,9568250,norte,25.0,69,1,1
LJ500_R134_C058,134,58,690250,9568250,norte,25.0,69,0,0
LJ500_R134_C059,134,59,690750,9568250,norte,25.0,69,0,0
LJ500_R134_C060,134,60,691250,9568250,norte,25.0,69,1,1
LJ500_R134_C061,134,61,691750,9568250,norte,25.0,69,1,1
LJ500_R134_C062,134,62,692250,9568250,norte,25.0,69,1,1
LJ500_R134_C063,134,63,692750,9568250,norte,25.0,69,0,0
LJ500_R134_C064,134,64,693250,9568250,norte,25.0,69,0,0
LJ500_R134_C065,134,65,693750,9568250,norte,25.0,69,0,0
LJ500_R134_C066,134,66,694250,9568250,norte,25.0,69,0,0
LJ500_R134_C067,134,67,694750,9568250,norte,25.0,69,0,0
LJ500_R134_C068,134,68,695250,9568250,norte,25.0,69,0,0
LJ500_R134_C069,134,69,695750,9568250,norte,25.0,69,0,0
LJ500_R134_C070,134,70,696250,9568250,norte,25.0,69,0,0
LJ500_R134_C071,134,71,696750,9568250,norte,25.0,69,0,0
LJ500_R134_C072,134,72,697250,9568250,norte,25.0,69,0,0
LJ500_R134_C073,134,73,697750,9568250,norte,25.0,69,1,1
LJ500_R134_C074,134,74,698250,9568250,norte,25.0,69,1,1
LJ500_R134_C075,134,75,698750,9568250,norte,25.0,69,1,1
LJ500_R134_C076,134,76,699250,9568250,norte,25.0,69,1,1
LJ500_R134_C077,134,77,699750,9568250,norte,25.0,69,2,2
LJ500_R134_C078,134,78,700250,9568250,norte,25.0,69,1,1
LJ500_R134_C079,134,79,700750,9568250,norte,25.0,69,1,1
LJ500_R134_C080,134,80,701250,9568250,norte,25.0,69,0,0
LJ500_R134_C081,134,81,701750,9568250,norte,25.0,69,0,0
LJ500_R134_C082,134,82,702250,9568250,norte,25.0,69,0,0
LJ500_R134_C083,134,83,702750,9568250,norte,25.0,69,0,0
LJ500_R134_C084,134,84,703250,9568250,norte,25.0,69,0,0
LJ500_R134_C085,134,85,703750,9568250,norte,25.0,69,0,0
LJ500_R134_C086,134,86,704250,9568250,norte,25.0,69,0,0
LJ500_R134_C087,134,87,704750,9568250,norte,25.0,69,0,0
LJ500_R134_C088,134,88,705250,9568250,norte,25.0,69,1,1
LJ500_R134_C089,134,89,705750,9568250,norte,25.0,69,1,1
LJ500_R134_C090,134,90,706250,9568250,norte,7.7234,69,1,1
LJ500_R135_C029,135,29,675750,9568750,norte,9.8229,69,0,0
LJ500_R135_C030,135,30,676250,9568750,norte,24.07,69,0,0
LJ500_R135_C031,135,31,676750,9568750,norte,25.0,69,0,0
LJ500_R135_C032,135,32,677250,9568750,norte,25.0,69,0,0
LJ500_R135_C033,135,33,677750,9568750,norte,23.55,70,2,2
LJ500_R135_C034,135,34,678250,9568750,norte,0.1517,0,0,0
LJ500_R135_C045,135,45,683750,9568750,norte,12.35,69,0,0
LJ500_R135_C046,135,46,684250,9568750,norte,25.0,69,1,1
LJ500_R135_C047,135,47,684750,9568750,norte,25.0,69,1,1
LJ500_R135_C048,135,48,685250,9568750,norte,25.0,69,1,1
LJ500_R135_C049,135,49,685750,9568750,norte,25.0,69,1,1
LJ500_R135_C050,135,50,686250,9568750,norte,25.0,69,0,0
LJ500_R135_C051,135,51,686750,9568750,norte,25.0,69,0,0
LJ500_R135_C052,135,52,687250,9568750,norte,25.0,69,0,0
LJ500_R135_C053,135,53,687750,9568750,norte,25.0,69,0,0
LJ500_R135_C054,135,54,688250,9568750,norte,25.0,69,0,0
LJ500_R135_C055,135,55,688750,9568750,norte,25.0,69,1,1
LJ500_R135_C056,135,56,689250,9568750,norte,25.0,69,1,1
LJ500_R135_C057,135,57,689750,9568750,norte,25.0,69,1,1
LJ500_R135_C058,135,58,690250,9568750,norte,25.0,69,0,0
LJ500_R135_C059,135,59,690750,9568750,norte,25.0,69,0,0
LJ500_R135_C060,135,60,691250,9568750,norte,25.0,69,0,0
LJ500_R135_C061,135,61,691750,9568750,norte,25.0,69,1,1
LJ500_R135_C062,135,62,692250,9568750,norte,25.0,69,1,1
LJ500_R135_C063,135,63,692750,9568750,norte,25.0,69,0,0
LJ500_R135_C064,135,64,693250,9568750,norte,25.0,69,0,0
LJ500_R135_C065,135,65,693750,9568750,norte,25.0,69,0,0
LJ500_R135_C066,135,66,694250,9568750,norte,25.0,69,0,0
LJ500_R135_C067,135,67,694750,9568750,norte,25.0,69,0,0
LJ500_R135_C068,135,68,695250,9568750,norte,25.0,69,0,0
LJ500_R135_C069,135,69,695750,9568750,norte,25.0,69,0,0
LJ500_R135_C070,135,70,696250,9568750,norte,25.0,69,0,0
LJ500_R135_C071,135,71,696750,9568750,norte,25.0,69,0,0
LJ500_R135_C072,135,72,697250,9568750,norte,25.0,69,0,0
LJ500_R135_C073,135,73,697750,9568750,norte,25.0,69,0,0
LJ500_R135_C074,135,74,698250,9568750,norte,25.0,69,1,1
LJ500_R135_C075,135,75,698750,9568750,norte,25.0,69,1,1
LJ500_R135_C076,135,76,699250,9568750,norte,25.0,69,1,1
LJ500_R135_C077,135,77,699750,9568750,norte,25.0,69,2,2
LJ500_R135_C078,135,78,700250,9568750,norte,25.0,69,1,1
LJ500_R135_C079,135,79,700750,9568750,norte,25.0,69,1,1
LJ500_R135_C080,135,80,701250,9568750,norte,25.0,69,0,0
LJ500_R135_C081,135,81,701750,9568750,norte,25.0,69,0,0
LJ500_R135_C082,135,82,702250,9568750,norte,25.0,69,0,0
LJ500_R135_C083,135,83,702750,9568750,norte,25.0,69,0,0
LJ500_R135_C084,135,84,703250,9568750,norte,25.0,69,0,0
LJ500_R135_C085,135,85,703750,9568750,norte,25.0,69,0,0
LJ500_R135_C086,135,86,704250,9568750,norte,25.0,69,0,0
LJ500_R135_C087,135,87,704750,9568750,norte,25.0,69,0,0
LJ500_R135_C088,135,88,705250,9568750,norte,25.0,69,1,1
LJ500_R135_C089,135,89,705750,9568750,norte,25.0,69,1,1
LJ500_R135_C090,135,90,706250,9568750,norte,22.94,69,1,1
LJ500_R135_C091,135,91,706750,9568750,norte,11.28,69,1,1
LJ500_R135_C092,135,92,707250,9568750,norte,0.0328,0,0,0
LJ500_R136_C020,136,20,671250,9569250,norte,0.1198,0,0,0
LJ500_R136_C021,136,21,671750,9569250,norte,0.4349,0,0,0
LJ500_R136_C027,136,27,674750,9569250,norte,0.0,0,0,0
LJ500_R136_C028,136,28,675250,9569250,norte,8.0762,69,0,0
LJ500_R136_C029,136,29,675750,9569250,norte,24.95,69,0,0
LJ500_R136_C030,136,30,676250,9569250,norte,25.0,69,0,0
LJ500_R136_C031,136,31,676750,9569250,norte,25.0,69,0,0
LJ500_R136_C032,136,32,677250,9569250,norte,25.0,69,0,0
LJ500_R136_C033,136,33,677750,9569250,norte,23.0,70,2,2
LJ500_R136_C034,136,34,678250,9569250,norte,0.1875,70,2,2
LJ500_R136_C045,136,45,683750,9569250,norte,8.7611,69,0,0
LJ500_R136_C046,136,46,684250,9569250,norte,25.0,69,1,1
LJ500_R136_C047,136,47,684750,9569250,norte,25.0,69,1,1
LJ500_R136_C048,136,48,685250,9569250,norte,25.0,69,1,1
LJ500_R136_C049,136,49,685750,9569250,norte,25.0,69,0,0
LJ500_R136_C050,136,50,686250,9569250,norte,25.0,69,0,0
LJ500_R136_C051,136,51,686750,9569250,norte,25.0,69,0,0
LJ500_R136_C052,136,52,687250,9569250,norte,25.0,69,0,0
LJ500_R136_C053,136,53,687750,9569250,norte,25.0,69,0,0
LJ500_R136_C054,136,54,688250,9569250,norte,25.0,69,0,0
LJ500_R136_C055,136,55,688750,9569250,norte,25.0,69,0,0
LJ500_R136_C056,136,56,689250,9569250,norte,25.0,69,0,0
LJ500_R136_C057,136,57,689750,9569250,norte,25.0,69,0,0
LJ500_R136_C058,136,58,690250,9569250,norte,25.0,69,0,0
LJ500_R136_C059,136,59,690750,9569250,norte,25.0,69,0,0
LJ500_R136_C060,136,60,691250,9569250,norte,25.0,69,0,0
LJ500_R136_C061,136,61,691750,9569250,norte,25.0,69,1,1
LJ500_R136_C062,136,62,692250,9569250,norte,25.0,69,1,1
LJ500_R136_C063,136,63,692750,9569250,norte,25.0,69,0,0
LJ500_R136_C064,136,64,693250,9569250,norte,25.0,69,0,0
LJ500_R136_C065,136,65,693750,9569250,norte,25.0,69,0,0
LJ500_R136_C066,136,66,694250,9569250,norte,25.0,69,0,0
LJ500_R136_C067,136,67,694750,9569250,norte,25.0,69,0,0
LJ500_R136_C068,136,68,695250,9569250,norte,25.0,69,0,0
LJ500_R136_C069,136,69,695750,9569250,norte,25.0,69,0,0
LJ500_R136_C070,136,70,696250,9569250,norte,25.0,69,0,0
LJ500_R136_C071,136,71,696750,9569250,norte,25.0,69,0,0
LJ500_R136_C072,136,72,697250,9569250,norte,25.0,69,0,0
LJ500_R136_C073,136,73,697750,9569250,norte,25.0,69,0,0
LJ500_R136_C074,136,74,698250,9569250,norte,25.0,69,0,0
LJ500_R136_C075,136,75,698750,9569250,norte,25.0,69,0,0
LJ500_R136_C076,136,76,699250,9569250,norte,25.0,69,0,0
LJ500_R136_C077,136,77,699750,9569250,norte,25.0,69,0,0
LJ500_R136_C078,136,78,700250,9569250,norte,25.0,69,0,0
LJ500_R136_C079,136,79,700750,9569250,norte,25.0,69,0,0
LJ500_R136_C080,136,80,701250,9569250,norte,25.0,69,0,0
LJ500_R136_C081,136,81,701750,9569250,norte,25.0,69,0,0
LJ500_R136_C082,136,82,702250,9569250,norte,25.0,69,0,0
LJ500_R136_C083,136,83,702750,9569250,norte,25.0,69,0,0
LJ500_R136_C084,136,84,703250,9569250,norte,25.0,69,0,0
LJ500_R136_C085,136,85,703750,9569250,norte,25.0,69,0,0
LJ500_R136_C086,136,86,704250,9569250,norte,25.0,69,0,0
LJ500_R136_C087,136,87,704750,9569250,norte,25.0,69,0,0
LJ500_R136_C088,136,88,705250,9569250,norte,25.0,69,0,0
LJ500_R136_C089,136,89,705750,9569250,norte,25.0,69,0,0
LJ500_R136_C090,136,90,706250,9569250,norte,25.0,69,1,1
LJ500_R136_C091,136,91,706750,9569250,norte,25.0,69,1,1
LJ500_R136_C092,136,92,707250,9569250,norte,14.84,69,1,1
LJ500_R136_C093,136,93,707750,9569250,norte,0.0558,0,0,0
LJ500_R137_C019,137,19,670750,9569750,norte,0.533,69,0,0
LJ500_R137_C020,137,20,671250,9569750,norte,16.01,69,0,0
LJ500_R137_C021,137,21,671750,9569750,norte,24.84,69,0,0
LJ500_R137_C022,137,22,672250,9569750,norte,14.84,69,1,1
LJ500_R137_C025,137,25,673750,9569750,norte,0.9025,69,0,0
LJ500_R137_C026,137,26,674250,9569750,norte,10.51,69,0,0
LJ500_R137_C027,137,27,674750,9569750,norte,18.41,69,0,0
LJ500_R137_C028,137,28,675250,9569750,norte,25.0,69,0,0
LJ500_R137_C029,137,29,675750,9569750,norte,25.0,69,0,0
LJ500_R137_C030,137,30,676250,9569750,norte,25.0,69,0,0
LJ500_R137_C031,137,31,676750,9569750,norte,25.0,69,1,1
LJ500_R137_C032,137,32,677250,9569750,norte,24.96,69,1,1
LJ500_R137_C033,137,33,677750,9569750,norte,10.86,70,3,3
LJ500_R137_C041,137,41,681750,9569750,norte,0.4544,69,0,0
LJ500_R137_C042,137,42,682250,9569750,norte,14.99,69,1,1
LJ500_R137_C043,137,43,682750,9569750,norte,5.8317,69,1,1
LJ500_R137_C044,137,44,683250,9569750,norte,0.0207,0,0,0
LJ500_R137_C045,137,45,683750,9569750,norte,20.21,69,0,0
LJ500_R137_C046,137,46,684250,9569750,norte,25.0,69,1,1
LJ500_R137_C047,137,47,684750,9569750,norte,25.0,69,1,1
LJ500_R137_C048,137,48,685250,9569750,norte,25.0,69,1,1
LJ500_R137_C049,137,49,685750,9569750,norte,25.0,69,0,0
LJ500_R137_C050,137,50,686250,9569750,norte,25.0,69,0,0
LJ500_R137_C051,137,51,686750,9569750,norte,25.0,69,0,0
LJ500_R137_C052,137,52,687250,9569750,norte,25.0,69,0,0
LJ500_R137_C053,137,53,687750,9569750,norte,25.0,69,0,0
LJ500_R137_C054,137,54,688250,9569750,norte,25.0,69,0,0
LJ500_R137_C055,137,55,688750,9569750,norte,25.0,69,0,0
LJ500_R137_C056,137,56,689250,9569750,norte,25.0,69,0,0
LJ500_R137_C057,137,57,689750,9569750,norte,25.0,69,0,0
LJ500_R137_C058,137,58,690250,9569750,norte,25.0,69,0,0
LJ500_R137_C059,137,59,690750,9569750,norte,25.0,69,0,0
LJ500_R137_C060,137,60,691250,9569750,norte,25.0,69,0,0
LJ500_R137_C061,137,61,691750,9569750,norte,25.0,69,1,1
LJ500_R137_C062,137,62,692250,9569750,norte,25.0,69,1,1
LJ500_R137_C063,137,63,692750,9569750,norte,25.0,69,1,1
LJ500_R137_C064,137,64,693250,9569750,norte,25.0,69,1,1
LJ500_R137_C065,137,65,693750,9569750,norte,25.0,69,0,0
LJ500_R137_C066,137,66,694250,9569750,norte,25.0,69,0,0
LJ500_R137_C067,137,67,694750,9569750,norte,25.0,69,0,0
LJ500_R137_C068,137,68,695250,9569750,norte,25.0,69,0,0
LJ500_R137_C069,137,69,695750,9569750,norte,25.0,69,0,0
LJ500_R137_C070,137,70,696250,9569750,norte,25.0,69,0,0
LJ500_R137_C071,137,71,696750,9569750,norte,25.0,69,0,0
LJ500_R137_C072,137,72,697250,9569750,norte,25.0,69,0,0
LJ500_R137_C073,137,73,697750,9569750,norte,25.0,69,0,0
LJ500_R137_C074,137,74,698250,9569750,norte,25.0,69,1,1
LJ500_R137_C075,137,75,698750,9569750,norte,25.0,69,1,1
LJ500_R137_C076,137,76,699250,9569750,norte,25.0,69,1,1
LJ500_R137_C077,137,77,699750,9569750,norte,25.0,69,0,0
LJ500_R137_C078,137,78,700250,9569750,norte,25.0,69,0,0
LJ500_R137_C079,137,79,700750,9569750,norte,25.0,69,0,0
LJ500_R137_C080,137,80,701250,9569750,norte,25.0,69,0,0
LJ500_R137_C081,137,81,701750,9569750,norte,25.0,69,0,0
LJ500_R137_C082,137,82,702250,9569750,norte,25.0,69,0,0
LJ500_R137_C083,137,83,702750,9569750,norte,25.0,69,0,0
LJ500_R137_C084,137,84,703250,9569750,norte,25.0,69,0,0
LJ500_R137_C085,137,85,703750,9569750,norte,25.0,69,0,0
LJ500_R137_C086,137,86,704250,9569750,norte,25.0,69,0,0
LJ500_R137_C087,137,87,704750,9569750,norte,25.0,69,0,0
LJ500_R137_C088,137,88,705250,9569750,norte,25.0,69,0,0
LJ500_R137_C089,137,89,705750,9569750,norte,25.0,69,2,2
LJ500_R137_C090,137,90,706250,9569750,norte,25.0,69,2,2
LJ500_R137_C091,137,91,706750,9569750,norte,25.0,69,1,1
LJ500_R137_C092,137,92,707250,9569750,norte,25.0,69,1,1
LJ500_R137_C093,137,93,707750,9569750,norte,8.6514,69,0,0
LJ500_R138_C020,138,20,671250,9570250,norte,1.6812,69,0,0
LJ500_R138_C021,138,21,671750,9570250,norte,22.73,69,0,0
LJ500_R138_C022,138,22,672250,9570250,norte,24.96,69,1,1
LJ500_R138_C023,138,23,672750,9570250,norte,13.49,69,1,1
LJ500_R138_C024,138,24,673250,9570250,norte,0.6324,69,0,0
LJ500_R138_C025,138,25,673750,9570250,norte,19.42,69,0,0
LJ500_R138_C026,138,26,674250,9570250,norte,25.0,69,0,0
LJ500_R138_C027,138,27,674750,9570250,norte,25.0,69,0,0
LJ500_R138_C028,138,28,675250,9570250,norte,25.0,69,0,0
LJ500_R138_C029,138,29,675750,9570250,norte,25.0,69,0,0
LJ500_R138_C030,138,30,676250,9570250,norte,25.0,69,0,0
LJ500_R138_C031,138,31,676750,9570250,norte,25.0,69,1,1
LJ500_R138_C032,138,32,677250,9570250,norte,24.12,69,1,1
LJ500_R138_C033,138,33,677750,9570250,norte,16.78,69,1,1
LJ500_R138_C034,138,34,678250,9570250,norte,18.25,69,1,1
LJ500_R138_C035,138,35,678750,9570250,norte,22.26,69,1,1
LJ500_R138_C036,138,36,679250,9570250,norte,17.75,69,0,0
LJ500_R138_C037,138,37,679750,9570250,norte,10.74,69,1,1
LJ500_R138_C038,138,38,680250,9570250,norte,5.3341,69,1,1
LJ500_R138_C041,138,41,681750,9570250,norte,11.46,69,0,0
LJ500_R138_C042,138,42,682250,9570250,norte,25.0,69,1,1
LJ500_R138_C043,138,43,682750,9570250,norte,21.23,69,1,1
LJ500_R138_C044,138,44,683250,9570250,norte,16.94,69,1,1
LJ500_R138_C045,138,45,683750,9570250,norte,25.0,69,0,0
LJ500_R138_C046,138,46,684250,9570250,norte,25.0,69,0,0
LJ500_R138_C047,138,47,684750,9570250,norte,25.0,69,0,0
LJ500_R138_C048,138,48,685250,9570250,norte,25.0,69,0,0
LJ500_R138_C049,138,49,685750,9570250,norte,25.0,69,0,0
LJ500_R138_C050,138,50,686250,9570250,norte,25.0,69,0,0
LJ500_R138_C051,138,51,686750,9570250,norte,25.0,69,0,0
LJ500_R138_C052,138,52,687250,9570250,norte,25.0,69,0,0
LJ500_R138_C053,138,53,687750,9570250,norte,25.0,69,0,0
LJ500_R138_C054,138,54,688250,9570250,norte,25.0,69,0,0
LJ500_R138_C055,138,55,688750,9570250,norte,25.0,69,0,0
LJ500_R138_C056,138,56,689250,9570250,norte,25.0,69,0,0
LJ500_R138_C057,138,57,689750,9570250,norte,25.0,69,0,0
LJ500_R138_C058,138,58,690250,9570250,norte,25.0,69,0,0
LJ500_R138_C059,138,59,690750,9570250,norte,25.0,69,0,0
LJ500_R138_C060,138,60,691250,9570250,norte,25.0,69,0,0
LJ500_R138_C061,138,61,691750,9570250,norte,25.0,69,1,1
LJ500_R138_C062,138,62,692250,9570250,norte,25.0,69,1,1
LJ500_R138_C063,138,63,692750,9570250,norte,25.0,69,1,1
LJ500_R138_C064,138,64,693250,9570250,norte,25.0,69,1,1
LJ500_R138_C065,138,65,693750,9570250,norte,25.0,69,1,1
LJ500_R138_C066,138,66,694250,9570250,norte,25.0,69,0,0
LJ500_R138_C067,138,67,694750,9570250,norte,25.0,69,0,0
LJ500_R138_C068,138,68,695250,9570250,norte,25.0,69,0,0
LJ500_R138_C069,138,69,695750,9570250,norte,25.0,69,0,0
LJ500_R138_C070,138,70,696250,9570250,norte,25.0,69,0,0
LJ500_R138_C071,138,71,696750,9570250,norte,25.0,69,0,0
LJ500_R138_C072,138,72,697250,9570250,norte,25.0,69,0,0
LJ500_R138_C073,138,73,697750,9570250,norte,25.0,69,0,0
LJ500_R138_C074,138,74,698250,9570250,norte,25.0,69,1,1
LJ500_R138_C075,138,75,698750,9570250,norte,25.0,69,1,1
LJ500_R138_C076,138,76,699250,9570250,norte,25.0,69,1,1
LJ500_R138_C077,138,77,699750,9570250,norte,25.0,69,0,0
LJ500_R138_C078,138,78,700250,9570250,norte,25.0,69,0,0
LJ500_R138_C079,138,79,700750,9570250,norte,25.0,69,0,0
LJ500_R138_C080,138,80,701250,9570250,norte,25.0,69,0,0
LJ500_R138_C081,138,81,701750,9570250,norte,25.0,69,0,0
LJ500_R138_C082,138,82,702250,9570250,norte,25.0,69,0,0
LJ500_R138_C083,138,83,702750,9570250,norte,25.0,69,0,0
LJ500_R138_C084,138,84,703250,9570250,norte,25.0,69,0,0
LJ500_R138_C085,138,85,703750,9570250,norte,25.0,69,0,0
LJ500_R138_C086,138,86,704250,9570250,norte,25.0,69,0,0
LJ500_R138_C087,138,87,704750,9570250,norte,25.0,69,0,0
LJ500_R138_C088,138,88,705250,9570250,norte,25.0,69,0,0
LJ500_R138_C089,138,89,705750,9570250,norte,25.0,69,2,2
LJ500_R138_C090,138,90,706250,9570250,norte,25.0,69,2,2
LJ500_R138_C091,138,91,706750,9570250,norte,25.0,69,2,2
LJ500_R138_C092,138,92,707250,9570250,norte,23.87,69,1,1
LJ500_R138_C093,138,93,707750,9570250,norte,2.7138,69,0,0
LJ500_R139_C021,139,21,671750,9570750,norte,15.02,69,0,0
LJ500_R139_C022,139,22,672250,9570750,norte,25.0,69,2,2
LJ500_R139_C023,139,23,672750,9570750,norte,25.0,69,2,2
LJ500_R139_C024,139,24,673250,9570750,norte,23.64,69,2,2
LJ500_R139_C025,139,25,673750,9570750,norte,25.0,69,1,1
LJ500_R139_C026,139,26,674250,9570750,norte,25.0,69,1,1
LJ500_R139_C027,139,27,674750,9570750,norte,25.0,69,1,1
LJ500_R139_C028,139,28,675250,9570750,norte,25.0,69,1,1
LJ500_R139_C029,139,29,675750,9570750,norte,25.0,69,1,1
LJ500_R139_C030,139,30,676250,9570750,norte,25.0,69,0,0
LJ500_R139_C031,139,31,676750,9570750,norte,25.0,69,1,1
LJ500_R139_C032,139,32,677250,9570750,norte,25.0,69,1,1
LJ500_R139_C033,139,33,677750,9570750,norte,25.0,69,1,1
LJ500_R139_C034,139,34,678250,9570750,norte,25.0,69,1,1
LJ500_R139_C035,139,35,678750,9570750,norte,25.0,69,1,1
LJ500_R139_C036,139,36,679250,9570750,norte,25.0,69,0,0
LJ500_R139_C037,139,37,679750,9570750,norte,25.0,69,1,1
LJ500_R139_C038,139,38,680250,9570750,norte,24.92,69,1,1
LJ500_R139_C039,139,39,680750,9570750,norte,18.07,69,1,1
LJ500_R139_C040,139,40,681250,9570750,norte,15.77,69,0,0
LJ500_R139_C041,139,41,681750,9570750,norte,24.66,69,0,0
LJ500_R139_C042,139,42,682250,9570750,norte,25.0,69,1,1
LJ500_R139_C043,139,43,682750,9570750,norte,25.0,69,1,1
LJ500_R139_C044,139,44,683250,9570750,norte,25.0,69,1,1
LJ500_R139_C045,139,45,683750,9570750,norte,25.0,69,0,0
LJ500_R139_C046,139,46,684250,9570750,norte,25.0,69,0,0
LJ500_R139_C047,139,47,684750,9570750,norte,25.0,69,0,0
LJ500_R139_C048,139,48,685250,9570750,norte,25.0,69,0,0
LJ500_R139_C049,139,49,685750,9570750,norte,25.0,69,0,0
LJ500_R139_C050,139,50,686250,9570750,norte,25.0,69,0,0
LJ500_R139_C051,139,51,686750,9570750,norte,25.0,69,0,0
LJ500_R139_C052,139,52,687250,9570750,norte,25.0,69,0,0
LJ500_R139_C053,139,53,687750,9570750,norte,25.0,69,0,0
LJ500_R139_C054,139,54,688250,9570750,norte,25.0,69,0,0
LJ500_R139_C055,139,55,688750,9570750,norte,25.0,69,0,0
LJ500_R139_C056,139,56,689250,9570750,norte,25.0,69,0,0
LJ500_R139_C057,139,57,689750,9570750,norte,25.0,69,0,0
LJ500_R139_C058,139,58,690250,9570750,norte,25.0,69,0,0
LJ500_R139_C059,139,59,690750,9570750,norte,25.0,69,0,0
LJ500_R139_C060,139,60,691250,9570750,norte,25.0,69,0,0
LJ500_R139_C061,139,61,691750,9570750,norte,25.0,69,1,1
LJ500_R139_C062,139,62,692250,9570750,norte,25.0,69,1,1
LJ500_R139_C063,139,63,692750,9570750,norte,25.0,69,1,1
LJ500_R139_C064,139,64,693250,9570750,norte,25.0,69,1,1
LJ500_R139_C065,139,65,693750,9570750,norte,25.0,69,1,1
LJ500_R139_C066,139,66,694250,9570750,norte,25.0,69,1,1
LJ500_R139_C067,139,67,694750,9570750,norte,25.0,69,1,1
LJ500_R139_C068,139,68,695250,9570750,norte,25.0,69,1,1
LJ500_R139_C069,139,69,695750,9570750,norte,25.0,69,0,0
LJ500_R139_C070,139,70,696250,9570750,norte,25.0,69,0,0
LJ500_R139_C071,139,71,696750,9570750,norte,25.0,69,0,0
LJ500_R139_C072,139,72,697250,9570750,norte,25.0,69,0,0
LJ500_R139_C073,139,73,697750,9570750,norte,25.0,69,0,0
LJ500_R139_C074,139,74,698250,9570750,norte,25.0,69,1,1
LJ500_R139_C075,139,75,698750,9570750,norte,25.0,69,1,1
LJ500_R139_C076,139,76,699250,9570750,norte,25.0,69,1,1
LJ500_R139_C077,139,77,699750,9570750,norte,25.0,69,1,1
LJ500_R139_C078,139,78,700250,9570750,norte,25.0,69,1,1
LJ500_R139_C079,139,79,700750,9570750,norte,25.0,69,0,0
LJ500_R139_C080,139,80,701250,9570750,norte,25.0,69,0,0
LJ500_R139_C081,139,81,701750,9570750,norte,25.0,69,0,0
LJ500_R139_C082,139,82,702250,9570750,norte,25.0,69,0,0
LJ500_R139_C083,139,83,702750,9570750,norte,25.0,69,0,0
LJ500_R139_C084,139,84,703250,9570750,norte,25.0,69,0,0
LJ500_R139_C085,139,85,703750,9570750,norte,25.0,69,0,0
LJ500_R139_C086,139,86,704250,9570750,norte,25.0,69,0,0
LJ500_R139_C087,139,87,704750,9570750,norte,25.0,69,1,1
LJ500_R139_C088,139,88,705250,9570750,norte,25.0,69,1,1
LJ500_R139_C089,139,89,705750,9570750,norte,25.0,69,2,2
LJ500_R139_C090,139,90,706250,9570750,norte,25.0,69,1,1
LJ500_R139_C091,139,91,706750,9570750,norte,25.0,69,1,1
LJ500_R139_C092,139,92,707250,9570750,norte,23.99,69,0,0
LJ500_R139_C093,139,93,707750,9570750,norte,1.9246,69,0,0
LJ500_R140_C021,140,21,671750,9571250,norte,13.65,69,0,0
LJ500_R140_C022,140,22,672250,9571250,norte,25.0,69,2,2
LJ500_R140_C023,140,23,672750,9571250,norte,25.0,69,2,2
LJ500_R140_C024,140,24,673250,9571250,norte,25.0,69,2,2
LJ500_R140_C025,140,25,673750,9571250,norte,25.0,69,1,1
LJ500_R140_C026,140,26,674250,9571250,norte,25.0,69,1,1
LJ500_R140_C027,140,27,674750,9571250,norte,25.0,69,1,1
LJ500_R140_C028,140,28,675250,9571250,norte,25.0,69,1,1
LJ500_R140_C029,140,29,675750,9571250,norte,25.0,69,1,1
LJ500_R140_C030,140,30,676250,9571250,norte,25.0,69,0,0
LJ500_R140_C031,140,31,676750,9571250,norte,25.0,69,1,1
LJ500_R140_C032,140,32,677250,9571250,norte,25.0,69,1,1
LJ500_R140_C033,140,33,677750,9571250,norte,25.0,69,1,1
LJ500_R140_C034,140,34,678250,9571250,norte,25.0,69,0,0
LJ500_R140_C035,140,35,678750,9571250,norte,25.0,69,0,0
LJ500_R140_C036,140,36,679250,9571250,norte,25.0,69,0,0
LJ500_R140_C037,140,37,679750,9571250,norte,25.0,69,1,1
LJ500_R140_C038,140,38,680250,9571250,norte,25.0,69,1,1
LJ500_R140_C039,140,39,680750,9571250,norte,25.0,69,1,1
LJ500_R140_C040,140,40,681250,9571250,norte,25.0,69,0,0
LJ500_R140_C041,140,41,681750,9571250,norte,25.0,69,0,0
LJ500_R140_C042,140,42,682250,9571250,norte,25.0,69,0,0
LJ500_R140_C043,140,43,682750,9571250,norte,25.0,69,0,0
LJ500_R140_C044,140,44,683250,9571250,norte,25.0,69,0,0
LJ500_R140_C045,140,45,683750,9571250,norte,25.0,69,0,0
LJ500_R140_C046,140,46,684250,9571250,norte,25.0,69,0,0
LJ500_R140_C047,140,47,684750,9571250,norte,25.0,69,0,0
LJ500_R140_C048,140,48,685250,9571250,norte,25.0,69,0,0
LJ500_R140_C049,140,49,685750,9571250,norte,25.0,69,0,0
LJ500_R140_C050,140,50,686250,9571250,norte,25.0,69,0,0
LJ500_R140_C051,140,51,686750,9571250,norte,25.0,69,0,0
LJ500_R140_C052,140,52,687250,9571250,norte,25.0,69,0,0
LJ500_R140_C053,140,53,687750,9571250,norte,25.0,69,0,0
LJ500_R140_C054,140,54,688250,9571250,norte,25.0,69,0,0
LJ500_R140_C055,140,55,688750,9571250,norte,25.0,69,0,0
LJ500_R140_C056,140,56,689250,9571250,norte,25.0,69,0,0
LJ500_R140_C057,140,57,689750,9571250,norte,25.0,69,0,0
LJ500_R140_C058,140,58,690250,9571250,norte,25.0,69,0,0
LJ500_R140_C059,140,59,690750,9571250,norte,25.0,69,0,0
LJ500_R140_C060,140,60,691250,9571250,norte,25.0,69,0,0
LJ500_R140_C061,140,61,691750,9571250,norte,25.0,69,0,0
LJ500_R140_C062,140,62,692250,9571250,norte,25.0,69,0,0
LJ500_R140_C063,140,63,692750,9571250,norte,25.0,69,0,0
LJ500_R140_C064,140,64,693250,9571250,norte,25.0,69,0,0
LJ500_R140_C065,140,65,693750,9571250,norte,25.0,69,0,0
LJ500_R140_C066,140,66,694250,9571250,norte,25.0,69,0,0
LJ500_R140_C067,140,67,694750,9571250,norte,25.0,69,1,1
LJ500_R140_C068,140,68,695250,9571250,norte,25.0,69,1,1
LJ500_R140_C069,140,69,695750,9571250,norte,25.0,69,0,0
LJ500_R140_C070,140,70,696250,9571250,norte,25.0,69,0,0
LJ500_R140_C071,140,71,696750,9571250,norte,25.0,69,0,0
LJ500_R140_C072,140,72,697250,9571250,norte,25.0,69,0,0
LJ500_R140_C073,140,73,697750,9571250,norte,25.0,69,0,0
LJ500_R140_C074,140,74,698250,9571250,norte,25.0,69,0,0
LJ500_R140_C075,140,75,698750,9571250,norte,25.0,69,0,0
LJ500_R140_C076,140,76,699250,9571250,norte,25.0,69,1,1
LJ500_R140_C077,140,77,699750,9571250,norte,25.0,69,1,1
LJ500_R140_C078,140,78,700250,9571250,norte,25.0,69,1,1
LJ500_R140_C079,140,79,700750,9571250,norte,25.0,69,0,0
LJ500_R140_C080,140,80,701250,9571250,norte,25.0,69,0,0
LJ500_R140_C081,140,81,701750,9571250,norte,25.0,69,0,0
LJ500_R140_C082,140,82,702250,9571250,norte,25.0,69,0,0
LJ500_R140_C083,140,83,702750,9571250,norte,25.0,69,0,0
LJ500_R140_C084,140,84,703250,9571250,norte,25.0,69,0,0
LJ500_R140_C085,140,85,703750,9571250,norte,25.0,69,0,0
LJ500_R140_C086,140,86,704250,9571250,norte,25.0,69,0,0
LJ500_R140_C087,140,87,704750,9571250,norte,25.0,69,1,1
LJ500_R140_C088,140,88,705250,9571250,norte,25.0,69,1,1
LJ500_R140_C089,140,89,705750,9571250,norte,25.0,69,2,2
LJ500_R140_C090,140,90,706250,9571250,norte,25.0,69,1,1
LJ500_R140_C091,140,91,706750,9571250,norte,25.0,69,1,1
LJ500_R140_C092,140,92,707250,9571250,norte,25.0,69,0,0
LJ500_R140_C093,140,93,707750,9571250,norte,8.2875,69,0,0
LJ500_R141_C021,141,21,671750,9571750,norte,19.09,69,1,0
LJ500_R141_C022,141,22,672250,9571750,norte,25.0,69,2,1
LJ500_R141_C023,141,23,672750,9571750,norte,25.0,69,1,1
LJ500_R141_C024,141,24,673250,9571750,norte,25.0,69,1,1
LJ500_R141_C025,141,25,673750,9571750,norte,25.0,69,0,0
LJ500_R141_C026,141,26,674250,9571750,norte,25.0,69,0,0
LJ500_R141_C027,141,27,674750,9571750,norte,25.0,69,0,0
LJ500_R141_C028,141,28,675250,9571750,norte,25.0,69,1,1
LJ500_R141_C029,141,29,675750,9571750,norte,25.0,69,1,1
LJ500_R141_C030,141,30,676250,9571750,norte,25.0,69,1,1
LJ500_R141_C031,141,31,676750,9571750,norte,25.0,69,1,1
LJ500_R141_C032,141,32,677250,9571750,norte,25.0,69,0,0
LJ500_R141_C033,141,33,677750,9571750,norte,25.0,69,1,1
LJ500_R141_C034,141,34,678250,9571750,norte,25.0,69,1,1
LJ500_R141_C035,141,35,678750,9571750,norte,25.0,69,1,1
LJ500_R141_C036,141,36,679250,9571750,norte,25.0,69,0,0
LJ500_R141_C037,141,37,679750,9571750,norte,25.0,69,2,2
LJ500_R141_C038,141,38,680250,9571750,norte,25.0,69,2,2
LJ500_R141_C039,141,39,680750,9571750,norte,25.0,69,2,2
LJ500_R141_C040,141,40,681250,9571750,norte,25.0,69,0,0
LJ500_R141_C041,141,41,681750,9571750,norte,25.0,69,2,2
LJ500_R141_C042,141,42,682250,9571750,norte,25.0,69,2,2
LJ500_R141_C043,141,43,682750,9571750,norte,25.0,69,3,3
LJ500_R141_C044,141,44,683250,9571750,norte,25.0,69,2,2
LJ500_R141_C045,141,45,683750,9571750,norte,25.0,69,1,1
LJ500_R141_C046,141,46,684250,9571750,norte,25.0,69,1,1
LJ500_R141_C047,141,47,684750,9571750,norte,25.0,69,0,0
LJ500_R141_C048,141,48,685250,9571750,norte,25.0,69,0,0
LJ500_R141_C049,141,49,685750,9571750,norte,25.0,69,0,0
LJ500_R141_C050,141,50,686250,9571750,norte,25.0,69,1,1
LJ500_R141_C051,141,51,686750,9571750,norte,25.0,69,1,1
LJ500_R141_C052,141,52,687250,9571750,norte,25.0,69,2,2
LJ500_R141_C053,141,53,687750,9571750,norte,25.0,69,1,1
LJ500_R141_C054,141,54,688250,9571750,norte,25.0,69,1,1
LJ500_R141_C055,141,55,688750,9571750,norte,25.0,69,0,0
LJ500_R141_C056,141,56,689250,9571750,norte,25.0,69,0,0
LJ500_R141_C057,141,57,689750,9571750,norte,25.0,69,0,0
LJ500_R141_C058,141,58,690250,9571750,norte,25.0,69,0,0
LJ500_R141_C059,141,59,690750,9571750,norte,25.0,69,1,1
LJ500_R141_C060,141,60,691250,9571750,norte,25.0,69,1,1
LJ500_R141_C061,141,61,691750,9571750,norte,25.0,69,1,1
LJ500_R141_C062,141,62,692250,9571750,norte,25.0,69,0,0
LJ500_R141_C063,141,63,692750,9571750,norte,25.0,69,0,0
LJ500_R141_C064,141,64,693250,9571750,norte,25.0,69,0,0
LJ500_R141_C065,141,65,693750,9571750,norte,25.0,69,0,0
LJ500_R141_C066,141,66,694250,9571750,norte,25.0,69,0,0
LJ500_R141_C067,141,67,694750,9571750,norte,25.0,69,0,0
LJ500_R141_C068,141,68,695250,9571750,norte,25.0,69,0,0
LJ500_R141_C069,141,69,695750,9571750,norte,25.0,69,0,0
LJ500_R141_C070,141,70,696250,9571750,norte,25.0,69,1,1
LJ500_R141_C071,141,71,696750,9571750,norte,25.0,69,1,1
LJ500_R141_C072,141,72,697250,9571750,norte,25.0,69,2,2
LJ500_R141_C073,141,73,697750,9571750,norte,25.0,69,2,2
LJ500_R141_C074,141,74,698250,9571750,norte,25.0,69,2,2
LJ500_R141_C075,141,75,698750,9571750,norte,25.0,69,0,0
LJ500_R141_C076,141,76,699250,9571750,norte,25.0,69,1,1
LJ500_R141_C077,141,77,699750,9571750,norte,25.0,69,1,1
LJ500_R141_C078,141,78,700250,9571750,norte,25.0,69,1,1
LJ500_R141_C079,141,79,700750,9571750,norte,25.0,69,0,0
LJ500_R141_C080,141,80,701250,9571750,norte,25.0,69,0,0
LJ500_R141_C081,141,81,701750,9571750,norte,25.0,69,0,0
LJ500_R141_C082,141,82,702250,9571750,norte,25.0,69,0,0
LJ500_R141_C083,141,83,702750,9571750,norte,25.0,69,0,0
LJ500_R141_C084,141,84,703250,9571750,norte,25.0,69,0,0
LJ500_R141_C085,141,85,703750,9571750,norte,25.0,69,1,1
LJ500_R141_C086,141,86,704250,9571750,norte,25.0,69,1,1
LJ500_R141_C087,141,87,704750,9571750,norte,25.0,69,2,2
LJ500_R141_C088,141,88,705250,9571750,norte,25.0,69,2,2
LJ500_R141_C089,141,89,705750,9571750,norte,25.0,69,3,3
LJ500_R141_C090,141,90,706250,9571750,norte,25.0,69,1,1
LJ500_R141_C091,141,91,706750,9571750,norte,25.0,69,1,1
LJ500_R141_C092,141,92,707250,9571750,norte,22.47,69,0,0
LJ500_R141_C093,141,93,707750,9571750,norte,1.2831,69,0,0
LJ500_R142_C020,142,20,671250,9572250,norte,0.3459,0,0,0
LJ500_R142_C021,142,21,671750,9572250,norte,22.17,69,1,0
LJ500_R142_C022,142,22,672250,9572250,norte,25.0,69,2,1
LJ500_R142_C023,142,23,672750,9572250,norte,25.0,69,1,1
LJ500_R142_C024,142,24,673250,9572250,norte,25.0,69,1,1
LJ500_R142_C025,142,25,673750,9572250,norte,25.0,69,0,0
LJ500_R142_C026,142,26,674250,9572250,norte,25.0,69,0,0
LJ500_R142_C027,142,27,674750,9572250,norte,25.0,69,0,0
LJ500_R142_C028,142,28,675250,9572250,norte,25.0,69,1,1
LJ500_R142_C029,142,29,675750,9572250,norte,25.0,69,1,1
LJ500_R142_C030,142,30,676250,9572250,norte,25.0,69,1,1
LJ500_R142_C031,142,31,676750,9572250,norte,25.0,69,1,1
LJ500_R142_C032,142,32,677250,9572250,norte,25.0,69,0,0
LJ500_R142_C033,142,33,677750,9572250,norte,25.0,69,1,1
LJ500_R142_C034,142,34,678250,9572250,norte,25.0,69,2,2
LJ500_R142_C035,142,35,678750,9572250,norte,25.0,69,2,2
LJ500_R142_C036,142,36,679250,9572250,norte,25.0,69,0,0
LJ500_R142_C037,142,37,679750,9572250,norte,25.0,69,3,3
LJ500_R142_C038,142,38,680250,9572250,norte,25.0,69,3,3
LJ500_R142_C039,142,39,680750,9572250,norte,25.0,69,3,3
LJ500_R142_C040,142,40,681250,9572250,norte,25.0,69,0,0
LJ500_R142_C041,142,41,681750,9572250,norte,25.0,69,2,2
LJ500_R142_C042,142,42,682250,9572250,norte,25.0,69,2,2
LJ500_R142_C043,142,43,682750,9572250,norte,25.0,69,3,3
LJ500_R142_C044,142,44,683250,9572250,norte,25.0,69,2,2
LJ500_R142_C045,142,45,683750,9572250,norte,25.0,69,1,1
LJ500_R142_C046,142,46,684250,9572250,norte,25.0,69,1,1
LJ500_R142_C047,142,47,684750,9572250,norte,25.0,69,0,0
LJ500_R142_C048,142,48,685250,9572250,norte,25.0,69,1,1
LJ500_R142_C049,142,49,685750,9572250,norte,25.0,69,1,1
LJ500_R142_C050,142,50,686250,9572250,norte,25.0,69,2,2
LJ500_R142_C051,142,51,686750,9572250,norte,25.0,69,2,2
LJ500_R142_C052,142,52,687250,9572250,norte,25.0,69,3,3
LJ500_R142_C053,142,53,687750,9572250,norte,25.0,69,1,1
LJ500_R142_C054,142,54,688250,9572250,norte,25.0,69,1,1
LJ500_R142_C055,142,55,688750,9572250,norte,25.0,69,0,0
LJ500_R142_C056,142,56,689250,9572250,norte,25.0,69,0,0
LJ500_R142_C057,142,57,689750,9572250,norte,25.0,69,0,0
LJ500_R142_C058,142,58,690250,9572250,norte,25.0,69,0,0
LJ500_R142_C059,142,59,690750,9572250,norte,25.0,69,1,1
LJ500_R142_C060,142,60,691250,9572250,norte,25.0,69,1,1
LJ500_R142_C061,142,61,691750,9572250,norte,25.0,69,1,1
LJ500_R142_C062,142,62,692250,9572250,norte,25.0,69,0,0
LJ500_R142_C063,142,63,692750,9572250,norte,25.0,69,0,0
LJ500_R142_C064,142,64,693250,9572250,norte,25.0,69,0,0
LJ500_R142_C065,142,65,693750,9572250,norte,25.0,69,0,0
LJ500_R142_C066,142,66,694250,9572250,norte,25.0,69,0,0
LJ500_R142_C067,142,67,694750,9572250,norte,25.0,69,0,0
LJ500_R142_C068,142,68,695250,9572250,norte,25.0,69,0,0
LJ500_R142_C069,142,69,695750,9572250,norte,25.0,69,0,0
LJ500_R142_C070,142,70,696250,9572250,norte,25.0,69,1,1
LJ500_R142_C071,142,71,696750,9572250,norte,25.0,69,1,1
LJ500_R142_C072,142,72,697250,9572250,norte,25.0,69,3,3
LJ500_R142_C073,142,73,697750,9572250,norte,25.0,69,3,3
LJ500_R142_C074,142,74,698250,9572250,norte,25.0,69,3,3
LJ500_R142_C075,142,75,698750,9572250,norte,25.0,69,0,0
LJ500_R142_C076,142,76,699250,9572250,norte,25.0,69,2,2
LJ500_R142_C077,142,77,699750,9572250,norte,25.0,69,2,2
LJ500_R142_C078,142,78,700250,9572250,norte,25.0,69,2,2
LJ500_R142_C079,142,79,700750,9572250,norte,25.0,69,0,0
LJ500_R142_C080,142,80,701250,9572250,norte,25.0,69,0,0
LJ500_R142_C081,142,81,701750,9572250,norte,25.0,69,0,0
LJ500_R142_C082,142,82,702250,9572250,norte,25.0,69,0,0
LJ500_R142_C083,142,83,702750,9572250,norte,25.0,69,0,0
LJ500_R142_C084,142,84,703250,9572250,norte,25.0,69,0,0
LJ500_R142_C085,142,85,703750,9572250,norte,25.0,69,1,1
LJ500_R142_C086,142,86,704250,9572250,norte,25.0,69,1,1
LJ500_R142_C087,142,87,704750,9572250,norte,25.0,69,2,2
LJ500_R142_C088,142,88,705250,9572250,norte,25.0,69,2,2
LJ500_R142_C089,142,89,705750,9572250,norte,25.0,69,3,3
LJ500_R142_C090,142,90,706250,9572250,norte,25.0,69,1,1
LJ500_R142_C091,142,91,706750,9572250,norte,25.0,69,1,1
LJ500_R142_C092,142,92,707250,9572250,norte,11.98,69,0,0
LJ500_R143_C019,143,19,670750,9572750,norte,0.0135,0,0,0
LJ500_R143_C020,143,20,671250,9572750,norte,14.1,69,0,0
LJ500_R143_C021,143,21,671750,9572750,norte,25.0,69,0,0
LJ500_R143_C022,143,22,672250,9572750,norte,25.0,69,1,1
LJ500_R143_C023,143,23,672750,9572750,norte,25.0,69,1,1
LJ500_R143_C024,143,24,673250,9572750,norte,25.0,69,1,1
LJ500_R143_C025,143,25,673750,9572750,norte,25.0,69,1,1
LJ500_R143_C026,143,26,674250,9572750,norte,25.0,69,1,1
LJ500_R143_C027,143,27,674750,9572750,norte,25.0,69,0,0
LJ500_R143_C028,143,28,675250,9572750,norte,25.0,69,0,0
LJ500_R143_C029,143,29,675750,9572750,norte,25.0,69,0,0
LJ500_R143_C030,143,30,676250,9572750,norte,25.0,69,1,1
LJ500_R143_C031,143,31,676750,9572750,norte,25.0,69,1,1
LJ500_R143_C032,143,32,677250,9572750,norte,25.0,69,1,1
LJ500_R143_C033,143,33,677750,9572750,norte,25.0,69,2,2
LJ500_R143_C034,143,34,678250,9572750,norte,25.0,69,2,2
LJ500_R143_C035,143,35,678750,9572750,norte,25.0,69,2,2
LJ500_R143_C036,143,36,679250,9572750,norte,25.0,69,0,0
LJ500_R143_C037,143,37,679750,9572750,norte,25.0,69,1,1
LJ500_R143_C038,143,38,680250,9572750,norte,25.0,69,1,1
LJ500_R143_C039,143,39,680750,9572750,norte,25.0,69,1,1
LJ500_R143_C040,143,40,681250,9572750,norte,25.0,69,0,0
LJ500_R143_C041,143,41,681750,9572750,norte,25.0,69,0,0
LJ500_R143_C042,143,42,682250,9572750,norte,25.0,69,0,0
LJ500_R143_C043,143,43,682750,9572750,norte,25.0,69,0,0
LJ500_R143_C044,143,44,683250,9572750,norte,25.0,69,0,0
LJ500_R143_C045,143,45,683750,9572750,norte,25.0,69,0,0
LJ500_R143_C046,143,46,684250,9572750,norte,25.0,69,0,0
LJ500_R143_C047,143,47,684750,9572750,norte,25.0,69,0,0
LJ500_R143_C048,143,48,685250,9572750,norte,25.0,69,1,1
LJ500_R143_C049,143,49,685750,9572750,norte,25.0,69,1,1
LJ500_R143_C050,143,50,686250,9572750,norte,25.0,69,1,1
LJ500_R143_C051,143,51,686750,9572750,norte,25.0,69,1,1
LJ500_R143_C052,143,52,687250,9572750,norte,25.0,69,1,1
LJ500_R143_C053,143,53,687750,9572750,norte,25.0,69,0,0
LJ500_R143_C054,143,54,688250,9572750,norte,25.0,69,0,0
LJ500_R143_C055,143,55,688750,9572750,norte,25.0,69,0,0
LJ500_R143_C056,143,56,689250,9572750,norte,25.0,69,0,0
LJ500_R143_C057,143,57,689750,9572750,norte,25.0,69,0,0
LJ500_R143_C058,143,58,690250,9572750,norte,25.0,69,0,0
LJ500_R143_C059,143,59,690750,9572750,norte,25.0,69,0,0
LJ500_R143_C060,143,60,691250,9572750,norte,25.0,69,0,0
LJ500_R143_C061,143,61,691750,9572750,norte,25.0,69,0,0
LJ500_R143_C062,143,62,692250,9572750,norte,25.0,69,0,0
LJ500_R143_C063,143,63,692750,9572750,norte,25.0,69,0,0
LJ500_R143_C064,143,64,693250,9572750,norte,25.0,69,0,0
LJ500_R143_C065,143,65,693750,9572750,norte,25.0,69,0,0
LJ500_R143_C066,143,66,694250,9572750,norte,25.0,69,0,0
LJ500_R143_C067,143,67,694750,9572750,norte,25.0,69,0,0
LJ500_R143_C068,143,68,695250,9572750,norte,25.0,69,0,0
LJ500_R143_C069,143,69,695750,9572750,norte,25.0,69,0,0
LJ500_R143_C070,143,70,696250,9572750,norte,25.0,69,0,0
LJ500_R143_C071,143,71,696750,9572750,norte,25.0,69,0,0
LJ500_R143_C072,143,72,697250,9572750,norte,25.0,69,1,1
LJ500_R143_C073,143,73,697750,9572750,norte,25.0,69,1,1
LJ500_R143_C074,143,74,698250,9572750,norte,25.0,69,1,1
LJ500_R143_C075,143,75,698750,9572750,norte,25.0,69,0,0
LJ500_R143_C076,143,76,699250,9572750,norte,25.0,69,1,1
LJ500_R143_C077,143,77,699750,9572750,norte,25.0,69,1,1
LJ500_R143_C078,143,78,700250,9572750,norte,25.0,69,1,1
LJ500_R143_C079,143,79,700750,9572750,norte,25.0,69,0,0
LJ500_R143_C080,143,80,701250,9572750,norte,25.0,69,0,0
LJ500_R143_C081,143,81,701750,9572750,norte,25.0,69,0,0
LJ500_R143_C082,143,82,702250,9572750,norte,25.0,69,0,0
LJ500_R143_C083,143,83,702750,9572750,norte,25.0,69,0,0
LJ500_R143_C084,143,84,703250,9572750,norte,25.0,69,0,0
LJ500_R143_C085,143,85,703750,9572750,norte,25.0,69,0,0
LJ500_R143_C086,143,86,704250,9572750,norte,25.0,69,0,0
LJ500_R143_C087,143,87,704750,9572750,norte,25.0,69,0,0
LJ500_R143_C088,143,88,705250,9572750,norte,25.0,69,0,0
LJ500_R143_C089,143,89,705750,9572750,norte,25.0,69,0,0
LJ500_R143_C090,143,90,706250,9572750,norte,25.0,69,0,0
LJ500_R143_C091,143,91,706750,9572750,norte,20.16,69,0,0
LJ500_R143_C092,143,92,707250,9572750,norte,1.1023,69,0,0
LJ500_R144_C019,144,19,670750,9573250,norte,6.9776,69,0,0
LJ500_R144_C020,144,20,671250,9573250,norte,25.0,69,0,0
LJ500_R144_C021,144,21,671750,9573250,norte,25.0,69,0,0
LJ500_R144_C022,144,22,672250,9573250,norte,25.0,69,1,1
LJ500_R144_C023,144,23,672750,9573250,norte,25.0,69,1,1
LJ500_R144_C024,144,24,673250,9573250,norte,25.0,69,1,1
LJ500_R144_C025,144,25,673750,9573250,norte,25.0,69,1,1
LJ500_R144_C026,144,26,674250,9573250,norte,25.0,69,1,1
LJ500_R144_C027,144,27,674750,9573250,norte,25.0,69,0,0
LJ500_R144_C028,144,28,675250,9573250,norte,25.0,69,1,1
LJ500_R144_C029,144,29,675750,9573250,norte,25.0,69,1,1
LJ500_R144_C030,144,30,676250,9573250,norte,25.0,69,1,1
LJ500_R144_C031,144,31,676750,9573250,norte,25.0,69,1,1
LJ500_R144_C032,144,32,677250,9573250,norte,25.0,69,1,1
LJ500_R144_C033,144,33,677750,9573250,norte,25.0,69,1,1
LJ500_R144_C034,144,34,678250,9573250,norte,25.0,69,3,3
LJ500_R144_C035,144,35,678750,9573250,norte,25.0,69,3,3
LJ500_R144_C036,144,36,679250,9573250,norte,25.0,69,1,1
LJ500_R144_C037,144,37,679750,9573250,norte,25.0,69,1,1
LJ500_R144_C038,144,38,680250,9573250,norte,25.0,69,1,1
LJ500_R144_C039,144,39,680750,9573250,norte,25.0,69,1,1
LJ500_R144_C040,144,40,681250,9573250,norte,25.0,69,0,0
LJ500_R144_C041,144,41,681750,9573250,norte,25.0,69,0,0
LJ500_R144_C042,144,42,682250,9573250,norte,25.0,69,0,0
LJ500_R144_C043,144,43,682750,9573250,norte,25.0,69,2,1
LJ500_R144_C044,144,44,683250,9573250,norte,25.0,69,2,1
LJ500_R144_C045,144,45,683750,9573250,norte,25.0,69,2,2
LJ500_R144_C046,144,46,684250,9573250,norte,25.0,69,2,2
LJ500_R144_C047,144,47,684750,9573250,norte,25.0,69,2,2
LJ500_R144_C048,144,48,685250,9573250,norte,25.0,69,2,2
LJ500_R144_C049,144,49,685750,9573250,norte,25.0,69,2,2
LJ500_R144_C050,144,50,686250,9573250,norte,25.0,69,3,3
LJ500_R144_C051,144,51,686750,9573250,norte,25.0,69,3,3
LJ500_R144_C052,144,52,687250,9573250,norte,25.0,69,3,3
LJ500_R144_C053,144,53,687750,9573250,norte,25.0,69,0,0
LJ500_R144_C054,144,54,688250,9573250,norte,25.0,69,0,0
LJ500_R144_C055,144,55,688750,9573250,norte,25.0,69,0,0
LJ500_R144_C056,144,56,689250,9573250,norte,25.0,69,0,0
LJ500_R144_C057,144,57,689750,9573250,norte,25.0,69,0,0
LJ500_R144_C058,144,58,690250,9573250,norte,25.0,69,0,0
LJ500_R144_C059,144,59,690750,9573250,norte,25.0,69,0,0
LJ500_R144_C060,144,60,691250,9573250,norte,25.0,69,0,0
LJ500_R144_C061,144,61,691750,9573250,norte,25.0,69,0,0
LJ500_R144_C062,144,62,692250,9573250,norte,25.0,69,0,0
LJ500_R144_C063,144,63,692750,9573250,norte,25.0,69,0,0
LJ500_R144_C064,144,64,693250,9573250,norte,25.0,69,0,0
LJ500_R144_C065,144,65,693750,9573250,norte,25.0,69,0,0
LJ500_R144_C066,144,66,694250,9573250,norte,25.0,69,0,0
LJ500_R144_C067,144,67,694750,9573250,norte,25.0,69,0,0
LJ500_R144_C068,144,68,695250,9573250,norte,25.0,69,0,0
LJ500_R144_C069,144,69,695750,9573250,norte,25.0,69,0,0
LJ500_R144_C070,144,70,696250,9573250,norte,25.0,69,0,0
LJ500_R144_C071,144,71,696750,9573250,norte,25.0,69,0,0
LJ500_R144_C072,144,72,697250,9573250,norte,25.0,69,0,0
LJ500_R144_C073,144,73,697750,9573250,norte,25.0,69,1,1
LJ500_R144_C074,144,74,698250,9573250,norte,25.0,69,1,1
LJ500_R144_C075,144,75,698750,9573250,norte,25.0,69,0,0
LJ500_R144_C076,144,76,699250,9573250,norte,25.0,69,1,1
LJ500_R144_C077,144,77,699750,9573250,norte,25.0,69,1,1
LJ500_R144_C078,144,78,700250,9573250,norte,25.0,69,1,1
LJ500_R144_C079,144,79,700750,9573250,norte,25.0,69,0,0
LJ500_R144_C080,144,80,701250,9573250,norte,25.0,69,0,0
LJ500_R144_C081,144,81,701750,9573250,norte,25.0,69,0,0
LJ500_R144_C082,144,82,702250,9573250,norte,25.0,69,0,0
LJ500_R144_C083,144,83,702750,9573250,norte,25.0,69,0,0
LJ500_R144_C084,144,84,703250,9573250,norte,25.0,69,0,0
LJ500_R144_C085,144,85,703750,9573250,norte,25.0,69,0,0
LJ500_R144_C086,144,86,704250,9573250,norte,25.0,69,0,0
LJ500_R144_C087,144,87,704750,9573250,norte,25.0,69,0,0
LJ500_R144_C088,144,88,705250,9573250,norte,25.0,69,0,0
LJ500_R144_C089,144,89,705750,9573250,norte,24.94,69,1,1
LJ500_R144_C090,144,90,706250,9573250,norte,12.39,69,1,1
LJ500_R144_C091,144,91,706750,9573250,norte,0.4997,69,0,0
LJ500_R145_C018,145,18,670250,9573750,norte,2.0589,69,0,0
LJ500_R145_C019,145,19,670750,9573750,norte,22.13,69,0,0
LJ500_R145_C020,145,20,671250,9573750,norte,25.0,69,0,0
LJ500_R145_C021,145,21,671750,9573750,norte,25.0,69,0,0
LJ500_R145_C022,145,22,672250,9573750,norte,25.0,69,0,0
LJ500_R145_C023,145,23,672750,9573750,norte,25.0,69,0,0
LJ500_R145_C024,145,24,673250,9573750,norte,25.0,69,0,0
LJ500_R145_C025,145,25,673750,9573750,norte,25.0,69,0,0
LJ500_R145_C026,145,26,674250,9573750,norte,25.0,69,0,0
LJ500_R145_C027,145,27,674750,9573750,norte,25.0,69,0,0
LJ500_R145_C028,145,28,675250,9573750,norte,25.0,69,1,1
LJ500_R145_C029,145,29,675750,9573750,norte,25.0,69,1,1
LJ500_R145_C030,145,30,676250,9573750,norte,25.0,69,1,1
LJ500_R145_C031,145,31,676750,9573750,norte,25.0,69,1,1
LJ500_R145_C032,145,32,677250,9573750,norte,25.0,69,1,1
LJ500_R145_C033,145,33,677750,9573750,norte,25.0,69,1,1
LJ500_R145_C034,145,34,678250,9573750,norte,25.0,69,1,1
LJ500_R145_C035,145,35,678750,9573750,norte,25.0,69,1,1
LJ500_R145_C036,145,36,679250,9573750,norte,25.0,69,1,1
LJ500_R145_C037,145,37,679750,9573750,norte,25.0,69,1,1
LJ500_R145_C038,145,38,680250,9573750,norte,25.0,69,0,0
LJ500_R145_C039,145,39,680750,9573750,norte,25.0,69,0,0
LJ500_R145_C040,145,40,681250,9573750,norte,25.0,69,0,0
LJ500_R145_C041,145,41,681750,9573750,norte,25.0,69,0,0
LJ500_R145_C042,145,42,682250,9573750,norte,25.0,69,0,0
LJ500_R145_C043,145,43,682750,9573750,norte,25.0,69,2,1
LJ500_R145_C044,145,44,683250,9573750,norte,25.0,69,2,1
LJ500_R145_C045,145,45,683750,9573750,norte,25.0,69,2,2
LJ500_R145_C046,145,46,684250,9573750,norte,25.0,69,2,2
LJ500_R145_C047,145,47,684750,9573750,norte,25.0,69,2,2
LJ500_R145_C048,145,48,685250,9573750,norte,25.0,69,1,1
LJ500_R145_C049,145,49,685750,9573750,norte,25.0,69,1,1
LJ500_R145_C050,145,50,686250,9573750,norte,25.0,69,2,2
LJ500_R145_C051,145,51,686750,9573750,norte,25.0,69,2,2
LJ500_R145_C052,145,52,687250,9573750,norte,25.0,69,2,2
LJ500_R145_C053,145,53,687750,9573750,norte,25.0,69,0,0
LJ500_R145_C054,145,54,688250,9573750,norte,25.0,69,0,0
LJ500_R145_C055,145,55,688750,9573750,norte,25.0,69,0,0
LJ500_R145_C056,145,56,689250,9573750,norte,25.0,69,0,0
LJ500_R145_C057,145,57,689750,9573750,norte,25.0,69,0,0
LJ500_R145_C058,145,58,690250,9573750,norte,25.0,69,0,0
LJ500_R145_C059,145,59,690750,9573750,norte,25.0,69,0,0
LJ500_R145_C060,145,60,691250,9573750,norte,25.0,69,0,0
LJ500_R145_C061,145,61,691750,9573750,norte,25.0,69,0,0
LJ500_R145_C062,145,62,692250,9573750,norte,25.0,69,0,0
LJ500_R145_C063,145,63,692750,9573750,norte,25.0,69,0,0
LJ500_R145_C064,145,64,693250,9573750,norte,25.0,69,0,0
LJ500_R145_C065,145,65,693750,9573750,norte,25.0,69,0,0
LJ500_R145_C066,145,66,694250,9573750,norte,25.0,69,0,0
LJ500_R145_C067,145,67,694750,9573750,norte,25.0,69,0,0
LJ500_R145_C068,145,68,695250,9573750,norte,25.0,69,0,0
LJ500_R145_C069,145,69,695750,9573750,norte,25.0,69,0,0
LJ500_R145_C070,145,70,696250,9573750,norte,25.0,69,0,0
LJ500_R145_C071,145,71,696750,9573750,norte,25.0,69,0,0
LJ500_R145_C072,145,72,697250,9573750,norte,25.0,69,0,0
LJ500_R145_C073,145,73,697750,9573750,norte,25.0,69,0,0
LJ500_R145_C074,145,74,698250,9573750,norte,25.0,69,0,0
LJ500_R145_C075,145,75,698750,9573750,norte,25.0,69,0,0
LJ500_R145_C076,145,76,699250,9573750,norte,25.0,69,0,0
LJ500_R145_C077,145,77,699750,9573750,norte,25.0,69,0,0
LJ500_R145_C078,145,78,700250,9573750,norte,25.0,69,0,0
LJ500_R145_C079,145,79,700750,9573750,norte,25.0,69,0,0
LJ500_R145_C080,145,80,701250,9573750,norte,25.0,69,0,0
LJ500_R145_C081,145,81,701750,9573750,norte,25.0,69,0,0
LJ500_R145_C082,145,82,702250,9573750,norte,25.0,69,0,0
LJ500_R145_C083,145,83,702750,9573750,norte,25.0,69,0,0
LJ500_R145_C084,145,84,703250,9573750,norte,25.0,69,0,0
LJ500_R145_C085,145,85,703750,9573750,norte,25.0,69,0,0
LJ500_R145_C086,145,86,704250,9573750,norte,25.0,69,0,0
LJ500_R145_C087,145,87,704750,9573750,norte,25.0,69,0,0
LJ500_R145_C088,145,88,705250,9573750,norte,25.0,69,0,0
LJ500_R145_C089,145,89,705750,9573750,norte,23.01,69,1,1
LJ500_R145_C090,145,90,706250,9573750,norte,0.4103,69,1,1
LJ500_R146_C015,146,15,668750,9574250,norte,0.4195,69,0,0
LJ500_R146_C016,146,16,669250,9574250,norte,4.8162,69,0,0
LJ500_R146_C017,146,17,669750,9574250,norte,10.32,69,0,0
LJ500_R146_C018,146,18,670250,9574250,norte,20.39,69,0,0
LJ500_R146_C019,146,19,670750,9574250,norte,25.0,69,0,0
LJ500_R146_C020,146,20,671250,9574250,norte,25.0,69,0,0
LJ500_R146_C021,146,21,671750,9574250,norte,25.0,69,0,0
LJ500_R146_C022,146,22,672250,9574250,norte,25.0,69,0,0
LJ500_R146_C023,146,23,672750,9574250,norte,25.0,69,0,0
LJ500_R146_C024,146,24,673250,9574250,norte,25.0,69,0,0
LJ500_R146_C025,146,25,673750,9574250,norte,25.0,69,0,0
LJ500_R146_C026,146,26,674250,9574250,norte,25.0,69,0,0
LJ500_R146_C027,146,27,674750,9574250,norte,25.0,69,0,0
LJ500_R146_C028,146,28,675250,9574250,norte,25.0,69,1,1
LJ500_R146_C029,146,29,675750,9574250,norte,25.0,69,1,1
LJ500_R146_C030,146,30,676250,9574250,norte,25.0,69,1,1
LJ500_R146_C031,146,31,676750,9574250,norte,25.0,69,1,1
LJ500_R146_C032,146,32,677250,9574250,norte,25.0,69,1,1
LJ500_R146_C033,146,33,677750,9574250,norte,25.0,69,1,1
LJ500_R146_C034,146,34,678250,9574250,norte,25.0,69,1,1
LJ500_R146_C035,146,35,678750,9574250,norte,25.0,69,0,0
LJ500_R146_C036,146,36,679250,9574250,norte,25.0,69,1,1
LJ500_R146_C037,146,37,679750,9574250,norte,25.0,69,1,1
LJ500_R146_C038,146,38,680250,9574250,norte,25.0,69,0,0
LJ500_R146_C039,146,39,680750,9574250,norte,25.0,69,0,0
LJ500_R146_C040,146,40,681250,9574250,norte,25.0,69,0,0
LJ500_R146_C041,146,41,681750,9574250,norte,25.0,69,2,2
LJ500_R146_C042,146,42,682250,9574250,norte,25.0,69,2,2
LJ500_R146_C043,146,43,682750,9574250,norte,25.0,69,4,3
LJ500_R146_C044,146,44,683250,9574250,norte,25.0,69,3,2
LJ500_R146_C045,146,45,683750,9574250,norte,25.0,69,3,3
LJ500_R146_C046,146,46,684250,9574250,norte,25.0,69,2,2
LJ500_R146_C047,146,47,684750,9574250,norte,25.0,69,2,2
LJ500_R146_C048,146,48,685250,9574250,norte,25.0,69,0,0
LJ500_R146_C049,146,49,685750,9574250,norte,25.0,69,1,1
LJ500_R146_C050,146,50,686250,9574250,norte,25.0,69,2,2
LJ500_R146_C051,146,51,686750,9574250,norte,25.0,69,2,2
LJ500_R146_C052,146,52,687250,9574250,norte,25.0,69,2,2
LJ500_R146_C053,146,53,687750,9574250,norte,25.0,69,0,0
LJ500_R146_C054,146,54,688250,9574250,norte,25.0,69,0,0
LJ500_R146_C055,146,55,688750,9574250,norte,25.0,69,0,0
LJ500_R146_C056,146,56,689250,9574250,norte,25.0,69,0,0
LJ500_R146_C057,146,57,689750,9574250,norte,25.0,69,0,0
LJ500_R146_C058,146,58,690250,9574250,norte,25.0,69,0,0
LJ500_R146_C059,146,59,690750,9574250,norte,25.0,69,0,0
LJ500_R146_C060,146,60,691250,9574250,norte,25.0,69,0,0
LJ500_R146_C061,146,61,691750,9574250,norte,25.0,69,0,0
LJ500_R146_C062,146,62,692250,9574250,norte,25.0,69,1,1
LJ500_R146_C063,146,63,692750,9574250,norte,25.0,69,1,1
LJ500_R146_C064,146,64,693250,9574250,norte,25.0,69,0,0
LJ500_R146_C065,146,65,693750,9574250,norte,25.0,69,0,0
LJ500_R146_C066,146,66,694250,9574250,norte,25.0,69,0,0
LJ500_R146_C067,146,67,694750,9574250,norte,25.0,69,1,1
LJ500_R146_C068,146,68,695250,9574250,norte,25.0,69,1,1
LJ500_R146_C069,146,69,695750,9574250,norte,25.0,69,1,1
LJ500_R146_C070,146,70,696250,9574250,norte,25.0,69,0,0
LJ500_R146_C071,146,71,696750,9574250,norte,25.0,69,0,0
LJ500_R146_C072,146,72,697250,9574250,norte,25.0,69,0,0
LJ500_R146_C073,146,73,697750,9574250,norte,25.0,69,0,0
LJ500_R146_C074,146,74,698250,9574250,norte,25.0,69,0,0
LJ500_R146_C075,146,75,698750,9574250,norte,25.0,69,0,0
LJ500_R146_C076,146,76,699250,9574250,norte,25.0,69,0,0
LJ500_R146_C077,146,77,699750,9574250,norte,25.0,69,0,0
LJ500_R146_C078,146,78,700250,9574250,norte,25.0,69,0,0
LJ500_R146_C079,146,79,700750,9574250,norte,25.0,69,0,0
LJ500_R146_C080,146,80,701250,9574250,norte,25.0,69,0,0
LJ500_R146_C081,146,81,701750,9574250,norte,25.0,69,0,0
LJ500_R146_C082,146,82,702250,9574250,norte,25.0,69,1,1
LJ500_R146_C083,146,83,702750,9574250,norte,25.0,69,1,1
LJ500_R146_C084,146,84,703250,9574250,norte,25.0,69,1,1
LJ500_R146_C085,146,85,703750,9574250,norte,25.0,69,0,0
LJ500_R146_C086,146,86,704250,9574250,norte,25.0,69,0,0
LJ500_R146_C087,146,87,704750,9574250,norte,25.0,69,0,0
LJ500_R146_C088,146,88,705250,9574250,norte,25.0,69,0,0
LJ500_R146_C089,146,89,705750,9574250,norte,25.0,69,1,1
LJ500_R146_C090,146,90,706250,9574250,norte,11.57,69,1,1
LJ500_R147_C013,147,13,667750,9574750,norte,0.6272,69,0,0
LJ500_R147_C014,147,14,668250,9574750,norte,9.2106,69,0,0
LJ500_R147_C015,147,15,668750,9574750,norte,21.18,69,0,0
LJ500_R147_C016,147,16,669250,9574750,norte,25.0,69,0,0
LJ500_R147_C017,147,17,669750,9574750,norte,25.0,69,0,0
LJ500_R147_C018,147,18,670250,9574750,norte,25.0,69,0,0
LJ500_R147_C019,147,19,670750,9574750,norte,25.0,69,0,0
LJ500_R147_C020,147,20,671250,9574750,norte,25.0,69,0,0
LJ500_R147_C021,147,21,671750,9574750,norte,25.0,69,0,0
LJ500_R147_C022,147,22,672250,9574750,norte,25.0,69,0,0
LJ500_R147_C023,147,23,672750,9574750,norte,25.0,69,0,0
LJ500_R147_C024,147,24,673250,9574750,norte,25.0,69,0,0
LJ500_R147_C025,147,25,673750,9574750,norte,25.0,69,0,0
LJ500_R147_C026,147,26,674250,9574750,norte,25.0,69,0,0
LJ500_R147_C027,147,27,674750,9574750,norte,25.0,69,0,0
LJ500_R147_C028,147,28,675250,9574750,norte,25.0,69,0,0
LJ500_R147_C029,147,29,675750,9574750,norte,25.0,69,0,0
LJ500_R147_C030,147,30,676250,9574750,norte,25.0,69,0,0
LJ500_R147_C031,147,31,676750,9574750,norte,25.0,69,0,0
LJ500_R147_C032,147,32,677250,9574750,norte,25.0,69,0,0
LJ500_R147_C033,147,33,677750,9574750,norte,25.0,69,0,0
LJ500_R147_C034,147,34,678250,9574750,norte,25.0,69,0,0
LJ500_R147_C035,147,35,678750,9574750,norte,25.0,69,0,0
LJ500_R147_C036,147,36,679250,9574750,norte,25.0,69,0,0
LJ500_R147_C037,147,37,679750,9574750,norte,25.0,69,0,0
LJ500_R147_C038,147,38,680250,9574750,norte,25.0,69,0,0
LJ500_R147_C039,147,39,680750,9574750,norte,25.0,69,0,0
LJ500_R147_C040,147,40,681250,9574750,norte,25.0,69,0,0
LJ500_R147_C041,147,41,681750,9574750,norte,25.0,69,2,2
LJ500_R147_C042,147,42,682250,9574750,norte,25.0,69,2,2
LJ500_R147_C043,147,43,682750,9574750,norte,25.0,69,4,3
LJ500_R147_C044,147,44,683250,9574750,norte,25.0,69,3,2
LJ500_R147_C045,147,45,683750,9574750,norte,25.0,69,3,3
LJ500_R147_C046,147,46,684250,9574750,norte,25.0,69,1,1
LJ500_R147_C047,147,47,684750,9574750,norte,25.0,69,1,1
LJ500_R147_C048,147,48,685250,9574750,norte,25.0,69,0,0
LJ500_R147_C049,147,49,685750,9574750,norte,25.0,69,0,0
LJ500_R147_C050,147,50,686250,9574750,norte,25.0,69,0,0
LJ500_R147_C051,147,51,686750,9574750,norte,25.0,69,2,2
LJ500_R147_C052,147,52,687250,9574750,norte,25.0,69,2,2
LJ500_R147_C053,147,53,687750,9574750,norte,25.0,69,0,0
LJ500_R147_C054,147,54,688250,9574750,norte,25.0,69,0,0
LJ500_R147_C055,147,55,688750,9574750,norte,25.0,69,0,0
LJ500_R147_C056,147,56,689250,9574750,norte,25.0,69,0,0
LJ500_R147_C057,147,57,689750,9574750,norte,25.0,69,0,0
LJ500_R147_C058,147,58,690250,9574750,norte,25.0,69,0,0
LJ500_R147_C059,147,59,690750,9574750,norte,25.0,69,0,0
LJ500_R147_C060,147,60,691250,9574750,norte,25.0,69,0,0
LJ500_R147_C061,147,61,691750,9574750,norte,25.0,69,0,0
LJ500_R147_C062,147,62,692250,9574750,norte,25.0,69,1,1
LJ500_R147_C063,147,63,692750,9574750,norte,25.0,69,1,1
LJ500_R147_C064,147,64,693250,9574750,norte,25.0,69,1,1
LJ500_R147_C065,147,65,693750,9574750,norte,25.0,69,0,0
LJ500_R147_C066,147,66,694250,9574750,norte,25.0,69,0,0
LJ500_R147_C067,147,67,694750,9574750,norte,25.0,69,1,1
LJ500_R147_C068,147,68,695250,9574750,norte,25.0,69,1,1
LJ500_R147_C069,147,69,695750,9574750,norte,25.0,69,1,1
LJ500_R147_C070,147,70,696250,9574750,norte,25.0,69,0,0
LJ500_R147_C071,147,71,696750,9574750,norte,25.0,69,0,0
LJ500_R147_C072,147,72,697250,9574750,norte,25.0,69,0,0
LJ500_R147_C073,147,73,697750,9574750,norte,25.0,69,0,0
LJ500_R147_C074,147,74,698250,9574750,norte,25.0,69,0,0
LJ500_R147_C075,147,75,698750,9574750,norte,25.0,69,0,0
LJ500_R147_C076,147,76,699250,9574750,norte,25.0,69,0,0
LJ500_R147_C077,147,77,699750,9574750,norte,25.0,69,0,0
LJ500_R147_C078,147,78,700250,9574750,norte,25.0,69,0,0
LJ500_R147_C079,147,79,700750,9574750,norte,25.0,69,0,0
LJ500_R147_C080,147,80,701250,9574750,norte,25.0,69,0,0
LJ500_R147_C081,147,81,701750,9574750,norte,25.0,69,0,0
LJ500_R147_C082,147,82,702250,9574750,norte,25.0,69,1,1
LJ500_R147_C083,147,83,702750,9574750,norte,25.0,69,1,1
LJ500_R147_C084,147,84,703250,9574750,norte,25.0,69,1,1
LJ500_R147_C085,147,85,703750,9574750,norte,25.0,69,0,0
LJ500_R147_C086,147,86,704250,9574750,norte,25.0,69,0,0
LJ500_R147_C087,147,87,704750,9574750,norte,25.0,69,0,0
LJ500_R147_C088,147,88,705250,9574750,norte,25.0,69,0,0
LJ500_R147_C089,147,89,705750,9574750,norte,25.0,69,0,0
LJ500_R147_C090,147,90,706250,9574750,norte,23.57,69,0,0
LJ500_R147_C091,147,91,706750,9574750,norte,0.2598,0,0,0
LJ500_R148_C011,148,11,666750,9575250,norte,1.7267,0,0,0
LJ500_R148_C012,148,12,667250,9575250,norte,0.044,0,0,0
LJ500_R148_C013,148,13,667750,9575250,norte,12.94,69,0,0
LJ500_R148_C014,148,14,668250,9575250,norte,25.0,69,0,0
LJ500_R148_C015,148,15,668750,9575250,norte,25.0,69,0,0
LJ500_R148_C016,148,16,669250,9575250,norte,25.0,69,0,0
LJ500_R148_C017,148,17,669750,9575250,norte,25.0,69,0,0
LJ500_R148_C018,148,18,670250,9575250,norte,25.0,69,0,0
LJ500_R148_C019,148,19,670750,9575250,norte,25.0,69,0,0
LJ500_R148_C020,148,20,671250,9575250,norte,25.0,69,0,0
LJ500_R148_C021,148,21,671750,9575250,norte,25.0,69,0,0
LJ500_R148_C022,148,22,672250,9575250,norte,25.0,69,0,0
LJ500_R148_C023,148,23,672750,9575250,norte,25.0,69,0,0
LJ500_R148_C024,148,24,673250,9575250,norte,25.0,69,0,0
LJ500_R148_C025,148,25,673750,9575250,norte,25.0,69,0,0
LJ500_R148_C026,148,26,674250,9575250,norte,25.0,69,0,0
LJ500_R148_C027,148,27,674750,9575250,norte,25.0,69,0,0
LJ500_R148_C028,148,28,675250,9575250,norte,25.0,69,0,0
LJ500_R148_C029,148,29,675750,9575250,norte,25.0,69,0,0
LJ500_R148_C030,148,30,676250,9575250,norte,25.0,69,0,0
LJ500_R148_C031,148,31,676750,9575250,norte,25.0,69,0,0
LJ500_R148_C032,148,32,677250,9575250,norte,25.0,69,0,0
LJ500_R148_C033,148,33,677750,9575250,norte,25.0,69,0,0
LJ500_R148_C034,148,34,678250,9575250,norte,25.0,69,0,0
LJ500_R148_C035,148,35,678750,9575250,norte,25.0,69,0,0
LJ500_R148_C036,148,36,679250,9575250,norte,25.0,69,0,0
LJ500_R148_C037,148,37,679750,9575250,norte,25.0,69,0,0
LJ500_R148_C038,148,38,680250,9575250,norte,25.0,69,1,1
LJ500_R148_C039,148,39,680750,9575250,norte,25.0,69,1,1
LJ500_R148_C040,148,40,681250,9575250,norte,25.0,69,1,1
LJ500_R148_C041,148,41,681750,9575250,norte,25.0,69,2,2
LJ500_R148_C042,148,42,682250,9575250,norte,25.0,69,2,2
LJ500_R148_C043,148,43,682750,9575250,norte,25.0,69,4,3
LJ500_R148_C044,148,44,683250,9575250,norte,25.0,69,3,2
LJ500_R148_C045,148,45,683750,9575250,norte,25.0,69,3,3
LJ500_R148_C046,148,46,684250,9575250,norte,25.0,69,1,1
LJ500_R148_C047,148,47,684750,9575250,norte,25.0,69,1,1
LJ500_R148_C048,148,48,685250,9575250,norte,25.0,69,0,0
LJ500_R148_C049,148,49,685750,9575250,norte,25.0,69,0,0
LJ500_R148_C050,148,50,686250,9575250,norte,25.0,69,0,0
LJ500_R148_C051,148,51,686750,9575250,norte,25.0,69,2,2
LJ500_R148_C052,148,52,687250,9575250,norte,25.0,69,2,2
LJ500_R148_C053,148,53,687750,9575250,norte,25.0,69,0,0
LJ500_R148_C054,148,54,688250,9575250,norte,25.0,69,1,1
LJ500_R148_C055,148,55,688750,9575250,norte,25.0,69,1,1
LJ500_R148_C056,148,56,689250,9575250,norte,25.0,69,1,1
LJ500_R148_C057,148,57,689750,9575250,norte,25.0,69,0,0
LJ500_R148_C058,148,58,690250,9575250,norte,25.0,69,1,1
LJ500_R148_C059,148,59,690750,9575250,norte,25.0,69,1,1
LJ500_R148_C060,148,60,691250,9575250,norte,25.0,69,1,1
LJ500_R148_C061,148,61,691750,9575250,norte,25.0,69,0,0
LJ500_R148_C062,148,62,692250,9575250,norte,25.0,69,2,2
LJ500_R148_C063,148,63,692750,9575250,norte,25.0,69,2,2
LJ500_R148_C064,148,64,693250,9575250,norte,25.0,69,2,2
LJ500_R148_C065,148,65,693750,9575250,norte,25.0,69,0,0
LJ500_R148_C066,148,66,694250,9575250,norte,25.0,69,0,0
LJ500_R148_C067,148,67,694750,9575250,norte,25.0,69,1,1
LJ500_R148_C068,148,68,695250,9575250,norte,25.0,69,1,1
LJ500_R148_C069,148,69,695750,9575250,norte,25.0,69,1,1
LJ500_R148_C070,148,70,696250,9575250,norte,25.0,69,0,0
LJ500_R148_C071,148,71,696750,9575250,norte,25.0,69,0,0
LJ500_R148_C072,148,72,697250,9575250,norte,25.0,69,0,0
LJ500_R148_C073,148,73,697750,9575250,norte,25.0,69,0,0
LJ500_R148_C074,148,74,698250,9575250,norte,25.0,69,0,0
LJ500_R148_C075,148,75,698750,9575250,norte,25.0,69,0,0
LJ500_R148_C076,148,76,699250,9575250,norte,25.0,69,0,0
LJ500_R148_C077,148,77,699750,9575250,norte,25.0,69,0,0
LJ500_R148_C078,148,78,700250,9575250,norte,25.0,69,0,0
LJ500_R148_C079,148,79,700750,9575250,norte,25.0,69,0,0
LJ500_R148_C080,148,80,701250,9575250,norte,25.0,69,0,0
LJ500_R148_C081,148,81,701750,9575250,norte,25.0,69,0,0
LJ500_R148_C082,148,82,702250,9575250,norte,25.0,69,1,1
LJ500_R148_C083,148,83,702750,9575250,norte,25.0,69,1,1
LJ500_R148_C084,148,84,703250,9575250,norte,25.0,69,1,1
LJ500_R148_C085,148,85,703750,9575250,norte,25.0,69,0,0
LJ500_R148_C086,148,86,704250,9575250,norte,25.0,69,0,0
LJ500_R148_C087,148,87,704750,9575250,norte,25.0,69,0,0
LJ500_R148_C088,148,88,705250,9575250,norte,25.0,69,0,0
LJ500_R148_C089,148,89,705750,9575250,norte,25.0,69,0,0
LJ500_R148_C090,148,90,706250,9575250,norte,24.5,69,0,0
LJ500_R148_C091,148,91,706750,9575250,norte,0.4155,69,0,0
LJ500_R149_C009,149,9,665750,9575750,norte,5.3064,69,1,1
LJ500_R149_C010,149,10,666250,9575750,norte,11.42,69,2,2
LJ500_R149_C011,149,11,666750,9575750,norte,23.08,69,2,2
LJ500_R149_C012,149,12,667250,9575750,norte,22.94,69,2,2
LJ500_R149_C013,149,13,667750,9575750,norte,25.0,69,0,0
LJ500_R149_C014,149,14,668250,9575750,norte,25.0,69,0,0
LJ500_R149_C015,149,15,668750,9575750,norte,25.0,69,0,0
LJ500_R149_C016,149,16,669250,9575750,norte,25.0,69,0,0
LJ500_R149_C017,149,17,669750,9575750,norte,25.0,69,0,0
LJ500_R149_C018,149,18,670250,9575750,norte,25.0,69,0,0
LJ500_R149_C019,149,19,670750,9575750,norte,25.0,69,0,0
LJ500_R149_C020,149,20,671250,9575750,norte,25.0,69,0,0
LJ500_R149_C021,149,21,671750,9575750,norte,25.0,69,0,0
LJ500_R149_C022,149,22,672250,9575750,norte,25.0,69,0,0
LJ500_R149_C023,149,23,672750,9575750,norte,25.0,69,0,0
LJ500_R149_C024,149,24,673250,9575750,norte,25.0,69,0,0
LJ500_R149_C025,149,25,673750,9575750,norte,25.0,69,0,0
LJ500_R149_C026,149,26,674250,9575750,norte,25.0,69,0,0
LJ500_R149_C027,149,27,674750,9575750,norte,25.0,69,0,0
LJ500_R149_C028,149,28,675250,9575750,norte,25.0,69,0,0
LJ500_R149_C029,149,29,675750,9575750,norte,25.0,69,0,0
LJ500_R149_C030,149,30,676250,9575750,norte,25.0,69,0,0
LJ500_R149_C031,149,31,676750,9575750,norte,25.0,69,0,0
LJ500_R149_C032,149,32,677250,9575750,norte,25.0,69,0,0
LJ500_R149_C033,149,33,677750,9575750,norte,25.0,69,0,0
LJ500_R149_C034,149,34,678250,9575750,norte,25.0,69,0,0
LJ500_R149_C035,149,35,678750,9575750,norte,25.0,69,0,0
LJ500_R149_C036,149,36,679250,9575750,norte,25.0,69,0,0
LJ500_R149_C037,149,37,679750,9575750,norte,25.0,69,0,0
LJ500_R149_C038,149,38,680250,9575750,norte,25.0,69,1,1
LJ500_R149_C039,149,39,680750,9575750,norte,25.0,69,1,1
LJ500_R149_C040,149,40,681250,9575750,norte,25.0,69,1,1
LJ500_R149_C041,149,41,681750,9575750,norte,25.0,69,0,0
LJ500_R149_C042,149,42,682250,9575750,norte,25.0,69,0,0
LJ500_R149_C043,149,43,682750,9575750,norte,25.0,69,1,1
LJ500_R149_C044,149,44,683250,9575750,norte,25.0,69,1,1
LJ500_R149_C045,149,45,683750,9575750,norte,25.0,69,1,1
LJ500_R149_C046,149,46,684250,9575750,norte,25.0,69,0,0
LJ500_R149_C047,149,47,684750,9575750,norte,25.0,69,0,0
LJ500_R149_C048,149,48,685250,9575750,norte,25.0,69,0,0
LJ500_R149_C049,149,49,685750,9575750,norte,25.0,69,0,0
LJ500_R149_C050,149,50,686250,9575750,norte,25.0,69,0,0
LJ500_R149_C051,149,51,686750,9575750,norte,25.0,69,0,0
LJ500_R149_C052,149,52,687250,9575750,norte,25.0,69,0,0
LJ500_R149_C053,149,53,687750,9575750,norte,25.0,69,0,0
LJ500_R149_C054,149,54,688250,9575750,norte,25.0,69,1,1
LJ500_R149_C055,149,55,688750,9575750,norte,25.0,69,1,1
LJ500_R149_C056,149,56,689250,9575750,norte,25.0,69,1,1
LJ500_R149_C057,149,57,689750,9575750,norte,25.0,69,0,0
LJ500_R149_C058,149,58,690250,9575750,norte,25.0,69,1,1
LJ500_R149_C059,149,59,690750,9575750,norte,25.0,69,1,1
LJ500_R149_C060,149,60,691250,9575750,norte,25.0,69,1,1
LJ500_R149_C061,149,61,691750,9575750,norte,25.0,69,0,0
LJ500_R149_C062,149,62,692250,9575750,norte,25.0,69,1,1
LJ500_R149_C063,149,63,692750,9575750,norte,25.0,69,1,1
LJ500_R149_C064,149,64,693250,9575750,norte,25.0,69,1,1
LJ500_R149_C065,149,65,693750,9575750,norte,25.0,69,0,0
LJ500_R149_C066,149,66,694250,9575750,norte,25.0,69,0,0
LJ500_R149_C067,149,67,694750,9575750,norte,25.0,69,0,0
LJ500_R149_C068,149,68,695250,9575750,norte,25.0,69,0,0
LJ500_R149_C069,149,69,695750,9575750,norte,25.0,69,0,0
LJ500_R149_C070,149,70,696250,9575750,norte,25.0,69,0,0
LJ500_R149_C071,149,71,696750,9575750,norte,25.0,69,0,0
LJ500_R149_C072,149,72,697250,9575750,norte,25.0,69,0,0
LJ500_R149_C073,149,73,697750,9575750,norte,25.0,69,0,0
LJ500_R149_C074,149,74,698250,9575750,norte,25.0,69,0,0
LJ500_R149_C075,149,75,698750,9575750,norte,25.0,69,0,0
LJ500_R149_C076,149,76,699250,9575750,norte,25.0,69,0,0
LJ500_R149_C077,149,77,699750,9575750,norte,25.0,69,0,0
LJ500_R149_C078,149,78,700250,9575750,norte,25.0,69,0,0
LJ500_R149_C079,149,79,700750,9575750,norte,25.0,69,0,0
LJ500_R149_C080,149,80,701250,9575750,norte,25.0,69,0,0
LJ500_R149_C081,149,81,701750,9575750,norte,25.0,69,0,0
LJ500_R149_C082,149,82,702250,9575750,norte,25.0,69,0,0
LJ500_R149_C083,149,83,702750,9575750,norte,25.0,69,0,0
LJ500_R149_C084,149,84,703250,9575750,norte,25.0,69,0,0
LJ500_R149_C085,149,85,703750,9575750,norte,25.0,69,0,0
LJ500_R149_C086,149,86,704250,9575750,norte,25.0,69,0,0
LJ500_R149_C087,149,87,704750,9575750,norte,25.0,69,0,0
LJ500_R149_C088,149,88,705250,9575750,norte,25.0,69,0,0
LJ500_R149_C089,149,89,705750,9575750,norte,25.0,69,0,0
LJ500_R149_C090,149,90,706250,9575750,norte,19.94,69,0,0
LJ500_R150_C006,150,6,664250,9576250,norte,0.0697,0,0,0
LJ500_R150_C007,150,7,664750,9576250,norte,12.51,69,0,0
LJ500_R150_C008,150,8,665250,9576250,norte,22.85,69,1,1
LJ500_R150_C009,150,9,665750,9576250,norte,24.96,69,1,1
LJ500_R150_C010,150,10,666250,9576250,norte,25.0,69,2,2
LJ500_R150_C011,150,11,666750,9576250,norte,25.0,69,2,2
LJ500_R150_C012,150,12,667250,9576250,norte,25.0,69,2,2
LJ500_R150_C013,150,13,667750,9576250,norte,25.0,69,0,0
LJ500_R150_C014,150,14,668250,9576250,norte,25.0,69,0,0
LJ500_R150_C015,150,15,668750,9576250,norte,25.0,69,0,0
LJ500_R150_C016,150,16,669250,9576250,norte,25.0,69,0,0
LJ500_R150_C017,150,17,669750,9576250,norte,25.0,69,0,0
LJ500_R150_C018,150,18,670250,9576250,norte,25.0,69,0,0
LJ500_R150_C019,150,19,670750,9576250,norte,25.0,69,0,0
LJ500_R150_C020,150,20,671250,9576250,norte,25.0,69,0,0
LJ500_R150_C021,150,21,671750,9576250,norte,25.0,69,0,0
LJ500_R150_C022,150,22,672250,9576250,norte,25.0,69,0,0
LJ500_R150_C023,150,23,672750,9576250,norte,25.0,69,0,0
LJ500_R150_C024,150,24,673250,9576250,norte,25.0,69,0,0
LJ500_R150_C025,150,25,673750,9576250,norte,25.0,69,0,0
LJ500_R150_C026,150,26,674250,9576250,norte,25.0,69,0,0
LJ500_R150_C027,150,27,674750,9576250,norte,25.0,69,0,0
LJ500_R150_C028,150,28,675250,9576250,norte,25.0,69,0,0
LJ500_R150_C029,150,29,675750,9576250,norte,25.0,69,0,0
LJ500_R150_C030,150,30,676250,9576250,norte,25.0,69,0,0
LJ500_R150_C031,150,31,676750,9576250,norte,25.0,69,0,0
LJ500_R150_C032,150,32,677250,9576250,norte,25.0,69,2,2
LJ500_R150_C033,150,33,677750,9576250,norte,25.0,69,2,2
LJ500_R150_C034,150,34,678250,9576250,norte,25.0,69,2,2
LJ500_R150_C035,150,35,678750,9576250,norte,25.0,69,1,1
LJ500_R150_C036,150,36,679250,9576250,norte,25.0,69,1,1
LJ500_R150_C037,150,37,679750,9576250,norte,25.0,69,0,0
LJ500_R150_C038,150,38,680250,9576250,norte,25.0,69,3,3
LJ500_R150_C039,150,39,680750,9576250,norte,25.0,69,3,3
LJ500_R150_C040,150,40,681250,9576250,norte,25.0,69,4,4
LJ500_R150_C041,150,41,681750,9576250,norte,25.0,69,1,1
LJ500_R150_C042,150,42,682250,9576250,norte,25.0,69,2,2
LJ500_R150_C043,150,43,682750,9576250,norte,25.0,69,2,2
LJ500_R150_C044,150,44,683250,9576250,norte,25.0,69,1,1
LJ500_R150_C045,150,45,683750,9576250,norte,25.0,69,2,2
LJ500_R150_C046,150,46,684250,9576250,norte,25.0,69,1,1
LJ500_R150_C047,150,47,684750,9576250,norte,25.0,69,1,1
LJ500_R150_C048,150,48,685250,9576250,norte,25.0,69,0,0
LJ500_R150_C049,150,49,685750,9576250,norte,25.0,69,0,0
LJ500_R150_C050,150,50,686250,9576250,norte,25.0,69,0,0
LJ500_R150_C051,150,51,686750,9576250,norte,25.0,69,0,0
LJ500_R150_C052,150,52,687250,9576250,norte,25.0,69,0,0
LJ500_R150_C053,150,53,687750,9576250,norte,25.0,69,0,0
LJ500_R150_C054,150,54,688250,9576250,norte,25.0,69,0,0
LJ500_R150_C055,150,55,688750,9576250,norte,25.0,69,1,1
LJ500_R150_C056,150,56,689250,9576250,norte,25.0,69,1,1
LJ500_R150_C057,150,57,689750,9576250,norte,25.0,69,0,0
LJ500_R150_C058,150,58,690250,9576250,norte,25.0,69,1,1
LJ500_R150_C059,150,59,690750,9576250,norte,25.0,69,1,1
LJ500_R150_C060,150,60,691250,9576250,norte,25.0,69,1,1
LJ500_R150_C061,150,61,691750,9576250,norte,25.0,69,0,0
LJ500_R150_C062,150,62,692250,9576250,norte,25.0,69,1,1
LJ500_R150_C063,150,63,692750,9576250,norte,25.0,69,1,1
LJ500_R150_C064,150,64,693250,9576250,norte,25.0,69,1,1
LJ500_R150_C065,150,65,693750,9576250,norte,25.0,69,0,0
LJ500_R150_C066,150,66,694250,9576250,norte,25.0,69,0,0
LJ500_R150_C067,150,67,694750,9576250,norte,25.0,69,0,0
LJ500_R150_C068,150,68,695250,9576250,norte,25.0,69,0,0
LJ500_R150_C069,150,69,695750,9576250,norte,25.0,69,0,0
LJ500_R150_C070,150,70,696250,9576250,norte,25.0,69,0,0
LJ500_R150_C071,150,71,696750,9576250,norte,25.0,69,0,0
LJ500_R150_C072,150,72,697250,9576250,norte,25.0,69,0,0
LJ500_R150_C073,150,73,697750,9576250,norte,25.0,69,0,0
LJ500_R150_C074,150,74,698250,9576250,norte,25.0,69,0,0
LJ500_R150_C075,150,75,698750,9576250,norte,25.0,69,0,0
LJ500_R150_C076,150,76,699250,9576250,norte,25.0,69,0,0
LJ500_R150_C077,150,77,699750,9576250,norte,25.0,69,0,0
LJ500_R150_C078,150,78,700250,9576250,norte,25.0,69,0,0
LJ500_R150_C079,150,79,700750,9576250,norte,25.0,69,0,0
LJ500_R150_C080,150,80,701250,9576250,norte,25.0,69,0,0
LJ500_R150_C081,150,81,701750,9576250,norte,25.0,69,0,0
LJ500_R150_C082,150,82,702250,9576250,norte,25.0,69,0,0
LJ500_R150_C083,150,83,702750,9576250,norte,25.0,69,0,0
LJ500_R150_C084,150,84,703250,9576250,norte,25.0,69,0,0
LJ500_R150_C085,150,85,703750,9576250,norte,25.0,69,0,0
LJ500_R150_C086,150,86,704250,9576250,norte,25.0,69,0,0
LJ500_R150_C087,150,87,704750,9576250,norte,25.0,69,0,0
LJ500_R150_C088,150,88,705250,9576250,norte,25.0,69,0,0
LJ500_R150_C089,150,89,705750,9576250,norte,25.0,69,0,0
LJ500_R150_C090,150,90,706250,9576250,norte,14.37,69,0,0
LJ500_R151_C005,151,5,663750,9576750,norte,1.1091,69,0,0
LJ500_R151_C006,151,6,664250,9576750,norte,18.45,69,0,0
LJ500_R151_C007,151,7,664750,9576750,norte,25.0,69,0,0
LJ500_R151_C008,151,8,665250,9576750,norte,25.0,69,0,0
LJ500_R151_C009,151,9,665750,9576750,norte,25.0,69,0,0
LJ500_R151_C010,151,10,666250,9576750,norte,25.0,69,0,0
LJ500_R151_C011,151,11,666750,9576750,norte,25.0,69,0,0
LJ500_R151_C012,151,12,667250,9576750,norte,25.0,69,0,0
LJ500_R151_C013,151,13,667750,9576750,norte,25.0,69,0,0
LJ500_R151_C014,151,14,668250,9576750,norte,25.0,69,0,0
LJ500_R151_C015,151,15,668750,9576750,norte,25.0,69,0,0
LJ500_R151_C016,151,16,669250,9576750,norte,25.0,69,0,0
LJ500_R151_C017,151,17,669750,9576750,norte,25.0,69,0,0
LJ500_R151_C018,151,18,670250,9576750,norte,25.0,69,0,0
LJ500_R151_C019,151,19,670750,9576750,norte,25.0,69,0,0
LJ500_R151_C020,151,20,671250,9576750,norte,25.0,69,0,0
LJ500_R151_C021,151,21,671750,9576750,norte,25.0,69,0,0
LJ500_R151_C022,151,22,672250,9576750,norte,25.0,69,0,0
LJ500_R151_C023,151,23,672750,9576750,norte,25.0,69,0,0
LJ500_R151_C024,151,24,673250,9576750,norte,25.0,69,0,0
LJ500_R151_C025,151,25,673750,9576750,norte,25.0,69,0,0
LJ500_R151_C026,151,26,674250,9576750,norte,25.0,69,0,0
LJ500_R151_C027,151,27,674750,9576750,norte,25.0,69,0,0
LJ500_R151_C028,151,28,675250,9576750,norte,25.0,69,0,0
LJ500_R151_C029,151,29,675750,9576750,norte,25.0,69,0,0
LJ500_R151_C030,151,30,676250,9576750,norte,25.0,69,0,0
LJ500_R151_C031,151,31,676750,9576750,norte,25.0,69,0,0
LJ500_R151_C032,151,32,677250,9576750,norte,25.0,69,2,2
LJ500_R151_C033,151,33,677750,9576750,norte,25.0,69,2,2
LJ500_R151_C034,151,34,678250,9576750,norte,25.0,69,2,2
LJ500_R151_C035,151,35,678750,9576750,norte,25.0,69,1,1
LJ500_R151_C036,151,36,679250,9576750,norte,25.0,69,1,1
LJ500_R151_C037,151,37,679750,9576750,norte,25.0,69,0,0
LJ500_R151_C038,151,38,680250,9576750,norte,25.0,69,2,2
LJ500_R151_C039,151,39,680750,9576750,norte,25.0,69,2,2
LJ500_R151_C040,151,40,681250,9576750,norte,25.0,69,3,3
LJ500_R151_C041,151,41,681750,9576750,norte,25.0,69,1,1
LJ500_R151_C042,151,42,682250,9576750,norte,25.0,69,2,2
LJ500_R151_C043,151,43,682750,9576750,norte,25.0,69,1,1
LJ500_R151_C044,151,44,683250,9576750,norte,25.0,69,1,1
LJ500_R151_C045,151,45,683750,9576750,norte,25.0,69,1,1
LJ500_R151_C046,151,46,684250,9576750,norte,25.0,69,1,1
LJ500_R151_C047,151,47,684750,9576750,norte,25.0,69,1,1
LJ500_R151_C048,151,48,685250,9576750,norte,25.0,69,0,0
LJ500_R151_C049,151,49,685750,9576750,norte,25.0,69,0,0
LJ500_R151_C050,151,50,686250,9576750,norte,25.0,69,0,0
LJ500_R151_C051,151,51,686750,9576750,norte,25.0,69,0,0
LJ500_R151_C052,151,52,687250,9576750,norte,25.0,69,0,0
LJ500_R151_C053,151,53,687750,9576750,norte,25.0,69,0,0
LJ500_R151_C054,151,54,688250,9576750,norte,25.0,69,0,0
LJ500_R151_C055,151,55,688750,9576750,norte,25.0,69,0,0
LJ500_R151_C056,151,56,689250,9576750,norte,25.0,69,0,0
LJ500_R151_C057,151,57,689750,9576750,norte,25.0,69,0,0
LJ500_R151_C058,151,58,690250,9576750,norte,25.0,69,0,0
LJ500_R151_C059,151,59,690750,9576750,norte,25.0,69,0,0
LJ500_R151_C060,151,60,691250,9576750,norte,25.0,69,0,0
LJ500_R151_C061,151,61,691750,9576750,norte,25.0,69,0,0
LJ500_R151_C062,151,62,692250,9576750,norte,25.0,69,1,1
LJ500_R151_C063,151,63,692750,9576750,norte,25.0,69,1,1
LJ500_R151_C064,151,64,693250,9576750,norte,25.0,69,1,1
LJ500_R151_C065,151,65,693750,9576750,norte,25.0,69,0,0
LJ500_R151_C066,151,66,694250,9576750,norte,25.0,69,0,0
LJ500_R151_C067,151,67,694750,9576750,norte,25.0,69,0,0
LJ500_R151_C068,151,68,695250,9576750,norte,25.0,69,0,0
LJ500_R151_C069,151,69,695750,9576750,norte,25.0,69,0,0
LJ500_R151_C070,151,70,696250,9576750,norte,25.0,69,0,0
LJ500_R151_C071,151,71,696750,9576750,norte,25.0,69,0,0
LJ500_R151_C072,151,72,697250,9576750,norte,25.0,69,0,0
LJ500_R151_C073,151,73,697750,9576750,norte,25.0,69,0,0
LJ500_R151_C074,151,74,698250,9576750,norte,25.0,69,0,0
LJ500_R151_C075,151,75,698750,9576750,norte,25.0,69,0,0
LJ500_R151_C076,151,76,699250,9576750,norte,25.0,69,0,0
LJ500_R151_C077,151,77,699750,9576750,norte,25.0,69,0,0
LJ500_R151_C078,151,78,700250,9576750,norte,25.0,69,0,0
LJ500_R151_C079,151,79,700750,9576750,norte,25.0,69,0,0
LJ500_R151_C080,151,80,701250,9576750,norte,25.0,69,0,0
LJ500_R151_C081,151,81,701750,9576750,norte,25.0,69,0,0
LJ500_R151_C082,151,82,702250,9576750,norte,25.0,69,0,0
LJ500_R151_C083,151,83,702750,9576750,norte,25.0,69,0,0
LJ500_R151_C084,151,84,703250,9576750,norte,25.0,69,0,0
LJ500_R151_C085,151,85,703750,9576750,norte,25.0,69,0,0
LJ500_R151_C086,151,86,704250,9576750,norte,25.0,69,0,0
LJ500_R151_C087,151,87,704750,9576750,norte,25.0,69,0,0
LJ500_R151_C088,151,88,705250,9576750,norte,25.0,69,0,0
LJ500_R151_C089,151,89,705750,9576750,norte,25.0,69,0,0
LJ500_R151_C090,151,90,706250,9576750,norte,12.37,69,0,0
LJ500_R152_C005,152,5,663750,9577250,norte,8.3979,69,0,0
LJ500_R152_C006,152,6,664250,9577250,norte,25.0,69,0,0
LJ500_R152_C007,152,7,664750,9577250,norte,25.0,69,0,0
LJ500_R152_C008,152,8,665250,9577250,norte,25.0,69,0,0
LJ500_R152_C009,152,9,665750,9577250,norte,25.0,69,0,0
LJ500_R152_C010,152,10,666250,9577250,norte,25.0,69,0,0
LJ500_R152_C011,152,11,666750,9577250,norte,25.0,69,0,0
LJ500_R152_C012,152,12,667250,9577250,norte,25.0,69,0,0
LJ500_R152_C013,152,13,667750,9577250,norte,25.0,69,0,0
LJ500_R152_C014,152,14,668250,9577250,norte,25.0,69,0,0
LJ500_R152_C015,152,15,668750,9577250,norte,25.0,69,0,0
LJ500_R152_C016,152,16,669250,9577250,norte,25.0,69,0,0
LJ500_R152_C017,152,17,669750,9577250,norte,25.0,69,0,0
LJ500_R152_C018,152,18,670250,9577250,norte,25.0,69,0,0
LJ500_R152_C019,152,19,670750,9577250,norte,25.0,69,0,0
LJ500_R152_C020,152,20,671250,9577250,norte,25.0,69,0,0
LJ500_R152_C021,152,21,671750,9577250,norte,25.0,69,0,0
LJ500_R152_C022,152,22,672250,9577250,norte,25.0,69,0,0
LJ500_R152_C023,152,23,672750,9577250,norte,25.0,69,0,0
LJ500_R152_C024,152,24,673250,9577250,norte,25.0,69,0,0
LJ500_R152_C025,152,25,673750,9577250,norte,25.0,69,0,0
LJ500_R152_C026,152,26,674250,9577250,norte,25.0,69,0,0
LJ500_R152_C027,152,27,674750,9577250,norte,25.0,69,0,0
LJ500_R152_C028,152,28,675250,9577250,norte,25.0,69,0,0
LJ500_R152_C029,152,29,675750,9577250,norte,25.0,69,0,0
LJ500_R152_C030,152,30,676250,9577250,norte,25.0,69,0,0
LJ500_R152_C031,152,31,676750,9577250,norte,25.0,69,1,1
LJ500_R152_C032,152,32,677250,9577250,norte,25.0,69,3,3
LJ500_R152_C033,152,33,677750,9577250,norte,25.0,69,2,2
LJ500_R152_C034,152,34,678250,9577250,norte,25.0,69,2,2
LJ500_R152_C035,152,35,678750,9577250,norte,25.0,69,1,1
LJ500_R152_C036,152,36,679250,9577250,norte,25.0,69,1,1
LJ500_R152_C037,152,37,679750,9577250,norte,25.0,69,0,0
LJ500_R152_C038,152,38,680250,9577250,norte,25.0,69,1,1
LJ500_R152_C039,152,39,680750,9577250,norte,25.0,69,1,1
LJ500_R152_C040,152,40,681250,9577250,norte,25.0,69,3,3
LJ500_R152_C041,152,41,681750,9577250,norte,25.0,69,3,3
LJ500_R152_C042,152,42,682250,9577250,norte,25.0,69,3,3
LJ500_R152_C043,152,43,682750,9577250,norte,25.0,69,1,1
LJ500_R152_C044,152,44,683250,9577250,norte,25.0,69,1,1
LJ500_R152_C045,152,45,683750,9577250,norte,25.0,69,1,1
LJ500_R152_C046,152,46,684250,9577250,norte,25.0,69,1,1
LJ500_R152_C047,152,47,684750,9577250,norte,25.0,69,1,1
LJ500_R152_C048,152,48,685250,9577250,norte,25.0,69,0,0
LJ500_R152_C049,152,49,685750,9577250,norte,25.0,69,0,0
LJ500_R152_C050,152,50,686250,9577250,norte,25.0,69,0,0
LJ500_R152_C051,152,51,686750,9577250,norte,25.0,69,0,0
LJ500_R152_C052,152,52,687250,9577250,norte,25.0,69,0,0
LJ500_R152_C053,152,53,687750,9577250,norte,25.0,69,0,0
LJ500_R152_C054,152,54,688250,9577250,norte,25.0,69,0,0
LJ500_R152_C055,152,55,688750,9577250,norte,25.0,69,0,0
LJ500_R152_C056,152,56,689250,9577250,norte,25.0,69,0,0
LJ500_R152_C057,152,57,689750,9577250,norte,25.0,69,0,0
LJ500_R152_C058,152,58,690250,9577250,norte,25.0,69,0,0
LJ500_R152_C059,152,59,690750,9577250,norte,25.0,69,0,0
LJ500_R152_C060,152,60,691250,9577250,norte,25.0,69,0,0
LJ500_R152_C061,152,61,691750,9577250,norte,25.0,69,0,0
LJ500_R152_C062,152,62,692250,9577250,norte,25.0,69,0,0
LJ500_R152_C063,152,63,692750,9577250,norte,25.0,69,0,0
LJ500_R152_C064,152,64,693250,9577250,norte,25.0,69,2,2
LJ500_R152_C065,152,65,693750,9577250,norte,25.0,69,2,2
LJ500_R152_C066,152,66,694250,9577250,norte,25.0,69,2,2
LJ500_R152_C067,152,67,694750,9577250,norte,25.0,69,0,0
LJ500_R152_C068,152,68,695250,9577250,norte,25.0,69,0,0
LJ500_R152_C069,152,69,695750,9577250,norte,25.0,69,0,0
LJ500_R152_C070,152,70,696250,9577250,norte,25.0,69,0,0
LJ500_R152_C071,152,71,696750,9577250,norte,25.0,69,0,0
LJ500_R152_C072,152,72,697250,9577250,norte,25.0,69,0,0
LJ500_R152_C073,152,73,697750,9577250,norte,25.0,69,1,1
LJ500_R152_C074,152,74,698250,9577250,norte,25.0,69,1,1
LJ500_R152_C075,152,75,698750,9577250,norte,25.0,69,1,1
LJ500_R152_C076,152,76,699250,9577250,norte,25.0,69,0,0
LJ500_R152_C077,152,77,699750,9577250,norte,25.0,69,0,0
LJ500_R152_C078,152,78,700250,9577250,norte,25.0,69,0,0
LJ500_R152_C079,152,79,700750,9577250,norte,25.0,69,1,1
LJ500_R152_C080,152,80,701250,9577250,norte,25.0,69,1,1
LJ500_R152_C081,152,81,701750,9577250,norte,25.0,69,1,1
LJ500_R152_C082,152,82,702250,9577250,norte,25.0,69,1,1
LJ500_R152_C083,152,83,702750,9577250,norte,25.0,69,1,1
LJ500_R152_C084,152,84,703250,9577250,norte,25.0,69,0,0
LJ500_R152_C085,152,85,703750,9577250,norte,25.0,69,0,0
LJ500_R152_C086,152,86,704250,9577250,norte,25.0,69,0,0
LJ500_R152_C087,152,87,704750,9577250,norte,25.0,69,0,0
LJ500_R152_C088,152,88,705250,9577250,norte,24.96,69,0,0
LJ500_R152_C089,152,89,705750,9577250,norte,21.49,69,0,0
LJ500_R152_C090,152,90,706250,9577250,norte,7.9626,69,0,0
LJ500_R153_C004,153,4,663250,9577750,norte,0.0147,0,0,0
LJ500_R153_C005,153,5,663750,9577750,norte,17.5,69,0,0
LJ500_R153_C006,153,6,664250,9577750,norte,25.0,69,0,0
LJ500_R153_C007,153,7,664750,9577750,norte,25.0,69,0,0
LJ500_R153_C008,153,8,665250,9577750,norte,25.0,69,0,0
LJ500_R153_C009,153,9,665750,9577750,norte,25.0,69,0,0
LJ500_R153_C010,153,10,666250,9577750,norte,25.0,69,0,0
LJ500_R153_C011,153,11,666750,9577750,norte,25.0,69,0,0
LJ500_R153_C012,153,12,667250,9577750,norte,25.0,69,0,0
LJ500_R153_C013,153,13,667750,9577750,norte,25.0,69,0,0
LJ500_R153_C014,153,14,668250,9577750,norte,25.0,69,0,0
LJ500_R153_C015,153,15,668750,9577750,norte,25.0,69,0,0
LJ500_R153_C016,153,16,669250,9577750,norte,25.0,69,0,0
LJ500_R153_C017,153,17,669750,9577750,norte,25.0,69,0,0
LJ500_R153_C018,153,18,670250,9577750,norte,25.0,69,0,0
LJ500_R153_C019,153,19,670750,9577750,norte,25.0,69,0,0
LJ500_R153_C020,153,20,671250,9577750,norte,25.0,69,0,0
LJ500_R153_C021,153,21,671750,9577750,norte,25.0,69,0,0
LJ500_R153_C022,153,22,672250,9577750,norte,25.0,69,0,0
LJ500_R153_C023,153,23,672750,9577750,norte,25.0,69,0,0
LJ500_R153_C024,153,24,673250,9577750,norte,25.0,69,0,0
LJ500_R153_C025,153,25,673750,9577750,norte,25.0,69,0,0
LJ500_R153_C026,153,26,674250,9577750,norte,25.0,69,0,0
LJ500_R153_C027,153,27,674750,9577750,norte,25.0,69,0,0
LJ500_R153_C028,153,28,675250,9577750,norte,25.0,69,0,0
LJ500_R153_C029,153,29,675750,9577750,norte,25.0,69,0,0
LJ500_R153_C030,153,30,676250,9577750,norte,25.0,69,0,0
LJ500_R153_C031,153,31,676750,9577750,norte,25.0,69,1,1
LJ500_R153_C032,153,32,677250,9577750,norte,25.0,69,1,1
LJ500_R153_C033,153,33,677750,9577750,norte,25.0,69,3,3
LJ500_R153_C034,153,34,678250,9577750,norte,25.0,69,2,2
LJ500_R153_C035,153,35,678750,9577750,norte,25.0,69,1,1
LJ500_R153_C036,153,36,679250,9577750,norte,25.0,69,1,1
LJ500_R153_C037,153,37,679750,9577750,norte,25.0,69,0,0
LJ500_R153_C038,153,38,680250,9577750,norte,25.0,69,1,1
LJ500_R153_C039,153,39,680750,9577750,norte,25.0,69,1,1
LJ500_R153_C040,153,40,681250,9577750,norte,25.0,69,3,3
LJ500_R153_C041,153,41,681750,9577750,norte,25.0,69,3,3
LJ500_R153_C042,153,42,682250,9577750,norte,25.0,69,3,3
LJ500_R153_C043,153,43,682750,9577750,norte,25.0,69,1,1
LJ500_R153_C044,153,44,683250,9577750,norte,25.0,69,1,1
LJ500_R153_C045,153,45,683750,9577750,norte,25.0,69,0,0
LJ500_R153_C046,153,46,684250,9577750,norte,25.0,69,1,1
LJ500_R153_C047,153,47,684750,9577750,norte,25.0,69,1,1
LJ500_R153_C048,153,48,685250,9577750,norte,25.0,69,0,0
LJ500_R153_C049,153,49,685750,9577750,norte,25.0,69,0,0
LJ500_R153_C050,153,50,686250,9577750,norte,25.0,69,0,0
LJ500_R153_C051,153,51,686750,9577750,norte,25.0,69,0,0
LJ500_R153_C052,153,52,687250,9577750,norte,25.0,69,0,0
LJ500_R153_C053,153,53,687750,9577750,norte,25.0,69,0,0
LJ500_R153_C054,153,54,688250,9577750,norte,25.0,69,0,0
LJ500_R153_C055,153,55,688750,9577750,norte,25.0,69,0,0
LJ500_R153_C056,153,56,689250,9577750,norte,25.0,69,0,0
LJ500_R153_C057,153,57,689750,9577750,norte,25.0,69,0,0
LJ500_R153_C058,153,58,690250,9577750,norte,25.0,69,0,0
LJ500_R153_C059,153,59,690750,9577750,norte,25.0,69,0,0
LJ500_R153_C060,153,60,691250,9577750,norte,25.0,69,0,0
LJ500_R153_C061,153,61,691750,9577750,norte,25.0,69,0,0
LJ500_R153_C062,153,62,692250,9577750,norte,25.0,69,0,0
LJ500_R153_C063,153,63,692750,9577750,norte,25.0,69,0,0
LJ500_R153_C064,153,64,693250,9577750,norte,25.0,70,3,3
LJ500_R153_C065,153,65,693750,9577750,norte,25.0,70,3,3
LJ500_R153_C066,153,66,694250,9577750,norte,25.0,70,4,4
LJ500_R153_C067,153,67,694750,9577750,norte,25.0,69,1,1
LJ500_R153_C068,153,68,695250,9577750,norte,25.0,69,1,1
LJ500_R153_C069,153,69,695750,9577750,norte,25.0,69,0,0
LJ500_R153_C070,153,70,696250,9577750,norte,25.0,69,0,0
LJ500_R153_C071,153,71,696750,9577750,norte,25.0,69,0,0
LJ500_R153_C072,153,72,697250,9577750,norte,25.0,69,0,0
LJ500_R153_C073,153,73,697750,9577750,norte,25.0,69,2,2
LJ500_R153_C074,153,74,698250,9577750,norte,25.0,69,2,2
LJ500_R153_C075,153,75,698750,9577750,norte,25.0,69,2,2
LJ500_R153_C076,153,76,699250,9577750,norte,25.0,69,1,0
LJ500_R153_C077,153,77,699750,9577750,norte,25.0,69,1,0
LJ500_R153_C078,153,78,700250,9577750,norte,25.0,69,0,0
LJ500_R153_C079,153,79,700750,9577750,norte,25.0,69,1,1
LJ500_R153_C080,153,80,701250,9577750,norte,25.0,69,1,1
LJ500_R153_C081,153,81,701750,9577750,norte,25.0,69,1,1
LJ500_R153_C082,153,82,702250,9577750,norte,25.0,69,1,1
LJ500_R153_C083,153,83,702750,9577750,norte,25.0,69,1,1
LJ500_R153_C084,153,84,703250,9577750,norte,25.0,69,0,0
LJ500_R153_C085,153,85,703750,9577750,norte,25.0,69,0,0
LJ500_R153_C086,153,86,704250,9577750,norte,18.49,69,0,0
LJ500_R153_C087,153,87,704750,9577750,norte,8.51,69,0,0
LJ500_R153_C088,153,88,705250,9577750,norte,5.3756,69,0,0
LJ500_R154_C003,154,3,662750,9578250,norte,2.4982,69,0,0
LJ500_R154_C004,154,4,663250,9578250,norte,16.2,69,0,0
LJ500_R154_C005,154,5,663750,9578250,norte,25.0,69,0,0
LJ500_R154_C006,154,6,664250,9578250,norte,25.0,69,0,0
LJ500_R154_C007,154,7,664750,9578250,norte,25.0,69,0,0
LJ500_R154_C008,154,8,665250,9578250,norte,25.0,69,0,0
LJ500_R154_C009,154,9,665750,9578250,norte,25.0,69,0,0
LJ500_R154_C010,154,10,666250,9578250,norte,25.0,69,0,0
LJ500_R154_C011,154,11,666750,9578250,norte,25.0,69,0,0
LJ500_R154_C012,154,12,667250,9578250,norte,25.0,69,0,0
LJ500_R154_C013,154,13,667750,9578250,norte,25.0,69,0,0
LJ500_R154_C014,154,14,668250,9578250,norte,25.0,69,0,0
LJ500_R154_C015,154,15,668750,9578250,norte,25.0,69,0,0
LJ500_R154_C016,154,16,669250,9578250,norte,25.0,69,0,0
LJ500_R154_C017,154,17,669750,9578250,norte,25.0,69,0,0
LJ500_R154_C018,154,18,670250,9578250,norte,25.0,69,0,0
LJ500_R154_C019,154,19,670750,9578250,norte,25.0,69,0,0
LJ500_R154_C020,154,20,671250,9578250,norte,25.0,69,0,0
LJ500_R154_C021,154,21,671750,9578250,norte,24.31,69,0,0
LJ500_R154_C022,154,22,672250,9578250,norte,22.21,69,0,0
LJ500_R154_C023,154,23,672750,9578250,norte,24.45,69,0,0
LJ500_R154_C024,154,24,673250,9578250,norte,25.0,69,0,0
LJ500_R154_C025,154,25,673750,9578250,norte,25.0,69,0,0
LJ500_R154_C026,154,26,674250,9578250,norte,25.0,69,0,0
LJ500_R154_C027,154,27,674750,9578250,norte,25.0,69,0,0
LJ500_R154_C028,154,28,675250,9578250,norte,25.0,69,0,0
LJ500_R154_C029,154,29,675750,9578250,norte,25.0,69,0,0
LJ500_R154_C030,154,30,676250,9578250,norte,25.0,69,0,0
LJ500_R154_C031,154,31,676750,9578250,norte,25.0,69,1,1
LJ500_R154_C032,154,32,677250,9578250,norte,25.0,69,1,1
LJ500_R154_C033,154,33,677750,9578250,norte,25.0,69,3,3
LJ500_R154_C034,154,34,678250,9578250,norte,25.0,69,2,2
LJ500_R154_C035,154,35,678750,9578250,norte,25.0,69,2,2
LJ500_R154_C036,154,36,679250,9578250,norte,25.0,69,1,1
LJ500_R154_C037,154,37,679750,9578250,norte,25.0,69,0,0
LJ500_R154_C038,154,38,680250,9578250,norte,25.0,69,0,0
LJ500_R154_C039,154,39,680750,9578250,norte,25.0,69,0,0
LJ500_R154_C040,154,40,681250,9578250,norte,25.0,69,0,0
LJ500_R154_C041,154,41,681750,9578250,norte,25.0,69,0,0
LJ500_R154_C042,154,42,682250,9578250,norte,25.0,69,0,0
LJ500_R154_C043,154,43,682750,9578250,norte,25.0,69,0,0
LJ500_R154_C044,154,44,683250,9578250,norte,25.0,69,0,0
LJ500_R154_C045,154,45,683750,9578250,norte,25.0,69,0,0
LJ500_R154_C046,154,46,684250,9578250,norte,25.0,69,0,0
LJ500_R154_C047,154,47,684750,9578250,norte,25.0,69,0,0
LJ500_R154_C048,154,48,685250,9578250,norte,25.0,69,0,0
LJ500_R154_C049,154,49,685750,9578250,norte,25.0,69,0,0
LJ500_R154_C050,154,50,686250,9578250,norte,25.0,69,0,0
LJ500_R154_C051,154,51,686750,9578250,norte,25.0,69,0,0
LJ500_R154_C052,154,52,687250,9578250,norte,25.0,69,0,0
LJ500_R154_C053,154,53,687750,9578250,norte,25.0,69,2,2
LJ500_R154_C054,154,54,688250,9578250,norte,25.0,69,2,2
LJ500_R154_C055,154,55,688750,9578250,norte,25.0,69,2,2
LJ500_R154_C056,154,56,689250,9578250,norte,25.0,69,1,1
LJ500_R154_C057,154,57,689750,9578250,norte,25.0,69,1,1
LJ500_R154_C058,154,58,690250,9578250,norte,25.0,69,0,0
LJ500_R154_C059,154,59,690750,9578250,norte,25.0,69,0,0
LJ500_R154_C060,154,60,691250,9578250,norte,25.0,69,0,0
LJ500_R154_C061,154,61,691750,9578250,norte,25.0,69,0,0
LJ500_R154_C062,154,62,692250,9578250,norte,25.0,69,0,0
LJ500_R154_C063,154,63,692750,9578250,norte,25.0,69,0,0
LJ500_R154_C064,154,64,693250,9578250,norte,25.0,70,1,1
LJ500_R154_C065,154,65,693750,9578250,norte,25.0,70,1,1
LJ500_R154_C066,154,66,694250,9578250,norte,25.0,70,2,2
LJ500_R154_C067,154,67,694750,9578250,norte,25.0,69,1,1
LJ500_R154_C068,154,68,695250,9578250,norte,25.0,69,1,1
LJ500_R154_C069,154,69,695750,9578250,norte,25.0,69,0,0
LJ500_R154_C070,154,70,696250,9578250,norte,25.0,69,0,0
LJ500_R154_C071,154,71,696750,9578250,norte,25.0,69,0,0
LJ500_R154_C072,154,72,697250,9578250,norte,25.0,69,0,0
LJ500_R154_C073,154,73,697750,9578250,norte,25.0,69,1,1
LJ500_R154_C074,154,74,698250,9578250,norte,25.0,69,1,1
LJ500_R154_C075,154,75,698750,9578250,norte,25.0,69,1,1
LJ500_R154_C076,154,76,699250,9578250,norte,25.0,69,1,0
LJ500_R154_C077,154,77,699750,9578250,norte,25.0,69,1,0
LJ500_R154_C078,154,78,700250,9578250,norte,25.0,69,0,0
LJ500_R154_C079,154,79,700750,9578250,norte,25.0,69,0,0
LJ500_R154_C080,154,80,701250,9578250,norte,25.0,69,0,0
LJ500_R154_C081,154,81,701750,9578250,norte,25.0,69,0,0
LJ500_R154_C082,154,82,702250,9578250,norte,25.0,69,0,0
LJ500_R154_C083,154,83,702750,9578250,norte,25.0,69,0,0
LJ500_R154_C084,154,84,703250,9578250,norte,25.0,69,0,0
LJ500_R154_C085,154,85,703750,9578250,norte,25.0,69,0,0
LJ500_R154_C086,154,86,704250,9578250,norte,11.52,69,0,0
LJ500_R155_C002,155,2,662250,9578750,norte,2.638,69,0,0
LJ500_R155_C003,155,3,662750,9578750,norte,22.83,69,0,0
LJ500_R155_C004,155,4,663250,9578750,norte,25.0,69,0,0
LJ500_R155_C005,155,5,663750,9578750,norte,25.0,69,0,0
LJ500_R155_C006,155,6,664250,9578750,norte,25.0,69,0,0
LJ500_R155_C007,155,7,664750,9578750,norte,25.0,69,0,0
LJ500_R155_C008,155,8,665250,9578750,norte,25.0,69,0,0
LJ500_R155_C009,155,9,665750,9578750,norte,25.0,69,0,0
LJ500_R155_C010,155,10,666250,9578750,norte,25.0,69,0,0
LJ500_R155_C011,155,11,666750,9578750,norte,25.0,69,1,1
LJ500_R155_C012,155,12,667250,9578750,norte,25.0,69,1,1
LJ500_R155_C013,155,13,667750,9578750,norte,25.0,69,0,0
LJ500_R155_C014,155,14,668250,9578750,norte,25.0,69,0,0
LJ500_R155_C015,155,15,668750,9578750,norte,25.0,69,0,0
LJ500_R155_C016,155,16,669250,9578750,norte,25.0,69,0,0
LJ500_R155_C017,155,17,669750,9578750,norte,25.0,69,0,0
LJ500_R155_C018,155,18,670250,9578750,norte,25.0,69,1,1
LJ500_R155_C019,155,19,670750,9578750,norte,17.51,69,1,1
LJ500_R155_C020,155,20,671250,9578750,norte,10.28,69,0,0
LJ500_R155_C021,155,21,671750,9578750,norte,0.377,69,0,0
LJ500_R155_C022,155,22,672250,9578750,norte,0.1576,69,0,0
LJ500_R155_C023,155,23,672750,9578750,norte,4.4349,69,0,0
LJ500_R155_C024,155,24,673250,9578750,norte,21.08,69,0,0
LJ500_R155_C025,155,25,673750,9578750,norte,25.0,69,0,0
LJ500_R155_C026,155,26,674250,9578750,norte,25.0,69,0,0
LJ500_R155_C027,155,27,674750,9578750,norte,25.0,69,0,0
LJ500_R155_C028,155,28,675250,9578750,norte,25.0,69,0,0
LJ500_R155_C029,155,29,675750,9578750,norte,25.0,69,0,0
LJ500_R155_C030,155,30,676250,9578750,norte,25.0,69,0,0
LJ500_R155_C031,155,31,676750,9578750,norte,25.0,69,1,1
LJ500_R155_C032,155,32,677250,9578750,norte,25.0,69,1,1
LJ500_R155_C033,155,33,677750,9578750,norte,25.0,69,3,3
LJ500_R155_C034,155,34,678250,9578750,norte,25.0,69,2,2
LJ500_R155_C035,155,35,678750,9578750,norte,25.0,69,2,2
LJ500_R155_C036,155,36,679250,9578750,norte,25.0,69,1,1
LJ500_R155_C037,155,37,679750,9578750,norte,25.0,69,1,1
LJ500_R155_C038,155,38,680250,9578750,norte,25.0,69,1,1
LJ500_R155_C039,155,39,680750,9578750,norte,25.0,69,0,0
LJ500_R155_C040,155,40,681250,9578750,norte,25.0,69,0,0
LJ500_R155_C041,155,41,681750,9578750,norte,25.0,69,0,0
LJ500_R155_C042,155,42,682250,9578750,norte,25.0,69,0,0
LJ500_R155_C043,155,43,682750,9578750,norte,25.0,69,0,0
LJ500_R155_C044,155,44,683250,9578750,norte,25.0,69,1,1
LJ500_R155_C045,155,45,683750,9578750,norte,25.0,69,1,1
LJ500_R155_C046,155,46,684250,9578750,norte,25.0,69,1,1
LJ500_R155_C047,155,47,684750,9578750,norte,25.0,69,0,0
LJ500_R155_C048,155,48,685250,9578750,norte,25.0,69,0,0
LJ500_R155_C049,155,49,685750,9578750,norte,25.0,69,0,0
LJ500_R155_C050,155,50,686250,9578750,norte,25.0,69,0,0
LJ500_R155_C051,155,51,686750,9578750,norte,25.0,69,0,0
LJ500_R155_C052,155,52,687250,9578750,norte,25.0,69,0,0
LJ500_R155_C053,155,53,687750,9578750,norte,25.0,69,2,2
LJ500_R155_C054,155,54,688250,9578750,norte,25.0,69,2,2
LJ500_R155_C055,155,55,688750,9578750,norte,25.0,69,2,2
LJ500_R155_C056,155,56,689250,9578750,norte,25.0,69,1,1
LJ500_R155_C057,155,57,689750,9578750,norte,25.0,69,1,1
LJ500_R155_C058,155,58,690250,9578750,norte,25.0,69,0,0
LJ500_R155_C059,155,59,690750,9578750,norte,25.0,69,0,0
LJ500_R155_C060,155,60,691250,9578750,norte,25.0,69,0,0
LJ500_R155_C061,155,61,691750,9578750,norte,25.0,69,0,0
LJ500_R155_C062,155,62,692250,9578750,norte,25.0,69,0,0
LJ500_R155_C063,155,63,692750,9578750,norte,25.0,69,0,0
LJ500_R155_C064,155,64,693250,9578750,norte,25.0,70,2,2
LJ500_R155_C065,155,65,693750,9578750,norte,25.0,70,2,2
LJ500_R155_C066,155,66,694250,9578750,norte,25.0,70,3,3
LJ500_R155_C067,155,67,694750,9578750,norte,25.0,69,1,1
LJ500_R155_C068,155,68,695250,9578750,norte,25.0,69,1,1
LJ500_R155_C069,155,69,695750,9578750,norte,25.0,69,0,0
LJ500_R155_C070,155,70,696250,9578750,norte,25.0,69,0,0
LJ500_R155_C071,155,71,696750,9578750,norte,25.0,69,0,0
LJ500_R155_C072,155,72,697250,9578750,norte,25.0,69,0,0
LJ500_R155_C073,155,73,697750,9578750,norte,25.0,69,0,0
LJ500_R155_C074,155,74,698250,9578750,norte,25.0,69,1,1
LJ500_R155_C075,155,75,698750,9578750,norte,25.0,69,1,1
LJ500_R155_C076,155,76,699250,9578750,norte,25.0,69,1,0
LJ500_R155_C077,155,77,699750,9578750,norte,25.0,69,1,0
LJ500_R155_C078,155,78,700250,9578750,norte,25.0,69,0,0
LJ500_R155_C079,155,79,700750,9578750,norte,25.0,69,0,0
LJ500_R155_C080,155,80,701250,9578750,norte,25.0,69,0,0
LJ500_R155_C081,155,81,701750,9578750,norte,25.0,69,0,0
LJ500_R155_C082,155,82,702250,9578750,norte,25.0,69,0,0
LJ500_R155_C083,155,83,702750,9578750,norte,25.0,69,0,0
LJ500_R155_C084,155,84,703250,9578750,norte,25.0,69,0,0
LJ500_R155_C085,155,85,703750,9578750,norte,25.0,69,0,0
LJ500_R155_C086,155,86,704250,9578750,norte,11.22,69,0,0
LJ500_R156_C002,156,2,662250,9579250,norte,17.57,69,0,0
LJ500_R156_C003,156,3,662750,9579250,norte,25.0,69,0,0
LJ500_R156_C004,156,4,663250,9579250,norte,25.0,69,0,0
LJ500_R156_C005,156,5,663750,9579250,norte,25.0,69,0,0
LJ500_R156_C006,156,6,664250,9579250,norte,25.0,69,0,0
LJ500_R156_C007,156,7,664750,9579250,norte,25.0,69,0,0
LJ500_R156_C008,156,8,665250,9579250,norte,25.0,69,0,0
LJ500_R156_C009,156,9,665750,9579250,norte,25.0,69,0,0
LJ500_R156_C010,156,10,666250,9579250,norte,25.0,69,0,0
LJ500_R156_C011,156,11,666750,9579250,norte,25.0,69,1,1
LJ500_R156_C012,156,12,667250,9579250,norte,25.0,69,1,1
LJ500_R156_C013,156,13,667750,9579250,norte,24.69,69,0,0
LJ500_R156_C014,156,14,668250,9579250,norte,25.0,69,0,0
LJ500_R156_C015,156,15,668750,9579250,norte,25.0,69,0,0
LJ500_R156_C016,156,16,669250,9579250,norte,25.0,69,0,0
LJ500_R156_C017,156,17,669750,9579250,norte,23.39,69,0,0
LJ500_R156_C018,156,18,670250,9579250,norte,9.0694,69,1,1
LJ500_R156_C019,156,19,670750,9579250,norte,0.1033,0,0,0
LJ500_R156_C025,156,25,673750,9579250,norte,9.4421,69,0,0
LJ500_R156_C026,156,26,674250,9579250,norte,24.99,69,0,0
LJ500_R156_C027,156,27,674750,9579250,norte,25.0,69,0,0
LJ500_R156_C028,156,28,675250,9579250,norte,25.0,69,0,0
LJ500_R156_C029,156,29,675750,9579250,norte,25.0,69,0,0
LJ500_R156_C030,156,30,676250,9579250,norte,25.0,69,0,0
LJ500_R156_C031,156,31,676750,9579250,norte,25.0,69,0,0
LJ500_R156_C032,156,32,677250,9579250,norte,25.0,69,0,0
LJ500_R156_C033,156,33,677750,9579250,norte,25.0,69,0,0
LJ500_R156_C034,156,34,678250,9579250,norte,25.0,69,0,0
LJ500_R156_C035,156,35,678750,9579250,norte,25.0,69,0,0
LJ500_R156_C036,156,36,679250,9579250,norte,25.0,69,0,0
LJ500_R156_C037,156,37,679750,9579250,norte,25.0,69,1,1
LJ500_R156_C038,156,38,680250,9579250,norte,25.0,69,1,1
LJ500_R156_C039,156,39,680750,9579250,norte,25.0,69,0,0
LJ500_R156_C040,156,40,681250,9579250,norte,25.0,69,0,0
LJ500_R156_C041,156,41,681750,9579250,norte,25.0,69,0,0
LJ500_R156_C042,156,42,682250,9579250,norte,25.0,69,0,0
LJ500_R156_C043,156,43,682750,9579250,norte,25.0,69,0,0
LJ500_R156_C044,156,44,683250,9579250,norte,25.0,69,1,1
LJ500_R156_C045,156,45,683750,9579250,norte,25.0,69,1,1
LJ500_R156_C046,156,46,684250,9579250,norte,25.0,69,1,1
LJ500_R156_C047,156,47,684750,9579250,norte,25.0,69,0,0
LJ500_R156_C048,156,48,685250,9579250,norte,25.0,69,0,0
LJ500_R156_C049,156,49,685750,9579250,norte,25.0,69,0,0
LJ500_R156_C050,156,50,686250,9579250,norte,25.0,69,0,0
LJ500_R156_C051,156,51,686750,9579250,norte,25.0,69,0,0
LJ500_R156_C052,156,52,687250,9579250,norte,25.0,69,0,0
LJ500_R156_C053,156,53,687750,9579250,norte,25.0,69,0,0
LJ500_R156_C054,156,54,688250,9579250,norte,25.0,69,0,0
LJ500_R156_C055,156,55,688750,9579250,norte,25.0,69,0,0
LJ500_R156_C056,156,56,689250,9579250,norte,25.0,69,0,0
LJ500_R156_C057,156,57,689750,9579250,norte,25.0,69,0,0
LJ500_R156_C058,156,58,690250,9579250,norte,25.0,69,0,0
LJ500_R156_C059,156,59,690750,9579250,norte,25.0,69,0,0
LJ500_R156_C060,156,60,691250,9579250,norte,25.0,69,0,0
LJ500_R156_C061,156,61,691750,9579250,norte,25.0,69,0,0
LJ500_R156_C062,156,62,692250,9579250,norte,25.0,69,0,0
LJ500_R156_C063,156,63,692750,9579250,norte,25.0,69,0,0
LJ500_R156_C064,156,64,693250,9579250,norte,25.0,69,1,1
LJ500_R156_C065,156,65,693750,9579250,norte,25.0,69,1,1
LJ500_R156_C066,156,66,694250,9579250,norte,25.0,69,1,1
LJ500_R156_C067,156,67,694750,9579250,norte,25.0,69,0,0
LJ500_R156_C068,156,68,695250,9579250,norte,25.0,69,0,0
LJ500_R156_C069,156,69,695750,9579250,norte,25.0,69,0,0
LJ500_R156_C070,156,70,696250,9579250,norte,25.0,69,0,0
LJ500_R156_C071,156,71,696750,9579250,norte,25.0,69,0,0
LJ500_R156_C072,156,72,697250,9579250,norte,25.0,69,0,0
LJ500_R156_C073,156,73,697750,9579250,norte,25.0,69,0,0
LJ500_R156_C074,156,74,698250,9579250,norte,25.0,69,1,1
LJ500_R156_C075,156,75,698750,9579250,norte,25.0,69,1,1
LJ500_R156_C076,156,76,699250,9579250,norte,25.0,69,1,1
LJ500_R156_C077,156,77,699750,9579250,norte,25.0,69,1,0
LJ500_R156_C078,156,78,700250,9579250,norte,25.0,69,0,0
LJ500_R156_C079,156,79,700750,9579250,norte,25.0,69,0,0
LJ500_R156_C080,156,80,701250,9579250,norte,25.0,69,0,0
LJ500_R156_C081,156,81,701750,9579250,norte,25.0,69,0,0
LJ500_R156_C082,156,82,702250,9579250,norte,25.0,69,0,0
LJ500_R156_C083,156,83,702750,9579250,norte,25.0,69,0,0
LJ500_R156_C084,156,84,703250,9579250,norte,24.99,69,0,0
LJ500_R156_C085,156,85,703750,9579250,norte,19.73,69,0,0
LJ500_R156_C086,156,86,704250,9579250,norte,7.759,69,0,0
LJ500_R157_C000,157,0,661250,9579750,norte,1.4697,69,1,1
LJ500_R157_C001,157,1,661750,9579750,norte,17.5,69,1,1
LJ500_R157_C002,157,2,662250,9579750,norte,24.99,69,0,0
LJ500_R157_C003,157,3,662750,9579750,norte,25.0,69,0,0
LJ500_R157_C004,157,4,663250,9579750,norte,25.0,69,0,0
LJ500_R157_C005,157,5,663750,9579750,norte,25.0,69,0,0
LJ500_R157_C006,157,6,664250,9579750,norte,25.0,69,0,0
LJ500_R157_C007,157,7,664750,9579750,norte,25.0,69,0,0
LJ500_R157_C008,157,8,665250,9579750,norte,25.0,69,0,0
LJ500_R157_C009,157,9,665750,9579750,norte,25.0,69,1,1
LJ500_R157_C010,157,10,666250,9579750,norte,25.0,69,1,1
LJ500_R157_C011,157,11,666750,9579750,norte,25.0,69,2,2
LJ500_R157_C012,157,12,667250,9579750,norte,21.38,69,2,2
LJ500_R157_C013,157,13,667750,9579750,norte,3.2251,69,0,0
LJ500_R157_C014,157,14,668250,9579750,norte,5.575,69,0,0
LJ500_R157_C015,157,15,668750,9579750,norte,5.3674,69,0,0
LJ500_R157_C016,157,16,669250,9579750,norte,6.2966,69,0,0
LJ500_R157_C017,157,17,669750,9579750,norte,1.6925,69,0,0
LJ500_R157_C026,157,26,674250,9579750,norte,11.74,69,0,0
LJ500_R157_C027,157,27,674750,9579750,norte,25.0,69,0,0
LJ500_R157_C028,157,28,675250,9579750,norte,25.0,69,0,0
LJ500_R157_C029,157,29,675750,9579750,norte,25.0,69,0,0
LJ500_R157_C030,157,30,676250,9579750,norte,25.0,69,0,0
LJ500_R157_C031,157,31,676750,9579750,norte,25.0,69,0,0
LJ500_R157_C032,157,32,677250,9579750,norte,25.0,69,0,0
LJ500_R157_C033,157,33,677750,9579750,norte,25.0,69,0,0
LJ500_R157_C034,157,34,678250,9579750,norte,25.0,69,0,0
LJ500_R157_C035,157,35,678750,9579750,norte,25.0,69,0,0
LJ500_R157_C036,157,36,679250,9579750,norte,25.0,69,0,0
LJ500_R157_C037,157,37,679750,9579750,norte,25.0,69,1,1
LJ500_R157_C038,157,38,680250,9579750,norte,25.0,69,1,1
LJ500_R157_C039,157,39,680750,9579750,norte,25.0,69,0,0
LJ500_R157_C040,157,40,681250,9579750,norte,25.0,69,0,0
LJ500_R157_C041,157,41,681750,9579750,norte,25.0,69,0,0
LJ500_R157_C042,157,42,682250,9579750,norte,25.0,69,0,0
LJ500_R157_C043,157,43,682750,9579750,norte,25.0,69,0,0
LJ500_R157_C044,157,44,683250,9579750,norte,25.0,69,1,1
LJ500_R157_C045,157,45,683750,9579750,norte,25.0,69,1,1
LJ500_R157_C046,157,46,684250,9579750,norte,25.0,69,1,1
LJ500_R157_C047,157,47,684750,9579750,norte,25.0,69,0,0
LJ500_R157_C048,157,48,685250,9579750,norte,25.0,69,0,0
LJ500_R157_C049,157,49,685750,9579750,norte,25.0,69,0,0
LJ500_R157_C050,157,50,686250,9579750,norte,25.0,69,0,0
LJ500_R157_C051,157,51,686750,9579750,norte,25.0,69,0,0
LJ500_R157_C052,157,52,687250,9579750,norte,25.0,69,0,0
LJ500_R157_C053,157,53,687750,9579750,norte,25.0,69,0,0
LJ500_R157_C054,157,54,688250,9579750,norte,25.0,69,0,0
LJ500_R157_C055,157,55,688750,9579750,norte,25.0,69,0,0
LJ500_R157_C056,157,56,689250,9579750,norte,25.0,69,0,0
LJ500_R157_C057,157,57,689750,9579750,norte,25.0,69,0,0
LJ500_R157_C058,157,58,690250,9579750,norte,25.0,69,0,0
LJ500_R157_C059,157,59,690750,9579750,norte,25.0,69,0,0
LJ500_R157_C060,157,60,691250,9579750,norte,25.0,69,0,0
LJ500_R157_C061,157,61,691750,9579750,norte,25.0,69,1,1
LJ500_R157_C062,157,62,692250,9579750,norte,25.0,69,1,1
LJ500_R157_C063,157,63,692750,9579750,norte,25.0,69,1,1
LJ500_R157_C064,157,64,693250,9579750,norte,25.0,69,1,1
LJ500_R157_C065,157,65,693750,9579750,norte,25.0,69,1,1
LJ500_R157_C066,157,66,694250,9579750,norte,25.0,69,1,1
LJ500_R157_C067,157,67,694750,9579750,norte,25.0,69,0,0
LJ500_R157_C068,157,68,695250,9579750,norte,25.0,69,0,0
LJ500_R157_C069,157,69,695750,9579750,norte,25.0,69,0,0
LJ500_R157_C070,157,70,696250,9579750,norte,25.0,69,0,0
LJ500_R157_C071,157,71,696750,9579750,norte,25.0,69,0,0
LJ500_R157_C072,157,72,697250,9579750,norte,25.0,69,0,0
LJ500_R157_C073,157,73,697750,9579750,norte,25.0,69,0,0
LJ500_R157_C074,157,74,698250,9579750,norte,25.0,69,1,1
LJ500_R157_C075,157,75,698750,9579750,norte,25.0,69,1,1
LJ500_R157_C076,157,76,699250,9579750,norte,25.0,69,1,1
LJ500_R157_C077,157,77,699750,9579750,norte,25.0,69,1,1
LJ500_R157_C078,157,78,700250,9579750,norte,25.0,69,0,0
LJ500_R157_C079,157,79,700750,9579750,norte,25.0,69,0,0
LJ500_R157_C080,157,80,701250,9579750,norte,25.0,69,0,0
LJ500_R157_C081,157,81,701750,9579750,norte,25.0,69,0,0
LJ500_R157_C082,157,82,702250,9579750,norte,25.0,69,0,0
LJ500_R157_C083,157,83,702750,9579750,norte,24.16,69,0,0
LJ500_R157_C084,157,84,703250,9579750,norte,7.6897,69,0,0
LJ500_R158_C000,158,0,661250,9580250,norte,0.186,69,0,0
LJ500_R158_C001,158,1,661750,9580250,norte,4.3754,69,0,0
LJ500_R158_C002,158,2,662250,9580250,norte,9.9978,69,0,0
LJ500_R158_C003,158,3,662750,9580250,norte,23.3,69,0,0
LJ500_R158_C004,158,4,663250,9580250,norte,25.0,69,0,0
LJ500_R158_C005,158,5,663750,9580250,norte,25.0,69,0,0
LJ500_R158_C006,158,6,664250,9580250,norte,25.0,69,0,0
LJ500_R158_C007,158,7,664750,9580250,norte,25.0,69,0,0
LJ500_R158_C008,158,8,665250,9580250,norte,24.99,69,0,0
LJ500_R158_C009,158,9,665750,9580250,norte,24.86,69,1,1
LJ500_R158_C010,158,10,666250,9580250,norte,25.0,69,1,1
LJ500_R158_C011,158,11,666750,9580250,norte,25.0,69,1,1
LJ500_R158_C012,158,12,667250,9580250,norte,11.55,69,1,1
LJ500_R158_C026,158,26,674250,9580250,norte,2.5053,69,0,0
LJ500_R158_C027,158,27,674750,9580250,norte,24.8,69,0,0
LJ500_R158_C028,158,28,675250,9580250,norte,25.0,69,0,0
LJ500_R158_C029,158,29,675750,9580250,norte,25.0,69,0,0
LJ500_R158_C030,158,30,676250,9580250,norte,25.0,69,0,0
LJ500_R158_C031,158,31,676750,9580250,norte,25.0,69,0,0
LJ500_R158_C032,158,32,677250,9580250,norte,25.0,69,0,0
LJ500_R158_C033,158,33,677750,9580250,norte,25.0,69,0,0
LJ500_R158_C034,158,34,678250,9580250,norte,25.0,69,0,0
LJ500_R158_C035,158,35,678750,9580250,norte,25.0,69,0,0
LJ500_R158_C036,158,36,679250,9580250,norte,25.0,69,0,0
LJ500_R158_C037,158,37,679750,9580250,norte,25.0,69,0,0
LJ500_R158_C038,158,38,680250,9580250,norte,25.0,69,0,0
LJ500_R158_C039,158,39,680750,9580250,norte,25.0,69,0,0
LJ500_R158_C040,158,40,681250,9580250,norte,25.0,69,0,0
LJ500_R158_C041,158,41,681750,9580250,norte,25.0,69,0,0
LJ500_R158_C042,158,42,682250,9580250,norte,25.0,69,0,0
LJ500_R158_C043,158,43,682750,9580250,norte,25.0,69,0,0
LJ500_R158_C044,158,44,683250,9580250,norte,25.0,69,0,0
LJ500_R158_C045,158,45,683750,9580250,norte,25.0,69,0,0
LJ500_R158_C046,158,46,684250,9580250,norte,25.0,69,0,0
LJ500_R158_C047,158,47,684750,9580250,norte,25.0,69,0,0
LJ500_R158_C048,158,48,685250,9580250,norte,25.0,69,0,0
LJ500_R158_C049,158,49,685750,9580250,norte,25.0,69,0,0
LJ500_R158_C050,158,50,686250,9580250,norte,25.0,69,0,0
LJ500_R158_C051,158,51,686750,9580250,norte,25.0,69,0,0
LJ500_R158_C052,158,52,687250,9580250,norte,25.0,69,0,0
LJ500_R158_C053,158,53,687750,9580250,norte,25.0,69,0,0
LJ500_R158_C054,158,54,688250,9580250,norte,25.0,69,0,0
LJ500_R158_C055,158,55,688750,9580250,norte,25.0,69,0,0
LJ500_R158_C056,158,56,689250,9580250,norte,25.0,69,0,0
LJ500_R158_C057,158,57,689750,9580250,norte,25.0,69,0,0
LJ500_R158_C058,158,58,690250,9580250,norte,25.0,69,0,0
LJ500_R158_C059,158,59,690750,9580250,norte,25.0,69,0,0
LJ500_R158_C060,158,60,691250,9580250,norte,25.0,69,0,0
LJ500_R158_C061,158,61,691750,9580250,norte,25.0,69,1,1
LJ500_R158_C062,158,62,692250,9580250,norte,25.0,69,1,1
LJ500_R158_C063,158,63,692750,9580250,norte,25.0,69,1,1
LJ500_R158_C064,158,64,693250,9580250,norte,25.0,69,0,0
LJ500_R158_C065,158,65,693750,9580250,norte,25.0,69,0,0
LJ500_R158_C066,158,66,694250,9580250,norte,25.0,69,0,0
LJ500_R158_C067,158,67,694750,9580250,norte,25.0,69,0,0
LJ500_R158_C068,158,68,695250,9580250,norte,25.0,69,0,0
LJ500_R158_C069,158,69,695750,9580250,norte,25.0,69,0,0
LJ500_R158_C070,158,70,696250,9580250,norte,25.0,69,0,0
LJ500_R158_C071,158,71,696750,9580250,norte,25.0,69,0,0
LJ500_R158_C072,158,72,697250,9580250,norte,25.0,69,0,0
LJ500_R158_C073,158,73,697750,9580250,norte,25.0,69,0,0
LJ500_R158_C074,158,74,698250,9580250,norte,25.0,69,1,1
LJ500_R158_C075,158,75,698750,9580250,norte,25.0,69,1,1
LJ500_R158_C076,158,76,699250,9580250,norte,25.0,69,1,1
LJ500_R158_C077,158,77,699750,9580250,norte,25.0,69,1,1
LJ500_R158_C078,158,78,700250,9580250,norte,25.0,69,1,1
LJ500_R158_C079,158,79,700750,9580250,norte,25.0,69,0,0
LJ500_R158_C080,158,80,701250,9580250,norte,25.0,69,0,0
LJ500_R158_C081,158,81,701750,9580250,norte,25.0,69,0,0
LJ500_R158_C082,158,82,702250,9580250,norte,25.0,69,0,0
LJ500_R158_C083,158,83,702750,9580250,norte,13.03,69,0,0
LJ500_R159_C003,159,3,662750,9580750,norte,2.9024,69,0,0
LJ500_R159_C004,159,4,663250,9580750,norte,10.6,69,0,0
LJ500_R159_C005,159,5,663750,9580750,norte,18.14,69,0,0
LJ500_R159_C006,159,6,664250,9580750,norte,22.09,69,0,0
LJ500_R159_C007,159,7,664750,9580750,norte,25.0,69,0,0
LJ500_R159_C008,159,8,665250,9580750,norte,13.61,69,0,0
LJ500_R159_C009,159,9,665750,9580750,norte,1.7962,69,1,1
LJ500_R159_C010,159,10,666250,9580750,norte,15.13,69,1,1
LJ500_R159_C011,159,11,666750,9580750,norte,12.36,69,1,1
LJ500_R159_C027,159,27,674750,9580750,norte,8.135,69,0,0
LJ500_R159_C028,159,28,675250,9580750,norte,17.88,69,0,0
LJ500_R159_C029,159,29,675750,9580750,norte,24.93,69,0,0
LJ500_R159_C030,159,30,676250,9580750,norte,22.94,69,0,0
LJ500_R159_C031,159,31,676750,9580750,norte,22.2,69,0,0
LJ500_R159_C032,159,32,677250,9580750,norte,25.0,69,0,0
LJ500_R159_C033,159,33,677750,9580750,norte,25.0,69,0,0
LJ500_R159_C034,159,34,678250,9580750,norte,25.0,69,0,0
LJ500_R159_C035,159,35,678750,9580750,norte,25.0,69,0,0
LJ500_R159_C036,159,36,679250,9580750,norte,25.0,69,0,0
LJ500_R159_C037,159,37,679750,9580750,norte,25.0,69,0,0
LJ500_R159_C038,159,38,680250,9580750,norte,25.0,69,0,0
LJ500_R159_C039,159,39,680750,9580750,norte,25.0,69,0,0
LJ500_R159_C040,159,40,681250,9580750,norte,25.0,69,0,0
LJ500_R159_C041,159,41,681750,9580750,norte,25.0,69,0,0
LJ500_R159_C042,159,42,682250,9580750,norte,25.0,69,0,0
LJ500_R159_C043,159,43,682750,9580750,norte,25.0,69,0,0
LJ500_R159_C044,159,44,683250,9580750,norte,25.0,69,1,1
LJ500_R159_C045,159,45,683750,9580750,norte,25.0,69,1,1
LJ500_R159_C046,159,46,684250,9580750,norte,25.0,69,1,1
LJ500_R159_C047,159,47,684750,9580750,norte,25.0,69,0,0
LJ500_R159_C048,159,48,685250,9580750,norte,25.0,69,0,0
LJ500_R159_C049,159,49,685750,9580750,norte,25.0,69,0,0
LJ500_R159_C050,159,50,686250,9580750,norte,25.0,69,0,0
LJ500_R159_C051,159,51,686750,9580750,norte,25.0,69,0,0
LJ500_R159_C052,159,52,687250,9580750,norte,25.0,69,0,0
LJ500_R159_C053,159,53,687750,9580750,norte,25.0,69,0,0
LJ500_R159_C054,159,54,688250,9580750,norte,25.0,69,0,0
LJ500_R159_C055,159,55,688750,9580750,norte,25.0,69,0,0
LJ500_R159_C056,159,56,689250,9580750,norte,25.0,69,0,0
LJ500_R159_C057,159,57,689750,9580750,norte,25.0,69,0,0
LJ500_R159_C058,159,58,690250,9580750,norte,25.0,69,0,0
LJ500_R159_C059,159,59,690750,9580750,norte,25.0,69,0,0
LJ500_R159_C060,159,60,691250,9580750,norte,25.0,69,0,0
LJ500_R159_C061,159,61,691750,9580750,norte,25.0,69,1,1
LJ500_R159_C062,159,62,692250,9580750,norte,25.0,69,1,1
LJ500_R159_C063,159,63,692750,9580750,norte,25.0,69,1,1
LJ500_R159_C064,159,64,693250,9580750,norte,25.0,69,0,0
LJ500_R159_C065,159,65,693750,9580750,norte,25.0,69,0,0
LJ500_R159_C066,159,66,694250,9580750,norte,25.0,69,0,0
LJ500_R159_C067,159,67,694750,9580750,norte,25.0,69,0,0
LJ500_R159_C068,159,68,695250,9580750,norte,25.0,69,0,0
LJ500_R159_C069,159,69,695750,9580750,norte,25.0,69,0,0
LJ500_R159_C070,159,70,696250,9580750,norte,25.0,69,0,0
LJ500_R159_C071,159,71,696750,9580750,norte,25.0,69,0,0
LJ500_R159_C072,159,72,697250,9580750,norte,25.0,69,0,0
LJ500_R159_C073,159,73,697750,9580750,norte,25.0,69,0,0
LJ500_R159_C074,159,74,698250,9580750,norte,25.0,69,2,2
LJ500_R159_C075,159,75,698750,9580750,norte,25.0,69,2,2
LJ500_R159_C076,159,76,699250,9580750,norte,25.0,69,2,2
LJ500_R159_C077,159,77,699750,9580750,norte,25.0,69,1,1
LJ500_R159_C078,159,78,700250,9580750,norte,25.0,69,1,1
LJ500_R159_C079,159,79,700750,9580750,norte,25.0,69,0,0
LJ500_R159_C080,159,80,701250,9580750,norte,25.0,69,0,0
LJ500_R159_C081,159,81,701750,9580750,norte,25.0,69,0,0
LJ500_R159_C082,159,82,702250,9580750,norte,25.0,69,0,0
LJ500_R159_C083,159,83,702750,9580750,norte,6.9636,69,0,0
LJ500_R160_C006,160,6,664250,9581250,norte,0.4835,69,0,0
LJ500_R160_C007,160,7,664750,9581250,norte,3.6266,69,0,0
LJ500_R160_C008,160,8,665250,9581250,norte,0.8882,69,0,0
LJ500_R160_C029,160,29,675750,9581250,norte,4.1185,69,0,0
LJ500_R160_C030,160,30,676250,9581250,norte,0.8131,69,0,0
LJ500_R160_C031,160,31,676750,9581250,norte,5.8582,69,0,0
LJ500_R160_C032,160,32,677250,9581250,norte,24.63,69,0,0
LJ500_R160_C033,160,33,677750,9581250,norte,25.0,69,0,0
LJ500_R160_C034,160,34,678250,9581250,norte,25.0,69,0,0
LJ500_R160_C035,160,35,678750,9581250,norte,25.0,69,0,0
LJ500_R160_C036,160,36,679250,9581250,norte,25.0,69,0,0
LJ500_R160_C037,160,37,679750,9581250,norte,25.0,69,0,0
LJ500_R160_C038,160,38,680250,9581250,norte,25.0,69,0,0
LJ500_R160_C039,160,39,680750,9581250,norte,25.0,69,0,0
LJ500_R160_C040,160,40,681250,9581250,norte,25.0,69,0,0
LJ500_R160_C041,160,41,681750,9581250,norte,25.0,69,0,0
LJ500_R160_C042,160,42,682250,9581250,norte,25.0,69,0,0
LJ500_R160_C043,160,43,682750,9581250,norte,25.0,69,0,0
LJ500_R160_C044,160,44,683250,9581250,norte,25.0,69,1,1
LJ500_R160_C045,160,45,683750,9581250,norte,25.0,69,1,1
LJ500_R160_C046,160,46,684250,9581250,norte,25.0,69,1,1
LJ500_R160_C047,160,47,684750,9581250,norte,25.0,69,0,0
LJ500_R160_C048,160,48,685250,9581250,norte,25.0,69,0,0
LJ500_R160_C049,160,49,685750,9581250,norte,25.0,69,0,0
LJ500_R160_C050,160,50,686250,9581250,norte,25.0,69,0,0
LJ500_R160_C051,160,51,686750,9581250,norte,25.0,69,0,0
LJ500_R160_C052,160,52,687250,9581250,norte,25.0,69,0,0
LJ500_R160_C053,160,53,687750,9581250,norte,25.0,69,0,0
LJ500_R160_C054,160,54,688250,9581250,norte,25.0,69,0,0
LJ500_R160_C055,160,55,688750,9581250,norte,25.0,69,0,0
LJ500_R160_C056,160,56,689250,9581250,norte,25.0,69,0,0
LJ500_R160_C057,160,57,689750,9581250,norte,25.0,69,0,0
LJ500_R160_C058,160,58,690250,9581250,norte,25.0,69,0,0
LJ500_R160_C059,160,59,690750,9581250,norte,25.0,69,0,0
LJ500_R160_C060,160,60,691250,9581250,norte,25.0,69,0,0
LJ500_R160_C061,160,61,691750,9581250,norte,25.0,69,0,0
LJ500_R160_C062,160,62,692250,9581250,norte,25.0,69,0,0
LJ500_R160_C063,160,63,692750,9581250,norte,25.0,69,0,0
LJ500_R160_C064,160,64,693250,9581250,norte,25.0,69,0,0
LJ500_R160_C065,160,65,693750,9581250,norte,25.0,69,0,0
LJ500_R160_C066,160,66,694250,9581250,norte,25.0,69,0,0
LJ500_R160_C067,160,67,694750,9581250,norte,25.0,69,0,0
LJ500_R160_C068,160,68,695250,9581250,norte,25.0,69,0,0
LJ500_R160_C069,160,69,695750,9581250,norte,25.0,69,0,0
LJ500_R160_C070,160,70,696250,9581250,norte,25.0,69,0,0
LJ500_R160_C071,160,71,696750,9581250,norte,25.0,69,0,0
LJ500_R160_C072,160,72,697250,9581250,norte,25.0,69,0,0
LJ500_R160_C073,160,73,697750,9581250,norte,25.0,69,0,0
LJ500_R160_C074,160,74,698250,9581250,norte,25.0,69,2,2
LJ500_R160_C075,160,75,698750,9581250,norte,25.0,69,2,2
LJ500_R160_C076,160,76,699250,9581250,norte,25.0,69,2,2
LJ500_R160_C077,160,77,699750,9581250,norte,25.0,69,0,0
LJ500_R160_C078,160,78,700250,9581250,norte,25.0,69,0,0
LJ500_R160_C079,160,79,700750,9581250,norte,25.0,69,0,0
LJ500_R160_C080,160,80,701250,9581250,norte,25.0,69,0,0
LJ500_R160_C081,160,81,701750,9581250,norte,25.0,69,0,0
LJ500_R160_C082,160,82,702250,9581250,norte,25.0,69,0,0
LJ500_R160_C083,160,83,702750,9581250,norte,5.3559,69,0,0
LJ500_R161_C032,161,32,677250,9581750,norte,20.32,69,0,0
LJ500_R161_C033,161,33,677750,9581750,norte,25.0,69,0,0
LJ500_R161_C034,161,34,678250,9581750,norte,25.0,69,0,0
LJ500_R161_C035,161,35,678750,9581750,norte,25.0,69,0,0
LJ500_R161_C036,161,36,679250,9581750,norte,25.0,69,0,0
LJ500_R161_C037,161,37,679750,9581750,norte,25.0,69,0,0
LJ500_R161_C038,161,38,680250,9581750,norte,25.0,69,0,0
LJ500_R161_C039,161,39,680750,9581750,norte,25.0,69,0,0
LJ500_R161_C040,161,40,681250,9581750,norte,25.0,69,0,0
LJ500_R161_C041,161,41,681750,9581750,norte,25.0,69,0,0
LJ500_R161_C042,161,42,682250,9581750,norte,25.0,69,0,0
LJ500_R161_C043,161,43,682750,9581750,norte,25.0,69,1,1
LJ500_R161_C044,161,44,683250,9581750,norte,25.0,69,1,1
LJ500_R161_C045,161,45,683750,9581750,norte,25.0,69,1,1
LJ500_R161_C046,161,46,684250,9581750,norte,25.0,69,1,1
LJ500_R161_C047,161,47,684750,9581750,norte,25.0,69,0,0
LJ500_R161_C048,161,48,685250,9581750,norte,25.0,69,1,1
LJ500_R161_C049,161,49,685750,9581750,norte,25.0,69,1,1
LJ500_R161_C050,161,50,686250,9581750,norte,25.0,69,1,1
LJ500_R161_C051,161,51,686750,9581750,norte,25.0,69,0,0
LJ500_R161_C052,161,52,687250,9581750,norte,25.0,69,3,3
LJ500_R161_C053,161,53,687750,9581750,norte,25.0,69,3,3
LJ500_R161_C054,161,54,688250,9581750,norte,25.0,69,3,3
LJ500_R161_C055,161,55,688750,9581750,norte,25.0,69,0,0
LJ500_R161_C056,161,56,689250,9581750,norte,25.0,69,0,0
LJ500_R161_C057,161,57,689750,9581750,norte,25.0,69,0,0
LJ500_R161_C058,161,58,690250,9581750,norte,25.0,69,0,0
LJ500_R161_C059,161,59,690750,9581750,norte,25.0,69,0,0
LJ500_R161_C060,161,60,691250,9581750,norte,25.0,69,0,0
LJ500_R161_C061,161,61,691750,9581750,norte,25.0,69,0,0
LJ500_R161_C062,161,62,692250,9581750,norte,25.0,69,0,0
LJ500_R161_C063,161,63,692750,9581750,norte,25.0,69,0,0
LJ500_R161_C064,161,64,693250,9581750,norte,25.0,69,0,0
LJ500_R161_C065,161,65,693750,9581750,norte,25.0,69,0,0
LJ500_R161_C066,161,66,694250,9581750,norte,25.0,69,0,0
LJ500_R161_C067,161,67,694750,9581750,norte,25.0,69,0,0
LJ500_R161_C068,161,68,695250,9581750,norte,25.0,69,0,0
LJ500_R161_C069,161,69,695750,9581750,norte,25.0,69,0,0
LJ500_R161_C070,161,70,696250,9581750,norte,25.0,69,0,0
LJ500_R161_C071,161,71,696750,9581750,norte,25.0,69,0,0
LJ500_R161_C072,161,72,697250,9581750,norte,25.0,69,0,0
LJ500_R161_C073,161,73,697750,9581750,norte,25.0,69,0,0
LJ500_R161_C074,161,74,698250,9581750,norte,25.0,69,2,2
LJ500_R161_C075,161,75,698750,9581750,norte,25.0,69,2,2
LJ500_R161_C076,161,76,699250,9581750,norte,25.0,69,2,2
LJ500_R161_C077,161,77,699750,9581750,norte,25.0,69,0,0
LJ500_R161_C078,161,78,700250,9581750,norte,25.0,69,0,0
LJ500_R161_C079,161,79,700750,9581750,norte,25.0,69,0,0
LJ500_R161_C080,161,80,701250,9581750,norte,25.0,69,0,0
LJ500_R161_C081,161,81,701750,9581750,norte,25.0,69,0,0
LJ500_R161_C082,161,82,702250,9581750,norte,24.03,69,0,0
LJ500_R161_C083,161,83,702750,9581750,norte,2.7754,69,0,0
LJ500_R162_C032,162,32,677250,9582250,norte,18.01,69,0,0
LJ500_R162_C033,162,33,677750,9582250,norte,25.0,69,0,0
LJ500_R162_C034,162,34,678250,9582250,norte,25.0,69,0,0
LJ500_R162_C035,162,35,678750,9582250,norte,25.0,69,0,0
LJ500_R162_C036,162,36,679250,9582250,norte,25.0,69,0,0
LJ500_R162_C037,162,37,679750,9582250,norte,25.0,69,0,0
LJ500_R162_C038,162,38,680250,9582250,norte,25.0,69,0,0
LJ500_R162_C039,162,39,680750,9582250,norte,25.0,69,0,0
LJ500_R162_C040,162,40,681250,9582250,norte,25.0,69,0,0
LJ500_R162_C041,162,41,681750,9582250,norte,25.0,69,0,0
LJ500_R162_C042,162,42,682250,9582250,norte,25.0,69,0,0
LJ500_R162_C043,162,43,682750,9582250,norte,25.0,69,1,1
LJ500_R162_C044,162,44,683250,9582250,norte,25.0,69,1,1
LJ500_R162_C045,162,45,683750,9582250,norte,25.0,69,1,1
LJ500_R162_C046,162,46,684250,9582250,norte,25.0,69,1,1
LJ500_R162_C047,162,47,684750,9582250,norte,25.0,69,0,0
LJ500_R162_C048,162,48,685250,9582250,norte,25.0,69,1,1
LJ500_R162_C049,162,49,685750,9582250,norte,25.0,69,1,1
LJ500_R162_C050,162,50,686250,9582250,norte,25.0,69,1,1
LJ500_R162_C051,162,51,686750,9582250,norte,25.0,69,0,0
LJ500_R162_C052,162,52,687250,9582250,norte,25.0,69,3,3
LJ500_R162_C053,162,53,687750,9582250,norte,25.0,69,3,3
LJ500_R162_C054,162,54,688250,9582250,norte,25.0,69,3,3
LJ500_R162_C055,162,55,688750,9582250,norte,25.0,69,0,0
LJ500_R162_C056,162,56,689250,9582250,norte,25.0,69,0,0
LJ500_R162_C057,162,57,689750,9582250,norte,25.0,69,0,0
LJ500_R162_C058,162,58,690250,9582250,norte,25.0,69,0,0
LJ500_R162_C059,162,59,690750,9582250,norte,25.0,69,0,0
LJ500_R162_C060,162,60,691250,9582250,norte,25.0,69,0,0
LJ500_R162_C061,162,61,691750,9582250,norte,25.0,69,0,0
LJ500_R162_C062,162,62,692250,9582250,norte,25.0,69,0,0
LJ500_R162_C063,162,63,692750,9582250,norte,25.0,69,0,0
LJ500_R162_C064,162,64,693250,9582250,norte,25.0,69,0,0
LJ500_R162_C065,162,65,693750,9582250,norte,25.0,69,0,0
LJ500_R162_C066,162,66,694250,9582250,norte,25.0,69,0,0
LJ500_R162_C067,162,67,694750,9582250,norte,25.0,69,0,0
LJ500_R162_C068,162,68,695250,9582250,norte,25.0,69,0,0
LJ500_R162_C069,162,69,695750,9582250,norte,25.0,69,0,0
LJ500_R162_C070,162,70,696250,9582250,norte,25.0,69,0,0
LJ500_R162_C071,162,71,696750,9582250,norte,25.0,69,0,0
LJ500_R162_C072,162,72,697250,9582250,norte,25.0,69,0,0
LJ500_R162_C073,162,73,697750,9582250,norte,25.0,69,0,0
LJ500_R162_C074,162,74,698250,9582250,norte,25.0,69,1,1
LJ500_R162_C075,162,75,698750,9582250,norte,25.0,69,1,1
LJ500_R162_C076,162,76,699250,9582250,norte,25.0,69,1,1
LJ500_R162_C077,162,77,699750,9582250,norte,25.0,69,0,0
LJ500_R162_C078,162,78,700250,9582250,norte,25.0,69,0,0
LJ500_R162_C079,162,79,700750,9582250,norte,25.0,69,0,0
LJ500_R162_C080,162,80,701250,9582250,norte,25.0,69,0,0
LJ500_R162_C081,162,81,701750,9582250,norte,25.0,69,0,0
LJ500_R162_C082,162,82,702250,9582250,norte,20.92,69,0,0
LJ500_R163_C032,163,32,677250,9582750,norte,18.66,69,0,0
LJ500_R163_C033,163,33,677750,9582750,norte,25.0,69,0,0
LJ500_R163_C034,163,34,678250,9582750,norte,25.0,69,0,0
LJ500_R163_C035,163,35,678750,9582750,norte,25.0,69,0,0
LJ500_R163_C036,163,36,679250,9582750,norte,25.0,69,0,0
LJ500_R163_C037,163,37,679750,9582750,norte,25.0,69,0,0
LJ500_R163_C038,163,38,680250,9582750,norte,25.0,69,0,0
LJ500_R163_C039,163,39,680750,9582750,norte,25.0,69,0,0
LJ500_R163_C040,163,40,681250,9582750,norte,25.0,69,0,0
LJ500_R163_C041,163,41,681750,9582750,norte,25.0,69,0,0
LJ500_R163_C042,163,42,682250,9582750,norte,25.0,69,0,0
LJ500_R163_C043,163,43,682750,9582750,norte,25.0,69,1,1
LJ500_R163_C044,163,44,683250,9582750,norte,25.0,69,1,1
LJ500_R163_C045,163,45,683750,9582750,norte,25.0,69,1,1
LJ500_R163_C046,163,46,684250,9582750,norte,25.0,69,1,1
LJ500_R163_C047,163,47,684750,9582750,norte,25.0,69,0,0
LJ500_R163_C048,163,48,685250,9582750,norte,25.0,69,1,1
LJ500_R163_C049,163,49,685750,9582750,norte,25.0,69,1,1
LJ500_R163_C050,163,50,686250,9582750,norte,25.0,69,2,2
LJ500_R163_C051,163,51,686750,9582750,norte,25.0,69,2,2
LJ500_R163_C052,163,52,687250,9582750,norte,25.0,69,3,3
LJ500_R163_C053,163,53,687750,9582750,norte,25.0,69,3,3
LJ500_R163_C054,163,54,688250,9582750,norte,25.0,69,3,3
LJ500_R163_C055,163,55,688750,9582750,norte,25.0,69,0,0
LJ500_R163_C056,163,56,689250,9582750,norte,25.0,69,0,0
LJ500_R163_C057,163,57,689750,9582750,norte,25.0,69,0,0
LJ500_R163_C058,163,58,690250,9582750,norte,25.0,69,0,0
LJ500_R163_C059,163,59,690750,9582750,norte,25.0,69,0,0
LJ500_R163_C060,163,60,691250,9582750,norte,25.0,69,0,0
LJ500_R163_C061,163,61,691750,9582750,norte,25.0,69,0,0
LJ500_R163_C062,163,62,692250,9582750,norte,25.0,69,0,0
LJ500_R163_C063,163,63,692750,9582750,norte,25.0,69,0,0
LJ500_R163_C064,163,64,693250,9582750,norte,25.0,69,0,0
LJ500_R163_C065,163,65,693750,9582750,norte,25.0,69,0,0
LJ500_R163_C066,163,66,694250,9582750,norte,25.0,69,0,0
LJ500_R163_C067,163,67,694750,9582750,norte,25.0,69,0,0
LJ500_R163_C068,163,68,695250,9582750,norte,25.0,69,0,0
LJ500_R163_C069,163,69,695750,9582750,norte,25.0,69,0,0
LJ500_R163_C070,163,70,696250,9582750,norte,25.0,69,0,0
LJ500_R163_C071,163,71,696750,9582750,norte,25.0,69,0,0
LJ500_R163_C072,163,72,697250,9582750,norte,25.0,69,0,0
LJ500_R163_C073,163,73,697750,9582750,norte,25.0,69,0,0
LJ500_R163_C074,163,74,698250,9582750,norte,25.0,69,0,0
LJ500_R163_C075,163,75,698750,9582750,norte,25.0,69,0,0
LJ500_R163_C076,163,76,699250,9582750,norte,25.0,69,0,0
LJ500_R163_C077,163,77,699750,9582750,norte,25.0,69,0,0
LJ500_R163_C078,163,78,700250,9582750,norte,25.0,69,0,0
LJ500_R163_C079,163,79,700750,9582750,norte,25.0,69,0,0
LJ500_R163_C080,163,80,701250,9582750,norte,25.0,69,0,0
LJ500_R163_C081,163,81,701750,9582750,norte,25.0,69,0,0
LJ500_R163_C082,163,82,702250,9582750,norte,19.97,69,0,0
LJ500_R164_C032,164,32,677250,9583250,norte,12.99,69,0,0
LJ500_R164_C033,164,33,677750,9583250,norte,25.0,69,0,0
LJ500_R164_C034,164,34,678250,9583250,norte,25.0,69,0,0
LJ500_R164_C035,164,35,678750,9583250,norte,25.0,69,0,0
LJ500_R164_C036,164,36,679250,9583250,norte,25.0,69,0,0
LJ500_R164_C037,164,37,679750,9583250,norte,25.0,69,0,0
LJ500_R164_C038,164,38,680250,9583250,norte,25.0,69,0,0
LJ500_R164_C039,164,39,680750,9583250,norte,25.0,69,0,0
LJ500_R164_C040,164,40,681250,9583250,norte,25.0,69,0,0
LJ500_R164_C041,164,41,681750,9583250,norte,25.0,69,0,0
LJ500_R164_C042,164,42,682250,9583250,norte,25.0,69,0,0
LJ500_R164_C043,164,43,682750,9583250,norte,25.0,69,0,0
LJ500_R164_C044,164,44,683250,9583250,norte,25.0,69,0,0
LJ500_R164_C045,164,45,683750,9583250,norte,25.0,69,0,0
LJ500_R164_C046,164,46,684250,9583250,norte,25.0,69,0,0
LJ500_R164_C047,164,47,684750,9583250,norte,25.0,69,0,0
LJ500_R164_C048,164,48,685250,9583250,norte,25.0,69,0,0
LJ500_R164_C049,164,49,685750,9583250,norte,25.0,69,0,0
LJ500_R164_C050,164,50,686250,9583250,norte,25.0,69,2,2
LJ500_R164_C051,164,51,686750,9583250,norte,25.0,69,2,2
LJ500_R164_C052,164,52,687250,9583250,norte,25.0,69,3,3
LJ500_R164_C053,164,53,687750,9583250,norte,25.0,69,3,3
LJ500_R164_C054,164,54,688250,9583250,norte,25.0,69,3,3
LJ500_R164_C055,164,55,688750,9583250,norte,25.0,69,0,0
LJ500_R164_C056,164,56,689250,9583250,norte,25.0,69,0,0
LJ500_R164_C057,164,57,689750,9583250,norte,25.0,69,0,0
LJ500_R164_C058,164,58,690250,9583250,norte,25.0,69,0,0
LJ500_R164_C059,164,59,690750,9583250,norte,25.0,69,0,0
LJ500_R164_C060,164,60,691250,9583250,norte,25.0,69,0,0
LJ500_R164_C061,164,61,691750,9583250,norte,25.0,69,0,0
LJ500_R164_C062,164,62,692250,9583250,norte,25.0,69,0,0
LJ500_R164_C063,164,63,692750,9583250,norte,25.0,69,0,0
LJ500_R164_C064,164,64,693250,9583250,norte,25.0,69,0,0
LJ500_R164_C065,164,65,693750,9583250,norte,25.0,69,0,0
LJ500_R164_C066,164,66,694250,9583250,norte,25.0,69,0,0
LJ500_R164_C067,164,67,694750,9583250,norte,25.0,69,0,0
LJ500_R164_C068,164,68,695250,9583250,norte,25.0,69,0,0
LJ500_R164_C069,164,69,695750,9583250,norte,25.0,69,0,0
LJ500_R164_C070,164,70,696250,9583250,norte,25.0,69,0,0
LJ500_R164_C071,164,71,696750,9583250,norte,25.0,69,0,0
LJ500_R164_C072,164,72,697250,9583250,norte,25.0,69,0,0
LJ500_R164_C073,164,73,697750,9583250,norte,25.0,69,0,0
LJ500_R164_C074,164,74,698250,9583250,norte,25.0,69,0,0
LJ500_R164_C075,164,75,698750,9583250,norte,25.0,69,0,0
LJ500_R164_C076,164,76,699250,9583250,norte,25.0,69,0,0
LJ500_R164_C077,164,77,699750,9583250,norte,25.0,69,0,0
LJ500_R164_C078,164,78,700250,9583250,norte,25.0,69,0,0
LJ500_R164_C079,164,79,700750,9583250,norte,25.0,69,0,0
LJ500_R164_C080,164,80,701250,9583250,norte,25.0,69,0,0
LJ500_R164_C081,164,81,701750,9583250,norte,25.0,69,0,0
LJ500_R164_C082,164,82,702250,9583250,norte,13.08,69,0,0
LJ500_R165_C032,165,32,677250,9583750,norte,10.5,69,0,0
LJ500_R165_C033,165,33,677750,9583750,norte,25.0,69,0,0
LJ500_R165_C034,165,34,678250,9583750,norte,25.0,69,0,0
LJ500_R165_C035,165,35,678750,9583750,norte,25.0,69,0,0
LJ500_R165_C036,165,36,679250,9583750,norte,25.0,69,0,0
LJ500_R165_C037,165,37,679750,9583750,norte,25.0,69,0,0
LJ500_R165_C038,165,38,680250,9583750,norte,25.0,69,0,0
LJ500_R165_C039,165,39,680750,9583750,norte,25.0,69,0,0
LJ500_R165_C040,165,40,681250,9583750,norte,25.0,69,0,0
LJ500_R165_C041,165,41,681750,9583750,norte,25.0,69,0,0
LJ500_R165_C042,165,42,682250,9583750,norte,25.0,69,0,0
LJ500_R165_C043,165,43,682750,9583750,norte,25.0,69,0,0
LJ500_R165_C044,165,44,683250,9583750,norte,25.0,69,0,0
LJ500_R165_C045,165,45,683750,9583750,norte,25.0,69,0,0
LJ500_R165_C046,165,46,684250,9583750,norte,25.0,69,0,0
LJ500_R165_C047,165,47,684750,9583750,norte,25.0,69,0,0
LJ500_R165_C048,165,48,685250,9583750,norte,25.0,69,0,0
LJ500_R165_C049,165,49,685750,9583750,norte,25.0,69,0,0
LJ500_R165_C050,165,50,686250,9583750,norte,25.0,69,1,1
LJ500_R165_C051,165,51,686750,9583750,norte,25.0,69,1,1
LJ500_R165_C052,165,52,687250,9583750,norte,25.0,69,1,1
LJ500_R165_C053,165,53,687750,9583750,norte,25.0,69,0,0
LJ500_R165_C054,165,54,688250,9583750,norte,25.0,69,0,0
LJ500_R165_C055,165,55,688750,9583750,norte,25.0,69,0,0
LJ500_R165_C056,165,56,689250,9583750,norte,25.0,69,0,0
LJ500_R165_C057,165,57,689750,9583750,norte,25.0,69,0,0
LJ500_R165_C058,165,58,690250,9583750,norte,25.0,69,0,0
LJ500_R165_C059,165,59,690750,9583750,norte,25.0,69,0,0
LJ500_R165_C060,165,60,691250,9583750,norte,25.0,69,0,0
LJ500_R165_C061,165,61,691750,9583750,norte,25.0,69,0,0
LJ500_R165_C062,165,62,692250,9583750,norte,25.0,69,0,0
LJ500_R165_C063,165,63,692750,9583750,norte,25.0,69,0,0
LJ500_R165_C064,165,64,693250,9583750,norte,25.0,69,0,0
LJ500_R165_C065,165,65,693750,9583750,norte,25.0,69,0,0
LJ500_R165_C066,165,66,694250,9583750,norte,25.0,69,0,0
LJ500_R165_C067,165,67,694750,9583750,norte,25.0,69,0,0
LJ500_R165_C068,165,68,695250,9583750,norte,25.0,69,0,0
LJ500_R165_C069,165,69,695750,9583750,norte,25.0,69,0,0
LJ500_R165_C070,165,70,696250,9583750,norte,25.0,69,0,0
LJ500_R165_C071,165,71,696750,9583750,norte,25.0,69,0,0
LJ500_R165_C072,165,72,697250,9583750,norte,25.0,69,0,0
LJ500_R165_C073,165,73,697750,9583750,norte,25.0,69,0,0
LJ500_R165_C074,165,74,698250,9583750,norte,25.0,69,0,0
LJ500_R165_C075,165,75,698750,9583750,norte,25.0,69,0,0
LJ500_R165_C076,165,76,699250,9583750,norte,25.0,69,0,0
LJ500_R165_C077,165,77,699750,9583750,norte,25.0,69,0,0
LJ500_R165_C078,165,78,700250,9583750,norte,25.0,69,0,0
LJ500_R165_C079,165,79,700750,9583750,norte,25.0,69,0,0
LJ500_R165_C080,165,80,701250,9583750,norte,25.0,69,0,0
LJ500_R165_C081,165,81,701750,9583750,norte,23.72,69,0,0
LJ500_R165_C082,165,82,702250,9583750,norte,7.0578,69,0,0
LJ500_R166_C032,166,32,677250,9584250,norte,15.4,69,2,2
LJ500_R166_C033,166,33,677750,9584250,norte,25.0,69,0,0
LJ500_R166_C034,166,34,678250,9584250,norte,25.0,69,0,0
LJ500_R166_C035,166,35,678750,9584250,norte,25.0,69,0,0
LJ500_R166_C036,166,36,679250,9584250,norte,25.0,69,0,0
LJ500_R166_C037,166,37,679750,9584250,norte,25.0,69,0,0
LJ500_R166_C038,166,38,680250,9584250,norte,25.0,69,0,0
LJ500_R166_C039,166,39,680750,9584250,norte,25.0,69,0,0
LJ500_R166_C040,166,40,681250,9584250,norte,25.0,69,0,0
LJ500_R166_C041,166,41,681750,9584250,norte,25.0,69,1,1
LJ500_R166_C042,166,42,682250,9584250,norte,25.0,69,1,1
LJ500_R166_C043,166,43,682750,9584250,norte,25.0,69,1,1
LJ500_R166_C044,166,44,683250,9584250,norte,25.0,69,0,0
LJ500_R166_C045,166,45,683750,9584250,norte,25.0,69,0,0
LJ500_R166_C046,166,46,684250,9584250,norte,25.0,69,0,0
LJ500_R166_C047,166,47,684750,9584250,norte,25.0,69,0,0
LJ500_R166_C048,166,48,685250,9584250,norte,25.0,69,0,0
LJ500_R166_C049,166,49,685750,9584250,norte,25.0,69,0,0
LJ500_R166_C050,166,50,686250,9584250,norte,25.0,69,1,1
LJ500_R166_C051,166,51,686750,9584250,norte,25.0,69,1,1
LJ500_R166_C052,166,52,687250,9584250,norte,25.0,69,1,1
LJ500_R166_C053,166,53,687750,9584250,norte,25.0,69,0,0
LJ500_R166_C054,166,54,688250,9584250,norte,25.0,69,0,0
LJ500_R166_C055,166,55,688750,9584250,norte,25.0,69,0,0
LJ500_R166_C056,166,56,689250,9584250,norte,25.0,69,0,0
LJ500_R166_C057,166,57,689750,9584250,norte,25.0,69,0,0
LJ500_R166_C058,166,58,690250,9584250,norte,25.0,69,0,0
LJ500_R166_C059,166,59,690750,9584250,norte,25.0,69,0,0
LJ500_R166_C060,166,60,691250,9584250,norte,25.0,69,0,0
LJ500_R166_C061,166,61,691750,9584250,norte,25.0,69,0,0
LJ500_R166_C062,166,62,692250,9584250,norte,25.0,69,0,0
LJ500_R166_C063,166,63,692750,9584250,norte,25.0,69,0,0
LJ500_R166_C064,166,64,693250,9584250,norte,25.0,69,0,0
LJ500_R166_C065,166,65,693750,9584250,norte,25.0,69,0,0
LJ500_R166_C066,166,66,694250,9584250,norte,25.0,69,0,0
LJ500_R166_C067,166,67,694750,9584250,norte,25.0,69,0,0
LJ500_R166_C068,166,68,695250,9584250,norte,25.0,69,0,0
LJ500_R166_C069,166,69,695750,9584250,norte,25.0,69,0,0
LJ500_R166_C070,166,70,696250,9584250,norte,25.0,69,0,0
LJ500_R166_C071,166,71,696750,9584250,norte,25.0,69,1,1
LJ500_R166_C072,166,72,697250,9584250,norte,25.0,69,1,1
LJ500_R166_C073,166,73,697750,9584250,norte,25.0,69,1,1
LJ500_R166_C074,166,74,698250,9584250,norte,25.0,69,0,0
LJ500_R166_C075,166,75,698750,9584250,norte,25.0,69,0,0
LJ500_R166_C076,166,76,699250,9584250,norte,25.0,69,0,0
LJ500_R166_C077,166,77,699750,9584250,norte,25.0,69,0,0
LJ500_R166_C078,166,78,700250,9584250,norte,25.0,69,0,0
LJ500_R166_C079,166,79,700750,9584250,norte,25.0,69,0,0
LJ500_R166_C080,166,80,701250,9584250,norte,24.91,69,0,0
LJ500_R166_C081,166,81,701750,9584250,norte,5.8882,69,0,0
LJ500_R167_C032,167,32,677250,9584750,norte,15.21,69,2,2
LJ500_R167_C033,167,33,677750,9584750,norte,25.0,69,0,0
LJ500_R167_C034,167,34,678250,9584750,norte,25.0,69,0,0
LJ500_R167_C035,167,35,678750,9584750,norte,25.0,69,0,0
LJ500_R167_C036,167,36,679250,9584750,norte,25.0,69,0,0
LJ500_R167_C037,167,37,679750,9584750,norte,25.0,69,0,0
LJ500_R167_C038,167,38,680250,9584750,norte,25.0,69,0,0
LJ500_R167_C039,167,39,680750,9584750,norte,25.0,69,0,0
LJ500_R167_C040,167,40,681250,9584750,norte,25.0,69,0,0
LJ500_R167_C041,167,41,681750,9584750,norte,25.0,69,1,1
LJ500_R167_C042,167,42,682250,9584750,norte,25.0,69,1,1
LJ500_R167_C043,167,43,682750,9584750,norte,25.0,69,1,1
LJ500_R167_C044,167,44,683250,9584750,norte,25.0,69,0,0
LJ500_R167_C045,167,45,683750,9584750,norte,25.0,69,0,0
LJ500_R167_C046,167,46,684250,9584750,norte,25.0,69,0,0
LJ500_R167_C047,167,47,684750,9584750,norte,25.0,69,0,0
LJ500_R167_C048,167,48,685250,9584750,norte,25.0,69,0,0
LJ500_R167_C049,167,49,685750,9584750,norte,25.0,69,0,0
LJ500_R167_C050,167,50,686250,9584750,norte,25.0,69,0,0
LJ500_R167_C051,167,51,686750,9584750,norte,25.0,69,0,0
LJ500_R167_C052,167,52,687250,9584750,norte,25.0,69,0,0
LJ500_R167_C053,167,53,687750,9584750,norte,25.0,69,0,0
LJ500_R167_C054,167,54,688250,9584750,norte,25.0,69,0,0
LJ500_R167_C055,167,55,688750,9584750,norte,25.0,69,0,0
LJ500_R167_C056,167,56,689250,9584750,norte,25.0,69,0,0
LJ500_R167_C057,167,57,689750,9584750,norte,25.0,69,0,0
LJ500_R167_C058,167,58,690250,9584750,norte,25.0,69,0,0
LJ500_R167_C059,167,59,690750,9584750,norte,25.0,69,0,0
LJ500_R167_C060,167,60,691250,9584750,norte,25.0,69,0,0
LJ500_R167_C061,167,61,691750,9584750,norte,25.0,69,0,0
LJ500_R167_C062,167,62,692250,9584750,norte,25.0,69,0,0
LJ500_R167_C063,167,63,692750,9584750,norte,25.0,69,0,0
LJ500_R167_C064,167,64,693250,9584750,norte,25.0,69,0,0
LJ500_R167_C065,167,65,693750,9584750,norte,25.0,69,0,0
LJ500_R167_C066,167,66,694250,9584750,norte,25.0,69,0,0
LJ500_R167_C067,167,67,694750,9584750,norte,25.0,69,0,0
LJ500_R167_C068,167,68,695250,9584750,norte,25.0,69,0,0
LJ500_R167_C069,167,69,695750,9584750,norte,25.0,69,0,0
LJ500_R167_C070,167,70,696250,9584750,norte,25.0,69,0,0
LJ500_R167_C071,167,71,696750,9584750,norte,25.0,69,1,1
LJ500_R167_C072,167,72,697250,9584750,norte,25.0,69,1,1
LJ500_R167_C073,167,73,697750,9584750,norte,25.0,69,1,1
LJ500_R167_C074,167,74,698250,9584750,norte,25.0,69,0,0
LJ500_R167_C075,167,75,698750,9584750,norte,25.0,69,0,0
LJ500_R167_C076,167,76,699250,9584750,norte,25.0,69,0,0
LJ500_R167_C077,167,77,699750,9584750,norte,25.0,69,0,0
LJ500_R167_C078,167,78,700250,9584750,norte,25.0,69,0,0
LJ500_R167_C079,167,79,700750,9584750,norte,24.88,69,0,0
LJ500_R167_C080,167,80,701250,9584750,norte,10.5,69,0,0
LJ500_R168_C032,168,32,677250,9585250,norte,14.29,69,2,2
LJ500_R168_C033,168,33,677750,9585250,norte,25.0,69,1,1
LJ500_R168_C034,168,34,678250,9585250,norte,25.0,69,1,1
LJ500_R168_C035,168,35,678750,9585250,norte,25.0,69,0,0
LJ500_R168_C036,168,36,679250,9585250,norte,25.0,69,0,0
LJ500_R168_C037,168,37,679750,9585250,norte,25.0,69,0,0
LJ500_R168_C038,168,38,680250,9585250,norte,25.0,69,0,0
LJ500_R168_C039,168,39,680750,9585250,norte,25.0,69,0,0
LJ500_R168_C040,168,40,681250,9585250,norte,25.0,69,0,0
LJ500_R168_C041,168,41,681750,9585250,norte,25.0,69,1,1
LJ500_R168_C042,168,42,682250,9585250,norte,25.0,69,1,1
LJ500_R168_C043,168,43,682750,9585250,norte,25.0,69,2,2
LJ500_R168_C044,168,44,683250,9585250,norte,25.0,69,1,1
LJ500_R168_C045,168,45,683750,9585250,norte,25.0,69,2,1
LJ500_R168_C046,168,46,684250,9585250,norte,25.0,69,1,0
LJ500_R168_C047,168,47,684750,9585250,norte,25.0,69,1,0
LJ500_R168_C048,168,48,685250,9585250,norte,25.0,69,0,0
LJ500_R168_C049,168,49,685750,9585250,norte,25.0,69,0,0
LJ500_R168_C050,168,50,686250,9585250,norte,25.0,69,0,0
LJ500_R168_C051,168,51,686750,9585250,norte,25.0,69,0,0
LJ500_R168_C052,168,52,687250,9585250,norte,25.0,69,0,0
LJ500_R168_C053,168,53,687750,9585250,norte,25.0,69,0,0
LJ500_R168_C054,168,54,688250,9585250,norte,25.0,69,0,0
LJ500_R168_C055,168,55,688750,9585250,norte,25.0,69,0,0
LJ500_R168_C056,168,56,689250,9585250,norte,25.0,69,0,0
LJ500_R168_C057,168,57,689750,9585250,norte,25.0,69,0,0
LJ500_R168_C058,168,58,690250,9585250,norte,25.0,69,0,0
LJ500_R168_C059,168,59,690750,9585250,norte,25.0,69,0,0
LJ500_R168_C060,168,60,691250,9585250,norte,25.0,69,0,0
LJ500_R168_C061,168,61,691750,9585250,norte,25.0,69,0,0
LJ500_R168_C062,168,62,692250,9585250,norte,25.0,69,0,0
LJ500_R168_C063,168,63,692750,9585250,norte,25.0,69,0,0
LJ500_R168_C064,168,64,693250,9585250,norte,25.0,69,0,0
LJ500_R168_C065,168,65,693750,9585250,norte,25.0,69,0,0
LJ500_R168_C066,168,66,694250,9585250,norte,25.0,69,0,0
LJ500_R168_C067,168,67,694750,9585250,norte,25.0,69,0,0
LJ500_R168_C068,168,68,695250,9585250,norte,25.0,69,0,0
LJ500_R168_C069,168,69,695750,9585250,norte,25.0,69,0,0
LJ500_R168_C070,168,70,696250,9585250,norte,25.0,69,0,0
LJ500_R168_C071,168,71,696750,9585250,norte,25.0,69,1,1
LJ500_R168_C072,168,72,697250,9585250,norte,25.0,69,1,1
LJ500_R168_C073,168,73,697750,9585250,norte,25.0,69,1,1
LJ500_R168_C074,168,74,698250,9585250,norte,25.0,69,0,0
LJ500_R168_C075,168,75,698750,9585250,norte,25.0,69,0,0
LJ500_R168_C076,168,76,699250,9585250,norte,25.0,69,0,0
LJ500_R168_C077,168,77,699750,9585250,norte,25.0,69,0,0
LJ500_R168_C078,168,78,700250,9585250,norte,25.0,69,0,0
LJ500_R168_C079,168,79,700750,9585250,norte,24.93,69,0,0
LJ500_R168_C080,168,80,701250,9585250,norte,2.1274,69,0,0
LJ500_R169_C031,169,31,676750,9585750,norte,1.1875,69,1,1
LJ500_R169_C032,169,32,677250,9585750,norte,23.54,69,1,1
LJ500_R169_C033,169,33,677750,9585750,norte,25.0,69,1,1
LJ500_R169_C034,169,34,678250,9585750,norte,25.0,69,1,1
LJ500_R169_C035,169,35,678750,9585750,norte,25.0,69,0,0
LJ500_R169_C036,169,36,679250,9585750,norte,25.0,69,0,0
LJ500_R169_C037,169,37,679750,9585750,norte,25.0,69,0,0
LJ500_R169_C038,169,38,680250,9585750,norte,25.0,69,0,0
LJ500_R169_C039,169,39,680750,9585750,norte,25.0,69,0,0
LJ500_R169_C040,169,40,681250,9585750,norte,25.0,69,0,0
LJ500_R169_C041,169,41,681750,9585750,norte,25.0,69,0,0
LJ500_R169_C042,169,42,682250,9585750,norte,25.0,69,0,0
LJ500_R169_C043,169,43,682750,9585750,norte,25.0,69,1,1
LJ500_R169_C044,169,44,683250,9585750,norte,25.0,69,1,1
LJ500_R169_C045,169,45,683750,9585750,norte,25.0,69,2,1
LJ500_R169_C046,169,46,684250,9585750,norte,25.0,69,1,0
LJ500_R169_C047,169,47,684750,9585750,norte,25.0,69,1,0
LJ500_R169_C048,169,48,685250,9585750,norte,25.0,69,0,0
LJ500_R169_C049,169,49,685750,9585750,norte,25.0,69,0,0
LJ500_R169_C050,169,50,686250,9585750,norte,25.0,69,0,0
LJ500_R169_C051,169,51,686750,9585750,norte,25.0,69,0,0
LJ500_R169_C052,169,52,687250,9585750,norte,25.0,69,0,0
LJ500_R169_C053,169,53,687750,9585750,norte,25.0,69,0,0
LJ500_R169_C054,169,54,688250,9585750,norte,25.0,69,0,0
LJ500_R169_C055,169,55,688750,9585750,norte,25.0,69,0,0
LJ500_R169_C056,169,56,689250,9585750,norte,25.0,69,0,0
LJ500_R169_C057,169,57,689750,9585750,norte,25.0,69,0,0
LJ500_R169_C058,169,58,690250,9585750,norte,25.0,69,0,0
LJ500_R169_C059,169,59,690750,9585750,norte,25.0,69,0,0
LJ500_R169_C060,169,60,691250,9585750,norte,25.0,69,0,0
LJ500_R169_C061,169,61,691750,9585750,norte,25.0,69,0,0
LJ500_R169_C062,169,62,692250,9585750,norte,25.0,69,0,0
LJ500_R169_C063,169,63,692750,9585750,norte,25.0,69,0,0
LJ500_R169_C064,169,64,693250,9585750,norte,25.0,69,0,0
LJ500_R169_C065,169,65,693750,9585750,norte,25.0,69,0,0
LJ500_R169_C066,169,66,694250,9585750,norte,25.0,69,0,0
LJ500_R169_C067,169,67,694750,9585750,norte,25.0,69,0,0
LJ500_R169_C068,169,68,695250,9585750,norte,25.0,69,0,0
LJ500_R169_C069,169,69,695750,9585750,norte,25.0,69,0,0
LJ500_R169_C070,169,70,696250,9585750,norte,25.0,69,0,0
LJ500_R169_C071,169,71,696750,9585750,norte,25.0,69,0,0
LJ500_R169_C072,169,72,697250,9585750,norte,25.0,69,0,0
LJ500_R169_C073,169,73,697750,9585750,norte,25.0,69,0,0
LJ500_R169_C074,169,74,698250,9585750,norte,25.0,69,0,0
LJ500_R169_C075,169,75,698750,9585750,norte,25.0,69,0,0
LJ500_R169_C076,169,76,699250,9585750,norte,25.0,69,0,0
LJ500_R169_C077,169,77,699750,9585750,norte,25.0,69,0,0
LJ500_R169_C078,169,78,700250,9585750,norte,25.0,69,0,0
LJ500_R169_C079,169,79,700750,9585750,norte,21.8,69,0,0
LJ500_R169_C080,169,80,701250,9585750,norte,0.6138,69,0,0
LJ500_R170_C031,170,31,676750,9586250,norte,13.02,69,1,1
LJ500_R170_C032,170,32,677250,9586250,norte,25.0,69,1,1
LJ500_R170_C033,170,33,677750,9586250,norte,25.0,69,1,1
LJ500_R170_C034,170,34,678250,9586250,norte,25.0,69,1,1
LJ500_R170_C035,170,35,678750,9586250,norte,25.0,69,1,1
LJ500_R170_C036,170,36,679250,9586250,norte,25.0,69,1,1
LJ500_R170_C037,170,37,679750,9586250,norte,25.0,69,0,0
LJ500_R170_C038,170,38,680250,9586250,norte,25.0,69,0,0
LJ500_R170_C039,170,39,680750,9586250,norte,25.0,69,0,0
LJ500_R170_C040,170,40,681250,9586250,norte,25.0,69,0,0
LJ500_R170_C041,170,41,681750,9586250,norte,25.0,69,0,0
LJ500_R170_C042,170,42,682250,9586250,norte,25.0,69,0,0
LJ500_R170_C043,170,43,682750,9586250,norte,25.0,69,1,1
LJ500_R170_C044,170,44,683250,9586250,norte,25.0,69,1,1
LJ500_R170_C045,170,45,683750,9586250,norte,25.0,69,2,1
LJ500_R170_C046,170,46,684250,9586250,norte,25.0,69,1,0
LJ500_R170_C047,170,47,684750,9586250,norte,25.0,69,1,0
LJ500_R170_C048,170,48,685250,9586250,norte,25.0,69,0,0
LJ500_R170_C049,170,49,685750,9586250,norte,25.0,69,0,0
LJ500_R170_C050,170,50,686250,9586250,norte,25.0,69,0,0
LJ500_R170_C051,170,51,686750,9586250,norte,25.0,69,0,0
LJ500_R170_C052,170,52,687250,9586250,norte,25.0,69,0,0
LJ500_R170_C053,170,53,687750,9586250,norte,25.0,69,0,0
LJ500_R170_C054,170,54,688250,9586250,norte,25.0,69,0,0
LJ500_R170_C055,170,55,688750,9586250,norte,25.0,69,0,0
LJ500_R170_C056,170,56,689250,9586250,norte,25.0,69,0,0
LJ500_R170_C057,170,57,689750,9586250,norte,25.0,69,0,0
LJ500_R170_C058,170,58,690250,9586250,norte,25.0,69,0,0
LJ500_R170_C059,170,59,690750,9586250,norte,25.0,69,0,0
LJ500_R170_C060,170,60,691250,9586250,norte,25.0,69,0,0
LJ500_R170_C061,170,61,691750,9586250,norte,25.0,69,0,0
LJ500_R170_C062,170,62,692250,9586250,norte,25.0,69,0,0
LJ500_R170_C063,170,63,692750,9586250,norte,25.0,69,0,0
LJ500_R170_C064,170,64,693250,9586250,norte,25.0,69,0,0
LJ500_R170_C065,170,65,693750,9586250,norte,25.0,69,0,0
LJ500_R170_C066,170,66,694250,9586250,norte,25.0,69,0,0
LJ500_R170_C067,170,67,694750,9586250,norte,25.0,69,0,0
LJ500_R170_C068,170,68,695250,9586250,norte,25.0,69,0,0
LJ500_R170_C069,170,69,695750,9586250,norte,25.0,69,0,0
LJ500_R170_C070,170,70,696250,9586250,norte,25.0,69,0,0
LJ500_R170_C071,170,71,696750,9586250,norte,25.0,69,0,0
LJ500_R170_C072,170,72,697250,9586250,norte,25.0,69,0,0
LJ500_R170_C073,170,73,697750,9586250,norte,25.0,69,0,0
LJ500_R170_C074,170,74,698250,9586250,norte,25.0,69,0,0
LJ500_R170_C075,170,75,698750,9586250,norte,25.0,69,0,0
LJ500_R170_C076,170,76,699250,9586250,norte,25.0,69,0,0
LJ500_R170_C077,170,77,699750,9586250,norte,25.0,69,0,0
LJ500_R170_C078,170,78,700250,9586250,norte,25.0,69,0,0
LJ500_R170_C079,170,79,700750,9586250,norte,15.74,69,0,0
LJ500_R171_C030,171,30,676250,9586750,norte,0.0,0,0,0
LJ500_R171_C031,171,31,676750,9586750,norte,22.41,69,1,1
LJ500_R171_C032,171,32,677250,9586750,norte,25.0,69,1,1
LJ500_R171_C033,171,33,677750,9586750,norte,25.0,69,1,1
LJ500_R171_C034,171,34,678250,9586750,norte,25.0,69,1,1
LJ500_R171_C035,171,35,678750,9586750,norte,25.0,69,1,1
LJ500_R171_C036,171,36,679250,9586750,norte,25.0,69,1,1
LJ500_R171_C037,171,37,679750,9586750,norte,25.0,69,0,0
LJ500_R171_C038,171,38,680250,9586750,norte,25.0,69,0,0
LJ500_R171_C039,171,39,680750,9586750,norte,25.0,69,0,0
LJ500_R171_C040,171,40,681250,9586750,norte,25.0,69,0,0
LJ500_R171_C041,171,41,681750,9586750,norte,25.0,69,0,0
LJ500_R171_C042,171,42,682250,9586750,norte,25.0,69,0,0
LJ500_R171_C043,171,43,682750,9586750,norte,25.0,69,0,0
LJ500_R171_C044,171,44,683250,9586750,norte,25.0,69,0,0
LJ500_R171_C045,171,45,683750,9586750,norte,25.0,69,0,0
LJ500_R171_C046,171,46,684250,9586750,norte,25.0,69,0,0
LJ500_R171_C047,171,47,684750,9586750,norte,25.0,69,0,0
LJ500_R171_C048,171,48,685250,9586750,norte,25.0,69,0,0
LJ500_R171_C049,171,49,685750,9586750,norte,25.0,69,0,0
LJ500_R171_C050,171,50,686250,9586750,norte,25.0,69,0,0
LJ500_R171_C051,171,51,686750,9586750,norte,25.0,69,0,0
LJ500_R171_C052,171,52,687250,9586750,norte,25.0,69,0,0
LJ500_R171_C053,171,53,687750,9586750,norte,25.0,69,0,0
LJ500_R171_C054,171,54,688250,9586750,norte,25.0,69,0,0
LJ500_R171_C055,171,55,688750,9586750,norte,25.0,69,0,0
LJ500_R171_C056,171,56,689250,9586750,norte,25.0,69,0,0
LJ500_R171_C057,171,57,689750,9586750,norte,25.0,69,0,0
LJ500_R171_C058,171,58,690250,9586750,norte,25.0,69,0,0
LJ500_R171_C059,171,59,690750,9586750,norte,25.0,69,0,0
LJ500_R171_C060,171,60,691250,9586750,norte,25.0,69,0,0
LJ500_R171_C061,171,61,691750,9586750,norte,25.0,69,0,0
LJ500_R171_C062,171,62,692250,9586750,norte,25.0,69,0,0
LJ500_R171_C063,171,63,692750,9586750,norte,25.0,69,0,0
LJ500_R171_C064,171,64,693250,9586750,norte,25.0,69,0,0
LJ500_R171_C065,171,65,693750,9586750,norte,25.0,69,0,0
LJ500_R171_C066,171,66,694250,9586750,norte,25.0,69,0,0
LJ500_R171_C067,171,67,694750,9586750,norte,25.0,69,0,0
LJ500_R171_C068,171,68,695250,9586750,norte,25.0,69,0,0
LJ500_R171_C069,171,69,695750,9586750,norte,25.0,69,0,0
LJ500_R171_C070,171,70,696250,9586750,norte,25.0,69,0,0
LJ500_R171_C071,171,71,696750,9586750,norte,25.0,69,0,0
LJ500_R171_C072,171,72,697250,9586750,norte,25.0,69,0,0
LJ500_R171_C073,171,73,697750,9586750,norte,25.0,69,0,0
LJ500_R171_C074,171,74,698250,9586750,norte,25.0,69,0,0
LJ500_R171_C075,171,75,698750,9586750,norte,25.0,69,0,0
LJ500_R171_C076,171,76,699250,9586750,norte,25.0,69,0,0
LJ500_R171_C077,171,77,699750,9586750,norte,25.0,69,0,0
LJ500_R171_C078,171,78,700250,9586750,norte,25.0,69,0,0
LJ500_R171_C079,171,79,700750,9586750,norte,14.36,69,0,0
LJ500_R172_C030,172,30,676250,9587250,norte,6.1381,69,0,0
LJ500_R172_C031,172,31,676750,9587250,norte,25.0,69,1,1
LJ500_R172_C032,172,32,677250,9587250,norte,25.0,69,1,1
LJ500_R172_C033,172,33,677750,9587250,norte,25.0,69,1,1
LJ500_R172_C034,172,34,678250,9587250,norte,25.0,69,1,1
LJ500_R172_C035,172,35,678750,9587250,norte,25.0,69,1,1
LJ500_R172_C036,172,36,679250,9587250,norte,25.0,69,1,1
LJ500_R172_C037,172,37,679750,9587250,norte,25.0,69,0,0
LJ500_R172_C038,172,38,680250,9587250,norte,25.0,69,0,0
LJ500_R172_C039,172,39,680750,9587250,norte,25.0,69,0,0
LJ500_R172_C040,172,40,681250,9587250,norte,25.0,69,0,0
LJ500_R172_C041,172,41,681750,9587250,norte,25.0,69,0,0
LJ500_R172_C042,172,42,682250,9587250,norte,25.0,69,0,0
LJ500_R172_C043,172,43,682750,9587250,norte,25.0,69,0,0
LJ500_R172_C044,172,44,683250,9587250,norte,25.0,69,0,0
LJ500_R172_C045,172,45,683750,9587250,norte,25.0,69,0,0
LJ500_R172_C046,172,46,684250,9587250,norte,25.0,69,0,0
LJ500_R172_C047,172,47,684750,9587250,norte,25.0,69,0,0
LJ500_R172_C048,172,48,685250,9587250,norte,25.0,69,0,0
LJ500_R172_C049,172,49,685750,9587250,norte,25.0,69,0,0
LJ500_R172_C050,172,50,686250,9587250,norte,25.0,69,0,0
LJ500_R172_C051,172,51,686750,9587250,norte,25.0,69,0,0
LJ500_R172_C052,172,52,687250,9587250,norte,25.0,69,0,0
LJ500_R172_C053,172,53,687750,9587250,norte,25.0,69,0,0
LJ500_R172_C054,172,54,688250,9587250,norte,25.0,69,0,0
LJ500_R172_C055,172,55,688750,9587250,norte,25.0,69,0,0
LJ500_R172_C056,172,56,689250,9587250,norte,25.0,69,0,0
LJ500_R172_C057,172,57,689750,9587250,norte,25.0,69,0,0
LJ500_R172_C058,172,58,690250,9587250,norte,25.0,69,0,0
LJ500_R172_C059,172,59,690750,9587250,norte,25.0,69,0,0
LJ500_R172_C060,172,60,691250,9587250,norte,25.0,69,0,0
LJ500_R172_C061,172,61,691750,9587250,norte,25.0,69,0,0
LJ500_R172_C062,172,62,692250,9587250,norte,25.0,69,0,0
LJ500_R172_C063,172,63,692750,9587250,norte,25.0,69,0,0
LJ500_R172_C064,172,64,693250,9587250,norte,25.0,69,0,0
LJ500_R172_C065,172,65,693750,9587250,norte,25.0,69,0,0
LJ500_R172_C066,172,66,694250,9587250,norte,25.0,69,1,1
LJ500_R172_C067,172,67,694750,9587250,norte,25.0,69,1,1
LJ500_R172_C068,172,68,695250,9587250,norte,25.0,69,1,1
LJ500_R172_C069,172,69,695750,9587250,norte,25.0,69,0,0
LJ500_R172_C070,172,70,696250,9587250,norte,25.0,69,1,1
LJ500_R172_C071,172,71,696750,9587250,norte,25.0,69,1,1
LJ500_R172_C072,172,72,697250,9587250,norte,25.0,69,0,0
LJ500_R172_C073,172,73,697750,9587250,norte,25.0,69,0,0
LJ500_R172_C074,172,74,698250,9587250,norte,25.0,69,0,0
LJ500_R172_C075,172,75,698750,9587250,norte,25.0,69,0,0
LJ500_R172_C076,172,76,699250,9587250,norte,25.0,69,0,0
LJ500_R172_C077,172,77,699750,9587250,norte,25.0,69,0,0
LJ500_R172_C078,172,78,700250,9587250,norte,25.0,69,0,0
LJ500_R172_C079,172,79,700750,9587250,norte,3.9686,69,0,0
LJ500_R173_C030,173,30,676250,9587750,norte,17.12,69,0,0
LJ500_R173_C031,173,31,676750,9587750,norte,25.0,69,1,1
LJ500_R173_C032,173,32,677250,9587750,norte,25.0,69,1,1
LJ500_R173_C033,173,33,677750,9587750,norte,25.0,69,1,1
LJ500_R173_C034,173,34,678250,9587750,norte,25.0,69,0,0
LJ500_R173_C035,173,35,678750,9587750,norte,25.0,69,0,0
LJ500_R173_C036,173,36,679250,9587750,norte,25.0,69,0,0
LJ500_R173_C037,173,37,679750,9587750,norte,25.0,69,0,0
LJ500_R173_C038,173,38,680250,9587750,norte,25.0,69,0,0
LJ500_R173_C039,173,39,680750,9587750,norte,25.0,69,0,0
LJ500_R173_C040,173,40,681250,9587750,norte,25.0,69,0,0
LJ500_R173_C041,173,41,681750,9587750,norte,25.0,69,0,0
LJ500_R173_C042,173,42,682250,9587750,norte,25.0,69,0,0
LJ500_R173_C043,173,43,682750,9587750,norte,25.0,69,0,0
LJ500_R173_C044,173,44,683250,9587750,norte,25.0,69,0,0
LJ500_R173_C045,173,45,683750,9587750,norte,25.0,69,0,0
LJ500_R173_C046,173,46,684250,9587750,norte,25.0,69,0,0
LJ500_R173_C047,173,47,684750,9587750,norte,25.0,69,0,0
LJ500_R173_C048,173,48,685250,9587750,norte,25.0,69,0,0
LJ500_R173_C049,173,49,685750,9587750,norte,25.0,69,0,0
LJ500_R173_C050,173,50,686250,9587750,norte,25.0,69,0,0
LJ500_R173_C051,173,51,686750,9587750,norte,25.0,69,0,0
LJ500_R173_C052,173,52,687250,9587750,norte,25.0,69,0,0
LJ500_R173_C053,173,53,687750,9587750,norte,25.0,69,0,0
LJ500_R173_C054,173,54,688250,9587750,norte,25.0,69,0,0
LJ500_R173_C055,173,55,688750,9587750,norte,25.0,69,0,0
LJ500_R173_C056,173,56,689250,9587750,norte,25.0,69,0,0
LJ500_R173_C057,173,57,689750,9587750,norte,25.0,69,0,0
LJ500_R173_C058,173,58,690250,9587750,norte,25.0,69,0,0
LJ500_R173_C059,173,59,690750,9587750,norte,25.0,69,0,0
LJ500_R173_C060,173,60,691250,9587750,norte,25.0,69,0,0
LJ500_R173_C061,173,61,691750,9587750,norte,25.0,69,0,0
LJ500_R173_C062,173,62,692250,9587750,norte,25.0,69,0,0
LJ500_R173_C063,173,63,692750,9587750,norte,25.0,69,0,0
LJ500_R173_C064,173,64,693250,9587750,norte,25.0,69,0,0
LJ500_R173_C065,173,65,693750,9587750,norte,25.0,69,0,0
LJ500_R173_C066,173,66,694250,9587750,norte,25.0,69,1,1
LJ500_R173_C067,173,67,694750,9587750,norte,25.0,69,1,1
LJ500_R173_C068,173,68,695250,9587750,norte,25.0,69,1,1
LJ500_R173_C069,173,69,695750,9587750,norte,25.0,69,0,0
LJ500_R173_C070,173,70,696250,9587750,norte,25.0,69,1,1
LJ500_R173_C071,173,71,696750,9587750,norte,25.0,69,1,1
LJ500_R173_C072,173,72,697250,9587750,norte,25.0,69,1,1
LJ500_R173_C073,173,73,697750,9587750,norte,25.0,69,0,0
LJ500_R173_C074,173,74,698250,9587750,norte,25.0,69,0,0
LJ500_R173_C075,173,75,698750,9587750,norte,25.0,69,0,0
LJ500_R173_C076,173,76,699250,9587750,norte,25.0,69,0,0
LJ500_R173_C077,173,77,699750,9587750,norte,25.0,69,0,0
LJ500_R173_C078,173,78,700250,9587750,norte,23.33,69,0,0
LJ500_R173_C079,173,79,700750,9587750,norte,0.0117,0,0,0
LJ500_R174_C029,174,29,675750,9588250,norte,0.3741,69,0,0
LJ500_R174_C030,174,30,676250,9588250,norte,21.22,69,0,0
LJ500_R174_C031,174,31,676750,9588250,norte,25.0,69,1,1
LJ500_R174_C032,174,32,677250,9588250,norte,25.0,69,1,1
LJ500_R174_C033,174,33,677750,9588250,norte,25.0,69,1,1
LJ500_R174_C034,174,34,678250,9588250,norte,25.0,69,0,0
LJ500_R174_C035,174,35,678750,9588250,norte,25.0,69,0,0
LJ500_R174_C036,174,36,679250,9588250,norte,25.0,69,0,0
LJ500_R174_C037,174,37,679750,9588250,norte,25.0,69,0,0
LJ500_R174_C038,174,38,680250,9588250,norte,25.0,69,0,0
LJ500_R174_C039,174,39,680750,9588250,norte,25.0,69,0,0
LJ500_R174_C040,174,40,681250,9588250,norte,25.0,69,1,1
LJ500_R174_C041,174,41,681750,9588250,norte,25.0,69,1,1
LJ500_R174_C042,174,42,682250,9588250,norte,25.0,69,1,1
LJ500_R174_C043,174,43,682750,9588250,norte,25.0,69,1,1
LJ500_R174_C044,174,44,683250,9588250,norte,25.0,69,1,1
LJ500_R174_C045,174,45,683750,9588250,norte,25.0,69,1,1
LJ500_R174_C046,174,46,684250,9588250,norte,25.0,69,1,1
LJ500_R174_C047,174,47,684750,9588250,norte,25.0,69,0,0
LJ500_R174_C048,174,48,685250,9588250,norte,25.0,69,1,1
LJ500_R174_C049,174,49,685750,9588250,norte,25.0,69,1,1
LJ500_R174_C050,174,50,686250,9588250,norte,25.0,69,0,0
LJ500_R174_C051,174,51,686750,9588250,norte,25.0,69,0,0
LJ500_R174_C052,174,52,687250,9588250,norte,25.0,69,0,0
LJ500_R174_C053,174,53,687750,9588250,norte,25.0,69,0,0
LJ500_R174_C054,174,54,688250,9588250,norte,25.0,69,0,0
LJ500_R174_C055,174,55,688750,9588250,norte,25.0,69,0,0
LJ500_R174_C056,174,56,689250,9588250,norte,25.0,69,0,0
LJ500_R174_C057,174,57,689750,9588250,norte,25.0,69,0,0
LJ500_R174_C058,174,58,690250,9588250,norte,25.0,69,0,0
LJ500_R174_C059,174,59,690750,9588250,norte,25.0,69,0,0
LJ500_R174_C060,174,60,691250,9588250,norte,25.0,69,0,0
LJ500_R174_C061,174,61,691750,9588250,norte,25.0,69,0,0
LJ500_R174_C062,174,62,692250,9588250,norte,25.0,69,0,0
LJ500_R174_C063,174,63,692750,9588250,norte,25.0,69,0,0
LJ500_R174_C064,174,64,693250,9588250,norte,25.0,69,0,0
LJ500_R174_C065,174,65,693750,9588250,norte,25.0,69,0,0
LJ500_R174_C066,174,66,694250,9588250,norte,25.0,69,1,1
LJ500_R174_C067,174,67,694750,9588250,norte,25.0,69,1,1
LJ500_R174_C068,174,68,695250,9588250,norte,25.0,69,1,1
LJ500_R174_C069,174,69,695750,9588250,norte,25.0,69,0,0
LJ500_R174_C070,174,70,696250,9588250,norte,25.0,69,1,1
LJ500_R174_C071,174,71,696750,9588250,norte,25.0,69,1,1
LJ500_R174_C072,174,72,697250,9588250,norte,25.0,69,1,1
LJ500_R174_C073,174,73,697750,9588250,norte,25.0,69,0,0
LJ500_R174_C074,174,74,698250,9588250,norte,25.0,69,0,0
LJ500_R174_C075,174,75,698750,9588250,norte,25.0,69,0,0
LJ500_R174_C076,174,76,699250,9588250,norte,25.0,69,0,0
LJ500_R174_C077,174,77,699750,9588250,norte,25.0,69,0,0
LJ500_R174_C078,174,78,700250,9588250,norte,15.22,69,0,0
LJ500_R175_C030,175,30,676250,9588750,norte,3.1613,69,0,0
LJ500_R175_C031,175,31,676750,9588750,norte,20.27,69,0,0
LJ500_R175_C032,175,32,677250,9588750,norte,25.0,69,0,0
LJ500_R175_C033,175,33,677750,9588750,norte,25.0,69,0,0
LJ500_R175_C034,175,34,678250,9588750,norte,25.0,69,0,0
LJ500_R175_C035,175,35,678750,9588750,norte,25.0,69,0,0
LJ500_R175_C036,175,36,679250,9588750,norte,25.0,69,0,0
LJ500_R175_C037,175,37,679750,9588750,norte,25.0,69,0,0
LJ500_R175_C038,175,38,680250,9588750,norte,25.0,69,0,0
LJ500_R175_C039,175,39,680750,9588750,norte,25.0,69,0,0
LJ500_R175_C040,175,40,681250,9588750,norte,25.0,69,1,1
LJ500_R175_C041,175,41,681750,9588750,norte,25.0,69,1,1
LJ500_R175_C042,175,42,682250,9588750,norte,25.0,69,1,1
LJ500_R175_C043,175,43,682750,9588750,norte,25.0,69,1,1
LJ500_R175_C044,175,44,683250,9588750,norte,25.0,69,1,1
LJ500_R175_C045,175,45,683750,9588750,norte,25.0,69,1,1
LJ500_R175_C046,175,46,684250,9588750,norte,25.0,69,1,1
LJ500_R175_C047,175,47,684750,9588750,norte,25.0,69,0,0
LJ500_R175_C048,175,48,685250,9588750,norte,25.0,69,1,1
LJ500_R175_C049,175,49,685750,9588750,norte,23.69,69,1,1
LJ500_R175_C050,175,50,686250,9588750,norte,16.77,69,0,0
LJ500_R175_C051,175,51,686750,9588750,norte,8.3257,69,0,0
LJ500_R175_C052,175,52,687250,9588750,norte,24.74,69,0,0
LJ500_R175_C053,175,53,687750,9588750,norte,25.0,69,0,0
LJ500_R175_C054,175,54,688250,9588750,norte,25.0,69,0,0
LJ500_R175_C055,175,55,688750,9588750,norte,25.0,69,0,0
LJ500_R175_C056,175,56,689250,9588750,norte,25.0,69,0,0
LJ500_R175_C057,175,57,689750,9588750,norte,25.0,69,0,0
LJ500_R175_C058,175,58,690250,9588750,norte,25.0,69,0,0
LJ500_R175_C059,175,59,690750,9588750,norte,25.0,69,0,0
LJ500_R175_C060,175,60,691250,9588750,norte,25.0,69,0,0
LJ500_R175_C061,175,61,691750,9588750,norte,25.0,69,0,0
LJ500_R175_C062,175,62,692250,9588750,norte,25.0,69,0,0
LJ500_R175_C063,175,63,692750,9588750,norte,25.0,69,0,0
LJ500_R175_C064,175,64,693250,9588750,norte,25.0,69,0,0
LJ500_R175_C065,175,65,693750,9588750,norte,25.0,69,0,0
LJ500_R175_C066,175,66,694250,9588750,norte,25.0,69,0,0
LJ500_R175_C067,175,67,694750,9588750,norte,25.0,69,0,0
LJ500_R175_C068,175,68,695250,9588750,norte,25.0,69,0,0
LJ500_R175_C069,175,69,695750,9588750,norte,25.0,69,0,0
LJ500_R175_C070,175,70,696250,9588750,norte,25.0,69,0,0
LJ500_R175_C071,175,71,696750,9588750,norte,25.0,69,0,0
LJ500_R175_C072,175,72,697250,9588750,norte,25.0,69,0,0
LJ500_R175_C073,175,73,697750,9588750,norte,25.0,69,0,0
LJ500_R175_C074,175,74,698250,9588750,norte,25.0,69,0,0
LJ500_R175_C075,175,75,698750,9588750,norte,25.0,69,0,0
LJ500_R175_C076,175,76,699250,9588750,norte,25.0,69,0,0
LJ500_R175_C077,175,77,699750,9588750,norte,24.97,69,0,0
LJ500_R175_C078,175,78,700250,9588750,norte,2.3691,69,0,0
LJ500_R176_C031,176,31,676750,9589250,norte,0.1157,0,0,0
LJ500_R176_C032,176,32,677250,9589250,norte,17.5,69,0,0
LJ500_R176_C033,176,33,677750,9589250,norte,25.0,69,0,0
LJ500_R176_C034,176,34,678250,9589250,norte,25.0,69,0,0
LJ500_R176_C035,176,35,678750,9589250,norte,25.0,69,0,0
LJ500_R176_C036,176,36,679250,9589250,norte,25.0,69,0,0
LJ500_R176_C037,176,37,679750,9589250,norte,25.0,69,0,0
LJ500_R176_C038,176,38,680250,9589250,norte,25.0,69,1,1
LJ500_R176_C039,176,39,680750,9589250,norte,25.0,69,1,1
LJ500_R176_C040,176,40,681250,9589250,norte,25.0,69,1,1
LJ500_R176_C041,176,41,681750,9589250,norte,25.0,69,1,1
LJ500_R176_C042,176,42,682250,9589250,norte,25.0,69,1,1
LJ500_R176_C043,176,43,682750,9589250,norte,25.0,69,1,1
LJ500_R176_C044,176,44,683250,9589250,norte,25.0,69,1,1
LJ500_R176_C045,176,45,683750,9589250,norte,25.0,69,1,1
LJ500_R176_C046,176,46,684250,9589250,norte,25.0,69,1,1
LJ500_R176_C047,176,47,684750,9589250,norte,25.0,69,0,0
LJ500_R176_C048,176,48,685250,9589250,norte,25.0,69,0,0
LJ500_R176_C049,176,49,685750,9589250,norte,19.64,69,0,0
LJ500_R176_C052,176,52,687250,9589250,norte,7.486,69,0,0
LJ500_R176_C053,176,53,687750,9589250,norte,23.59,69,0,0
LJ500_R176_C054,176,54,688250,9589250,norte,25.0,69,0,0
LJ500_R176_C055,176,55,688750,9589250,norte,25.0,69,0,0
LJ500_R176_C056,176,56,689250,9589250,norte,25.0,69,0,0
LJ500_R176_C057,176,57,689750,9589250,norte,25.0,69,0,0
LJ500_R176_C058,176,58,690250,9589250,norte,25.0,69,0,0
LJ500_R176_C059,176,59,690750,9589250,norte,25.0,69,0,0
LJ500_R176_C060,176,60,691250,9589250,norte,25.0,69,0,0
LJ500_R176_C061,176,61,691750,9589250,norte,25.0,69,0,0
LJ500_R176_C062,176,62,692250,9589250,norte,25.0,69,0,0
LJ500_R176_C063,176,63,692750,9589250,norte,25.0,69,0,0
LJ500_R176_C064,176,64,693250,9589250,norte,25.0,69,0,0
LJ500_R176_C065,176,65,693750,9589250,norte,25.0,69,0,0
LJ500_R176_C066,176,66,694250,9589250,norte,25.0,69,0,0
LJ500_R176_C067,176,67,694750,9589250,norte,25.0,69,0,0
LJ500_R176_C068,176,68,695250,9589250,norte,25.0,69,0,0
LJ500_R176_C069,176,69,695750,9589250,norte,25.0,69,0,0
LJ500_R176_C070,176,70,696250,9589250,norte,25.0,69,0,0
LJ500_R176_C071,176,71,696750,9589250,norte,25.0,69,0,0
LJ500_R176_C072,176,72,697250,9589250,norte,25.0,69,0,0
LJ500_R176_C073,176,73,697750,9589250,norte,25.0,69,0,0
LJ500_R176_C074,176,74,698250,9589250,norte,25.0,69,0,0
LJ500_R176_C075,176,75,698750,9589250,norte,25.0,69,0,0
LJ500_R176_C076,176,76,699250,9589250,norte,25.0,69,1,1
LJ500_R176_C077,176,77,699750,9589250,norte,21.55,69,1,1
LJ500_R177_C032,177,32,677250,9589750,norte,1.5895,69,0,0
LJ500_R177_C033,177,33,677750,9589750,norte,16.55,69,0,0
LJ500_R177_C034,177,34,678250,9589750,norte,24.64,69,0,0
LJ500_R177_C035,177,35,678750,9589750,norte,25.0,69,0,0
LJ500_R177_C036,177,36,679250,9589750,norte,25.0,69,0,0
LJ500_R177_C037,177,37,679750,9589750,norte,25.0,69,0,0
LJ500_R177_C038,177,38,680250,9589750,norte,25.0,69,0,0
LJ500_R177_C039,177,39,680750,9589750,norte,25.0,69,1,1
LJ500_R177_C040,177,40,681250,9589750,norte,25.0,69,1,1
LJ500_R177_C041,177,41,681750,9589750,norte,25.0,69,1,1
LJ500_R177_C042,177,42,682250,9589750,norte,25.0,69,1,1
LJ500_R177_C043,177,43,682750,9589750,norte,25.0,69,1,1
LJ500_R177_C044,177,44,683250,9589750,norte,25.0,69,1,1
LJ500_R177_C045,177,45,683750,9589750,norte,25.0,69,1,1
LJ500_R177_C046,177,46,684250,9589750,norte,25.0,69,1,1
LJ500_R177_C047,177,47,684750,9589750,norte,25.0,69,0,0
LJ500_R177_C048,177,48,685250,9589750,norte,25.0,69,0,0
LJ500_R177_C049,177,49,685750,9589750,norte,21.17,69,0,0
LJ500_R177_C053,177,53,687750,9589750,norte,11.05,69,0,0
LJ500_R177_C054,177,54,688250,9589750,norte,25.0,69,0,0
LJ500_R177_C055,177,55,688750,9589750,norte,25.0,69,0,0
LJ500_R177_C056,177,56,689250,9589750,norte,25.0,69,0,0
LJ500_R177_C057,177,57,689750,9589750,norte,25.0,69,0,0
LJ500_R177_C058,177,58,690250,9589750,norte,25.0,69,0,0
LJ500_R177_C059,177,59,690750,9589750,norte,25.0,69,0,0
LJ500_R177_C060,177,60,691250,9589750,norte,25.0,69,0,0
LJ500_R177_C061,177,61,691750,9589750,norte,25.0,69,0,0
LJ500_R177_C062,177,62,692250,9589750,norte,25.0,69,0,0
LJ500_R177_C063,177,63,692750,9589750,norte,25.0,69,0,0
LJ500_R177_C064,177,64,693250,9589750,norte,25.0,69,0,0
LJ500_R177_C065,177,65,693750,9589750,norte,25.0,69,0,0
LJ500_R177_C066,177,66,694250,9589750,norte,25.0,69,0,0
LJ500_R177_C067,177,67,694750,9589750,norte,25.0,69,0,0
LJ500_R177_C068,177,68,695250,9589750,norte,25.0,69,0,0
LJ500_R177_C069,177,69,695750,9589750,norte,25.0,69,0,0
LJ500_R177_C070,177,70,696250,9589750,norte,25.0,69,0,0
LJ500_R177_C071,177,71,696750,9589750,norte,25.0,69,0,0
LJ500_R177_C072,177,72,697250,9589750,norte,25.0,69,0,0
LJ500_R177_C073,177,73,697750,9589750,norte,24.24,69,0,0
LJ500_R177_C074,177,74,698250,9589750,norte,24.3,69,0,0
LJ500_R177_C075,177,75,698750,9589750,norte,25.0,69,0,0
LJ500_R177_C076,177,76,699250,9589750,norte,22.04,69,1,1
LJ500_R177_C077,177,77,699750,9589750,norte,5.538,69,1,1
LJ500_R178_C034,178,34,678250,9590250,norte,2.6306,69,0,0
LJ500_R178_C035,178,35,678750,9590250,norte,14.56,69,0,0
LJ500_R178_C036,178,36,679250,9590250,norte,24.86,69,0,0
LJ500_R178_C037,178,37,679750,9590250,norte,25.0,69,0,0
LJ500_R178_C038,178,38,680250,9590250,norte,25.0,69,0,0
LJ500_R178_C039,178,39,680750,9590250,norte,25.0,69,0,0
LJ500_R178_C040,178,40,681250,9590250,norte,25.0,69,1,1
LJ500_R178_C041,178,41,681750,9590250,norte,25.0,69,1,1
LJ500_R178_C042,178,42,682250,9590250,norte,25.0,69,1,1
LJ500_R178_C043,178,43,682750,9590250,norte,25.0,69,1,1
LJ500_R178_C044,178,44,683250,9590250,norte,25.0,69,1,1
LJ500_R178_C045,178,45,683750,9590250,norte,25.0,69,1,1
LJ500_R178_C046,178,46,684250,9590250,norte,25.0,69,1,1
LJ500_R178_C047,178,47,684750,9590250,norte,25.0,69,0,0
LJ500_R178_C048,178,48,685250,9590250,norte,25.0,69,0,0
LJ500_R178_C049,178,49,685750,9590250,norte,21.05,69,0,0
LJ500_R178_C053,178,53,687750,9590250,norte,6.6195,69,0,0
LJ500_R178_C054,178,54,688250,9590250,norte,25.0,69,0,0
LJ500_R178_C055,178,55,688750,9590250,norte,25.0,69,0,0
LJ500_R178_C056,178,56,689250,9590250,norte,25.0,69,0,0
LJ500_R178_C057,178,57,689750,9590250,norte,25.0,69,0,0
LJ500_R178_C058,178,58,690250,9590250,norte,25.0,69,0,0
LJ500_R178_C059,178,59,690750,9590250,norte,25.0,69,0,0
LJ500_R178_C060,178,60,691250,9590250,norte,25.0,69,0,0
LJ500_R178_C061,178,61,691750,9590250,norte,25.0,69,0,0
LJ500_R178_C062,178,62,692250,9590250,norte,25.0,69,0,0
LJ500_R178_C063,178,63,692750,9590250,norte,25.0,69,0,0
LJ500_R178_C064,178,64,693250,9590250,norte,25.0,69,0,0
LJ500_R178_C065,178,65,693750,9590250,norte,25.0,69,0,0
LJ500_R178_C066,178,66,694250,9590250,norte,25.0,69,0,0
LJ500_R178_C067,178,67,694750,9590250,norte,25.0,69,0,0
LJ500_R178_C068,178,68,695250,9590250,norte,25.0,69,0,0
LJ500_R178_C069,178,69,695750,9590250,norte,25.0,69,0,0
LJ500_R178_C070,178,70,696250,9590250,norte,25.0,69,0,0
LJ500_R178_C071,178,71,696750,9590250,norte,25.0,69,0,0
LJ500_R178_C072,178,72,697250,9590250,norte,25.0,69,0,0
LJ500_R178_C073,178,73,697750,9590250,norte,10.08,69,0,0
LJ500_R178_C074,178,74,698250,9590250,norte,0.273,0,0,0
LJ500_R178_C075,178,75,698750,9590250,norte,3.2061,69,0,0
LJ500_R178_C076,178,76,699250,9590250,norte,0.0891,0,0,0
LJ500_R179_C036,179,36,679250,9590750,norte,6.9239,69,0,0
LJ500_R179_C037,179,37,679750,9590750,norte,22.34,69,0,0
LJ500_R179_C038,179,38,680250,9590750,norte,25.0,69,0,0
LJ500_R179_C039,179,39,680750,9590750,norte,25.0,69,0,0
LJ500_R179_C040,179,40,681250,9590750,norte,25.0,69,0,0
LJ500_R179_C041,179,41,681750,9590750,norte,25.0,69,1,1
LJ500_R179_C042,179,42,682250,9590750,norte,25.0,69,1,1
LJ500_R179_C043,179,43,682750,9590750,norte,25.0,69,1,1
LJ500_R179_C044,179,44,683250,9590750,norte,25.0,69,1,1
LJ500_R179_C045,179,45,683750,9590750,norte,25.0,69,1,1
LJ500_R179_C046,179,46,684250,9590750,norte,25.0,69,1,1
LJ500_R179_C047,179,47,684750,9590750,norte,25.0,69,1,0
LJ500_R179_C048,179,48,685250,9590750,norte,25.0,69,1,0
LJ500_R179_C049,179,49,685750,9590750,norte,16.6,69,0,0
LJ500_R179_C053,179,53,687750,9590750,norte,3.5333,69,0,0
LJ500_R179_C054,179,54,688250,9590750,norte,24.89,69,0,0
LJ500_R179_C055,179,55,688750,9590750,norte,25.0,69,0,0
LJ500_R179_C056,179,56,689250,9590750,norte,25.0,69,0,0
LJ500_R179_C057,179,57,689750,9590750,norte,25.0,69,0,0
LJ500_R179_C058,179,58,690250,9590750,norte,25.0,69,0,0
LJ500_R179_C059,179,59,690750,9590750,norte,25.0,69,0,0
LJ500_R179_C060,179,60,691250,9590750,norte,25.0,69,0,0
LJ500_R179_C061,179,61,691750,9590750,norte,25.0,69,0,0
LJ500_R179_C062,179,62,692250,9590750,norte,25.0,69,0,0
LJ500_R179_C063,179,63,692750,9590750,norte,25.0,69,0,0
LJ500_R179_C064,179,64,693250,9590750,norte,25.0,69,0,0
LJ500_R179_C065,179,65,693750,9590750,norte,25.0,69,0,0
LJ500_R179_C066,179,66,694250,9590750,norte,25.0,69,0,0
LJ500_R179_C067,179,67,694750,9590750,norte,25.0,69,0,0
LJ500_R179_C068,179,68,695250,9590750,norte,25.0,69,0,0
LJ500_R179_C069,179,69,695750,9590750,norte,25.0,69,0,0
LJ500_R179_C070,179,70,696250,9590750,norte,25.0,69,0,0
LJ500_R179_C071,179,71,696750,9590750,norte,25.0,69,0,0
LJ500_R179_C072,179,72,697250,9590750,norte,25.0,69,0,0
LJ500_R179_C073,179,73,697750,9590750,norte,13.96,69,0,0
LJ500_R180_C037,180,37,679750,9591250,norte,5.9509,69,0,0
LJ500_R180_C038,180,38,680250,9591250,norte,24.55,69,0,0
LJ500_R180_C039,180,39,680750,9591250,norte,25.0,69,0,0
LJ500_R180_C040,180,40,681250,9591250,norte,25.0,69,0,0
LJ500_R180_C041,180,41,681750,9591250,norte,25.0,69,0,0
LJ500_R180_C042,180,42,682250,9591250,norte,25.0,69,1,1
LJ500_R180_C043,180,43,682750,9591250,norte,25.0,69,1,1
LJ500_R180_C044,180,44,683250,9591250,norte,21.4,69,1,1
LJ500_R180_C045,180,45,683750,9591250,norte,23.28,69,1,1
LJ500_R180_C046,180,46,684250,9591250,norte,23.54,69,1,1
LJ500_R180_C047,180,47,684750,9591250,norte,25.0,69,1,0
LJ500_R180_C048,180,48,685250,9591250,norte,19.01,69,1,0
LJ500_R180_C049,180,49,685750,9591250,norte,2.6448,69,0,0
LJ500_R180_C054,180,54,688250,9591250,norte,5.8454,69,0,0
LJ500_R180_C055,180,55,688750,9591250,norte,20.78,69,0,0
LJ500_R180_C056,180,56,689250,9591250,norte,25.0,69,0,0
LJ500_R180_C057,180,57,689750,9591250,norte,25.0,69,0,0
LJ500_R180_C058,180,58,690250,9591250,norte,25.0,69,0,0
LJ500_R180_C059,180,59,690750,9591250,norte,25.0,69,0,0
LJ500_R180_C060,180,60,691250,9591250,norte,25.0,69,0,0
LJ500_R180_C061,180,61,691750,9591250,norte,25.0,69,0,0
LJ500_R180_C062,180,62,692250,9591250,norte,25.0,69,0,0
LJ500_R180_C063,180,63,692750,9591250,norte,25.0,69,0,0
LJ500_R180_C064,180,64,693250,9591250,norte,25.0,69,0,0
LJ500_R180_C065,180,65,693750,9591250,norte,25.0,69,0,0
LJ500_R180_C066,180,66,694250,9591250,norte,25.0,69,0,0
LJ500_R180_C067,180,67,694750,9591250,norte,25.0,69,0,0
LJ500_R180_C068,180,68,695250,9591250,norte,25.0,69,0,0
LJ500_R180_C069,180,69,695750,9591250,norte,25.0,69,0,0
LJ500_R180_C070,180,70,696250,9591250,norte,25.0,69,0,0
LJ500_R180_C071,180,71,696750,9591250,norte,25.0,69,0,0
LJ500_R180_C072,180,72,697250,9591250,norte,25.0,69,0,0
LJ500_R180_C073,180,73,697750,9591250,norte,16.66,69,0,0
LJ500_R181_C038,181,38,680250,9591750,norte,14.63,69,0,0
LJ500_R181_C039,181,39,680750,9591750,norte,25.0,69,0,0
LJ500_R181_C040,181,40,681250,9591750,norte,25.0,69,0,0
LJ500_R181_C041,181,41,681750,9591750,norte,25.0,69,0,0
LJ500_R181_C042,181,42,682250,9591750,norte,25.0,69,0,0
LJ500_R181_C043,181,43,682750,9591750,norte,19.79,69,1,1
LJ500_R181_C044,181,44,683250,9591750,norte,6.1589,69,1,1
LJ500_R181_C046,181,46,684250,9591750,norte,0.3543,0,0,0
LJ500_R181_C047,181,47,684750,9591750,norte,2.3135,0,0,0
LJ500_R181_C048,181,48,685250,9591750,norte,0.1541,0,0,0
LJ500_R181_C055,181,55,688750,9591750,norte,0.872,0,0,0
LJ500_R181_C056,181,56,689250,9591750,norte,14.27,69,0,0
LJ500_R181_C057,181,57,689750,9591750,norte,25.0,69,0,0
LJ500_R181_C058,181,58,690250,9591750,norte,25.0,69,0,0
LJ500_R181_C059,181,59,690750,9591750,norte,25.0,69,0,0
LJ500_R181_C060,181,60,691250,9591750,norte,24.54,69,0,0
LJ500_R181_C061,181,61,691750,9591750,norte,25.0,69,0,0
LJ500_R181_C062,181,62,692250,9591750,norte,25.0,69,0,0
LJ500_R181_C063,181,63,692750,9591750,norte,25.0,69,0,0
LJ500_R181_C064,181,64,693250,9591750,norte,25.0,69,0,0
LJ500_R181_C065,181,65,693750,9591750,norte,25.0,69,0,0
LJ500_R181_C066,181,66,694250,9591750,norte,25.0,69,0,0
LJ500_R181_C067,181,67,694750,9591750,norte,25.0,69,0,0
LJ500_R181_C068,181,68,695250,9591750,norte,25.0,69,0,0
LJ500_R181_C069,181,69,695750,9591750,norte,25.0,69,0,0
LJ500_R181_C070,181,70,696250,9591750,norte,25.0,69,0,0
LJ500_R181_C071,181,71,696750,9591750,norte,24.95,69,0,0
LJ500_R181_C072,181,72,697250,9591750,norte,12.02,69,0,0
LJ500_R181_C073,181,73,697750,9591750,norte,1.014,69,0,0
LJ500_R182_C038,182,38,680250,9592250,norte,2.472,69,0,0
LJ500_R182_C039,182,39,680750,9592250,norte,24.18,69,0,0
LJ500_R182_C040,182,40,681250,9592250,norte,25.0,69,0,0
LJ500_R182_C041,182,41,681750,9592250,norte,25.0,69,0,0
LJ500_R182_C042,182,42,682250,9592250,norte,23.12,69,0,0
LJ500_R182_C043,182,43,682750,9592250,norte,0.7064,69,0,0
LJ500_R182_C056,182,56,689250,9592250,norte,0.0802,0,0,0
LJ500_R182_C057,182,57,689750,9592250,norte,11.46,69,0,0
LJ500_R182_C058,182,58,690250,9592250,norte,20.72,69,0,0
LJ500_R182_C059,182,59,690750,9592250,norte,6.544,69,0,0
LJ500_R182_C060,182,60,691250,9592250,norte,3.1334,69,0,0
LJ500_R182_C061,182,61,691750,9592250,norte,18.52,69,0,0
LJ500_R182_C062,182,62,692250,9592250,norte,25.0,69,0,0
LJ500_R182_C063,182,63,692750,9592250,norte,25.0,69,0,0
LJ500_R182_C064,182,64,693250,9592250,norte,25.0,69,0,0
LJ500_R182_C065,182,65,693750,9592250,norte,25.0,69,0,0
LJ500_R182_C066,182,66,694250,9592250,norte,25.0,69,0,0
LJ500_R182_C067,182,67,694750,9592250,norte,25.0,69,0,0
LJ500_R182_C068,182,68,695250,9592250,norte,25.0,69,0,0
LJ500_R182_C069,182,69,695750,9592250,norte,25.0,69,0,0
LJ500_R182_C070,182,70,696250,9592250,norte,24.84,69,0,0
LJ500_R182_C071,182,71,696750,9592250,norte,10.83,69,0,0
LJ500_R183_C039,183,39,680750,9592750,norte,18.4,69,0,0
LJ500_R183_C040,183,40,681250,9592750,norte,25.0,69,0,0
LJ500_R183_C041,183,41,681750,9592750,norte,25.0,69,0,0
LJ500_R183_C042,183,42,682250,9592750,norte,18.87,69,0,0
LJ500_R183_C061,183,61,691750,9592750,norte,4.3597,69,0,0
LJ500_R183_C062,183,62,692250,9592750,norte,24.98,69,0,0
LJ500_R183_C063,183,63,692750,9592750,norte,25.0,69,0,0
LJ500_R183_C064,183,64,693250,9592750,norte,25.0,69,0,0
LJ500_R183_C065,183,65,693750,9592750,norte,25.0,69,0,0
LJ500_R183_C066,183,66,694250,9592750,norte,24.58,69,0,0
LJ500_R183_C067,183,67,694750,9592750,norte,10.23,69,0,0
LJ500_R183_C068,183,68,695250,9592750,norte,9.4601,69,0,0
LJ500_R183_C069,183,69,695750,9592750,norte,22.23,69,0,0
LJ500_R183_C070,183,70,696250,9592750,norte,22.56,69,0,0
LJ500_R184_C039,184,39,680750,9593250,norte,1.854,0,0,0
LJ500_R184_C040,184,40,681250,9593250,norte,4.6386,69,0,0
LJ500_R184_C041,184,41,681750,9593250,norte,10.2,69,0,0
LJ500_R184_C042,184,42,682250,9593250,norte,2.6887,69,0,0
LJ500_R184_C062,184,62,692250,9593250,norte,11.23,69,0,0
LJ500_R184_C063,184,63,692750,9593250,norte,15.91,69,0,0
LJ500_R184_C064,184,64,693250,9593250,norte,25.0,69,0,0
LJ500_R184_C065,184,65,693750,9593250,norte,25.0,69,0,0
LJ500_R184_C066,184,66,694250,9593250,norte,14.8,69,0,0
LJ500_R184_C069,184,69,695750,9593250,norte,3.3605,69,0,0
LJ500_R184_C070,184,70,696250,9593250,norte,4.4295,69,0,0
LJ500_R185_C063,185,63,692750,9593750,norte,0.3392,69,0,0
LJ500_R185_C064,185,64,693250,9593750,norte,18.22,69,0,0
LJ500_R185_C065,185,65,693750,9593750,norte,17.58,69,0,0
LJ500_R185_C066,185,66,694250,9593750,norte,6.0517,69,0,0
