cell_id,fila,columna,centro_x_m,centro_y_m,x_local_m,y_local_m,anio,mes,anio_mes,t_mes,prop_bosque_nativo,prop_paramo,prop_vegetacion_natural_arbustiva_herbacea,prop_plantacion_forestal,prop_cobertura_agropecuaria_total,prop_area_poblada,prop_infraestructura,prop_area_sin_cobertura_vegetal,prop_cuerpo_de_agua_natural,suma_prop_maate_9v,s2_ndvi_mean,s2_ndmi_mean,s2_nbr_mean,s2_ndwi_mean,s2_cobertura_valida_pct,disponible_sentinel_t1,sentinel_t1_missing
LJ500_R061_C077,61,77,699750,9531750,0,0,2019,1,2019-01,1,0.0,0,1.0,0.0,0.0,0,0,0,0,1.0,,,,,,0,1
LJ500_R061_C078,61,78,700250,9531750,500,0,2019,1,2019-01,1,0.0,0,0.9516,0.0,0.0484,0,0,0,0,1.0,,,,,,0,1
LJ500_R061_C079,61,79,700750,9531750,1000,0,2019,1,2019-01,1,0.0,0,0.906,0.0,0.094,0,0,0,0,1.0,,,,,,0,1
LJ500_R061_C080,61,80,701250,9531750,1500,0,2019,1,2019-01,1,0.1714,0,0.8229,0.0,0.0057,0,0,0,0,1.0,,,,,,0,1
LJ500_R061_C081,61,81,701750,9531750,2000,0,2019,1,2019-01,1,0.0,0,1.0,0.0,0.0,0,0,0,0,1.0,,,,,,0,1
LJ500_R061_C082,61,82,702250,9531750,2500,0,2019,1,2019-01,1,0.0618,0,0.9382,0.0,0.0,0,0,0,0,1.0,,,,,,0,1
LJ500_R061_C083,61,83,702750,9531750,3000,0,2019,1,2019-01,1,0.5343,0,0.3633,0.1024,0.0,0,0,0,0,1.0,,,,,,0,1
LJ500_R061_C084,61,84,703250,9531750,3500,0,2019,1,2019-01,1,0.7729,0,0.0,0.2271,0.0,0,0,0,0,1.0,,,,,,0,1
LJ500_R061_C085,61,85,703750,9531750,4000,0,2019,1,2019-01,1,0.709,0,0.291,0.0,0.0,0,0,0,0,1.0,,,,,,0,1
LJ500_R061_C086,61,86,704250,9531750,4500,0,2019,1,2019-01,1,1.0,0,0.0,0.0,0.0,0,0,0,0,1.0,,,,,,0,1
LJ500_R062_C077,62,77,699750,9532250,0,500,2019,1,2019-01,1,0.0,0,0.7197,0.0,0.2803,0,0,0,0,1.0,,,,,,0,1
LJ500_R062_C078,62,78,700250,9532250,500,500,2019,1,2019-01,1,0.0,0,0.5947,0.0,0.4053,0,0,0,0,1.0,,,,,,0,1
LJ500_R062_C079,62,79,700750,9532250,1000,500,2019,1,2019-01,1,0.0,0,0.771,0.0,0.229,0,0,0,0,1.0,,,,,,0,1
LJ500_R062_C080,62,80,701250,9532250,1500,500,2019,1,2019-01,1,0.235,0,0.6379,0.0,0.1271,0,0,0,0,1.0,,,,,,0,1
LJ500_R062_C081,62,81,701750,9532250,2000,500,2019,1,2019-01,1,0.0684,0,0.7378,0.0,0.1938,0,0,0,0,1.0,,,,,,0,1
LJ500_R062_C082,62,82,702250,9532250,2500,500,2019,1,2019-01,1,0.0973,0,0.9027,0.0,0.0,0,0,0,0,1.0,,,,,,0,1
LJ500_R062_C083,62,83,702750,9532250,3000,500,2019,1,2019-01,1,0.0473,0,0.9507,0.0019,0.0,0,0,0,0,1.0,,,,,,0,1
LJ500_R062_C084,62,84,703250,9532250,3500,500,2019,1,2019-01,1,0.2757,0,0.7209,0.0034,0.0,0,0,0,0,1.0,,,,,,0,1
LJ500_R062_C085,62,85,703750,9532250,4000,500,2019,1,2019-01,1,0.0588,0,0.9412,0.0,0.0,0,0,0,0,1.0,,,,,,0,1
LJ500_R062_C086,62,86,704250,9532250,4500,500,2019,1,2019-01,1,0.7611,0,0.2389,0.0,0.0,0,0,0,0,1.0,,,,,,0,1
LJ500_R063_C077,63,77,699750,9532750,0,1000,2019,1,2019-01,1,0.0,0,0.1158,0.0,0.8842,0,0,0,0,1.0,,,,,,0,1
LJ500_R063_C078,63,78,700250,9532750,500,1000,2019,1,2019-01,1,0.0328,0,0.3431,0.0,0.624,0,0,0,0,1.0,,,,,,0,1
LJ500_R063_C079,63,79,700750,9532750,1000,1000,2019,1,2019-01,1,0.2883,0,0.3768,0.0,0.3349,0,0,0,0,1.0,,,,,,0,1
LJ500_R063_C080,63,80,701250,9532750,1500,1000,2019,1,2019-01,1,0.1673,0,0.4746,0.0,0.358,0,0,0,0,1.0,,,,,,0,1
LJ500_R063_C081,63,81,701750,9532750,2000,1000,2019,1,2019-01,1,0.0165,0,0.5433,0.0,0.4402,0,0,0,0,1.0,,,,,,0,1
LJ500_R063_C082,63,82,702250,9532750,2500,1000,2019,1,2019-01,1,0.6742,0,0.2142,0.0,0.1117,0,0,0,0,1.0,,,,,,0,1
LJ500_R063_C083,63,83,702750,9532750,3000,1000,2019,1,2019-01,1,0.2059,0,0.7941,0.0,0.0,0,0,0,0,1.0,,,,,,0,1
LJ500_R063_C084,63,84,703250,9532750,3500,1000,2019,1,2019-01,1,0.2973,0,0.7027,0.0,0.0,0,0,0,0,1.0,,,,,,0,1
LJ500_R063_C085,63,85,703750,9532750,4000,1000,2019,1,2019-01,1,0.1462,0,0.8538,0.0,0.0,0,0,0,0,1.0,,,,,,0,1
LJ500_R063_C086,63,86,704250,9532750,4500,1000,2019,1,2019-01,1,0.3435,0,0.6565,0.0,0.0,0,0,0,0,1.0,,,,,,0,1
LJ500_R064_C077,64,77,699750,9533250,0,1500,2019,1,2019-01,1,0.3887,0,0.3116,0.0,0.2997,0,0,0,0,1.0,,,,,,0,1
LJ500_R064_C078,64,78,700250,9533250,500,1500,2019,1,2019-01,1,0.5382,0,0.082,0.0,0.3799,0,0,0,0,1.0,,,,,,0,1
LJ500_R064_C079,64,79,700750,9533250,1000,1500,2019,1,2019-01,1,0.4384,0,0.1474,0.0,0.4142,0,0,0,0,1.0,,,,,,0,1
LJ500_R064_C080,64,80,701250,9533250,1500,1500,2019,1,2019-01,1,0.5951,0,0.4049,0.0,0.0,0,0,0,0,1.0,,,,,,0,1
LJ500_R064_C081,64,81,701750,9533250,2000,1500,2019,1,2019-01,1,0.5997,0,0.181,0.0,0.2193,0,0,0,0,1.0,,,,,,0,1
LJ500_R064_C082,64,82,702250,9533250,2500,1500,2019,1,2019-01,1,0.7276,0,0.2724,0.0,0.0,0,0,0,0,1.0,,,,,,0,1
LJ500_R064_C083,64,83,702750,9533250,3000,1500,2019,1,2019-01,1,0.566,0,0.203,0.0,0.231,0,0,0,0,1.0,,,,,,0,1
LJ500_R064_C084,64,84,703250,9533250,3500,1500,2019,1,2019-01,1,0.235,0,0.7298,0.0,0.0352,0,0,0,0,1.0,,,,,,0,1
LJ500_R064_C085,64,85,703750,9533250,4000,1500,2019,1,2019-01,1,0.5109,0,0.4891,0.0,0.0,0,0,0,0,1.0,,,,,,0,1
LJ500_R064_C086,64,86,704250,9533250,4500,1500,2019,1,2019-01,1,0.748,0,0.252,0.0,0.0,0,0,0,0,1.0,,,,,,0,1
LJ500_R065_C077,65,77,699750,9533750,0,2000,2019,1,2019-01,1,0.312,0,0.4033,0.0,0.2847,0,0,0,0,1.0,,,,,,0,1
LJ500_R065_C078,65,78,700250,9533750,500,2000,2019,1,2019-01,1,0.5913,0,0.4071,0.0,0.0016,0,0,0,0,1.0,,,,,,0,1
LJ500_R065_C079,65,79,700750,9533750,1000,2000,2019,1,2019-01,1,0.3219,0,0.6781,0.0,0.0,0,0,0,0,1.0,,,,,,0,1
LJ500_R065_C080,65,80,701250,9533750,1500,2000,2019,1,2019-01,1,0.8266,0,0.1734,0.0,0.0,0,0,0,0,1.0,,,,,,0,1
LJ500_R065_C081,65,81,701750,9533750,2000,2000,2019,1,2019-01,1,0.9017,0,0.0983,0.0,0.0,0,0,0,0,1.0,,,,,,0,1
LJ500_R065_C082,65,82,702250,9533750,2500,2000,2019,1,2019-01,1,0.7327,0,0.2673,0.0,0.0,0,0,0,0,1.0,,,,,,0,1
LJ500_R065_C083,65,83,702750,9533750,3000,2000,2019,1,2019-01,1,0.7802,0,0.1368,0.0,0.083,0,0,0,0,1.0,,,,,,0,1
LJ500_R065_C084,65,84,703250,9533750,3500,2000,2019,1,2019-01,1,0.3229,0,0.6771,0.0,0.0,0,0,0,0,1.0,,,,,,0,1
LJ500_R065_C085,65,85,703750,9533750,4000,2000,2019,1,2019-01,1,0.0167,0,0.9833,0.0,0.0,0,0,0,0,1.0,,,,,,0,1
LJ500_R065_C086,65,86,704250,9533750,4500,2000,2019,1,2019-01,1,0.7821,0,0.2179,0.0,0.0,0,0,0,0,1.0,,,,,,0,1
LJ500_R066_C077,66,77,699750,9534250,0,2500,2019,1,2019-01,1,0.5018,0,0.3517,0.0,0.1465,0,0,0,0,1.0,,,,,,0,1
LJ500_R066_C078,66,78,700250,9534250,500,2500,2019,1,2019-01,1,0.1232,0,0.8768,0.0,0.0,0,0,0,0,1.0,,,,,,0,1
LJ500_R066_C079,66,79,700750,9534250,1000,2500,2019,1,2019-01,1,0.3332,0,0.6668,0.0,0.0,0,0,0,0,1.0,,,,,,0,1
LJ500_R066_C080,66,80,701250,9534250,1500,2500,2019,1,2019-01,1,0.9149,0,0.0851,0.0,0.0,0,0,0,0,1.0,,,,,,0,1
LJ500_R066_C081,66,81,701750,9534250,2000,2500,2019,1,2019-01,1,0.7037,0,0.2963,0.0,0.0,0,0,0,0,1.0,,,,,,0,1
LJ500_R066_C082,66,82,702250,9534250,2500,2500,2019,1,2019-01,1,0.6772,0,0.3228,0.0,0.0,0,0,0,0,1.0,,,,,,0,1
LJ500_R066_C083,66,83,702750,9534250,3000,2500,2019,1,2019-01,1,0.6289,0,0.3711,0.0,0.0,0,0,0,0,1.0,,,,,,0,1
LJ500_R066_C084,66,84,703250,9534250,3500,2500,2019,1,2019-01,1,0.7305,0,0.2695,0.0,0.0,0,0,0,0,1.0,,,,,,0,1
LJ500_R066_C085,66,85,703750,9534250,4000,2500,2019,1,2019-01,1,0.7865,0,0.2135,0.0,0.0,0,0,0,0,1.0,,,,,,0,1
LJ500_R066_C086,66,86,704250,9534250,4500,2500,2019,1,2019-01,1,1.0,0,0.0,0.0,0.0,0,0,0,0,1.0,,,,,,0,1
LJ500_R067_C077,67,77,699750,9534750,0,3000,2019,1,2019-01,1,0.7165,0,0.2835,0.0,0.0,0,0,0,0,1.0,,,,,,0,1
LJ500_R067_C078,67,78,700250,9534750,500,3000,2019,1,2019-01,1,0.8229,0,0.1771,0.0,0.0,0,0,0,0,1.0,,,,,,0,1
LJ500_R067_C079,67,79,700750,9534750,1000,3000,2019,1,2019-01,1,0.9659,0,0.0341,0.0,0.0,0,0,0,0,1.0,,,,,,0,1
LJ500_R067_C080,67,80,701250,9534750,1500,3000,2019,1,2019-01,1,0.8944,0,0.1056,0.0,0.0,0,0,0,0,1.0,,,,,,0,1
LJ500_R067_C081,67,81,701750,9534750,2000,3000,2019,1,2019-01,1,0.7989,0,0.1897,0.0,0.0114,0,0,0,0,1.0,,,,,,0,1
LJ500_R067_C082,67,82,702250,9534750,2500,3000,2019,1,2019-01,1,1.0,0,0.0,0.0,0.0,0,0,0,0,1.0,,,,,,0,1
LJ500_R067_C083,67,83,702750,9534750,3000,3000,2019,1,2019-01,1,1.0,0,0.0,0.0,0.0,0,0,0,0,1.0,,,,,,0,1
LJ500_R067_C084,67,84,703250,9534750,3500,3000,2019,1,2019-01,1,1.0,0,0.0,0.0,0.0,0,0,0,0,1.0,,,,,,0,1
LJ500_R067_C085,67,85,703750,9534750,4000,3000,2019,1,2019-01,1,1.0,0,0.0,0.0,0.0,0,0,0,0,1.0,,,,,,0,1
LJ500_R067_C086,67,86,704250,9534750,4500,3000,2019,1,2019-01,1,1.0,0,0.0,0.0,0.0,0,0,0,0,1.0,,,,,,0,1
LJ500_R068_C077,68,77,699750,9535250,0,3500,2019,1,2019-01,1,0.065,0,0.935,0.0,0.0,0,0,0,0,1.0,,,,,,0,1
LJ500_R068_C078,68,78,700250,9535250,500,3500,2019,1,2019-01,1,0.7525,0,0.2475,0.0,0.0,0,0,0,0,1.0,,,,,,0,1
LJ500_R068_C079,68,79,700750,9535250,1000,3500,2019,1,2019-01,1,1.0,0,0.0,0.0,0.0,0,0,0,0,1.0,,,,,,0,1
LJ500_R068_C080,68,80,701250,9535250,1500,3500,2019,1,2019-01,1,0.8923,0,0.1077,0.0,0.0,0,0,0,0,1.0,,,,,,0,1
LJ500_R068_C081,68,81,701750,9535250,2000,3500,2019,1,2019-01,1,0.6646,0,0.0767,0.0,0.2586,0,0,0,0,1.0,,,,,,0,1
LJ500_R068_C082,68,82,702250,9535250,2500,3500,2019,1,2019-01,1,0.9399,0,0.0601,0.0,0.0,0,0,0,0,1.0,,,,,,0,1
LJ500_R068_C083,68,83,702750,9535250,3000,3500,2019,1,2019-01,1,1.0,0,0.0,0.0,0.0,0,0,0,0,1.0,,,,,,0,1
LJ500_R068_C084,68,84,703250,9535250,3500,3500,2019,1,2019-01,1,1.0,0,0.0,0.0,0.0,0,0,0,0,1.0,,,,,,0,1
LJ500_R068_C085,68,85,703750,9535250,4000,3500,2019,1,2019-01,1,1.0,0,0.0,0.0,0.0,0,0,0,0,1.0,,,,,,0,1
LJ500_R068_C086,68,86,704250,9535250,4500,3500,2019,1,2019-01,1,1.0,0,0.0,0.0,0.0,0,0,0,0,1.0,,,,,,0,1
LJ500_R069_C077,69,77,699750,9535750,0,4000,2019,1,2019-01,1,0.0,0,0.9574,0.0426,0.0,0,0,0,0,1.0,,,,,,0,1
LJ500_R069_C078,69,78,700250,9535750,500,4000,2019,1,2019-01,1,0.4139,0,0.5115,0.0746,0.0,0,0,0,0,1.0,,,,,,0,1
LJ500_R069_C079,69,79,700750,9535750,1000,4000,2019,1,2019-01,1,0.6432,0,0.3568,0.0,0.0,0,0,0,0,1.0,,,,,,0,1
LJ500_R069_C080,69,80,701250,9535750,1500,4000,2019,1,2019-01,1,0.8514,0,0.1486,0.0,0.0,0,0,0,0,1.0,,,,,,0,1
LJ500_R069_C081,69,81,701750,9535750,2000,4000,2019,1,2019-01,1,1.0,0,0.0,0.0,0.0,0,0,0,0,1.0,,,,,,0,1
LJ500_R069_C082,69,82,702250,9535750,2500,4000,2019,1,2019-01,1,1.0,0,0.0,0.0,0.0,0,0,0,0,1.0,,,,,,0,1
LJ500_R069_C083,69,83,702750,9535750,3000,4000,2019,1,2019-01,1,1.0,0,0.0,0.0,0.0,0,0,0,0,1.0,,,,,,0,1
LJ500_R069_C084,69,84,703250,9535750,3500,4000,2019,1,2019-01,1,1.0,0,0.0,0.0,0.0,0,0,0,0,1.0,,,,,,0,1
LJ500_R069_C085,69,85,703750,9535750,4000,4000,2019,1,2019-01,1,1.0,0,0.0,0.0,0.0,0,0,0,0,1.0,,,,,,0,1
LJ500_R069_C086,69,86,704250,9535750,4500,4000,2019,1,2019-01,1,1.0,0,0.0,0.0,0.0,0,0,0,0,1.0,,,,,,0,1
LJ500_R070_C077,70,77,699750,9536250,0,4500,2019,1,2019-01,1,0.0,0,0.3423,0.4553,0.2024,0,0,0,0,1.0,,,,,,0,1
LJ500_R070_C078,70,78,700250,9536250,500,4500,2019,1,2019-01,1,0.0,0,0.3908,0.6092,0.0,0,0,0,0,1.0,,,,,,0,1
LJ500_R070_C079,70,79,700750,9536250,1000,4500,2019,1,2019-01,1,0.2082,0,0.7834,0.0084,0.0,0,0,0,0,1.0,,,,,,0,1
LJ500_R070_C080,70,80,701250,9536250,1500,4500,2019,1,2019-01,1,0.2813,0,0.7187,0.0,0.0,0,0,0,0,1.0,,,,,,0,1
LJ500_R070_C081,70,81,701750,9536250,2000,4500,2019,1,2019-01,1,0.9197,0,0.0803,0.0,0.0,0,0,0,0,1.0,,,,,,0,1
LJ500_R070_C082,70,82,702250,9536250,2500,4500,2019,1,2019-01,1,1.0,0,0.0,0.0,0.0,0,0,0,0,1.0,,,,,,0,1
LJ500_R070_C083,70,83,702750,9536250,3000,4500,2019,1,2019-01,1,1.0,0,0.0,0.0,0.0,0,0,0,0,1.0,,,,,,0,1
LJ500_R070_C084,70,84,703250,9536250,3500,4500,2019,1,2019-01,1,0.9943,0,0.0057,0.0,0.0,0,0,0,0,1.0,,,,,,0,1
LJ500_R070_C085,70,85,703750,9536250,4000,4500,2019,1,2019-01,1,1.0,0,0.0,0.0,0.0,0,0,0,0,1.0,,,,,,0,1
LJ500_R070_C086,70,86,704250,9536250,4500,4500,2019,1,2019-01,1,1.0,0,0.0,0.0,0.0,0,0,0,0,1.0,,,,,,0,1
LJ500_R061_C077,61,77,699750,9531750,0,0,2019,2,2019-02,2,0.0,0,1.0,0.0,0.0,0,0,0,0,1.0,0.802,0.2886,0.5762,-0.6867,90.72,1,0
LJ500_R061_C078,61,78,700250,9531750,500,0,2019,2,2019-02,2,0.0,0,0.9516,0.0,0.0484,0,0,0,0,1.0,0.8249,0.3101,0.5949,-0.6973,68.64,1,0
LJ500_R061_C079,61,79,700750,9531750,1000,0,2019,2,2019-02,2,0.0,0,0.906,0.0,0.094,0,0,0,0,1.0,0.8369,0.3299,0.617,-0.7104,66.4,1,0
LJ500_R061_C080,61,80,701250,9531750,1500,0,2019,2,2019-02,2,0.1714,0,0.8229,0.0,0.0057,0,0,0,0,1.0,0.6916,0.2365,0.493,-0.5856,5.44,1,0
LJ500_R061_C081,61,81,701750,9531750,2000,0,2019,2,2019-02,2,0.0,0,1.0,0.0,0.0,0,0,0,0,1.0,0.8522,0.3766,0.657,-0.7158,3.52,1,0
LJ500_R061_C082,61,82,702250,9531750,2500,0,2019,2,2019-02,2,0.0618,0,0.9382,0.0,0.0,0,0,0,0,1.0,,,,,0.0,1,1
LJ500_R061_C083,61,83,702750,9531750,3000,0,2019,2,2019-02,2,0.5343,0,0.3633,0.1024,0.0,0,0,0,0,1.0,,,,,0.0,1,1
LJ500_R061_C084,61,84,703250,9531750,3500,0,2019,2,2019-02,2,0.7729,0,0.0,0.2271,0.0,0,0,0,0,1.0,,,,,0.0,1,1
LJ500_R061_C085,61,85,703750,9531750,4000,0,2019,2,2019-02,2,0.709,0,0.291,0.0,0.0,0,0,0,0,1.0,0.7761,0.3065,0.5985,-0.677,18.08,1,0
LJ500_R061_C086,61,86,704250,9531750,4500,0,2019,2,2019-02,2,1.0,0,0.0,0.0,0.0,0,0,0,0,1.0,0.7344,0.2282,0.5225,-0.6451,23.52,1,0
LJ500_R062_C077,62,77,699750,9532250,0,500,2019,2,2019-02,2,0.0,0,0.7197,0.0,0.2803,0,0,0,0,1.0,0.7631,0.2088,0.4854,-0.6607,100.0,1,0
LJ500_R062_C078,62,78,700250,9532250,500,500,2019,2,2019-02,2,0.0,0,0.5947,0.0,0.4053,0,0,0,0,1.0,0.7582,0.2149,0.493,-0.656,100.0,1,0
LJ500_R062_C079,62,79,700750,9532250,1000,500,2019,2,2019-02,2,0.0,0,0.771,0.0,0.229,0,0,0,0,1.0,0.7454,0.1877,0.4684,-0.6397,99.68,1,0
LJ500_R062_C080,62,80,701250,9532250,1500,500,2019,2,2019-02,2,0.235,0,0.6379,0.0,0.1271,0,0,0,0,1.0,0.8152,0.2631,0.5619,-0.6905,12.8,1,0
LJ500_R062_C081,62,81,701750,9532250,2000,500,2019,2,2019-02,2,0.0684,0,0.7378,0.0,0.1938,0,0,0,0,1.0,0.7687,0.2609,0.5528,-0.6546,14.72,1,0
LJ500_R062_C082,62,82,702250,9532250,2500,500,2019,2,2019-02,2,0.0973,0,0.9027,0.0,0.0,0,0,0,0,1.0,0.7436,0.2751,0.5526,-0.6314,35.2,1,0
LJ500_R062_C083,62,83,702750,9532250,3000,500,2019,2,2019-02,2,0.0473,0,0.9507,0.0019,0.0,0,0,0,0,1.0,0.7826,0.2984,0.5828,-0.6661,29.92,1,0
LJ500_R062_C084,62,84,703250,9532250,3500,500,2019,2,2019-02,2,0.2757,0,0.7209,0.0034,0.0,0,0,0,0,1.0,0.8472,0.3485,0.6465,-0.7244,56.16,1,0
LJ500_R062_C085,62,85,703750,9532250,4000,500,2019,2,2019-02,2,0.0588,0,0.9412,0.0,0.0,0,0,0,0,1.0,0.7894,0.273,0.5713,-0.6854,95.36,1,0
LJ500_R062_C086,62,86,704250,9532250,4500,500,2019,2,2019-02,2,0.7611,0,0.2389,0.0,0.0,0,0,0,0,1.0,0.7294,0.2274,0.5159,-0.6497,70.56,1,0
LJ500_R063_C077,63,77,699750,9532750,0,1000,2019,2,2019-02,2,0.0,0,0.1158,0.0,0.8842,0,0,0,0,1.0,0.6585,0.1017,0.3587,-0.5863,100.0,1,0
LJ500_R063_C078,63,78,700250,9532750,500,1000,2019,2,2019-02,2,0.0328,0,0.3431,0.0,0.624,0,0,0,0,1.0,0.7204,0.1618,0.4261,-0.6403,100.0,1,0
LJ500_R063_C079,63,79,700750,9532750,1000,1000,2019,2,2019-02,2,0.2883,0,0.3768,0.0,0.3349,0,0,0,0,1.0,0.7167,0.1406,0.415,-0.6423,100.0,1,0
LJ500_R063_C080,63,80,701250,9532750,1500,1000,2019,2,2019-02,2,0.1673,0,0.4746,0.0,0.358,0,0,0,0,1.0,0.7138,0.1244,0.4195,-0.6529,82.08,1,0
LJ500_R063_C081,63,81,701750,9532750,2000,1000,2019,2,2019-02,2,0.0165,0,0.5433,0.0,0.4402,0,0,0,0,1.0,0.74,0.1544,0.4518,-0.6556,90.72,1,0
LJ500_R063_C082,63,82,702250,9532750,2500,1000,2019,2,2019-02,2,0.6742,0,0.2142,0.0,0.1117,0,0,0,0,1.0,0.7801,0.2511,0.5391,-0.6645,100.0,1,0
LJ500_R063_C083,63,83,702750,9532750,3000,1000,2019,2,2019-02,2,0.2059,0,0.7941,0.0,0.0,0,0,0,0,1.0,0.7846,0.2489,0.5397,-0.6786,100.0,1,0
LJ500_R063_C084,63,84,703250,9532750,3500,1000,2019,2,2019-02,2,0.2973,0,0.7027,0.0,0.0,0,0,0,0,1.0,0.8084,0.2745,0.5758,-0.6989,100.0,1,0
LJ500_R063_C085,63,85,703750,9532750,4000,1000,2019,2,2019-02,2,0.1462,0,0.8538,0.0,0.0,0,0,0,0,1.0,0.8105,0.2992,0.6021,-0.6989,100.0,1,0
LJ500_R063_C086,63,86,704250,9532750,4500,1000,2019,2,2019-02,2,0.3435,0,0.6565,0.0,0.0,0,0,0,0,1.0,0.777,0.3254,0.623,-0.6622,100.0,1,0
LJ500_R064_C077,64,77,699750,9533250,0,1500,2019,2,2019-02,2,0.3887,0,0.3116,0.0,0.2997,0,0,0,0,1.0,0.7799,0.2279,0.5119,-0.6718,100.0,1,0
LJ500_R064_C078,64,78,700250,9533250,500,1500,2019,2,2019-02,2,0.5382,0,0.082,0.0,0.3799,0,0,0,0,1.0,0.7283,0.1729,0.4509,-0.6414,100.0,1,0
LJ500_R064_C079,64,79,700750,9533250,1000,1500,2019,2,2019-02,2,0.4384,0,0.1474,0.0,0.4142,0,0,0,0,1.0,0.6402,0.0188,0.2801,-0.6107,100.0,1,0
LJ500_R064_C080,64,80,701250,9533250,1500,1500,2019,2,2019-02,2,0.5951,0,0.4049,0.0,0.0,0,0,0,0,1.0,0.7508,0.1715,0.4619,-0.6754,100.0,1,0
LJ500_R064_C081,64,81,701750,9533250,2000,1500,2019,2,2019-02,2,0.5997,0,0.181,0.0,0.2193,0,0,0,0,1.0,0.8081,0.2534,0.5534,-0.7001,100.0,1,0
LJ500_R064_C082,64,82,702250,9533250,2500,1500,2019,2,2019-02,2,0.7276,0,0.2724,0.0,0.0,0,0,0,0,1.0,0.7647,0.2024,0.5016,-0.6706,100.0,1,0
LJ500_R064_C083,64,83,702750,9533250,3000,1500,2019,2,2019-02,2,0.566,0,0.203,0.0,0.231,0,0,0,0,1.0,0.7985,0.2286,0.5413,-0.7042,100.0,1,0
LJ500_R064_C084,64,84,703250,9533250,3500,1500,2019,2,2019-02,2,0.235,0,0.7298,0.0,0.0352,0,0,0,0,1.0,0.842,0.3012,0.6096,-0.7294,100.0,1,0
LJ500_R064_C085,64,85,703750,9533250,4000,1500,2019,2,2019-02,2,0.5109,0,0.4891,0.0,0.0,0,0,0,0,1.0,0.826,0.2769,0.5843,-0.7232,100.0,1,0
LJ500_R064_C086,64,86,704250,9533250,4500,1500,2019,2,2019-02,2,0.748,0,0.252,0.0,0.0,0,0,0,0,1.0,0.7335,0.2092,0.506,-0.6507,100.0,1,0
LJ500_R065_C077,65,77,699750,9533750,0,2000,2019,2,2019-02,2,0.312,0,0.4033,0.0,0.2847,0,0,0,0,1.0,0.7706,0.228,0.5144,-0.6617,96.16,1,0
LJ500_R065_C078,65,78,700250,9533750,500,2000,2019,2,2019-02,2,0.5913,0,0.4071,0.0,0.0016,0,0,0,0,1.0,0.7169,0.1984,0.4772,-0.6326,81.12,1,0
LJ500_R065_C079,65,79,700750,9533750,1000,2000,2019,2,2019-02,2,0.3219,0,0.6781,0.0,0.0,0,0,0,0,1.0,0.6563,0.0999,0.3656,-0.6044,76.32,1,0
LJ500_R065_C080,65,80,701250,9533750,1500,2000,2019,2,2019-02,2,0.8266,0,0.1734,0.0,0.0,0,0,0,0,1.0,0.8605,0.32,0.6236,-0.75,91.04,1,0
LJ500_R065_C081,65,81,701750,9533750,2000,2000,2019,2,2019-02,2,0.9017,0,0.0983,0.0,0.0,0,0,0,0,1.0,0.8136,0.262,0.5592,-0.7119,100.0,1,0
LJ500_R065_C082,65,82,702250,9533750,2500,2000,2019,2,2019-02,2,0.7327,0,0.2673,0.0,0.0,0,0,0,0,1.0,0.7981,0.2388,0.5503,-0.7117,100.0,1,0
LJ500_R065_C083,65,83,702750,9533750,3000,2000,2019,2,2019-02,2,0.7802,0,0.1368,0.0,0.083,0,0,0,0,1.0,0.8392,0.2943,0.6029,-0.7256,93.12,1,0
LJ500_R065_C084,65,84,703250,9533750,3500,2000,2019,2,2019-02,2,0.3229,0,0.6771,0.0,0.0,0,0,0,0,1.0,0.804,0.2585,0.5598,-0.7015,93.92,1,0
LJ500_R065_C085,65,85,703750,9533750,4000,2000,2019,2,2019-02,2,0.0167,0,0.9833,0.0,0.0,0,0,0,0,1.0,0.6873,0.1694,0.4506,-0.6188,96.32,1,0
LJ500_R065_C086,65,86,704250,9533750,4500,2000,2019,2,2019-02,2,0.7821,0,0.2179,0.0,0.0,0,0,0,0,1.0,0.7517,0.2803,0.5799,-0.6596,97.6,1,0
LJ500_R066_C077,66,77,699750,9534250,0,2500,2019,2,2019-02,2,0.5018,0,0.3517,0.0,0.1465,0,0,0,0,1.0,0.5889,0.1814,0.4246,-0.5031,37.76,1,0
LJ500_R066_C078,66,78,700250,9534250,500,2500,2019,2,2019-02,2,0.1232,0,0.8768,0.0,0.0,0,0,0,0,1.0,0.5334,0.1551,0.3582,-0.4672,17.44,1,0
LJ500_R066_C079,66,79,700750,9534250,1000,2500,2019,2,2019-02,2,0.3332,0,0.6668,0.0,0.0,0,0,0,0,1.0,0.5919,0.1329,0.3943,-0.5541,2.88,1,0
LJ500_R066_C080,66,80,701250,9534250,1500,2500,2019,2,2019-02,2,0.9149,0,0.0851,0.0,0.0,0,0,0,0,1.0,0.737,0.2018,0.4928,-0.6576,8.32,1,0
LJ500_R066_C081,66,81,701750,9534250,2000,2500,2019,2,2019-02,2,0.7037,0,0.2963,0.0,0.0,0,0,0,0,1.0,0.739,0.2145,0.5026,-0.6642,54.72,1,0
LJ500_R066_C082,66,82,702250,9534250,2500,2500,2019,2,2019-02,2,0.6772,0,0.3228,0.0,0.0,0,0,0,0,1.0,0.7831,0.2631,0.5548,-0.6873,96.16,1,0
LJ500_R066_C083,66,83,702750,9534250,3000,2500,2019,2,2019-02,2,0.6289,0,0.3711,0.0,0.0,0,0,0,0,1.0,0.7419,0.2466,0.5216,-0.642,40.96,1,0
LJ500_R066_C084,66,84,703250,9534250,3500,2500,2019,2,2019-02,2,0.7305,0,0.2695,0.0,0.0,0,0,0,0,1.0,0.7095,0.1469,0.435,-0.6403,41.6,1,0
LJ500_R066_C085,66,85,703750,9534250,4000,2500,2019,2,2019-02,2,0.7865,0,0.2135,0.0,0.0,0,0,0,0,1.0,0.7289,0.2199,0.5036,-0.6515,46.56,1,0
LJ500_R066_C086,66,86,704250,9534250,4500,2500,2019,2,2019-02,2,1.0,0,0.0,0.0,0.0,0,0,0,0,1.0,0.6781,0.3113,0.6019,-0.574,39.84,1,0
LJ500_R067_C077,67,77,699750,9534750,0,3000,2019,2,2019-02,2,0.7165,0,0.2835,0.0,0.0,0,0,0,0,1.0,,,,,0.0,1,1
LJ500_R067_C078,67,78,700250,9534750,500,3000,2019,2,2019-02,2,0.8229,0,0.1771,0.0,0.0,0,0,0,0,1.0,,,,,0.0,1,1
LJ500_R067_C079,67,79,700750,9534750,1000,3000,2019,2,2019-02,2,0.9659,0,0.0341,0.0,0.0,0,0,0,0,1.0,,,,,0.0,1,1
LJ500_R067_C080,67,80,701250,9534750,1500,3000,2019,2,2019-02,2,0.8944,0,0.1056,0.0,0.0,0,0,0,0,1.0,,,,,0.0,1,1
LJ500_R067_C081,67,81,701750,9534750,2000,3000,2019,2,2019-02,2,0.7989,0,0.1897,0.0,0.0114,0,0,0,0,1.0,0.7949,0.3284,0.6142,-0.7056,35.04,1,0
LJ500_R067_C082,67,82,702250,9534750,2500,3000,2019,2,2019-02,2,1.0,0,0.0,0.0,0.0,0,0,0,0,1.0,0.8255,0.3567,0.6476,-0.7302,12.64,1,0
LJ500_R067_C083,67,83,702750,9534750,3000,3000,2019,2,2019-02,2,1.0,0,0.0,0.0,0.0,0,0,0,0,1.0,,,,,0.0,1,1
LJ500_R067_C084,67,84,703250,9534750,3500,3000,2019,2,2019-02,2,1.0,0,0.0,0.0,0.0,0,0,0,0,1.0,,,,,0.0,1,1
LJ500_R067_C085,67,85,703750,9534750,4000,3000,2019,2,2019-02,2,1.0,0,0.0,0.0,0.0,0,0,0,0,1.0,0.799,0.2935,0.5817,-0.7185,0.48,1,0
LJ500_R067_C086,67,86,704250,9534750,4500,3000,2019,2,2019-02,2,1.0,0,0.0,0.0,0.0,0,0,0,0,1.0,0.6808,0.2998,0.5688,-0.5853,13.6,1,0
LJ500_R068_C077,68,77,699750,9535250,0,3500,2019,2,2019-02,2,0.065,0,0.935,0.0,0.0,0,0,0,0,1.0,,,,,0.0,1,1
LJ500_R068_C078,68,78,700250,9535250,500,3500,2019,2,2019-02,2,0.7525,0,0.2475,0.0,0.0,0,0,0,0,1.0,,,,,0.0,1,1
LJ500_R068_C079,68,79,700750,9535250,1000,3500,2019,2,2019-02,2,1.0,0,0.0,0.0,0.0,0,0,0,0,1.0,,,,,0.0,1,1
LJ500_R068_C080,68,80,701250,9535250,1500,3500,2019,2,2019-02,2,0.8923,0,0.1077,0.0,0.0,0,0,0,0,1.0,0.7053,0.2897,0.5434,-0.6138,1.28,1,0
LJ500_R068_C081,68,81,701750,9535250,2000,3500,2019,2,2019-02,2,0.6646,0,0.0767,0.0,0.2586,0,0,0,0,1.0,0.5065,0.0058,0.2463,-0.5121,4.16,1,0
LJ500_R068_C082,68,82,702250,9535250,2500,3500,2019,2,2019-02,2,0.9399,0,0.0601,0.0,0.0,0,0,0,0,1.0,,,,,0.0,1,1
LJ500_R068_C083,68,83,702750,9535250,3000,3500,2019,2,2019-02,2,1.0,0,0.0,0.0,0.0,0,0,0,0,1.0,,,,,0.0,1,1
LJ500_R068_C084,68,84,703250,9535250,3500,3500,2019,2,2019-02,2,1.0,0,0.0,0.0,0.0,0,0,0,0,1.0,,,,,0.0,1,1
LJ500_R068_C085,68,85,703750,9535250,4000,3500,2019,2,2019-02,2,1.0,0,0.0,0.0,0.0,0,0,0,0,1.0,,,,,0.0,1,1
LJ500_R068_C086,68,86,704250,9535250,4500,3500,2019,2,2019-02,2,1.0,0,0.0,0.0,0.0,0,0,0,0,1.0,0.7329,0.3676,0.6276,-0.6335,1.28,1,0
LJ500_R069_C077,69,77,699750,9535750,0,4000,2019,2,2019-02,2,0.0,0,0.9574,0.0426,0.0,0,0,0,0,1.0,,,,,0.0,1,1
LJ500_R069_C078,69,78,700250,9535750,500,4000,2019,2,2019-02,2,0.4139,0,0.5115,0.0746,0.0,0,0,0,0,1.0,,,,,0.0,1,1
LJ500_R069_C079,69,79,700750,9535750,1000,4000,2019,2,2019-02,2,0.6432,0,0.3568,0.0,0.0,0,0,0,0,1.0,,,,,0.0,1,1
LJ500_R069_C080,69,80,701250,9535750,1500,4000,2019,2,2019-02,2,0.8514,0,0.1486,0.0,0.0,0,0,0,0,1.0,,,,,0.0,1,1
LJ500_R069_C081,69,81,701750,9535750,2000,4000,2019,2,2019-02,2,1.0,0,0.0,0.0,0.0,0,0,0,0,1.0,,,,,0.0,1,1
LJ500_R069_C082,69,82,702250,9535750,2500,4000,2019,2,2019-02,2,1.0,0,0.0,0.0,0.0,0,0,0,0,1.0,,,,,0.0,1,1
LJ500_R069_C083,69,83,702750,9535750,3000,4000,2019,2,2019-02,2,1.0,0,0.0,0.0,0.0,0,0,0,0,1.0,,,,,0.0,1,1
LJ500_R069_C084,69,84,703250,9535750,3500,4000,2019,2,2019-02,2,1.0,0,0.0,0.0,0.0,0,0,0,0,1.0,,,,,0.0,1,1
LJ500_R069_C085,69,85,703750,9535750,4000,4000,2019,2,2019-02,2,1.0,0,0.0,0.0,0.0,0,0,0,0,1.0,,,,,0.0,1,1
LJ500_R069_C086,69,86,704250,9535750,4500,4000,2019,2,2019-02,2,1.0,0,0.0,0.0,0.0,0,0,0,0,1.0,,,,,0.0,1,1
LJ500_R070_C077,70,77,699750,9536250,0,4500,2019,2,2019-02,2,0.0,0,0.3423,0.4553,0.2024,0,0,0,0,1.0,,,,,0.0,1,1
LJ500_R070_C078,70,78,700250,9536250,500,4500,2019,2,2019-02,2,0.0,0,0.3908,0.6092,0.0,0,0,0,0,1.0,,,,,0.0,1,1
LJ500_R070_C079,70,79,700750,9536250,1000,4500,2019,2,2019-02,2,0.2082,0,0.7834,0.0084,0.0,0,0,0,0,1.0,,,,,0.0,1,1
LJ500_R070_C080,70,80,701250,9536250,1500,4500,2019,2,2019-02,2,0.2813,0,0.7187,0.0,0.0,0,0,0,0,1.0,,,,,0.0,1,1
LJ500_R070_C081,70,81,701750,9536250,2000,4500,2019,2,2019-02,2,0.9197,0,0.0803,0.0,0.0,0,0,0,0,1.0,,,,,0.0,1,1
LJ500_R070_C082,70,82,702250,9536250,2500,4500,2019,2,2019-02,2,1.0,0,0.0,0.0,0.0,0,0,0,0,1.0,0.3193,0.0703,0.1554,-0.2894,0.8,1,0
LJ500_R070_C083,70,83,702750,9536250,3000,4500,2019,2,2019-02,2,1.0,0,0.0,0.0,0.0,0,0,0,0,1.0,,,,,0.0,1,1
LJ500_R070_C084,70,84,703250,9536250,3500,4500,2019,2,2019-02,2,0.9943,0,0.0057,0.0,0.0,0,0,0,0,1.0,,,,,0.0,1,1
LJ500_R070_C085,70,85,703750,9536250,4000,4500,2019,2,2019-02,2,1.0,0,0.0,0.0,0.0,0,0,0,0,1.0,,,,,0.0,1,1
LJ500_R070_C086,70,86,704250,9536250,4500,4500,2019,2,2019-02,2,1.0,0,0.0,0.0,0.0,0,0,0,0,1.0,,,,,0.0,1,1
LJ500_R061_C077,61,77,699750,9531750,0,0,2019,3,2019-03,3,0.0,0,1.0,0.0,0.0,0,0,0,0,1.0,0.7345,0.2826,0.5562,-0.6146,40.48,1,0
LJ500_R061_C078,61,78,700250,9531750,500,0,2019,3,2019-03,3,0.0,0,0.9516,0.0,0.0484,0,0,0,0,1.0,0.7343,0.3573,0.6071,-0.606,52.48,1,0
LJ500_R061_C079,61,79,700750,9531750,1000,0,2019,3,2019-03,3,0.0,0,0.906,0.0,0.094,0,0,0,0,1.0,0.7661,0.3424,0.6168,-0.6454,70.88,1,0
LJ500_R061_C080,61,80,701250,9531750,1500,0,2019,3,2019-03,3,0.1714,0,0.8229,0.0,0.0057,0,0,0,0,1.0,0.6922,0.2765,0.5409,-0.5786,67.2,1,0
LJ500_R061_C081,61,81,701750,9531750,2000,0,2019,3,2019-03,3,0.0,0,1.0,0.0,0.0,0,0,0,0,1.0,0.667,0.2693,0.521,-0.5531,36.64,1,0
LJ500_R061_C082,61,82,702250,9531750,2500,0,2019,3,2019-03,3,0.0618,0,0.9382,0.0,0.0,0,0,0,0,1.0,0.6755,0.2745,0.5385,-0.5633,52.8,1,0
LJ500_R061_C083,61,83,702750,9531750,3000,0,2019,3,2019-03,3,0.5343,0,0.3633,0.1024,0.0,0,0,0,0,1.0,0.5832,0.2765,0.4863,-0.4756,12.32,1,0
LJ500_R061_C084,61,84,703250,9531750,3500,0,2019,3,2019-03,3,0.7729,0,0.0,0.2271,0.0,0,0,0,0,1.0,0.5992,0.2701,0.5213,-0.4922,2.88,1,0
LJ500_R061_C085,61,85,703750,9531750,4000,0,2019,3,2019-03,3,0.709,0,0.291,0.0,0.0,0,0,0,0,1.0,,,,,0.0,1,1
LJ500_R061_C086,61,86,704250,9531750,4500,0,2019,3,2019-03,3,1.0,0,0.0,0.0,0.0,0,0,0,0,1.0,,,,,0.0,1,1
LJ500_R062_C077,62,77,699750,9532250,0,500,2019,3,2019-03,3,0.0,0,0.7197,0.0,0.2803,0,0,0,0,1.0,0.7453,0.2673,0.5492,-0.6272,84.96,1,0
LJ500_R062_C078,62,78,700250,9532250,500,500,2019,3,2019-03,3,0.0,0,0.5947,0.0,0.4053,0,0,0,0,1.0,0.7088,0.287,0.5615,-0.5851,84.32,1,0
LJ500_R062_C079,62,79,700750,9532250,1000,500,2019,3,2019-03,3,0.0,0,0.771,0.0,0.229,0,0,0,0,1.0,0.7052,0.2748,0.5516,-0.5793,74.88,1,0
LJ500_R062_C080,62,80,701250,9532250,1500,500,2019,3,2019-03,3,0.235,0,0.6379,0.0,0.1271,0,0,0,0,1.0,0.7245,0.2579,0.5396,-0.6049,83.84,1,0
LJ500_R062_C081,62,81,701750,9532250,2000,500,2019,3,2019-03,3,0.0684,0,0.7378,0.0,0.1938,0,0,0,0,1.0,0.6827,0.249,0.52,-0.5812,46.08,1,0
LJ500_R062_C082,62,82,702250,9532250,2500,500,2019,3,2019-03,3,0.0973,0,0.9027,0.0,0.0,0,0,0,0,1.0,0.7102,0.3061,0.5783,-0.5906,100.0,1,0
LJ500_R062_C083,62,83,702750,9532250,3000,500,2019,3,2019-03,3,0.0473,0,0.9507,0.0019,0.0,0,0,0,0,1.0,0.6643,0.288,0.5384,-0.5559,93.28,1,0
LJ500_R062_C084,62,84,703250,9532250,3500,500,2019,3,2019-03,3,0.2757,0,0.7209,0.0034,0.0,0,0,0,0,1.0,0.6619,0.3176,0.5639,-0.5598,43.52,1,0
LJ500_R062_C085,62,85,703750,9532250,4000,500,2019,3,2019-03,3,0.0588,0,0.9412,0.0,0.0,0,0,0,0,1.0,0.6089,0.24,0.4181,-0.5117,2.4,1,0
LJ500_R062_C086,62,86,704250,9532250,4500,500,2019,3,2019-03,3,0.7611,0,0.2389,0.0,0.0,0,0,0,0,1.0,,,,,0.0,1,1
LJ500_R063_C077,63,77,699750,9532750,0,1000,2019,3,2019-03,3,0.0,0,0.1158,0.0,0.8842,0,0,0,0,1.0,0.6061,0.1442,0.4005,-0.5236,37.6,1,0
LJ500_R063_C078,63,78,700250,9532750,500,1000,2019,3,2019-03,3,0.0328,0,0.3431,0.0,0.624,0,0,0,0,1.0,0.6458,0.1936,0.4548,-0.5528,38.56,1,0
LJ500_R063_C079,63,79,700750,9532750,1000,1000,2019,3,2019-03,3,0.2883,0,0.3768,0.0,0.3349,0,0,0,0,1.0,0.6568,0.1795,0.453,-0.5646,12.8,1,0
LJ500_R063_C080,63,80,701250,9532750,1500,1000,2019,3,2019-03,3,0.1673,0,0.4746,0.0,0.358,0,0,0,0,1.0,0.6509,0.1401,0.4204,-0.5846,56.16,1,0
LJ500_R063_C081,63,81,701750,9532750,2000,1000,2019,3,2019-03,3,0.0165,0,0.5433,0.0,0.4402,0,0,0,0,1.0,0.6672,0.201,0.4814,-0.5738,45.6,1,0
LJ500_R063_C082,63,82,702250,9532750,2500,1000,2019,3,2019-03,3,0.6742,0,0.2142,0.0,0.1117,0,0,0,0,1.0,0.7295,0.2914,0.5632,-0.6093,75.52,1,0
LJ500_R063_C083,63,83,702750,9532750,3000,1000,2019,3,2019-03,3,0.2059,0,0.7941,0.0,0.0,0,0,0,0,1.0,0.7053,0.2758,0.5508,-0.5972,77.12,1,0
LJ500_R063_C084,63,84,703250,9532750,3500,1000,2019,3,2019-03,3,0.2973,0,0.7027,0.0,0.0,0,0,0,0,1.0,0.7113,0.3056,0.571,-0.6014,84.32,1,0
LJ500_R063_C085,63,85,703750,9532750,4000,1000,2019,3,2019-03,3,0.1462,0,0.8538,0.0,0.0,0,0,0,0,1.0,0.7334,0.3395,0.6077,-0.6192,26.88,1,0
LJ500_R063_C086,63,86,704250,9532750,4500,1000,2019,3,2019-03,3,0.3435,0,0.6565,0.0,0.0,0,0,0,0,1.0,0.6959,0.3299,0.5957,-0.5694,0.48,1,0
LJ500_R064_C077,64,77,699750,9533250,0,1500,2019,3,2019-03,3,0.3887,0,0.3116,0.0,0.2997,0,0,0,0,1.0,0.6297,0.2519,0.5188,-0.5115,2.08,1,0
LJ500_R064_C078,64,78,700250,9533250,500,1500,2019,3,2019-03,3,0.5382,0,0.082,0.0,0.3799,0,0,0,0,1.0,0.5965,0.2496,0.4896,-0.4924,8.48,1,0
LJ500_R064_C079,64,79,700750,9533250,1000,1500,2019,3,2019-03,3,0.4384,0,0.1474,0.0,0.4142,0,0,0,0,1.0,,,,,0.0,1,1
LJ500_R064_C080,64,80,701250,9533250,1500,1500,2019,3,2019-03,3,0.5951,0,0.4049,0.0,0.0,0,0,0,0,1.0,,,,,0.0,1,1
LJ500_R064_C081,64,81,701750,9533250,2000,1500,2019,3,2019-03,3,0.5997,0,0.181,0.0,0.2193,0,0,0,0,1.0,,,,,0.0,1,1
LJ500_R064_C082,64,82,702250,9533250,2500,1500,2019,3,2019-03,3,0.7276,0,0.2724,0.0,0.0,0,0,0,0,1.0,,,,,0.0,1,1
LJ500_R064_C083,64,83,702750,9533250,3000,1500,2019,3,2019-03,3,0.566,0,0.203,0.0,0.231,0,0,0,0,1.0,0.7325,0.2836,0.5744,-0.6286,6.56,1,0
LJ500_R064_C084,64,84,703250,9533250,3500,1500,2019,3,2019-03,3,0.235,0,0.7298,0.0,0.0352,0,0,0,0,1.0,0.7583,0.3239,0.6103,-0.6497,72.48,1,0
LJ500_R064_C085,64,85,703750,9533250,4000,1500,2019,3,2019-03,3,0.5109,0,0.4891,0.0,0.0,0,0,0,0,1.0,0.7834,0.3522,0.6362,-0.6751,29.92,1,0
LJ500_R064_C086,64,86,704250,9533250,4500,1500,2019,3,2019-03,3,0.748,0,0.252,0.0,0.0,0,0,0,0,1.0,,,,,0.0,1,1
LJ500_R065_C077,65,77,699750,9533750,0,2000,2019,3,2019-03,3,0.312,0,0.4033,0.0,0.2847,0,0,0,0,1.0,,,,,0.0,1,1
LJ500_R065_C078,65,78,700250,9533750,500,2000,2019,3,2019-03,3,0.5913,0,0.4071,0.0,0.0016,0,0,0,0,1.0,,,,,0.0,1,1
LJ500_R065_C079,65,79,700750,9533750,1000,2000,2019,3,2019-03,3,0.3219,0,0.6781,0.0,0.0,0,0,0,0,1.0,,,,,0.0,1,1
LJ500_R065_C080,65,80,701250,9533750,1500,2000,2019,3,2019-03,3,0.8266,0,0.1734,0.0,0.0,0,0,0,0,1.0,,,,,0.0,1,1
LJ500_R065_C081,65,81,701750,9533750,2000,2000,2019,3,2019-03,3,0.9017,0,0.0983,0.0,0.0,0,0,0,0,1.0,,,,,0.0,1,1
LJ500_R065_C082,65,82,702250,9533750,2500,2000,2019,3,2019-03,3,0.7327,0,0.2673,0.0,0.0,0,0,0,0,1.0,,,,,0.0,1,1
LJ500_R065_C083,65,83,702750,9533750,3000,2000,2019,3,2019-03,3,0.7802,0,0.1368,0.0,0.083,0,0,0,0,1.0,0.6945,0.3052,0.543,-0.5986,6.08,1,0
LJ500_R065_C084,65,84,703250,9533750,3500,2000,2019,3,2019-03,3,0.3229,0,0.6771,0.0,0.0,0,0,0,0,1.0,0.7113,0.2815,0.5572,-0.6137,79.68,1,0
LJ500_R065_C085,65,85,703750,9533750,4000,2000,2019,3,2019-03,3,0.0167,0,0.9833,0.0,0.0,0,0,0,0,1.0,0.6931,0.2871,0.5647,-0.6008,36.96,1,0
LJ500_R065_C086,65,86,704250,9533750,4500,2000,2019,3,2019-03,3,0.7821,0,0.2179,0.0,0.0,0,0,0,0,1.0,,,,,0.0,1,1
LJ500_R066_C077,66,77,699750,9534250,0,2500,2019,3,2019-03,3,0.5018,0,0.3517,0.0,0.1465,0,0,0,0,1.0,,,,,0.0,1,1
LJ500_R066_C078,66,78,700250,9534250,500,2500,2019,3,2019-03,3,0.1232,0,0.8768,0.0,0.0,0,0,0,0,1.0,,,,,0.0,1,1
LJ500_R066_C079,66,79,700750,9534250,1000,2500,2019,3,2019-03,3,0.3332,0,0.6668,0.0,0.0,0,0,0,0,1.0,,,,,0.0,1,1
LJ500_R066_C080,66,80,701250,9534250,1500,2500,2019,3,2019-03,3,0.9149,0,0.0851,0.0,0.0,0,0,0,0,1.0,,,,,0.0,1,1
LJ500_R066_C081,66,81,701750,9534250,2000,2500,2019,3,2019-03,3,0.7037,0,0.2963,0.0,0.0,0,0,0,0,1.0,,,,,0.0,1,1
LJ500_R066_C082,66,82,702250,9534250,2500,2500,2019,3,2019-03,3,0.6772,0,0.3228,0.0,0.0,0,0,0,0,1.0,0.6971,0.307,0.587,-0.6072,1.44,1,0
LJ500_R066_C083,66,83,702750,9534250,3000,2500,2019,3,2019-03,3,0.6289,0,0.3711,0.0,0.0,0,0,0,0,1.0,0.6457,0.2774,0.5256,-0.5623,0.8,1,0
LJ500_R066_C084,66,84,703250,9534250,3500,2500,2019,3,2019-03,3,0.7305,0,0.2695,0.0,0.0,0,0,0,0,1.0,0.641,0.2342,0.5059,-0.5519,89.92,1,0
LJ500_R066_C085,66,85,703750,9534250,4000,2500,2019,3,2019-03,3,0.7865,0,0.2135,0.0,0.0,0,0,0,0,1.0,0.6438,0.253,0.5252,-0.5601,39.52,1,0
LJ500_R066_C086,66,86,704250,9534250,4500,2500,2019,3,2019-03,3,1.0,0,0.0,0.0,0.0,0,0,0,0,1.0,,,,,0.0,1,1
LJ500_R067_C077,67,77,699750,9534750,0,3000,2019,3,2019-03,3,0.7165,0,0.2835,0.0,0.0,0,0,0,0,1.0,,,,,0.0,1,1
LJ500_R067_C078,67,78,700250,9534750,500,3000,2019,3,2019-03,3,0.8229,0,0.1771,0.0,0.0,0,0,0,0,1.0,,,,,0.0,1,1
LJ500_R067_C079,67,79,700750,9534750,1000,3000,2019,3,2019-03,3,0.9659,0,0.0341,0.0,0.0,0,0,0,0,1.0,,,,,0.0,1,1
LJ500_R067_C080,67,80,701250,9534750,1500,3000,2019,3,2019-03,3,0.8944,0,0.1056,0.0,0.0,0,0,0,0,1.0,,,,,0.0,1,1
LJ500_R067_C081,67,81,701750,9534750,2000,3000,2019,3,2019-03,3,0.7989,0,0.1897,0.0,0.0114,0,0,0,0,1.0,,,,,0.0,1,1
LJ500_R067_C082,67,82,702250,9534750,2500,3000,2019,3,2019-03,3,1.0,0,0.0,0.0,0.0,0,0,0,0,1.0,0.6645,0.3292,0.5843,-0.5695,0.32,1,0
LJ500_R067_C083,67,83,702750,9534750,3000,3000,2019,3,2019-03,3,1.0,0,0.0,0.0,0.0,0,0,0,0,1.0,0.5422,0.1961,0.4344,-0.4669,1.92,1,0
LJ500_R067_C084,67,84,703250,9534750,3500,3000,2019,3,2019-03,3,1.0,0,0.0,0.0,0.0,0,0,0,0,1.0,0.5853,0.2416,0.4948,-0.4991,6.56,1,0
LJ500_R067_C085,67,85,703750,9534750,4000,3000,2019,3,2019-03,3,1.0,0,0.0,0.0,0.0,0,0,0,0,1.0,0.6218,0.2489,0.4881,-0.5495,1.28,1,0
LJ500_R067_C086,67,86,704250,9534750,4500,3000,2019,3,2019-03,3,1.0,0,0.0,0.0,0.0,0,0,0,0,1.0,,,,,0.0,1,1
LJ500_R068_C077,68,77,699750,9535250,0,3500,2019,3,2019-03,3,0.065,0,0.935,0.0,0.0,0,0,0,0,1.0,,,,,0.0,1,1
LJ500_R068_C078,68,78,700250,9535250,500,3500,2019,3,2019-03,3,0.7525,0,0.2475,0.0,0.0,0,0,0,0,1.0,,,,,0.0,1,1
LJ500_R068_C079,68,79,700750,9535250,1000,3500,2019,3,2019-03,3,1.0,0,0.0,0.0,0.0,0,0,0,0,1.0,,,,,0.0,1,1
LJ500_R068_C080,68,80,701250,9535250,1500,3500,2019,3,2019-03,3,0.8923,0,0.1077,0.0,0.0,0,0,0,0,1.0,,,,,0.0,1,1
LJ500_R068_C081,68,81,701750,9535250,2000,3500,2019,3,2019-03,3,0.6646,0,0.0767,0.0,0.2586,0,0,0,0,1.0,,,,,0.0,1,1
LJ500_R068_C082,68,82,702250,9535250,2500,3500,2019,3,2019-03,3,0.9399,0,0.0601,0.0,0.0,0,0,0,0,1.0,,,,,0.0,1,1
LJ500_R068_C083,68,83,702750,9535250,3000,3500,2019,3,2019-03,3,1.0,0,0.0,0.0,0.0,0,0,0,0,1.0,,,,,0.0,1,1
LJ500_R068_C084,68,84,703250,9535250,3500,3500,2019,3,2019-03,3,1.0,0,0.0,0.0,0.0,0,0,0,0,1.0,,,,,0.0,1,1
LJ500_R068_C085,68,85,703750,9535250,4000,3500,2019,3,2019-03,3,1.0,0,0.0,0.0,0.0,0,0,0,0,1.0,0.6356,0.3713,0.6169,-0.566,2.4,1,0
LJ500_R068_C086,68,86,704250,9535250,4500,3500,2019,3,2019-03,3,1.0,0,0.0,0.0,0.0,0,0,0,0,1.0,,,,,0.0,1,1
LJ500_R069_C077,69,77,699750,9535750,0,4000,2019,3,2019-03,3,0.0,0,0.9574,0.0426,0.0,0,0,0,0,1.0,,,,,0.0,1,1
LJ500_R069_C078,69,78,700250,9535750,500,4000,2019,3,2019-03,3,0.4139,0,0.5115,0.0746,0.0,0,0,0,0,1.0,,,,,0.0,1,1
LJ500_R069_C079,69,79,700750,9535750,1000,4000,2019,3,2019-03,3,0.6432,0,0.3568,0.0,0.0,0,0,0,0,1.0,,,,,0.0,1,1
LJ500_R069_C080,69,80,701250,9535750,1500,4000,2019,3,2019-03,3,0.8514,0,0.1486,0.0,0.0,0,0,0,0,1.0,,,,,0.0,1,1
LJ500_R069_C081,69,81,701750,9535750,2000,4000,2019,3,2019-03,3,1.0,0,0.0,0.0,0.0,0,0,0,0,1.0,,,,,0.0,1,1
LJ500_R069_C082,69,82,702250,9535750,2500,4000,2019,3,2019-03,3,1.0,0,0.0,0.0,0.0,0,0,0,0,1.0,,,,,0.0,1,1
LJ500_R069_C083,69,83,702750,9535750,3000,4000,2019,3,2019-03,3,1.0,0,0.0,0.0,0.0,0,0,0,0,1.0,,,,,0.0,1,1
LJ500_R069_C084,69,84,703250,9535750,3500,4000,2019,3,2019-03,3,1.0,0,0.0,0.0,0.0,0,0,0,0,1.0,,,,,0.0,1,1
LJ500_R069_C085,69,85,703750,9535750,4000,4000,2019,3,2019-03,3,1.0,0,0.0,0.0,0.0,0,0,0,0,1.0,0.6192,0.3737,0.6158,-0.5578,0.8,1,0
LJ500_R069_C086,69,86,704250,9535750,4500,4000,2019,3,2019-03,3,1.0,0,0.0,0.0,0.0,0,0,0,0,1.0,,,,,0.0,1,1
LJ500_R070_C077,70,77,699750,9536250,0,4500,2019,3,2019-03,3,0.0,0,0.3423,0.4553,0.2024,0,0,0,0,1.0,,,,,0.0,1,1
LJ500_R070_C078,70,78,700250,9536250,500,4500,2019,3,2019-03,3,0.0,0,0.3908,0.6092,0.0,0,0,0,0,1.0,,,,,0.0,1,1
LJ500_R070_C079,70,79,700750,9536250,1000,4500,2019,3,2019-03,3,0.2082,0,0.7834,0.0084,0.0,0,0,0,0,1.0,,,,,0.0,1,1
LJ500_R070_C080,70,80,701250,9536250,1500,4500,2019,3,2019-03,3,0.2813,0,0.7187,0.0,0.0,0,0,0,0,1.0,,,,,0.0,1,1
LJ500_R070_C081,70,81,701750,9536250,2000,4500,2019,3,2019-03,3,0.9197,0,0.0803,0.0,0.0,0,0,0,0,1.0,,,,,0.0,1,1
LJ500_R070_C082,70,82,702250,9536250,2500,4500,2019,3,2019-03,3,1.0,0,0.0,0.0,0.0,0,0,0,0,1.0,,,,,0.0,1,1
LJ500_R070_C083,70,83,702750,9536250,3000,4500,2019,3,2019-03,3,1.0,0,0.0,0.0,0.0,0,0,0,0,1.0,,,,,0.0,1,1
LJ500_R070_C084,70,84,703250,9536250,3500,4500,2019,3,2019-03,3,0.9943,0,0.0057,0.0,0.0,0,0,0,0,1.0,,,,,0.0,1,1
LJ500_R070_C085,70,85,703750,9536250,4000,4500,2019,3,2019-03,3,1.0,0,0.0,0.0,0.0,0,0,0,0,1.0,,,,,0.0,1,1
LJ500_R070_C086,70,86,704250,9536250,4500,4500,2019,3,2019-03,3,1.0,0,0.0,0.0,0.0,0,0,0,0,1.0,,,,,0.0,1,1
LJ500_R061_C077,61,77,699750,9531750,0,0,2019,4,2019-04,4,0.0,0,1.0,0.0,0.0,0,0,0,0,1.0,0.7695,0.2324,0.5281,-0.6618,84.96,1,0
LJ500_R061_C078,61,78,700250,9531750,500,0,2019,4,2019-04,4,0.0,0,0.9516,0.0,0.0484,0,0,0,0,1.0,0.7635,0.2504,0.5314,-0.6528,98.72,1,0
LJ500_R061_C079,61,79,700750,9531750,1000,0,2019,4,2019-04,4,0.0,0,0.906,0.0,0.094,0,0,0,0,1.0,0.7474,0.2795,0.5597,-0.6375,78.88,1,0
LJ500_R061_C080,61,80,701250,9531750,1500,0,2019,4,2019-04,4,0.1714,0,0.8229,0.0,0.0057,0,0,0,0,1.0,0.719,0.2687,0.5395,-0.6005,92.0,1,0
LJ500_R061_C081,61,81,701750,9531750,2000,0,2019,4,2019-04,4,0.0,0,1.0,0.0,0.0,0,0,0,0,1.0,0.7533,0.2531,0.5405,-0.6374,99.36,1,0
LJ500_R061_C082,61,82,702250,9531750,2500,0,2019,4,2019-04,4,0.0618,0,0.9382,0.0,0.0,0,0,0,0,1.0,0.7009,0.1995,0.4737,-0.6133,33.6,1,0
LJ500_R061_C083,61,83,702750,9531750,3000,0,2019,4,2019-04,4,0.5343,0,0.3633,0.1024,0.0,0,0,0,0,1.0,0.7413,0.3301,0.5787,-0.6296,45.6,1,0
LJ500_R061_C084,61,84,703250,9531750,3500,0,2019,4,2019-04,4,0.7729,0,0.0,0.2271,0.0,0,0,0,0,1.0,0.7402,0.2728,0.5519,-0.6662,28.8,1,0
LJ500_R061_C085,61,85,703750,9531750,4000,0,2019,4,2019-04,4,0.709,0,0.291,0.0,0.0,0,0,0,0,1.0,0.7551,0.2911,0.5607,-0.671,26.72,1,0
LJ500_R061_C086,61,86,704250,9531750,4500,0,2019,4,2019-04,4,1.0,0,0.0,0.0,0.0,0,0,0,0,1.0,0.3766,0.1216,0.2432,-0.3226,0.96,1,0
LJ500_R062_C077,62,77,699750,9532250,0,500,2019,4,2019-04,4,0.0,0,0.7197,0.0,0.2803,0,0,0,0,1.0,0.7475,0.2236,0.5175,-0.6279,77.28,1,0
LJ500_R062_C078,62,78,700250,9532250,500,500,2019,4,2019-04,4,0.0,0,0.5947,0.0,0.4053,0,0,0,0,1.0,0.7097,0.2487,0.5234,-0.5948,86.08,1,0
LJ500_R062_C079,62,79,700750,9532250,1000,500,2019,4,2019-04,4,0.0,0,0.771,0.0,0.229,0,0,0,0,1.0,0.6818,0.2274,0.4822,-0.5778,100.0,1,0
LJ500_R062_C080,62,80,701250,9532250,1500,500,2019,4,2019-04,4,0.235,0,0.6379,0.0,0.1271,0,0,0,0,1.0,0.6864,0.2492,0.5181,-0.5785,90.72,1,0
LJ500_R062_C081,62,81,701750,9532250,2000,500,2019,4,2019-04,4,0.0684,0,0.7378,0.0,0.1938,0,0,0,0,1.0,0.667,0.239,0.5177,-0.5737,91.04,1,0
LJ500_R062_C082,62,82,702250,9532250,2500,500,2019,4,2019-04,4,0.0973,0,0.9027,0.0,0.0,0,0,0,0,1.0,0.751,0.3004,0.575,-0.6417,31.04,1,0
LJ500_R062_C083,62,83,702750,9532250,3000,500,2019,4,2019-04,4,0.0473,0,0.9507,0.0019,0.0,0,0,0,0,1.0,0.6123,0.241,0.4583,-0.5224,61.92,1,0
LJ500_R062_C084,62,84,703250,9532250,3500,500,2019,4,2019-04,4,0.2757,0,0.7209,0.0034,0.0,0,0,0,0,1.0,0.812,0.3386,0.6242,-0.7026,77.12,1,0
LJ500_R062_C085,62,85,703750,9532250,4000,500,2019,4,2019-04,4,0.0588,0,0.9412,0.0,0.0,0,0,0,0,1.0,0.7435,0.2756,0.5493,-0.6433,54.72,1,0
LJ500_R062_C086,62,86,704250,9532250,4500,500,2019,4,2019-04,4,0.7611,0,0.2389,0.0,0.0,0,0,0,0,1.0,,,,,0.0,1,1
LJ500_R063_C077,63,77,699750,9532750,0,1000,2019,4,2019-04,4,0.0,0,0.1158,0.0,0.8842,0,0,0,0,1.0,0.6853,0.1532,0.4264,-0.5842,100.0,1,0
LJ500_R063_C078,63,78,700250,9532750,500,1000,2019,4,2019-04,4,0.0328,0,0.3431,0.0,0.624,0,0,0,0,1.0,0.693,0.1818,0.444,-0.6021,100.0,1,0
LJ500_R063_C079,63,79,700750,9532750,1000,1000,2019,4,2019-04,4,0.2883,0,0.3768,0.0,0.3349,0,0,0,0,1.0,0.68,0.185,0.4501,-0.594,100.0,1,0
LJ500_R063_C080,63,80,701250,9532750,1500,1000,2019,4,2019-04,4,0.1673,0,0.4746,0.0,0.358,0,0,0,0,1.0,0.6418,0.1337,0.4009,-0.5763,92.0,1,0
LJ500_R063_C081,63,81,701750,9532750,2000,1000,2019,4,2019-04,4,0.0165,0,0.5433,0.0,0.4402,0,0,0,0,1.0,0.6837,0.2011,0.4671,-0.5932,98.24,1,0
LJ500_R063_C082,63,82,702250,9532750,2500,1000,2019,4,2019-04,4,0.6742,0,0.2142,0.0,0.1117,0,0,0,0,1.0,0.7459,0.3018,0.5691,-0.6257,100.0,1,0
LJ500_R063_C083,63,83,702750,9532750,3000,1000,2019,4,2019-04,4,0.2059,0,0.7941,0.0,0.0,0,0,0,0,1.0,0.6948,0.2747,0.5306,-0.589,53.6,1,0
LJ500_R063_C084,63,84,703250,9532750,3500,1000,2019,4,2019-04,4,0.2973,0,0.7027,0.0,0.0,0,0,0,0,1.0,0.7213,0.2918,0.5615,-0.6187,74.88,1,0
LJ500_R063_C085,63,85,703750,9532750,4000,1000,2019,4,2019-04,4,0.1462,0,0.8538,0.0,0.0,0,0,0,0,1.0,0.6727,0.2832,0.5197,-0.5797,65.76,1,0
LJ500_R063_C086,63,86,704250,9532750,4500,1000,2019,4,2019-04,4,0.3435,0,0.6565,0.0,0.0,0,0,0,0,1.0,0.678,0.2659,0.5028,-0.5884,12.8,1,0
LJ500_R064_C077,64,77,699750,9533250,0,1500,2019,4,2019-04,4,0.3887,0,0.3116,0.0,0.2997,0,0,0,0,1.0,0.7581,0.2425,0.5333,-0.6415,99.2,1,0
LJ500_R064_C078,64,78,700250,9533250,500,1500,2019,4,2019-04,4,0.5382,0,0.082,0.0,0.3799,0,0,0,0,1.0,0.6858,0.2239,0.4801,-0.576,60.0,1,0
LJ500_R064_C079,64,79,700750,9533250,1000,1500,2019,4,2019-04,4,0.4384,0,0.1474,0.0,0.4142,0,0,0,0,1.0,0.6311,0.0896,0.3617,-0.5817,71.2,1,0
LJ500_R064_C080,64,80,701250,9533250,1500,1500,2019,4,2019-04,4,0.5951,0,0.4049,0.0,0.0,0,0,0,0,1.0,0.6961,0.2003,0.4776,-0.6135,98.56,1,0
LJ500_R064_C081,64,81,701750,9533250,2000,1500,2019,4,2019-04,4,0.5997,0,0.181,0.0,0.2193,0,0,0,0,1.0,0.7643,0.2723,0.5528,-0.6527,100.0,1,0
LJ500_R064_C082,64,82,702250,9533250,2500,1500,2019,4,2019-04,4,0.7276,0,0.2724,0.0,0.0,0,0,0,0,1.0,0.7154,0.2544,0.5338,-0.6131,100.0,1,0
LJ500_R064_C083,64,83,702750,9533250,3000,1500,2019,4,2019-04,4,0.566,0,0.203,0.0,0.231,0,0,0,0,1.0,0.7826,0.3101,0.6023,-0.6817,100.0,1,0
LJ500_R064_C084,64,84,703250,9533250,3500,1500,2019,4,2019-04,4,0.235,0,0.7298,0.0,0.0352,0,0,0,0,1.0,0.7421,0.3292,0.5979,-0.6354,100.0,1,0
LJ500_R064_C085,64,85,703750,9533250,4000,1500,2019,4,2019-04,4,0.5109,0,0.4891,0.0,0.0,0,0,0,0,1.0,0.7413,0.3211,0.5845,-0.6422,88.96,1,0
LJ500_R064_C086,64,86,704250,9533250,4500,1500,2019,4,2019-04,4,0.748,0,0.252,0.0,0.0,0,0,0,0,1.0,0.6892,0.2277,0.4931,-0.6076,67.84,1,0
LJ500_R065_C077,65,77,699750,9533750,0,2000,2019,4,2019-04,4,0.312,0,0.4033,0.0,0.2847,0,0,0,0,1.0,0.7106,0.2098,0.4925,-0.5939,19.04,1,0
LJ500_R065_C078,65,78,700250,9533750,500,2000,2019,4,2019-04,4,0.5913,0,0.4071,0.0,0.0016,0,0,0,0,1.0,0.5952,0.1795,0.3321,-0.492,1.6,1,0
LJ500_R065_C079,65,79,700750,9533750,1000,2000,2019,4,2019-04,4,0.3219,0,0.6781,0.0,0.0,0,0,0,0,1.0,0.7017,0.2148,0.4946,-0.6221,25.6,1,0
LJ500_R065_C080,65,80,701250,9533750,1500,2000,2019,4,2019-04,4,0.8266,0,0.1734,0.0,0.0,0,0,0,0,1.0,0.7725,0.3182,0.5981,-0.6709,85.44,1,0
LJ500_R065_C081,65,81,701750,9533750,2000,2000,2019,4,2019-04,4,0.9017,0,0.0983,0.0,0.0,0,0,0,0,1.0,0.7065,0.2801,0.5418,-0.6088,90.24,1,0
LJ500_R065_C082,65,82,702250,9533750,2500,2000,2019,4,2019-04,4,0.7327,0,0.2673,0.0,0.0,0,0,0,0,1.0,0.7645,0.2594,0.561,-0.6771,94.4,1,0
LJ500_R065_C083,65,83,702750,9533750,3000,2000,2019,4,2019-04,4,0.7802,0,0.1368,0.0,0.083,0,0,0,0,1.0,0.781,0.3189,0.5979,-0.6752,100.0,1,0
LJ500_R065_C084,65,84,703250,9533750,3500,2000,2019,4,2019-04,4,0.3229,0,0.6771,0.0,0.0,0,0,0,0,1.0,0.6661,0.2595,0.5079,-0.572,100.0,1,0
LJ500_R065_C085,65,85,703750,9533750,4000,2000,2019,4,2019-04,4,0.0167,0,0.9833,0.0,0.0,0,0,0,0,1.0,0.6314,0.1629,0.4207,-0.5694,90.08,1,0
LJ500_R065_C086,65,86,704250,9533750,4500,2000,2019,4,2019-04,4,0.7821,0,0.2179,0.0,0.0,0,0,0,0,1.0,0.7437,0.2625,0.5488,-0.6598,95.04,1,0
LJ500_R066_C077,66,77,699750,9534250,0,2500,2019,4,2019-04,4,0.5018,0,0.3517,0.0,0.1465,0,0,0,0,1.0,,,,,0.0,1,1
LJ500_R066_C078,66,78,700250,9534250,500,2500,2019,4,2019-04,4,0.1232,0,0.8768,0.0,0.0,0,0,0,0,1.0,,,,,0.0,1,1
LJ500_R066_C079,66,79,700750,9534250,1000,2500,2019,4,2019-04,4,0.3332,0,0.6668,0.0,0.0,0,0,0,0,1.0,,,,,0.0,1,1
LJ500_R066_C080,66,80,701250,9534250,1500,2500,2019,4,2019-04,4,0.9149,0,0.0851,0.0,0.0,0,0,0,0,1.0,0.616,0.2054,0.4541,-0.5403,50.4,1,0
LJ500_R066_C081,66,81,701750,9534250,2000,2500,2019,4,2019-04,4,0.7037,0,0.2963,0.0,0.0,0,0,0,0,1.0,0.6784,0.2181,0.4946,-0.6028,93.44,1,0
LJ500_R066_C082,66,82,702250,9534250,2500,2500,2019,4,2019-04,4,0.6772,0,0.3228,0.0,0.0,0,0,0,0,1.0,0.7696,0.2808,0.5638,-0.6734,100.0,1,0
LJ500_R066_C083,66,83,702750,9534250,3000,2500,2019,4,2019-04,4,0.6289,0,0.3711,0.0,0.0,0,0,0,0,1.0,0.7053,0.2593,0.5115,-0.6099,99.04,1,0
LJ500_R066_C084,66,84,703250,9534250,3500,2500,2019,4,2019-04,4,0.7305,0,0.2695,0.0,0.0,0,0,0,0,1.0,0.5882,0.2112,0.4375,-0.5096,70.4,1,0
LJ500_R066_C085,66,85,703750,9534250,4000,2500,2019,4,2019-04,4,0.7865,0,0.2135,0.0,0.0,0,0,0,0,1.0,0.6494,0.202,0.4662,-0.577,49.44,1,0
LJ500_R066_C086,66,86,704250,9534250,4500,2500,2019,4,2019-04,4,1.0,0,0.0,0.0,0.0,0,0,0,0,1.0,0.7297,0.2774,0.5588,-0.6321,67.52,1,0
LJ500_R067_C077,67,77,699750,9534750,0,3000,2019,4,2019-04,4,0.7165,0,0.2835,0.0,0.0,0,0,0,0,1.0,,,,,0.0,1,1
LJ500_R067_C078,67,78,700250,9534750,500,3000,2019,4,2019-04,4,0.8229,0,0.1771,0.0,0.0,0,0,0,0,1.0,0.3177,0.1015,0.2098,-0.2769,0.32,1,0
LJ500_R067_C079,67,79,700750,9534750,1000,3000,2019,4,2019-04,4,0.9659,0,0.0341,0.0,0.0,0,0,0,0,1.0,,,,,0.0,1,1
LJ500_R067_C080,67,80,701250,9534750,1500,3000,2019,4,2019-04,4,0.8944,0,0.1056,0.0,0.0,0,0,0,0,1.0,0.5303,0.176,0.4091,-0.4646,14.4,1,0
LJ500_R067_C081,67,81,701750,9534750,2000,3000,2019,4,2019-04,4,0.7989,0,0.1897,0.0,0.0114,0,0,0,0,1.0,0.6757,0.2588,0.524,-0.6008,88.32,1,0
LJ500_R067_C082,67,82,702250,9534750,2500,3000,2019,4,2019-04,4,1.0,0,0.0,0.0,0.0,0,0,0,0,1.0,0.7128,0.2982,0.5722,-0.6242,92.0,1,0
LJ500_R067_C083,67,83,702750,9534750,3000,3000,2019,4,2019-04,4,1.0,0,0.0,0.0,0.0,0,0,0,0,1.0,0.6602,0.2682,0.5119,-0.5792,98.08,1,0
LJ500_R067_C084,67,84,703250,9534750,3500,3000,2019,4,2019-04,4,1.0,0,0.0,0.0,0.0,0,0,0,0,1.0,0.6358,0.2517,0.4965,-0.5645,100.0,1,0
LJ500_R067_C085,67,85,703750,9534750,4000,3000,2019,4,2019-04,4,1.0,0,0.0,0.0,0.0,0,0,0,0,1.0,0.6289,0.2516,0.4831,-0.5567,71.68,1,0
LJ500_R067_C086,67,86,704250,9534750,4500,3000,2019,4,2019-04,4,1.0,0,0.0,0.0,0.0,0,0,0,0,1.0,0.6795,0.2537,0.517,-0.5949,55.36,1,0
LJ500_R068_C077,68,77,699750,9535250,0,3500,2019,4,2019-04,4,0.065,0,0.935,0.0,0.0,0,0,0,0,1.0,0.5631,0.2116,0.3598,-0.5205,0.16,1,0
LJ500_R068_C078,68,78,700250,9535250,500,3500,2019,4,2019-04,4,0.7525,0,0.2475,0.0,0.0,0,0,0,0,1.0,0.5619,0.2206,0.4154,-0.4735,42.4,1,0
LJ500_R068_C079,68,79,700750,9535250,1000,3500,2019,4,2019-04,4,1.0,0,0.0,0.0,0.0,0,0,0,0,1.0,0.6703,0.2507,0.4787,-0.5757,18.08,1,0
LJ500_R068_C080,68,80,701250,9535250,1500,3500,2019,4,2019-04,4,0.8923,0,0.1077,0.0,0.0,0,0,0,0,1.0,,,,,0.0,1,1
LJ500_R068_C081,68,81,701750,9535250,2000,3500,2019,4,2019-04,4,0.6646,0,0.0767,0.0,0.2586,0,0,0,0,1.0,0.5564,0.1113,0.3416,-0.5284,32.32,1,0
LJ500_R068_C082,68,82,702250,9535250,2500,3500,2019,4,2019-04,4,0.9399,0,0.0601,0.0,0.0,0,0,0,0,1.0,0.7285,0.3435,0.6127,-0.6471,33.12,1,0
LJ500_R068_C083,68,83,702750,9535250,3000,3500,2019,4,2019-04,4,1.0,0,0.0,0.0,0.0,0,0,0,0,1.0,0.6374,0.303,0.5197,-0.567,78.88,1,0
LJ500_R068_C084,68,84,703250,9535250,3500,3500,2019,4,2019-04,4,1.0,0,0.0,0.0,0.0,0,0,0,0,1.0,0.5539,0.2459,0.433,-0.4918,100.0,1,0
LJ500_R068_C085,68,85,703750,9535250,4000,3500,2019,4,2019-04,4,1.0,0,0.0,0.0,0.0,0,0,0,0,1.0,0.683,0.3288,0.5721,-0.6125,46.88,1,0
LJ500_R068_C086,68,86,704250,9535250,4500,3500,2019,4,2019-04,4,1.0,0,0.0,0.0,0.0,0,0,0,0,1.0,0.6579,0.3133,0.5617,-0.5744,5.44,1,0
LJ500_R069_C077,69,77,699750,9535750,0,4000,2019,4,2019-04,4,0.0,0,0.9574,0.0426,0.0,0,0,0,0,1.0,0.6823,0.2699,0.5055,-0.5583,54.08,1,0
LJ500_R069_C078,69,78,700250,9535750,500,4000,2019,4,2019-04,4,0.4139,0,0.5115,0.0746,0.0,0,0,0,0,1.0,0.66,0.2508,0.4811,-0.5535,65.92,1,0
LJ500_R069_C079,69,79,700750,9535750,1000,4000,2019,4,2019-04,4,0.6432,0,0.3568,0.0,0.0,0,0,0,0,1.0,0.6154,0.1867,0.3958,-0.5206,85.44,1,0
LJ500_R069_C080,69,80,701250,9535750,1500,4000,2019,4,2019-04,4,0.8514,0,0.1486,0.0,0.0,0,0,0,0,1.0,0.5795,0.2009,0.4092,-0.5029,48.64,1,0
LJ500_R069_C081,69,81,701750,9535750,2000,4000,2019,4,2019-04,4,1.0,0,0.0,0.0,0.0,0,0,0,0,1.0,0.7018,0.2787,0.5232,-0.6171,95.36,1,0
LJ500_R069_C082,69,82,702250,9535750,2500,4000,2019,4,2019-04,4,1.0,0,0.0,0.0,0.0,0,0,0,0,1.0,0.6942,0.2972,0.5464,-0.6082,42.72,1,0
LJ500_R069_C083,69,83,702750,9535750,3000,4000,2019,4,2019-04,4,1.0,0,0.0,0.0,0.0,0,0,0,0,1.0,0.6438,0.2963,0.5325,-0.5639,47.52,1,0
LJ500_R069_C084,69,84,703250,9535750,3500,4000,2019,4,2019-04,4,1.0,0,0.0,0.0,0.0,0,0,0,0,1.0,0.5918,0.2616,0.4644,-0.5299,90.72,1,0
LJ500_R069_C085,69,85,703750,9535750,4000,4000,2019,4,2019-04,4,1.0,0,0.0,0.0,0.0,0,0,0,0,1.0,0.5213,0.2202,0.4156,-0.4632,70.24,1,0
LJ500_R069_C086,69,86,704250,9535750,4500,4000,2019,4,2019-04,4,1.0,0,0.0,0.0,0.0,0,0,0,0,1.0,0.4401,0.1809,0.3573,-0.3902,0.32,1,0
LJ500_R070_C077,70,77,699750,9536250,0,4500,2019,4,2019-04,4,0.0,0,0.3423,0.4553,0.2024,0,0,0,0,1.0,0.6539,0.1975,0.4254,-0.5715,68.96,1,0
LJ500_R070_C078,70,78,700250,9536250,500,4500,2019,4,2019-04,4,0.0,0,0.3908,0.6092,0.0,0,0,0,0,1.0,0.5526,0.1507,0.3398,-0.4792,28.64,1,0
LJ500_R070_C079,70,79,700750,9536250,1000,4500,2019,4,2019-04,4,0.2082,0,0.7834,0.0084,0.0,0,0,0,0,1.0,0.5749,0.1714,0.3396,-0.4861,35.52,1,0
LJ500_R070_C080,70,80,701250,9536250,1500,4500,2019,4,2019-04,4,0.2813,0,0.7187,0.0,0.0,0,0,0,0,1.0,0.5461,0.1651,0.3621,-0.4605,10.4,1,0
LJ500_R070_C081,70,81,701750,9536250,2000,4500,2019,4,2019-04,4,0.9197,0,0.0803,0.0,0.0,0,0,0,0,1.0,0.6164,0.2329,0.4498,-0.5282,35.84,1,0
LJ500_R070_C082,70,82,702250,9536250,2500,4500,2019,4,2019-04,4,1.0,0,0.0,0.0,0.0,0,0,0,0,1.0,0.4862,0.1674,0.3281,-0.4257,73.28,1,0
LJ500_R070_C083,70,83,702750,9536250,3000,4500,2019,4,2019-04,4,1.0,0,0.0,0.0,0.0,0,0,0,0,1.0,0.5633,0.2277,0.415,-0.4939,91.68,1,0
LJ500_R070_C084,70,84,703250,9536250,3500,4500,2019,4,2019-04,4,0.9943,0,0.0057,0.0,0.0,0,0,0,0,1.0,0.5087,0.1966,0.3735,-0.4507,94.24,1,0
LJ500_R070_C085,70,85,703750,9536250,4000,4500,2019,4,2019-04,4,1.0,0,0.0,0.0,0.0,0,0,0,0,1.0,0.4345,0.1634,0.3141,-0.3957,17.76,1,0
LJ500_R070_C086,70,86,704250,9536250,4500,4500,2019,4,2019-04,4,1.0,0,0.0,0.0,0.0,0,0,0,0,1.0,,,,,0.0,1,1
LJ500_R061_C077,61,77,699750,9531750,0,0,2019,5,2019-05,5,0.0,0,1.0,0.0,0.0,0,0,0,0,1.0,0.8226,0.2843,0.5665,-0.737,51.36,1,0
LJ500_R061_C078,61,78,700250,9531750,500,0,2019,5,2019-05,5,0.0,0,0.9516,0.0,0.0484,0,0,0,0,1.0,0.7789,0.2721,0.5373,-0.6875,100.0,1,0
LJ500_R061_C079,61,79,700750,9531750,1000,0,2019,5,2019-05,5,0.0,0,0.906,0.0,0.094,0,0,0,0,1.0,0.8378,0.3129,0.6089,-0.7276,87.04,1,0
LJ500_R061_C080,61,80,701250,9531750,1500,0,2019,5,2019-05,5,0.1714,0,0.8229,0.0,0.0057,0,0,0,0,1.0,0.7315,0.2615,0.535,-0.6312,96.96,1,0
LJ500_R061_C081,61,81,701750,9531750,2000,0,2019,5,2019-05,5,0.0,0,1.0,0.0,0.0,0,0,0,0,1.0,0.6926,0.2706,0.4921,-0.5979,3.84,1,0
LJ500_R061_C082,61,82,702250,9531750,2500,0,2019,5,2019-05,5,0.0618,0,0.9382,0.0,0.0,0,0,0,0,1.0,,,,,0.0,1,1
LJ500_R061_C083,61,83,702750,9531750,3000,0,2019,5,2019-05,5,0.5343,0,0.3633,0.1024,0.0,0,0,0,0,1.0,,,,,0.0,1,1
LJ500_R061_C084,61,84,703250,9531750,3500,0,2019,5,2019-05,5,0.7729,0,0.0,0.2271,0.0,0,0,0,0,1.0,0.7379,0.2409,0.5184,-0.6671,53.12,1,0
LJ500_R061_C085,61,85,703750,9531750,4000,0,2019,5,2019-05,5,0.709,0,0.291,0.0,0.0,0,0,0,0,1.0,0.8454,0.3224,0.6167,-0.7452,24.16,1,0
LJ500_R061_C086,61,86,704250,9531750,4500,0,2019,5,2019-05,5,1.0,0,0.0,0.0,0.0,0,0,0,0,1.0,0.3604,0.1104,0.2733,-0.3597,1.28,1,0
LJ500_R062_C077,62,77,699750,9532250,0,500,2019,5,2019-05,5,0.0,0,0.7197,0.0,0.2803,0,0,0,0,1.0,0.7846,0.2595,0.5444,-0.6767,100.0,1,0
LJ500_R062_C078,62,78,700250,9532250,500,500,2019,5,2019-05,5,0.0,0,0.5947,0.0,0.4053,0,0,0,0,1.0,0.7897,0.2695,0.5578,-0.6804,100.0,1,0
LJ500_R062_C079,62,79,700750,9532250,1000,500,2019,5,2019-05,5,0.0,0,0.771,0.0,0.229,0,0,0,0,1.0,0.7487,0.2541,0.5302,-0.6374,100.0,1,0
LJ500_R062_C080,62,80,701250,9532250,1500,500,2019,5,2019-05,5,0.235,0,0.6379,0.0,0.1271,0,0,0,0,1.0,0.6365,0.2203,0.4454,-0.5462,72.0,1,0
LJ500_R062_C081,62,81,701750,9532250,2000,500,2019,5,2019-05,5,0.0684,0,0.7378,0.0,0.1938,0,0,0,0,1.0,,,,,0.0,1,1
LJ500_R062_C082,62,82,702250,9532250,2500,500,2019,5,2019-05,5,0.0973,0,0.9027,0.0,0.0,0,0,0,0,1.0,,,,,0.0,1,1
LJ500_R062_C083,62,83,702750,9532250,3000,500,2019,5,2019-05,5,0.0473,0,0.9507,0.0019,0.0,0,0,0,0,1.0,,,,,0.0,1,1
LJ500_R062_C084,62,84,703250,9532250,3500,500,2019,5,2019-05,5,0.2757,0,0.7209,0.0034,0.0,0,0,0,0,1.0,0.8125,0.3009,0.5928,-0.708,51.04,1,0
LJ500_R062_C085,62,85,703750,9532250,4000,500,2019,5,2019-05,5,0.0588,0,0.9412,0.0,0.0,0,0,0,0,1.0,0.7673,0.2804,0.5744,-0.6564,14.56,1,0
LJ500_R062_C086,62,86,704250,9532250,4500,500,2019,5,2019-05,5,0.7611,0,0.2389,0.0,0.0,0,0,0,0,1.0,0.5566,0.2197,0.4335,-0.4898,7.04,1,0
LJ500_R063_C077,63,77,699750,9532750,0,1000,2019,5,2019-05,5,0.0,0,0.1158,0.0,0.8842,0,0,0,0,1.0,0.6935,0.1932,0.4523,-0.6061,100.0,1,0
LJ500_R063_C078,63,78,700250,9532750,500,1000,2019,5,2019-05,5,0.0328,0,0.3431,0.0,0.624,0,0,0,0,1.0,0.7166,0.2139,0.4836,-0.6312,100.0,1,0
LJ500_R063_C079,63,79,700750,9532750,1000,1000,2019,5,2019-05,5,0.2883,0,0.3768,0.0,0.3349,0,0,0,0,1.0,0.5536,0.173,0.3792,-0.4944,74.24,1,0
LJ500_R063_C080,63,80,701250,9532750,1500,1000,2019,5,2019-05,5,0.1673,0,0.4746,0.0,0.358,0,0,0,0,1.0,0.5367,0.1246,0.3334,-0.4968,20.16,1,0
LJ500_R063_C081,63,81,701750,9532750,2000,1000,2019,5,2019-05,5,0.0165,0,0.5433,0.0,0.4402,0,0,0,0,1.0,,,,,0.0,1,1
LJ500_R063_C082,63,82,702250,9532750,2500,1000,2019,5,2019-05,5,0.6742,0,0.2142,0.0,0.1117,0,0,0,0,1.0,0.743,0.2803,0.5433,-0.6391,13.6,1,0
LJ500_R063_C083,63,83,702750,9532750,3000,1000,2019,5,2019-05,5,0.2059,0,0.7941,0.0,0.0,0,0,0,0,1.0,0.6417,0.232,0.4517,-0.5647,20.0,1,0
LJ500_R063_C084,63,84,703250,9532750,3500,1000,2019,5,2019-05,5,0.2973,0,0.7027,0.0,0.0,0,0,0,0,1.0,0.6863,0.2696,0.5308,-0.5949,57.6,1,0
LJ500_R063_C085,63,85,703750,9532750,4000,1000,2019,5,2019-05,5,0.1462,0,0.8538,0.0,0.0,0,0,0,0,1.0,0.643,0.2649,0.517,-0.5499,8.16,1,0
LJ500_R063_C086,63,86,704250,9532750,4500,1000,2019,5,2019-05,5,0.3435,0,0.6565,0.0,0.0,0,0,0,0,1.0,,,,,0.0,1,1
LJ500_R064_C077,64,77,699750,9533250,0,1500,2019,5,2019-05,5,0.3887,0,0.3116,0.0,0.2997,0,0,0,0,1.0,0.804,0.2782,0.5649,-0.6905,76.48,1,0
LJ500_R064_C078,64,78,700250,9533250,500,1500,2019,5,2019-05,5,0.5382,0,0.082,0.0,0.3799,0,0,0,0,1.0,0.7539,0.2554,0.5338,-0.6558,61.28,1,0
LJ500_R064_C079,64,79,700750,9533250,1000,1500,2019,5,2019-05,5,0.4384,0,0.1474,0.0,0.4142,0,0,0,0,1.0,0.592,0.1547,0.3928,-0.5387,21.44,1,0
LJ500_R064_C080,64,80,701250,9533250,1500,1500,2019,5,2019-05,5,0.5951,0,0.4049,0.0,0.0,0,0,0,0,1.0,0.6518,0.2087,0.4714,-0.5797,7.04,1,0
LJ500_R064_C081,64,81,701750,9533250,2000,1500,2019,5,2019-05,5,0.5997,0,0.181,0.0,0.2193,0,0,0,0,1.0,0.6229,0.2062,0.3825,-0.5767,3.36,1,0
LJ500_R064_C082,64,82,702250,9533250,2500,1500,2019,5,2019-05,5,0.7276,0,0.2724,0.0,0.0,0,0,0,0,1.0,0.7423,0.2473,0.5138,-0.6563,63.84,1,0
LJ500_R064_C083,64,83,702750,9533250,3000,1500,2019,5,2019-05,5,0.566,0,0.203,0.0,0.231,0,0,0,0,1.0,0.7109,0.2594,0.5098,-0.6292,100.0,1,0
LJ500_R064_C084,64,84,703250,9533250,3500,1500,2019,5,2019-05,5,0.235,0,0.7298,0.0,0.0352,0,0,0,0,1.0,0.7253,0.2799,0.5327,-0.6444,100.0,1,0
LJ500_R064_C085,64,85,703750,9533250,4000,1500,2019,5,2019-05,5,0.5109,0,0.4891,0.0,0.0,0,0,0,0,1.0,0.6693,0.2736,0.5117,-0.6028,60.32,1,0
LJ500_R064_C086,64,86,704250,9533250,4500,1500,2019,5,2019-05,5,0.748,0,0.252,0.0,0.0,0,0,0,0,1.0,0.8295,0.3324,0.6297,-0.7453,8.32,1,0
LJ500_R065_C077,65,77,699750,9533750,0,2000,2019,5,2019-05,5,0.312,0,0.4033,0.0,0.2847,0,0,0,0,1.0,0.8383,0.3152,0.6046,-0.7257,21.92,1,0
LJ500_R065_C078,65,78,700250,9533750,500,2000,2019,5,2019-05,5,0.5913,0,0.4071,0.0,0.0016,0,0,0,0,1.0,0.7432,0.2573,0.5237,-0.6584,76.0,1,0
LJ500_R065_C079,65,79,700750,9533750,1000,2000,2019,5,2019-05,5,0.3219,0,0.6781,0.0,0.0,0,0,0,0,1.0,0.5789,0.1469,0.3839,-0.539,9.6,1,0
LJ500_R065_C080,65,80,701250,9533750,1500,2000,2019,5,2019-05,5,0.8266,0,0.1734,0.0,0.0,0,0,0,0,1.0,0.7307,0.2955,0.5541,-0.6412,1.12,1,0
LJ500_R065_C081,65,81,701750,9533750,2000,2000,2019,5,2019-05,5,0.9017,0,0.0983,0.0,0.0,0,0,0,0,1.0,0.722,0.2894,0.5289,-0.6324,23.52,1,0
LJ500_R065_C082,65,82,702250,9533750,2500,2000,2019,5,2019-05,5,0.7327,0,0.2673,0.0,0.0,0,0,0,0,1.0,0.666,0.2321,0.4699,-0.5971,17.6,1,0
LJ500_R065_C083,65,83,702750,9533750,3000,2000,2019,5,2019-05,5,0.7802,0,0.1368,0.0,0.083,0,0,0,0,1.0,0.851,0.3206,0.6239,-0.7434,99.52,1,0
LJ500_R065_C084,65,84,703250,9533750,3500,2000,2019,5,2019-05,5,0.3229,0,0.6771,0.0,0.0,0,0,0,0,1.0,0.8308,0.315,0.6157,-0.7241,100.0,1,0
LJ500_R065_C085,65,85,703750,9533750,4000,2000,2019,5,2019-05,5,0.0167,0,0.9833,0.0,0.0,0,0,0,0,1.0,0.7064,0.2188,0.4912,-0.6347,96.64,1,0
LJ500_R065_C086,65,86,704250,9533750,4500,2000,2019,5,2019-05,5,0.7821,0,0.2179,0.0,0.0,0,0,0,0,1.0,0.8083,0.3173,0.607,-0.7211,85.92,1,0
LJ500_R066_C077,66,77,699750,9534250,0,2500,2019,5,2019-05,5,0.5018,0,0.3517,0.0,0.1465,0,0,0,0,1.0,,,,,0.0,1,1
LJ500_R066_C078,66,78,700250,9534250,500,2500,2019,5,2019-05,5,0.1232,0,0.8768,0.0,0.0,0,0,0,0,1.0,0.694,0.1758,0.4528,-0.6389,13.12,1,0
LJ500_R066_C079,66,79,700750,9534250,1000,2500,2019,5,2019-05,5,0.3332,0,0.6668,0.0,0.0,0,0,0,0,1.0,,,,,0.0,1,1
LJ500_R066_C080,66,80,701250,9534250,1500,2500,2019,5,2019-05,5,0.9149,0,0.0851,0.0,0.0,0,0,0,0,1.0,0.6975,0.2767,0.5412,-0.619,20.0,1,0
LJ500_R066_C081,66,81,701750,9534250,2000,2500,2019,5,2019-05,5,0.7037,0,0.2963,0.0,0.0,0,0,0,0,1.0,0.7392,0.2978,0.5631,-0.6606,16.8,1,0
LJ500_R066_C082,66,82,702250,9534250,2500,2500,2019,5,2019-05,5,0.6772,0,0.3228,0.0,0.0,0,0,0,0,1.0,0.8255,0.3262,0.6182,-0.719,72.96,1,0
LJ500_R066_C083,66,83,702750,9534250,3000,2500,2019,5,2019-05,5,0.6289,0,0.3711,0.0,0.0,0,0,0,0,1.0,0.7903,0.3019,0.5933,-0.6853,52.48,1,0
LJ500_R066_C084,66,84,703250,9534250,3500,2500,2019,5,2019-05,5,0.7305,0,0.2695,0.0,0.0,0,0,0,0,1.0,0.7648,0.2574,0.5516,-0.6727,55.68,1,0
LJ500_R066_C085,66,85,703750,9534250,4000,2500,2019,5,2019-05,5,0.7865,0,0.2135,0.0,0.0,0,0,0,0,1.0,0.7499,0.2732,0.5579,-0.6675,95.84,1,0
LJ500_R066_C086,66,86,704250,9534250,4500,2500,2019,5,2019-05,5,1.0,0,0.0,0.0,0.0,0,0,0,0,1.0,0.7953,0.316,0.6057,-0.7034,68.48,1,0
LJ500_R067_C077,67,77,699750,9534750,0,3000,2019,5,2019-05,5,0.7165,0,0.2835,0.0,0.0,0,0,0,0,1.0,,,,,0.0,1,1
LJ500_R067_C078,67,78,700250,9534750,500,3000,2019,5,2019-05,5,0.8229,0,0.1771,0.0,0.0,0,0,0,0,1.0,,,,,0.0,1,1
LJ500_R067_C079,67,79,700750,9534750,1000,3000,2019,5,2019-05,5,0.9659,0,0.0341,0.0,0.0,0,0,0,0,1.0,,,,,0.0,1,1
LJ500_R067_C080,67,80,701250,9534750,1500,3000,2019,5,2019-05,5,0.8944,0,0.1056,0.0,0.0,0,0,0,0,1.0,,,,,0.0,1,1
LJ500_R067_C081,67,81,701750,9534750,2000,3000,2019,5,2019-05,5,0.7989,0,0.1897,0.0,0.0114,0,0,0,0,1.0,0.785,0.3605,0.6384,-0.6981,7.2,1,0
LJ500_R067_C082,67,82,702250,9534750,2500,3000,2019,5,2019-05,5,1.0,0,0.0,0.0,0.0,0,0,0,0,1.0,0.8058,0.3239,0.617,-0.7134,25.92,1,0
LJ500_R067_C083,67,83,702750,9534750,3000,3000,2019,5,2019-05,5,1.0,0,0.0,0.0,0.0,0,0,0,0,1.0,0.8135,0.3242,0.625,-0.7157,5.76,1,0
LJ500_R067_C084,67,84,703250,9534750,3500,3000,2019,5,2019-05,5,1.0,0,0.0,0.0,0.0,0,0,0,0,1.0,0.7275,0.3299,0.5917,-0.6437,7.2,1,0
LJ500_R067_C085,67,85,703750,9534750,4000,3000,2019,5,2019-05,5,1.0,0,0.0,0.0,0.0,0,0,0,0,1.0,0.7761,0.3332,0.6072,-0.6898,20.8,1,0
LJ500_R067_C086,67,86,704250,9534750,4500,3000,2019,5,2019-05,5,1.0,0,0.0,0.0,0.0,0,0,0,0,1.0,0.3136,0.135,0.246,-0.2627,0.48,1,0
LJ500_R068_C077,68,77,699750,9535250,0,3500,2019,5,2019-05,5,0.065,0,0.935,0.0,0.0,0,0,0,0,1.0,,,,,0.0,1,1
LJ500_R068_C078,68,78,700250,9535250,500,3500,2019,5,2019-05,5,0.7525,0,0.2475,0.0,0.0,0,0,0,0,1.0,,,,,0.0,1,1
LJ500_R068_C079,68,79,700750,9535250,1000,3500,2019,5,2019-05,5,1.0,0,0.0,0.0,0.0,0,0,0,0,1.0,,,,,0.0,1,1
LJ500_R068_C080,68,80,701250,9535250,1500,3500,2019,5,2019-05,5,0.8923,0,0.1077,0.0,0.0,0,0,0,0,1.0,,,,,0.0,1,1
LJ500_R068_C081,68,81,701750,9535250,2000,3500,2019,5,2019-05,5,0.6646,0,0.0767,0.0,0.2586,0,0,0,0,1.0,,,,,0.0,1,1
LJ500_R068_C082,68,82,702250,9535250,2500,3500,2019,5,2019-05,5,0.9399,0,0.0601,0.0,0.0,0,0,0,0,1.0,,,,,0.0,1,1
LJ500_R068_C083,68,83,702750,9535250,3000,3500,2019,5,2019-05,5,1.0,0,0.0,0.0,0.0,0,0,0,0,1.0,,,,,0.0,1,1
LJ500_R068_C084,68,84,703250,9535250,3500,3500,2019,5,2019-05,5,1.0,0,0.0,0.0,0.0,0,0,0,0,1.0,0.7366,0.3522,0.61,-0.6658,26.72,1,0
LJ500_R068_C085,68,85,703750,9535250,4000,3500,2019,5,2019-05,5,1.0,0,0.0,0.0,0.0,0,0,0,0,1.0,0.6588,0.3423,0.5678,-0.5891,12.64,1,0
LJ500_R068_C086,68,86,704250,9535250,4500,3500,2019,5,2019-05,5,1.0,0,0.0,0.0,0.0,0,0,0,0,1.0,0.3611,0.1882,0.33,-0.3206,4.64,1,0
LJ500_R069_C077,69,77,699750,9535750,0,4000,2019,5,2019-05,5,0.0,0,0.9574,0.0426,0.0,0,0,0,0,1.0,0.6574,0.2124,0.4408,-0.571,3.04,1,0
LJ500_R069_C078,69,78,700250,9535750,500,4000,2019,5,2019-05,5,0.4139,0,0.5115,0.0746,0.0,0,0,0,0,1.0,,,,,0.0,1,1
LJ500_R069_C079,69,79,700750,9535750,1000,4000,2019,5,2019-05,5,0.6432,0,0.3568,0.0,0.0,0,0,0,0,1.0,,,,,0.0,1,1
LJ500_R069_C080,69,80,701250,9535750,1500,4000,2019,5,2019-05,5,0.8514,0,0.1486,0.0,0.0,0,0,0,0,1.0,,,,,0.0,1,1
LJ500_R069_C081,69,81,701750,9535750,2000,4000,2019,5,2019-05,5,1.0,0,0.0,0.0,0.0,0,0,0,0,1.0,,,,,0.0,1,1
LJ500_R069_C082,69,82,702250,9535750,2500,4000,2019,5,2019-05,5,1.0,0,0.0,0.0,0.0,0,0,0,0,1.0,,,,,0.0,1,1
LJ500_R069_C083,69,83,702750,9535750,3000,4000,2019,5,2019-05,5,1.0,0,0.0,0.0,0.0,0,0,0,0,1.0,,,,,0.0,1,1
LJ500_R069_C084,69,84,703250,9535750,3500,4000,2019,5,2019-05,5,1.0,0,0.0,0.0,0.0,0,0,0,0,1.0,,,,,0.0,1,1
LJ500_R069_C085,69,85,703750,9535750,4000,4000,2019,5,2019-05,5,1.0,0,0.0,0.0,0.0,0,0,0,0,1.0,,,,,0.0,1,1
LJ500_R069_C086,69,86,704250,9535750,4500,4000,2019,5,2019-05,5,1.0,0,0.0,0.0,0.0,0,0,0,0,1.0,,,,,0.0,1,1
LJ500_R070_C077,70,77,699750,9536250,0,4500,2019,5,2019-05,5,0.0,0,0.3423,0.4553,0.2024,0,0,0,0,1.0,0.7422,0.2134,0.4724,-0.6596,71.52,1,0
LJ500_R070_C078,70,78,700250,9536250,500,4500,2019,5,2019-05,5,0.0,0,0.3908,0.6092,0.0,0,0,0,0,1.0,0.7548,0.2385,0.4962,-0.6641,31.2,1,0
LJ500_R070_C079,70,79,700750,9536250,1000,4500,2019,5,2019-05,5,0.2082,0,0.7834,0.0084,0.0,0,0,0,0,1.0,0.708,0.2389,0.4819,-0.5925,50.24,1,0
LJ500_R070_C080,70,80,701250,9536250,1500,4500,2019,5,2019-05,5,0.2813,0,0.7187,0.0,0.0,0,0,0,0,1.0,0.7178,0.2514,0.5055,-0.6107,4.48,1,0
LJ500_R070_C081,70,81,701750,9536250,2000,4500,2019,5,2019-05,5,0.9197,0,0.0803,0.0,0.0,0,0,0,0,1.0,0.6755,0.2611,0.4873,-0.5984,4.32,1,0
LJ500_R070_C082,70,82,702250,9536250,2500,4500,2019,5,2019-05,5,1.0,0,0.0,0.0,0.0,0,0,0,0,1.0,0.752,0.2852,0.5449,-0.6646,18.88,1,0
LJ500_R070_C083,70,83,702750,9536250,3000,4500,2019,5,2019-05,5,1.0,0,0.0,0.0,0.0,0,0,0,0,1.0,0.6267,0.2861,0.5207,-0.5405,35.84,1,0
LJ500_R070_C084,70,84,703250,9536250,3500,4500,2019,5,2019-05,5,0.9943,0,0.0057,0.0,0.0,0,0,0,0,1.0,0.5424,0.2305,0.4538,-0.4842,11.2,1,0
LJ500_R070_C085,70,85,703750,9536250,4000,4500,2019,5,2019-05,5,1.0,0,0.0,0.0,0.0,0,0,0,0,1.0,,,,,0.0,1,1
LJ500_R070_C086,70,86,704250,9536250,4500,4500,2019,5,2019-05,5,1.0,0,0.0,0.0,0.0,0,0,0,0,1.0,,,,,0.0,1,1
LJ500_R061_C077,61,77,699750,9531750,0,0,2019,6,2019-06,6,0.0,0,1.0,0.0,0.0,0,0,0,0,1.0,0.7773,0.1831,0.4811,-0.6989,100.0,1,0
LJ500_R061_C078,61,78,700250,9531750,500,0,2019,6,2019-06,6,0.0,0,0.9516,0.0,0.0484,0,0,0,0,1.0,0.7807,0.2144,0.5101,-0.6928,100.0,1,0
LJ500_R061_C079,61,79,700750,9531750,1000,0,2019,6,2019-06,6,0.0,0,0.906,0.0,0.094,0,0,0,0,1.0,0.807,0.2672,0.57,-0.7088,100.0,1,0
LJ500_R061_C080,61,80,701250,9531750,1500,0,2019,6,2019-06,6,0.1714,0,0.8229,0.0,0.0057,0,0,0,0,1.0,0.7917,0.2193,0.5269,-0.7067,100.0,1,0
LJ500_R061_C081,61,81,701750,9531750,2000,0,2019,6,2019-06,6,0.0,0,1.0,0.0,0.0,0,0,0,0,1.0,0.7548,0.204,0.5033,-0.6752,100.0,1,0
LJ500_R061_C082,61,82,702250,9531750,2500,0,2019,6,2019-06,6,0.0618,0,0.9382,0.0,0.0,0,0,0,0,1.0,0.7991,0.2407,0.5437,-0.7111,100.0,1,0
LJ500_R061_C083,61,83,702750,9531750,3000,0,2019,6,2019-06,6,0.5343,0,0.3633,0.1024,0.0,0,0,0,0,1.0,0.8272,0.2964,0.5944,-0.7309,100.0,1,0
LJ500_R061_C084,61,84,703250,9531750,3500,0,2019,6,2019-06,6,0.7729,0,0.0,0.2271,0.0,0,0,0,0,1.0,0.8008,0.2535,0.5566,-0.7281,100.0,1,0
LJ500_R061_C085,61,85,703750,9531750,4000,0,2019,6,2019-06,6,0.709,0,0.291,0.0,0.0,0,0,0,0,1.0,0.8147,0.3037,0.6037,-0.7299,100.0,1,0
LJ500_R061_C086,61,86,704250,9531750,4500,0,2019,6,2019-06,6,1.0,0,0.0,0.0,0.0,0,0,0,0,1.0,0.7632,0.2524,0.5466,-0.6842,100.0,1,0
LJ500_R062_C077,62,77,699750,9532250,0,500,2019,6,2019-06,6,0.0,0,0.7197,0.0,0.2803,0,0,0,0,1.0,0.8005,0.2348,0.5346,-0.7071,100.0,1,0
LJ500_R062_C078,62,78,700250,9532250,500,500,2019,6,2019-06,6,0.0,0,0.5947,0.0,0.4053,0,0,0,0,1.0,0.7804,0.2358,0.5319,-0.6965,100.0,1,0
LJ500_R062_C079,62,79,700750,9532250,1000,500,2019,6,2019-06,6,0.0,0,0.771,0.0,0.229,0,0,0,0,1.0,0.7935,0.2432,0.5452,-0.6838,100.0,1,0
LJ500_R062_C080,62,80,701250,9532250,1500,500,2019,6,2019-06,6,0.235,0,0.6379,0.0,0.1271,0,0,0,0,1.0,0.7991,0.2383,0.5438,-0.702,91.2,1,0
LJ500_R062_C081,62,81,701750,9532250,2000,500,2019,6,2019-06,6,0.0684,0,0.7378,0.0,0.1938,0,0,0,0,1.0,0.7986,0.229,0.5362,-0.7109,100.0,1,0
LJ500_R062_C082,62,82,702250,9532250,2500,500,2019,6,2019-06,6,0.0973,0,0.9027,0.0,0.0,0,0,0,0,1.0,0.8167,0.2594,0.5734,-0.7222,100.0,1,0
LJ500_R062_C083,62,83,702750,9532250,3000,500,2019,6,2019-06,6,0.0473,0,0.9507,0.0019,0.0,0,0,0,0,1.0,0.8233,0.2581,0.5699,-0.7209,100.0,1,0
LJ500_R062_C084,62,84,703250,9532250,3500,500,2019,6,2019-06,6,0.2757,0,0.7209,0.0034,0.0,0,0,0,0,1.0,0.8485,0.2864,0.6046,-0.7482,100.0,1,0
LJ500_R062_C085,62,85,703750,9532250,4000,500,2019,6,2019-06,6,0.0588,0,0.9412,0.0,0.0,0,0,0,0,1.0,0.8342,0.2792,0.5974,-0.7347,100.0,1,0
LJ500_R062_C086,62,86,704250,9532250,4500,500,2019,6,2019-06,6,0.7611,0,0.2389,0.0,0.0,0,0,0,0,1.0,0.82,0.2672,0.5807,-0.7322,100.0,1,0
LJ500_R063_C077,63,77,699750,9532750,0,1000,2019,6,2019-06,6,0.0,0,0.1158,0.0,0.8842,0,0,0,0,1.0,0.7168,0.1514,0.4314,-0.6649,100.0,1,0
LJ500_R063_C078,63,78,700250,9532750,500,1000,2019,6,2019-06,6,0.0328,0,0.3431,0.0,0.624,0,0,0,0,1.0,0.7662,0.2088,0.493,-0.6897,100.0,1,0
LJ500_R063_C079,63,79,700750,9532750,1000,1000,2019,6,2019-06,6,0.2883,0,0.3768,0.0,0.3349,0,0,0,0,1.0,0.769,0.1991,0.4894,-0.6936,100.0,1,0
LJ500_R063_C080,63,80,701250,9532750,1500,1000,2019,6,2019-06,6,0.1673,0,0.4746,0.0,0.358,0,0,0,0,1.0,0.7652,0.1713,0.4731,-0.7065,95.84,1,0
LJ500_R063_C081,63,81,701750,9532750,2000,1000,2019,6,2019-06,6,0.0165,0,0.5433,0.0,0.4402,0,0,0,0,1.0,0.7896,0.2158,0.5242,-0.7118,100.0,1,0
LJ500_R063_C082,63,82,702250,9532750,2500,1000,2019,6,2019-06,6,0.6742,0,0.2142,0.0,0.1117,0,0,0,0,1.0,0.823,0.2672,0.5764,-0.7207,100.0,1,0
LJ500_R063_C083,63,83,702750,9532750,3000,1000,2019,6,2019-06,6,0.2059,0,0.7941,0.0,0.0,0,0,0,0,1.0,0.819,0.2643,0.5703,-0.7181,100.0,1,0
LJ500_R063_C084,63,84,703250,9532750,3500,1000,2019,6,2019-06,6,0.2973,0,0.7027,0.0,0.0,0,0,0,0,1.0,0.8414,0.2748,0.5926,-0.7425,100.0,1,0
LJ500_R063_C085,63,85,703750,9532750,4000,1000,2019,6,2019-06,6,0.1462,0,0.8538,0.0,0.0,0,0,0,0,1.0,0.8372,0.2888,0.604,-0.735,100.0,1,0
LJ500_R063_C086,63,86,704250,9532750,4500,1000,2019,6,2019-06,6,0.3435,0,0.6565,0.0,0.0,0,0,0,0,1.0,0.8533,0.3078,0.6234,-0.7503,100.0,1,0
LJ500_R064_C077,64,77,699750,9533250,0,1500,2019,6,2019-06,6,0.3887,0,0.3116,0.0,0.2997,0,0,0,0,1.0,0.7986,0.2242,0.5231,-0.7156,100.0,1,0
LJ500_R064_C078,64,78,700250,9533250,500,1500,2019,6,2019-06,6,0.5382,0,0.082,0.0,0.3799,0,0,0,0,1.0,0.7792,0.2305,0.5233,-0.6937,100.0,1,0
LJ500_R064_C079,64,79,700750,9533250,1000,1500,2019,6,2019-06,6,0.4384,0,0.1474,0.0,0.4142,0,0,0,0,1.0,0.74,0.1364,0.4277,-0.6859,100.0,1,0
LJ500_R064_C080,64,80,701250,9533250,1500,1500,2019,6,2019-06,6,0.5951,0,0.4049,0.0,0.0,0,0,0,0,1.0,0.8135,0.2468,0.5533,-0.7321,100.0,1,0
LJ500_R064_C081,64,81,701750,9533250,2000,1500,2019,6,2019-06,6,0.5997,0,0.181,0.0,0.2193,0,0,0,0,1.0,0.8372,0.2722,0.5824,-0.7469,100.0,1,0
LJ500_R064_C082,64,82,702250,9533250,2500,1500,2019,6,2019-06,6,0.7276,0,0.2724,0.0,0.0,0,0,0,0,1.0,0.8252,0.2648,0.5736,-0.7334,100.0,1,0
LJ500_R064_C083,64,83,702750,9533250,3000,1500,2019,6,2019-06,6,0.566,0,0.203,0.0,0.231,0,0,0,0,1.0,0.8472,0.2988,0.6184,-0.7507,100.0,1,0
LJ500_R064_C084,64,84,703250,9533250,3500,1500,2019,6,2019-06,6,0.235,0,0.7298,0.0,0.0352,0,0,0,0,1.0,0.8711,0.3157,0.6344,-0.7723,100.0,1,0
LJ500_R064_C085,64,85,703750,9533250,4000,1500,2019,6,2019-06,6,0.5109,0,0.4891,0.0,0.0,0,0,0,0,1.0,0.8554,0.3105,0.6284,-0.7557,100.0,1,0
LJ500_R064_C086,64,86,704250,9533250,4500,1500,2019,6,2019-06,6,0.748,0,0.252,0.0,0.0,0,0,0,0,1.0,0.8043,0.2553,0.564,-0.7167,100.0,1,0
LJ500_R065_C077,65,77,699750,9533750,0,2000,2019,6,2019-06,6,0.312,0,0.4033,0.0,0.2847,0,0,0,0,1.0,0.8035,0.2519,0.5521,-0.6985,91.52,1,0
LJ500_R065_C078,65,78,700250,9533750,500,2000,2019,6,2019-06,6,0.5913,0,0.4071,0.0,0.0016,0,0,0,0,1.0,0.7799,0.2331,0.5209,-0.6997,95.84,1,0
LJ500_R065_C079,65,79,700750,9533750,1000,2000,2019,6,2019-06,6,0.3219,0,0.6781,0.0,0.0,0,0,0,0,1.0,0.7215,0.1494,0.4327,-0.6694,93.6,1,0
LJ500_R065_C080,65,80,701250,9533750,1500,2000,2019,6,2019-06,6,0.8266,0,0.1734,0.0,0.0,0,0,0,0,1.0,0.8799,0.3274,0.6451,-0.7832,93.28,1,0
LJ500_R065_C081,65,81,701750,9533750,2000,2000,2019,6,2019-06,6,0.9017,0,0.0983,0.0,0.0,0,0,0,0,1.0,0.8474,0.2909,0.5995,-0.7532,100.0,1,0
LJ500_R065_C082,65,82,702250,9533750,2500,2000,2019,6,2019-06,6,0.7327,0,0.2673,0.0,0.0,0,0,0,0,1.0,0.8357,0.2795,0.5981,-0.7535,100.0,1,0
LJ500_R065_C083,65,83,702750,9533750,3000,2000,2019,6,2019-06,6,0.7802,0,0.1368,0.0,0.083,0,0,0,0,1.0,0.8709,0.3189,0.6377,-0.7666,99.68,1,0
LJ500_R065_C084,65,84,703250,9533750,3500,2000,2019,6,2019-06,6,0.3229,0,0.6771,0.0,0.0,0,0,0,0,1.0,0.8661,0.3079,0.6215,-0.7675,100.0,1,0
LJ500_R065_C085,65,85,703750,9533750,4000,2000,2019,6,2019-06,6,0.0167,0,0.9833,0.0,0.0,0,0,0,0,1.0,0.7808,0.2126,0.5185,-0.7138,100.0,1,0
LJ500_R065_C086,65,86,704250,9533750,4500,2000,2019,6,2019-06,6,0.7821,0,0.2179,0.0,0.0,0,0,0,0,1.0,0.8431,0.3076,0.6152,-0.7618,100.0,1,0
LJ500_R066_C077,66,77,699750,9534250,0,2500,2019,6,2019-06,6,0.5018,0,0.3517,0.0,0.1465,0,0,0,0,1.0,0.791,0.2336,0.5268,-0.6933,77.12,1,0
LJ500_R066_C078,66,78,700250,9534250,500,2500,2019,6,2019-06,6,0.1232,0,0.8768,0.0,0.0,0,0,0,0,1.0,0.7099,0.1523,0.421,-0.6606,19.2,1,0
LJ500_R066_C079,66,79,700750,9534250,1000,2500,2019,6,2019-06,6,0.3332,0,0.6668,0.0,0.0,0,0,0,0,1.0,0.6384,0.07,0.3133,-0.6138,24.32,1,0
LJ500_R066_C080,66,80,701250,9534250,1500,2500,2019,6,2019-06,6,0.9149,0,0.0851,0.0,0.0,0,0,0,0,1.0,0.8261,0.2821,0.5869,-0.744,8.32,1,0
LJ500_R066_C081,66,81,701750,9534250,2000,2500,2019,6,2019-06,6,0.7037,0,0.2963,0.0,0.0,0,0,0,0,1.0,0.7737,0.2568,0.5513,-0.7052,74.4,1,0
LJ500_R066_C082,66,82,702250,9534250,2500,2500,2019,6,2019-06,6,0.6772,0,0.3228,0.0,0.0,0,0,0,0,1.0,0.813,0.2637,0.577,-0.7362,41.92,1,0
LJ500_R066_C083,66,83,702750,9534250,3000,2500,2019,6,2019-06,6,0.6289,0,0.3711,0.0,0.0,0,0,0,0,1.0,0.8473,0.2981,0.6084,-0.7501,26.88,1,0
LJ500_R066_C084,66,84,703250,9534250,3500,2500,2019,6,2019-06,6,0.7305,0,0.2695,0.0,0.0,0,0,0,0,1.0,0.8019,0.2422,0.5434,-0.7212,59.04,1,0
LJ500_R066_C085,66,85,703750,9534250,4000,2500,2019,6,2019-06,6,0.7865,0,0.2135,0.0,0.0,0,0,0,0,1.0,0.8069,0.2707,0.5698,-0.731,73.12,1,0
LJ500_R066_C086,66,86,704250,9534250,4500,2500,2019,6,2019-06,6,1.0,0,0.0,0.0,0.0,0,0,0,0,1.0,0.8349,0.3183,0.6132,-0.7526,76.64,1,0
LJ500_R067_C077,67,77,699750,9534750,0,3000,2019,6,2019-06,6,0.7165,0,0.2835,0.0,0.0,0,0,0,0,1.0,0.7707,0.2074,0.4818,-0.6821,100.0,1,0
LJ500_R067_C078,67,78,700250,9534750,500,3000,2019,6,2019-06,6,0.8229,0,0.1771,0.0,0.0,0,0,0,0,1.0,0.7379,0.1872,0.4296,-0.6516,71.04,1,0
LJ500_R067_C079,67,79,700750,9534750,1000,3000,2019,6,2019-06,6,0.9659,0,0.0341,0.0,0.0,0,0,0,0,1.0,0.5039,0.1835,0.3889,-0.4418,6.4,1,0
LJ500_R067_C080,67,80,701250,9534750,1500,3000,2019,6,2019-06,6,0.8944,0,0.1056,0.0,0.0,0,0,0,0,1.0,0.6274,0.2888,0.5581,-0.5145,0.96,1,0
LJ500_R067_C081,67,81,701750,9534750,2000,3000,2019,6,2019-06,6,0.7989,0,0.1897,0.0,0.0114,0,0,0,0,1.0,,,,,0.0,1,1
LJ500_R067_C082,67,82,702250,9534750,2500,3000,2019,6,2019-06,6,1.0,0,0.0,0.0,0.0,0,0,0,0,1.0,,,,,0.0,1,1
LJ500_R067_C083,67,83,702750,9534750,3000,3000,2019,6,2019-06,6,1.0,0,0.0,0.0,0.0,0,0,0,0,1.0,,,,,0.0,1,1
LJ500_R067_C084,67,84,703250,9534750,3500,3000,2019,6,2019-06,6,1.0,0,0.0,0.0,0.0,0,0,0,0,1.0,0.553,0.2154,0.4049,-0.5093,9.44,1,0
LJ500_R067_C085,67,85,703750,9534750,4000,3000,2019,6,2019-06,6,1.0,0,0.0,0.0,0.0,0,0,0,0,1.0,0.7124,0.2915,0.5405,-0.649,52.48,1,0
LJ500_R067_C086,67,86,704250,9534750,4500,3000,2019,6,2019-06,6,1.0,0,0.0,0.0,0.0,0,0,0,0,1.0,0.8009,0.2724,0.5584,-0.7384,3.04,1,0
LJ500_R068_C077,68,77,699750,9535250,0,3500,2019,6,2019-06,6,0.065,0,0.935,0.0,0.0,0,0,0,0,1.0,0.7806,0.2144,0.4952,-0.6825,100.0,1,0
LJ500_R068_C078,68,78,700250,9535250,500,3500,2019,6,2019-06,6,0.7525,0,0.2475,0.0,0.0,0,0,0,0,1.0,0.7541,0.2217,0.5017,-0.655,100.0,1,0
LJ500_R068_C079,68,79,700750,9535250,1000,3500,2019,6,2019-06,6,1.0,0,0.0,0.0,0.0,0,0,0,0,1.0,0.7166,0.2149,0.4804,-0.6385,64.48,1,0
LJ500_R068_C080,68,80,701250,9535250,1500,3500,2019,6,2019-06,6,0.8923,0,0.1077,0.0,0.0,0,0,0,0,1.0,0.6926,0.1856,0.4246,-0.6416,6.56,1,0
LJ500_R068_C081,68,81,701750,9535250,2000,3500,2019,6,2019-06,6,0.6646,0,0.0767,0.0,0.2586,0,0,0,0,1.0,,,,,0.0,1,1
LJ500_R068_C082,68,82,702250,9535250,2500,3500,2019,6,2019-06,6,0.9399,0,0.0601,0.0,0.0,0,0,0,0,1.0,,,,,0.0,1,1
LJ500_R068_C083,68,83,702750,9535250,3000,3500,2019,6,2019-06,6,1.0,0,0.0,0.0,0.0,0,0,0,0,1.0,,,,,0.0,1,1
LJ500_R068_C084,68,84,703250,9535250,3500,3500,2019,6,2019-06,6,1.0,0,0.0,0.0,0.0,0,0,0,0,1.0,0.4243,0.2939,0.4478,-0.3553,0.16,1,0
LJ500_R068_C085,68,85,703750,9535250,4000,3500,2019,6,2019-06,6,1.0,0,0.0,0.0,0.0,0,0,0,0,1.0,0.8106,0.4226,0.6724,-0.7387,8.0,1,0
LJ500_R068_C086,68,86,704250,9535250,4500,3500,2019,6,2019-06,6,1.0,0,0.0,0.0,0.0,0,0,0,0,1.0,0.8188,0.4006,0.6601,-0.7639,0.32,1,0
LJ500_R069_C077,69,77,699750,9535750,0,4000,2019,6,2019-06,6,0.0,0,0.9574,0.0426,0.0,0,0,0,0,1.0,0.787,0.2342,0.5163,-0.6831,100.0,1,0
LJ500_R069_C078,69,78,700250,9535750,500,4000,2019,6,2019-06,6,0.4139,0,0.5115,0.0746,0.0,0,0,0,0,1.0,0.8185,0.2607,0.5583,-0.7046,100.0,1,0
LJ500_R069_C079,69,79,700750,9535750,1000,4000,2019,6,2019-06,6,0.6432,0,0.3568,0.0,0.0,0,0,0,0,1.0,0.76,0.1906,0.4401,-0.6667,100.0,1,0
LJ500_R069_C080,69,80,701250,9535750,1500,4000,2019,6,2019-06,6,0.8514,0,0.1486,0.0,0.0,0,0,0,0,1.0,0.7688,0.2206,0.4916,-0.6958,98.88,1,0
LJ500_R069_C081,69,81,701750,9535750,2000,4000,2019,6,2019-06,6,1.0,0,0.0,0.0,0.0,0,0,0,0,1.0,0.8323,0.3174,0.6089,-0.75,84.96,1,0
LJ500_R069_C082,69,82,702250,9535750,2500,4000,2019,6,2019-06,6,1.0,0,0.0,0.0,0.0,0,0,0,0,1.0,0.8359,0.3239,0.6138,-0.7519,58.88,1,0
LJ500_R069_C083,69,83,702750,9535750,3000,4000,2019,6,2019-06,6,1.0,0,0.0,0.0,0.0,0,0,0,0,1.0,0.7659,0.3173,0.5735,-0.7091,56.16,1,0
LJ500_R069_C084,69,84,703250,9535750,3500,4000,2019,6,2019-06,6,1.0,0,0.0,0.0,0.0,0,0,0,0,1.0,0.823,0.3816,0.6464,-0.7631,10.4,1,0
LJ500_R069_C085,69,85,703750,9535750,4000,4000,2019,6,2019-06,6,1.0,0,0.0,0.0,0.0,0,0,0,0,1.0,0.7917,0.3166,0.5924,-0.7412,56.32,1,0
LJ500_R069_C086,69,86,704250,9535750,4500,4000,2019,6,2019-06,6,1.0,0,0.0,0.0,0.0,0,0,0,0,1.0,0.7826,0.2963,0.5836,-0.7348,48.0,1,0
LJ500_R070_C077,70,77,699750,9536250,0,4500,2019,6,2019-06,6,0.0,0,0.3423,0.4553,0.2024,0,0,0,0,1.0,0.7501,0.1862,0.4614,-0.6891,100.0,1,0
LJ500_R070_C078,70,78,700250,9536250,500,4500,2019,6,2019-06,6,0.0,0,0.3908,0.6092,0.0,0,0,0,0,1.0,0.7469,0.1788,0.4486,-0.6794,100.0,1,0
LJ500_R070_C079,70,79,700750,9536250,1000,4500,2019,6,2019-06,6,0.2082,0,0.7834,0.0084,0.0,0,0,0,0,1.0,0.7577,0.193,0.4434,-0.6597,100.0,1,0
LJ500_R070_C080,70,80,701250,9536250,1500,4500,2019,6,2019-06,6,0.2813,0,0.7187,0.0,0.0,0,0,0,0,1.0,0.7915,0.2297,0.5091,-0.6879,100.0,1,0
LJ500_R070_C081,70,81,701750,9536250,2000,4500,2019,6,2019-06,6,0.9197,0,0.0803,0.0,0.0,0,0,0,0,1.0,0.8318,0.2687,0.5721,-0.7358,100.0,1,0
LJ500_R070_C082,70,82,702250,9536250,2500,4500,2019,6,2019-06,6,1.0,0,0.0,0.0,0.0,0,0,0,0,1.0,0.7858,0.2451,0.5358,-0.7067,100.0,1,0
LJ500_R070_C083,70,83,702750,9536250,3000,4500,2019,6,2019-06,6,1.0,0,0.0,0.0,0.0,0,0,0,0,1.0,0.8101,0.303,0.5902,-0.736,100.0,1,0
LJ500_R070_C084,70,84,703250,9536250,3500,4500,2019,6,2019-06,6,0.9943,0,0.0057,0.0,0.0,0,0,0,0,1.0,0.8048,0.3006,0.5798,-0.7507,98.4,1,0
LJ500_R070_C085,70,85,703750,9536250,4000,4500,2019,6,2019-06,6,1.0,0,0.0,0.0,0.0,0,0,0,0,1.0,0.8069,0.3323,0.6117,-0.7562,100.0,1,0
LJ500_R070_C086,70,86,704250,9536250,4500,4500,2019,6,2019-06,6,1.0,0,0.0,0.0,0.0,0,0,0,0,1.0,0.8021,0.3538,0.6281,-0.7458,98.72,1,0
LJ500_R061_C077,61,77,699750,9531750,0,0,2019,7,2019-07,7,0.0,0,1.0,0.0,0.0,0,0,0,0,1.0,0.6803,0.1038,0.3834,-0.6207,100.0,1,0
LJ500_R061_C078,61,78,700250,9531750,500,0,2019,7,2019-07,7,0.0,0,0.9516,0.0,0.0484,0,0,0,0,1.0,0.6561,0.1135,0.3953,-0.598,97.76,1,0
LJ500_R061_C079,61,79,700750,9531750,1000,0,2019,7,2019-07,7,0.0,0,0.906,0.0,0.094,0,0,0,0,1.0,0.7648,0.1983,0.4999,-0.6807,91.52,1,0
LJ500_R061_C080,61,80,701250,9531750,1500,0,2019,7,2019-07,7,0.1714,0,0.8229,0.0,0.0057,0,0,0,0,1.0,0.7494,0.1943,0.4925,-0.6641,100.0,1,0
LJ500_R061_C081,61,81,701750,9531750,2000,0,2019,7,2019-07,7,0.0,0,1.0,0.0,0.0,0,0,0,0,1.0,0.7614,0.201,0.5035,-0.6698,100.0,1,0
LJ500_R061_C082,61,82,702250,9531750,2500,0,2019,7,2019-07,7,0.0618,0,0.9382,0.0,0.0,0,0,0,0,1.0,0.7903,0.2413,0.5512,-0.6899,100.0,1,0
LJ500_R061_C083,61,83,702750,9531750,3000,0,2019,7,2019-07,7,0.5343,0,0.3633,0.1024,0.0,0,0,0,0,1.0,0.8156,0.3139,0.6215,-0.6958,32.16,1,0
LJ500_R061_C084,61,84,703250,9531750,3500,0,2019,7,2019-07,7,0.7729,0,0.0,0.2271,0.0,0,0,0,0,1.0,0.811,0.3013,0.6013,-0.7241,18.4,1,0
LJ500_R061_C085,61,85,703750,9531750,4000,0,2019,7,2019-07,7,0.709,0,0.291,0.0,0.0,0,0,0,0,1.0,0.8144,0.334,0.6184,-0.7236,46.08,1,0
LJ500_R061_C086,61,86,704250,9531750,4500,0,2019,7,2019-07,7,1.0,0,0.0,0.0,0.0,0,0,0,0,1.0,0.7661,0.3217,0.6001,-0.668,17.92,1,0
LJ500_R062_C077,62,77,699750,9532250,0,500,2019,7,2019-07,7,0.0,0,0.7197,0.0,0.2803,0,0,0,0,1.0,0.7422,0.2003,0.4979,-0.6509,100.0,1,0
LJ500_R062_C078,62,78,700250,9532250,500,500,2019,7,2019-07,7,0.0,0,0.5947,0.0,0.4053,0,0,0,0,1.0,0.7105,0.2055,0.4944,-0.6256,99.52,1,0
LJ500_R062_C079,62,79,700750,9532250,1000,500,2019,7,2019-07,7,0.0,0,0.771,0.0,0.229,0,0,0,0,1.0,0.7542,0.2341,0.5241,-0.6469,66.4,1,0
LJ500_R062_C080,62,80,701250,9532250,1500,500,2019,7,2019-07,7,0.235,0,0.6379,0.0,0.1271,0,0,0,0,1.0,0.7609,0.2227,0.5263,-0.6554,87.04,1,0
LJ500_R062_C081,62,81,701750,9532250,2000,500,2019,7,2019-07,7,0.0684,0,0.7378,0.0,0.1938,0,0,0,0,1.0,0.771,0.2244,0.5269,-0.6769,100.0,1,0
LJ500_R062_C082,62,82,702250,9532250,2500,500,2019,7,2019-07,7,0.0973,0,0.9027,0.0,0.0,0,0,0,0,1.0,0.7912,0.2628,0.5728,-0.6867,100.0,1,0
LJ500_R062_C083,62,83,702750,9532250,3000,500,2019,7,2019-07,7,0.0473,0,0.9507,0.0019,0.0,0,0,0,0,1.0,0.7993,0.264,0.5709,-0.6889,82.88,1,0
LJ500_R062_C084,62,84,703250,9532250,3500,500,2019,7,2019-07,7,0.2757,0,0.7209,0.0034,0.0,0,0,0,0,1.0,0.8587,0.3168,0.6309,-0.7486,59.52,1,0
LJ500_R062_C085,62,85,703750,9532250,4000,500,2019,7,2019-07,7,0.0588,0,0.9412,0.0,0.0,0,0,0,0,1.0,0.7866,0.2968,0.5914,-0.6794,42.24,1,0
LJ500_R062_C086,62,86,704250,9532250,4500,500,2019,7,2019-07,7,0.7611,0,0.2389,0.0,0.0,0,0,0,0,1.0,0.7533,0.2805,0.5683,-0.6466,9.76,1,0
LJ500_R063_C077,63,77,699750,9532750,0,1000,2019,7,2019-07,7,0.0,0,0.1158,0.0,0.8842,0,0,0,0,1.0,0.6862,0.1258,0.4065,-0.6194,100.0,1,0
LJ500_R063_C078,63,78,700250,9532750,500,1000,2019,7,2019-07,7,0.0328,0,0.3431,0.0,0.624,0,0,0,0,1.0,0.7361,0.1817,0.4673,-0.6461,100.0,1,0
LJ500_R063_C079,63,79,700750,9532750,1000,1000,2019,7,2019-07,7,0.2883,0,0.3768,0.0,0.3349,0,0,0,0,1.0,0.7393,0.2003,0.4883,-0.6445,100.0,1,0
LJ500_R063_C080,63,80,701250,9532750,1500,1000,2019,7,2019-07,7,0.1673,0,0.4746,0.0,0.358,0,0,0,0,1.0,0.7178,0.1713,0.4726,-0.6453,94.88,1,0
LJ500_R063_C081,63,81,701750,9532750,2000,1000,2019,7,2019-07,7,0.0165,0,0.5433,0.0,0.4402,0,0,0,0,1.0,0.7602,0.2056,0.5103,-0.6744,100.0,1,0
LJ500_R063_C082,63,82,702250,9532750,2500,1000,2019,7,2019-07,7,0.6742,0,0.2142,0.0,0.1117,0,0,0,0,1.0,0.7824,0.2609,0.5658,-0.6676,100.0,1,0
LJ500_R063_C083,63,83,702750,9532750,3000,1000,2019,7,2019-07,7,0.2059,0,0.7941,0.0,0.0,0,0,0,0,1.0,0.7662,0.2621,0.5615,-0.6511,75.68,1,0
LJ500_R063_C084,63,84,703250,9532750,3500,1000,2019,7,2019-07,7,0.2973,0,0.7027,0.0,0.0,0,0,0,0,1.0,0.8026,0.2942,0.5989,-0.6915,72.32,1,0
LJ500_R063_C085,63,85,703750,9532750,4000,1000,2019,7,2019-07,7,0.1462,0,0.8538,0.0,0.0,0,0,0,0,1.0,0.7918,0.286,0.5762,-0.6819,2.56,1,0
LJ500_R063_C086,63,86,704250,9532750,4500,1000,2019,7,2019-07,7,0.3435,0,0.6565,0.0,0.0,0,0,0,0,1.0,0.7691,0.3129,0.6016,-0.6637,17.92,1,0
LJ500_R064_C077,64,77,699750,9533250,0,1500,2019,7,2019-07,7,0.3887,0,0.3116,0.0,0.2997,0,0,0,0,1.0,0.7653,0.2076,0.5106,-0.6724,100.0,1,0
LJ500_R064_C078,64,78,700250,9533250,500,1500,2019,7,2019-07,7,0.5382,0,0.082,0.0,0.3799,0,0,0,0,1.0,0.754,0.2272,0.5313,-0.6546,100.0,1,0
LJ500_R064_C079,64,79,700750,9533250,1000,1500,2019,7,2019-07,7,0.4384,0,0.1474,0.0,0.4142,0,0,0,0,1.0,0.7146,0.1467,0.4351,-0.6398,100.0,1,0
LJ500_R064_C080,64,80,701250,9533250,1500,1500,2019,7,2019-07,7,0.5951,0,0.4049,0.0,0.0,0,0,0,0,1.0,0.7523,0.2403,0.5352,-0.667,91.04,1,0
LJ500_R064_C081,64,81,701750,9533250,2000,1500,2019,7,2019-07,7,0.5997,0,0.181,0.0,0.2193,0,0,0,0,1.0,0.7674,0.2567,0.5509,-0.6688,61.28,1,0
LJ500_R064_C082,64,82,702250,9533250,2500,1500,2019,7,2019-07,7,0.7276,0,0.2724,0.0,0.0,0,0,0,0,1.0,0.756,0.2595,0.5543,-0.6542,100.0,1,0
LJ500_R064_C083,64,83,702750,9533250,3000,1500,2019,7,2019-07,7,0.566,0,0.203,0.0,0.231,0,0,0,0,1.0,0.8237,0.302,0.616,-0.7231,100.0,1,0
LJ500_R064_C084,64,84,703250,9533250,3500,1500,2019,7,2019-07,7,0.235,0,0.7298,0.0,0.0352,0,0,0,0,1.0,0.7964,0.3187,0.6157,-0.6921,50.88,1,0
LJ500_R064_C085,64,85,703750,9533250,4000,1500,2019,7,2019-07,7,0.5109,0,0.4891,0.0,0.0,0,0,0,0,1.0,0.7045,0.2926,0.5556,-0.6241,2.72,1,0
LJ500_R064_C086,64,86,704250,9533250,4500,1500,2019,7,2019-07,7,0.748,0,0.252,0.0,0.0,0,0,0,0,1.0,0.7558,0.2841,0.5734,-0.6699,29.6,1,0
LJ500_R065_C077,65,77,699750,9533750,0,2000,2019,7,2019-07,7,0.312,0,0.4033,0.0,0.2847,0,0,0,0,1.0,0.7521,0.2714,0.5606,-0.6431,47.2,1,0
LJ500_R065_C078,65,78,700250,9533750,500,2000,2019,7,2019-07,7,0.5913,0,0.4071,0.0,0.0016,0,0,0,0,1.0,0.7077,0.2166,0.5034,-0.6151,40.64,1,0
LJ500_R065_C079,65,79,700750,9533750,1000,2000,2019,7,2019-07,7,0.3219,0,0.6781,0.0,0.0,0,0,0,0,1.0,0.7009,0.17,0.4608,-0.6279,76.32,1,0
LJ500_R065_C080,65,80,701250,9533750,1500,2000,2019,7,2019-07,7,0.8266,0,0.1734,0.0,0.0,0,0,0,0,1.0,0.8279,0.3133,0.6277,-0.7235,93.12,1,0
LJ500_R065_C081,65,81,701750,9533750,2000,2000,2019,7,2019-07,7,0.9017,0,0.0983,0.0,0.0,0,0,0,0,1.0,0.7076,0.2585,0.531,-0.6131,77.44,1,0
LJ500_R065_C082,65,82,702250,9533750,2500,2000,2019,7,2019-07,7,0.7327,0,0.2673,0.0,0.0,0,0,0,0,1.0,0.7476,0.2468,0.5432,-0.6646,49.44,1,0
LJ500_R065_C083,65,83,702750,9533750,3000,2000,2019,7,2019-07,7,0.7802,0,0.1368,0.0,0.083,0,0,0,0,1.0,0.8511,0.3219,0.6377,-0.7453,46.08,1,0
LJ500_R065_C084,65,84,703250,9533750,3500,2000,2019,7,2019-07,7,0.3229,0,0.6771,0.0,0.0,0,0,0,0,1.0,0.8027,0.3278,0.6304,-0.6853,70.24,1,0
LJ500_R065_C085,65,85,703750,9533750,4000,2000,2019,7,2019-07,7,0.0167,0,0.9833,0.0,0.0,0,0,0,0,1.0,0.7881,0.3413,0.6328,-0.6515,6.72,1,0
LJ500_R065_C086,65,86,704250,9533750,4500,2000,2019,7,2019-07,7,0.7821,0,0.2179,0.0,0.0,0,0,0,0,1.0,0.7627,0.3329,0.6096,-0.6704,69.6,1,0
LJ500_R066_C077,66,77,699750,9534250,0,2500,2019,7,2019-07,7,0.5018,0,0.3517,0.0,0.1465,0,0,0,0,1.0,0.7908,0.2599,0.558,-0.6821,0.8,1,0
LJ500_R066_C078,66,78,700250,9534250,500,2500,2019,7,2019-07,7,0.1232,0,0.8768,0.0,0.0,0,0,0,0,1.0,,,,,0.0,1,1
LJ500_R066_C079,66,79,700750,9534250,1000,2500,2019,7,2019-07,7,0.3332,0,0.6668,0.0,0.0,0,0,0,0,1.0,0.5878,0.1636,0.3942,-0.5413,15.2,1,0
LJ500_R066_C080,66,80,701250,9534250,1500,2500,2019,7,2019-07,7,0.9149,0,0.0851,0.0,0.0,0,0,0,0,1.0,0.7577,0.2923,0.5796,-0.6634,83.04,1,0
LJ500_R066_C081,66,81,701750,9534250,2000,2500,2019,7,2019-07,7,0.7037,0,0.2963,0.0,0.0,0,0,0,0,1.0,0.7327,0.269,0.5565,-0.6483,100.0,1,0
LJ500_R066_C082,66,82,702250,9534250,2500,2500,2019,7,2019-07,7,0.6772,0,0.3228,0.0,0.0,0,0,0,0,1.0,0.7418,0.2718,0.557,-0.6661,36.32,1,0
LJ500_R066_C083,66,83,702750,9534250,3000,2500,2019,7,2019-07,7,0.6289,0,0.3711,0.0,0.0,0,0,0,0,1.0,0.728,0.2752,0.5599,-0.611,3.52,1,0
LJ500_R066_C084,66,84,703250,9534250,3500,2500,2019,7,2019-07,7,0.7305,0,0.2695,0.0,0.0,0,0,0,0,1.0,0.7378,0.2662,0.5621,-0.6282,80.96,1,0
LJ500_R066_C085,66,85,703750,9534250,4000,2500,2019,7,2019-07,7,0.7865,0,0.2135,0.0,0.0,0,0,0,0,1.0,,,,,0.0,1,1
LJ500_R066_C086,66,86,704250,9534250,4500,2500,2019,7,2019-07,7,1.0,0,0.0,0.0,0.0,0,0,0,0,1.0,0.7673,0.3237,0.6006,-0.6739,10.56,1,0
LJ500_R067_C077,67,77,699750,9534750,0,3000,2019,7,2019-07,7,0.7165,0,0.2835,0.0,0.0,0,0,0,0,1.0,0.6375,0.1567,0.4036,-0.5571,24.16,1,0
LJ500_R067_C078,67,78,700250,9534750,500,3000,2019,7,2019-07,7,0.8229,0,0.1771,0.0,0.0,0,0,0,0,1.0,0.7378,0.2129,0.472,-0.6522,48.8,1,0
LJ500_R067_C079,67,79,700750,9534750,1000,3000,2019,7,2019-07,7,0.9659,0,0.0341,0.0,0.0,0,0,0,0,1.0,0.7259,0.2193,0.4958,-0.6521,95.52,1,0
LJ500_R067_C080,67,80,701250,9534750,1500,3000,2019,7,2019-07,7,0.8944,0,0.1056,0.0,0.0,0,0,0,0,1.0,0.7176,0.2667,0.5369,-0.6386,100.0,1,0
LJ500_R067_C081,67,81,701750,9534750,2000,3000,2019,7,2019-07,7,0.7989,0,0.1897,0.0,0.0114,0,0,0,0,1.0,0.7033,0.2895,0.5592,-0.6285,89.12,1,0
LJ500_R067_C082,67,82,702250,9534750,2500,3000,2019,7,2019-07,7,1.0,0,0.0,0.0,0.0,0,0,0,0,1.0,0.7758,0.3407,0.6141,-0.6876,56.64,1,0
LJ500_R067_C083,67,83,702750,9534750,3000,3000,2019,7,2019-07,7,1.0,0,0.0,0.0,0.0,0,0,0,0,1.0,0.6843,0.2833,0.5454,-0.5981,50.4,1,0
LJ500_R067_C084,67,84,703250,9534750,3500,3000,2019,7,2019-07,7,1.0,0,0.0,0.0,0.0,0,0,0,0,1.0,0.738,0.2994,0.5767,-0.6464,94.4,1,0
LJ500_R067_C085,67,85,703750,9534750,4000,3000,2019,7,2019-07,7,1.0,0,0.0,0.0,0.0,0,0,0,0,1.0,0.7534,0.3198,0.5942,-0.661,67.84,1,0
LJ500_R067_C086,67,86,704250,9534750,4500,3000,2019,7,2019-07,7,1.0,0,0.0,0.0,0.0,0,0,0,0,1.0,0.6617,0.3217,0.6012,-0.5625,0.48,1,0
LJ500_R068_C077,68,77,699750,9535250,0,3500,2019,7,2019-07,7,0.065,0,0.935,0.0,0.0,0,0,0,0,1.0,0.6646,0.1628,0.4265,-0.601,54.24,1,0
LJ500_R068_C078,68,78,700250,9535250,500,3500,2019,7,2019-07,7,0.7525,0,0.2475,0.0,0.0,0,0,0,0,1.0,0.7397,0.2485,0.5171,-0.6454,24.32,1,0
LJ500_R068_C079,68,79,700750,9535250,1000,3500,2019,7,2019-07,7,1.0,0,0.0,0.0,0.0,0,0,0,0,1.0,0.6321,0.202,0.4637,-0.5496,27.2,1,0
LJ500_R068_C080,68,80,701250,9535250,1500,3500,2019,7,2019-07,7,0.8923,0,0.1077,0.0,0.0,0,0,0,0,1.0,0.7183,0.2833,0.5339,-0.6397,91.36,1,0
LJ500_R068_C081,68,81,701750,9535250,2000,3500,2019,7,2019-07,7,0.6646,0,0.0767,0.0,0.2586,0,0,0,0,1.0,0.6872,0.2399,0.5082,-0.6324,80.64,1,0
LJ500_R068_C082,68,82,702250,9535250,2500,3500,2019,7,2019-07,7,0.9399,0,0.0601,0.0,0.0,0,0,0,0,1.0,0.7608,0.3494,0.6154,-0.6834,83.36,1,0
LJ500_R068_C083,68,83,702750,9535250,3000,3500,2019,7,2019-07,7,1.0,0,0.0,0.0,0.0,0,0,0,0,1.0,0.7761,0.3816,0.6423,-0.6904,99.84,1,0
LJ500_R068_C084,68,84,703250,9535250,3500,3500,2019,7,2019-07,7,1.0,0,0.0,0.0,0.0,0,0,0,0,1.0,0.7694,0.3804,0.6466,-0.6746,80.64,1,0
LJ500_R068_C085,68,85,703750,9535250,4000,3500,2019,7,2019-07,7,1.0,0,0.0,0.0,0.0,0,0,0,0,1.0,0.741,0.3802,0.6404,-0.6526,83.52,1,0
LJ500_R068_C086,68,86,704250,9535250,4500,3500,2019,7,2019-07,7,1.0,0,0.0,0.0,0.0,0,0,0,0,1.0,0.6263,0.33,0.5602,-0.5522,16.32,1,0
LJ500_R069_C077,69,77,699750,9535750,0,4000,2019,7,2019-07,7,0.0,0,0.9574,0.0426,0.0,0,0,0,0,1.0,0.7783,0.3831,0.6763,-0.6446,0.64,1,0
LJ500_R069_C078,69,78,700250,9535750,500,4000,2019,7,2019-07,7,0.4139,0,0.5115,0.0746,0.0,0,0,0,0,1.0,0.7868,0.3127,0.6062,-0.6489,26.56,1,0
LJ500_R069_C079,69,79,700750,9535750,1000,4000,2019,7,2019-07,7,0.6432,0,0.3568,0.0,0.0,0,0,0,0,1.0,0.4632,0.1134,0.2739,-0.3837,2.88,1,0
LJ500_R069_C080,69,80,701250,9535750,1500,4000,2019,7,2019-07,7,0.8514,0,0.1486,0.0,0.0,0,0,0,0,1.0,0.7215,0.2418,0.5053,-0.6337,77.44,1,0
LJ500_R069_C081,69,81,701750,9535750,2000,4000,2019,7,2019-07,7,1.0,0,0.0,0.0,0.0,0,0,0,0,1.0,0.7918,0.3222,0.6107,-0.7053,66.4,1,0
LJ500_R069_C082,69,82,702250,9535750,2500,4000,2019,7,2019-07,7,1.0,0,0.0,0.0,0.0,0,0,0,0,1.0,0.7814,0.3419,0.6284,-0.6981,36.32,1,0
LJ500_R069_C083,69,83,702750,9535750,3000,4000,2019,7,2019-07,7,1.0,0,0.0,0.0,0.0,0,0,0,0,1.0,0.8088,0.3786,0.6594,-0.7261,100.0,1,0
LJ500_R069_C084,69,84,703250,9535750,3500,4000,2019,7,2019-07,7,1.0,0,0.0,0.0,0.0,0,0,0,0,1.0,0.807,0.395,0.6721,-0.7278,98.4,1,0
LJ500_R069_C085,69,85,703750,9535750,4000,4000,2019,7,2019-07,7,1.0,0,0.0,0.0,0.0,0,0,0,0,1.0,0.7594,0.3617,0.6392,-0.6792,58.72,1,0
LJ500_R069_C086,69,86,704250,9535750,4500,4000,2019,7,2019-07,7,1.0,0,0.0,0.0,0.0,0,0,0,0,1.0,0.6782,0.3042,0.5746,-0.6102,49.44,1,0
LJ500_R070_C077,70,77,699750,9536250,0,4500,2019,7,2019-07,7,0.0,0,0.3423,0.4553,0.2024,0,0,0,0,1.0,,,,,0.0,1,1
LJ500_R070_C078,70,78,700250,9536250,500,4500,2019,7,2019-07,7,0.0,0,0.3908,0.6092,0.0,0,0,0,0,1.0,,,,,0.0,1,1
LJ500_R070_C079,70,79,700750,9536250,1000,4500,2019,7,2019-07,7,0.2082,0,0.7834,0.0084,0.0,0,0,0,0,1.0,0.6485,0.1227,0.349,-0.5625,2.72,1,0
LJ500_R070_C080,70,80,701250,9536250,1500,4500,2019,7,2019-07,7,0.2813,0,0.7187,0.0,0.0,0,0,0,0,1.0,0.7256,0.2187,0.4941,-0.6226,85.12,1,0
LJ500_R070_C081,70,81,701750,9536250,2000,4500,2019,7,2019-07,7,0.9197,0,0.0803,0.0,0.0,0,0,0,0,1.0,0.7875,0.2702,0.5655,-0.6824,94.4,1,0
LJ500_R070_C082,70,82,702250,9536250,2500,4500,2019,7,2019-07,7,1.0,0,0.0,0.0,0.0,0,0,0,0,1.0,0.744,0.3003,0.5845,-0.6431,39.52,1,0
LJ500_R070_C083,70,83,702750,9536250,3000,4500,2019,7,2019-07,7,1.0,0,0.0,0.0,0.0,0,0,0,0,1.0,0.7682,0.3178,0.6099,-0.6742,100.0,1,0
LJ500_R070_C084,70,84,703250,9536250,3500,4500,2019,7,2019-07,7,0.9943,0,0.0057,0.0,0.0,0,0,0,0,1.0,0.7778,0.3567,0.6387,-0.6843,65.92,1,0
LJ500_R070_C085,70,85,703750,9536250,4000,4500,2019,7,2019-07,7,1.0,0,0.0,0.0,0.0,0,0,0,0,1.0,0.7643,0.3733,0.6445,-0.6948,5.12,1,0
LJ500_R070_C086,70,86,704250,9536250,4500,4500,2019,7,2019-07,7,1.0,0,0.0,0.0,0.0,0,0,0,0,1.0,0.7988,0.404,0.672,-0.7143,2.24,1,0
LJ500_R061_C077,61,77,699750,9531750,0,0,2019,8,2019-08,8,0.0,0,1.0,0.0,0.0,0,0,0,0,1.0,0.5957,0.0286,0.2769,-0.5465,51.52,1,0
LJ500_R061_C078,61,78,700250,9531750,500,0,2019,8,2019-08,8,0.0,0,0.9516,0.0,0.0484,0,0,0,0,1.0,0.5234,-0.051,0.1804,-0.5262,14.88,1,0
LJ500_R061_C079,61,79,700750,9531750,1000,0,2019,8,2019-08,8,0.0,0,0.906,0.0,0.094,0,0,0,0,1.0,0.677,0.152,0.4294,-0.5952,62.08,1,0
LJ500_R061_C080,61,80,701250,9531750,1500,0,2019,8,2019-08,8,0.1714,0,0.8229,0.0,0.0057,0,0,0,0,1.0,0.7084,0.1523,0.4414,-0.6297,98.4,1,0
LJ500_R061_C081,61,81,701750,9531750,2000,0,2019,8,2019-08,8,0.0,0,1.0,0.0,0.0,0,0,0,0,1.0,0.7112,0.1664,0.4468,-0.6246,13.28,1,0
LJ500_R061_C082,61,82,702250,9531750,2500,0,2019,8,2019-08,8,0.0618,0,0.9382,0.0,0.0,0,0,0,0,1.0,,,,,0.0,1,1
LJ500_R061_C083,61,83,702750,9531750,3000,0,2019,8,2019-08,8,0.5343,0,0.3633,0.1024,0.0,0,0,0,0,1.0,0.6909,0.1803,0.4659,-0.654,0.16,1,0
LJ500_R061_C084,61,84,703250,9531750,3500,0,2019,8,2019-08,8,0.7729,0,0.0,0.2271,0.0,0,0,0,0,1.0,0.8023,0.2848,0.5852,-0.7271,66.88,1,0
LJ500_R061_C085,61,85,703750,9531750,4000,0,2019,8,2019-08,8,0.709,0,0.291,0.0,0.0,0,0,0,0,1.0,0.8511,0.3058,0.6144,-0.7641,65.76,1,0
LJ500_R061_C086,61,86,704250,9531750,4500,0,2019,8,2019-08,8,1.0,0,0.0,0.0,0.0,0,0,0,0,1.0,0.803,0.2599,0.5557,-0.7232,100.0,1,0
LJ500_R062_C077,62,77,699750,9532250,0,500,2019,8,2019-08,8,0.0,0,0.7197,0.0,0.2803,0,0,0,0,1.0,0.6918,0.1176,0.3885,-0.6339,59.84,1,0
LJ500_R062_C078,62,78,700250,9532250,500,500,2019,8,2019-08,8,0.0,0,0.5947,0.0,0.4053,0,0,0,0,1.0,0.6701,0.1474,0.4161,-0.6098,17.6,1,0
LJ500_R062_C079,62,79,700750,9532250,1000,500,2019,8,2019-08,8,0.0,0,0.771,0.0,0.229,0,0,0,0,1.0,0.7113,0.181,0.4689,-0.6179,75.84,1,0
LJ500_R062_C080,62,80,701250,9532250,1500,500,2019,8,2019-08,8,0.235,0,0.6379,0.0,0.1271,0,0,0,0,1.0,0.7171,0.1808,0.4785,-0.6184,100.0,1,0
LJ500_R062_C081,62,81,701750,9532250,2000,500,2019,8,2019-08,8,0.0684,0,0.7378,0.0,0.1938,0,0,0,0,1.0,0.7253,0.1837,0.4795,-0.6367,89.44,1,0
LJ500_R062_C082,62,82,702250,9532250,2500,500,2019,8,2019-08,8,0.0973,0,0.9027,0.0,0.0,0,0,0,0,1.0,0.7761,0.273,0.5727,-0.6579,9.12,1,0
LJ500_R062_C083,62,83,702750,9532250,3000,500,2019,8,2019-08,8,0.0473,0,0.9507,0.0019,0.0,0,0,0,0,1.0,,,,,0.0,1,1
LJ500_R062_C084,62,84,703250,9532250,3500,500,2019,8,2019-08,8,0.2757,0,0.7209,0.0034,0.0,0,0,0,0,1.0,,,,,0.0,1,1
LJ500_R062_C085,62,85,703750,9532250,4000,500,2019,8,2019-08,8,0.0588,0,0.9412,0.0,0.0,0,0,0,0,1.0,0.8282,0.2781,0.5811,-0.7349,93.6,1,0
LJ500_R062_C086,62,86,704250,9532250,4500,500,2019,8,2019-08,8,0.7611,0,0.2389,0.0,0.0,0,0,0,0,1.0,0.7363,0.2549,0.5253,-0.6587,50.4,1,0
LJ500_R063_C077,63,77,699750,9532750,0,1000,2019,8,2019-08,8,0.0,0,0.1158,0.0,0.8842,0,0,0,0,1.0,0.6248,0.0723,0.3188,-0.6011,81.28,1,0
LJ500_R063_C078,63,78,700250,9532750,500,1000,2019,8,2019-08,8,0.0328,0,0.3431,0.0,0.624,0,0,0,0,1.0,0.7016,0.1412,0.4033,-0.6525,100.0,1,0
LJ500_R063_C079,63,79,700750,9532750,1000,1000,2019,8,2019-08,8,0.2883,0,0.3768,0.0,0.3349,0,0,0,0,1.0,0.7029,0.1688,0.4597,-0.6208,99.68,1,0
LJ500_R063_C080,63,80,701250,9532750,1500,1000,2019,8,2019-08,8,0.1673,0,0.4746,0.0,0.358,0,0,0,0,1.0,0.7011,0.1514,0.4522,-0.6307,100.0,1,0
LJ500_R063_C081,63,81,701750,9532750,2000,1000,2019,8,2019-08,8,0.0165,0,0.5433,0.0,0.4402,0,0,0,0,1.0,0.736,0.2268,0.5327,-0.6395,88.32,1,0
LJ500_R063_C082,63,82,702250,9532750,2500,1000,2019,8,2019-08,8,0.6742,0,0.2142,0.0,0.1117,0,0,0,0,1.0,0.7143,0.2274,0.5067,-0.6035,30.88,1,0
LJ500_R063_C083,63,83,702750,9532750,3000,1000,2019,8,2019-08,8,0.2059,0,0.7941,0.0,0.0,0,0,0,0,1.0,0.7497,0.1949,0.4765,-0.6723,27.04,1,0
LJ500_R063_C084,63,84,703250,9532750,3500,1000,2019,8,2019-08,8,0.2973,0,0.7027,0.0,0.0,0,0,0,0,1.0,0.8391,0.276,0.5774,-0.7478,24.96,1,0
LJ500_R063_C085,63,85,703750,9532750,4000,1000,2019,8,2019-08,8,0.1462,0,0.8538,0.0,0.0,0,0,0,0,1.0,0.8278,0.2782,0.5795,-0.7324,99.36,1,0
LJ500_R063_C086,63,86,704250,9532750,4500,1000,2019,8,2019-08,8,0.3435,0,0.6565,0.0,0.0,0,0,0,0,1.0,0.8087,0.2886,0.575,-0.7183,85.44,1,0
LJ500_R064_C077,64,77,699750,9533250,0,1500,2019,8,2019-08,8,0.3887,0,0.3116,0.0,0.2997,0,0,0,0,1.0,0.7289,0.1521,0.4289,-0.6695,100.0,1,0
LJ500_R064_C078,64,78,700250,9533250,500,1500,2019,8,2019-08,8,0.5382,0,0.082,0.0,0.3799,0,0,0,0,1.0,0.7063,0.1746,0.4507,-0.6383,100.0,1,0
LJ500_R064_C079,64,79,700750,9533250,1000,1500,2019,8,2019-08,8,0.4384,0,0.1474,0.0,0.4142,0,0,0,0,1.0,0.6866,0.1164,0.4022,-0.6331,88.8,1,0
LJ500_R064_C080,64,80,701250,9533250,1500,1500,2019,8,2019-08,8,0.5951,0,0.4049,0.0,0.0,0,0,0,0,1.0,0.7625,0.2281,0.5167,-0.6863,86.08,1,0
LJ500_R064_C081,64,81,701750,9533250,2000,1500,2019,8,2019-08,8,0.5997,0,0.181,0.0,0.2193,0,0,0,0,1.0,0.7883,0.26,0.5575,-0.6907,100.0,1,0
LJ500_R064_C082,64,82,702250,9533250,2500,1500,2019,8,2019-08,8,0.7276,0,0.2724,0.0,0.0,0,0,0,0,1.0,0.7222,0.2714,0.5562,-0.6255,21.92,1,0
LJ500_R064_C083,64,83,702750,9533250,3000,1500,2019,8,2019-08,8,0.566,0,0.203,0.0,0.231,0,0,0,0,1.0,0.8375,0.2688,0.579,-0.7535,80.48,1,0
LJ500_R064_C084,64,84,703250,9533250,3500,1500,2019,8,2019-08,8,0.235,0,0.7298,0.0,0.0352,0,0,0,0,1.0,0.8489,0.2769,0.5902,-0.7579,100.0,1,0
LJ500_R064_C085,64,85,703750,9533250,4000,1500,2019,8,2019-08,8,0.5109,0,0.4891,0.0,0.0,0,0,0,0,1.0,0.832,0.2644,0.5735,-0.7462,100.0,1,0
LJ500_R064_C086,64,86,704250,9533250,4500,1500,2019,8,2019-08,8,0.748,0,0.252,0.0,0.0,0,0,0,0,1.0,0.7895,0.2285,0.5243,-0.7142,100.0,1,0
LJ500_R065_C077,65,77,699750,9533750,0,2000,2019,8,2019-08,8,0.312,0,0.4033,0.0,0.2847,0,0,0,0,1.0,0.7696,0.2123,0.4999,-0.6827,100.0,1,0
LJ500_R065_C078,65,78,700250,9533750,500,2000,2019,8,2019-08,8,0.5913,0,0.4071,0.0,0.0016,0,0,0,0,1.0,0.7126,0.2065,0.4797,-0.6368,100.0,1,0
LJ500_R065_C079,65,79,700750,9533750,1000,2000,2019,8,2019-08,8,0.3219,0,0.6781,0.0,0.0,0,0,0,0,1.0,0.6768,0.1466,0.4199,-0.6181,98.4,1,0
LJ500_R065_C080,65,80,701250,9533750,1500,2000,2019,8,2019-08,8,0.8266,0,0.1734,0.0,0.0,0,0,0,0,1.0,0.7809,0.2476,0.5545,-0.6863,97.44,1,0
LJ500_R065_C081,65,81,701750,9533750,2000,2000,2019,8,2019-08,8,0.9017,0,0.0983,0.0,0.0,0,0,0,0,1.0,0.7682,0.2522,0.5424,-0.6785,97.28,1,0
LJ500_R065_C082,65,82,702250,9533750,2500,2000,2019,8,2019-08,8,0.7327,0,0.2673,0.0,0.0,0,0,0,0,1.0,0.7271,0.2221,0.5085,-0.6591,71.84,1,0
LJ500_R065_C083,65,83,702750,9533750,3000,2000,2019,8,2019-08,8,0.7802,0,0.1368,0.0,0.083,0,0,0,0,1.0,0.8458,0.2781,0.5909,-0.7547,100.0,1,0
LJ500_R065_C084,65,84,703250,9533750,3500,2000,2019,8,2019-08,8,0.3229,0,0.6771,0.0,0.0,0,0,0,0,1.0,0.837,0.2662,0.5797,-0.7461,100.0,1,0
LJ500_R065_C085,65,85,703750,9533750,4000,2000,2019,8,2019-08,8,0.0167,0,0.9833,0.0,0.0,0,0,0,0,1.0,0.7514,0.1719,0.4698,-0.6933,100.0,1,0
LJ500_R065_C086,65,86,704250,9533750,4500,2000,2019,8,2019-08,8,0.7821,0,0.2179,0.0,0.0,0,0,0,0,1.0,0.8317,0.3048,0.6021,-0.7537,100.0,1,0
LJ500_R066_C077,66,77,699750,9534250,0,2500,2019,8,2019-08,8,0.5018,0,0.3517,0.0,0.1465,0,0,0,0,1.0,0.7476,0.2398,0.5281,-0.6385,100.0,1,0
LJ500_R066_C078,66,78,700250,9534250,500,2500,2019,8,2019-08,8,0.1232,0,0.8768,0.0,0.0,0,0,0,0,1.0,0.6766,0.1774,0.441,-0.5947,100.0,1,0
LJ500_R066_C079,66,79,700750,9534250,1000,2500,2019,8,2019-08,8,0.3332,0,0.6668,0.0,0.0,0,0,0,0,1.0,0.6628,0.1755,0.4301,-0.6,93.76,1,0
LJ500_R066_C080,66,80,701250,9534250,1500,2500,2019,8,2019-08,8,0.9149,0,0.0851,0.0,0.0,0,0,0,0,1.0,0.7655,0.285,0.5742,-0.681,100.0,1,0
LJ500_R066_C081,66,81,701750,9534250,2000,2500,2019,8,2019-08,8,0.7037,0,0.2963,0.0,0.0,0,0,0,0,1.0,0.7581,0.2606,0.5519,-0.6851,100.0,1,0
LJ500_R066_C082,66,82,702250,9534250,2500,2500,2019,8,2019-08,8,0.6772,0,0.3228,0.0,0.0,0,0,0,0,1.0,0.7858,0.2901,0.5796,-0.7001,100.0,1,0
LJ500_R066_C083,66,83,702750,9534250,3000,2500,2019,8,2019-08,8,0.6289,0,0.3711,0.0,0.0,0,0,0,0,1.0,0.8274,0.2707,0.5741,-0.7356,100.0,1,0
LJ500_R066_C084,66,84,703250,9534250,3500,2500,2019,8,2019-08,8,0.7305,0,0.2695,0.0,0.0,0,0,0,0,1.0,0.7791,0.2295,0.5237,-0.7017,100.0,1,0
LJ500_R066_C085,66,85,703750,9534250,4000,2500,2019,8,2019-08,8,0.7865,0,0.2135,0.0,0.0,0,0,0,0,1.0,0.8047,0.2833,0.5745,-0.7305,100.0,1,0
LJ500_R066_C086,66,86,704250,9534250,4500,2500,2019,8,2019-08,8,1.0,0,0.0,0.0,0.0,0,0,0,0,1.0,0.8182,0.3142,0.6003,-0.7359,100.0,1,0
LJ500_R067_C077,67,77,699750,9534750,0,3000,2019,8,2019-08,8,0.7165,0,0.2835,0.0,0.0,0,0,0,0,1.0,0.7341,0.1938,0.4589,-0.6472,100.0,1,0
LJ500_R067_C078,67,78,700250,9534750,500,3000,2019,8,2019-08,8,0.8229,0,0.1771,0.0,0.0,0,0,0,0,1.0,0.7175,0.1835,0.4368,-0.6292,100.0,1,0
LJ500_R067_C079,67,79,700750,9534750,1000,3000,2019,8,2019-08,8,0.9659,0,0.0341,0.0,0.0,0,0,0,0,1.0,0.7201,0.2342,0.5132,-0.6374,100.0,1,0
LJ500_R067_C080,67,80,701250,9534750,1500,3000,2019,8,2019-08,8,0.8944,0,0.1056,0.0,0.0,0,0,0,0,1.0,0.7192,0.2756,0.5504,-0.6332,90.72,1,0
LJ500_R067_C081,67,81,701750,9534750,2000,3000,2019,8,2019-08,8,0.7989,0,0.1897,0.0,0.0114,0,0,0,0,1.0,0.7548,0.3009,0.5738,-0.6862,100.0,1,0
LJ500_R067_C082,67,82,702250,9534750,2500,3000,2019,8,2019-08,8,1.0,0,0.0,0.0,0.0,0,0,0,0,1.0,0.8115,0.3166,0.6024,-0.7302,36.8,1,0
LJ500_R067_C083,67,83,702750,9534750,3000,3000,2019,8,2019-08,8,1.0,0,0.0,0.0,0.0,0,0,0,0,1.0,0.7584,0.3,0.5698,-0.6797,96.64,1,0
LJ500_R067_C084,67,84,703250,9534750,3500,3000,2019,8,2019-08,8,1.0,0,0.0,0.0,0.0,0,0,0,0,1.0,0.766,0.2901,0.5619,-0.697,100.0,1,0
LJ500_R067_C085,67,85,703750,9534750,4000,3000,2019,8,2019-08,8,1.0,0,0.0,0.0,0.0,0,0,0,0,1.0,0.8149,0.3223,0.6027,-0.7407,100.0,1,0
LJ500_R067_C086,67,86,704250,9534750,4500,3000,2019,8,2019-08,8,1.0,0,0.0,0.0,0.0,0,0,0,0,1.0,0.8048,0.3255,0.5997,-0.7305,100.0,1,0
LJ500_R068_C077,68,77,699750,9535250,0,3500,2019,8,2019-08,8,0.065,0,0.935,0.0,0.0,0,0,0,0,1.0,0.7119,0.16,0.4236,-0.6357,100.0,1,0
LJ500_R068_C078,68,78,700250,9535250,500,3500,2019,8,2019-08,8,0.7525,0,0.2475,0.0,0.0,0,0,0,0,1.0,0.7349,0.2037,0.4918,-0.6283,100.0,1,0
LJ500_R068_C079,68,79,700750,9535250,1000,3500,2019,8,2019-08,8,1.0,0,0.0,0.0,0.0,0,0,0,0,1.0,0.7296,0.2454,0.535,-0.6275,100.0,1,0
LJ500_R068_C080,68,80,701250,9535250,1500,3500,2019,8,2019-08,8,0.8923,0,0.1077,0.0,0.0,0,0,0,0,1.0,0.6751,0.2886,0.539,-0.584,61.28,1,0
LJ500_R068_C081,68,81,701750,9535250,2000,3500,2019,8,2019-08,8,0.6646,0,0.0767,0.0,0.2586,0,0,0,0,1.0,0.6651,0.1917,0.4533,-0.6235,96.8,1,0
LJ500_R068_C082,68,82,702250,9535250,2500,3500,2019,8,2019-08,8,0.9399,0,0.0601,0.0,0.0,0,0,0,0,1.0,0.7658,0.3832,0.644,-0.6918,24.32,1,0
LJ500_R068_C083,68,83,702750,9535250,3000,3500,2019,8,2019-08,8,1.0,0,0.0,0.0,0.0,0,0,0,0,1.0,0.7743,0.3805,0.635,-0.6961,21.44,1,0
LJ500_R068_C084,68,84,703250,9535250,3500,3500,2019,8,2019-08,8,1.0,0,0.0,0.0,0.0,0,0,0,0,1.0,0.789,0.3583,0.6154,-0.7193,100.0,1,0
LJ500_R068_C085,68,85,703750,9535250,4000,3500,2019,8,2019-08,8,1.0,0,0.0,0.0,0.0,0,0,0,0,1.0,0.8239,0.3841,0.6511,-0.7548,100.0,1,0
LJ500_R068_C086,68,86,704250,9535250,4500,3500,2019,8,2019-08,8,1.0,0,0.0,0.0,0.0,0,0,0,0,1.0,0.8093,0.3495,0.6215,-0.745,100.0,1,0
LJ500_R069_C077,69,77,699750,9535750,0,4000,2019,8,2019-08,8,0.0,0,0.9574,0.0426,0.0,0,0,0,0,1.0,0.7344,0.1812,0.4543,-0.6419,100.0,1,0
LJ500_R069_C078,69,78,700250,9535750,500,4000,2019,8,2019-08,8,0.4139,0,0.5115,0.0746,0.0,0,0,0,0,1.0,0.7693,0.2464,0.5358,-0.6525,100.0,1,0
LJ500_R069_C079,69,79,700750,9535750,1000,4000,2019,8,2019-08,8,0.6432,0,0.3568,0.0,0.0,0,0,0,0,1.0,0.686,0.1902,0.4338,-0.5911,100.0,1,0
LJ500_R069_C080,69,80,701250,9535750,1500,4000,2019,8,2019-08,8,0.8514,0,0.1486,0.0,0.0,0,0,0,0,1.0,0.7561,0.2298,0.4986,-0.6758,99.84,1,0
LJ500_R069_C081,69,81,701750,9535750,2000,4000,2019,8,2019-08,8,1.0,0,0.0,0.0,0.0,0,0,0,0,1.0,0.8259,0.321,0.6148,-0.7367,100.0,1,0
LJ500_R069_C082,69,82,702250,9535750,2500,4000,2019,8,2019-08,8,1.0,0,0.0,0.0,0.0,0,0,0,0,1.0,0.793,0.3214,0.6041,-0.7,57.76,1,0
LJ500_R069_C083,69,83,702750,9535750,3000,4000,2019,8,2019-08,8,1.0,0,0.0,0.0,0.0,0,0,0,0,1.0,0.8106,0.3729,0.6377,-0.7418,72.16,1,0
LJ500_R069_C084,69,84,703250,9535750,3500,4000,2019,8,2019-08,8,1.0,0,0.0,0.0,0.0,0,0,0,0,1.0,0.8203,0.3804,0.6516,-0.7544,100.0,1,0
LJ500_R069_C085,69,85,703750,9535750,4000,4000,2019,8,2019-08,8,1.0,0,0.0,0.0,0.0,0,0,0,0,1.0,0.8067,0.3283,0.6097,-0.7457,100.0,1,0
LJ500_R069_C086,69,86,704250,9535750,4500,4000,2019,8,2019-08,8,1.0,0,0.0,0.0,0.0,0,0,0,0,1.0,0.7806,0.2898,0.5724,-0.7296,100.0,1,0
LJ500_R070_C077,70,77,699750,9536250,0,4500,2019,8,2019-08,8,0.0,0,0.3423,0.4553,0.2024,0,0,0,0,1.0,0.6775,0.1355,0.3917,-0.6254,100.0,1,0
LJ500_R070_C078,70,78,700250,9536250,500,4500,2019,8,2019-08,8,0.0,0,0.3908,0.6092,0.0,0,0,0,0,1.0,0.7018,0.1667,0.4288,-0.639,100.0,1,0
LJ500_R070_C079,70,79,700750,9536250,1000,4500,2019,8,2019-08,8,0.2082,0,0.7834,0.0084,0.0,0,0,0,0,1.0,0.7101,0.1542,0.3967,-0.6289,100.0,1,0
LJ500_R070_C080,70,80,701250,9536250,1500,4500,2019,8,2019-08,8,0.2813,0,0.7187,0.0,0.0,0,0,0,0,1.0,0.776,0.2137,0.4872,-0.6774,100.0,1,0
LJ500_R070_C081,70,81,701750,9536250,2000,4500,2019,8,2019-08,8,0.9197,0,0.0803,0.0,0.0,0,0,0,0,1.0,0.8109,0.2482,0.5456,-0.7089,77.12,1,0
LJ500_R070_C082,70,82,702250,9536250,2500,4500,2019,8,2019-08,8,1.0,0,0.0,0.0,0.0,0,0,0,0,1.0,0.7678,0.245,0.5274,-0.6828,74.88,1,0
LJ500_R070_C083,70,83,702750,9536250,3000,4500,2019,8,2019-08,8,1.0,0,0.0,0.0,0.0,0,0,0,0,1.0,0.7969,0.3096,0.5896,-0.7155,99.84,1,0
LJ500_R070_C084,70,84,703250,9536250,3500,4500,2019,8,2019-08,8,0.9943,0,0.0057,0.0,0.0,0,0,0,0,1.0,0.8121,0.3282,0.6093,-0.7432,100.0,1,0
LJ500_R070_C085,70,85,703750,9536250,4000,4500,2019,8,2019-08,8,1.0,0,0.0,0.0,0.0,0,0,0,0,1.0,0.8062,0.356,0.631,-0.7475,100.0,1,0
LJ500_R070_C086,70,86,704250,9536250,4500,4500,2019,8,2019-08,8,1.0,0,0.0,0.0,0.0,0,0,0,0,1.0,0.8301,0.3851,0.6582,-0.7663,100.0,1,0
LJ500_R061_C077,61,77,699750,9531750,0,0,2019,9,2019-09,9,0.0,0,1.0,0.0,0.0,0,0,0,0,1.0,,,,,0.0,1,1
LJ500_R061_C078,61,78,700250,9531750,500,0,2019,9,2019-09,9,0.0,0,0.9516,0.0,0.0484,0,0,0,0,1.0,,,,,0.0,1,1
LJ500_R061_C079,61,79,700750,9531750,1000,0,2019,9,2019-09,9,0.0,0,0.906,0.0,0.094,0,0,0,0,1.0,0.6764,0.284,0.5638,-0.5589,6.08,1,0
LJ500_R061_C080,61,80,701250,9531750,1500,0,2019,9,2019-09,9,0.1714,0,0.8229,0.0,0.0057,0,0,0,0,1.0,0.6639,0.1159,0.3974,-0.5899,58.24,1,0
LJ500_R061_C081,61,81,701750,9531750,2000,0,2019,9,2019-09,9,0.0,0,1.0,0.0,0.0,0,0,0,0,1.0,0.6883,0.1357,0.4252,-0.6115,100.0,1,0
LJ500_R061_C082,61,82,702250,9531750,2500,0,2019,9,2019-09,9,0.0618,0,0.9382,0.0,0.0,0,0,0,0,1.0,0.7285,0.1711,0.4728,-0.6448,55.36,1,0
LJ500_R061_C083,61,83,702750,9531750,3000,0,2019,9,2019-09,9,0.5343,0,0.3633,0.1024,0.0,0,0,0,0,1.0,0.7891,0.2696,0.5696,-0.6853,49.28,1,0
LJ500_R061_C084,61,84,703250,9531750,3500,0,2019,9,2019-09,9,0.7729,0,0.0,0.2271,0.0,0,0,0,0,1.0,0.7633,0.288,0.5762,-0.6935,8.16,1,0
LJ500_R061_C085,61,85,703750,9531750,4000,0,2019,9,2019-09,9,0.709,0,0.291,0.0,0.0,0,0,0,0,1.0,,,,,0.0,1,1
LJ500_R061_C086,61,86,704250,9531750,4500,0,2019,9,2019-09,9,1.0,0,0.0,0.0,0.0,0,0,0,0,1.0,,,,,0.0,1,1
LJ500_R062_C077,62,77,699750,9532250,0,500,2019,9,2019-09,9,0.0,0,0.7197,0.0,0.2803,0,0,0,0,1.0,0.5569,0.0628,0.3111,-0.4987,38.4,1,0
LJ500_R062_C078,62,78,700250,9532250,500,500,2019,9,2019-09,9,0.0,0,0.5947,0.0,0.4053,0,0,0,0,1.0,0.5718,0.0998,0.3386,-0.5103,20.96,1,0
LJ500_R062_C079,62,79,700750,9532250,1000,500,2019,9,2019-09,9,0.0,0,0.771,0.0,0.229,0,0,0,0,1.0,,,,,0.0,1,1
LJ500_R062_C080,62,80,701250,9532250,1500,500,2019,9,2019-09,9,0.235,0,0.6379,0.0,0.1271,0,0,0,0,1.0,0.639,0.1075,0.3902,-0.57,17.12,1,0
LJ500_R062_C081,62,81,701750,9532250,2000,500,2019,9,2019-09,9,0.0684,0,0.7378,0.0,0.1938,0,0,0,0,1.0,0.7161,0.1554,0.4481,-0.6344,93.12,1,0
LJ500_R062_C082,62,82,702250,9532250,2500,500,2019,9,2019-09,9,0.0973,0,0.9027,0.0,0.0,0,0,0,0,1.0,0.7601,0.2241,0.5295,-0.6601,45.12,1,0
LJ500_R062_C083,62,83,702750,9532250,3000,500,2019,9,2019-09,9,0.0473,0,0.9507,0.0019,0.0,0,0,0,0,1.0,0.7852,0.2556,0.5637,-0.6781,14.4,1,0
LJ500_R062_C084,62,84,703250,9532250,3500,500,2019,9,2019-09,9,0.2757,0,0.7209,0.0034,0.0,0,0,0,0,1.0,,,,,0.0,1,1
LJ500_R062_C085,62,85,703750,9532250,4000,500,2019,9,2019-09,9,0.0588,0,0.9412,0.0,0.0,0,0,0,0,1.0,,,,,0.0,1,1
LJ500_R062_C086,62,86,704250,9532250,4500,500,2019,9,2019-09,9,0.7611,0,0.2389,0.0,0.0,0,0,0,0,1.0,0.7115,0.2335,0.5281,-0.621,3.52,1,0
LJ500_R063_C077,63,77,699750,9532750,0,1000,2019,9,2019-09,9,0.0,0,0.1158,0.0,0.8842,0,0,0,0,1.0,0.5493,0.0613,0.3043,-0.5074,83.36,1,0
LJ500_R063_C078,63,78,700250,9532750,500,1000,2019,9,2019-09,9,0.0328,0,0.3431,0.0,0.624,0,0,0,0,1.0,0.6045,0.1004,0.3512,-0.5488,93.12,1,0
LJ500_R063_C079,63,79,700750,9532750,1000,1000,2019,9,2019-09,9,0.2883,0,0.3768,0.0,0.3349,0,0,0,0,1.0,0.6531,0.187,0.457,-0.5693,24.32,1,0
LJ500_R063_C080,63,80,701250,9532750,1500,1000,2019,9,2019-09,9,0.1673,0,0.4746,0.0,0.358,0,0,0,0,1.0,0.6482,0.1196,0.4121,-0.5994,68.96,1,0
LJ500_R063_C081,63,81,701750,9532750,2000,1000,2019,9,2019-09,9,0.0165,0,0.5433,0.0,0.4402,0,0,0,0,1.0,0.6865,0.1541,0.4534,-0.6159,99.84,1,0
LJ500_R063_C082,63,82,702250,9532750,2500,1000,2019,9,2019-09,9,0.6742,0,0.2142,0.0,0.1117,0,0,0,0,1.0,0.7172,0.153,0.4514,-0.623,9.92,1,0
LJ500_R063_C083,63,83,702750,9532750,3000,1000,2019,9,2019-09,9,0.2059,0,0.7941,0.0,0.0,0,0,0,0,1.0,,,,,0.0,1,1
LJ500_R063_C084,63,84,703250,9532750,3500,1000,2019,9,2019-09,9,0.2973,0,0.7027,0.0,0.0,0,0,0,0,1.0,,,,,0.0,1,1
LJ500_R063_C085,63,85,703750,9532750,4000,1000,2019,9,2019-09,9,0.1462,0,0.8538,0.0,0.0,0,0,0,0,1.0,0.7395,0.317,0.5994,-0.6214,12.0,1,0
LJ500_R063_C086,63,86,704250,9532750,4500,1000,2019,9,2019-09,9,0.3435,0,0.6565,0.0,0.0,0,0,0,0,1.0,0.7727,0.3337,0.6275,-0.6502,73.76,1,0
LJ500_R064_C077,64,77,699750,9533250,0,1500,2019,9,2019-09,9,0.3887,0,0.3116,0.0,0.2997,0,0,0,0,1.0,0.626,0.1127,0.3831,-0.5572,89.12,1,0
LJ500_R064_C078,64,78,700250,9533250,500,1500,2019,9,2019-09,9,0.5382,0,0.082,0.0,0.3799,0,0,0,0,1.0,0.6345,0.139,0.4123,-0.5676,94.88,1,0
LJ500_R064_C079,64,79,700750,9533250,1000,1500,2019,9,2019-09,9,0.4384,0,0.1474,0.0,0.4142,0,0,0,0,1.0,0.6351,0.0797,0.36,-0.5935,87.36,1,0
LJ500_R064_C080,64,80,701250,9533250,1500,1500,2019,9,2019-09,9,0.5951,0,0.4049,0.0,0.0,0,0,0,0,1.0,0.7043,0.1769,0.4718,-0.648,40.0,1,0
LJ500_R064_C081,64,81,701750,9533250,2000,1500,2019,9,2019-09,9,0.5997,0,0.181,0.0,0.2193,0,0,0,0,1.0,0.6772,0.1831,0.4779,-0.6066,52.16,1,0
LJ500_R064_C082,64,82,702250,9533250,2500,1500,2019,9,2019-09,9,0.7276,0,0.2724,0.0,0.0,0,0,0,0,1.0,0.7338,0.2302,0.5308,-0.6413,12.96,1,0
LJ500_R064_C083,64,83,702750,9533250,3000,1500,2019,9,2019-09,9,0.566,0,0.203,0.0,0.231,0,0,0,0,1.0,,,,,0.0,1,1
LJ500_R064_C084,64,84,703250,9533250,3500,1500,2019,9,2019-09,9,0.235,0,0.7298,0.0,0.0352,0,0,0,0,1.0,,,,,0.0,1,1
LJ500_R064_C085,64,85,703750,9533250,4000,1500,2019,9,2019-09,9,0.5109,0,0.4891,0.0,0.0,0,0,0,0,1.0,0.732,0.3221,0.5977,-0.606,11.04,1,0
LJ500_R064_C086,64,86,704250,9533250,4500,1500,2019,9,2019-09,9,0.748,0,0.252,0.0,0.0,0,0,0,0,1.0,0.7193,0.2805,0.5698,-0.6108,63.2,1,0
LJ500_R065_C077,65,77,699750,9533750,0,2000,2019,9,2019-09,9,0.312,0,0.4033,0.0,0.2847,0,0,0,0,1.0,0.6673,0.1894,0.4664,-0.5776,63.36,1,0
LJ500_R065_C078,65,78,700250,9533750,500,2000,2019,9,2019-09,9,0.5913,0,0.4071,0.0,0.0016,0,0,0,0,1.0,0.6893,0.1921,0.4746,-0.6121,89.6,1,0
LJ500_R065_C079,65,79,700750,9533750,1000,2000,2019,9,2019-09,9,0.3219,0,0.6781,0.0,0.0,0,0,0,0,1.0,0.6501,0.1433,0.4216,-0.5981,70.56,1,0
LJ500_R065_C080,65,80,701250,9533750,1500,2000,2019,9,2019-09,9,0.8266,0,0.1734,0.0,0.0,0,0,0,0,1.0,0.7787,0.1961,0.5099,-0.6921,49.76,1,0
LJ500_R065_C081,65,81,701750,9533750,2000,2000,2019,9,2019-09,9,0.9017,0,0.0983,0.0,0.0,0,0,0,0,1.0,,,,,0.0,1,1
LJ500_R065_C082,65,82,702250,9533750,2500,2000,2019,9,2019-09,9,0.7327,0,0.2673,0.0,0.0,0,0,0,0,1.0,,,,,0.0,1,1
LJ500_R065_C083,65,83,702750,9533750,3000,2000,2019,9,2019-09,9,0.7802,0,0.1368,0.0,0.083,0,0,0,0,1.0,,,,,0.0,1,1
LJ500_R065_C084,65,84,703250,9533750,3500,2000,2019,9,2019-09,9,0.3229,0,0.6771,0.0,0.0,0,0,0,0,1.0,,,,,0.0,1,1
LJ500_R065_C085,65,85,703750,9533750,4000,2000,2019,9,2019-09,9,0.0167,0,0.9833,0.0,0.0,0,0,0,0,1.0,,,,,0.0,1,1
LJ500_R065_C086,65,86,704250,9533750,4500,2000,2019,9,2019-09,9,0.7821,0,0.2179,0.0,0.0,0,0,0,0,1.0,0.7384,0.3079,0.5988,-0.6344,9.6,1,0
LJ500_R066_C077,66,77,699750,9534250,0,2500,2019,9,2019-09,9,0.5018,0,0.3517,0.0,0.1465,0,0,0,0,1.0,0.7065,0.2214,0.5086,-0.6026,100.0,1,0
LJ500_R066_C078,66,78,700250,9534250,500,2500,2019,9,2019-09,9,0.1232,0,0.8768,0.0,0.0,0,0,0,0,1.0,0.6586,0.1663,0.4245,-0.5864,89.92,1,0
LJ500_R066_C079,66,79,700750,9534250,1000,2500,2019,9,2019-09,9,0.3332,0,0.6668,0.0,0.0,0,0,0,0,1.0,0.6713,0.1819,0.4399,-0.616,68.32,1,0
LJ500_R066_C080,66,80,701250,9534250,1500,2500,2019,9,2019-09,9,0.9149,0,0.0851,0.0,0.0,0,0,0,0,1.0,0.8015,0.2945,0.5898,-0.7211,50.24,1,0
LJ500_R066_C081,66,81,701750,9534250,2000,2500,2019,9,2019-09,9,0.7037,0,0.2963,0.0,0.0,0,0,0,0,1.0,,,,,0.0,1,1
LJ500_R066_C082,66,82,702250,9534250,2500,2500,2019,9,2019-09,9,0.6772,0,0.3228,0.0,0.0,0,0,0,0,1.0,,,,,0.0,1,1
LJ500_R066_C083,66,83,702750,9534250,3000,2500,2019,9,2019-09,9,0.6289,0,0.3711,0.0,0.0,0,0,0,0,1.0,,,,,0.0,1,1
LJ500_R066_C084,66,84,703250,9534250,3500,2500,2019,9,2019-09,9,0.7305,0,0.2695,0.0,0.0,0,0,0,0,1.0,,,,,0.0,1,1
LJ500_R066_C085,66,85,703750,9534250,4000,2500,2019,9,2019-09,9,0.7865,0,0.2135,0.0,0.0,0,0,0,0,1.0,,,,,0.0,1,1
LJ500_R066_C086,66,86,704250,9534250,4500,2500,2019,9,2019-09,9,1.0,0,0.0,0.0,0.0,0,0,0,0,1.0,,,,,0.0,1,1
LJ500_R067_C077,67,77,699750,9534750,0,3000,2019,9,2019-09,9,0.7165,0,0.2835,0.0,0.0,0,0,0,0,1.0,0.6971,0.19,0.4578,-0.6067,100.0,1,0
LJ500_R067_C078,67,78,700250,9534750,500,3000,2019,9,2019-09,9,0.8229,0,0.1771,0.0,0.0,0,0,0,0,1.0,0.705,0.1592,0.4115,-0.6309,100.0,1,0
LJ500_R067_C079,67,79,700750,9534750,1000,3000,2019,9,2019-09,9,0.9659,0,0.0341,0.0,0.0,0,0,0,0,1.0,0.7208,0.2117,0.4863,-0.6514,100.0,1,0
LJ500_R067_C080,67,80,701250,9534750,1500,3000,2019,9,2019-09,9,0.8944,0,0.1056,0.0,0.0,0,0,0,0,1.0,0.7322,0.2672,0.5407,-0.6575,92.16,1,0
LJ500_R067_C081,67,81,701750,9534750,2000,3000,2019,9,2019-09,9,0.7989,0,0.1897,0.0,0.0114,0,0,0,0,1.0,0.7046,0.2638,0.5241,-0.6531,51.84,1,0
LJ500_R067_C082,67,82,702250,9534750,2500,3000,2019,9,2019-09,9,1.0,0,0.0,0.0,0.0,0,0,0,0,1.0,0.7809,0.4349,0.684,-0.7037,2.08,1,0
LJ500_R067_C083,67,83,702750,9534750,3000,3000,2019,9,2019-09,9,1.0,0,0.0,0.0,0.0,0,0,0,0,1.0,,,,,0.0,1,1
LJ500_R067_C084,67,84,703250,9534750,3500,3000,2019,9,2019-09,9,1.0,0,0.0,0.0,0.0,0,0,0,0,1.0,,,,,0.0,1,1
LJ500_R067_C085,67,85,703750,9534750,4000,3000,2019,9,2019-09,9,1.0,0,0.0,0.0,0.0,0,0,0,0,1.0,,,,,0.0,1,1
LJ500_R067_C086,67,86,704250,9534750,4500,3000,2019,9,2019-09,9,1.0,0,0.0,0.0,0.0,0,0,0,0,1.0,,,,,0.0,1,1
LJ500_R068_C077,68,77,699750,9535250,0,3500,2019,9,2019-09,9,0.065,0,0.935,0.0,0.0,0,0,0,0,1.0,0.6369,0.1347,0.3903,-0.5642,100.0,1,0
LJ500_R068_C078,68,78,700250,9535250,500,3500,2019,9,2019-09,9,0.7525,0,0.2475,0.0,0.0,0,0,0,0,1.0,0.7019,0.1707,0.4469,-0.6068,100.0,1,0
LJ500_R068_C079,68,79,700750,9535250,1000,3500,2019,9,2019-09,9,1.0,0,0.0,0.0,0.0,0,0,0,0,1.0,0.7334,0.2199,0.5084,-0.6458,100.0,1,0
LJ500_R068_C080,68,80,701250,9535250,1500,3500,2019,9,2019-09,9,0.8923,0,0.1077,0.0,0.0,0,0,0,0,1.0,0.7263,0.2717,0.5309,-0.6488,100.0,1,0
LJ500_R068_C081,68,81,701750,9535250,2000,3500,2019,9,2019-09,9,0.6646,0,0.0767,0.0,0.2586,0,0,0,0,1.0,0.6672,0.1997,0.4722,-0.6223,100.0,1,0
LJ500_R068_C082,68,82,702250,9535250,2500,3500,2019,9,2019-09,9,0.9399,0,0.0601,0.0,0.0,0,0,0,0,1.0,0.7756,0.3713,0.6409,-0.6975,43.2,1,0
LJ500_R068_C083,68,83,702750,9535250,3000,3500,2019,9,2019-09,9,1.0,0,0.0,0.0,0.0,0,0,0,0,1.0,,,,,0.0,1,1
LJ500_R068_C084,68,84,703250,9535250,3500,3500,2019,9,2019-09,9,1.0,0,0.0,0.0,0.0,0,0,0,0,1.0,,,,,0.0,1,1
LJ500_R068_C085,68,85,703750,9535250,4000,3500,2019,9,2019-09,9,1.0,0,0.0,0.0,0.0,0,0,0,0,1.0,,,,,0.0,1,1
LJ500_R068_C086,68,86,704250,9535250,4500,3500,2019,9,2019-09,9,1.0,0,0.0,0.0,0.0,0,0,0,0,1.0,,,,,0.0,1,1
LJ500_R069_C077,69,77,699750,9535750,0,4000,2019,9,2019-09,9,0.0,0,0.9574,0.0426,0.0,0,0,0,0,1.0,0.6378,0.1719,0.4508,-0.5425,100.0,1,0
LJ500_R069_C078,69,78,700250,9535750,500,4000,2019,9,2019-09,9,0.4139,0,0.5115,0.0746,0.0,0,0,0,0,1.0,0.7298,0.2338,0.524,-0.6127,88.8,1,0
LJ500_R069_C079,69,79,700750,9535750,1000,4000,2019,9,2019-09,9,0.6432,0,0.3568,0.0,0.0,0,0,0,0,1.0,0.6902,0.1918,0.4421,-0.5956,89.6,1,0
LJ500_R069_C080,69,80,701250,9535750,1500,4000,2019,9,2019-09,9,0.8514,0,0.1486,0.0,0.0,0,0,0,0,1.0,0.7407,0.2177,0.4914,-0.6597,100.0,1,0
LJ500_R069_C081,69,81,701750,9535750,2000,4000,2019,9,2019-09,9,1.0,0,0.0,0.0,0.0,0,0,0,0,1.0,0.8022,0.3222,0.6167,-0.7107,75.52,1,0
LJ500_R069_C082,69,82,702250,9535750,2500,4000,2019,9,2019-09,9,1.0,0,0.0,0.0,0.0,0,0,0,0,1.0,0.8086,0.3411,0.6372,-0.7227,15.68,1,0
LJ500_R069_C083,69,83,702750,9535750,3000,4000,2019,9,2019-09,9,1.0,0,0.0,0.0,0.0,0,0,0,0,1.0,,,,,0.0,1,1
LJ500_R069_C084,69,84,703250,9535750,3500,4000,2019,9,2019-09,9,1.0,0,0.0,0.0,0.0,0,0,0,0,1.0,,,,,0.0,1,1
LJ500_R069_C085,69,85,703750,9535750,4000,4000,2019,9,2019-09,9,1.0,0,0.0,0.0,0.0,0,0,0,0,1.0,,,,,0.0,1,1
LJ500_R069_C086,69,86,704250,9535750,4500,4000,2019,9,2019-09,9,1.0,0,0.0,0.0,0.0,0,0,0,0,1.0,,,,,0.0,1,1
LJ500_R070_C077,70,77,699750,9536250,0,4500,2019,9,2019-09,9,0.0,0,0.3423,0.4553,0.2024,0,0,0,0,1.0,0.5824,0.1099,0.3549,-0.5444,89.12,1,0
LJ500_R070_C078,70,78,700250,9536250,500,4500,2019,9,2019-09,9,0.0,0,0.3908,0.6092,0.0,0,0,0,0,1.0,0.6224,0.1653,0.4301,-0.5689,26.56,1,0
LJ500_R070_C079,70,79,700750,9536250,1000,4500,2019,9,2019-09,9,0.2082,0,0.7834,0.0084,0.0,0,0,0,0,1.0,0.6213,0.1167,0.3537,-0.5609,60.64,1,0
LJ500_R070_C080,70,80,701250,9536250,1500,4500,2019,9,2019-09,9,0.2813,0,0.7187,0.0,0.0,0,0,0,0,1.0,0.7201,0.1784,0.4547,-0.638,66.08,1,0
LJ500_R070_C081,70,81,701750,9536250,2000,4500,2019,9,2019-09,9,0.9197,0,0.0803,0.0,0.0,0,0,0,0,1.0,0.7235,0.2163,0.5175,-0.6405,2.08,1,0
LJ500_R070_C082,70,82,702250,9536250,2500,4500,2019,9,2019-09,9,1.0,0,0.0,0.0,0.0,0,0,0,0,1.0,,,,,0.0,1,1
LJ500_R070_C083,70,83,702750,9536250,3000,4500,2019,9,2019-09,9,1.0,0,0.0,0.0,0.0,0,0,0,0,1.0,,,,,0.0,1,1
LJ500_R070_C084,70,84,703250,9536250,3500,4500,2019,9,2019-09,9,0.9943,0,0.0057,0.0,0.0,0,0,0,0,1.0,,,,,0.0,1,1
LJ500_R070_C085,70,85,703750,9536250,4000,4500,2019,9,2019-09,9,1.0,0,0.0,0.0,0.0,0,0,0,0,1.0,,,,,0.0,1,1
LJ500_R070_C086,70,86,704250,9536250,4500,4500,2019,9,2019-09,9,1.0,0,0.0,0.0,0.0,0,0,0,0,1.0,0.7787,0.3742,0.6449,-0.6954,39.84,1,0
LJ500_R061_C077,61,77,699750,9531750,0,0,2019,10,2019-10,10,0.0,0,1.0,0.0,0.0,0,0,0,0,1.0,0.4897,-0.0774,0.1316,-0.514,100.0,1,0
LJ500_R061_C078,61,78,700250,9531750,500,0,2019,10,2019-10,10,0.0,0,0.9516,0.0,0.0484,0,0,0,0,1.0,0.5169,-0.0345,0.186,-0.5149,100.0,1,0
LJ500_R061_C079,61,79,700750,9531750,1000,0,2019,10,2019-10,10,0.0,0,0.906,0.0,0.094,0,0,0,0,1.0,0.6262,0.0775,0.3336,-0.5813,100.0,1,0
LJ500_R061_C080,61,80,701250,9531750,1500,0,2019,10,2019-10,10,0.1714,0,0.8229,0.0,0.0057,0,0,0,0,1.0,0.5986,0.0997,0.3568,-0.5554,100.0,1,0
LJ500_R061_C081,61,81,701750,9531750,2000,0,2019,10,2019-10,10,0.0,0,1.0,0.0,0.0,0,0,0,0,1.0,0.6111,0.1032,0.3691,-0.5665,100.0,1,0
LJ500_R061_C082,61,82,702250,9531750,2500,0,2019,10,2019-10,10,0.0618,0,0.9382,0.0,0.0,0,0,0,0,1.0,0.6734,0.1464,0.4274,-0.6123,100.0,1,0
LJ500_R061_C083,61,83,702750,9531750,3000,0,2019,10,2019-10,10,0.5343,0,0.3633,0.1024,0.0,0,0,0,0,1.0,0.7169,0.2406,0.5278,-0.6179,47.2,1,0
LJ500_R061_C084,61,84,703250,9531750,3500,0,2019,10,2019-10,10,0.7729,0,0.0,0.2271,0.0,0,0,0,0,1.0,0.7349,0.2207,0.4982,-0.665,13.92,1,0
LJ500_R061_C085,61,85,703750,9531750,4000,0,2019,10,2019-10,10,0.709,0,0.291,0.0,0.0,0,0,0,0,1.0,0.6891,0.2394,0.4943,-0.6189,26.4,1,0
LJ500_R061_C086,61,86,704250,9531750,4500,0,2019,10,2019-10,10,1.0,0,0.0,0.0,0.0,0,0,0,0,1.0,0.726,0.2209,0.5087,-0.6501,29.92,1,0
LJ500_R062_C077,62,77,699750,9532250,0,500,2019,10,2019-10,10,0.0,0,0.7197,0.0,0.2803,0,0,0,0,1.0,0.5572,0.0146,0.2512,-0.5545,100.0,1,0
LJ500_R062_C078,62,78,700250,9532250,500,500,2019,10,2019-10,10,0.0,0,0.5947,0.0,0.4053,0,0,0,0,1.0,0.5512,0.0437,0.2817,-0.5369,100.0,1,0
LJ500_R062_C079,62,79,700750,9532250,1000,500,2019,10,2019-10,10,0.0,0,0.771,0.0,0.229,0,0,0,0,1.0,0.6043,0.0512,0.3081,-0.5599,100.0,1,0
LJ500_R062_C080,62,80,701250,9532250,1500,500,2019,10,2019-10,10,0.235,0,0.6379,0.0,0.1271,0,0,0,0,1.0,0.6193,0.0858,0.3518,-0.5698,100.0,1,0
LJ500_R062_C081,62,81,701750,9532250,2000,500,2019,10,2019-10,10,0.0684,0,0.7378,0.0,0.1938,0,0,0,0,1.0,0.6701,0.1244,0.3979,-0.6137,100.0,1,0
LJ500_R062_C082,62,82,702250,9532250,2500,500,2019,10,2019-10,10,0.0973,0,0.9027,0.0,0.0,0,0,0,0,1.0,0.6861,0.1873,0.4718,-0.6096,100.0,1,0
LJ500_R062_C083,62,83,702750,9532250,3000,500,2019,10,2019-10,10,0.0473,0,0.9507,0.0019,0.0,0,0,0,0,1.0,0.7249,0.2169,0.5096,-0.6324,100.0,1,0
LJ500_R062_C084,62,84,703250,9532250,3500,500,2019,10,2019-10,10,0.2757,0,0.7209,0.0034,0.0,0,0,0,0,1.0,0.7503,0.2219,0.5154,-0.6651,98.4,1,0
LJ500_R062_C085,62,85,703750,9532250,4000,500,2019,10,2019-10,10,0.0588,0,0.9412,0.0,0.0,0,0,0,0,1.0,0.77,0.2406,0.5379,-0.6815,95.52,1,0
LJ500_R062_C086,62,86,704250,9532250,4500,500,2019,10,2019-10,10,0.7611,0,0.2389,0.0,0.0,0,0,0,0,1.0,0.7873,0.276,0.5763,-0.7006,23.52,1,0
LJ500_R063_C077,63,77,699750,9532750,0,1000,2019,10,2019-10,10,0.0,0,0.1158,0.0,0.8842,0,0,0,0,1.0,0.5126,0.012,0.2409,-0.5288,100.0,1,0
LJ500_R063_C078,63,78,700250,9532750,500,1000,2019,10,2019-10,10,0.0328,0,0.3431,0.0,0.624,0,0,0,0,1.0,0.5855,0.0635,0.3038,-0.5633,100.0,1,0
LJ500_R063_C079,63,79,700750,9532750,1000,1000,2019,10,2019-10,10,0.2883,0,0.3768,0.0,0.3349,0,0,0,0,1.0,0.6357,0.0883,0.3506,-0.5856,100.0,1,0
LJ500_R063_C080,63,80,701250,9532750,1500,1000,2019,10,2019-10,10,0.1673,0,0.4746,0.0,0.358,0,0,0,0,1.0,0.6531,0.0926,0.3732,-0.6089,100.0,1,0
LJ500_R063_C081,63,81,701750,9532750,2000,1000,2019,10,2019-10,10,0.0165,0,0.5433,0.0,0.4402,0,0,0,0,1.0,0.6829,0.1219,0.4103,-0.6326,100.0,1,0
LJ500_R063_C082,63,82,702250,9532750,2500,1000,2019,10,2019-10,10,0.6742,0,0.2142,0.0,0.1117,0,0,0,0,1.0,0.7128,0.1743,0.4611,-0.6314,100.0,1,0
LJ500_R063_C083,63,83,702750,9532750,3000,1000,2019,10,2019-10,10,0.2059,0,0.7941,0.0,0.0,0,0,0,0,1.0,0.727,0.1955,0.481,-0.6469,100.0,1,0
LJ500_R063_C084,63,84,703250,9532750,3500,1000,2019,10,2019-10,10,0.2973,0,0.7027,0.0,0.0,0,0,0,0,1.0,0.755,0.2207,0.5169,-0.6664,100.0,1,0
LJ500_R063_C085,63,85,703750,9532750,4000,1000,2019,10,2019-10,10,0.1462,0,0.8538,0.0,0.0,0,0,0,0,1.0,0.7815,0.2575,0.5533,-0.686,99.04,1,0
LJ500_R063_C086,63,86,704250,9532750,4500,1000,2019,10,2019-10,10,0.3435,0,0.6565,0.0,0.0,0,0,0,0,1.0,0.775,0.279,0.5676,-0.6782,80.64,1,0
LJ500_R064_C077,64,77,699750,9533250,0,1500,2019,10,2019-10,10,0.3887,0,0.3116,0.0,0.2997,0,0,0,0,1.0,0.6171,0.0835,0.3424,-0.5933,100.0,1,0
LJ500_R064_C078,64,78,700250,9533250,500,1500,2019,10,2019-10,10,0.5382,0,0.082,0.0,0.3799,0,0,0,0,1.0,0.6421,0.1284,0.397,-0.6005,100.0,1,0
LJ500_R064_C079,64,79,700750,9533250,1000,1500,2019,10,2019-10,10,0.4384,0,0.1474,0.0,0.4142,0,0,0,0,1.0,0.6121,0.0476,0.3125,-0.59,100.0,1,0
LJ500_R064_C080,64,80,701250,9533250,1500,1500,2019,10,2019-10,10,0.5951,0,0.4049,0.0,0.0,0,0,0,0,1.0,0.7183,0.1439,0.4331,-0.6612,100.0,1,0
LJ500_R064_C081,64,81,701750,9533250,2000,1500,2019,10,2019-10,10,0.5997,0,0.181,0.0,0.2193,0,0,0,0,1.0,0.7456,0.1746,0.469,-0.6712,100.0,1,0
LJ500_R064_C082,64,82,702250,9533250,2500,1500,2019,10,2019-10,10,0.7276,0,0.2724,0.0,0.0,0,0,0,0,1.0,0.7135,0.1706,0.4636,-0.6373,100.0,1,0
LJ500_R064_C083,64,83,702750,9533250,3000,1500,2019,10,2019-10,10,0.566,0,0.203,0.0,0.231,0,0,0,0,1.0,0.7683,0.1934,0.5048,-0.6987,100.0,1,0
LJ500_R064_C084,64,84,703250,9533250,3500,1500,2019,10,2019-10,10,0.235,0,0.7298,0.0,0.0352,0,0,0,0,1.0,0.7869,0.2285,0.5366,-0.7008,100.0,1,0
LJ500_R064_C085,64,85,703750,9533250,4000,1500,2019,10,2019-10,10,0.5109,0,0.4891,0.0,0.0,0,0,0,0,1.0,0.7676,0.1972,0.5007,-0.6847,100.0,1,0
LJ500_R064_C086,64,86,704250,9533250,4500,1500,2019,10,2019-10,10,0.748,0,0.252,0.0,0.0,0,0,0,0,1.0,0.7249,0.1806,0.4728,-0.6604,100.0,1,0
LJ500_R065_C077,65,77,699750,9533750,0,2000,2019,10,2019-10,10,0.312,0,0.4033,0.0,0.2847,0,0,0,0,1.0,0.6822,0.126,0.4021,-0.6288,100.0,1,0
LJ500_R065_C078,65,78,700250,9533750,500,2000,2019,10,2019-10,10,0.5913,0,0.4071,0.0,0.0016,0,0,0,0,1.0,0.7043,0.1896,0.4696,-0.6283,100.0,1,0
LJ500_R065_C079,65,79,700750,9533750,1000,2000,2019,10,2019-10,10,0.3219,0,0.6781,0.0,0.0,0,0,0,0,1.0,0.6684,0.1256,0.3958,-0.6209,99.2,1,0
LJ500_R065_C080,65,80,701250,9533750,1500,2000,2019,10,2019-10,10,0.8266,0,0.1734,0.0,0.0,0,0,0,0,1.0,0.7452,0.1674,0.4654,-0.6614,94.4,1,0
LJ500_R065_C081,65,81,701750,9533750,2000,2000,2019,10,2019-10,10,0.9017,0,0.0983,0.0,0.0,0,0,0,0,1.0,0.7318,0.1856,0.4698,-0.6474,98.08,1,0
LJ500_R065_C082,65,82,702250,9533750,2500,2000,2019,10,2019-10,10,0.7327,0,0.2673,0.0,0.0,0,0,0,0,1.0,0.737,0.1729,0.4711,-0.6602,100.0,1,0
LJ500_R065_C083,65,83,702750,9533750,3000,2000,2019,10,2019-10,10,0.7802,0,0.1368,0.0,0.083,0,0,0,0,1.0,0.7778,0.2159,0.524,-0.6907,94.4,1,0
LJ500_R065_C084,65,84,703250,9533750,3500,2000,2019,10,2019-10,10,0.3229,0,0.6771,0.0,0.0,0,0,0,0,1.0,0.7633,0.201,0.5073,-0.6791,86.08,1,0
LJ500_R065_C085,65,85,703750,9533750,4000,2000,2019,10,2019-10,10,0.0167,0,0.9833,0.0,0.0,0,0,0,0,1.0,0.6916,0.1367,0.4271,-0.6344,100.0,1,0
LJ500_R065_C086,65,86,704250,9533750,4500,2000,2019,10,2019-10,10,0.7821,0,0.2179,0.0,0.0,0,0,0,0,1.0,0.7866,0.2717,0.5701,-0.7079,100.0,1,0
LJ500_R066_C077,66,77,699750,9534250,0,2500,2019,10,2019-10,10,0.5018,0,0.3517,0.0,0.1465,0,0,0,0,1.0,0.6987,0.1781,0.4514,-0.621,100.0,1,0
LJ500_R066_C078,66,78,700250,9534250,500,2500,2019,10,2019-10,10,0.1232,0,0.8768,0.0,0.0,0,0,0,0,1.0,0.6841,0.1472,0.4034,-0.6176,100.0,1,0
LJ500_R066_C079,66,79,700750,9534250,1000,2500,2019,10,2019-10,10,0.3332,0,0.6668,0.0,0.0,0,0,0,0,1.0,0.6638,0.1419,0.3873,-0.6177,100.0,1,0
LJ500_R066_C080,66,80,701250,9534250,1500,2500,2019,10,2019-10,10,0.9149,0,0.0851,0.0,0.0,0,0,0,0,1.0,0.77,0.2733,0.5629,-0.6904,100.0,1,0
LJ500_R066_C081,66,81,701750,9534250,2000,2500,2019,10,2019-10,10,0.7037,0,0.2963,0.0,0.0,0,0,0,0,1.0,0.7358,0.2474,0.5301,-0.6655,73.6,1,0
LJ500_R066_C082,66,82,702250,9534250,2500,2500,2019,10,2019-10,10,0.6772,0,0.3228,0.0,0.0,0,0,0,0,1.0,0.7772,0.2707,0.5619,-0.6908,44.64,1,0
LJ500_R066_C083,66,83,702750,9534250,3000,2500,2019,10,2019-10,10,0.6289,0,0.3711,0.0,0.0,0,0,0,0,1.0,0.7215,0.2021,0.4877,-0.6438,23.2,1,0
LJ500_R066_C084,66,84,703250,9534250,3500,2500,2019,10,2019-10,10,0.7305,0,0.2695,0.0,0.0,0,0,0,0,1.0,0.7174,0.18,0.4725,-0.665,2.56,1,0
LJ500_R066_C085,66,85,703750,9534250,4000,2500,2019,10,2019-10,10,0.7865,0,0.2135,0.0,0.0,0,0,0,0,1.0,0.7119,0.2122,0.4913,-0.6448,35.84,1,0
LJ500_R066_C086,66,86,704250,9534250,4500,2500,2019,10,2019-10,10,1.0,0,0.0,0.0,0.0,0,0,0,0,1.0,0.7628,0.296,0.5776,-0.6698,99.84,1,0
LJ500_R067_C077,67,77,699750,9534750,0,3000,2019,10,2019-10,10,0.7165,0,0.2835,0.0,0.0,0,0,0,0,1.0,0.7027,0.151,0.4121,-0.6406,100.0,1,0
LJ500_R067_C078,67,78,700250,9534750,500,3000,2019,10,2019-10,10,0.8229,0,0.1771,0.0,0.0,0,0,0,0,1.0,0.702,0.1525,0.3947,-0.6324,100.0,1,0
LJ500_R067_C079,67,79,700750,9534750,1000,3000,2019,10,2019-10,10,0.9659,0,0.0341,0.0,0.0,0,0,0,0,1.0,0.7327,0.2163,0.4915,-0.6611,100.0,1,0
LJ500_R067_C080,67,80,701250,9534750,1500,3000,2019,10,2019-10,10,0.8944,0,0.1056,0.0,0.0,0,0,0,0,1.0,0.7808,0.3199,0.5993,-0.6975,27.68,1,0
LJ500_R067_C081,67,81,701750,9534750,2000,3000,2019,10,2019-10,10,0.7989,0,0.1897,0.0,0.0114,0,0,0,0,1.0,0.7305,0.2723,0.5428,-0.6652,60.16,1,0
LJ500_R067_C082,67,82,702250,9534750,2500,3000,2019,10,2019-10,10,1.0,0,0.0,0.0,0.0,0,0,0,0,1.0,0.7893,0.3183,0.6019,-0.706,100.0,1,0
LJ500_R067_C083,67,83,702750,9534750,3000,3000,2019,10,2019-10,10,1.0,0,0.0,0.0,0.0,0,0,0,0,1.0,0.7886,0.3138,0.5959,-0.7017,46.72,1,0
LJ500_R067_C084,67,84,703250,9534750,3500,3000,2019,10,2019-10,10,1.0,0,0.0,0.0,0.0,0,0,0,0,1.0,0.7595,0.3365,0.6027,-0.6638,0.16,1,0
LJ500_R067_C085,67,85,703750,9534750,4000,3000,2019,10,2019-10,10,1.0,0,0.0,0.0,0.0,0,0,0,0,1.0,0.7271,0.2924,0.551,-0.6502,12.8,1,0
LJ500_R067_C086,67,86,704250,9534750,4500,3000,2019,10,2019-10,10,1.0,0,0.0,0.0,0.0,0,0,0,0,1.0,0.6812,0.3177,0.581,-0.5748,65.28,1,0
LJ500_R068_C077,68,77,699750,9535250,0,3500,2019,10,2019-10,10,0.065,0,0.935,0.0,0.0,0,0,0,0,1.0,0.6172,0.0854,0.328,-0.5891,100.0,1,0
LJ500_R068_C078,68,78,700250,9535250,500,3500,2019,10,2019-10,10,0.7525,0,0.2475,0.0,0.0,0,0,0,0,1.0,0.7048,0.1548,0.4282,-0.6246,100.0,1,0
LJ500_R068_C079,68,79,700750,9535250,1000,3500,2019,10,2019-10,10,1.0,0,0.0,0.0,0.0,0,0,0,0,1.0,0.7485,0.2279,0.5124,-0.6575,100.0,1,0
LJ500_R068_C080,68,80,701250,9535250,1500,3500,2019,10,2019-10,10,0.8923,0,0.1077,0.0,0.0,0,0,0,0,1.0,0.7503,0.2845,0.5471,-0.6694,70.24,1,0
LJ500_R068_C081,68,81,701750,9535250,2000,3500,2019,10,2019-10,10,0.6646,0,0.0767,0.0,0.2586,0,0,0,0,1.0,0.6568,0.2004,0.4568,-0.6114,14.72,1,0
LJ500_R068_C082,68,82,702250,9535250,2500,3500,2019,10,2019-10,10,0.9399,0,0.0601,0.0,0.0,0,0,0,0,1.0,0.7795,0.3565,0.6248,-0.6993,81.44,1,0
LJ500_R068_C083,68,83,702750,9535250,3000,3500,2019,10,2019-10,10,1.0,0,0.0,0.0,0.0,0,0,0,0,1.0,0.7785,0.3353,0.6072,-0.7018,2.72,1,0
LJ500_R068_C084,68,84,703250,9535250,3500,3500,2019,10,2019-10,10,1.0,0,0.0,0.0,0.0,0,0,0,0,1.0,0.7866,0.3887,0.6428,-0.7088,8.8,1,0
LJ500_R068_C085,68,85,703750,9535250,4000,3500,2019,10,2019-10,10,1.0,0,0.0,0.0,0.0,0,0,0,0,1.0,0.7645,0.3791,0.6291,-0.6804,4.48,1,0
LJ500_R068_C086,68,86,704250,9535250,4500,3500,2019,10,2019-10,10,1.0,0,0.0,0.0,0.0,0,0,0,0,1.0,0.7074,0.3123,0.5809,-0.6241,12.64,1,0
LJ500_R069_C077,69,77,699750,9535750,0,4000,2019,10,2019-10,10,0.0,0,0.9574,0.0426,0.0,0,0,0,0,1.0,0.6346,0.084,0.3373,-0.5965,99.84,1,0
LJ500_R069_C078,69,78,700250,9535750,500,4000,2019,10,2019-10,10,0.4139,0,0.5115,0.0746,0.0,0,0,0,0,1.0,0.7641,0.2127,0.5062,-0.6622,84.8,1,0
LJ500_R069_C079,69,79,700750,9535750,1000,4000,2019,10,2019-10,10,0.6432,0,0.3568,0.0,0.0,0,0,0,0,1.0,0.7176,0.201,0.4564,-0.6245,45.44,1,0
LJ500_R069_C080,69,80,701250,9535750,1500,4000,2019,10,2019-10,10,0.8514,0,0.1486,0.0,0.0,0,0,0,0,1.0,0.6477,0.119,0.3238,-0.584,9.92,1,0
LJ500_R069_C081,69,81,701750,9535750,2000,4000,2019,10,2019-10,10,1.0,0,0.0,0.0,0.0,0,0,0,0,1.0,0.7806,0.3607,0.6331,-0.6857,3.68,1,0
LJ500_R069_C082,69,82,702250,9535750,2500,4000,2019,10,2019-10,10,1.0,0,0.0,0.0,0.0,0,0,0,0,1.0,0.7627,0.2889,0.5677,-0.6716,29.92,1,0
LJ500_R069_C083,69,83,702750,9535750,3000,4000,2019,10,2019-10,10,1.0,0,0.0,0.0,0.0,0,0,0,0,1.0,0.7746,0.2953,0.5773,-0.6909,8.32,1,0
LJ500_R069_C084,69,84,703250,9535750,3500,4000,2019,10,2019-10,10,1.0,0,0.0,0.0,0.0,0,0,0,0,1.0,0.7794,0.3788,0.6473,-0.6951,4.64,1,0
LJ500_R069_C085,69,85,703750,9535750,4000,4000,2019,10,2019-10,10,1.0,0,0.0,0.0,0.0,0,0,0,0,1.0,0.7746,0.3355,0.6117,-0.7023,40.96,1,0
LJ500_R069_C086,69,86,704250,9535750,4500,4000,2019,10,2019-10,10,1.0,0,0.0,0.0,0.0,0,0,0,0,1.0,0.7304,0.2536,0.5363,-0.6712,86.4,1,0
LJ500_R070_C077,70,77,699750,9536250,0,4500,2019,10,2019-10,10,0.0,0,0.3423,0.4553,0.2024,0,0,0,0,1.0,0.5458,0.0423,0.2731,-0.5606,100.0,1,0
LJ500_R070_C078,70,78,700250,9536250,500,4500,2019,10,2019-10,10,0.0,0,0.3908,0.6092,0.0,0,0,0,0,1.0,0.6033,0.1019,0.3486,-0.5863,72.48,1,0
LJ500_R070_C079,70,79,700750,9536250,1000,4500,2019,10,2019-10,10,0.2082,0,0.7834,0.0084,0.0,0,0,0,0,1.0,0.6037,0.0765,0.3076,-0.5662,62.88,1,0
LJ500_R070_C080,70,80,701250,9536250,1500,4500,2019,10,2019-10,10,0.2813,0,0.7187,0.0,0.0,0,0,0,0,1.0,0.6487,0.0946,0.3369,-0.5901,29.12,1,0
LJ500_R070_C081,70,81,701750,9536250,2000,4500,2019,10,2019-10,10,0.9197,0,0.0803,0.0,0.0,0,0,0,0,1.0,0.759,0.2227,0.5129,-0.6619,58.72,1,0
LJ500_R070_C082,70,82,702250,9536250,2500,4500,2019,10,2019-10,10,1.0,0,0.0,0.0,0.0,0,0,0,0,1.0,0.7314,0.2182,0.5013,-0.6485,100.0,1,0
LJ500_R070_C083,70,83,702750,9536250,3000,4500,2019,10,2019-10,10,1.0,0,0.0,0.0,0.0,0,0,0,0,1.0,0.7771,0.2841,0.57,-0.6929,100.0,1,0
LJ500_R070_C084,70,84,703250,9536250,3500,4500,2019,10,2019-10,10,0.9943,0,0.0057,0.0,0.0,0,0,0,0,1.0,0.7894,0.3273,0.6069,-0.7084,80.32,1,0
LJ500_R070_C085,70,85,703750,9536250,4000,4500,2019,10,2019-10,10,1.0,0,0.0,0.0,0.0,0,0,0,0,1.0,0.7759,0.3423,0.6135,-0.707,74.08,1,0
LJ500_R070_C086,70,86,704250,9536250,4500,4500,2019,10,2019-10,10,1.0,0,0.0,0.0,0.0,0,0,0,0,1.0,0.7737,0.3603,0.6276,-0.6979,99.2,1,0
LJ500_R061_C077,61,77,699750,9531750,0,0,2019,11,2019-11,11,0.0,0,1.0,0.0,0.0,0,0,0,0,1.0,,,,,0.0,1,1
LJ500_R061_C078,61,78,700250,9531750,500,0,2019,11,2019-11,11,0.0,0,0.9516,0.0,0.0484,0,0,0,0,1.0,,,,,0.0,1,1
LJ500_R061_C079,61,79,700750,9531750,1000,0,2019,11,2019-11,11,0.0,0,0.906,0.0,0.094,0,0,0,0,1.0,,,,,0.0,1,1
LJ500_R061_C080,61,80,701250,9531750,1500,0,2019,11,2019-11,11,0.1714,0,0.8229,0.0,0.0057,0,0,0,0,1.0,,,,,0.0,1,1
LJ500_R061_C081,61,81,701750,9531750,2000,0,2019,11,2019-11,11,0.0,0,1.0,0.0,0.0,0,0,0,0,1.0,0.6345,0.1374,0.4019,-0.5646,46.56,1,0
LJ500_R061_C082,61,82,702250,9531750,2500,0,2019,11,2019-11,11,0.0618,0,0.9382,0.0,0.0,0,0,0,0,1.0,0.7069,0.1683,0.4576,-0.6262,98.88,1,0
LJ500_R061_C083,61,83,702750,9531750,3000,0,2019,11,2019-11,11,0.5343,0,0.3633,0.1024,0.0,0,0,0,0,1.0,0.7306,0.2328,0.5046,-0.6252,35.52,1,0
LJ500_R061_C084,61,84,703250,9531750,3500,0,2019,11,2019-11,11,0.7729,0,0.0,0.2271,0.0,0,0,0,0,1.0,0.6761,0.2393,0.4825,-0.5988,5.44,1,0
LJ500_R061_C085,61,85,703750,9531750,4000,0,2019,11,2019-11,11,0.709,0,0.291,0.0,0.0,0,0,0,0,1.0,,,,,0.0,1,1
LJ500_R061_C086,61,86,704250,9531750,4500,0,2019,11,2019-11,11,1.0,0,0.0,0.0,0.0,0,0,0,0,1.0,,,,,0.0,1,1
LJ500_R062_C077,62,77,699750,9532250,0,500,2019,11,2019-11,11,0.0,0,0.7197,0.0,0.2803,0,0,0,0,1.0,0.6043,0.2562,0.4933,-0.4285,0.16,1,0
LJ500_R062_C078,62,78,700250,9532250,500,500,2019,11,2019-11,11,0.0,0,0.5947,0.0,0.4053,0,0,0,0,1.0,,,,,0.0,1,1
LJ500_R062_C079,62,79,700750,9532250,1000,500,2019,11,2019-11,11,0.0,0,0.771,0.0,0.229,0,0,0,0,1.0,0.6572,0.0816,0.2953,-0.5784,0.16,1,0
LJ500_R062_C080,62,80,701250,9532250,1500,500,2019,11,2019-11,11,0.235,0,0.6379,0.0,0.1271,0,0,0,0,1.0,0.5023,0.0443,0.2307,-0.4762,0.32,1,0
LJ500_R062_C081,62,81,701750,9532250,2000,500,2019,11,2019-11,11,0.0684,0,0.7378,0.0,0.1938,0,0,0,0,1.0,0.6698,0.1611,0.4319,-0.5851,52.0,1,0
LJ500_R062_C082,62,82,702250,9532250,2500,500,2019,11,2019-11,11,0.0973,0,0.9027,0.0,0.0,0,0,0,0,1.0,0.7005,0.2053,0.4949,-0.6051,100.0,1,0
LJ500_R062_C083,62,83,702750,9532250,3000,500,2019,11,2019-11,11,0.0473,0,0.9507,0.0019,0.0,0,0,0,0,1.0,0.7296,0.2261,0.5175,-0.6245,100.0,1,0
LJ500_R062_C084,62,84,703250,9532250,3500,500,2019,11,2019-11,11,0.2757,0,0.7209,0.0034,0.0,0,0,0,0,1.0,0.7537,0.2545,0.547,-0.6506,86.56,1,0
LJ500_R062_C085,62,85,703750,9532250,4000,500,2019,11,2019-11,11,0.0588,0,0.9412,0.0,0.0,0,0,0,0,1.0,0.7728,0.2912,0.5884,-0.6584,27.84,1,0
LJ500_R062_C086,62,86,704250,9532250,4500,500,2019,11,2019-11,11,0.7611,0,0.2389,0.0,0.0,0,0,0,0,1.0,0.6963,0.2326,0.5196,-0.6173,13.6,1,0
LJ500_R063_C077,63,77,699750,9532750,0,1000,2019,11,2019-11,11,0.0,0,0.1158,0.0,0.8842,0,0,0,0,1.0,,,,,0.0,1,1
LJ500_R063_C078,63,78,700250,9532750,500,1000,2019,11,2019-11,11,0.0328,0,0.3431,0.0,0.624,0,0,0,0,1.0,,,,,0.0,1,1
LJ500_R063_C079,63,79,700750,9532750,1000,1000,2019,11,2019-11,11,0.2883,0,0.3768,0.0,0.3349,0,0,0,0,1.0,,,,,0.0,1,1
LJ500_R063_C080,63,80,701250,9532750,1500,1000,2019,11,2019-11,11,0.1673,0,0.4746,0.0,0.358,0,0,0,0,1.0,0.6468,0.1251,0.3941,-0.5987,32.32,1,0
LJ500_R063_C081,63,81,701750,9532750,2000,1000,2019,11,2019-11,11,0.0165,0,0.5433,0.0,0.4402,0,0,0,0,1.0,0.6688,0.12,0.4036,-0.6105,81.76,1,0
LJ500_R063_C082,63,82,702250,9532750,2500,1000,2019,11,2019-11,11,0.6742,0,0.2142,0.0,0.1117,0,0,0,0,1.0,0.7188,0.1948,0.4807,-0.6229,98.08,1,0
LJ500_R063_C083,63,83,702750,9532750,3000,1000,2019,11,2019-11,11,0.2059,0,0.7941,0.0,0.0,0,0,0,0,1.0,0.7324,0.2447,0.5255,-0.6305,72.64,1,0
LJ500_R063_C084,63,84,703250,9532750,3500,1000,2019,11,2019-11,11,0.2973,0,0.7027,0.0,0.0,0,0,0,0,1.0,0.7369,0.2356,0.5291,-0.635,18.24,1,0
LJ500_R063_C085,63,85,703750,9532750,4000,1000,2019,11,2019-11,11,0.1462,0,0.8538,0.0,0.0,0,0,0,0,1.0,,,,,0.0,1,1
LJ500_R063_C086,63,86,704250,9532750,4500,1000,2019,11,2019-11,11,0.3435,0,0.6565,0.0,0.0,0,0,0,0,1.0,,,,,0.0,1,1
LJ500_R064_C077,64,77,699750,9533250,0,1500,2019,11,2019-11,11,0.3887,0,0.3116,0.0,0.2997,0,0,0,0,1.0,0.6271,0.2185,0.4674,-0.5274,1.12,1,0
LJ500_R064_C078,64,78,700250,9533250,500,1500,2019,11,2019-11,11,0.5382,0,0.082,0.0,0.3799,0,0,0,0,1.0,0.5131,0.1654,0.3627,-0.4435,15.2,1,0
LJ500_R064_C079,64,79,700750,9533250,1000,1500,2019,11,2019-11,11,0.4384,0,0.1474,0.0,0.4142,0,0,0,0,1.0,0.6337,0.0942,0.3705,-0.5891,23.04,1,0
LJ500_R064_C080,64,80,701250,9533250,1500,1500,2019,11,2019-11,11,0.5951,0,0.4049,0.0,0.0,0,0,0,0,1.0,0.6967,0.1678,0.4538,-0.6236,94.24,1,0
LJ500_R064_C081,64,81,701750,9533250,2000,1500,2019,11,2019-11,11,0.5997,0,0.181,0.0,0.2193,0,0,0,0,1.0,0.7428,0.1965,0.4882,-0.6508,100.0,1,0
LJ500_R064_C082,64,82,702250,9533250,2500,1500,2019,11,2019-11,11,0.7276,0,0.2724,0.0,0.0,0,0,0,0,1.0,0.7143,0.185,0.4831,-0.6237,95.84,1,0
LJ500_R064_C083,64,83,702750,9533250,3000,1500,2019,11,2019-11,11,0.566,0,0.203,0.0,0.231,0,0,0,0,1.0,0.7746,0.2475,0.5522,-0.6896,9.12,1,0
LJ500_R064_C084,64,84,703250,9533250,3500,1500,2019,11,2019-11,11,0.235,0,0.7298,0.0,0.0352,0,0,0,0,1.0,,,,,0.0,1,1
LJ500_R064_C085,64,85,703750,9533250,4000,1500,2019,11,2019-11,11,0.5109,0,0.4891,0.0,0.0,0,0,0,0,1.0,0.6937,0.2267,0.5167,-0.6075,5.28,1,0
LJ500_R064_C086,64,86,704250,9533250,4500,1500,2019,11,2019-11,11,0.748,0,0.252,0.0,0.0,0,0,0,0,1.0,0.6643,0.2164,0.5045,-0.5781,21.44,1,0
LJ500_R065_C077,65,77,699750,9533750,0,2000,2019,11,2019-11,11,0.312,0,0.4033,0.0,0.2847,0,0,0,0,1.0,0.6512,0.1542,0.4286,-0.5671,79.68,1,0
LJ500_R065_C078,65,78,700250,9533750,500,2000,2019,11,2019-11,11,0.5913,0,0.4071,0.0,0.0016,0,0,0,0,1.0,0.6468,0.1725,0.4384,-0.5757,93.6,1,0
LJ500_R065_C079,65,79,700750,9533750,1000,2000,2019,11,2019-11,11,0.3219,0,0.6781,0.0,0.0,0,0,0,0,1.0,0.6242,0.1388,0.4088,-0.5662,72.8,1,0
LJ500_R065_C080,65,80,701250,9533750,1500,2000,2019,11,2019-11,11,0.8266,0,0.1734,0.0,0.0,0,0,0,0,1.0,0.7548,0.2364,0.5354,-0.6362,74.08,1,0
LJ500_R065_C081,65,81,701750,9533750,2000,2000,2019,11,2019-11,11,0.9017,0,0.0983,0.0,0.0,0,0,0,0,1.0,0.7225,0.2223,0.4992,-0.6257,59.68,1,0
LJ500_R065_C082,65,82,702250,9533750,2500,2000,2019,11,2019-11,11,0.7327,0,0.2673,0.0,0.0,0,0,0,0,1.0,0.7638,0.2323,0.5309,-0.6606,47.68,1,0
LJ500_R065_C083,65,83,702750,9533750,3000,2000,2019,11,2019-11,11,0.7802,0,0.1368,0.0,0.083,0,0,0,0,1.0,0.7704,0.2519,0.5542,-0.6826,10.88,1,0
LJ500_R065_C084,65,84,703250,9533750,3500,2000,2019,11,2019-11,11,0.3229,0,0.6771,0.0,0.0,0,0,0,0,1.0,0.7176,0.2424,0.5477,-0.6357,5.12,1,0
LJ500_R065_C085,65,85,703750,9533750,4000,2000,2019,11,2019-11,11,0.0167,0,0.9833,0.0,0.0,0,0,0,0,1.0,0.5378,0.1111,0.3742,-0.4873,17.92,1,0
LJ500_R065_C086,65,86,704250,9533750,4500,2000,2019,11,2019-11,11,0.7821,0,0.2179,0.0,0.0,0,0,0,0,1.0,0.7216,0.3094,0.5914,-0.6138,30.88,1,0
LJ500_R066_C077,66,77,699750,9534250,0,2500,2019,11,2019-11,11,0.5018,0,0.3517,0.0,0.1465,0,0,0,0,1.0,0.6185,0.1461,0.3972,-0.5472,82.4,1,0
LJ500_R066_C078,66,78,700250,9534250,500,2500,2019,11,2019-11,11,0.1232,0,0.8768,0.0,0.0,0,0,0,0,1.0,0.5735,0.1388,0.3657,-0.513,88.64,1,0
LJ500_R066_C079,66,79,700750,9534250,1000,2500,2019,11,2019-11,11,0.3332,0,0.6668,0.0,0.0,0,0,0,0,1.0,0.577,0.1302,0.3624,-0.5273,59.36,1,0
LJ500_R066_C080,66,80,701250,9534250,1500,2500,2019,11,2019-11,11,0.9149,0,0.0851,0.0,0.0,0,0,0,0,1.0,0.7269,0.2961,0.5713,-0.6372,78.24,1,0
LJ500_R066_C081,66,81,701750,9534250,2000,2500,2019,11,2019-11,11,0.7037,0,0.2963,0.0,0.0,0,0,0,0,1.0,0.7126,0.2585,0.5469,-0.6242,65.44,1,0
LJ500_R066_C082,66,82,702250,9534250,2500,2500,2019,11,2019-11,11,0.6772,0,0.3228,0.0,0.0,0,0,0,0,1.0,0.758,0.3472,0.6341,-0.6505,23.52,1,0
LJ500_R066_C083,66,83,702750,9534250,3000,2500,2019,11,2019-11,11,0.6289,0,0.3711,0.0,0.0,0,0,0,0,1.0,0.7084,0.2398,0.5394,-0.6092,3.84,1,0
LJ500_R066_C084,66,84,703250,9534250,3500,2500,2019,11,2019-11,11,0.7305,0,0.2695,0.0,0.0,0,0,0,0,1.0,0.6851,0.2193,0.5141,-0.5967,53.76,1,0
LJ500_R066_C085,66,85,703750,9534250,4000,2500,2019,11,2019-11,11,0.7865,0,0.2135,0.0,0.0,0,0,0,0,1.0,0.5962,0.198,0.4536,-0.5362,4.96,1,0
LJ500_R066_C086,66,86,704250,9534250,4500,2500,2019,11,2019-11,11,1.0,0,0.0,0.0,0.0,0,0,0,0,1.0,,,,,0.0,1,1
LJ500_R067_C077,67,77,699750,9534750,0,3000,2019,11,2019-11,11,0.7165,0,0.2835,0.0,0.0,0,0,0,0,1.0,0.6409,0.1355,0.3866,-0.5701,100.0,1,0
LJ500_R067_C078,67,78,700250,9534750,500,3000,2019,11,2019-11,11,0.8229,0,0.1771,0.0,0.0,0,0,0,0,1.0,0.6479,0.1323,0.3732,-0.5781,100.0,1,0
LJ500_R067_C079,67,79,700750,9534750,1000,3000,2019,11,2019-11,11,0.9659,0,0.0341,0.0,0.0,0,0,0,0,1.0,0.6967,0.2151,0.4858,-0.618,92.0,1,0
LJ500_R067_C080,67,80,701250,9534750,1500,3000,2019,11,2019-11,11,0.8944,0,0.1056,0.0,0.0,0,0,0,0,1.0,0.7141,0.2777,0.5471,-0.6282,77.92,1,0
LJ500_R067_C081,67,81,701750,9534750,2000,3000,2019,11,2019-11,11,0.7989,0,0.1897,0.0,0.0114,0,0,0,0,1.0,0.6143,0.2291,0.4848,-0.5525,8.16,1,0
LJ500_R067_C082,67,82,702250,9534750,2500,3000,2019,11,2019-11,11,1.0,0,0.0,0.0,0.0,0,0,0,0,1.0,0.6589,0.3078,0.5663,-0.5603,3.36,1,0
LJ500_R067_C083,67,83,702750,9534750,3000,3000,2019,11,2019-11,11,1.0,0,0.0,0.0,0.0,0,0,0,0,1.0,,,,,0.0,1,1
LJ500_R067_C084,67,84,703250,9534750,3500,3000,2019,11,2019-11,11,1.0,0,0.0,0.0,0.0,0,0,0,0,1.0,0.6038,0.2377,0.475,-0.5405,33.12,1,0
LJ500_R067_C085,67,85,703750,9534750,4000,3000,2019,11,2019-11,11,1.0,0,0.0,0.0,0.0,0,0,0,0,1.0,0.6747,0.3046,0.5591,-0.5909,36.96,1,0
LJ500_R067_C086,67,86,704250,9534750,4500,3000,2019,11,2019-11,11,1.0,0,0.0,0.0,0.0,0,0,0,0,1.0,,,,,0.0,1,1
LJ500_R068_C077,68,77,699750,9535250,0,3500,2019,11,2019-11,11,0.065,0,0.935,0.0,0.0,0,0,0,0,1.0,0.617,0.1198,0.371,-0.5408,97.12,1,0
LJ500_R068_C078,68,78,700250,9535250,500,3500,2019,11,2019-11,11,0.7525,0,0.2475,0.0,0.0,0,0,0,0,1.0,0.6686,0.1496,0.4176,-0.5833,100.0,1,0
LJ500_R068_C079,68,79,700750,9535250,1000,3500,2019,11,2019-11,11,1.0,0,0.0,0.0,0.0,0,0,0,0,1.0,0.7158,0.2139,0.4983,-0.6262,80.16,1,0
LJ500_R068_C080,68,80,701250,9535250,1500,3500,2019,11,2019-11,11,0.8923,0,0.1077,0.0,0.0,0,0,0,0,1.0,0.7242,0.3074,0.5735,-0.6365,60.32,1,0
LJ500_R068_C081,68,81,701750,9535250,2000,3500,2019,11,2019-11,11,0.6646,0,0.0767,0.0,0.2586,0,0,0,0,1.0,0.4903,0.112,0.3536,-0.4625,35.68,1,0
LJ500_R068_C082,68,82,702250,9535250,2500,3500,2019,11,2019-11,11,0.9399,0,0.0601,0.0,0.0,0,0,0,0,1.0,0.7826,0.3591,0.6225,-0.6707,0.16,1,0
LJ500_R068_C083,68,83,702750,9535250,3000,3500,2019,11,2019-11,11,1.0,0,0.0,0.0,0.0,0,0,0,0,1.0,0.7551,0.3704,0.6214,-0.6696,32.0,1,0
LJ500_R068_C084,68,84,703250,9535250,3500,3500,2019,11,2019-11,11,1.0,0,0.0,0.0,0.0,0,0,0,0,1.0,0.7646,0.3758,0.6352,-0.6785,65.76,1,0
LJ500_R068_C085,68,85,703750,9535250,4000,3500,2019,11,2019-11,11,1.0,0,0.0,0.0,0.0,0,0,0,0,1.0,0.7439,0.3814,0.6352,-0.6573,40.8,1,0
LJ500_R068_C086,68,86,704250,9535250,4500,3500,2019,11,2019-11,11,1.0,0,0.0,0.0,0.0,0,0,0,0,1.0,0.7016,0.3653,0.6004,-0.6138,10.56,1,0
LJ500_R069_C077,69,77,699750,9535750,0,4000,2019,11,2019-11,11,0.0,0,0.9574,0.0426,0.0,0,0,0,0,1.0,0.6405,0.0921,0.3532,-0.5691,58.72,1,0
LJ500_R069_C078,69,78,700250,9535750,500,4000,2019,11,2019-11,11,0.4139,0,0.5115,0.0746,0.0,0,0,0,0,1.0,0.725,0.1924,0.4797,-0.6235,89.92,1,0
LJ500_R069_C079,69,79,700750,9535750,1000,4000,2019,11,2019-11,11,0.6432,0,0.3568,0.0,0.0,0,0,0,0,1.0,0.7378,0.2263,0.5113,-0.6318,21.76,1,0
LJ500_R069_C080,69,80,701250,9535750,1500,4000,2019,11,2019-11,11,0.8514,0,0.1486,0.0,0.0,0,0,0,0,1.0,0.4976,0.1754,0.3568,-0.4202,6.24,1,0
LJ500_R069_C081,69,81,701750,9535750,2000,4000,2019,11,2019-11,11,1.0,0,0.0,0.0,0.0,0,0,0,0,1.0,0.7354,0.2484,0.5265,-0.6382,16.48,1,0
LJ500_R069_C082,69,82,702250,9535750,2500,4000,2019,11,2019-11,11,1.0,0,0.0,0.0,0.0,0,0,0,0,1.0,0.7581,0.2956,0.5704,-0.657,72.96,1,0
LJ500_R069_C083,69,83,702750,9535750,3000,4000,2019,11,2019-11,11,1.0,0,0.0,0.0,0.0,0,0,0,0,1.0,0.7434,0.3562,0.613,-0.654,75.36,1,0
LJ500_R069_C084,69,84,703250,9535750,3500,4000,2019,11,2019-11,11,1.0,0,0.0,0.0,0.0,0,0,0,0,1.0,0.7433,0.3957,0.6492,-0.6502,8.96,1,0
LJ500_R069_C085,69,85,703750,9535750,4000,4000,2019,11,2019-11,11,1.0,0,0.0,0.0,0.0,0,0,0,0,1.0,,,,,0.0,1,1
LJ500_R069_C086,69,86,704250,9535750,4500,4000,2019,11,2019-11,11,1.0,0,0.0,0.0,0.0,0,0,0,0,1.0,,,,,0.0,1,1
LJ500_R070_C077,70,77,699750,9536250,0,4500,2019,11,2019-11,11,0.0,0,0.3423,0.4553,0.2024,0,0,0,0,1.0,,,,,0.0,1,1
LJ500_R070_C078,70,78,700250,9536250,500,4500,2019,11,2019-11,11,0.0,0,0.3908,0.6092,0.0,0,0,0,0,1.0,,,,,0.0,1,1
LJ500_R070_C079,70,79,700750,9536250,1000,4500,2019,11,2019-11,11,0.2082,0,0.7834,0.0084,0.0,0,0,0,0,1.0,0.5723,0.0582,0.2765,-0.5164,16.32,1,0
LJ500_R070_C080,70,80,701250,9536250,1500,4500,2019,11,2019-11,11,0.2813,0,0.7187,0.0,0.0,0,0,0,0,1.0,0.6722,0.1314,0.3852,-0.5938,49.28,1,0
LJ500_R070_C081,70,81,701750,9536250,2000,4500,2019,11,2019-11,11,0.9197,0,0.0803,0.0,0.0,0,0,0,0,1.0,0.7517,0.2312,0.524,-0.6468,83.2,1,0
LJ500_R070_C082,70,82,702250,9536250,2500,4500,2019,11,2019-11,11,1.0,0,0.0,0.0,0.0,0,0,0,0,1.0,0.6981,0.2229,0.5016,-0.6042,82.88,1,0
LJ500_R070_C083,70,83,702750,9536250,3000,4500,2019,11,2019-11,11,1.0,0,0.0,0.0,0.0,0,0,0,0,1.0,0.6399,0.2601,0.5009,-0.5583,36.16,1,0
LJ500_R070_C084,70,84,703250,9536250,3500,4500,2019,11,2019-11,11,0.9943,0,0.0057,0.0,0.0,0,0,0,0,1.0,0.6866,0.4223,0.6504,-0.5961,0.16,1,0
LJ500_R070_C085,70,85,703750,9536250,4000,4500,2019,11,2019-11,11,1.0,0,0.0,0.0,0.0,0,0,0,0,1.0,,,,,0.0,1,1
LJ500_R070_C086,70,86,704250,9536250,4500,4500,2019,11,2019-11,11,1.0,0,0.0,0.0,0.0,0,0,0,0,1.0,,,,,0.0,1,1
LJ500_R061_C077,61,77,699750,9531750,0,0,2019,12,2019-12,12,0.0,0,1.0,0.0,0.0,0,0,0,0,1.0,0.7873,0.2374,0.5183,-0.6769,100.0,1,0
LJ500_R061_C078,61,78,700250,9531750,500,0,2019,12,2019-12,12,0.0,0,0.9516,0.0,0.0484,0,0,0,0,1.0,0.7773,0.229,0.5034,-0.6593,100.0,1,0
LJ500_R061_C079,61,79,700750,9531750,1000,0,2019,12,2019-12,12,0.0,0,0.906,0.0,0.094,0,0,0,0,1.0,0.8053,0.2559,0.5427,-0.6862,100.0,1,0
LJ500_R061_C080,61,80,701250,9531750,1500,0,2019,12,2019-12,12,0.1714,0,0.8229,0.0,0.0057,0,0,0,0,1.0,0.7622,0.2148,0.5001,-0.648,100.0,1,0
LJ500_R061_C081,61,81,701750,9531750,2000,0,2019,12,2019-12,12,0.0,0,1.0,0.0,0.0,0,0,0,0,1.0,0.7592,0.2196,0.5072,-0.6443,42.56,1,0
LJ500_R061_C082,61,82,702250,9531750,2500,0,2019,12,2019-12,12,0.0618,0,0.9382,0.0,0.0,0,0,0,0,1.0,0.7603,0.2181,0.5091,-0.65,74.4,1,0
LJ500_R061_C083,61,83,702750,9531750,3000,0,2019,12,2019-12,12,0.5343,0,0.3633,0.1024,0.0,0,0,0,0,1.0,0.8066,0.2703,0.5678,-0.6821,54.56,1,0
LJ500_R061_C084,61,84,703250,9531750,3500,0,2019,12,2019-12,12,0.7729,0,0.0,0.2271,0.0,0,0,0,0,1.0,0.8421,0.2865,0.6014,-0.7458,3.2,1,0
LJ500_R061_C085,61,85,703750,9531750,4000,0,2019,12,2019-12,12,0.709,0,0.291,0.0,0.0,0,0,0,0,1.0,,,,,0.0,1,1
LJ500_R061_C086,61,86,704250,9531750,4500,0,2019,12,2019-12,12,1.0,0,0.0,0.0,0.0,0,0,0,0,1.0,0.7413,0.2383,0.5314,-0.6524,47.04,1,0
LJ500_R062_C077,62,77,699750,9532250,0,500,2019,12,2019-12,12,0.0,0,0.7197,0.0,0.2803,0,0,0,0,1.0,0.7074,0.1347,0.3887,-0.625,100.0,1,0
LJ500_R062_C078,62,78,700250,9532250,500,500,2019,12,2019-12,12,0.0,0,0.5947,0.0,0.4053,0,0,0,0,1.0,0.7133,0.1517,0.4137,-0.6229,100.0,1,0
LJ500_R062_C079,62,79,700750,9532250,1000,500,2019,12,2019-12,12,0.0,0,0.771,0.0,0.229,0,0,0,0,1.0,0.7136,0.1352,0.4012,-0.6196,100.0,1,0
LJ500_R062_C080,62,80,701250,9532250,1500,500,2019,12,2019-12,12,0.235,0,0.6379,0.0,0.1271,0,0,0,0,1.0,0.7267,0.1477,0.4241,-0.6345,100.0,1,0
LJ500_R062_C081,62,81,701750,9532250,2000,500,2019,12,2019-12,12,0.0684,0,0.7378,0.0,0.1938,0,0,0,0,1.0,0.7452,0.176,0.4555,-0.6568,100.0,1,0
LJ500_R062_C082,62,82,702250,9532250,2500,500,2019,12,2019-12,12,0.0973,0,0.9027,0.0,0.0,0,0,0,0,1.0,0.7737,0.239,0.5335,-0.6632,100.0,1,0
LJ500_R062_C083,62,83,702750,9532250,3000,500,2019,12,2019-12,12,0.0473,0,0.9507,0.0019,0.0,0,0,0,0,1.0,0.7676,0.2469,0.5407,-0.6538,96.32,1,0
LJ500_R062_C084,62,84,703250,9532250,3500,500,2019,12,2019-12,12,0.2757,0,0.7209,0.0034,0.0,0,0,0,0,1.0,0.8173,0.2991,0.6053,-0.6976,77.28,1,0
LJ500_R062_C085,62,85,703750,9532250,4000,500,2019,12,2019-12,12,0.0588,0,0.9412,0.0,0.0,0,0,0,0,1.0,0.7825,0.2641,0.5654,-0.6706,70.4,1,0
LJ500_R062_C086,62,86,704250,9532250,4500,500,2019,12,2019-12,12,0.7611,0,0.2389,0.0,0.0,0,0,0,0,1.0,0.7505,0.2387,0.534,-0.6622,88.8,1,0
LJ500_R063_C077,63,77,699750,9532750,0,1000,2019,12,2019-12,12,0.0,0,0.1158,0.0,0.8842,0,0,0,0,1.0,0.6356,0.0686,0.3184,-0.5735,100.0,1,0
LJ500_R063_C078,63,78,700250,9532750,500,1000,2019,12,2019-12,12,0.0328,0,0.3431,0.0,0.624,0,0,0,0,1.0,0.671,0.1021,0.3484,-0.6058,100.0,1,0
LJ500_R063_C079,63,79,700750,9532750,1000,1000,2019,12,2019-12,12,0.2883,0,0.3768,0.0,0.3349,0,0,0,0,1.0,0.7093,0.1295,0.4014,-0.63,100.0,1,0
LJ500_R063_C080,63,80,701250,9532750,1500,1000,2019,12,2019-12,12,0.1673,0,0.4746,0.0,0.358,0,0,0,0,1.0,0.6643,0.0663,0.3386,-0.6206,100.0,1,0
LJ500_R063_C081,63,81,701750,9532750,2000,1000,2019,12,2019-12,12,0.0165,0,0.5433,0.0,0.4402,0,0,0,0,1.0,0.7302,0.1528,0.4462,-0.6495,100.0,1,0
LJ500_R063_C082,63,82,702250,9532750,2500,1000,2019,12,2019-12,12,0.6742,0,0.2142,0.0,0.1117,0,0,0,0,1.0,0.7784,0.2288,0.5222,-0.6647,100.0,1,0
LJ500_R063_C083,63,83,702750,9532750,3000,1000,2019,12,2019-12,12,0.2059,0,0.7941,0.0,0.0,0,0,0,0,1.0,0.7657,0.228,0.5189,-0.662,100.0,1,0
LJ500_R063_C084,63,84,703250,9532750,3500,1000,2019,12,2019-12,12,0.2973,0,0.7027,0.0,0.0,0,0,0,0,1.0,0.7903,0.2533,0.5549,-0.6815,100.0,1,0
LJ500_R063_C085,63,85,703750,9532750,4000,1000,2019,12,2019-12,12,0.1462,0,0.8538,0.0,0.0,0,0,0,0,1.0,0.8011,0.2841,0.5852,-0.6878,100.0,1,0
LJ500_R063_C086,63,86,704250,9532750,4500,1000,2019,12,2019-12,12,0.3435,0,0.6565,0.0,0.0,0,0,0,0,1.0,0.7996,0.3021,0.6034,-0.684,100.0,1,0
LJ500_R064_C077,64,77,699750,9533250,0,1500,2019,12,2019-12,12,0.3887,0,0.3116,0.0,0.2997,0,0,0,0,1.0,0.7392,0.1701,0.4493,-0.6412,100.0,1,0
LJ500_R064_C078,64,78,700250,9533250,500,1500,2019,12,2019-12,12,0.5382,0,0.082,0.0,0.3799,0,0,0,0,1.0,0.7074,0.1438,0.4185,-0.6257,100.0,1,0
LJ500_R064_C079,64,79,700750,9533250,1000,1500,2019,12,2019-12,12,0.4384,0,0.1474,0.0,0.4142,0,0,0,0,1.0,0.6372,0.0221,0.2825,-0.6063,100.0,1,0
LJ500_R064_C080,64,80,701250,9533250,1500,1500,2019,12,2019-12,12,0.5951,0,0.4049,0.0,0.0,0,0,0,0,1.0,0.7436,0.1658,0.4562,-0.6645,100.0,1,0
LJ500_R064_C081,64,81,701750,9533250,2000,1500,2019,12,2019-12,12,0.5997,0,0.181,0.0,0.2193,0,0,0,0,1.0,0.7955,0.2367,0.5357,-0.6863,100.0,1,0
LJ500_R064_C082,64,82,702250,9533250,2500,1500,2019,12,2019-12,12,0.7276,0,0.2724,0.0,0.0,0,0,0,0,1.0,0.7637,0.2019,0.5034,-0.6659,100.0,1,0
LJ500_R064_C083,64,83,702750,9533250,3000,1500,2019,12,2019-12,12,0.566,0,0.203,0.0,0.231,0,0,0,0,1.0,0.8014,0.2347,0.5505,-0.705,100.0,1,0
LJ500_R064_C084,64,84,703250,9533250,3500,1500,2019,12,2019-12,12,0.235,0,0.7298,0.0,0.0352,0,0,0,0,1.0,0.8222,0.2803,0.5925,-0.7081,100.0,1,0
LJ500_R064_C085,64,85,703750,9533250,4000,1500,2019,12,2019-12,12,0.5109,0,0.4891,0.0,0.0,0,0,0,0,1.0,0.8224,0.2714,0.5817,-0.7147,100.0,1,0
LJ500_R064_C086,64,86,704250,9533250,4500,1500,2019,12,2019-12,12,0.748,0,0.252,0.0,0.0,0,0,0,0,1.0,0.7355,0.1994,0.4965,-0.65,74.88,1,0
LJ500_R065_C077,65,77,699750,9533750,0,2000,2019,12,2019-12,12,0.312,0,0.4033,0.0,0.2847,0,0,0,0,1.0,0.7462,0.1582,0.4409,-0.6498,100.0,1,0
LJ500_R065_C078,65,78,700250,9533750,500,2000,2019,12,2019-12,12,0.5913,0,0.4071,0.0,0.0016,0,0,0,0,1.0,0.7152,0.1506,0.427,-0.6422,100.0,1,0
LJ500_R065_C079,65,79,700750,9533750,1000,2000,2019,12,2019-12,12,0.3219,0,0.6781,0.0,0.0,0,0,0,0,1.0,0.6691,0.0968,0.3641,-0.6181,100.0,1,0
LJ500_R065_C080,65,80,701250,9533750,1500,2000,2019,12,2019-12,12,0.8266,0,0.1734,0.0,0.0,0,0,0,0,1.0,0.8425,0.2689,0.5763,-0.7272,100.0,1,0
LJ500_R065_C081,65,81,701750,9533750,2000,2000,2019,12,2019-12,12,0.9017,0,0.0983,0.0,0.0,0,0,0,0,1.0,0.8031,0.2475,0.5484,-0.6994,100.0,1,0
LJ500_R065_C082,65,82,702250,9533750,2500,2000,2019,12,2019-12,12,0.7327,0,0.2673,0.0,0.0,0,0,0,0,1.0,0.8044,0.2564,0.5674,-0.7118,100.0,1,0
LJ500_R065_C083,65,83,702750,9533750,3000,2000,2019,12,2019-12,12,0.7802,0,0.1368,0.0,0.083,0,0,0,0,1.0,0.8271,0.2761,0.5899,-0.7142,100.0,1,0
LJ500_R065_C084,65,84,703250,9533750,3500,2000,2019,12,2019-12,12,0.3229,0,0.6771,0.0,0.0,0,0,0,0,1.0,0.796,0.2394,0.5497,-0.6911,100.0,1,0
LJ500_R065_C085,65,85,703750,9533750,4000,2000,2019,12,2019-12,12,0.0167,0,0.9833,0.0,0.0,0,0,0,0,1.0,0.7223,0.1659,0.4628,-0.6488,100.0,1,0
LJ500_R065_C086,65,86,704250,9533750,4500,2000,2019,12,2019-12,12,0.7821,0,0.2179,0.0,0.0,0,0,0,0,1.0,0.7849,0.281,0.5871,-0.6936,100.0,1,0
LJ500_R066_C077,66,77,699750,9534250,0,2500,2019,12,2019-12,12,0.5018,0,0.3517,0.0,0.1465,0,0,0,0,1.0,0.7417,0.1812,0.4552,-0.6424,100.0,1,0
LJ500_R066_C078,66,78,700250,9534250,500,2500,2019,12,2019-12,12,0.1232,0,0.8768,0.0,0.0,0,0,0,0,1.0,0.6892,0.1329,0.3983,-0.6173,72.0,1,0
LJ500_R066_C079,66,79,700750,9534250,1000,2500,2019,12,2019-12,12,0.3332,0,0.6668,0.0,0.0,0,0,0,0,1.0,0.6105,0.1232,0.3707,-0.5632,67.84,1,0
LJ500_R066_C080,66,80,701250,9534250,1500,2500,2019,12,2019-12,12,0.9149,0,0.0851,0.0,0.0,0,0,0,0,1.0,0.778,0.2537,0.5477,-0.6958,100.0,1,0
LJ500_R066_C081,66,81,701750,9534250,2000,2500,2019,12,2019-12,12,0.7037,0,0.2963,0.0,0.0,0,0,0,0,1.0,0.7528,0.2308,0.5245,-0.6788,100.0,1,0
LJ500_R066_C082,66,82,702250,9534250,2500,2500,2019,12,2019-12,12,0.6772,0,0.3228,0.0,0.0,0,0,0,0,1.0,0.8004,0.2696,0.571,-0.7002,100.0,1,0
LJ500_R066_C083,66,83,702750,9534250,3000,2500,2019,12,2019-12,12,0.6289,0,0.3711,0.0,0.0,0,0,0,0,1.0,0.7953,0.2384,0.5429,-0.692,100.0,1,0
LJ500_R066_C084,66,84,703250,9534250,3500,2500,2019,12,2019-12,12,0.7305,0,0.2695,0.0,0.0,0,0,0,0,1.0,0.7342,0.1898,0.486,-0.6492,100.0,1,0
LJ500_R066_C085,66,85,703750,9534250,4000,2500,2019,12,2019-12,12,0.7865,0,0.2135,0.0,0.0,0,0,0,0,1.0,0.7621,0.2507,0.5484,-0.6748,100.0,1,0
LJ500_R066_C086,66,86,704250,9534250,4500,2500,2019,12,2019-12,12,1.0,0,0.0,0.0,0.0,0,0,0,0,1.0,0.7768,0.2905,0.5833,-0.6786,100.0,1,0
LJ500_R067_C077,67,77,699750,9534750,0,3000,2019,12,2019-12,12,0.7165,0,0.2835,0.0,0.0,0,0,0,0,1.0,0.7341,0.1691,0.4415,-0.6418,56.16,1,0
LJ500_R067_C078,67,78,700250,9534750,500,3000,2019,12,2019-12,12,0.8229,0,0.1771,0.0,0.0,0,0,0,0,1.0,0.7607,0.2493,0.5303,-0.6732,3.68,1,0
LJ500_R067_C079,67,79,700750,9534750,1000,3000,2019,12,2019-12,12,0.9659,0,0.0341,0.0,0.0,0,0,0,0,1.0,0.6777,0.1862,0.4504,-0.6077,15.52,1,0
LJ500_R067_C080,67,80,701250,9534750,1500,3000,2019,12,2019-12,12,0.8944,0,0.1056,0.0,0.0,0,0,0,0,1.0,0.7499,0.2573,0.5348,-0.6708,8.48,1,0
LJ500_R067_C081,67,81,701750,9534750,2000,3000,2019,12,2019-12,12,0.7989,0,0.1897,0.0,0.0114,0,0,0,0,1.0,0.7236,0.2765,0.5545,-0.6522,71.36,1,0
LJ500_R067_C082,67,82,702250,9534750,2500,3000,2019,12,2019-12,12,1.0,0,0.0,0.0,0.0,0,0,0,0,1.0,0.7873,0.2933,0.5867,-0.7009,100.0,1,0
LJ500_R067_C083,67,83,702750,9534750,3000,3000,2019,12,2019-12,12,1.0,0,0.0,0.0,0.0,0,0,0,0,1.0,0.7801,0.2922,0.5811,-0.6902,100.0,1,0
LJ500_R067_C084,67,84,703250,9534750,3500,3000,2019,12,2019-12,12,1.0,0,0.0,0.0,0.0,0,0,0,0,1.0,0.7437,0.2683,0.5491,-0.6615,92.0,1,0
LJ500_R067_C085,67,85,703750,9534750,4000,3000,2019,12,2019-12,12,1.0,0,0.0,0.0,0.0,0,0,0,0,1.0,0.7682,0.2843,0.5749,-0.6797,33.28,1,0
LJ500_R067_C086,67,86,704250,9534750,4500,3000,2019,12,2019-12,12,1.0,0,0.0,0.0,0.0,0,0,0,0,1.0,0.7399,0.2833,0.5576,-0.6493,53.12,1,0
LJ500_R068_C077,68,77,699750,9535250,0,3500,2019,12,2019-12,12,0.065,0,0.935,0.0,0.0,0,0,0,0,1.0,0.7346,0.2059,0.482,-0.6181,52.8,1,0
LJ500_R068_C078,68,78,700250,9535250,500,3500,2019,12,2019-12,12,0.7525,0,0.2475,0.0,0.0,0,0,0,0,1.0,0.7452,0.2579,0.5477,-0.6634,2.56,1,0
LJ500_R068_C079,68,79,700750,9535250,1000,3500,2019,12,2019-12,12,1.0,0,0.0,0.0,0.0,0,0,0,0,1.0,0.6901,0.1837,0.4368,-0.6197,1.28,1,0
LJ500_R068_C080,68,80,701250,9535250,1500,3500,2019,12,2019-12,12,0.8923,0,0.1077,0.0,0.0,0,0,0,0,1.0,0.4921,0.148,0.3571,-0.4453,9.28,1,0
LJ500_R068_C081,68,81,701750,9535250,2000,3500,2019,12,2019-12,12,0.6646,0,0.0767,0.0,0.2586,0,0,0,0,1.0,0.5071,0.1512,0.3855,-0.4811,36.64,1,0
LJ500_R068_C082,68,82,702250,9535250,2500,3500,2019,12,2019-12,12,0.9399,0,0.0601,0.0,0.0,0,0,0,0,1.0,0.7373,0.3184,0.5823,-0.6577,67.2,1,0
LJ500_R068_C083,68,83,702750,9535250,3000,3500,2019,12,2019-12,12,1.0,0,0.0,0.0,0.0,0,0,0,0,1.0,0.7934,0.3835,0.6495,-0.7092,37.6,1,0
LJ500_R068_C084,68,84,703250,9535250,3500,3500,2019,12,2019-12,12,1.0,0,0.0,0.0,0.0,0,0,0,0,1.0,0.7388,0.3305,0.5908,-0.6579,15.52,1,0
LJ500_R068_C085,68,85,703750,9535250,4000,3500,2019,12,2019-12,12,1.0,0,0.0,0.0,0.0,0,0,0,0,1.0,0.7403,0.3688,0.6274,-0.6538,21.6,1,0
LJ500_R068_C086,68,86,704250,9535250,4500,3500,2019,12,2019-12,12,1.0,0,0.0,0.0,0.0,0,0,0,0,1.0,,,,,0.0,1,1
LJ500_R069_C077,69,77,699750,9535750,0,4000,2019,12,2019-12,12,0.0,0,0.9574,0.0426,0.0,0,0,0,0,1.0,0.7108,0.1332,0.404,-0.6048,53.6,1,0
LJ500_R069_C078,69,78,700250,9535750,500,4000,2019,12,2019-12,12,0.4139,0,0.5115,0.0746,0.0,0,0,0,0,1.0,,,,,0.0,1,1
LJ500_R069_C079,69,79,700750,9535750,1000,4000,2019,12,2019-12,12,0.6432,0,0.3568,0.0,0.0,0,0,0,0,1.0,,,,,0.0,1,1
LJ500_R069_C080,69,80,701250,9535750,1500,4000,2019,12,2019-12,12,0.8514,0,0.1486,0.0,0.0,0,0,0,0,1.0,0.6891,0.2349,0.4975,-0.5962,2.88,1,0
LJ500_R069_C081,69,81,701750,9535750,2000,4000,2019,12,2019-12,12,1.0,0,0.0,0.0,0.0,0,0,0,0,1.0,0.4417,0.1216,0.2845,-0.4188,2.24,1,0
LJ500_R069_C082,69,82,702250,9535750,2500,4000,2019,12,2019-12,12,1.0,0,0.0,0.0,0.0,0,0,0,0,1.0,,,,,0.0,1,1
LJ500_R069_C083,69,83,702750,9535750,3000,4000,2019,12,2019-12,12,1.0,0,0.0,0.0,0.0,0,0,0,0,1.0,,,,,0.0,1,1
LJ500_R069_C084,69,84,703250,9535750,3500,4000,2019,12,2019-12,12,1.0,0,0.0,0.0,0.0,0,0,0,0,1.0,,,,,0.0,1,1
LJ500_R069_C085,69,85,703750,9535750,4000,4000,2019,12,2019-12,12,1.0,0,0.0,0.0,0.0,0,0,0,0,1.0,,,,,0.0,1,1
LJ500_R069_C086,69,86,704250,9535750,4500,4000,2019,12,2019-12,12,1.0,0,0.0,0.0,0.0,0,0,0,0,1.0,,,,,0.0,1,1
LJ500_R070_C077,70,77,699750,9536250,0,4500,2019,12,2019-12,12,0.0,0,0.3423,0.4553,0.2024,0,0,0,0,1.0,0.7524,0.2431,0.5307,-0.6374,14.4,1,0
LJ500_R070_C078,70,78,700250,9536250,500,4500,2019,12,2019-12,12,0.0,0,0.3908,0.6092,0.0,0,0,0,0,1.0,,,,,0.0,1,1
LJ500_R070_C079,70,79,700750,9536250,1000,4500,2019,12,2019-12,12,0.2082,0,0.7834,0.0084,0.0,0,0,0,0,1.0,0.6503,0.0806,0.2898,-0.5768,6.72,1,0
LJ500_R070_C080,70,80,701250,9536250,1500,4500,2019,12,2019-12,12,0.2813,0,0.7187,0.0,0.0,0,0,0,0,1.0,0.736,0.1934,0.4447,-0.6347,4.32,1,0
LJ500_R070_C081,70,81,701750,9536250,2000,4500,2019,12,2019-12,12,0.9197,0,0.0803,0.0,0.0,0,0,0,0,1.0,,,,,0.0,1,1
LJ500_R070_C082,70,82,702250,9536250,2500,4500,2019,12,2019-12,12,1.0,0,0.0,0.0,0.0,0,0,0,0,1.0,,,,,0.0,1,1
LJ500_R070_C083,70,83,702750,9536250,3000,4500,2019,12,2019-12,12,1.0,0,0.0,0.0,0.0,0,0,0,0,1.0,,,,,0.0,1,1
LJ500_R070_C084,70,84,703250,9536250,3500,4500,2019,12,2019-12,12,0.9943,0,0.0057,0.0,0.0,0,0,0,0,1.0,,,,,0.0,1,1
LJ500_R070_C085,70,85,703750,9536250,4000,4500,2019,12,2019-12,12,1.0,0,0.0,0.0,0.0,0,0,0,0,1.0,,,,,0.0,1,1
LJ500_R070_C086,70,86,704250,9536250,4500,4500,2019,12,2019-12,12,1.0,0,0.0,0.0,0.0,0,0,0,0,1.0,,,,,0.0,1,1
LJ500_R061_C077,61,77,699750,9531750,0,0,2020,1,2020-01,13,0.0,0,1.0,0.0,0.0,0,0,0,0,1.0,0.8147,0.2685,0.5612,-0.703,100.0,1,0
LJ500_R061_C078,61,78,700250,9531750,500,0,2020,1,2020-01,13,0.0,0,0.9516,0.0,0.0484,0,0,0,0,1.0,0.8053,0.2679,0.5547,-0.6797,100.0,1,0
LJ500_R061_C079,61,79,700750,9531750,1000,0,2020,1,2020-01,13,0.0,0,0.906,0.0,0.094,0,0,0,0,1.0,0.8292,0.2923,0.5859,-0.7025,100.0,1,0
LJ500_R061_C080,61,80,701250,9531750,1500,0,2020,1,2020-01,13,0.1714,0,0.8229,0.0,0.0057,0,0,0,0,1.0,0.7911,0.2588,0.5513,-0.659,100.0,1,0
LJ500_R061_C081,61,81,701750,9531750,2000,0,2020,1,2020-01,13,0.0,0,1.0,0.0,0.0,0,0,0,0,1.0,0.7541,0.2223,0.515,-0.6399,100.0,1,0
LJ500_R061_C082,61,82,702250,9531750,2500,0,2020,1,2020-01,13,0.0618,0,0.9382,0.0,0.0,0,0,0,0,1.0,0.7686,0.2402,0.5379,-0.6556,88.16,1,0
LJ500_R061_C083,61,83,702750,9531750,3000,0,2020,1,2020-01,13,0.5343,0,0.3633,0.1024,0.0,0,0,0,0,1.0,0.7917,0.3278,0.6208,-0.6534,48.32,1,0
LJ500_R061_C084,61,84,703250,9531750,3500,0,2020,1,2020-01,13,0.7729,0,0.0,0.2271,0.0,0,0,0,0,1.0,0.7578,0.2513,0.545,-0.6656,41.44,1,0
LJ500_R061_C085,61,85,703750,9531750,4000,0,2020,1,2020-01,13,0.709,0,0.291,0.0,0.0,0,0,0,0,1.0,0.8156,0.3216,0.6245,-0.7027,85.28,1,0
LJ500_R061_C086,61,86,704250,9531750,4500,0,2020,1,2020-01,13,1.0,0,0.0,0.0,0.0,0,0,0,0,1.0,0.7042,0.2824,0.574,-0.5848,6.24,1,0
LJ500_R062_C077,62,77,699750,9532250,0,500,2020,1,2020-01,13,0.0,0,0.7197,0.0,0.2803,0,0,0,0,1.0,0.7463,0.1787,0.4541,-0.6458,100.0,1,0
LJ500_R062_C078,62,78,700250,9532250,500,500,2020,1,2020-01,13,0.0,0,0.5947,0.0,0.4053,0,0,0,0,1.0,0.7589,0.2045,0.4896,-0.6473,100.0,1,0
LJ500_R062_C079,62,79,700750,9532250,1000,500,2020,1,2020-01,13,0.0,0,0.771,0.0,0.229,0,0,0,0,1.0,0.7482,0.1847,0.467,-0.6384,100.0,1,0
LJ500_R062_C080,62,80,701250,9532250,1500,500,2020,1,2020-01,13,0.235,0,0.6379,0.0,0.1271,0,0,0,0,1.0,0.7608,0.1926,0.4824,-0.6533,100.0,1,0
LJ500_R062_C081,62,81,701750,9532250,2000,500,2020,1,2020-01,13,0.0684,0,0.7378,0.0,0.1938,0,0,0,0,1.0,0.778,0.2183,0.5098,-0.6756,100.0,1,0
LJ500_R062_C082,62,82,702250,9532250,2500,500,2020,1,2020-01,13,0.0973,0,0.9027,0.0,0.0,0,0,0,0,1.0,0.7944,0.273,0.573,-0.6703,100.0,1,0
LJ500_R062_C083,62,83,702750,9532250,3000,500,2020,1,2020-01,13,0.0473,0,0.9507,0.0019,0.0,0,0,0,0,1.0,0.782,0.2822,0.5778,-0.6537,100.0,1,0
LJ500_R062_C084,62,84,703250,9532250,3500,500,2020,1,2020-01,13,0.2757,0,0.7209,0.0034,0.0,0,0,0,0,1.0,0.8125,0.3076,0.6087,-0.6884,100.0,1,0
LJ500_R062_C085,62,85,703750,9532250,4000,500,2020,1,2020-01,13,0.0588,0,0.9412,0.0,0.0,0,0,0,0,1.0,0.7745,0.2798,0.5757,-0.6563,99.68,1,0
LJ500_R062_C086,62,86,704250,9532250,4500,500,2020,1,2020-01,13,0.7611,0,0.2389,0.0,0.0,0,0,0,0,1.0,0.728,0.256,0.5514,-0.6213,22.08,1,0
LJ500_R063_C077,63,77,699750,9532750,0,1000,2020,1,2020-01,13,0.0,0,0.1158,0.0,0.8842,0,0,0,0,1.0,0.6743,0.117,0.3891,-0.593,100.0,1,0
LJ500_R063_C078,63,78,700250,9532750,500,1000,2020,1,2020-01,13,0.0328,0,0.3431,0.0,0.624,0,0,0,0,1.0,0.6979,0.1461,0.4158,-0.6199,100.0,1,0
LJ500_R063_C079,63,79,700750,9532750,1000,1000,2020,1,2020-01,13,0.2883,0,0.3768,0.0,0.3349,0,0,0,0,1.0,0.7332,0.1651,0.446,-0.6476,100.0,1,0
LJ500_R063_C080,63,80,701250,9532750,1500,1000,2020,1,2020-01,13,0.1673,0,0.4746,0.0,0.358,0,0,0,0,1.0,0.6961,0.1029,0.3872,-0.6416,100.0,1,0
LJ500_R063_C081,63,81,701750,9532750,2000,1000,2020,1,2020-01,13,0.0165,0,0.5433,0.0,0.4402,0,0,0,0,1.0,0.7601,0.1905,0.4906,-0.67,100.0,1,0
LJ500_R063_C082,63,82,702250,9532750,2500,1000,2020,1,2020-01,13,0.6742,0,0.2142,0.0,0.1117,0,0,0,0,1.0,0.8048,0.2662,0.5638,-0.6788,100.0,1,0
LJ500_R063_C083,63,83,702750,9532750,3000,1000,2020,1,2020-01,13,0.2059,0,0.7941,0.0,0.0,0,0,0,0,1.0,0.7831,0.2556,0.5508,-0.6693,100.0,1,0
LJ500_R063_C084,63,84,703250,9532750,3500,1000,2020,1,2020-01,13,0.2973,0,0.7027,0.0,0.0,0,0,0,0,1.0,0.8078,0.2776,0.5831,-0.6913,100.0,1,0
LJ500_R063_C085,63,85,703750,9532750,4000,1000,2020,1,2020-01,13,0.1462,0,0.8538,0.0,0.0,0,0,0,0,1.0,0.814,0.3045,0.6102,-0.6969,100.0,1,0
LJ500_R063_C086,63,86,704250,9532750,4500,1000,2020,1,2020-01,13,0.3435,0,0.6565,0.0,0.0,0,0,0,0,1.0,0.8236,0.3219,0.6273,-0.7074,96.8,1,0
LJ500_R064_C077,64,77,699750,9533250,0,1500,2020,1,2020-01,13,0.3887,0,0.3116,0.0,0.2997,0,0,0,0,1.0,0.7719,0.2141,0.5062,-0.6627,100.0,1,0
LJ500_R064_C078,64,78,700250,9533250,500,1500,2020,1,2020-01,13,0.5382,0,0.082,0.0,0.3799,0,0,0,0,1.0,0.7262,0.1803,0.4669,-0.6372,100.0,1,0
LJ500_R064_C079,64,79,700750,9533250,1000,1500,2020,1,2020-01,13,0.4384,0,0.1474,0.0,0.4142,0,0,0,0,1.0,0.672,0.0647,0.3428,-0.6251,100.0,1,0
LJ500_R064_C080,64,80,701250,9533250,1500,1500,2020,1,2020-01,13,0.5951,0,0.4049,0.0,0.0,0,0,0,0,1.0,0.7517,0.1872,0.4836,-0.6738,91.04,1,0
LJ500_R064_C081,64,81,701750,9533250,2000,1500,2020,1,2020-01,13,0.5997,0,0.181,0.0,0.2193,0,0,0,0,1.0,0.8201,0.2743,0.5768,-0.7079,100.0,1,0
LJ500_R064_C082,64,82,702250,9533250,2500,1500,2020,1,2020-01,13,0.7276,0,0.2724,0.0,0.0,0,0,0,0,1.0,0.7746,0.23,0.5326,-0.6742,100.0,1,0
LJ500_R064_C083,64,83,702750,9533250,3000,1500,2020,1,2020-01,13,0.566,0,0.203,0.0,0.231,0,0,0,0,1.0,0.8044,0.2637,0.5747,-0.7017,100.0,1,0
LJ500_R064_C084,64,84,703250,9533250,3500,1500,2020,1,2020-01,13,0.235,0,0.7298,0.0,0.0352,0,0,0,0,1.0,0.8367,0.3265,0.6376,-0.7149,100.0,1,0
LJ500_R064_C085,64,85,703750,9533250,4000,1500,2020,1,2020-01,13,0.5109,0,0.4891,0.0,0.0,0,0,0,0,1.0,0.8394,0.3116,0.6216,-0.7285,100.0,1,0
LJ500_R064_C086,64,86,704250,9533250,4500,1500,2020,1,2020-01,13,0.748,0,0.252,0.0,0.0,0,0,0,0,1.0,0.7699,0.229,0.531,-0.6831,100.0,1,0
LJ500_R065_C077,65,77,699750,9533750,0,2000,2020,1,2020-01,13,0.312,0,0.4033,0.0,0.2847,0,0,0,0,1.0,0.7871,0.205,0.5047,-0.6806,100.0,1,0
LJ500_R065_C078,65,78,700250,9533750,500,2000,2020,1,2020-01,13,0.5913,0,0.4071,0.0,0.0016,0,0,0,0,1.0,0.7171,0.169,0.4523,-0.6435,68.48,1,0
LJ500_R065_C079,65,79,700750,9533750,1000,2000,2020,1,2020-01,13,0.3219,0,0.6781,0.0,0.0,0,0,0,0,1.0,0.6323,0.074,0.3458,-0.5921,70.72,1,0
LJ500_R065_C080,65,80,701250,9533750,1500,2000,2020,1,2020-01,13,0.8266,0,0.1734,0.0,0.0,0,0,0,0,1.0,0.7918,0.2845,0.5816,-0.6937,91.52,1,0
LJ500_R065_C081,65,81,701750,9533750,2000,2000,2020,1,2020-01,13,0.9017,0,0.0983,0.0,0.0,0,0,0,0,1.0,0.8036,0.2695,0.5696,-0.7035,100.0,1,0
LJ500_R065_C082,65,82,702250,9533750,2500,2000,2020,1,2020-01,13,0.7327,0,0.2673,0.0,0.0,0,0,0,0,1.0,0.8113,0.2721,0.5851,-0.7232,100.0,1,0
LJ500_R065_C083,65,83,702750,9533750,3000,2000,2020,1,2020-01,13,0.7802,0,0.1368,0.0,0.083,0,0,0,0,1.0,0.8454,0.3042,0.6181,-0.7313,100.0,1,0
LJ500_R065_C084,65,84,703250,9533750,3500,2000,2020,1,2020-01,13,0.3229,0,0.6771,0.0,0.0,0,0,0,0,1.0,0.8139,0.2805,0.5891,-0.7022,100.0,1,0
LJ500_R065_C085,65,85,703750,9533750,4000,2000,2020,1,2020-01,13,0.0167,0,0.9833,0.0,0.0,0,0,0,0,1.0,0.7335,0.1799,0.4775,-0.6617,100.0,1,0
LJ500_R065_C086,65,86,704250,9533750,4500,2000,2020,1,2020-01,13,0.7821,0,0.2179,0.0,0.0,0,0,0,0,1.0,0.7957,0.2805,0.5851,-0.7097,100.0,1,0
LJ500_R066_C077,66,77,699750,9534250,0,2500,2020,1,2020-01,13,0.5018,0,0.3517,0.0,0.1465,0,0,0,0,1.0,0.7807,0.2278,0.5144,-0.6677,73.76,1,0
LJ500_R066_C078,66,78,700250,9534250,500,2500,2020,1,2020-01,13,0.1232,0,0.8768,0.0,0.0,0,0,0,0,1.0,0.6051,0.108,0.3366,-0.5555,18.4,1,0
LJ500_R066_C079,66,79,700750,9534250,1000,2500,2020,1,2020-01,13,0.3332,0,0.6668,0.0,0.0,0,0,0,0,1.0,0.6128,0.1295,0.3836,-0.5671,55.36,1,0
LJ500_R066_C080,66,80,701250,9534250,1500,2500,2020,1,2020-01,13,0.9149,0,0.0851,0.0,0.0,0,0,0,0,1.0,0.7183,0.3206,0.6008,-0.6167,85.44,1,0
LJ500_R066_C081,66,81,701750,9534250,2000,2500,2020,1,2020-01,13,0.7037,0,0.2963,0.0,0.0,0,0,0,0,1.0,0.7001,0.2161,0.4943,-0.6337,59.36,1,0
LJ500_R066_C082,66,82,702250,9534250,2500,2500,2020,1,2020-01,13,0.6772,0,0.3228,0.0,0.0,0,0,0,0,1.0,0.7954,0.2684,0.5695,-0.7001,72.8,1,0
LJ500_R066_C083,66,83,702750,9534250,3000,2500,2020,1,2020-01,13,0.6289,0,0.3711,0.0,0.0,0,0,0,0,1.0,0.7931,0.2549,0.5566,-0.6908,100.0,1,0
LJ500_R066_C084,66,84,703250,9534250,3500,2500,2020,1,2020-01,13,0.7305,0,0.2695,0.0,0.0,0,0,0,0,1.0,0.7413,0.2031,0.4998,-0.6555,100.0,1,0
LJ500_R066_C085,66,85,703750,9534250,4000,2500,2020,1,2020-01,13,0.7865,0,0.2135,0.0,0.0,0,0,0,0,1.0,0.7709,0.2498,0.5489,-0.6853,100.0,1,0
LJ500_R066_C086,66,86,704250,9534250,4500,2500,2020,1,2020-01,13,1.0,0,0.0,0.0,0.0,0,0,0,0,1.0,0.7872,0.2932,0.5862,-0.6945,100.0,1,0
LJ500_R067_C077,67,77,699750,9534750,0,3000,2020,1,2020-01,13,0.7165,0,0.2835,0.0,0.0,0,0,0,0,1.0,0.7306,0.1606,0.4392,-0.6369,95.68,1,0
LJ500_R067_C078,67,78,700250,9534750,500,3000,2020,1,2020-01,13,0.8229,0,0.1771,0.0,0.0,0,0,0,0,1.0,0.6744,0.1137,0.3681,-0.6017,79.36,1,0
LJ500_R067_C079,67,79,700750,9534750,1000,3000,2020,1,2020-01,13,0.9659,0,0.0341,0.0,0.0,0,0,0,0,1.0,0.6525,0.178,0.4442,-0.5748,3.84,1,0
LJ500_R067_C080,67,80,701250,9534750,1500,3000,2020,1,2020-01,13,0.8944,0,0.1056,0.0,0.0,0,0,0,0,1.0,0.665,0.321,0.5759,-0.5611,11.68,1,0
LJ500_R067_C081,67,81,701750,9534750,2000,3000,2020,1,2020-01,13,0.7989,0,0.1897,0.0,0.0114,0,0,0,0,1.0,0.4325,0.3007,0.5103,-0.3381,0.16,1,0
LJ500_R067_C082,67,82,702250,9534750,2500,3000,2020,1,2020-01,13,1.0,0,0.0,0.0,0.0,0,0,0,0,1.0,0.7562,0.2536,0.5504,-0.6692,6.08,1,0
LJ500_R067_C083,67,83,702750,9534750,3000,3000,2020,1,2020-01,13,1.0,0,0.0,0.0,0.0,0,0,0,0,1.0,0.771,0.2849,0.5737,-0.6859,67.04,1,0
LJ500_R067_C084,67,84,703250,9534750,3500,3000,2020,1,2020-01,13,1.0,0,0.0,0.0,0.0,0,0,0,0,1.0,0.7491,0.2769,0.5581,-0.6738,100.0,1,0
LJ500_R067_C085,67,85,703750,9534750,4000,3000,2020,1,2020-01,13,1.0,0,0.0,0.0,0.0,0,0,0,0,1.0,0.7801,0.2974,0.5835,-0.6993,100.0,1,0
LJ500_R067_C086,67,86,704250,9534750,4500,3000,2020,1,2020-01,13,1.0,0,0.0,0.0,0.0,0,0,0,0,1.0,0.7573,0.307,0.5819,-0.6776,100.0,1,0
LJ500_R068_C077,68,77,699750,9535250,0,3500,2020,1,2020-01,13,0.065,0,0.935,0.0,0.0,0,0,0,0,1.0,0.7503,0.2197,0.4956,-0.6239,100.0,1,0
LJ500_R068_C078,68,78,700250,9535250,500,3500,2020,1,2020-01,13,0.7525,0,0.2475,0.0,0.0,0,0,0,0,1.0,0.764,0.2289,0.5075,-0.634,35.2,1,0
LJ500_R068_C079,68,79,700750,9535250,1000,3500,2020,1,2020-01,13,1.0,0,0.0,0.0,0.0,0,0,0,0,1.0,0.8325,0.3127,0.6062,-0.6918,6.56,1,0
LJ500_R068_C080,68,80,701250,9535250,1500,3500,2020,1,2020-01,13,0.8923,0,0.1077,0.0,0.0,0,0,0,0,1.0,,,,,0.0,1,1
LJ500_R068_C081,68,81,701750,9535250,2000,3500,2020,1,2020-01,13,0.6646,0,0.0767,0.0,0.2586,0,0,0,0,1.0,,,,,0.0,1,1
LJ500_R068_C082,68,82,702250,9535250,2500,3500,2020,1,2020-01,13,0.9399,0,0.0601,0.0,0.0,0,0,0,0,1.0,0.6683,0.3443,0.5513,-0.5667,0.16,1,0
LJ500_R068_C083,68,83,702750,9535250,3000,3500,2020,1,2020-01,13,1.0,0,0.0,0.0,0.0,0,0,0,0,1.0,0.7723,0.3808,0.6404,-0.6986,32.32,1,0
LJ500_R068_C084,68,84,703250,9535250,3500,3500,2020,1,2020-01,13,1.0,0,0.0,0.0,0.0,0,0,0,0,1.0,0.7259,0.3471,0.5994,-0.6567,63.36,1,0
LJ500_R068_C085,68,85,703750,9535250,4000,3500,2020,1,2020-01,13,1.0,0,0.0,0.0,0.0,0,0,0,0,1.0,0.7584,0.384,0.6444,-0.6828,64.48,1,0
LJ500_R068_C086,68,86,704250,9535250,4500,3500,2020,1,2020-01,13,1.0,0,0.0,0.0,0.0,0,0,0,0,1.0,0.6892,0.3242,0.5755,-0.6243,42.56,1,0
LJ500_R069_C077,69,77,699750,9535750,0,4000,2020,1,2020-01,13,0.0,0,0.9574,0.0426,0.0,0,0,0,0,1.0,0.7625,0.1896,0.4759,-0.6379,100.0,1,0
LJ500_R069_C078,69,78,700250,9535750,500,4000,2020,1,2020-01,13,0.4139,0,0.5115,0.0746,0.0,0,0,0,0,1.0,0.7925,0.2364,0.5335,-0.6746,84.16,1,0
LJ500_R069_C079,69,79,700750,9535750,1000,4000,2020,1,2020-01,13,0.6432,0,0.3568,0.0,0.0,0,0,0,0,1.0,0.7161,0.182,0.4622,-0.6236,22.56,1,0
LJ500_R069_C080,69,80,701250,9535750,1500,4000,2020,1,2020-01,13,0.8514,0,0.1486,0.0,0.0,0,0,0,0,1.0,,,,,0.0,1,1
LJ500_R069_C081,69,81,701750,9535750,2000,4000,2020,1,2020-01,13,1.0,0,0.0,0.0,0.0,0,0,0,0,1.0,0.422,0.0984,0.2116,-0.393,0.48,1,0
LJ500_R069_C082,69,82,702250,9535750,2500,4000,2020,1,2020-01,13,1.0,0,0.0,0.0,0.0,0,0,0,0,1.0,0.6587,0.3311,0.589,-0.5426,12.16,1,0
LJ500_R069_C083,69,83,702750,9535750,3000,4000,2020,1,2020-01,13,1.0,0,0.0,0.0,0.0,0,0,0,0,1.0,0.6707,0.3512,0.6,-0.5869,4.32,1,0
LJ500_R069_C084,69,84,703250,9535750,3500,4000,2020,1,2020-01,13,1.0,0,0.0,0.0,0.0,0,0,0,0,1.0,0.6507,0.3194,0.5521,-0.5949,23.84,1,0
LJ500_R069_C085,69,85,703750,9535750,4000,4000,2020,1,2020-01,13,1.0,0,0.0,0.0,0.0,0,0,0,0,1.0,,,,,0.0,1,1
LJ500_R069_C086,69,86,704250,9535750,4500,4000,2020,1,2020-01,13,1.0,0,0.0,0.0,0.0,0,0,0,0,1.0,,,,,0.0,1,1
LJ500_R070_C077,70,77,699750,9536250,0,4500,2020,1,2020-01,13,0.0,0,0.3423,0.4553,0.2024,0,0,0,0,1.0,0.7417,0.2166,0.5024,-0.6341,100.0,1,0
LJ500_R070_C078,70,78,700250,9536250,500,4500,2020,1,2020-01,13,0.0,0,0.3908,0.6092,0.0,0,0,0,0,1.0,0.7264,0.2162,0.4981,-0.6313,100.0,1,0
LJ500_R070_C079,70,79,700750,9536250,1000,4500,2020,1,2020-01,13,0.2082,0,0.7834,0.0084,0.0,0,0,0,0,1.0,0.7382,0.2094,0.4877,-0.6215,42.24,1,0
LJ500_R070_C080,70,80,701250,9536250,1500,4500,2020,1,2020-01,13,0.2813,0,0.7187,0.0,0.0,0,0,0,0,1.0,0.6339,0.2158,0.4757,-0.5429,21.44,1,0
LJ500_R070_C081,70,81,701750,9536250,2000,4500,2020,1,2020-01,13,0.9197,0,0.0803,0.0,0.0,0,0,0,0,1.0,0.6173,0.213,0.4433,-0.526,22.72,1,0
LJ500_R070_C082,70,82,702250,9536250,2500,4500,2020,1,2020-01,13,1.0,0,0.0,0.0,0.0,0,0,0,0,1.0,0.6938,0.2414,0.5129,-0.582,4.32,1,0
LJ500_R070_C083,70,83,702750,9536250,3000,4500,2020,1,2020-01,13,1.0,0,0.0,0.0,0.0,0,0,0,0,1.0,0.7772,0.3557,0.6373,-0.662,7.36,1,0
LJ500_R070_C084,70,84,703250,9536250,3500,4500,2020,1,2020-01,13,0.9943,0,0.0057,0.0,0.0,0,0,0,0,1.0,0.6138,0.3171,0.5761,-0.5176,14.56,1,0
LJ500_R070_C085,70,85,703750,9536250,4000,4500,2020,1,2020-01,13,1.0,0,0.0,0.0,0.0,0,0,0,0,1.0,,,,,0.0,1,1
LJ500_R070_C086,70,86,704250,9536250,4500,4500,2020,1,2020-01,13,1.0,0,0.0,0.0,0.0,0,0,0,0,1.0,0.7441,0.4347,0.6961,-0.6268,2.4,1,0
LJ500_R061_C077,61,77,699750,9531750,0,0,2020,2,2020-02,14,0.0,0,1.0,0.0,0.0,0,0,0,0,1.0,0.8327,0.2824,0.5797,-0.7191,100.0,1,0
LJ500_R061_C078,61,78,700250,9531750,500,0,2020,2,2020-02,14,0.0,0,0.9516,0.0,0.0484,0,0,0,0,1.0,0.8223,0.279,0.5719,-0.6988,100.0,1,0
LJ500_R061_C079,61,79,700750,9531750,1000,0,2020,2,2020-02,14,0.0,0,0.906,0.0,0.094,0,0,0,0,1.0,0.836,0.2979,0.5965,-0.7129,100.0,1,0
LJ500_R061_C080,61,80,701250,9531750,1500,0,2020,2,2020-02,14,0.1714,0,0.8229,0.0,0.0057,0,0,0,0,1.0,0.824,0.2694,0.5656,-0.6992,100.0,1,0
LJ500_R061_C081,61,81,701750,9531750,2000,0,2020,2,2020-02,14,0.0,0,1.0,0.0,0.0,0,0,0,0,1.0,0.7977,0.238,0.531,-0.6817,100.0,1,0
LJ500_R061_C082,61,82,702250,9531750,2500,0,2020,2,2020-02,14,0.0618,0,0.9382,0.0,0.0,0,0,0,0,1.0,0.8068,0.2511,0.5497,-0.6993,100.0,1,0
LJ500_R061_C083,61,83,702750,9531750,3000,0,2020,2,2020-02,14,0.5343,0,0.3633,0.1024,0.0,0,0,0,0,1.0,0.8182,0.3175,0.602,-0.7058,100.0,1,0
LJ500_R061_C084,61,84,703250,9531750,3500,0,2020,2,2020-02,14,0.7729,0,0.0,0.2271,0.0,0,0,0,0,1.0,0.8105,0.2447,0.5447,-0.7334,100.0,1,0
LJ500_R061_C085,61,85,703750,9531750,4000,0,2020,2,2020-02,14,0.709,0,0.291,0.0,0.0,0,0,0,0,1.0,0.8541,0.3128,0.6208,-0.7588,100.0,1,0
LJ500_R061_C086,61,86,704250,9531750,4500,0,2020,2,2020-02,14,1.0,0,0.0,0.0,0.0,0,0,0,0,1.0,0.7942,0.243,0.5435,-0.7079,100.0,1,0
LJ500_R062_C077,62,77,699750,9532250,0,500,2020,2,2020-02,14,0.0,0,0.7197,0.0,0.2803,0,0,0,0,1.0,0.7829,0.2134,0.4983,-0.6729,100.0,1,0
LJ500_R062_C078,62,78,700250,9532250,500,500,2020,2,2020-02,14,0.0,0,0.5947,0.0,0.4053,0,0,0,0,1.0,0.7815,0.23,0.5178,-0.6696,100.0,1,0
LJ500_R062_C079,62,79,700750,9532250,1000,500,2020,2,2020-02,14,0.0,0,0.771,0.0,0.229,0,0,0,0,1.0,0.7747,0.2109,0.4988,-0.6591,100.0,1,0
LJ500_R062_C080,62,80,701250,9532250,1500,500,2020,2,2020-02,14,0.235,0,0.6379,0.0,0.1271,0,0,0,0,1.0,0.7853,0.2113,0.5026,-0.6752,100.0,1,0
LJ500_R062_C081,62,81,701750,9532250,2000,500,2020,2,2020-02,14,0.0684,0,0.7378,0.0,0.1938,0,0,0,0,1.0,0.8084,0.2337,0.5277,-0.7051,100.0,1,0
LJ500_R062_C082,62,82,702250,9532250,2500,500,2020,2,2020-02,14,0.0973,0,0.9027,0.0,0.0,0,0,0,0,1.0,0.7958,0.2748,0.5676,-0.6834,100.0,1,0
LJ500_R062_C083,62,83,702750,9532250,3000,500,2020,2,2020-02,14,0.0473,0,0.9507,0.0019,0.0,0,0,0,0,1.0,0.7971,0.2802,0.5698,-0.6834,100.0,1,0
LJ500_R062_C084,62,84,703250,9532250,3500,500,2020,2,2020-02,14,0.2757,0,0.7209,0.0034,0.0,0,0,0,0,1.0,0.8504,0.308,0.6117,-0.7426,100.0,1,0
LJ500_R062_C085,62,85,703750,9532250,4000,500,2020,2,2020-02,14,0.0588,0,0.9412,0.0,0.0,0,0,0,0,1.0,0.8257,0.2764,0.5795,-0.721,100.0,1,0
LJ500_R062_C086,62,86,704250,9532250,4500,500,2020,2,2020-02,14,0.7611,0,0.2389,0.0,0.0,0,0,0,0,1.0,0.8076,0.2449,0.5502,-0.7172,100.0,1,0
LJ500_R063_C077,63,77,699750,9532750,0,1000,2020,2,2020-02,14,0.0,0,0.1158,0.0,0.8842,0,0,0,0,1.0,0.7074,0.1412,0.4125,-0.6214,100.0,1,0
LJ500_R063_C078,63,78,700250,9532750,500,1000,2020,2,2020-02,14,0.0328,0,0.3431,0.0,0.624,0,0,0,0,1.0,0.7492,0.1859,0.4594,-0.6584,100.0,1,0
LJ500_R063_C079,63,79,700750,9532750,1000,1000,2020,2,2020-02,14,0.2883,0,0.3768,0.0,0.3349,0,0,0,0,1.0,0.7426,0.1861,0.4636,-0.6563,100.0,1,0
LJ500_R063_C080,63,80,701250,9532750,1500,1000,2020,2,2020-02,14,0.1673,0,0.4746,0.0,0.358,0,0,0,0,1.0,0.7095,0.1246,0.4036,-0.6475,100.0,1,0
LJ500_R063_C081,63,81,701750,9532750,2000,1000,2020,2,2020-02,14,0.0165,0,0.5433,0.0,0.4402,0,0,0,0,1.0,0.7678,0.194,0.4877,-0.6797,100.0,1,0
LJ500_R063_C082,63,82,702250,9532750,2500,1000,2020,2,2020-02,14,0.6742,0,0.2142,0.0,0.1117,0,0,0,0,1.0,0.829,0.2713,0.5704,-0.7107,100.0,1,0
LJ500_R063_C083,63,83,702750,9532750,3000,1000,2020,2,2020-02,14,0.2059,0,0.7941,0.0,0.0,0,0,0,0,1.0,0.8108,0.259,0.5539,-0.7047,100.0,1,0
LJ500_R063_C084,63,84,703250,9532750,3500,1000,2020,2,2020-02,14,0.2973,0,0.7027,0.0,0.0,0,0,0,0,1.0,0.8358,0.2765,0.5815,-0.7299,100.0,1,0
LJ500_R063_C085,63,85,703750,9532750,4000,1000,2020,2,2020-02,14,0.1462,0,0.8538,0.0,0.0,0,0,0,0,1.0,0.8408,0.2993,0.604,-0.7309,100.0,1,0
LJ500_R063_C086,63,86,704250,9532750,4500,1000,2020,2,2020-02,14,0.3435,0,0.6565,0.0,0.0,0,0,0,0,1.0,0.8534,0.3157,0.6233,-0.7433,100.0,1,0
LJ500_R064_C077,64,77,699750,9533250,0,1500,2020,2,2020-02,14,0.3887,0,0.3116,0.0,0.2997,0,0,0,0,1.0,0.8099,0.2486,0.5431,-0.6945,100.0,1,0
LJ500_R064_C078,64,78,700250,9533250,500,1500,2020,2,2020-02,14,0.5382,0,0.082,0.0,0.3799,0,0,0,0,1.0,0.764,0.1982,0.483,-0.6721,100.0,1,0
LJ500_R064_C079,64,79,700750,9533250,1000,1500,2020,2,2020-02,14,0.4384,0,0.1474,0.0,0.4142,0,0,0,0,1.0,0.7162,0.0978,0.3745,-0.6595,100.0,1,0
LJ500_R064_C080,64,80,701250,9533250,1500,1500,2020,2,2020-02,14,0.5951,0,0.4049,0.0,0.0,0,0,0,0,1.0,0.7869,0.2008,0.4956,-0.7061,100.0,1,0
LJ500_R064_C081,64,81,701750,9533250,2000,1500,2020,2,2020-02,14,0.5997,0,0.181,0.0,0.2193,0,0,0,0,1.0,0.8451,0.2885,0.5894,-0.7342,100.0,1,0
LJ500_R064_C082,64,82,702250,9533250,2500,1500,2020,2,2020-02,14,0.7276,0,0.2724,0.0,0.0,0,0,0,0,1.0,0.8064,0.2389,0.5414,-0.7104,100.0,1,0
LJ500_R064_C083,64,83,702750,9533250,3000,1500,2020,2,2020-02,14,0.566,0,0.203,0.0,0.231,0,0,0,0,1.0,0.8446,0.2766,0.5906,-0.7481,100.0,1,0
LJ500_R064_C084,64,84,703250,9533250,3500,1500,2020,2,2020-02,14,0.235,0,0.7298,0.0,0.0352,0,0,0,0,1.0,0.8728,0.3262,0.6354,-0.7654,100.0,1,0
LJ500_R064_C085,64,85,703750,9533250,4000,1500,2020,2,2020-02,14,0.5109,0,0.4891,0.0,0.0,0,0,0,0,1.0,0.8645,0.3143,0.6215,-0.7624,100.0,1,0
LJ500_R064_C086,64,86,704250,9533250,4500,1500,2020,2,2020-02,14,0.748,0,0.252,0.0,0.0,0,0,0,0,1.0,0.7934,0.2313,0.5287,-0.7092,100.0,1,0
LJ500_R065_C077,65,77,699750,9533750,0,2000,2020,2,2020-02,14,0.312,0,0.4033,0.0,0.2847,0,0,0,0,1.0,0.8192,0.2639,0.5631,-0.6992,100.0,1,0
LJ500_R065_C078,65,78,700250,9533750,500,2000,2020,2,2020-02,14,0.5913,0,0.4071,0.0,0.0016,0,0,0,0,1.0,0.7478,0.1923,0.4766,-0.6703,100.0,1,0
LJ500_R065_C079,65,79,700750,9533750,1000,2000,2020,2,2020-02,14,0.3219,0,0.6781,0.0,0.0,0,0,0,0,1.0,0.6929,0.1017,0.3717,-0.6497,100.0,1,0
LJ500_R065_C080,65,80,701250,9533750,1500,2000,2020,2,2020-02,14,0.8266,0,0.1734,0.0,0.0,0,0,0,0,1.0,0.873,0.3294,0.6332,-0.7661,100.0,1,0
LJ500_R065_C081,65,81,701750,9533750,2000,2000,2020,2,2020-02,14,0.9017,0,0.0983,0.0,0.0,0,0,0,0,1.0,0.842,0.2896,0.5893,-0.7412,100.0,1,0
LJ500_R065_C082,65,82,702250,9533750,2500,2000,2020,2,2020-02,14,0.7327,0,0.2673,0.0,0.0,0,0,0,0,1.0,0.8333,0.2784,0.5876,-0.7471,100.0,1,0
LJ500_R065_C083,65,83,702750,9533750,3000,2000,2020,2,2020-02,14,0.7802,0,0.1368,0.0,0.083,0,0,0,0,1.0,0.8597,0.3202,0.6266,-0.7498,100.0,1,0
LJ500_R065_C084,65,84,703250,9533750,3500,2000,2020,2,2020-02,14,0.3229,0,0.6771,0.0,0.0,0,0,0,0,1.0,0.8434,0.2828,0.5906,-0.7431,100.0,1,0
LJ500_R065_C085,65,85,703750,9533750,4000,2000,2020,2,2020-02,14,0.0167,0,0.9833,0.0,0.0,0,0,0,0,1.0,0.7597,0.1811,0.4747,-0.6929,100.0,1,0
LJ500_R065_C086,65,86,704250,9533750,4500,2000,2020,2,2020-02,14,0.7821,0,0.2179,0.0,0.0,0,0,0,0,1.0,0.8248,0.2864,0.5898,-0.7399,100.0,1,0
LJ500_R066_C077,66,77,699750,9534250,0,2500,2020,2,2020-02,14,0.5018,0,0.3517,0.0,0.1465,0,0,0,0,1.0,0.8052,0.2807,0.571,-0.6805,93.6,1,0
LJ500_R066_C078,66,78,700250,9534250,500,2500,2020,2,2020-02,14,0.1232,0,0.8768,0.0,0.0,0,0,0,0,1.0,0.6577,0.1148,0.3686,-0.6026,57.76,1,0
LJ500_R066_C079,66,79,700750,9534250,1000,2500,2020,2,2020-02,14,0.3332,0,0.6668,0.0,0.0,0,0,0,0,1.0,0.68,0.1237,0.3758,-0.6372,97.44,1,0
LJ500_R066_C080,66,80,701250,9534250,1500,2500,2020,2,2020-02,14,0.9149,0,0.0851,0.0,0.0,0,0,0,0,1.0,0.7672,0.2624,0.5428,-0.6903,98.88,1,0
LJ500_R066_C081,66,81,701750,9534250,2000,2500,2020,2,2020-02,14,0.7037,0,0.2963,0.0,0.0,0,0,0,0,1.0,0.7738,0.2439,0.5343,-0.7021,100.0,1,0
LJ500_R066_C082,66,82,702250,9534250,2500,2500,2020,2,2020-02,14,0.6772,0,0.3228,0.0,0.0,0,0,0,0,1.0,0.8377,0.2989,0.5984,-0.7369,100.0,1,0
LJ500_R066_C083,66,83,702750,9534250,3000,2500,2020,2,2020-02,14,0.6289,0,0.3711,0.0,0.0,0,0,0,0,1.0,0.8233,0.27,0.5699,-0.7216,100.0,1,0
LJ500_R066_C084,66,84,703250,9534250,3500,2500,2020,2,2020-02,14,0.7305,0,0.2695,0.0,0.0,0,0,0,0,1.0,0.7706,0.2076,0.5024,-0.6884,100.0,1,0
LJ500_R066_C085,66,85,703750,9534250,4000,2500,2020,2,2020-02,14,0.7865,0,0.2135,0.0,0.0,0,0,0,0,1.0,0.7956,0.2541,0.55,-0.7132,100.0,1,0
LJ500_R066_C086,66,86,704250,9534250,4500,2500,2020,2,2020-02,14,1.0,0,0.0,0.0,0.0,0,0,0,0,1.0,0.8174,0.2971,0.5908,-0.7286,100.0,1,0
LJ500_R067_C077,67,77,699750,9534750,0,3000,2020,2,2020-02,14,0.7165,0,0.2835,0.0,0.0,0,0,0,0,1.0,0.7886,0.2633,0.5486,-0.6714,23.52,1,0
LJ500_R067_C078,67,78,700250,9534750,500,3000,2020,2,2020-02,14,0.8229,0,0.1771,0.0,0.0,0,0,0,0,1.0,0.7102,0.1775,0.4348,-0.6305,19.84,1,0
LJ500_R067_C079,67,79,700750,9534750,1000,3000,2020,2,2020-02,14,0.9659,0,0.0341,0.0,0.0,0,0,0,0,1.0,0.7092,0.1656,0.4264,-0.639,28.32,1,0
LJ500_R067_C080,67,80,701250,9534750,1500,3000,2020,2,2020-02,14,0.8944,0,0.1056,0.0,0.0,0,0,0,0,1.0,0.5924,0.284,0.5364,-0.4903,13.28,1,0
LJ500_R067_C081,67,81,701750,9534750,2000,3000,2020,2,2020-02,14,0.7989,0,0.1897,0.0,0.0114,0,0,0,0,1.0,0.789,0.3134,0.596,-0.7096,56.8,1,0
LJ500_R067_C082,67,82,702250,9534750,2500,3000,2020,2,2020-02,14,1.0,0,0.0,0.0,0.0,0,0,0,0,1.0,0.8032,0.3081,0.5959,-0.7217,100.0,1,0
LJ500_R067_C083,67,83,702750,9534750,3000,3000,2020,2,2020-02,14,1.0,0,0.0,0.0,0.0,0,0,0,0,1.0,0.8037,0.3064,0.5936,-0.7192,100.0,1,0
LJ500_R067_C084,67,84,703250,9534750,3500,3000,2020,2,2020-02,14,1.0,0,0.0,0.0,0.0,0,0,0,0,1.0,0.785,0.2766,0.5592,-0.7125,100.0,1,0
LJ500_R067_C085,67,85,703750,9534750,4000,3000,2020,2,2020-02,14,1.0,0,0.0,0.0,0.0,0,0,0,0,1.0,0.8144,0.3003,0.5893,-0.7367,100.0,1,0
LJ500_R067_C086,67,86,704250,9534750,4500,3000,2020,2,2020-02,14,1.0,0,0.0,0.0,0.0,0,0,0,0,1.0,0.8031,0.3065,0.5882,-0.7279,100.0,1,0
LJ500_R068_C077,68,77,699750,9535250,0,3500,2020,2,2020-02,14,0.065,0,0.935,0.0,0.0,0,0,0,0,1.0,0.8251,0.2694,0.5527,-0.6874,17.44,1,0
LJ500_R068_C078,68,78,700250,9535250,500,3500,2020,2,2020-02,14,0.7525,0,0.2475,0.0,0.0,0,0,0,0,1.0,0.7876,0.2179,0.4908,-0.6677,22.88,1,0
LJ500_R068_C079,68,79,700750,9535250,1000,3500,2020,2,2020-02,14,1.0,0,0.0,0.0,0.0,0,0,0,0,1.0,0.7657,0.2233,0.4982,-0.6838,4.96,1,0
LJ500_R068_C080,68,80,701250,9535250,1500,3500,2020,2,2020-02,14,0.8923,0,0.1077,0.0,0.0,0,0,0,0,1.0,0.643,0.154,0.3858,-0.5964,12.8,1,0
LJ500_R068_C081,68,81,701750,9535250,2000,3500,2020,2,2020-02,14,0.6646,0,0.0767,0.0,0.2586,0,0,0,0,1.0,0.6405,0.1708,0.4246,-0.601,87.04,1,0
LJ500_R068_C082,68,82,702250,9535250,2500,3500,2020,2,2020-02,14,0.9399,0,0.0601,0.0,0.0,0,0,0,0,1.0,0.804,0.3344,0.6089,-0.7331,100.0,1,0
LJ500_R068_C083,68,83,702750,9535250,3000,3500,2020,2,2020-02,14,1.0,0,0.0,0.0,0.0,0,0,0,0,1.0,0.8236,0.3866,0.6531,-0.7503,100.0,1,0
LJ500_R068_C084,68,84,703250,9535250,3500,3500,2020,2,2020-02,14,1.0,0,0.0,0.0,0.0,0,0,0,0,1.0,0.8155,0.371,0.643,-0.7463,100.0,1,0
LJ500_R068_C085,68,85,703750,9535250,4000,3500,2020,2,2020-02,14,1.0,0,0.0,0.0,0.0,0,0,0,0,1.0,0.7664,0.3595,0.6216,-0.7003,99.2,1,0
LJ500_R068_C086,68,86,704250,9535250,4500,3500,2020,2,2020-02,14,1.0,0,0.0,0.0,0.0,0,0,0,0,1.0,0.8031,0.3572,0.6277,-0.7354,71.84,1,0
LJ500_R069_C077,69,77,699750,9535750,0,4000,2020,2,2020-02,14,0.0,0,0.9574,0.0426,0.0,0,0,0,0,1.0,0.7919,0.2179,0.5033,-0.6635,92.48,1,0
LJ500_R069_C078,69,78,700250,9535750,500,4000,2020,2,2020-02,14,0.4139,0,0.5115,0.0746,0.0,0,0,0,0,1.0,0.806,0.2485,0.5381,-0.6906,90.08,1,0
LJ500_R069_C079,69,79,700750,9535750,1000,4000,2020,2,2020-02,14,0.6432,0,0.3568,0.0,0.0,0,0,0,0,1.0,0.7215,0.1534,0.4137,-0.6501,96.48,1,0
LJ500_R069_C080,69,80,701250,9535750,1500,4000,2020,2,2020-02,14,0.8514,0,0.1486,0.0,0.0,0,0,0,0,1.0,0.7605,0.2126,0.4903,-0.6786,91.84,1,0
LJ500_R069_C081,69,81,701750,9535750,2000,4000,2020,2,2020-02,14,1.0,0,0.0,0.0,0.0,0,0,0,0,1.0,0.8131,0.2974,0.5857,-0.7174,100.0,1,0
LJ500_R069_C082,69,82,702250,9535750,2500,4000,2020,2,2020-02,14,1.0,0,0.0,0.0,0.0,0,0,0,0,1.0,0.7991,0.297,0.5807,-0.713,100.0,1,0
LJ500_R069_C083,69,83,702750,9535750,3000,4000,2020,2,2020-02,14,1.0,0,0.0,0.0,0.0,0,0,0,0,1.0,0.8093,0.3276,0.6054,-0.7365,96.8,1,0
LJ500_R069_C084,69,84,703250,9535750,3500,4000,2020,2,2020-02,14,1.0,0,0.0,0.0,0.0,0,0,0,0,1.0,0.7275,0.3227,0.5811,-0.6662,68.0,1,0
LJ500_R069_C085,69,85,703750,9535750,4000,4000,2020,2,2020-02,14,1.0,0,0.0,0.0,0.0,0,0,0,0,1.0,0.607,0.2521,0.4847,-0.5619,62.72,1,0
LJ500_R069_C086,69,86,704250,9535750,4500,4000,2020,2,2020-02,14,1.0,0,0.0,0.0,0.0,0,0,0,0,1.0,0.7667,0.2999,0.5594,-0.7167,0.48,1,0
LJ500_R070_C077,70,77,699750,9536250,0,4500,2020,2,2020-02,14,0.0,0,0.3423,0.4553,0.2024,0,0,0,0,1.0,0.7687,0.2453,0.5284,-0.667,100.0,1,0
LJ500_R070_C078,70,78,700250,9536250,500,4500,2020,2,2020-02,14,0.0,0,0.3908,0.6092,0.0,0,0,0,0,1.0,0.7347,0.2398,0.5119,-0.6433,100.0,1,0
LJ500_R070_C079,70,79,700750,9536250,1000,4500,2020,2,2020-02,14,0.2082,0,0.7834,0.0084,0.0,0,0,0,0,1.0,0.7326,0.1953,0.4434,-0.6294,100.0,1,0
LJ500_R070_C080,70,80,701250,9536250,1500,4500,2020,2,2020-02,14,0.2813,0,0.7187,0.0,0.0,0,0,0,0,1.0,0.7899,0.2121,0.4864,-0.6855,100.0,1,0
LJ500_R070_C081,70,81,701750,9536250,2000,4500,2020,2,2020-02,14,0.9197,0,0.0803,0.0,0.0,0,0,0,0,1.0,0.813,0.2558,0.5508,-0.7122,100.0,1,0
LJ500_R070_C082,70,82,702250,9536250,2500,4500,2020,2,2020-02,14,1.0,0,0.0,0.0,0.0,0,0,0,0,1.0,0.7714,0.2208,0.5005,-0.6868,94.08,1,0
LJ500_R070_C083,70,83,702750,9536250,3000,4500,2020,2,2020-02,14,1.0,0,0.0,0.0,0.0,0,0,0,0,1.0,0.7632,0.3175,0.6026,-0.6703,39.84,1,0
LJ500_R070_C084,70,84,703250,9536250,3500,4500,2020,2,2020-02,14,0.9943,0,0.0057,0.0,0.0,0,0,0,0,1.0,0.7628,0.2586,0.5384,-0.6983,58.88,1,0
LJ500_R070_C085,70,85,703750,9536250,4000,4500,2020,2,2020-02,14,1.0,0,0.0,0.0,0.0,0,0,0,0,1.0,0.7714,0.3109,0.5798,-0.7182,78.24,1,0
LJ500_R070_C086,70,86,704250,9536250,4500,4500,2020,2,2020-02,14,1.0,0,0.0,0.0,0.0,0,0,0,0,1.0,0.8162,0.3443,0.6227,-0.7482,82.72,1,0
LJ500_R061_C077,61,77,699750,9531750,0,0,2020,3,2020-03,15,0.0,0,1.0,0.0,0.0,0,0,0,0,1.0,0.8103,0.2646,0.5597,-0.7097,100.0,1,0
LJ500_R061_C078,61,78,700250,9531750,500,0,2020,3,2020-03,15,0.0,0,0.9516,0.0,0.0484,0,0,0,0,1.0,0.802,0.2724,0.5651,-0.6889,100.0,1,0
LJ500_R061_C079,61,79,700750,9531750,1000,0,2020,3,2020-03,15,0.0,0,0.906,0.0,0.094,0,0,0,0,1.0,0.8161,0.29,0.5845,-0.7037,100.0,1,0
LJ500_R061_C080,61,80,701250,9531750,1500,0,2020,3,2020-03,15,0.1714,0,0.8229,0.0,0.0057,0,0,0,0,1.0,0.7937,0.269,0.5612,-0.6761,100.0,1,0
LJ500_R061_C081,61,81,701750,9531750,2000,0,2020,3,2020-03,15,0.0,0,1.0,0.0,0.0,0,0,0,0,1.0,0.7677,0.2416,0.5311,-0.6557,100.0,1,0
LJ500_R061_C082,61,82,702250,9531750,2500,0,2020,3,2020-03,15,0.0618,0,0.9382,0.0,0.0,0,0,0,0,1.0,0.7821,0.2513,0.5464,-0.6816,100.0,1,0
LJ500_R061_C083,61,83,702750,9531750,3000,0,2020,3,2020-03,15,0.5343,0,0.3633,0.1024,0.0,0,0,0,0,1.0,0.8451,0.3299,0.6245,-0.7349,83.04,1,0
LJ500_R061_C084,61,84,703250,9531750,3500,0,2020,3,2020-03,15,0.7729,0,0.0,0.2271,0.0,0,0,0,0,1.0,0.7938,0.2509,0.5432,-0.7191,70.72,1,0
LJ500_R061_C085,61,85,703750,9531750,4000,0,2020,3,2020-03,15,0.709,0,0.291,0.0,0.0,0,0,0,0,1.0,0.8364,0.3118,0.6125,-0.7437,64.32,1,0
LJ500_R061_C086,61,86,704250,9531750,4500,0,2020,3,2020-03,15,1.0,0,0.0,0.0,0.0,0,0,0,0,1.0,0.7659,0.2241,0.5191,-0.6842,55.2,1,0
LJ500_R062_C077,62,77,699750,9532250,0,500,2020,3,2020-03,15,0.0,0,0.7197,0.0,0.2803,0,0,0,0,1.0,0.774,0.2206,0.5048,-0.6709,100.0,1,0
LJ500_R062_C078,62,78,700250,9532250,500,500,2020,3,2020-03,15,0.0,0,0.5947,0.0,0.4053,0,0,0,0,1.0,0.7767,0.238,0.5258,-0.6668,100.0,1,0
LJ500_R062_C079,62,79,700750,9532250,1000,500,2020,3,2020-03,15,0.0,0,0.771,0.0,0.229,0,0,0,0,1.0,0.7657,0.2145,0.5,-0.653,100.0,1,0
LJ500_R062_C080,62,80,701250,9532250,1500,500,2020,3,2020-03,15,0.235,0,0.6379,0.0,0.1271,0,0,0,0,1.0,0.7743,0.2226,0.5126,-0.6657,100.0,1,0
LJ500_R062_C081,62,81,701750,9532250,2000,500,2020,3,2020-03,15,0.0684,0,0.7378,0.0,0.1938,0,0,0,0,1.0,0.7826,0.2323,0.525,-0.6855,100.0,1,0
LJ500_R062_C082,62,82,702250,9532250,2500,500,2020,3,2020-03,15,0.0973,0,0.9027,0.0,0.0,0,0,0,0,1.0,0.8071,0.2721,0.5702,-0.7007,100.0,1,0
LJ500_R062_C083,62,83,702750,9532250,3000,500,2020,3,2020-03,15,0.0473,0,0.9507,0.0019,0.0,0,0,0,0,1.0,0.8017,0.2691,0.5589,-0.6973,100.0,1,0
LJ500_R062_C084,62,84,703250,9532250,3500,500,2020,3,2020-03,15,0.2757,0,0.7209,0.0034,0.0,0,0,0,0,1.0,0.8318,0.2971,0.5939,-0.7336,100.0,1,0
LJ500_R062_C085,62,85,703750,9532250,4000,500,2020,3,2020-03,15,0.0588,0,0.9412,0.0,0.0,0,0,0,0,1.0,0.8155,0.2709,0.5708,-0.7172,100.0,1,0
LJ500_R062_C086,62,86,704250,9532250,4500,500,2020,3,2020-03,15,0.7611,0,0.2389,0.0,0.0,0,0,0,0,1.0,0.7836,0.2368,0.5354,-0.6994,100.0,1,0
LJ500_R063_C077,63,77,699750,9532750,0,1000,2020,3,2020-03,15,0.0,0,0.1158,0.0,0.8842,0,0,0,0,1.0,0.7019,0.1499,0.4254,-0.6126,100.0,1,0
LJ500_R063_C078,63,78,700250,9532750,500,1000,2020,3,2020-03,15,0.0328,0,0.3431,0.0,0.624,0,0,0,0,1.0,0.747,0.1983,0.4783,-0.652,100.0,1,0
LJ500_R063_C079,63,79,700750,9532750,1000,1000,2020,3,2020-03,15,0.2883,0,0.3768,0.0,0.3349,0,0,0,0,1.0,0.7458,0.1956,0.4792,-0.6552,100.0,1,0
LJ500_R063_C080,63,80,701250,9532750,1500,1000,2020,3,2020-03,15,0.1673,0,0.4746,0.0,0.358,0,0,0,0,1.0,0.7217,0.1453,0.4322,-0.6531,100.0,1,0
LJ500_R063_C081,63,81,701750,9532750,2000,1000,2020,3,2020-03,15,0.0165,0,0.5433,0.0,0.4402,0,0,0,0,1.0,0.7685,0.2063,0.5024,-0.6783,100.0,1,0
LJ500_R063_C082,63,82,702250,9532750,2500,1000,2020,3,2020-03,15,0.6742,0,0.2142,0.0,0.1117,0,0,0,0,1.0,0.8057,0.2777,0.573,-0.6931,100.0,1,0
LJ500_R063_C083,63,83,702750,9532750,3000,1000,2020,3,2020-03,15,0.2059,0,0.7941,0.0,0.0,0,0,0,0,1.0,0.7814,0.2591,0.5482,-0.6833,100.0,1,0
LJ500_R063_C084,63,84,703250,9532750,3500,1000,2020,3,2020-03,15,0.2973,0,0.7027,0.0,0.0,0,0,0,0,1.0,0.8153,0.2703,0.5705,-0.7185,100.0,1,0
LJ500_R063_C085,63,85,703750,9532750,4000,1000,2020,3,2020-03,15,0.1462,0,0.8538,0.0,0.0,0,0,0,0,1.0,0.8229,0.2877,0.5871,-0.7243,100.0,1,0
LJ500_R063_C086,63,86,704250,9532750,4500,1000,2020,3,2020-03,15,0.3435,0,0.6565,0.0,0.0,0,0,0,0,1.0,0.811,0.2992,0.5973,-0.7136,100.0,1,0
LJ500_R064_C077,64,77,699750,9533250,0,1500,2020,3,2020-03,15,0.3887,0,0.3116,0.0,0.2997,0,0,0,0,1.0,0.7948,0.2531,0.5498,-0.6812,100.0,1,0
LJ500_R064_C078,64,78,700250,9533250,500,1500,2020,3,2020-03,15,0.5382,0,0.082,0.0,0.3799,0,0,0,0,1.0,0.7429,0.2069,0.4938,-0.6474,100.0,1,0
LJ500_R064_C079,64,79,700750,9533250,1000,1500,2020,3,2020-03,15,0.4384,0,0.1474,0.0,0.4142,0,0,0,0,1.0,0.7047,0.1233,0.4053,-0.6413,100.0,1,0
LJ500_R064_C080,64,80,701250,9533250,1500,1500,2020,3,2020-03,15,0.5951,0,0.4049,0.0,0.0,0,0,0,0,1.0,0.7704,0.2183,0.5128,-0.6854,100.0,1,0
LJ500_R064_C081,64,81,701750,9533250,2000,1500,2020,3,2020-03,15,0.5997,0,0.181,0.0,0.2193,0,0,0,0,1.0,0.8256,0.2905,0.5879,-0.72,100.0,1,0
LJ500_R064_C082,64,82,702250,9533250,2500,1500,2020,3,2020-03,15,0.7276,0,0.2724,0.0,0.0,0,0,0,0,1.0,0.783,0.2467,0.5448,-0.6919,100.0,1,0
LJ500_R064_C083,64,83,702750,9533250,3000,1500,2020,3,2020-03,15,0.566,0,0.203,0.0,0.231,0,0,0,0,1.0,0.8128,0.276,0.5821,-0.7255,100.0,1,0
LJ500_R064_C084,64,84,703250,9533250,3500,1500,2020,3,2020-03,15,0.235,0,0.7298,0.0,0.0352,0,0,0,0,1.0,0.8227,0.3257,0.6281,-0.7216,100.0,1,0
LJ500_R064_C085,64,85,703750,9533250,4000,1500,2020,3,2020-03,15,0.5109,0,0.4891,0.0,0.0,0,0,0,0,1.0,0.8174,0.3044,0.6032,-0.7227,100.0,1,0
LJ500_R064_C086,64,86,704250,9533250,4500,1500,2020,3,2020-03,15,0.748,0,0.252,0.0,0.0,0,0,0,0,1.0,0.7451,0.2266,0.5184,-0.6674,100.0,1,0
LJ500_R065_C077,65,77,699750,9533750,0,2000,2020,3,2020-03,15,0.312,0,0.4033,0.0,0.2847,0,0,0,0,1.0,0.8053,0.2573,0.557,-0.6885,100.0,1,0
LJ500_R065_C078,65,78,700250,9533750,500,2000,2020,3,2020-03,15,0.5913,0,0.4071,0.0,0.0016,0,0,0,0,1.0,0.7292,0.1944,0.481,-0.6467,100.0,1,0
LJ500_R065_C079,65,79,700750,9533750,1000,2000,2020,3,2020-03,15,0.3219,0,0.6781,0.0,0.0,0,0,0,0,1.0,0.6635,0.1043,0.3772,-0.6149,100.0,1,0
LJ500_R065_C080,65,80,701250,9533750,1500,2000,2020,3,2020-03,15,0.8266,0,0.1734,0.0,0.0,0,0,0,0,1.0,0.8568,0.3346,0.6372,-0.7525,100.0,1,0
LJ500_R065_C081,65,81,701750,9533750,2000,2000,2020,3,2020-03,15,0.9017,0,0.0983,0.0,0.0,0,0,0,0,1.0,0.8139,0.2887,0.5849,-0.7156,100.0,1,0
LJ500_R065_C082,65,82,702250,9533750,2500,2000,2020,3,2020-03,15,0.7327,0,0.2673,0.0,0.0,0,0,0,0,1.0,0.8017,0.2697,0.5741,-0.7213,100.0,1,0
LJ500_R065_C083,65,83,702750,9533750,3000,2000,2020,3,2020-03,15,0.7802,0,0.1368,0.0,0.083,0,0,0,0,1.0,0.8301,0.3114,0.6155,-0.7296,100.0,1,0
LJ500_R065_C084,65,84,703250,9533750,3500,2000,2020,3,2020-03,15,0.3229,0,0.6771,0.0,0.0,0,0,0,0,1.0,0.7911,0.2801,0.5786,-0.6981,100.0,1,0
LJ500_R065_C085,65,85,703750,9533750,4000,2000,2020,3,2020-03,15,0.0167,0,0.9833,0.0,0.0,0,0,0,0,1.0,0.717,0.1877,0.4755,-0.6514,100.0,1,0
LJ500_R065_C086,65,86,704250,9533750,4500,2000,2020,3,2020-03,15,0.7821,0,0.2179,0.0,0.0,0,0,0,0,1.0,0.7812,0.2847,0.5803,-0.6962,100.0,1,0
LJ500_R066_C077,66,77,699750,9534250,0,2500,2020,3,2020-03,15,0.5018,0,0.3517,0.0,0.1465,0,0,0,0,1.0,0.7923,0.269,0.5605,-0.6742,100.0,1,0
LJ500_R066_C078,66,78,700250,9534250,500,2500,2020,3,2020-03,15,0.1232,0,0.8768,0.0,0.0,0,0,0,0,1.0,0.6643,0.1349,0.3997,-0.5932,100.0,1,0
LJ500_R066_C079,66,79,700750,9534250,1000,2500,2020,3,2020-03,15,0.3332,0,0.6668,0.0,0.0,0,0,0,0,1.0,0.6531,0.1215,0.3806,-0.6046,100.0,1,0
LJ500_R066_C080,66,80,701250,9534250,1500,2500,2020,3,2020-03,15,0.9149,0,0.0851,0.0,0.0,0,0,0,0,1.0,0.779,0.2659,0.5602,-0.6947,100.0,1,0
LJ500_R066_C081,66,81,701750,9534250,2000,2500,2020,3,2020-03,15,0.7037,0,0.2963,0.0,0.0,0,0,0,0,1.0,0.7472,0.2382,0.5287,-0.6719,100.0,1,0
LJ500_R066_C082,66,82,702250,9534250,2500,2500,2020,3,2020-03,15,0.6772,0,0.3228,0.0,0.0,0,0,0,0,1.0,0.8093,0.2896,0.587,-0.7132,100.0,1,0
LJ500_R066_C083,66,83,702750,9534250,3000,2500,2020,3,2020-03,15,0.6289,0,0.3711,0.0,0.0,0,0,0,0,1.0,0.8012,0.2682,0.5661,-0.702,100.0,1,0
LJ500_R066_C084,66,84,703250,9534250,3500,2500,2020,3,2020-03,15,0.7305,0,0.2695,0.0,0.0,0,0,0,0,1.0,0.7254,0.2167,0.5059,-0.6409,100.0,1,0
LJ500_R066_C085,66,85,703750,9534250,4000,2500,2020,3,2020-03,15,0.7865,0,0.2135,0.0,0.0,0,0,0,0,1.0,0.7469,0.2524,0.5444,-0.6633,100.0,1,0
LJ500_R066_C086,66,86,704250,9534250,4500,2500,2020,3,2020-03,15,1.0,0,0.0,0.0,0.0,0,0,0,0,1.0,0.7694,0.2958,0.5816,-0.6783,100.0,1,0
LJ500_R067_C077,67,77,699750,9534750,0,3000,2020,3,2020-03,15,0.7165,0,0.2835,0.0,0.0,0,0,0,0,1.0,0.7287,0.1884,0.4637,-0.6331,100.0,1,0
LJ500_R067_C078,67,78,700250,9534750,500,3000,2020,3,2020-03,15,0.8229,0,0.1771,0.0,0.0,0,0,0,0,1.0,0.6553,0.1336,0.39,-0.5843,100.0,1,0
LJ500_R067_C079,67,79,700750,9534750,1000,3000,2020,3,2020-03,15,0.9659,0,0.0341,0.0,0.0,0,0,0,0,1.0,0.697,0.1826,0.4549,-0.6225,100.0,1,0
LJ500_R067_C080,67,80,701250,9534750,1500,3000,2020,3,2020-03,15,0.8944,0,0.1056,0.0,0.0,0,0,0,0,1.0,0.7133,0.2352,0.5091,-0.6335,100.0,1,0
LJ500_R067_C081,67,81,701750,9534750,2000,3000,2020,3,2020-03,15,0.7989,0,0.1897,0.0,0.0114,0,0,0,0,1.0,0.7386,0.2664,0.5448,-0.669,100.0,1,0
LJ500_R067_C082,67,82,702250,9534750,2500,3000,2020,3,2020-03,15,1.0,0,0.0,0.0,0.0,0,0,0,0,1.0,0.784,0.2992,0.5889,-0.7001,100.0,1,0
LJ500_R067_C083,67,83,702750,9534750,3000,3000,2020,3,2020-03,15,1.0,0,0.0,0.0,0.0,0,0,0,0,1.0,0.7868,0.2969,0.5845,-0.7023,100.0,1,0
LJ500_R067_C084,67,84,703250,9534750,3500,3000,2020,3,2020-03,15,1.0,0,0.0,0.0,0.0,0,0,0,0,1.0,0.7454,0.2697,0.5494,-0.6699,100.0,1,0
LJ500_R067_C085,67,85,703750,9534750,4000,3000,2020,3,2020-03,15,1.0,0,0.0,0.0,0.0,0,0,0,0,1.0,0.7671,0.2903,0.5763,-0.6894,100.0,1,0
LJ500_R067_C086,67,86,704250,9534750,4500,3000,2020,3,2020-03,15,1.0,0,0.0,0.0,0.0,0,0,0,0,1.0,0.7676,0.3014,0.5807,-0.6899,100.0,1,0
LJ500_R068_C077,68,77,699750,9535250,0,3500,2020,3,2020-03,15,0.065,0,0.935,0.0,0.0,0,0,0,0,1.0,0.7638,0.2337,0.5144,-0.6438,100.0,1,0
LJ500_R068_C078,68,78,700250,9535250,500,3500,2020,3,2020-03,15,0.7525,0,0.2475,0.0,0.0,0,0,0,0,1.0,0.7509,0.2252,0.5089,-0.6393,100.0,1,0
LJ500_R068_C079,68,79,700750,9535250,1000,3500,2020,3,2020-03,15,1.0,0,0.0,0.0,0.0,0,0,0,0,1.0,0.7147,0.1938,0.4767,-0.6288,100.0,1,0
LJ500_R068_C080,68,80,701250,9535250,1500,3500,2020,3,2020-03,15,0.8923,0,0.1077,0.0,0.0,0,0,0,0,1.0,0.6997,0.2345,0.4993,-0.6238,100.0,1,0
LJ500_R068_C081,68,81,701750,9535250,2000,3500,2020,3,2020-03,15,0.6646,0,0.0767,0.0,0.2586,0,0,0,0,1.0,0.658,0.1867,0.4497,-0.6074,100.0,1,0
LJ500_R068_C082,68,82,702250,9535250,2500,3500,2020,3,2020-03,15,0.9399,0,0.0601,0.0,0.0,0,0,0,0,1.0,0.7638,0.3303,0.6016,-0.685,100.0,1,0
LJ500_R068_C083,68,83,702750,9535250,3000,3500,2020,3,2020-03,15,1.0,0,0.0,0.0,0.0,0,0,0,0,1.0,0.7902,0.3744,0.6401,-0.7126,100.0,1,0
LJ500_R068_C084,68,84,703250,9535250,3500,3500,2020,3,2020-03,15,1.0,0,0.0,0.0,0.0,0,0,0,0,1.0,0.767,0.3551,0.6259,-0.6957,100.0,1,0
LJ500_R068_C085,68,85,703750,9535250,4000,3500,2020,3,2020-03,15,1.0,0,0.0,0.0,0.0,0,0,0,0,1.0,0.8015,0.3739,0.6481,-0.7284,100.0,1,0
LJ500_R068_C086,68,86,704250,9535250,4500,3500,2020,3,2020-03,15,1.0,0,0.0,0.0,0.0,0,0,0,0,1.0,0.7964,0.3449,0.6268,-0.7286,100.0,1,0
LJ500_R069_C077,69,77,699750,9535750,0,4000,2020,3,2020-03,15,0.0,0,0.9574,0.0426,0.0,0,0,0,0,1.0,0.757,0.2111,0.4957,-0.6365,100.0,1,0
LJ500_R069_C078,69,78,700250,9535750,500,4000,2020,3,2020-03,15,0.4139,0,0.5115,0.0746,0.0,0,0,0,0,1.0,0.79,0.2479,0.5417,-0.6729,100.0,1,0
LJ500_R069_C079,69,79,700750,9535750,1000,4000,2020,3,2020-03,15,0.6432,0,0.3568,0.0,0.0,0,0,0,0,1.0,0.6881,0.1418,0.4061,-0.6146,100.0,1,0
LJ500_R069_C080,69,80,701250,9535750,1500,4000,2020,3,2020-03,15,0.8514,0,0.1486,0.0,0.0,0,0,0,0,1.0,0.7084,0.192,0.4613,-0.63,100.0,1,0
LJ500_R069_C081,69,81,701750,9535750,2000,4000,2020,3,2020-03,15,1.0,0,0.0,0.0,0.0,0,0,0,0,1.0,0.7786,0.2993,0.5846,-0.6816,100.0,1,0
LJ500_R069_C082,69,82,702250,9535750,2500,4000,2020,3,2020-03,15,1.0,0,0.0,0.0,0.0,0,0,0,0,1.0,0.7915,0.3016,0.5866,-0.7011,100.0,1,0
LJ500_R069_C083,69,83,702750,9535750,3000,4000,2020,3,2020-03,15,1.0,0,0.0,0.0,0.0,0,0,0,0,1.0,0.7922,0.3186,0.5972,-0.7183,100.0,1,0
LJ500_R069_C084,69,84,703250,9535750,3500,4000,2020,3,2020-03,15,1.0,0,0.0,0.0,0.0,0,0,0,0,1.0,0.8042,0.3504,0.6241,-0.7333,100.0,1,0
LJ500_R069_C085,69,85,703750,9535750,4000,4000,2020,3,2020-03,15,1.0,0,0.0,0.0,0.0,0,0,0,0,1.0,0.7835,0.3241,0.6013,-0.7181,100.0,1,0
LJ500_R069_C086,69,86,704250,9535750,4500,4000,2020,3,2020-03,15,1.0,0,0.0,0.0,0.0,0,0,0,0,1.0,0.7604,0.2837,0.5656,-0.7024,100.0,1,0
LJ500_R070_C077,70,77,699750,9536250,0,4500,2020,3,2020-03,15,0.0,0,0.3423,0.4553,0.2024,0,0,0,0,1.0,0.7424,0.2289,0.5107,-0.6471,100.0,1,0
LJ500_R070_C078,70,78,700250,9536250,500,4500,2020,3,2020-03,15,0.0,0,0.3908,0.6092,0.0,0,0,0,0,1.0,0.7344,0.2298,0.5093,-0.6404,100.0,1,0
LJ500_R070_C079,70,79,700750,9536250,1000,4500,2020,3,2020-03,15,0.2082,0,0.7834,0.0084,0.0,0,0,0,0,1.0,0.7411,0.192,0.458,-0.6387,100.0,1,0
LJ500_R070_C080,70,80,701250,9536250,1500,4500,2020,3,2020-03,15,0.2813,0,0.7187,0.0,0.0,0,0,0,0,1.0,0.7499,0.2034,0.4832,-0.6504,100.0,1,0
LJ500_R070_C081,70,81,701750,9536250,2000,4500,2020,3,2020-03,15,0.9197,0,0.0803,0.0,0.0,0,0,0,0,1.0,0.7631,0.2437,0.5324,-0.6635,100.0,1,0
LJ500_R070_C082,70,82,702250,9536250,2500,4500,2020,3,2020-03,15,1.0,0,0.0,0.0,0.0,0,0,0,0,1.0,0.7266,0.2157,0.4935,-0.6415,100.0,1,0
LJ500_R070_C083,70,83,702750,9536250,3000,4500,2020,3,2020-03,15,1.0,0,0.0,0.0,0.0,0,0,0,0,1.0,0.7946,0.2666,0.5524,-0.7137,100.0,1,0
LJ500_R070_C084,70,84,703250,9536250,3500,4500,2020,3,2020-03,15,0.9943,0,0.0057,0.0,0.0,0,0,0,0,1.0,0.7756,0.2628,0.5451,-0.7074,100.0,1,0
LJ500_R070_C085,70,85,703750,9536250,4000,4500,2020,3,2020-03,15,1.0,0,0.0,0.0,0.0,0,0,0,0,1.0,0.7817,0.318,0.5909,-0.7198,100.0,1,0
LJ500_R070_C086,70,86,704250,9536250,4500,4500,2020,3,2020-03,15,1.0,0,0.0,0.0,0.0,0,0,0,0,1.0,0.8014,0.3375,0.6157,-0.7309,100.0,1,0
LJ500_R061_C077,61,77,699750,9531750,0,0,2020,4,2020-04,16,0.0,0,1.0,0.0,0.0,0,0,0,0,1.0,0.7545,0.2528,0.5148,-0.6532,57.44,1,0
LJ500_R061_C078,61,78,700250,9531750,500,0,2020,4,2020-04,16,0.0,0,0.9516,0.0,0.0484,0,0,0,0,1.0,0.733,0.2824,0.5428,-0.6255,20.96,1,0
LJ500_R061_C079,61,79,700750,9531750,1000,0,2020,4,2020-04,16,0.0,0,0.906,0.0,0.094,0,0,0,0,1.0,0.7965,0.2884,0.5718,-0.688,73.6,1,0
LJ500_R061_C080,61,80,701250,9531750,1500,0,2020,4,2020-04,16,0.1714,0,0.8229,0.0,0.0057,0,0,0,0,1.0,0.7485,0.2829,0.563,-0.6399,93.28,1,0
LJ500_R061_C081,61,81,701750,9531750,2000,0,2020,4,2020-04,16,0.0,0,1.0,0.0,0.0,0,0,0,0,1.0,0.7681,0.3206,0.6149,-0.6388,84.96,1,0
LJ500_R061_C082,61,82,702250,9531750,2500,0,2020,4,2020-04,16,0.0618,0,0.9382,0.0,0.0,0,0,0,0,1.0,0.6682,0.2589,0.5186,-0.5779,21.92,1,0
LJ500_R061_C083,61,83,702750,9531750,3000,0,2020,4,2020-04,16,0.5343,0,0.3633,0.1024,0.0,0,0,0,0,1.0,0.7244,0.343,0.5969,-0.6232,22.56,1,0
LJ500_R061_C084,61,84,703250,9531750,3500,0,2020,4,2020-04,16,0.7729,0,0.0,0.2271,0.0,0,0,0,0,1.0,0.5898,0.2112,0.463,-0.5427,3.2,1,0
LJ500_R061_C085,61,85,703750,9531750,4000,0,2020,4,2020-04,16,0.709,0,0.291,0.0,0.0,0,0,0,0,1.0,0.5948,0.2675,0.5006,-0.5374,15.84,1,0
LJ500_R061_C086,61,86,704250,9531750,4500,0,2020,4,2020-04,16,1.0,0,0.0,0.0,0.0,0,0,0,0,1.0,0.562,0.2506,0.4781,-0.5052,46.72,1,0
LJ500_R062_C077,62,77,699750,9532250,0,500,2020,4,2020-04,16,0.0,0,0.7197,0.0,0.2803,0,0,0,0,1.0,0.6425,0.2234,0.4693,-0.5651,78.88,1,0
LJ500_R062_C078,62,78,700250,9532250,500,500,2020,4,2020-04,16,0.0,0,0.5947,0.0,0.4053,0,0,0,0,1.0,0.6629,0.2599,0.5033,-0.5749,82.08,1,0
LJ500_R062_C079,62,79,700750,9532250,1000,500,2020,4,2020-04,16,0.0,0,0.771,0.0,0.229,0,0,0,0,1.0,0.6794,0.258,0.5074,-0.5843,95.2,1,0
LJ500_R062_C080,62,80,701250,9532250,1500,500,2020,4,2020-04,16,0.235,0,0.6379,0.0,0.1271,0,0,0,0,1.0,0.6535,0.2578,0.5072,-0.5659,54.08,1,0
LJ500_R062_C081,62,81,701750,9532250,2000,500,2020,4,2020-04,16,0.0684,0,0.7378,0.0,0.1938,0,0,0,0,1.0,0.7692,0.3008,0.5886,-0.6569,60.96,1,0
LJ500_R062_C082,62,82,702250,9532250,2500,500,2020,4,2020-04,16,0.0973,0,0.9027,0.0,0.0,0,0,0,0,1.0,0.7566,0.3389,0.6145,-0.6301,15.36,1,0
LJ500_R062_C083,62,83,702750,9532250,3000,500,2020,4,2020-04,16,0.0473,0,0.9507,0.0019,0.0,0,0,0,0,1.0,0.6629,0.286,0.5151,-0.5977,14.72,1,0
LJ500_R062_C084,62,84,703250,9532250,3500,500,2020,4,2020-04,16,0.2757,0,0.7209,0.0034,0.0,0,0,0,0,1.0,0.7152,0.3048,0.5509,-0.6461,33.92,1,0
LJ500_R062_C085,62,85,703750,9532250,4000,500,2020,4,2020-04,16,0.0588,0,0.9412,0.0,0.0,0,0,0,0,1.0,0.6612,0.2608,0.5007,-0.5999,70.24,1,0
LJ500_R062_C086,62,86,704250,9532250,4500,500,2020,4,2020-04,16,0.7611,0,0.2389,0.0,0.0,0,0,0,0,1.0,0.6477,0.251,0.4955,-0.5919,52.0,1,0
LJ500_R063_C077,63,77,699750,9532750,0,1000,2020,4,2020-04,16,0.0,0,0.1158,0.0,0.8842,0,0,0,0,1.0,0.627,0.1869,0.4391,-0.5434,33.28,1,0
LJ500_R063_C078,63,78,700250,9532750,500,1000,2020,4,2020-04,16,0.0328,0,0.3431,0.0,0.624,0,0,0,0,1.0,0.6105,0.2185,0.4486,-0.5362,68.96,1,0
LJ500_R063_C079,63,79,700750,9532750,1000,1000,2020,4,2020-04,16,0.2883,0,0.3768,0.0,0.3349,0,0,0,0,1.0,0.6677,0.2395,0.4936,-0.5801,31.2,1,0
LJ500_R063_C080,63,80,701250,9532750,1500,1000,2020,4,2020-04,16,0.1673,0,0.4746,0.0,0.358,0,0,0,0,1.0,0.6921,0.2017,0.493,-0.6116,0.8,1,0
LJ500_R063_C081,63,81,701750,9532750,2000,1000,2020,4,2020-04,16,0.0165,0,0.5433,0.0,0.4402,0,0,0,0,1.0,0.687,0.2487,0.5117,-0.605,20.48,1,0
LJ500_R063_C082,63,82,702250,9532750,2500,1000,2020,4,2020-04,16,0.6742,0,0.2142,0.0,0.1117,0,0,0,0,1.0,0.6446,0.2646,0.5125,-0.5593,37.28,1,0
LJ500_R063_C083,63,83,702750,9532750,3000,1000,2020,4,2020-04,16,0.2059,0,0.7941,0.0,0.0,0,0,0,0,1.0,0.6174,0.2529,0.4903,-0.5523,82.56,1,0
LJ500_R063_C084,63,84,703250,9532750,3500,1000,2020,4,2020-04,16,0.2973,0,0.7027,0.0,0.0,0,0,0,0,1.0,0.6667,0.27,0.5165,-0.6026,100.0,1,0
LJ500_R063_C085,63,85,703750,9532750,4000,1000,2020,4,2020-04,16,0.1462,0,0.8538,0.0,0.0,0,0,0,0,1.0,0.6706,0.2808,0.5289,-0.6035,100.0,1,0
LJ500_R063_C086,63,86,704250,9532750,4500,1000,2020,4,2020-04,16,0.3435,0,0.6565,0.0,0.0,0,0,0,0,1.0,0.6787,0.2878,0.5356,-0.613,100.0,1,0
LJ500_R064_C077,64,77,699750,9533250,0,1500,2020,4,2020-04,16,0.3887,0,0.3116,0.0,0.2997,0,0,0,0,1.0,0.7033,0.2587,0.5222,-0.6007,8.96,1,0
LJ500_R064_C078,64,78,700250,9533250,500,1500,2020,4,2020-04,16,0.5382,0,0.082,0.0,0.3799,0,0,0,0,1.0,0.602,0.2089,0.4529,-0.5265,27.2,1,0
LJ500_R064_C079,64,79,700750,9533250,1000,1500,2020,4,2020-04,16,0.4384,0,0.1474,0.0,0.4142,0,0,0,0,1.0,0.5732,0.1832,0.4198,-0.5254,76.0,1,0
LJ500_R064_C080,64,80,701250,9533250,1500,1500,2020,4,2020-04,16,0.5951,0,0.4049,0.0,0.0,0,0,0,0,1.0,0.653,0.2468,0.4972,-0.5891,77.12,1,0
LJ500_R064_C081,64,81,701750,9533250,2000,1500,2020,4,2020-04,16,0.5997,0,0.181,0.0,0.2193,0,0,0,0,1.0,0.6926,0.2912,0.5413,-0.614,99.36,1,0
LJ500_R064_C082,64,82,702250,9533250,2500,1500,2020,4,2020-04,16,0.7276,0,0.2724,0.0,0.0,0,0,0,0,1.0,0.6275,0.2586,0.4981,-0.5657,98.72,1,0
LJ500_R064_C083,64,83,702750,9533250,3000,1500,2020,4,2020-04,16,0.566,0,0.203,0.0,0.231,0,0,0,0,1.0,0.6957,0.2918,0.5516,-0.6231,93.6,1,0
LJ500_R064_C084,64,84,703250,9533250,3500,1500,2020,4,2020-04,16,0.235,0,0.7298,0.0,0.0352,0,0,0,0,1.0,0.71,0.3088,0.5627,-0.6366,89.44,1,0
LJ500_R064_C085,64,85,703750,9533250,4000,1500,2020,4,2020-04,16,0.5109,0,0.4891,0.0,0.0,0,0,0,0,1.0,0.6859,0.3026,0.5537,-0.6148,89.28,1,0
LJ500_R064_C086,64,86,704250,9533250,4500,1500,2020,4,2020-04,16,0.748,0,0.252,0.0,0.0,0,0,0,0,1.0,0.6109,0.2492,0.4902,-0.5525,100.0,1,0
LJ500_R065_C077,65,77,699750,9533750,0,2000,2020,4,2020-04,16,0.312,0,0.4033,0.0,0.2847,0,0,0,0,1.0,0.7106,0.2898,0.5554,-0.6057,83.84,1,0
LJ500_R065_C078,65,78,700250,9533750,500,2000,2020,4,2020-04,16,0.5913,0,0.4071,0.0,0.0016,0,0,0,0,1.0,0.5676,0.2123,0.4453,-0.5118,75.04,1,0
LJ500_R065_C079,65,79,700750,9533750,1000,2000,2020,4,2020-04,16,0.3219,0,0.6781,0.0,0.0,0,0,0,0,1.0,0.5625,0.1701,0.4108,-0.515,100.0,1,0
LJ500_R065_C080,65,80,701250,9533750,1500,2000,2020,4,2020-04,16,0.8266,0,0.1734,0.0,0.0,0,0,0,0,1.0,0.7761,0.3231,0.6088,-0.6803,95.68,1,0
LJ500_R065_C081,65,81,701750,9533750,2000,2000,2020,4,2020-04,16,0.9017,0,0.0983,0.0,0.0,0,0,0,0,1.0,0.6922,0.2862,0.5462,-0.6096,100.0,1,0
LJ500_R065_C082,65,82,702250,9533750,2500,2000,2020,4,2020-04,16,0.7327,0,0.2673,0.0,0.0,0,0,0,0,1.0,0.675,0.2735,0.5408,-0.6099,99.84,1,0
LJ500_R065_C083,65,83,702750,9533750,3000,2000,2020,4,2020-04,16,0.7802,0,0.1368,0.0,0.083,0,0,0,0,1.0,0.7244,0.3068,0.5707,-0.6435,53.92,1,0
LJ500_R065_C084,65,84,703250,9533750,3500,2000,2020,4,2020-04,16,0.3229,0,0.6771,0.0,0.0,0,0,0,0,1.0,0.6358,0.2997,0.54,-0.5616,53.44,1,0
LJ500_R065_C085,65,85,703750,9533750,4000,2000,2020,4,2020-04,16,0.0167,0,0.9833,0.0,0.0,0,0,0,0,1.0,0.5593,0.1979,0.4352,-0.5194,78.24,1,0
LJ500_R065_C086,65,86,704250,9533750,4500,2000,2020,4,2020-04,16,0.7821,0,0.2179,0.0,0.0,0,0,0,0,1.0,0.618,0.2751,0.51,-0.5676,100.0,1,0
LJ500_R066_C077,66,77,699750,9534250,0,2500,2020,4,2020-04,16,0.5018,0,0.3517,0.0,0.1465,0,0,0,0,1.0,0.7161,0.2903,0.5547,-0.6121,100.0,1,0
LJ500_R066_C078,66,78,700250,9534250,500,2500,2020,4,2020-04,16,0.1232,0,0.8768,0.0,0.0,0,0,0,0,1.0,0.5397,0.1779,0.4057,-0.4943,100.0,1,0
LJ500_R066_C079,66,79,700750,9534250,1000,2500,2020,4,2020-04,16,0.3332,0,0.6668,0.0,0.0,0,0,0,0,1.0,0.5305,0.1636,0.3838,-0.501,100.0,1,0
LJ500_R066_C080,66,80,701250,9534250,1500,2500,2020,4,2020-04,16,0.9149,0,0.0851,0.0,0.0,0,0,0,0,1.0,0.6146,0.2657,0.5012,-0.5582,100.0,1,0
LJ500_R066_C081,66,81,701750,9534250,2000,2500,2020,4,2020-04,16,0.7037,0,0.2963,0.0,0.0,0,0,0,0,1.0,0.6203,0.2439,0.491,-0.5651,97.44,1,0
LJ500_R066_C082,66,82,702250,9534250,2500,2500,2020,4,2020-04,16,0.6772,0,0.3228,0.0,0.0,0,0,0,0,1.0,0.6778,0.2887,0.5424,-0.6037,98.4,1,0
LJ500_R066_C083,66,83,702750,9534250,3000,2500,2020,4,2020-04,16,0.6289,0,0.3711,0.0,0.0,0,0,0,0,1.0,0.6483,0.2739,0.5185,-0.5763,98.88,1,0
LJ500_R066_C084,66,84,703250,9534250,3500,2500,2020,4,2020-04,16,0.7305,0,0.2695,0.0,0.0,0,0,0,0,1.0,0.5627,0.2329,0.4596,-0.5119,99.84,1,0
LJ500_R066_C085,66,85,703750,9534250,4000,2500,2020,4,2020-04,16,0.7865,0,0.2135,0.0,0.0,0,0,0,0,1.0,0.6131,0.2564,0.4931,-0.5617,100.0,1,0
LJ500_R066_C086,66,86,704250,9534250,4500,2500,2020,4,2020-04,16,1.0,0,0.0,0.0,0.0,0,0,0,0,1.0,0.6032,0.2824,0.5081,-0.5496,100.0,1,0
LJ500_R067_C077,67,77,699750,9534750,0,3000,2020,4,2020-04,16,0.7165,0,0.2835,0.0,0.0,0,0,0,0,1.0,0.6746,0.2248,0.4778,-0.5938,100.0,1,0
LJ500_R067_C078,67,78,700250,9534750,500,3000,2020,4,2020-04,16,0.8229,0,0.1771,0.0,0.0,0,0,0,0,1.0,0.6159,0.1781,0.4213,-0.5609,100.0,1,0
LJ500_R067_C079,67,79,700750,9534750,1000,3000,2020,4,2020-04,16,0.9659,0,0.0341,0.0,0.0,0,0,0,0,1.0,0.562,0.2028,0.4275,-0.521,76.48,1,0
LJ500_R067_C080,67,80,701250,9534750,1500,3000,2020,4,2020-04,16,0.8944,0,0.1056,0.0,0.0,0,0,0,0,1.0,0.552,0.2323,0.4493,-0.5095,81.12,1,0
LJ500_R067_C081,67,81,701750,9534750,2000,3000,2020,4,2020-04,16,0.7989,0,0.1897,0.0,0.0114,0,0,0,0,1.0,0.6134,0.2507,0.488,-0.5697,64.16,1,0
LJ500_R067_C082,67,82,702250,9534750,2500,3000,2020,4,2020-04,16,1.0,0,0.0,0.0,0.0,0,0,0,0,1.0,0.6261,0.2826,0.5185,-0.5669,69.28,1,0
LJ500_R067_C083,67,83,702750,9534750,3000,3000,2020,4,2020-04,16,1.0,0,0.0,0.0,0.0,0,0,0,0,1.0,0.6022,0.2757,0.4999,-0.55,97.92,1,0
LJ500_R067_C084,67,84,703250,9534750,3500,3000,2020,4,2020-04,16,1.0,0,0.0,0.0,0.0,0,0,0,0,1.0,0.5848,0.2587,0.4798,-0.54,100.0,1,0
LJ500_R067_C085,67,85,703750,9534750,4000,3000,2020,4,2020-04,16,1.0,0,0.0,0.0,0.0,0,0,0,0,1.0,0.6293,0.2846,0.514,-0.5777,100.0,1,0
LJ500_R067_C086,67,86,704250,9534750,4500,3000,2020,4,2020-04,16,1.0,0,0.0,0.0,0.0,0,0,0,0,1.0,0.5911,0.2859,0.5007,-0.5414,100.0,1,0
LJ500_R068_C077,68,77,699750,9535250,0,3500,2020,4,2020-04,16,0.065,0,0.935,0.0,0.0,0,0,0,0,1.0,0.6975,0.2394,0.4908,-0.6002,100.0,1,0
LJ500_R068_C078,68,78,700250,9535250,500,3500,2020,4,2020-04,16,0.7525,0,0.2475,0.0,0.0,0,0,0,0,1.0,0.7018,0.2447,0.507,-0.6145,100.0,1,0
LJ500_R068_C079,68,79,700750,9535250,1000,3500,2020,4,2020-04,16,1.0,0,0.0,0.0,0.0,0,0,0,0,1.0,0.6294,0.2304,0.477,-0.5691,28.48,1,0
LJ500_R068_C080,68,80,701250,9535250,1500,3500,2020,4,2020-04,16,0.8923,0,0.1077,0.0,0.0,0,0,0,0,1.0,0.538,0.2723,0.4667,-0.4871,5.44,1,0
LJ500_R068_C081,68,81,701750,9535250,2000,3500,2020,4,2020-04,16,0.6646,0,0.0767,0.0,0.2586,0,0,0,0,1.0,0.4693,0.1698,0.3715,-0.4535,1.44,1,0
LJ500_R068_C082,68,82,702250,9535250,2500,3500,2020,4,2020-04,16,0.9399,0,0.0601,0.0,0.0,0,0,0,0,1.0,,,,,0.0,1,1
LJ500_R068_C083,68,83,702750,9535250,3000,3500,2020,4,2020-04,16,1.0,0,0.0,0.0,0.0,0,0,0,0,1.0,0.6021,0.315,0.5113,-0.5535,52.32,1,0
LJ500_R068_C084,68,84,703250,9535250,3500,3500,2020,4,2020-04,16,1.0,0,0.0,0.0,0.0,0,0,0,0,1.0,0.6208,0.3204,0.5362,-0.5733,100.0,1,0
LJ500_R068_C085,68,85,703750,9535250,4000,3500,2020,4,2020-04,16,1.0,0,0.0,0.0,0.0,0,0,0,0,1.0,0.6197,0.3304,0.5432,-0.5745,100.0,1,0
LJ500_R068_C086,68,86,704250,9535250,4500,3500,2020,4,2020-04,16,1.0,0,0.0,0.0,0.0,0,0,0,0,1.0,0.5921,0.3103,0.5257,-0.5482,100.0,1,0
LJ500_R069_C077,69,77,699750,9535750,0,4000,2020,4,2020-04,16,0.0,0,0.9574,0.0426,0.0,0,0,0,0,1.0,0.629,0.2196,0.4437,-0.5353,100.0,1,0
LJ500_R069_C078,69,78,700250,9535750,500,4000,2020,4,2020-04,16,0.4139,0,0.5115,0.0746,0.0,0,0,0,0,1.0,0.7567,0.2752,0.5468,-0.6564,100.0,1,0
LJ500_R069_C079,69,79,700750,9535750,1000,4000,2020,4,2020-04,16,0.6432,0,0.3568,0.0,0.0,0,0,0,0,1.0,0.6633,0.2245,0.4805,-0.587,32.96,1,0
LJ500_R069_C080,69,80,701250,9535750,1500,4000,2020,4,2020-04,16,0.8514,0,0.1486,0.0,0.0,0,0,0,0,1.0,0.6629,0.1539,0.4106,-0.6113,2.88,1,0
LJ500_R069_C081,69,81,701750,9535750,2000,4000,2020,4,2020-04,16,1.0,0,0.0,0.0,0.0,0,0,0,0,1.0,,,,,0.0,1,1
LJ500_R069_C082,69,82,702250,9535750,2500,4000,2020,4,2020-04,16,1.0,0,0.0,0.0,0.0,0,0,0,0,1.0,,,,,0.0,1,1
LJ500_R069_C083,69,83,702750,9535750,3000,4000,2020,4,2020-04,16,1.0,0,0.0,0.0,0.0,0,0,0,0,1.0,0.6449,0.306,0.5392,-0.5738,51.2,1,0
LJ500_R069_C084,69,84,703250,9535750,3500,4000,2020,4,2020-04,16,1.0,0,0.0,0.0,0.0,0,0,0,0,1.0,0.6343,0.3248,0.5443,-0.587,44.96,1,0
LJ500_R069_C085,69,85,703750,9535750,4000,4000,2020,4,2020-04,16,1.0,0,0.0,0.0,0.0,0,0,0,0,1.0,0.6002,0.2929,0.5126,-0.5581,44.16,1,0
LJ500_R069_C086,69,86,704250,9535750,4500,4000,2020,4,2020-04,16,1.0,0,0.0,0.0,0.0,0,0,0,0,1.0,0.5618,0.2583,0.4786,-0.5243,60.64,1,0
LJ500_R070_C077,70,77,699750,9536250,0,4500,2020,4,2020-04,16,0.0,0,0.3423,0.4553,0.2024,0,0,0,0,1.0,0.6634,0.2305,0.4819,-0.592,100.0,1,0
LJ500_R070_C078,70,78,700250,9536250,500,4500,2020,4,2020-04,16,0.0,0,0.3908,0.6092,0.0,0,0,0,0,1.0,0.701,0.2382,0.4971,-0.633,100.0,1,0
LJ500_R070_C079,70,79,700750,9536250,1000,4500,2020,4,2020-04,16,0.2082,0,0.7834,0.0084,0.0,0,0,0,0,1.0,0.7203,0.2342,0.4915,-0.6251,100.0,1,0
LJ500_R070_C080,70,80,701250,9536250,1500,4500,2020,4,2020-04,16,0.2813,0,0.7187,0.0,0.0,0,0,0,0,1.0,0.7302,0.2337,0.5022,-0.6314,70.72,1,0
LJ500_R070_C081,70,81,701750,9536250,2000,4500,2020,4,2020-04,16,0.9197,0,0.0803,0.0,0.0,0,0,0,0,1.0,0.6852,0.2369,0.4848,-0.6049,69.44,1,0
LJ500_R070_C082,70,82,702250,9536250,2500,4500,2020,4,2020-04,16,1.0,0,0.0,0.0,0.0,0,0,0,0,1.0,0.6783,0.1991,0.4687,-0.5899,51.68,1,0
LJ500_R070_C083,70,83,702750,9536250,3000,4500,2020,4,2020-04,16,1.0,0,0.0,0.0,0.0,0,0,0,0,1.0,0.7523,0.3076,0.5989,-0.6373,19.2,1,0
LJ500_R070_C084,70,84,703250,9536250,3500,4500,2020,4,2020-04,16,0.9943,0,0.0057,0.0,0.0,0,0,0,0,1.0,0.678,0.2871,0.5675,-0.5594,9.28,1,0
LJ500_R070_C085,70,85,703750,9536250,4000,4500,2020,4,2020-04,16,1.0,0,0.0,0.0,0.0,0,0,0,0,1.0,,,,,0.0,1,1
LJ500_R070_C086,70,86,704250,9536250,4500,4500,2020,4,2020-04,16,1.0,0,0.0,0.0,0.0,0,0,0,0,1.0,,,,,0.0,1,1
LJ500_R061_C077,61,77,699750,9531750,0,0,2020,5,2020-05,17,0.0,0,1.0,0.0,0.0,0,0,0,0,1.0,0.7847,0.2172,0.5176,-0.6858,100.0,1,0
LJ500_R061_C078,61,78,700250,9531750,500,0,2020,5,2020-05,17,0.0,0,0.9516,0.0,0.0484,0,0,0,0,1.0,0.8067,0.2431,0.5459,-0.6941,100.0,1,0
LJ500_R061_C079,61,79,700750,9531750,1000,0,2020,5,2020-05,17,0.0,0,0.906,0.0,0.094,0,0,0,0,1.0,0.8256,0.2747,0.5815,-0.7072,100.0,1,0
LJ500_R061_C080,61,80,701250,9531750,1500,0,2020,5,2020-05,17,0.1714,0,0.8229,0.0,0.0057,0,0,0,0,1.0,0.8018,0.2567,0.5619,-0.687,100.0,1,0
LJ500_R061_C081,61,81,701750,9531750,2000,0,2020,5,2020-05,17,0.0,0,1.0,0.0,0.0,0,0,0,0,1.0,0.793,0.2445,0.5476,-0.6787,100.0,1,0
LJ500_R061_C082,61,82,702250,9531750,2500,0,2020,5,2020-05,17,0.0618,0,0.9382,0.0,0.0,0,0,0,0,1.0,0.7839,0.2366,0.5407,-0.6802,96.8,1,0
LJ500_R061_C083,61,83,702750,9531750,3000,0,2020,5,2020-05,17,0.5343,0,0.3633,0.1024,0.0,0,0,0,0,1.0,0.7739,0.2967,0.5815,-0.669,87.36,1,0
LJ500_R061_C084,61,84,703250,9531750,3500,0,2020,5,2020-05,17,0.7729,0,0.0,0.2271,0.0,0,0,0,0,1.0,0.6973,0.2113,0.5014,-0.6227,10.88,1,0
LJ500_R061_C085,61,85,703750,9531750,4000,0,2020,5,2020-05,17,0.709,0,0.291,0.0,0.0,0,0,0,0,1.0,0.8181,0.2882,0.5965,-0.7179,56.16,1,0
LJ500_R061_C086,61,86,704250,9531750,4500,0,2020,5,2020-05,17,1.0,0,0.0,0.0,0.0,0,0,0,0,1.0,0.7188,0.2019,0.4878,-0.6289,25.28,1,0
LJ500_R062_C077,62,77,699750,9532250,0,500,2020,5,2020-05,17,0.0,0,0.7197,0.0,0.2803,0,0,0,0,1.0,0.7738,0.2244,0.5115,-0.6606,100.0,1,0
LJ500_R062_C078,62,78,700250,9532250,500,500,2020,5,2020-05,17,0.0,0,0.5947,0.0,0.4053,0,0,0,0,1.0,0.7706,0.2377,0.5288,-0.6497,100.0,1,0
LJ500_R062_C079,62,79,700750,9532250,1000,500,2020,5,2020-05,17,0.0,0,0.771,0.0,0.229,0,0,0,0,1.0,0.7747,0.2384,0.5303,-0.6527,100.0,1,0
LJ500_R062_C080,62,80,701250,9532250,1500,500,2020,5,2020-05,17,0.235,0,0.6379,0.0,0.1271,0,0,0,0,1.0,0.751,0.2358,0.5247,-0.6339,100.0,1,0
LJ500_R062_C081,62,81,701750,9532250,2000,500,2020,5,2020-05,17,0.0684,0,0.7378,0.0,0.1938,0,0,0,0,1.0,0.7882,0.2477,0.5508,-0.6785,100.0,1,0
LJ500_R062_C082,62,82,702250,9532250,2500,500,2020,5,2020-05,17,0.0973,0,0.9027,0.0,0.0,0,0,0,0,1.0,0.7979,0.2673,0.5727,-0.685,93.92,1,0
LJ500_R062_C083,62,83,702750,9532250,3000,500,2020,5,2020-05,17,0.0473,0,0.9507,0.0019,0.0,0,0,0,0,1.0,0.7882,0.2752,0.5652,-0.682,36.0,1,0
LJ500_R062_C084,62,84,703250,9532250,3500,500,2020,5,2020-05,17,0.2757,0,0.7209,0.0034,0.0,0,0,0,0,1.0,0.7833,0.2642,0.5651,-0.6691,3.04,1,0
LJ500_R062_C085,62,85,703750,9532250,4000,500,2020,5,2020-05,17,0.0588,0,0.9412,0.0,0.0,0,0,0,0,1.0,0.8027,0.2572,0.5647,-0.6939,79.68,1,0
LJ500_R062_C086,62,86,704250,9532250,4500,500,2020,5,2020-05,17,0.7611,0,0.2389,0.0,0.0,0,0,0,0,1.0,0.7493,0.2316,0.5213,-0.6544,51.52,1,0
LJ500_R063_C077,63,77,699750,9532750,0,1000,2020,5,2020-05,17,0.0,0,0.1158,0.0,0.8842,0,0,0,0,1.0,0.7202,0.1839,0.4645,-0.6084,93.6,1,0
LJ500_R063_C078,63,78,700250,9532750,500,1000,2020,5,2020-05,17,0.0328,0,0.3431,0.0,0.624,0,0,0,0,1.0,0.7277,0.2048,0.4683,-0.6377,40.8,1,0
LJ500_R063_C079,63,79,700750,9532750,1000,1000,2020,5,2020-05,17,0.2883,0,0.3768,0.0,0.3349,0,0,0,0,1.0,0.7651,0.2307,0.5226,-0.6596,73.44,1,0
LJ500_R063_C080,63,80,701250,9532750,1500,1000,2020,5,2020-05,17,0.1673,0,0.4746,0.0,0.358,0,0,0,0,1.0,0.7613,0.1912,0.4907,-0.6737,100.0,1,0
LJ500_R063_C081,63,81,701750,9532750,2000,1000,2020,5,2020-05,17,0.0165,0,0.5433,0.0,0.4402,0,0,0,0,1.0,0.8076,0.2521,0.5618,-0.6979,100.0,1,0
LJ500_R063_C082,63,82,702250,9532750,2500,1000,2020,5,2020-05,17,0.6742,0,0.2142,0.0,0.1117,0,0,0,0,1.0,0.8038,0.2725,0.5791,-0.6808,100.0,1,0
LJ500_R063_C083,63,83,702750,9532750,3000,1000,2020,5,2020-05,17,0.2059,0,0.7941,0.0,0.0,0,0,0,0,1.0,0.7878,0.266,0.5677,-0.6703,99.36,1,0
LJ500_R063_C084,63,84,703250,9532750,3500,1000,2020,5,2020-05,17,0.2973,0,0.7027,0.0,0.0,0,0,0,0,1.0,0.8049,0.2779,0.5816,-0.6892,55.68,1,0
LJ500_R063_C085,63,85,703750,9532750,4000,1000,2020,5,2020-05,17,0.1462,0,0.8538,0.0,0.0,0,0,0,0,1.0,0.8072,0.2681,0.5743,-0.6938,97.76,1,0
LJ500_R063_C086,63,86,704250,9532750,4500,1000,2020,5,2020-05,17,0.3435,0,0.6565,0.0,0.0,0,0,0,0,1.0,0.8213,0.2968,0.611,-0.7012,98.24,1,0
LJ500_R064_C077,64,77,699750,9533250,0,1500,2020,5,2020-05,17,0.3887,0,0.3116,0.0,0.2997,0,0,0,0,1.0,0.7334,0.2241,0.4973,-0.6284,95.84,1,0
LJ500_R064_C078,64,78,700250,9533250,500,1500,2020,5,2020-05,17,0.5382,0,0.082,0.0,0.3799,0,0,0,0,1.0,0.7447,0.2431,0.5313,-0.6462,85.12,1,0
LJ500_R064_C079,64,79,700750,9533250,1000,1500,2020,5,2020-05,17,0.4384,0,0.1474,0.0,0.4142,0,0,0,0,1.0,0.7871,0.2094,0.5209,-0.7131,23.84,1,0
LJ500_R064_C080,64,80,701250,9533250,1500,1500,2020,5,2020-05,17,0.5951,0,0.4049,0.0,0.0,0,0,0,0,1.0,0.8168,0.2644,0.5743,-0.7206,66.4,1,0
LJ500_R064_C081,64,81,701750,9533250,2000,1500,2020,5,2020-05,17,0.5997,0,0.181,0.0,0.2193,0,0,0,0,1.0,0.814,0.2795,0.5835,-0.7039,97.92,1,0
LJ500_R064_C082,64,82,702250,9533250,2500,1500,2020,5,2020-05,17,0.7276,0,0.2724,0.0,0.0,0,0,0,0,1.0,0.7749,0.2521,0.5547,-0.6652,100.0,1,0
LJ500_R064_C083,64,83,702750,9533250,3000,1500,2020,5,2020-05,17,0.566,0,0.203,0.0,0.231,0,0,0,0,1.0,0.84,0.2944,0.6145,-0.736,100.0,1,0
LJ500_R064_C084,64,84,703250,9533250,3500,1500,2020,5,2020-05,17,0.235,0,0.7298,0.0,0.0352,0,0,0,0,1.0,0.8464,0.3023,0.6206,-0.7299,100.0,1,0
LJ500_R064_C085,64,85,703750,9533250,4000,1500,2020,5,2020-05,17,0.5109,0,0.4891,0.0,0.0,0,0,0,0,1.0,0.8338,0.2956,0.6126,-0.7206,100.0,1,0
LJ500_R064_C086,64,86,704250,9533250,4500,1500,2020,5,2020-05,17,0.748,0,0.252,0.0,0.0,0,0,0,0,1.0,0.775,0.2426,0.5474,-0.6726,100.0,1,0
LJ500_R065_C077,65,77,699750,9533750,0,2000,2020,5,2020-05,17,0.312,0,0.4033,0.0,0.2847,0,0,0,0,1.0,0.7509,0.2753,0.5616,-0.6254,97.44,1,0
LJ500_R065_C078,65,78,700250,9533750,500,2000,2020,5,2020-05,17,0.5913,0,0.4071,0.0,0.0016,0,0,0,0,1.0,0.7417,0.2215,0.509,-0.6552,98.72,1,0
LJ500_R065_C079,65,79,700750,9533750,1000,2000,2020,5,2020-05,17,0.3219,0,0.6781,0.0,0.0,0,0,0,0,1.0,0.6591,0.1191,0.4021,-0.6091,36.48,1,0
LJ500_R065_C080,65,80,701250,9533750,1500,2000,2020,5,2020-05,17,0.8266,0,0.1734,0.0,0.0,0,0,0,0,1.0,0.82,0.32,0.6248,-0.7128,10.4,1,0
LJ500_R065_C081,65,81,701750,9533750,2000,2000,2020,5,2020-05,17,0.9017,0,0.0983,0.0,0.0,0,0,0,0,1.0,0.6638,0.2204,0.4763,-0.588,46.88,1,0
LJ500_R065_C082,65,82,702250,9533750,2500,2000,2020,5,2020-05,17,0.7327,0,0.2673,0.0,0.0,0,0,0,0,1.0,0.7599,0.2486,0.556,-0.6775,71.04,1,0
LJ500_R065_C083,65,83,702750,9533750,3000,2000,2020,5,2020-05,17,0.7802,0,0.1368,0.0,0.083,0,0,0,0,1.0,0.853,0.3135,0.6305,-0.7403,78.56,1,0
LJ500_R065_C084,65,84,703250,9533750,3500,2000,2020,5,2020-05,17,0.3229,0,0.6771,0.0,0.0,0,0,0,0,1.0,0.8286,0.2972,0.6115,-0.7121,98.56,1,0
LJ500_R065_C085,65,85,703750,9533750,4000,2000,2020,5,2020-05,17,0.0167,0,0.9833,0.0,0.0,0,0,0,0,1.0,0.7617,0.2272,0.5412,-0.6689,55.04,1,0
LJ500_R065_C086,65,86,704250,9533750,4500,2000,2020,5,2020-05,17,0.7821,0,0.2179,0.0,0.0,0,0,0,0,1.0,0.7866,0.2716,0.5786,-0.6903,49.6,1,0
LJ500_R066_C077,66,77,699750,9534250,0,2500,2020,5,2020-05,17,0.5018,0,0.3517,0.0,0.1465,0,0,0,0,1.0,0.7357,0.2841,0.5624,-0.6322,20.32,1,0
LJ500_R066_C078,66,78,700250,9534250,500,2500,2020,5,2020-05,17,0.1232,0,0.8768,0.0,0.0,0,0,0,0,1.0,0.6389,0.1601,0.4169,-0.5775,75.36,1,0
LJ500_R066_C079,66,79,700750,9534250,1000,2500,2020,5,2020-05,17,0.3332,0,0.6668,0.0,0.0,0,0,0,0,1.0,0.6172,0.0938,0.3437,-0.5853,34.08,1,0
LJ500_R066_C080,66,80,701250,9534250,1500,2500,2020,5,2020-05,17,0.9149,0,0.0851,0.0,0.0,0,0,0,0,1.0,,,,,0.0,1,1
LJ500_R066_C081,66,81,701750,9534250,2000,2500,2020,5,2020-05,17,0.7037,0,0.2963,0.0,0.0,0,0,0,0,1.0,0.3764,0.0773,0.1971,-0.3652,7.2,1,0
LJ500_R066_C082,66,82,702250,9534250,2500,2500,2020,5,2020-05,17,0.6772,0,0.3228,0.0,0.0,0,0,0,0,1.0,0.6625,0.1779,0.4448,-0.6128,9.6,1,0
LJ500_R066_C083,66,83,702750,9534250,3000,2500,2020,5,2020-05,17,0.6289,0,0.3711,0.0,0.0,0,0,0,0,1.0,0.7428,0.3104,0.6045,-0.6066,8.0,1,0
LJ500_R066_C084,66,84,703250,9534250,3500,2500,2020,5,2020-05,17,0.7305,0,0.2695,0.0,0.0,0,0,0,0,1.0,0.7549,0.2733,0.5733,-0.6366,41.44,1,0
LJ500_R066_C085,66,85,703750,9534250,4000,2500,2020,5,2020-05,17,0.7865,0,0.2135,0.0,0.0,0,0,0,0,1.0,,,,,0.0,1,1
LJ500_R066_C086,66,86,704250,9534250,4500,2500,2020,5,2020-05,17,1.0,0,0.0,0.0,0.0,0,0,0,0,1.0,,,,,0.0,1,1
LJ500_R067_C077,67,77,699750,9534750,0,3000,2020,5,2020-05,17,0.7165,0,0.2835,0.0,0.0,0,0,0,0,1.0,0.4369,0.1484,0.3625,-0.3806,0.64,1,0
LJ500_R067_C078,67,78,700250,9534750,500,3000,2020,5,2020-05,17,0.8229,0,0.1771,0.0,0.0,0,0,0,0,1.0,0.5367,0.1059,0.3158,-0.4951,10.56,1,0
LJ500_R067_C079,67,79,700750,9534750,1000,3000,2020,5,2020-05,17,0.9659,0,0.0341,0.0,0.0,0,0,0,0,1.0,0.6325,0.1068,0.347,-0.584,2.08,1,0
LJ500_R067_C080,67,80,701250,9534750,1500,3000,2020,5,2020-05,17,0.8944,0,0.1056,0.0,0.0,0,0,0,0,1.0,0.6243,0.1449,0.3844,-0.5937,9.28,1,0
LJ500_R067_C081,67,81,701750,9534750,2000,3000,2020,5,2020-05,17,0.7989,0,0.1897,0.0,0.0114,0,0,0,0,1.0,0.5738,0.0648,0.3136,-0.5633,2.72,1,0
LJ500_R067_C082,67,82,702250,9534750,2500,3000,2020,5,2020-05,17,1.0,0,0.0,0.0,0.0,0,0,0,0,1.0,0.7227,0.2182,0.4941,-0.6466,12.8,1,0
LJ500_R067_C083,67,83,702750,9534750,3000,3000,2020,5,2020-05,17,1.0,0,0.0,0.0,0.0,0,0,0,0,1.0,0.7585,0.2862,0.5683,-0.6714,19.36,1,0
LJ500_R067_C084,67,84,703250,9534750,3500,3000,2020,5,2020-05,17,1.0,0,0.0,0.0,0.0,0,0,0,0,1.0,,,,,0.0,1,1
LJ500_R067_C085,67,85,703750,9534750,4000,3000,2020,5,2020-05,17,1.0,0,0.0,0.0,0.0,0,0,0,0,1.0,,,,,0.0,1,1
LJ500_R067_C086,67,86,704250,9534750,4500,3000,2020,5,2020-05,17,1.0,0,0.0,0.0,0.0,0,0,0,0,1.0,,,,,0.0,1,1
LJ500_R068_C077,68,77,699750,9535250,0,3500,2020,5,2020-05,17,0.065,0,0.935,0.0,0.0,0,0,0,0,1.0,0.7245,0.2835,0.5778,-0.5894,42.88,1,0
LJ500_R068_C078,68,78,700250,9535250,500,3500,2020,5,2020-05,17,0.7525,0,0.2475,0.0,0.0,0,0,0,0,1.0,0.8012,0.2662,0.569,-0.6579,10.08,1,0
LJ500_R068_C079,68,79,700750,9535250,1000,3500,2020,5,2020-05,17,1.0,0,0.0,0.0,0.0,0,0,0,0,1.0,0.5086,0.1343,0.3077,-0.4492,0.64,1,0
LJ500_R068_C080,68,80,701250,9535250,1500,3500,2020,5,2020-05,17,0.8923,0,0.1077,0.0,0.0,0,0,0,0,1.0,0.7274,0.2808,0.5418,-0.6599,7.68,1,0
LJ500_R068_C081,68,81,701750,9535250,2000,3500,2020,5,2020-05,17,0.6646,0,0.0767,0.0,0.2586,0,0,0,0,1.0,0.623,0.2928,0.5484,-0.5549,3.36,1,0
LJ500_R068_C082,68,82,702250,9535250,2500,3500,2020,5,2020-05,17,0.9399,0,0.0601,0.0,0.0,0,0,0,0,1.0,0.7627,0.3049,0.5773,-0.6889,72.0,1,0
LJ500_R068_C083,68,83,702750,9535250,3000,3500,2020,5,2020-05,17,1.0,0,0.0,0.0,0.0,0,0,0,0,1.0,0.7819,0.3573,0.6275,-0.7037,86.4,1,0
LJ500_R068_C084,68,84,703250,9535250,3500,3500,2020,5,2020-05,17,1.0,0,0.0,0.0,0.0,0,0,0,0,1.0,0.7706,0.3607,0.6292,-0.6896,20.64,1,0
LJ500_R068_C085,68,85,703750,9535250,4000,3500,2020,5,2020-05,17,1.0,0,0.0,0.0,0.0,0,0,0,0,1.0,,,,,0.0,1,1
LJ500_R068_C086,68,86,704250,9535250,4500,3500,2020,5,2020-05,17,1.0,0,0.0,0.0,0.0,0,0,0,0,1.0,,,,,0.0,1,1
LJ500_R069_C077,69,77,699750,9535750,0,4000,2020,5,2020-05,17,0.0,0,0.9574,0.0426,0.0,0,0,0,0,1.0,0.7669,0.2449,0.5348,-0.6207,63.36,1,0
LJ500_R069_C078,69,78,700250,9535750,500,4000,2020,5,2020-05,17,0.4139,0,0.5115,0.0746,0.0,0,0,0,0,1.0,0.7743,0.2859,0.5702,-0.6399,78.56,1,0
LJ500_R069_C079,69,79,700750,9535750,1000,4000,2020,5,2020-05,17,0.6432,0,0.3568,0.0,0.0,0,0,0,0,1.0,0.6532,0.2261,0.4405,-0.5586,0.96,1,0
LJ500_R069_C080,69,80,701250,9535750,1500,4000,2020,5,2020-05,17,0.8514,0,0.1486,0.0,0.0,0,0,0,0,1.0,,,,,0.0,1,1
LJ500_R069_C081,69,81,701750,9535750,2000,4000,2020,5,2020-05,17,1.0,0,0.0,0.0,0.0,0,0,0,0,1.0,0.7956,0.2953,0.588,-0.7046,20.64,1,0
LJ500_R069_C082,69,82,702250,9535750,2500,4000,2020,5,2020-05,17,1.0,0,0.0,0.0,0.0,0,0,0,0,1.0,0.8118,0.3088,0.605,-0.7188,100.0,1,0
LJ500_R069_C083,69,83,702750,9535750,3000,4000,2020,5,2020-05,17,1.0,0,0.0,0.0,0.0,0,0,0,0,1.0,0.8015,0.3393,0.628,-0.7197,72.64,1,0
LJ500_R069_C084,69,84,703250,9535750,3500,4000,2020,5,2020-05,17,1.0,0,0.0,0.0,0.0,0,0,0,0,1.0,0.8007,0.3649,0.6454,-0.722,71.2,1,0
LJ500_R069_C085,69,85,703750,9535750,4000,4000,2020,5,2020-05,17,1.0,0,0.0,0.0,0.0,0,0,0,0,1.0,0.6493,0.2844,0.5084,-0.5912,38.88,1,0
LJ500_R069_C086,69,86,704250,9535750,4500,4000,2020,5,2020-05,17,1.0,0,0.0,0.0,0.0,0,0,0,0,1.0,0.4584,0.1444,0.2819,-0.4177,1.6,1,0
LJ500_R070_C077,70,77,699750,9536250,0,4500,2020,5,2020-05,17,0.0,0,0.3423,0.4553,0.2024,0,0,0,0,1.0,0.7497,0.2221,0.5092,-0.6435,100.0,1,0
LJ500_R070_C078,70,78,700250,9536250,500,4500,2020,5,2020-05,17,0.0,0,0.3908,0.6092,0.0,0,0,0,0,1.0,0.7617,0.2264,0.5097,-0.6618,91.68,1,0
LJ500_R070_C079,70,79,700750,9536250,1000,4500,2020,5,2020-05,17,0.2082,0,0.7834,0.0084,0.0,0,0,0,0,1.0,0.7026,0.2168,0.4903,-0.5945,14.08,1,0
LJ500_R070_C080,70,80,701250,9536250,1500,4500,2020,5,2020-05,17,0.2813,0,0.7187,0.0,0.0,0,0,0,0,1.0,0.7099,0.1424,0.4123,-0.6183,4.48,1,0
LJ500_R070_C081,70,81,701750,9536250,2000,4500,2020,5,2020-05,17,0.9197,0,0.0803,0.0,0.0,0,0,0,0,1.0,0.7958,0.2517,0.5467,-0.6946,48.96,1,0
LJ500_R070_C082,70,82,702250,9536250,2500,4500,2020,5,2020-05,17,1.0,0,0.0,0.0,0.0,0,0,0,0,1.0,0.7567,0.2199,0.512,-0.6709,79.36,1,0
LJ500_R070_C083,70,83,702750,9536250,3000,4500,2020,5,2020-05,17,1.0,0,0.0,0.0,0.0,0,0,0,0,1.0,0.7844,0.2894,0.5802,-0.6972,32.8,1,0
LJ500_R070_C084,70,84,703250,9536250,3500,4500,2020,5,2020-05,17,0.9943,0,0.0057,0.0,0.0,0,0,0,0,1.0,0.6694,0.2411,0.4991,-0.608,53.12,1,0
LJ500_R070_C085,70,85,703750,9536250,4000,4500,2020,5,2020-05,17,1.0,0,0.0,0.0,0.0,0,0,0,0,1.0,0.7018,0.3052,0.5598,-0.6428,71.36,1,0
LJ500_R070_C086,70,86,704250,9536250,4500,4500,2020,5,2020-05,17,1.0,0,0.0,0.0,0.0,0,0,0,0,1.0,0.8055,0.3418,0.6327,-0.7345,0.96,1,0
LJ500_R061_C077,61,77,699750,9531750,0,0,2020,6,2020-06,18,0.0,0,1.0,0.0,0.0,0,0,0,0,1.0,0.7838,0.1798,0.4829,-0.7068,100.0,1,0
LJ500_R061_C078,61,78,700250,9531750,500,0,2020,6,2020-06,18,0.0,0,0.9516,0.0,0.0484,0,0,0,0,1.0,0.8021,0.2178,0.5242,-0.7095,100.0,1,0
LJ500_R061_C079,61,79,700750,9531750,1000,0,2020,6,2020-06,18,0.0,0,0.906,0.0,0.094,0,0,0,0,1.0,0.8263,0.2607,0.5697,-0.7256,100.0,1,0
LJ500_R061_C080,61,80,701250,9531750,1500,0,2020,6,2020-06,18,0.1714,0,0.8229,0.0,0.0057,0,0,0,0,1.0,0.7994,0.2388,0.5485,-0.7089,100.0,1,0
LJ500_R061_C081,61,81,701750,9531750,2000,0,2020,6,2020-06,18,0.0,0,1.0,0.0,0.0,0,0,0,0,1.0,0.7945,0.2365,0.5438,-0.7001,100.0,1,0
LJ500_R061_C082,61,82,702250,9531750,2500,0,2020,6,2020-06,18,0.0618,0,0.9382,0.0,0.0,0,0,0,0,1.0,0.8006,0.233,0.5421,-0.7055,100.0,1,0
LJ500_R061_C083,61,83,702750,9531750,3000,0,2020,6,2020-06,18,0.5343,0,0.3633,0.1024,0.0,0,0,0,0,1.0,0.8371,0.2879,0.5968,-0.7336,100.0,1,0
LJ500_R061_C084,61,84,703250,9531750,3500,0,2020,6,2020-06,18,0.7729,0,0.0,0.2271,0.0,0,0,0,0,1.0,0.8121,0.2547,0.5637,-0.7322,100.0,1,0
LJ500_R061_C085,61,85,703750,9531750,4000,0,2020,6,2020-06,18,0.709,0,0.291,0.0,0.0,0,0,0,0,1.0,0.8476,0.2949,0.6119,-0.7523,100.0,1,0
LJ500_R061_C086,61,86,704250,9531750,4500,0,2020,6,2020-06,18,1.0,0,0.0,0.0,0.0,0,0,0,0,1.0,0.7946,0.2469,0.5547,-0.7063,100.0,1,0
LJ500_R062_C077,62,77,699750,9532250,0,500,2020,6,2020-06,18,0.0,0,0.7197,0.0,0.2803,0,0,0,0,1.0,0.7827,0.2227,0.5147,-0.6869,100.0,1,0
LJ500_R062_C078,62,78,700250,9532250,500,500,2020,6,2020-06,18,0.0,0,0.5947,0.0,0.4053,0,0,0,0,1.0,0.7718,0.2231,0.5138,-0.6849,100.0,1,0
LJ500_R062_C079,62,79,700750,9532250,1000,500,2020,6,2020-06,18,0.0,0,0.771,0.0,0.229,0,0,0,0,1.0,0.7836,0.2337,0.5273,-0.678,100.0,1,0
LJ500_R062_C080,62,80,701250,9532250,1500,500,2020,6,2020-06,18,0.235,0,0.6379,0.0,0.1271,0,0,0,0,1.0,0.7936,0.2349,0.5338,-0.6885,100.0,1,0
LJ500_R062_C081,62,81,701750,9532250,2000,500,2020,6,2020-06,18,0.0684,0,0.7378,0.0,0.1938,0,0,0,0,1.0,0.806,0.2437,0.5516,-0.7084,100.0,1,0
LJ500_R062_C082,62,82,702250,9532250,2500,500,2020,6,2020-06,18,0.0973,0,0.9027,0.0,0.0,0,0,0,0,1.0,0.8183,0.288,0.6009,-0.7084,33.12,1,0
LJ500_R062_C083,62,83,702750,9532250,3000,500,2020,6,2020-06,18,0.0473,0,0.9507,0.0019,0.0,0,0,0,0,1.0,0.8231,0.2694,0.5792,-0.7145,91.36,1,0
LJ500_R062_C084,62,84,703250,9532250,3500,500,2020,6,2020-06,18,0.2757,0,0.7209,0.0034,0.0,0,0,0,0,1.0,0.8413,0.281,0.5988,-0.7377,100.0,1,0
LJ500_R062_C085,62,85,703750,9532250,4000,500,2020,6,2020-06,18,0.0588,0,0.9412,0.0,0.0,0,0,0,0,1.0,0.8226,0.2658,0.5802,-0.7222,100.0,1,0
LJ500_R062_C086,62,86,704250,9532250,4500,500,2020,6,2020-06,18,0.7611,0,0.2389,0.0,0.0,0,0,0,0,1.0,0.8057,0.2528,0.5636,-0.7164,100.0,1,0
LJ500_R063_C077,63,77,699750,9532750,0,1000,2020,6,2020-06,18,0.0,0,0.1158,0.0,0.8842,0,0,0,0,1.0,0.7283,0.1828,0.4657,-0.6531,100.0,1,0
LJ500_R063_C078,63,78,700250,9532750,500,1000,2020,6,2020-06,18,0.0328,0,0.3431,0.0,0.624,0,0,0,0,1.0,0.7722,0.2234,0.5121,-0.6824,100.0,1,0
LJ500_R063_C079,63,79,700750,9532750,1000,1000,2020,6,2020-06,18,0.2883,0,0.3768,0.0,0.3349,0,0,0,0,1.0,0.7553,0.2144,0.5061,-0.676,100.0,1,0
LJ500_R063_C080,63,80,701250,9532750,1500,1000,2020,6,2020-06,18,0.1673,0,0.4746,0.0,0.358,0,0,0,0,1.0,0.7713,0.1906,0.4959,-0.6962,100.0,1,0
LJ500_R063_C081,63,81,701750,9532750,2000,1000,2020,6,2020-06,18,0.0165,0,0.5433,0.0,0.4402,0,0,0,0,1.0,0.8179,0.2716,0.5825,-0.7162,71.68,1,0
LJ500_R063_C082,63,82,702250,9532750,2500,1000,2020,6,2020-06,18,0.6742,0,0.2142,0.0,0.1117,0,0,0,0,1.0,0.8514,0.3226,0.6388,-0.7326,0.8,1,0
LJ500_R063_C083,63,83,702750,9532750,3000,1000,2020,6,2020-06,18,0.2059,0,0.7941,0.0,0.0,0,0,0,0,1.0,0.8368,0.2609,0.5866,-0.7455,2.4,1,0
LJ500_R063_C084,63,84,703250,9532750,3500,1000,2020,6,2020-06,18,0.2973,0,0.7027,0.0,0.0,0,0,0,0,1.0,0.769,0.2417,0.5389,-0.6755,85.12,1,0
LJ500_R063_C085,63,85,703750,9532750,4000,1000,2020,6,2020-06,18,0.1462,0,0.8538,0.0,0.0,0,0,0,0,1.0,0.8222,0.2711,0.5816,-0.7205,100.0,1,0
LJ500_R063_C086,63,86,704250,9532750,4500,1000,2020,6,2020-06,18,0.3435,0,0.6565,0.0,0.0,0,0,0,0,1.0,0.8373,0.284,0.5979,-0.7363,100.0,1,0
LJ500_R064_C077,64,77,699750,9533250,0,1500,2020,6,2020-06,18,0.3887,0,0.3116,0.0,0.2997,0,0,0,0,1.0,0.6177,0.3144,0.6093,-0.5465,90.88,1,0
LJ500_R064_C078,64,78,700250,9533250,500,1500,2020,6,2020-06,18,0.5382,0,0.082,0.0,0.3799,0,0,0,0,1.0,0.7702,0.2693,0.5641,-0.6825,100.0,1,0
LJ500_R064_C079,64,79,700750,9533250,1000,1500,2020,6,2020-06,18,0.4384,0,0.1474,0.0,0.4142,0,0,0,0,1.0,0.708,0.1563,0.4491,-0.6629,100.0,1,0
LJ500_R064_C080,64,80,701250,9533250,1500,1500,2020,6,2020-06,18,0.5951,0,0.4049,0.0,0.0,0,0,0,0,1.0,0.8114,0.2501,0.5598,-0.7209,100.0,1,0
LJ500_R064_C081,64,81,701750,9533250,2000,1500,2020,6,2020-06,18,0.5997,0,0.181,0.0,0.2193,0,0,0,0,1.0,0.8342,0.2791,0.5884,-0.7299,77.76,1,0
LJ500_R064_C082,64,82,702250,9533250,2500,1500,2020,6,2020-06,18,0.7276,0,0.2724,0.0,0.0,0,0,0,0,1.0,0.7307,0.2951,0.5874,-0.638,20.16,1,0
LJ500_R064_C083,64,83,702750,9533250,3000,1500,2020,6,2020-06,18,0.566,0,0.203,0.0,0.231,0,0,0,0,1.0,0.8183,0.3135,0.6133,-0.7277,13.12,1,0
LJ500_R064_C084,64,84,703250,9533250,3500,1500,2020,6,2020-06,18,0.235,0,0.7298,0.0,0.0352,0,0,0,0,1.0,0.7012,0.2652,0.5203,-0.6252,23.68,1,0
LJ500_R064_C085,64,85,703750,9533250,4000,1500,2020,6,2020-06,18,0.5109,0,0.4891,0.0,0.0,0,0,0,0,1.0,0.7823,0.283,0.5722,-0.6905,94.56,1,0
LJ500_R064_C086,64,86,704250,9533250,4500,1500,2020,6,2020-06,18,0.748,0,0.252,0.0,0.0,0,0,0,0,1.0,0.7957,0.2607,0.5641,-0.7021,40.8,1,0
LJ500_R065_C077,65,77,699750,9533750,0,2000,2020,6,2020-06,18,0.312,0,0.4033,0.0,0.2847,0,0,0,0,1.0,0.6893,0.3301,0.6279,-0.5997,82.24,1,0
LJ500_R065_C078,65,78,700250,9533750,500,2000,2020,6,2020-06,18,0.5913,0,0.4071,0.0,0.0016,0,0,0,0,1.0,0.6253,0.295,0.5707,-0.5661,99.84,1,0
LJ500_R065_C079,65,79,700750,9533750,1000,2000,2020,6,2020-06,18,0.3219,0,0.6781,0.0,0.0,0,0,0,0,1.0,0.6718,0.2157,0.5026,-0.6113,70.4,1,0
LJ500_R065_C080,65,80,701250,9533750,1500,2000,2020,6,2020-06,18,0.8266,0,0.1734,0.0,0.0,0,0,0,0,1.0,0.852,0.3184,0.6335,-0.7516,94.56,1,0
LJ500_R065_C081,65,81,701750,9533750,2000,2000,2020,6,2020-06,18,0.9017,0,0.0983,0.0,0.0,0,0,0,0,1.0,0.7064,0.3637,0.6547,-0.5936,56.0,1,0
LJ500_R065_C082,65,82,702250,9533750,2500,2000,2020,6,2020-06,18,0.7327,0,0.2673,0.0,0.0,0,0,0,0,1.0,0.812,0.2785,0.5916,-0.7255,64.8,1,0
LJ500_R065_C083,65,83,702750,9533750,3000,2000,2020,6,2020-06,18,0.7802,0,0.1368,0.0,0.083,0,0,0,0,1.0,0.7814,0.2921,0.5935,-0.6951,4.32,1,0
LJ500_R065_C084,65,84,703250,9533750,3500,2000,2020,6,2020-06,18,0.3229,0,0.6771,0.0,0.0,0,0,0,0,1.0,,,,,0.0,1,1
LJ500_R065_C085,65,85,703750,9533750,4000,2000,2020,6,2020-06,18,0.0167,0,0.9833,0.0,0.0,0,0,0,0,1.0,0.6119,0.0544,0.3327,-0.5824,9.12,1,0
LJ500_R065_C086,65,86,704250,9533750,4500,2000,2020,6,2020-06,18,0.7821,0,0.2179,0.0,0.0,0,0,0,0,1.0,0.7607,0.2693,0.5545,-0.6876,86.08,1,0
LJ500_R066_C077,66,77,699750,9534250,0,2500,2020,6,2020-06,18,0.5018,0,0.3517,0.0,0.1465,0,0,0,0,1.0,0.6367,0.3281,0.6116,-0.5444,96.48,1,0
LJ500_R066_C078,66,78,700250,9534250,500,2500,2020,6,2020-06,18,0.1232,0,0.8768,0.0,0.0,0,0,0,0,1.0,0.4413,0.3476,0.6389,-0.4076,100.0,1,0
LJ500_R066_C079,66,79,700750,9534250,1000,2500,2020,6,2020-06,18,0.3332,0,0.6668,0.0,0.0,0,0,0,0,1.0,0.3215,0.3684,0.6387,-0.2764,27.52,1,0
LJ500_R066_C080,66,80,701250,9534250,1500,2500,2020,6,2020-06,18,0.9149,0,0.0851,0.0,0.0,0,0,0,0,1.0,0.7271,0.2804,0.557,-0.6503,23.52,1,0
LJ500_R066_C081,66,81,701750,9534250,2000,2500,2020,6,2020-06,18,0.7037,0,0.2963,0.0,0.0,0,0,0,0,1.0,0.6698,0.3643,0.657,-0.565,26.56,1,0
LJ500_R066_C082,66,82,702250,9534250,2500,2500,2020,6,2020-06,18,0.6772,0,0.3228,0.0,0.0,0,0,0,0,1.0,0.7884,0.2826,0.5786,-0.6967,30.4,1,0
LJ500_R066_C083,66,83,702750,9534250,3000,2500,2020,6,2020-06,18,0.6289,0,0.3711,0.0,0.0,0,0,0,0,1.0,0.5275,0.1712,0.3529,-0.4764,12.48,1,0
LJ500_R066_C084,66,84,703250,9534250,3500,2500,2020,6,2020-06,18,0.7305,0,0.2695,0.0,0.0,0,0,0,0,1.0,0.6277,0.1796,0.4201,-0.5688,34.56,1,0
LJ500_R066_C085,66,85,703750,9534250,4000,2500,2020,6,2020-06,18,0.7865,0,0.2135,0.0,0.0,0,0,0,0,1.0,0.6322,0.2141,0.4366,-0.5782,45.6,1,0
LJ500_R066_C086,66,86,704250,9534250,4500,2500,2020,6,2020-06,18,1.0,0,0.0,0.0,0.0,0,0,0,0,1.0,0.4807,0.1719,0.3368,-0.4452,17.28,1,0
LJ500_R067_C077,67,77,699750,9534750,0,3000,2020,6,2020-06,18,0.7165,0,0.2835,0.0,0.0,0,0,0,0,1.0,0.6172,0.2844,0.5702,-0.5353,100.0,1,0
LJ500_R067_C078,67,78,700250,9534750,500,3000,2020,6,2020-06,18,0.8229,0,0.1771,0.0,0.0,0,0,0,0,1.0,0.5532,0.2743,0.5511,-0.489,85.6,1,0
LJ500_R067_C079,67,79,700750,9534750,1000,3000,2020,6,2020-06,18,0.9659,0,0.0341,0.0,0.0,0,0,0,0,1.0,0.2693,0.3662,0.6225,-0.2188,15.36,1,0
LJ500_R067_C080,67,80,701250,9534750,1500,3000,2020,6,2020-06,18,0.8944,0,0.1056,0.0,0.0,0,0,0,0,1.0,0.6419,0.179,0.4161,-0.5884,7.84,1,0
LJ500_R067_C081,67,81,701750,9534750,2000,3000,2020,6,2020-06,18,0.7989,0,0.1897,0.0,0.0114,0,0,0,0,1.0,0.5343,0.1979,0.4049,-0.4974,4.64,1,0
LJ500_R067_C082,67,82,702250,9534750,2500,3000,2020,6,2020-06,18,1.0,0,0.0,0.0,0.0,0,0,0,0,1.0,0.7218,0.2936,0.5349,-0.6582,0.8,1,0
LJ500_R067_C083,67,83,702750,9534750,3000,3000,2020,6,2020-06,18,1.0,0,0.0,0.0,0.0,0,0,0,0,1.0,0.4631,0.1749,0.3213,-0.4257,4.16,1,0
LJ500_R067_C084,67,84,703250,9534750,3500,3000,2020,6,2020-06,18,1.0,0,0.0,0.0,0.0,0,0,0,0,1.0,0.3522,0.0897,0.1847,-0.3391,0.96,1,0
LJ500_R067_C085,67,85,703750,9534750,4000,3000,2020,6,2020-06,18,1.0,0,0.0,0.0,0.0,0,0,0,0,1.0,0.7761,0.2869,0.5657,-0.7028,56.8,1,0
LJ500_R067_C086,67,86,704250,9534750,4500,3000,2020,6,2020-06,18,1.0,0,0.0,0.0,0.0,0,0,0,0,1.0,0.6564,0.2512,0.4733,-0.6041,14.56,1,0
LJ500_R068_C077,68,77,699750,9535250,0,3500,2020,6,2020-06,18,0.065,0,0.935,0.0,0.0,0,0,0,0,1.0,0.7266,0.2147,0.5012,-0.6418,100.0,1,0
LJ500_R068_C078,68,78,700250,9535250,500,3500,2020,6,2020-06,18,0.7525,0,0.2475,0.0,0.0,0,0,0,0,1.0,0.7707,0.2785,0.5724,-0.6803,97.44,1,0
LJ500_R068_C079,68,79,700750,9535250,1000,3500,2020,6,2020-06,18,1.0,0,0.0,0.0,0.0,0,0,0,0,1.0,0.7834,0.2352,0.5202,-0.6861,33.6,1,0
LJ500_R068_C080,68,80,701250,9535250,1500,3500,2020,6,2020-06,18,0.8923,0,0.1077,0.0,0.0,0,0,0,0,1.0,0.6872,0.202,0.4563,-0.6421,64.32,1,0
LJ500_R068_C081,68,81,701750,9535250,2000,3500,2020,6,2020-06,18,0.6646,0,0.0767,0.0,0.2586,0,0,0,0,1.0,0.6261,0.1609,0.4079,-0.5974,84.32,1,0
LJ500_R068_C082,68,82,702250,9535250,2500,3500,2020,6,2020-06,18,0.9399,0,0.0601,0.0,0.0,0,0,0,0,1.0,0.5693,0.2443,0.4356,-0.5326,3.68,1,0
LJ500_R068_C083,68,83,702750,9535250,3000,3500,2020,6,2020-06,18,1.0,0,0.0,0.0,0.0,0,0,0,0,1.0,,,,,0.0,1,1
LJ500_R068_C084,68,84,703250,9535250,3500,3500,2020,6,2020-06,18,1.0,0,0.0,0.0,0.0,0,0,0,0,1.0,,,,,0.0,1,1
LJ500_R068_C085,68,85,703750,9535250,4000,3500,2020,6,2020-06,18,1.0,0,0.0,0.0,0.0,0,0,0,0,1.0,0.7391,0.3385,0.5849,-0.6769,0.64,1,0
LJ500_R068_C086,68,86,704250,9535250,4500,3500,2020,6,2020-06,18,1.0,0,0.0,0.0,0.0,0,0,0,0,1.0,0.7486,0.2934,0.5557,-0.6926,7.52,1,0
LJ500_R069_C077,69,77,699750,9535750,0,4000,2020,6,2020-06,18,0.0,0,0.9574,0.0426,0.0,0,0,0,0,1.0,0.6738,0.2698,0.5625,-0.5813,100.0,1,0
LJ500_R069_C078,69,78,700250,9535750,500,4000,2020,6,2020-06,18,0.4139,0,0.5115,0.0746,0.0,0,0,0,0,1.0,0.7993,0.3009,0.5947,-0.7079,100.0,1,0
LJ500_R069_C079,69,79,700750,9535750,1000,4000,2020,6,2020-06,18,0.6432,0,0.3568,0.0,0.0,0,0,0,0,1.0,0.7421,0.1768,0.452,-0.6601,100.0,1,0
LJ500_R069_C080,69,80,701250,9535750,1500,4000,2020,6,2020-06,18,0.8514,0,0.1486,0.0,0.0,0,0,0,0,1.0,0.7666,0.2034,0.4868,-0.6986,100.0,1,0
LJ500_R069_C081,69,81,701750,9535750,2000,4000,2020,6,2020-06,18,1.0,0,0.0,0.0,0.0,0,0,0,0,1.0,0.8184,0.3003,0.5941,-0.736,94.88,1,0
LJ500_R069_C082,69,82,702250,9535750,2500,4000,2020,6,2020-06,18,1.0,0,0.0,0.0,0.0,0,0,0,0,1.0,0.8056,0.3137,0.5945,-0.7166,25.44,1,0
LJ500_R069_C083,69,83,702750,9535750,3000,4000,2020,6,2020-06,18,1.0,0,0.0,0.0,0.0,0,0,0,0,1.0,,,,,0.0,1,1
LJ500_R069_C084,69,84,703250,9535750,3500,4000,2020,6,2020-06,18,1.0,0,0.0,0.0,0.0,0,0,0,0,1.0,0.7436,0.3314,0.581,-0.689,26.72,1,0
LJ500_R069_C085,69,85,703750,9535750,4000,4000,2020,6,2020-06,18,1.0,0,0.0,0.0,0.0,0,0,0,0,1.0,0.5711,0.2319,0.4329,-0.5395,30.4,1,0
LJ500_R069_C086,69,86,704250,9535750,4500,4000,2020,6,2020-06,18,1.0,0,0.0,0.0,0.0,0,0,0,0,1.0,0.7058,0.2542,0.5209,-0.661,91.36,1,0
LJ500_R070_C077,70,77,699750,9536250,0,4500,2020,6,2020-06,18,0.0,0,0.3423,0.4553,0.2024,0,0,0,0,1.0,0.6672,0.2445,0.5385,-0.6036,100.0,1,0
LJ500_R070_C078,70,78,700250,9536250,500,4500,2020,6,2020-06,18,0.0,0,0.3908,0.6092,0.0,0,0,0,0,1.0,0.7748,0.2131,0.5056,-0.7042,100.0,1,0
LJ500_R070_C079,70,79,700750,9536250,1000,4500,2020,6,2020-06,18,0.2082,0,0.7834,0.0084,0.0,0,0,0,0,1.0,0.7925,0.2147,0.5025,-0.6894,100.0,1,0
LJ500_R070_C080,70,80,701250,9536250,1500,4500,2020,6,2020-06,18,0.2813,0,0.7187,0.0,0.0,0,0,0,0,1.0,0.8066,0.2287,0.5267,-0.6997,100.0,1,0
LJ500_R070_C081,70,81,701750,9536250,2000,4500,2020,6,2020-06,18,0.9197,0,0.0803,0.0,0.0,0,0,0,0,1.0,0.8195,0.2519,0.5569,-0.7216,98.88,1,0
LJ500_R070_C082,70,82,702250,9536250,2500,4500,2020,6,2020-06,18,1.0,0,0.0,0.0,0.0,0,0,0,0,1.0,0.7431,0.2607,0.5398,-0.6577,58.56,1,0
LJ500_R070_C083,70,83,702750,9536250,3000,4500,2020,6,2020-06,18,1.0,0,0.0,0.0,0.0,0,0,0,0,1.0,0.6813,0.2417,0.4933,-0.616,36.8,1,0
LJ500_R070_C084,70,84,703250,9536250,3500,4500,2020,6,2020-06,18,0.9943,0,0.0057,0.0,0.0,0,0,0,0,1.0,0.7345,0.2501,0.5186,-0.6878,40.8,1,0
LJ500_R070_C085,70,85,703750,9536250,4000,4500,2020,6,2020-06,18,1.0,0,0.0,0.0,0.0,0,0,0,0,1.0,0.7606,0.3023,0.5728,-0.7114,84.0,1,0
LJ500_R070_C086,70,86,704250,9536250,4500,4500,2020,6,2020-06,18,1.0,0,0.0,0.0,0.0,0,0,0,0,1.0,0.7732,0.3332,0.6042,-0.7116,66.08,1,0
LJ500_R061_C077,61,77,699750,9531750,0,0,2020,7,2020-07,19,0.0,0,1.0,0.0,0.0,0,0,0,0,1.0,0.7014,0.0998,0.3849,-0.6459,100.0,1,0
LJ500_R061_C078,61,78,700250,9531750,500,0,2020,7,2020-07,19,0.0,0,0.9516,0.0,0.0484,0,0,0,0,1.0,0.6699,0.1031,0.3931,-0.6132,32.64,1,0
LJ500_R061_C079,61,79,700750,9531750,1000,0,2020,7,2020-07,19,0.0,0,0.906,0.0,0.094,0,0,0,0,1.0,0.7944,0.249,0.548,-0.6958,10.4,1,0
LJ500_R061_C080,61,80,701250,9531750,1500,0,2020,7,2020-07,19,0.1714,0,0.8229,0.0,0.0057,0,0,0,0,1.0,0.6685,0.2361,0.4904,-0.6013,35.84,1,0
LJ500_R061_C081,61,81,701750,9531750,2000,0,2020,7,2020-07,19,0.0,0,1.0,0.0,0.0,0,0,0,0,1.0,0.7361,0.2565,0.5526,-0.6216,16.8,1,0
LJ500_R061_C082,61,82,702250,9531750,2500,0,2020,7,2020-07,19,0.0618,0,0.9382,0.0,0.0,0,0,0,0,1.0,,,,,0.0,1,1
LJ500_R061_C083,61,83,702750,9531750,3000,0,2020,7,2020-07,19,0.5343,0,0.3633,0.1024,0.0,0,0,0,0,1.0,0.8227,0.3044,0.6101,-0.7235,47.52,1,0
LJ500_R061_C084,61,84,703250,9531750,3500,0,2020,7,2020-07,19,0.7729,0,0.0,0.2271,0.0,0,0,0,0,1.0,0.8082,0.2839,0.5864,-0.7277,100.0,1,0
LJ500_R061_C085,61,85,703750,9531750,4000,0,2020,7,2020-07,19,0.709,0,0.291,0.0,0.0,0,0,0,0,1.0,0.8595,0.3461,0.6575,-0.7629,43.52,1,0
LJ500_R061_C086,61,86,704250,9531750,4500,0,2020,7,2020-07,19,1.0,0,0.0,0.0,0.0,0,0,0,0,1.0,,,,,0.0,1,1
LJ500_R062_C077,62,77,699750,9532250,0,500,2020,7,2020-07,19,0.0,0,0.7197,0.0,0.2803,0,0,0,0,1.0,0.7779,0.2099,0.5062,-0.694,70.08,1,0
LJ500_R062_C078,62,78,700250,9532250,500,500,2020,7,2020-07,19,0.0,0,0.5947,0.0,0.4053,0,0,0,0,1.0,0.751,0.2129,0.51,-0.6741,51.68,1,0
LJ500_R062_C079,62,79,700750,9532250,1000,500,2020,7,2020-07,19,0.0,0,0.771,0.0,0.229,0,0,0,0,1.0,0.7793,0.2568,0.5512,-0.6724,66.4,1,0
LJ500_R062_C080,62,80,701250,9532250,1500,500,2020,7,2020-07,19,0.235,0,0.6379,0.0,0.1271,0,0,0,0,1.0,0.7233,0.2229,0.5006,-0.6342,98.4,1,0
LJ500_R062_C081,62,81,701750,9532250,2000,500,2020,7,2020-07,19,0.0684,0,0.7378,0.0,0.1938,0,0,0,0,1.0,0.706,0.2418,0.5317,-0.6016,69.12,1,0
LJ500_R062_C082,62,82,702250,9532250,2500,500,2020,7,2020-07,19,0.0973,0,0.9027,0.0,0.0,0,0,0,0,1.0,0.7988,0.3219,0.6275,-0.6763,28.64,1,0
LJ500_R062_C083,62,83,702750,9532250,3000,500,2020,7,2020-07,19,0.0473,0,0.9507,0.0019,0.0,0,0,0,0,1.0,0.7262,0.2447,0.5194,-0.6345,6.08,1,0
LJ500_R062_C084,62,84,703250,9532250,3500,500,2020,7,2020-07,19,0.2757,0,0.7209,0.0034,0.0,0,0,0,0,1.0,0.8196,0.3017,0.6109,-0.7173,78.4,1,0
LJ500_R062_C085,62,85,703750,9532250,4000,500,2020,7,2020-07,19,0.0588,0,0.9412,0.0,0.0,0,0,0,0,1.0,0.8257,0.3235,0.6276,-0.721,41.76,1,0
LJ500_R062_C086,62,86,704250,9532250,4500,500,2020,7,2020-07,19,0.7611,0,0.2389,0.0,0.0,0,0,0,0,1.0,,,,,0.0,1,1
LJ500_R063_C077,63,77,699750,9532750,0,1000,2020,7,2020-07,19,0.0,0,0.1158,0.0,0.8842,0,0,0,0,1.0,0.7284,0.1852,0.4792,-0.665,15.36,1,0
LJ500_R063_C078,63,78,700250,9532750,500,1000,2020,7,2020-07,19,0.0328,0,0.3431,0.0,0.624,0,0,0,0,1.0,0.7342,0.1924,0.4828,-0.6667,3.04,1,0
LJ500_R063_C079,63,79,700750,9532750,1000,1000,2020,7,2020-07,19,0.2883,0,0.3768,0.0,0.3349,0,0,0,0,1.0,0.7602,0.2327,0.5269,-0.6716,35.04,1,0
LJ500_R063_C080,63,80,701250,9532750,1500,1000,2020,7,2020-07,19,0.1673,0,0.4746,0.0,0.358,0,0,0,0,1.0,0.6926,0.2181,0.5002,-0.6159,85.92,1,0
LJ500_R063_C081,63,81,701750,9532750,2000,1000,2020,7,2020-07,19,0.0165,0,0.5433,0.0,0.4402,0,0,0,0,1.0,0.7378,0.2756,0.5731,-0.6351,73.44,1,0
LJ500_R063_C082,63,82,702250,9532750,2500,1000,2020,7,2020-07,19,0.6742,0,0.2142,0.0,0.1117,0,0,0,0,1.0,0.7301,0.2847,0.5816,-0.6077,59.68,1,0
LJ500_R063_C083,63,83,702750,9532750,3000,1000,2020,7,2020-07,19,0.2059,0,0.7941,0.0,0.0,0,0,0,0,1.0,0.7165,0.3407,0.6421,-0.577,1.6,1,0
LJ500_R063_C084,63,84,703250,9532750,3500,1000,2020,7,2020-07,19,0.2973,0,0.7027,0.0,0.0,0,0,0,0,1.0,0.7725,0.2853,0.5849,-0.6802,8.16,1,0
LJ500_R063_C085,63,85,703750,9532750,4000,1000,2020,7,2020-07,19,0.1462,0,0.8538,0.0,0.0,0,0,0,0,1.0,0.8533,0.3709,0.675,-0.7258,0.96,1,0
LJ500_R063_C086,63,86,704250,9532750,4500,1000,2020,7,2020-07,19,0.3435,0,0.6565,0.0,0.0,0,0,0,0,1.0,,,,,0.0,1,1
LJ500_R064_C077,64,77,699750,9533250,0,1500,2020,7,2020-07,19,0.3887,0,0.3116,0.0,0.2997,0,0,0,0,1.0,0.6872,0.2197,0.5142,-0.6056,3.2,1,0
LJ500_R064_C078,64,78,700250,9533250,500,1500,2020,7,2020-07,19,0.5382,0,0.082,0.0,0.3799,0,0,0,0,1.0,,,,,0.0,1,1
LJ500_R064_C079,64,79,700750,9533250,1000,1500,2020,7,2020-07,19,0.4384,0,0.1474,0.0,0.4142,0,0,0,0,1.0,0.5568,0.1872,0.4258,-0.4834,2.56,1,0
LJ500_R064_C080,64,80,701250,9533250,1500,1500,2020,7,2020-07,19,0.5951,0,0.4049,0.0,0.0,0,0,0,0,1.0,0.7312,0.2873,0.578,-0.6283,78.08,1,0
LJ500_R064_C081,64,81,701750,9533250,2000,1500,2020,7,2020-07,19,0.5997,0,0.181,0.0,0.2193,0,0,0,0,1.0,0.758,0.2996,0.5928,-0.6457,71.36,1,0
LJ500_R064_C082,64,82,702250,9533250,2500,1500,2020,7,2020-07,19,0.7276,0,0.2724,0.0,0.0,0,0,0,0,1.0,0.7395,0.2775,0.5574,-0.6384,100.0,1,0
LJ500_R064_C083,64,83,702750,9533250,3000,1500,2020,7,2020-07,19,0.566,0,0.203,0.0,0.231,0,0,0,0,1.0,0.7692,0.3241,0.6239,-0.6622,36.16,1,0
LJ500_R064_C084,64,84,703250,9533250,3500,1500,2020,7,2020-07,19,0.235,0,0.7298,0.0,0.0352,0,0,0,0,1.0,0.8431,0.3824,0.6651,-0.7584,0.32,1,0
LJ500_R064_C085,64,85,703750,9533250,4000,1500,2020,7,2020-07,19,0.5109,0,0.4891,0.0,0.0,0,0,0,0,1.0,0.7224,0.2844,0.5654,-0.6483,29.76,1,0
LJ500_R064_C086,64,86,704250,9533250,4500,1500,2020,7,2020-07,19,0.748,0,0.252,0.0,0.0,0,0,0,0,1.0,0.6897,0.3577,0.6198,-0.5755,5.92,1,0
LJ500_R065_C077,65,77,699750,9533750,0,2000,2020,7,2020-07,19,0.312,0,0.4033,0.0,0.2847,0,0,0,0,1.0,0.8376,0.3861,0.6782,-0.7217,1.28,1,0
LJ500_R065_C078,65,78,700250,9533750,500,2000,2020,7,2020-07,19,0.5913,0,0.4071,0.0,0.0016,0,0,0,0,1.0,,,,,0.0,1,1
LJ500_R065_C079,65,79,700750,9533750,1000,2000,2020,7,2020-07,19,0.3219,0,0.6781,0.0,0.0,0,0,0,0,1.0,0.7227,0.273,0.5614,-0.6161,2.72,1,0
LJ500_R065_C080,65,80,701250,9533750,1500,2000,2020,7,2020-07,19,0.8266,0,0.1734,0.0,0.0,0,0,0,0,1.0,0.7976,0.3484,0.6558,-0.6734,74.4,1,0
LJ500_R065_C081,65,81,701750,9533750,2000,2000,2020,7,2020-07,19,0.9017,0,0.0983,0.0,0.0,0,0,0,0,1.0,0.7262,0.2883,0.5703,-0.6114,84.96,1,0
LJ500_R065_C082,65,82,702250,9533750,2500,2000,2020,7,2020-07,19,0.7327,0,0.2673,0.0,0.0,0,0,0,0,1.0,0.7677,0.2673,0.5746,-0.6753,84.16,1,0
LJ500_R065_C083,65,83,702750,9533750,3000,2000,2020,7,2020-07,19,0.7802,0,0.1368,0.0,0.083,0,0,0,0,1.0,0.817,0.3404,0.6467,-0.714,12.96,1,0
LJ500_R065_C084,65,84,703250,9533750,3500,2000,2020,7,2020-07,19,0.3229,0,0.6771,0.0,0.0,0,0,0,0,1.0,0.7953,0.3162,0.6128,-0.6951,43.52,1,0
LJ500_R065_C085,65,85,703750,9533750,4000,2000,2020,7,2020-07,19,0.0167,0,0.9833,0.0,0.0,0,0,0,0,1.0,0.7295,0.2152,0.5133,-0.6623,98.88,1,0
LJ500_R065_C086,65,86,704250,9533750,4500,2000,2020,7,2020-07,19,0.7821,0,0.2179,0.0,0.0,0,0,0,0,1.0,0.7398,0.2911,0.5648,-0.6681,7.84,1,0
LJ500_R066_C077,66,77,699750,9534250,0,2500,2020,7,2020-07,19,0.5018,0,0.3517,0.0,0.1465,0,0,0,0,1.0,,,,,0.0,1,1
LJ500_R066_C078,66,78,700250,9534250,500,2500,2020,7,2020-07,19,0.1232,0,0.8768,0.0,0.0,0,0,0,0,1.0,,,,,0.0,1,1
LJ500_R066_C079,66,79,700750,9534250,1000,2500,2020,7,2020-07,19,0.3332,0,0.6668,0.0,0.0,0,0,0,0,1.0,0.7142,0.3101,0.5836,-0.6129,1.76,1,0
LJ500_R066_C080,66,80,701250,9534250,1500,2500,2020,7,2020-07,19,0.9149,0,0.0851,0.0,0.0,0,0,0,0,1.0,0.785,0.3301,0.6242,-0.6693,5.92,1,0
LJ500_R066_C081,66,81,701750,9534250,2000,2500,2020,7,2020-07,19,0.7037,0,0.2963,0.0,0.0,0,0,0,0,1.0,0.7187,0.2516,0.5459,-0.6108,1.92,1,0
LJ500_R066_C082,66,82,702250,9534250,2500,2500,2020,7,2020-07,19,0.6772,0,0.3228,0.0,0.0,0,0,0,0,1.0,0.7778,0.3609,0.6473,-0.6511,6.4,1,0
LJ500_R066_C083,66,83,702750,9534250,3000,2500,2020,7,2020-07,19,0.6289,0,0.3711,0.0,0.0,0,0,0,0,1.0,0.6948,0.3431,0.6318,-0.5528,8.96,1,0
LJ500_R066_C084,66,84,703250,9534250,3500,2500,2020,7,2020-07,19,0.7305,0,0.2695,0.0,0.0,0,0,0,0,1.0,0.6752,0.269,0.5273,-0.5947,27.52,1,0
LJ500_R066_C085,66,85,703750,9534250,4000,2500,2020,7,2020-07,19,0.7865,0,0.2135,0.0,0.0,0,0,0,0,1.0,0.761,0.2495,0.5473,-0.6915,40.16,1,0
LJ500_R066_C086,66,86,704250,9534250,4500,2500,2020,7,2020-07,19,1.0,0,0.0,0.0,0.0,0,0,0,0,1.0,0.7604,0.3222,0.588,-0.6726,11.04,1,0
LJ500_R067_C077,67,77,699750,9534750,0,3000,2020,7,2020-07,19,0.7165,0,0.2835,0.0,0.0,0,0,0,0,1.0,,,,,0.0,1,1
LJ500_R067_C078,67,78,700250,9534750,500,3000,2020,7,2020-07,19,0.8229,0,0.1771,0.0,0.0,0,0,0,0,1.0,0.667,0.1969,0.4516,-0.594,3.68,1,0
LJ500_R067_C079,67,79,700750,9534750,1000,3000,2020,7,2020-07,19,0.9659,0,0.0341,0.0,0.0,0,0,0,0,1.0,,,,,0.0,1,1
LJ500_R067_C080,67,80,701250,9534750,1500,3000,2020,7,2020-07,19,0.8944,0,0.1056,0.0,0.0,0,0,0,0,1.0,0.6213,0.3112,0.5581,-0.5112,6.72,1,0
LJ500_R067_C081,67,81,701750,9534750,2000,3000,2020,7,2020-07,19,0.7989,0,0.1897,0.0,0.0114,0,0,0,0,1.0,0.6657,0.286,0.5506,-0.5762,17.6,1,0
LJ500_R067_C082,67,82,702250,9534750,2500,3000,2020,7,2020-07,19,1.0,0,0.0,0.0,0.0,0,0,0,0,1.0,,,,,0.0,1,1
LJ500_R067_C083,67,83,702750,9534750,3000,3000,2020,7,2020-07,19,1.0,0,0.0,0.0,0.0,0,0,0,0,1.0,,,,,0.0,1,1
LJ500_R067_C084,67,84,703250,9534750,3500,3000,2020,7,2020-07,19,1.0,0,0.0,0.0,0.0,0,0,0,0,1.0,,,,,0.0,1,1
LJ500_R067_C085,67,85,703750,9534750,4000,3000,2020,7,2020-07,19,1.0,0,0.0,0.0,0.0,0,0,0,0,1.0,0.5774,0.2368,0.5016,-0.4786,0.16,1,0
LJ500_R067_C086,67,86,704250,9534750,4500,3000,2020,7,2020-07,19,1.0,0,0.0,0.0,0.0,0,0,0,0,1.0,0.7568,0.3261,0.592,-0.673,60.8,1,0
LJ500_R068_C077,68,77,699750,9535250,0,3500,2020,7,2020-07,19,0.065,0,0.935,0.0,0.0,0,0,0,0,1.0,0.707,0.2338,0.4916,-0.6196,0.64,1,0
LJ500_R068_C078,68,78,700250,9535250,500,3500,2020,7,2020-07,19,0.7525,0,0.2475,0.0,0.0,0,0,0,0,1.0,0.6428,0.2179,0.4757,-0.5501,6.72,1,0
LJ500_R068_C079,68,79,700750,9535250,1000,3500,2020,7,2020-07,19,1.0,0,0.0,0.0,0.0,0,0,0,0,1.0,,,,,0.0,1,1
LJ500_R068_C080,68,80,701250,9535250,1500,3500,2020,7,2020-07,19,0.8923,0,0.1077,0.0,0.0,0,0,0,0,1.0,0.6639,0.344,0.6022,-0.5424,18.72,1,0
LJ500_R068_C081,68,81,701750,9535250,2000,3500,2020,7,2020-07,19,0.6646,0,0.0767,0.0,0.2586,0,0,0,0,1.0,0.5785,0.2283,0.4783,-0.503,18.72,1,0
LJ500_R068_C082,68,82,702250,9535250,2500,3500,2020,7,2020-07,19,0.9399,0,0.0601,0.0,0.0,0,0,0,0,1.0,,,,,0.0,1,1
LJ500_R068_C083,68,83,702750,9535250,3000,3500,2020,7,2020-07,19,1.0,0,0.0,0.0,0.0,0,0,0,0,1.0,,,,,0.0,1,1
LJ500_R068_C084,68,84,703250,9535250,3500,3500,2020,7,2020-07,19,1.0,0,0.0,0.0,0.0,0,0,0,0,1.0,,,,,0.0,1,1
LJ500_R068_C085,68,85,703750,9535250,4000,3500,2020,7,2020-07,19,1.0,0,0.0,0.0,0.0,0,0,0,0,1.0,,,,,0.0,1,1
LJ500_R068_C086,68,86,704250,9535250,4500,3500,2020,7,2020-07,19,1.0,0,0.0,0.0,0.0,0,0,0,0,1.0,0.6976,0.3304,0.582,-0.6327,27.36,1,0
LJ500_R069_C077,69,77,699750,9535750,0,4000,2020,7,2020-07,19,0.0,0,0.9574,0.0426,0.0,0,0,0,0,1.0,0.686,0.1919,0.4542,-0.6133,19.52,1,0
LJ500_R069_C078,69,78,700250,9535750,500,4000,2020,7,2020-07,19,0.4139,0,0.5115,0.0746,0.0,0,0,0,0,1.0,,,,,0.0,1,1
LJ500_R069_C079,69,79,700750,9535750,1000,4000,2020,7,2020-07,19,0.6432,0,0.3568,0.0,0.0,0,0,0,0,1.0,0.6553,0.2409,0.4882,-0.5614,2.56,1,0
LJ500_R069_C080,69,80,701250,9535750,1500,4000,2020,7,2020-07,19,0.8514,0,0.1486,0.0,0.0,0,0,0,0,1.0,0.7253,0.3348,0.6124,-0.6186,1.44,1,0
LJ500_R069_C081,69,81,701750,9535750,2000,4000,2020,7,2020-07,19,1.0,0,0.0,0.0,0.0,0,0,0,0,1.0,0.7305,0.3621,0.6386,-0.6121,21.92,1,0
LJ500_R069_C082,69,82,702250,9535750,2500,4000,2020,7,2020-07,19,1.0,0,0.0,0.0,0.0,0,0,0,0,1.0,,,,,0.0,1,1
LJ500_R069_C083,69,83,702750,9535750,3000,4000,2020,7,2020-07,19,1.0,0,0.0,0.0,0.0,0,0,0,0,1.0,,,,,0.0,1,1
LJ500_R069_C084,69,84,703250,9535750,3500,4000,2020,7,2020-07,19,1.0,0,0.0,0.0,0.0,0,0,0,0,1.0,,,,,0.0,1,1
LJ500_R069_C085,69,85,703750,9535750,4000,4000,2020,7,2020-07,19,1.0,0,0.0,0.0,0.0,0,0,0,0,1.0,,,,,0.0,1,1
LJ500_R069_C086,69,86,704250,9535750,4500,4000,2020,7,2020-07,19,1.0,0,0.0,0.0,0.0,0,0,0,0,1.0,0.7544,0.3467,0.6223,-0.6969,1.92,1,0
LJ500_R070_C077,70,77,699750,9536250,0,4500,2020,7,2020-07,19,0.0,0,0.3423,0.4553,0.2024,0,0,0,0,1.0,0.7097,0.1484,0.4323,-0.6743,93.12,1,0
LJ500_R070_C078,70,78,700250,9536250,500,4500,2020,7,2020-07,19,0.0,0,0.3908,0.6092,0.0,0,0,0,0,1.0,0.6901,0.1873,0.4632,-0.6416,61.44,1,0
LJ500_R070_C079,70,79,700750,9536250,1000,4500,2020,7,2020-07,19,0.2082,0,0.7834,0.0084,0.0,0,0,0,0,1.0,0.6401,0.1681,0.4334,-0.5689,16.32,1,0
LJ500_R070_C080,70,80,701250,9536250,1500,4500,2020,7,2020-07,19,0.2813,0,0.7187,0.0,0.0,0,0,0,0,1.0,,,,,0.0,1,1
LJ500_R070_C081,70,81,701750,9536250,2000,4500,2020,7,2020-07,19,0.9197,0,0.0803,0.0,0.0,0,0,0,0,1.0,0.657,0.3013,0.5745,-0.521,0.64,1,0
LJ500_R070_C082,70,82,702250,9536250,2500,4500,2020,7,2020-07,19,1.0,0,0.0,0.0,0.0,0,0,0,0,1.0,,,,,0.0,1,1
LJ500_R070_C083,70,83,702750,9536250,3000,4500,2020,7,2020-07,19,1.0,0,0.0,0.0,0.0,0,0,0,0,1.0,,,,,0.0,1,1
LJ500_R070_C084,70,84,703250,9536250,3500,4500,2020,7,2020-07,19,0.9943,0,0.0057,0.0,0.0,0,0,0,0,1.0,,,,,0.0,1,1
LJ500_R070_C085,70,85,703750,9536250,4000,4500,2020,7,2020-07,19,1.0,0,0.0,0.0,0.0,0,0,0,0,1.0,0.818,0.3894,0.6671,-0.7492,0.48,1,0
LJ500_R070_C086,70,86,704250,9536250,4500,4500,2020,7,2020-07,19,1.0,0,0.0,0.0,0.0,0,0,0,0,1.0,0.8216,0.3885,0.6642,-0.7505,71.84,1,0
LJ500_R061_C077,61,77,699750,9531750,0,0,2020,8,2020-08,20,0.0,0,1.0,0.0,0.0,0,0,0,0,1.0,0.6417,0.037,0.2876,-0.5928,55.04,1,0
LJ500_R061_C078,61,78,700250,9531750,500,0,2020,8,2020-08,20,0.0,0,0.9516,0.0,0.0484,0,0,0,0,1.0,0.701,0.0907,0.3634,-0.6313,100.0,1,0
LJ500_R061_C079,61,79,700750,9531750,1000,0,2020,8,2020-08,20,0.0,0,0.906,0.0,0.094,0,0,0,0,1.0,0.7943,0.1962,0.4943,-0.6957,100.0,1,0
LJ500_R061_C080,61,80,701250,9531750,1500,0,2020,8,2020-08,20,0.1714,0,0.8229,0.0,0.0057,0,0,0,0,1.0,0.7431,0.196,0.4867,-0.6574,100.0,1,0
LJ500_R061_C081,61,81,701750,9531750,2000,0,2020,8,2020-08,20,0.0,0,1.0,0.0,0.0,0,0,0,0,1.0,0.7313,0.2092,0.4878,-0.6428,69.76,1,0
LJ500_R061_C082,61,82,702250,9531750,2500,0,2020,8,2020-08,20,0.0618,0,0.9382,0.0,0.0,0,0,0,0,1.0,0.7599,0.2458,0.5375,-0.6661,100.0,1,0
LJ500_R061_C083,61,83,702750,9531750,3000,0,2020,8,2020-08,20,0.5343,0,0.3633,0.1024,0.0,0,0,0,0,1.0,0.8289,0.3336,0.6384,-0.7214,92.48,1,0
LJ500_R061_C084,61,84,703250,9531750,3500,0,2020,8,2020-08,20,0.7729,0,0.0,0.2271,0.0,0,0,0,0,1.0,0.826,0.3162,0.6375,-0.7373,62.88,1,0
LJ500_R061_C085,61,85,703750,9531750,4000,0,2020,8,2020-08,20,0.709,0,0.291,0.0,0.0,0,0,0,0,1.0,0.8574,0.3294,0.6404,-0.7556,100.0,1,0
LJ500_R061_C086,61,86,704250,9531750,4500,0,2020,8,2020-08,20,1.0,0,0.0,0.0,0.0,0,0,0,0,1.0,0.8127,0.2925,0.5939,-0.7134,100.0,1,0
LJ500_R062_C077,62,77,699750,9532250,0,500,2020,8,2020-08,20,0.0,0,0.7197,0.0,0.2803,0,0,0,0,1.0,0.3426,0.0386,0.1864,-0.3063,10.72,1,0
LJ500_R062_C078,62,78,700250,9532250,500,500,2020,8,2020-08,20,0.0,0,0.5947,0.0,0.4053,0,0,0,0,1.0,0.6055,0.1545,0.397,-0.5353,81.92,1,0
LJ500_R062_C079,62,79,700750,9532250,1000,500,2020,8,2020-08,20,0.0,0,0.771,0.0,0.229,0,0,0,0,1.0,0.7885,0.2279,0.5237,-0.677,100.0,1,0
LJ500_R062_C080,62,80,701250,9532250,1500,500,2020,8,2020-08,20,0.235,0,0.6379,0.0,0.1271,0,0,0,0,1.0,0.6805,0.2081,0.4806,-0.5836,100.0,1,0
LJ500_R062_C081,62,81,701750,9532250,2000,500,2020,8,2020-08,20,0.0684,0,0.7378,0.0,0.1938,0,0,0,0,1.0,0.7352,0.2137,0.4978,-0.6417,100.0,1,0
LJ500_R062_C082,62,82,702250,9532250,2500,500,2020,8,2020-08,20,0.0973,0,0.9027,0.0,0.0,0,0,0,0,1.0,0.8072,0.2662,0.5768,-0.701,100.0,1,0
LJ500_R062_C083,62,83,702750,9532250,3000,500,2020,8,2020-08,20,0.0473,0,0.9507,0.0019,0.0,0,0,0,0,1.0,0.7686,0.3029,0.5995,-0.6574,73.92,1,0
LJ500_R062_C084,62,84,703250,9532250,3500,500,2020,8,2020-08,20,0.2757,0,0.7209,0.0034,0.0,0,0,0,0,1.0,0.8601,0.3214,0.6468,-0.748,69.28,1,0
LJ500_R062_C085,62,85,703750,9532250,4000,500,2020,8,2020-08,20,0.0588,0,0.9412,0.0,0.0,0,0,0,0,1.0,0.8421,0.303,0.612,-0.7339,68.64,1,0
LJ500_R062_C086,62,86,704250,9532250,4500,500,2020,8,2020-08,20,0.7611,0,0.2389,0.0,0.0,0,0,0,0,1.0,0.8354,0.3322,0.6384,-0.7271,29.12,1,0
LJ500_R063_C077,63,77,699750,9532750,0,1000,2020,8,2020-08,20,0.0,0,0.1158,0.0,0.8842,0,0,0,0,1.0,0.6608,0.1622,0.4379,-0.5993,81.6,1,0
LJ500_R063_C078,63,78,700250,9532750,500,1000,2020,8,2020-08,20,0.0328,0,0.3431,0.0,0.624,0,0,0,0,1.0,0.7506,0.2259,0.5159,-0.6612,88.48,1,0
LJ500_R063_C079,63,79,700750,9532750,1000,1000,2020,8,2020-08,20,0.2883,0,0.3768,0.0,0.3349,0,0,0,0,1.0,0.779,0.2324,0.5288,-0.6775,100.0,1,0
LJ500_R063_C080,63,80,701250,9532750,1500,1000,2020,8,2020-08,20,0.1673,0,0.4746,0.0,0.358,0,0,0,0,1.0,0.7206,0.1913,0.4761,-0.6398,99.84,1,0
LJ500_R063_C081,63,81,701750,9532750,2000,1000,2020,8,2020-08,20,0.0165,0,0.5433,0.0,0.4402,0,0,0,0,1.0,0.7818,0.2421,0.5406,-0.6879,100.0,1,0
LJ500_R063_C082,63,82,702250,9532750,2500,1000,2020,8,2020-08,20,0.6742,0,0.2142,0.0,0.1117,0,0,0,0,1.0,0.7854,0.2686,0.5689,-0.6705,97.12,1,0
LJ500_R063_C083,63,83,702750,9532750,3000,1000,2020,8,2020-08,20,0.2059,0,0.7941,0.0,0.0,0,0,0,0,1.0,0.7115,0.2658,0.5521,-0.6064,43.52,1,0
LJ500_R063_C084,63,84,703250,9532750,3500,1000,2020,8,2020-08,20,0.2973,0,0.7027,0.0,0.0,0,0,0,0,1.0,0.8454,0.2993,0.6107,-0.7417,28.16,1,0
LJ500_R063_C085,63,85,703750,9532750,4000,1000,2020,8,2020-08,20,0.1462,0,0.8538,0.0,0.0,0,0,0,0,1.0,0.824,0.3009,0.6039,-0.7144,82.88,1,0
LJ500_R063_C086,63,86,704250,9532750,4500,1000,2020,8,2020-08,20,0.3435,0,0.6565,0.0,0.0,0,0,0,0,1.0,0.84,0.3166,0.6211,-0.7311,41.76,1,0
LJ500_R064_C077,64,77,699750,9533250,0,1500,2020,8,2020-08,20,0.3887,0,0.3116,0.0,0.2997,0,0,0,0,1.0,0.6471,0.0945,0.3663,-0.6143,5.76,1,0
LJ500_R064_C078,64,78,700250,9533250,500,1500,2020,8,2020-08,20,0.5382,0,0.082,0.0,0.3799,0,0,0,0,1.0,0.7497,0.2583,0.5566,-0.6578,37.44,1,0
LJ500_R064_C079,64,79,700750,9533250,1000,1500,2020,8,2020-08,20,0.4384,0,0.1474,0.0,0.4142,0,0,0,0,1.0,0.7356,0.1776,0.4688,-0.6634,56.8,1,0
LJ500_R064_C080,64,80,701250,9533250,1500,1500,2020,8,2020-08,20,0.5951,0,0.4049,0.0,0.0,0,0,0,0,1.0,0.7268,0.2613,0.5353,-0.6373,86.4,1,0
LJ500_R064_C081,64,81,701750,9533250,2000,1500,2020,8,2020-08,20,0.5997,0,0.181,0.0,0.2193,0,0,0,0,1.0,0.8121,0.2814,0.5804,-0.7095,100.0,1,0
LJ500_R064_C082,64,82,702250,9533250,2500,1500,2020,8,2020-08,20,0.7276,0,0.2724,0.0,0.0,0,0,0,0,1.0,0.7751,0.2763,0.5748,-0.6688,87.2,1,0
LJ500_R064_C083,64,83,702750,9533250,3000,1500,2020,8,2020-08,20,0.566,0,0.203,0.0,0.231,0,0,0,0,1.0,0.8488,0.3053,0.621,-0.7476,100.0,1,0
LJ500_R064_C084,64,84,703250,9533250,3500,1500,2020,8,2020-08,20,0.235,0,0.7298,0.0,0.0352,0,0,0,0,1.0,0.8565,0.3238,0.6404,-0.7442,52.32,1,0
LJ500_R064_C085,64,85,703750,9533250,4000,1500,2020,8,2020-08,20,0.5109,0,0.4891,0.0,0.0,0,0,0,0,1.0,0.7536,0.2944,0.574,-0.6479,53.92,1,0
LJ500_R064_C086,64,86,704250,9533250,4500,1500,2020,8,2020-08,20,0.748,0,0.252,0.0,0.0,0,0,0,0,1.0,0.7271,0.249,0.5311,-0.637,75.84,1,0
LJ500_R065_C077,65,77,699750,9533750,0,2000,2020,8,2020-08,20,0.312,0,0.4033,0.0,0.2847,0,0,0,0,1.0,,,,,0.0,1,1
LJ500_R065_C078,65,78,700250,9533750,500,2000,2020,8,2020-08,20,0.5913,0,0.4071,0.0,0.0016,0,0,0,0,1.0,0.5122,0.1974,0.4204,-0.432,5.28,1,0
LJ500_R065_C079,65,79,700750,9533750,1000,2000,2020,8,2020-08,20,0.3219,0,0.6781,0.0,0.0,0,0,0,0,1.0,0.5286,0.1318,0.3651,-0.4596,18.24,1,0
LJ500_R065_C080,65,80,701250,9533750,1500,2000,2020,8,2020-08,20,0.8266,0,0.1734,0.0,0.0,0,0,0,0,1.0,0.7717,0.2919,0.5933,-0.6702,72.0,1,0
LJ500_R065_C081,65,81,701750,9533750,2000,2000,2020,8,2020-08,20,0.9017,0,0.0983,0.0,0.0,0,0,0,0,1.0,0.6617,0.2685,0.5398,-0.5663,99.68,1,0
LJ500_R065_C082,65,82,702250,9533750,2500,2000,2020,8,2020-08,20,0.7327,0,0.2673,0.0,0.0,0,0,0,0,1.0,0.7068,0.2557,0.5513,-0.6176,98.56,1,0
LJ500_R065_C083,65,83,702750,9533750,3000,2000,2020,8,2020-08,20,0.7802,0,0.1368,0.0,0.083,0,0,0,0,1.0,0.8513,0.3246,0.6376,-0.7441,90.88,1,0
LJ500_R065_C084,65,84,703250,9533750,3500,2000,2020,8,2020-08,20,0.3229,0,0.6771,0.0,0.0,0,0,0,0,1.0,0.8401,0.3165,0.6295,-0.7316,73.92,1,0
LJ500_R065_C085,65,85,703750,9533750,4000,2000,2020,8,2020-08,20,0.0167,0,0.9833,0.0,0.0,0,0,0,0,1.0,0.8106,0.2848,0.6035,-0.7039,3.2,1,0
LJ500_R065_C086,65,86,704250,9533750,4500,2000,2020,8,2020-08,20,0.7821,0,0.2179,0.0,0.0,0,0,0,0,1.0,0.7053,0.2821,0.545,-0.6211,15.52,1,0
LJ500_R066_C077,66,77,699750,9534250,0,2500,2020,8,2020-08,20,0.5018,0,0.3517,0.0,0.1465,0,0,0,0,1.0,0.5673,0.2139,0.4382,-0.4951,25.76,1,0
LJ500_R066_C078,66,78,700250,9534250,500,2500,2020,8,2020-08,20,0.1232,0,0.8768,0.0,0.0,0,0,0,0,1.0,0.368,0.1755,0.3625,-0.3024,4.96,1,0
LJ500_R066_C079,66,79,700750,9534250,1000,2500,2020,8,2020-08,20,0.3332,0,0.6668,0.0,0.0,0,0,0,0,1.0,0.4211,0.002,0.2214,-0.4055,0.16,1,0
LJ500_R066_C080,66,80,701250,9534250,1500,2500,2020,8,2020-08,20,0.9149,0,0.0851,0.0,0.0,0,0,0,0,1.0,0.6609,0.2788,0.5439,-0.57,14.56,1,0
LJ500_R066_C081,66,81,701750,9534250,2000,2500,2020,8,2020-08,20,0.7037,0,0.2963,0.0,0.0,0,0,0,0,1.0,0.5594,0.264,0.5041,-0.4914,53.28,1,0
LJ500_R066_C082,66,82,702250,9534250,2500,2500,2020,8,2020-08,20,0.6772,0,0.3228,0.0,0.0,0,0,0,0,1.0,0.6892,0.296,0.5619,-0.603,95.68,1,0
LJ500_R066_C083,66,83,702750,9534250,3000,2500,2020,8,2020-08,20,0.6289,0,0.3711,0.0,0.0,0,0,0,0,1.0,0.6445,0.2796,0.5265,-0.5572,9.44,1,0
LJ500_R066_C084,66,84,703250,9534250,3500,2500,2020,8,2020-08,20,0.7305,0,0.2695,0.0,0.0,0,0,0,0,1.0,,,,,0.0,1,1
LJ500_R066_C085,66,85,703750,9534250,4000,2500,2020,8,2020-08,20,0.7865,0,0.2135,0.0,0.0,0,0,0,0,1.0,,,,,0.0,1,1
LJ500_R066_C086,66,86,704250,9534250,4500,2500,2020,8,2020-08,20,1.0,0,0.0,0.0,0.0,0,0,0,0,1.0,,,,,0.0,1,1
LJ500_R067_C077,67,77,699750,9534750,0,3000,2020,8,2020-08,20,0.7165,0,0.2835,0.0,0.0,0,0,0,0,1.0,,,,,0.0,1,1
LJ500_R067_C078,67,78,700250,9534750,500,3000,2020,8,2020-08,20,0.8229,0,0.1771,0.0,0.0,0,0,0,0,1.0,,,,,0.0,1,1
LJ500_R067_C079,67,79,700750,9534750,1000,3000,2020,8,2020-08,20,0.9659,0,0.0341,0.0,0.0,0,0,0,0,1.0,,,,,0.0,1,1
LJ500_R067_C080,67,80,701250,9534750,1500,3000,2020,8,2020-08,20,0.8944,0,0.1056,0.0,0.0,0,0,0,0,1.0,,,,,0.0,1,1
LJ500_R067_C081,67,81,701750,9534750,2000,3000,2020,8,2020-08,20,0.7989,0,0.1897,0.0,0.0114,0,0,0,0,1.0,0.6101,0.3322,0.5633,-0.5327,13.92,1,0
LJ500_R067_C082,67,82,702250,9534750,2500,3000,2020,8,2020-08,20,1.0,0,0.0,0.0,0.0,0,0,0,0,1.0,0.7094,0.3475,0.6127,-0.6181,12.64,1,0
LJ500_R067_C083,67,83,702750,9534750,3000,3000,2020,8,2020-08,20,1.0,0,0.0,0.0,0.0,0,0,0,0,1.0,0.6531,0.2578,0.5309,-0.5641,3.52,1,0
LJ500_R067_C084,67,84,703250,9534750,3500,3000,2020,8,2020-08,20,1.0,0,0.0,0.0,0.0,0,0,0,0,1.0,,,,,0.0,1,1
LJ500_R067_C085,67,85,703750,9534750,4000,3000,2020,8,2020-08,20,1.0,0,0.0,0.0,0.0,0,0,0,0,1.0,,,,,0.0,1,1
LJ500_R067_C086,67,86,704250,9534750,4500,3000,2020,8,2020-08,20,1.0,0,0.0,0.0,0.0,0,0,0,0,1.0,,,,,0.0,1,1
LJ500_R068_C077,68,77,699750,9535250,0,3500,2020,8,2020-08,20,0.065,0,0.935,0.0,0.0,0,0,0,0,1.0,0.7116,0.1657,0.4499,-0.624,82.4,1,0
LJ500_R068_C078,68,78,700250,9535250,500,3500,2020,8,2020-08,20,0.7525,0,0.2475,0.0,0.0,0,0,0,0,1.0,0.7623,0.2293,0.5188,-0.6468,71.68,1,0
LJ500_R068_C079,68,79,700750,9535250,1000,3500,2020,8,2020-08,20,1.0,0,0.0,0.0,0.0,0,0,0,0,1.0,0.7962,0.2991,0.5854,-0.668,11.36,1,0
LJ500_R068_C080,68,80,701250,9535250,1500,3500,2020,8,2020-08,20,0.8923,0,0.1077,0.0,0.0,0,0,0,0,1.0,,,,,0.0,1,1
LJ500_R068_C081,68,81,701750,9535250,2000,3500,2020,8,2020-08,20,0.6646,0,0.0767,0.0,0.2586,0,0,0,0,1.0,,,,,0.0,1,1
LJ500_R068_C082,68,82,702250,9535250,2500,3500,2020,8,2020-08,20,0.9399,0,0.0601,0.0,0.0,0,0,0,0,1.0,,,,,0.0,1,1
LJ500_R068_C083,68,83,702750,9535250,3000,3500,2020,8,2020-08,20,1.0,0,0.0,0.0,0.0,0,0,0,0,1.0,,,,,0.0,1,1
LJ500_R068_C084,68,84,703250,9535250,3500,3500,2020,8,2020-08,20,1.0,0,0.0,0.0,0.0,0,0,0,0,1.0,,,,,0.0,1,1
LJ500_R068_C085,68,85,703750,9535250,4000,3500,2020,8,2020-08,20,1.0,0,0.0,0.0,0.0,0,0,0,0,1.0,,,,,0.0,1,1
LJ500_R068_C086,68,86,704250,9535250,4500,3500,2020,8,2020-08,20,1.0,0,0.0,0.0,0.0,0,0,0,0,1.0,,,,,0.0,1,1
LJ500_R069_C077,69,77,699750,9535750,0,4000,2020,8,2020-08,20,0.0,0,0.9574,0.0426,0.0,0,0,0,0,1.0,0.7262,0.198,0.4945,-0.6317,100.0,1,0
LJ500_R069_C078,69,78,700250,9535750,500,4000,2020,8,2020-08,20,0.4139,0,0.5115,0.0746,0.0,0,0,0,0,1.0,0.7774,0.2739,0.5648,-0.6627,100.0,1,0
LJ500_R069_C079,69,79,700750,9535750,1000,4000,2020,8,2020-08,20,0.6432,0,0.3568,0.0,0.0,0,0,0,0,1.0,0.7215,0.2125,0.4883,-0.6206,46.4,1,0
LJ500_R069_C080,69,80,701250,9535750,1500,4000,2020,8,2020-08,20,0.8514,0,0.1486,0.0,0.0,0,0,0,0,1.0,0.7527,0.251,0.5249,-0.6631,28.8,1,0
LJ500_R069_C081,69,81,701750,9535750,2000,4000,2020,8,2020-08,20,1.0,0,0.0,0.0,0.0,0,0,0,0,1.0,0.7471,0.292,0.5658,-0.6539,8.32,1,0
LJ500_R069_C082,69,82,702250,9535750,2500,4000,2020,8,2020-08,20,1.0,0,0.0,0.0,0.0,0,0,0,0,1.0,,,,,0.0,1,1
LJ500_R069_C083,69,83,702750,9535750,3000,4000,2020,8,2020-08,20,1.0,0,0.0,0.0,0.0,0,0,0,0,1.0,,,,,0.0,1,1
LJ500_R069_C084,69,84,703250,9535750,3500,4000,2020,8,2020-08,20,1.0,0,0.0,0.0,0.0,0,0,0,0,1.0,,,,,0.0,1,1
LJ500_R069_C085,69,85,703750,9535750,4000,4000,2020,8,2020-08,20,1.0,0,0.0,0.0,0.0,0,0,0,0,1.0,,,,,0.0,1,1
LJ500_R069_C086,69,86,704250,9535750,4500,4000,2020,8,2020-08,20,1.0,0,0.0,0.0,0.0,0,0,0,0,1.0,0.7738,0.3535,0.6257,-0.7079,2.4,1,0
LJ500_R070_C077,70,77,699750,9536250,0,4500,2020,8,2020-08,20,0.0,0,0.3423,0.4553,0.2024,0,0,0,0,1.0,0.6979,0.1979,0.5057,-0.6347,53.28,1,0
LJ500_R070_C078,70,78,700250,9536250,500,4500,2020,8,2020-08,20,0.0,0,0.3908,0.6092,0.0,0,0,0,0,1.0,0.7256,0.182,0.4848,-0.6683,100.0,1,0
LJ500_R070_C079,70,79,700750,9536250,1000,4500,2020,8,2020-08,20,0.2082,0,0.7834,0.0084,0.0,0,0,0,0,1.0,0.7546,0.1892,0.4766,-0.6616,97.28,1,0
LJ500_R070_C080,70,80,701250,9536250,1500,4500,2020,8,2020-08,20,0.2813,0,0.7187,0.0,0.0,0,0,0,0,1.0,0.8041,0.2628,0.5597,-0.6948,38.24,1,0
LJ500_R070_C081,70,81,701750,9536250,2000,4500,2020,8,2020-08,20,0.9197,0,0.0803,0.0,0.0,0,0,0,0,1.0,0.8258,0.2953,0.5962,-0.7325,0.48,1,0
LJ500_R070_C082,70,82,702250,9536250,2500,4500,2020,8,2020-08,20,1.0,0,0.0,0.0,0.0,0,0,0,0,1.0,0.7874,0.3174,0.5965,-0.6881,26.88,1,0
LJ500_R070_C083,70,83,702750,9536250,3000,4500,2020,8,2020-08,20,1.0,0,0.0,0.0,0.0,0,0,0,0,1.0,0.7688,0.3442,0.6189,-0.6678,17.6,1,0
LJ500_R070_C084,70,84,703250,9536250,3500,4500,2020,8,2020-08,20,0.9943,0,0.0057,0.0,0.0,0,0,0,0,1.0,0.7027,0.2989,0.5542,-0.6301,52.48,1,0
LJ500_R070_C085,70,85,703750,9536250,4000,4500,2020,8,2020-08,20,1.0,0,0.0,0.0,0.0,0,0,0,0,1.0,0.7718,0.354,0.6221,-0.7068,80.16,1,0
LJ500_R070_C086,70,86,704250,9536250,4500,4500,2020,8,2020-08,20,1.0,0,0.0,0.0,0.0,0,0,0,0,1.0,0.8148,0.3876,0.6631,-0.7396,91.52,1,0
LJ500_R061_C077,61,77,699750,9531750,0,0,2020,9,2020-09,21,0.0,0,1.0,0.0,0.0,0,0,0,0,1.0,0.5421,-0.0495,0.1595,-0.5367,100.0,1,0
LJ500_R061_C078,61,78,700250,9531750,500,0,2020,9,2020-09,21,0.0,0,0.9516,0.0,0.0484,0,0,0,0,1.0,0.5709,-0.0151,0.2197,-0.5669,100.0,1,0
LJ500_R061_C079,61,79,700750,9531750,1000,0,2020,9,2020-09,21,0.0,0,0.906,0.0,0.094,0,0,0,0,1.0,0.6912,0.0993,0.3618,-0.6525,100.0,1,0
LJ500_R061_C080,61,80,701250,9531750,1500,0,2020,9,2020-09,21,0.1714,0,0.8229,0.0,0.0057,0,0,0,0,1.0,0.6765,0.1117,0.3768,-0.6457,100.0,1,0
LJ500_R061_C081,61,81,701750,9531750,2000,0,2020,9,2020-09,21,0.0,0,1.0,0.0,0.0,0,0,0,0,1.0,0.69,0.1341,0.4056,-0.6491,100.0,1,0
LJ500_R061_C082,61,82,702250,9531750,2500,0,2020,9,2020-09,21,0.0618,0,0.9382,0.0,0.0,0,0,0,0,1.0,0.7402,0.1658,0.4501,-0.6877,100.0,1,0
LJ500_R061_C083,61,83,702750,9531750,3000,0,2020,9,2020-09,21,0.5343,0,0.3633,0.1024,0.0,0,0,0,0,1.0,0.776,0.2583,0.5426,-0.6914,100.0,1,0
LJ500_R061_C084,61,84,703250,9531750,3500,0,2020,9,2020-09,21,0.7729,0,0.0,0.2271,0.0,0,0,0,0,1.0,0.7832,0.2576,0.5377,-0.7172,100.0,1,0
LJ500_R061_C085,61,85,703750,9531750,4000,0,2020,9,2020-09,21,0.709,0,0.291,0.0,0.0,0,0,0,0,1.0,0.8148,0.3171,0.6044,-0.7311,100.0,1,0
LJ500_R061_C086,61,86,704250,9531750,4500,0,2020,9,2020-09,21,1.0,0,0.0,0.0,0.0,0,0,0,0,1.0,0.743,0.2612,0.5342,-0.6565,100.0,1,0
LJ500_R062_C077,62,77,699750,9532250,0,500,2020,9,2020-09,21,0.0,0,0.7197,0.0,0.2803,0,0,0,0,1.0,0.5994,0.0748,0.3234,-0.5553,100.0,1,0
LJ500_R062_C078,62,78,700250,9532250,500,500,2020,9,2020-09,21,0.0,0,0.5947,0.0,0.4053,0,0,0,0,1.0,0.6256,0.0911,0.3523,-0.5777,100.0,1,0
LJ500_R062_C079,62,79,700750,9532250,1000,500,2020,9,2020-09,21,0.0,0,0.771,0.0,0.229,0,0,0,0,1.0,0.6872,0.1225,0.4025,-0.6283,100.0,1,0
LJ500_R062_C080,62,80,701250,9532250,1500,500,2020,9,2020-09,21,0.235,0,0.6379,0.0,0.1271,0,0,0,0,1.0,0.7038,0.121,0.3926,-0.6563,100.0,1,0
LJ500_R062_C081,62,81,701750,9532250,2000,500,2020,9,2020-09,21,0.0684,0,0.7378,0.0,0.1938,0,0,0,0,1.0,0.7286,0.1452,0.421,-0.6803,100.0,1,0
LJ500_R062_C082,62,82,702250,9532250,2500,500,2020,9,2020-09,21,0.0973,0,0.9027,0.0,0.0,0,0,0,0,1.0,0.7625,0.2028,0.4915,-0.6973,100.0,1,0
LJ500_R062_C083,62,83,702750,9532250,3000,500,2020,9,2020-09,21,0.0473,0,0.9507,0.0019,0.0,0,0,0,0,1.0,0.7773,0.2321,0.5192,-0.6989,100.0,1,0
LJ500_R062_C084,62,84,703250,9532250,3500,500,2020,9,2020-09,21,0.2757,0,0.7209,0.0034,0.0,0,0,0,0,1.0,0.7704,0.2561,0.534,-0.6891,100.0,1,0
LJ500_R062_C085,62,85,703750,9532250,4000,500,2020,9,2020-09,21,0.0588,0,0.9412,0.0,0.0,0,0,0,0,1.0,0.7637,0.2741,0.5531,-0.6803,100.0,1,0
LJ500_R062_C086,62,86,704250,9532250,4500,500,2020,9,2020-09,21,0.7611,0,0.2389,0.0,0.0,0,0,0,0,1.0,0.7488,0.2665,0.5301,-0.6738,100.0,1,0
LJ500_R063_C077,63,77,699750,9532750,0,1000,2020,9,2020-09,21,0.0,0,0.1158,0.0,0.8842,0,0,0,0,1.0,0.5537,0.0583,0.2932,-0.5327,100.0,1,0
LJ500_R063_C078,63,78,700250,9532750,500,1000,2020,9,2020-09,21,0.0328,0,0.3431,0.0,0.624,0,0,0,0,1.0,0.6773,0.1454,0.4117,-0.6192,100.0,1,0
LJ500_R063_C079,63,79,700750,9532750,1000,1000,2020,9,2020-09,21,0.2883,0,0.3768,0.0,0.3349,0,0,0,0,1.0,0.7195,0.1693,0.4505,-0.6518,100.0,1,0
LJ500_R063_C080,63,80,701250,9532750,1500,1000,2020,9,2020-09,21,0.1673,0,0.4746,0.0,0.358,0,0,0,0,1.0,0.6756,0.1402,0.4089,-0.6305,100.0,1,0
LJ500_R063_C081,63,81,701750,9532750,2000,1000,2020,9,2020-09,21,0.0165,0,0.5433,0.0,0.4402,0,0,0,0,1.0,0.6516,0.1565,0.4036,-0.6053,100.0,1,0
LJ500_R063_C082,63,82,702250,9532750,2500,1000,2020,9,2020-09,21,0.6742,0,0.2142,0.0,0.1117,0,0,0,0,1.0,0.6916,0.1832,0.4384,-0.6275,100.0,1,0
LJ500_R063_C083,63,83,702750,9532750,3000,1000,2020,9,2020-09,21,0.2059,0,0.7941,0.0,0.0,0,0,0,0,1.0,0.7098,0.211,0.4685,-0.6453,100.0,1,0
LJ500_R063_C084,63,84,703250,9532750,3500,1000,2020,9,2020-09,21,0.2973,0,0.7027,0.0,0.0,0,0,0,0,1.0,0.7171,0.2283,0.489,-0.6467,100.0,1,0
LJ500_R063_C085,63,85,703750,9532750,4000,1000,2020,9,2020-09,21,0.1462,0,0.8538,0.0,0.0,0,0,0,0,1.0,0.7966,0.2753,0.5622,-0.7121,100.0,1,0
LJ500_R063_C086,63,86,704250,9532750,4500,1000,2020,9,2020-09,21,0.3435,0,0.6565,0.0,0.0,0,0,0,0,1.0,0.8004,0.3012,0.5906,-0.697,100.0,1,0
LJ500_R064_C077,64,77,699750,9533250,0,1500,2020,9,2020-09,21,0.3887,0,0.3116,0.0,0.2997,0,0,0,0,1.0,0.6767,0.1307,0.4045,-0.6129,100.0,1,0
LJ500_R064_C078,64,78,700250,9533250,500,1500,2020,9,2020-09,21,0.5382,0,0.082,0.0,0.3799,0,0,0,0,1.0,0.7183,0.1794,0.4594,-0.6565,100.0,1,0
LJ500_R064_C079,64,79,700750,9533250,1000,1500,2020,9,2020-09,21,0.4384,0,0.1474,0.0,0.4142,0,0,0,0,1.0,0.6867,0.0888,0.3606,-0.6576,100.0,1,0
LJ500_R064_C080,64,80,701250,9533250,1500,1500,2020,9,2020-09,21,0.5951,0,0.4049,0.0,0.0,0,0,0,0,1.0,0.6722,0.17,0.4238,-0.6198,100.0,1,0
LJ500_R064_C081,64,81,701750,9533250,2000,1500,2020,9,2020-09,21,0.5997,0,0.181,0.0,0.2193,0,0,0,0,1.0,0.6498,0.1866,0.4214,-0.5906,100.0,1,0
LJ500_R064_C082,64,82,702250,9533250,2500,1500,2020,9,2020-09,21,0.7276,0,0.2724,0.0,0.0,0,0,0,0,1.0,0.6657,0.1903,0.4461,-0.5914,100.0,1,0
LJ500_R064_C083,64,83,702750,9533250,3000,1500,2020,9,2020-09,21,0.566,0,0.203,0.0,0.231,0,0,0,0,1.0,0.8225,0.2653,0.5726,-0.7476,100.0,1,0
LJ500_R064_C084,64,84,703250,9533250,3500,1500,2020,9,2020-09,21,0.235,0,0.7298,0.0,0.0352,0,0,0,0,1.0,0.7985,0.268,0.569,-0.705,100.0,1,0
LJ500_R064_C085,64,85,703750,9533250,4000,1500,2020,9,2020-09,21,0.5109,0,0.4891,0.0,0.0,0,0,0,0,1.0,0.7737,0.2406,0.5337,-0.6956,100.0,1,0
LJ500_R064_C086,64,86,704250,9533250,4500,1500,2020,9,2020-09,21,0.748,0,0.252,0.0,0.0,0,0,0,0,1.0,0.7677,0.2259,0.5179,-0.696,100.0,1,0
LJ500_R065_C077,65,77,699750,9533750,0,2000,2020,9,2020-09,21,0.312,0,0.4033,0.0,0.2847,0,0,0,0,1.0,0.7441,0.2068,0.4957,-0.6573,100.0,1,0
LJ500_R065_C078,65,78,700250,9533750,500,2000,2020,9,2020-09,21,0.5913,0,0.4071,0.0,0.0016,0,0,0,0,1.0,0.7378,0.2067,0.4894,-0.6641,100.0,1,0
LJ500_R065_C079,65,79,700750,9533750,1000,2000,2020,9,2020-09,21,0.3219,0,0.6781,0.0,0.0,0,0,0,0,1.0,0.6978,0.1379,0.4077,-0.656,100.0,1,0
LJ500_R065_C080,65,80,701250,9533750,1500,2000,2020,9,2020-09,21,0.8266,0,0.1734,0.0,0.0,0,0,0,0,1.0,0.7653,0.1976,0.4886,-0.6959,100.0,1,0
LJ500_R065_C081,65,81,701750,9533750,2000,2000,2020,9,2020-09,21,0.9017,0,0.0983,0.0,0.0,0,0,0,0,1.0,0.6493,0.1819,0.4167,-0.5879,100.0,1,0
LJ500_R065_C082,65,82,702250,9533750,2500,2000,2020,9,2020-09,21,0.7327,0,0.2673,0.0,0.0,0,0,0,0,1.0,0.6692,0.168,0.426,-0.6167,100.0,1,0
LJ500_R065_C083,65,83,702750,9533750,3000,2000,2020,9,2020-09,21,0.7802,0,0.1368,0.0,0.083,0,0,0,0,1.0,0.819,0.266,0.5665,-0.7348,100.0,1,0
LJ500_R065_C084,65,84,703250,9533750,3500,2000,2020,9,2020-09,21,0.3229,0,0.6771,0.0,0.0,0,0,0,0,1.0,0.7665,0.2482,0.5354,-0.6933,100.0,1,0
LJ500_R065_C085,65,85,703750,9533750,4000,2000,2020,9,2020-09,21,0.0167,0,0.9833,0.0,0.0,0,0,0,0,1.0,0.7201,0.1638,0.4475,-0.6605,100.0,1,0
LJ500_R065_C086,65,86,704250,9533750,4500,2000,2020,9,2020-09,21,0.7821,0,0.2179,0.0,0.0,0,0,0,0,1.0,0.8204,0.2961,0.5929,-0.7482,100.0,1,0
LJ500_R066_C077,66,77,699750,9534250,0,2500,2020,9,2020-09,21,0.5018,0,0.3517,0.0,0.1465,0,0,0,0,1.0,0.7265,0.2005,0.4821,-0.6483,100.0,1,0
LJ500_R066_C078,66,78,700250,9534250,500,2500,2020,9,2020-09,21,0.1232,0,0.8768,0.0,0.0,0,0,0,0,1.0,0.7046,0.1599,0.4237,-0.6468,100.0,1,0
LJ500_R066_C079,66,79,700750,9534250,1000,2500,2020,9,2020-09,21,0.3332,0,0.6668,0.0,0.0,0,0,0,0,1.0,0.6884,0.1399,0.396,-0.658,100.0,1,0
LJ500_R066_C080,66,80,701250,9534250,1500,2500,2020,9,2020-09,21,0.9149,0,0.0851,0.0,0.0,0,0,0,0,1.0,0.784,0.2628,0.5495,-0.7208,100.0,1,0
LJ500_R066_C081,66,81,701750,9534250,2000,2500,2020,9,2020-09,21,0.7037,0,0.2963,0.0,0.0,0,0,0,0,1.0,0.7027,0.2185,0.4776,-0.6487,100.0,1,0
LJ500_R066_C082,66,82,702250,9534250,2500,2500,2020,9,2020-09,21,0.6772,0,0.3228,0.0,0.0,0,0,0,0,1.0,0.7877,0.2587,0.5425,-0.7133,100.0,1,0
LJ500_R066_C083,66,83,702750,9534250,3000,2500,2020,9,2020-09,21,0.6289,0,0.3711,0.0,0.0,0,0,0,0,1.0,0.7882,0.2483,0.531,-0.7099,100.0,1,0
LJ500_R066_C084,66,84,703250,9534250,3500,2500,2020,9,2020-09,21,0.7305,0,0.2695,0.0,0.0,0,0,0,0,1.0,0.7575,0.219,0.5071,-0.6846,100.0,1,0
LJ500_R066_C085,66,85,703750,9534250,4000,2500,2020,9,2020-09,21,0.7865,0,0.2135,0.0,0.0,0,0,0,0,1.0,0.8021,0.2839,0.5733,-0.7328,100.0,1,0
LJ500_R066_C086,66,86,704250,9534250,4500,2500,2020,9,2020-09,21,1.0,0,0.0,0.0,0.0,0,0,0,0,1.0,0.8108,0.3058,0.5928,-0.7374,100.0,1,0
LJ500_R067_C077,67,77,699750,9534750,0,3000,2020,9,2020-09,21,0.7165,0,0.2835,0.0,0.0,0,0,0,0,1.0,0.7225,0.1772,0.4471,-0.6494,100.0,1,0
LJ500_R067_C078,67,78,700250,9534750,500,3000,2020,9,2020-09,21,0.8229,0,0.1771,0.0,0.0,0,0,0,0,1.0,0.7127,0.1506,0.4094,-0.6627,100.0,1,0
LJ500_R067_C079,67,79,700750,9534750,1000,3000,2020,9,2020-09,21,0.9659,0,0.0341,0.0,0.0,0,0,0,0,1.0,0.7619,0.2183,0.4933,-0.7021,100.0,1,0
LJ500_R067_C080,67,80,701250,9534750,1500,3000,2020,9,2020-09,21,0.8944,0,0.1056,0.0,0.0,0,0,0,0,1.0,0.7674,0.2523,0.5275,-0.7103,100.0,1,0
LJ500_R067_C081,67,81,701750,9534750,2000,3000,2020,9,2020-09,21,0.7989,0,0.1897,0.0,0.0114,0,0,0,0,1.0,0.7625,0.2656,0.5396,-0.711,100.0,1,0
LJ500_R067_C082,67,82,702250,9534750,2500,3000,2020,9,2020-09,21,1.0,0,0.0,0.0,0.0,0,0,0,0,1.0,0.8074,0.3017,0.5877,-0.7416,100.0,1,0
LJ500_R067_C083,67,83,702750,9534750,3000,3000,2020,9,2020-09,21,1.0,0,0.0,0.0,0.0,0,0,0,0,1.0,0.8071,0.3034,0.5873,-0.7393,100.0,1,0
LJ500_R067_C084,67,84,703250,9534750,3500,3000,2020,9,2020-09,21,1.0,0,0.0,0.0,0.0,0,0,0,0,1.0,0.7868,0.2865,0.5657,-0.7274,100.0,1,0
LJ500_R067_C085,67,85,703750,9534750,4000,3000,2020,9,2020-09,21,1.0,0,0.0,0.0,0.0,0,0,0,0,1.0,0.8179,0.3152,0.6006,-0.7521,100.0,1,0
LJ500_R067_C086,67,86,704250,9534750,4500,3000,2020,9,2020-09,21,1.0,0,0.0,0.0,0.0,0,0,0,0,1.0,0.8041,0.3158,0.5948,-0.7421,100.0,1,0
LJ500_R068_C077,68,77,699750,9535250,0,3500,2020,9,2020-09,21,0.065,0,0.935,0.0,0.0,0,0,0,0,1.0,0.6526,0.1193,0.3803,-0.6084,100.0,1,0
LJ500_R068_C078,68,78,700250,9535250,500,3500,2020,9,2020-09,21,0.7525,0,0.2475,0.0,0.0,0,0,0,0,1.0,0.7309,0.1965,0.4733,-0.6428,100.0,1,0
LJ500_R068_C079,68,79,700750,9535250,1000,3500,2020,9,2020-09,21,1.0,0,0.0,0.0,0.0,0,0,0,0,1.0,0.7633,0.2451,0.53,-0.6762,100.0,1,0
LJ500_R068_C080,68,80,701250,9535250,1500,3500,2020,9,2020-09,21,0.8923,0,0.1077,0.0,0.0,0,0,0,0,1.0,0.7518,0.2564,0.5212,-0.6947,100.0,1,0
LJ500_R068_C081,68,81,701750,9535250,2000,3500,2020,9,2020-09,21,0.6646,0,0.0767,0.0,0.2586,0,0,0,0,1.0,0.6796,0.176,0.4324,-0.651,100.0,1,0
LJ500_R068_C082,68,82,702250,9535250,2500,3500,2020,9,2020-09,21,0.9399,0,0.0601,0.0,0.0,0,0,0,0,1.0,0.7893,0.3233,0.5934,-0.7296,100.0,1,0
LJ500_R068_C083,68,83,702750,9535250,3000,3500,2020,9,2020-09,21,1.0,0,0.0,0.0,0.0,0,0,0,0,1.0,0.8175,0.3626,0.6348,-0.756,100.0,1,0
LJ500_R068_C084,68,84,703250,9535250,3500,3500,2020,9,2020-09,21,1.0,0,0.0,0.0,0.0,0,0,0,0,1.0,0.8101,0.3481,0.6243,-0.7496,100.0,1,0
LJ500_R068_C085,68,85,703750,9535250,4000,3500,2020,9,2020-09,21,1.0,0,0.0,0.0,0.0,0,0,0,0,1.0,0.8254,0.3663,0.6426,-0.7658,100.0,1,0
LJ500_R068_C086,68,86,704250,9535250,4500,3500,2020,9,2020-09,21,1.0,0,0.0,0.0,0.0,0,0,0,0,1.0,0.8092,0.329,0.6101,-0.7555,100.0,1,0
LJ500_R069_C077,69,77,699750,9535750,0,4000,2020,9,2020-09,21,0.0,0,0.9574,0.0426,0.0,0,0,0,0,1.0,0.6633,0.1417,0.413,-0.596,100.0,1,0
LJ500_R069_C078,69,78,700250,9535750,500,4000,2020,9,2020-09,21,0.4139,0,0.5115,0.0746,0.0,0,0,0,0,1.0,0.775,0.2558,0.5459,-0.6637,100.0,1,0
LJ500_R069_C079,69,79,700750,9535750,1000,4000,2020,9,2020-09,21,0.6432,0,0.3568,0.0,0.0,0,0,0,0,1.0,0.7181,0.1921,0.4602,-0.6367,100.0,1,0
LJ500_R069_C080,69,80,701250,9535750,1500,4000,2020,9,2020-09,21,0.8514,0,0.1486,0.0,0.0,0,0,0,0,1.0,0.7623,0.2256,0.501,-0.6893,100.0,1,0
LJ500_R069_C081,69,81,701750,9535750,2000,4000,2020,9,2020-09,21,1.0,0,0.0,0.0,0.0,0,0,0,0,1.0,0.8124,0.3071,0.5927,-0.7302,100.0,1,0
LJ500_R069_C082,69,82,702250,9535750,2500,4000,2020,9,2020-09,21,1.0,0,0.0,0.0,0.0,0,0,0,0,1.0,0.8,0.3192,0.5998,-0.7202,100.0,1,0
LJ500_R069_C083,69,83,702750,9535750,3000,4000,2020,9,2020-09,21,1.0,0,0.0,0.0,0.0,0,0,0,0,1.0,0.823,0.3644,0.6424,-0.7593,100.0,1,0
LJ500_R069_C084,69,84,703250,9535750,3500,4000,2020,9,2020-09,21,1.0,0,0.0,0.0,0.0,0,0,0,0,1.0,0.8344,0.3763,0.6552,-0.7743,100.0,1,0
LJ500_R069_C085,69,85,703750,9535750,4000,4000,2020,9,2020-09,21,1.0,0,0.0,0.0,0.0,0,0,0,0,1.0,0.8075,0.3244,0.6065,-0.7535,100.0,1,0
LJ500_R069_C086,69,86,704250,9535750,4500,4000,2020,9,2020-09,21,1.0,0,0.0,0.0,0.0,0,0,0,0,1.0,0.7826,0.2795,0.5645,-0.7345,100.0,1,0
LJ500_R070_C077,70,77,699750,9536250,0,4500,2020,9,2020-09,21,0.0,0,0.3423,0.4553,0.2024,0,0,0,0,1.0,0.5917,0.0783,0.3232,-0.5769,100.0,1,0
LJ500_R070_C078,70,78,700250,9536250,500,4500,2020,9,2020-09,21,0.0,0,0.3908,0.6092,0.0,0,0,0,0,1.0,0.6465,0.1063,0.3653,-0.6335,100.0,1,0
LJ500_R070_C079,70,79,700750,9536250,1000,4500,2020,9,2020-09,21,0.2082,0,0.7834,0.0084,0.0,0,0,0,0,1.0,0.6899,0.1233,0.3849,-0.6391,100.0,1,0
LJ500_R070_C080,70,80,701250,9536250,1500,4500,2020,9,2020-09,21,0.2813,0,0.7187,0.0,0.0,0,0,0,0,1.0,0.7538,0.1998,0.4839,-0.6698,100.0,1,0
LJ500_R070_C081,70,81,701750,9536250,2000,4500,2020,9,2020-09,21,0.9197,0,0.0803,0.0,0.0,0,0,0,0,1.0,0.8029,0.2639,0.5588,-0.7049,100.0,1,0
LJ500_R070_C082,70,82,702250,9536250,2500,4500,2020,9,2020-09,21,1.0,0,0.0,0.0,0.0,0,0,0,0,1.0,0.7877,0.2588,0.5418,-0.7107,100.0,1,0
LJ500_R070_C083,70,83,702750,9536250,3000,4500,2020,9,2020-09,21,1.0,0,0.0,0.0,0.0,0,0,0,0,1.0,0.8037,0.3172,0.5989,-0.731,100.0,1,0
LJ500_R070_C084,70,84,703250,9536250,3500,4500,2020,9,2020-09,21,0.9943,0,0.0057,0.0,0.0,0,0,0,0,1.0,0.7914,0.3097,0.5817,-0.7356,100.0,1,0
LJ500_R070_C085,70,85,703750,9536250,4000,4500,2020,9,2020-09,21,1.0,0,0.0,0.0,0.0,0,0,0,0,1.0,0.7557,0.3188,0.5769,-0.7079,100.0,1,0
LJ500_R070_C086,70,86,704250,9536250,4500,4500,2020,9,2020-09,21,1.0,0,0.0,0.0,0.0,0,0,0,0,1.0,0.7949,0.3748,0.6375,-0.7228,100.0,1,0
LJ500_R061_C077,61,77,699750,9531750,0,0,2020,10,2020-10,22,0.0,0,1.0,0.0,0.0,0,0,0,0,1.0,0.3879,-0.1343,0.0604,-0.4083,19.84,1,0
LJ500_R061_C078,61,78,700250,9531750,500,0,2020,10,2020-10,22,0.0,0,0.9516,0.0,0.0484,0,0,0,0,1.0,0.502,-0.0222,0.1991,-0.4843,49.76,1,0
LJ500_R061_C079,61,79,700750,9531750,1000,0,2020,10,2020-10,22,0.0,0,0.906,0.0,0.094,0,0,0,0,1.0,0.6757,0.1435,0.4135,-0.5959,68.32,1,0
LJ500_R061_C080,61,80,701250,9531750,1500,0,2020,10,2020-10,22,0.1714,0,0.8229,0.0,0.0057,0,0,0,0,1.0,0.587,0.0909,0.3512,-0.5395,51.84,1,0
LJ500_R061_C081,61,81,701750,9531750,2000,0,2020,10,2020-10,22,0.0,0,1.0,0.0,0.0,0,0,0,0,1.0,0.6272,0.1694,0.429,-0.5429,9.76,1,0
LJ500_R061_C082,61,82,702250,9531750,2500,0,2020,10,2020-10,22,0.0618,0,0.9382,0.0,0.0,0,0,0,0,1.0,0.672,0.1474,0.4314,-0.5921,1.12,1,0
LJ500_R061_C083,61,83,702750,9531750,3000,0,2020,10,2020-10,22,0.5343,0,0.3633,0.1024,0.0,0,0,0,0,1.0,,,,,0.0,1,1
LJ500_R061_C084,61,84,703250,9531750,3500,0,2020,10,2020-10,22,0.7729,0,0.0,0.2271,0.0,0,0,0,0,1.0,,,,,0.0,1,1
LJ500_R061_C085,61,85,703750,9531750,4000,0,2020,10,2020-10,22,0.709,0,0.291,0.0,0.0,0,0,0,0,1.0,,,,,0.0,1,1
LJ500_R061_C086,61,86,704250,9531750,4500,0,2020,10,2020-10,22,1.0,0,0.0,0.0,0.0,0,0,0,0,1.0,,,,,0.0,1,1
LJ500_R062_C077,62,77,699750,9532250,0,500,2020,10,2020-10,22,0.0,0,0.7197,0.0,0.2803,0,0,0,0,1.0,,,,,0.0,1,1
LJ500_R062_C078,62,78,700250,9532250,500,500,2020,10,2020-10,22,0.0,0,0.5947,0.0,0.4053,0,0,0,0,1.0,0.496,0.0478,0.3004,-0.4635,15.2,1,0
LJ500_R062_C079,62,79,700750,9532250,1000,500,2020,10,2020-10,22,0.0,0,0.771,0.0,0.229,0,0,0,0,1.0,0.567,0.0761,0.3282,-0.4995,64.8,1,0
LJ500_R062_C080,62,80,701250,9532250,1500,500,2020,10,2020-10,22,0.235,0,0.6379,0.0,0.1271,0,0,0,0,1.0,0.5828,0.1273,0.3967,-0.5106,36.48,1,0
LJ500_R062_C081,62,81,701750,9532250,2000,500,2020,10,2020-10,22,0.0684,0,0.7378,0.0,0.1938,0,0,0,0,1.0,0.6213,0.1539,0.4158,-0.5414,8.0,1,0
LJ500_R062_C082,62,82,702250,9532250,2500,500,2020,10,2020-10,22,0.0973,0,0.9027,0.0,0.0,0,0,0,0,1.0,0.6998,0.2582,0.5315,-0.5948,2.56,1,0
LJ500_R062_C083,62,83,702750,9532250,3000,500,2020,10,2020-10,22,0.0473,0,0.9507,0.0019,0.0,0,0,0,0,1.0,,,,,0.0,1,1
LJ500_R062_C084,62,84,703250,9532250,3500,500,2020,10,2020-10,22,0.2757,0,0.7209,0.0034,0.0,0,0,0,0,1.0,,,,,0.0,1,1
LJ500_R062_C085,62,85,703750,9532250,4000,500,2020,10,2020-10,22,0.0588,0,0.9412,0.0,0.0,0,0,0,0,1.0,,,,,0.0,1,1
LJ500_R062_C086,62,86,704250,9532250,4500,500,2020,10,2020-10,22,0.7611,0,0.2389,0.0,0.0,0,0,0,0,1.0,,,,,0.0,1,1
LJ500_R063_C077,63,77,699750,9532750,0,1000,2020,10,2020-10,22,0.0,0,0.1158,0.0,0.8842,0,0,0,0,1.0,0.5904,0.1152,0.3559,-0.578,0.16,1,0
LJ500_R063_C078,63,78,700250,9532750,500,1000,2020,10,2020-10,22,0.0328,0,0.3431,0.0,0.624,0,0,0,0,1.0,0.5902,0.0945,0.3556,-0.5414,51.2,1,0
LJ500_R063_C079,63,79,700750,9532750,1000,1000,2020,10,2020-10,22,0.2883,0,0.3768,0.0,0.3349,0,0,0,0,1.0,0.6966,0.2028,0.4847,-0.6071,17.76,1,0
LJ500_R063_C080,63,80,701250,9532750,1500,1000,2020,10,2020-10,22,0.1673,0,0.4746,0.0,0.358,0,0,0,0,1.0,0.558,0.1083,0.3702,-0.5131,22.4,1,0
LJ500_R063_C081,63,81,701750,9532750,2000,1000,2020,10,2020-10,22,0.0165,0,0.5433,0.0,0.4402,0,0,0,0,1.0,0.6814,0.1899,0.4675,-0.5985,3.36,1,0
LJ500_R063_C082,63,82,702250,9532750,2500,1000,2020,10,2020-10,22,0.6742,0,0.2142,0.0,0.1117,0,0,0,0,1.0,0.6915,0.2223,0.5035,-0.5894,42.08,1,0
LJ500_R063_C083,63,83,702750,9532750,3000,1000,2020,10,2020-10,22,0.2059,0,0.7941,0.0,0.0,0,0,0,0,1.0,0.6681,0.2447,0.5064,-0.5547,14.4,1,0
LJ500_R063_C084,63,84,703250,9532750,3500,1000,2020,10,2020-10,22,0.2973,0,0.7027,0.0,0.0,0,0,0,0,1.0,,,,,0.0,1,1
LJ500_R063_C085,63,85,703750,9532750,4000,1000,2020,10,2020-10,22,0.1462,0,0.8538,0.0,0.0,0,0,0,0,1.0,,,,,0.0,1,1
LJ500_R063_C086,63,86,704250,9532750,4500,1000,2020,10,2020-10,22,0.3435,0,0.6565,0.0,0.0,0,0,0,0,1.0,,,,,0.0,1,1
LJ500_R064_C077,64,77,699750,9533250,0,1500,2020,10,2020-10,22,0.3887,0,0.3116,0.0,0.2997,0,0,0,0,1.0,,,,,0.0,1,1
LJ500_R064_C078,64,78,700250,9533250,500,1500,2020,10,2020-10,22,0.5382,0,0.082,0.0,0.3799,0,0,0,0,1.0,,,,,0.0,1,1
LJ500_R064_C079,64,79,700750,9533250,1000,1500,2020,10,2020-10,22,0.4384,0,0.1474,0.0,0.4142,0,0,0,0,1.0,0.6799,0.2291,0.5105,-0.5804,1.12,1,0
LJ500_R064_C080,64,80,701250,9533250,1500,1500,2020,10,2020-10,22,0.5951,0,0.4049,0.0,0.0,0,0,0,0,1.0,0.6851,0.1863,0.4838,-0.6189,3.52,1,0
LJ500_R064_C081,64,81,701750,9533250,2000,1500,2020,10,2020-10,22,0.5997,0,0.181,0.0,0.2193,0,0,0,0,1.0,0.4594,0.1785,0.382,-0.3847,3.04,1,0
LJ500_R064_C082,64,82,702250,9533250,2500,1500,2020,10,2020-10,22,0.7276,0,0.2724,0.0,0.0,0,0,0,0,1.0,0.6477,0.1598,0.4391,-0.5686,12.32,1,0
LJ500_R064_C083,64,83,702750,9533250,3000,1500,2020,10,2020-10,22,0.566,0,0.203,0.0,0.231,0,0,0,0,1.0,0.7342,0.2351,0.5316,-0.6469,31.84,1,0
LJ500_R064_C084,64,84,703250,9533250,3500,1500,2020,10,2020-10,22,0.235,0,0.7298,0.0,0.0352,0,0,0,0,1.0,0.7562,0.253,0.557,-0.6526,38.24,1,0
LJ500_R064_C085,64,85,703750,9533250,4000,1500,2020,10,2020-10,22,0.5109,0,0.4891,0.0,0.0,0,0,0,0,1.0,0.7323,0.2561,0.5572,-0.6139,3.04,1,0
LJ500_R064_C086,64,86,704250,9533250,4500,1500,2020,10,2020-10,22,0.748,0,0.252,0.0,0.0,0,0,0,0,1.0,,,,,0.0,1,1
LJ500_R065_C077,65,77,699750,9533750,0,2000,2020,10,2020-10,22,0.312,0,0.4033,0.0,0.2847,0,0,0,0,1.0,0.8403,0.1313,0.4008,-0.824,1.28,1,0
LJ500_R065_C078,65,78,700250,9533750,500,2000,2020,10,2020-10,22,0.5913,0,0.4071,0.0,0.0016,0,0,0,0,1.0,0.7177,0.2097,0.4724,-0.6616,45.92,1,0
LJ500_R065_C079,65,79,700750,9533750,1000,2000,2020,10,2020-10,22,0.3219,0,0.6781,0.0,0.0,0,0,0,0,1.0,0.644,0.1536,0.4057,-0.6126,34.4,1,0
LJ500_R065_C080,65,80,701250,9533750,1500,2000,2020,10,2020-10,22,0.8266,0,0.1734,0.0,0.0,0,0,0,0,1.0,,,,,0.0,1,1
LJ500_R065_C081,65,81,701750,9533750,2000,2000,2020,10,2020-10,22,0.9017,0,0.0983,0.0,0.0,0,0,0,0,1.0,0.5116,0.1663,0.3329,-0.4375,1.76,1,0
LJ500_R065_C082,65,82,702250,9533750,2500,2000,2020,10,2020-10,22,0.7327,0,0.2673,0.0,0.0,0,0,0,0,1.0,0.5768,0.1859,0.4389,-0.471,5.76,1,0
LJ500_R065_C083,65,83,702750,9533750,3000,2000,2020,10,2020-10,22,0.7802,0,0.1368,0.0,0.083,0,0,0,0,1.0,0.7249,0.1714,0.4866,-0.6371,0.8,1,0
LJ500_R065_C084,65,84,703250,9533750,3500,2000,2020,10,2020-10,22,0.3229,0,0.6771,0.0,0.0,0,0,0,0,1.0,0.7164,0.2191,0.5176,-0.6163,64.32,1,0
LJ500_R065_C085,65,85,703750,9533750,4000,2000,2020,10,2020-10,22,0.0167,0,0.9833,0.0,0.0,0,0,0,0,1.0,0.7755,0.2613,0.5683,-0.6567,3.36,1,0
LJ500_R065_C086,65,86,704250,9533750,4500,2000,2020,10,2020-10,22,0.7821,0,0.2179,0.0,0.0,0,0,0,0,1.0,,,,,0.0,1,1
LJ500_R066_C077,66,77,699750,9534250,0,2500,2020,10,2020-10,22,0.5018,0,0.3517,0.0,0.1465,0,0,0,0,1.0,0.5219,0.1974,0.44,-0.4558,26.08,1,0
LJ500_R066_C078,66,78,700250,9534250,500,2500,2020,10,2020-10,22,0.1232,0,0.8768,0.0,0.0,0,0,0,0,1.0,0.6495,0.1853,0.4542,-0.5981,36.16,1,0
LJ500_R066_C079,66,79,700750,9534250,1000,2500,2020,10,2020-10,22,0.3332,0,0.6668,0.0,0.0,0,0,0,0,1.0,0.6048,0.1417,0.3932,-0.5686,40.64,1,0
LJ500_R066_C080,66,80,701250,9534250,1500,2500,2020,10,2020-10,22,0.9149,0,0.0851,0.0,0.0,0,0,0,0,1.0,,,,,0.0,1,1
LJ500_R066_C081,66,81,701750,9534250,2000,2500,2020,10,2020-10,22,0.7037,0,0.2963,0.0,0.0,0,0,0,0,1.0,,,,,0.0,1,1
LJ500_R066_C082,66,82,702250,9534250,2500,2500,2020,10,2020-10,22,0.6772,0,0.3228,0.0,0.0,0,0,0,0,1.0,,,,,0.0,1,1
LJ500_R066_C083,66,83,702750,9534250,3000,2500,2020,10,2020-10,22,0.6289,0,0.3711,0.0,0.0,0,0,0,0,1.0,0.723,0.245,0.5262,-0.6218,33.12,1,0
LJ500_R066_C084,66,84,703250,9534250,3500,2500,2020,10,2020-10,22,0.7305,0,0.2695,0.0,0.0,0,0,0,0,1.0,0.6953,0.2138,0.5019,-0.6014,91.36,1,0
LJ500_R066_C085,66,85,703750,9534250,4000,2500,2020,10,2020-10,22,0.7865,0,0.2135,0.0,0.0,0,0,0,0,1.0,0.7348,0.2717,0.5603,-0.6433,25.6,1,0
LJ500_R066_C086,66,86,704250,9534250,4500,2500,2020,10,2020-10,22,1.0,0,0.0,0.0,0.0,0,0,0,0,1.0,,,,,0.0,1,1
LJ500_R067_C077,67,77,699750,9534750,0,3000,2020,10,2020-10,22,0.7165,0,0.2835,0.0,0.0,0,0,0,0,1.0,0.6449,0.2804,0.5137,-0.5657,3.04,1,0
LJ500_R067_C078,67,78,700250,9534750,500,3000,2020,10,2020-10,22,0.8229,0,0.1771,0.0,0.0,0,0,0,0,1.0,0.655,0.2088,0.476,-0.5939,45.28,1,0
LJ500_R067_C079,67,79,700750,9534750,1000,3000,2020,10,2020-10,22,0.9659,0,0.0341,0.0,0.0,0,0,0,0,1.0,0.641,0.2062,0.4569,-0.572,39.84,1,0
LJ500_R067_C080,67,80,701250,9534750,1500,3000,2020,10,2020-10,22,0.8944,0,0.1056,0.0,0.0,0,0,0,0,1.0,0.709,0.2686,0.533,-0.6152,9.76,1,0
LJ500_R067_C081,67,81,701750,9534750,2000,3000,2020,10,2020-10,22,0.7989,0,0.1897,0.0,0.0114,0,0,0,0,1.0,0.6641,0.2407,0.4914,-0.5925,2.08,1,0
LJ500_R067_C082,67,82,702250,9534750,2500,3000,2020,10,2020-10,22,1.0,0,0.0,0.0,0.0,0,0,0,0,1.0,,,,,0.0,1,1
LJ500_R067_C083,67,83,702750,9534750,3000,3000,2020,10,2020-10,22,1.0,0,0.0,0.0,0.0,0,0,0,0,1.0,0.6811,0.2445,0.5175,-0.5812,0.48,1,0
LJ500_R067_C084,67,84,703250,9534750,3500,3000,2020,10,2020-10,22,1.0,0,0.0,0.0,0.0,0,0,0,0,1.0,0.7119,0.2747,0.5543,-0.6242,39.68,1,0
LJ500_R067_C085,67,85,703750,9534750,4000,3000,2020,10,2020-10,22,1.0,0,0.0,0.0,0.0,0,0,0,0,1.0,0.6885,0.2849,0.5594,-0.5971,5.12,1,0
LJ500_R067_C086,67,86,704250,9534750,4500,3000,2020,10,2020-10,22,1.0,0,0.0,0.0,0.0,0,0,0,0,1.0,,,,,0.0,1,1
LJ500_R068_C077,68,77,699750,9535250,0,3500,2020,10,2020-10,22,0.065,0,0.935,0.0,0.0,0,0,0,0,1.0,0.58,0.2086,0.486,-0.4918,24.64,1,0
LJ500_R068_C078,68,78,700250,9535250,500,3500,2020,10,2020-10,22,0.7525,0,0.2475,0.0,0.0,0,0,0,0,1.0,0.743,0.2542,0.5422,-0.6762,11.52,1,0
LJ500_R068_C079,68,79,700750,9535250,1000,3500,2020,10,2020-10,22,1.0,0,0.0,0.0,0.0,0,0,0,0,1.0,0.746,0.3029,0.5811,-0.6632,19.68,1,0
LJ500_R068_C080,68,80,701250,9535250,1500,3500,2020,10,2020-10,22,0.8923,0,0.1077,0.0,0.0,0,0,0,0,1.0,,,,,0.0,1,1
LJ500_R068_C081,68,81,701750,9535250,2000,3500,2020,10,2020-10,22,0.6646,0,0.0767,0.0,0.2586,0,0,0,0,1.0,0.7013,0.2534,0.5246,-0.6211,7.36,1,0
LJ500_R068_C082,68,82,702250,9535250,2500,3500,2020,10,2020-10,22,0.9399,0,0.0601,0.0,0.0,0,0,0,0,1.0,0.7938,0.4047,0.6757,-0.7037,3.52,1,0
LJ500_R068_C083,68,83,702750,9535250,3000,3500,2020,10,2020-10,22,1.0,0,0.0,0.0,0.0,0,0,0,0,1.0,,,,,0.0,1,1
LJ500_R068_C084,68,84,703250,9535250,3500,3500,2020,10,2020-10,22,1.0,0,0.0,0.0,0.0,0,0,0,0,1.0,0.6162,0.3492,0.5578,-0.5324,0.64,1,0
LJ500_R068_C085,68,85,703750,9535250,4000,3500,2020,10,2020-10,22,1.0,0,0.0,0.0,0.0,0,0,0,0,1.0,,,,,0.0,1,1
LJ500_R068_C086,68,86,704250,9535250,4500,3500,2020,10,2020-10,22,1.0,0,0.0,0.0,0.0,0,0,0,0,1.0,,,,,0.0,1,1
LJ500_R069_C077,69,77,699750,9535750,0,4000,2020,10,2020-10,22,0.0,0,0.9574,0.0426,0.0,0,0,0,0,1.0,0.481,0.1858,0.4542,-0.4147,26.56,1,0
LJ500_R069_C078,69,78,700250,9535750,500,4000,2020,10,2020-10,22,0.4139,0,0.5115,0.0746,0.0,0,0,0,0,1.0,0.53,0.2742,0.5462,-0.4372,4.16,1,0
LJ500_R069_C079,69,79,700750,9535750,1000,4000,2020,10,2020-10,22,0.6432,0,0.3568,0.0,0.0,0,0,0,0,1.0,0.6236,0.2358,0.5098,-0.5242,55.04,1,0
LJ500_R069_C080,69,80,701250,9535750,1500,4000,2020,10,2020-10,22,0.8514,0,0.1486,0.0,0.0,0,0,0,0,1.0,0.7513,0.2747,0.5594,-0.6606,58.72,1,0
LJ500_R069_C081,69,81,701750,9535750,2000,4000,2020,10,2020-10,22,1.0,0,0.0,0.0,0.0,0,0,0,0,1.0,0.7345,0.2896,0.5662,-0.6321,77.92,1,0
LJ500_R069_C082,69,82,702250,9535750,2500,4000,2020,10,2020-10,22,1.0,0,0.0,0.0,0.0,0,0,0,0,1.0,0.6724,0.298,0.5597,-0.5703,66.56,1,0
LJ500_R069_C083,69,83,702750,9535750,3000,4000,2020,10,2020-10,22,1.0,0,0.0,0.0,0.0,0,0,0,0,1.0,,,,,0.0,1,1
LJ500_R069_C084,69,84,703250,9535750,3500,4000,2020,10,2020-10,22,1.0,0,0.0,0.0,0.0,0,0,0,0,1.0,,,,,0.0,1,1
LJ500_R069_C085,69,85,703750,9535750,4000,4000,2020,10,2020-10,22,1.0,0,0.0,0.0,0.0,0,0,0,0,1.0,,,,,0.0,1,1
LJ500_R069_C086,69,86,704250,9535750,4500,4000,2020,10,2020-10,22,1.0,0,0.0,0.0,0.0,0,0,0,0,1.0,,,,,0.0,1,1
LJ500_R070_C077,70,77,699750,9536250,0,4500,2020,10,2020-10,22,0.0,0,0.3423,0.4553,0.2024,0,0,0,0,1.0,0.4354,0.005,0.237,-0.439,44.32,1,0
LJ500_R070_C078,70,78,700250,9536250,500,4500,2020,10,2020-10,22,0.0,0,0.3908,0.6092,0.0,0,0,0,0,1.0,0.5305,0.0617,0.3048,-0.5153,42.72,1,0
LJ500_R070_C079,70,79,700750,9536250,1000,4500,2020,10,2020-10,22,0.2082,0,0.7834,0.0084,0.0,0,0,0,0,1.0,0.5614,0.1042,0.3554,-0.5036,73.12,1,0
LJ500_R070_C080,70,80,701250,9536250,1500,4500,2020,10,2020-10,22,0.2813,0,0.7187,0.0,0.0,0,0,0,0,1.0,0.6673,0.1593,0.4363,-0.5843,85.6,1,0
LJ500_R070_C081,70,81,701750,9536250,2000,4500,2020,10,2020-10,22,0.9197,0,0.0803,0.0,0.0,0,0,0,0,1.0,0.7368,0.2371,0.5276,-0.6279,99.68,1,0
LJ500_R070_C082,70,82,702250,9536250,2500,4500,2020,10,2020-10,22,1.0,0,0.0,0.0,0.0,0,0,0,0,1.0,0.6941,0.2552,0.5378,-0.5854,78.88,1,0
LJ500_R070_C083,70,83,702750,9536250,3000,4500,2020,10,2020-10,22,1.0,0,0.0,0.0,0.0,0,0,0,0,1.0,0.6354,0.2884,0.5309,-0.5385,26.56,1,0
LJ500_R070_C084,70,84,703250,9536250,3500,4500,2020,10,2020-10,22,0.9943,0,0.0057,0.0,0.0,0,0,0,0,1.0,,,,,0.0,1,1
LJ500_R070_C085,70,85,703750,9536250,4000,4500,2020,10,2020-10,22,1.0,0,0.0,0.0,0.0,0,0,0,0,1.0,,,,,0.0,1,1
LJ500_R070_C086,70,86,704250,9536250,4500,4500,2020,10,2020-10,22,1.0,0,0.0,0.0,0.0,0,0,0,0,1.0,,,,,0.0,1,1
LJ500_R061_C077,61,77,699750,9531750,0,0,2020,11,2020-11,23,0.0,0,1.0,0.0,0.0,0,0,0,0,1.0,0.636,0.1719,0.3902,-0.5864,6.72,1,0
LJ500_R061_C078,61,78,700250,9531750,500,0,2020,11,2020-11,23,0.0,0,0.9516,0.0,0.0484,0,0,0,0,1.0,0.4896,0.1438,0.3446,-0.4559,0.32,1,0
LJ500_R061_C079,61,79,700750,9531750,1000,0,2020,11,2020-11,23,0.0,0,0.906,0.0,0.094,0,0,0,0,1.0,,,,,0.0,1,1
LJ500_R061_C080,61,80,701250,9531750,1500,0,2020,11,2020-11,23,0.1714,0,0.8229,0.0,0.0057,0,0,0,0,1.0,,,,,0.0,1,1
LJ500_R061_C081,61,81,701750,9531750,2000,0,2020,11,2020-11,23,0.0,0,1.0,0.0,0.0,0,0,0,0,1.0,,,,,0.0,1,1
LJ500_R061_C082,61,82,702250,9531750,2500,0,2020,11,2020-11,23,0.0618,0,0.9382,0.0,0.0,0,0,0,0,1.0,,,,,0.0,1,1
LJ500_R061_C083,61,83,702750,9531750,3000,0,2020,11,2020-11,23,0.5343,0,0.3633,0.1024,0.0,0,0,0,0,1.0,,,,,0.0,1,1
LJ500_R061_C084,61,84,703250,9531750,3500,0,2020,11,2020-11,23,0.7729,0,0.0,0.2271,0.0,0,0,0,0,1.0,,,,,0.0,1,1
LJ500_R061_C085,61,85,703750,9531750,4000,0,2020,11,2020-11,23,0.709,0,0.291,0.0,0.0,0,0,0,0,1.0,,,,,0.0,1,1
LJ500_R061_C086,61,86,704250,9531750,4500,0,2020,11,2020-11,23,1.0,0,0.0,0.0,0.0,0,0,0,0,1.0,,,,,0.0,1,1
LJ500_R062_C077,62,77,699750,9532250,0,500,2020,11,2020-11,23,0.0,0,0.7197,0.0,0.2803,0,0,0,0,1.0,0.6272,0.1251,0.3767,-0.5736,33.28,1,0
LJ500_R062_C078,62,78,700250,9532250,500,500,2020,11,2020-11,23,0.0,0,0.5947,0.0,0.4053,0,0,0,0,1.0,,,,,0.0,1,1
LJ500_R062_C079,62,79,700750,9532250,1000,500,2020,11,2020-11,23,0.0,0,0.771,0.0,0.229,0,0,0,0,1.0,,,,,0.0,1,1
LJ500_R062_C080,62,80,701250,9532250,1500,500,2020,11,2020-11,23,0.235,0,0.6379,0.0,0.1271,0,0,0,0,1.0,,,,,0.0,1,1
LJ500_R062_C081,62,81,701750,9532250,2000,500,2020,11,2020-11,23,0.0684,0,0.7378,0.0,0.1938,0,0,0,0,1.0,,,,,0.0,1,1
LJ500_R062_C082,62,82,702250,9532250,2500,500,2020,11,2020-11,23,0.0973,0,0.9027,0.0,0.0,0,0,0,0,1.0,,,,,0.0,1,1
LJ500_R062_C083,62,83,702750,9532250,3000,500,2020,11,2020-11,23,0.0473,0,0.9507,0.0019,0.0,0,0,0,0,1.0,,,,,0.0,1,1
LJ500_R062_C084,62,84,703250,9532250,3500,500,2020,11,2020-11,23,0.2757,0,0.7209,0.0034,0.0,0,0,0,0,1.0,,,,,0.0,1,1
LJ500_R062_C085,62,85,703750,9532250,4000,500,2020,11,2020-11,23,0.0588,0,0.9412,0.0,0.0,0,0,0,0,1.0,,,,,0.0,1,1
LJ500_R062_C086,62,86,704250,9532250,4500,500,2020,11,2020-11,23,0.7611,0,0.2389,0.0,0.0,0,0,0,0,1.0,,,,,0.0,1,1
LJ500_R063_C077,63,77,699750,9532750,0,1000,2020,11,2020-11,23,0.0,0,0.1158,0.0,0.8842,0,0,0,0,1.0,0.4464,-0.0233,0.2131,-0.4748,4.64,1,0
LJ500_R063_C078,63,78,700250,9532750,500,1000,2020,11,2020-11,23,0.0328,0,0.3431,0.0,0.624,0,0,0,0,1.0,,,,,0.0,1,1
LJ500_R063_C079,63,79,700750,9532750,1000,1000,2020,11,2020-11,23,0.2883,0,0.3768,0.0,0.3349,0,0,0,0,1.0,,,,,0.0,1,1
LJ500_R063_C080,63,80,701250,9532750,1500,1000,2020,11,2020-11,23,0.1673,0,0.4746,0.0,0.358,0,0,0,0,1.0,,,,,0.0,1,1
LJ500_R063_C081,63,81,701750,9532750,2000,1000,2020,11,2020-11,23,0.0165,0,0.5433,0.0,0.4402,0,0,0,0,1.0,,,,,0.0,1,1
LJ500_R063_C082,63,82,702250,9532750,2500,1000,2020,11,2020-11,23,0.6742,0,0.2142,0.0,0.1117,0,0,0,0,1.0,,,,,0.0,1,1
LJ500_R063_C083,63,83,702750,9532750,3000,1000,2020,11,2020-11,23,0.2059,0,0.7941,0.0,0.0,0,0,0,0,1.0,,,,,0.0,1,1
LJ500_R063_C084,63,84,703250,9532750,3500,1000,2020,11,2020-11,23,0.2973,0,0.7027,0.0,0.0,0,0,0,0,1.0,,,,,0.0,1,1
LJ500_R063_C085,63,85,703750,9532750,4000,1000,2020,11,2020-11,23,0.1462,0,0.8538,0.0,0.0,0,0,0,0,1.0,,,,,0.0,1,1
LJ500_R063_C086,63,86,704250,9532750,4500,1000,2020,11,2020-11,23,0.3435,0,0.6565,0.0,0.0,0,0,0,0,1.0,,,,,0.0,1,1
LJ500_R064_C077,64,77,699750,9533250,0,1500,2020,11,2020-11,23,0.3887,0,0.3116,0.0,0.2997,0,0,0,0,1.0,0.6319,0.0987,0.3569,-0.5868,61.6,1,0
LJ500_R064_C078,64,78,700250,9533250,500,1500,2020,11,2020-11,23,0.5382,0,0.082,0.0,0.3799,0,0,0,0,1.0,0.6894,0.1968,0.4828,-0.6175,24.16,1,0
LJ500_R064_C079,64,79,700750,9533250,1000,1500,2020,11,2020-11,23,0.4384,0,0.1474,0.0,0.4142,0,0,0,0,1.0,,,,,0.0,1,1
LJ500_R064_C080,64,80,701250,9533250,1500,1500,2020,11,2020-11,23,0.5951,0,0.4049,0.0,0.0,0,0,0,0,1.0,,,,,0.0,1,1
LJ500_R064_C081,64,81,701750,9533250,2000,1500,2020,11,2020-11,23,0.5997,0,0.181,0.0,0.2193,0,0,0,0,1.0,,,,,0.0,1,1
LJ500_R064_C082,64,82,702250,9533250,2500,1500,2020,11,2020-11,23,0.7276,0,0.2724,0.0,0.0,0,0,0,0,1.0,,,,,0.0,1,1
LJ500_R064_C083,64,83,702750,9533250,3000,1500,2020,11,2020-11,23,0.566,0,0.203,0.0,0.231,0,0,0,0,1.0,,,,,0.0,1,1
LJ500_R064_C084,64,84,703250,9533250,3500,1500,2020,11,2020-11,23,0.235,0,0.7298,0.0,0.0352,0,0,0,0,1.0,,,,,0.0,1,1
LJ500_R064_C085,64,85,703750,9533250,4000,1500,2020,11,2020-11,23,0.5109,0,0.4891,0.0,0.0,0,0,0,0,1.0,,,,,0.0,1,1
LJ500_R064_C086,64,86,704250,9533250,4500,1500,2020,11,2020-11,23,0.748,0,0.252,0.0,0.0,0,0,0,0,1.0,,,,,0.0,1,1
LJ500_R065_C077,65,77,699750,9533750,0,2000,2020,11,2020-11,23,0.312,0,0.4033,0.0,0.2847,0,0,0,0,1.0,0.659,0.1193,0.3919,-0.602,32.8,1,0
LJ500_R065_C078,65,78,700250,9533750,500,2000,2020,11,2020-11,23,0.5913,0,0.4071,0.0,0.0016,0,0,0,0,1.0,0.662,0.1589,0.4323,-0.5961,82.56,1,0
LJ500_R065_C079,65,79,700750,9533750,1000,2000,2020,11,2020-11,23,0.3219,0,0.6781,0.0,0.0,0,0,0,0,1.0,0.6398,0.1256,0.3961,-0.5893,76.32,1,0
LJ500_R065_C080,65,80,701250,9533750,1500,2000,2020,11,2020-11,23,0.8266,0,0.1734,0.0,0.0,0,0,0,0,1.0,0.7416,0.2418,0.5392,-0.6581,7.84,1,0
LJ500_R065_C081,65,81,701750,9533750,2000,2000,2020,11,2020-11,23,0.9017,0,0.0983,0.0,0.0,0,0,0,0,1.0,,,,,0.0,1,1
LJ500_R065_C082,65,82,702250,9533750,2500,2000,2020,11,2020-11,23,0.7327,0,0.2673,0.0,0.0,0,0,0,0,1.0,,,,,0.0,1,1
LJ500_R065_C083,65,83,702750,9533750,3000,2000,2020,11,2020-11,23,0.7802,0,0.1368,0.0,0.083,0,0,0,0,1.0,,,,,0.0,1,1
LJ500_R065_C084,65,84,703250,9533750,3500,2000,2020,11,2020-11,23,0.3229,0,0.6771,0.0,0.0,0,0,0,0,1.0,,,,,0.0,1,1
LJ500_R065_C085,65,85,703750,9533750,4000,2000,2020,11,2020-11,23,0.0167,0,0.9833,0.0,0.0,0,0,0,0,1.0,,,,,0.0,1,1
LJ500_R065_C086,65,86,704250,9533750,4500,2000,2020,11,2020-11,23,0.7821,0,0.2179,0.0,0.0,0,0,0,0,1.0,,,,,0.0,1,1
LJ500_R066_C077,66,77,699750,9534250,0,2500,2020,11,2020-11,23,0.5018,0,0.3517,0.0,0.1465,0,0,0,0,1.0,,,,,0.0,1,1
LJ500_R066_C078,66,78,700250,9534250,500,2500,2020,11,2020-11,23,0.1232,0,0.8768,0.0,0.0,0,0,0,0,1.0,0.525,0.035,0.2822,-0.5001,4.64,1,0
LJ500_R066_C079,66,79,700750,9534250,1000,2500,2020,11,2020-11,23,0.3332,0,0.6668,0.0,0.0,0,0,0,0,1.0,0.6209,0.1264,0.3886,-0.5718,1.92,1,0
LJ500_R066_C080,66,80,701250,9534250,1500,2500,2020,11,2020-11,23,0.9149,0,0.0851,0.0,0.0,0,0,0,0,1.0,0.7287,0.234,0.5233,-0.6625,0.32,1,0
LJ500_R066_C081,66,81,701750,9534250,2000,2500,2020,11,2020-11,23,0.7037,0,0.2963,0.0,0.0,0,0,0,0,1.0,,,,,0.0,1,1
LJ500_R066_C082,66,82,702250,9534250,2500,2500,2020,11,2020-11,23,0.6772,0,0.3228,0.0,0.0,0,0,0,0,1.0,,,,,0.0,1,1
LJ500_R066_C083,66,83,702750,9534250,3000,2500,2020,11,2020-11,23,0.6289,0,0.3711,0.0,0.0,0,0,0,0,1.0,,,,,0.0,1,1
LJ500_R066_C084,66,84,703250,9534250,3500,2500,2020,11,2020-11,23,0.7305,0,0.2695,0.0,0.0,0,0,0,0,1.0,,,,,0.0,1,1
LJ500_R066_C085,66,85,703750,9534250,4000,2500,2020,11,2020-11,23,0.7865,0,0.2135,0.0,0.0,0,0,0,0,1.0,,,,,0.0,1,1
LJ500_R066_C086,66,86,704250,9534250,4500,2500,2020,11,2020-11,23,1.0,0,0.0,0.0,0.0,0,0,0,0,1.0,,,,,0.0,1,1
LJ500_R067_C077,67,77,699750,9534750,0,3000,2020,11,2020-11,23,0.7165,0,0.2835,0.0,0.0,0,0,0,0,1.0,,,,,0.0,1,1
LJ500_R067_C078,67,78,700250,9534750,500,3000,2020,11,2020-11,23,0.8229,0,0.1771,0.0,0.0,0,0,0,0,1.0,,,,,0.0,1,1
LJ500_R067_C079,67,79,700750,9534750,1000,3000,2020,11,2020-11,23,0.9659,0,0.0341,0.0,0.0,0,0,0,0,1.0,,,,,0.0,1,1
LJ500_R067_C080,67,80,701250,9534750,1500,3000,2020,11,2020-11,23,0.8944,0,0.1056,0.0,0.0,0,0,0,0,1.0,,,,,0.0,1,1
LJ500_R067_C081,67,81,701750,9534750,2000,3000,2020,11,2020-11,23,0.7989,0,0.1897,0.0,0.0114,0,0,0,0,1.0,,,,,0.0,1,1
LJ500_R067_C082,67,82,702250,9534750,2500,3000,2020,11,2020-11,23,1.0,0,0.0,0.0,0.0,0,0,0,0,1.0,,,,,0.0,1,1
LJ500_R067_C083,67,83,702750,9534750,3000,3000,2020,11,2020-11,23,1.0,0,0.0,0.0,0.0,0,0,0,0,1.0,,,,,0.0,1,1
LJ500_R067_C084,67,84,703250,9534750,3500,3000,2020,11,2020-11,23,1.0,0,0.0,0.0,0.0,0,0,0,0,1.0,,,,,0.0,1,1
LJ500_R067_C085,67,85,703750,9534750,4000,3000,2020,11,2020-11,23,1.0,0,0.0,0.0,0.0,0,0,0,0,1.0,,,,,0.0,1,1
LJ500_R067_C086,67,86,704250,9534750,4500,3000,2020,11,2020-11,23,1.0,0,0.0,0.0,0.0,0,0,0,0,1.0,,,,,0.0,1,1
LJ500_R068_C077,68,77,699750,9535250,0,3500,2020,11,2020-11,23,0.065,0,0.935,0.0,0.0,0,0,0,0,1.0,,,,,0.0,1,1
LJ500_R068_C078,68,78,700250,9535250,500,3500,2020,11,2020-11,23,0.7525,0,0.2475,0.0,0.0,0,0,0,0,1.0,,,,,0.0,1,1
LJ500_R068_C079,68,79,700750,9535250,1000,3500,2020,11,2020-11,23,1.0,0,0.0,0.0,0.0,0,0,0,0,1.0,,,,,0.0,1,1
LJ500_R068_C080,68,80,701250,9535250,1500,3500,2020,11,2020-11,23,0.8923,0,0.1077,0.0,0.0,0,0,0,0,1.0,,,,,0.0,1,1
LJ500_R068_C081,68,81,701750,9535250,2000,3500,2020,11,2020-11,23,0.6646,0,0.0767,0.0,0.2586,0,0,0,0,1.0,,,,,0.0,1,1
LJ500_R068_C082,68,82,702250,9535250,2500,3500,2020,11,2020-11,23,0.9399,0,0.0601,0.0,0.0,0,0,0,0,1.0,,,,,0.0,1,1
LJ500_R068_C083,68,83,702750,9535250,3000,3500,2020,11,2020-11,23,1.0,0,0.0,0.0,0.0,0,0,0,0,1.0,,,,,0.0,1,1
LJ500_R068_C084,68,84,703250,9535250,3500,3500,2020,11,2020-11,23,1.0,0,0.0,0.0,0.0,0,0,0,0,1.0,,,,,0.0,1,1
LJ500_R068_C085,68,85,703750,9535250,4000,3500,2020,11,2020-11,23,1.0,0,0.0,0.0,0.0,0,0,0,0,1.0,,,,,0.0,1,1
LJ500_R068_C086,68,86,704250,9535250,4500,3500,2020,11,2020-11,23,1.0,0,0.0,0.0,0.0,0,0,0,0,1.0,,,,,0.0,1,1
LJ500_R069_C077,69,77,699750,9535750,0,4000,2020,11,2020-11,23,0.0,0,0.9574,0.0426,0.0,0,0,0,0,1.0,,,,,0.0,1,1
LJ500_R069_C078,69,78,700250,9535750,500,4000,2020,11,2020-11,23,0.4139,0,0.5115,0.0746,0.0,0,0,0,0,1.0,,,,,0.0,1,1
LJ500_R069_C079,69,79,700750,9535750,1000,4000,2020,11,2020-11,23,0.6432,0,0.3568,0.0,0.0,0,0,0,0,1.0,,,,,0.0,1,1
LJ500_R069_C080,69,80,701250,9535750,1500,4000,2020,11,2020-11,23,0.8514,0,0.1486,0.0,0.0,0,0,0,0,1.0,,,,,0.0,1,1
LJ500_R069_C081,69,81,701750,9535750,2000,4000,2020,11,2020-11,23,1.0,0,0.0,0.0,0.0,0,0,0,0,1.0,,,,,0.0,1,1
LJ500_R069_C082,69,82,702250,9535750,2500,4000,2020,11,2020-11,23,1.0,0,0.0,0.0,0.0,0,0,0,0,1.0,,,,,0.0,1,1
LJ500_R069_C083,69,83,702750,9535750,3000,4000,2020,11,2020-11,23,1.0,0,0.0,0.0,0.0,0,0,0,0,1.0,0.693,0.4365,0.6777,-0.5831,1.6,1,0
LJ500_R069_C084,69,84,703250,9535750,3500,4000,2020,11,2020-11,23,1.0,0,0.0,0.0,0.0,0,0,0,0,1.0,,,,,0.0,1,1
LJ500_R069_C085,69,85,703750,9535750,4000,4000,2020,11,2020-11,23,1.0,0,0.0,0.0,0.0,0,0,0,0,1.0,,,,,0.0,1,1
LJ500_R069_C086,69,86,704250,9535750,4500,4000,2020,11,2020-11,23,1.0,0,0.0,0.0,0.0,0,0,0,0,1.0,,,,,0.0,1,1
LJ500_R070_C077,70,77,699750,9536250,0,4500,2020,11,2020-11,23,0.0,0,0.3423,0.4553,0.2024,0,0,0,0,1.0,,,,,0.0,1,1
LJ500_R070_C078,70,78,700250,9536250,500,4500,2020,11,2020-11,23,0.0,0,0.3908,0.6092,0.0,0,0,0,0,1.0,,,,,0.0,1,1
LJ500_R070_C079,70,79,700750,9536250,1000,4500,2020,11,2020-11,23,0.2082,0,0.7834,0.0084,0.0,0,0,0,0,1.0,,,,,0.0,1,1
LJ500_R070_C080,70,80,701250,9536250,1500,4500,2020,11,2020-11,23,0.2813,0,0.7187,0.0,0.0,0,0,0,0,1.0,,,,,0.0,1,1
LJ500_R070_C081,70,81,701750,9536250,2000,4500,2020,11,2020-11,23,0.9197,0,0.0803,0.0,0.0,0,0,0,0,1.0,,,,,0.0,1,1
LJ500_R070_C082,70,82,702250,9536250,2500,4500,2020,11,2020-11,23,1.0,0,0.0,0.0,0.0,0,0,0,0,1.0,,,,,0.0,1,1
LJ500_R070_C083,70,83,702750,9536250,3000,4500,2020,11,2020-11,23,1.0,0,0.0,0.0,0.0,0,0,0,0,1.0,,,,,0.0,1,1
LJ500_R070_C084,70,84,703250,9536250,3500,4500,2020,11,2020-11,23,0.9943,0,0.0057,0.0,0.0,0,0,0,0,1.0,,,,,0.0,1,1
LJ500_R070_C085,70,85,703750,9536250,4000,4500,2020,11,2020-11,23,1.0,0,0.0,0.0,0.0,0,0,0,0,1.0,,,,,0.0,1,1
LJ500_R070_C086,70,86,704250,9536250,4500,4500,2020,11,2020-11,23,1.0,0,0.0,0.0,0.0,0,0,0,0,1.0,,,,,0.0,1,1
LJ500_R061_C077,61,77,699750,9531750,0,0,2020,12,2020-12,24,0.0,0,1.0,0.0,0.0,0,0,0,0,1.0,0.6775,0.1199,0.3588,-0.6267,100.0,1,0
LJ500_R061_C078,61,78,700250,9531750,500,0,2020,12,2020-12,24,0.0,0,0.9516,0.0,0.0484,0,0,0,0,1.0,0.6633,0.0939,0.3333,-0.6181,100.0,1,0
LJ500_R061_C079,61,79,700750,9531750,1000,0,2020,12,2020-12,24,0.0,0,0.906,0.0,0.094,0,0,0,0,1.0,0.7105,0.1383,0.3934,-0.6575,100.0,1,0
LJ500_R061_C080,61,80,701250,9531750,1500,0,2020,12,2020-12,24,0.1714,0,0.8229,0.0,0.0057,0,0,0,0,1.0,0.6757,0.1231,0.3766,-0.6329,100.0,1,0
LJ500_R061_C081,61,81,701750,9531750,2000,0,2020,12,2020-12,24,0.0,0,1.0,0.0,0.0,0,0,0,0,1.0,0.6699,0.1131,0.371,-0.6288,100.0,1,0
LJ500_R061_C082,61,82,702250,9531750,2500,0,2020,12,2020-12,24,0.0618,0,0.9382,0.0,0.0,0,0,0,0,1.0,0.7173,0.1432,0.4155,-0.6644,100.0,1,0
LJ500_R061_C083,61,83,702750,9531750,3000,0,2020,12,2020-12,24,0.5343,0,0.3633,0.1024,0.0,0,0,0,0,1.0,0.7751,0.226,0.5079,-0.6898,100.0,1,0
LJ500_R061_C084,61,84,703250,9531750,3500,0,2020,12,2020-12,24,0.7729,0,0.0,0.2271,0.0,0,0,0,0,1.0,0.7643,0.23,0.5187,-0.692,100.0,1,0
LJ500_R061_C085,61,85,703750,9531750,4000,0,2020,12,2020-12,24,0.709,0,0.291,0.0,0.0,0,0,0,0,1.0,0.8221,0.2903,0.5903,-0.7369,100.0,1,0
LJ500_R061_C086,61,86,704250,9531750,4500,0,2020,12,2020-12,24,1.0,0,0.0,0.0,0.0,0,0,0,0,1.0,0.775,0.259,0.5505,-0.693,100.0,1,0
LJ500_R062_C077,62,77,699750,9532250,0,500,2020,12,2020-12,24,0.0,0,0.7197,0.0,0.2803,0,0,0,0,1.0,0.6735,0.113,0.3563,-0.6304,100.0,1,0
LJ500_R062_C078,62,78,700250,9532250,500,500,2020,12,2020-12,24,0.0,0,0.5947,0.0,0.4053,0,0,0,0,1.0,0.6337,0.0845,0.3194,-0.6069,100.0,1,0
LJ500_R062_C079,62,79,700750,9532250,1000,500,2020,12,2020-12,24,0.0,0,0.771,0.0,0.229,0,0,0,0,1.0,0.6493,0.0655,0.3055,-0.6128,100.0,1,0
LJ500_R062_C080,62,80,701250,9532250,1500,500,2020,12,2020-12,24,0.235,0,0.6379,0.0,0.1271,0,0,0,0,1.0,0.647,0.0648,0.3109,-0.6228,100.0,1,0
LJ500_R062_C081,62,81,701750,9532250,2000,500,2020,12,2020-12,24,0.0684,0,0.7378,0.0,0.1938,0,0,0,0,1.0,0.6976,0.1232,0.3833,-0.6575,100.0,1,0
LJ500_R062_C082,62,82,702250,9532250,2500,500,2020,12,2020-12,24,0.0973,0,0.9027,0.0,0.0,0,0,0,0,1.0,0.7391,0.1864,0.463,-0.675,100.0,1,0
LJ500_R062_C083,62,83,702750,9532250,3000,500,2020,12,2020-12,24,0.0473,0,0.9507,0.0019,0.0,0,0,0,0,1.0,0.7519,0.2078,0.4901,-0.6735,100.0,1,0
LJ500_R062_C084,62,84,703250,9532250,3500,500,2020,12,2020-12,24,0.2757,0,0.7209,0.0034,0.0,0,0,0,0,1.0,0.7828,0.2312,0.5261,-0.697,100.0,1,0
LJ500_R062_C085,62,85,703750,9532250,4000,500,2020,12,2020-12,24,0.0588,0,0.9412,0.0,0.0,0,0,0,0,1.0,0.7658,0.2453,0.5356,-0.6814,100.0,1,0
LJ500_R062_C086,62,86,704250,9532250,4500,500,2020,12,2020-12,24,0.7611,0,0.2389,0.0,0.0,0,0,0,0,1.0,0.7709,0.2598,0.5533,-0.6862,100.0,1,0
LJ500_R063_C077,63,77,699750,9532750,0,1000,2020,12,2020-12,24,0.0,0,0.1158,0.0,0.8842,0,0,0,0,1.0,0.5556,0.0199,0.2373,-0.5542,100.0,1,0
LJ500_R063_C078,63,78,700250,9532750,500,1000,2020,12,2020-12,24,0.0328,0,0.3431,0.0,0.624,0,0,0,0,1.0,0.6091,0.0557,0.282,-0.6,100.0,1,0
LJ500_R063_C079,63,79,700750,9532750,1000,1000,2020,12,2020-12,24,0.2883,0,0.3768,0.0,0.3349,0,0,0,0,1.0,0.6684,0.0922,0.3506,-0.6313,100.0,1,0
LJ500_R063_C080,63,80,701250,9532750,1500,1000,2020,12,2020-12,24,0.1673,0,0.4746,0.0,0.358,0,0,0,0,1.0,0.6526,0.0603,0.3221,-0.639,100.0,1,0
LJ500_R063_C081,63,81,701750,9532750,2000,1000,2020,12,2020-12,24,0.0165,0,0.5433,0.0,0.4402,0,0,0,0,1.0,0.6867,0.11,0.3853,-0.6537,100.0,1,0
LJ500_R063_C082,63,82,702250,9532750,2500,1000,2020,12,2020-12,24,0.6742,0,0.2142,0.0,0.1117,0,0,0,0,1.0,0.7227,0.1547,0.4263,-0.6629,100.0,1,0
LJ500_R063_C083,63,83,702750,9532750,3000,1000,2020,12,2020-12,24,0.2059,0,0.7941,0.0,0.0,0,0,0,0,1.0,0.7465,0.1976,0.4755,-0.6768,100.0,1,0
LJ500_R063_C084,63,84,703250,9532750,3500,1000,2020,12,2020-12,24,0.2973,0,0.7027,0.0,0.0,0,0,0,0,1.0,0.7682,0.2201,0.5097,-0.6908,100.0,1,0
LJ500_R063_C085,63,85,703750,9532750,4000,1000,2020,12,2020-12,24,0.1462,0,0.8538,0.0,0.0,0,0,0,0,1.0,0.7837,0.2602,0.5514,-0.6983,100.0,1,0
LJ500_R063_C086,63,86,704250,9532750,4500,1000,2020,12,2020-12,24,0.3435,0,0.6565,0.0,0.0,0,0,0,0,1.0,0.8084,0.2989,0.593,-0.7149,100.0,1,0
LJ500_R064_C077,64,77,699750,9533250,0,1500,2020,12,2020-12,24,0.3887,0,0.3116,0.0,0.2997,0,0,0,0,1.0,0.6258,0.1065,0.3514,-0.5872,100.0,1,0
LJ500_R064_C078,64,78,700250,9533250,500,1500,2020,12,2020-12,24,0.5382,0,0.082,0.0,0.3799,0,0,0,0,1.0,0.6122,0.1122,0.362,-0.5721,100.0,1,0
LJ500_R064_C079,64,79,700750,9533250,1000,1500,2020,12,2020-12,24,0.4384,0,0.1474,0.0,0.4142,0,0,0,0,1.0,0.6378,0.0456,0.3016,-0.6228,100.0,1,0
LJ500_R064_C080,64,80,701250,9533250,1500,1500,2020,12,2020-12,24,0.5951,0,0.4049,0.0,0.0,0,0,0,0,1.0,0.7271,0.1411,0.4219,-0.6786,100.0,1,0
LJ500_R064_C081,64,81,701750,9533250,2000,1500,2020,12,2020-12,24,0.5997,0,0.181,0.0,0.2193,0,0,0,0,1.0,0.7613,0.1823,0.4692,-0.6941,100.0,1,0
LJ500_R064_C082,64,82,702250,9533250,2500,1500,2020,12,2020-12,24,0.7276,0,0.2724,0.0,0.0,0,0,0,0,1.0,0.7497,0.1743,0.4659,-0.6823,100.0,1,0
LJ500_R064_C083,64,83,702750,9533250,3000,1500,2020,12,2020-12,24,0.566,0,0.203,0.0,0.231,0,0,0,0,1.0,0.7736,0.1925,0.497,-0.7082,100.0,1,0
LJ500_R064_C084,64,84,703250,9533250,3500,1500,2020,12,2020-12,24,0.235,0,0.7298,0.0,0.0352,0,0,0,0,1.0,0.7563,0.2222,0.5137,-0.6774,100.0,1,0
LJ500_R064_C085,64,85,703750,9533250,4000,1500,2020,12,2020-12,24,0.5109,0,0.4891,0.0,0.0,0,0,0,0,1.0,0.803,0.2206,0.5226,-0.7209,100.0,1,0
LJ500_R064_C086,64,86,704250,9533250,4500,1500,2020,12,2020-12,24,0.748,0,0.252,0.0,0.0,0,0,0,0,1.0,0.761,0.1943,0.4848,-0.7006,100.0,1,0
LJ500_R065_C077,65,77,699750,9533750,0,2000,2020,12,2020-12,24,0.312,0,0.4033,0.0,0.2847,0,0,0,0,1.0,0.6153,0.1038,0.3573,-0.571,100.0,1,0
LJ500_R065_C078,65,78,700250,9533750,500,2000,2020,12,2020-12,24,0.5913,0,0.4071,0.0,0.0016,0,0,0,0,1.0,0.6293,0.1393,0.3916,-0.5833,100.0,1,0
LJ500_R065_C079,65,79,700750,9533750,1000,2000,2020,12,2020-12,24,0.3219,0,0.6781,0.0,0.0,0,0,0,0,1.0,0.6571,0.1094,0.3671,-0.6226,100.0,1,0
LJ500_R065_C080,65,80,701250,9533750,1500,2000,2020,12,2020-12,24,0.8266,0,0.1734,0.0,0.0,0,0,0,0,1.0,0.7769,0.1827,0.4679,-0.6974,100.0,1,0
LJ500_R065_C081,65,81,701750,9533750,2000,2000,2020,12,2020-12,24,0.9017,0,0.0983,0.0,0.0,0,0,0,0,1.0,0.774,0.1997,0.4886,-0.6994,100.0,1,0
LJ500_R065_C082,65,82,702250,9533750,2500,2000,2020,12,2020-12,24,0.7327,0,0.2673,0.0,0.0,0,0,0,0,1.0,0.7816,0.2068,0.5083,-0.7096,100.0,1,0
LJ500_R065_C083,65,83,702750,9533750,3000,2000,2020,12,2020-12,24,0.7802,0,0.1368,0.0,0.083,0,0,0,0,1.0,0.7984,0.2227,0.5266,-0.7136,100.0,1,0
LJ500_R065_C084,65,84,703250,9533750,3500,2000,2020,12,2020-12,24,0.3229,0,0.6771,0.0,0.0,0,0,0,0,1.0,0.7804,0.2027,0.5028,-0.7038,100.0,1,0
LJ500_R065_C085,65,85,703750,9533750,4000,2000,2020,12,2020-12,24,0.0167,0,0.9833,0.0,0.0,0,0,0,0,1.0,0.7387,0.1635,0.4534,-0.6812,100.0,1,0
LJ500_R065_C086,65,86,704250,9533750,4500,2000,2020,12,2020-12,24,0.7821,0,0.2179,0.0,0.0,0,0,0,0,1.0,0.8135,0.2789,0.5771,-0.7395,100.0,1,0
LJ500_R066_C077,66,77,699750,9534250,0,2500,2020,12,2020-12,24,0.5018,0,0.3517,0.0,0.1465,0,0,0,0,1.0,0.6195,0.1328,0.3892,-0.5718,100.0,1,0
LJ500_R066_C078,66,78,700250,9534250,500,2500,2020,12,2020-12,24,0.1232,0,0.8768,0.0,0.0,0,0,0,0,1.0,0.6335,0.1277,0.3802,-0.5922,100.0,1,0
LJ500_R066_C079,66,79,700750,9534250,1000,2500,2020,12,2020-12,24,0.3332,0,0.6668,0.0,0.0,0,0,0,0,1.0,0.6531,0.1181,0.3658,-0.6279,100.0,1,0
LJ500_R066_C080,66,80,701250,9534250,1500,2500,2020,12,2020-12,24,0.9149,0,0.0851,0.0,0.0,0,0,0,0,1.0,0.7742,0.256,0.5412,-0.7039,100.0,1,0
LJ500_R066_C081,66,81,701750,9534250,2000,2500,2020,12,2020-12,24,0.7037,0,0.2963,0.0,0.0,0,0,0,0,1.0,0.7506,0.2234,0.5073,-0.6906,100.0,1,0
LJ500_R066_C082,66,82,702250,9534250,2500,2500,2020,12,2020-12,24,0.6772,0,0.3228,0.0,0.0,0,0,0,0,1.0,0.7695,0.2321,0.5218,-0.6933,100.0,1,0
LJ500_R066_C083,66,83,702750,9534250,3000,2500,2020,12,2020-12,24,0.6289,0,0.3711,0.0,0.0,0,0,0,0,1.0,0.7795,0.2095,0.5052,-0.702,100.0,1,0
LJ500_R066_C084,66,84,703250,9534250,3500,2500,2020,12,2020-12,24,0.7305,0,0.2695,0.0,0.0,0,0,0,0,1.0,0.7499,0.1951,0.4841,-0.6825,100.0,1,0
LJ500_R066_C085,66,85,703750,9534250,4000,2500,2020,12,2020-12,24,0.7865,0,0.2135,0.0,0.0,0,0,0,0,1.0,0.7924,0.2666,0.5594,-0.7192,100.0,1,0
LJ500_R066_C086,66,86,704250,9534250,4500,2500,2020,12,2020-12,24,1.0,0,0.0,0.0,0.0,0,0,0,0,1.0,0.8035,0.2945,0.5827,-0.7237,100.0,1,0
LJ500_R067_C077,67,77,699750,9534750,0,3000,2020,12,2020-12,24,0.7165,0,0.2835,0.0,0.0,0,0,0,0,1.0,0.6016,0.0987,0.3565,-0.5878,100.0,1,0
LJ500_R067_C078,67,78,700250,9534750,500,3000,2020,12,2020-12,24,0.8229,0,0.1771,0.0,0.0,0,0,0,0,1.0,0.5891,0.07,0.3192,-0.5846,100.0,1,0
LJ500_R067_C079,67,79,700750,9534750,1000,3000,2020,12,2020-12,24,0.9659,0,0.0341,0.0,0.0,0,0,0,0,1.0,0.7166,0.1774,0.442,-0.6693,100.0,1,0
LJ500_R067_C080,67,80,701250,9534750,1500,3000,2020,12,2020-12,24,0.8944,0,0.1056,0.0,0.0,0,0,0,0,1.0,0.7484,0.2347,0.5052,-0.6942,100.0,1,0
LJ500_R067_C081,67,81,701750,9534750,2000,3000,2020,12,2020-12,24,0.7989,0,0.1897,0.0,0.0114,0,0,0,0,1.0,0.7448,0.2421,0.518,-0.6961,100.0,1,0
LJ500_R067_C082,67,82,702250,9534750,2500,3000,2020,12,2020-12,24,1.0,0,0.0,0.0,0.0,0,0,0,0,1.0,0.7891,0.2858,0.5754,-0.7185,100.0,1,0
LJ500_R067_C083,67,83,702750,9534750,3000,3000,2020,12,2020-12,24,1.0,0,0.0,0.0,0.0,0,0,0,0,1.0,0.7938,0.2911,0.5784,-0.7206,100.0,1,0
LJ500_R067_C084,67,84,703250,9534750,3500,3000,2020,12,2020-12,24,1.0,0,0.0,0.0,0.0,0,0,0,0,1.0,0.7755,0.2805,0.5609,-0.7102,100.0,1,0
LJ500_R067_C085,67,85,703750,9534750,4000,3000,2020,12,2020-12,24,1.0,0,0.0,0.0,0.0,0,0,0,0,1.0,0.8044,0.3033,0.5898,-0.7329,100.0,1,0
LJ500_R067_C086,67,86,704250,9534750,4500,3000,2020,12,2020-12,24,1.0,0,0.0,0.0,0.0,0,0,0,0,1.0,0.7919,0.3098,0.589,-0.7232,100.0,1,0
LJ500_R068_C077,68,77,699750,9535250,0,3500,2020,12,2020-12,24,0.065,0,0.935,0.0,0.0,0,0,0,0,1.0,0.6234,0.1023,0.3527,-0.5961,100.0,1,0
LJ500_R068_C078,68,78,700250,9535250,500,3500,2020,12,2020-12,24,0.7525,0,0.2475,0.0,0.0,0,0,0,0,1.0,0.6106,0.0983,0.3503,-0.5808,100.0,1,0
LJ500_R068_C079,68,79,700750,9535250,1000,3500,2020,12,2020-12,24,1.0,0,0.0,0.0,0.0,0,0,0,0,1.0,0.6898,0.1554,0.4261,-0.6468,100.0,1,0
LJ500_R068_C080,68,80,701250,9535250,1500,3500,2020,12,2020-12,24,0.8923,0,0.1077,0.0,0.0,0,0,0,0,1.0,0.7276,0.2227,0.4853,-0.6839,100.0,1,0
LJ500_R068_C081,68,81,701750,9535250,2000,3500,2020,12,2020-12,24,0.6646,0,0.0767,0.0,0.2586,0,0,0,0,1.0,0.6864,0.1742,0.4381,-0.6574,100.0,1,0
LJ500_R068_C082,68,82,702250,9535250,2500,3500,2020,12,2020-12,24,0.9399,0,0.0601,0.0,0.0,0,0,0,0,1.0,0.7893,0.3177,0.5943,-0.7261,100.0,1,0
LJ500_R068_C083,68,83,702750,9535250,3000,3500,2020,12,2020-12,24,1.0,0,0.0,0.0,0.0,0,0,0,0,1.0,0.8113,0.3576,0.6303,-0.7463,100.0,1,0
LJ500_R068_C084,68,84,703250,9535250,3500,3500,2020,12,2020-12,24,1.0,0,0.0,0.0,0.0,0,0,0,0,1.0,0.7965,0.3345,0.612,-0.735,100.0,1,0
LJ500_R068_C085,68,85,703750,9535250,4000,3500,2020,12,2020-12,24,1.0,0,0.0,0.0,0.0,0,0,0,0,1.0,0.8119,0.3572,0.6352,-0.7471,100.0,1,0
LJ500_R068_C086,68,86,704250,9535250,4500,3500,2020,12,2020-12,24,1.0,0,0.0,0.0,0.0,0,0,0,0,1.0,0.7953,0.3253,0.6051,-0.7343,100.0,1,0
LJ500_R069_C077,69,77,699750,9535750,0,4000,2020,12,2020-12,24,0.0,0,0.9574,0.0426,0.0,0,0,0,0,1.0,0.6198,0.0566,0.3117,-0.5969,100.0,1,0
LJ500_R069_C078,69,78,700250,9535750,500,4000,2020,12,2020-12,24,0.4139,0,0.5115,0.0746,0.0,0,0,0,0,1.0,0.6924,0.1384,0.4167,-0.6455,100.0,1,0
LJ500_R069_C079,69,79,700750,9535750,1000,4000,2020,12,2020-12,24,0.6432,0,0.3568,0.0,0.0,0,0,0,0,1.0,0.6052,0.0705,0.32,-0.6028,100.0,1,0
LJ500_R069_C080,69,80,701250,9535750,1500,4000,2020,12,2020-12,24,0.8514,0,0.1486,0.0,0.0,0,0,0,0,1.0,0.6907,0.1525,0.4167,-0.6412,100.0,1,0
LJ500_R069_C081,69,81,701750,9535750,2000,4000,2020,12,2020-12,24,1.0,0,0.0,0.0,0.0,0,0,0,0,1.0,0.7895,0.2596,0.5441,-0.7087,100.0,1,0
LJ500_R069_C082,69,82,702250,9535750,2500,4000,2020,12,2020-12,24,1.0,0,0.0,0.0,0.0,0,0,0,0,1.0,0.8041,0.2813,0.567,-0.7262,100.0,1,0
LJ500_R069_C083,69,83,702750,9535750,3000,4000,2020,12,2020-12,24,1.0,0,0.0,0.0,0.0,0,0,0,0,1.0,0.8127,0.3311,0.6129,-0.7437,100.0,1,0
LJ500_R069_C084,69,84,703250,9535750,3500,4000,2020,12,2020-12,24,1.0,0,0.0,0.0,0.0,0,0,0,0,1.0,0.8182,0.3486,0.627,-0.7534,100.0,1,0
LJ500_R069_C085,69,85,703750,9535750,4000,4000,2020,12,2020-12,24,1.0,0,0.0,0.0,0.0,0,0,0,0,1.0,0.7938,0.3038,0.5841,-0.7349,100.0,1,0
LJ500_R069_C086,69,86,704250,9535750,4500,4000,2020,12,2020-12,24,1.0,0,0.0,0.0,0.0,0,0,0,0,1.0,0.762,0.2537,0.5358,-0.7086,100.0,1,0
LJ500_R070_C077,70,77,699750,9536250,0,4500,2020,12,2020-12,24,0.0,0,0.3423,0.4553,0.2024,0,0,0,0,1.0,0.6081,0.0754,0.323,-0.5934,100.0,1,0
LJ500_R070_C078,70,78,700250,9536250,500,4500,2020,12,2020-12,24,0.0,0,0.3908,0.6092,0.0,0,0,0,0,1.0,0.6373,0.1001,0.3543,-0.6212,100.0,1,0
LJ500_R070_C079,70,79,700750,9536250,1000,4500,2020,12,2020-12,24,0.2082,0,0.7834,0.0084,0.0,0,0,0,0,1.0,0.6481,0.0863,0.3339,-0.6189,100.0,1,0
LJ500_R070_C080,70,80,701250,9536250,1500,4500,2020,12,2020-12,24,0.2813,0,0.7187,0.0,0.0,0,0,0,0,1.0,0.7145,0.1391,0.4077,-0.6572,100.0,1,0
LJ500_R070_C081,70,81,701750,9536250,2000,4500,2020,12,2020-12,24,0.9197,0,0.0803,0.0,0.0,0,0,0,0,1.0,0.7848,0.2213,0.5067,-0.6977,100.0,1,0
LJ500_R070_C082,70,82,702250,9536250,2500,4500,2020,12,2020-12,24,1.0,0,0.0,0.0,0.0,0,0,0,0,1.0,0.7684,0.2261,0.5038,-0.691,100.0,1,0
LJ500_R070_C083,70,83,702750,9536250,3000,4500,2020,12,2020-12,24,1.0,0,0.0,0.0,0.0,0,0,0,0,1.0,0.809,0.2811,0.567,-0.7348,100.0,1,0
LJ500_R070_C084,70,84,703250,9536250,3500,4500,2020,12,2020-12,24,0.9943,0,0.0057,0.0,0.0,0,0,0,0,1.0,0.8023,0.2903,0.5712,-0.7388,100.0,1,0
LJ500_R070_C085,70,85,703750,9536250,4000,4500,2020,12,2020-12,24,1.0,0,0.0,0.0,0.0,0,0,0,0,1.0,0.7956,0.3221,0.5969,-0.7393,100.0,1,0
LJ500_R070_C086,70,86,704250,9536250,4500,4500,2020,12,2020-12,24,1.0,0,0.0,0.0,0.0,0,0,0,0,1.0,0.8121,0.343,0.6214,-0.7477,100.0,1,0
LJ500_R061_C077,61,77,699750,9531750,0,0,2021,1,2021-01,25,0.0,0,1.0,0.0,0.0,0,0,0,0,1.0,0.7788,0.2893,0.5416,-0.6815,16.96,1,0
LJ500_R061_C078,61,78,700250,9531750,500,0,2021,1,2021-01,25,0.0,0,0.9516,0.0,0.0484,0,0,0,0,1.0,0.7566,0.2562,0.5076,-0.6402,54.72,1,0
LJ500_R061_C079,61,79,700750,9531750,1000,0,2021,1,2021-01,25,0.0,0,0.906,0.0,0.094,0,0,0,0,1.0,0.7321,0.2328,0.4811,-0.6304,81.12,1,0
LJ500_R061_C080,61,80,701250,9531750,1500,0,2021,1,2021-01,25,0.1714,0,0.8229,0.0,0.0057,0,0,0,0,1.0,0.3785,0.0418,0.1706,-0.3326,0.16,1,0
LJ500_R061_C081,61,81,701750,9531750,2000,0,2021,1,2021-01,25,0.0,0,1.0,0.0,0.0,0,0,0,0,1.0,0.2901,-0.0011,0.0849,-0.2807,2.24,1,0
LJ500_R061_C082,61,82,702250,9531750,2500,0,2021,1,2021-01,25,0.0618,0,0.9382,0.0,0.0,0,0,0,0,1.0,0.6773,0.1812,0.4371,-0.5869,25.76,1,0
LJ500_R061_C083,61,83,702750,9531750,3000,0,2021,1,2021-01,25,0.5343,0,0.3633,0.1024,0.0,0,0,0,0,1.0,0.7613,0.2583,0.5364,-0.6559,27.04,1,0
LJ500_R061_C084,61,84,703250,9531750,3500,0,2021,1,2021-01,25,0.7729,0,0.0,0.2271,0.0,0,0,0,0,1.0,0.7306,0.2171,0.488,-0.6621,59.2,1,0
LJ500_R061_C085,61,85,703750,9531750,4000,0,2021,1,2021-01,25,0.709,0,0.291,0.0,0.0,0,0,0,0,1.0,0.7561,0.3013,0.5853,-0.6637,33.6,1,0
LJ500_R061_C086,61,86,704250,9531750,4500,0,2021,1,2021-01,25,1.0,0,0.0,0.0,0.0,0,0,0,0,1.0,0.7584,0.3241,0.6096,-0.6626,24.0,1,0
LJ500_R062_C077,62,77,699750,9532250,0,500,2021,1,2021-01,25,0.0,0,0.7197,0.0,0.2803,0,0,0,0,1.0,0.6765,0.1344,0.3638,-0.5939,92.64,1,0
LJ500_R062_C078,62,78,700250,9532250,500,500,2021,1,2021-01,25,0.0,0,0.5947,0.0,0.4053,0,0,0,0,1.0,0.7289,0.1872,0.4474,-0.6264,100.0,1,0
LJ500_R062_C079,62,79,700750,9532250,1000,500,2021,1,2021-01,25,0.0,0,0.771,0.0,0.229,0,0,0,0,1.0,0.7034,0.1674,0.429,-0.6001,87.36,1,0
LJ500_R062_C080,62,80,701250,9532250,1500,500,2021,1,2021-01,25,0.235,0,0.6379,0.0,0.1271,0,0,0,0,1.0,0.5689,0.1312,0.3233,-0.5047,13.6,1,0
LJ500_R062_C081,62,81,701750,9532250,2000,500,2021,1,2021-01,25,0.0684,0,0.7378,0.0,0.1938,0,0,0,0,1.0,,,,,0.0,1,1
LJ500_R062_C082,62,82,702250,9532250,2500,500,2021,1,2021-01,25,0.0973,0,0.9027,0.0,0.0,0,0,0,0,1.0,0.6799,0.1985,0.4616,-0.5919,65.92,1,0
LJ500_R062_C083,62,83,702750,9532250,3000,500,2021,1,2021-01,25,0.0473,0,0.9507,0.0019,0.0,0,0,0,0,1.0,0.7181,0.2268,0.5021,-0.6217,27.36,1,0
LJ500_R062_C084,62,84,703250,9532250,3500,500,2021,1,2021-01,25,0.2757,0,0.7209,0.0034,0.0,0,0,0,0,1.0,0.7938,0.2759,0.5715,-0.6843,70.88,1,0
LJ500_R062_C085,62,85,703750,9532250,4000,500,2021,1,2021-01,25,0.0588,0,0.9412,0.0,0.0,0,0,0,0,1.0,0.7596,0.2692,0.5644,-0.6519,48.0,1,0
LJ500_R062_C086,62,86,704250,9532250,4500,500,2021,1,2021-01,25,0.7611,0,0.2389,0.0,0.0,0,0,0,0,1.0,,,,,0.0,1,1
LJ500_R063_C077,63,77,699750,9532750,0,1000,2021,1,2021-01,25,0.0,0,0.1158,0.0,0.8842,0,0,0,0,1.0,0.2612,-0.2625,-0.2255,-0.2944,100.0,1,0
LJ500_R063_C078,63,78,700250,9532750,500,1000,2021,1,2021-01,25,0.0328,0,0.3431,0.0,0.624,0,0,0,0,1.0,0.5449,0.0083,0.1872,-0.5035,80.64,1,0
LJ500_R063_C079,63,79,700750,9532750,1000,1000,2021,1,2021-01,25,0.2883,0,0.3768,0.0,0.3349,0,0,0,0,1.0,0.6171,0.1055,0.3337,-0.5508,33.92,1,0
LJ500_R063_C080,63,80,701250,9532750,1500,1000,2021,1,2021-01,25,0.1673,0,0.4746,0.0,0.358,0,0,0,0,1.0,0.6437,0.1218,0.3782,-0.5874,16.0,1,0
LJ500_R063_C081,63,81,701750,9532750,2000,1000,2021,1,2021-01,25,0.0165,0,0.5433,0.0,0.4402,0,0,0,0,1.0,0.6889,0.1501,0.4183,-0.6169,25.12,1,0
LJ500_R063_C082,63,82,702250,9532750,2500,1000,2021,1,2021-01,25,0.6742,0,0.2142,0.0,0.1117,0,0,0,0,1.0,0.6828,0.2033,0.4619,-0.5871,68.48,1,0
LJ500_R063_C083,63,83,702750,9532750,3000,1000,2021,1,2021-01,25,0.2059,0,0.7941,0.0,0.0,0,0,0,0,1.0,0.7295,0.1976,0.4758,-0.6365,76.16,1,0
LJ500_R063_C084,63,84,703250,9532750,3500,1000,2021,1,2021-01,25,0.2973,0,0.7027,0.0,0.0,0,0,0,0,1.0,0.7579,0.2439,0.5344,-0.6596,87.68,1,0
LJ500_R063_C085,63,85,703750,9532750,4000,1000,2021,1,2021-01,25,0.1462,0,0.8538,0.0,0.0,0,0,0,0,1.0,0.7522,0.2957,0.5903,-0.6436,30.72,1,0
LJ500_R063_C086,63,86,704250,9532750,4500,1000,2021,1,2021-01,25,0.3435,0,0.6565,0.0,0.0,0,0,0,0,1.0,,,,,0.0,1,1
LJ500_R064_C077,64,77,699750,9533250,0,1500,2021,1,2021-01,25,0.3887,0,0.3116,0.0,0.2997,0,0,0,0,1.0,0.635,0.0816,0.2861,-0.5657,100.0,1,0
LJ500_R064_C078,64,78,700250,9533250,500,1500,2021,1,2021-01,25,0.5382,0,0.082,0.0,0.3799,0,0,0,0,1.0,0.6412,0.0973,0.3365,-0.5768,88.64,1,0
LJ500_R064_C079,64,79,700750,9533250,1000,1500,2021,1,2021-01,25,0.4384,0,0.1474,0.0,0.4142,0,0,0,0,1.0,0.5408,-0.0258,0.2036,-0.5338,43.68,1,0
LJ500_R064_C080,64,80,701250,9533250,1500,1500,2021,1,2021-01,25,0.5951,0,0.4049,0.0,0.0,0,0,0,0,1.0,0.6331,0.1733,0.4081,-0.5606,8.16,1,0
LJ500_R064_C081,64,81,701750,9533250,2000,1500,2021,1,2021-01,25,0.5997,0,0.181,0.0,0.2193,0,0,0,0,1.0,0.7033,0.1941,0.4555,-0.6234,93.76,1,0
LJ500_R064_C082,64,82,702250,9533250,2500,1500,2021,1,2021-01,25,0.7276,0,0.2724,0.0,0.0,0,0,0,0,1.0,0.7115,0.1756,0.4574,-0.6294,94.72,1,0
LJ500_R064_C083,64,83,702750,9533250,3000,1500,2021,1,2021-01,25,0.566,0,0.203,0.0,0.231,0,0,0,0,1.0,0.7565,0.2081,0.5085,-0.6703,100.0,1,0
LJ500_R064_C084,64,84,703250,9533250,3500,1500,2021,1,2021-01,25,0.235,0,0.7298,0.0,0.0352,0,0,0,0,1.0,0.776,0.2613,0.5557,-0.6745,100.0,1,0
LJ500_R064_C085,64,85,703750,9533250,4000,1500,2021,1,2021-01,25,0.5109,0,0.4891,0.0,0.0,0,0,0,0,1.0,0.7886,0.325,0.6178,-0.6745,55.68,1,0
LJ500_R064_C086,64,86,704250,9533250,4500,1500,2021,1,2021-01,25,0.748,0,0.252,0.0,0.0,0,0,0,0,1.0,,,,,0.0,1,1
LJ500_R065_C077,65,77,699750,9533750,0,2000,2021,1,2021-01,25,0.312,0,0.4033,0.0,0.2847,0,0,0,0,1.0,0.7187,0.1642,0.4385,-0.6276,100.0,1,0
LJ500_R065_C078,65,78,700250,9533750,500,2000,2021,1,2021-01,25,0.5913,0,0.4071,0.0,0.0016,0,0,0,0,1.0,0.7328,0.193,0.4701,-0.6449,53.28,1,0
LJ500_R065_C079,65,79,700750,9533750,1000,2000,2021,1,2021-01,25,0.3219,0,0.6781,0.0,0.0,0,0,0,0,1.0,0.6228,0.0972,0.3342,-0.5797,48.96,1,0
LJ500_R065_C080,65,80,701250,9533750,1500,2000,2021,1,2021-01,25,0.8266,0,0.1734,0.0,0.0,0,0,0,0,1.0,0.6892,0.1505,0.3914,-0.6204,48.96,1,0
LJ500_R065_C081,65,81,701750,9533750,2000,2000,2021,1,2021-01,25,0.9017,0,0.0983,0.0,0.0,0,0,0,0,1.0,0.7212,0.2159,0.4778,-0.6328,39.36,1,0
LJ500_R065_C082,65,82,702250,9533750,2500,2000,2021,1,2021-01,25,0.7327,0,0.2673,0.0,0.0,0,0,0,0,1.0,0.7652,0.2241,0.5191,-0.6838,100.0,1,0
LJ500_R065_C083,65,83,702750,9533750,3000,2000,2021,1,2021-01,25,0.7802,0,0.1368,0.0,0.083,0,0,0,0,1.0,0.7934,0.2593,0.5563,-0.6866,100.0,1,0
LJ500_R065_C084,65,84,703250,9533750,3500,2000,2021,1,2021-01,25,0.3229,0,0.6771,0.0,0.0,0,0,0,0,1.0,0.7529,0.2284,0.5212,-0.6564,100.0,1,0
LJ500_R065_C085,65,85,703750,9533750,4000,2000,2021,1,2021-01,25,0.0167,0,0.9833,0.0,0.0,0,0,0,0,1.0,0.7117,0.2147,0.5028,-0.6288,74.4,1,0
LJ500_R065_C086,65,86,704250,9533750,4500,2000,2021,1,2021-01,25,0.7821,0,0.2179,0.0,0.0,0,0,0,0,1.0,,,,,0.0,1,1
LJ500_R066_C077,66,77,699750,9534250,0,2500,2021,1,2021-01,25,0.5018,0,0.3517,0.0,0.1465,0,0,0,0,1.0,0.7116,0.1844,0.4585,-0.6266,100.0,1,0
LJ500_R066_C078,66,78,700250,9534250,500,2500,2021,1,2021-01,25,0.1232,0,0.8768,0.0,0.0,0,0,0,0,1.0,0.6413,0.1449,0.3897,-0.5744,43.04,1,0
LJ500_R066_C079,66,79,700750,9534250,1000,2500,2021,1,2021-01,25,0.3332,0,0.6668,0.0,0.0,0,0,0,0,1.0,0.5045,0.0752,0.2679,-0.4797,19.68,1,0
LJ500_R066_C080,66,80,701250,9534250,1500,2500,2021,1,2021-01,25,0.9149,0,0.0851,0.0,0.0,0,0,0,0,1.0,0.772,0.2346,0.5176,-0.6889,13.12,1,0
LJ500_R066_C081,66,81,701750,9534250,2000,2500,2021,1,2021-01,25,0.7037,0,0.2963,0.0,0.0,0,0,0,0,1.0,0.675,0.2181,0.4731,-0.6093,47.84,1,0
LJ500_R066_C082,66,82,702250,9534250,2500,2500,2021,1,2021-01,25,0.6772,0,0.3228,0.0,0.0,0,0,0,0,1.0,0.7303,0.2379,0.5103,-0.6427,87.04,1,0
LJ500_R066_C083,66,83,702750,9534250,3000,2500,2021,1,2021-01,25,0.6289,0,0.3711,0.0,0.0,0,0,0,0,1.0,0.7568,0.2206,0.5107,-0.6619,100.0,1,0
LJ500_R066_C084,66,84,703250,9534250,3500,2500,2021,1,2021-01,25,0.7305,0,0.2695,0.0,0.0,0,0,0,0,1.0,0.6984,0.1798,0.4638,-0.6183,100.0,1,0
LJ500_R066_C085,66,85,703750,9534250,4000,2500,2021,1,2021-01,25,0.7865,0,0.2135,0.0,0.0,0,0,0,0,1.0,0.7267,0.2626,0.5468,-0.6403,86.08,1,0
LJ500_R066_C086,66,86,704250,9534250,4500,2500,2021,1,2021-01,25,1.0,0,0.0,0.0,0.0,0,0,0,0,1.0,0.7488,0.3671,0.6017,-0.6296,0.16,1,0
LJ500_R067_C077,67,77,699750,9534750,0,3000,2021,1,2021-01,25,0.7165,0,0.2835,0.0,0.0,0,0,0,0,1.0,0.6695,0.1504,0.4151,-0.5965,56.32,1,0
LJ500_R067_C078,67,78,700250,9534750,500,3000,2021,1,2021-01,25,0.8229,0,0.1771,0.0,0.0,0,0,0,0,1.0,0.5618,0.1149,0.351,-0.5027,3.36,1,0
LJ500_R067_C079,67,79,700750,9534750,1000,3000,2021,1,2021-01,25,0.9659,0,0.0341,0.0,0.0,0,0,0,0,1.0,0.5569,0.1299,0.3538,-0.493,10.24,1,0
LJ500_R067_C080,67,80,701250,9534750,1500,3000,2021,1,2021-01,25,0.8944,0,0.1056,0.0,0.0,0,0,0,0,1.0,0.5593,0.135,0.3728,-0.5207,2.08,1,0
LJ500_R067_C081,67,81,701750,9534750,2000,3000,2021,1,2021-01,25,0.7989,0,0.1897,0.0,0.0114,0,0,0,0,1.0,0.6149,0.1994,0.4376,-0.5638,22.24,1,0
LJ500_R067_C082,67,82,702250,9534750,2500,3000,2021,1,2021-01,25,1.0,0,0.0,0.0,0.0,0,0,0,0,1.0,0.7444,0.2519,0.5296,-0.6564,16.8,1,0
LJ500_R067_C083,67,83,702750,9534750,3000,3000,2021,1,2021-01,25,1.0,0,0.0,0.0,0.0,0,0,0,0,1.0,0.7479,0.2793,0.551,-0.6673,69.12,1,0
LJ500_R067_C084,67,84,703250,9534750,3500,3000,2021,1,2021-01,25,1.0,0,0.0,0.0,0.0,0,0,0,0,1.0,0.725,0.2671,0.5415,-0.6497,96.32,1,0
LJ500_R067_C085,67,85,703750,9534750,4000,3000,2021,1,2021-01,25,1.0,0,0.0,0.0,0.0,0,0,0,0,1.0,0.735,0.3079,0.5791,-0.6468,44.32,1,0
LJ500_R067_C086,67,86,704250,9534750,4500,3000,2021,1,2021-01,25,1.0,0,0.0,0.0,0.0,0,0,0,0,1.0,,,,,0.0,1,1
LJ500_R068_C077,68,77,699750,9535250,0,3500,2021,1,2021-01,25,0.065,0,0.935,0.0,0.0,0,0,0,0,1.0,0.6013,0.1004,0.3516,-0.5153,8.48,1,0
LJ500_R068_C078,68,78,700250,9535250,500,3500,2021,1,2021-01,25,0.7525,0,0.2475,0.0,0.0,0,0,0,0,1.0,,,,,0.0,1,1
LJ500_R068_C079,68,79,700750,9535250,1000,3500,2021,1,2021-01,25,1.0,0,0.0,0.0,0.0,0,0,0,0,1.0,,,,,0.0,1,1
LJ500_R068_C080,68,80,701250,9535250,1500,3500,2021,1,2021-01,25,0.8923,0,0.1077,0.0,0.0,0,0,0,0,1.0,,,,,0.0,1,1
LJ500_R068_C081,68,81,701750,9535250,2000,3500,2021,1,2021-01,25,0.6646,0,0.0767,0.0,0.2586,0,0,0,0,1.0,0.507,0.2123,0.4218,-0.4396,1.28,1,0
LJ500_R068_C082,68,82,702250,9535250,2500,3500,2021,1,2021-01,25,0.9399,0,0.0601,0.0,0.0,0,0,0,0,1.0,,,,,0.0,1,1
LJ500_R068_C083,68,83,702750,9535250,3000,3500,2021,1,2021-01,25,1.0,0,0.0,0.0,0.0,0,0,0,0,1.0,0.7832,0.372,0.6293,-0.7055,77.6,1,0
LJ500_R068_C084,68,84,703250,9535250,3500,3500,2021,1,2021-01,25,1.0,0,0.0,0.0,0.0,0,0,0,0,1.0,0.7676,0.3504,0.6163,-0.6927,100.0,1,0
LJ500_R068_C085,68,85,703750,9535250,4000,3500,2021,1,2021-01,25,1.0,0,0.0,0.0,0.0,0,0,0,0,1.0,0.7844,0.3843,0.6485,-0.7052,66.72,1,0
LJ500_R068_C086,68,86,704250,9535250,4500,3500,2021,1,2021-01,25,1.0,0,0.0,0.0,0.0,0,0,0,0,1.0,,,,,0.0,1,1
LJ500_R069_C077,69,77,699750,9535750,0,4000,2021,1,2021-01,25,0.0,0,0.9574,0.0426,0.0,0,0,0,0,1.0,,,,,0.0,1,1
LJ500_R069_C078,69,78,700250,9535750,500,4000,2021,1,2021-01,25,0.4139,0,0.5115,0.0746,0.0,0,0,0,0,1.0,,,,,0.0,1,1
LJ500_R069_C079,69,79,700750,9535750,1000,4000,2021,1,2021-01,25,0.6432,0,0.3568,0.0,0.0,0,0,0,0,1.0,,,,,0.0,1,1
LJ500_R069_C080,69,80,701250,9535750,1500,4000,2021,1,2021-01,25,0.8514,0,0.1486,0.0,0.0,0,0,0,0,1.0,,,,,0.0,1,1
LJ500_R069_C081,69,81,701750,9535750,2000,4000,2021,1,2021-01,25,1.0,0,0.0,0.0,0.0,0,0,0,0,1.0,,,,,0.0,1,1
LJ500_R069_C082,69,82,702250,9535750,2500,4000,2021,1,2021-01,25,1.0,0,0.0,0.0,0.0,0,0,0,0,1.0,,,,,0.0,1,1
LJ500_R069_C083,69,83,702750,9535750,3000,4000,2021,1,2021-01,25,1.0,0,0.0,0.0,0.0,0,0,0,0,1.0,0.7513,0.3271,0.5906,-0.6728,79.68,1,0
LJ500_R069_C084,69,84,703250,9535750,3500,4000,2021,1,2021-01,25,1.0,0,0.0,0.0,0.0,0,0,0,0,1.0,0.7625,0.3469,0.6157,-0.6855,100.0,1,0
LJ500_R069_C085,69,85,703750,9535750,4000,4000,2021,1,2021-01,25,1.0,0,0.0,0.0,0.0,0,0,0,0,1.0,0.7523,0.3362,0.6076,-0.6763,86.88,1,0
LJ500_R069_C086,69,86,704250,9535750,4500,4000,2021,1,2021-01,25,1.0,0,0.0,0.0,0.0,0,0,0,0,1.0,0.6367,0.2961,0.5061,-0.5667,28.32,1,0
LJ500_R070_C077,70,77,699750,9536250,0,4500,2021,1,2021-01,25,0.0,0,0.3423,0.4553,0.2024,0,0,0,0,1.0,,,,,0.0,1,1
LJ500_R070_C078,70,78,700250,9536250,500,4500,2021,1,2021-01,25,0.0,0,0.3908,0.6092,0.0,0,0,0,0,1.0,,,,,0.0,1,1
LJ500_R070_C079,70,79,700750,9536250,1000,4500,2021,1,2021-01,25,0.2082,0,0.7834,0.0084,0.0,0,0,0,0,1.0,,,,,0.0,1,1
LJ500_R070_C080,70,80,701250,9536250,1500,4500,2021,1,2021-01,25,0.2813,0,0.7187,0.0,0.0,0,0,0,0,1.0,,,,,0.0,1,1
LJ500_R070_C081,70,81,701750,9536250,2000,4500,2021,1,2021-01,25,0.9197,0,0.0803,0.0,0.0,0,0,0,0,1.0,,,,,0.0,1,1
LJ500_R070_C082,70,82,702250,9536250,2500,4500,2021,1,2021-01,25,1.0,0,0.0,0.0,0.0,0,0,0,0,1.0,0.7909,0.2754,0.5529,-0.6942,8.48,1,0
LJ500_R070_C083,70,83,702750,9536250,3000,4500,2021,1,2021-01,25,1.0,0,0.0,0.0,0.0,0,0,0,0,1.0,0.7715,0.2764,0.553,-0.6859,86.08,1,0
LJ500_R070_C084,70,84,703250,9536250,3500,4500,2021,1,2021-01,25,0.9943,0,0.0057,0.0,0.0,0,0,0,0,1.0,0.7544,0.2733,0.5512,-0.6791,100.0,1,0
LJ500_R070_C085,70,85,703750,9536250,4000,4500,2021,1,2021-01,25,1.0,0,0.0,0.0,0.0,0,0,0,0,1.0,0.7276,0.3298,0.5872,-0.6602,99.84,1,0
LJ500_R070_C086,70,86,704250,9536250,4500,4500,2021,1,2021-01,25,1.0,0,0.0,0.0,0.0,0,0,0,0,1.0,0.5463,0.2451,0.4257,-0.4861,27.36,1,0
LJ500_R061_C077,61,77,699750,9531750,0,0,2021,2,2021-02,26,0.0,0,1.0,0.0,0.0,0,0,0,0,1.0,0.753,0.2915,0.5523,-0.6481,100.0,1,0
LJ500_R061_C078,61,78,700250,9531750,500,0,2021,2,2021-02,26,0.0,0,0.9516,0.0,0.0484,0,0,0,0,1.0,0.7162,0.2646,0.5169,-0.6151,100.0,1,0
LJ500_R061_C079,61,79,700750,9531750,1000,0,2021,2,2021-02,26,0.0,0,0.906,0.0,0.094,0,0,0,0,1.0,0.7625,0.2916,0.5578,-0.6561,100.0,1,0
LJ500_R061_C080,61,80,701250,9531750,1500,0,2021,2,2021-02,26,0.1714,0,0.8229,0.0,0.0057,0,0,0,0,1.0,0.7086,0.2374,0.5012,-0.6091,100.0,1,0
LJ500_R061_C081,61,81,701750,9531750,2000,0,2021,2,2021-02,26,0.0,0,1.0,0.0,0.0,0,0,0,0,1.0,0.7128,0.2274,0.5109,-0.6147,100.0,1,0
LJ500_R061_C082,61,82,702250,9531750,2500,0,2021,2,2021-02,26,0.0618,0,0.9382,0.0,0.0,0,0,0,0,1.0,0.7555,0.2261,0.5138,-0.6597,100.0,1,0
LJ500_R061_C083,61,83,702750,9531750,3000,0,2021,2,2021-02,26,0.5343,0,0.3633,0.1024,0.0,0,0,0,0,1.0,0.7875,0.2973,0.585,-0.6763,100.0,1,0
LJ500_R061_C084,61,84,703250,9531750,3500,0,2021,2,2021-02,26,0.7729,0,0.0,0.2271,0.0,0,0,0,0,1.0,0.7441,0.2359,0.5265,-0.6666,99.68,1,0
LJ500_R061_C085,61,85,703750,9531750,4000,0,2021,2,2021-02,26,0.709,0,0.291,0.0,0.0,0,0,0,0,1.0,0.7949,0.3107,0.6057,-0.699,86.88,1,0
LJ500_R061_C086,61,86,704250,9531750,4500,0,2021,2,2021-02,26,1.0,0,0.0,0.0,0.0,0,0,0,0,1.0,0.7355,0.27,0.5556,-0.6421,57.76,1,0
LJ500_R062_C077,62,77,699750,9532250,0,500,2021,2,2021-02,26,0.0,0,0.7197,0.0,0.2803,0,0,0,0,1.0,0.6531,0.211,0.4511,-0.5561,100.0,1,0
LJ500_R062_C078,62,78,700250,9532250,500,500,2021,2,2021-02,26,0.0,0,0.5947,0.0,0.4053,0,0,0,0,1.0,0.7424,0.2442,0.5167,-0.6376,100.0,1,0
LJ500_R062_C079,62,79,700750,9532250,1000,500,2021,2,2021-02,26,0.0,0,0.771,0.0,0.229,0,0,0,0,1.0,0.7315,0.2039,0.4782,-0.6314,100.0,1,0
LJ500_R062_C080,62,80,701250,9532250,1500,500,2021,2,2021-02,26,0.235,0,0.6379,0.0,0.1271,0,0,0,0,1.0,0.6833,0.1214,0.3568,-0.6095,100.0,1,0
LJ500_R062_C081,62,81,701750,9532250,2000,500,2021,2,2021-02,26,0.0684,0,0.7378,0.0,0.1938,0,0,0,0,1.0,0.7572,0.2178,0.4962,-0.6693,100.0,1,0
LJ500_R062_C082,62,82,702250,9532250,2500,500,2021,2,2021-02,26,0.0973,0,0.9027,0.0,0.0,0,0,0,0,1.0,0.7628,0.2572,0.5449,-0.6597,100.0,1,0
LJ500_R062_C083,62,83,702750,9532250,3000,500,2021,2,2021-02,26,0.0473,0,0.9507,0.0019,0.0,0,0,0,0,1.0,0.7393,0.2571,0.5395,-0.6298,100.0,1,0
LJ500_R062_C084,62,84,703250,9532250,3500,500,2021,2,2021-02,26,0.2757,0,0.7209,0.0034,0.0,0,0,0,0,1.0,0.7654,0.285,0.5727,-0.6563,100.0,1,0
LJ500_R062_C085,62,85,703750,9532250,4000,500,2021,2,2021-02,26,0.0588,0,0.9412,0.0,0.0,0,0,0,0,1.0,0.7586,0.2707,0.5609,-0.6543,100.0,1,0
LJ500_R062_C086,62,86,704250,9532250,4500,500,2021,2,2021-02,26,0.7611,0,0.2389,0.0,0.0,0,0,0,0,1.0,0.7471,0.26,0.5518,-0.654,98.08,1,0
LJ500_R063_C077,63,77,699750,9532750,0,1000,2021,2,2021-02,26,0.0,0,0.1158,0.0,0.8842,0,0,0,0,1.0,0.5013,-0.044,0.0875,-0.4466,100.0,1,0
LJ500_R063_C078,63,78,700250,9532750,500,1000,2021,2,2021-02,26,0.0328,0,0.3431,0.0,0.624,0,0,0,0,1.0,0.6785,0.1159,0.3431,-0.5972,98.4,1,0
LJ500_R063_C079,63,79,700750,9532750,1000,1000,2021,2,2021-02,26,0.2883,0,0.3768,0.0,0.3349,0,0,0,0,1.0,0.6038,0.0162,0.1898,-0.5619,100.0,1,0
LJ500_R063_C080,63,80,701250,9532750,1500,1000,2021,2,2021-02,26,0.1673,0,0.4746,0.0,0.358,0,0,0,0,1.0,0.6271,0.0049,0.2037,-0.5958,100.0,1,0
LJ500_R063_C081,63,81,701750,9532750,2000,1000,2021,2,2021-02,26,0.0165,0,0.5433,0.0,0.4402,0,0,0,0,1.0,0.7216,0.1692,0.4552,-0.6499,100.0,1,0
LJ500_R063_C082,63,82,702250,9532750,2500,1000,2021,2,2021-02,26,0.6742,0,0.2142,0.0,0.1117,0,0,0,0,1.0,0.7647,0.25,0.5334,-0.6592,100.0,1,0
LJ500_R063_C083,63,83,702750,9532750,3000,1000,2021,2,2021-02,26,0.2059,0,0.7941,0.0,0.0,0,0,0,0,1.0,0.7485,0.2372,0.5203,-0.651,96.16,1,0
LJ500_R063_C084,63,84,703250,9532750,3500,1000,2021,2,2021-02,26,0.2973,0,0.7027,0.0,0.0,0,0,0,0,1.0,0.7697,0.2596,0.5525,-0.6676,97.12,1,0
LJ500_R063_C085,63,85,703750,9532750,4000,1000,2021,2,2021-02,26,0.1462,0,0.8538,0.0,0.0,0,0,0,0,1.0,0.7824,0.2903,0.5842,-0.6762,100.0,1,0
LJ500_R063_C086,63,86,704250,9532750,4500,1000,2021,2,2021-02,26,0.3435,0,0.6565,0.0,0.0,0,0,0,0,1.0,0.7818,0.3047,0.5976,-0.6751,100.0,1,0
LJ500_R064_C077,64,77,699750,9533250,0,1500,2021,2,2021-02,26,0.3887,0,0.3116,0.0,0.2997,0,0,0,0,1.0,0.7155,0.1896,0.4351,-0.6092,98.24,1,0
LJ500_R064_C078,64,78,700250,9533250,500,1500,2021,2,2021-02,26,0.5382,0,0.082,0.0,0.3799,0,0,0,0,1.0,0.729,0.191,0.4559,-0.6294,98.08,1,0
LJ500_R064_C079,64,79,700750,9533250,1000,1500,2021,2,2021-02,26,0.4384,0,0.1474,0.0,0.4142,0,0,0,0,1.0,0.6466,0.0236,0.2641,-0.6165,100.0,1,0
LJ500_R064_C080,64,80,701250,9533250,1500,1500,2021,2,2021-02,26,0.5951,0,0.4049,0.0,0.0,0,0,0,0,1.0,0.7448,0.1884,0.4748,-0.6766,100.0,1,0
LJ500_R064_C081,64,81,701750,9533250,2000,1500,2021,2,2021-02,26,0.5997,0,0.181,0.0,0.2193,0,0,0,0,1.0,0.7918,0.2695,0.559,-0.6942,100.0,1,0
LJ500_R064_C082,64,82,702250,9533250,2500,1500,2021,2,2021-02,26,0.7276,0,0.2724,0.0,0.0,0,0,0,0,1.0,0.7006,0.2045,0.4859,-0.6157,92.96,1,0
LJ500_R064_C083,64,83,702750,9533250,3000,1500,2021,2,2021-02,26,0.566,0,0.203,0.0,0.231,0,0,0,0,1.0,0.7477,0.2124,0.5146,-0.662,22.72,1,0
LJ500_R064_C084,64,84,703250,9533250,3500,1500,2021,2,2021-02,26,0.235,0,0.7298,0.0,0.0352,0,0,0,0,1.0,0.7858,0.3058,0.599,-0.6773,45.44,1,0
LJ500_R064_C085,64,85,703750,9533250,4000,1500,2021,2,2021-02,26,0.5109,0,0.4891,0.0,0.0,0,0,0,0,1.0,0.7976,0.2874,0.5877,-0.694,100.0,1,0
LJ500_R064_C086,64,86,704250,9533250,4500,1500,2021,2,2021-02,26,0.748,0,0.252,0.0,0.0,0,0,0,0,1.0,0.7383,0.238,0.5298,-0.6548,86.56,1,0
LJ500_R065_C077,65,77,699750,9533750,0,2000,2021,2,2021-02,26,0.312,0,0.4033,0.0,0.2847,0,0,0,0,1.0,0.7538,0.1694,0.4293,-0.6725,100.0,1,0
LJ500_R065_C078,65,78,700250,9533750,500,2000,2021,2,2021-02,26,0.5913,0,0.4071,0.0,0.0016,0,0,0,0,1.0,0.6966,0.1879,0.4632,-0.6244,100.0,1,0
LJ500_R065_C079,65,79,700750,9533750,1000,2000,2021,2,2021-02,26,0.3219,0,0.6781,0.0,0.0,0,0,0,0,1.0,0.6551,0.0992,0.3604,-0.6155,100.0,1,0
LJ500_R065_C080,65,80,701250,9533750,1500,2000,2021,2,2021-02,26,0.8266,0,0.1734,0.0,0.0,0,0,0,0,1.0,0.8245,0.2836,0.5764,-0.7269,100.0,1,0
LJ500_R065_C081,65,81,701750,9533750,2000,2000,2021,2,2021-02,26,0.9017,0,0.0983,0.0,0.0,0,0,0,0,1.0,0.815,0.2773,0.5743,-0.7178,87.84,1,0
LJ500_R065_C082,65,82,702250,9533750,2500,2000,2021,2,2021-02,26,0.7327,0,0.2673,0.0,0.0,0,0,0,0,1.0,0.7677,0.2868,0.5841,-0.6706,28.96,1,0
LJ500_R065_C083,65,83,702750,9533750,3000,2000,2021,2,2021-02,26,0.7802,0,0.1368,0.0,0.083,0,0,0,0,1.0,0.8432,0.3199,0.6176,-0.7367,26.4,1,0
LJ500_R065_C084,65,84,703250,9533750,3500,2000,2021,2,2021-02,26,0.3229,0,0.6771,0.0,0.0,0,0,0,0,1.0,0.7499,0.261,0.5505,-0.6594,27.52,1,0
LJ500_R065_C085,65,85,703750,9533750,4000,2000,2021,2,2021-02,26,0.0167,0,0.9833,0.0,0.0,0,0,0,0,1.0,0.7264,0.2446,0.5353,-0.6393,56.96,1,0
LJ500_R065_C086,65,86,704250,9533750,4500,2000,2021,2,2021-02,26,0.7821,0,0.2179,0.0,0.0,0,0,0,0,1.0,0.72,0.2616,0.5432,-0.6422,12.64,1,0
LJ500_R066_C077,66,77,699750,9534250,0,2500,2021,2,2021-02,26,0.5018,0,0.3517,0.0,0.1465,0,0,0,0,1.0,0.7669,0.2406,0.522,-0.664,100.0,1,0
LJ500_R066_C078,66,78,700250,9534250,500,2500,2021,2,2021-02,26,0.1232,0,0.8768,0.0,0.0,0,0,0,0,1.0,0.6407,0.1453,0.4122,-0.5819,100.0,1,0
LJ500_R066_C079,66,79,700750,9534250,1000,2500,2021,2,2021-02,26,0.3332,0,0.6668,0.0,0.0,0,0,0,0,1.0,0.6301,0.0702,0.295,-0.6005,100.0,1,0
LJ500_R066_C080,66,80,701250,9534250,1500,2500,2021,2,2021-02,26,0.9149,0,0.0851,0.0,0.0,0,0,0,0,1.0,0.7861,0.254,0.5476,-0.7109,100.0,1,0
LJ500_R066_C081,66,81,701750,9534250,2000,2500,2021,2,2021-02,26,0.7037,0,0.2963,0.0,0.0,0,0,0,0,1.0,0.7597,0.2233,0.5143,-0.6909,97.12,1,0
LJ500_R066_C082,66,82,702250,9534250,2500,2500,2021,2,2021-02,26,0.6772,0,0.3228,0.0,0.0,0,0,0,0,1.0,0.8277,0.3154,0.6118,-0.727,36.0,1,0
LJ500_R066_C083,66,83,702750,9534250,3000,2500,2021,2,2021-02,26,0.6289,0,0.3711,0.0,0.0,0,0,0,0,1.0,0.7276,0.2654,0.5491,-0.63,60.64,1,0
LJ500_R066_C084,66,84,703250,9534250,3500,2500,2021,2,2021-02,26,0.7305,0,0.2695,0.0,0.0,0,0,0,0,1.0,0.6785,0.2012,0.4844,-0.5978,62.88,1,0
LJ500_R066_C085,66,85,703750,9534250,4000,2500,2021,2,2021-02,26,0.7865,0,0.2135,0.0,0.0,0,0,0,0,1.0,0.6564,0.2021,0.479,-0.5909,13.6,1,0
LJ500_R066_C086,66,86,704250,9534250,4500,2500,2021,2,2021-02,26,1.0,0,0.0,0.0,0.0,0,0,0,0,1.0,,,,,0.0,1,1
LJ500_R067_C077,67,77,699750,9534750,0,3000,2021,2,2021-02,26,0.7165,0,0.2835,0.0,0.0,0,0,0,0,1.0,0.6866,0.1539,0.4171,-0.6117,100.0,1,0
LJ500_R067_C078,67,78,700250,9534750,500,3000,2021,2,2021-02,26,0.8229,0,0.1771,0.0,0.0,0,0,0,0,1.0,0.59,0.1352,0.4073,-0.5426,99.2,1,0
LJ500_R067_C079,67,79,700750,9534750,1000,3000,2021,2,2021-02,26,0.9659,0,0.0341,0.0,0.0,0,0,0,0,1.0,0.6625,0.1485,0.3944,-0.6018,80.16,1,0
LJ500_R067_C080,67,80,701250,9534750,1500,3000,2021,2,2021-02,26,0.8944,0,0.1056,0.0,0.0,0,0,0,0,1.0,0.7009,0.2193,0.4871,-0.6347,91.68,1,0
LJ500_R067_C081,67,81,701750,9534750,2000,3000,2021,2,2021-02,26,0.7989,0,0.1897,0.0,0.0114,0,0,0,0,1.0,0.7506,0.2521,0.5291,-0.6892,100.0,1,0
LJ500_R067_C082,67,82,702250,9534750,2500,3000,2021,2,2021-02,26,1.0,0,0.0,0.0,0.0,0,0,0,0,1.0,0.7981,0.2942,0.5839,-0.7163,98.72,1,0
LJ500_R067_C083,67,83,702750,9534750,3000,3000,2021,2,2021-02,26,1.0,0,0.0,0.0,0.0,0,0,0,0,1.0,0.7625,0.2982,0.5779,-0.6787,62.24,1,0
LJ500_R067_C084,67,84,703250,9534750,3500,3000,2021,2,2021-02,26,1.0,0,0.0,0.0,0.0,0,0,0,0,1.0,0.6961,0.2741,0.5497,-0.5987,0.48,1,0
LJ500_R067_C085,67,85,703750,9534750,4000,3000,2021,2,2021-02,26,1.0,0,0.0,0.0,0.0,0,0,0,0,1.0,,,,,0.0,1,1
LJ500_R067_C086,67,86,704250,9534750,4500,3000,2021,2,2021-02,26,1.0,0,0.0,0.0,0.0,0,0,0,0,1.0,,,,,0.0,1,1
LJ500_R068_C077,68,77,699750,9535250,0,3500,2021,2,2021-02,26,0.065,0,0.935,0.0,0.0,0,0,0,0,1.0,0.6504,0.2331,0.5152,-0.5535,100.0,1,0
LJ500_R068_C078,68,78,700250,9535250,500,3500,2021,2,2021-02,26,0.7525,0,0.2475,0.0,0.0,0,0,0,0,1.0,0.6478,0.2304,0.5075,-0.5626,94.56,1,0
LJ500_R068_C079,68,79,700750,9535250,1000,3500,2021,2,2021-02,26,1.0,0,0.0,0.0,0.0,0,0,0,0,1.0,0.687,0.1852,0.4522,-0.6209,97.76,1,0
LJ500_R068_C080,68,80,701250,9535250,1500,3500,2021,2,2021-02,26,0.8923,0,0.1077,0.0,0.0,0,0,0,0,1.0,0.6938,0.2145,0.4751,-0.6377,92.96,1,0
LJ500_R068_C081,68,81,701750,9535250,2000,3500,2021,2,2021-02,26,0.6646,0,0.0767,0.0,0.2586,0,0,0,0,1.0,0.6915,0.1817,0.4457,-0.6494,100.0,1,0
LJ500_R068_C082,68,82,702250,9535250,2500,3500,2021,2,2021-02,26,0.9399,0,0.0601,0.0,0.0,0,0,0,0,1.0,0.7875,0.3239,0.6013,-0.7125,100.0,1,0
LJ500_R068_C083,68,83,702750,9535250,3000,3500,2021,2,2021-02,26,1.0,0,0.0,0.0,0.0,0,0,0,0,1.0,0.8002,0.3745,0.6419,-0.7212,97.28,1,0
LJ500_R068_C084,68,84,703250,9535250,3500,3500,2021,2,2021-02,26,1.0,0,0.0,0.0,0.0,0,0,0,0,1.0,0.8129,0.3959,0.6649,-0.7306,11.2,1,0
LJ500_R068_C085,68,85,703750,9535250,4000,3500,2021,2,2021-02,26,1.0,0,0.0,0.0,0.0,0,0,0,0,1.0,0.318,0.1062,0.2484,-0.2808,3.52,1,0
LJ500_R068_C086,68,86,704250,9535250,4500,3500,2021,2,2021-02,26,1.0,0,0.0,0.0,0.0,0,0,0,0,1.0,0.5729,0.2828,0.5275,-0.5054,2.72,1,0
LJ500_R069_C077,69,77,699750,9535750,0,4000,2021,2,2021-02,26,0.0,0,0.9574,0.0426,0.0,0,0,0,0,1.0,0.6879,0.1852,0.4726,-0.5881,100.0,1,0
LJ500_R069_C078,69,78,700250,9535750,500,4000,2021,2,2021-02,26,0.4139,0,0.5115,0.0746,0.0,0,0,0,0,1.0,0.7326,0.2276,0.52,-0.6366,100.0,1,0
LJ500_R069_C079,69,79,700750,9535750,1000,4000,2021,2,2021-02,26,0.6432,0,0.3568,0.0,0.0,0,0,0,0,1.0,0.6139,0.0927,0.3539,-0.5768,100.0,1,0
LJ500_R069_C080,69,80,701250,9535750,1500,4000,2021,2,2021-02,26,0.8514,0,0.1486,0.0,0.0,0,0,0,0,1.0,0.7167,0.1727,0.4366,-0.6544,100.0,1,0
LJ500_R069_C081,69,81,701750,9535750,2000,4000,2021,2,2021-02,26,1.0,0,0.0,0.0,0.0,0,0,0,0,1.0,0.7601,0.2949,0.5758,-0.6738,100.0,1,0
LJ500_R069_C082,69,82,702250,9535750,2500,4000,2021,2,2021-02,26,1.0,0,0.0,0.0,0.0,0,0,0,0,1.0,0.7984,0.2945,0.578,-0.7087,100.0,1,0
LJ500_R069_C083,69,83,702750,9535750,3000,4000,2021,2,2021-02,26,1.0,0,0.0,0.0,0.0,0,0,0,0,1.0,0.7869,0.3189,0.5976,-0.7049,100.0,1,0
LJ500_R069_C084,69,84,703250,9535750,3500,4000,2021,2,2021-02,26,1.0,0,0.0,0.0,0.0,0,0,0,0,1.0,0.7846,0.3392,0.6114,-0.704,49.12,1,0
LJ500_R069_C085,69,85,703750,9535750,4000,4000,2021,2,2021-02,26,1.0,0,0.0,0.0,0.0,0,0,0,0,1.0,,,,,0.0,1,1
LJ500_R069_C086,69,86,704250,9535750,4500,4000,2021,2,2021-02,26,1.0,0,0.0,0.0,0.0,0,0,0,0,1.0,,,,,0.0,1,1
LJ500_R070_C077,70,77,699750,9536250,0,4500,2021,2,2021-02,26,0.0,0,0.3423,0.4553,0.2024,0,0,0,0,1.0,0.7142,0.218,0.5013,-0.6241,100.0,1,0
LJ500_R070_C078,70,78,700250,9536250,500,4500,2021,2,2021-02,26,0.0,0,0.3908,0.6092,0.0,0,0,0,0,1.0,0.701,0.2114,0.4863,-0.6189,100.0,1,0
LJ500_R070_C079,70,79,700750,9536250,1000,4500,2021,2,2021-02,26,0.2082,0,0.7834,0.0084,0.0,0,0,0,0,1.0,0.6804,0.2124,0.4788,-0.5903,100.0,1,0
LJ500_R070_C080,70,80,701250,9536250,1500,4500,2021,2,2021-02,26,0.2813,0,0.7187,0.0,0.0,0,0,0,0,1.0,0.7547,0.2006,0.4786,-0.6602,100.0,1,0
LJ500_R070_C081,70,81,701750,9536250,2000,4500,2021,2,2021-02,26,0.9197,0,0.0803,0.0,0.0,0,0,0,0,1.0,0.7855,0.2557,0.5404,-0.6889,100.0,1,0
LJ500_R070_C082,70,82,702250,9536250,2500,4500,2021,2,2021-02,26,1.0,0,0.0,0.0,0.0,0,0,0,0,1.0,0.7205,0.2293,0.498,-0.6333,100.0,1,0
LJ500_R070_C083,70,83,702750,9536250,3000,4500,2021,2,2021-02,26,1.0,0,0.0,0.0,0.0,0,0,0,0,1.0,0.737,0.2664,0.5415,-0.6541,67.2,1,0
LJ500_R070_C084,70,84,703250,9536250,3500,4500,2021,2,2021-02,26,0.9943,0,0.0057,0.0,0.0,0,0,0,0,1.0,0.6116,0.1735,0.4332,-0.5791,7.84,1,0
LJ500_R070_C085,70,85,703750,9536250,4000,4500,2021,2,2021-02,26,1.0,0,0.0,0.0,0.0,0,0,0,0,1.0,0.6948,0.2992,0.5604,-0.6512,13.76,1,0
LJ500_R070_C086,70,86,704250,9536250,4500,4500,2021,2,2021-02,26,1.0,0,0.0,0.0,0.0,0,0,0,0,1.0,,,,,0.0,1,1
LJ500_R061_C077,61,77,699750,9531750,0,0,2021,3,2021-03,27,0.0,0,1.0,0.0,0.0,0,0,0,0,1.0,0.8145,0.2935,0.5763,-0.7216,100.0,1,0
LJ500_R061_C078,61,78,700250,9531750,500,0,2021,3,2021-03,27,0.0,0,0.9516,0.0,0.0484,0,0,0,0,1.0,0.8003,0.2917,0.5729,-0.6961,100.0,1,0
LJ500_R061_C079,61,79,700750,9531750,1000,0,2021,3,2021-03,27,0.0,0,0.906,0.0,0.094,0,0,0,0,1.0,0.8133,0.3192,0.6,-0.7065,100.0,1,0
LJ500_R061_C080,61,80,701250,9531750,1500,0,2021,3,2021-03,27,0.1714,0,0.8229,0.0,0.0057,0,0,0,0,1.0,0.7678,0.265,0.5407,-0.6667,100.0,1,0
LJ500_R061_C081,61,81,701750,9531750,2000,0,2021,3,2021-03,27,0.0,0,1.0,0.0,0.0,0,0,0,0,1.0,0.7288,0.2439,0.5177,-0.6378,100.0,1,0
LJ500_R061_C082,61,82,702250,9531750,2500,0,2021,3,2021-03,27,0.0618,0,0.9382,0.0,0.0,0,0,0,0,1.0,0.7076,0.2535,0.5195,-0.6293,100.0,1,0
LJ500_R061_C083,61,83,702750,9531750,3000,0,2021,3,2021-03,27,0.5343,0,0.3633,0.1024,0.0,0,0,0,0,1.0,0.7258,0.2941,0.5541,-0.6387,97.76,1,0
LJ500_R061_C084,61,84,703250,9531750,3500,0,2021,3,2021-03,27,0.7729,0,0.0,0.2271,0.0,0,0,0,0,1.0,0.6907,0.2467,0.5063,-0.623,32.0,1,0
LJ500_R061_C085,61,85,703750,9531750,4000,0,2021,3,2021-03,27,0.709,0,0.291,0.0,0.0,0,0,0,0,1.0,0.7186,0.2722,0.5423,-0.6522,89.76,1,0
LJ500_R061_C086,61,86,704250,9531750,4500,0,2021,3,2021-03,27,1.0,0,0.0,0.0,0.0,0,0,0,0,1.0,0.641,0.2147,0.4737,-0.5803,83.84,1,0
LJ500_R062_C077,62,77,699750,9532250,0,500,2021,3,2021-03,27,0.0,0,0.7197,0.0,0.2803,0,0,0,0,1.0,0.7829,0.2557,0.5276,-0.6762,100.0,1,0
LJ500_R062_C078,62,78,700250,9532250,500,500,2021,3,2021-03,27,0.0,0,0.5947,0.0,0.4053,0,0,0,0,1.0,0.7673,0.2582,0.541,-0.6597,100.0,1,0
LJ500_R062_C079,62,79,700750,9532250,1000,500,2021,3,2021-03,27,0.0,0,0.771,0.0,0.229,0,0,0,0,1.0,0.7534,0.2516,0.5293,-0.643,100.0,1,0
LJ500_R062_C080,62,80,701250,9532250,1500,500,2021,3,2021-03,27,0.235,0,0.6379,0.0,0.1271,0,0,0,0,1.0,0.7015,0.1965,0.4433,-0.6127,100.0,1,0
LJ500_R062_C081,62,81,701750,9532250,2000,500,2021,3,2021-03,27,0.0684,0,0.7378,0.0,0.1938,0,0,0,0,1.0,0.7484,0.2387,0.5163,-0.6609,100.0,1,0
LJ500_R062_C082,62,82,702250,9532250,2500,500,2021,3,2021-03,27,0.0973,0,0.9027,0.0,0.0,0,0,0,0,1.0,0.7413,0.2719,0.5436,-0.6559,100.0,1,0
LJ500_R062_C083,62,83,702750,9532250,3000,500,2021,3,2021-03,27,0.0473,0,0.9507,0.0019,0.0,0,0,0,0,1.0,0.7228,0.2551,0.5198,-0.6394,100.0,1,0
LJ500_R062_C084,62,84,703250,9532250,3500,500,2021,3,2021-03,27,0.2757,0,0.7209,0.0034,0.0,0,0,0,0,1.0,0.7659,0.2823,0.5597,-0.681,93.6,1,0
LJ500_R062_C085,62,85,703750,9532250,4000,500,2021,3,2021-03,27,0.0588,0,0.9412,0.0,0.0,0,0,0,0,1.0,0.6874,0.236,0.5033,-0.6161,94.4,1,0
LJ500_R062_C086,62,86,704250,9532250,4500,500,2021,3,2021-03,27,0.7611,0,0.2389,0.0,0.0,0,0,0,0,1.0,0.6387,0.2352,0.5001,-0.5736,33.92,1,0
LJ500_R063_C077,63,77,699750,9532750,0,1000,2021,3,2021-03,27,0.0,0,0.1158,0.0,0.8842,0,0,0,0,1.0,0.6521,0.098,0.2865,-0.5543,100.0,1,0
LJ500_R063_C078,63,78,700250,9532750,500,1000,2021,3,2021-03,27,0.0328,0,0.3431,0.0,0.624,0,0,0,0,1.0,0.7044,0.1842,0.433,-0.6053,100.0,1,0
LJ500_R063_C079,63,79,700750,9532750,1000,1000,2021,3,2021-03,27,0.2883,0,0.3768,0.0,0.3349,0,0,0,0,1.0,0.6438,0.0978,0.3071,-0.5767,100.0,1,0
LJ500_R063_C080,63,80,701250,9532750,1500,1000,2021,3,2021-03,27,0.1673,0,0.4746,0.0,0.358,0,0,0,0,1.0,0.6066,0.087,0.3035,-0.5583,100.0,1,0
LJ500_R063_C081,63,81,701750,9532750,2000,1000,2021,3,2021-03,27,0.0165,0,0.5433,0.0,0.4402,0,0,0,0,1.0,0.703,0.1922,0.4695,-0.6325,100.0,1,0
LJ500_R063_C082,63,82,702250,9532750,2500,1000,2021,3,2021-03,27,0.6742,0,0.2142,0.0,0.1117,0,0,0,0,1.0,0.7352,0.2837,0.5542,-0.6379,100.0,1,0
LJ500_R063_C083,63,83,702750,9532750,3000,1000,2021,3,2021-03,27,0.2059,0,0.7941,0.0,0.0,0,0,0,0,1.0,0.7442,0.2487,0.5198,-0.6564,100.0,1,0
LJ500_R063_C084,63,84,703250,9532750,3500,1000,2021,3,2021-03,27,0.2973,0,0.7027,0.0,0.0,0,0,0,0,1.0,0.7449,0.2588,0.5316,-0.6634,100.0,1,0
LJ500_R063_C085,63,85,703750,9532750,4000,1000,2021,3,2021-03,27,0.1462,0,0.8538,0.0,0.0,0,0,0,0,1.0,0.7046,0.2637,0.5339,-0.6258,49.12,1,0
LJ500_R063_C086,63,86,704250,9532750,4500,1000,2021,3,2021-03,27,0.3435,0,0.6565,0.0,0.0,0,0,0,0,1.0,,,,,0.0,1,1
LJ500_R064_C077,64,77,699750,9533250,0,1500,2021,3,2021-03,27,0.3887,0,0.3116,0.0,0.2997,0,0,0,0,1.0,0.7499,0.229,0.4857,-0.6435,100.0,1,0
LJ500_R064_C078,64,78,700250,9533250,500,1500,2021,3,2021-03,27,0.5382,0,0.082,0.0,0.3799,0,0,0,0,1.0,0.7054,0.2147,0.4746,-0.6125,100.0,1,0
LJ500_R064_C079,64,79,700750,9533250,1000,1500,2021,3,2021-03,27,0.4384,0,0.1474,0.0,0.4142,0,0,0,0,1.0,0.635,0.0658,0.3182,-0.595,100.0,1,0
LJ500_R064_C080,64,80,701250,9533250,1500,1500,2021,3,2021-03,27,0.5951,0,0.4049,0.0,0.0,0,0,0,0,1.0,0.687,0.1964,0.4694,-0.6201,100.0,1,0
LJ500_R064_C081,64,81,701750,9533250,2000,1500,2021,3,2021-03,27,0.5997,0,0.181,0.0,0.2193,0,0,0,0,1.0,0.7381,0.2727,0.5404,-0.6489,100.0,1,0
LJ500_R064_C082,64,82,702250,9533250,2500,1500,2021,3,2021-03,27,0.7276,0,0.2724,0.0,0.0,0,0,0,0,1.0,0.6899,0.2604,0.5329,-0.615,100.0,1,0
LJ500_R064_C083,64,83,702750,9533250,3000,1500,2021,3,2021-03,27,0.566,0,0.203,0.0,0.231,0,0,0,0,1.0,0.7817,0.265,0.5685,-0.6966,100.0,1,0
LJ500_R064_C084,64,84,703250,9533250,3500,1500,2021,3,2021-03,27,0.235,0,0.7298,0.0,0.0352,0,0,0,0,1.0,0.8046,0.3045,0.5962,-0.7089,100.0,1,0
LJ500_R064_C085,64,85,703750,9533250,4000,1500,2021,3,2021-03,27,0.5109,0,0.4891,0.0,0.0,0,0,0,0,1.0,0.7679,0.294,0.5739,-0.6895,25.12,1,0
LJ500_R064_C086,64,86,704250,9533250,4500,1500,2021,3,2021-03,27,0.748,0,0.252,0.0,0.0,0,0,0,0,1.0,0.6853,0.2654,0.5407,-0.6129,13.28,1,0
LJ500_R065_C077,65,77,699750,9533750,0,2000,2021,3,2021-03,27,0.312,0,0.4033,0.0,0.2847,0,0,0,0,1.0,0.7252,0.1819,0.4414,-0.6456,100.0,1,0
LJ500_R065_C078,65,78,700250,9533750,500,2000,2021,3,2021-03,27,0.5913,0,0.4071,0.0,0.0016,0,0,0,0,1.0,0.6698,0.1948,0.4641,-0.5975,100.0,1,0
LJ500_R065_C079,65,79,700750,9533750,1000,2000,2021,3,2021-03,27,0.3219,0,0.6781,0.0,0.0,0,0,0,0,1.0,0.6132,0.0964,0.3491,-0.5733,100.0,1,0
LJ500_R065_C080,65,80,701250,9533750,1500,2000,2021,3,2021-03,27,0.8266,0,0.1734,0.0,0.0,0,0,0,0,1.0,0.7743,0.2868,0.5591,-0.6826,99.84,1,0
LJ500_R065_C081,65,81,701750,9533750,2000,2000,2021,3,2021-03,27,0.9017,0,0.0983,0.0,0.0,0,0,0,0,1.0,0.7386,0.2809,0.5491,-0.652,90.08,1,0
LJ500_R065_C082,65,82,702250,9533750,2500,2000,2021,3,2021-03,27,0.7327,0,0.2673,0.0,0.0,0,0,0,0,1.0,0.7085,0.251,0.5355,-0.6392,98.88,1,0
LJ500_R065_C083,65,83,702750,9533750,3000,2000,2021,3,2021-03,27,0.7802,0,0.1368,0.0,0.083,0,0,0,0,1.0,0.8251,0.3037,0.6081,-0.7205,100.0,1,0
LJ500_R065_C084,65,84,703250,9533750,3500,2000,2021,3,2021-03,27,0.3229,0,0.6771,0.0,0.0,0,0,0,0,1.0,0.7828,0.2768,0.5719,-0.6903,100.0,1,0
LJ500_R065_C085,65,85,703750,9533750,4000,2000,2021,3,2021-03,27,0.0167,0,0.9833,0.0,0.0,0,0,0,0,1.0,0.6686,0.1802,0.454,-0.6147,98.72,1,0
LJ500_R065_C086,65,86,704250,9533750,4500,2000,2021,3,2021-03,27,0.7821,0,0.2179,0.0,0.0,0,0,0,0,1.0,0.6977,0.2588,0.5255,-0.6363,99.52,1,0
LJ500_R066_C077,66,77,699750,9534250,0,2500,2021,3,2021-03,27,0.5018,0,0.3517,0.0,0.1465,0,0,0,0,1.0,0.6762,0.2122,0.47,-0.592,95.2,1,0
LJ500_R066_C078,66,78,700250,9534250,500,2500,2021,3,2021-03,27,0.1232,0,0.8768,0.0,0.0,0,0,0,0,1.0,0.6787,0.1555,0.4373,-0.6028,64.32,1,0
LJ500_R066_C079,66,79,700750,9534250,1000,2500,2021,3,2021-03,27,0.3332,0,0.6668,0.0,0.0,0,0,0,0,1.0,0.5269,0.0913,0.3144,-0.4958,28.16,1,0
LJ500_R066_C080,66,80,701250,9534250,1500,2500,2021,3,2021-03,27,0.9149,0,0.0851,0.0,0.0,0,0,0,0,1.0,0.6361,0.2023,0.4459,-0.5741,55.36,1,0
LJ500_R066_C081,66,81,701750,9534250,2000,2500,2021,3,2021-03,27,0.7037,0,0.2963,0.0,0.0,0,0,0,0,1.0,0.6639,0.2091,0.4719,-0.5987,74.24,1,0
LJ500_R066_C082,66,82,702250,9534250,2500,2500,2021,3,2021-03,27,0.6772,0,0.3228,0.0,0.0,0,0,0,0,1.0,0.7934,0.2839,0.5758,-0.696,93.44,1,0
LJ500_R066_C083,66,83,702750,9534250,3000,2500,2021,3,2021-03,27,0.6289,0,0.3711,0.0,0.0,0,0,0,0,1.0,0.7784,0.2596,0.5513,-0.6815,100.0,1,0
LJ500_R066_C084,66,84,703250,9534250,3500,2500,2021,3,2021-03,27,0.7305,0,0.2695,0.0,0.0,0,0,0,0,1.0,0.7029,0.2079,0.4897,-0.6252,100.0,1,0
LJ500_R066_C085,66,85,703750,9534250,4000,2500,2021,3,2021-03,27,0.7865,0,0.2135,0.0,0.0,0,0,0,0,1.0,0.6737,0.2365,0.5049,-0.6113,84.96,1,0
LJ500_R066_C086,66,86,704250,9534250,4500,2500,2021,3,2021-03,27,1.0,0,0.0,0.0,0.0,0,0,0,0,1.0,0.6839,0.2722,0.5288,-0.6152,85.76,1,0
LJ500_R067_C077,67,77,699750,9534750,0,3000,2021,3,2021-03,27,0.7165,0,0.2835,0.0,0.0,0,0,0,0,1.0,0.6846,0.1602,0.432,-0.6098,98.24,1,0
LJ500_R067_C078,67,78,700250,9534750,500,3000,2021,3,2021-03,27,0.8229,0,0.1771,0.0,0.0,0,0,0,0,1.0,0.5413,0.1083,0.3423,-0.4906,33.44,1,0
LJ500_R067_C079,67,79,700750,9534750,1000,3000,2021,3,2021-03,27,0.9659,0,0.0341,0.0,0.0,0,0,0,0,1.0,,,,,0.0,1,1
LJ500_R067_C080,67,80,701250,9534750,1500,3000,2021,3,2021-03,27,0.8944,0,0.1056,0.0,0.0,0,0,0,0,1.0,0.6593,0.1376,0.4099,-0.5956,1.28,1,0
LJ500_R067_C081,67,81,701750,9534750,2000,3000,2021,3,2021-03,27,0.7989,0,0.1897,0.0,0.0114,0,0,0,0,1.0,0.7372,0.283,0.5545,-0.6616,53.92,1,0
LJ500_R067_C082,67,82,702250,9534750,2500,3000,2021,3,2021-03,27,1.0,0,0.0,0.0,0.0,0,0,0,0,1.0,0.7607,0.2792,0.5697,-0.6762,100.0,1,0
LJ500_R067_C083,67,83,702750,9534750,3000,3000,2021,3,2021-03,27,1.0,0,0.0,0.0,0.0,0,0,0,0,1.0,0.7527,0.2783,0.5645,-0.6638,100.0,1,0
LJ500_R067_C084,67,84,703250,9534750,3500,3000,2021,3,2021-03,27,1.0,0,0.0,0.0,0.0,0,0,0,0,1.0,0.669,0.2519,0.5133,-0.597,100.0,1,0
LJ500_R067_C085,67,85,703750,9534750,4000,3000,2021,3,2021-03,27,1.0,0,0.0,0.0,0.0,0,0,0,0,1.0,0.6703,0.2642,0.5184,-0.6083,69.76,1,0
LJ500_R067_C086,67,86,704250,9534750,4500,3000,2021,3,2021-03,27,1.0,0,0.0,0.0,0.0,0,0,0,0,1.0,0.5448,0.2322,0.4461,-0.495,50.88,1,0
LJ500_R068_C077,68,77,699750,9535250,0,3500,2021,3,2021-03,27,0.065,0,0.935,0.0,0.0,0,0,0,0,1.0,0.7141,0.2146,0.4834,-0.6157,100.0,1,0
LJ500_R068_C078,68,78,700250,9535250,500,3500,2021,3,2021-03,27,0.7525,0,0.2475,0.0,0.0,0,0,0,0,1.0,0.6611,0.2214,0.4717,-0.574,43.52,1,0
LJ500_R068_C079,68,79,700750,9535250,1000,3500,2021,3,2021-03,27,1.0,0,0.0,0.0,0.0,0,0,0,0,1.0,0.6156,0.1924,0.4272,-0.5431,15.84,1,0
LJ500_R068_C080,68,80,701250,9535250,1500,3500,2021,3,2021-03,27,0.8923,0,0.1077,0.0,0.0,0,0,0,0,1.0,0.5947,0.1529,0.3909,-0.554,38.88,1,0
LJ500_R068_C081,68,81,701750,9535250,2000,3500,2021,3,2021-03,27,0.6646,0,0.0767,0.0,0.2586,0,0,0,0,1.0,0.6623,0.1773,0.4472,-0.6089,94.24,1,0
LJ500_R068_C082,68,82,702250,9535250,2500,3500,2021,3,2021-03,27,0.9399,0,0.0601,0.0,0.0,0,0,0,0,1.0,0.7645,0.3107,0.594,-0.6798,100.0,1,0
LJ500_R068_C083,68,83,702750,9535250,3000,3500,2021,3,2021-03,27,1.0,0,0.0,0.0,0.0,0,0,0,0,1.0,0.7776,0.3606,0.6363,-0.6885,100.0,1,0
LJ500_R068_C084,68,84,703250,9535250,3500,3500,2021,3,2021-03,27,1.0,0,0.0,0.0,0.0,0,0,0,0,1.0,0.6826,0.3321,0.5815,-0.6095,36.0,1,0
LJ500_R068_C085,68,85,703750,9535250,4000,3500,2021,3,2021-03,27,1.0,0,0.0,0.0,0.0,0,0,0,0,1.0,0.6402,0.3188,0.549,-0.5821,64.16,1,0
LJ500_R068_C086,68,86,704250,9535250,4500,3500,2021,3,2021-03,27,1.0,0,0.0,0.0,0.0,0,0,0,0,1.0,0.6203,0.3004,0.5325,-0.5662,89.28,1,0
LJ500_R069_C077,69,77,699750,9535750,0,4000,2021,3,2021-03,27,0.0,0,0.9574,0.0426,0.0,0,0,0,0,1.0,0.7148,0.1816,0.4603,-0.6132,100.0,1,0
LJ500_R069_C078,69,78,700250,9535750,500,4000,2021,3,2021-03,27,0.4139,0,0.5115,0.0746,0.0,0,0,0,0,1.0,0.724,0.2239,0.4966,-0.6378,100.0,1,0
LJ500_R069_C079,69,79,700750,9535750,1000,4000,2021,3,2021-03,27,0.6432,0,0.3568,0.0,0.0,0,0,0,0,1.0,0.6094,0.0924,0.3466,-0.5728,100.0,1,0
LJ500_R069_C080,69,80,701250,9535750,1500,4000,2021,3,2021-03,27,0.8514,0,0.1486,0.0,0.0,0,0,0,0,1.0,0.678,0.1702,0.4359,-0.6134,100.0,1,0
LJ500_R069_C081,69,81,701750,9535750,2000,4000,2021,3,2021-03,27,1.0,0,0.0,0.0,0.0,0,0,0,0,1.0,0.7246,0.2775,0.5506,-0.6353,100.0,1,0
LJ500_R069_C082,69,82,702250,9535750,2500,4000,2021,3,2021-03,27,1.0,0,0.0,0.0,0.0,0,0,0,0,1.0,0.7676,0.2845,0.5718,-0.6693,100.0,1,0
LJ500_R069_C083,69,83,702750,9535750,3000,4000,2021,3,2021-03,27,1.0,0,0.0,0.0,0.0,0,0,0,0,1.0,0.7416,0.3046,0.5889,-0.6495,99.68,1,0
LJ500_R069_C084,69,84,703250,9535750,3500,4000,2021,3,2021-03,27,1.0,0,0.0,0.0,0.0,0,0,0,0,1.0,0.749,0.3383,0.6136,-0.66,33.92,1,0
LJ500_R069_C085,69,85,703750,9535750,4000,4000,2021,3,2021-03,27,1.0,0,0.0,0.0,0.0,0,0,0,0,1.0,0.7539,0.325,0.606,-0.6618,4.16,1,0
LJ500_R069_C086,69,86,704250,9535750,4500,4000,2021,3,2021-03,27,1.0,0,0.0,0.0,0.0,0,0,0,0,1.0,0.5725,0.2404,0.4719,-0.5272,69.92,1,0
LJ500_R070_C077,70,77,699750,9536250,0,4500,2021,3,2021-03,27,0.0,0,0.3423,0.4553,0.2024,0,0,0,0,1.0,0.7246,0.2116,0.4818,-0.6414,100.0,1,0
LJ500_R070_C078,70,78,700250,9536250,500,4500,2021,3,2021-03,27,0.0,0,0.3908,0.6092,0.0,0,0,0,0,1.0,0.7121,0.1966,0.4655,-0.6349,100.0,1,0
LJ500_R070_C079,70,79,700750,9536250,1000,4500,2021,3,2021-03,27,0.2082,0,0.7834,0.0084,0.0,0,0,0,0,1.0,0.7159,0.1901,0.46,-0.6219,99.68,1,0
LJ500_R070_C080,70,80,701250,9536250,1500,4500,2021,3,2021-03,27,0.2813,0,0.7187,0.0,0.0,0,0,0,0,1.0,0.7479,0.2119,0.4958,-0.6469,91.68,1,0
LJ500_R070_C081,70,81,701750,9536250,2000,4500,2021,3,2021-03,27,0.9197,0,0.0803,0.0,0.0,0,0,0,0,1.0,0.7267,0.2468,0.5247,-0.636,100.0,1,0
LJ500_R070_C082,70,82,702250,9536250,2500,4500,2021,3,2021-03,27,1.0,0,0.0,0.0,0.0,0,0,0,0,1.0,0.67,0.2129,0.4734,-0.5895,100.0,1,0
LJ500_R070_C083,70,83,702750,9536250,3000,4500,2021,3,2021-03,27,1.0,0,0.0,0.0,0.0,0,0,0,0,1.0,0.7249,0.2678,0.5426,-0.6383,100.0,1,0
LJ500_R070_C084,70,84,703250,9536250,3500,4500,2021,3,2021-03,27,0.9943,0,0.0057,0.0,0.0,0,0,0,0,1.0,0.721,0.2609,0.542,-0.6401,88.8,1,0
LJ500_R070_C085,70,85,703750,9536250,4000,4500,2021,3,2021-03,27,1.0,0,0.0,0.0,0.0,0,0,0,0,1.0,0.6187,0.2608,0.4955,-0.5721,54.88,1,0
LJ500_R070_C086,70,86,704250,9536250,4500,4500,2021,3,2021-03,27,1.0,0,0.0,0.0,0.0,0,0,0,0,1.0,0.6205,0.287,0.5157,-0.569,76.8,1,0
LJ500_R061_C077,61,77,699750,9531750,0,0,2021,4,2021-04,28,0.0,0,1.0,0.0,0.0,0,0,0,0,1.0,0.828,0.2646,0.5602,-0.7249,100.0,1,0
LJ500_R061_C078,61,78,700250,9531750,500,0,2021,4,2021-04,28,0.0,0,0.9516,0.0,0.0484,0,0,0,0,1.0,0.8417,0.2789,0.5764,-0.7277,100.0,1,0
LJ500_R061_C079,61,79,700750,9531750,1000,0,2021,4,2021-04,28,0.0,0,0.906,0.0,0.094,0,0,0,0,1.0,0.8569,0.2975,0.6009,-0.7393,100.0,1,0
LJ500_R061_C080,61,80,701250,9531750,1500,0,2021,4,2021-04,28,0.1714,0,0.8229,0.0,0.0057,0,0,0,0,1.0,0.8253,0.2547,0.5562,-0.7079,100.0,1,0
LJ500_R061_C081,61,81,701750,9531750,2000,0,2021,4,2021-04,28,0.0,0,1.0,0.0,0.0,0,0,0,0,1.0,0.8128,0.233,0.5345,-0.7,100.0,1,0
LJ500_R061_C082,61,82,702250,9531750,2500,0,2021,4,2021-04,28,0.0618,0,0.9382,0.0,0.0,0,0,0,0,1.0,0.8003,0.2256,0.5253,-0.703,100.0,1,0
LJ500_R061_C083,61,83,702750,9531750,3000,0,2021,4,2021-04,28,0.5343,0,0.3633,0.1024,0.0,0,0,0,0,1.0,0.8385,0.3004,0.597,-0.7328,100.0,1,0
LJ500_R061_C084,61,84,703250,9531750,3500,0,2021,4,2021-04,28,0.7729,0,0.0,0.2271,0.0,0,0,0,0,1.0,0.8062,0.2187,0.5237,-0.7343,100.0,1,0
LJ500_R061_C085,61,85,703750,9531750,4000,0,2021,4,2021-04,28,0.709,0,0.291,0.0,0.0,0,0,0,0,1.0,0.8604,0.2946,0.6076,-0.7649,100.0,1,0
LJ500_R061_C086,61,86,704250,9531750,4500,0,2021,4,2021-04,28,1.0,0,0.0,0.0,0.0,0,0,0,0,1.0,0.8033,0.2299,0.5365,-0.7152,100.0,1,0
LJ500_R062_C077,62,77,699750,9532250,0,500,2021,4,2021-04,28,0.0,0,0.7197,0.0,0.2803,0,0,0,0,1.0,0.7979,0.2544,0.5412,-0.6793,100.0,1,0
LJ500_R062_C078,62,78,700250,9532250,500,500,2021,4,2021-04,28,0.0,0,0.5947,0.0,0.4053,0,0,0,0,1.0,0.8111,0.2656,0.5594,-0.6901,100.0,1,0
LJ500_R062_C079,62,79,700750,9532250,1000,500,2021,4,2021-04,28,0.0,0,0.771,0.0,0.229,0,0,0,0,1.0,0.8115,0.2481,0.5451,-0.6855,100.0,1,0
LJ500_R062_C080,62,80,701250,9532250,1500,500,2021,4,2021-04,28,0.235,0,0.6379,0.0,0.1271,0,0,0,0,1.0,0.7989,0.2191,0.4973,-0.6769,100.0,1,0
LJ500_R062_C081,62,81,701750,9532250,2000,500,2021,4,2021-04,28,0.0684,0,0.7378,0.0,0.1938,0,0,0,0,1.0,0.8098,0.2401,0.5407,-0.698,100.0,1,0
LJ500_R062_C082,62,82,702250,9532250,2500,500,2021,4,2021-04,28,0.0973,0,0.9027,0.0,0.0,0,0,0,0,1.0,0.8166,0.2719,0.5776,-0.7022,100.0,1,0
LJ500_R062_C083,62,83,702750,9532250,3000,500,2021,4,2021-04,28,0.0473,0,0.9507,0.0019,0.0,0,0,0,0,1.0,0.82,0.2628,0.5648,-0.7102,100.0,1,0
LJ500_R062_C084,62,84,703250,9532250,3500,500,2021,4,2021-04,28,0.2757,0,0.7209,0.0034,0.0,0,0,0,0,1.0,0.8307,0.279,0.582,-0.7289,100.0,1,0
LJ500_R062_C085,62,85,703750,9532250,4000,500,2021,4,2021-04,28,0.0588,0,0.9412,0.0,0.0,0,0,0,0,1.0,0.807,0.2549,0.5559,-0.706,100.0,1,0
LJ500_R062_C086,62,86,704250,9532250,4500,500,2021,4,2021-04,28,0.7611,0,0.2389,0.0,0.0,0,0,0,0,1.0,0.8036,0.2304,0.5363,-0.715,100.0,1,0
LJ500_R063_C077,63,77,699750,9532750,0,1000,2021,4,2021-04,28,0.0,0,0.1158,0.0,0.8842,0,0,0,0,1.0,0.752,0.2122,0.4532,-0.6244,100.0,1,0
LJ500_R063_C078,63,78,700250,9532750,500,1000,2021,4,2021-04,28,0.0328,0,0.3431,0.0,0.624,0,0,0,0,1.0,0.7784,0.2252,0.4989,-0.6593,100.0,1,0
LJ500_R063_C079,63,79,700750,9532750,1000,1000,2021,4,2021-04,28,0.2883,0,0.3768,0.0,0.3349,0,0,0,0,1.0,0.7407,0.1494,0.3885,-0.6438,100.0,1,0
LJ500_R063_C080,63,80,701250,9532750,1500,1000,2021,4,2021-04,28,0.1673,0,0.4746,0.0,0.358,0,0,0,0,1.0,0.7255,0.1174,0.3707,-0.648,100.0,1,0
LJ500_R063_C081,63,81,701750,9532750,2000,1000,2021,4,2021-04,28,0.0165,0,0.5433,0.0,0.4402,0,0,0,0,1.0,0.7817,0.2061,0.508,-0.6819,100.0,1,0
LJ500_R063_C082,63,82,702250,9532750,2500,1000,2021,4,2021-04,28,0.6742,0,0.2142,0.0,0.1117,0,0,0,0,1.0,0.8227,0.2755,0.5783,-0.697,100.0,1,0
LJ500_R063_C083,63,83,702750,9532750,3000,1000,2021,4,2021-04,28,0.2059,0,0.7941,0.0,0.0,0,0,0,0,1.0,0.7996,0.2583,0.5568,-0.6872,100.0,1,0
LJ500_R063_C084,63,84,703250,9532750,3500,1000,2021,4,2021-04,28,0.2973,0,0.7027,0.0,0.0,0,0,0,0,1.0,0.817,0.2742,0.5814,-0.7056,100.0,1,0
LJ500_R063_C085,63,85,703750,9532750,4000,1000,2021,4,2021-04,28,0.1462,0,0.8538,0.0,0.0,0,0,0,0,1.0,0.8185,0.2847,0.5922,-0.7057,100.0,1,0
LJ500_R063_C086,63,86,704250,9532750,4500,1000,2021,4,2021-04,28,0.3435,0,0.6565,0.0,0.0,0,0,0,0,1.0,0.8262,0.2963,0.6011,-0.7175,100.0,1,0
LJ500_R064_C077,64,77,699750,9533250,0,1500,2021,4,2021-04,28,0.3887,0,0.3116,0.0,0.2997,0,0,0,0,1.0,0.8151,0.2657,0.5486,-0.6891,100.0,1,0
LJ500_R064_C078,64,78,700250,9533250,500,1500,2021,4,2021-04,28,0.5382,0,0.082,0.0,0.3799,0,0,0,0,1.0,0.8085,0.2737,0.5608,-0.6863,100.0,1,0
LJ500_R064_C079,64,79,700750,9533250,1000,1500,2021,4,2021-04,28,0.4384,0,0.1474,0.0,0.4142,0,0,0,0,1.0,0.7002,0.0795,0.3476,-0.6506,100.0,1,0
LJ500_R064_C080,64,80,701250,9533250,1500,1500,2021,4,2021-04,28,0.5951,0,0.4049,0.0,0.0,0,0,0,0,1.0,0.7875,0.2007,0.5021,-0.7032,100.0,1,0
LJ500_R064_C081,64,81,701750,9533250,2000,1500,2021,4,2021-04,28,0.5997,0,0.181,0.0,0.2193,0,0,0,0,1.0,0.8394,0.2802,0.5861,-0.725,100.0,1,0
LJ500_R064_C082,64,82,702250,9533250,2500,1500,2021,4,2021-04,28,0.7276,0,0.2724,0.0,0.0,0,0,0,0,1.0,0.7901,0.2316,0.5361,-0.6895,100.0,1,0
LJ500_R064_C083,64,83,702750,9533250,3000,1500,2021,4,2021-04,28,0.566,0,0.203,0.0,0.231,0,0,0,0,1.0,0.8339,0.2649,0.5842,-0.7358,100.0,1,0
LJ500_R064_C084,64,84,703250,9533250,3500,1500,2021,4,2021-04,28,0.235,0,0.7298,0.0,0.0352,0,0,0,0,1.0,0.855,0.3073,0.6232,-0.7401,100.0,1,0
LJ500_R064_C085,64,85,703750,9533250,4000,1500,2021,4,2021-04,28,0.5109,0,0.4891,0.0,0.0,0,0,0,0,1.0,0.844,0.2954,0.6097,-0.7338,100.0,1,0
LJ500_R064_C086,64,86,704250,9533250,4500,1500,2021,4,2021-04,28,0.748,0,0.252,0.0,0.0,0,0,0,0,1.0,0.7775,0.2341,0.5365,-0.6871,100.0,1,0
LJ500_R065_C077,65,77,699750,9533750,0,2000,2021,4,2021-04,28,0.312,0,0.4033,0.0,0.2847,0,0,0,0,1.0,0.7917,0.22,0.5032,-0.6784,100.0,1,0
LJ500_R065_C078,65,78,700250,9533750,500,2000,2021,4,2021-04,28,0.5913,0,0.4071,0.0,0.0016,0,0,0,0,1.0,0.7593,0.1892,0.4734,-0.6881,100.0,1,0
LJ500_R065_C079,65,79,700750,9533750,1000,2000,2021,4,2021-04,28,0.3219,0,0.6781,0.0,0.0,0,0,0,0,1.0,0.6996,0.0967,0.3691,-0.6617,100.0,1,0
LJ500_R065_C080,65,80,701250,9533750,1500,2000,2021,4,2021-04,28,0.8266,0,0.1734,0.0,0.0,0,0,0,0,1.0,0.8806,0.3085,0.6171,-0.7746,100.0,1,0
LJ500_R065_C081,65,81,701750,9533750,2000,2000,2021,4,2021-04,28,0.9017,0,0.0983,0.0,0.0,0,0,0,0,1.0,0.8245,0.2673,0.5694,-0.7202,100.0,1,0
LJ500_R065_C082,65,82,702250,9533750,2500,2000,2021,4,2021-04,28,0.7327,0,0.2673,0.0,0.0,0,0,0,0,1.0,0.8004,0.2321,0.5505,-0.7145,100.0,1,0
LJ500_R065_C083,65,83,702750,9533750,3000,2000,2021,4,2021-04,28,0.7802,0,0.1368,0.0,0.083,0,0,0,0,1.0,0.8593,0.3013,0.6193,-0.7482,100.0,1,0
LJ500_R065_C084,65,84,703250,9533750,3500,2000,2021,4,2021-04,28,0.3229,0,0.6771,0.0,0.0,0,0,0,0,1.0,0.8227,0.2794,0.5908,-0.7152,100.0,1,0
LJ500_R065_C085,65,85,703750,9533750,4000,2000,2021,4,2021-04,28,0.0167,0,0.9833,0.0,0.0,0,0,0,0,1.0,0.7344,0.1737,0.4755,-0.6619,100.0,1,0
LJ500_R065_C086,65,86,704250,9533750,4500,2000,2021,4,2021-04,28,0.7821,0,0.2179,0.0,0.0,0,0,0,0,1.0,0.8002,0.2819,0.5885,-0.7109,100.0,1,0
LJ500_R066_C077,66,77,699750,9534250,0,2500,2021,4,2021-04,28,0.5018,0,0.3517,0.0,0.1465,0,0,0,0,1.0,0.7112,0.2212,0.4885,-0.6123,100.0,1,0
LJ500_R066_C078,66,78,700250,9534250,500,2500,2021,4,2021-04,28,0.1232,0,0.8768,0.0,0.0,0,0,0,0,1.0,0.6992,0.1389,0.4146,-0.6466,66.88,1,0
LJ500_R066_C079,66,79,700750,9534250,1000,2500,2021,4,2021-04,28,0.3332,0,0.6668,0.0,0.0,0,0,0,0,1.0,0.668,0.0946,0.3531,-0.6381,63.36,1,0
LJ500_R066_C080,66,80,701250,9534250,1500,2500,2021,4,2021-04,28,0.9149,0,0.0851,0.0,0.0,0,0,0,0,1.0,0.7966,0.2523,0.5476,-0.7194,90.24,1,0
LJ500_R066_C081,66,81,701750,9534250,2000,2500,2021,4,2021-04,28,0.7037,0,0.2963,0.0,0.0,0,0,0,0,1.0,0.7601,0.2107,0.5068,-0.6949,100.0,1,0
LJ500_R066_C082,66,82,702250,9534250,2500,2500,2021,4,2021-04,28,0.6772,0,0.3228,0.0,0.0,0,0,0,0,1.0,0.8303,0.2737,0.5798,-0.7325,100.0,1,0
LJ500_R066_C083,66,83,702750,9534250,3000,2500,2021,4,2021-04,28,0.6289,0,0.3711,0.0,0.0,0,0,0,0,1.0,0.815,0.262,0.5634,-0.7095,100.0,1,0
LJ500_R066_C084,66,84,703250,9534250,3500,2500,2021,4,2021-04,28,0.7305,0,0.2695,0.0,0.0,0,0,0,0,1.0,0.7579,0.2095,0.5048,-0.6658,99.84,1,0
LJ500_R066_C085,66,85,703750,9534250,4000,2500,2021,4,2021-04,28,0.7865,0,0.2135,0.0,0.0,0,0,0,0,1.0,0.7684,0.2508,0.5444,-0.6827,96.8,1,0
LJ500_R066_C086,66,86,704250,9534250,4500,2500,2021,4,2021-04,28,1.0,0,0.0,0.0,0.0,0,0,0,0,1.0,0.6949,0.2889,0.5603,-0.6009,37.44,1,0
LJ500_R067_C077,67,77,699750,9534750,0,3000,2021,4,2021-04,28,0.7165,0,0.2835,0.0,0.0,0,0,0,0,1.0,0.7578,0.1825,0.4661,-0.6704,100.0,1,0
LJ500_R067_C078,67,78,700250,9534750,500,3000,2021,4,2021-04,28,0.8229,0,0.1771,0.0,0.0,0,0,0,0,1.0,0.6831,0.0957,0.3719,-0.6464,70.88,1,0
LJ500_R067_C079,67,79,700750,9534750,1000,3000,2021,4,2021-04,28,0.9659,0,0.0341,0.0,0.0,0,0,0,0,1.0,0.7744,0.2042,0.4879,-0.7085,41.44,1,0
LJ500_R067_C080,67,80,701250,9534750,1500,3000,2021,4,2021-04,28,0.8944,0,0.1056,0.0,0.0,0,0,0,0,1.0,0.6625,0.2023,0.4482,-0.6037,16.48,1,0
LJ500_R067_C081,67,81,701750,9534750,2000,3000,2021,4,2021-04,28,0.7989,0,0.1897,0.0,0.0114,0,0,0,0,1.0,0.7264,0.2411,0.5202,-0.6662,48.0,1,0
LJ500_R067_C082,67,82,702250,9534750,2500,3000,2021,4,2021-04,28,1.0,0,0.0,0.0,0.0,0,0,0,0,1.0,0.7539,0.2561,0.5322,-0.6741,57.76,1,0
LJ500_R067_C083,67,83,702750,9534750,3000,3000,2021,4,2021-04,28,1.0,0,0.0,0.0,0.0,0,0,0,0,1.0,0.7489,0.2736,0.5515,-0.6624,97.76,1,0
LJ500_R067_C084,67,84,703250,9534750,3500,3000,2021,4,2021-04,28,1.0,0,0.0,0.0,0.0,0,0,0,0,1.0,0.7283,0.2604,0.5392,-0.6474,69.6,1,0
LJ500_R067_C085,67,85,703750,9534750,4000,3000,2021,4,2021-04,28,1.0,0,0.0,0.0,0.0,0,0,0,0,1.0,0.7243,0.294,0.573,-0.6355,62.08,1,0
LJ500_R067_C086,67,86,704250,9534750,4500,3000,2021,4,2021-04,28,1.0,0,0.0,0.0,0.0,0,0,0,0,1.0,0.7097,0.2725,0.5466,-0.6218,37.12,1,0
LJ500_R068_C077,68,77,699750,9535250,0,3500,2021,4,2021-04,28,0.065,0,0.935,0.0,0.0,0,0,0,0,1.0,0.7942,0.2153,0.5046,-0.6775,100.0,1,0
LJ500_R068_C078,68,78,700250,9535250,500,3500,2021,4,2021-04,28,0.7525,0,0.2475,0.0,0.0,0,0,0,0,1.0,0.8038,0.2267,0.5176,-0.6987,100.0,1,0
LJ500_R068_C079,68,79,700750,9535250,1000,3500,2021,4,2021-04,28,1.0,0,0.0,0.0,0.0,0,0,0,0,1.0,0.7811,0.2005,0.4902,-0.7067,49.12,1,0
LJ500_R068_C080,68,80,701250,9535250,1500,3500,2021,4,2021-04,28,0.8923,0,0.1077,0.0,0.0,0,0,0,0,1.0,0.7099,0.2319,0.4926,-0.6477,11.68,1,0
LJ500_R068_C081,68,81,701750,9535250,2000,3500,2021,4,2021-04,28,0.6646,0,0.0767,0.0,0.2586,0,0,0,0,1.0,0.6626,0.2136,0.4717,-0.6113,10.08,1,0
LJ500_R068_C082,68,82,702250,9535250,2500,3500,2021,4,2021-04,28,0.9399,0,0.0601,0.0,0.0,0,0,0,0,1.0,0.8009,0.2903,0.5772,-0.7351,16.32,1,0
LJ500_R068_C083,68,83,702750,9535250,3000,3500,2021,4,2021-04,28,1.0,0,0.0,0.0,0.0,0,0,0,0,1.0,0.6296,0.2716,0.5016,-0.5619,39.36,1,0
LJ500_R068_C084,68,84,703250,9535250,3500,3500,2021,4,2021-04,28,1.0,0,0.0,0.0,0.0,0,0,0,0,1.0,0.7004,0.2969,0.5531,-0.6381,50.56,1,0
LJ500_R068_C085,68,85,703750,9535250,4000,3500,2021,4,2021-04,28,1.0,0,0.0,0.0,0.0,0,0,0,0,1.0,0.7803,0.3823,0.6624,-0.6998,13.6,1,0
LJ500_R068_C086,68,86,704250,9535250,4500,3500,2021,4,2021-04,28,1.0,0,0.0,0.0,0.0,0,0,0,0,1.0,0.5663,0.2113,0.4387,-0.5351,0.32,1,0
LJ500_R069_C077,69,77,699750,9535750,0,4000,2021,4,2021-04,28,0.0,0,0.9574,0.0426,0.0,0,0,0,0,1.0,0.7851,0.2086,0.502,-0.6614,100.0,1,0
LJ500_R069_C078,69,78,700250,9535750,500,4000,2021,4,2021-04,28,0.4139,0,0.5115,0.0746,0.0,0,0,0,0,1.0,0.8316,0.2559,0.5567,-0.7138,100.0,1,0
LJ500_R069_C079,69,79,700750,9535750,1000,4000,2021,4,2021-04,28,0.6432,0,0.3568,0.0,0.0,0,0,0,0,1.0,0.7007,0.1135,0.3915,-0.6495,99.84,1,0
LJ500_R069_C080,69,80,701250,9535750,1500,4000,2021,4,2021-04,28,0.8514,0,0.1486,0.0,0.0,0,0,0,0,1.0,0.762,0.1843,0.4661,-0.6952,94.56,1,0
LJ500_R069_C081,69,81,701750,9535750,2000,4000,2021,4,2021-04,28,1.0,0,0.0,0.0,0.0,0,0,0,0,1.0,0.8388,0.2955,0.5922,-0.7468,97.12,1,0
LJ500_R069_C082,69,82,702250,9535750,2500,4000,2021,4,2021-04,28,1.0,0,0.0,0.0,0.0,0,0,0,0,1.0,0.8388,0.2997,0.5923,-0.7507,98.4,1,0
LJ500_R069_C083,69,83,702750,9535750,3000,4000,2021,4,2021-04,28,1.0,0,0.0,0.0,0.0,0,0,0,0,1.0,0.8048,0.2966,0.5824,-0.7349,100.0,1,0
LJ500_R069_C084,69,84,703250,9535750,3500,4000,2021,4,2021-04,28,1.0,0,0.0,0.0,0.0,0,0,0,0,1.0,0.7912,0.3233,0.5994,-0.7269,100.0,1,0
LJ500_R069_C085,69,85,703750,9535750,4000,4000,2021,4,2021-04,28,1.0,0,0.0,0.0,0.0,0,0,0,0,1.0,0.8046,0.3255,0.6128,-0.7413,92.64,1,0
LJ500_R069_C086,69,86,704250,9535750,4500,4000,2021,4,2021-04,28,1.0,0,0.0,0.0,0.0,0,0,0,0,1.0,0.7306,0.2674,0.544,-0.6765,63.68,1,0
LJ500_R070_C077,70,77,699750,9536250,0,4500,2021,4,2021-04,28,0.0,0,0.3423,0.4553,0.2024,0,0,0,0,1.0,0.7922,0.2169,0.509,-0.6963,100.0,1,0
LJ500_R070_C078,70,78,700250,9536250,500,4500,2021,4,2021-04,28,0.0,0,0.3908,0.6092,0.0,0,0,0,0,1.0,0.7954,0.2154,0.5059,-0.7099,100.0,1,0
LJ500_R070_C079,70,79,700750,9536250,1000,4500,2021,4,2021-04,28,0.2082,0,0.7834,0.0084,0.0,0,0,0,0,1.0,0.7901,0.2047,0.4908,-0.6847,100.0,1,0
LJ500_R070_C080,70,80,701250,9536250,1500,4500,2021,4,2021-04,28,0.2813,0,0.7187,0.0,0.0,0,0,0,0,1.0,0.8017,0.2094,0.5023,-0.6981,100.0,1,0
LJ500_R070_C081,70,81,701750,9536250,2000,4500,2021,4,2021-04,28,0.9197,0,0.0803,0.0,0.0,0,0,0,0,1.0,0.8315,0.2499,0.5488,-0.7336,100.0,1,0
LJ500_R070_C082,70,82,702250,9536250,2500,4500,2021,4,2021-04,28,1.0,0,0.0,0.0,0.0,0,0,0,0,1.0,0.7876,0.2226,0.5115,-0.7061,100.0,1,0
LJ500_R070_C083,70,83,702750,9536250,3000,4500,2021,4,2021-04,28,1.0,0,0.0,0.0,0.0,0,0,0,0,1.0,0.832,0.282,0.5762,-0.7464,100.0,1,0
LJ500_R070_C084,70,84,703250,9536250,3500,4500,2021,4,2021-04,28,0.9943,0,0.0057,0.0,0.0,0,0,0,0,1.0,0.7338,0.2423,0.513,-0.671,100.0,1,0
LJ500_R070_C085,70,85,703750,9536250,4000,4500,2021,4,2021-04,28,1.0,0,0.0,0.0,0.0,0,0,0,0,1.0,0.7589,0.2989,0.5727,-0.6993,100.0,1,0
LJ500_R070_C086,70,86,704250,9536250,4500,4500,2021,4,2021-04,28,1.0,0,0.0,0.0,0.0,0,0,0,0,1.0,0.8286,0.335,0.6273,-0.7559,100.0,1,0
LJ500_R061_C077,61,77,699750,9531750,0,0,2021,5,2021-05,29,0.0,0,1.0,0.0,0.0,0,0,0,0,1.0,0.7156,0.2331,0.5046,-0.6239,100.0,1,0
LJ500_R061_C078,61,78,700250,9531750,500,0,2021,5,2021-05,29,0.0,0,0.9516,0.0,0.0484,0,0,0,0,1.0,0.8092,0.2836,0.5819,-0.6982,100.0,1,0
LJ500_R061_C079,61,79,700750,9531750,1000,0,2021,5,2021-05,29,0.0,0,0.906,0.0,0.094,0,0,0,0,1.0,0.6682,0.2412,0.4815,-0.5793,100.0,1,0
LJ500_R061_C080,61,80,701250,9531750,1500,0,2021,5,2021-05,29,0.1714,0,0.8229,0.0,0.0057,0,0,0,0,1.0,0.7136,0.256,0.5271,-0.6085,99.36,1,0
LJ500_R061_C081,61,81,701750,9531750,2000,0,2021,5,2021-05,29,0.0,0,1.0,0.0,0.0,0,0,0,0,1.0,0.5686,0.2017,0.4343,-0.4892,28.16,1,0
LJ500_R061_C082,61,82,702250,9531750,2500,0,2021,5,2021-05,29,0.0618,0,0.9382,0.0,0.0,0,0,0,0,1.0,0.5233,0.1989,0.4084,-0.4456,72.0,1,0
LJ500_R061_C083,61,83,702750,9531750,3000,0,2021,5,2021-05,29,0.5343,0,0.3633,0.1024,0.0,0,0,0,0,1.0,0.5357,0.2331,0.4413,-0.4595,86.24,1,0
LJ500_R061_C084,61,84,703250,9531750,3500,0,2021,5,2021-05,29,0.7729,0,0.0,0.2271,0.0,0,0,0,0,1.0,0.6111,0.2012,0.4449,-0.5516,68.48,1,0
LJ500_R061_C085,61,85,703750,9531750,4000,0,2021,5,2021-05,29,0.709,0,0.291,0.0,0.0,0,0,0,0,1.0,0.7406,0.2668,0.5438,-0.6586,96.64,1,0
LJ500_R061_C086,61,86,704250,9531750,4500,0,2021,5,2021-05,29,1.0,0,0.0,0.0,0.0,0,0,0,0,1.0,0.6031,0.163,0.3966,-0.5419,2.4,1,0
LJ500_R062_C077,62,77,699750,9532250,0,500,2021,5,2021-05,29,0.0,0,0.7197,0.0,0.2803,0,0,0,0,1.0,0.739,0.2269,0.5059,-0.6291,100.0,1,0
LJ500_R062_C078,62,78,700250,9532250,500,500,2021,5,2021-05,29,0.0,0,0.5947,0.0,0.4053,0,0,0,0,1.0,0.7861,0.2728,0.5671,-0.6615,100.0,1,0
LJ500_R062_C079,62,79,700750,9532250,1000,500,2021,5,2021-05,29,0.0,0,0.771,0.0,0.229,0,0,0,0,1.0,0.6608,0.2194,0.4547,-0.563,100.0,1,0
LJ500_R062_C080,62,80,701250,9532250,1500,500,2021,5,2021-05,29,0.235,0,0.6379,0.0,0.1271,0,0,0,0,1.0,0.6013,0.1982,0.4103,-0.514,100.0,1,0
LJ500_R062_C081,62,81,701750,9532250,2000,500,2021,5,2021-05,29,0.0684,0,0.7378,0.0,0.1938,0,0,0,0,1.0,0.5471,0.1743,0.3555,-0.4789,42.56,1,0
LJ500_R062_C082,62,82,702250,9532250,2500,500,2021,5,2021-05,29,0.0973,0,0.9027,0.0,0.0,0,0,0,0,1.0,0.4664,0.1793,0.3603,-0.3955,26.4,1,0
LJ500_R062_C083,62,83,702750,9532250,3000,500,2021,5,2021-05,29,0.0473,0,0.9507,0.0019,0.0,0,0,0,0,1.0,0.5223,0.1646,0.3397,-0.4627,86.88,1,0
LJ500_R062_C084,62,84,703250,9532250,3500,500,2021,5,2021-05,29,0.2757,0,0.7209,0.0034,0.0,0,0,0,0,1.0,0.6172,0.2226,0.4381,-0.5515,75.36,1,0
LJ500_R062_C085,62,85,703750,9532250,4000,500,2021,5,2021-05,29,0.0588,0,0.9412,0.0,0.0,0,0,0,0,1.0,0.724,0.2394,0.5226,-0.6339,89.28,1,0
LJ500_R062_C086,62,86,704250,9532250,4500,500,2021,5,2021-05,29,0.7611,0,0.2389,0.0,0.0,0,0,0,0,1.0,0.6359,0.2075,0.504,-0.5448,1.92,1,0
LJ500_R063_C077,63,77,699750,9532750,0,1000,2021,5,2021-05,29,0.0,0,0.1158,0.0,0.8842,0,0,0,0,1.0,0.7581,0.2304,0.4857,-0.6327,100.0,1,0
LJ500_R063_C078,63,78,700250,9532750,500,1000,2021,5,2021-05,29,0.0328,0,0.3431,0.0,0.624,0,0,0,0,1.0,0.7704,0.2297,0.5062,-0.6534,100.0,1,0
LJ500_R063_C079,63,79,700750,9532750,1000,1000,2021,5,2021-05,29,0.2883,0,0.3768,0.0,0.3349,0,0,0,0,1.0,0.7124,0.1926,0.4421,-0.6041,100.0,1,0
LJ500_R063_C080,63,80,701250,9532750,1500,1000,2021,5,2021-05,29,0.1673,0,0.4746,0.0,0.358,0,0,0,0,1.0,0.6023,0.1513,0.3693,-0.5288,100.0,1,0
LJ500_R063_C081,63,81,701750,9532750,2000,1000,2021,5,2021-05,29,0.0165,0,0.5433,0.0,0.4402,0,0,0,0,1.0,0.6011,0.2014,0.4146,-0.5238,82.24,1,0
LJ500_R063_C082,63,82,702250,9532750,2500,1000,2021,5,2021-05,29,0.6742,0,0.2142,0.0,0.1117,0,0,0,0,1.0,0.5261,0.1814,0.3612,-0.4526,35.68,1,0
LJ500_R063_C083,63,83,702750,9532750,3000,1000,2021,5,2021-05,29,0.2059,0,0.7941,0.0,0.0,0,0,0,0,1.0,0.4635,0.1565,0.3463,-0.4033,40.0,1,0
LJ500_R063_C084,63,84,703250,9532750,3500,1000,2021,5,2021-05,29,0.2973,0,0.7027,0.0,0.0,0,0,0,0,1.0,0.6643,0.2223,0.4545,-0.5919,100.0,1,0
LJ500_R063_C085,63,85,703750,9532750,4000,1000,2021,5,2021-05,29,0.1462,0,0.8538,0.0,0.0,0,0,0,0,1.0,0.707,0.251,0.5221,-0.6157,76.48,1,0
LJ500_R063_C086,63,86,704250,9532750,4500,1000,2021,5,2021-05,29,0.3435,0,0.6565,0.0,0.0,0,0,0,0,1.0,,,,,0.0,1,1
LJ500_R064_C077,64,77,699750,9533250,0,1500,2021,5,2021-05,29,0.3887,0,0.3116,0.0,0.2997,0,0,0,0,1.0,0.8028,0.2776,0.5633,-0.6678,100.0,1,0
LJ500_R064_C078,64,78,700250,9533250,500,1500,2021,5,2021-05,29,0.5382,0,0.082,0.0,0.3799,0,0,0,0,1.0,0.7862,0.2761,0.5593,-0.6624,84.8,1,0
LJ500_R064_C079,64,79,700750,9533250,1000,1500,2021,5,2021-05,29,0.4384,0,0.1474,0.0,0.4142,0,0,0,0,1.0,0.6732,0.1366,0.403,-0.5991,100.0,1,0
LJ500_R064_C080,64,80,701250,9533250,1500,1500,2021,5,2021-05,29,0.5951,0,0.4049,0.0,0.0,0,0,0,0,1.0,0.6467,0.2163,0.4635,-0.5638,100.0,1,0
LJ500_R064_C081,64,81,701750,9533250,2000,1500,2021,5,2021-05,29,0.5997,0,0.181,0.0,0.2193,0,0,0,0,1.0,0.6993,0.2636,0.5015,-0.6065,100.0,1,0
LJ500_R064_C082,64,82,702250,9533250,2500,1500,2021,5,2021-05,29,0.7276,0,0.2724,0.0,0.0,0,0,0,0,1.0,0.5359,0.1573,0.3453,-0.4781,93.76,1,0
LJ500_R064_C083,64,83,702750,9533250,3000,1500,2021,5,2021-05,29,0.566,0,0.203,0.0,0.231,0,0,0,0,1.0,0.6541,0.2312,0.4639,-0.5866,44.48,1,0
LJ500_R064_C084,64,84,703250,9533250,3500,1500,2021,5,2021-05,29,0.235,0,0.7298,0.0,0.0352,0,0,0,0,1.0,0.7316,0.2735,0.5424,-0.6377,84.48,1,0
LJ500_R064_C085,64,85,703750,9533250,4000,1500,2021,5,2021-05,29,0.5109,0,0.4891,0.0,0.0,0,0,0,0,1.0,0.6485,0.2424,0.4908,-0.5703,71.68,1,0
LJ500_R064_C086,64,86,704250,9533250,4500,1500,2021,5,2021-05,29,0.748,0,0.252,0.0,0.0,0,0,0,0,1.0,,,,,0.0,1,1
LJ500_R065_C077,65,77,699750,9533750,0,2000,2021,5,2021-05,29,0.312,0,0.4033,0.0,0.2847,0,0,0,0,1.0,0.7333,0.243,0.4947,-0.6171,61.6,1,0
LJ500_R065_C078,65,78,700250,9533750,500,2000,2021,5,2021-05,29,0.5913,0,0.4071,0.0,0.0016,0,0,0,0,1.0,0.7075,0.1881,0.461,-0.6195,60.0,1,0
LJ500_R065_C079,65,79,700750,9533750,1000,2000,2021,5,2021-05,29,0.3219,0,0.6781,0.0,0.0,0,0,0,0,1.0,0.5887,0.0941,0.3413,-0.5382,85.44,1,0
LJ500_R065_C080,65,80,701250,9533750,1500,2000,2021,5,2021-05,29,0.8266,0,0.1734,0.0,0.0,0,0,0,0,1.0,0.5868,0.2207,0.4369,-0.5146,70.88,1,0
LJ500_R065_C081,65,81,701750,9533750,2000,2000,2021,5,2021-05,29,0.9017,0,0.0983,0.0,0.0,0,0,0,0,1.0,0.6552,0.2483,0.4939,-0.5658,100.0,1,0
LJ500_R065_C082,65,82,702250,9533750,2500,2000,2021,5,2021-05,29,0.7327,0,0.2673,0.0,0.0,0,0,0,0,1.0,0.588,0.2025,0.4325,-0.5177,100.0,1,0
LJ500_R065_C083,65,83,702750,9533750,3000,2000,2021,5,2021-05,29,0.7802,0,0.1368,0.0,0.083,0,0,0,0,1.0,0.6391,0.2452,0.4749,-0.5604,73.76,1,0
LJ500_R065_C084,65,84,703250,9533750,3500,2000,2021,5,2021-05,29,0.3229,0,0.6771,0.0,0.0,0,0,0,0,1.0,0.5168,0.1811,0.3767,-0.4482,4.96,1,0
LJ500_R065_C085,65,85,703750,9533750,4000,2000,2021,5,2021-05,29,0.0167,0,0.9833,0.0,0.0,0,0,0,0,1.0,0.5095,0.1541,0.3525,-0.4597,34.72,1,0
LJ500_R065_C086,65,86,704250,9533750,4500,2000,2021,5,2021-05,29,0.7821,0,0.2179,0.0,0.0,0,0,0,0,1.0,,,,,0.0,1,1
LJ500_R066_C077,66,77,699750,9534250,0,2500,2021,5,2021-05,29,0.5018,0,0.3517,0.0,0.1465,0,0,0,0,1.0,0.4575,0.1031,0.2883,-0.4012,28.96,1,0
LJ500_R066_C078,66,78,700250,9534250,500,2500,2021,5,2021-05,29,0.1232,0,0.8768,0.0,0.0,0,0,0,0,1.0,0.5939,0.0966,0.361,-0.5419,19.84,1,0
LJ500_R066_C079,66,79,700750,9534250,1000,2500,2021,5,2021-05,29,0.3332,0,0.6668,0.0,0.0,0,0,0,0,1.0,0.6215,0.1108,0.3687,-0.566,66.4,1,0
LJ500_R066_C080,66,80,701250,9534250,1500,2500,2021,5,2021-05,29,0.9149,0,0.0851,0.0,0.0,0,0,0,0,1.0,0.6584,0.2183,0.4618,-0.5817,94.24,1,0
LJ500_R066_C081,66,81,701750,9534250,2000,2500,2021,5,2021-05,29,0.7037,0,0.2963,0.0,0.0,0,0,0,0,1.0,0.6636,0.2129,0.4784,-0.5842,98.08,1,0
LJ500_R066_C082,66,82,702250,9534250,2500,2500,2021,5,2021-05,29,0.6772,0,0.3228,0.0,0.0,0,0,0,0,1.0,0.7058,0.282,0.5487,-0.6047,99.04,1,0
LJ500_R066_C083,66,83,702750,9534250,3000,2500,2021,5,2021-05,29,0.6289,0,0.3711,0.0,0.0,0,0,0,0,1.0,0.5804,0.2042,0.3981,-0.5112,99.68,1,0
LJ500_R066_C084,66,84,703250,9534250,3500,2500,2021,5,2021-05,29,0.7305,0,0.2695,0.0,0.0,0,0,0,0,1.0,0.4714,0.1543,0.3262,-0.4163,65.92,1,0
LJ500_R066_C085,66,85,703750,9534250,4000,2500,2021,5,2021-05,29,0.7865,0,0.2135,0.0,0.0,0,0,0,0,1.0,0.5728,0.2028,0.4102,-0.5304,8.0,1,0
LJ500_R066_C086,66,86,704250,9534250,4500,2500,2021,5,2021-05,29,1.0,0,0.0,0.0,0.0,0,0,0,0,1.0,0.4772,0.2134,0.3809,-0.3775,3.04,1,0
LJ500_R067_C077,67,77,699750,9534750,0,3000,2021,5,2021-05,29,0.7165,0,0.2835,0.0,0.0,0,0,0,0,1.0,0.7162,0.2389,0.5402,-0.5936,62.4,1,0
LJ500_R067_C078,67,78,700250,9534750,500,3000,2021,5,2021-05,29,0.8229,0,0.1771,0.0,0.0,0,0,0,0,1.0,0.6381,0.1671,0.4453,-0.5358,15.52,1,0
LJ500_R067_C079,67,79,700750,9534750,1000,3000,2021,5,2021-05,29,0.9659,0,0.0341,0.0,0.0,0,0,0,0,1.0,,,,,0.0,1,1
LJ500_R067_C080,67,80,701250,9534750,1500,3000,2021,5,2021-05,29,0.8944,0,0.1056,0.0,0.0,0,0,0,0,1.0,0.5513,0.1527,0.3648,-0.4951,13.28,1,0
LJ500_R067_C081,67,81,701750,9534750,2000,3000,2021,5,2021-05,29,0.7989,0,0.1897,0.0,0.0114,0,0,0,0,1.0,0.6321,0.2761,0.5281,-0.5494,36.0,1,0
LJ500_R067_C082,67,82,702250,9534750,2500,3000,2021,5,2021-05,29,1.0,0,0.0,0.0,0.0,0,0,0,0,1.0,0.671,0.3114,0.5921,-0.5651,57.6,1,0
LJ500_R067_C083,67,83,702750,9534750,3000,3000,2021,5,2021-05,29,1.0,0,0.0,0.0,0.0,0,0,0,0,1.0,0.6165,0.2699,0.5115,-0.5248,40.64,1,0
LJ500_R067_C084,67,84,703250,9534750,3500,3000,2021,5,2021-05,29,1.0,0,0.0,0.0,0.0,0,0,0,0,1.0,0.5095,0.1839,0.3783,-0.4541,66.72,1,0
LJ500_R067_C085,67,85,703750,9534750,4000,3000,2021,5,2021-05,29,1.0,0,0.0,0.0,0.0,0,0,0,0,1.0,0.6184,0.237,0.4688,-0.5428,56.96,1,0
LJ500_R067_C086,67,86,704250,9534750,4500,3000,2021,5,2021-05,29,1.0,0,0.0,0.0,0.0,0,0,0,0,1.0,0.5428,0.2228,0.4384,-0.4749,3.68,1,0
LJ500_R068_C077,68,77,699750,9535250,0,3500,2021,5,2021-05,29,0.065,0,0.935,0.0,0.0,0,0,0,0,1.0,0.6578,0.216,0.4453,-0.5448,18.24,1,0
LJ500_R068_C078,68,78,700250,9535250,500,3500,2021,5,2021-05,29,0.7525,0,0.2475,0.0,0.0,0,0,0,0,1.0,0.5678,0.1539,0.3539,-0.4875,17.6,1,0
LJ500_R068_C079,68,79,700750,9535250,1000,3500,2021,5,2021-05,29,1.0,0,0.0,0.0,0.0,0,0,0,0,1.0,0.4124,0.1239,0.2665,-0.3479,5.12,1,0
LJ500_R068_C080,68,80,701250,9535250,1500,3500,2021,5,2021-05,29,0.8923,0,0.1077,0.0,0.0,0,0,0,0,1.0,,,,,0.0,1,1
LJ500_R068_C081,68,81,701750,9535250,2000,3500,2021,5,2021-05,29,0.6646,0,0.0767,0.0,0.2586,0,0,0,0,1.0,0.5617,0.2172,0.4678,-0.5036,25.76,1,0
LJ500_R068_C082,68,82,702250,9535250,2500,3500,2021,5,2021-05,29,0.9399,0,0.0601,0.0,0.0,0,0,0,0,1.0,0.6852,0.3273,0.5977,-0.5998,32.48,1,0
LJ500_R068_C083,68,83,702750,9535250,3000,3500,2021,5,2021-05,29,1.0,0,0.0,0.0,0.0,0,0,0,0,1.0,0.4821,0.2041,0.3974,-0.4304,6.08,1,0
LJ500_R068_C084,68,84,703250,9535250,3500,3500,2021,5,2021-05,29,1.0,0,0.0,0.0,0.0,0,0,0,0,1.0,0.452,0.1839,0.3427,-0.4005,30.24,1,0
LJ500_R068_C085,68,85,703750,9535250,4000,3500,2021,5,2021-05,29,1.0,0,0.0,0.0,0.0,0,0,0,0,1.0,0.4632,0.2003,0.378,-0.4059,32.64,1,0
LJ500_R068_C086,68,86,704250,9535250,4500,3500,2021,5,2021-05,29,1.0,0,0.0,0.0,0.0,0,0,0,0,1.0,0.3441,0.099,0.2333,-0.316,0.32,1,0
LJ500_R069_C077,69,77,699750,9535750,0,4000,2021,5,2021-05,29,0.0,0,0.9574,0.0426,0.0,0,0,0,0,1.0,0.6371,0.2396,0.4974,-0.5052,18.56,1,0
LJ500_R069_C078,69,78,700250,9535750,500,4000,2021,5,2021-05,29,0.4139,0,0.5115,0.0746,0.0,0,0,0,0,1.0,0.5057,0.1709,0.358,-0.4334,17.6,1,0
LJ500_R069_C079,69,79,700750,9535750,1000,4000,2021,5,2021-05,29,0.6432,0,0.3568,0.0,0.0,0,0,0,0,1.0,0.4907,0.1464,0.338,-0.4188,34.08,1,0
LJ500_R069_C080,69,80,701250,9535750,1500,4000,2021,5,2021-05,29,0.8514,0,0.1486,0.0,0.0,0,0,0,0,1.0,0.6657,0.1764,0.4549,-0.5473,1.28,1,0
LJ500_R069_C081,69,81,701750,9535750,2000,4000,2021,5,2021-05,29,1.0,0,0.0,0.0,0.0,0,0,0,0,1.0,0.6981,0.3389,0.6169,-0.6008,5.6,1,0
LJ500_R069_C082,69,82,702250,9535750,2500,4000,2021,5,2021-05,29,1.0,0,0.0,0.0,0.0,0,0,0,0,1.0,0.6702,0.3377,0.6015,-0.566,10.4,1,0
LJ500_R069_C083,69,83,702750,9535750,3000,4000,2021,5,2021-05,29,1.0,0,0.0,0.0,0.0,0,0,0,0,1.0,,,,,0.0,1,1
LJ500_R069_C084,69,84,703250,9535750,3500,4000,2021,5,2021-05,29,1.0,0,0.0,0.0,0.0,0,0,0,0,1.0,0.5516,0.2649,0.4981,-0.5055,2.08,1,0
LJ500_R069_C085,69,85,703750,9535750,4000,4000,2021,5,2021-05,29,1.0,0,0.0,0.0,0.0,0,0,0,0,1.0,0.399,0.1494,0.296,-0.3701,6.72,1,0
LJ500_R069_C086,69,86,704250,9535750,4500,4000,2021,5,2021-05,29,1.0,0,0.0,0.0,0.0,0,0,0,0,1.0,0.3321,0.1171,0.2485,-0.2871,0.64,1,0
LJ500_R070_C077,70,77,699750,9536250,0,4500,2021,5,2021-05,29,0.0,0,0.3423,0.4553,0.2024,0,0,0,0,1.0,0.7197,0.2464,0.5196,-0.6183,100.0,1,0
LJ500_R070_C078,70,78,700250,9536250,500,4500,2021,5,2021-05,29,0.0,0,0.3908,0.6092,0.0,0,0,0,0,1.0,0.649,0.2366,0.4956,-0.5625,88.0,1,0
LJ500_R070_C079,70,79,700750,9536250,1000,4500,2021,5,2021-05,29,0.2082,0,0.7834,0.0084,0.0,0,0,0,0,1.0,0.7688,0.2477,0.547,-0.6522,70.72,1,0
LJ500_R070_C080,70,80,701250,9536250,1500,4500,2021,5,2021-05,29,0.2813,0,0.7187,0.0,0.0,0,0,0,0,1.0,0.7349,0.2278,0.5122,-0.6305,55.2,1,0
LJ500_R070_C081,70,81,701750,9536250,2000,4500,2021,5,2021-05,29,0.9197,0,0.0803,0.0,0.0,0,0,0,0,1.0,0.6254,0.2283,0.4644,-0.5407,74.4,1,0
LJ500_R070_C082,70,82,702250,9536250,2500,4500,2021,5,2021-05,29,1.0,0,0.0,0.0,0.0,0,0,0,0,1.0,,,,,0.0,1,1
LJ500_R070_C083,70,83,702750,9536250,3000,4500,2021,5,2021-05,29,1.0,0,0.0,0.0,0.0,0,0,0,0,1.0,,,,,0.0,1,1
LJ500_R070_C084,70,84,703250,9536250,3500,4500,2021,5,2021-05,29,0.9943,0,0.0057,0.0,0.0,0,0,0,0,1.0,,,,,0.0,1,1
LJ500_R070_C085,70,85,703750,9536250,4000,4500,2021,5,2021-05,29,1.0,0,0.0,0.0,0.0,0,0,0,0,1.0,,,,,0.0,1,1
LJ500_R070_C086,70,86,704250,9536250,4500,4500,2021,5,2021-05,29,1.0,0,0.0,0.0,0.0,0,0,0,0,1.0,,,,,0.0,1,1
LJ500_R061_C077,61,77,699750,9531750,0,0,2021,6,2021-06,30,0.0,0,1.0,0.0,0.0,0,0,0,0,1.0,0.7989,0.192,0.4951,-0.7212,100.0,1,0
LJ500_R061_C078,61,78,700250,9531750,500,0,2021,6,2021-06,30,0.0,0,0.9516,0.0,0.0484,0,0,0,0,1.0,0.8151,0.2274,0.5362,-0.7205,100.0,1,0
LJ500_R061_C079,61,79,700750,9531750,1000,0,2021,6,2021-06,30,0.0,0,0.906,0.0,0.094,0,0,0,0,1.0,0.838,0.2653,0.578,-0.7375,100.0,1,0
LJ500_R061_C080,61,80,701250,9531750,1500,0,2021,6,2021-06,30,0.1714,0,0.8229,0.0,0.0057,0,0,0,0,1.0,0.808,0.2338,0.5466,-0.7117,100.0,1,0
LJ500_R061_C081,61,81,701750,9531750,2000,0,2021,6,2021-06,30,0.0,0,1.0,0.0,0.0,0,0,0,0,1.0,0.8013,0.231,0.5417,-0.7021,100.0,1,0
LJ500_R061_C082,61,82,702250,9531750,2500,0,2021,6,2021-06,30,0.0618,0,0.9382,0.0,0.0,0,0,0,0,1.0,0.8059,0.2284,0.538,-0.7072,100.0,1,0
LJ500_R061_C083,61,83,702750,9531750,3000,0,2021,6,2021-06,30,0.5343,0,0.3633,0.1024,0.0,0,0,0,0,1.0,0.8527,0.3004,0.6124,-0.7402,100.0,1,0
LJ500_R061_C084,61,84,703250,9531750,3500,0,2021,6,2021-06,30,0.7729,0,0.0,0.2271,0.0,0,0,0,0,1.0,0.8203,0.2601,0.5685,-0.7342,100.0,1,0
LJ500_R061_C085,61,85,703750,9531750,4000,0,2021,6,2021-06,30,0.709,0,0.291,0.0,0.0,0,0,0,0,1.0,0.8569,0.3116,0.6281,-0.7552,100.0,1,0
LJ500_R061_C086,61,86,704250,9531750,4500,0,2021,6,2021-06,30,1.0,0,0.0,0.0,0.0,0,0,0,0,1.0,0.8053,0.2677,0.5737,-0.7072,93.76,1,0
LJ500_R062_C077,62,77,699750,9532250,0,500,2021,6,2021-06,30,0.0,0,0.7197,0.0,0.2803,0,0,0,0,1.0,0.7774,0.2051,0.4907,-0.6962,100.0,1,0
LJ500_R062_C078,62,78,700250,9532250,500,500,2021,6,2021-06,30,0.0,0,0.5947,0.0,0.4053,0,0,0,0,1.0,0.787,0.2366,0.5332,-0.6958,100.0,1,0
LJ500_R062_C079,62,79,700750,9532250,1000,500,2021,6,2021-06,30,0.0,0,0.771,0.0,0.229,0,0,0,0,1.0,0.8158,0.2686,0.5713,-0.6979,100.0,1,0
LJ500_R062_C080,62,80,701250,9532250,1500,500,2021,6,2021-06,30,0.235,0,0.6379,0.0,0.1271,0,0,0,0,1.0,0.8127,0.2405,0.5358,-0.7004,100.0,1,0
LJ500_R062_C081,62,81,701750,9532250,2000,500,2021,6,2021-06,30,0.0684,0,0.7378,0.0,0.1938,0,0,0,0,1.0,0.8211,0.251,0.5645,-0.7176,100.0,1,0
LJ500_R062_C082,62,82,702250,9532250,2500,500,2021,6,2021-06,30,0.0973,0,0.9027,0.0,0.0,0,0,0,0,1.0,0.8285,0.2677,0.5825,-0.7226,100.0,1,0
LJ500_R062_C083,62,83,702750,9532250,3000,500,2021,6,2021-06,30,0.0473,0,0.9507,0.0019,0.0,0,0,0,0,1.0,0.8303,0.2595,0.5726,-0.7175,100.0,1,0
LJ500_R062_C084,62,84,703250,9532250,3500,500,2021,6,2021-06,30,0.2757,0,0.7209,0.0034,0.0,0,0,0,0,1.0,0.8501,0.2836,0.6016,-0.7403,100.0,1,0
LJ500_R062_C085,62,85,703750,9532250,4000,500,2021,6,2021-06,30,0.0588,0,0.9412,0.0,0.0,0,0,0,0,1.0,0.8368,0.2683,0.5877,-0.7267,100.0,1,0
LJ500_R062_C086,62,86,704250,9532250,4500,500,2021,6,2021-06,30,0.7611,0,0.2389,0.0,0.0,0,0,0,0,1.0,0.8199,0.2625,0.5755,-0.7196,100.0,1,0
LJ500_R063_C077,63,77,699750,9532750,0,1000,2021,6,2021-06,30,0.0,0,0.1158,0.0,0.8842,0,0,0,0,1.0,0.7749,0.2341,0.4954,-0.6781,100.0,1,0
LJ500_R063_C078,63,78,700250,9532750,500,1000,2021,6,2021-06,30,0.0328,0,0.3431,0.0,0.624,0,0,0,0,1.0,0.7821,0.2315,0.5167,-0.6834,100.0,1,0
LJ500_R063_C079,63,79,700750,9532750,1000,1000,2021,6,2021-06,30,0.2883,0,0.3768,0.0,0.3349,0,0,0,0,1.0,0.7692,0.1904,0.4545,-0.6718,100.0,1,0
LJ500_R063_C080,63,80,701250,9532750,1500,1000,2021,6,2021-06,30,0.1673,0,0.4746,0.0,0.358,0,0,0,0,1.0,0.7743,0.1834,0.4602,-0.6864,100.0,1,0
LJ500_R063_C081,63,81,701750,9532750,2000,1000,2021,6,2021-06,30,0.0165,0,0.5433,0.0,0.4402,0,0,0,0,1.0,0.8166,0.2537,0.5665,-0.7121,100.0,1,0
LJ500_R063_C082,63,82,702250,9532750,2500,1000,2021,6,2021-06,30,0.6742,0,0.2142,0.0,0.1117,0,0,0,0,1.0,0.8323,0.2726,0.5845,-0.7153,100.0,1,0
LJ500_R063_C083,63,83,702750,9532750,3000,1000,2021,6,2021-06,30,0.2059,0,0.7941,0.0,0.0,0,0,0,0,1.0,0.8214,0.2637,0.572,-0.7041,99.84,1,0
LJ500_R063_C084,63,84,703250,9532750,3500,1000,2021,6,2021-06,30,0.2973,0,0.7027,0.0,0.0,0,0,0,0,1.0,0.8381,0.2646,0.5834,-0.7307,87.2,1,0
LJ500_R063_C085,63,85,703750,9532750,4000,1000,2021,6,2021-06,30,0.1462,0,0.8538,0.0,0.0,0,0,0,0,1.0,0.8382,0.2828,0.5972,-0.7273,100.0,1,0
LJ500_R063_C086,63,86,704250,9532750,4500,1000,2021,6,2021-06,30,0.3435,0,0.6565,0.0,0.0,0,0,0,0,1.0,0.8536,0.3013,0.6147,-0.7436,100.0,1,0
LJ500_R064_C077,64,77,699750,9533250,0,1500,2021,6,2021-06,30,0.3887,0,0.3116,0.0,0.2997,0,0,0,0,1.0,0.8242,0.2625,0.552,-0.7138,100.0,1,0
LJ500_R064_C078,64,78,700250,9533250,500,1500,2021,6,2021-06,30,0.5382,0,0.082,0.0,0.3799,0,0,0,0,1.0,0.7952,0.2617,0.5561,-0.6956,100.0,1,0
LJ500_R064_C079,64,79,700750,9533250,1000,1500,2021,6,2021-06,30,0.4384,0,0.1474,0.0,0.4142,0,0,0,0,1.0,0.7498,0.1571,0.4444,-0.6737,100.0,1,0
LJ500_R064_C080,64,80,701250,9533250,1500,1500,2021,6,2021-06,30,0.5951,0,0.4049,0.0,0.0,0,0,0,0,1.0,0.81,0.2406,0.549,-0.7174,100.0,1,0
LJ500_R064_C081,64,81,701750,9533250,2000,1500,2021,6,2021-06,30,0.5997,0,0.181,0.0,0.2193,0,0,0,0,1.0,0.8516,0.2895,0.6037,-0.7424,100.0,1,0
LJ500_R064_C082,64,82,702250,9533250,2500,1500,2021,6,2021-06,30,0.7276,0,0.2724,0.0,0.0,0,0,0,0,1.0,0.8205,0.2673,0.5777,-0.7118,100.0,1,0
LJ500_R064_C083,64,83,702750,9533250,3000,1500,2021,6,2021-06,30,0.566,0,0.203,0.0,0.231,0,0,0,0,1.0,0.855,0.3044,0.6235,-0.7529,100.0,1,0
LJ500_R064_C084,64,84,703250,9533250,3500,1500,2021,6,2021-06,30,0.235,0,0.7298,0.0,0.0352,0,0,0,0,1.0,0.868,0.3086,0.6284,-0.7608,100.0,1,0
LJ500_R064_C085,64,85,703750,9533250,4000,1500,2021,6,2021-06,30,0.5109,0,0.4891,0.0,0.0,0,0,0,0,1.0,0.8566,0.308,0.6243,-0.7508,100.0,1,0
LJ500_R064_C086,64,86,704250,9533250,4500,1500,2021,6,2021-06,30,0.748,0,0.252,0.0,0.0,0,0,0,0,1.0,0.8054,0.2558,0.5604,-0.7083,100.0,1,0
LJ500_R065_C077,65,77,699750,9533750,0,2000,2021,6,2021-06,30,0.312,0,0.4033,0.0,0.2847,0,0,0,0,1.0,0.8395,0.2858,0.5817,-0.7214,100.0,1,0
LJ500_R065_C078,65,78,700250,9533750,500,2000,2021,6,2021-06,30,0.5913,0,0.4071,0.0,0.0016,0,0,0,0,1.0,0.7775,0.2327,0.5241,-0.6845,100.0,1,0
LJ500_R065_C079,65,79,700750,9533750,1000,2000,2021,6,2021-06,30,0.3219,0,0.6781,0.0,0.0,0,0,0,0,1.0,0.7163,0.1525,0.4351,-0.6504,100.0,1,0
LJ500_R065_C080,65,80,701250,9533750,1500,2000,2021,6,2021-06,30,0.8266,0,0.1734,0.0,0.0,0,0,0,0,1.0,0.8675,0.3098,0.6245,-0.7641,100.0,1,0
LJ500_R065_C081,65,81,701750,9533750,2000,2000,2021,6,2021-06,30,0.9017,0,0.0983,0.0,0.0,0,0,0,0,1.0,0.834,0.2776,0.588,-0.7277,100.0,1,0
LJ500_R065_C082,65,82,702250,9533750,2500,2000,2021,6,2021-06,30,0.7327,0,0.2673,0.0,0.0,0,0,0,0,1.0,0.8148,0.2591,0.5768,-0.7266,100.0,1,0
LJ500_R065_C083,65,83,702750,9533750,3000,2000,2021,6,2021-06,30,0.7802,0,0.1368,0.0,0.083,0,0,0,0,1.0,0.8685,0.3167,0.6349,-0.7623,100.0,1,0
LJ500_R065_C084,65,84,703250,9533750,3500,2000,2021,6,2021-06,30,0.3229,0,0.6771,0.0,0.0,0,0,0,0,1.0,0.8546,0.2999,0.6148,-0.7452,100.0,1,0
LJ500_R065_C085,65,85,703750,9533750,4000,2000,2021,6,2021-06,30,0.0167,0,0.9833,0.0,0.0,0,0,0,0,1.0,0.7653,0.1981,0.503,-0.6883,96.32,1,0
LJ500_R065_C086,65,86,704250,9533750,4500,2000,2021,6,2021-06,30,0.7821,0,0.2179,0.0,0.0,0,0,0,0,1.0,0.8246,0.2847,0.5961,-0.7333,50.72,1,0
LJ500_R066_C077,66,77,699750,9534250,0,2500,2021,6,2021-06,30,0.5018,0,0.3517,0.0,0.1465,0,0,0,0,1.0,0.7696,0.246,0.5371,-0.6519,100.0,1,0
LJ500_R066_C078,66,78,700250,9534250,500,2500,2021,6,2021-06,30,0.1232,0,0.8768,0.0,0.0,0,0,0,0,1.0,0.7141,0.1603,0.4381,-0.6454,100.0,1,0
LJ500_R066_C079,66,79,700750,9534250,1000,2500,2021,6,2021-06,30,0.3332,0,0.6668,0.0,0.0,0,0,0,0,1.0,0.6834,0.1316,0.3889,-0.6351,100.0,1,0
LJ500_R066_C080,66,80,701250,9534250,1500,2500,2021,6,2021-06,30,0.9149,0,0.0851,0.0,0.0,0,0,0,0,1.0,0.7988,0.2739,0.5725,-0.7092,100.0,1,0
LJ500_R066_C081,66,81,701750,9534250,2000,2500,2021,6,2021-06,30,0.7037,0,0.2963,0.0,0.0,0,0,0,0,1.0,0.7571,0.2377,0.5325,-0.6763,100.0,1,0
LJ500_R066_C082,66,82,702250,9534250,2500,2500,2021,6,2021-06,30,0.6772,0,0.3228,0.0,0.0,0,0,0,0,1.0,0.8251,0.2868,0.5929,-0.7268,100.0,1,0
LJ500_R066_C083,66,83,702750,9534250,3000,2500,2021,6,2021-06,30,0.6289,0,0.3711,0.0,0.0,0,0,0,0,1.0,0.8344,0.272,0.5801,-0.7261,100.0,1,0
LJ500_R066_C084,66,84,703250,9534250,3500,2500,2021,6,2021-06,30,0.7305,0,0.2695,0.0,0.0,0,0,0,0,1.0,0.7863,0.2412,0.5402,-0.6833,100.0,1,0
LJ500_R066_C085,66,85,703750,9534250,4000,2500,2021,6,2021-06,30,0.7865,0,0.2135,0.0,0.0,0,0,0,0,1.0,0.795,0.2742,0.5738,-0.7016,99.52,1,0
LJ500_R066_C086,66,86,704250,9534250,4500,2500,2021,6,2021-06,30,1.0,0,0.0,0.0,0.0,0,0,0,0,1.0,0.812,0.3069,0.6053,-0.7092,32.64,1,0
LJ500_R067_C077,67,77,699750,9534750,0,3000,2021,6,2021-06,30,0.7165,0,0.2835,0.0,0.0,0,0,0,0,1.0,0.7809,0.2221,0.5156,-0.6783,100.0,1,0
LJ500_R067_C078,67,78,700250,9534750,500,3000,2021,6,2021-06,30,0.8229,0,0.1771,0.0,0.0,0,0,0,0,1.0,0.7173,0.1465,0.4295,-0.6501,100.0,1,0
LJ500_R067_C079,67,79,700750,9534750,1000,3000,2021,6,2021-06,30,0.9659,0,0.0341,0.0,0.0,0,0,0,0,1.0,0.7548,0.1955,0.4758,-0.6815,100.0,1,0
LJ500_R067_C080,67,80,701250,9534750,1500,3000,2021,6,2021-06,30,0.8944,0,0.1056,0.0,0.0,0,0,0,0,1.0,0.7545,0.2419,0.5253,-0.6778,100.0,1,0
LJ500_R067_C081,67,81,701750,9534750,2000,3000,2021,6,2021-06,30,0.7989,0,0.1897,0.0,0.0114,0,0,0,0,1.0,0.7438,0.269,0.5481,-0.6719,100.0,1,0
LJ500_R067_C082,67,82,702250,9534750,2500,3000,2021,6,2021-06,30,1.0,0,0.0,0.0,0.0,0,0,0,0,1.0,0.8053,0.2992,0.594,-0.7133,100.0,1,0
LJ500_R067_C083,67,83,702750,9534750,3000,3000,2021,6,2021-06,30,1.0,0,0.0,0.0,0.0,0,0,0,0,1.0,0.7908,0.2903,0.5773,-0.6944,100.0,1,0
LJ500_R067_C084,67,84,703250,9534750,3500,3000,2021,6,2021-06,30,1.0,0,0.0,0.0,0.0,0,0,0,0,1.0,0.7652,0.2743,0.5567,-0.6803,100.0,1,0
LJ500_R067_C085,67,85,703750,9534750,4000,3000,2021,6,2021-06,30,1.0,0,0.0,0.0,0.0,0,0,0,0,1.0,0.8004,0.3119,0.599,-0.7097,100.0,1,0
LJ500_R067_C086,67,86,704250,9534750,4500,3000,2021,6,2021-06,30,1.0,0,0.0,0.0,0.0,0,0,0,0,1.0,0.7488,0.329,0.6071,-0.6458,98.88,1,0
LJ500_R068_C077,68,77,699750,9535250,0,3500,2021,6,2021-06,30,0.065,0,0.935,0.0,0.0,0,0,0,0,1.0,0.7561,0.2053,0.5023,-0.6513,100.0,1,0
LJ500_R068_C078,68,78,700250,9535250,500,3500,2021,6,2021-06,30,0.7525,0,0.2475,0.0,0.0,0,0,0,0,1.0,0.8046,0.2443,0.5456,-0.6918,100.0,1,0
LJ500_R068_C079,68,79,700750,9535250,1000,3500,2021,6,2021-06,30,1.0,0,0.0,0.0,0.0,0,0,0,0,1.0,0.7751,0.226,0.518,-0.6827,100.0,1,0
LJ500_R068_C080,68,80,701250,9535250,1500,3500,2021,6,2021-06,30,0.8923,0,0.1077,0.0,0.0,0,0,0,0,1.0,0.7354,0.2351,0.5125,-0.6674,100.0,1,0
LJ500_R068_C081,68,81,701750,9535250,2000,3500,2021,6,2021-06,30,0.6646,0,0.0767,0.0,0.2586,0,0,0,0,1.0,0.6921,0.1869,0.4668,-0.6452,100.0,1,0
LJ500_R068_C082,68,82,702250,9535250,2500,3500,2021,6,2021-06,30,0.9399,0,0.0601,0.0,0.0,0,0,0,0,1.0,0.7928,0.3254,0.6102,-0.7105,100.0,1,0
LJ500_R068_C083,68,83,702750,9535250,3000,3500,2021,6,2021-06,30,1.0,0,0.0,0.0,0.0,0,0,0,0,1.0,0.7967,0.3523,0.6312,-0.714,100.0,1,0
LJ500_R068_C084,68,84,703250,9535250,3500,3500,2021,6,2021-06,30,1.0,0,0.0,0.0,0.0,0,0,0,0,1.0,0.7837,0.3482,0.6269,-0.6966,100.0,1,0
LJ500_R068_C085,68,85,703750,9535250,4000,3500,2021,6,2021-06,30,1.0,0,0.0,0.0,0.0,0,0,0,0,1.0,0.8004,0.3716,0.6463,-0.7151,100.0,1,0
LJ500_R068_C086,68,86,704250,9535250,4500,3500,2021,6,2021-06,30,1.0,0,0.0,0.0,0.0,0,0,0,0,1.0,0.7799,0.35,0.6254,-0.6925,100.0,1,0
LJ500_R069_C077,69,77,699750,9535750,0,4000,2021,6,2021-06,30,0.0,0,0.9574,0.0426,0.0,0,0,0,0,1.0,0.7514,0.2235,0.5208,-0.6398,100.0,1,0
LJ500_R069_C078,69,78,700250,9535750,500,4000,2021,6,2021-06,30,0.4139,0,0.5115,0.0746,0.0,0,0,0,0,1.0,0.8381,0.2999,0.6031,-0.7138,100.0,1,0
LJ500_R069_C079,69,79,700750,9535750,1000,4000,2021,6,2021-06,30,0.6432,0,0.3568,0.0,0.0,0,0,0,0,1.0,0.7464,0.1895,0.4766,-0.6564,100.0,1,0
LJ500_R069_C080,69,80,701250,9535750,1500,4000,2021,6,2021-06,30,0.8514,0,0.1486,0.0,0.0,0,0,0,0,1.0,0.7743,0.2149,0.5071,-0.6934,100.0,1,0
LJ500_R069_C081,69,81,701750,9535750,2000,4000,2021,6,2021-06,30,1.0,0,0.0,0.0,0.0,0,0,0,0,1.0,0.8363,0.3245,0.6268,-0.7421,100.0,1,0
LJ500_R069_C082,69,82,702250,9535750,2500,4000,2021,6,2021-06,30,1.0,0,0.0,0.0,0.0,0,0,0,0,1.0,0.8372,0.3287,0.6295,-0.7433,100.0,1,0
LJ500_R069_C083,69,83,702750,9535750,3000,4000,2021,6,2021-06,30,1.0,0,0.0,0.0,0.0,0,0,0,0,1.0,0.8162,0.3363,0.6302,-0.7342,100.0,1,0
LJ500_R069_C084,69,84,703250,9535750,3500,4000,2021,6,2021-06,30,1.0,0,0.0,0.0,0.0,0,0,0,0,1.0,0.8153,0.3564,0.6462,-0.7373,100.0,1,0
LJ500_R069_C085,69,85,703750,9535750,4000,4000,2021,6,2021-06,30,1.0,0,0.0,0.0,0.0,0,0,0,0,1.0,0.793,0.3346,0.6206,-0.7129,100.0,1,0
LJ500_R069_C086,69,86,704250,9535750,4500,4000,2021,6,2021-06,30,1.0,0,0.0,0.0,0.0,0,0,0,0,1.0,0.7743,0.3005,0.591,-0.6972,100.0,1,0
LJ500_R070_C077,70,77,699750,9536250,0,4500,2021,6,2021-06,30,0.0,0,0.3423,0.4553,0.2024,0,0,0,0,1.0,0.7697,0.1923,0.4932,-0.698,100.0,1,0
LJ500_R070_C078,70,78,700250,9536250,500,4500,2021,6,2021-06,30,0.0,0,0.3908,0.6092,0.0,0,0,0,0,1.0,0.7804,0.2176,0.5162,-0.7077,100.0,1,0
LJ500_R070_C079,70,79,700750,9536250,1000,4500,2021,6,2021-06,30,0.2082,0,0.7834,0.0084,0.0,0,0,0,0,1.0,0.7885,0.225,0.5229,-0.6776,100.0,1,0
LJ500_R070_C080,70,80,701250,9536250,1500,4500,2021,6,2021-06,30,0.2813,0,0.7187,0.0,0.0,0,0,0,0,1.0,0.813,0.2374,0.5402,-0.696,100.0,1,0
LJ500_R070_C081,70,81,701750,9536250,2000,4500,2021,6,2021-06,30,0.9197,0,0.0803,0.0,0.0,0,0,0,0,1.0,0.8324,0.2621,0.569,-0.723,100.0,1,0
LJ500_R070_C082,70,82,702250,9536250,2500,4500,2021,6,2021-06,30,1.0,0,0.0,0.0,0.0,0,0,0,0,1.0,0.7902,0.2449,0.5412,-0.6964,100.0,1,0
LJ500_R070_C083,70,83,702750,9536250,3000,4500,2021,6,2021-06,30,1.0,0,0.0,0.0,0.0,0,0,0,0,1.0,0.8278,0.3062,0.6055,-0.7317,100.0,1,0
LJ500_R070_C084,70,84,703250,9536250,3500,4500,2021,6,2021-06,30,0.9943,0,0.0057,0.0,0.0,0,0,0,0,1.0,0.7874,0.2897,0.5809,-0.7062,100.0,1,0
LJ500_R070_C085,70,85,703750,9536250,4000,4500,2021,6,2021-06,30,1.0,0,0.0,0.0,0.0,0,0,0,0,1.0,0.7965,0.3354,0.6212,-0.7253,100.0,1,0
LJ500_R070_C086,70,86,704250,9536250,4500,4500,2021,6,2021-06,30,1.0,0,0.0,0.0,0.0,0,0,0,0,1.0,0.8252,0.3636,0.6528,-0.7462,100.0,1,0
LJ500_R061_C077,61,77,699750,9531750,0,0,2021,7,2021-07,31,0.0,0,1.0,0.0,0.0,0,0,0,0,1.0,0.7612,0.1468,0.4413,-0.6945,100.0,1,0
LJ500_R061_C078,61,78,700250,9531750,500,0,2021,7,2021-07,31,0.0,0,0.9516,0.0,0.0484,0,0,0,0,1.0,0.7836,0.1854,0.4884,-0.6988,100.0,1,0
LJ500_R061_C079,61,79,700750,9531750,1000,0,2021,7,2021-07,31,0.0,0,0.906,0.0,0.094,0,0,0,0,1.0,0.8187,0.2369,0.5491,-0.7215,100.0,1,0
LJ500_R061_C080,61,80,701250,9531750,1500,0,2021,7,2021-07,31,0.1714,0,0.8229,0.0,0.0057,0,0,0,0,1.0,0.7781,0.2141,0.5232,-0.6862,100.0,1,0
LJ500_R061_C081,61,81,701750,9531750,2000,0,2021,7,2021-07,31,0.0,0,1.0,0.0,0.0,0,0,0,0,1.0,0.7391,0.2168,0.5182,-0.6424,100.0,1,0
LJ500_R061_C082,61,82,702250,9531750,2500,0,2021,7,2021-07,31,0.0618,0,0.9382,0.0,0.0,0,0,0,0,1.0,0.779,0.2349,0.5443,-0.674,100.0,1,0
LJ500_R061_C083,61,83,702750,9531750,3000,0,2021,7,2021-07,31,0.5343,0,0.3633,0.1024,0.0,0,0,0,0,1.0,0.8216,0.3119,0.6227,-0.7009,100.0,1,0
LJ500_R061_C084,61,84,703250,9531750,3500,0,2021,7,2021-07,31,0.7729,0,0.0,0.2271,0.0,0,0,0,0,1.0,0.8034,0.2634,0.5647,-0.7167,87.36,1,0
LJ500_R061_C085,61,85,703750,9531750,4000,0,2021,7,2021-07,31,0.709,0,0.291,0.0,0.0,0,0,0,0,1.0,0.8328,0.3033,0.6118,-0.7338,82.72,1,0
LJ500_R061_C086,61,86,704250,9531750,4500,0,2021,7,2021-07,31,1.0,0,0.0,0.0,0.0,0,0,0,0,1.0,0.7573,0.2423,0.5359,-0.6636,40.16,1,0
LJ500_R062_C077,62,77,699750,9532250,0,500,2021,7,2021-07,31,0.0,0,0.7197,0.0,0.2803,0,0,0,0,1.0,0.7543,0.2005,0.4903,-0.6695,94.24,1,0
LJ500_R062_C078,62,78,700250,9532250,500,500,2021,7,2021-07,31,0.0,0,0.5947,0.0,0.4053,0,0,0,0,1.0,0.77,0.2217,0.5176,-0.6808,100.0,1,0
LJ500_R062_C079,62,79,700750,9532250,1000,500,2021,7,2021-07,31,0.0,0,0.771,0.0,0.229,0,0,0,0,1.0,0.8005,0.2508,0.5533,-0.6888,100.0,1,0
LJ500_R062_C080,62,80,701250,9532250,1500,500,2021,7,2021-07,31,0.235,0,0.6379,0.0,0.1271,0,0,0,0,1.0,0.7558,0.2319,0.5214,-0.6493,88.32,1,0
LJ500_R062_C081,62,81,701750,9532250,2000,500,2021,7,2021-07,31,0.0684,0,0.7378,0.0,0.1938,0,0,0,0,1.0,0.7758,0.2498,0.5594,-0.6691,100.0,1,0
LJ500_R062_C082,62,82,702250,9532250,2500,500,2021,7,2021-07,31,0.0973,0,0.9027,0.0,0.0,0,0,0,0,1.0,0.8043,0.2644,0.5781,-0.6961,100.0,1,0
LJ500_R062_C083,62,83,702750,9532250,3000,500,2021,7,2021-07,31,0.0473,0,0.9507,0.0019,0.0,0,0,0,0,1.0,0.8165,0.2585,0.5681,-0.7028,99.84,1,0
LJ500_R062_C084,62,84,703250,9532250,3500,500,2021,7,2021-07,31,0.2757,0,0.7209,0.0034,0.0,0,0,0,0,1.0,0.8457,0.2794,0.5963,-0.7355,100.0,1,0
LJ500_R062_C085,62,85,703750,9532250,4000,500,2021,7,2021-07,31,0.0588,0,0.9412,0.0,0.0,0,0,0,0,1.0,0.8272,0.2659,0.5811,-0.7177,87.04,1,0
LJ500_R062_C086,62,86,704250,9532250,4500,500,2021,7,2021-07,31,0.7611,0,0.2389,0.0,0.0,0,0,0,0,1.0,0.8118,0.2653,0.5757,-0.7105,100.0,1,0
LJ500_R063_C077,63,77,699750,9532750,0,1000,2021,7,2021-07,31,0.0,0,0.1158,0.0,0.8842,0,0,0,0,1.0,0.7699,0.2422,0.5079,-0.6763,84.0,1,0
LJ500_R063_C078,63,78,700250,9532750,500,1000,2021,7,2021-07,31,0.0328,0,0.3431,0.0,0.624,0,0,0,0,1.0,0.7717,0.2321,0.5202,-0.68,80.64,1,0
LJ500_R063_C079,63,79,700750,9532750,1000,1000,2021,7,2021-07,31,0.2883,0,0.3768,0.0,0.3349,0,0,0,0,1.0,0.7654,0.1966,0.4628,-0.6694,94.4,1,0
LJ500_R063_C080,63,80,701250,9532750,1500,1000,2021,7,2021-07,31,0.1673,0,0.4746,0.0,0.358,0,0,0,0,1.0,0.7748,0.191,0.4741,-0.6842,57.76,1,0
LJ500_R063_C081,63,81,701750,9532750,2000,1000,2021,7,2021-07,31,0.0165,0,0.5433,0.0,0.4402,0,0,0,0,1.0,0.8032,0.2514,0.5626,-0.7004,100.0,1,0
LJ500_R063_C082,63,82,702250,9532750,2500,1000,2021,7,2021-07,31,0.6742,0,0.2142,0.0,0.1117,0,0,0,0,1.0,0.8073,0.2616,0.5762,-0.6905,82.72,1,0
LJ500_R063_C083,63,83,702750,9532750,3000,1000,2021,7,2021-07,31,0.2059,0,0.7941,0.0,0.0,0,0,0,0,1.0,0.8045,0.258,0.5646,-0.6869,87.04,1,0
LJ500_R063_C084,63,84,703250,9532750,3500,1000,2021,7,2021-07,31,0.2973,0,0.7027,0.0,0.0,0,0,0,0,1.0,0.8279,0.2541,0.5728,-0.7197,84.48,1,0
LJ500_R063_C085,63,85,703750,9532750,4000,1000,2021,7,2021-07,31,0.1462,0,0.8538,0.0,0.0,0,0,0,0,1.0,0.8306,0.277,0.5907,-0.7188,89.76,1,0
LJ500_R063_C086,63,86,704250,9532750,4500,1000,2021,7,2021-07,31,0.3435,0,0.6565,0.0,0.0,0,0,0,0,1.0,0.8483,0.2982,0.6121,-0.7366,97.28,1,0
LJ500_R064_C077,64,77,699750,9533250,0,1500,2021,7,2021-07,31,0.3887,0,0.3116,0.0,0.2997,0,0,0,0,1.0,0.8033,0.2585,0.5365,-0.7048,23.84,1,0
LJ500_R064_C078,64,78,700250,9533250,500,1500,2021,7,2021-07,31,0.5382,0,0.082,0.0,0.3799,0,0,0,0,1.0,0.5292,0.1827,0.3711,-0.4558,23.68,1,0
LJ500_R064_C079,64,79,700750,9533250,1000,1500,2021,7,2021-07,31,0.4384,0,0.1474,0.0,0.4142,0,0,0,0,1.0,0.6757,0.1776,0.4376,-0.6048,66.56,1,0
LJ500_R064_C080,64,80,701250,9533250,1500,1500,2021,7,2021-07,31,0.5951,0,0.4049,0.0,0.0,0,0,0,0,1.0,0.7632,0.2491,0.5532,-0.6666,93.28,1,0
LJ500_R064_C081,64,81,701750,9533250,2000,1500,2021,7,2021-07,31,0.5997,0,0.181,0.0,0.2193,0,0,0,0,1.0,0.8018,0.2927,0.599,-0.6925,88.0,1,0
LJ500_R064_C082,64,82,702250,9533250,2500,1500,2021,7,2021-07,31,0.7276,0,0.2724,0.0,0.0,0,0,0,0,1.0,0.7898,0.2625,0.5723,-0.6813,80.8,1,0
LJ500_R064_C083,64,83,702750,9533250,3000,1500,2021,7,2021-07,31,0.566,0,0.203,0.0,0.231,0,0,0,0,1.0,0.8365,0.3002,0.6145,-0.7358,96.0,1,0
LJ500_R064_C084,64,84,703250,9533250,3500,1500,2021,7,2021-07,31,0.235,0,0.7298,0.0,0.0352,0,0,0,0,1.0,0.86,0.3056,0.6267,-0.7525,100.0,1,0
LJ500_R064_C085,64,85,703750,9533250,4000,1500,2021,7,2021-07,31,0.5109,0,0.4891,0.0,0.0,0,0,0,0,1.0,0.8483,0.2999,0.6194,-0.7414,100.0,1,0
LJ500_R064_C086,64,86,704250,9533250,4500,1500,2021,7,2021-07,31,0.748,0,0.252,0.0,0.0,0,0,0,0,1.0,0.7929,0.2421,0.55,-0.6998,89.76,1,0
LJ500_R065_C077,65,77,699750,9533750,0,2000,2021,7,2021-07,31,0.312,0,0.4033,0.0,0.2847,0,0,0,0,1.0,0.4294,0.1907,0.3415,-0.3616,10.08,1,0
LJ500_R065_C078,65,78,700250,9533750,500,2000,2021,7,2021-07,31,0.5913,0,0.4071,0.0,0.0016,0,0,0,0,1.0,0.5176,0.2083,0.3839,-0.4451,9.44,1,0
LJ500_R065_C079,65,79,700750,9533750,1000,2000,2021,7,2021-07,31,0.3219,0,0.6781,0.0,0.0,0,0,0,0,1.0,0.8022,0.3074,0.609,-0.6943,6.4,1,0
LJ500_R065_C080,65,80,701250,9533750,1500,2000,2021,7,2021-07,31,0.8266,0,0.1734,0.0,0.0,0,0,0,0,1.0,0.8134,0.312,0.623,-0.7035,98.24,1,0
LJ500_R065_C081,65,81,701750,9533750,2000,2000,2021,7,2021-07,31,0.9017,0,0.0983,0.0,0.0,0,0,0,0,1.0,0.7307,0.2754,0.5708,-0.6208,91.52,1,0
LJ500_R065_C082,65,82,702250,9533750,2500,2000,2021,7,2021-07,31,0.7327,0,0.2673,0.0,0.0,0,0,0,0,1.0,0.7754,0.2579,0.5673,-0.6848,83.36,1,0
LJ500_R065_C083,65,83,702750,9533750,3000,2000,2021,7,2021-07,31,0.7802,0,0.1368,0.0,0.083,0,0,0,0,1.0,0.8452,0.3099,0.6253,-0.7434,89.76,1,0
LJ500_R065_C084,65,84,703250,9533750,3500,2000,2021,7,2021-07,31,0.3229,0,0.6771,0.0,0.0,0,0,0,0,1.0,0.8482,0.2981,0.615,-0.7396,89.76,1,0
LJ500_R065_C085,65,85,703750,9533750,4000,2000,2021,7,2021-07,31,0.0167,0,0.9833,0.0,0.0,0,0,0,0,1.0,0.7613,0.2004,0.5031,-0.6834,100.0,1,0
LJ500_R065_C086,65,86,704250,9533750,4500,2000,2021,7,2021-07,31,0.7821,0,0.2179,0.0,0.0,0,0,0,0,1.0,0.8137,0.2958,0.6012,-0.7229,70.08,1,0
LJ500_R066_C077,66,77,699750,9534250,0,2500,2021,7,2021-07,31,0.5018,0,0.3517,0.0,0.1465,0,0,0,0,1.0,0.5437,0.1671,0.3742,-0.4957,5.6,1,0
LJ500_R066_C078,66,78,700250,9534250,500,2500,2021,7,2021-07,31,0.1232,0,0.8768,0.0,0.0,0,0,0,0,1.0,0.2829,0.0342,0.1859,-0.2618,1.6,1,0
LJ500_R066_C079,66,79,700750,9534250,1000,2500,2021,7,2021-07,31,0.3332,0,0.6668,0.0,0.0,0,0,0,0,1.0,0.1682,-0.0319,0.0824,-0.1675,1.12,1,0
LJ500_R066_C080,66,80,701250,9534250,1500,2500,2021,7,2021-07,31,0.9149,0,0.0851,0.0,0.0,0,0,0,0,1.0,0.4657,0.1775,0.3506,-0.4008,10.56,1,0
LJ500_R066_C081,66,81,701750,9534250,2000,2500,2021,7,2021-07,31,0.7037,0,0.2963,0.0,0.0,0,0,0,0,1.0,0.7075,0.2515,0.5488,-0.6136,86.08,1,0
LJ500_R066_C082,66,82,702250,9534250,2500,2500,2021,7,2021-07,31,0.6772,0,0.3228,0.0,0.0,0,0,0,0,1.0,0.7671,0.2928,0.5934,-0.6611,83.04,1,0
LJ500_R066_C083,66,83,702750,9534250,3000,2500,2021,7,2021-07,31,0.6289,0,0.3711,0.0,0.0,0,0,0,0,1.0,0.7902,0.2718,0.5712,-0.6892,40.96,1,0
LJ500_R066_C084,66,84,703250,9534250,3500,2500,2021,7,2021-07,31,0.7305,0,0.2695,0.0,0.0,0,0,0,0,1.0,0.7876,0.2667,0.5735,-0.6869,21.44,1,0
LJ500_R066_C085,66,85,703750,9534250,4000,2500,2021,7,2021-07,31,0.7865,0,0.2135,0.0,0.0,0,0,0,0,1.0,0.7849,0.2767,0.5687,-0.6934,67.2,1,0
LJ500_R066_C086,66,86,704250,9534250,4500,2500,2021,7,2021-07,31,1.0,0,0.0,0.0,0.0,0,0,0,0,1.0,0.8255,0.3142,0.611,-0.7291,19.84,1,0
LJ500_R067_C077,67,77,699750,9534750,0,3000,2021,7,2021-07,31,0.7165,0,0.2835,0.0,0.0,0,0,0,0,1.0,0.7682,0.1863,0.4646,-0.6848,24.64,1,0
LJ500_R067_C078,67,78,700250,9534750,500,3000,2021,7,2021-07,31,0.8229,0,0.1771,0.0,0.0,0,0,0,0,1.0,,,,,0.0,1,1
LJ500_R067_C079,67,79,700750,9534750,1000,3000,2021,7,2021-07,31,0.9659,0,0.0341,0.0,0.0,0,0,0,0,1.0,0.7441,0.2878,0.5605,-0.6559,0.32,1,0
LJ500_R067_C080,67,80,701250,9534750,1500,3000,2021,7,2021-07,31,0.8944,0,0.1056,0.0,0.0,0,0,0,0,1.0,0.4683,0.1724,0.3758,-0.4121,11.52,1,0
LJ500_R067_C081,67,81,701750,9534750,2000,3000,2021,7,2021-07,31,0.7989,0,0.1897,0.0,0.0114,0,0,0,0,1.0,0.7136,0.2829,0.5664,-0.6276,92.8,1,0
LJ500_R067_C082,67,82,702250,9534750,2500,3000,2021,7,2021-07,31,1.0,0,0.0,0.0,0.0,0,0,0,0,1.0,0.7455,0.3162,0.6109,-0.6328,87.04,1,0
LJ500_R067_C083,67,83,702750,9534750,3000,3000,2021,7,2021-07,31,1.0,0,0.0,0.0,0.0,0,0,0,0,1.0,0.7202,0.3181,0.6029,-0.5985,59.2,1,0
LJ500_R067_C084,67,84,703250,9534750,3500,3000,2021,7,2021-07,31,1.0,0,0.0,0.0,0.0,0,0,0,0,1.0,,,,,0.0,1,1
LJ500_R067_C085,67,85,703750,9534750,4000,3000,2021,7,2021-07,31,1.0,0,0.0,0.0,0.0,0,0,0,0,1.0,0.7285,0.3126,0.5719,-0.6431,25.76,1,0
LJ500_R067_C086,67,86,704250,9534750,4500,3000,2021,7,2021-07,31,1.0,0,0.0,0.0,0.0,0,0,0,0,1.0,0.7226,0.3202,0.5764,-0.6326,77.44,1,0
LJ500_R068_C077,68,77,699750,9535250,0,3500,2021,7,2021-07,31,0.065,0,0.935,0.0,0.0,0,0,0,0,1.0,0.7636,0.1825,0.4783,-0.6811,79.04,1,0
LJ500_R068_C078,68,78,700250,9535250,500,3500,2021,7,2021-07,31,0.7525,0,0.2475,0.0,0.0,0,0,0,0,1.0,0.7686,0.1981,0.4913,-0.6621,3.2,1,0
LJ500_R068_C079,68,79,700750,9535250,1000,3500,2021,7,2021-07,31,1.0,0,0.0,0.0,0.0,0,0,0,0,1.0,0.6477,0.2299,0.4795,-0.5496,8.32,1,0
LJ500_R068_C080,68,80,701250,9535250,1500,3500,2021,7,2021-07,31,0.8923,0,0.1077,0.0,0.0,0,0,0,0,1.0,0.6297,0.2222,0.4757,-0.5512,69.44,1,0
LJ500_R068_C081,68,81,701750,9535250,2000,3500,2021,7,2021-07,31,0.6646,0,0.0767,0.0,0.2586,0,0,0,0,1.0,0.6194,0.1697,0.4445,-0.5657,75.84,1,0
LJ500_R068_C082,68,82,702250,9535250,2500,3500,2021,7,2021-07,31,0.9399,0,0.0601,0.0,0.0,0,0,0,0,1.0,0.7541,0.3488,0.6323,-0.6568,69.28,1,0
LJ500_R068_C083,68,83,702750,9535250,3000,3500,2021,7,2021-07,31,1.0,0,0.0,0.0,0.0,0,0,0,0,1.0,0.7097,0.3342,0.5939,-0.6215,22.56,1,0
LJ500_R068_C084,68,84,703250,9535250,3500,3500,2021,7,2021-07,31,1.0,0,0.0,0.0,0.0,0,0,0,0,1.0,0.6937,0.3813,0.6455,-0.5709,8.16,1,0
LJ500_R068_C085,68,85,703750,9535250,4000,3500,2021,7,2021-07,31,1.0,0,0.0,0.0,0.0,0,0,0,0,1.0,0.7333,0.385,0.6216,-0.6417,6.88,1,0
LJ500_R068_C086,68,86,704250,9535250,4500,3500,2021,7,2021-07,31,1.0,0,0.0,0.0,0.0,0,0,0,0,1.0,0.7304,0.3379,0.6053,-0.6462,85.76,1,0
LJ500_R069_C077,69,77,699750,9535750,0,4000,2021,7,2021-07,31,0.0,0,0.9574,0.0426,0.0,0,0,0,0,1.0,0.7588,0.1996,0.497,-0.6682,76.0,1,0
LJ500_R069_C078,69,78,700250,9535750,500,4000,2021,7,2021-07,31,0.4139,0,0.5115,0.0746,0.0,0,0,0,0,1.0,0.7442,0.2936,0.5653,-0.6321,14.24,1,0
LJ500_R069_C079,69,79,700750,9535750,1000,4000,2021,7,2021-07,31,0.6432,0,0.3568,0.0,0.0,0,0,0,0,1.0,0.6544,0.1238,0.3911,-0.5762,40.16,1,0
LJ500_R069_C080,69,80,701250,9535750,1500,4000,2021,7,2021-07,31,0.8514,0,0.1486,0.0,0.0,0,0,0,0,1.0,0.7291,0.2236,0.5046,-0.638,100.0,1,0
LJ500_R069_C081,69,81,701750,9535750,2000,4000,2021,7,2021-07,31,1.0,0,0.0,0.0,0.0,0,0,0,0,1.0,0.7939,0.3244,0.6188,-0.6938,100.0,1,0
LJ500_R069_C082,69,82,702250,9535750,2500,4000,2021,7,2021-07,31,1.0,0,0.0,0.0,0.0,0,0,0,0,1.0,0.798,0.3418,0.6361,-0.6937,98.24,1,0
LJ500_R069_C083,69,83,702750,9535750,3000,4000,2021,7,2021-07,31,1.0,0,0.0,0.0,0.0,0,0,0,0,1.0,0.7535,0.3484,0.6395,-0.6406,21.12,1,0
LJ500_R069_C084,69,84,703250,9535750,3500,4000,2021,7,2021-07,31,1.0,0,0.0,0.0,0.0,0,0,0,0,1.0,0.7343,0.3855,0.6361,-0.6507,0.16,1,0
LJ500_R069_C085,69,85,703750,9535750,4000,4000,2021,7,2021-07,31,1.0,0,0.0,0.0,0.0,0,0,0,0,1.0,0.5398,0.3122,0.5157,-0.473,2.24,1,0
LJ500_R069_C086,69,86,704250,9535750,4500,4000,2021,7,2021-07,31,1.0,0,0.0,0.0,0.0,0,0,0,0,1.0,0.5257,0.2512,0.4581,-0.4635,16.48,1,0
LJ500_R070_C077,70,77,699750,9536250,0,4500,2021,7,2021-07,31,0.0,0,0.3423,0.4553,0.2024,0,0,0,0,1.0,0.7627,0.1841,0.4773,-0.7031,100.0,1,0
LJ500_R070_C078,70,78,700250,9536250,500,4500,2021,7,2021-07,31,0.0,0,0.3908,0.6092,0.0,0,0,0,0,1.0,0.7582,0.2115,0.5026,-0.6924,73.6,1,0
LJ500_R070_C079,70,79,700750,9536250,1000,4500,2021,7,2021-07,31,0.2082,0,0.7834,0.0084,0.0,0,0,0,0,1.0,0.7818,0.2198,0.5098,-0.6765,92.64,1,0
LJ500_R070_C080,70,80,701250,9536250,1500,4500,2021,7,2021-07,31,0.2813,0,0.7187,0.0,0.0,0,0,0,0,1.0,0.7949,0.2431,0.5403,-0.6769,100.0,1,0
LJ500_R070_C081,70,81,701750,9536250,2000,4500,2021,7,2021-07,31,0.9197,0,0.0803,0.0,0.0,0,0,0,0,1.0,0.7984,0.2722,0.5777,-0.6797,100.0,1,0
LJ500_R070_C082,70,82,702250,9536250,2500,4500,2021,7,2021-07,31,1.0,0,0.0,0.0,0.0,0,0,0,0,1.0,0.7421,0.2585,0.5535,-0.6344,98.24,1,0
LJ500_R070_C083,70,83,702750,9536250,3000,4500,2021,7,2021-07,31,1.0,0,0.0,0.0,0.0,0,0,0,0,1.0,0.7757,0.3327,0.6265,-0.6561,47.36,1,0
LJ500_R070_C084,70,84,703250,9536250,3500,4500,2021,7,2021-07,31,0.9943,0,0.0057,0.0,0.0,0,0,0,0,1.0,0.6913,0.343,0.6066,-0.5941,7.84,1,0
LJ500_R070_C085,70,85,703750,9536250,4000,4500,2021,7,2021-07,31,1.0,0,0.0,0.0,0.0,0,0,0,0,1.0,0.6179,0.3393,0.5719,-0.5388,38.08,1,0
LJ500_R070_C086,70,86,704250,9536250,4500,4500,2021,7,2021-07,31,1.0,0,0.0,0.0,0.0,0,0,0,0,1.0,0.6132,0.316,0.5641,-0.5501,35.68,1,0
LJ500_R061_C077,61,77,699750,9531750,0,0,2021,8,2021-08,32,0.0,0,1.0,0.0,0.0,0,0,0,0,1.0,0.709,0.0915,0.3664,-0.6651,100.0,1,0
LJ500_R061_C078,61,78,700250,9531750,500,0,2021,8,2021-08,32,0.0,0,0.9516,0.0,0.0484,0,0,0,0,1.0,0.7377,0.136,0.4262,-0.6773,100.0,1,0
LJ500_R061_C079,61,79,700750,9531750,1000,0,2021,8,2021-08,32,0.0,0,0.906,0.0,0.094,0,0,0,0,1.0,0.7452,0.1849,0.4783,-0.6618,100.0,1,0
LJ500_R061_C080,61,80,701250,9531750,1500,0,2021,8,2021-08,32,0.1714,0,0.8229,0.0,0.0057,0,0,0,0,1.0,0.7519,0.1824,0.4817,-0.6779,100.0,1,0
LJ500_R061_C081,61,81,701750,9531750,2000,0,2021,8,2021-08,32,0.0,0,1.0,0.0,0.0,0,0,0,0,1.0,0.746,0.1942,0.4963,-0.6668,98.4,1,0
LJ500_R061_C082,61,82,702250,9531750,2500,0,2021,8,2021-08,32,0.0618,0,0.9382,0.0,0.0,0,0,0,0,1.0,0.7825,0.1807,0.4779,-0.7158,42.56,1,0
LJ500_R061_C083,61,83,702750,9531750,3000,0,2021,8,2021-08,32,0.5343,0,0.3633,0.1024,0.0,0,0,0,0,1.0,,,,,0.0,1,1
LJ500_R061_C084,61,84,703250,9531750,3500,0,2021,8,2021-08,32,0.7729,0,0.0,0.2271,0.0,0,0,0,0,1.0,0.7788,0.213,0.5118,-0.7175,3.04,1,0
LJ500_R061_C085,61,85,703750,9531750,4000,0,2021,8,2021-08,32,0.709,0,0.291,0.0,0.0,0,0,0,0,1.0,0.8465,0.3334,0.6368,-0.7621,73.76,1,0
LJ500_R061_C086,61,86,704250,9531750,4500,0,2021,8,2021-08,32,1.0,0,0.0,0.0,0.0,0,0,0,0,1.0,0.7275,0.2451,0.5213,-0.6449,73.76,1,0
LJ500_R062_C077,62,77,699750,9532250,0,500,2021,8,2021-08,32,0.0,0,0.7197,0.0,0.2803,0,0,0,0,1.0,0.744,0.1647,0.4416,-0.6774,100.0,1,0
LJ500_R062_C078,62,78,700250,9532250,500,500,2021,8,2021-08,32,0.0,0,0.5947,0.0,0.4053,0,0,0,0,1.0,0.7411,0.1916,0.4767,-0.6665,100.0,1,0
LJ500_R062_C079,62,79,700750,9532250,1000,500,2021,8,2021-08,32,0.0,0,0.771,0.0,0.229,0,0,0,0,1.0,0.7578,0.2134,0.5015,-0.6653,100.0,1,0
LJ500_R062_C080,62,80,701250,9532250,1500,500,2021,8,2021-08,32,0.235,0,0.6379,0.0,0.1271,0,0,0,0,1.0,0.7366,0.2098,0.5025,-0.6305,100.0,1,0
LJ500_R062_C081,62,81,701750,9532250,2000,500,2021,8,2021-08,32,0.0684,0,0.7378,0.0,0.1938,0,0,0,0,1.0,0.752,0.225,0.5393,-0.652,99.52,1,0
LJ500_R062_C082,62,82,702250,9532250,2500,500,2021,8,2021-08,32,0.0973,0,0.9027,0.0,0.0,0,0,0,0,1.0,0.7725,0.287,0.6037,-0.6522,49.6,1,0
LJ500_R062_C083,62,83,702750,9532250,3000,500,2021,8,2021-08,32,0.0473,0,0.9507,0.0019,0.0,0,0,0,0,1.0,,,,,0.0,1,1
LJ500_R062_C084,62,84,703250,9532250,3500,500,2021,8,2021-08,32,0.2757,0,0.7209,0.0034,0.0,0,0,0,0,1.0,0.8461,0.263,0.5586,-0.7521,30.4,1,0
LJ500_R062_C085,62,85,703750,9532250,4000,500,2021,8,2021-08,32,0.0588,0,0.9412,0.0,0.0,0,0,0,0,1.0,0.7921,0.2704,0.5698,-0.6954,88.8,1,0
LJ500_R062_C086,62,86,704250,9532250,4500,500,2021,8,2021-08,32,0.7611,0,0.2389,0.0,0.0,0,0,0,0,1.0,0.7914,0.2626,0.5577,-0.6966,100.0,1,0
LJ500_R063_C077,63,77,699750,9532750,0,1000,2021,8,2021-08,32,0.0,0,0.1158,0.0,0.8842,0,0,0,0,1.0,0.7403,0.2025,0.4598,-0.6711,100.0,1,0
LJ500_R063_C078,63,78,700250,9532750,500,1000,2021,8,2021-08,32,0.0328,0,0.3431,0.0,0.624,0,0,0,0,1.0,0.7429,0.1873,0.4637,-0.6755,100.0,1,0
LJ500_R063_C079,63,79,700750,9532750,1000,1000,2021,8,2021-08,32,0.2883,0,0.3768,0.0,0.3349,0,0,0,0,1.0,0.7449,0.1706,0.4309,-0.6702,100.0,1,0
LJ500_R063_C080,63,80,701250,9532750,1500,1000,2021,8,2021-08,32,0.1673,0,0.4746,0.0,0.358,0,0,0,0,1.0,0.752,0.1912,0.4687,-0.6767,100.0,1,0
LJ500_R063_C081,63,81,701750,9532750,2000,1000,2021,8,2021-08,32,0.0165,0,0.5433,0.0,0.4402,0,0,0,0,1.0,0.7656,0.2336,0.5499,-0.6711,100.0,1,0
LJ500_R063_C082,63,82,702250,9532750,2500,1000,2021,8,2021-08,32,0.6742,0,0.2142,0.0,0.1117,0,0,0,0,1.0,0.7402,0.2453,0.5605,-0.6142,99.68,1,0
LJ500_R063_C083,63,83,702750,9532750,3000,1000,2021,8,2021-08,32,0.2059,0,0.7941,0.0,0.0,0,0,0,0,1.0,0.7017,0.2681,0.5607,-0.5771,61.76,1,0
LJ500_R063_C084,63,84,703250,9532750,3500,1000,2021,8,2021-08,32,0.2973,0,0.7027,0.0,0.0,0,0,0,0,1.0,0.6731,0.1494,0.4199,-0.6469,14.72,1,0
LJ500_R063_C085,63,85,703750,9532750,4000,1000,2021,8,2021-08,32,0.1462,0,0.8538,0.0,0.0,0,0,0,0,1.0,0.794,0.2869,0.5933,-0.7026,83.52,1,0
LJ500_R063_C086,63,86,704250,9532750,4500,1000,2021,8,2021-08,32,0.3435,0,0.6565,0.0,0.0,0,0,0,0,1.0,0.7651,0.2835,0.5834,-0.6639,100.0,1,0
LJ500_R064_C077,64,77,699750,9533250,0,1500,2021,8,2021-08,32,0.3887,0,0.3116,0.0,0.2997,0,0,0,0,1.0,0.7932,0.2228,0.5123,-0.7129,100.0,1,0
LJ500_R064_C078,64,78,700250,9533250,500,1500,2021,8,2021-08,32,0.5382,0,0.082,0.0,0.3799,0,0,0,0,1.0,0.7672,0.2271,0.5182,-0.6898,100.0,1,0
LJ500_R064_C079,64,79,700750,9533250,1000,1500,2021,8,2021-08,32,0.4384,0,0.1474,0.0,0.4142,0,0,0,0,1.0,0.7337,0.1427,0.425,-0.6758,100.0,1,0
LJ500_R064_C080,64,80,701250,9533250,1500,1500,2021,8,2021-08,32,0.5951,0,0.4049,0.0,0.0,0,0,0,0,1.0,0.7984,0.2309,0.5349,-0.7192,100.0,1,0
LJ500_R064_C081,64,81,701750,9533250,2000,1500,2021,8,2021-08,32,0.5997,0,0.181,0.0,0.2193,0,0,0,0,1.0,0.8112,0.2678,0.584,-0.7122,100.0,1,0
LJ500_R064_C082,64,82,702250,9533250,2500,1500,2021,8,2021-08,32,0.7276,0,0.2724,0.0,0.0,0,0,0,0,1.0,0.7486,0.2842,0.6016,-0.6215,100.0,1,0
LJ500_R064_C083,64,83,702750,9533250,3000,1500,2021,8,2021-08,32,0.566,0,0.203,0.0,0.231,0,0,0,0,1.0,0.8148,0.3325,0.6461,-0.7094,84.96,1,0
LJ500_R064_C084,64,84,703250,9533250,3500,1500,2021,8,2021-08,32,0.235,0,0.7298,0.0,0.0352,0,0,0,0,1.0,0.8579,0.3699,0.6527,-0.7645,45.76,1,0
LJ500_R064_C085,64,85,703750,9533250,4000,1500,2021,8,2021-08,32,0.5109,0,0.4891,0.0,0.0,0,0,0,0,1.0,0.7879,0.2983,0.6082,-0.7043,97.44,1,0
LJ500_R064_C086,64,86,704250,9533250,4500,1500,2021,8,2021-08,32,0.748,0,0.252,0.0,0.0,0,0,0,0,1.0,0.6645,0.2159,0.5016,-0.5919,75.84,1,0
LJ500_R065_C077,65,77,699750,9533750,0,2000,2021,8,2021-08,32,0.312,0,0.4033,0.0,0.2847,0,0,0,0,1.0,0.8164,0.2541,0.548,-0.7227,100.0,1,0
LJ500_R065_C078,65,78,700250,9533750,500,2000,2021,8,2021-08,32,0.5913,0,0.4071,0.0,0.0016,0,0,0,0,1.0,0.7759,0.2393,0.5278,-0.6894,100.0,1,0
LJ500_R065_C079,65,79,700750,9533750,1000,2000,2021,8,2021-08,32,0.3219,0,0.6781,0.0,0.0,0,0,0,0,1.0,0.723,0.1704,0.4503,-0.6633,100.0,1,0
LJ500_R065_C080,65,80,701250,9533750,1500,2000,2021,8,2021-08,32,0.8266,0,0.1734,0.0,0.0,0,0,0,0,1.0,0.8457,0.2917,0.6069,-0.752,100.0,1,0
LJ500_R065_C081,65,81,701750,9533750,2000,2000,2021,8,2021-08,32,0.9017,0,0.0983,0.0,0.0,0,0,0,0,1.0,0.8215,0.2737,0.5851,-0.7197,100.0,1,0
LJ500_R065_C082,65,82,702250,9533750,2500,2000,2021,8,2021-08,32,0.7327,0,0.2673,0.0,0.0,0,0,0,0,1.0,0.7884,0.2722,0.605,-0.6948,100.0,1,0
LJ500_R065_C083,65,83,702750,9533750,3000,2000,2021,8,2021-08,32,0.7802,0,0.1368,0.0,0.083,0,0,0,0,1.0,0.8432,0.3666,0.6695,-0.7343,100.0,1,0
LJ500_R065_C084,65,84,703250,9533750,3500,2000,2021,8,2021-08,32,0.3229,0,0.6771,0.0,0.0,0,0,0,0,1.0,0.8226,0.3504,0.6442,-0.7146,91.36,1,0
LJ500_R065_C085,65,85,703750,9533750,4000,2000,2021,8,2021-08,32,0.0167,0,0.9833,0.0,0.0,0,0,0,0,1.0,0.7523,0.2288,0.5434,-0.6823,79.2,1,0
LJ500_R065_C086,65,86,704250,9533750,4500,2000,2021,8,2021-08,32,0.7821,0,0.2179,0.0,0.0,0,0,0,0,1.0,0.6831,0.2657,0.5563,-0.5915,68.16,1,0
LJ500_R066_C077,66,77,699750,9534250,0,2500,2021,8,2021-08,32,0.5018,0,0.3517,0.0,0.1465,0,0,0,0,1.0,0.7758,0.22,0.5144,-0.6722,100.0,1,0
LJ500_R066_C078,66,78,700250,9534250,500,2500,2021,8,2021-08,32,0.1232,0,0.8768,0.0,0.0,0,0,0,0,1.0,0.7232,0.184,0.4594,-0.6551,100.0,1,0
LJ500_R066_C079,66,79,700750,9534250,1000,2500,2021,8,2021-08,32,0.3332,0,0.6668,0.0,0.0,0,0,0,0,1.0,0.6924,0.1471,0.3996,-0.6478,100.0,1,0
LJ500_R066_C080,66,80,701250,9534250,1500,2500,2021,8,2021-08,32,0.9149,0,0.0851,0.0,0.0,0,0,0,0,1.0,0.8071,0.2865,0.5827,-0.7228,100.0,1,0
LJ500_R066_C081,66,81,701750,9534250,2000,2500,2021,8,2021-08,32,0.7037,0,0.2963,0.0,0.0,0,0,0,0,1.0,0.7655,0.2495,0.541,-0.6897,100.0,1,0
LJ500_R066_C082,66,82,702250,9534250,2500,2500,2021,8,2021-08,32,0.6772,0,0.3228,0.0,0.0,0,0,0,0,1.0,0.8203,0.3075,0.6294,-0.7254,100.0,1,0
LJ500_R066_C083,66,83,702750,9534250,3000,2500,2021,8,2021-08,32,0.6289,0,0.3711,0.0,0.0,0,0,0,0,1.0,0.8005,0.3346,0.6217,-0.6872,100.0,1,0
LJ500_R066_C084,66,84,703250,9534250,3500,2500,2021,8,2021-08,32,0.7305,0,0.2695,0.0,0.0,0,0,0,0,1.0,0.7572,0.2901,0.5738,-0.6566,91.36,1,0
LJ500_R066_C085,66,85,703750,9534250,4000,2500,2021,8,2021-08,32,0.7865,0,0.2135,0.0,0.0,0,0,0,0,1.0,0.6964,0.2461,0.5387,-0.623,72.48,1,0
LJ500_R066_C086,66,86,704250,9534250,4500,2500,2021,8,2021-08,32,1.0,0,0.0,0.0,0.0,0,0,0,0,1.0,0.6875,0.2762,0.5476,-0.5985,63.04,1,0
LJ500_R067_C077,67,77,699750,9534750,0,3000,2021,8,2021-08,32,0.7165,0,0.2835,0.0,0.0,0,0,0,0,1.0,0.7464,0.2149,0.5022,-0.6509,100.0,1,0
LJ500_R067_C078,67,78,700250,9534750,500,3000,2021,8,2021-08,32,0.8229,0,0.1771,0.0,0.0,0,0,0,0,1.0,0.7282,0.1771,0.458,-0.6621,100.0,1,0
LJ500_R067_C079,67,79,700750,9534750,1000,3000,2021,8,2021-08,32,0.9659,0,0.0341,0.0,0.0,0,0,0,0,1.0,0.7664,0.2247,0.5035,-0.6954,100.0,1,0
LJ500_R067_C080,67,80,701250,9534750,1500,3000,2021,8,2021-08,32,0.8944,0,0.1056,0.0,0.0,0,0,0,0,1.0,0.7691,0.2644,0.5455,-0.6949,100.0,1,0
LJ500_R067_C081,67,81,701750,9534750,2000,3000,2021,8,2021-08,32,0.7989,0,0.1897,0.0,0.0114,0,0,0,0,1.0,0.7516,0.2627,0.5395,-0.6924,100.0,1,0
LJ500_R067_C082,67,82,702250,9534750,2500,3000,2021,8,2021-08,32,1.0,0,0.0,0.0,0.0,0,0,0,0,1.0,0.8016,0.3189,0.6155,-0.7134,100.0,1,0
LJ500_R067_C083,67,83,702750,9534750,3000,3000,2021,8,2021-08,32,1.0,0,0.0,0.0,0.0,0,0,0,0,1.0,0.772,0.3527,0.6225,-0.667,100.0,1,0
LJ500_R067_C084,67,84,703250,9534750,3500,3000,2021,8,2021-08,32,1.0,0,0.0,0.0,0.0,0,0,0,0,1.0,0.7685,0.3325,0.5986,-0.6787,100.0,1,0
LJ500_R067_C085,67,85,703750,9534750,4000,3000,2021,8,2021-08,32,1.0,0,0.0,0.0,0.0,0,0,0,0,1.0,0.6306,0.2644,0.5335,-0.5603,72.0,1,0
LJ500_R067_C086,67,86,704250,9534750,4500,3000,2021,8,2021-08,32,1.0,0,0.0,0.0,0.0,0,0,0,0,1.0,0.6371,0.2714,0.5192,-0.5658,58.56,1,0
LJ500_R068_C077,68,77,699750,9535250,0,3500,2021,8,2021-08,32,0.065,0,0.935,0.0,0.0,0,0,0,0,1.0,0.701,0.1428,0.4311,-0.6244,100.0,1,0
LJ500_R068_C078,68,78,700250,9535250,500,3500,2021,8,2021-08,32,0.7525,0,0.2475,0.0,0.0,0,0,0,0,1.0,0.7815,0.2252,0.5189,-0.6818,100.0,1,0
LJ500_R068_C079,68,79,700750,9535250,1000,3500,2021,8,2021-08,32,1.0,0,0.0,0.0,0.0,0,0,0,0,1.0,0.7854,0.2536,0.544,-0.6918,100.0,1,0
LJ500_R068_C080,68,80,701250,9535250,1500,3500,2021,8,2021-08,32,0.8923,0,0.1077,0.0,0.0,0,0,0,0,1.0,0.7533,0.2611,0.5333,-0.6843,100.0,1,0
LJ500_R068_C081,68,81,701750,9535250,2000,3500,2021,8,2021-08,32,0.6646,0,0.0767,0.0,0.2586,0,0,0,0,1.0,0.7083,0.1974,0.4737,-0.6672,100.0,1,0
LJ500_R068_C082,68,82,702250,9535250,2500,3500,2021,8,2021-08,32,0.9399,0,0.0601,0.0,0.0,0,0,0,0,1.0,0.7569,0.3195,0.5895,-0.6845,100.0,1,0
LJ500_R068_C083,68,83,702750,9535250,3000,3500,2021,8,2021-08,32,1.0,0,0.0,0.0,0.0,0,0,0,0,1.0,0.7535,0.3427,0.5999,-0.6791,100.0,1,0
LJ500_R068_C084,68,84,703250,9535250,3500,3500,2021,8,2021-08,32,1.0,0,0.0,0.0,0.0,0,0,0,0,1.0,0.7908,0.3847,0.633,-0.6996,100.0,1,0
LJ500_R068_C085,68,85,703750,9535250,4000,3500,2021,8,2021-08,32,1.0,0,0.0,0.0,0.0,0,0,0,0,1.0,0.6242,0.2904,0.5363,-0.5618,99.52,1,0
LJ500_R068_C086,68,86,704250,9535250,4500,3500,2021,8,2021-08,32,1.0,0,0.0,0.0,0.0,0,0,0,0,1.0,0.5621,0.256,0.4829,-0.4941,43.36,1,0
LJ500_R069_C077,69,77,699750,9535750,0,4000,2021,8,2021-08,32,0.0,0,0.9574,0.0426,0.0,0,0,0,0,1.0,0.7226,0.1654,0.4602,-0.6439,100.0,1,0
LJ500_R069_C078,69,78,700250,9535750,500,4000,2021,8,2021-08,32,0.4139,0,0.5115,0.0746,0.0,0,0,0,0,1.0,0.8291,0.2971,0.5956,-0.7135,100.0,1,0
LJ500_R069_C079,69,79,700750,9535750,1000,4000,2021,8,2021-08,32,0.6432,0,0.3568,0.0,0.0,0,0,0,0,1.0,0.7434,0.2074,0.4893,-0.656,100.0,1,0
LJ500_R069_C080,69,80,701250,9535750,1500,4000,2021,8,2021-08,32,0.8514,0,0.1486,0.0,0.0,0,0,0,0,1.0,0.7706,0.2352,0.5222,-0.6915,100.0,1,0
LJ500_R069_C081,69,81,701750,9535750,2000,4000,2021,8,2021-08,32,1.0,0,0.0,0.0,0.0,0,0,0,0,1.0,0.8119,0.3305,0.628,-0.7205,100.0,1,0
LJ500_R069_C082,69,82,702250,9535750,2500,4000,2021,8,2021-08,32,1.0,0,0.0,0.0,0.0,0,0,0,0,1.0,0.778,0.3435,0.6339,-0.6785,100.0,1,0
LJ500_R069_C083,69,83,702750,9535750,3000,4000,2021,8,2021-08,32,1.0,0,0.0,0.0,0.0,0,0,0,0,1.0,0.7725,0.3527,0.6198,-0.6945,100.0,1,0
LJ500_R069_C084,69,84,703250,9535750,3500,4000,2021,8,2021-08,32,1.0,0,0.0,0.0,0.0,0,0,0,0,1.0,0.825,0.4139,0.6807,-0.7479,100.0,1,0
LJ500_R069_C085,69,85,703750,9535750,4000,4000,2021,8,2021-08,32,1.0,0,0.0,0.0,0.0,0,0,0,0,1.0,0.6988,0.3057,0.5821,-0.6387,86.88,1,0
LJ500_R069_C086,69,86,704250,9535750,4500,4000,2021,8,2021-08,32,1.0,0,0.0,0.0,0.0,0,0,0,0,1.0,0.4601,0.183,0.3791,-0.4166,46.24,1,0
LJ500_R070_C077,70,77,699750,9536250,0,4500,2021,8,2021-08,32,0.0,0,0.3423,0.4553,0.2024,0,0,0,0,1.0,0.688,0.1239,0.4051,-0.6712,100.0,1,0
LJ500_R070_C078,70,78,700250,9536250,500,4500,2021,8,2021-08,32,0.0,0,0.3908,0.6092,0.0,0,0,0,0,1.0,0.7296,0.1716,0.4576,-0.6909,100.0,1,0
LJ500_R070_C079,70,79,700750,9536250,1000,4500,2021,8,2021-08,32,0.2082,0,0.7834,0.0084,0.0,0,0,0,0,1.0,0.7463,0.1802,0.4655,-0.6684,100.0,1,0
LJ500_R070_C080,70,80,701250,9536250,1500,4500,2021,8,2021-08,32,0.2813,0,0.7187,0.0,0.0,0,0,0,0,1.0,0.7706,0.2213,0.516,-0.6765,100.0,1,0
LJ500_R070_C081,70,81,701750,9536250,2000,4500,2021,8,2021-08,32,0.9197,0,0.0803,0.0,0.0,0,0,0,0,1.0,0.796,0.267,0.5685,-0.691,100.0,1,0
LJ500_R070_C082,70,82,702250,9536250,2500,4500,2021,8,2021-08,32,1.0,0,0.0,0.0,0.0,0,0,0,0,1.0,0.7437,0.2614,0.5454,-0.6527,100.0,1,0
LJ500_R070_C083,70,83,702750,9536250,3000,4500,2021,8,2021-08,32,1.0,0,0.0,0.0,0.0,0,0,0,0,1.0,0.794,0.3514,0.6231,-0.705,100.0,1,0
LJ500_R070_C084,70,84,703250,9536250,3500,4500,2021,8,2021-08,32,0.9943,0,0.0057,0.0,0.0,0,0,0,0,1.0,0.7269,0.2857,0.5581,-0.6674,99.68,1,0
LJ500_R070_C085,70,85,703750,9536250,4000,4500,2021,8,2021-08,32,1.0,0,0.0,0.0,0.0,0,0,0,0,1.0,0.7475,0.3221,0.5929,-0.6967,98.4,1,0
LJ500_R070_C086,70,86,704250,9536250,4500,4500,2021,8,2021-08,32,1.0,0,0.0,0.0,0.0,0,0,0,0,1.0,0.5642,0.2646,0.4804,-0.5119,80.96,1,0
LJ500_R061_C077,61,77,699750,9531750,0,0,2021,9,2021-09,33,0.0,0,1.0,0.0,0.0,0,0,0,0,1.0,0.5865,-0.0061,0.2355,-0.5815,100.0,1,0
LJ500_R061_C078,61,78,700250,9531750,500,0,2021,9,2021-09,33,0.0,0,0.9516,0.0,0.0484,0,0,0,0,1.0,0.6191,0.0488,0.3061,-0.5886,100.0,1,0
LJ500_R061_C079,61,79,700750,9531750,1000,0,2021,9,2021-09,33,0.0,0,0.906,0.0,0.094,0,0,0,0,1.0,0.6849,0.1334,0.4029,-0.6339,100.0,1,0
LJ500_R061_C080,61,80,701250,9531750,1500,0,2021,9,2021-09,33,0.1714,0,0.8229,0.0,0.0057,0,0,0,0,1.0,0.6622,0.1287,0.402,-0.6105,100.0,1,0
LJ500_R061_C081,61,81,701750,9531750,2000,0,2021,9,2021-09,33,0.0,0,1.0,0.0,0.0,0,0,0,0,1.0,0.6484,0.1354,0.413,-0.5906,100.0,1,0
LJ500_R061_C082,61,82,702250,9531750,2500,0,2021,9,2021-09,33,0.0618,0,0.9382,0.0,0.0,0,0,0,0,1.0,0.6705,0.17,0.4523,-0.6077,100.0,1,0
LJ500_R061_C083,61,83,702750,9531750,3000,0,2021,9,2021-09,33,0.5343,0,0.3633,0.1024,0.0,0,0,0,0,1.0,0.6966,0.2382,0.514,-0.6169,100.0,1,0
LJ500_R061_C084,61,84,703250,9531750,3500,0,2021,9,2021-09,33,0.7729,0,0.0,0.2271,0.0,0,0,0,0,1.0,0.7236,0.2602,0.5404,-0.6582,100.0,1,0
LJ500_R061_C085,61,85,703750,9531750,4000,0,2021,9,2021-09,33,0.709,0,0.291,0.0,0.0,0,0,0,0,1.0,0.7323,0.2933,0.574,-0.6563,100.0,1,0
LJ500_R061_C086,61,86,704250,9531750,4500,0,2021,9,2021-09,33,1.0,0,0.0,0.0,0.0,0,0,0,0,1.0,0.684,0.2609,0.5303,-0.6171,93.12,1,0
LJ500_R062_C077,62,77,699750,9532250,0,500,2021,9,2021-09,33,0.0,0,0.7197,0.0,0.2803,0,0,0,0,1.0,0.5963,0.0726,0.3158,-0.5791,100.0,1,0
LJ500_R062_C078,62,78,700250,9532250,500,500,2021,9,2021-09,33,0.0,0,0.5947,0.0,0.4053,0,0,0,0,1.0,0.6032,0.124,0.3791,-0.5582,100.0,1,0
LJ500_R062_C079,62,79,700750,9532250,1000,500,2021,9,2021-09,33,0.0,0,0.771,0.0,0.229,0,0,0,0,1.0,0.648,0.1329,0.4002,-0.5886,100.0,1,0
LJ500_R062_C080,62,80,701250,9532250,1500,500,2021,9,2021-09,33,0.235,0,0.6379,0.0,0.1271,0,0,0,0,1.0,0.6407,0.1389,0.4023,-0.59,100.0,1,0
LJ500_R062_C081,62,81,701750,9532250,2000,500,2021,9,2021-09,33,0.0684,0,0.7378,0.0,0.1938,0,0,0,0,1.0,0.6639,0.1575,0.4353,-0.6038,100.0,1,0
LJ500_R062_C082,62,82,702250,9532250,2500,500,2021,9,2021-09,33,0.0973,0,0.9027,0.0,0.0,0,0,0,0,1.0,0.6911,0.1962,0.482,-0.6136,100.0,1,0
LJ500_R062_C083,62,83,702750,9532250,3000,500,2021,9,2021-09,33,0.0473,0,0.9507,0.0019,0.0,0,0,0,0,1.0,0.6879,0.217,0.4979,-0.6043,100.0,1,0
LJ500_R062_C084,62,84,703250,9532250,3500,500,2021,9,2021-09,33,0.2757,0,0.7209,0.0034,0.0,0,0,0,0,1.0,0.7208,0.2469,0.5329,-0.6402,100.0,1,0
LJ500_R062_C085,62,85,703750,9532250,4000,500,2021,9,2021-09,33,0.0588,0,0.9412,0.0,0.0,0,0,0,0,1.0,0.6915,0.2595,0.533,-0.6164,95.84,1,0
LJ500_R062_C086,62,86,704250,9532250,4500,500,2021,9,2021-09,33,0.7611,0,0.2389,0.0,0.0,0,0,0,0,1.0,0.7022,0.2773,0.5508,-0.6321,19.52,1,0
LJ500_R063_C077,63,77,699750,9532750,0,1000,2021,9,2021-09,33,0.0,0,0.1158,0.0,0.8842,0,0,0,0,1.0,0.6235,0.1156,0.356,-0.5919,100.0,1,0
LJ500_R063_C078,63,78,700250,9532750,500,1000,2021,9,2021-09,33,0.0328,0,0.3431,0.0,0.624,0,0,0,0,1.0,0.6449,0.1325,0.3934,-0.6,100.0,1,0
LJ500_R063_C079,63,79,700750,9532750,1000,1000,2021,9,2021-09,33,0.2883,0,0.3768,0.0,0.3349,0,0,0,0,1.0,0.6269,0.1023,0.3461,-0.5867,100.0,1,0
LJ500_R063_C080,63,80,701250,9532750,1500,1000,2021,9,2021-09,33,0.1673,0,0.4746,0.0,0.358,0,0,0,0,1.0,0.6791,0.1414,0.4067,-0.63,100.0,1,0
LJ500_R063_C081,63,81,701750,9532750,2000,1000,2021,9,2021-09,33,0.0165,0,0.5433,0.0,0.4402,0,0,0,0,1.0,0.666,0.1605,0.4459,-0.609,100.0,1,0
LJ500_R063_C082,63,82,702250,9532750,2500,1000,2021,9,2021-09,33,0.6742,0,0.2142,0.0,0.1117,0,0,0,0,1.0,0.6063,0.1821,0.4447,-0.5414,100.0,1,0
LJ500_R063_C083,63,83,702750,9532750,3000,1000,2021,9,2021-09,33,0.2059,0,0.7941,0.0,0.0,0,0,0,0,1.0,0.6039,0.212,0.4638,-0.5411,100.0,1,0
LJ500_R063_C084,63,84,703250,9532750,3500,1000,2021,9,2021-09,33,0.2973,0,0.7027,0.0,0.0,0,0,0,0,1.0,0.6538,0.224,0.4944,-0.5835,100.0,1,0
LJ500_R063_C085,63,85,703750,9532750,4000,1000,2021,9,2021-09,33,0.1462,0,0.8538,0.0,0.0,0,0,0,0,1.0,0.6653,0.2545,0.5247,-0.5902,100.0,1,0
LJ500_R063_C086,63,86,704250,9532750,4500,1000,2021,9,2021-09,33,0.3435,0,0.6565,0.0,0.0,0,0,0,0,1.0,0.7039,0.288,0.5599,-0.6218,100.0,1,0
LJ500_R064_C077,64,77,699750,9533250,0,1500,2021,9,2021-09,33,0.3887,0,0.3116,0.0,0.2997,0,0,0,0,1.0,0.6961,0.1538,0.4232,-0.6357,100.0,1,0
LJ500_R064_C078,64,78,700250,9533250,500,1500,2021,9,2021-09,33,0.5382,0,0.082,0.0,0.3799,0,0,0,0,1.0,0.6952,0.1924,0.4708,-0.6249,100.0,1,0
LJ500_R064_C079,64,79,700750,9533250,1000,1500,2021,9,2021-09,33,0.4384,0,0.1474,0.0,0.4142,0,0,0,0,1.0,0.6353,0.1017,0.3696,-0.5971,100.0,1,0
LJ500_R064_C080,64,80,701250,9533250,1500,1500,2021,9,2021-09,33,0.5951,0,0.4049,0.0,0.0,0,0,0,0,1.0,0.6546,0.181,0.4602,-0.5949,100.0,1,0
LJ500_R064_C081,64,81,701750,9533250,2000,1500,2021,9,2021-09,33,0.5997,0,0.181,0.0,0.2193,0,0,0,0,1.0,0.6561,0.1899,0.4678,-0.5915,100.0,1,0
LJ500_R064_C082,64,82,702250,9533250,2500,1500,2021,9,2021-09,33,0.7276,0,0.2724,0.0,0.0,0,0,0,0,1.0,0.62,0.2057,0.4719,-0.5524,100.0,1,0
LJ500_R064_C083,64,83,702750,9533250,3000,1500,2021,9,2021-09,33,0.566,0,0.203,0.0,0.231,0,0,0,0,1.0,0.6873,0.2306,0.5161,-0.6231,100.0,1,0
LJ500_R064_C084,64,84,703250,9533250,3500,1500,2021,9,2021-09,33,0.235,0,0.7298,0.0,0.0352,0,0,0,0,1.0,0.6706,0.237,0.5126,-0.6017,100.0,1,0
LJ500_R064_C085,64,85,703750,9533250,4000,1500,2021,9,2021-09,33,0.5109,0,0.4891,0.0,0.0,0,0,0,0,1.0,0.6584,0.223,0.497,-0.5924,100.0,1,0
LJ500_R064_C086,64,86,704250,9533250,4500,1500,2021,9,2021-09,33,0.748,0,0.252,0.0,0.0,0,0,0,0,1.0,0.6303,0.2126,0.475,-0.574,100.0,1,0
LJ500_R065_C077,65,77,699750,9533750,0,2000,2021,9,2021-09,33,0.312,0,0.4033,0.0,0.2847,0,0,0,0,1.0,0.7346,0.2059,0.4884,-0.6458,100.0,1,0
LJ500_R065_C078,65,78,700250,9533750,500,2000,2021,9,2021-09,33,0.5913,0,0.4071,0.0,0.0016,0,0,0,0,1.0,0.7022,0.2072,0.485,-0.6197,100.0,1,0
LJ500_R065_C079,65,79,700750,9533750,1000,2000,2021,9,2021-09,33,0.3219,0,0.6781,0.0,0.0,0,0,0,0,1.0,0.6705,0.1646,0.435,-0.6113,100.0,1,0
LJ500_R065_C080,65,80,701250,9533750,1500,2000,2021,9,2021-09,33,0.8266,0,0.1734,0.0,0.0,0,0,0,0,1.0,0.7165,0.2067,0.4969,-0.6426,100.0,1,0
LJ500_R065_C081,65,81,701750,9533750,2000,2000,2021,9,2021-09,33,0.9017,0,0.0983,0.0,0.0,0,0,0,0,1.0,0.6222,0.2048,0.4694,-0.556,100.0,1,0
LJ500_R065_C082,65,82,702250,9533750,2500,2000,2021,9,2021-09,33,0.7327,0,0.2673,0.0,0.0,0,0,0,0,1.0,0.6272,0.1976,0.4725,-0.5687,100.0,1,0
LJ500_R065_C083,65,83,702750,9533750,3000,2000,2021,9,2021-09,33,0.7802,0,0.1368,0.0,0.083,0,0,0,0,1.0,0.7157,0.2442,0.5332,-0.6457,100.0,1,0
LJ500_R065_C084,65,84,703250,9533750,3500,2000,2021,9,2021-09,33,0.3229,0,0.6771,0.0,0.0,0,0,0,0,1.0,0.6964,0.2327,0.5128,-0.6301,100.0,1,0
LJ500_R065_C085,65,85,703750,9533750,4000,2000,2021,9,2021-09,33,0.0167,0,0.9833,0.0,0.0,0,0,0,0,1.0,0.6433,0.1634,0.4401,-0.5993,100.0,1,0
LJ500_R065_C086,65,86,704250,9533750,4500,2000,2021,9,2021-09,33,0.7821,0,0.2179,0.0,0.0,0,0,0,0,1.0,0.7005,0.2708,0.5418,-0.641,100.0,1,0
LJ500_R066_C077,66,77,699750,9534250,0,2500,2021,9,2021-09,33,0.5018,0,0.3517,0.0,0.1465,0,0,0,0,1.0,0.7107,0.1928,0.4707,-0.6227,100.0,1,0
LJ500_R066_C078,66,78,700250,9534250,500,2500,2021,9,2021-09,33,0.1232,0,0.8768,0.0,0.0,0,0,0,0,1.0,0.6618,0.1773,0.4448,-0.5941,100.0,1,0
LJ500_R066_C079,66,79,700750,9534250,1000,2500,2021,9,2021-09,33,0.3332,0,0.6668,0.0,0.0,0,0,0,0,1.0,0.6445,0.1522,0.3995,-0.5983,100.0,1,0
LJ500_R066_C080,66,80,701250,9534250,1500,2500,2021,9,2021-09,33,0.9149,0,0.0851,0.0,0.0,0,0,0,0,1.0,0.7453,0.2784,0.5605,-0.6655,100.0,1,0
LJ500_R066_C081,66,81,701750,9534250,2000,2500,2021,9,2021-09,33,0.7037,0,0.2963,0.0,0.0,0,0,0,0,1.0,0.6592,0.2235,0.4907,-0.6073,100.0,1,0
LJ500_R066_C082,66,82,702250,9534250,2500,2500,2021,9,2021-09,33,0.6772,0,0.3228,0.0,0.0,0,0,0,0,1.0,0.681,0.2413,0.5149,-0.6146,100.0,1,0
LJ500_R066_C083,66,83,702750,9534250,3000,2500,2021,9,2021-09,33,0.6289,0,0.3711,0.0,0.0,0,0,0,0,1.0,0.7032,0.2348,0.5116,-0.6302,100.0,1,0
LJ500_R066_C084,66,84,703250,9534250,3500,2500,2021,9,2021-09,33,0.7305,0,0.2695,0.0,0.0,0,0,0,0,1.0,0.6653,0.2081,0.4769,-0.5999,100.0,1,0
LJ500_R066_C085,66,85,703750,9534250,4000,2500,2021,9,2021-09,33,0.7865,0,0.2135,0.0,0.0,0,0,0,0,1.0,0.7172,0.2653,0.5439,-0.6463,100.0,1,0
LJ500_R066_C086,66,86,704250,9534250,4500,2500,2021,9,2021-09,33,1.0,0,0.0,0.0,0.0,0,0,0,0,1.0,0.7241,0.2997,0.5691,-0.6481,98.4,1,0
LJ500_R067_C077,67,77,699750,9534750,0,3000,2021,9,2021-09,33,0.7165,0,0.2835,0.0,0.0,0,0,0,0,1.0,0.7141,0.1897,0.4716,-0.6486,78.88,1,0
LJ500_R067_C078,67,78,700250,9534750,500,3000,2021,9,2021-09,33,0.8229,0,0.1771,0.0,0.0,0,0,0,0,1.0,0.6622,0.1561,0.4228,-0.6048,44.64,1,0
LJ500_R067_C079,67,79,700750,9534750,1000,3000,2021,9,2021-09,33,0.9659,0,0.0341,0.0,0.0,0,0,0,0,1.0,0.7101,0.228,0.4956,-0.6336,68.32,1,0
LJ500_R067_C080,67,80,701250,9534750,1500,3000,2021,9,2021-09,33,0.8944,0,0.1056,0.0,0.0,0,0,0,0,1.0,0.7057,0.2671,0.5358,-0.6264,100.0,1,0
LJ500_R067_C081,67,81,701750,9534750,2000,3000,2021,9,2021-09,33,0.7989,0,0.1897,0.0,0.0114,0,0,0,0,1.0,0.7172,0.2765,0.5485,-0.6525,100.0,1,0
LJ500_R067_C082,67,82,702250,9534750,2500,3000,2021,9,2021-09,33,1.0,0,0.0,0.0,0.0,0,0,0,0,1.0,0.723,0.286,0.5544,-0.6563,100.0,1,0
LJ500_R067_C083,67,83,702750,9534750,3000,3000,2021,9,2021-09,33,1.0,0,0.0,0.0,0.0,0,0,0,0,1.0,0.7076,0.2822,0.5459,-0.6369,91.84,1,0
LJ500_R067_C084,67,84,703250,9534750,3500,3000,2021,9,2021-09,33,1.0,0,0.0,0.0,0.0,0,0,0,0,1.0,0.6555,0.2354,0.4937,-0.5986,31.04,1,0
LJ500_R067_C085,67,85,703750,9534750,4000,3000,2021,9,2021-09,33,1.0,0,0.0,0.0,0.0,0,0,0,0,1.0,0.7023,0.2894,0.5494,-0.6416,41.76,1,0
LJ500_R067_C086,67,86,704250,9534750,4500,3000,2021,9,2021-09,33,1.0,0,0.0,0.0,0.0,0,0,0,0,1.0,0.7383,0.3172,0.5874,-0.6565,4.32,1,0
LJ500_R068_C077,68,77,699750,9535250,0,3500,2021,9,2021-09,33,0.065,0,0.935,0.0,0.0,0,0,0,0,1.0,0.6165,0.0727,0.3364,-0.6085,99.52,1,0
LJ500_R068_C078,68,78,700250,9535250,500,3500,2021,9,2021-09,33,0.7525,0,0.2475,0.0,0.0,0,0,0,0,1.0,0.7193,0.2051,0.4851,-0.6326,81.76,1,0
LJ500_R068_C079,68,79,700750,9535250,1000,3500,2021,9,2021-09,33,1.0,0,0.0,0.0,0.0,0,0,0,0,1.0,0.728,0.2477,0.5164,-0.6363,46.24,1,0
LJ500_R068_C080,68,80,701250,9535250,1500,3500,2021,9,2021-09,33,0.8923,0,0.1077,0.0,0.0,0,0,0,0,1.0,0.6968,0.2653,0.5259,-0.625,96.8,1,0
LJ500_R068_C081,68,81,701750,9535250,2000,3500,2021,9,2021-09,33,0.6646,0,0.0767,0.0,0.2586,0,0,0,0,1.0,0.6689,0.2029,0.4747,-0.6229,100.0,1,0
LJ500_R068_C082,68,82,702250,9535250,2500,3500,2021,9,2021-09,33,0.9399,0,0.0601,0.0,0.0,0,0,0,0,1.0,0.7543,0.3434,0.6117,-0.6757,100.0,1,0
LJ500_R068_C083,68,83,702750,9535250,3000,3500,2021,9,2021-09,33,1.0,0,0.0,0.0,0.0,0,0,0,0,1.0,0.7312,0.3455,0.6015,-0.6603,68.8,1,0
LJ500_R068_C084,68,84,703250,9535250,3500,3500,2021,9,2021-09,33,1.0,0,0.0,0.0,0.0,0,0,0,0,1.0,0.7425,0.3931,0.6459,-0.6563,4.0,1,0
LJ500_R068_C085,68,85,703750,9535250,4000,3500,2021,9,2021-09,33,1.0,0,0.0,0.0,0.0,0,0,0,0,1.0,0.5613,0.2624,0.4488,-0.4998,3.84,1,0
LJ500_R068_C086,68,86,704250,9535250,4500,3500,2021,9,2021-09,33,1.0,0,0.0,0.0,0.0,0,0,0,0,1.0,,,,,0.0,1,1
LJ500_R069_C077,69,77,699750,9535750,0,4000,2021,9,2021-09,33,0.0,0,0.9574,0.0426,0.0,0,0,0,0,1.0,0.6396,0.0827,0.3589,-0.6155,100.0,1,0
LJ500_R069_C078,69,78,700250,9535750,500,4000,2021,9,2021-09,33,0.4139,0,0.5115,0.0746,0.0,0,0,0,0,1.0,0.7847,0.2355,0.531,-0.6904,100.0,1,0
LJ500_R069_C079,69,79,700750,9535750,1000,4000,2021,9,2021-09,33,0.6432,0,0.3568,0.0,0.0,0,0,0,0,1.0,0.7018,0.1841,0.454,-0.6358,100.0,1,0
LJ500_R069_C080,69,80,701250,9535750,1500,4000,2021,9,2021-09,33,0.8514,0,0.1486,0.0,0.0,0,0,0,0,1.0,0.7376,0.2236,0.5028,-0.6645,100.0,1,0
LJ500_R069_C081,69,81,701750,9535750,2000,4000,2021,9,2021-09,33,1.0,0,0.0,0.0,0.0,0,0,0,0,1.0,0.7863,0.3207,0.61,-0.6962,100.0,1,0
LJ500_R069_C082,69,82,702250,9535750,2500,4000,2021,9,2021-09,33,1.0,0,0.0,0.0,0.0,0,0,0,0,1.0,0.7957,0.3401,0.6285,-0.7033,72.64,1,0
LJ500_R069_C083,69,83,702750,9535750,3000,4000,2021,9,2021-09,33,1.0,0,0.0,0.0,0.0,0,0,0,0,1.0,0.7566,0.3205,0.5971,-0.6754,17.6,1,0
LJ500_R069_C084,69,84,703250,9535750,3500,4000,2021,9,2021-09,33,1.0,0,0.0,0.0,0.0,0,0,0,0,1.0,,,,,0.0,1,1
LJ500_R069_C085,69,85,703750,9535750,4000,4000,2021,9,2021-09,33,1.0,0,0.0,0.0,0.0,0,0,0,0,1.0,0.6321,0.327,0.5601,-0.5357,5.28,1,0
LJ500_R069_C086,69,86,704250,9535750,4500,4000,2021,9,2021-09,33,1.0,0,0.0,0.0,0.0,0,0,0,0,1.0,,,,,0.0,1,1
LJ500_R070_C077,70,77,699750,9536250,0,4500,2021,9,2021-09,33,0.0,0,0.3423,0.4553,0.2024,0,0,0,0,1.0,0.5928,0.0491,0.3113,-0.624,100.0,1,0
LJ500_R070_C078,70,78,700250,9536250,500,4500,2021,9,2021-09,33,0.0,0,0.3908,0.6092,0.0,0,0,0,0,1.0,0.6419,0.1123,0.3856,-0.6352,100.0,1,0
LJ500_R070_C079,70,79,700750,9536250,1000,4500,2021,9,2021-09,33,0.2082,0,0.7834,0.0084,0.0,0,0,0,0,1.0,0.6716,0.1338,0.4118,-0.6213,100.0,1,0
LJ500_R070_C080,70,80,701250,9536250,1500,4500,2021,9,2021-09,33,0.2813,0,0.7187,0.0,0.0,0,0,0,0,1.0,0.7347,0.1959,0.4857,-0.6544,100.0,1,0
LJ500_R070_C081,70,81,701750,9536250,2000,4500,2021,9,2021-09,33,0.9197,0,0.0803,0.0,0.0,0,0,0,0,1.0,0.778,0.2578,0.5525,-0.6834,100.0,1,0
LJ500_R070_C082,70,82,702250,9536250,2500,4500,2021,9,2021-09,33,1.0,0,0.0,0.0,0.0,0,0,0,0,1.0,0.7041,0.2498,0.5231,-0.6231,94.88,1,0
LJ500_R070_C083,70,83,702750,9536250,3000,4500,2021,9,2021-09,33,1.0,0,0.0,0.0,0.0,0,0,0,0,1.0,0.745,0.286,0.5599,-0.6705,19.2,1,0
LJ500_R070_C084,70,84,703250,9536250,3500,4500,2021,9,2021-09,33,0.9943,0,0.0057,0.0,0.0,0,0,0,0,1.0,,,,,0.0,1,1
LJ500_R070_C085,70,85,703750,9536250,4000,4500,2021,9,2021-09,33,1.0,0,0.0,0.0,0.0,0,0,0,0,1.0,,,,,0.0,1,1
LJ500_R070_C086,70,86,704250,9536250,4500,4500,2021,9,2021-09,33,1.0,0,0.0,0.0,0.0,0,0,0,0,1.0,,,,,0.0,1,1
LJ500_R061_C077,61,77,699750,9531750,0,0,2021,10,2021-10,34,0.0,0,1.0,0.0,0.0,0,0,0,0,1.0,0.4863,-0.035,0.1814,-0.4801,67.2,1,0
LJ500_R061_C078,61,78,700250,9531750,500,0,2021,10,2021-10,34,0.0,0,0.9516,0.0,0.0484,0,0,0,0,1.0,0.4861,0.0128,0.2171,-0.4661,92.8,1,0
LJ500_R061_C079,61,79,700750,9531750,1000,0,2021,10,2021-10,34,0.0,0,0.906,0.0,0.094,0,0,0,0,1.0,0.6835,0.1107,0.3862,-0.6263,100.0,1,0
LJ500_R061_C080,61,80,701250,9531750,1500,0,2021,10,2021-10,34,0.1714,0,0.8229,0.0,0.0057,0,0,0,0,1.0,0.6749,0.1121,0.3969,-0.6217,100.0,1,0
LJ500_R061_C081,61,81,701750,9531750,2000,0,2021,10,2021-10,34,0.0,0,1.0,0.0,0.0,0,0,0,0,1.0,0.6776,0.1137,0.4011,-0.6198,100.0,1,0
LJ500_R061_C082,61,82,702250,9531750,2500,0,2021,10,2021-10,34,0.0618,0,0.9382,0.0,0.0,0,0,0,0,1.0,0.7296,0.1655,0.4749,-0.6534,70.88,1,0
LJ500_R061_C083,61,83,702750,9531750,3000,0,2021,10,2021-10,34,0.5343,0,0.3633,0.1024,0.0,0,0,0,0,1.0,0.7355,0.2232,0.5137,-0.6337,79.2,1,0
LJ500_R061_C084,61,84,703250,9531750,3500,0,2021,10,2021-10,34,0.7729,0,0.0,0.2271,0.0,0,0,0,0,1.0,0.7699,0.2742,0.5767,-0.6734,72.8,1,0
LJ500_R061_C085,61,85,703750,9531750,4000,0,2021,10,2021-10,34,0.709,0,0.291,0.0,0.0,0,0,0,0,1.0,0.7395,0.3002,0.5836,-0.6264,11.84,1,0
LJ500_R061_C086,61,86,704250,9531750,4500,0,2021,10,2021-10,34,1.0,0,0.0,0.0,0.0,0,0,0,0,1.0,0.6162,0.2378,0.4732,-0.5327,28.32,1,0
LJ500_R062_C077,62,77,699750,9532250,0,500,2021,10,2021-10,34,0.0,0,0.7197,0.0,0.2803,0,0,0,0,1.0,0.5743,0.0465,0.2926,-0.5503,84.8,1,0
LJ500_R062_C078,62,78,700250,9532250,500,500,2021,10,2021-10,34,0.0,0,0.5947,0.0,0.4053,0,0,0,0,1.0,0.5781,0.0602,0.3137,-0.5455,99.52,1,0
LJ500_R062_C079,62,79,700750,9532250,1000,500,2021,10,2021-10,34,0.0,0,0.771,0.0,0.229,0,0,0,0,1.0,0.6535,0.0765,0.3511,-0.5929,100.0,1,0
LJ500_R062_C080,62,80,701250,9532250,1500,500,2021,10,2021-10,34,0.235,0,0.6379,0.0,0.1271,0,0,0,0,1.0,0.6882,0.112,0.3948,-0.6221,100.0,1,0
LJ500_R062_C081,62,81,701750,9532250,2000,500,2021,10,2021-10,34,0.0684,0,0.7378,0.0,0.1938,0,0,0,0,1.0,0.716,0.1371,0.4327,-0.6471,100.0,1,0
LJ500_R062_C082,62,82,702250,9532250,2500,500,2021,10,2021-10,34,0.0973,0,0.9027,0.0,0.0,0,0,0,0,1.0,0.7422,0.1876,0.4916,-0.6573,96.16,1,0
LJ500_R062_C083,62,83,702750,9532250,3000,500,2021,10,2021-10,34,0.0473,0,0.9507,0.0019,0.0,0,0,0,0,1.0,0.7285,0.2044,0.5004,-0.6309,98.24,1,0
LJ500_R062_C084,62,84,703250,9532250,3500,500,2021,10,2021-10,34,0.2757,0,0.7209,0.0034,0.0,0,0,0,0,1.0,0.7683,0.2701,0.5755,-0.6565,98.72,1,0
LJ500_R062_C085,62,85,703750,9532250,4000,500,2021,10,2021-10,34,0.0588,0,0.9412,0.0,0.0,0,0,0,0,1.0,0.701,0.2689,0.5405,-0.5941,79.68,1,0
LJ500_R062_C086,62,86,704250,9532250,4500,500,2021,10,2021-10,34,0.7611,0,0.2389,0.0,0.0,0,0,0,0,1.0,0.7269,0.2461,0.5163,-0.6373,46.08,1,0
LJ500_R063_C077,63,77,699750,9532750,0,1000,2021,10,2021-10,34,0.0,0,0.1158,0.0,0.8842,0,0,0,0,1.0,0.5459,0.0446,0.2787,-0.5375,98.56,1,0
LJ500_R063_C078,63,78,700250,9532750,500,1000,2021,10,2021-10,34,0.0328,0,0.3431,0.0,0.624,0,0,0,0,1.0,0.5929,0.0801,0.3468,-0.5559,100.0,1,0
LJ500_R063_C079,63,79,700750,9532750,1000,1000,2021,10,2021-10,34,0.2883,0,0.3768,0.0,0.3349,0,0,0,0,1.0,0.6224,0.0744,0.3293,-0.5734,100.0,1,0
LJ500_R063_C080,63,80,701250,9532750,1500,1000,2021,10,2021-10,34,0.1673,0,0.4746,0.0,0.358,0,0,0,0,1.0,0.6958,0.1234,0.404,-0.6338,100.0,1,0
LJ500_R063_C081,63,81,701750,9532750,2000,1000,2021,10,2021-10,34,0.0165,0,0.5433,0.0,0.4402,0,0,0,0,1.0,0.7106,0.131,0.4335,-0.6481,100.0,1,0
LJ500_R063_C082,63,82,702250,9532750,2500,1000,2021,10,2021-10,34,0.6742,0,0.2142,0.0,0.1117,0,0,0,0,1.0,0.7346,0.1659,0.4654,-0.6463,100.0,1,0
LJ500_R063_C083,63,83,702750,9532750,3000,1000,2021,10,2021-10,34,0.2059,0,0.7941,0.0,0.0,0,0,0,0,1.0,0.7267,0.2181,0.5053,-0.6287,100.0,1,0
LJ500_R063_C084,63,84,703250,9532750,3500,1000,2021,10,2021-10,34,0.2973,0,0.7027,0.0,0.0,0,0,0,0,1.0,0.7014,0.2224,0.4983,-0.6073,100.0,1,0
LJ500_R063_C085,63,85,703750,9532750,4000,1000,2021,10,2021-10,34,0.1462,0,0.8538,0.0,0.0,0,0,0,0,1.0,0.7876,0.2709,0.5678,-0.6836,75.2,1,0
LJ500_R063_C086,63,86,704250,9532750,4500,1000,2021,10,2021-10,34,0.3435,0,0.6565,0.0,0.0,0,0,0,0,1.0,0.8036,0.2741,0.5707,-0.7008,49.6,1,0
LJ500_R064_C077,64,77,699750,9533250,0,1500,2021,10,2021-10,34,0.3887,0,0.3116,0.0,0.2997,0,0,0,0,1.0,0.6451,0.0997,0.3683,-0.5982,100.0,1,0
LJ500_R064_C078,64,78,700250,9533250,500,1500,2021,10,2021-10,34,0.5382,0,0.082,0.0,0.3799,0,0,0,0,1.0,0.6471,0.1427,0.4444,-0.5816,100.0,1,0
LJ500_R064_C079,64,79,700750,9533250,1000,1500,2021,10,2021-10,34,0.4384,0,0.1474,0.0,0.4142,0,0,0,0,1.0,0.6013,0.0771,0.3587,-0.5544,100.0,1,0
LJ500_R064_C080,64,80,701250,9533250,1500,1500,2021,10,2021-10,34,0.5951,0,0.4049,0.0,0.0,0,0,0,0,1.0,0.7114,0.1585,0.4566,-0.6382,85.6,1,0
LJ500_R064_C081,64,81,701750,9533250,2000,1500,2021,10,2021-10,34,0.5997,0,0.181,0.0,0.2193,0,0,0,0,1.0,0.7654,0.183,0.4955,-0.6787,100.0,1,0
LJ500_R064_C082,64,82,702250,9533250,2500,1500,2021,10,2021-10,34,0.7276,0,0.2724,0.0,0.0,0,0,0,0,1.0,0.755,0.2114,0.5252,-0.6549,100.0,1,0
LJ500_R064_C083,64,83,702750,9533250,3000,1500,2021,10,2021-10,34,0.566,0,0.203,0.0,0.231,0,0,0,0,1.0,0.7705,0.2288,0.5447,-0.683,95.36,1,0
LJ500_R064_C084,64,84,703250,9533250,3500,1500,2021,10,2021-10,34,0.235,0,0.7298,0.0,0.0352,0,0,0,0,1.0,0.7863,0.2487,0.568,-0.6818,100.0,1,0
LJ500_R064_C085,64,85,703750,9533250,4000,1500,2021,10,2021-10,34,0.5109,0,0.4891,0.0,0.0,0,0,0,0,1.0,0.733,0.2165,0.5126,-0.6391,98.08,1,0
LJ500_R064_C086,64,86,704250,9533250,4500,1500,2021,10,2021-10,34,0.748,0,0.252,0.0,0.0,0,0,0,0,1.0,0.7253,0.2015,0.49,-0.6462,92.8,1,0
LJ500_R065_C077,65,77,699750,9533750,0,2000,2021,10,2021-10,34,0.312,0,0.4033,0.0,0.2847,0,0,0,0,1.0,0.7211,0.1553,0.4424,-0.6423,100.0,1,0
LJ500_R065_C078,65,78,700250,9533750,500,2000,2021,10,2021-10,34,0.5913,0,0.4071,0.0,0.0016,0,0,0,0,1.0,0.6854,0.2111,0.5323,-0.5874,100.0,1,0
LJ500_R065_C079,65,79,700750,9533750,1000,2000,2021,10,2021-10,34,0.3219,0,0.6781,0.0,0.0,0,0,0,0,1.0,0.6418,0.1462,0.4328,-0.5721,100.0,1,0
LJ500_R065_C080,65,80,701250,9533750,1500,2000,2021,10,2021-10,34,0.8266,0,0.1734,0.0,0.0,0,0,0,0,1.0,0.6995,0.1379,0.4341,-0.6124,100.0,1,0
LJ500_R065_C081,65,81,701750,9533750,2000,2000,2021,10,2021-10,34,0.9017,0,0.0983,0.0,0.0,0,0,0,0,1.0,0.7532,0.195,0.4988,-0.6605,100.0,1,0
LJ500_R065_C082,65,82,702250,9533750,2500,2000,2021,10,2021-10,34,0.7327,0,0.2673,0.0,0.0,0,0,0,0,1.0,0.738,0.2022,0.5122,-0.6491,94.24,1,0
LJ500_R065_C083,65,83,702750,9533750,3000,2000,2021,10,2021-10,34,0.7802,0,0.1368,0.0,0.083,0,0,0,0,1.0,0.7602,0.2258,0.5306,-0.6667,81.6,1,0
LJ500_R065_C084,65,84,703250,9533750,3500,2000,2021,10,2021-10,34,0.3229,0,0.6771,0.0,0.0,0,0,0,0,1.0,0.6845,0.2079,0.4886,-0.5948,100.0,1,0
LJ500_R065_C085,65,85,703750,9533750,4000,2000,2021,10,2021-10,34,0.0167,0,0.9833,0.0,0.0,0,0,0,0,1.0,0.6155,0.1694,0.4229,-0.5437,82.56,1,0
LJ500_R065_C086,65,86,704250,9533750,4500,2000,2021,10,2021-10,34,0.7821,0,0.2179,0.0,0.0,0,0,0,0,1.0,0.7415,0.2617,0.5376,-0.6614,87.2,1,0
LJ500_R066_C077,66,77,699750,9534250,0,2500,2021,10,2021-10,34,0.5018,0,0.3517,0.0,0.1465,0,0,0,0,1.0,0.7054,0.1648,0.4533,-0.6253,100.0,1,0
LJ500_R066_C078,66,78,700250,9534250,500,2500,2021,10,2021-10,34,0.1232,0,0.8768,0.0,0.0,0,0,0,0,1.0,0.6637,0.2103,0.5191,-0.5633,52.0,1,0
LJ500_R066_C079,66,79,700750,9534250,1000,2500,2021,10,2021-10,34,0.3332,0,0.6668,0.0,0.0,0,0,0,0,1.0,0.6177,0.1315,0.3817,-0.5588,97.12,1,0
LJ500_R066_C080,66,80,701250,9534250,1500,2500,2021,10,2021-10,34,0.9149,0,0.0851,0.0,0.0,0,0,0,0,1.0,0.74,0.2534,0.5495,-0.6539,100.0,1,0
LJ500_R066_C081,66,81,701750,9534250,2000,2500,2021,10,2021-10,34,0.7037,0,0.2963,0.0,0.0,0,0,0,0,1.0,0.7239,0.2263,0.5178,-0.6479,97.6,1,0
LJ500_R066_C082,66,82,702250,9534250,2500,2500,2021,10,2021-10,34,0.6772,0,0.3228,0.0,0.0,0,0,0,0,1.0,0.737,0.2312,0.515,-0.6539,76.48,1,0
LJ500_R066_C083,66,83,702750,9534250,3000,2500,2021,10,2021-10,34,0.6289,0,0.3711,0.0,0.0,0,0,0,0,1.0,0.6391,0.1968,0.4432,-0.5587,87.84,1,0
LJ500_R066_C084,66,84,703250,9534250,3500,2500,2021,10,2021-10,34,0.7305,0,0.2695,0.0,0.0,0,0,0,0,1.0,0.6156,0.1765,0.4226,-0.5414,99.2,1,0
LJ500_R066_C085,66,85,703750,9534250,4000,2500,2021,10,2021-10,34,0.7865,0,0.2135,0.0,0.0,0,0,0,0,1.0,0.7172,0.2673,0.5338,-0.6285,88.16,1,0
LJ500_R066_C086,66,86,704250,9534250,4500,2500,2021,10,2021-10,34,1.0,0,0.0,0.0,0.0,0,0,0,0,1.0,0.7877,0.2959,0.5913,-0.6905,100.0,1,0
LJ500_R067_C077,67,77,699750,9534750,0,3000,2021,10,2021-10,34,0.7165,0,0.2835,0.0,0.0,0,0,0,0,1.0,0.6763,0.1734,0.4746,-0.5963,99.36,1,0
LJ500_R067_C078,67,78,700250,9534750,500,3000,2021,10,2021-10,34,0.8229,0,0.1771,0.0,0.0,0,0,0,0,1.0,0.6328,0.1778,0.4573,-0.5547,87.2,1,0
LJ500_R067_C079,67,79,700750,9534750,1000,3000,2021,10,2021-10,34,0.9659,0,0.0341,0.0,0.0,0,0,0,0,1.0,0.6465,0.1988,0.4616,-0.5632,100.0,1,0
LJ500_R067_C080,67,80,701250,9534750,1500,3000,2021,10,2021-10,34,0.8944,0,0.1056,0.0,0.0,0,0,0,0,1.0,0.7194,0.26,0.5429,-0.6365,100.0,1,0
LJ500_R067_C081,67,81,701750,9534750,2000,3000,2021,10,2021-10,34,0.7989,0,0.1897,0.0,0.0114,0,0,0,0,1.0,0.7327,0.2614,0.5478,-0.6646,76.8,1,0
LJ500_R067_C082,67,82,702250,9534750,2500,3000,2021,10,2021-10,34,1.0,0,0.0,0.0,0.0,0,0,0,0,1.0,0.6415,0.2332,0.4837,-0.5668,29.6,1,0
LJ500_R067_C083,67,83,702750,9534750,3000,3000,2021,10,2021-10,34,1.0,0,0.0,0.0,0.0,0,0,0,0,1.0,0.5287,0.1982,0.3745,-0.4642,77.76,1,0
LJ500_R067_C084,67,84,703250,9534750,3500,3000,2021,10,2021-10,34,1.0,0,0.0,0.0,0.0,0,0,0,0,1.0,0.5536,0.2113,0.4157,-0.4841,83.36,1,0
LJ500_R067_C085,67,85,703750,9534750,4000,3000,2021,10,2021-10,34,1.0,0,0.0,0.0,0.0,0,0,0,0,1.0,0.764,0.3073,0.5829,-0.6756,66.72,1,0
LJ500_R067_C086,67,86,704250,9534750,4500,3000,2021,10,2021-10,34,1.0,0,0.0,0.0,0.0,0,0,0,0,1.0,0.766,0.3121,0.5902,-0.6734,98.4,1,0
LJ500_R068_C077,68,77,699750,9535250,0,3500,2021,10,2021-10,34,0.065,0,0.935,0.0,0.0,0,0,0,0,1.0,0.5737,0.1014,0.3762,-0.5321,100.0,1,0
LJ500_R068_C078,68,78,700250,9535250,500,3500,2021,10,2021-10,34,0.7525,0,0.2475,0.0,0.0,0,0,0,0,1.0,0.6488,0.1799,0.4633,-0.5576,100.0,1,0
LJ500_R068_C079,68,79,700750,9535250,1000,3500,2021,10,2021-10,34,1.0,0,0.0,0.0,0.0,0,0,0,0,1.0,0.6916,0.2384,0.5248,-0.5907,85.76,1,0
LJ500_R068_C080,68,80,701250,9535250,1500,3500,2021,10,2021-10,34,0.8923,0,0.1077,0.0,0.0,0,0,0,0,1.0,0.7409,0.3021,0.5811,-0.649,54.88,1,0
LJ500_R068_C081,68,81,701750,9535250,2000,3500,2021,10,2021-10,34,0.6646,0,0.0767,0.0,0.2586,0,0,0,0,1.0,0.6309,0.1524,0.4292,-0.59,0.16,1,0
LJ500_R068_C082,68,82,702250,9535250,2500,3500,2021,10,2021-10,34,0.9399,0,0.0601,0.0,0.0,0,0,0,0,1.0,0.6153,0.2426,0.4679,-0.544,15.04,1,0
LJ500_R068_C083,68,83,702750,9535250,3000,3500,2021,10,2021-10,34,1.0,0,0.0,0.0,0.0,0,0,0,0,1.0,0.6147,0.2594,0.4648,-0.5428,31.84,1,0
LJ500_R068_C084,68,84,703250,9535250,3500,3500,2021,10,2021-10,34,1.0,0,0.0,0.0,0.0,0,0,0,0,1.0,,,,,0.0,1,1
LJ500_R068_C085,68,85,703750,9535250,4000,3500,2021,10,2021-10,34,1.0,0,0.0,0.0,0.0,0,0,0,0,1.0,0.589,0.2953,0.512,-0.5065,7.68,1,0
LJ500_R068_C086,68,86,704250,9535250,4500,3500,2021,10,2021-10,34,1.0,0,0.0,0.0,0.0,0,0,0,0,1.0,0.6615,0.2817,0.5207,-0.5831,13.28,1,0
LJ500_R069_C077,69,77,699750,9535750,0,4000,2021,10,2021-10,34,0.0,0,0.9574,0.0426,0.0,0,0,0,0,1.0,0.577,0.0875,0.3635,-0.5143,100.0,1,0
LJ500_R069_C078,69,78,700250,9535750,500,4000,2021,10,2021-10,34,0.4139,0,0.5115,0.0746,0.0,0,0,0,0,1.0,0.7155,0.2573,0.559,-0.6018,100.0,1,0
LJ500_R069_C079,69,79,700750,9535750,1000,4000,2021,10,2021-10,34,0.6432,0,0.3568,0.0,0.0,0,0,0,0,1.0,0.6343,0.2148,0.4914,-0.5418,88.48,1,0
LJ500_R069_C080,69,80,701250,9535750,1500,4000,2021,10,2021-10,34,0.8514,0,0.1486,0.0,0.0,0,0,0,0,1.0,0.6185,0.2385,0.4969,-0.5272,14.72,1,0
LJ500_R069_C081,69,81,701750,9535750,2000,4000,2021,10,2021-10,34,1.0,0,0.0,0.0,0.0,0,0,0,0,1.0,0.7176,0.2446,0.5152,-0.6269,16.96,1,0
LJ500_R069_C082,69,82,702250,9535750,2500,4000,2021,10,2021-10,34,1.0,0,0.0,0.0,0.0,0,0,0,0,1.0,0.7582,0.3206,0.5959,-0.6609,44.64,1,0
LJ500_R069_C083,69,83,702750,9535750,3000,4000,2021,10,2021-10,34,1.0,0,0.0,0.0,0.0,0,0,0,0,1.0,0.7183,0.32,0.5822,-0.6295,85.6,1,0
LJ500_R069_C084,69,84,703250,9535750,3500,4000,2021,10,2021-10,34,1.0,0,0.0,0.0,0.0,0,0,0,0,1.0,0.7317,0.3295,0.5842,-0.6515,65.44,1,0
LJ500_R069_C085,69,85,703750,9535750,4000,4000,2021,10,2021-10,34,1.0,0,0.0,0.0,0.0,0,0,0,0,1.0,0.6476,0.2765,0.4946,-0.58,18.88,1,0
LJ500_R069_C086,69,86,704250,9535750,4500,4000,2021,10,2021-10,34,1.0,0,0.0,0.0,0.0,0,0,0,0,1.0,0.5656,0.2314,0.4283,-0.5099,29.6,1,0
LJ500_R070_C077,70,77,699750,9536250,0,4500,2021,10,2021-10,34,0.0,0,0.3423,0.4553,0.2024,0,0,0,0,1.0,0.56,0.0529,0.3107,-0.5569,100.0,1,0
LJ500_R070_C078,70,78,700250,9536250,500,4500,2021,10,2021-10,34,0.0,0,0.3908,0.6092,0.0,0,0,0,0,1.0,0.5918,0.134,0.4067,-0.558,96.32,1,0
LJ500_R070_C079,70,79,700750,9536250,1000,4500,2021,10,2021-10,34,0.2082,0,0.7834,0.0084,0.0,0,0,0,0,1.0,0.5701,0.1696,0.4341,-0.5005,44.8,1,0
LJ500_R070_C080,70,80,701250,9536250,1500,4500,2021,10,2021-10,34,0.2813,0,0.7187,0.0,0.0,0,0,0,0,1.0,0.6871,0.1973,0.4624,-0.5977,30.24,1,0
LJ500_R070_C081,70,81,701750,9536250,2000,4500,2021,10,2021-10,34,0.9197,0,0.0803,0.0,0.0,0,0,0,0,1.0,0.74,0.2361,0.5292,-0.6311,88.32,1,0
LJ500_R070_C082,70,82,702250,9536250,2500,4500,2021,10,2021-10,34,1.0,0,0.0,0.0,0.0,0,0,0,0,1.0,0.7228,0.2413,0.5228,-0.6298,83.04,1,0
LJ500_R070_C083,70,83,702750,9536250,3000,4500,2021,10,2021-10,34,1.0,0,0.0,0.0,0.0,0,0,0,0,1.0,0.7685,0.2957,0.5785,-0.6762,94.56,1,0
LJ500_R070_C084,70,84,703250,9536250,3500,4500,2021,10,2021-10,34,0.9943,0,0.0057,0.0,0.0,0,0,0,0,1.0,0.7018,0.2888,0.5452,-0.6191,83.36,1,0
LJ500_R070_C085,70,85,703750,9536250,4000,4500,2021,10,2021-10,34,1.0,0,0.0,0.0,0.0,0,0,0,0,1.0,0.6967,0.2956,0.5434,-0.6274,99.84,1,0
LJ500_R070_C086,70,86,704250,9536250,4500,4500,2021,10,2021-10,34,1.0,0,0.0,0.0,0.0,0,0,0,0,1.0,0.7647,0.3356,0.6014,-0.6874,95.84,1,0
LJ500_R061_C077,61,77,699750,9531750,0,0,2021,11,2021-11,35,0.0,0,1.0,0.0,0.0,0,0,0,0,1.0,0.6148,0.092,0.3276,-0.5469,100.0,1,0
LJ500_R061_C078,61,78,700250,9531750,500,0,2021,11,2021-11,35,0.0,0,0.9516,0.0,0.0484,0,0,0,0,1.0,0.5894,0.0966,0.338,-0.5187,82.88,1,0
LJ500_R061_C079,61,79,700750,9531750,1000,0,2021,11,2021-11,35,0.0,0,0.906,0.0,0.094,0,0,0,0,1.0,0.7168,0.1776,0.4494,-0.6167,85.28,1,0
LJ500_R061_C080,61,80,701250,9531750,1500,0,2021,11,2021-11,35,0.1714,0,0.8229,0.0,0.0057,0,0,0,0,1.0,0.6811,0.1728,0.4473,-0.583,100.0,1,0
LJ500_R061_C081,61,81,701750,9531750,2000,0,2021,11,2021-11,35,0.0,0,1.0,0.0,0.0,0,0,0,0,1.0,0.6552,0.1582,0.4369,-0.5651,100.0,1,0
LJ500_R061_C082,61,82,702250,9531750,2500,0,2021,11,2021-11,35,0.0618,0,0.9382,0.0,0.0,0,0,0,0,1.0,0.6988,0.1547,0.4479,-0.6208,17.76,1,0
LJ500_R061_C083,61,83,702750,9531750,3000,0,2021,11,2021-11,35,0.5343,0,0.3633,0.1024,0.0,0,0,0,0,1.0,,,,,0.0,1,1
LJ500_R061_C084,61,84,703250,9531750,3500,0,2021,11,2021-11,35,0.7729,0,0.0,0.2271,0.0,0,0,0,0,1.0,,,,,0.0,1,1
LJ500_R061_C085,61,85,703750,9531750,4000,0,2021,11,2021-11,35,0.709,0,0.291,0.0,0.0,0,0,0,0,1.0,0.787,0.2847,0.5809,-0.6797,1.76,1,0
LJ500_R061_C086,61,86,704250,9531750,4500,0,2021,11,2021-11,35,1.0,0,0.0,0.0,0.0,0,0,0,0,1.0,,,,,0.0,1,1
LJ500_R062_C077,62,77,699750,9532250,0,500,2021,11,2021-11,35,0.0,0,0.7197,0.0,0.2803,0,0,0,0,1.0,0.5715,0.0883,0.3231,-0.5127,100.0,1,0
LJ500_R062_C078,62,78,700250,9532250,500,500,2021,11,2021-11,35,0.0,0,0.5947,0.0,0.4053,0,0,0,0,1.0,0.616,0.1039,0.3562,-0.5434,100.0,1,0
LJ500_R062_C079,62,79,700750,9532250,1000,500,2021,11,2021-11,35,0.0,0,0.771,0.0,0.229,0,0,0,0,1.0,0.6436,0.091,0.3532,-0.5616,100.0,1,0
LJ500_R062_C080,62,80,701250,9532250,1500,500,2021,11,2021-11,35,0.235,0,0.6379,0.0,0.1271,0,0,0,0,1.0,0.6501,0.1151,0.3804,-0.5673,100.0,1,0
LJ500_R062_C081,62,81,701750,9532250,2000,500,2021,11,2021-11,35,0.0684,0,0.7378,0.0,0.1938,0,0,0,0,1.0,0.6766,0.1624,0.4378,-0.5917,100.0,1,0
LJ500_R062_C082,62,82,702250,9532250,2500,500,2021,11,2021-11,35,0.0973,0,0.9027,0.0,0.0,0,0,0,0,1.0,0.6868,0.2488,0.5278,-0.5861,62.08,1,0
LJ500_R062_C083,62,83,702750,9532250,3000,500,2021,11,2021-11,35,0.0473,0,0.9507,0.0019,0.0,0,0,0,0,1.0,0.6543,0.2022,0.4732,-0.5583,62.4,1,0
LJ500_R062_C084,62,84,703250,9532250,3500,500,2021,11,2021-11,35,0.2757,0,0.7209,0.0034,0.0,0,0,0,0,1.0,0.7279,0.2378,0.5159,-0.6289,50.4,1,0
LJ500_R062_C085,62,85,703750,9532250,4000,500,2021,11,2021-11,35,0.0588,0,0.9412,0.0,0.0,0,0,0,0,1.0,0.6869,0.2619,0.533,-0.5816,94.72,1,0
LJ500_R062_C086,62,86,704250,9532250,4500,500,2021,11,2021-11,35,0.7611,0,0.2389,0.0,0.0,0,0,0,0,1.0,0.7286,0.2868,0.5811,-0.6266,8.8,1,0
LJ500_R063_C077,63,77,699750,9532750,0,1000,2021,11,2021-11,35,0.0,0,0.1158,0.0,0.8842,0,0,0,0,1.0,0.5384,0.0627,0.2954,-0.4974,100.0,1,0
LJ500_R063_C078,63,78,700250,9532750,500,1000,2021,11,2021-11,35,0.0328,0,0.3431,0.0,0.624,0,0,0,0,1.0,0.5889,0.0792,0.3259,-0.537,100.0,1,0
LJ500_R063_C079,63,79,700750,9532750,1000,1000,2021,11,2021-11,35,0.2883,0,0.3768,0.0,0.3349,0,0,0,0,1.0,0.5872,0.0681,0.3116,-0.5291,100.0,1,0
LJ500_R063_C080,63,80,701250,9532750,1500,1000,2021,11,2021-11,35,0.1673,0,0.4746,0.0,0.358,0,0,0,0,1.0,0.644,0.1037,0.3739,-0.5816,100.0,1,0
LJ500_R063_C081,63,81,701750,9532750,2000,1000,2021,11,2021-11,35,0.0165,0,0.5433,0.0,0.4402,0,0,0,0,1.0,0.6501,0.1372,0.4221,-0.5826,100.0,1,0
LJ500_R063_C082,63,82,702250,9532750,2500,1000,2021,11,2021-11,35,0.6742,0,0.2142,0.0,0.1117,0,0,0,0,1.0,0.6356,0.1867,0.4565,-0.5433,100.0,1,0
LJ500_R063_C083,63,83,702750,9532750,3000,1000,2021,11,2021-11,35,0.2059,0,0.7941,0.0,0.0,0,0,0,0,1.0,0.6736,0.2113,0.4875,-0.5832,100.0,1,0
LJ500_R063_C084,63,84,703250,9532750,3500,1000,2021,11,2021-11,35,0.2973,0,0.7027,0.0,0.0,0,0,0,0,1.0,0.7247,0.2275,0.5218,-0.6251,100.0,1,0
LJ500_R063_C085,63,85,703750,9532750,4000,1000,2021,11,2021-11,35,0.1462,0,0.8538,0.0,0.0,0,0,0,0,1.0,0.7753,0.2749,0.5754,-0.6657,100.0,1,0
LJ500_R063_C086,63,86,704250,9532750,4500,1000,2021,11,2021-11,35,0.3435,0,0.6565,0.0,0.0,0,0,0,0,1.0,0.7808,0.3219,0.6221,-0.6589,18.72,1,0
LJ500_R064_C077,64,77,699750,9533250,0,1500,2021,11,2021-11,35,0.3887,0,0.3116,0.0,0.2997,0,0,0,0,1.0,0.6471,0.1171,0.383,-0.5808,100.0,1,0
LJ500_R064_C078,64,78,700250,9533250,500,1500,2021,11,2021-11,35,0.5382,0,0.082,0.0,0.3799,0,0,0,0,1.0,0.6258,0.1221,0.3927,-0.552,100.0,1,0
LJ500_R064_C079,64,79,700750,9533250,1000,1500,2021,11,2021-11,35,0.4384,0,0.1474,0.0,0.4142,0,0,0,0,1.0,0.5762,0.0273,0.2879,-0.5477,100.0,1,0
LJ500_R064_C080,64,80,701250,9533250,1500,1500,2021,11,2021-11,35,0.5951,0,0.4049,0.0,0.0,0,0,0,0,1.0,0.6616,0.1532,0.4374,-0.5841,100.0,1,0
LJ500_R064_C081,64,81,701750,9533250,2000,1500,2021,11,2021-11,35,0.5997,0,0.181,0.0,0.2193,0,0,0,0,1.0,0.6927,0.1933,0.4799,-0.5978,100.0,1,0
LJ500_R064_C082,64,82,702250,9533250,2500,1500,2021,11,2021-11,35,0.7276,0,0.2724,0.0,0.0,0,0,0,0,1.0,0.6462,0.1901,0.4709,-0.5554,100.0,1,0
LJ500_R064_C083,64,83,702750,9533250,3000,1500,2021,11,2021-11,35,0.566,0,0.203,0.0,0.231,0,0,0,0,1.0,0.7111,0.2013,0.5032,-0.6273,100.0,1,0
LJ500_R064_C084,64,84,703250,9533250,3500,1500,2021,11,2021-11,35,0.235,0,0.7298,0.0,0.0352,0,0,0,0,1.0,0.7323,0.246,0.5453,-0.626,100.0,1,0
LJ500_R064_C085,64,85,703750,9533250,4000,1500,2021,11,2021-11,35,0.5109,0,0.4891,0.0,0.0,0,0,0,0,1.0,0.7358,0.2248,0.5288,-0.6286,93.92,1,0
LJ500_R064_C086,64,86,704250,9533250,4500,1500,2021,11,2021-11,35,0.748,0,0.252,0.0,0.0,0,0,0,0,1.0,0.6775,0.205,0.4899,-0.5994,71.2,1,0
LJ500_R065_C077,65,77,699750,9533750,0,2000,2021,11,2021-11,35,0.312,0,0.4033,0.0,0.2847,0,0,0,0,1.0,0.6709,0.1391,0.4148,-0.5893,99.36,1,0
LJ500_R065_C078,65,78,700250,9533750,500,2000,2021,11,2021-11,35,0.5913,0,0.4071,0.0,0.0016,0,0,0,0,1.0,0.665,0.1627,0.4322,-0.5862,100.0,1,0
LJ500_R065_C079,65,79,700750,9533750,1000,2000,2021,11,2021-11,35,0.3219,0,0.6781,0.0,0.0,0,0,0,0,1.0,0.6368,0.1199,0.3905,-0.5762,100.0,1,0
LJ500_R065_C080,65,80,701250,9533750,1500,2000,2021,11,2021-11,35,0.8266,0,0.1734,0.0,0.0,0,0,0,0,1.0,0.7221,0.1634,0.4547,-0.6168,88.48,1,0
LJ500_R065_C081,65,81,701750,9533750,2000,2000,2021,11,2021-11,35,0.9017,0,0.0983,0.0,0.0,0,0,0,0,1.0,0.6261,0.2061,0.4768,-0.5309,97.28,1,0
LJ500_R065_C082,65,82,702250,9533750,2500,2000,2021,11,2021-11,35,0.7327,0,0.2673,0.0,0.0,0,0,0,0,1.0,0.6628,0.2003,0.488,-0.5703,100.0,1,0
LJ500_R065_C083,65,83,702750,9533750,3000,2000,2021,11,2021-11,35,0.7802,0,0.1368,0.0,0.083,0,0,0,0,1.0,0.7172,0.2265,0.5254,-0.615,99.36,1,0
LJ500_R065_C084,65,84,703250,9533750,3500,2000,2021,11,2021-11,35,0.3229,0,0.6771,0.0,0.0,0,0,0,0,1.0,0.6737,0.2163,0.498,-0.5769,96.16,1,0
LJ500_R065_C085,65,85,703750,9533750,4000,2000,2021,11,2021-11,35,0.0167,0,0.9833,0.0,0.0,0,0,0,0,1.0,0.6539,0.21,0.49,-0.5662,64.8,1,0
LJ500_R065_C086,65,86,704250,9533750,4500,2000,2021,11,2021-11,35,0.7821,0,0.2179,0.0,0.0,0,0,0,0,1.0,0.6771,0.2791,0.5532,-0.5851,10.72,1,0
LJ500_R066_C077,66,77,699750,9534250,0,2500,2021,11,2021-11,35,0.5018,0,0.3517,0.0,0.1465,0,0,0,0,1.0,0.6247,0.1828,0.4298,-0.5319,90.56,1,0
LJ500_R066_C078,66,78,700250,9534250,500,2500,2021,11,2021-11,35,0.1232,0,0.8768,0.0,0.0,0,0,0,0,1.0,0.6391,0.1492,0.4157,-0.566,100.0,1,0
LJ500_R066_C079,66,79,700750,9534250,1000,2500,2021,11,2021-11,35,0.3332,0,0.6668,0.0,0.0,0,0,0,0,1.0,0.6286,0.1238,0.3816,-0.5813,93.6,1,0
LJ500_R066_C080,66,80,701250,9534250,1500,2500,2021,11,2021-11,35,0.9149,0,0.0851,0.0,0.0,0,0,0,0,1.0,0.626,0.2397,0.4892,-0.5444,71.36,1,0
LJ500_R066_C081,66,81,701750,9534250,2000,2500,2021,11,2021-11,35,0.7037,0,0.2963,0.0,0.0,0,0,0,0,1.0,0.6331,0.2465,0.5094,-0.5478,89.12,1,0
LJ500_R066_C082,66,82,702250,9534250,2500,2500,2021,11,2021-11,35,0.6772,0,0.3228,0.0,0.0,0,0,0,0,1.0,0.6862,0.2395,0.5091,-0.5945,100.0,1,0
LJ500_R066_C083,66,83,702750,9534250,3000,2500,2021,11,2021-11,35,0.6289,0,0.3711,0.0,0.0,0,0,0,0,1.0,0.7366,0.2328,0.5355,-0.6325,100.0,1,0
LJ500_R066_C084,66,84,703250,9534250,3500,2500,2021,11,2021-11,35,0.7305,0,0.2695,0.0,0.0,0,0,0,0,1.0,0.6676,0.2125,0.4954,-0.578,100.0,1,0
LJ500_R066_C085,66,85,703750,9534250,4000,2500,2021,11,2021-11,35,0.7865,0,0.2135,0.0,0.0,0,0,0,0,1.0,0.7127,0.2658,0.5479,-0.6202,99.84,1,0
LJ500_R066_C086,66,86,704250,9534250,4500,2500,2021,11,2021-11,35,1.0,0,0.0,0.0,0.0,0,0,0,0,1.0,0.6768,0.29,0.5537,-0.5768,44.8,1,0
LJ500_R067_C077,67,77,699750,9534750,0,3000,2021,11,2021-11,35,0.7165,0,0.2835,0.0,0.0,0,0,0,0,1.0,0.5662,0.1538,0.3954,-0.4984,100.0,1,0
LJ500_R067_C078,67,78,700250,9534750,500,3000,2021,11,2021-11,35,0.8229,0,0.1771,0.0,0.0,0,0,0,0,1.0,0.6051,0.1254,0.3778,-0.543,97.92,1,0
LJ500_R067_C079,67,79,700750,9534750,1000,3000,2021,11,2021-11,35,0.9659,0,0.0341,0.0,0.0,0,0,0,0,1.0,0.5125,0.1309,0.3179,-0.4432,33.28,1,0
LJ500_R067_C080,67,80,701250,9534750,1500,3000,2021,11,2021-11,35,0.8944,0,0.1056,0.0,0.0,0,0,0,0,1.0,0.5626,0.1803,0.3882,-0.5461,1.12,1,0
LJ500_R067_C081,67,81,701750,9534750,2000,3000,2021,11,2021-11,35,0.7989,0,0.1897,0.0,0.0114,0,0,0,0,1.0,0.7339,0.3205,0.6093,-0.6371,39.84,1,0
LJ500_R067_C082,67,82,702250,9534750,2500,3000,2021,11,2021-11,35,1.0,0,0.0,0.0,0.0,0,0,0,0,1.0,0.7323,0.312,0.6007,-0.6321,61.12,1,0
LJ500_R067_C083,67,83,702750,9534750,3000,3000,2021,11,2021-11,35,1.0,0,0.0,0.0,0.0,0,0,0,0,1.0,0.6993,0.2881,0.5686,-0.6001,79.84,1,0
LJ500_R067_C084,67,84,703250,9534750,3500,3000,2021,11,2021-11,35,1.0,0,0.0,0.0,0.0,0,0,0,0,1.0,0.6758,0.2783,0.5453,-0.5843,87.2,1,0
LJ500_R067_C085,67,85,703750,9534750,4000,3000,2021,11,2021-11,35,1.0,0,0.0,0.0,0.0,0,0,0,0,1.0,0.7025,0.3186,0.5778,-0.6144,100.0,1,0
LJ500_R067_C086,67,86,704250,9534750,4500,3000,2021,11,2021-11,35,1.0,0,0.0,0.0,0.0,0,0,0,0,1.0,0.6472,0.2961,0.5342,-0.5605,78.56,1,0
LJ500_R068_C077,68,77,699750,9535250,0,3500,2021,11,2021-11,35,0.065,0,0.935,0.0,0.0,0,0,0,0,1.0,0.6041,0.1193,0.3797,-0.5274,100.0,1,0
LJ500_R068_C078,68,78,700250,9535250,500,3500,2021,11,2021-11,35,0.7525,0,0.2475,0.0,0.0,0,0,0,0,1.0,0.7261,0.1765,0.4626,-0.621,83.68,1,0
LJ500_R068_C079,68,79,700750,9535250,1000,3500,2021,11,2021-11,35,1.0,0,0.0,0.0,0.0,0,0,0,0,1.0,0.8026,0.2359,0.5332,-0.6836,28.8,1,0
LJ500_R068_C080,68,80,701250,9535250,1500,3500,2021,11,2021-11,35,0.8923,0,0.1077,0.0,0.0,0,0,0,0,1.0,0.5446,0.1287,0.3685,-0.4974,21.12,1,0
LJ500_R068_C081,68,81,701750,9535250,2000,3500,2021,11,2021-11,35,0.6646,0,0.0767,0.0,0.2586,0,0,0,0,1.0,0.5169,0.1405,0.3099,-0.4759,23.36,1,0
LJ500_R068_C082,68,82,702250,9535250,2500,3500,2021,11,2021-11,35,0.9399,0,0.0601,0.0,0.0,0,0,0,0,1.0,0.4808,0.2311,0.3384,-0.4156,1.44,1,0
LJ500_R068_C083,68,83,702750,9535250,3000,3500,2021,11,2021-11,35,1.0,0,0.0,0.0,0.0,0,0,0,0,1.0,,,,,0.0,1,1
LJ500_R068_C084,68,84,703250,9535250,3500,3500,2021,11,2021-11,35,1.0,0,0.0,0.0,0.0,0,0,0,0,1.0,0.6766,0.3188,0.5794,-0.5864,58.4,1,0
LJ500_R068_C085,68,85,703750,9535250,4000,3500,2021,11,2021-11,35,1.0,0,0.0,0.0,0.0,0,0,0,0,1.0,0.7022,0.3597,0.6023,-0.6237,14.88,1,0
LJ500_R068_C086,68,86,704250,9535250,4500,3500,2021,11,2021-11,35,1.0,0,0.0,0.0,0.0,0,0,0,0,1.0,0.6132,0.3002,0.4937,-0.5581,39.04,1,0
LJ500_R069_C077,69,77,699750,9535750,0,4000,2021,11,2021-11,35,0.0,0,0.9574,0.0426,0.0,0,0,0,0,1.0,0.6243,0.0764,0.3504,-0.5602,98.08,1,0
LJ500_R069_C078,69,78,700250,9535750,500,4000,2021,11,2021-11,35,0.4139,0,0.5115,0.0746,0.0,0,0,0,0,1.0,0.7734,0.2023,0.4921,-0.6589,62.88,1,0
LJ500_R069_C079,69,79,700750,9535750,1000,4000,2021,11,2021-11,35,0.6432,0,0.3568,0.0,0.0,0,0,0,0,1.0,0.7235,0.1571,0.4312,-0.6422,29.6,1,0
LJ500_R069_C080,69,80,701250,9535750,1500,4000,2021,11,2021-11,35,0.8514,0,0.1486,0.0,0.0,0,0,0,0,1.0,0.6272,0.1566,0.4043,-0.5599,96.96,1,0
LJ500_R069_C081,69,81,701750,9535750,2000,4000,2021,11,2021-11,35,1.0,0,0.0,0.0,0.0,0,0,0,0,1.0,0.7559,0.253,0.5231,-0.6584,48.48,1,0
LJ500_R069_C082,69,82,702250,9535750,2500,4000,2021,11,2021-11,35,1.0,0,0.0,0.0,0.0,0,0,0,0,1.0,0.5937,0.2289,0.3958,-0.522,7.68,1,0
LJ500_R069_C083,69,83,702750,9535750,3000,4000,2021,11,2021-11,35,1.0,0,0.0,0.0,0.0,0,0,0,0,1.0,0.7674,0.2451,0.4847,-0.726,6.4,1,0
LJ500_R069_C084,69,84,703250,9535750,3500,4000,2021,11,2021-11,35,1.0,0,0.0,0.0,0.0,0,0,0,0,1.0,0.656,0.3002,0.5329,-0.5843,99.04,1,0
LJ500_R069_C085,69,85,703750,9535750,4000,4000,2021,11,2021-11,35,1.0,0,0.0,0.0,0.0,0,0,0,0,1.0,0.7021,0.3394,0.5994,-0.6139,75.84,1,0
LJ500_R069_C086,69,86,704250,9535750,4500,4000,2021,11,2021-11,35,1.0,0,0.0,0.0,0.0,0,0,0,0,1.0,0.6363,0.2695,0.5251,-0.5677,95.2,1,0
LJ500_R070_C077,70,77,699750,9536250,0,4500,2021,11,2021-11,35,0.0,0,0.3423,0.4553,0.2024,0,0,0,0,1.0,0.6414,0.142,0.4186,-0.5791,56.64,1,0
LJ500_R070_C078,70,78,700250,9536250,500,4500,2021,11,2021-11,35,0.0,0,0.3908,0.6092,0.0,0,0,0,0,1.0,0.6348,0.1275,0.3789,-0.5879,62.72,1,0
LJ500_R070_C079,70,79,700750,9536250,1000,4500,2021,11,2021-11,35,0.2082,0,0.7834,0.0084,0.0,0,0,0,0,1.0,0.6377,0.1159,0.3707,-0.5682,95.36,1,0
LJ500_R070_C080,70,80,701250,9536250,1500,4500,2021,11,2021-11,35,0.2813,0,0.7187,0.0,0.0,0,0,0,0,1.0,0.6822,0.1529,0.4258,-0.6026,100.0,1,0
LJ500_R070_C081,70,81,701750,9536250,2000,4500,2021,11,2021-11,35,0.9197,0,0.0803,0.0,0.0,0,0,0,0,1.0,0.76,0.2113,0.5021,-0.6539,95.84,1,0
LJ500_R070_C082,70,82,702250,9536250,2500,4500,2021,11,2021-11,35,1.0,0,0.0,0.0,0.0,0,0,0,0,1.0,0.7348,0.2184,0.505,-0.6335,84.32,1,0
LJ500_R070_C083,70,83,702750,9536250,3000,4500,2021,11,2021-11,35,1.0,0,0.0,0.0,0.0,0,0,0,0,1.0,0.7639,0.29,0.576,-0.6655,94.72,1,0
LJ500_R070_C084,70,84,703250,9536250,3500,4500,2021,11,2021-11,35,0.9943,0,0.0057,0.0,0.0,0,0,0,0,1.0,0.7112,0.3043,0.5736,-0.6252,100.0,1,0
LJ500_R070_C085,70,85,703750,9536250,4000,4500,2021,11,2021-11,35,1.0,0,0.0,0.0,0.0,0,0,0,0,1.0,0.7169,0.3248,0.5915,-0.6491,100.0,1,0
LJ500_R070_C086,70,86,704250,9536250,4500,4500,2021,11,2021-11,35,1.0,0,0.0,0.0,0.0,0,0,0,0,1.0,0.7283,0.3429,0.6034,-0.6539,100.0,1,0
LJ500_R061_C077,61,77,699750,9531750,0,0,2021,12,2021-12,36,0.0,0,1.0,0.0,0.0,0,0,0,0,1.0,0.6754,0.2549,0.4965,-0.5725,100.0,1,0
LJ500_R061_C078,61,78,700250,9531750,500,0,2021,12,2021-12,36,0.0,0,0.9516,0.0,0.0484,0,0,0,0,1.0,0.6526,0.2078,0.47,-0.5426,96.48,1,0
LJ500_R061_C079,61,79,700750,9531750,1000,0,2021,12,2021-12,36,0.0,0,0.906,0.0,0.094,0,0,0,0,1.0,0.6679,0.2603,0.4962,-0.5679,56.16,1,0
LJ500_R061_C080,61,80,701250,9531750,1500,0,2021,12,2021-12,36,0.1714,0,0.8229,0.0,0.0057,0,0,0,0,1.0,0.6116,0.2393,0.4753,-0.5235,41.28,1,0
LJ500_R061_C081,61,81,701750,9531750,2000,0,2021,12,2021-12,36,0.0,0,1.0,0.0,0.0,0,0,0,0,1.0,0.519,0.2015,0.4068,-0.4415,52.0,1,0
LJ500_R061_C082,61,82,702250,9531750,2500,0,2021,12,2021-12,36,0.0618,0,0.9382,0.0,0.0,0,0,0,0,1.0,0.4917,0.1967,0.3793,-0.4229,70.56,1,0
LJ500_R061_C083,61,83,702750,9531750,3000,0,2021,12,2021-12,36,0.5343,0,0.3633,0.1024,0.0,0,0,0,0,1.0,0.4239,0.1941,0.3303,-0.3606,27.52,1,0
LJ500_R061_C084,61,84,703250,9531750,3500,0,2021,12,2021-12,36,0.7729,0,0.0,0.2271,0.0,0,0,0,0,1.0,0.4206,0.1873,0.331,-0.3609,2.24,1,0
LJ500_R061_C085,61,85,703750,9531750,4000,0,2021,12,2021-12,36,0.709,0,0.291,0.0,0.0,0,0,0,0,1.0,,,,,0.0,1,1
LJ500_R061_C086,61,86,704250,9531750,4500,0,2021,12,2021-12,36,1.0,0,0.0,0.0,0.0,0,0,0,0,1.0,0.3873,0.198,0.4241,-0.32,3.68,1,0
LJ500_R062_C077,62,77,699750,9532250,0,500,2021,12,2021-12,36,0.0,0,0.7197,0.0,0.2803,0,0,0,0,1.0,0.6282,0.1931,0.426,-0.5391,84.8,1,0
LJ500_R062_C078,62,78,700250,9532250,500,500,2021,12,2021-12,36,0.0,0,0.5947,0.0,0.4053,0,0,0,0,1.0,0.5973,0.1855,0.4176,-0.5016,30.08,1,0
LJ500_R062_C079,62,79,700750,9532250,1000,500,2021,12,2021-12,36,0.0,0,0.771,0.0,0.229,0,0,0,0,1.0,0.5983,0.211,0.4204,-0.5031,3.36,1,0
LJ500_R062_C080,62,80,701250,9532250,1500,500,2021,12,2021-12,36,0.235,0,0.6379,0.0,0.1271,0,0,0,0,1.0,0.5622,0.1972,0.4153,-0.469,32.0,1,0
LJ500_R062_C081,62,81,701750,9532250,2000,500,2021,12,2021-12,36,0.0684,0,0.7378,0.0,0.1938,0,0,0,0,1.0,0.447,0.1832,0.3557,-0.3755,25.12,1,0
LJ500_R062_C082,62,82,702250,9532250,2500,500,2021,12,2021-12,36,0.0973,0,0.9027,0.0,0.0,0,0,0,0,1.0,0.4098,0.1886,0.335,-0.3428,42.4,1,0
LJ500_R062_C083,62,83,702750,9532250,3000,500,2021,12,2021-12,36,0.0473,0,0.9507,0.0019,0.0,0,0,0,0,1.0,0.4101,0.2165,0.3617,-0.3394,58.56,1,0
LJ500_R062_C084,62,84,703250,9532250,3500,500,2021,12,2021-12,36,0.2757,0,0.7209,0.0034,0.0,0,0,0,0,1.0,,,,,0.0,1,1
LJ500_R062_C085,62,85,703750,9532250,4000,500,2021,12,2021-12,36,0.0588,0,0.9412,0.0,0.0,0,0,0,0,1.0,,,,,0.0,1,1
LJ500_R062_C086,62,86,704250,9532250,4500,500,2021,12,2021-12,36,0.7611,0,0.2389,0.0,0.0,0,0,0,0,1.0,0.5591,0.2484,0.4644,-0.4673,4.96,1,0
LJ500_R063_C077,63,77,699750,9532750,0,1000,2021,12,2021-12,36,0.0,0,0.1158,0.0,0.8842,0,0,0,0,1.0,0.6169,0.1691,0.4099,-0.5135,32.64,1,0
LJ500_R063_C078,63,78,700250,9532750,500,1000,2021,12,2021-12,36,0.0328,0,0.3431,0.0,0.624,0,0,0,0,1.0,0.5065,0.0953,0.3211,-0.4417,41.28,1,0
LJ500_R063_C079,63,79,700750,9532750,1000,1000,2021,12,2021-12,36,0.2883,0,0.3768,0.0,0.3349,0,0,0,0,1.0,0.4565,0.0819,0.2676,-0.3942,10.56,1,0
LJ500_R063_C080,63,80,701250,9532750,1500,1000,2021,12,2021-12,36,0.1673,0,0.4746,0.0,0.358,0,0,0,0,1.0,0.3384,0.1015,0.2755,-0.2941,1.44,1,0
LJ500_R063_C081,63,81,701750,9532750,2000,1000,2021,12,2021-12,36,0.0165,0,0.5433,0.0,0.4402,0,0,0,0,1.0,,,,,0.0,1,1
LJ500_R063_C082,63,82,702250,9532750,2500,1000,2021,12,2021-12,36,0.6742,0,0.2142,0.0,0.1117,0,0,0,0,1.0,,,,,0.0,1,1
LJ500_R063_C083,63,83,702750,9532750,3000,1000,2021,12,2021-12,36,0.2059,0,0.7941,0.0,0.0,0,0,0,0,1.0,,,,,0.0,1,1
LJ500_R063_C084,63,84,703250,9532750,3500,1000,2021,12,2021-12,36,0.2973,0,0.7027,0.0,0.0,0,0,0,0,1.0,,,,,0.0,1,1
LJ500_R063_C085,63,85,703750,9532750,4000,1000,2021,12,2021-12,36,0.1462,0,0.8538,0.0,0.0,0,0,0,0,1.0,0.6604,0.2455,0.4958,-0.5875,2.24,1,0
LJ500_R063_C086,63,86,704250,9532750,4500,1000,2021,12,2021-12,36,0.3435,0,0.6565,0.0,0.0,0,0,0,0,1.0,0.6763,0.3161,0.5742,-0.5686,42.72,1,0
LJ500_R064_C077,64,77,699750,9533250,0,1500,2021,12,2021-12,36,0.3887,0,0.3116,0.0,0.2997,0,0,0,0,1.0,0.5904,0.1671,0.3741,-0.4916,66.4,1,0
LJ500_R064_C078,64,78,700250,9533250,500,1500,2021,12,2021-12,36,0.5382,0,0.082,0.0,0.3799,0,0,0,0,1.0,0.4527,0.0811,0.2578,-0.4017,10.56,1,0
LJ500_R064_C079,64,79,700750,9533250,1000,1500,2021,12,2021-12,36,0.4384,0,0.1474,0.0,0.4142,0,0,0,0,1.0,0.479,0.13,0.3193,-0.3728,0.8,1,0
LJ500_R064_C080,64,80,701250,9533250,1500,1500,2021,12,2021-12,36,0.5951,0,0.4049,0.0,0.0,0,0,0,0,1.0,,,,,0.0,1,1
LJ500_R064_C081,64,81,701750,9533250,2000,1500,2021,12,2021-12,36,0.5997,0,0.181,0.0,0.2193,0,0,0,0,1.0,,,,,0.0,1,1
LJ500_R064_C082,64,82,702250,9533250,2500,1500,2021,12,2021-12,36,0.7276,0,0.2724,0.0,0.0,0,0,0,0,1.0,,,,,0.0,1,1
LJ500_R064_C083,64,83,702750,9533250,3000,1500,2021,12,2021-12,36,0.566,0,0.203,0.0,0.231,0,0,0,0,1.0,,,,,0.0,1,1
LJ500_R064_C084,64,84,703250,9533250,3500,1500,2021,12,2021-12,36,0.235,0,0.7298,0.0,0.0352,0,0,0,0,1.0,0.6843,0.227,0.5083,-0.5765,17.12,1,0
LJ500_R064_C085,64,85,703750,9533250,4000,1500,2021,12,2021-12,36,0.5109,0,0.4891,0.0,0.0,0,0,0,0,1.0,0.6734,0.2511,0.5393,-0.5722,34.56,1,0
LJ500_R064_C086,64,86,704250,9533250,4500,1500,2021,12,2021-12,36,0.748,0,0.252,0.0,0.0,0,0,0,0,1.0,0.6941,0.2452,0.5399,-0.6053,100.0,1,0
LJ500_R065_C077,65,77,699750,9533750,0,2000,2021,12,2021-12,36,0.312,0,0.4033,0.0,0.2847,0,0,0,0,1.0,0.585,0.1785,0.4103,-0.4981,67.36,1,0
LJ500_R065_C078,65,78,700250,9533750,500,2000,2021,12,2021-12,36,0.5913,0,0.4071,0.0,0.0016,0,0,0,0,1.0,,,,,0.0,1,1
LJ500_R065_C079,65,79,700750,9533750,1000,2000,2021,12,2021-12,36,0.3219,0,0.6781,0.0,0.0,0,0,0,0,1.0,0.3859,0.2056,0.3319,-0.3066,0.48,1,0
LJ500_R065_C080,65,80,701250,9533750,1500,2000,2021,12,2021-12,36,0.8266,0,0.1734,0.0,0.0,0,0,0,0,1.0,0.4014,0.1785,0.332,-0.3246,4.96,1,0
LJ500_R065_C081,65,81,701750,9533750,2000,2000,2021,12,2021-12,36,0.9017,0,0.0983,0.0,0.0,0,0,0,0,1.0,,,,,0.0,1,1
LJ500_R065_C082,65,82,702250,9533750,2500,2000,2021,12,2021-12,36,0.7327,0,0.2673,0.0,0.0,0,0,0,0,1.0,,,,,0.0,1,1
LJ500_R065_C083,65,83,702750,9533750,3000,2000,2021,12,2021-12,36,0.7802,0,0.1368,0.0,0.083,0,0,0,0,1.0,0.7528,0.2191,0.5274,-0.6489,0.32,1,0
LJ500_R065_C084,65,84,703250,9533750,3500,2000,2021,12,2021-12,36,0.3229,0,0.6771,0.0,0.0,0,0,0,0,1.0,0.6645,0.2195,0.4922,-0.5705,48.8,1,0
LJ500_R065_C085,65,85,703750,9533750,4000,2000,2021,12,2021-12,36,0.0167,0,0.9833,0.0,0.0,0,0,0,0,1.0,0.5851,0.1868,0.4462,-0.513,57.6,1,0
LJ500_R065_C086,65,86,704250,9533750,4500,2000,2021,12,2021-12,36,0.7821,0,0.2179,0.0,0.0,0,0,0,0,1.0,0.7514,0.2769,0.5685,-0.6537,83.68,1,0
LJ500_R066_C077,66,77,699750,9534250,0,2500,2021,12,2021-12,36,0.5018,0,0.3517,0.0,0.1465,0,0,0,0,1.0,0.6534,0.2259,0.4708,-0.546,79.84,1,0
LJ500_R066_C078,66,78,700250,9534250,500,2500,2021,12,2021-12,36,0.1232,0,0.8768,0.0,0.0,0,0,0,0,1.0,0.5865,0.2238,0.4527,-0.4974,1.6,1,0
LJ500_R066_C079,66,79,700750,9534250,1000,2500,2021,12,2021-12,36,0.3332,0,0.6668,0.0,0.0,0,0,0,0,1.0,0.2918,0.0093,0.0923,-0.2194,0.32,1,0
LJ500_R066_C080,66,80,701250,9534250,1500,2500,2021,12,2021-12,36,0.9149,0,0.0851,0.0,0.0,0,0,0,0,1.0,,,,,0.0,1,1
LJ500_R066_C081,66,81,701750,9534250,2000,2500,2021,12,2021-12,36,0.7037,0,0.2963,0.0,0.0,0,0,0,0,1.0,0.7731,0.3991,0.6738,-0.6702,0.16,1,0
LJ500_R066_C082,66,82,702250,9534250,2500,2500,2021,12,2021-12,36,0.6772,0,0.3228,0.0,0.0,0,0,0,0,1.0,0.7668,0.3606,0.6504,-0.6727,0.48,1,0
LJ500_R066_C083,66,83,702750,9534250,3000,2500,2021,12,2021-12,36,0.6289,0,0.3711,0.0,0.0,0,0,0,0,1.0,0.729,0.1983,0.4935,-0.6252,6.24,1,0
LJ500_R066_C084,66,84,703250,9534250,3500,2500,2021,12,2021-12,36,0.7305,0,0.2695,0.0,0.0,0,0,0,0,1.0,0.6828,0.1948,0.4879,-0.593,33.28,1,0
LJ500_R066_C085,66,85,703750,9534250,4000,2500,2021,12,2021-12,36,0.7865,0,0.2135,0.0,0.0,0,0,0,0,1.0,0.5911,0.2391,0.488,-0.506,25.6,1,0
LJ500_R066_C086,66,86,704250,9534250,4500,2500,2021,12,2021-12,36,1.0,0,0.0,0.0,0.0,0,0,0,0,1.0,0.7266,0.2788,0.5486,-0.6245,94.56,1,0
LJ500_R067_C077,67,77,699750,9534750,0,3000,2021,12,2021-12,36,0.7165,0,0.2835,0.0,0.0,0,0,0,0,1.0,0.5392,0.1521,0.3797,-0.4644,42.4,1,0
LJ500_R067_C078,67,78,700250,9534750,500,3000,2021,12,2021-12,36,0.8229,0,0.1771,0.0,0.0,0,0,0,0,1.0,0.5307,0.1531,0.3783,-0.4593,36.64,1,0
LJ500_R067_C079,67,79,700750,9534750,1000,3000,2021,12,2021-12,36,0.9659,0,0.0341,0.0,0.0,0,0,0,0,1.0,0.5243,0.1681,0.366,-0.4541,18.4,1,0
LJ500_R067_C080,67,80,701250,9534750,1500,3000,2021,12,2021-12,36,0.8944,0,0.1056,0.0,0.0,0,0,0,0,1.0,0.3882,0.1131,0.2637,-0.326,35.84,1,0
LJ500_R067_C081,67,81,701750,9534750,2000,3000,2021,12,2021-12,36,0.7989,0,0.1897,0.0,0.0114,0,0,0,0,1.0,0.6466,0.371,0.6362,-0.5477,0.48,1,0
LJ500_R067_C082,67,82,702250,9534750,2500,3000,2021,12,2021-12,36,1.0,0,0.0,0.0,0.0,0,0,0,0,1.0,0.7682,0.3296,0.6155,-0.684,2.4,1,0
LJ500_R067_C083,67,83,702750,9534750,3000,3000,2021,12,2021-12,36,1.0,0,0.0,0.0,0.0,0,0,0,0,1.0,0.7056,0.2887,0.5581,-0.612,61.44,1,0
LJ500_R067_C084,67,84,703250,9534750,3500,3000,2021,12,2021-12,36,1.0,0,0.0,0.0,0.0,0,0,0,0,1.0,0.6106,0.2364,0.4805,-0.5388,34.24,1,0
LJ500_R067_C085,67,85,703750,9534750,4000,3000,2021,12,2021-12,36,1.0,0,0.0,0.0,0.0,0,0,0,0,1.0,0.7553,0.298,0.5731,-0.6625,47.52,1,0
LJ500_R067_C086,67,86,704250,9534750,4500,3000,2021,12,2021-12,36,1.0,0,0.0,0.0,0.0,0,0,0,0,1.0,0.7211,0.3018,0.5737,-0.6267,98.56,1,0
LJ500_R068_C077,68,77,699750,9535250,0,3500,2021,12,2021-12,36,0.065,0,0.935,0.0,0.0,0,0,0,0,1.0,0.6501,0.186,0.435,-0.5502,98.56,1,0
LJ500_R068_C078,68,78,700250,9535250,500,3500,2021,12,2021-12,36,0.7525,0,0.2475,0.0,0.0,0,0,0,0,1.0,0.6226,0.2042,0.4413,-0.5192,100.0,1,0
LJ500_R068_C079,68,79,700750,9535250,1000,3500,2021,12,2021-12,36,1.0,0,0.0,0.0,0.0,0,0,0,0,1.0,0.5585,0.1994,0.4177,-0.4772,61.6,1,0
LJ500_R068_C080,68,80,701250,9535250,1500,3500,2021,12,2021-12,36,0.8923,0,0.1077,0.0,0.0,0,0,0,0,1.0,0.3237,0.0857,0.2342,-0.2683,11.52,1,0
LJ500_R068_C081,68,81,701750,9535250,2000,3500,2021,12,2021-12,36,0.6646,0,0.0767,0.0,0.2586,0,0,0,0,1.0,,,,,0.0,1,1
LJ500_R068_C082,68,82,702250,9535250,2500,3500,2021,12,2021-12,36,0.9399,0,0.0601,0.0,0.0,0,0,0,0,1.0,,,,,0.0,1,1
LJ500_R068_C083,68,83,702750,9535250,3000,3500,2021,12,2021-12,36,1.0,0,0.0,0.0,0.0,0,0,0,0,1.0,0.5719,0.2598,0.4861,-0.4869,2.24,1,0
LJ500_R068_C084,68,84,703250,9535250,3500,3500,2021,12,2021-12,36,1.0,0,0.0,0.0,0.0,0,0,0,0,1.0,0.686,0.2971,0.5463,-0.6046,24.0,1,0
LJ500_R068_C085,68,85,703750,9535250,4000,3500,2021,12,2021-12,36,1.0,0,0.0,0.0,0.0,0,0,0,0,1.0,0.7752,0.4097,0.6636,-0.675,10.56,1,0
LJ500_R068_C086,68,86,704250,9535250,4500,3500,2021,12,2021-12,36,1.0,0,0.0,0.0,0.0,0,0,0,0,1.0,0.7174,0.3462,0.6004,-0.6273,19.04,1,0
LJ500_R069_C077,69,77,699750,9535750,0,4000,2021,12,2021-12,36,0.0,0,0.9574,0.0426,0.0,0,0,0,0,1.0,0.6258,0.1367,0.3955,-0.5461,100.0,1,0
LJ500_R069_C078,69,78,700250,9535750,500,4000,2021,12,2021-12,36,0.4139,0,0.5115,0.0746,0.0,0,0,0,0,1.0,0.6284,0.2056,0.4556,-0.5377,91.04,1,0
LJ500_R069_C079,69,79,700750,9535750,1000,4000,2021,12,2021-12,36,0.6432,0,0.3568,0.0,0.0,0,0,0,0,1.0,0.4561,0.1354,0.3185,-0.3898,29.44,1,0
LJ500_R069_C080,69,80,701250,9535750,1500,4000,2021,12,2021-12,36,0.8514,0,0.1486,0.0,0.0,0,0,0,0,1.0,0.4484,0.1387,0.313,-0.3811,31.84,1,0
LJ500_R069_C081,69,81,701750,9535750,2000,4000,2021,12,2021-12,36,1.0,0,0.0,0.0,0.0,0,0,0,0,1.0,0.3319,0.1218,0.2452,-0.2808,17.76,1,0
LJ500_R069_C082,69,82,702250,9535750,2500,4000,2021,12,2021-12,36,1.0,0,0.0,0.0,0.0,0,0,0,0,1.0,0.5463,0.24,0.4473,-0.4693,29.12,1,0
LJ500_R069_C083,69,83,702750,9535750,3000,4000,2021,12,2021-12,36,1.0,0,0.0,0.0,0.0,0,0,0,0,1.0,0.5625,0.2713,0.4895,-0.4827,8.64,1,0
LJ500_R069_C084,69,84,703250,9535750,3500,4000,2021,12,2021-12,36,1.0,0,0.0,0.0,0.0,0,0,0,0,1.0,0.4997,0.2749,0.4757,-0.4143,5.44,1,0
LJ500_R069_C085,69,85,703750,9535750,4000,4000,2021,12,2021-12,36,1.0,0,0.0,0.0,0.0,0,0,0,0,1.0,,,,,0.0,1,1
LJ500_R069_C086,69,86,704250,9535750,4500,4000,2021,12,2021-12,36,1.0,0,0.0,0.0,0.0,0,0,0,0,1.0,,,,,0.0,1,1
LJ500_R070_C077,70,77,699750,9536250,0,4500,2021,12,2021-12,36,0.0,0,0.3423,0.4553,0.2024,0,0,0,0,1.0,0.6145,0.1756,0.4188,-0.5413,100.0,1,0
LJ500_R070_C078,70,78,700250,9536250,500,4500,2021,12,2021-12,36,0.0,0,0.3908,0.6092,0.0,0,0,0,0,1.0,0.5962,0.1809,0.422,-0.5253,94.4,1,0
LJ500_R070_C079,70,79,700750,9536250,1000,4500,2021,12,2021-12,36,0.2082,0,0.7834,0.0084,0.0,0,0,0,0,1.0,0.6118,0.179,0.4209,-0.5224,100.0,1,0
LJ500_R070_C080,70,80,701250,9536250,1500,4500,2021,12,2021-12,36,0.2813,0,0.7187,0.0,0.0,0,0,0,0,1.0,0.6092,0.1648,0.4144,-0.522,69.28,1,0
LJ500_R070_C081,70,81,701750,9536250,2000,4500,2021,12,2021-12,36,0.9197,0,0.0803,0.0,0.0,0,0,0,0,1.0,0.5823,0.1992,0.416,-0.501,91.04,1,0
LJ500_R070_C082,70,82,702250,9536250,2500,4500,2021,12,2021-12,36,1.0,0,0.0,0.0,0.0,0,0,0,0,1.0,0.6023,0.213,0.4491,-0.5242,51.04,1,0
LJ500_R070_C083,70,83,702750,9536250,3000,4500,2021,12,2021-12,36,1.0,0,0.0,0.0,0.0,0,0,0,0,1.0,0.5869,0.2563,0.4784,-0.5112,88.64,1,0
LJ500_R070_C084,70,84,703250,9536250,3500,4500,2021,12,2021-12,36,0.9943,0,0.0057,0.0,0.0,0,0,0,0,1.0,0.65,0.2473,0.496,-0.5784,29.92,1,0
LJ500_R070_C085,70,85,703750,9536250,4000,4500,2021,12,2021-12,36,1.0,0,0.0,0.0,0.0,0,0,0,0,1.0,0.3533,0.1434,0.2726,-0.3138,6.72,1,0
LJ500_R070_C086,70,86,704250,9536250,4500,4500,2021,12,2021-12,36,1.0,0,0.0,0.0,0.0,0,0,0,0,1.0,,,,,0.0,1,1
LJ500_R061_C077,61,77,699750,9531750,0,0,2022,1,2022-01,37,0.0,0,1.0,0.0,0.0,0,0,0,0,1.0,0.7042,0.2969,0.5469,-0.6015,100.0,1,0
LJ500_R061_C078,61,78,700250,9531750,500,0,2022,1,2022-01,37,0.0,0,0.9516,0.0,0.0484,0,0,0,0,1.0,0.7241,0.3087,0.5705,-0.605,100.0,1,0
LJ500_R061_C079,61,79,700750,9531750,1000,0,2022,1,2022-01,37,0.0,0,0.906,0.0,0.094,0,0,0,0,1.0,0.7008,0.3035,0.564,-0.5882,100.0,1,0
LJ500_R061_C080,61,80,701250,9531750,1500,0,2022,1,2022-01,37,0.1714,0,0.8229,0.0,0.0057,0,0,0,0,1.0,0.6758,0.2613,0.5315,-0.5616,92.64,1,0
LJ500_R061_C081,61,81,701750,9531750,2000,0,2022,1,2022-01,37,0.0,0,1.0,0.0,0.0,0,0,0,0,1.0,0.6433,0.2339,0.4979,-0.536,100.0,1,0
LJ500_R061_C082,61,82,702250,9531750,2500,0,2022,1,2022-01,37,0.0618,0,0.9382,0.0,0.0,0,0,0,0,1.0,0.6499,0.2336,0.4978,-0.5483,84.48,1,0
LJ500_R061_C083,61,83,702750,9531750,3000,0,2022,1,2022-01,37,0.5343,0,0.3633,0.1024,0.0,0,0,0,0,1.0,0.642,0.3055,0.5636,-0.5242,19.36,1,0
LJ500_R061_C084,61,84,703250,9531750,3500,0,2022,1,2022-01,37,0.7729,0,0.0,0.2271,0.0,0,0,0,0,1.0,0.5489,0.2442,0.5019,-0.4667,5.28,1,0
LJ500_R061_C085,61,85,703750,9531750,4000,0,2022,1,2022-01,37,0.709,0,0.291,0.0,0.0,0,0,0,0,1.0,,,,,0.0,1,1
LJ500_R061_C086,61,86,704250,9531750,4500,0,2022,1,2022-01,37,1.0,0,0.0,0.0,0.0,0,0,0,0,1.0,0.5772,0.2628,0.5152,-0.4807,29.76,1,0
LJ500_R062_C077,62,77,699750,9532250,0,500,2022,1,2022-01,37,0.0,0,0.7197,0.0,0.2803,0,0,0,0,1.0,0.6778,0.2279,0.4817,-0.5831,100.0,1,0
LJ500_R062_C078,62,78,700250,9532250,500,500,2022,1,2022-01,37,0.0,0,0.5947,0.0,0.4053,0,0,0,0,1.0,0.6706,0.2456,0.5047,-0.5697,100.0,1,0
LJ500_R062_C079,62,79,700750,9532250,1000,500,2022,1,2022-01,37,0.0,0,0.771,0.0,0.229,0,0,0,0,1.0,0.6849,0.2336,0.5005,-0.5694,80.32,1,0
LJ500_R062_C080,62,80,701250,9532250,1500,500,2022,1,2022-01,37,0.235,0,0.6379,0.0,0.1271,0,0,0,0,1.0,0.6584,0.211,0.4688,-0.5559,48.32,1,0
LJ500_R062_C081,62,81,701750,9532250,2000,500,2022,1,2022-01,37,0.0684,0,0.7378,0.0,0.1938,0,0,0,0,1.0,0.6908,0.2424,0.5166,-0.5902,82.4,1,0
LJ500_R062_C082,62,82,702250,9532250,2500,500,2022,1,2022-01,37,0.0973,0,0.9027,0.0,0.0,0,0,0,0,1.0,0.69,0.2683,0.542,-0.5804,85.6,1,0
LJ500_R062_C083,62,83,702750,9532250,3000,500,2022,1,2022-01,37,0.0473,0,0.9507,0.0019,0.0,0,0,0,0,1.0,0.6681,0.3246,0.5853,-0.5497,21.92,1,0
LJ500_R062_C084,62,84,703250,9532250,3500,500,2022,1,2022-01,37,0.2757,0,0.7209,0.0034,0.0,0,0,0,0,1.0,0.6456,0.3218,0.5762,-0.5348,34.24,1,0
LJ500_R062_C085,62,85,703750,9532250,4000,500,2022,1,2022-01,37,0.0588,0,0.9412,0.0,0.0,0,0,0,0,1.0,0.6097,0.2759,0.5373,-0.5038,51.84,1,0
LJ500_R062_C086,62,86,704250,9532250,4500,500,2022,1,2022-01,37,0.7611,0,0.2389,0.0,0.0,0,0,0,0,1.0,0.5987,0.2681,0.5315,-0.5051,99.68,1,0
LJ500_R063_C077,63,77,699750,9532750,0,1000,2022,1,2022-01,37,0.0,0,0.1158,0.0,0.8842,0,0,0,0,1.0,0.63,0.1689,0.4196,-0.5338,100.0,1,0
LJ500_R063_C078,63,78,700250,9532750,500,1000,2022,1,2022-01,37,0.0328,0,0.3431,0.0,0.624,0,0,0,0,1.0,0.6488,0.1893,0.4454,-0.5561,100.0,1,0
LJ500_R063_C079,63,79,700750,9532750,1000,1000,2022,1,2022-01,37,0.2883,0,0.3768,0.0,0.3349,0,0,0,0,1.0,0.5791,0.1502,0.381,-0.5023,40.48,1,0
LJ500_R063_C080,63,80,701250,9532750,1500,1000,2022,1,2022-01,37,0.1673,0,0.4746,0.0,0.358,0,0,0,0,1.0,0.5976,0.1457,0.3992,-0.5255,45.12,1,0
LJ500_R063_C081,63,81,701750,9532750,2000,1000,2022,1,2022-01,37,0.0165,0,0.5433,0.0,0.4402,0,0,0,0,1.0,0.6729,0.1968,0.4781,-0.5801,86.88,1,0
LJ500_R063_C082,63,82,702250,9532750,2500,1000,2022,1,2022-01,37,0.6742,0,0.2142,0.0,0.1117,0,0,0,0,1.0,0.6928,0.2622,0.5321,-0.5764,55.52,1,0
LJ500_R063_C083,63,83,702750,9532750,3000,1000,2022,1,2022-01,37,0.2059,0,0.7941,0.0,0.0,0,0,0,0,1.0,0.6354,0.225,0.4985,-0.54,36.8,1,0
LJ500_R063_C084,63,84,703250,9532750,3500,1000,2022,1,2022-01,37,0.2973,0,0.7027,0.0,0.0,0,0,0,0,1.0,0.6381,0.2819,0.5472,-0.5336,76.0,1,0
LJ500_R063_C085,63,85,703750,9532750,4000,1000,2022,1,2022-01,37,0.1462,0,0.8538,0.0,0.0,0,0,0,0,1.0,0.6389,0.3008,0.5646,-0.5384,92.64,1,0
LJ500_R063_C086,63,86,704250,9532750,4500,1000,2022,1,2022-01,37,0.3435,0,0.6565,0.0,0.0,0,0,0,0,1.0,0.6188,0.3154,0.5733,-0.5196,87.84,1,0
LJ500_R064_C077,64,77,699750,9533250,0,1500,2022,1,2022-01,37,0.3887,0,0.3116,0.0,0.2997,0,0,0,0,1.0,0.67,0.2556,0.513,-0.5562,100.0,1,0
LJ500_R064_C078,64,78,700250,9533250,500,1500,2022,1,2022-01,37,0.5382,0,0.082,0.0,0.3799,0,0,0,0,1.0,0.6116,0.1936,0.4498,-0.523,100.0,1,0
LJ500_R064_C079,64,79,700750,9533250,1000,1500,2022,1,2022-01,37,0.4384,0,0.1474,0.0,0.4142,0,0,0,0,1.0,0.5033,0.068,0.3068,-0.4686,97.92,1,0
LJ500_R064_C080,64,80,701250,9533250,1500,1500,2022,1,2022-01,37,0.5951,0,0.4049,0.0,0.0,0,0,0,0,1.0,0.5101,0.1436,0.3769,-0.4542,17.6,1,0
LJ500_R064_C081,64,81,701750,9533250,2000,1500,2022,1,2022-01,37,0.5997,0,0.181,0.0,0.2193,0,0,0,0,1.0,0.6807,0.2757,0.5418,-0.5738,56.0,1,0
LJ500_R064_C082,64,82,702250,9533250,2500,1500,2022,1,2022-01,37,0.7276,0,0.2724,0.0,0.0,0,0,0,0,1.0,0.5904,0.2238,0.484,-0.5075,36.48,1,0
LJ500_R064_C083,64,83,702750,9533250,3000,1500,2022,1,2022-01,37,0.566,0,0.203,0.0,0.231,0,0,0,0,1.0,0.6525,0.2554,0.5351,-0.559,95.04,1,0
LJ500_R064_C084,64,84,703250,9533250,3500,1500,2022,1,2022-01,37,0.235,0,0.7298,0.0,0.0352,0,0,0,0,1.0,0.6311,0.289,0.5447,-0.5322,100.0,1,0
LJ500_R064_C085,64,85,703750,9533250,4000,1500,2022,1,2022-01,37,0.5109,0,0.4891,0.0,0.0,0,0,0,0,1.0,0.6425,0.2817,0.5414,-0.5434,89.6,1,0
LJ500_R064_C086,64,86,704250,9533250,4500,1500,2022,1,2022-01,37,0.748,0,0.252,0.0,0.0,0,0,0,0,1.0,0.5646,0.1799,0.4397,-0.4877,12.32,1,0
LJ500_R065_C077,65,77,699750,9533750,0,2000,2022,1,2022-01,37,0.312,0,0.4033,0.0,0.2847,0,0,0,0,1.0,0.6354,0.2094,0.4667,-0.5472,100.0,1,0
LJ500_R065_C078,65,78,700250,9533750,500,2000,2022,1,2022-01,37,0.5913,0,0.4071,0.0,0.0016,0,0,0,0,1.0,0.5791,0.1865,0.4335,-0.5072,100.0,1,0
LJ500_R065_C079,65,79,700750,9533750,1000,2000,2022,1,2022-01,37,0.3219,0,0.6781,0.0,0.0,0,0,0,0,1.0,0.5487,0.1251,0.3677,-0.4997,100.0,1,0
LJ500_R065_C080,65,80,701250,9533750,1500,2000,2022,1,2022-01,37,0.8266,0,0.1734,0.0,0.0,0,0,0,0,1.0,0.6393,0.2441,0.4917,-0.5497,47.52,1,0
LJ500_R065_C081,65,81,701750,9533750,2000,2000,2022,1,2022-01,37,0.9017,0,0.0983,0.0,0.0,0,0,0,0,1.0,0.6287,0.2674,0.5284,-0.5283,87.2,1,0
LJ500_R065_C082,65,82,702250,9533750,2500,2000,2022,1,2022-01,37,0.7327,0,0.2673,0.0,0.0,0,0,0,0,1.0,0.6241,0.2511,0.5251,-0.5346,100.0,1,0
LJ500_R065_C083,65,83,702750,9533750,3000,2000,2022,1,2022-01,37,0.7802,0,0.1368,0.0,0.083,0,0,0,0,1.0,0.6522,0.2872,0.5572,-0.549,100.0,1,0
LJ500_R065_C084,65,84,703250,9533750,3500,2000,2022,1,2022-01,37,0.3229,0,0.6771,0.0,0.0,0,0,0,0,1.0,0.59,0.2647,0.5226,-0.4952,100.0,1,0
LJ500_R065_C085,65,85,703750,9533750,4000,2000,2022,1,2022-01,37,0.0167,0,0.9833,0.0,0.0,0,0,0,0,1.0,0.4948,0.1955,0.4384,-0.4229,87.52,1,0
LJ500_R065_C086,65,86,704250,9533750,4500,2000,2022,1,2022-01,37,0.7821,0,0.2179,0.0,0.0,0,0,0,0,1.0,0.5649,0.2807,0.5172,-0.4817,24.32,1,0
LJ500_R066_C077,66,77,699750,9534250,0,2500,2022,1,2022-01,37,0.5018,0,0.3517,0.0,0.1465,0,0,0,0,1.0,0.6365,0.2501,0.5037,-0.5322,96.16,1,0
LJ500_R066_C078,66,78,700250,9534250,500,2500,2022,1,2022-01,37,0.1232,0,0.8768,0.0,0.0,0,0,0,0,1.0,0.4745,0.126,0.3469,-0.4258,61.92,1,0
LJ500_R066_C079,66,79,700750,9534250,1000,2500,2022,1,2022-01,37,0.3332,0,0.6668,0.0,0.0,0,0,0,0,1.0,0.4901,0.0917,0.3174,-0.4592,38.08,1,0
LJ500_R066_C080,66,80,701250,9534250,1500,2500,2022,1,2022-01,37,0.9149,0,0.0851,0.0,0.0,0,0,0,0,1.0,0.6102,0.213,0.4535,-0.5454,11.52,1,0
LJ500_R066_C081,66,81,701750,9534250,2000,2500,2022,1,2022-01,37,0.7037,0,0.2963,0.0,0.0,0,0,0,0,1.0,0.5722,0.2355,0.4916,-0.4924,53.28,1,0
LJ500_R066_C082,66,82,702250,9534250,2500,2500,2022,1,2022-01,37,0.6772,0,0.3228,0.0,0.0,0,0,0,0,1.0,0.624,0.2852,0.544,-0.527,100.0,1,0
LJ500_R066_C083,66,83,702750,9534250,3000,2500,2022,1,2022-01,37,0.6289,0,0.3711,0.0,0.0,0,0,0,0,1.0,0.6172,0.2644,0.5276,-0.5188,100.0,1,0
LJ500_R066_C084,66,84,703250,9534250,3500,2500,2022,1,2022-01,37,0.7305,0,0.2695,0.0,0.0,0,0,0,0,1.0,0.543,0.2283,0.4828,-0.4568,96.32,1,0
LJ500_R066_C085,66,85,703750,9534250,4000,2500,2022,1,2022-01,37,0.7865,0,0.2135,0.0,0.0,0,0,0,0,1.0,0.5499,0.2612,0.5006,-0.4709,71.84,1,0
LJ500_R066_C086,66,86,704250,9534250,4500,2500,2022,1,2022-01,37,1.0,0,0.0,0.0,0.0,0,0,0,0,1.0,0.5522,0.2896,0.5011,-0.4761,97.28,1,0
LJ500_R067_C077,67,77,699750,9534750,0,3000,2022,1,2022-01,37,0.7165,0,0.2835,0.0,0.0,0,0,0,0,1.0,0.5803,0.1862,0.4375,-0.5042,96.8,1,0
LJ500_R067_C078,67,78,700250,9534750,500,3000,2022,1,2022-01,37,0.8229,0,0.1771,0.0,0.0,0,0,0,0,1.0,0.4976,0.1439,0.3732,-0.4306,27.68,1,0
LJ500_R067_C079,67,79,700750,9534750,1000,3000,2022,1,2022-01,37,0.9659,0,0.0341,0.0,0.0,0,0,0,0,1.0,0.3054,0.0794,0.2499,-0.2622,0.8,1,0
LJ500_R067_C080,67,80,701250,9534750,1500,3000,2022,1,2022-01,37,0.8944,0,0.1056,0.0,0.0,0,0,0,0,1.0,,,,,0.0,1,1
LJ500_R067_C081,67,81,701750,9534750,2000,3000,2022,1,2022-01,37,0.7989,0,0.1897,0.0,0.0114,0,0,0,0,1.0,0.5784,0.309,0.5391,-0.4968,8.64,1,0
LJ500_R067_C082,67,82,702250,9534750,2500,3000,2022,1,2022-01,37,1.0,0,0.0,0.0,0.0,0,0,0,0,1.0,0.5658,0.2733,0.5132,-0.4871,86.4,1,0
LJ500_R067_C083,67,83,702750,9534750,3000,3000,2022,1,2022-01,37,1.0,0,0.0,0.0,0.0,0,0,0,0,1.0,0.5609,0.2806,0.5184,-0.4815,97.44,1,0
LJ500_R067_C084,67,84,703250,9534750,3500,3000,2022,1,2022-01,37,1.0,0,0.0,0.0,0.0,0,0,0,0,1.0,0.5258,0.2666,0.4943,-0.4533,99.68,1,0
LJ500_R067_C085,67,85,703750,9534750,4000,3000,2022,1,2022-01,37,1.0,0,0.0,0.0,0.0,0,0,0,0,1.0,0.6068,0.2866,0.5263,-0.5279,83.04,1,0
LJ500_R067_C086,67,86,704250,9534750,4500,3000,2022,1,2022-01,37,1.0,0,0.0,0.0,0.0,0,0,0,0,1.0,0.6038,0.3044,0.5329,-0.5301,100.0,1,0
LJ500_R068_C077,68,77,699750,9535250,0,3500,2022,1,2022-01,37,0.065,0,0.935,0.0,0.0,0,0,0,0,1.0,0.5908,0.178,0.4289,-0.5014,59.04,1,0
LJ500_R068_C078,68,78,700250,9535250,500,3500,2022,1,2022-01,37,0.7525,0,0.2475,0.0,0.0,0,0,0,0,1.0,,,,,0.0,1,1
LJ500_R068_C079,68,79,700750,9535250,1000,3500,2022,1,2022-01,37,1.0,0,0.0,0.0,0.0,0,0,0,0,1.0,,,,,0.0,1,1
LJ500_R068_C080,68,80,701250,9535250,1500,3500,2022,1,2022-01,37,0.8923,0,0.1077,0.0,0.0,0,0,0,0,1.0,0.4805,0.1858,0.3912,-0.4248,26.4,1,0
LJ500_R068_C081,68,81,701750,9535250,2000,3500,2022,1,2022-01,37,0.6646,0,0.0767,0.0,0.2586,0,0,0,0,1.0,0.4784,0.2031,0.4086,-0.424,68.32,1,0
LJ500_R068_C082,68,82,702250,9535250,2500,3500,2022,1,2022-01,37,0.9399,0,0.0601,0.0,0.0,0,0,0,0,1.0,0.5542,0.2749,0.4906,-0.4884,85.92,1,0
LJ500_R068_C083,68,83,702750,9535250,3000,3500,2022,1,2022-01,37,1.0,0,0.0,0.0,0.0,0,0,0,0,1.0,0.5819,0.3106,0.5268,-0.5126,100.0,1,0
LJ500_R068_C084,68,84,703250,9535250,3500,3500,2022,1,2022-01,37,1.0,0,0.0,0.0,0.0,0,0,0,0,1.0,0.5437,0.2948,0.5071,-0.4767,51.04,1,0
LJ500_R068_C085,68,85,703750,9535250,4000,3500,2022,1,2022-01,37,1.0,0,0.0,0.0,0.0,0,0,0,0,1.0,0.5477,0.3221,0.5297,-0.4786,80.16,1,0
LJ500_R068_C086,68,86,704250,9535250,4500,3500,2022,1,2022-01,37,1.0,0,0.0,0.0,0.0,0,0,0,0,1.0,0.6016,0.3303,0.5556,-0.5281,100.0,1,0
LJ500_R069_C077,69,77,699750,9535750,0,4000,2022,1,2022-01,37,0.0,0,0.9574,0.0426,0.0,0,0,0,0,1.0,0.6156,0.1581,0.4271,-0.5273,99.68,1,0
LJ500_R069_C078,69,78,700250,9535750,500,4000,2022,1,2022-01,37,0.4139,0,0.5115,0.0746,0.0,0,0,0,0,1.0,0.6226,0.2122,0.475,-0.5327,72.8,1,0
LJ500_R069_C079,69,79,700750,9535750,1000,4000,2022,1,2022-01,37,0.6432,0,0.3568,0.0,0.0,0,0,0,0,1.0,0.5074,0.1401,0.3742,-0.4464,86.4,1,0
LJ500_R069_C080,69,80,701250,9535750,1500,4000,2022,1,2022-01,37,0.8514,0,0.1486,0.0,0.0,0,0,0,0,1.0,0.5043,0.1768,0.3975,-0.4323,100.0,1,0
LJ500_R069_C081,69,81,701750,9535750,2000,4000,2022,1,2022-01,37,1.0,0,0.0,0.0,0.0,0,0,0,0,1.0,0.5491,0.2406,0.4651,-0.4666,100.0,1,0
LJ500_R069_C082,69,82,702250,9535750,2500,4000,2022,1,2022-01,37,1.0,0,0.0,0.0,0.0,0,0,0,0,1.0,0.5773,0.2595,0.4916,-0.4945,100.0,1,0
LJ500_R069_C083,69,83,702750,9535750,3000,4000,2022,1,2022-01,37,1.0,0,0.0,0.0,0.0,0,0,0,0,1.0,0.5397,0.2752,0.4884,-0.4651,73.76,1,0
LJ500_R069_C084,69,84,703250,9535750,3500,4000,2022,1,2022-01,37,1.0,0,0.0,0.0,0.0,0,0,0,0,1.0,0.4527,0.3243,0.5365,-0.3757,2.72,1,0
LJ500_R069_C085,69,85,703750,9535750,4000,4000,2022,1,2022-01,37,1.0,0,0.0,0.0,0.0,0,0,0,0,1.0,0.4586,0.3233,0.5362,-0.3863,51.52,1,0
LJ500_R069_C086,69,86,704250,9535750,4500,4000,2022,1,2022-01,37,1.0,0,0.0,0.0,0.0,0,0,0,0,1.0,0.5044,0.2481,0.4614,-0.4478,50.24,1,0
LJ500_R070_C077,70,77,699750,9536250,0,4500,2022,1,2022-01,37,0.0,0,0.3423,0.4553,0.2024,0,0,0,0,1.0,0.5935,0.1958,0.4501,-0.5102,100.0,1,0
LJ500_R070_C078,70,78,700250,9536250,500,4500,2022,1,2022-01,37,0.0,0,0.3908,0.6092,0.0,0,0,0,0,1.0,0.528,0.1894,0.4256,-0.454,100.0,1,0
LJ500_R070_C079,70,79,700750,9536250,1000,4500,2022,1,2022-01,37,0.2082,0,0.7834,0.0084,0.0,0,0,0,0,1.0,0.5669,0.1871,0.4229,-0.4781,100.0,1,0
LJ500_R070_C080,70,80,701250,9536250,1500,4500,2022,1,2022-01,37,0.2813,0,0.7187,0.0,0.0,0,0,0,0,1.0,0.5624,0.1973,0.4364,-0.4738,100.0,1,0
LJ500_R070_C081,70,81,701750,9536250,2000,4500,2022,1,2022-01,37,0.9197,0,0.0803,0.0,0.0,0,0,0,0,1.0,0.5757,0.2362,0.4773,-0.4851,100.0,1,0
LJ500_R070_C082,70,82,702250,9536250,2500,4500,2022,1,2022-01,37,1.0,0,0.0,0.0,0.0,0,0,0,0,1.0,0.4983,0.2359,0.4615,-0.42,79.52,1,0
LJ500_R070_C083,70,83,702750,9536250,3000,4500,2022,1,2022-01,37,1.0,0,0.0,0.0,0.0,0,0,0,0,1.0,0.5815,0.2789,0.5069,-0.5036,74.72,1,0
LJ500_R070_C084,70,84,703250,9536250,3500,4500,2022,1,2022-01,37,0.9943,0,0.0057,0.0,0.0,0,0,0,0,1.0,0.5187,0.2276,0.4291,-0.4574,15.04,1,0
LJ500_R070_C085,70,85,703750,9536250,4000,4500,2022,1,2022-01,37,1.0,0,0.0,0.0,0.0,0,0,0,0,1.0,0.3827,0.1712,0.3331,-0.3439,0.32,1,0
LJ500_R070_C086,70,86,704250,9536250,4500,4500,2022,1,2022-01,37,1.0,0,0.0,0.0,0.0,0,0,0,0,1.0,,,,,0.0,1,1
LJ500_R061_C077,61,77,699750,9531750,0,0,2022,2,2022-02,38,0.0,0,1.0,0.0,0.0,0,0,0,0,1.0,0.7679,0.3361,0.5954,-0.6625,100.0,1,0
LJ500_R061_C078,61,78,700250,9531750,500,0,2022,2,2022-02,38,0.0,0,0.9516,0.0,0.0484,0,0,0,0,1.0,0.7266,0.3294,0.5835,-0.6127,100.0,1,0
LJ500_R061_C079,61,79,700750,9531750,1000,0,2022,2,2022-02,38,0.0,0,0.906,0.0,0.094,0,0,0,0,1.0,0.7938,0.3467,0.6099,-0.6816,100.0,1,0
LJ500_R061_C080,61,80,701250,9531750,1500,0,2022,2,2022-02,38,0.1714,0,0.8229,0.0,0.0057,0,0,0,0,1.0,0.6624,0.28,0.5361,-0.5649,97.76,1,0
LJ500_R061_C081,61,81,701750,9531750,2000,0,2022,2,2022-02,38,0.0,0,1.0,0.0,0.0,0,0,0,0,1.0,0.5812,0.2143,0.468,-0.5018,35.2,1,0
LJ500_R061_C082,61,82,702250,9531750,2500,0,2022,2,2022-02,38,0.0618,0,0.9382,0.0,0.0,0,0,0,0,1.0,,,,,0.0,1,1
LJ500_R061_C083,61,83,702750,9531750,3000,0,2022,2,2022-02,38,0.5343,0,0.3633,0.1024,0.0,0,0,0,0,1.0,,,,,0.0,1,1
LJ500_R061_C084,61,84,703250,9531750,3500,0,2022,2,2022-02,38,0.7729,0,0.0,0.2271,0.0,0,0,0,0,1.0,,,,,0.0,1,1
LJ500_R061_C085,61,85,703750,9531750,4000,0,2022,2,2022-02,38,0.709,0,0.291,0.0,0.0,0,0,0,0,1.0,,,,,0.0,1,1
LJ500_R061_C086,61,86,704250,9531750,4500,0,2022,2,2022-02,38,1.0,0,0.0,0.0,0.0,0,0,0,0,1.0,,,,,0.0,1,1
LJ500_R062_C077,62,77,699750,9532250,0,500,2022,2,2022-02,38,0.0,0,0.7197,0.0,0.2803,0,0,0,0,1.0,0.784,0.3125,0.5826,-0.6664,100.0,1,0
LJ500_R062_C078,62,78,700250,9532250,500,500,2022,2,2022-02,38,0.0,0,0.5947,0.0,0.4053,0,0,0,0,1.0,0.7227,0.3101,0.5664,-0.6064,100.0,1,0
LJ500_R062_C079,62,79,700750,9532250,1000,500,2022,2,2022-02,38,0.0,0,0.771,0.0,0.229,0,0,0,0,1.0,0.7585,0.3017,0.5753,-0.6314,89.28,1,0
LJ500_R062_C080,62,80,701250,9532250,1500,500,2022,2,2022-02,38,0.235,0,0.6379,0.0,0.1271,0,0,0,0,1.0,0.7694,0.2881,0.5721,-0.6494,83.84,1,0
LJ500_R062_C081,62,81,701750,9532250,2000,500,2022,2,2022-02,38,0.0684,0,0.7378,0.0,0.1938,0,0,0,0,1.0,0.7646,0.2552,0.5495,-0.6627,57.28,1,0
LJ500_R062_C082,62,82,702250,9532250,2500,500,2022,2,2022-02,38,0.0973,0,0.9027,0.0,0.0,0,0,0,0,1.0,,,,,0.0,1,1
LJ500_R062_C083,62,83,702750,9532250,3000,500,2022,2,2022-02,38,0.0473,0,0.9507,0.0019,0.0,0,0,0,0,1.0,,,,,0.0,1,1
LJ500_R062_C084,62,84,703250,9532250,3500,500,2022,2,2022-02,38,0.2757,0,0.7209,0.0034,0.0,0,0,0,0,1.0,0.3006,0.0849,0.2021,-0.2647,11.04,1,0
LJ500_R062_C085,62,85,703750,9532250,4000,500,2022,2,2022-02,38,0.0588,0,0.9412,0.0,0.0,0,0,0,0,1.0,,,,,0.0,1,1
LJ500_R062_C086,62,86,704250,9532250,4500,500,2022,2,2022-02,38,0.7611,0,0.2389,0.0,0.0,0,0,0,0,1.0,,,,,0.0,1,1
LJ500_R063_C077,63,77,699750,9532750,0,1000,2022,2,2022-02,38,0.0,0,0.1158,0.0,0.8842,0,0,0,0,1.0,0.7031,0.2383,0.5223,-0.588,100.0,1,0
LJ500_R063_C078,63,78,700250,9532750,500,1000,2022,2,2022-02,38,0.0328,0,0.3431,0.0,0.624,0,0,0,0,1.0,0.6916,0.2806,0.557,-0.5742,66.88,1,0
LJ500_R063_C079,63,79,700750,9532750,1000,1000,2022,2,2022-02,38,0.2883,0,0.3768,0.0,0.3349,0,0,0,0,1.0,0.7355,0.2745,0.5551,-0.6111,33.12,1,0
LJ500_R063_C080,63,80,701250,9532750,1500,1000,2022,2,2022-02,38,0.1673,0,0.4746,0.0,0.358,0,0,0,0,1.0,0.706,0.2089,0.5201,-0.6154,42.4,1,0
LJ500_R063_C081,63,81,701750,9532750,2000,1000,2022,2,2022-02,38,0.0165,0,0.5433,0.0,0.4402,0,0,0,0,1.0,0.715,0.2177,0.5174,-0.6194,24.16,1,0
LJ500_R063_C082,63,82,702250,9532750,2500,1000,2022,2,2022-02,38,0.6742,0,0.2142,0.0,0.1117,0,0,0,0,1.0,0.6972,0.2575,0.5056,-0.6014,5.76,1,0
LJ500_R063_C083,63,83,702750,9532750,3000,1000,2022,2,2022-02,38,0.2059,0,0.7941,0.0,0.0,0,0,0,0,1.0,0.7311,0.2852,0.5468,-0.6201,4.32,1,0
LJ500_R063_C084,63,84,703250,9532750,3500,1000,2022,2,2022-02,38,0.2973,0,0.7027,0.0,0.0,0,0,0,0,1.0,,,,,0.0,1,1
LJ500_R063_C085,63,85,703750,9532750,4000,1000,2022,2,2022-02,38,0.1462,0,0.8538,0.0,0.0,0,0,0,0,1.0,,,,,0.0,1,1
LJ500_R063_C086,63,86,704250,9532750,4500,1000,2022,2,2022-02,38,0.3435,0,0.6565,0.0,0.0,0,0,0,0,1.0,,,,,0.0,1,1
LJ500_R064_C077,64,77,699750,9533250,0,1500,2022,2,2022-02,38,0.3887,0,0.3116,0.0,0.2997,0,0,0,0,1.0,0.6142,0.2399,0.4643,-0.5191,34.08,1,0
LJ500_R064_C078,64,78,700250,9533250,500,1500,2022,2,2022-02,38,0.5382,0,0.082,0.0,0.3799,0,0,0,0,1.0,,,,,0.0,1,1
LJ500_R064_C079,64,79,700750,9533250,1000,1500,2022,2,2022-02,38,0.4384,0,0.1474,0.0,0.4142,0,0,0,0,1.0,0.7904,0.3502,0.6432,-0.6488,0.48,1,0
LJ500_R064_C080,64,80,701250,9533250,1500,1500,2022,2,2022-02,38,0.5951,0,0.4049,0.0,0.0,0,0,0,0,1.0,,,,,0.0,1,1
LJ500_R064_C081,64,81,701750,9533250,2000,1500,2022,2,2022-02,38,0.5997,0,0.181,0.0,0.2193,0,0,0,0,1.0,,,,,0.0,1,1
LJ500_R064_C082,64,82,702250,9533250,2500,1500,2022,2,2022-02,38,0.7276,0,0.2724,0.0,0.0,0,0,0,0,1.0,0.6636,0.2844,0.5398,-0.5602,2.4,1,0
LJ500_R064_C083,64,83,702750,9533250,3000,1500,2022,2,2022-02,38,0.566,0,0.203,0.0,0.231,0,0,0,0,1.0,0.6704,0.2219,0.4965,-0.5958,0.8,1,0
LJ500_R064_C084,64,84,703250,9533250,3500,1500,2022,2,2022-02,38,0.235,0,0.7298,0.0,0.0352,0,0,0,0,1.0,,,,,0.0,1,1
LJ500_R064_C085,64,85,703750,9533250,4000,1500,2022,2,2022-02,38,0.5109,0,0.4891,0.0,0.0,0,0,0,0,1.0,,,,,0.0,1,1
LJ500_R064_C086,64,86,704250,9533250,4500,1500,2022,2,2022-02,38,0.748,0,0.252,0.0,0.0,0,0,0,0,1.0,0.3789,0.1942,0.3951,-0.3088,0.32,1,0
LJ500_R065_C077,65,77,699750,9533750,0,2000,2022,2,2022-02,38,0.312,0,0.4033,0.0,0.2847,0,0,0,0,1.0,0.5348,0.1816,0.3943,-0.4606,8.8,1,0
LJ500_R065_C078,65,78,700250,9533750,500,2000,2022,2,2022-02,38,0.5913,0,0.4071,0.0,0.0016,0,0,0,0,1.0,,,,,0.0,1,1
LJ500_R065_C079,65,79,700750,9533750,1000,2000,2022,2,2022-02,38,0.3219,0,0.6781,0.0,0.0,0,0,0,0,1.0,,,,,0.0,1,1
LJ500_R065_C080,65,80,701250,9533750,1500,2000,2022,2,2022-02,38,0.8266,0,0.1734,0.0,0.0,0,0,0,0,1.0,,,,,0.0,1,1
LJ500_R065_C081,65,81,701750,9533750,2000,2000,2022,2,2022-02,38,0.9017,0,0.0983,0.0,0.0,0,0,0,0,1.0,,,,,0.0,1,1
LJ500_R065_C082,65,82,702250,9533750,2500,2000,2022,2,2022-02,38,0.7327,0,0.2673,0.0,0.0,0,0,0,0,1.0,,,,,0.0,1,1
LJ500_R065_C083,65,83,702750,9533750,3000,2000,2022,2,2022-02,38,0.7802,0,0.1368,0.0,0.083,0,0,0,0,1.0,,,,,0.0,1,1
LJ500_R065_C084,65,84,703250,9533750,3500,2000,2022,2,2022-02,38,0.3229,0,0.6771,0.0,0.0,0,0,0,0,1.0,0.7214,0.2618,0.5379,-0.632,15.84,1,0
LJ500_R065_C085,65,85,703750,9533750,4000,2000,2022,2,2022-02,38,0.0167,0,0.9833,0.0,0.0,0,0,0,0,1.0,0.6816,0.2708,0.5226,-0.591,13.12,1,0
LJ500_R065_C086,65,86,704250,9533750,4500,2000,2022,2,2022-02,38,0.7821,0,0.2179,0.0,0.0,0,0,0,0,1.0,,,,,0.0,1,1
LJ500_R066_C077,66,77,699750,9534250,0,2500,2022,2,2022-02,38,0.5018,0,0.3517,0.0,0.1465,0,0,0,0,1.0,0.4704,0.1888,0.3551,-0.3955,29.76,1,0
LJ500_R066_C078,66,78,700250,9534250,500,2500,2022,2,2022-02,38,0.1232,0,0.8768,0.0,0.0,0,0,0,0,1.0,0.2586,0.0441,0.15,-0.2258,0.16,1,0
LJ500_R066_C079,66,79,700750,9534250,1000,2500,2022,2,2022-02,38,0.3332,0,0.6668,0.0,0.0,0,0,0,0,1.0,,,,,0.0,1,1
LJ500_R066_C080,66,80,701250,9534250,1500,2500,2022,2,2022-02,38,0.9149,0,0.0851,0.0,0.0,0,0,0,0,1.0,,,,,0.0,1,1
LJ500_R066_C081,66,81,701750,9534250,2000,2500,2022,2,2022-02,38,0.7037,0,0.2963,0.0,0.0,0,0,0,0,1.0,,,,,0.0,1,1
LJ500_R066_C082,66,82,702250,9534250,2500,2500,2022,2,2022-02,38,0.6772,0,0.3228,0.0,0.0,0,0,0,0,1.0,,,,,0.0,1,1
LJ500_R066_C083,66,83,702750,9534250,3000,2500,2022,2,2022-02,38,0.6289,0,0.3711,0.0,0.0,0,0,0,0,1.0,0.6665,0.2143,0.4974,-0.5057,0.16,1,0
LJ500_R066_C084,66,84,703250,9534250,3500,2500,2022,2,2022-02,38,0.7305,0,0.2695,0.0,0.0,0,0,0,0,1.0,0.7102,0.238,0.5225,-0.6096,35.52,1,0
LJ500_R066_C085,66,85,703750,9534250,4000,2500,2022,2,2022-02,38,0.7865,0,0.2135,0.0,0.0,0,0,0,0,1.0,0.6508,0.1731,0.4539,-0.5851,5.44,1,0
LJ500_R066_C086,66,86,704250,9534250,4500,2500,2022,2,2022-02,38,1.0,0,0.0,0.0,0.0,0,0,0,0,1.0,,,,,0.0,1,1
LJ500_R067_C077,67,77,699750,9534750,0,3000,2022,2,2022-02,38,0.7165,0,0.2835,0.0,0.0,0,0,0,0,1.0,0.5629,0.1531,0.3783,-0.4915,90.88,1,0
LJ500_R067_C078,67,78,700250,9534750,500,3000,2022,2,2022-02,38,0.8229,0,0.1771,0.0,0.0,0,0,0,0,1.0,0.4916,0.1198,0.3332,-0.4372,79.04,1,0
LJ500_R067_C079,67,79,700750,9534750,1000,3000,2022,2,2022-02,38,0.9659,0,0.0341,0.0,0.0,0,0,0,0,1.0,0.5498,0.2688,0.5031,-0.4422,0.48,1,0
LJ500_R067_C080,67,80,701250,9534750,1500,3000,2022,2,2022-02,38,0.8944,0,0.1056,0.0,0.0,0,0,0,0,1.0,,,,,0.0,1,1
LJ500_R067_C081,67,81,701750,9534750,2000,3000,2022,2,2022-02,38,0.7989,0,0.1897,0.0,0.0114,0,0,0,0,1.0,,,,,0.0,1,1
LJ500_R067_C082,67,82,702250,9534750,2500,3000,2022,2,2022-02,38,1.0,0,0.0,0.0,0.0,0,0,0,0,1.0,,,,,0.0,1,1
LJ500_R067_C083,67,83,702750,9534750,3000,3000,2022,2,2022-02,38,1.0,0,0.0,0.0,0.0,0,0,0,0,1.0,,,,,0.0,1,1
LJ500_R067_C084,67,84,703250,9534750,3500,3000,2022,2,2022-02,38,1.0,0,0.0,0.0,0.0,0,0,0,0,1.0,,,,,0.0,1,1
LJ500_R067_C085,67,85,703750,9534750,4000,3000,2022,2,2022-02,38,1.0,0,0.0,0.0,0.0,0,0,0,0,1.0,,,,,0.0,1,1
LJ500_R067_C086,67,86,704250,9534750,4500,3000,2022,2,2022-02,38,1.0,0,0.0,0.0,0.0,0,0,0,0,1.0,,,,,0.0,1,1
LJ500_R068_C077,68,77,699750,9535250,0,3500,2022,2,2022-02,38,0.065,0,0.935,0.0,0.0,0,0,0,0,1.0,0.6181,0.2046,0.4538,-0.5269,100.0,1,0
LJ500_R068_C078,68,78,700250,9535250,500,3500,2022,2,2022-02,38,0.7525,0,0.2475,0.0,0.0,0,0,0,0,1.0,0.5931,0.2131,0.4403,-0.5039,74.88,1,0
LJ500_R068_C079,68,79,700750,9535250,1000,3500,2022,2,2022-02,38,1.0,0,0.0,0.0,0.0,0,0,0,0,1.0,0.3702,0.1211,0.2699,-0.3209,10.4,1,0
LJ500_R068_C080,68,80,701250,9535250,1500,3500,2022,2,2022-02,38,0.8923,0,0.1077,0.0,0.0,0,0,0,0,1.0,,,,,0.0,1,1
LJ500_R068_C081,68,81,701750,9535250,2000,3500,2022,2,2022-02,38,0.6646,0,0.0767,0.0,0.2586,0,0,0,0,1.0,,,,,0.0,1,1
LJ500_R068_C082,68,82,702250,9535250,2500,3500,2022,2,2022-02,38,0.9399,0,0.0601,0.0,0.0,0,0,0,0,1.0,,,,,0.0,1,1
LJ500_R068_C083,68,83,702750,9535250,3000,3500,2022,2,2022-02,38,1.0,0,0.0,0.0,0.0,0,0,0,0,1.0,,,,,0.0,1,1
LJ500_R068_C084,68,84,703250,9535250,3500,3500,2022,2,2022-02,38,1.0,0,0.0,0.0,0.0,0,0,0,0,1.0,,,,,0.0,1,1
LJ500_R068_C085,68,85,703750,9535250,4000,3500,2022,2,2022-02,38,1.0,0,0.0,0.0,0.0,0,0,0,0,1.0,,,,,0.0,1,1
LJ500_R068_C086,68,86,704250,9535250,4500,3500,2022,2,2022-02,38,1.0,0,0.0,0.0,0.0,0,0,0,0,1.0,,,,,0.0,1,1
LJ500_R069_C077,69,77,699750,9535750,0,4000,2022,2,2022-02,38,0.0,0,0.9574,0.0426,0.0,0,0,0,0,1.0,0.6614,0.1866,0.4653,-0.5639,100.0,1,0
LJ500_R069_C078,69,78,700250,9535750,500,4000,2022,2,2022-02,38,0.4139,0,0.5115,0.0746,0.0,0,0,0,0,1.0,0.5702,0.1958,0.4219,-0.4886,57.92,1,0
LJ500_R069_C079,69,79,700750,9535750,1000,4000,2022,2,2022-02,38,0.6432,0,0.3568,0.0,0.0,0,0,0,0,1.0,0.4683,0.161,0.3514,-0.4047,4.0,1,0
LJ500_R069_C080,69,80,701250,9535750,1500,4000,2022,2,2022-02,38,0.8514,0,0.1486,0.0,0.0,0,0,0,0,1.0,0.4291,0.1099,0.2698,-0.394,0.8,1,0
LJ500_R069_C081,69,81,701750,9535750,2000,4000,2022,2,2022-02,38,1.0,0,0.0,0.0,0.0,0,0,0,0,1.0,,,,,0.0,1,1
LJ500_R069_C082,69,82,702250,9535750,2500,4000,2022,2,2022-02,38,1.0,0,0.0,0.0,0.0,0,0,0,0,1.0,,,,,0.0,1,1
LJ500_R069_C083,69,83,702750,9535750,3000,4000,2022,2,2022-02,38,1.0,0,0.0,0.0,0.0,0,0,0,0,1.0,,,,,0.0,1,1
LJ500_R069_C084,69,84,703250,9535750,3500,4000,2022,2,2022-02,38,1.0,0,0.0,0.0,0.0,0,0,0,0,1.0,0.5031,0.2472,0.4011,-0.4424,0.64,1,0
LJ500_R069_C085,69,85,703750,9535750,4000,4000,2022,2,2022-02,38,1.0,0,0.0,0.0,0.0,0,0,0,0,1.0,,,,,0.0,1,1
LJ500_R069_C086,69,86,704250,9535750,4500,4000,2022,2,2022-02,38,1.0,0,0.0,0.0,0.0,0,0,0,0,1.0,0.1609,0.0557,0.1114,-0.1253,0.16,1,0
LJ500_R070_C077,70,77,699750,9536250,0,4500,2022,2,2022-02,38,0.0,0,0.3423,0.4553,0.2024,0,0,0,0,1.0,0.6784,0.2404,0.5289,-0.5885,100.0,1,0
LJ500_R070_C078,70,78,700250,9536250,500,4500,2022,2,2022-02,38,0.0,0,0.3908,0.6092,0.0,0,0,0,0,1.0,0.4729,0.1489,0.3425,-0.4134,95.36,1,0
LJ500_R070_C079,70,79,700750,9536250,1000,4500,2022,2,2022-02,38,0.2082,0,0.7834,0.0084,0.0,0,0,0,0,1.0,0.5008,0.1653,0.3587,-0.434,55.52,1,0
LJ500_R070_C080,70,80,701250,9536250,1500,4500,2022,2,2022-02,38,0.2813,0,0.7187,0.0,0.0,0,0,0,0,1.0,0.4942,0.1673,0.3553,-0.4228,3.36,1,0
LJ500_R070_C081,70,81,701750,9536250,2000,4500,2022,2,2022-02,38,0.9197,0,0.0803,0.0,0.0,0,0,0,0,1.0,0.5099,0.1843,0.369,-0.4469,44.16,1,0
LJ500_R070_C082,70,82,702250,9536250,2500,4500,2022,2,2022-02,38,1.0,0,0.0,0.0,0.0,0,0,0,0,1.0,0.3565,0.1063,0.2392,-0.3148,30.08,1,0
LJ500_R070_C083,70,83,702750,9536250,3000,4500,2022,2,2022-02,38,1.0,0,0.0,0.0,0.0,0,0,0,0,1.0,,,,,0.0,1,1
LJ500_R070_C084,70,84,703250,9536250,3500,4500,2022,2,2022-02,38,0.9943,0,0.0057,0.0,0.0,0,0,0,0,1.0,,,,,0.0,1,1
LJ500_R070_C085,70,85,703750,9536250,4000,4500,2022,2,2022-02,38,1.0,0,0.0,0.0,0.0,0,0,0,0,1.0,,,,,0.0,1,1
LJ500_R070_C086,70,86,704250,9536250,4500,4500,2022,2,2022-02,38,1.0,0,0.0,0.0,0.0,0,0,0,0,1.0,,,,,0.0,1,1
LJ500_R061_C077,61,77,699750,9531750,0,0,2022,3,2022-03,39,0.0,0,1.0,0.0,0.0,0,0,0,0,1.0,,,,,0.0,1,1
LJ500_R061_C078,61,78,700250,9531750,500,0,2022,3,2022-03,39,0.0,0,0.9516,0.0,0.0484,0,0,0,0,1.0,0.6914,0.293,0.5452,-0.6059,0.48,1,0
LJ500_R061_C079,61,79,700750,9531750,1000,0,2022,3,2022-03,39,0.0,0,0.906,0.0,0.094,0,0,0,0,1.0,0.6935,0.2927,0.5402,-0.6105,7.36,1,0
LJ500_R061_C080,61,80,701250,9531750,1500,0,2022,3,2022-03,39,0.1714,0,0.8229,0.0,0.0057,0,0,0,0,1.0,0.6371,0.2399,0.4896,-0.5515,21.44,1,0
LJ500_R061_C081,61,81,701750,9531750,2000,0,2022,3,2022-03,39,0.0,0,1.0,0.0,0.0,0,0,0,0,1.0,0.6128,0.2299,0.4755,-0.5424,62.56,1,0
LJ500_R061_C082,61,82,702250,9531750,2500,0,2022,3,2022-03,39,0.0618,0,0.9382,0.0,0.0,0,0,0,0,1.0,0.6421,0.2434,0.496,-0.5695,77.76,1,0
LJ500_R061_C083,61,83,702750,9531750,3000,0,2022,3,2022-03,39,0.5343,0,0.3633,0.1024,0.0,0,0,0,0,1.0,0.6711,0.3052,0.5503,-0.5894,100.0,1,0
LJ500_R061_C084,61,84,703250,9531750,3500,0,2022,3,2022-03,39,0.7729,0,0.0,0.2271,0.0,0,0,0,0,1.0,0.6517,0.2351,0.492,-0.5967,100.0,1,0
LJ500_R061_C085,61,85,703750,9531750,4000,0,2022,3,2022-03,39,0.709,0,0.291,0.0,0.0,0,0,0,0,1.0,0.7021,0.2982,0.5568,-0.6304,100.0,1,0
LJ500_R061_C086,61,86,704250,9531750,4500,0,2022,3,2022-03,39,1.0,0,0.0,0.0,0.0,0,0,0,0,1.0,0.6188,0.2453,0.4913,-0.5545,100.0,1,0
LJ500_R062_C077,62,77,699750,9532250,0,500,2022,3,2022-03,39,0.0,0,0.7197,0.0,0.2803,0,0,0,0,1.0,,,,,0.0,1,1
LJ500_R062_C078,62,78,700250,9532250,500,500,2022,3,2022-03,39,0.0,0,0.5947,0.0,0.4053,0,0,0,0,1.0,,,,,0.0,1,1
LJ500_R062_C079,62,79,700750,9532250,1000,500,2022,3,2022-03,39,0.0,0,0.771,0.0,0.229,0,0,0,0,1.0,,,,,0.0,1,1
LJ500_R062_C080,62,80,701250,9532250,1500,500,2022,3,2022-03,39,0.235,0,0.6379,0.0,0.1271,0,0,0,0,1.0,,,,,0.0,1,1
LJ500_R062_C081,62,81,701750,9532250,2000,500,2022,3,2022-03,39,0.0684,0,0.7378,0.0,0.1938,0,0,0,0,1.0,,,,,0.0,1,1
LJ500_R062_C082,62,82,702250,9532250,2500,500,2022,3,2022-03,39,0.0973,0,0.9027,0.0,0.0,0,0,0,0,1.0,0.5777,0.2437,0.4795,-0.4932,7.68,1,0
LJ500_R062_C083,62,83,702750,9532250,3000,500,2022,3,2022-03,39,0.0473,0,0.9507,0.0019,0.0,0,0,0,0,1.0,0.6455,0.2889,0.5323,-0.5601,16.8,1,0
LJ500_R062_C084,62,84,703250,9532250,3500,500,2022,3,2022-03,39,0.2757,0,0.7209,0.0034,0.0,0,0,0,0,1.0,0.6487,0.2622,0.5134,-0.5707,19.84,1,0
LJ500_R062_C085,62,85,703750,9532250,4000,500,2022,3,2022-03,39,0.0588,0,0.9412,0.0,0.0,0,0,0,0,1.0,0.6586,0.2667,0.5208,-0.5818,86.08,1,0
LJ500_R062_C086,62,86,704250,9532250,4500,500,2022,3,2022-03,39,0.7611,0,0.2389,0.0,0.0,0,0,0,0,1.0,0.6283,0.2485,0.4985,-0.5615,100.0,1,0
LJ500_R063_C077,63,77,699750,9532750,0,1000,2022,3,2022-03,39,0.0,0,0.1158,0.0,0.8842,0,0,0,0,1.0,0.6262,0.2317,0.4723,-0.5473,5.92,1,0
LJ500_R063_C078,63,78,700250,9532750,500,1000,2022,3,2022-03,39,0.0328,0,0.3431,0.0,0.624,0,0,0,0,1.0,,,,,0.0,1,1
LJ500_R063_C079,63,79,700750,9532750,1000,1000,2022,3,2022-03,39,0.2883,0,0.3768,0.0,0.3349,0,0,0,0,1.0,0.5341,0.149,0.3592,-0.4851,1.12,1,0
LJ500_R063_C080,63,80,701250,9532750,1500,1000,2022,3,2022-03,39,0.1673,0,0.4746,0.0,0.358,0,0,0,0,1.0,,,,,0.0,1,1
LJ500_R063_C081,63,81,701750,9532750,2000,1000,2022,3,2022-03,39,0.0165,0,0.5433,0.0,0.4402,0,0,0,0,1.0,,,,,0.0,1,1
LJ500_R063_C082,63,82,702250,9532750,2500,1000,2022,3,2022-03,39,0.6742,0,0.2142,0.0,0.1117,0,0,0,0,1.0,,,,,0.0,1,1
LJ500_R063_C083,63,83,702750,9532750,3000,1000,2022,3,2022-03,39,0.2059,0,0.7941,0.0,0.0,0,0,0,0,1.0,,,,,0.0,1,1
LJ500_R063_C084,63,84,703250,9532750,3500,1000,2022,3,2022-03,39,0.2973,0,0.7027,0.0,0.0,0,0,0,0,1.0,,,,,0.0,1,1
LJ500_R063_C085,63,85,703750,9532750,4000,1000,2022,3,2022-03,39,0.1462,0,0.8538,0.0,0.0,0,0,0,0,1.0,0.5502,0.2064,0.4403,-0.4793,7.68,1,0
LJ500_R063_C086,63,86,704250,9532750,4500,1000,2022,3,2022-03,39,0.3435,0,0.6565,0.0,0.0,0,0,0,0,1.0,0.643,0.2791,0.5228,-0.5679,32.96,1,0
LJ500_R064_C077,64,77,699750,9533250,0,1500,2022,3,2022-03,39,0.3887,0,0.3116,0.0,0.2997,0,0,0,0,1.0,0.628,0.2383,0.4791,-0.5445,1.6,1,0
LJ500_R064_C078,64,78,700250,9533250,500,1500,2022,3,2022-03,39,0.5382,0,0.082,0.0,0.3799,0,0,0,0,1.0,0.6094,0.246,0.4826,-0.5312,23.04,1,0
LJ500_R064_C079,64,79,700750,9533250,1000,1500,2022,3,2022-03,39,0.4384,0,0.1474,0.0,0.4142,0,0,0,0,1.0,0.52,0.1277,0.354,-0.4795,21.28,1,0
LJ500_R064_C080,64,80,701250,9533250,1500,1500,2022,3,2022-03,39,0.5951,0,0.4049,0.0,0.0,0,0,0,0,1.0,,,,,0.0,1,1
LJ500_R064_C081,64,81,701750,9533250,2000,1500,2022,3,2022-03,39,0.5997,0,0.181,0.0,0.2193,0,0,0,0,1.0,,,,,0.0,1,1
LJ500_R064_C082,64,82,702250,9533250,2500,1500,2022,3,2022-03,39,0.7276,0,0.2724,0.0,0.0,0,0,0,0,1.0,,,,,0.0,1,1
LJ500_R064_C083,64,83,702750,9533250,3000,1500,2022,3,2022-03,39,0.566,0,0.203,0.0,0.231,0,0,0,0,1.0,,,,,0.0,1,1
LJ500_R064_C084,64,84,703250,9533250,3500,1500,2022,3,2022-03,39,0.235,0,0.7298,0.0,0.0352,0,0,0,0,1.0,,,,,0.0,1,1
LJ500_R064_C085,64,85,703750,9533250,4000,1500,2022,3,2022-03,39,0.5109,0,0.4891,0.0,0.0,0,0,0,0,1.0,,,,,0.0,1,1
LJ500_R064_C086,64,86,704250,9533250,4500,1500,2022,3,2022-03,39,0.748,0,0.252,0.0,0.0,0,0,0,0,1.0,,,,,0.0,1,1
LJ500_R065_C077,65,77,699750,9533750,0,2000,2022,3,2022-03,39,0.312,0,0.4033,0.0,0.2847,0,0,0,0,1.0,0.5717,0.2401,0.4636,-0.5027,2.56,1,0
LJ500_R065_C078,65,78,700250,9533750,500,2000,2022,3,2022-03,39,0.5913,0,0.4071,0.0,0.0016,0,0,0,0,1.0,0.5297,0.1798,0.4039,-0.4867,8.16,1,0
LJ500_R065_C079,65,79,700750,9533750,1000,2000,2022,3,2022-03,39,0.3219,0,0.6781,0.0,0.0,0,0,0,0,1.0,0.4305,0.1433,0.3571,-0.3959,2.72,1,0
LJ500_R065_C080,65,80,701250,9533750,1500,2000,2022,3,2022-03,39,0.8266,0,0.1734,0.0,0.0,0,0,0,0,1.0,,,,,0.0,1,1
LJ500_R065_C081,65,81,701750,9533750,2000,2000,2022,3,2022-03,39,0.9017,0,0.0983,0.0,0.0,0,0,0,0,1.0,,,,,0.0,1,1
LJ500_R065_C082,65,82,702250,9533750,2500,2000,2022,3,2022-03,39,0.7327,0,0.2673,0.0,0.0,0,0,0,0,1.0,,,,,0.0,1,1
LJ500_R065_C083,65,83,702750,9533750,3000,2000,2022,3,2022-03,39,0.7802,0,0.1368,0.0,0.083,0,0,0,0,1.0,,,,,0.0,1,1
LJ500_R065_C084,65,84,703250,9533750,3500,2000,2022,3,2022-03,39,0.3229,0,0.6771,0.0,0.0,0,0,0,0,1.0,,,,,0.0,1,1
LJ500_R065_C085,65,85,703750,9533750,4000,2000,2022,3,2022-03,39,0.0167,0,0.9833,0.0,0.0,0,0,0,0,1.0,,,,,0.0,1,1
LJ500_R065_C086,65,86,704250,9533750,4500,2000,2022,3,2022-03,39,0.7821,0,0.2179,0.0,0.0,0,0,0,0,1.0,,,,,0.0,1,1
LJ500_R066_C077,66,77,699750,9534250,0,2500,2022,3,2022-03,39,0.5018,0,0.3517,0.0,0.1465,0,0,0,0,1.0,0.6227,0.2754,0.5039,-0.5463,60.0,1,0
LJ500_R066_C078,66,78,700250,9534250,500,2500,2022,3,2022-03,39,0.1232,0,0.8768,0.0,0.0,0,0,0,0,1.0,0.5262,0.1861,0.4043,-0.4813,55.84,1,0
LJ500_R066_C079,66,79,700750,9534250,1000,2500,2022,3,2022-03,39,0.3332,0,0.6668,0.0,0.0,0,0,0,0,1.0,0.4127,0.0441,0.2509,-0.4091,0.64,1,0
LJ500_R066_C080,66,80,701250,9534250,1500,2500,2022,3,2022-03,39,0.9149,0,0.0851,0.0,0.0,0,0,0,0,1.0,,,,,0.0,1,1
LJ500_R066_C081,66,81,701750,9534250,2000,2500,2022,3,2022-03,39,0.7037,0,0.2963,0.0,0.0,0,0,0,0,1.0,,,,,0.0,1,1
LJ500_R066_C082,66,82,702250,9534250,2500,2500,2022,3,2022-03,39,0.6772,0,0.3228,0.0,0.0,0,0,0,0,1.0,,,,,0.0,1,1
LJ500_R066_C083,66,83,702750,9534250,3000,2500,2022,3,2022-03,39,0.6289,0,0.3711,0.0,0.0,0,0,0,0,1.0,,,,,0.0,1,1
LJ500_R066_C084,66,84,703250,9534250,3500,2500,2022,3,2022-03,39,0.7305,0,0.2695,0.0,0.0,0,0,0,0,1.0,,,,,0.0,1,1
LJ500_R066_C085,66,85,703750,9534250,4000,2500,2022,3,2022-03,39,0.7865,0,0.2135,0.0,0.0,0,0,0,0,1.0,,,,,0.0,1,1
LJ500_R066_C086,66,86,704250,9534250,4500,2500,2022,3,2022-03,39,1.0,0,0.0,0.0,0.0,0,0,0,0,1.0,,,,,0.0,1,1
LJ500_R067_C077,67,77,699750,9534750,0,3000,2022,3,2022-03,39,0.7165,0,0.2835,0.0,0.0,0,0,0,0,1.0,0.567,0.2198,0.4465,-0.5052,75.36,1,0
LJ500_R067_C078,67,78,700250,9534750,500,3000,2022,3,2022-03,39,0.8229,0,0.1771,0.0,0.0,0,0,0,0,1.0,0.4959,0.1402,0.3633,-0.4589,35.2,1,0
LJ500_R067_C079,67,79,700750,9534750,1000,3000,2022,3,2022-03,39,0.9659,0,0.0341,0.0,0.0,0,0,0,0,1.0,0.5119,0.2081,0.4141,-0.4595,10.4,1,0
LJ500_R067_C080,67,80,701250,9534750,1500,3000,2022,3,2022-03,39,0.8944,0,0.1056,0.0,0.0,0,0,0,0,1.0,,,,,0.0,1,1
LJ500_R067_C081,67,81,701750,9534750,2000,3000,2022,3,2022-03,39,0.7989,0,0.1897,0.0,0.0114,0,0,0,0,1.0,,,,,0.0,1,1
LJ500_R067_C082,67,82,702250,9534750,2500,3000,2022,3,2022-03,39,1.0,0,0.0,0.0,0.0,0,0,0,0,1.0,,,,,0.0,1,1
LJ500_R067_C083,67,83,702750,9534750,3000,3000,2022,3,2022-03,39,1.0,0,0.0,0.0,0.0,0,0,0,0,1.0,0.5513,0.2358,0.4453,-0.4973,1.44,1,0
LJ500_R067_C084,67,84,703250,9534750,3500,3000,2022,3,2022-03,39,1.0,0,0.0,0.0,0.0,0,0,0,0,1.0,,,,,0.0,1,1
LJ500_R067_C085,67,85,703750,9534750,4000,3000,2022,3,2022-03,39,1.0,0,0.0,0.0,0.0,0,0,0,0,1.0,,,,,0.0,1,1
LJ500_R067_C086,67,86,704250,9534750,4500,3000,2022,3,2022-03,39,1.0,0,0.0,0.0,0.0,0,0,0,0,1.0,0.458,0.2544,0.4172,-0.4275,0.32,1,0
LJ500_R068_C077,68,77,699750,9535250,0,3500,2022,3,2022-03,39,0.065,0,0.935,0.0,0.0,0,0,0,0,1.0,0.5475,0.228,0.4412,-0.4778,5.76,1,0
LJ500_R068_C078,68,78,700250,9535250,500,3500,2022,3,2022-03,39,0.7525,0,0.2475,0.0,0.0,0,0,0,0,1.0,0.5013,0.2174,0.428,-0.4501,7.36,1,0
LJ500_R068_C079,68,79,700750,9535250,1000,3500,2022,3,2022-03,39,1.0,0,0.0,0.0,0.0,0,0,0,0,1.0,0.5286,0.2261,0.4422,-0.4772,44.64,1,0
LJ500_R068_C080,68,80,701250,9535250,1500,3500,2022,3,2022-03,39,0.8923,0,0.1077,0.0,0.0,0,0,0,0,1.0,0.5187,0.2601,0.4448,-0.4739,0.16,1,0
LJ500_R068_C081,68,81,701750,9535250,2000,3500,2022,3,2022-03,39,0.6646,0,0.0767,0.0,0.2586,0,0,0,0,1.0,,,,,0.0,1,1
LJ500_R068_C082,68,82,702250,9535250,2500,3500,2022,3,2022-03,39,0.9399,0,0.0601,0.0,0.0,0,0,0,0,1.0,,,,,0.0,1,1
LJ500_R068_C083,68,83,702750,9535250,3000,3500,2022,3,2022-03,39,1.0,0,0.0,0.0,0.0,0,0,0,0,1.0,,,,,0.0,1,1
LJ500_R068_C084,68,84,703250,9535250,3500,3500,2022,3,2022-03,39,1.0,0,0.0,0.0,0.0,0,0,0,0,1.0,,,,,0.0,1,1
LJ500_R068_C085,68,85,703750,9535250,4000,3500,2022,3,2022-03,39,1.0,0,0.0,0.0,0.0,0,0,0,0,1.0,0.5511,0.3013,0.4868,-0.5062,8.16,1,0
LJ500_R068_C086,68,86,704250,9535250,4500,3500,2022,3,2022-03,39,1.0,0,0.0,0.0,0.0,0,0,0,0,1.0,0.5108,0.2844,0.47,-0.4658,31.52,1,0
LJ500_R069_C077,69,77,699750,9535750,0,4000,2022,3,2022-03,39,0.0,0,0.9574,0.0426,0.0,0,0,0,0,1.0,0.6085,0.2193,0.4591,-0.53,45.6,1,0
LJ500_R069_C078,69,78,700250,9535750,500,4000,2022,3,2022-03,39,0.4139,0,0.5115,0.0746,0.0,0,0,0,0,1.0,0.592,0.2194,0.4579,-0.535,38.72,1,0
LJ500_R069_C079,69,79,700750,9535750,1000,4000,2022,3,2022-03,39,0.6432,0,0.3568,0.0,0.0,0,0,0,0,1.0,0.4888,0.1533,0.3745,-0.4595,61.76,1,0
LJ500_R069_C080,69,80,701250,9535750,1500,4000,2022,3,2022-03,39,0.8514,0,0.1486,0.0,0.0,0,0,0,0,1.0,0.4888,0.2097,0.4084,-0.4441,25.92,1,0
LJ500_R069_C081,69,81,701750,9535750,2000,4000,2022,3,2022-03,39,1.0,0,0.0,0.0,0.0,0,0,0,0,1.0,,,,,0.0,1,1
LJ500_R069_C082,69,82,702250,9535750,2500,4000,2022,3,2022-03,39,1.0,0,0.0,0.0,0.0,0,0,0,0,1.0,,,,,0.0,1,1
LJ500_R069_C083,69,83,702750,9535750,3000,4000,2022,3,2022-03,39,1.0,0,0.0,0.0,0.0,0,0,0,0,1.0,,,,,0.0,1,1
LJ500_R069_C084,69,84,703250,9535750,3500,4000,2022,3,2022-03,39,1.0,0,0.0,0.0,0.0,0,0,0,0,1.0,,,,,0.0,1,1
LJ500_R069_C085,69,85,703750,9535750,4000,4000,2022,3,2022-03,39,1.0,0,0.0,0.0,0.0,0,0,0,0,1.0,0.499,0.2766,0.4526,-0.4577,3.2,1,0
LJ500_R069_C086,69,86,704250,9535750,4500,4000,2022,3,2022-03,39,1.0,0,0.0,0.0,0.0,0,0,0,0,1.0,0.4763,0.2568,0.438,-0.4309,20.32,1,0
LJ500_R070_C077,70,77,699750,9536250,0,4500,2022,3,2022-03,39,0.0,0,0.3423,0.4553,0.2024,0,0,0,0,1.0,0.5835,0.2306,0.4557,-0.5231,70.08,1,0
LJ500_R070_C078,70,78,700250,9536250,500,4500,2022,3,2022-03,39,0.0,0,0.3908,0.6092,0.0,0,0,0,0,1.0,0.5657,0.2144,0.437,-0.513,100.0,1,0
LJ500_R070_C079,70,79,700750,9536250,1000,4500,2022,3,2022-03,39,0.2082,0,0.7834,0.0084,0.0,0,0,0,0,1.0,0.5849,0.2061,0.442,-0.5251,45.44,1,0
LJ500_R070_C080,70,80,701250,9536250,1500,4500,2022,3,2022-03,39,0.2813,0,0.7187,0.0,0.0,0,0,0,0,1.0,0.5467,0.198,0.4231,-0.4888,23.04,1,0
LJ500_R070_C081,70,81,701750,9536250,2000,4500,2022,3,2022-03,39,0.9197,0,0.0803,0.0,0.0,0,0,0,0,1.0,0.5734,0.2554,0.4715,-0.514,26.72,1,0
LJ500_R070_C082,70,82,702250,9536250,2500,4500,2022,3,2022-03,39,1.0,0,0.0,0.0,0.0,0,0,0,0,1.0,0.5159,0.2298,0.4345,-0.4677,37.92,1,0
LJ500_R070_C083,70,83,702750,9536250,3000,4500,2022,3,2022-03,39,1.0,0,0.0,0.0,0.0,0,0,0,0,1.0,0.5872,0.2961,0.5038,-0.5295,12.64,1,0
LJ500_R070_C084,70,84,703250,9536250,3500,4500,2022,3,2022-03,39,0.9943,0,0.0057,0.0,0.0,0,0,0,0,1.0,,,,,0.0,1,1
LJ500_R070_C085,70,85,703750,9536250,4000,4500,2022,3,2022-03,39,1.0,0,0.0,0.0,0.0,0,0,0,0,1.0,,,,,0.0,1,1
LJ500_R070_C086,70,86,704250,9536250,4500,4500,2022,3,2022-03,39,1.0,0,0.0,0.0,0.0,0,0,0,0,1.0,,,,,0.0,1,1
LJ500_R061_C077,61,77,699750,9531750,0,0,2022,4,2022-04,40,0.0,0,1.0,0.0,0.0,0,0,0,0,1.0,0.8237,0.2755,0.5802,-0.718,100.0,1,0
LJ500_R061_C078,61,78,700250,9531750,500,0,2022,4,2022-04,40,0.0,0,0.9516,0.0,0.0484,0,0,0,0,1.0,0.8224,0.2867,0.5915,-0.7072,100.0,1,0
LJ500_R061_C079,61,79,700750,9531750,1000,0,2022,4,2022-04,40,0.0,0,0.906,0.0,0.094,0,0,0,0,1.0,0.8308,0.296,0.6029,-0.7154,100.0,1,0
LJ500_R061_C080,61,80,701250,9531750,1500,0,2022,4,2022-04,40,0.1714,0,0.8229,0.0,0.0057,0,0,0,0,1.0,0.8124,0.2787,0.5865,-0.6897,100.0,1,0
LJ500_R061_C081,61,81,701750,9531750,2000,0,2022,4,2022-04,40,0.0,0,1.0,0.0,0.0,0,0,0,0,1.0,0.7753,0.2457,0.5491,-0.6616,100.0,1,0
LJ500_R061_C082,61,82,702250,9531750,2500,0,2022,4,2022-04,40,0.0618,0,0.9382,0.0,0.0,0,0,0,0,1.0,0.78,0.2432,0.5482,-0.6739,100.0,1,0
LJ500_R061_C083,61,83,702750,9531750,3000,0,2022,4,2022-04,40,0.5343,0,0.3633,0.1024,0.0,0,0,0,0,1.0,0.8294,0.322,0.6246,-0.7082,59.36,1,0
LJ500_R061_C084,61,84,703250,9531750,3500,0,2022,4,2022-04,40,0.7729,0,0.0,0.2271,0.0,0,0,0,0,1.0,,,,,0.0,1,1
LJ500_R061_C085,61,85,703750,9531750,4000,0,2022,4,2022-04,40,0.709,0,0.291,0.0,0.0,0,0,0,0,1.0,0.7578,0.2846,0.5767,-0.6562,13.12,1,0
LJ500_R061_C086,61,86,704250,9531750,4500,0,2022,4,2022-04,40,1.0,0,0.0,0.0,0.0,0,0,0,0,1.0,0.7522,0.2711,0.5705,-0.6491,48.48,1,0
LJ500_R062_C077,62,77,699750,9532250,0,500,2022,4,2022-04,40,0.0,0,0.7197,0.0,0.2803,0,0,0,0,1.0,0.7944,0.2637,0.5624,-0.6792,100.0,1,0
LJ500_R062_C078,62,78,700250,9532250,500,500,2022,4,2022-04,40,0.0,0,0.5947,0.0,0.4053,0,0,0,0,1.0,0.7999,0.279,0.5805,-0.6825,77.92,1,0
LJ500_R062_C079,62,79,700750,9532250,1000,500,2022,4,2022-04,40,0.0,0,0.771,0.0,0.229,0,0,0,0,1.0,0.8174,0.2779,0.5845,-0.6814,48.96,1,0
LJ500_R062_C080,62,80,701250,9532250,1500,500,2022,4,2022-04,40,0.235,0,0.6379,0.0,0.1271,0,0,0,0,1.0,0.7925,0.2513,0.56,-0.67,53.76,1,0
LJ500_R062_C081,62,81,701750,9532250,2000,500,2022,4,2022-04,40,0.0684,0,0.7378,0.0,0.1938,0,0,0,0,1.0,0.8,0.255,0.566,-0.6876,98.88,1,0
LJ500_R062_C082,62,82,702250,9532250,2500,500,2022,4,2022-04,40,0.0973,0,0.9027,0.0,0.0,0,0,0,0,1.0,0.7954,0.2665,0.5768,-0.6804,100.0,1,0
LJ500_R062_C083,62,83,702750,9532250,3000,500,2022,4,2022-04,40,0.0473,0,0.9507,0.0019,0.0,0,0,0,0,1.0,0.7877,0.2667,0.5711,-0.667,85.44,1,0
LJ500_R062_C084,62,84,703250,9532250,3500,500,2022,4,2022-04,40,0.2757,0,0.7209,0.0034,0.0,0,0,0,0,1.0,0.8406,0.3164,0.6308,-0.7211,50.4,1,0
LJ500_R062_C085,62,85,703750,9532250,4000,500,2022,4,2022-04,40,0.0588,0,0.9412,0.0,0.0,0,0,0,0,1.0,0.7859,0.2747,0.5777,-0.6703,48.0,1,0
LJ500_R062_C086,62,86,704250,9532250,4500,500,2022,4,2022-04,40,0.7611,0,0.2389,0.0,0.0,0,0,0,0,1.0,0.782,0.2686,0.5752,-0.679,48.48,1,0
LJ500_R063_C077,63,77,699750,9532750,0,1000,2022,4,2022-04,40,0.0,0,0.1158,0.0,0.8842,0,0,0,0,1.0,0.7245,0.2138,0.4962,-0.6174,21.28,1,0
LJ500_R063_C078,63,78,700250,9532750,500,1000,2022,4,2022-04,40,0.0328,0,0.3431,0.0,0.624,0,0,0,0,1.0,0.7325,0.2123,0.4989,-0.6433,8.16,1,0
LJ500_R063_C079,63,79,700750,9532750,1000,1000,2022,4,2022-04,40,0.2883,0,0.3768,0.0,0.3349,0,0,0,0,1.0,,,,,0.0,1,1
LJ500_R063_C080,63,80,701250,9532750,1500,1000,2022,4,2022-04,40,0.1673,0,0.4746,0.0,0.358,0,0,0,0,1.0,,,,,0.0,1,1
LJ500_R063_C081,63,81,701750,9532750,2000,1000,2022,4,2022-04,40,0.0165,0,0.5433,0.0,0.4402,0,0,0,0,1.0,0.7698,0.2452,0.5545,-0.6598,72.48,1,0
LJ500_R063_C082,63,82,702250,9532750,2500,1000,2022,4,2022-04,40,0.6742,0,0.2142,0.0,0.1117,0,0,0,0,1.0,0.8086,0.2911,0.598,-0.6795,100.0,1,0
LJ500_R063_C083,63,83,702750,9532750,3000,1000,2022,4,2022-04,40,0.2059,0,0.7941,0.0,0.0,0,0,0,0,1.0,0.7811,0.2766,0.5765,-0.6651,100.0,1,0
LJ500_R063_C084,63,84,703250,9532750,3500,1000,2022,4,2022-04,40,0.2973,0,0.7027,0.0,0.0,0,0,0,0,1.0,0.797,0.2819,0.5875,-0.683,42.24,1,0
LJ500_R063_C085,63,85,703750,9532750,4000,1000,2022,4,2022-04,40,0.1462,0,0.8538,0.0,0.0,0,0,0,0,1.0,0.8138,0.3168,0.6214,-0.6935,15.36,1,0
LJ500_R063_C086,63,86,704250,9532750,4500,1000,2022,4,2022-04,40,0.3435,0,0.6565,0.0,0.0,0,0,0,0,1.0,0.752,0.2868,0.5726,-0.6483,16.16,1,0
LJ500_R064_C077,64,77,699750,9533250,0,1500,2022,4,2022-04,40,0.3887,0,0.3116,0.0,0.2997,0,0,0,0,1.0,0.8206,0.295,0.5954,-0.6952,53.6,1,0
LJ500_R064_C078,64,78,700250,9533250,500,1500,2022,4,2022-04,40,0.5382,0,0.082,0.0,0.3799,0,0,0,0,1.0,0.8498,0.3354,0.6328,-0.7339,0.32,1,0
LJ500_R064_C079,64,79,700750,9533250,1000,1500,2022,4,2022-04,40,0.4384,0,0.1474,0.0,0.4142,0,0,0,0,1.0,,,,,0.0,1,1
LJ500_R064_C080,64,80,701250,9533250,1500,1500,2022,4,2022-04,40,0.5951,0,0.4049,0.0,0.0,0,0,0,0,1.0,,,,,0.0,1,1
LJ500_R064_C081,64,81,701750,9533250,2000,1500,2022,4,2022-04,40,0.5997,0,0.181,0.0,0.2193,0,0,0,0,1.0,0.8199,0.3121,0.6133,-0.7062,56.64,1,0
LJ500_R064_C082,64,82,702250,9533250,2500,1500,2022,4,2022-04,40,0.7276,0,0.2724,0.0,0.0,0,0,0,0,1.0,0.7928,0.2892,0.5968,-0.6771,65.44,1,0
LJ500_R064_C083,64,83,702750,9533250,3000,1500,2022,4,2022-04,40,0.566,0,0.203,0.0,0.231,0,0,0,0,1.0,0.8,0.2847,0.5979,-0.7018,39.04,1,0
LJ500_R064_C084,64,84,703250,9533250,3500,1500,2022,4,2022-04,40,0.235,0,0.7298,0.0,0.0352,0,0,0,0,1.0,0.8589,0.3312,0.6478,-0.7302,0.16,1,0
LJ500_R064_C085,64,85,703750,9533250,4000,1500,2022,4,2022-04,40,0.5109,0,0.4891,0.0,0.0,0,0,0,0,1.0,0.8181,0.3135,0.6289,-0.7016,2.24,1,0
LJ500_R064_C086,64,86,704250,9533250,4500,1500,2022,4,2022-04,40,0.748,0,0.252,0.0,0.0,0,0,0,0,1.0,,,,,0.0,1,1
LJ500_R065_C077,65,77,699750,9533750,0,2000,2022,4,2022-04,40,0.312,0,0.4033,0.0,0.2847,0,0,0,0,1.0,0.7209,0.1932,0.4705,-0.6264,25.76,1,0
LJ500_R065_C078,65,78,700250,9533750,500,2000,2022,4,2022-04,40,0.5913,0,0.4071,0.0,0.0016,0,0,0,0,1.0,0.7928,0.2936,0.5716,-0.6814,2.4,1,0
LJ500_R065_C079,65,79,700750,9533750,1000,2000,2022,4,2022-04,40,0.3219,0,0.6781,0.0,0.0,0,0,0,0,1.0,,,,,0.0,1,1
LJ500_R065_C080,65,80,701250,9533750,1500,2000,2022,4,2022-04,40,0.8266,0,0.1734,0.0,0.0,0,0,0,0,1.0,0.8608,0.3534,0.6585,-0.756,1.92,1,0
LJ500_R065_C081,65,81,701750,9533750,2000,2000,2022,4,2022-04,40,0.9017,0,0.0983,0.0,0.0,0,0,0,0,1.0,0.8134,0.3126,0.6119,-0.7029,55.68,1,0
LJ500_R065_C082,65,82,702250,9533750,2500,2000,2022,4,2022-04,40,0.7327,0,0.2673,0.0,0.0,0,0,0,0,1.0,0.7839,0.2832,0.5953,-0.6964,66.24,1,0
LJ500_R065_C083,65,83,702750,9533750,3000,2000,2022,4,2022-04,40,0.7802,0,0.1368,0.0,0.083,0,0,0,0,1.0,0.8591,0.3643,0.6874,-0.7618,0.64,1,0
LJ500_R065_C084,65,84,703250,9533750,3500,2000,2022,4,2022-04,40,0.3229,0,0.6771,0.0,0.0,0,0,0,0,1.0,,,,,0.0,1,1
LJ500_R065_C085,65,85,703750,9533750,4000,2000,2022,4,2022-04,40,0.0167,0,0.9833,0.0,0.0,0,0,0,0,1.0,,,,,0.0,1,1
LJ500_R065_C086,65,86,704250,9533750,4500,2000,2022,4,2022-04,40,0.7821,0,0.2179,0.0,0.0,0,0,0,0,1.0,,,,,0.0,1,1
LJ500_R066_C077,66,77,699750,9534250,0,2500,2022,4,2022-04,40,0.5018,0,0.3517,0.0,0.1465,0,0,0,0,1.0,0.8125,0.3024,0.6036,-0.6806,19.36,1,0
LJ500_R066_C078,66,78,700250,9534250,500,2500,2022,4,2022-04,40,0.1232,0,0.8768,0.0,0.0,0,0,0,0,1.0,,,,,0.0,1,1
LJ500_R066_C079,66,79,700750,9534250,1000,2500,2022,4,2022-04,40,0.3332,0,0.6668,0.0,0.0,0,0,0,0,1.0,,,,,0.0,1,1
LJ500_R066_C080,66,80,701250,9534250,1500,2500,2022,4,2022-04,40,0.9149,0,0.0851,0.0,0.0,0,0,0,0,1.0,,,,,0.0,1,1
LJ500_R066_C081,66,81,701750,9534250,2000,2500,2022,4,2022-04,40,0.7037,0,0.2963,0.0,0.0,0,0,0,0,1.0,,,,,0.0,1,1
LJ500_R066_C082,66,82,702250,9534250,2500,2500,2022,4,2022-04,40,0.6772,0,0.3228,0.0,0.0,0,0,0,0,1.0,0.7666,0.2745,0.5844,-0.697,0.32,1,0
LJ500_R066_C083,66,83,702750,9534250,3000,2500,2022,4,2022-04,40,0.6289,0,0.3711,0.0,0.0,0,0,0,0,1.0,,,,,0.0,1,1
LJ500_R066_C084,66,84,703250,9534250,3500,2500,2022,4,2022-04,40,0.7305,0,0.2695,0.0,0.0,0,0,0,0,1.0,,,,,0.0,1,1
LJ500_R066_C085,66,85,703750,9534250,4000,2500,2022,4,2022-04,40,0.7865,0,0.2135,0.0,0.0,0,0,0,0,1.0,,,,,0.0,1,1
LJ500_R066_C086,66,86,704250,9534250,4500,2500,2022,4,2022-04,40,1.0,0,0.0,0.0,0.0,0,0,0,0,1.0,,,,,0.0,1,1
LJ500_R067_C077,67,77,699750,9534750,0,3000,2022,4,2022-04,40,0.7165,0,0.2835,0.0,0.0,0,0,0,0,1.0,0.7989,0.2792,0.5756,-0.6749,7.2,1,0
LJ500_R067_C078,67,78,700250,9534750,500,3000,2022,4,2022-04,40,0.8229,0,0.1771,0.0,0.0,0,0,0,0,1.0,,,,,0.0,1,1
LJ500_R067_C079,67,79,700750,9534750,1000,3000,2022,4,2022-04,40,0.9659,0,0.0341,0.0,0.0,0,0,0,0,1.0,,,,,0.0,1,1
LJ500_R067_C080,67,80,701250,9534750,1500,3000,2022,4,2022-04,40,0.8944,0,0.1056,0.0,0.0,0,0,0,0,1.0,,,,,0.0,1,1
LJ500_R067_C081,67,81,701750,9534750,2000,3000,2022,4,2022-04,40,0.7989,0,0.1897,0.0,0.0114,0,0,0,0,1.0,,,,,0.0,1,1
LJ500_R067_C082,67,82,702250,9534750,2500,3000,2022,4,2022-04,40,1.0,0,0.0,0.0,0.0,0,0,0,0,1.0,,,,,0.0,1,1
LJ500_R067_C083,67,83,702750,9534750,3000,3000,2022,4,2022-04,40,1.0,0,0.0,0.0,0.0,0,0,0,0,1.0,,,,,0.0,1,1
LJ500_R067_C084,67,84,703250,9534750,3500,3000,2022,4,2022-04,40,1.0,0,0.0,0.0,0.0,0,0,0,0,1.0,,,,,0.0,1,1
LJ500_R067_C085,67,85,703750,9534750,4000,3000,2022,4,2022-04,40,1.0,0,0.0,0.0,0.0,0,0,0,0,1.0,,,,,0.0,1,1
LJ500_R067_C086,67,86,704250,9534750,4500,3000,2022,4,2022-04,40,1.0,0,0.0,0.0,0.0,0,0,0,0,1.0,,,,,0.0,1,1
LJ500_R068_C077,68,77,699750,9535250,0,3500,2022,4,2022-04,40,0.065,0,0.935,0.0,0.0,0,0,0,0,1.0,0.7598,0.2333,0.5198,-0.6521,7.04,1,0
LJ500_R068_C078,68,78,700250,9535250,500,3500,2022,4,2022-04,40,0.7525,0,0.2475,0.0,0.0,0,0,0,0,1.0,0.7817,0.276,0.5593,-0.6615,23.2,1,0
LJ500_R068_C079,68,79,700750,9535250,1000,3500,2022,4,2022-04,40,1.0,0,0.0,0.0,0.0,0,0,0,0,1.0,0.8278,0.3085,0.5935,-0.6939,2.72,1,0
LJ500_R068_C080,68,80,701250,9535250,1500,3500,2022,4,2022-04,40,0.8923,0,0.1077,0.0,0.0,0,0,0,0,1.0,0.5636,0.1842,0.4334,-0.5061,0.8,1,0
LJ500_R068_C081,68,81,701750,9535250,2000,3500,2022,4,2022-04,40,0.6646,0,0.0767,0.0,0.2586,0,0,0,0,1.0,0.4998,0.0538,0.3182,-0.5164,2.24,1,0
LJ500_R068_C082,68,82,702250,9535250,2500,3500,2022,4,2022-04,40,0.9399,0,0.0601,0.0,0.0,0,0,0,0,1.0,,,,,0.0,1,1
LJ500_R068_C083,68,83,702750,9535250,3000,3500,2022,4,2022-04,40,1.0,0,0.0,0.0,0.0,0,0,0,0,1.0,,,,,0.0,1,1
LJ500_R068_C084,68,84,703250,9535250,3500,3500,2022,4,2022-04,40,1.0,0,0.0,0.0,0.0,0,0,0,0,1.0,,,,,0.0,1,1
LJ500_R068_C085,68,85,703750,9535250,4000,3500,2022,4,2022-04,40,1.0,0,0.0,0.0,0.0,0,0,0,0,1.0,,,,,0.0,1,1
LJ500_R068_C086,68,86,704250,9535250,4500,3500,2022,4,2022-04,40,1.0,0,0.0,0.0,0.0,0,0,0,0,1.0,,,,,0.0,1,1
LJ500_R069_C077,69,77,699750,9535750,0,4000,2022,4,2022-04,40,0.0,0,0.9574,0.0426,0.0,0,0,0,0,1.0,0.7717,0.2377,0.5355,-0.6507,59.52,1,0
LJ500_R069_C078,69,78,700250,9535750,500,4000,2022,4,2022-04,40,0.4139,0,0.5115,0.0746,0.0,0,0,0,0,1.0,0.82,0.2914,0.5898,-0.6882,58.88,1,0
LJ500_R069_C079,69,79,700750,9535750,1000,4000,2022,4,2022-04,40,0.6432,0,0.3568,0.0,0.0,0,0,0,0,1.0,0.8242,0.3076,0.5912,-0.6901,1.92,1,0
LJ500_R069_C080,69,80,701250,9535750,1500,4000,2022,4,2022-04,40,0.8514,0,0.1486,0.0,0.0,0,0,0,0,1.0,,,,,0.0,1,1
LJ500_R069_C081,69,81,701750,9535750,2000,4000,2022,4,2022-04,40,1.0,0,0.0,0.0,0.0,0,0,0,0,1.0,,,,,0.0,1,1
LJ500_R069_C082,69,82,702250,9535750,2500,4000,2022,4,2022-04,40,1.0,0,0.0,0.0,0.0,0,0,0,0,1.0,,,,,0.0,1,1
LJ500_R069_C083,69,83,702750,9535750,3000,4000,2022,4,2022-04,40,1.0,0,0.0,0.0,0.0,0,0,0,0,1.0,,,,,0.0,1,1
LJ500_R069_C084,69,84,703250,9535750,3500,4000,2022,4,2022-04,40,1.0,0,0.0,0.0,0.0,0,0,0,0,1.0,,,,,0.0,1,1
LJ500_R069_C085,69,85,703750,9535750,4000,4000,2022,4,2022-04,40,1.0,0,0.0,0.0,0.0,0,0,0,0,1.0,,,,,0.0,1,1
LJ500_R069_C086,69,86,704250,9535750,4500,4000,2022,4,2022-04,40,1.0,0,0.0,0.0,0.0,0,0,0,0,1.0,,,,,0.0,1,1
LJ500_R070_C077,70,77,699750,9536250,0,4500,2022,4,2022-04,40,0.0,0,0.3423,0.4553,0.2024,0,0,0,0,1.0,0.7881,0.2415,0.5345,-0.6797,34.56,1,0
LJ500_R070_C078,70,78,700250,9536250,500,4500,2022,4,2022-04,40,0.0,0,0.3908,0.6092,0.0,0,0,0,0,1.0,0.7799,0.251,0.5404,-0.6356,1.28,1,0
LJ500_R070_C079,70,79,700750,9536250,1000,4500,2022,4,2022-04,40,0.2082,0,0.7834,0.0084,0.0,0,0,0,0,1.0,,,,,0.0,1,1
LJ500_R070_C080,70,80,701250,9536250,1500,4500,2022,4,2022-04,40,0.2813,0,0.7187,0.0,0.0,0,0,0,0,1.0,,,,,0.0,1,1
LJ500_R070_C081,70,81,701750,9536250,2000,4500,2022,4,2022-04,40,0.9197,0,0.0803,0.0,0.0,0,0,0,0,1.0,,,,,0.0,1,1
LJ500_R070_C082,70,82,702250,9536250,2500,4500,2022,4,2022-04,40,1.0,0,0.0,0.0,0.0,0,0,0,0,1.0,,,,,0.0,1,1
LJ500_R070_C083,70,83,702750,9536250,3000,4500,2022,4,2022-04,40,1.0,0,0.0,0.0,0.0,0,0,0,0,1.0,,,,,0.0,1,1
LJ500_R070_C084,70,84,703250,9536250,3500,4500,2022,4,2022-04,40,0.9943,0,0.0057,0.0,0.0,0,0,0,0,1.0,,,,,0.0,1,1
LJ500_R070_C085,70,85,703750,9536250,4000,4500,2022,4,2022-04,40,1.0,0,0.0,0.0,0.0,0,0,0,0,1.0,,,,,0.0,1,1
LJ500_R070_C086,70,86,704250,9536250,4500,4500,2022,4,2022-04,40,1.0,0,0.0,0.0,0.0,0,0,0,0,1.0,,,,,0.0,1,1
LJ500_R061_C077,61,77,699750,9531750,0,0,2022,5,2022-05,41,0.0,0,1.0,0.0,0.0,0,0,0,0,1.0,0.7391,0.2582,0.5603,-0.6338,60.32,1,0
LJ500_R061_C078,61,78,700250,9531750,500,0,2022,5,2022-05,41,0.0,0,0.9516,0.0,0.0484,0,0,0,0,1.0,0.7689,0.3056,0.6085,-0.6552,23.52,1,0
LJ500_R061_C079,61,79,700750,9531750,1000,0,2022,5,2022-05,41,0.0,0,0.906,0.0,0.094,0,0,0,0,1.0,0.7468,0.3268,0.6268,-0.6247,54.56,1,0
LJ500_R061_C080,61,80,701250,9531750,1500,0,2022,5,2022-05,41,0.1714,0,0.8229,0.0,0.0057,0,0,0,0,1.0,0.7069,0.3045,0.603,-0.5853,63.04,1,0
LJ500_R061_C081,61,81,701750,9531750,2000,0,2022,5,2022-05,41,0.0,0,1.0,0.0,0.0,0,0,0,0,1.0,0.7375,0.3243,0.6251,-0.6094,5.28,1,0
LJ500_R061_C082,61,82,702250,9531750,2500,0,2022,5,2022-05,41,0.0618,0,0.9382,0.0,0.0,0,0,0,0,1.0,,,,,0.0,1,1
LJ500_R061_C083,61,83,702750,9531750,3000,0,2022,5,2022-05,41,0.5343,0,0.3633,0.1024,0.0,0,0,0,0,1.0,,,,,0.0,1,1
LJ500_R061_C084,61,84,703250,9531750,3500,0,2022,5,2022-05,41,0.7729,0,0.0,0.2271,0.0,0,0,0,0,1.0,,,,,0.0,1,1
LJ500_R061_C085,61,85,703750,9531750,4000,0,2022,5,2022-05,41,0.709,0,0.291,0.0,0.0,0,0,0,0,1.0,0.5909,0.3223,0.5896,-0.4994,2.88,1,0
LJ500_R061_C086,61,86,704250,9531750,4500,0,2022,5,2022-05,41,1.0,0,0.0,0.0,0.0,0,0,0,0,1.0,,,,,0.0,1,1
LJ500_R062_C077,62,77,699750,9532250,0,500,2022,5,2022-05,41,0.0,0,0.7197,0.0,0.2803,0,0,0,0,1.0,0.7275,0.2707,0.5625,-0.6168,61.76,1,0
LJ500_R062_C078,62,78,700250,9532250,500,500,2022,5,2022-05,41,0.0,0,0.5947,0.0,0.4053,0,0,0,0,1.0,0.7202,0.2829,0.5747,-0.6037,62.72,1,0
LJ500_R062_C079,62,79,700750,9532250,1000,500,2022,5,2022-05,41,0.0,0,0.771,0.0,0.229,0,0,0,0,1.0,0.7276,0.2865,0.5807,-0.5969,76.32,1,0
LJ500_R062_C080,62,80,701250,9532250,1500,500,2022,5,2022-05,41,0.235,0,0.6379,0.0,0.1271,0,0,0,0,1.0,0.7009,0.2929,0.5882,-0.5699,96.48,1,0
LJ500_R062_C081,62,81,701750,9532250,2000,500,2022,5,2022-05,41,0.0684,0,0.7378,0.0,0.1938,0,0,0,0,1.0,0.7158,0.2812,0.5818,-0.5959,74.08,1,0
LJ500_R062_C082,62,82,702250,9532250,2500,500,2022,5,2022-05,41,0.0973,0,0.9027,0.0,0.0,0,0,0,0,1.0,0.721,0.3104,0.6084,-0.5985,11.68,1,0
LJ500_R062_C083,62,83,702750,9532250,3000,500,2022,5,2022-05,41,0.0473,0,0.9507,0.0019,0.0,0,0,0,0,1.0,0.7233,0.3028,0.6026,-0.6014,8.64,1,0
LJ500_R062_C084,62,84,703250,9532250,3500,500,2022,5,2022-05,41,0.2757,0,0.7209,0.0034,0.0,0,0,0,0,1.0,0.7069,0.3351,0.6336,-0.6017,57.76,1,0
LJ500_R062_C085,62,85,703750,9532250,4000,500,2022,5,2022-05,41,0.0588,0,0.9412,0.0,0.0,0,0,0,0,1.0,0.583,0.2989,0.5696,-0.4811,42.24,1,0
LJ500_R062_C086,62,86,704250,9532250,4500,500,2022,5,2022-05,41,0.7611,0,0.2389,0.0,0.0,0,0,0,0,1.0,,,,,0.0,1,1
LJ500_R063_C077,63,77,699750,9532750,0,1000,2022,5,2022-05,41,0.0,0,0.1158,0.0,0.8842,0,0,0,0,1.0,0.5935,0.278,0.5269,-0.4995,70.88,1,0
LJ500_R063_C078,63,78,700250,9532750,500,1000,2022,5,2022-05,41,0.0328,0,0.3431,0.0,0.624,0,0,0,0,1.0,0.6725,0.249,0.5259,-0.5679,79.36,1,0
LJ500_R063_C079,63,79,700750,9532750,1000,1000,2022,5,2022-05,41,0.2883,0,0.3768,0.0,0.3349,0,0,0,0,1.0,0.6633,0.2022,0.4644,-0.5713,92.16,1,0
LJ500_R063_C080,63,80,701250,9532750,1500,1000,2022,5,2022-05,41,0.1673,0,0.4746,0.0,0.358,0,0,0,0,1.0,0.7151,0.2006,0.4986,-0.6288,80.16,1,0
LJ500_R063_C081,63,81,701750,9532750,2000,1000,2022,5,2022-05,41,0.0165,0,0.5433,0.0,0.4402,0,0,0,0,1.0,0.7566,0.2623,0.5747,-0.6492,100.0,1,0
LJ500_R063_C082,63,82,702250,9532750,2500,1000,2022,5,2022-05,41,0.6742,0,0.2142,0.0,0.1117,0,0,0,0,1.0,0.7187,0.2888,0.5892,-0.6032,44.8,1,0
LJ500_R063_C083,63,83,702750,9532750,3000,1000,2022,5,2022-05,41,0.2059,0,0.7941,0.0,0.0,0,0,0,0,1.0,0.6729,0.3096,0.5955,-0.5623,50.08,1,0
LJ500_R063_C084,63,84,703250,9532750,3500,1000,2022,5,2022-05,41,0.2973,0,0.7027,0.0,0.0,0,0,0,0,1.0,0.5849,0.3145,0.5864,-0.4894,12.96,1,0
LJ500_R063_C085,63,85,703750,9532750,4000,1000,2022,5,2022-05,41,0.1462,0,0.8538,0.0,0.0,0,0,0,0,1.0,0.5621,0.3167,0.5732,-0.4663,2.4,1,0
LJ500_R063_C086,63,86,704250,9532750,4500,1000,2022,5,2022-05,41,0.3435,0,0.6565,0.0,0.0,0,0,0,0,1.0,0.3873,0.3045,0.5304,-0.2749,0.96,1,0
LJ500_R064_C077,64,77,699750,9533250,0,1500,2022,5,2022-05,41,0.3887,0,0.3116,0.0,0.2997,0,0,0,0,1.0,0.5782,0.2651,0.4904,-0.4901,57.76,1,0
LJ500_R064_C078,64,78,700250,9533250,500,1500,2022,5,2022-05,41,0.5382,0,0.082,0.0,0.3799,0,0,0,0,1.0,0.6932,0.284,0.5519,-0.5803,55.36,1,0
LJ500_R064_C079,64,79,700750,9533250,1000,1500,2022,5,2022-05,41,0.4384,0,0.1474,0.0,0.4142,0,0,0,0,1.0,0.6546,0.1992,0.4868,-0.5789,57.12,1,0
LJ500_R064_C080,64,80,701250,9533250,1500,1500,2022,5,2022-05,41,0.5951,0,0.4049,0.0,0.0,0,0,0,0,1.0,0.7032,0.2295,0.5354,-0.6191,66.56,1,0
LJ500_R064_C081,64,81,701750,9533250,2000,1500,2022,5,2022-05,41,0.5997,0,0.181,0.0,0.2193,0,0,0,0,1.0,0.7679,0.2988,0.6055,-0.6512,48.64,1,0
LJ500_R064_C082,64,82,702250,9533250,2500,1500,2022,5,2022-05,41,0.7276,0,0.2724,0.0,0.0,0,0,0,0,1.0,0.7288,0.2954,0.6109,-0.6201,93.12,1,0
LJ500_R064_C083,64,83,702750,9533250,3000,1500,2022,5,2022-05,41,0.566,0,0.203,0.0,0.231,0,0,0,0,1.0,0.7312,0.3282,0.6339,-0.6331,83.2,1,0
LJ500_R064_C084,64,84,703250,9533250,3500,1500,2022,5,2022-05,41,0.235,0,0.7298,0.0,0.0352,0,0,0,0,1.0,0.6877,0.3238,0.6137,-0.5858,50.08,1,0
LJ500_R064_C085,64,85,703750,9533250,4000,1500,2022,5,2022-05,41,0.5109,0,0.4891,0.0,0.0,0,0,0,0,1.0,0.647,0.351,0.6239,-0.5528,26.56,1,0
LJ500_R064_C086,64,86,704250,9533250,4500,1500,2022,5,2022-05,41,0.748,0,0.252,0.0,0.0,0,0,0,0,1.0,0.646,0.3097,0.6,-0.5525,10.08,1,0
LJ500_R065_C077,65,77,699750,9533750,0,2000,2022,5,2022-05,41,0.312,0,0.4033,0.0,0.2847,0,0,0,0,1.0,0.7007,0.3244,0.5984,-0.5554,28.48,1,0
LJ500_R065_C078,65,78,700250,9533750,500,2000,2022,5,2022-05,41,0.5913,0,0.4071,0.0,0.0016,0,0,0,0,1.0,,,,,0.0,1,1
LJ500_R065_C079,65,79,700750,9533750,1000,2000,2022,5,2022-05,41,0.3219,0,0.6781,0.0,0.0,0,0,0,0,1.0,0.4936,0.1551,0.4291,-0.4244,4.8,1,0
LJ500_R065_C080,65,80,701250,9533750,1500,2000,2022,5,2022-05,41,0.8266,0,0.1734,0.0,0.0,0,0,0,0,1.0,,,,,0.0,1,1
LJ500_R065_C081,65,81,701750,9533750,2000,2000,2022,5,2022-05,41,0.9017,0,0.0983,0.0,0.0,0,0,0,0,1.0,,,,,0.0,1,1
LJ500_R065_C082,65,82,702250,9533750,2500,2000,2022,5,2022-05,41,0.7327,0,0.2673,0.0,0.0,0,0,0,0,1.0,0.784,0.3479,0.6703,-0.6855,9.28,1,0
LJ500_R065_C083,65,83,702750,9533750,3000,2000,2022,5,2022-05,41,0.7802,0,0.1368,0.0,0.083,0,0,0,0,1.0,0.7545,0.3524,0.6595,-0.648,82.08,1,0
LJ500_R065_C084,65,84,703250,9533750,3500,2000,2022,5,2022-05,41,0.3229,0,0.6771,0.0,0.0,0,0,0,0,1.0,0.6901,0.3508,0.6372,-0.5866,26.72,1,0
LJ500_R065_C085,65,85,703750,9533750,4000,2000,2022,5,2022-05,41,0.0167,0,0.9833,0.0,0.0,0,0,0,0,1.0,0.7314,0.4302,0.7225,-0.6046,0.48,1,0
LJ500_R065_C086,65,86,704250,9533750,4500,2000,2022,5,2022-05,41,0.7821,0,0.2179,0.0,0.0,0,0,0,0,1.0,0.6273,0.3294,0.6414,-0.529,0.64,1,0
LJ500_R066_C077,66,77,699750,9534250,0,2500,2022,5,2022-05,41,0.5018,0,0.3517,0.0,0.1465,0,0,0,0,1.0,0.6133,0.2553,0.4881,-0.4988,20.0,1,0
LJ500_R066_C078,66,78,700250,9534250,500,2500,2022,5,2022-05,41,0.1232,0,0.8768,0.0,0.0,0,0,0,0,1.0,0.7453,0.3753,0.6532,-0.6087,2.24,1,0
LJ500_R066_C079,66,79,700750,9534250,1000,2500,2022,5,2022-05,41,0.3332,0,0.6668,0.0,0.0,0,0,0,0,1.0,,,,,0.0,1,1
LJ500_R066_C080,66,80,701250,9534250,1500,2500,2022,5,2022-05,41,0.9149,0,0.0851,0.0,0.0,0,0,0,0,1.0,0.3452,0.2512,0.4363,-0.305,8.96,1,0
LJ500_R066_C081,66,81,701750,9534250,2000,2500,2022,5,2022-05,41,0.7037,0,0.2963,0.0,0.0,0,0,0,0,1.0,0.5036,0.3036,0.5301,-0.4438,13.6,1,0
LJ500_R066_C082,66,82,702250,9534250,2500,2500,2022,5,2022-05,41,0.6772,0,0.3228,0.0,0.0,0,0,0,0,1.0,0.7808,0.3542,0.6612,-0.6696,54.88,1,0
LJ500_R066_C083,66,83,702750,9534250,3000,2500,2022,5,2022-05,41,0.6289,0,0.3711,0.0,0.0,0,0,0,0,1.0,0.7174,0.2899,0.597,-0.6213,5.6,1,0
LJ500_R066_C084,66,84,703250,9534250,3500,2500,2022,5,2022-05,41,0.7305,0,0.2695,0.0,0.0,0,0,0,0,1.0,0.3982,0.3606,0.5367,-0.3387,12.64,1,0
LJ500_R066_C085,66,85,703750,9534250,4000,2500,2022,5,2022-05,41,0.7865,0,0.2135,0.0,0.0,0,0,0,0,1.0,,,,,0.0,1,1
LJ500_R066_C086,66,86,704250,9534250,4500,2500,2022,5,2022-05,41,1.0,0,0.0,0.0,0.0,0,0,0,0,1.0,,,,,0.0,1,1
LJ500_R067_C077,67,77,699750,9534750,0,3000,2022,5,2022-05,41,0.7165,0,0.2835,0.0,0.0,0,0,0,0,1.0,,,,,0.0,1,1
LJ500_R067_C078,67,78,700250,9534750,500,3000,2022,5,2022-05,41,0.8229,0,0.1771,0.0,0.0,0,0,0,0,1.0,,,,,0.0,1,1
LJ500_R067_C079,67,79,700750,9534750,1000,3000,2022,5,2022-05,41,0.9659,0,0.0341,0.0,0.0,0,0,0,0,1.0,,,,,0.0,1,1
LJ500_R067_C080,67,80,701250,9534750,1500,3000,2022,5,2022-05,41,0.8944,0,0.1056,0.0,0.0,0,0,0,0,1.0,0.3547,0.2916,0.4713,-0.3118,10.24,1,0
LJ500_R067_C081,67,81,701750,9534750,2000,3000,2022,5,2022-05,41,0.7989,0,0.1897,0.0,0.0114,0,0,0,0,1.0,0.3884,0.2762,0.4739,-0.3428,30.08,1,0
LJ500_R067_C082,67,82,702250,9534750,2500,3000,2022,5,2022-05,41,1.0,0,0.0,0.0,0.0,0,0,0,0,1.0,0.7265,0.3809,0.6796,-0.6251,22.88,1,0
LJ500_R067_C083,67,83,702750,9534750,3000,3000,2022,5,2022-05,41,1.0,0,0.0,0.0,0.0,0,0,0,0,1.0,0.7059,0.3463,0.6449,-0.605,1.76,1,0
LJ500_R067_C084,67,84,703250,9534750,3500,3000,2022,5,2022-05,41,1.0,0,0.0,0.0,0.0,0,0,0,0,1.0,,,,,0.0,1,1
LJ500_R067_C085,67,85,703750,9534750,4000,3000,2022,5,2022-05,41,1.0,0,0.0,0.0,0.0,0,0,0,0,1.0,,,,,0.0,1,1
LJ500_R067_C086,67,86,704250,9534750,4500,3000,2022,5,2022-05,41,1.0,0,0.0,0.0,0.0,0,0,0,0,1.0,,,,,0.0,1,1
LJ500_R068_C077,68,77,699750,9535250,0,3500,2022,5,2022-05,41,0.065,0,0.935,0.0,0.0,0,0,0,0,1.0,,,,,0.0,1,1
LJ500_R068_C078,68,78,700250,9535250,500,3500,2022,5,2022-05,41,0.7525,0,0.2475,0.0,0.0,0,0,0,0,1.0,,,,,0.0,1,1
LJ500_R068_C079,68,79,700750,9535250,1000,3500,2022,5,2022-05,41,1.0,0,0.0,0.0,0.0,0,0,0,0,1.0,,,,,0.0,1,1
LJ500_R068_C080,68,80,701250,9535250,1500,3500,2022,5,2022-05,41,0.8923,0,0.1077,0.0,0.0,0,0,0,0,1.0,,,,,0.0,1,1
LJ500_R068_C081,68,81,701750,9535250,2000,3500,2022,5,2022-05,41,0.6646,0,0.0767,0.0,0.2586,0,0,0,0,1.0,,,,,0.0,1,1
LJ500_R068_C082,68,82,702250,9535250,2500,3500,2022,5,2022-05,41,0.9399,0,0.0601,0.0,0.0,0,0,0,0,1.0,,,,,0.0,1,1
LJ500_R068_C083,68,83,702750,9535250,3000,3500,2022,5,2022-05,41,1.0,0,0.0,0.0,0.0,0,0,0,0,1.0,,,,,0.0,1,1
LJ500_R068_C084,68,84,703250,9535250,3500,3500,2022,5,2022-05,41,1.0,0,0.0,0.0,0.0,0,0,0,0,1.0,,,,,0.0,1,1
LJ500_R068_C085,68,85,703750,9535250,4000,3500,2022,5,2022-05,41,1.0,0,0.0,0.0,0.0,0,0,0,0,1.0,0.3277,0.3811,0.5329,-0.2788,4.48,1,0
LJ500_R068_C086,68,86,704250,9535250,4500,3500,2022,5,2022-05,41,1.0,0,0.0,0.0,0.0,0,0,0,0,1.0,0.321,0.3784,0.5312,-0.272,22.72,1,0
LJ500_R069_C077,69,77,699750,9535750,0,4000,2022,5,2022-05,41,0.0,0,0.9574,0.0426,0.0,0,0,0,0,1.0,0.4885,0.3279,0.533,-0.3996,10.56,1,0
LJ500_R069_C078,69,78,700250,9535750,500,4000,2022,5,2022-05,41,0.4139,0,0.5115,0.0746,0.0,0,0,0,0,1.0,,,,,0.0,1,1
LJ500_R069_C079,69,79,700750,9535750,1000,4000,2022,5,2022-05,41,0.6432,0,0.3568,0.0,0.0,0,0,0,0,1.0,,,,,0.0,1,1
LJ500_R069_C080,69,80,701250,9535750,1500,4000,2022,5,2022-05,41,0.8514,0,0.1486,0.0,0.0,0,0,0,0,1.0,,,,,0.0,1,1
LJ500_R069_C081,69,81,701750,9535750,2000,4000,2022,5,2022-05,41,1.0,0,0.0,0.0,0.0,0,0,0,0,1.0,,,,,0.0,1,1
LJ500_R069_C082,69,82,702250,9535750,2500,4000,2022,5,2022-05,41,1.0,0,0.0,0.0,0.0,0,0,0,0,1.0,,,,,0.0,1,1
LJ500_R069_C083,69,83,702750,9535750,3000,4000,2022,5,2022-05,41,1.0,0,0.0,0.0,0.0,0,0,0,0,1.0,,,,,0.0,1,1
LJ500_R069_C084,69,84,703250,9535750,3500,4000,2022,5,2022-05,41,1.0,0,0.0,0.0,0.0,0,0,0,0,1.0,,,,,0.0,1,1
LJ500_R069_C085,69,85,703750,9535750,4000,4000,2022,5,2022-05,41,1.0,0,0.0,0.0,0.0,0,0,0,0,1.0,0.2803,0.3514,0.4984,-0.2327,5.76,1,0
LJ500_R069_C086,69,86,704250,9535750,4500,4000,2022,5,2022-05,41,1.0,0,0.0,0.0,0.0,0,0,0,0,1.0,0.2865,0.3667,0.5132,-0.2403,3.68,1,0
LJ500_R070_C077,70,77,699750,9536250,0,4500,2022,5,2022-05,41,0.0,0,0.3423,0.4553,0.2024,0,0,0,0,1.0,,,,,0.0,1,1
LJ500_R070_C078,70,78,700250,9536250,500,4500,2022,5,2022-05,41,0.0,0,0.3908,0.6092,0.0,0,0,0,0,1.0,,,,,0.0,1,1
LJ500_R070_C079,70,79,700750,9536250,1000,4500,2022,5,2022-05,41,0.2082,0,0.7834,0.0084,0.0,0,0,0,0,1.0,,,,,0.0,1,1
LJ500_R070_C080,70,80,701250,9536250,1500,4500,2022,5,2022-05,41,0.2813,0,0.7187,0.0,0.0,0,0,0,0,1.0,,,,,0.0,1,1
LJ500_R070_C081,70,81,701750,9536250,2000,4500,2022,5,2022-05,41,0.9197,0,0.0803,0.0,0.0,0,0,0,0,1.0,,,,,0.0,1,1
LJ500_R070_C082,70,82,702250,9536250,2500,4500,2022,5,2022-05,41,1.0,0,0.0,0.0,0.0,0,0,0,0,1.0,,,,,0.0,1,1
LJ500_R070_C083,70,83,702750,9536250,3000,4500,2022,5,2022-05,41,1.0,0,0.0,0.0,0.0,0,0,0,0,1.0,,,,,0.0,1,1
LJ500_R070_C084,70,84,703250,9536250,3500,4500,2022,5,2022-05,41,0.9943,0,0.0057,0.0,0.0,0,0,0,0,1.0,0.4678,0.3413,0.5935,-0.3964,11.84,1,0
LJ500_R070_C085,70,85,703750,9536250,4000,4500,2022,5,2022-05,41,1.0,0,0.0,0.0,0.0,0,0,0,0,1.0,0.4454,0.3337,0.5836,-0.3873,3.84,1,0
LJ500_R070_C086,70,86,704250,9536250,4500,4500,2022,5,2022-05,41,1.0,0,0.0,0.0,0.0,0,0,0,0,1.0,0.5695,0.4287,0.6867,-0.4897,6.24,1,0
LJ500_R061_C077,61,77,699750,9531750,0,0,2022,6,2022-06,42,0.0,0,1.0,0.0,0.0,0,0,0,0,1.0,0.7901,0.191,0.4987,-0.714,100.0,1,0
LJ500_R061_C078,61,78,700250,9531750,500,0,2022,6,2022-06,42,0.0,0,0.9516,0.0,0.0484,0,0,0,0,1.0,0.7967,0.2134,0.525,-0.7101,100.0,1,0
LJ500_R061_C079,61,79,700750,9531750,1000,0,2022,6,2022-06,42,0.0,0,0.906,0.0,0.094,0,0,0,0,1.0,0.8214,0.2572,0.5728,-0.725,100.0,1,0
LJ500_R061_C080,61,80,701250,9531750,1500,0,2022,6,2022-06,42,0.1714,0,0.8229,0.0,0.0057,0,0,0,0,1.0,0.8046,0.2396,0.5576,-0.7085,100.0,1,0
LJ500_R061_C081,61,81,701750,9531750,2000,0,2022,6,2022-06,42,0.0,0,1.0,0.0,0.0,0,0,0,0,1.0,0.7811,0.224,0.5332,-0.6881,100.0,1,0
LJ500_R061_C082,61,82,702250,9531750,2500,0,2022,6,2022-06,42,0.0618,0,0.9382,0.0,0.0,0,0,0,0,1.0,0.8095,0.25,0.5651,-0.7068,100.0,1,0
LJ500_R061_C083,61,83,702750,9531750,3000,0,2022,6,2022-06,42,0.5343,0,0.3633,0.1024,0.0,0,0,0,0,1.0,0.8356,0.3035,0.6155,-0.7257,100.0,1,0
LJ500_R061_C084,61,84,703250,9531750,3500,0,2022,6,2022-06,42,0.7729,0,0.0,0.2271,0.0,0,0,0,0,1.0,0.8063,0.2659,0.5782,-0.7202,100.0,1,0
LJ500_R061_C085,61,85,703750,9531750,4000,0,2022,6,2022-06,42,0.709,0,0.291,0.0,0.0,0,0,0,0,1.0,0.8395,0.3176,0.6353,-0.7361,100.0,1,0
LJ500_R061_C086,61,86,704250,9531750,4500,0,2022,6,2022-06,42,1.0,0,0.0,0.0,0.0,0,0,0,0,1.0,0.7491,0.2596,0.5667,-0.6459,75.84,1,0
LJ500_R062_C077,62,77,699750,9532250,0,500,2022,6,2022-06,42,0.0,0,0.7197,0.0,0.2803,0,0,0,0,1.0,0.7392,0.2214,0.5064,-0.6587,100.0,1,0
LJ500_R062_C078,62,78,700250,9532250,500,500,2022,6,2022-06,42,0.0,0,0.5947,0.0,0.4053,0,0,0,0,1.0,0.7819,0.2407,0.5415,-0.6882,100.0,1,0
LJ500_R062_C079,62,79,700750,9532250,1000,500,2022,6,2022-06,42,0.0,0,0.771,0.0,0.229,0,0,0,0,1.0,0.7981,0.257,0.5635,-0.6886,100.0,1,0
LJ500_R062_C080,62,80,701250,9532250,1500,500,2022,6,2022-06,42,0.235,0,0.6379,0.0,0.1271,0,0,0,0,1.0,0.7929,0.2389,0.5462,-0.6864,100.0,1,0
LJ500_R062_C081,62,81,701750,9532250,2000,500,2022,6,2022-06,42,0.0684,0,0.7378,0.0,0.1938,0,0,0,0,1.0,0.7907,0.2446,0.5577,-0.6921,100.0,1,0
LJ500_R062_C082,62,82,702250,9532250,2500,500,2022,6,2022-06,42,0.0973,0,0.9027,0.0,0.0,0,0,0,0,1.0,0.8124,0.2632,0.5819,-0.7075,100.0,1,0
LJ500_R062_C083,62,83,702750,9532250,3000,500,2022,6,2022-06,42,0.0473,0,0.9507,0.0019,0.0,0,0,0,0,1.0,0.8188,0.2681,0.5832,-0.708,100.0,1,0
LJ500_R062_C084,62,84,703250,9532250,3500,500,2022,6,2022-06,42,0.2757,0,0.7209,0.0034,0.0,0,0,0,0,1.0,0.8123,0.2845,0.5968,-0.7117,100.0,1,0
LJ500_R062_C085,62,85,703750,9532250,4000,500,2022,6,2022-06,42,0.0588,0,0.9412,0.0,0.0,0,0,0,0,1.0,0.7969,0.2827,0.6009,-0.6866,100.0,1,0
LJ500_R062_C086,62,86,704250,9532250,4500,500,2022,6,2022-06,42,0.7611,0,0.2389,0.0,0.0,0,0,0,0,1.0,0.7715,0.2604,0.5715,-0.6716,100.0,1,0
LJ500_R063_C077,63,77,699750,9532750,0,1000,2022,6,2022-06,42,0.0,0,0.1158,0.0,0.8842,0,0,0,0,1.0,0.7129,0.1888,0.4661,-0.6345,100.0,1,0
LJ500_R063_C078,63,78,700250,9532750,500,1000,2022,6,2022-06,42,0.0328,0,0.3431,0.0,0.624,0,0,0,0,1.0,0.7416,0.2069,0.4966,-0.6555,100.0,1,0
LJ500_R063_C079,63,79,700750,9532750,1000,1000,2022,6,2022-06,42,0.2883,0,0.3768,0.0,0.3349,0,0,0,0,1.0,0.7493,0.1879,0.4739,-0.6635,100.0,1,0
LJ500_R063_C080,63,80,701250,9532750,1500,1000,2022,6,2022-06,42,0.1673,0,0.4746,0.0,0.358,0,0,0,0,1.0,0.747,0.1773,0.4786,-0.6705,100.0,1,0
LJ500_R063_C081,63,81,701750,9532750,2000,1000,2022,6,2022-06,42,0.0165,0,0.5433,0.0,0.4402,0,0,0,0,1.0,0.784,0.2449,0.554,-0.6886,100.0,1,0
LJ500_R063_C082,63,82,702250,9532750,2500,1000,2022,6,2022-06,42,0.6742,0,0.2142,0.0,0.1117,0,0,0,0,1.0,0.8023,0.2652,0.5784,-0.6906,100.0,1,0
LJ500_R063_C083,63,83,702750,9532750,3000,1000,2022,6,2022-06,42,0.2059,0,0.7941,0.0,0.0,0,0,0,0,1.0,0.7831,0.2639,0.5725,-0.6726,100.0,1,0
LJ500_R063_C084,63,84,703250,9532750,3500,1000,2022,6,2022-06,42,0.2973,0,0.7027,0.0,0.0,0,0,0,0,1.0,0.7968,0.2607,0.5809,-0.6913,100.0,1,0
LJ500_R063_C085,63,85,703750,9532750,4000,1000,2022,6,2022-06,42,0.1462,0,0.8538,0.0,0.0,0,0,0,0,1.0,0.7958,0.2893,0.6055,-0.683,100.0,1,0
LJ500_R063_C086,63,86,704250,9532750,4500,1000,2022,6,2022-06,42,0.3435,0,0.6565,0.0,0.0,0,0,0,0,1.0,0.743,0.3007,0.5898,-0.6354,84.64,1,0
LJ500_R064_C077,64,77,699750,9533250,0,1500,2022,6,2022-06,42,0.3887,0,0.3116,0.0,0.2997,0,0,0,0,1.0,0.7737,0.2665,0.5588,-0.6762,87.04,1,0
LJ500_R064_C078,64,78,700250,9533250,500,1500,2022,6,2022-06,42,0.5382,0,0.082,0.0,0.3799,0,0,0,0,1.0,0.7611,0.286,0.5816,-0.6587,79.84,1,0
LJ500_R064_C079,64,79,700750,9533250,1000,1500,2022,6,2022-06,42,0.4384,0,0.1474,0.0,0.4142,0,0,0,0,1.0,0.722,0.167,0.4618,-0.6524,99.68,1,0
LJ500_R064_C080,64,80,701250,9533250,1500,1500,2022,6,2022-06,42,0.5951,0,0.4049,0.0,0.0,0,0,0,0,1.0,0.7933,0.2376,0.5526,-0.7043,100.0,1,0
LJ500_R064_C081,64,81,701750,9533250,2000,1500,2022,6,2022-06,42,0.5997,0,0.181,0.0,0.2193,0,0,0,0,1.0,0.8194,0.2803,0.5941,-0.7141,100.0,1,0
LJ500_R064_C082,64,82,702250,9533250,2500,1500,2022,6,2022-06,42,0.7276,0,0.2724,0.0,0.0,0,0,0,0,1.0,0.7955,0.2755,0.5884,-0.6881,100.0,1,0
LJ500_R064_C083,64,83,702750,9533250,3000,1500,2022,6,2022-06,42,0.566,0,0.203,0.0,0.231,0,0,0,0,1.0,0.8407,0.3104,0.6328,-0.7435,100.0,1,0
LJ500_R064_C084,64,84,703250,9533250,3500,1500,2022,6,2022-06,42,0.235,0,0.7298,0.0,0.0352,0,0,0,0,1.0,0.841,0.3111,0.6313,-0.7362,100.0,1,0
LJ500_R064_C085,64,85,703750,9533250,4000,1500,2022,6,2022-06,42,0.5109,0,0.4891,0.0,0.0,0,0,0,0,1.0,0.8145,0.336,0.6508,-0.7054,100.0,1,0
LJ500_R064_C086,64,86,704250,9533250,4500,1500,2022,6,2022-06,42,0.748,0,0.252,0.0,0.0,0,0,0,0,1.0,0.6905,0.2726,0.5645,-0.5907,85.92,1,0
LJ500_R065_C077,65,77,699750,9533750,0,2000,2022,6,2022-06,42,0.312,0,0.4033,0.0,0.2847,0,0,0,0,1.0,0.7137,0.2723,0.5433,-0.6198,25.12,1,0
LJ500_R065_C078,65,78,700250,9533750,500,2000,2022,6,2022-06,42,0.5913,0,0.4071,0.0,0.0016,0,0,0,0,1.0,0.3577,0.1487,0.2875,-0.3212,7.84,1,0
LJ500_R065_C079,65,79,700750,9533750,1000,2000,2022,6,2022-06,42,0.3219,0,0.6781,0.0,0.0,0,0,0,0,1.0,0.6516,0.2292,0.5016,-0.5733,25.76,1,0
LJ500_R065_C080,65,80,701250,9533750,1500,2000,2022,6,2022-06,42,0.8266,0,0.1734,0.0,0.0,0,0,0,0,1.0,0.794,0.3253,0.6302,-0.6898,74.72,1,0
LJ500_R065_C081,65,81,701750,9533750,2000,2000,2022,6,2022-06,42,0.9017,0,0.0983,0.0,0.0,0,0,0,0,1.0,0.7992,0.2817,0.5902,-0.6987,100.0,1,0
LJ500_R065_C082,65,82,702250,9533750,2500,2000,2022,6,2022-06,42,0.7327,0,0.2673,0.0,0.0,0,0,0,0,1.0,0.7965,0.2687,0.5878,-0.7114,100.0,1,0
LJ500_R065_C083,65,83,702750,9533750,3000,2000,2022,6,2022-06,42,0.7802,0,0.1368,0.0,0.083,0,0,0,0,1.0,0.8541,0.3174,0.64,-0.7513,100.0,1,0
LJ500_R065_C084,65,84,703250,9533750,3500,2000,2022,6,2022-06,42,0.3229,0,0.6771,0.0,0.0,0,0,0,0,1.0,0.8273,0.3105,0.6279,-0.7225,100.0,1,0
LJ500_R065_C085,65,85,703750,9533750,4000,2000,2022,6,2022-06,42,0.0167,0,0.9833,0.0,0.0,0,0,0,0,1.0,0.7293,0.2264,0.5348,-0.647,95.52,1,0
LJ500_R065_C086,65,86,704250,9533750,4500,2000,2022,6,2022-06,42,0.7821,0,0.2179,0.0,0.0,0,0,0,0,1.0,0.8008,0.3093,0.6161,-0.711,43.84,1,0
LJ500_R066_C077,66,77,699750,9534250,0,2500,2022,6,2022-06,42,0.5018,0,0.3517,0.0,0.1465,0,0,0,0,1.0,0.7426,0.2628,0.5296,-0.6433,28.16,1,0
LJ500_R066_C078,66,78,700250,9534250,500,2500,2022,6,2022-06,42,0.1232,0,0.8768,0.0,0.0,0,0,0,0,1.0,,,,,0.0,1,1
LJ500_R066_C079,66,79,700750,9534250,1000,2500,2022,6,2022-06,42,0.3332,0,0.6668,0.0,0.0,0,0,0,0,1.0,0.5686,0.1667,0.3956,-0.5321,6.08,1,0
LJ500_R066_C080,66,80,701250,9534250,1500,2500,2022,6,2022-06,42,0.9149,0,0.0851,0.0,0.0,0,0,0,0,1.0,0.5332,0.1887,0.3986,-0.4866,24.8,1,0
LJ500_R066_C081,66,81,701750,9534250,2000,2500,2022,6,2022-06,42,0.7037,0,0.2963,0.0,0.0,0,0,0,0,1.0,0.6682,0.2379,0.5131,-0.5991,74.56,1,0
LJ500_R066_C082,66,82,702250,9534250,2500,2500,2022,6,2022-06,42,0.6772,0,0.3228,0.0,0.0,0,0,0,0,1.0,0.7889,0.2857,0.5862,-0.6934,100.0,1,0
LJ500_R066_C083,66,83,702750,9534250,3000,2500,2022,6,2022-06,42,0.6289,0,0.3711,0.0,0.0,0,0,0,0,1.0,0.812,0.2821,0.5934,-0.7022,100.0,1,0
LJ500_R066_C084,66,84,703250,9534250,3500,2500,2022,6,2022-06,42,0.7305,0,0.2695,0.0,0.0,0,0,0,0,1.0,0.7522,0.2542,0.5563,-0.6472,100.0,1,0
LJ500_R066_C085,66,85,703750,9534250,4000,2500,2022,6,2022-06,42,0.7865,0,0.2135,0.0,0.0,0,0,0,0,1.0,0.7754,0.2828,0.5844,-0.6829,100.0,1,0
LJ500_R066_C086,66,86,704250,9534250,4500,2500,2022,6,2022-06,42,1.0,0,0.0,0.0,0.0,0,0,0,0,1.0,0.7782,0.3241,0.6139,-0.6806,85.6,1,0
LJ500_R067_C077,67,77,699750,9534750,0,3000,2022,6,2022-06,42,0.7165,0,0.2835,0.0,0.0,0,0,0,0,1.0,0.7746,0.2449,0.5371,-0.678,94.4,1,0
LJ500_R067_C078,67,78,700250,9534750,500,3000,2022,6,2022-06,42,0.8229,0,0.1771,0.0,0.0,0,0,0,0,1.0,0.6231,0.1634,0.4145,-0.5515,5.28,1,0
LJ500_R067_C079,67,79,700750,9534750,1000,3000,2022,6,2022-06,42,0.9659,0,0.0341,0.0,0.0,0,0,0,0,1.0,,,,,0.0,1,1
LJ500_R067_C080,67,80,701250,9534750,1500,3000,2022,6,2022-06,42,0.8944,0,0.1056,0.0,0.0,0,0,0,0,1.0,0.6635,0.2073,0.4689,-0.6041,61.12,1,0
LJ500_R067_C081,67,81,701750,9534750,2000,3000,2022,6,2022-06,42,0.7989,0,0.1897,0.0,0.0114,0,0,0,0,1.0,0.6835,0.2488,0.522,-0.6173,71.68,1,0
LJ500_R067_C082,67,82,702250,9534750,2500,3000,2022,6,2022-06,42,1.0,0,0.0,0.0,0.0,0,0,0,0,1.0,0.6802,0.2765,0.5329,-0.6042,100.0,1,0
LJ500_R067_C083,67,83,702750,9534750,3000,3000,2022,6,2022-06,42,1.0,0,0.0,0.0,0.0,0,0,0,0,1.0,0.7127,0.284,0.5546,-0.6222,100.0,1,0
LJ500_R067_C084,67,84,703250,9534750,3500,3000,2022,6,2022-06,42,1.0,0,0.0,0.0,0.0,0,0,0,0,1.0,0.7341,0.287,0.5715,-0.6465,100.0,1,0
LJ500_R067_C085,67,85,703750,9534750,4000,3000,2022,6,2022-06,42,1.0,0,0.0,0.0,0.0,0,0,0,0,1.0,0.7734,0.3217,0.6125,-0.6804,100.0,1,0
LJ500_R067_C086,67,86,704250,9534750,4500,3000,2022,6,2022-06,42,1.0,0,0.0,0.0,0.0,0,0,0,0,1.0,0.7842,0.3373,0.6229,-0.6901,17.44,1,0
LJ500_R068_C077,68,77,699750,9535250,0,3500,2022,6,2022-06,42,0.065,0,0.935,0.0,0.0,0,0,0,0,1.0,0.7797,0.2071,0.5113,-0.6843,100.0,1,0
LJ500_R068_C078,68,78,700250,9535250,500,3500,2022,6,2022-06,42,0.7525,0,0.2475,0.0,0.0,0,0,0,0,1.0,0.7723,0.2386,0.5326,-0.665,80.32,1,0
LJ500_R068_C079,68,79,700750,9535250,1000,3500,2022,6,2022-06,42,1.0,0,0.0,0.0,0.0,0,0,0,0,1.0,0.767,0.2412,0.5318,-0.6692,54.88,1,0
LJ500_R068_C080,68,80,701250,9535250,1500,3500,2022,6,2022-06,42,0.8923,0,0.1077,0.0,0.0,0,0,0,0,1.0,0.72,0.2477,0.5255,-0.6555,94.72,1,0
LJ500_R068_C081,68,81,701750,9535250,2000,3500,2022,6,2022-06,42,0.6646,0,0.0767,0.0,0.2586,0,0,0,0,1.0,0.6943,0.2088,0.4895,-0.6443,84.8,1,0
LJ500_R068_C082,68,82,702250,9535250,2500,3500,2022,6,2022-06,42,0.9399,0,0.0601,0.0,0.0,0,0,0,0,1.0,0.7365,0.338,0.6081,-0.6544,100.0,1,0
LJ500_R068_C083,68,83,702750,9535250,3000,3500,2022,6,2022-06,42,1.0,0,0.0,0.0,0.0,0,0,0,0,1.0,0.7526,0.3607,0.6336,-0.6646,100.0,1,0
LJ500_R068_C084,68,84,703250,9535250,3500,3500,2022,6,2022-06,42,1.0,0,0.0,0.0,0.0,0,0,0,0,1.0,0.7489,0.3514,0.6275,-0.6591,100.0,1,0
LJ500_R068_C085,68,85,703750,9535250,4000,3500,2022,6,2022-06,42,1.0,0,0.0,0.0,0.0,0,0,0,0,1.0,0.7594,0.371,0.6455,-0.6717,100.0,1,0
LJ500_R068_C086,68,86,704250,9535250,4500,3500,2022,6,2022-06,42,1.0,0,0.0,0.0,0.0,0,0,0,0,1.0,0.6953,0.355,0.6234,-0.6019,86.08,1,0
LJ500_R069_C077,69,77,699750,9535750,0,4000,2022,6,2022-06,42,0.0,0,0.9574,0.0426,0.0,0,0,0,0,1.0,0.79,0.2342,0.5436,-0.6833,98.08,1,0
LJ500_R069_C078,69,78,700250,9535750,500,4000,2022,6,2022-06,42,0.4139,0,0.5115,0.0746,0.0,0,0,0,0,1.0,0.833,0.3027,0.6091,-0.7096,100.0,1,0
LJ500_R069_C079,69,79,700750,9535750,1000,4000,2022,6,2022-06,42,0.6432,0,0.3568,0.0,0.0,0,0,0,0,1.0,0.7318,0.1968,0.4888,-0.6472,100.0,1,0
LJ500_R069_C080,69,80,701250,9535750,1500,4000,2022,6,2022-06,42,0.8514,0,0.1486,0.0,0.0,0,0,0,0,1.0,0.756,0.2371,0.5265,-0.678,100.0,1,0
LJ500_R069_C081,69,81,701750,9535750,2000,4000,2022,6,2022-06,42,1.0,0,0.0,0.0,0.0,0,0,0,0,1.0,0.8158,0.3293,0.6282,-0.725,100.0,1,0
LJ500_R069_C082,69,82,702250,9535750,2500,4000,2022,6,2022-06,42,1.0,0,0.0,0.0,0.0,0,0,0,0,1.0,0.781,0.3352,0.6213,-0.685,100.0,1,0
LJ500_R069_C083,69,83,702750,9535750,3000,4000,2022,6,2022-06,42,1.0,0,0.0,0.0,0.0,0,0,0,0,1.0,0.7725,0.3539,0.6363,-0.6865,100.0,1,0
LJ500_R069_C084,69,84,703250,9535750,3500,4000,2022,6,2022-06,42,1.0,0,0.0,0.0,0.0,0,0,0,0,1.0,0.7501,0.3264,0.6057,-0.6831,100.0,1,0
LJ500_R069_C085,69,85,703750,9535750,4000,4000,2022,6,2022-06,42,1.0,0,0.0,0.0,0.0,0,0,0,0,1.0,0.7479,0.3197,0.6092,-0.6705,99.2,1,0
LJ500_R069_C086,69,86,704250,9535750,4500,4000,2022,6,2022-06,42,1.0,0,0.0,0.0,0.0,0,0,0,0,1.0,0.7244,0.2904,0.5823,-0.6494,98.56,1,0
LJ500_R070_C077,70,77,699750,9536250,0,4500,2022,6,2022-06,42,0.0,0,0.3423,0.4553,0.2024,0,0,0,0,1.0,0.786,0.2053,0.5103,-0.7117,31.04,1,0
LJ500_R070_C078,70,78,700250,9536250,500,4500,2022,6,2022-06,42,0.0,0,0.3908,0.6092,0.0,0,0,0,0,1.0,0.7701,0.2044,0.5107,-0.6987,100.0,1,0
LJ500_R070_C079,70,79,700750,9536250,1000,4500,2022,6,2022-06,42,0.2082,0,0.7834,0.0084,0.0,0,0,0,0,1.0,0.7895,0.2455,0.5498,-0.6853,100.0,1,0
LJ500_R070_C080,70,80,701250,9536250,1500,4500,2022,6,2022-06,42,0.2813,0,0.7187,0.0,0.0,0,0,0,0,1.0,0.8012,0.2588,0.5649,-0.6886,98.56,1,0
LJ500_R070_C081,70,81,701750,9536250,2000,4500,2022,6,2022-06,42,0.9197,0,0.0803,0.0,0.0,0,0,0,0,1.0,0.8098,0.2929,0.5997,-0.7049,78.08,1,0
LJ500_R070_C082,70,82,702250,9536250,2500,4500,2022,6,2022-06,42,1.0,0,0.0,0.0,0.0,0,0,0,0,1.0,0.7568,0.2678,0.5626,-0.6664,96.0,1,0
LJ500_R070_C083,70,83,702750,9536250,3000,4500,2022,6,2022-06,42,1.0,0,0.0,0.0,0.0,0,0,0,0,1.0,0.7839,0.3075,0.6016,-0.6989,74.08,1,0
LJ500_R070_C084,70,84,703250,9536250,3500,4500,2022,6,2022-06,42,0.9943,0,0.0057,0.0,0.0,0,0,0,0,1.0,0.7618,0.3121,0.5997,-0.6865,80.48,1,0
LJ500_R070_C085,70,85,703750,9536250,4000,4500,2022,6,2022-06,42,1.0,0,0.0,0.0,0.0,0,0,0,0,1.0,0.7533,0.3241,0.6072,-0.69,47.84,1,0
LJ500_R070_C086,70,86,704250,9536250,4500,4500,2022,6,2022-06,42,1.0,0,0.0,0.0,0.0,0,0,0,0,1.0,0.796,0.3825,0.6644,-0.7179,57.76,1,0
LJ500_R061_C077,61,77,699750,9531750,0,0,2022,7,2022-07,43,0.0,0,1.0,0.0,0.0,0,0,0,0,1.0,0.774,0.1369,0.424,-0.711,100.0,1,0
LJ500_R061_C078,61,78,700250,9531750,500,0,2022,7,2022-07,43,0.0,0,0.9516,0.0,0.0484,0,0,0,0,1.0,0.7838,0.1638,0.4574,-0.7127,100.0,1,0
LJ500_R061_C079,61,79,700750,9531750,1000,0,2022,7,2022-07,43,0.0,0,0.906,0.0,0.094,0,0,0,0,1.0,0.8218,0.2226,0.5262,-0.7365,100.0,1,0
LJ500_R061_C080,61,80,701250,9531750,1500,0,2022,7,2022-07,43,0.1714,0,0.8229,0.0,0.0057,0,0,0,0,1.0,0.8002,0.2073,0.5121,-0.7168,100.0,1,0
LJ500_R061_C081,61,81,701750,9531750,2000,0,2022,7,2022-07,43,0.0,0,1.0,0.0,0.0,0,0,0,0,1.0,0.79,0.2062,0.5065,-0.7063,100.0,1,0
LJ500_R061_C082,61,82,702250,9531750,2500,0,2022,7,2022-07,43,0.0618,0,0.9382,0.0,0.0,0,0,0,0,1.0,0.8219,0.2389,0.5478,-0.7305,100.0,1,0
LJ500_R061_C083,61,83,702750,9531750,3000,0,2022,7,2022-07,43,0.5343,0,0.3633,0.1024,0.0,0,0,0,0,1.0,0.8596,0.2974,0.6066,-0.7609,100.0,1,0
LJ500_R061_C084,61,84,703250,9531750,3500,0,2022,7,2022-07,43,0.7729,0,0.0,0.2271,0.0,0,0,0,0,1.0,0.8412,0.2713,0.579,-0.7627,100.0,1,0
LJ500_R061_C085,61,85,703750,9531750,4000,0,2022,7,2022-07,43,0.709,0,0.291,0.0,0.0,0,0,0,0,1.0,0.8679,0.3109,0.6251,-0.7766,100.0,1,0
LJ500_R061_C086,61,86,704250,9531750,4500,0,2022,7,2022-07,43,1.0,0,0.0,0.0,0.0,0,0,0,0,1.0,0.8213,0.2629,0.5682,-0.7353,100.0,1,0
LJ500_R062_C077,62,77,699750,9532250,0,500,2022,7,2022-07,43,0.0,0,0.7197,0.0,0.2803,0,0,0,0,1.0,0.7685,0.166,0.4505,-0.7074,100.0,1,0
LJ500_R062_C078,62,78,700250,9532250,500,500,2022,7,2022-07,43,0.0,0,0.5947,0.0,0.4053,0,0,0,0,1.0,0.7895,0.2063,0.4981,-0.7124,100.0,1,0
LJ500_R062_C079,62,79,700750,9532250,1000,500,2022,7,2022-07,43,0.0,0,0.771,0.0,0.229,0,0,0,0,1.0,0.8106,0.2267,0.5255,-0.7147,100.0,1,0
LJ500_R062_C080,62,80,701250,9532250,1500,500,2022,7,2022-07,43,0.235,0,0.6379,0.0,0.1271,0,0,0,0,1.0,0.8061,0.2062,0.5053,-0.7165,100.0,1,0
LJ500_R062_C081,62,81,701750,9532250,2000,500,2022,7,2022-07,43,0.0684,0,0.7378,0.0,0.1938,0,0,0,0,1.0,0.8212,0.2252,0.5361,-0.732,100.0,1,0
LJ500_R062_C082,62,82,702250,9532250,2500,500,2022,7,2022-07,43,0.0973,0,0.9027,0.0,0.0,0,0,0,0,1.0,0.8276,0.2477,0.5599,-0.7343,100.0,1,0
LJ500_R062_C083,62,83,702750,9532250,3000,500,2022,7,2022-07,43,0.0473,0,0.9507,0.0019,0.0,0,0,0,0,1.0,0.8397,0.264,0.5724,-0.7369,100.0,1,0
LJ500_R062_C084,62,84,703250,9532250,3500,500,2022,7,2022-07,43,0.2757,0,0.7209,0.0034,0.0,0,0,0,0,1.0,0.8593,0.2897,0.6034,-0.7599,100.0,1,0
LJ500_R062_C085,62,85,703750,9532250,4000,500,2022,7,2022-07,43,0.0588,0,0.9412,0.0,0.0,0,0,0,0,1.0,0.8582,0.2766,0.5929,-0.7624,100.0,1,0
LJ500_R062_C086,62,86,704250,9532250,4500,500,2022,7,2022-07,43,0.7611,0,0.2389,0.0,0.0,0,0,0,0,1.0,0.8359,0.2597,0.5705,-0.7497,100.0,1,0
LJ500_R063_C077,63,77,699750,9532750,0,1000,2022,7,2022-07,43,0.0,0,0.1158,0.0,0.8842,0,0,0,0,1.0,0.721,0.139,0.41,-0.6655,100.0,1,0
LJ500_R063_C078,63,78,700250,9532750,500,1000,2022,7,2022-07,43,0.0328,0,0.3431,0.0,0.624,0,0,0,0,1.0,0.7684,0.1834,0.468,-0.696,100.0,1,0
LJ500_R063_C079,63,79,700750,9532750,1000,1000,2022,7,2022-07,43,0.2883,0,0.3768,0.0,0.3349,0,0,0,0,1.0,0.7712,0.174,0.4514,-0.6992,100.0,1,0
LJ500_R063_C080,63,80,701250,9532750,1500,1000,2022,7,2022-07,43,0.1673,0,0.4746,0.0,0.358,0,0,0,0,1.0,0.7598,0.1524,0.4395,-0.7033,100.0,1,0
LJ500_R063_C081,63,81,701750,9532750,2000,1000,2022,7,2022-07,43,0.0165,0,0.5433,0.0,0.4402,0,0,0,0,1.0,0.824,0.2468,0.5551,-0.7314,100.0,1,0
LJ500_R063_C082,63,82,702250,9532750,2500,1000,2022,7,2022-07,43,0.6742,0,0.2142,0.0,0.1117,0,0,0,0,1.0,0.8358,0.2525,0.5623,-0.7349,100.0,1,0
LJ500_R063_C083,63,83,702750,9532750,3000,1000,2022,7,2022-07,43,0.2059,0,0.7941,0.0,0.0,0,0,0,0,1.0,0.8371,0.2549,0.5606,-0.7394,100.0,1,0
LJ500_R063_C084,63,84,703250,9532750,3500,1000,2022,7,2022-07,43,0.2973,0,0.7027,0.0,0.0,0,0,0,0,1.0,0.8525,0.2536,0.5708,-0.7611,100.0,1,0
LJ500_R063_C085,63,85,703750,9532750,4000,1000,2022,7,2022-07,43,0.1462,0,0.8538,0.0,0.0,0,0,0,0,1.0,0.8507,0.2789,0.5914,-0.7551,100.0,1,0
LJ500_R063_C086,63,86,704250,9532750,4500,1000,2022,7,2022-07,43,0.3435,0,0.6565,0.0,0.0,0,0,0,0,1.0,0.8678,0.303,0.6153,-0.7692,100.0,1,0
LJ500_R064_C077,64,77,699750,9533250,0,1500,2022,7,2022-07,43,0.3887,0,0.3116,0.0,0.2997,0,0,0,0,1.0,0.8196,0.2305,0.5298,-0.7324,100.0,1,0
LJ500_R064_C078,64,78,700250,9533250,500,1500,2022,7,2022-07,43,0.5382,0,0.082,0.0,0.3799,0,0,0,0,1.0,0.8111,0.2602,0.5595,-0.7232,100.0,1,0
LJ500_R064_C079,64,79,700750,9533250,1000,1500,2022,7,2022-07,43,0.4384,0,0.1474,0.0,0.4142,0,0,0,0,1.0,0.7643,0.1594,0.4494,-0.7049,100.0,1,0
LJ500_R064_C080,64,80,701250,9533250,1500,1500,2022,7,2022-07,43,0.5951,0,0.4049,0.0,0.0,0,0,0,0,1.0,0.8193,0.2291,0.5365,-0.7426,100.0,1,0
LJ500_R064_C081,64,81,701750,9533250,2000,1500,2022,7,2022-07,43,0.5997,0,0.181,0.0,0.2193,0,0,0,0,1.0,0.8549,0.2715,0.5829,-0.7608,100.0,1,0
LJ500_R064_C082,64,82,702250,9533250,2500,1500,2022,7,2022-07,43,0.7276,0,0.2724,0.0,0.0,0,0,0,0,1.0,0.8384,0.2684,0.5782,-0.7448,100.0,1,0
LJ500_R064_C083,64,83,702750,9533250,3000,1500,2022,7,2022-07,43,0.566,0,0.203,0.0,0.231,0,0,0,0,1.0,0.8657,0.3045,0.6223,-0.7774,100.0,1,0
LJ500_R064_C084,64,84,703250,9533250,3500,1500,2022,7,2022-07,43,0.235,0,0.7298,0.0,0.0352,0,0,0,0,1.0,0.8756,0.3012,0.6189,-0.7839,100.0,1,0
LJ500_R064_C085,64,85,703750,9533250,4000,1500,2022,7,2022-07,43,0.5109,0,0.4891,0.0,0.0,0,0,0,0,1.0,0.8663,0.299,0.6155,-0.7753,100.0,1,0
LJ500_R064_C086,64,86,704250,9533250,4500,1500,2022,7,2022-07,43,0.748,0,0.252,0.0,0.0,0,0,0,0,1.0,0.8224,0.2468,0.5547,-0.7428,100.0,1,0
LJ500_R065_C077,65,77,699750,9533750,0,2000,2022,7,2022-07,43,0.312,0,0.4033,0.0,0.2847,0,0,0,0,1.0,0.8429,0.2701,0.5696,-0.741,100.0,1,0
LJ500_R065_C078,65,78,700250,9533750,500,2000,2022,7,2022-07,43,0.5913,0,0.4071,0.0,0.0016,0,0,0,0,1.0,0.7953,0.2364,0.5251,-0.7146,100.0,1,0
LJ500_R065_C079,65,79,700750,9533750,1000,2000,2022,7,2022-07,43,0.3219,0,0.6781,0.0,0.0,0,0,0,0,1.0,0.7401,0.1654,0.4451,-0.6867,100.0,1,0
LJ500_R065_C080,65,80,701250,9533750,1500,2000,2022,7,2022-07,43,0.8266,0,0.1734,0.0,0.0,0,0,0,0,1.0,0.8705,0.2937,0.6108,-0.7801,100.0,1,0
LJ500_R065_C081,65,81,701750,9533750,2000,2000,2022,7,2022-07,43,0.9017,0,0.0983,0.0,0.0,0,0,0,0,1.0,0.8448,0.2694,0.5779,-0.7546,100.0,1,0
LJ500_R065_C082,65,82,702250,9533750,2500,2000,2022,7,2022-07,43,0.7327,0,0.2673,0.0,0.0,0,0,0,0,1.0,0.8285,0.2593,0.5761,-0.7511,100.0,1,0
LJ500_R065_C083,65,83,702750,9533750,3000,2000,2022,7,2022-07,43,0.7802,0,0.1368,0.0,0.083,0,0,0,0,1.0,0.8744,0.3096,0.6278,-0.7785,100.0,1,0
LJ500_R065_C084,65,84,703250,9533750,3500,2000,2022,7,2022-07,43,0.3229,0,0.6771,0.0,0.0,0,0,0,0,1.0,0.869,0.2989,0.6156,-0.7768,100.0,1,0
LJ500_R065_C085,65,85,703750,9533750,4000,2000,2022,7,2022-07,43,0.0167,0,0.9833,0.0,0.0,0,0,0,0,1.0,0.7824,0.2003,0.504,-0.7182,100.0,1,0
LJ500_R065_C086,65,86,704250,9533750,4500,2000,2022,7,2022-07,43,0.7821,0,0.2179,0.0,0.0,0,0,0,0,1.0,0.8441,0.2987,0.6056,-0.7652,100.0,1,0
LJ500_R066_C077,66,77,699750,9534250,0,2500,2022,7,2022-07,43,0.5018,0,0.3517,0.0,0.1465,0,0,0,0,1.0,0.8384,0.2691,0.5704,-0.7376,100.0,1,0
LJ500_R066_C078,66,78,700250,9534250,500,2500,2022,7,2022-07,43,0.1232,0,0.8768,0.0,0.0,0,0,0,0,1.0,0.7438,0.1821,0.4589,-0.6853,100.0,1,0
LJ500_R066_C079,66,79,700750,9534250,1000,2500,2022,7,2022-07,43,0.3332,0,0.6668,0.0,0.0,0,0,0,0,1.0,0.7015,0.1442,0.4083,-0.6713,100.0,1,0
LJ500_R066_C080,66,80,701250,9534250,1500,2500,2022,7,2022-07,43,0.9149,0,0.0851,0.0,0.0,0,0,0,0,1.0,0.8222,0.28,0.5782,-0.7462,100.0,1,0
LJ500_R066_C081,66,81,701750,9534250,2000,2500,2022,7,2022-07,43,0.7037,0,0.2963,0.0,0.0,0,0,0,0,1.0,0.7906,0.2501,0.5462,-0.7228,100.0,1,0
LJ500_R066_C082,66,82,702250,9534250,2500,2500,2022,7,2022-07,43,0.6772,0,0.3228,0.0,0.0,0,0,0,0,1.0,0.8422,0.293,0.5983,-0.7519,100.0,1,0
LJ500_R066_C083,66,83,702750,9534250,3000,2500,2022,7,2022-07,43,0.6289,0,0.3711,0.0,0.0,0,0,0,0,1.0,0.8556,0.2808,0.5883,-0.7606,100.0,1,0
LJ500_R066_C084,66,84,703250,9534250,3500,2500,2022,7,2022-07,43,0.7305,0,0.2695,0.0,0.0,0,0,0,0,1.0,0.8149,0.2505,0.5512,-0.7278,100.0,1,0
LJ500_R066_C085,66,85,703750,9534250,4000,2500,2022,7,2022-07,43,0.7865,0,0.2135,0.0,0.0,0,0,0,0,1.0,0.8223,0.2851,0.585,-0.742,100.0,1,0
LJ500_R066_C086,66,86,704250,9534250,4500,2500,2022,7,2022-07,43,1.0,0,0.0,0.0,0.0,0,0,0,0,1.0,0.8393,0.3192,0.616,-0.753,100.0,1,0
LJ500_R067_C077,67,77,699750,9534750,0,3000,2022,7,2022-07,43,0.7165,0,0.2835,0.0,0.0,0,0,0,0,1.0,0.8142,0.2411,0.5345,-0.7273,100.0,1,0
LJ500_R067_C078,67,78,700250,9534750,500,3000,2022,7,2022-07,43,0.8229,0,0.1771,0.0,0.0,0,0,0,0,1.0,0.758,0.1888,0.4741,-0.6917,100.0,1,0
LJ500_R067_C079,67,79,700750,9534750,1000,3000,2022,7,2022-07,43,0.9659,0,0.0341,0.0,0.0,0,0,0,0,1.0,0.7829,0.2265,0.5087,-0.7187,100.0,1,0
LJ500_R067_C080,67,80,701250,9534750,1500,3000,2022,7,2022-07,43,0.8944,0,0.1056,0.0,0.0,0,0,0,0,1.0,0.7878,0.2619,0.5432,-0.722,100.0,1,0
LJ500_R067_C081,67,81,701750,9534750,2000,3000,2022,7,2022-07,43,0.7989,0,0.1897,0.0,0.0114,0,0,0,0,1.0,0.7809,0.2676,0.5497,-0.7215,100.0,1,0
LJ500_R067_C082,67,82,702250,9534750,2500,3000,2022,7,2022-07,43,1.0,0,0.0,0.0,0.0,0,0,0,0,1.0,0.8282,0.311,0.606,-0.7487,100.0,1,0
LJ500_R067_C083,67,83,702750,9534750,3000,3000,2022,7,2022-07,43,1.0,0,0.0,0.0,0.0,0,0,0,0,1.0,0.8222,0.3038,0.594,-0.7399,100.0,1,0
LJ500_R067_C084,67,84,703250,9534750,3500,3000,2022,7,2022-07,43,1.0,0,0.0,0.0,0.0,0,0,0,0,1.0,0.7968,0.2907,0.5726,-0.7246,100.0,1,0
LJ500_R067_C085,67,85,703750,9534750,4000,3000,2022,7,2022-07,43,1.0,0,0.0,0.0,0.0,0,0,0,0,1.0,0.8295,0.3223,0.6116,-0.7506,100.0,1,0
LJ500_R067_C086,67,86,704250,9534750,4500,3000,2022,7,2022-07,43,1.0,0,0.0,0.0,0.0,0,0,0,0,1.0,0.8222,0.327,0.6104,-0.7448,100.0,1,0
LJ500_R068_C077,68,77,699750,9535250,0,3500,2022,7,2022-07,43,0.065,0,0.935,0.0,0.0,0,0,0,0,1.0,0.7849,0.1906,0.4855,-0.7053,100.0,1,0
LJ500_R068_C078,68,78,700250,9535250,500,3500,2022,7,2022-07,43,0.7525,0,0.2475,0.0,0.0,0,0,0,0,1.0,0.7919,0.232,0.5234,-0.6941,100.0,1,0
LJ500_R068_C079,68,79,700750,9535250,1000,3500,2022,7,2022-07,43,1.0,0,0.0,0.0,0.0,0,0,0,0,1.0,0.8013,0.2479,0.5386,-0.7167,100.0,1,0
LJ500_R068_C080,68,80,701250,9535250,1500,3500,2022,7,2022-07,43,0.8923,0,0.1077,0.0,0.0,0,0,0,0,1.0,0.7763,0.2612,0.5402,-0.7166,100.0,1,0
LJ500_R068_C081,68,81,701750,9535250,2000,3500,2022,7,2022-07,43,0.6646,0,0.0767,0.0,0.2586,0,0,0,0,1.0,0.7183,0.1875,0.4616,-0.6862,100.0,1,0
LJ500_R068_C082,68,82,702250,9535250,2500,3500,2022,7,2022-07,43,0.9399,0,0.0601,0.0,0.0,0,0,0,0,1.0,0.8233,0.348,0.6289,-0.7527,100.0,1,0
LJ500_R068_C083,68,83,702750,9535250,3000,3500,2022,7,2022-07,43,1.0,0,0.0,0.0,0.0,0,0,0,0,1.0,0.8238,0.3631,0.6389,-0.7552,100.0,1,0
LJ500_R068_C084,68,84,703250,9535250,3500,3500,2022,7,2022-07,43,1.0,0,0.0,0.0,0.0,0,0,0,0,1.0,0.8131,0.3494,0.6252,-0.741,100.0,1,0
LJ500_R068_C085,68,85,703750,9535250,4000,3500,2022,7,2022-07,43,1.0,0,0.0,0.0,0.0,0,0,0,0,1.0,0.8249,0.3668,0.6406,-0.755,100.0,1,0
LJ500_R068_C086,68,86,704250,9535250,4500,3500,2022,7,2022-07,43,1.0,0,0.0,0.0,0.0,0,0,0,0,1.0,0.8164,0.3407,0.6192,-0.7472,100.0,1,0
LJ500_R069_C077,69,77,699750,9535750,0,4000,2022,7,2022-07,43,0.0,0,0.9574,0.0426,0.0,0,0,0,0,1.0,0.7997,0.2185,0.5179,-0.7077,100.0,1,0
LJ500_R069_C078,69,78,700250,9535750,500,4000,2022,7,2022-07,43,0.4139,0,0.5115,0.0746,0.0,0,0,0,0,1.0,0.8571,0.3014,0.6048,-0.7441,100.0,1,0
LJ500_R069_C079,69,79,700750,9535750,1000,4000,2022,7,2022-07,43,0.6432,0,0.3568,0.0,0.0,0,0,0,0,1.0,0.7694,0.2045,0.4908,-0.6909,100.0,1,0
LJ500_R069_C080,69,80,701250,9535750,1500,4000,2022,7,2022-07,43,0.8514,0,0.1486,0.0,0.0,0,0,0,0,1.0,0.806,0.2495,0.5396,-0.7288,100.0,1,0
LJ500_R069_C081,69,81,701750,9535750,2000,4000,2022,7,2022-07,43,1.0,0,0.0,0.0,0.0,0,0,0,0,1.0,0.8502,0.3348,0.6308,-0.7642,100.0,1,0
LJ500_R069_C082,69,82,702250,9535750,2500,4000,2022,7,2022-07,43,1.0,0,0.0,0.0,0.0,0,0,0,0,1.0,0.8613,0.3528,0.6492,-0.7754,100.0,1,0
LJ500_R069_C083,69,83,702750,9535750,3000,4000,2022,7,2022-07,43,1.0,0,0.0,0.0,0.0,0,0,0,0,1.0,0.8427,0.365,0.6513,-0.7725,100.0,1,0
LJ500_R069_C084,69,84,703250,9535750,3500,4000,2022,7,2022-07,43,1.0,0,0.0,0.0,0.0,0,0,0,0,1.0,0.7959,0.3244,0.5998,-0.7424,100.0,1,0
LJ500_R069_C085,69,85,703750,9535750,4000,4000,2022,7,2022-07,43,1.0,0,0.0,0.0,0.0,0,0,0,0,1.0,0.8076,0.313,0.6005,-0.745,100.0,1,0
LJ500_R069_C086,69,86,704250,9535750,4500,4000,2022,7,2022-07,43,1.0,0,0.0,0.0,0.0,0,0,0,0,1.0,0.7867,0.2783,0.5697,-0.7263,100.0,1,0
LJ500_R070_C077,70,77,699750,9536250,0,4500,2022,7,2022-07,43,0.0,0,0.3423,0.4553,0.2024,0,0,0,0,1.0,0.7759,0.1718,0.4673,-0.7227,100.0,1,0
LJ500_R070_C078,70,78,700250,9536250,500,4500,2022,7,2022-07,43,0.0,0,0.3908,0.6092,0.0,0,0,0,0,1.0,0.7773,0.1846,0.4812,-0.7193,100.0,1,0
LJ500_R070_C079,70,79,700750,9536250,1000,4500,2022,7,2022-07,43,0.2082,0,0.7834,0.0084,0.0,0,0,0,0,1.0,0.8,0.2343,0.5284,-0.7046,100.0,1,0
LJ500_R070_C080,70,80,701250,9536250,1500,4500,2022,7,2022-07,43,0.2813,0,0.7187,0.0,0.0,0,0,0,0,1.0,0.8247,0.2465,0.5467,-0.7176,100.0,1,0
LJ500_R070_C081,70,81,701750,9536250,2000,4500,2022,7,2022-07,43,0.9197,0,0.0803,0.0,0.0,0,0,0,0,1.0,0.8502,0.2756,0.5797,-0.7493,100.0,1,0
LJ500_R070_C082,70,82,702250,9536250,2500,4500,2022,7,2022-07,43,1.0,0,0.0,0.0,0.0,0,0,0,0,1.0,0.8173,0.2726,0.5666,-0.7326,100.0,1,0
LJ500_R070_C083,70,83,702750,9536250,3000,4500,2022,7,2022-07,43,1.0,0,0.0,0.0,0.0,0,0,0,0,1.0,0.8355,0.3174,0.6092,-0.7567,100.0,1,0
LJ500_R070_C084,70,84,703250,9536250,3500,4500,2022,7,2022-07,43,0.9943,0,0.0057,0.0,0.0,0,0,0,0,1.0,0.8175,0.3133,0.5988,-0.7517,100.0,1,0
LJ500_R070_C085,70,85,703750,9536250,4000,4500,2022,7,2022-07,43,1.0,0,0.0,0.0,0.0,0,0,0,0,1.0,0.8158,0.3454,0.625,-0.7561,100.0,1,0
LJ500_R070_C086,70,86,704250,9536250,4500,4500,2022,7,2022-07,43,1.0,0,0.0,0.0,0.0,0,0,0,0,1.0,0.8519,0.3891,0.6727,-0.7821,100.0,1,0
LJ500_R061_C077,61,77,699750,9531750,0,0,2022,8,2022-08,44,0.0,0,1.0,0.0,0.0,0,0,0,0,1.0,0.7232,0.1072,0.3862,-0.6501,100.0,1,0
LJ500_R061_C078,61,78,700250,9531750,500,0,2022,8,2022-08,44,0.0,0,0.9516,0.0,0.0484,0,0,0,0,1.0,0.7355,0.1277,0.4142,-0.6538,100.0,1,0
LJ500_R061_C079,61,79,700750,9531750,1000,0,2022,8,2022-08,44,0.0,0,0.906,0.0,0.094,0,0,0,0,1.0,0.7781,0.2008,0.4994,-0.6811,100.0,1,0
LJ500_R061_C080,61,80,701250,9531750,1500,0,2022,8,2022-08,44,0.1714,0,0.8229,0.0,0.0057,0,0,0,0,1.0,0.7614,0.1909,0.4925,-0.6643,100.0,1,0
LJ500_R061_C081,61,81,701750,9531750,2000,0,2022,8,2022-08,44,0.0,0,1.0,0.0,0.0,0,0,0,0,1.0,0.7492,0.1991,0.4991,-0.6518,100.0,1,0
LJ500_R061_C082,61,82,702250,9531750,2500,0,2022,8,2022-08,44,0.0618,0,0.9382,0.0,0.0,0,0,0,0,1.0,0.7686,0.2231,0.5308,-0.6683,100.0,1,0
LJ500_R061_C083,61,83,702750,9531750,3000,0,2022,8,2022-08,44,0.5343,0,0.3633,0.1024,0.0,0,0,0,0,1.0,0.8067,0.288,0.5989,-0.6921,100.0,1,0
LJ500_R061_C084,61,84,703250,9531750,3500,0,2022,8,2022-08,44,0.7729,0,0.0,0.2271,0.0,0,0,0,0,1.0,0.8101,0.2774,0.5882,-0.7195,98.72,1,0
LJ500_R061_C085,61,85,703750,9531750,4000,0,2022,8,2022-08,44,0.709,0,0.291,0.0,0.0,0,0,0,0,1.0,0.8341,0.3044,0.6207,-0.7325,100.0,1,0
LJ500_R061_C086,61,86,704250,9531750,4500,0,2022,8,2022-08,44,1.0,0,0.0,0.0,0.0,0,0,0,0,1.0,0.7864,0.2696,0.5762,-0.6859,100.0,1,0
LJ500_R062_C077,62,77,699750,9532250,0,500,2022,8,2022-08,44,0.0,0,0.7197,0.0,0.2803,0,0,0,0,1.0,0.6572,0.1133,0.3744,-0.5937,100.0,1,0
LJ500_R062_C078,62,78,700250,9532250,500,500,2022,8,2022-08,44,0.0,0,0.5947,0.0,0.4053,0,0,0,0,1.0,0.6779,0.1674,0.4391,-0.5952,100.0,1,0
LJ500_R062_C079,62,79,700750,9532250,1000,500,2022,8,2022-08,44,0.0,0,0.771,0.0,0.229,0,0,0,0,1.0,0.7644,0.1998,0.4974,-0.6551,100.0,1,0
LJ500_R062_C080,62,80,701250,9532250,1500,500,2022,8,2022-08,44,0.235,0,0.6379,0.0,0.1271,0,0,0,0,1.0,0.7082,0.1731,0.4535,-0.6108,100.0,1,0
LJ500_R062_C081,62,81,701750,9532250,2000,500,2022,8,2022-08,44,0.0684,0,0.7378,0.0,0.1938,0,0,0,0,1.0,0.7526,0.2051,0.5037,-0.6536,100.0,1,0
LJ500_R062_C082,62,82,702250,9532250,2500,500,2022,8,2022-08,44,0.0973,0,0.9027,0.0,0.0,0,0,0,0,1.0,0.7768,0.2285,0.5367,-0.671,96.96,1,0
LJ500_R062_C083,62,83,702750,9532250,3000,500,2022,8,2022-08,44,0.0473,0,0.9507,0.0019,0.0,0,0,0,0,1.0,0.7843,0.2593,0.565,-0.6769,51.36,1,0
LJ500_R062_C084,62,84,703250,9532250,3500,500,2022,8,2022-08,44,0.2757,0,0.7209,0.0034,0.0,0,0,0,0,1.0,0.7682,0.2607,0.5558,-0.6684,27.68,1,0
LJ500_R062_C085,62,85,703750,9532250,4000,500,2022,8,2022-08,44,0.0588,0,0.9412,0.0,0.0,0,0,0,0,1.0,0.7886,0.2725,0.5756,-0.6836,49.28,1,0
LJ500_R062_C086,62,86,704250,9532250,4500,500,2022,8,2022-08,44,0.7611,0,0.2389,0.0,0.0,0,0,0,0,1.0,0.7908,0.2798,0.5882,-0.6881,57.44,1,0
LJ500_R063_C077,63,77,699750,9532750,0,1000,2022,8,2022-08,44,0.0,0,0.1158,0.0,0.8842,0,0,0,0,1.0,0.6222,0.0949,0.3535,-0.569,100.0,1,0
LJ500_R063_C078,63,78,700250,9532750,500,1000,2022,8,2022-08,44,0.0328,0,0.3431,0.0,0.624,0,0,0,0,1.0,0.6976,0.1579,0.4347,-0.6175,100.0,1,0
LJ500_R063_C079,63,79,700750,9532750,1000,1000,2022,8,2022-08,44,0.2883,0,0.3768,0.0,0.3349,0,0,0,0,1.0,0.713,0.1435,0.4224,-0.6354,100.0,1,0
LJ500_R063_C080,63,80,701250,9532750,1500,1000,2022,8,2022-08,44,0.1673,0,0.4746,0.0,0.358,0,0,0,0,1.0,0.7214,0.142,0.4363,-0.6517,100.0,1,0
LJ500_R063_C081,63,81,701750,9532750,2000,1000,2022,8,2022-08,44,0.0165,0,0.5433,0.0,0.4402,0,0,0,0,1.0,0.7839,0.2243,0.5347,-0.6845,100.0,1,0
LJ500_R063_C082,63,82,702250,9532750,2500,1000,2022,8,2022-08,44,0.6742,0,0.2142,0.0,0.1117,0,0,0,0,1.0,0.7531,0.2228,0.5161,-0.6421,81.92,1,0
LJ500_R063_C083,63,83,702750,9532750,3000,1000,2022,8,2022-08,44,0.2059,0,0.7941,0.0,0.0,0,0,0,0,1.0,0.4304,0.1775,0.3387,-0.3556,12.48,1,0
LJ500_R063_C084,63,84,703250,9532750,3500,1000,2022,8,2022-08,44,0.2973,0,0.7027,0.0,0.0,0,0,0,0,1.0,0.6564,0.2335,0.4906,-0.5669,12.64,1,0
LJ500_R063_C085,63,85,703750,9532750,4000,1000,2022,8,2022-08,44,0.1462,0,0.8538,0.0,0.0,0,0,0,0,1.0,0.6624,0.2183,0.4823,-0.5657,9.92,1,0
LJ500_R063_C086,63,86,704250,9532750,4500,1000,2022,8,2022-08,44,0.3435,0,0.6565,0.0,0.0,0,0,0,0,1.0,0.8065,0.3072,0.6107,-0.6965,36.48,1,0
LJ500_R064_C077,64,77,699750,9533250,0,1500,2022,8,2022-08,44,0.3887,0,0.3116,0.0,0.2997,0,0,0,0,1.0,0.7539,0.1903,0.483,-0.6606,100.0,1,0
LJ500_R064_C078,64,78,700250,9533250,500,1500,2022,8,2022-08,44,0.5382,0,0.082,0.0,0.3799,0,0,0,0,1.0,0.7417,0.2164,0.5083,-0.6501,100.0,1,0
LJ500_R064_C079,64,79,700750,9533250,1000,1500,2022,8,2022-08,44,0.4384,0,0.1474,0.0,0.4142,0,0,0,0,1.0,0.6981,0.1089,0.3997,-0.6464,100.0,1,0
LJ500_R064_C080,64,80,701250,9533250,1500,1500,2022,8,2022-08,44,0.5951,0,0.4049,0.0,0.0,0,0,0,0,1.0,0.7728,0.1976,0.5075,-0.6922,100.0,1,0
LJ500_R064_C081,64,81,701750,9533250,2000,1500,2022,8,2022-08,44,0.5997,0,0.181,0.0,0.2193,0,0,0,0,1.0,0.8093,0.2433,0.5568,-0.7044,100.0,1,0
LJ500_R064_C082,64,82,702250,9533250,2500,1500,2022,8,2022-08,44,0.7276,0,0.2724,0.0,0.0,0,0,0,0,1.0,0.7773,0.2436,0.5541,-0.6703,97.92,1,0
LJ500_R064_C083,64,83,702750,9533250,3000,1500,2022,8,2022-08,44,0.566,0,0.203,0.0,0.231,0,0,0,0,1.0,0.8224,0.2806,0.6001,-0.7308,44.32,1,0
LJ500_R064_C084,64,84,703250,9533250,3500,1500,2022,8,2022-08,44,0.235,0,0.7298,0.0,0.0352,0,0,0,0,1.0,0.8095,0.2839,0.5969,-0.7057,36.16,1,0
LJ500_R064_C085,64,85,703750,9533250,4000,1500,2022,8,2022-08,44,0.5109,0,0.4891,0.0,0.0,0,0,0,0,1.0,0.7622,0.2624,0.5726,-0.6613,20.0,1,0
LJ500_R064_C086,64,86,704250,9533250,4500,1500,2022,8,2022-08,44,0.748,0,0.252,0.0,0.0,0,0,0,0,1.0,0.7374,0.2637,0.5403,-0.6558,20.0,1,0
LJ500_R065_C077,65,77,699750,9533750,0,2000,2022,8,2022-08,44,0.312,0,0.4033,0.0,0.2847,0,0,0,0,1.0,0.7736,0.2248,0.5206,-0.6707,100.0,1,0
LJ500_R065_C078,65,78,700250,9533750,500,2000,2022,8,2022-08,44,0.5913,0,0.4071,0.0,0.0016,0,0,0,0,1.0,0.7529,0.2238,0.5162,-0.6606,100.0,1,0
LJ500_R065_C079,65,79,700750,9533750,1000,2000,2022,8,2022-08,44,0.3219,0,0.6781,0.0,0.0,0,0,0,0,1.0,0.7022,0.1572,0.4441,-0.6393,100.0,1,0
LJ500_R065_C080,65,80,701250,9533750,1500,2000,2022,8,2022-08,44,0.8266,0,0.1734,0.0,0.0,0,0,0,0,1.0,0.8132,0.2403,0.5585,-0.7155,100.0,1,0
LJ500_R065_C081,65,81,701750,9533750,2000,2000,2022,8,2022-08,44,0.9017,0,0.0983,0.0,0.0,0,0,0,0,1.0,0.7819,0.2374,0.5444,-0.6787,100.0,1,0
LJ500_R065_C082,65,82,702250,9533750,2500,2000,2022,8,2022-08,44,0.7327,0,0.2673,0.0,0.0,0,0,0,0,1.0,0.7592,0.2142,0.5288,-0.6734,100.0,1,0
LJ500_R065_C083,65,83,702750,9533750,3000,2000,2022,8,2022-08,44,0.7802,0,0.1368,0.0,0.083,0,0,0,0,1.0,0.8259,0.272,0.591,-0.7264,100.0,1,0
LJ500_R065_C084,65,84,703250,9533750,3500,2000,2022,8,2022-08,44,0.3229,0,0.6771,0.0,0.0,0,0,0,0,1.0,0.7952,0.2564,0.5726,-0.6944,69.92,1,0
LJ500_R065_C085,65,85,703750,9533750,4000,2000,2022,8,2022-08,44,0.0167,0,0.9833,0.0,0.0,0,0,0,0,1.0,,,,,0.0,1,1
LJ500_R065_C086,65,86,704250,9533750,4500,2000,2022,8,2022-08,44,0.7821,0,0.2179,0.0,0.0,0,0,0,0,1.0,0.6946,0.291,0.5544,-0.6122,12.48,1,0
LJ500_R066_C077,66,77,699750,9534250,0,2500,2022,8,2022-08,44,0.5018,0,0.3517,0.0,0.1465,0,0,0,0,1.0,0.6794,0.2029,0.4703,-0.59,100.0,1,0
LJ500_R066_C078,66,78,700250,9534250,500,2500,2022,8,2022-08,44,0.1232,0,0.8768,0.0,0.0,0,0,0,0,1.0,0.6923,0.1808,0.456,-0.6174,100.0,1,0
LJ500_R066_C079,66,79,700750,9534250,1000,2500,2022,8,2022-08,44,0.3332,0,0.6668,0.0,0.0,0,0,0,0,1.0,0.6629,0.1473,0.4189,-0.6181,100.0,1,0
LJ500_R066_C080,66,80,701250,9534250,1500,2500,2022,8,2022-08,44,0.9149,0,0.0851,0.0,0.0,0,0,0,0,1.0,0.7994,0.2955,0.598,-0.7079,85.76,1,0
LJ500_R066_C081,66,81,701750,9534250,2000,2500,2022,8,2022-08,44,0.7037,0,0.2963,0.0,0.0,0,0,0,0,1.0,0.7426,0.2244,0.5253,-0.6615,43.04,1,0
LJ500_R066_C082,66,82,702250,9534250,2500,2500,2022,8,2022-08,44,0.6772,0,0.3228,0.0,0.0,0,0,0,0,1.0,0.7994,0.2787,0.5823,-0.7045,92.8,1,0
LJ500_R066_C083,66,83,702750,9534250,3000,2500,2022,8,2022-08,44,0.6289,0,0.3711,0.0,0.0,0,0,0,0,1.0,0.7874,0.2565,0.5619,-0.6832,79.04,1,0
LJ500_R066_C084,66,84,703250,9534250,3500,2500,2022,8,2022-08,44,0.7305,0,0.2695,0.0,0.0,0,0,0,0,1.0,0.727,0.2331,0.5246,-0.626,99.84,1,0
LJ500_R066_C085,66,85,703750,9534250,4000,2500,2022,8,2022-08,44,0.7865,0,0.2135,0.0,0.0,0,0,0,0,1.0,0.7518,0.2943,0.5764,-0.6599,52.16,1,0
LJ500_R066_C086,66,86,704250,9534250,4500,2500,2022,8,2022-08,44,1.0,0,0.0,0.0,0.0,0,0,0,0,1.0,0.6795,0.3002,0.5478,-0.5924,20.32,1,0
LJ500_R067_C077,67,77,699750,9534750,0,3000,2022,8,2022-08,44,0.7165,0,0.2835,0.0,0.0,0,0,0,0,1.0,0.7635,0.2284,0.5189,-0.6705,100.0,1,0
LJ500_R067_C078,67,78,700250,9534750,500,3000,2022,8,2022-08,44,0.8229,0,0.1771,0.0,0.0,0,0,0,0,1.0,0.7163,0.1785,0.4652,-0.6468,100.0,1,0
LJ500_R067_C079,67,79,700750,9534750,1000,3000,2022,8,2022-08,44,0.9659,0,0.0341,0.0,0.0,0,0,0,0,1.0,0.7529,0.2364,0.5195,-0.6744,100.0,1,0
LJ500_R067_C080,67,80,701250,9534750,1500,3000,2022,8,2022-08,44,0.8944,0,0.1056,0.0,0.0,0,0,0,0,1.0,0.7944,0.3284,0.6162,-0.7012,29.92,1,0
LJ500_R067_C081,67,81,701750,9534750,2000,3000,2022,8,2022-08,44,0.7989,0,0.1897,0.0,0.0114,0,0,0,0,1.0,0.8455,0.3834,0.6793,-0.7508,3.52,1,0
LJ500_R067_C082,67,82,702250,9534750,2500,3000,2022,8,2022-08,44,1.0,0,0.0,0.0,0.0,0,0,0,0,1.0,0.8323,0.3651,0.6614,-0.7372,20.0,1,0
LJ500_R067_C083,67,83,702750,9534750,3000,3000,2022,8,2022-08,44,1.0,0,0.0,0.0,0.0,0,0,0,0,1.0,,,,,0.0,1,1
LJ500_R067_C084,67,84,703250,9534750,3500,3000,2022,8,2022-08,44,1.0,0,0.0,0.0,0.0,0,0,0,0,1.0,0.7206,0.2931,0.5669,-0.6315,88.0,1,0
LJ500_R067_C085,67,85,703750,9534750,4000,3000,2022,8,2022-08,44,1.0,0,0.0,0.0,0.0,0,0,0,0,1.0,0.7777,0.3298,0.6119,-0.6827,100.0,1,0
LJ500_R067_C086,67,86,704250,9534750,4500,3000,2022,8,2022-08,44,1.0,0,0.0,0.0,0.0,0,0,0,0,1.0,0.7495,0.3381,0.6099,-0.6493,87.52,1,0
LJ500_R068_C077,68,77,699750,9535250,0,3500,2022,8,2022-08,44,0.065,0,0.935,0.0,0.0,0,0,0,0,1.0,0.7191,0.1575,0.4494,-0.6369,100.0,1,0
LJ500_R068_C078,68,78,700250,9535250,500,3500,2022,8,2022-08,44,0.7525,0,0.2475,0.0,0.0,0,0,0,0,1.0,0.7311,0.2123,0.5001,-0.6308,100.0,1,0
LJ500_R068_C079,68,79,700750,9535250,1000,3500,2022,8,2022-08,44,1.0,0,0.0,0.0,0.0,0,0,0,0,1.0,0.7513,0.2531,0.5417,-0.6534,91.68,1,0
LJ500_R068_C080,68,80,701250,9535250,1500,3500,2022,8,2022-08,44,0.8923,0,0.1077,0.0,0.0,0,0,0,0,1.0,0.7205,0.2563,0.5316,-0.6485,71.04,1,0
LJ500_R068_C081,68,81,701750,9535250,2000,3500,2022,8,2022-08,44,0.6646,0,0.0767,0.0,0.2586,0,0,0,0,1.0,0.7582,0.3102,0.5971,-0.6781,21.28,1,0
LJ500_R068_C082,68,82,702250,9535250,2500,3500,2022,8,2022-08,44,0.9399,0,0.0601,0.0,0.0,0,0,0,0,1.0,0.6828,0.2713,0.5299,-0.6029,0.32,1,0
LJ500_R068_C083,68,83,702750,9535250,3000,3500,2022,8,2022-08,44,1.0,0,0.0,0.0,0.0,0,0,0,0,1.0,0.7564,0.3509,0.6147,-0.6737,27.68,1,0
LJ500_R068_C084,68,84,703250,9535250,3500,3500,2022,8,2022-08,44,1.0,0,0.0,0.0,0.0,0,0,0,0,1.0,0.5801,0.3023,0.5324,-0.5083,4.96,1,0
LJ500_R068_C085,68,85,703750,9535250,4000,3500,2022,8,2022-08,44,1.0,0,0.0,0.0,0.0,0,0,0,0,1.0,0.7556,0.3708,0.6375,-0.6634,90.88,1,0
LJ500_R068_C086,68,86,704250,9535250,4500,3500,2022,8,2022-08,44,1.0,0,0.0,0.0,0.0,0,0,0,0,1.0,0.7688,0.3628,0.637,-0.6774,63.2,1,0
LJ500_R069_C077,69,77,699750,9535750,0,4000,2022,8,2022-08,44,0.0,0,0.9574,0.0426,0.0,0,0,0,0,1.0,0.6937,0.1768,0.4646,-0.6048,100.0,1,0
LJ500_R069_C078,69,78,700250,9535750,500,4000,2022,8,2022-08,44,0.4139,0,0.5115,0.0746,0.0,0,0,0,0,1.0,0.8085,0.2882,0.5937,-0.6881,100.0,1,0
LJ500_R069_C079,69,79,700750,9535750,1000,4000,2022,8,2022-08,44,0.6432,0,0.3568,0.0,0.0,0,0,0,0,1.0,0.729,0.2024,0.4916,-0.6433,100.0,1,0
LJ500_R069_C080,69,80,701250,9535750,1500,4000,2022,8,2022-08,44,0.8514,0,0.1486,0.0,0.0,0,0,0,0,1.0,0.7605,0.2447,0.5362,-0.676,93.44,1,0
LJ500_R069_C081,69,81,701750,9535750,2000,4000,2022,8,2022-08,44,1.0,0,0.0,0.0,0.0,0,0,0,0,1.0,0.7929,0.3161,0.6085,-0.7001,89.44,1,0
LJ500_R069_C082,69,82,702250,9535750,2500,4000,2022,8,2022-08,44,1.0,0,0.0,0.0,0.0,0,0,0,0,1.0,0.7237,0.3004,0.5761,-0.635,20.0,1,0
LJ500_R069_C083,69,83,702750,9535750,3000,4000,2022,8,2022-08,44,1.0,0,0.0,0.0,0.0,0,0,0,0,1.0,0.7991,0.3775,0.6594,-0.7125,89.28,1,0
LJ500_R069_C084,69,84,703250,9535750,3500,4000,2022,8,2022-08,44,1.0,0,0.0,0.0,0.0,0,0,0,0,1.0,0.7642,0.348,0.6172,-0.6874,67.68,1,0
LJ500_R069_C085,69,85,703750,9535750,4000,4000,2022,8,2022-08,44,1.0,0,0.0,0.0,0.0,0,0,0,0,1.0,0.7193,0.3198,0.5989,-0.6376,96.96,1,0
LJ500_R069_C086,69,86,704250,9535750,4500,4000,2022,8,2022-08,44,1.0,0,0.0,0.0,0.0,0,0,0,0,1.0,0.7168,0.3021,0.5843,-0.6426,68.96,1,0
LJ500_R070_C077,70,77,699750,9536250,0,4500,2022,8,2022-08,44,0.0,0,0.3423,0.4553,0.2024,0,0,0,0,1.0,0.6864,0.1371,0.414,-0.6334,94.4,1,0
LJ500_R070_C078,70,78,700250,9536250,500,4500,2022,8,2022-08,44,0.0,0,0.3908,0.6092,0.0,0,0,0,0,1.0,0.6815,0.1605,0.4399,-0.6179,97.44,1,0
LJ500_R070_C079,70,79,700750,9536250,1000,4500,2022,8,2022-08,44,0.2082,0,0.7834,0.0084,0.0,0,0,0,0,1.0,0.756,0.2084,0.5038,-0.6612,100.0,1,0
LJ500_R070_C080,70,80,701250,9536250,1500,4500,2022,8,2022-08,44,0.2813,0,0.7187,0.0,0.0,0,0,0,0,1.0,0.7737,0.2302,0.5291,-0.6681,98.4,1,0
LJ500_R070_C081,70,81,701750,9536250,2000,4500,2022,8,2022-08,44,0.9197,0,0.0803,0.0,0.0,0,0,0,0,1.0,0.7758,0.2587,0.5595,-0.6716,88.8,1,0
LJ500_R070_C082,70,82,702250,9536250,2500,4500,2022,8,2022-08,44,1.0,0,0.0,0.0,0.0,0,0,0,0,1.0,0.7642,0.2728,0.5657,-0.6694,47.36,1,0
LJ500_R070_C083,70,83,702750,9536250,3000,4500,2022,8,2022-08,44,1.0,0,0.0,0.0,0.0,0,0,0,0,1.0,0.7558,0.2939,0.5774,-0.6723,60.0,1,0
LJ500_R070_C084,70,84,703250,9536250,3500,4500,2022,8,2022-08,44,0.9943,0,0.0057,0.0,0.0,0,0,0,0,1.0,0.7379,0.313,0.5898,-0.6581,92.0,1,0
LJ500_R070_C085,70,85,703750,9536250,4000,4500,2022,8,2022-08,44,1.0,0,0.0,0.0,0.0,0,0,0,0,1.0,0.7802,0.3552,0.6357,-0.7079,100.0,1,0
LJ500_R070_C086,70,86,704250,9536250,4500,4500,2022,8,2022-08,44,1.0,0,0.0,0.0,0.0,0,0,0,0,1.0,0.8087,0.3994,0.6789,-0.7249,100.0,1,0
LJ500_R061_C077,61,77,699750,9531750,0,0,2022,9,2022-09,45,0.0,0,1.0,0.0,0.0,0,0,0,0,1.0,0.7356,0.1206,0.3869,-0.665,100.0,1,0
LJ500_R061_C078,61,78,700250,9531750,500,0,2022,9,2022-09,45,0.0,0,0.9516,0.0,0.0484,0,0,0,0,1.0,0.7527,0.1438,0.4185,-0.6703,100.0,1,0
LJ500_R061_C079,61,79,700750,9531750,1000,0,2022,9,2022-09,45,0.0,0,0.906,0.0,0.094,0,0,0,0,1.0,0.7996,0.2117,0.4995,-0.7051,100.0,1,0
LJ500_R061_C080,61,80,701250,9531750,1500,0,2022,9,2022-09,45,0.1714,0,0.8229,0.0,0.0057,0,0,0,0,1.0,0.7855,0.1989,0.4931,-0.6907,100.0,1,0
LJ500_R061_C081,61,81,701750,9531750,2000,0,2022,9,2022-09,45,0.0,0,1.0,0.0,0.0,0,0,0,0,1.0,0.7663,0.2024,0.4936,-0.6725,100.0,1,0
LJ500_R061_C082,61,82,702250,9531750,2500,0,2022,9,2022-09,45,0.0618,0,0.9382,0.0,0.0,0,0,0,0,1.0,0.7846,0.2138,0.5136,-0.694,100.0,1,0
LJ500_R061_C083,61,83,702750,9531750,3000,0,2022,9,2022-09,45,0.5343,0,0.3633,0.1024,0.0,0,0,0,0,1.0,0.8186,0.264,0.5678,-0.7153,100.0,1,0
LJ500_R061_C084,61,84,703250,9531750,3500,0,2022,9,2022-09,45,0.7729,0,0.0,0.2271,0.0,0,0,0,0,1.0,0.8173,0.263,0.5672,-0.7348,100.0,1,0
LJ500_R061_C085,61,85,703750,9531750,4000,0,2022,9,2022-09,45,0.709,0,0.291,0.0,0.0,0,0,0,0,1.0,0.846,0.2929,0.6056,-0.753,100.0,1,0
LJ500_R061_C086,61,86,704250,9531750,4500,0,2022,9,2022-09,45,1.0,0,0.0,0.0,0.0,0,0,0,0,1.0,0.7918,0.2454,0.5439,-0.7075,100.0,1,0
LJ500_R062_C077,62,77,699750,9532250,0,500,2022,9,2022-09,45,0.0,0,0.7197,0.0,0.2803,0,0,0,0,1.0,0.6796,0.1055,0.3588,-0.6271,100.0,1,0
LJ500_R062_C078,62,78,700250,9532250,500,500,2022,9,2022-09,45,0.0,0,0.5947,0.0,0.4053,0,0,0,0,1.0,0.7226,0.1548,0.4229,-0.6488,100.0,1,0
LJ500_R062_C079,62,79,700750,9532250,1000,500,2022,9,2022-09,45,0.0,0,0.771,0.0,0.229,0,0,0,0,1.0,0.7686,0.1825,0.468,-0.669,100.0,1,0
LJ500_R062_C080,62,80,701250,9532250,1500,500,2022,9,2022-09,45,0.235,0,0.6379,0.0,0.1271,0,0,0,0,1.0,0.7577,0.1703,0.453,-0.6679,100.0,1,0
LJ500_R062_C081,62,81,701750,9532250,2000,500,2022,9,2022-09,45,0.0684,0,0.7378,0.0,0.1938,0,0,0,0,1.0,0.7898,0.2113,0.509,-0.6919,100.0,1,0
LJ500_R062_C082,62,82,702250,9532250,2500,500,2022,9,2022-09,45,0.0973,0,0.9027,0.0,0.0,0,0,0,0,1.0,0.7991,0.2371,0.5385,-0.6968,100.0,1,0
LJ500_R062_C083,62,83,702750,9532250,3000,500,2022,9,2022-09,45,0.0473,0,0.9507,0.0019,0.0,0,0,0,0,1.0,0.809,0.2496,0.5515,-0.7026,100.0,1,0
LJ500_R062_C084,62,84,703250,9532250,3500,500,2022,9,2022-09,45,0.2757,0,0.7209,0.0034,0.0,0,0,0,0,1.0,0.8354,0.2586,0.5721,-0.7335,100.0,1,0
LJ500_R062_C085,62,85,703750,9532250,4000,500,2022,9,2022-09,45,0.0588,0,0.9412,0.0,0.0,0,0,0,0,1.0,0.835,0.2593,0.5712,-0.735,100.0,1,0
LJ500_R062_C086,62,86,704250,9532250,4500,500,2022,9,2022-09,45,0.7611,0,0.2389,0.0,0.0,0,0,0,0,1.0,0.8214,0.2502,0.5588,-0.7305,100.0,1,0
LJ500_R063_C077,63,77,699750,9532750,0,1000,2022,9,2022-09,45,0.0,0,0.1158,0.0,0.8842,0,0,0,0,1.0,0.6187,0.0806,0.3244,-0.582,100.0,1,0
LJ500_R063_C078,63,78,700250,9532750,500,1000,2022,9,2022-09,45,0.0328,0,0.3431,0.0,0.624,0,0,0,0,1.0,0.7218,0.1539,0.4265,-0.6504,100.0,1,0
LJ500_R063_C079,63,79,700750,9532750,1000,1000,2022,9,2022-09,45,0.2883,0,0.3768,0.0,0.3349,0,0,0,0,1.0,0.7144,0.1306,0.3992,-0.648,100.0,1,0
LJ500_R063_C080,63,80,701250,9532750,1500,1000,2022,9,2022-09,45,0.1673,0,0.4746,0.0,0.358,0,0,0,0,1.0,0.7281,0.139,0.4248,-0.6647,100.0,1,0
LJ500_R063_C081,63,81,701750,9532750,2000,1000,2022,9,2022-09,45,0.0165,0,0.5433,0.0,0.4402,0,0,0,0,1.0,0.7897,0.2201,0.5239,-0.6963,100.0,1,0
LJ500_R063_C082,63,82,702250,9532750,2500,1000,2022,9,2022-09,45,0.6742,0,0.2142,0.0,0.1117,0,0,0,0,1.0,0.8009,0.2369,0.5351,-0.6898,100.0,1,0
LJ500_R063_C083,63,83,702750,9532750,3000,1000,2022,9,2022-09,45,0.2059,0,0.7941,0.0,0.0,0,0,0,0,1.0,0.7941,0.2404,0.5361,-0.6926,100.0,1,0
LJ500_R063_C084,63,84,703250,9532750,3500,1000,2022,9,2022-09,45,0.2973,0,0.7027,0.0,0.0,0,0,0,0,1.0,0.8189,0.2391,0.5515,-0.7222,100.0,1,0
LJ500_R063_C085,63,85,703750,9532750,4000,1000,2022,9,2022-09,45,0.1462,0,0.8538,0.0,0.0,0,0,0,0,1.0,0.8232,0.2638,0.5701,-0.7231,100.0,1,0
LJ500_R063_C086,63,86,704250,9532750,4500,1000,2022,9,2022-09,45,0.3435,0,0.6565,0.0,0.0,0,0,0,0,1.0,0.8521,0.3091,0.6187,-0.7475,100.0,1,0
LJ500_R064_C077,64,77,699750,9533250,0,1500,2022,9,2022-09,45,0.3887,0,0.3116,0.0,0.2997,0,0,0,0,1.0,0.7519,0.1804,0.4645,-0.6702,100.0,1,0
LJ500_R064_C078,64,78,700250,9533250,500,1500,2022,9,2022-09,45,0.5382,0,0.082,0.0,0.3799,0,0,0,0,1.0,0.7458,0.1969,0.4854,-0.6678,100.0,1,0
LJ500_R064_C079,64,79,700750,9533250,1000,1500,2022,9,2022-09,45,0.4384,0,0.1474,0.0,0.4142,0,0,0,0,1.0,0.6956,0.0896,0.3675,-0.6537,100.0,1,0
LJ500_R064_C080,64,80,701250,9533250,1500,1500,2022,9,2022-09,45,0.5951,0,0.4049,0.0,0.0,0,0,0,0,1.0,0.7781,0.1908,0.4907,-0.7009,100.0,1,0
LJ500_R064_C081,64,81,701750,9533250,2000,1500,2022,9,2022-09,45,0.5997,0,0.181,0.0,0.2193,0,0,0,0,1.0,0.8048,0.2258,0.5284,-0.7106,100.0,1,0
LJ500_R064_C082,64,82,702250,9533250,2500,1500,2022,9,2022-09,45,0.7276,0,0.2724,0.0,0.0,0,0,0,0,1.0,0.7884,0.2249,0.5298,-0.6932,100.0,1,0
LJ500_R064_C083,64,83,702750,9533250,3000,1500,2022,9,2022-09,45,0.566,0,0.203,0.0,0.231,0,0,0,0,1.0,0.8285,0.2616,0.5781,-0.7413,100.0,1,0
LJ500_R064_C084,64,84,703250,9533250,3500,1500,2022,9,2022-09,45,0.235,0,0.7298,0.0,0.0352,0,0,0,0,1.0,0.8442,0.255,0.5747,-0.7503,100.0,1,0
LJ500_R064_C085,64,85,703750,9533250,4000,1500,2022,9,2022-09,45,0.5109,0,0.4891,0.0,0.0,0,0,0,0,1.0,0.8128,0.2307,0.5419,-0.7189,100.0,1,0
LJ500_R064_C086,64,86,704250,9533250,4500,1500,2022,9,2022-09,45,0.748,0,0.252,0.0,0.0,0,0,0,0,1.0,0.7577,0.2337,0.5342,-0.6776,100.0,1,0
LJ500_R065_C077,65,77,699750,9533750,0,2000,2022,9,2022-09,45,0.312,0,0.4033,0.0,0.2847,0,0,0,0,1.0,0.771,0.211,0.5012,-0.6768,100.0,1,0
LJ500_R065_C078,65,78,700250,9533750,500,2000,2022,9,2022-09,45,0.5913,0,0.4071,0.0,0.0016,0,0,0,0,1.0,0.759,0.2118,0.4983,-0.6729,100.0,1,0
LJ500_R065_C079,65,79,700750,9533750,1000,2000,2022,9,2022-09,45,0.3219,0,0.6781,0.0,0.0,0,0,0,0,1.0,0.7089,0.1449,0.4211,-0.6523,100.0,1,0
LJ500_R065_C080,65,80,701250,9533750,1500,2000,2022,9,2022-09,45,0.8266,0,0.1734,0.0,0.0,0,0,0,0,1.0,0.8111,0.2109,0.5215,-0.717,100.0,1,0
LJ500_R065_C081,65,81,701750,9533750,2000,2000,2022,9,2022-09,45,0.9017,0,0.0983,0.0,0.0,0,0,0,0,1.0,0.7921,0.2238,0.5228,-0.6958,100.0,1,0
LJ500_R065_C082,65,82,702250,9533750,2500,2000,2022,9,2022-09,45,0.7327,0,0.2673,0.0,0.0,0,0,0,0,1.0,0.7669,0.1845,0.4911,-0.6893,100.0,1,0
LJ500_R065_C083,65,83,702750,9533750,3000,2000,2022,9,2022-09,45,0.7802,0,0.1368,0.0,0.083,0,0,0,0,1.0,0.8316,0.2545,0.5694,-0.7362,100.0,1,0
LJ500_R065_C084,65,84,703250,9533750,3500,2000,2022,9,2022-09,45,0.3229,0,0.6771,0.0,0.0,0,0,0,0,1.0,0.8133,0.2423,0.5553,-0.7173,100.0,1,0
LJ500_R065_C085,65,85,703750,9533750,4000,2000,2022,9,2022-09,45,0.0167,0,0.9833,0.0,0.0,0,0,0,0,1.0,0.7304,0.1549,0.4512,-0.6647,100.0,1,0
LJ500_R065_C086,65,86,704250,9533750,4500,2000,2022,9,2022-09,45,0.7821,0,0.2179,0.0,0.0,0,0,0,0,1.0,0.7978,0.2801,0.5814,-0.7164,100.0,1,0
LJ500_R066_C077,66,77,699750,9534250,0,2500,2022,9,2022-09,45,0.5018,0,0.3517,0.0,0.1465,0,0,0,0,1.0,0.7415,0.2087,0.4935,-0.6514,100.0,1,0
LJ500_R066_C078,66,78,700250,9534250,500,2500,2022,9,2022-09,45,0.1232,0,0.8768,0.0,0.0,0,0,0,0,1.0,0.7125,0.1714,0.4448,-0.6438,100.0,1,0
LJ500_R066_C079,66,79,700750,9534250,1000,2500,2022,9,2022-09,45,0.3332,0,0.6668,0.0,0.0,0,0,0,0,1.0,0.6756,0.136,0.3932,-0.6386,100.0,1,0
LJ500_R066_C080,66,80,701250,9534250,1500,2500,2022,9,2022-09,45,0.9149,0,0.0851,0.0,0.0,0,0,0,0,1.0,0.7941,0.2701,0.5608,-0.7109,100.0,1,0
LJ500_R066_C081,66,81,701750,9534250,2000,2500,2022,9,2022-09,45,0.7037,0,0.2963,0.0,0.0,0,0,0,0,1.0,0.7564,0.2315,0.5192,-0.6816,100.0,1,0
LJ500_R066_C082,66,82,702250,9534250,2500,2500,2022,9,2022-09,45,0.6772,0,0.3228,0.0,0.0,0,0,0,0,1.0,0.81,0.2683,0.5671,-0.7186,100.0,1,0
LJ500_R066_C083,66,83,702750,9534250,3000,2500,2022,9,2022-09,45,0.6289,0,0.3711,0.0,0.0,0,0,0,0,1.0,0.8163,0.2491,0.5518,-0.721,100.0,1,0
LJ500_R066_C084,66,84,703250,9534250,3500,2500,2022,9,2022-09,45,0.7305,0,0.2695,0.0,0.0,0,0,0,0,1.0,0.7675,0.2235,0.5165,-0.6797,100.0,1,0
LJ500_R066_C085,66,85,703750,9534250,4000,2500,2022,9,2022-09,45,0.7865,0,0.2135,0.0,0.0,0,0,0,0,1.0,0.7886,0.2777,0.5694,-0.7077,100.0,1,0
LJ500_R066_C086,66,86,704250,9534250,4500,2500,2022,9,2022-09,45,1.0,0,0.0,0.0,0.0,0,0,0,0,1.0,0.7989,0.3129,0.6033,-0.7078,100.0,1,0
LJ500_R067_C077,67,77,699750,9534750,0,3000,2022,9,2022-09,45,0.7165,0,0.2835,0.0,0.0,0,0,0,0,1.0,0.7554,0.2054,0.4906,-0.6752,100.0,1,0
LJ500_R067_C078,67,78,700250,9534750,500,3000,2022,9,2022-09,45,0.8229,0,0.1771,0.0,0.0,0,0,0,0,1.0,0.7194,0.1637,0.4446,-0.6584,100.0,1,0
LJ500_R067_C079,67,79,700750,9534750,1000,3000,2022,9,2022-09,45,0.9659,0,0.0341,0.0,0.0,0,0,0,0,1.0,0.7652,0.2326,0.5102,-0.6904,100.0,1,0
LJ500_R067_C080,67,80,701250,9534750,1500,3000,2022,9,2022-09,45,0.8944,0,0.1056,0.0,0.0,0,0,0,0,1.0,0.7696,0.2732,0.5509,-0.6908,100.0,1,0
LJ500_R067_C081,67,81,701750,9534750,2000,3000,2022,9,2022-09,45,0.7989,0,0.1897,0.0,0.0114,0,0,0,0,1.0,0.7595,0.2707,0.546,-0.693,100.0,1,0
LJ500_R067_C082,67,82,702250,9534750,2500,3000,2022,9,2022-09,45,1.0,0,0.0,0.0,0.0,0,0,0,0,1.0,0.8067,0.3115,0.5991,-0.7219,100.0,1,0
LJ500_R067_C083,67,83,702750,9534750,3000,3000,2022,9,2022-09,45,1.0,0,0.0,0.0,0.0,0,0,0,0,1.0,0.809,0.3048,0.5922,-0.7233,100.0,1,0
LJ500_R067_C084,67,84,703250,9534750,3500,3000,2022,9,2022-09,45,1.0,0,0.0,0.0,0.0,0,0,0,0,1.0,0.7844,0.2965,0.5761,-0.7064,100.0,1,0
LJ500_R067_C085,67,85,703750,9534750,4000,3000,2022,9,2022-09,45,1.0,0,0.0,0.0,0.0,0,0,0,0,1.0,0.8161,0.3207,0.6072,-0.7324,100.0,1,0
LJ500_R067_C086,67,86,704250,9534750,4500,3000,2022,9,2022-09,45,1.0,0,0.0,0.0,0.0,0,0,0,0,1.0,0.8052,0.3286,0.6084,-0.7229,100.0,1,0
LJ500_R068_C077,68,77,699750,9535250,0,3500,2022,9,2022-09,45,0.065,0,0.935,0.0,0.0,0,0,0,0,1.0,0.7162,0.1534,0.4297,-0.6487,100.0,1,0
LJ500_R068_C078,68,78,700250,9535250,500,3500,2022,9,2022-09,45,0.7525,0,0.2475,0.0,0.0,0,0,0,0,1.0,0.7435,0.197,0.4745,-0.6525,100.0,1,0
LJ500_R068_C079,68,79,700750,9535250,1000,3500,2022,9,2022-09,45,1.0,0,0.0,0.0,0.0,0,0,0,0,1.0,0.7656,0.2433,0.5289,-0.6749,100.0,1,0
LJ500_R068_C080,68,80,701250,9535250,1500,3500,2022,9,2022-09,45,0.8923,0,0.1077,0.0,0.0,0,0,0,0,1.0,0.759,0.2718,0.545,-0.6852,100.0,1,0
LJ500_R068_C081,68,81,701750,9535250,2000,3500,2022,9,2022-09,45,0.6646,0,0.0767,0.0,0.2586,0,0,0,0,1.0,0.6944,0.1926,0.4609,-0.6511,100.0,1,0
LJ500_R068_C082,68,82,702250,9535250,2500,3500,2022,9,2022-09,45,0.9399,0,0.0601,0.0,0.0,0,0,0,0,1.0,0.8073,0.3547,0.6297,-0.7283,100.0,1,0
LJ500_R068_C083,68,83,702750,9535250,3000,3500,2022,9,2022-09,45,1.0,0,0.0,0.0,0.0,0,0,0,0,1.0,0.8161,0.3732,0.6448,-0.7397,100.0,1,0
LJ500_R068_C084,68,84,703250,9535250,3500,3500,2022,9,2022-09,45,1.0,0,0.0,0.0,0.0,0,0,0,0,1.0,0.8012,0.3502,0.6249,-0.7255,100.0,1,0
LJ500_R068_C085,68,85,703750,9535250,4000,3500,2022,9,2022-09,45,1.0,0,0.0,0.0,0.0,0,0,0,0,1.0,0.8161,0.3693,0.6438,-0.7403,100.0,1,0
LJ500_R068_C086,68,86,704250,9535250,4500,3500,2022,9,2022-09,45,1.0,0,0.0,0.0,0.0,0,0,0,0,1.0,0.8028,0.3428,0.6212,-0.7295,100.0,1,0
LJ500_R069_C077,69,77,699750,9535750,0,4000,2022,9,2022-09,45,0.0,0,0.9574,0.0426,0.0,0,0,0,0,1.0,0.7034,0.1536,0.4334,-0.6319,100.0,1,0
LJ500_R069_C078,69,78,700250,9535750,500,4000,2022,9,2022-09,45,0.4139,0,0.5115,0.0746,0.0,0,0,0,0,1.0,0.8039,0.2575,0.5551,-0.6958,100.0,1,0
LJ500_R069_C079,69,79,700750,9535750,1000,4000,2022,9,2022-09,45,0.6432,0,0.3568,0.0,0.0,0,0,0,0,1.0,0.7346,0.1872,0.4688,-0.6584,100.0,1,0
LJ500_R069_C080,69,80,701250,9535750,1500,4000,2022,9,2022-09,45,0.8514,0,0.1486,0.0,0.0,0,0,0,0,1.0,0.7792,0.2367,0.5217,-0.6964,100.0,1,0
LJ500_R069_C081,69,81,701750,9535750,2000,4000,2022,9,2022-09,45,1.0,0,0.0,0.0,0.0,0,0,0,0,1.0,0.8245,0.3179,0.6101,-0.73,100.0,1,0
LJ500_R069_C082,69,82,702250,9535750,2500,4000,2022,9,2022-09,45,1.0,0,0.0,0.0,0.0,0,0,0,0,1.0,0.8383,0.3436,0.6348,-0.7439,100.0,1,0
LJ500_R069_C083,69,83,702750,9535750,3000,4000,2022,9,2022-09,45,1.0,0,0.0,0.0,0.0,0,0,0,0,1.0,0.8288,0.3689,0.6506,-0.7499,100.0,1,0
LJ500_R069_C084,69,84,703250,9535750,3500,4000,2022,9,2022-09,45,1.0,0,0.0,0.0,0.0,0,0,0,0,1.0,0.7819,0.328,0.5987,-0.7227,100.0,1,0
LJ500_R069_C085,69,85,703750,9535750,4000,4000,2022,9,2022-09,45,1.0,0,0.0,0.0,0.0,0,0,0,0,1.0,0.7938,0.3153,0.5995,-0.7267,100.0,1,0
LJ500_R069_C086,69,86,704250,9535750,4500,4000,2022,9,2022-09,45,1.0,0,0.0,0.0,0.0,0,0,0,0,1.0,0.7602,0.2776,0.5621,-0.6969,100.0,1,0
LJ500_R070_C077,70,77,699750,9536250,0,4500,2022,9,2022-09,45,0.0,0,0.3423,0.4553,0.2024,0,0,0,0,1.0,0.6966,0.12,0.3999,-0.6484,100.0,1,0
LJ500_R070_C078,70,78,700250,9536250,500,4500,2022,9,2022-09,45,0.0,0,0.3908,0.6092,0.0,0,0,0,0,1.0,0.7241,0.1479,0.4342,-0.6702,100.0,1,0
LJ500_R070_C079,70,79,700750,9536250,1000,4500,2022,9,2022-09,45,0.2082,0,0.7834,0.0084,0.0,0,0,0,0,1.0,0.7545,0.1964,0.4825,-0.6678,100.0,1,0
LJ500_R070_C080,70,80,701250,9536250,1500,4500,2022,9,2022-09,45,0.2813,0,0.7187,0.0,0.0,0,0,0,0,1.0,0.7874,0.2186,0.5112,-0.6871,100.0,1,0
LJ500_R070_C081,70,81,701750,9536250,2000,4500,2022,9,2022-09,45,0.9197,0,0.0803,0.0,0.0,0,0,0,0,1.0,0.82,0.2552,0.5543,-0.7161,100.0,1,0
LJ500_R070_C082,70,82,702250,9536250,2500,4500,2022,9,2022-09,45,1.0,0,0.0,0.0,0.0,0,0,0,0,1.0,0.791,0.2619,0.5512,-0.7019,100.0,1,0
LJ500_R070_C083,70,83,702750,9536250,3000,4500,2022,9,2022-09,45,1.0,0,0.0,0.0,0.0,0,0,0,0,1.0,0.8111,0.3089,0.5969,-0.728,100.0,1,0
LJ500_R070_C084,70,84,703250,9536250,3500,4500,2022,9,2022-09,45,0.9943,0,0.0057,0.0,0.0,0,0,0,0,1.0,0.8067,0.3162,0.5987,-0.7338,100.0,1,0
LJ500_R070_C085,70,85,703750,9536250,4000,4500,2022,9,2022-09,45,1.0,0,0.0,0.0,0.0,0,0,0,0,1.0,0.8061,0.3474,0.6245,-0.7418,100.0,1,0
LJ500_R070_C086,70,86,704250,9536250,4500,4500,2022,9,2022-09,45,1.0,0,0.0,0.0,0.0,0,0,0,0,1.0,0.8415,0.3902,0.6718,-0.766,100.0,1,0
LJ500_R061_C077,61,77,699750,9531750,0,0,2022,10,2022-10,46,0.0,0,1.0,0.0,0.0,0,0,0,0,1.0,0.7095,0.1152,0.3846,-0.6553,100.0,1,0
LJ500_R061_C078,61,78,700250,9531750,500,0,2022,10,2022-10,46,0.0,0,0.9516,0.0,0.0484,0,0,0,0,1.0,0.7104,0.1273,0.4028,-0.6454,100.0,1,0
LJ500_R061_C079,61,79,700750,9531750,1000,0,2022,10,2022-10,46,0.0,0,0.906,0.0,0.094,0,0,0,0,1.0,0.7693,0.1969,0.4878,-0.6871,100.0,1,0
LJ500_R061_C080,61,80,701250,9531750,1500,0,2022,10,2022-10,46,0.1714,0,0.8229,0.0,0.0057,0,0,0,0,1.0,0.7492,0.1855,0.4778,-0.6674,100.0,1,0
LJ500_R061_C081,61,81,701750,9531750,2000,0,2022,10,2022-10,46,0.0,0,1.0,0.0,0.0,0,0,0,0,1.0,0.7454,0.1882,0.4816,-0.6605,100.0,1,0
LJ500_R061_C082,61,82,702250,9531750,2500,0,2022,10,2022-10,46,0.0618,0,0.9382,0.0,0.0,0,0,0,0,1.0,0.7675,0.1916,0.4938,-0.6898,100.0,1,0
LJ500_R061_C083,61,83,702750,9531750,3000,0,2022,10,2022-10,46,0.5343,0,0.3633,0.1024,0.0,0,0,0,0,1.0,0.8114,0.2387,0.5446,-0.7178,100.0,1,0
LJ500_R061_C084,61,84,703250,9531750,3500,0,2022,10,2022-10,46,0.7729,0,0.0,0.2271,0.0,0,0,0,0,1.0,0.8118,0.2357,0.5452,-0.7411,100.0,1,0
LJ500_R061_C085,61,85,703750,9531750,4000,0,2022,10,2022-10,46,0.709,0,0.291,0.0,0.0,0,0,0,0,1.0,0.8427,0.2742,0.5893,-0.7574,100.0,1,0
LJ500_R061_C086,61,86,704250,9531750,4500,0,2022,10,2022-10,46,1.0,0,0.0,0.0,0.0,0,0,0,0,1.0,0.7993,0.2389,0.5459,-0.7221,100.0,1,0
LJ500_R062_C077,62,77,699750,9532250,0,500,2022,10,2022-10,46,0.0,0,0.7197,0.0,0.2803,0,0,0,0,1.0,0.6522,0.0921,0.3504,-0.6184,100.0,1,0
LJ500_R062_C078,62,78,700250,9532250,500,500,2022,10,2022-10,46,0.0,0,0.5947,0.0,0.4053,0,0,0,0,1.0,0.6967,0.1389,0.4127,-0.6361,100.0,1,0
LJ500_R062_C079,62,79,700750,9532250,1000,500,2022,10,2022-10,46,0.0,0,0.771,0.0,0.229,0,0,0,0,1.0,0.7301,0.1462,0.4339,-0.6511,100.0,1,0
LJ500_R062_C080,62,80,701250,9532250,1500,500,2022,10,2022-10,46,0.235,0,0.6379,0.0,0.1271,0,0,0,0,1.0,0.7348,0.1667,0.456,-0.6582,100.0,1,0
LJ500_R062_C081,62,81,701750,9532250,2000,500,2022,10,2022-10,46,0.0684,0,0.7378,0.0,0.1938,0,0,0,0,1.0,0.7784,0.2082,0.5084,-0.6864,100.0,1,0
LJ500_R062_C082,62,82,702250,9532250,2500,500,2022,10,2022-10,46,0.0973,0,0.9027,0.0,0.0,0,0,0,0,1.0,0.7965,0.2309,0.5345,-0.6993,100.0,1,0
LJ500_R062_C083,62,83,702750,9532250,3000,500,2022,10,2022-10,46,0.0473,0,0.9507,0.0019,0.0,0,0,0,0,1.0,0.8016,0.2319,0.5355,-0.7029,100.0,1,0
LJ500_R062_C084,62,84,703250,9532250,3500,500,2022,10,2022-10,46,0.2757,0,0.7209,0.0034,0.0,0,0,0,0,1.0,0.8194,0.2383,0.5495,-0.723,100.0,1,0
LJ500_R062_C085,62,85,703750,9532250,4000,500,2022,10,2022-10,46,0.0588,0,0.9412,0.0,0.0,0,0,0,0,1.0,0.8183,0.2399,0.5511,-0.7237,100.0,1,0
LJ500_R062_C086,62,86,704250,9532250,4500,500,2022,10,2022-10,46,0.7611,0,0.2389,0.0,0.0,0,0,0,0,1.0,0.8068,0.2347,0.5431,-0.7229,100.0,1,0
LJ500_R063_C077,63,77,699750,9532750,0,1000,2022,10,2022-10,46,0.0,0,0.1158,0.0,0.8842,0,0,0,0,1.0,0.5836,0.0655,0.3119,-0.5674,100.0,1,0
LJ500_R063_C078,63,78,700250,9532750,500,1000,2022,10,2022-10,46,0.0328,0,0.3431,0.0,0.624,0,0,0,0,1.0,0.6752,0.1106,0.3829,-0.637,100.0,1,0
LJ500_R063_C079,63,79,700750,9532750,1000,1000,2022,10,2022-10,46,0.2883,0,0.3768,0.0,0.3349,0,0,0,0,1.0,0.685,0.1012,0.3749,-0.6372,100.0,1,0
LJ500_R063_C080,63,80,701250,9532750,1500,1000,2022,10,2022-10,46,0.1673,0,0.4746,0.0,0.358,0,0,0,0,1.0,0.6904,0.1024,0.3886,-0.6503,100.0,1,0
LJ500_R063_C081,63,81,701750,9532750,2000,1000,2022,10,2022-10,46,0.0165,0,0.5433,0.0,0.4402,0,0,0,0,1.0,0.7672,0.2024,0.5099,-0.6828,100.0,1,0
LJ500_R063_C082,63,82,702250,9532750,2500,1000,2022,10,2022-10,46,0.6742,0,0.2142,0.0,0.1117,0,0,0,0,1.0,0.795,0.225,0.5255,-0.6898,100.0,1,0
LJ500_R063_C083,63,83,702750,9532750,3000,1000,2022,10,2022-10,46,0.2059,0,0.7941,0.0,0.0,0,0,0,0,1.0,0.7885,0.2282,0.524,-0.6965,100.0,1,0
LJ500_R063_C084,63,84,703250,9532750,3500,1000,2022,10,2022-10,46,0.2973,0,0.7027,0.0,0.0,0,0,0,0,1.0,0.8101,0.2294,0.5368,-0.7174,100.0,1,0
LJ500_R063_C085,63,85,703750,9532750,4000,1000,2022,10,2022-10,46,0.1462,0,0.8538,0.0,0.0,0,0,0,0,1.0,0.8132,0.2496,0.554,-0.7191,100.0,1,0
LJ500_R063_C086,63,86,704250,9532750,4500,1000,2022,10,2022-10,46,0.3435,0,0.6565,0.0,0.0,0,0,0,0,1.0,0.8357,0.277,0.5852,-0.7372,100.0,1,0
LJ500_R064_C077,64,77,699750,9533250,0,1500,2022,10,2022-10,46,0.3887,0,0.3116,0.0,0.2997,0,0,0,0,1.0,0.7292,0.163,0.4508,-0.663,100.0,1,0
LJ500_R064_C078,64,78,700250,9533250,500,1500,2022,10,2022-10,46,0.5382,0,0.082,0.0,0.3799,0,0,0,0,1.0,0.7093,0.1501,0.4375,-0.6597,100.0,1,0
LJ500_R064_C079,64,79,700750,9533250,1000,1500,2022,10,2022-10,46,0.4384,0,0.1474,0.0,0.4142,0,0,0,0,1.0,0.65,0.0452,0.3215,-0.6366,100.0,1,0
LJ500_R064_C080,64,80,701250,9533250,1500,1500,2022,10,2022-10,46,0.5951,0,0.4049,0.0,0.0,0,0,0,0,1.0,0.7496,0.1676,0.4694,-0.6807,100.0,1,0
LJ500_R064_C081,64,81,701750,9533250,2000,1500,2022,10,2022-10,46,0.5997,0,0.181,0.0,0.2193,0,0,0,0,1.0,0.7848,0.2094,0.5136,-0.6974,100.0,1,0
LJ500_R064_C082,64,82,702250,9533250,2500,1500,2022,10,2022-10,46,0.7276,0,0.2724,0.0,0.0,0,0,0,0,1.0,0.7618,0.2013,0.5065,-0.6755,100.0,1,0
LJ500_R064_C083,64,83,702750,9533250,3000,1500,2022,10,2022-10,46,0.566,0,0.203,0.0,0.231,0,0,0,0,1.0,0.8066,0.2311,0.5512,-0.7275,100.0,1,0
LJ500_R064_C084,64,84,703250,9533250,3500,1500,2022,10,2022-10,46,0.235,0,0.7298,0.0,0.0352,0,0,0,0,1.0,0.8243,0.2375,0.553,-0.7332,100.0,1,0
LJ500_R064_C085,64,85,703750,9533250,4000,1500,2022,10,2022-10,46,0.5109,0,0.4891,0.0,0.0,0,0,0,0,1.0,0.8011,0.2021,0.5138,-0.7105,100.0,1,0
LJ500_R064_C086,64,86,704250,9533250,4500,1500,2022,10,2022-10,46,0.748,0,0.252,0.0,0.0,0,0,0,0,1.0,0.7741,0.2005,0.505,-0.7014,100.0,1,0
LJ500_R065_C077,65,77,699750,9533750,0,2000,2022,10,2022-10,46,0.312,0,0.4033,0.0,0.2847,0,0,0,0,1.0,0.7672,0.1954,0.4941,-0.6831,100.0,1,0
LJ500_R065_C078,65,78,700250,9533750,500,2000,2022,10,2022-10,46,0.5913,0,0.4071,0.0,0.0016,0,0,0,0,1.0,0.7496,0.1852,0.4755,-0.678,100.0,1,0
LJ500_R065_C079,65,79,700750,9533750,1000,2000,2022,10,2022-10,46,0.3219,0,0.6781,0.0,0.0,0,0,0,0,1.0,0.6935,0.1171,0.3995,-0.6529,100.0,1,0
LJ500_R065_C080,65,80,701250,9533750,1500,2000,2022,10,2022-10,46,0.8266,0,0.1734,0.0,0.0,0,0,0,0,1.0,0.7812,0.17,0.4788,-0.6912,100.0,1,0
LJ500_R065_C081,65,81,701750,9533750,2000,2000,2022,10,2022-10,46,0.9017,0,0.0983,0.0,0.0,0,0,0,0,1.0,0.7688,0.1997,0.4997,-0.679,100.0,1,0
LJ500_R065_C082,65,82,702250,9533750,2500,2000,2022,10,2022-10,46,0.7327,0,0.2673,0.0,0.0,0,0,0,0,1.0,0.7481,0.158,0.4642,-0.671,100.0,1,0
LJ500_R065_C083,65,83,702750,9533750,3000,2000,2022,10,2022-10,46,0.7802,0,0.1368,0.0,0.083,0,0,0,0,1.0,0.8113,0.2263,0.5442,-0.7192,100.0,1,0
LJ500_R065_C084,65,84,703250,9533750,3500,2000,2022,10,2022-10,46,0.3229,0,0.6771,0.0,0.0,0,0,0,0,1.0,0.796,0.2123,0.5249,-0.7069,100.0,1,0
LJ500_R065_C085,65,85,703750,9533750,4000,2000,2022,10,2022-10,46,0.0167,0,0.9833,0.0,0.0,0,0,0,0,1.0,0.7196,0.1342,0.433,-0.6554,100.0,1,0
LJ500_R065_C086,65,86,704250,9533750,4500,2000,2022,10,2022-10,46,0.7821,0,0.2179,0.0,0.0,0,0,0,0,1.0,0.8063,0.2644,0.5696,-0.7274,100.0,1,0
LJ500_R066_C077,66,77,699750,9534250,0,2500,2022,10,2022-10,46,0.5018,0,0.3517,0.0,0.1465,0,0,0,0,1.0,0.7433,0.1808,0.4694,-0.6734,100.0,1,0
LJ500_R066_C078,66,78,700250,9534250,500,2500,2022,10,2022-10,46,0.1232,0,0.8768,0.0,0.0,0,0,0,0,1.0,0.7005,0.151,0.4312,-0.6443,100.0,1,0
LJ500_R066_C079,66,79,700750,9534250,1000,2500,2022,10,2022-10,46,0.3332,0,0.6668,0.0,0.0,0,0,0,0,1.0,0.657,0.107,0.3737,-0.6308,100.0,1,0
LJ500_R066_C080,66,80,701250,9534250,1500,2500,2022,10,2022-10,46,0.9149,0,0.0851,0.0,0.0,0,0,0,0,1.0,0.7826,0.2434,0.5429,-0.7088,100.0,1,0
LJ500_R066_C081,66,81,701750,9534250,2000,2500,2022,10,2022-10,46,0.7037,0,0.2963,0.0,0.0,0,0,0,0,1.0,0.7445,0.2038,0.4987,-0.6783,100.0,1,0
LJ500_R066_C082,66,82,702250,9534250,2500,2500,2022,10,2022-10,46,0.6772,0,0.3228,0.0,0.0,0,0,0,0,1.0,0.797,0.2403,0.5441,-0.7139,100.0,1,0
LJ500_R066_C083,66,83,702750,9534250,3000,2500,2022,10,2022-10,46,0.6289,0,0.3711,0.0,0.0,0,0,0,0,1.0,0.8023,0.2233,0.5288,-0.7143,100.0,1,0
LJ500_R066_C084,66,84,703250,9534250,3500,2500,2022,10,2022-10,46,0.7305,0,0.2695,0.0,0.0,0,0,0,0,1.0,0.7626,0.1969,0.4936,-0.6876,100.0,1,0
LJ500_R066_C085,66,85,703750,9534250,4000,2500,2022,10,2022-10,46,0.7865,0,0.2135,0.0,0.0,0,0,0,0,1.0,0.7847,0.2626,0.5602,-0.7042,100.0,1,0
LJ500_R066_C086,66,86,704250,9534250,4500,2500,2022,10,2022-10,46,1.0,0,0.0,0.0,0.0,0,0,0,0,1.0,0.8053,0.2984,0.5928,-0.7163,100.0,1,0
LJ500_R067_C077,67,77,699750,9534750,0,3000,2022,10,2022-10,46,0.7165,0,0.2835,0.0,0.0,0,0,0,0,1.0,0.7437,0.1785,0.4666,-0.681,100.0,1,0
LJ500_R067_C078,67,78,700250,9534750,500,3000,2022,10,2022-10,46,0.8229,0,0.1771,0.0,0.0,0,0,0,0,1.0,0.7033,0.1416,0.425,-0.6534,100.0,1,0
LJ500_R067_C079,67,79,700750,9534750,1000,3000,2022,10,2022-10,46,0.9659,0,0.0341,0.0,0.0,0,0,0,0,1.0,0.7497,0.2059,0.4882,-0.6828,100.0,1,0
LJ500_R067_C080,67,80,701250,9534750,1500,3000,2022,10,2022-10,46,0.8944,0,0.1056,0.0,0.0,0,0,0,0,1.0,0.7606,0.2461,0.5313,-0.6912,100.0,1,0
LJ500_R067_C081,67,81,701750,9534750,2000,3000,2022,10,2022-10,46,0.7989,0,0.1897,0.0,0.0114,0,0,0,0,1.0,0.7529,0.2423,0.5272,-0.6948,100.0,1,0
LJ500_R067_C082,67,82,702250,9534750,2500,3000,2022,10,2022-10,46,1.0,0,0.0,0.0,0.0,0,0,0,0,1.0,0.8005,0.29,0.5823,-0.7223,100.0,1,0
LJ500_R067_C083,67,83,702750,9534750,3000,3000,2022,10,2022-10,46,1.0,0,0.0,0.0,0.0,0,0,0,0,1.0,0.8011,0.2889,0.5806,-0.7203,100.0,1,0
LJ500_R067_C084,67,84,703250,9534750,3500,3000,2022,10,2022-10,46,1.0,0,0.0,0.0,0.0,0,0,0,0,1.0,0.7858,0.2813,0.5683,-0.7172,100.0,1,0
LJ500_R067_C085,67,85,703750,9534750,4000,3000,2022,10,2022-10,46,1.0,0,0.0,0.0,0.0,0,0,0,0,1.0,0.8146,0.3017,0.5947,-0.7386,100.0,1,0
LJ500_R067_C086,67,86,704250,9534750,4500,3000,2022,10,2022-10,46,1.0,0,0.0,0.0,0.0,0,0,0,0,1.0,0.8031,0.3102,0.5957,-0.7291,100.0,1,0
LJ500_R068_C077,68,77,699750,9535250,0,3500,2022,10,2022-10,46,0.065,0,0.935,0.0,0.0,0,0,0,0,1.0,0.6942,0.1288,0.4095,-0.6476,100.0,1,0
LJ500_R068_C078,68,78,700250,9535250,500,3500,2022,10,2022-10,46,0.7525,0,0.2475,0.0,0.0,0,0,0,0,1.0,0.7235,0.1707,0.4535,-0.6482,100.0,1,0
LJ500_R068_C079,68,79,700750,9535250,1000,3500,2022,10,2022-10,46,1.0,0,0.0,0.0,0.0,0,0,0,0,1.0,0.768,0.2183,0.5107,-0.6864,100.0,1,0
LJ500_R068_C080,68,80,701250,9535250,1500,3500,2022,10,2022-10,46,0.8923,0,0.1077,0.0,0.0,0,0,0,0,1.0,0.7522,0.2516,0.5324,-0.6891,100.0,1,0
LJ500_R068_C081,68,81,701750,9535250,2000,3500,2022,10,2022-10,46,0.6646,0,0.0767,0.0,0.2586,0,0,0,0,1.0,0.6823,0.1652,0.4416,-0.6491,100.0,1,0
LJ500_R068_C082,68,82,702250,9535250,2500,3500,2022,10,2022-10,46,0.9399,0,0.0601,0.0,0.0,0,0,0,0,1.0,0.7984,0.3325,0.6146,-0.7272,100.0,1,0
LJ500_R068_C083,68,83,702750,9535250,3000,3500,2022,10,2022-10,46,1.0,0,0.0,0.0,0.0,0,0,0,0,1.0,0.8064,0.3526,0.6325,-0.7351,100.0,1,0
LJ500_R068_C084,68,84,703250,9535250,3500,3500,2022,10,2022-10,46,1.0,0,0.0,0.0,0.0,0,0,0,0,1.0,0.7913,0.3319,0.6136,-0.7217,100.0,1,0
LJ500_R068_C085,68,85,703750,9535250,4000,3500,2022,10,2022-10,46,1.0,0,0.0,0.0,0.0,0,0,0,0,1.0,0.8103,0.3546,0.636,-0.7378,100.0,1,0
LJ500_R068_C086,68,86,704250,9535250,4500,3500,2022,10,2022-10,46,1.0,0,0.0,0.0,0.0,0,0,0,0,1.0,0.7958,0.3271,0.6128,-0.7268,100.0,1,0
LJ500_R069_C077,69,77,699750,9535750,0,4000,2022,10,2022-10,46,0.0,0,0.9574,0.0426,0.0,0,0,0,0,1.0,0.6954,0.1225,0.4102,-0.6426,100.0,1,0
LJ500_R069_C078,69,78,700250,9535750,500,4000,2022,10,2022-10,46,0.4139,0,0.5115,0.0746,0.0,0,0,0,0,1.0,0.7977,0.2254,0.5314,-0.7036,100.0,1,0
LJ500_R069_C079,69,79,700750,9535750,1000,4000,2022,10,2022-10,46,0.6432,0,0.3568,0.0,0.0,0,0,0,0,1.0,0.7201,0.1601,0.4464,-0.6606,100.0,1,0
LJ500_R069_C080,69,80,701250,9535750,1500,4000,2022,10,2022-10,46,0.8514,0,0.1486,0.0,0.0,0,0,0,0,1.0,0.764,0.2033,0.4947,-0.6922,100.0,1,0
LJ500_R069_C081,69,81,701750,9535750,2000,4000,2022,10,2022-10,46,1.0,0,0.0,0.0,0.0,0,0,0,0,1.0,0.811,0.2799,0.5789,-0.7245,100.0,1,0
LJ500_R069_C082,69,82,702250,9535750,2500,4000,2022,10,2022-10,46,1.0,0,0.0,0.0,0.0,0,0,0,0,1.0,0.8252,0.3094,0.607,-0.7386,100.0,1,0
LJ500_R069_C083,69,83,702750,9535750,3000,4000,2022,10,2022-10,46,1.0,0,0.0,0.0,0.0,0,0,0,0,1.0,0.8227,0.3467,0.6342,-0.7495,100.0,1,0
LJ500_R069_C084,69,84,703250,9535750,3500,4000,2022,10,2022-10,46,1.0,0,0.0,0.0,0.0,0,0,0,0,1.0,0.7779,0.311,0.5872,-0.7231,100.0,1,0
LJ500_R069_C085,69,85,703750,9535750,4000,4000,2022,10,2022-10,46,1.0,0,0.0,0.0,0.0,0,0,0,0,1.0,0.7927,0.3024,0.5913,-0.7319,100.0,1,0
LJ500_R069_C086,69,86,704250,9535750,4500,4000,2022,10,2022-10,46,1.0,0,0.0,0.0,0.0,0,0,0,0,1.0,0.766,0.2638,0.5552,-0.708,100.0,1,0
LJ500_R070_C077,70,77,699750,9536250,0,4500,2022,10,2022-10,46,0.0,0,0.3423,0.4553,0.2024,0,0,0,0,1.0,0.6705,0.0928,0.3741,-0.6513,100.0,1,0
LJ500_R070_C078,70,78,700250,9536250,500,4500,2022,10,2022-10,46,0.0,0,0.3908,0.6092,0.0,0,0,0,0,1.0,0.6914,0.1268,0.4134,-0.6593,100.0,1,0
LJ500_R070_C079,70,79,700750,9536250,1000,4500,2022,10,2022-10,46,0.2082,0,0.7834,0.0084,0.0,0,0,0,0,1.0,0.7241,0.1577,0.4477,-0.6581,100.0,1,0
LJ500_R070_C080,70,80,701250,9536250,1500,4500,2022,10,2022-10,46,0.2813,0,0.7187,0.0,0.0,0,0,0,0,1.0,0.7687,0.1828,0.483,-0.6822,100.0,1,0
LJ500_R070_C081,70,81,701750,9536250,2000,4500,2022,10,2022-10,46,0.9197,0,0.0803,0.0,0.0,0,0,0,0,1.0,0.809,0.2224,0.5282,-0.7137,100.0,1,0
LJ500_R070_C082,70,82,702250,9536250,2500,4500,2022,10,2022-10,46,1.0,0,0.0,0.0,0.0,0,0,0,0,1.0,0.7828,0.2359,0.5309,-0.7031,100.0,1,0
LJ500_R070_C083,70,83,702750,9536250,3000,4500,2022,10,2022-10,46,1.0,0,0.0,0.0,0.0,0,0,0,0,1.0,0.8099,0.2847,0.5778,-0.7344,100.0,1,0
LJ500_R070_C084,70,84,703250,9536250,3500,4500,2022,10,2022-10,46,0.9943,0,0.0057,0.0,0.0,0,0,0,0,1.0,0.8046,0.2994,0.5877,-0.7367,100.0,1,0
LJ500_R070_C085,70,85,703750,9536250,4000,4500,2022,10,2022-10,46,1.0,0,0.0,0.0,0.0,0,0,0,0,1.0,0.7987,0.3264,0.6103,-0.7403,100.0,1,0
LJ500_R070_C086,70,86,704250,9536250,4500,4500,2022,10,2022-10,46,1.0,0,0.0,0.0,0.0,0,0,0,0,1.0,0.8347,0.3691,0.6559,-0.7637,100.0,1,0
LJ500_R061_C077,61,77,699750,9531750,0,0,2022,11,2022-11,47,0.0,0,1.0,0.0,0.0,0,0,0,0,1.0,0.7182,0.1774,0.4403,-0.6284,100.0,1,0
LJ500_R061_C078,61,78,700250,9531750,500,0,2022,11,2022-11,47,0.0,0,0.9516,0.0,0.0484,0,0,0,0,1.0,0.6978,0.1683,0.4328,-0.603,100.0,1,0
LJ500_R061_C079,61,79,700750,9531750,1000,0,2022,11,2022-11,47,0.0,0,0.906,0.0,0.094,0,0,0,0,1.0,0.7304,0.2084,0.4839,-0.6311,100.0,1,0
LJ500_R061_C080,61,80,701250,9531750,1500,0,2022,11,2022-11,47,0.1714,0,0.8229,0.0,0.0057,0,0,0,0,1.0,0.6979,0.1888,0.4643,-0.6033,100.0,1,0
LJ500_R061_C081,61,81,701750,9531750,2000,0,2022,11,2022-11,47,0.0,0,1.0,0.0,0.0,0,0,0,0,1.0,0.6855,0.1845,0.4642,-0.5938,98.4,1,0
LJ500_R061_C082,61,82,702250,9531750,2500,0,2022,11,2022-11,47,0.0618,0,0.9382,0.0,0.0,0,0,0,0,1.0,0.6876,0.1935,0.475,-0.5978,92.0,1,0
LJ500_R061_C083,61,83,702750,9531750,3000,0,2022,11,2022-11,47,0.5343,0,0.3633,0.1024,0.0,0,0,0,0,1.0,0.6969,0.2539,0.5335,-0.5888,60.64,1,0
LJ500_R061_C084,61,84,703250,9531750,3500,0,2022,11,2022-11,47,0.7729,0,0.0,0.2271,0.0,0,0,0,0,1.0,0.6667,0.2343,0.4997,-0.5871,41.44,1,0
LJ500_R061_C085,61,85,703750,9531750,4000,0,2022,11,2022-11,47,0.709,0,0.291,0.0,0.0,0,0,0,0,1.0,0.7139,0.2958,0.5746,-0.6125,39.52,1,0
LJ500_R061_C086,61,86,704250,9531750,4500,0,2022,11,2022-11,47,1.0,0,0.0,0.0,0.0,0,0,0,0,1.0,,,,,0.0,1,1
LJ500_R062_C077,62,77,699750,9532250,0,500,2022,11,2022-11,47,0.0,0,0.7197,0.0,0.2803,0,0,0,0,1.0,0.6417,0.1033,0.3464,-0.5842,100.0,1,0
LJ500_R062_C078,62,78,700250,9532250,500,500,2022,11,2022-11,47,0.0,0,0.5947,0.0,0.4053,0,0,0,0,1.0,0.6717,0.1417,0.402,-0.5906,100.0,1,0
LJ500_R062_C079,62,79,700750,9532250,1000,500,2022,11,2022-11,47,0.0,0,0.771,0.0,0.229,0,0,0,0,1.0,0.6777,0.1376,0.405,-0.5867,100.0,1,0
LJ500_R062_C080,62,80,701250,9532250,1500,500,2022,11,2022-11,47,0.235,0,0.6379,0.0,0.1271,0,0,0,0,1.0,0.6798,0.157,0.43,-0.591,100.0,1,0
LJ500_R062_C081,62,81,701750,9532250,2000,500,2022,11,2022-11,47,0.0684,0,0.7378,0.0,0.1938,0,0,0,0,1.0,0.7321,0.2151,0.5,-0.6329,100.0,1,0
LJ500_R062_C082,62,82,702250,9532250,2500,500,2022,11,2022-11,47,0.0973,0,0.9027,0.0,0.0,0,0,0,0,1.0,0.7353,0.2464,0.532,-0.6267,100.0,1,0
LJ500_R062_C083,62,83,702750,9532250,3000,500,2022,11,2022-11,47,0.0473,0,0.9507,0.0019,0.0,0,0,0,0,1.0,0.7214,0.2438,0.5297,-0.6111,100.0,1,0
LJ500_R062_C084,62,84,703250,9532250,3500,500,2022,11,2022-11,47,0.2757,0,0.7209,0.0034,0.0,0,0,0,0,1.0,0.734,0.2547,0.5476,-0.6231,80.32,1,0
LJ500_R062_C085,62,85,703750,9532250,4000,500,2022,11,2022-11,47,0.0588,0,0.9412,0.0,0.0,0,0,0,0,1.0,0.7399,0.2764,0.5717,-0.6292,30.56,1,0
LJ500_R062_C086,62,86,704250,9532250,4500,500,2022,11,2022-11,47,0.7611,0,0.2389,0.0,0.0,0,0,0,0,1.0,,,,,0.0,1,1
LJ500_R063_C077,63,77,699750,9532750,0,1000,2022,11,2022-11,47,0.0,0,0.1158,0.0,0.8842,0,0,0,0,1.0,0.5395,0.0353,0.2684,-0.5084,100.0,1,0
LJ500_R063_C078,63,78,700250,9532750,500,1000,2022,11,2022-11,47,0.0328,0,0.3431,0.0,0.624,0,0,0,0,1.0,0.622,0.0896,0.3427,-0.5645,100.0,1,0
LJ500_R063_C079,63,79,700750,9532750,1000,1000,2022,11,2022-11,47,0.2883,0,0.3768,0.0,0.3349,0,0,0,0,1.0,0.5979,0.0711,0.3225,-0.5453,100.0,1,0
LJ500_R063_C080,63,80,701250,9532750,1500,1000,2022,11,2022-11,47,0.1673,0,0.4746,0.0,0.358,0,0,0,0,1.0,0.6183,0.0722,0.3416,-0.5753,100.0,1,0
LJ500_R063_C081,63,81,701750,9532750,2000,1000,2022,11,2022-11,47,0.0165,0,0.5433,0.0,0.4402,0,0,0,0,1.0,0.7073,0.1798,0.4741,-0.6198,100.0,1,0
LJ500_R063_C082,63,82,702250,9532750,2500,1000,2022,11,2022-11,47,0.6742,0,0.2142,0.0,0.1117,0,0,0,0,1.0,0.7424,0.2351,0.5222,-0.6272,100.0,1,0
LJ500_R063_C083,63,83,702750,9532750,3000,1000,2022,11,2022-11,47,0.2059,0,0.7941,0.0,0.0,0,0,0,0,1.0,0.7211,0.2365,0.5198,-0.6171,100.0,1,0
LJ500_R063_C084,63,84,703250,9532750,3500,1000,2022,11,2022-11,47,0.2973,0,0.7027,0.0,0.0,0,0,0,0,1.0,0.744,0.2434,0.5357,-0.6376,47.68,1,0
LJ500_R063_C085,63,85,703750,9532750,4000,1000,2022,11,2022-11,47,0.1462,0,0.8538,0.0,0.0,0,0,0,0,1.0,,,,,0.0,1,1
LJ500_R063_C086,63,86,704250,9532750,4500,1000,2022,11,2022-11,47,0.3435,0,0.6565,0.0,0.0,0,0,0,0,1.0,,,,,0.0,1,1
LJ500_R064_C077,64,77,699750,9533250,0,1500,2022,11,2022-11,47,0.3887,0,0.3116,0.0,0.2997,0,0,0,0,1.0,0.6937,0.158,0.429,-0.6097,100.0,1,0
LJ500_R064_C078,64,78,700250,9533250,500,1500,2022,11,2022-11,47,0.5382,0,0.082,0.0,0.3799,0,0,0,0,1.0,0.6332,0.1259,0.3894,-0.5674,100.0,1,0
LJ500_R064_C079,64,79,700750,9533250,1000,1500,2022,11,2022-11,47,0.4384,0,0.1474,0.0,0.4142,0,0,0,0,1.0,0.6017,0.0434,0.3047,-0.5609,64.64,1,0
LJ500_R064_C080,64,80,701250,9533250,1500,1500,2022,11,2022-11,47,0.5951,0,0.4049,0.0,0.0,0,0,0,0,1.0,0.6889,0.16,0.4471,-0.6088,58.08,1,0
LJ500_R064_C081,64,81,701750,9533250,2000,1500,2022,11,2022-11,47,0.5997,0,0.181,0.0,0.2193,0,0,0,0,1.0,0.7376,0.2198,0.5128,-0.6311,100.0,1,0
LJ500_R064_C082,64,82,702250,9533250,2500,1500,2022,11,2022-11,47,0.7276,0,0.2724,0.0,0.0,0,0,0,0,1.0,0.7024,0.1997,0.4936,-0.6051,100.0,1,0
LJ500_R064_C083,64,83,702750,9533250,3000,1500,2022,11,2022-11,47,0.566,0,0.203,0.0,0.231,0,0,0,0,1.0,0.7473,0.2274,0.534,-0.6522,100.0,1,0
LJ500_R064_C084,64,84,703250,9533250,3500,1500,2022,11,2022-11,47,0.235,0,0.7298,0.0,0.0352,0,0,0,0,1.0,0.7336,0.2484,0.5407,-0.6255,91.36,1,0
LJ500_R064_C085,64,85,703750,9533250,4000,1500,2022,11,2022-11,47,0.5109,0,0.4891,0.0,0.0,0,0,0,0,1.0,0.7118,0.2362,0.5213,-0.593,9.12,1,0
LJ500_R064_C086,64,86,704250,9533250,4500,1500,2022,11,2022-11,47,0.748,0,0.252,0.0,0.0,0,0,0,0,1.0,,,,,0.0,1,1
LJ500_R065_C077,65,77,699750,9533750,0,2000,2022,11,2022-11,47,0.312,0,0.4033,0.0,0.2847,0,0,0,0,1.0,0.7148,0.1867,0.465,-0.6186,89.92,1,0
LJ500_R065_C078,65,78,700250,9533750,500,2000,2022,11,2022-11,47,0.5913,0,0.4071,0.0,0.0016,0,0,0,0,1.0,0.7094,0.2114,0.4921,-0.6078,46.24,1,0
LJ500_R065_C079,65,79,700750,9533750,1000,2000,2022,11,2022-11,47,0.3219,0,0.6781,0.0,0.0,0,0,0,0,1.0,0.5766,0.102,0.3581,-0.5136,2.4,1,0
LJ500_R065_C080,65,80,701250,9533750,1500,2000,2022,11,2022-11,47,0.8266,0,0.1734,0.0,0.0,0,0,0,0,1.0,0.7267,0.1896,0.4895,-0.6028,2.4,1,0
LJ500_R065_C081,65,81,701750,9533750,2000,2000,2022,11,2022-11,47,0.9017,0,0.0983,0.0,0.0,0,0,0,0,1.0,0.7191,0.2142,0.5013,-0.6064,60.0,1,0
LJ500_R065_C082,65,82,702250,9533750,2500,2000,2022,11,2022-11,47,0.7327,0,0.2673,0.0,0.0,0,0,0,0,1.0,0.7055,0.2011,0.4976,-0.6105,100.0,1,0
LJ500_R065_C083,65,83,702750,9533750,3000,2000,2022,11,2022-11,47,0.7802,0,0.1368,0.0,0.083,0,0,0,0,1.0,0.7551,0.2393,0.5419,-0.6441,93.12,1,0
LJ500_R065_C084,65,84,703250,9533750,3500,2000,2022,11,2022-11,47,0.3229,0,0.6771,0.0,0.0,0,0,0,0,1.0,0.7162,0.2321,0.5278,-0.6096,78.08,1,0
LJ500_R065_C085,65,85,703750,9533750,4000,2000,2022,11,2022-11,47,0.0167,0,0.9833,0.0,0.0,0,0,0,0,1.0,0.7178,0.2468,0.5421,-0.5899,13.76,1,0
LJ500_R065_C086,65,86,704250,9533750,4500,2000,2022,11,2022-11,47,0.7821,0,0.2179,0.0,0.0,0,0,0,0,1.0,,,,,0.0,1,1
LJ500_R066_C077,66,77,699750,9534250,0,2500,2022,11,2022-11,47,0.5018,0,0.3517,0.0,0.1465,0,0,0,0,1.0,0.6612,0.1637,0.4227,-0.5792,53.44,1,0
LJ500_R066_C078,66,78,700250,9534250,500,2500,2022,11,2022-11,47,0.1232,0,0.8768,0.0,0.0,0,0,0,0,1.0,,,,,0.0,1,1
LJ500_R066_C079,66,79,700750,9534250,1000,2500,2022,11,2022-11,47,0.3332,0,0.6668,0.0,0.0,0,0,0,0,1.0,,,,,0.0,1,1
LJ500_R066_C080,66,80,701250,9534250,1500,2500,2022,11,2022-11,47,0.9149,0,0.0851,0.0,0.0,0,0,0,0,1.0,,,,,0.0,1,1
LJ500_R066_C081,66,81,701750,9534250,2000,2500,2022,11,2022-11,47,0.7037,0,0.2963,0.0,0.0,0,0,0,0,1.0,0.6714,0.2201,0.4974,-0.5686,6.56,1,0
LJ500_R066_C082,66,82,702250,9534250,2500,2500,2022,11,2022-11,47,0.6772,0,0.3228,0.0,0.0,0,0,0,0,1.0,0.7009,0.2318,0.5213,-0.6051,39.2,1,0
LJ500_R066_C083,66,83,702750,9534250,3000,2500,2022,11,2022-11,47,0.6289,0,0.3711,0.0,0.0,0,0,0,0,1.0,0.6915,0.228,0.5104,-0.5825,61.76,1,0
LJ500_R066_C084,66,84,703250,9534250,3500,2500,2022,11,2022-11,47,0.7305,0,0.2695,0.0,0.0,0,0,0,0,1.0,0.6441,0.2018,0.4787,-0.5499,82.88,1,0
LJ500_R066_C085,66,85,703750,9534250,4000,2500,2022,11,2022-11,47,0.7865,0,0.2135,0.0,0.0,0,0,0,0,1.0,0.6529,0.2095,0.4892,-0.5706,25.12,1,0
LJ500_R066_C086,66,86,704250,9534250,4500,2500,2022,11,2022-11,47,1.0,0,0.0,0.0,0.0,0,0,0,0,1.0,,,,,0.0,1,1
LJ500_R067_C077,67,77,699750,9534750,0,3000,2022,11,2022-11,47,0.7165,0,0.2835,0.0,0.0,0,0,0,0,1.0,0.6328,0.1586,0.4171,-0.5455,4.0,1,0
LJ500_R067_C078,67,78,700250,9534750,500,3000,2022,11,2022-11,47,0.8229,0,0.1771,0.0,0.0,0,0,0,0,1.0,,,,,0.0,1,1
LJ500_R067_C079,67,79,700750,9534750,1000,3000,2022,11,2022-11,47,0.9659,0,0.0341,0.0,0.0,0,0,0,0,1.0,,,,,0.0,1,1
LJ500_R067_C080,67,80,701250,9534750,1500,3000,2022,11,2022-11,47,0.8944,0,0.1056,0.0,0.0,0,0,0,0,1.0,,,,,0.0,1,1
LJ500_R067_C081,67,81,701750,9534750,2000,3000,2022,11,2022-11,47,0.7989,0,0.1897,0.0,0.0114,0,0,0,0,1.0,,,,,0.0,1,1
LJ500_R067_C082,67,82,702250,9534750,2500,3000,2022,11,2022-11,47,1.0,0,0.0,0.0,0.0,0,0,0,0,1.0,,,,,0.0,1,1
LJ500_R067_C083,67,83,702750,9534750,3000,3000,2022,11,2022-11,47,1.0,0,0.0,0.0,0.0,0,0,0,0,1.0,0.6612,0.2639,0.5369,-0.5563,29.12,1,0
LJ500_R067_C084,67,84,703250,9534750,3500,3000,2022,11,2022-11,47,1.0,0,0.0,0.0,0.0,0,0,0,0,1.0,0.6377,0.2553,0.5245,-0.5394,22.24,1,0
LJ500_R067_C085,67,85,703750,9534750,4000,3000,2022,11,2022-11,47,1.0,0,0.0,0.0,0.0,0,0,0,0,1.0,,,,,0.0,1,1
LJ500_R067_C086,67,86,704250,9534750,4500,3000,2022,11,2022-11,47,1.0,0,0.0,0.0,0.0,0,0,0,0,1.0,,,,,0.0,1,1
LJ500_R068_C077,68,77,699750,9535250,0,3500,2022,11,2022-11,47,0.065,0,0.935,0.0,0.0,0,0,0,0,1.0,,,,,0.0,1,1
LJ500_R068_C078,68,78,700250,9535250,500,3500,2022,11,2022-11,47,0.7525,0,0.2475,0.0,0.0,0,0,0,0,1.0,,,,,0.0,1,1
LJ500_R068_C079,68,79,700750,9535250,1000,3500,2022,11,2022-11,47,1.0,0,0.0,0.0,0.0,0,0,0,0,1.0,,,,,0.0,1,1
LJ500_R068_C080,68,80,701250,9535250,1500,3500,2022,11,2022-11,47,0.8923,0,0.1077,0.0,0.0,0,0,0,0,1.0,,,,,0.0,1,1
LJ500_R068_C081,68,81,701750,9535250,2000,3500,2022,11,2022-11,47,0.6646,0,0.0767,0.0,0.2586,0,0,0,0,1.0,,,,,0.0,1,1
LJ500_R068_C082,68,82,702250,9535250,2500,3500,2022,11,2022-11,47,0.9399,0,0.0601,0.0,0.0,0,0,0,0,1.0,,,,,0.0,1,1
LJ500_R068_C083,68,83,702750,9535250,3000,3500,2022,11,2022-11,47,1.0,0,0.0,0.0,0.0,0,0,0,0,1.0,,,,,0.0,1,1
LJ500_R068_C084,68,84,703250,9535250,3500,3500,2022,11,2022-11,47,1.0,0,0.0,0.0,0.0,0,0,0,0,1.0,,,,,0.0,1,1
LJ500_R068_C085,68,85,703750,9535250,4000,3500,2022,11,2022-11,47,1.0,0,0.0,0.0,0.0,0,0,0,0,1.0,,,,,0.0,1,1
LJ500_R068_C086,68,86,704250,9535250,4500,3500,2022,11,2022-11,47,1.0,0,0.0,0.0,0.0,0,0,0,0,1.0,,,,,0.0,1,1
LJ500_R069_C077,69,77,699750,9535750,0,4000,2022,11,2022-11,47,0.0,0,0.9574,0.0426,0.0,0,0,0,0,1.0,,,,,0.0,1,1
LJ500_R069_C078,69,78,700250,9535750,500,4000,2022,11,2022-11,47,0.4139,0,0.5115,0.0746,0.0,0,0,0,0,1.0,,,,,0.0,1,1
LJ500_R069_C079,69,79,700750,9535750,1000,4000,2022,11,2022-11,47,0.6432,0,0.3568,0.0,0.0,0,0,0,0,1.0,,,,,0.0,1,1
LJ500_R069_C080,69,80,701250,9535750,1500,4000,2022,11,2022-11,47,0.8514,0,0.1486,0.0,0.0,0,0,0,0,1.0,,,,,0.0,1,1
LJ500_R069_C081,69,81,701750,9535750,2000,4000,2022,11,2022-11,47,1.0,0,0.0,0.0,0.0,0,0,0,0,1.0,,,,,0.0,1,1
LJ500_R069_C082,69,82,702250,9535750,2500,4000,2022,11,2022-11,47,1.0,0,0.0,0.0,0.0,0,0,0,0,1.0,,,,,0.0,1,1
LJ500_R069_C083,69,83,702750,9535750,3000,4000,2022,11,2022-11,47,1.0,0,0.0,0.0,0.0,0,0,0,0,1.0,,,,,0.0,1,1
LJ500_R069_C084,69,84,703250,9535750,3500,4000,2022,11,2022-11,47,1.0,0,0.0,0.0,0.0,0,0,0,0,1.0,,,,,0.0,1,1
LJ500_R069_C085,69,85,703750,9535750,4000,4000,2022,11,2022-11,47,1.0,0,0.0,0.0,0.0,0,0,0,0,1.0,,,,,0.0,1,1
LJ500_R069_C086,69,86,704250,9535750,4500,4000,2022,11,2022-11,47,1.0,0,0.0,0.0,0.0,0,0,0,0,1.0,,,,,0.0,1,1
LJ500_R070_C077,70,77,699750,9536250,0,4500,2022,11,2022-11,47,0.0,0,0.3423,0.4553,0.2024,0,0,0,0,1.0,,,,,0.0,1,1
LJ500_R070_C078,70,78,700250,9536250,500,4500,2022,11,2022-11,47,0.0,0,0.3908,0.6092,0.0,0,0,0,0,1.0,,,,,0.0,1,1
LJ500_R070_C079,70,79,700750,9536250,1000,4500,2022,11,2022-11,47,0.2082,0,0.7834,0.0084,0.0,0,0,0,0,1.0,,,,,0.0,1,1
LJ500_R070_C080,70,80,701250,9536250,1500,4500,2022,11,2022-11,47,0.2813,0,0.7187,0.0,0.0,0,0,0,0,1.0,,,,,0.0,1,1
LJ500_R070_C081,70,81,701750,9536250,2000,4500,2022,11,2022-11,47,0.9197,0,0.0803,0.0,0.0,0,0,0,0,1.0,,,,,0.0,1,1
LJ500_R070_C082,70,82,702250,9536250,2500,4500,2022,11,2022-11,47,1.0,0,0.0,0.0,0.0,0,0,0,0,1.0,,,,,0.0,1,1
LJ500_R070_C083,70,83,702750,9536250,3000,4500,2022,11,2022-11,47,1.0,0,0.0,0.0,0.0,0,0,0,0,1.0,,,,,0.0,1,1
LJ500_R070_C084,70,84,703250,9536250,3500,4500,2022,11,2022-11,47,0.9943,0,0.0057,0.0,0.0,0,0,0,0,1.0,,,,,0.0,1,1
LJ500_R070_C085,70,85,703750,9536250,4000,4500,2022,11,2022-11,47,1.0,0,0.0,0.0,0.0,0,0,0,0,1.0,,,,,0.0,1,1
LJ500_R070_C086,70,86,704250,9536250,4500,4500,2022,11,2022-11,47,1.0,0,0.0,0.0,0.0,0,0,0,0,1.0,,,,,0.0,1,1
LJ500_R061_C077,61,77,699750,9531750,0,0,2022,12,2022-12,48,0.0,0,1.0,0.0,0.0,0,0,0,0,1.0,0.8002,0.2277,0.5051,-0.7165,100.0,1,0
LJ500_R061_C078,61,78,700250,9531750,500,0,2022,12,2022-12,48,0.0,0,0.9516,0.0,0.0484,0,0,0,0,1.0,0.7933,0.2175,0.4977,-0.703,100.0,1,0
LJ500_R061_C079,61,79,700750,9531750,1000,0,2022,12,2022-12,48,0.0,0,0.906,0.0,0.094,0,0,0,0,1.0,0.8167,0.2432,0.5327,-0.7246,100.0,1,0
LJ500_R061_C080,61,80,701250,9531750,1500,0,2022,12,2022-12,48,0.1714,0,0.8229,0.0,0.0057,0,0,0,0,1.0,0.792,0.2251,0.5133,-0.6977,100.0,1,0
LJ500_R061_C081,61,81,701750,9531750,2000,0,2022,12,2022-12,48,0.0,0,1.0,0.0,0.0,0,0,0,0,1.0,0.7697,0.203,0.4894,-0.6819,100.0,1,0
LJ500_R061_C082,61,82,702250,9531750,2500,0,2022,12,2022-12,48,0.0618,0,0.9382,0.0,0.0,0,0,0,0,1.0,0.7845,0.2102,0.5036,-0.6986,100.0,1,0
LJ500_R061_C083,61,83,702750,9531750,3000,0,2022,12,2022-12,48,0.5343,0,0.3633,0.1024,0.0,0,0,0,0,1.0,0.8382,0.2738,0.5738,-0.7339,100.0,1,0
LJ500_R061_C084,61,84,703250,9531750,3500,0,2022,12,2022-12,48,0.7729,0,0.0,0.2271,0.0,0,0,0,0,1.0,0.8092,0.2327,0.5352,-0.7376,100.0,1,0
LJ500_R061_C085,61,85,703750,9531750,4000,0,2022,12,2022-12,48,0.709,0,0.291,0.0,0.0,0,0,0,0,1.0,0.8537,0.3021,0.6086,-0.7604,100.0,1,0
LJ500_R061_C086,61,86,704250,9531750,4500,0,2022,12,2022-12,48,1.0,0,0.0,0.0,0.0,0,0,0,0,1.0,0.7983,0.2481,0.5469,-0.7152,100.0,1,0
LJ500_R062_C077,62,77,699750,9532250,0,500,2022,12,2022-12,48,0.0,0,0.7197,0.0,0.2803,0,0,0,0,1.0,0.6959,0.126,0.3767,-0.6529,100.0,1,0
LJ500_R062_C078,62,78,700250,9532250,500,500,2022,12,2022-12,48,0.0,0,0.5947,0.0,0.4053,0,0,0,0,1.0,0.7349,0.1627,0.4305,-0.6704,100.0,1,0
LJ500_R062_C079,62,79,700750,9532250,1000,500,2022,12,2022-12,48,0.0,0,0.771,0.0,0.229,0,0,0,0,1.0,0.7584,0.1697,0.4489,-0.6708,100.0,1,0
LJ500_R062_C080,62,80,701250,9532250,1500,500,2022,12,2022-12,48,0.235,0,0.6379,0.0,0.1271,0,0,0,0,1.0,0.7571,0.1781,0.4603,-0.6785,100.0,1,0
LJ500_R062_C081,62,81,701750,9532250,2000,500,2022,12,2022-12,48,0.0684,0,0.7378,0.0,0.1938,0,0,0,0,1.0,0.8059,0.2341,0.5286,-0.7143,100.0,1,0
LJ500_R062_C082,62,82,702250,9532250,2500,500,2022,12,2022-12,48,0.0973,0,0.9027,0.0,0.0,0,0,0,0,1.0,0.8222,0.2671,0.5631,-0.7202,100.0,1,0
LJ500_R062_C083,62,83,702750,9532250,3000,500,2022,12,2022-12,48,0.0473,0,0.9507,0.0019,0.0,0,0,0,0,1.0,0.8157,0.2603,0.5547,-0.7118,100.0,1,0
LJ500_R062_C084,62,84,703250,9532250,3500,500,2022,12,2022-12,48,0.2757,0,0.7209,0.0034,0.0,0,0,0,0,1.0,0.8398,0.274,0.5772,-0.7351,100.0,1,0
LJ500_R062_C085,62,85,703750,9532250,4000,500,2022,12,2022-12,48,0.0588,0,0.9412,0.0,0.0,0,0,0,0,1.0,0.829,0.2583,0.5621,-0.7311,100.0,1,0
LJ500_R062_C086,62,86,704250,9532250,4500,500,2022,12,2022-12,48,0.7611,0,0.2389,0.0,0.0,0,0,0,0,1.0,0.8137,0.2492,0.5495,-0.7268,100.0,1,0
LJ500_R063_C077,63,77,699750,9532750,0,1000,2022,12,2022-12,48,0.0,0,0.1158,0.0,0.8842,0,0,0,0,1.0,0.5905,0.0533,0.2899,-0.5732,100.0,1,0
LJ500_R063_C078,63,78,700250,9532750,500,1000,2022,12,2022-12,48,0.0328,0,0.3431,0.0,0.624,0,0,0,0,1.0,0.6902,0.116,0.3772,-0.6427,100.0,1,0
LJ500_R063_C079,63,79,700750,9532750,1000,1000,2022,12,2022-12,48,0.2883,0,0.3768,0.0,0.3349,0,0,0,0,1.0,0.6527,0.0881,0.3406,-0.6144,100.0,1,0
LJ500_R063_C080,63,80,701250,9532750,1500,1000,2022,12,2022-12,48,0.1673,0,0.4746,0.0,0.358,0,0,0,0,1.0,0.6705,0.0835,0.3529,-0.6378,100.0,1,0
LJ500_R063_C081,63,81,701750,9532750,2000,1000,2022,12,2022-12,48,0.0165,0,0.5433,0.0,0.4402,0,0,0,0,1.0,0.7615,0.1786,0.474,-0.6874,100.0,1,0
LJ500_R063_C082,63,82,702250,9532750,2500,1000,2022,12,2022-12,48,0.6742,0,0.2142,0.0,0.1117,0,0,0,0,1.0,0.812,0.2496,0.5416,-0.7074,100.0,1,0
LJ500_R063_C083,63,83,702750,9532750,3000,1000,2022,12,2022-12,48,0.2059,0,0.7941,0.0,0.0,0,0,0,0,1.0,0.8017,0.247,0.5386,-0.7062,100.0,1,0
LJ500_R063_C084,63,84,703250,9532750,3500,1000,2022,12,2022-12,48,0.2973,0,0.7027,0.0,0.0,0,0,0,0,1.0,0.8309,0.2634,0.5638,-0.7315,100.0,1,0
LJ500_R063_C085,63,85,703750,9532750,4000,1000,2022,12,2022-12,48,0.1462,0,0.8538,0.0,0.0,0,0,0,0,1.0,0.8369,0.2849,0.5851,-0.7344,100.0,1,0
LJ500_R063_C086,63,86,704250,9532750,4500,1000,2022,12,2022-12,48,0.3435,0,0.6565,0.0,0.0,0,0,0,0,1.0,0.8514,0.3065,0.608,-0.7483,100.0,1,0
LJ500_R064_C077,64,77,699750,9533250,0,1500,2022,12,2022-12,48,0.3887,0,0.3116,0.0,0.2997,0,0,0,0,1.0,0.7565,0.1806,0.4582,-0.6816,100.0,1,0
LJ500_R064_C078,64,78,700250,9533250,500,1500,2022,12,2022-12,48,0.5382,0,0.082,0.0,0.3799,0,0,0,0,1.0,0.7144,0.1412,0.414,-0.6611,100.0,1,0
LJ500_R064_C079,64,79,700750,9533250,1000,1500,2022,12,2022-12,48,0.4384,0,0.1474,0.0,0.4142,0,0,0,0,1.0,0.6473,0.0415,0.2993,-0.6293,100.0,1,0
LJ500_R064_C080,64,80,701250,9533250,1500,1500,2022,12,2022-12,48,0.5951,0,0.4049,0.0,0.0,0,0,0,0,1.0,0.7545,0.1589,0.4488,-0.6928,100.0,1,0
LJ500_R064_C081,64,81,701750,9533250,2000,1500,2022,12,2022-12,48,0.5997,0,0.181,0.0,0.2193,0,0,0,0,1.0,0.8146,0.2381,0.536,-0.7182,100.0,1,0
LJ500_R064_C082,64,82,702250,9533250,2500,1500,2022,12,2022-12,48,0.7276,0,0.2724,0.0,0.0,0,0,0,0,1.0,0.7877,0.2119,0.5145,-0.7035,100.0,1,0
LJ500_R064_C083,64,83,702750,9533250,3000,1500,2022,12,2022-12,48,0.566,0,0.203,0.0,0.231,0,0,0,0,1.0,0.8244,0.2397,0.555,-0.7359,100.0,1,0
LJ500_R064_C084,64,84,703250,9533250,3500,1500,2022,12,2022-12,48,0.235,0,0.7298,0.0,0.0352,0,0,0,0,1.0,0.8506,0.2728,0.582,-0.7462,100.0,1,0
LJ500_R064_C085,64,85,703750,9533250,4000,1500,2022,12,2022-12,48,0.5109,0,0.4891,0.0,0.0,0,0,0,0,1.0,0.8488,0.2629,0.5744,-0.7455,100.0,1,0
LJ500_R064_C086,64,86,704250,9533250,4500,1500,2022,12,2022-12,48,0.748,0,0.252,0.0,0.0,0,0,0,0,1.0,0.7833,0.2109,0.5094,-0.7068,100.0,1,0
LJ500_R065_C077,65,77,699750,9533750,0,2000,2022,12,2022-12,48,0.312,0,0.4033,0.0,0.2847,0,0,0,0,1.0,0.7577,0.1932,0.4736,-0.6788,100.0,1,0
LJ500_R065_C078,65,78,700250,9533750,500,2000,2022,12,2022-12,48,0.5913,0,0.4071,0.0,0.0016,0,0,0,0,1.0,0.7523,0.1867,0.4674,-0.6843,100.0,1,0
LJ500_R065_C079,65,79,700750,9533750,1000,2000,2022,12,2022-12,48,0.3219,0,0.6781,0.0,0.0,0,0,0,0,1.0,0.6883,0.1051,0.3756,-0.65,100.0,1,0
LJ500_R065_C080,65,80,701250,9533750,1500,2000,2022,12,2022-12,48,0.8266,0,0.1734,0.0,0.0,0,0,0,0,1.0,0.8429,0.245,0.5519,-0.735,100.0,1,0
LJ500_R065_C081,65,81,701750,9533750,2000,2000,2022,12,2022-12,48,0.9017,0,0.0983,0.0,0.0,0,0,0,0,1.0,0.801,0.2288,0.5264,-0.7109,100.0,1,0
LJ500_R065_C082,65,82,702250,9533750,2500,2000,2022,12,2022-12,48,0.7327,0,0.2673,0.0,0.0,0,0,0,0,1.0,0.7997,0.2189,0.5289,-0.7218,100.0,1,0
LJ500_R065_C083,65,83,702750,9533750,3000,2000,2022,12,2022-12,48,0.7802,0,0.1368,0.0,0.083,0,0,0,0,1.0,0.8412,0.2562,0.5701,-0.7338,100.0,1,0
LJ500_R065_C084,65,84,703250,9533750,3500,2000,2022,12,2022-12,48,0.3229,0,0.6771,0.0,0.0,0,0,0,0,1.0,0.8212,0.2379,0.5471,-0.7242,100.0,1,0
LJ500_R065_C085,65,85,703750,9533750,4000,2000,2022,12,2022-12,48,0.0167,0,0.9833,0.0,0.0,0,0,0,0,1.0,0.7447,0.1557,0.4529,-0.6822,100.0,1,0
LJ500_R065_C086,65,86,704250,9533750,4500,2000,2022,12,2022-12,48,0.7821,0,0.2179,0.0,0.0,0,0,0,0,1.0,0.8185,0.2708,0.5747,-0.7372,100.0,1,0
LJ500_R066_C077,66,77,699750,9534250,0,2500,2022,12,2022-12,48,0.5018,0,0.3517,0.0,0.1465,0,0,0,0,1.0,0.7565,0.1905,0.4664,-0.6827,100.0,1,0
LJ500_R066_C078,66,78,700250,9534250,500,2500,2022,12,2022-12,48,0.1232,0,0.8768,0.0,0.0,0,0,0,0,1.0,0.6804,0.1303,0.3917,-0.6365,100.0,1,0
LJ500_R066_C079,66,79,700750,9534250,1000,2500,2022,12,2022-12,48,0.3332,0,0.6668,0.0,0.0,0,0,0,0,1.0,0.6586,0.0948,0.3487,-0.6361,100.0,1,0
LJ500_R066_C080,66,80,701250,9534250,1500,2500,2022,12,2022-12,48,0.9149,0,0.0851,0.0,0.0,0,0,0,0,1.0,0.8012,0.2518,0.5478,-0.7275,100.0,1,0
LJ500_R066_C081,66,81,701750,9534250,2000,2500,2022,12,2022-12,48,0.7037,0,0.2963,0.0,0.0,0,0,0,0,1.0,0.7531,0.2096,0.5009,-0.6897,100.0,1,0
LJ500_R066_C082,66,82,702250,9534250,2500,2500,2022,12,2022-12,48,0.6772,0,0.3228,0.0,0.0,0,0,0,0,1.0,0.8032,0.2581,0.557,-0.7148,100.0,1,0
LJ500_R066_C083,66,83,702750,9534250,3000,2500,2022,12,2022-12,48,0.6289,0,0.3711,0.0,0.0,0,0,0,0,1.0,0.8084,0.2267,0.5298,-0.716,100.0,1,0
LJ500_R066_C084,66,84,703250,9534250,3500,2500,2022,12,2022-12,48,0.7305,0,0.2695,0.0,0.0,0,0,0,0,1.0,0.7627,0.1956,0.4927,-0.6848,100.0,1,0
LJ500_R066_C085,66,85,703750,9534250,4000,2500,2022,12,2022-12,48,0.7865,0,0.2135,0.0,0.0,0,0,0,0,1.0,0.7915,0.2527,0.5511,-0.7116,100.0,1,0
LJ500_R066_C086,66,86,704250,9534250,4500,2500,2022,12,2022-12,48,1.0,0,0.0,0.0,0.0,0,0,0,0,1.0,0.8165,0.2932,0.5908,-0.7254,100.0,1,0
LJ500_R067_C077,67,77,699750,9534750,0,3000,2022,12,2022-12,48,0.7165,0,0.2835,0.0,0.0,0,0,0,0,1.0,0.7486,0.1791,0.4566,-0.681,100.0,1,0
LJ500_R067_C078,67,78,700250,9534750,500,3000,2022,12,2022-12,48,0.8229,0,0.1771,0.0,0.0,0,0,0,0,1.0,0.707,0.1398,0.4121,-0.6557,100.0,1,0
LJ500_R067_C079,67,79,700750,9534750,1000,3000,2022,12,2022-12,48,0.9659,0,0.0341,0.0,0.0,0,0,0,0,1.0,0.7499,0.2015,0.4742,-0.6819,100.0,1,0
LJ500_R067_C080,67,80,701250,9534750,1500,3000,2022,12,2022-12,48,0.8944,0,0.1056,0.0,0.0,0,0,0,0,1.0,0.7627,0.2428,0.5208,-0.6941,97.28,1,0
LJ500_R067_C081,67,81,701750,9534750,2000,3000,2022,12,2022-12,48,0.7989,0,0.1897,0.0,0.0114,0,0,0,0,1.0,0.7549,0.2442,0.5247,-0.6948,93.76,1,0
LJ500_R067_C082,67,82,702250,9534750,2500,3000,2022,12,2022-12,48,1.0,0,0.0,0.0,0.0,0,0,0,0,1.0,0.7901,0.2881,0.5776,-0.7135,100.0,1,0
LJ500_R067_C083,67,83,702750,9534750,3000,3000,2022,12,2022-12,48,1.0,0,0.0,0.0,0.0,0,0,0,0,1.0,0.8003,0.2864,0.5767,-0.7197,100.0,1,0
LJ500_R067_C084,67,84,703250,9534750,3500,3000,2022,12,2022-12,48,1.0,0,0.0,0.0,0.0,0,0,0,0,1.0,0.7798,0.2781,0.5629,-0.7079,100.0,1,0
LJ500_R067_C085,67,85,703750,9534750,4000,3000,2022,12,2022-12,48,1.0,0,0.0,0.0,0.0,0,0,0,0,1.0,0.8106,0.3004,0.5914,-0.7298,100.0,1,0
LJ500_R067_C086,67,86,704250,9534750,4500,3000,2022,12,2022-12,48,1.0,0,0.0,0.0,0.0,0,0,0,0,1.0,0.8014,0.3114,0.5957,-0.7238,100.0,1,0
LJ500_R068_C077,68,77,699750,9535250,0,3500,2022,12,2022-12,48,0.065,0,0.935,0.0,0.0,0,0,0,0,1.0,0.7397,0.1755,0.4498,-0.6658,100.0,1,0
LJ500_R068_C078,68,78,700250,9535250,500,3500,2022,12,2022-12,48,0.7525,0,0.2475,0.0,0.0,0,0,0,0,1.0,0.7515,0.1993,0.4755,-0.6629,100.0,1,0
LJ500_R068_C079,68,79,700750,9535250,1000,3500,2022,12,2022-12,48,1.0,0,0.0,0.0,0.0,0,0,0,0,1.0,0.7788,0.2188,0.5047,-0.6963,84.0,1,0
LJ500_R068_C080,68,80,701250,9535250,1500,3500,2022,12,2022-12,48,0.8923,0,0.1077,0.0,0.0,0,0,0,0,1.0,0.7365,0.2347,0.5067,-0.6712,22.72,1,0
LJ500_R068_C081,68,81,701750,9535250,2000,3500,2022,12,2022-12,48,0.6646,0,0.0767,0.0,0.2586,0,0,0,0,1.0,0.6741,0.1708,0.4394,-0.6358,73.76,1,0
LJ500_R068_C082,68,82,702250,9535250,2500,3500,2022,12,2022-12,48,0.9399,0,0.0601,0.0,0.0,0,0,0,0,1.0,0.7894,0.3314,0.607,-0.72,100.0,1,0
LJ500_R068_C083,68,83,702750,9535250,3000,3500,2022,12,2022-12,48,1.0,0,0.0,0.0,0.0,0,0,0,0,1.0,0.7956,0.3669,0.6362,-0.7235,100.0,1,0
LJ500_R068_C084,68,84,703250,9535250,3500,3500,2022,12,2022-12,48,1.0,0,0.0,0.0,0.0,0,0,0,0,1.0,0.7975,0.345,0.6214,-0.7286,100.0,1,0
LJ500_R068_C085,68,85,703750,9535250,4000,3500,2022,12,2022-12,48,1.0,0,0.0,0.0,0.0,0,0,0,0,1.0,0.8038,0.3633,0.6419,-0.7332,100.0,1,0
LJ500_R068_C086,68,86,704250,9535250,4500,3500,2022,12,2022-12,48,1.0,0,0.0,0.0,0.0,0,0,0,0,1.0,0.8013,0.3362,0.6195,-0.7326,100.0,1,0
LJ500_R069_C077,69,77,699750,9535750,0,4000,2022,12,2022-12,48,0.0,0,0.9574,0.0426,0.0,0,0,0,0,1.0,0.7023,0.1137,0.3897,-0.6447,100.0,1,0
LJ500_R069_C078,69,78,700250,9535750,500,4000,2022,12,2022-12,48,0.4139,0,0.5115,0.0746,0.0,0,0,0,0,1.0,0.801,0.2181,0.5156,-0.7075,100.0,1,0
LJ500_R069_C079,69,79,700750,9535750,1000,4000,2022,12,2022-12,48,0.6432,0,0.3568,0.0,0.0,0,0,0,0,1.0,0.7085,0.1351,0.4111,-0.6568,91.68,1,0
LJ500_R069_C080,69,80,701250,9535750,1500,4000,2022,12,2022-12,48,0.8514,0,0.1486,0.0,0.0,0,0,0,0,1.0,0.7648,0.1976,0.4777,-0.6909,91.68,1,0
LJ500_R069_C081,69,81,701750,9535750,2000,4000,2022,12,2022-12,48,1.0,0,0.0,0.0,0.0,0,0,0,0,1.0,0.7968,0.2577,0.5466,-0.7105,100.0,1,0
LJ500_R069_C082,69,82,702250,9535750,2500,4000,2022,12,2022-12,48,1.0,0,0.0,0.0,0.0,0,0,0,0,1.0,0.813,0.2886,0.5798,-0.7278,100.0,1,0
LJ500_R069_C083,69,83,702750,9535750,3000,4000,2022,12,2022-12,48,1.0,0,0.0,0.0,0.0,0,0,0,0,1.0,0.7788,0.3361,0.6121,-0.7056,85.76,1,0
LJ500_R069_C084,69,84,703250,9535750,3500,4000,2022,12,2022-12,48,1.0,0,0.0,0.0,0.0,0,0,0,0,1.0,0.7696,0.31,0.5833,-0.7058,31.52,1,0
LJ500_R069_C085,69,85,703750,9535750,4000,4000,2022,12,2022-12,48,1.0,0,0.0,0.0,0.0,0,0,0,0,1.0,0.7315,0.301,0.5762,-0.6692,88.0,1,0
LJ500_R069_C086,69,86,704250,9535750,4500,4000,2022,12,2022-12,48,1.0,0,0.0,0.0,0.0,0,0,0,0,1.0,0.706,0.2566,0.5379,-0.6522,100.0,1,0
LJ500_R070_C077,70,77,699750,9536250,0,4500,2022,12,2022-12,48,0.0,0,0.3423,0.4553,0.2024,0,0,0,0,1.0,0.712,0.132,0.4081,-0.6624,100.0,1,0
LJ500_R070_C078,70,78,700250,9536250,500,4500,2022,12,2022-12,48,0.0,0,0.3908,0.6092,0.0,0,0,0,0,1.0,0.7094,0.1411,0.4161,-0.6596,100.0,1,0
LJ500_R070_C079,70,79,700750,9536250,1000,4500,2022,12,2022-12,48,0.2082,0,0.7834,0.0084,0.0,0,0,0,0,1.0,0.7334,0.1718,0.4482,-0.6563,100.0,1,0
LJ500_R070_C080,70,80,701250,9536250,1500,4500,2022,12,2022-12,48,0.2813,0,0.7187,0.0,0.0,0,0,0,0,1.0,0.7629,0.1797,0.4666,-0.6749,100.0,1,0
LJ500_R070_C081,70,81,701750,9536250,2000,4500,2022,12,2022-12,48,0.9197,0,0.0803,0.0,0.0,0,0,0,0,1.0,0.8044,0.2193,0.5137,-0.711,100.0,1,0
LJ500_R070_C082,70,82,702250,9536250,2500,4500,2022,12,2022-12,48,1.0,0,0.0,0.0,0.0,0,0,0,0,1.0,0.7703,0.2214,0.5058,-0.6902,100.0,1,0
LJ500_R070_C083,70,83,702750,9536250,3000,4500,2022,12,2022-12,48,1.0,0,0.0,0.0,0.0,0,0,0,0,1.0,0.8029,0.2698,0.5579,-0.726,54.56,1,0
LJ500_R070_C084,70,84,703250,9536250,3500,4500,2022,12,2022-12,48,0.9943,0,0.0057,0.0,0.0,0,0,0,0,1.0,0.7739,0.2691,0.5483,-0.7066,65.6,1,0
LJ500_R070_C085,70,85,703750,9536250,4000,4500,2022,12,2022-12,48,1.0,0,0.0,0.0,0.0,0,0,0,0,1.0,0.7853,0.3134,0.5907,-0.7256,99.84,1,0
LJ500_R070_C086,70,86,704250,9536250,4500,4500,2022,12,2022-12,48,1.0,0,0.0,0.0,0.0,0,0,0,0,1.0,0.8163,0.3507,0.6333,-0.743,100.0,1,0
LJ500_R061_C077,61,77,699750,9531750,0,0,2023,1,2023-01,49,0.0,0,1.0,0.0,0.0,0,0,0,0,1.0,0.7832,0.2382,0.5173,-0.6926,100.0,1,0
LJ500_R061_C078,61,78,700250,9531750,500,0,2023,1,2023-01,49,0.0,0,0.9516,0.0,0.0484,0,0,0,0,1.0,0.7667,0.2352,0.5165,-0.6673,100.0,1,0
LJ500_R061_C079,61,79,700750,9531750,1000,0,2023,1,2023-01,49,0.0,0,0.906,0.0,0.094,0,0,0,0,1.0,0.7891,0.2615,0.5503,-0.6875,100.0,1,0
LJ500_R061_C080,61,80,701250,9531750,1500,0,2023,1,2023-01,49,0.1714,0,0.8229,0.0,0.0057,0,0,0,0,1.0,0.7591,0.2512,0.5363,-0.6561,100.0,1,0
LJ500_R061_C081,61,81,701750,9531750,2000,0,2023,1,2023-01,49,0.0,0,1.0,0.0,0.0,0,0,0,0,1.0,0.7277,0.2312,0.512,-0.6317,100.0,1,0
LJ500_R061_C082,61,82,702250,9531750,2500,0,2023,1,2023-01,49,0.0618,0,0.9382,0.0,0.0,0,0,0,0,1.0,0.7512,0.2549,0.5403,-0.6547,100.0,1,0
LJ500_R061_C083,61,83,702750,9531750,3000,0,2023,1,2023-01,49,0.5343,0,0.3633,0.1024,0.0,0,0,0,0,1.0,0.7894,0.3118,0.5958,-0.6857,95.2,1,0
LJ500_R061_C084,61,84,703250,9531750,3500,0,2023,1,2023-01,49,0.7729,0,0.0,0.2271,0.0,0,0,0,0,1.0,0.7556,0.2544,0.5424,-0.6818,96.8,1,0
LJ500_R061_C085,61,85,703750,9531750,4000,0,2023,1,2023-01,49,0.709,0,0.291,0.0,0.0,0,0,0,0,1.0,0.7995,0.3199,0.6101,-0.7106,88.8,1,0
LJ500_R061_C086,61,86,704250,9531750,4500,0,2023,1,2023-01,49,1.0,0,0.0,0.0,0.0,0,0,0,0,1.0,0.7289,0.2637,0.5418,-0.6446,70.4,1,0
LJ500_R062_C077,62,77,699750,9532250,0,500,2023,1,2023-01,49,0.0,0,0.7197,0.0,0.2803,0,0,0,0,1.0,0.697,0.1537,0.4182,-0.6303,100.0,1,0
LJ500_R062_C078,62,78,700250,9532250,500,500,2023,1,2023-01,49,0.0,0,0.5947,0.0,0.4053,0,0,0,0,1.0,0.7125,0.1802,0.4549,-0.6321,100.0,1,0
LJ500_R062_C079,62,79,700750,9532250,1000,500,2023,1,2023-01,49,0.0,0,0.771,0.0,0.229,0,0,0,0,1.0,0.7315,0.1866,0.4724,-0.6372,100.0,1,0
LJ500_R062_C080,62,80,701250,9532250,1500,500,2023,1,2023-01,49,0.235,0,0.6379,0.0,0.1271,0,0,0,0,1.0,0.7285,0.1922,0.4801,-0.6392,100.0,1,0
LJ500_R062_C081,62,81,701750,9532250,2000,500,2023,1,2023-01,49,0.0684,0,0.7378,0.0,0.1938,0,0,0,0,1.0,0.7617,0.2451,0.5396,-0.6688,100.0,1,0
LJ500_R062_C082,62,82,702250,9532250,2500,500,2023,1,2023-01,49,0.0973,0,0.9027,0.0,0.0,0,0,0,0,1.0,0.7683,0.2842,0.5721,-0.6668,100.0,1,0
LJ500_R062_C083,62,83,702750,9532250,3000,500,2023,1,2023-01,49,0.0473,0,0.9507,0.0019,0.0,0,0,0,0,1.0,0.7462,0.2822,0.559,-0.6456,100.0,1,0
LJ500_R062_C084,62,84,703250,9532250,3500,500,2023,1,2023-01,49,0.2757,0,0.7209,0.0034,0.0,0,0,0,0,1.0,0.7798,0.2978,0.5857,-0.6803,100.0,1,0
LJ500_R062_C085,62,85,703750,9532250,4000,500,2023,1,2023-01,49,0.0588,0,0.9412,0.0,0.0,0,0,0,0,1.0,0.7691,0.2721,0.5633,-0.6748,100.0,1,0
LJ500_R062_C086,62,86,704250,9532250,4500,500,2023,1,2023-01,49,0.7611,0,0.2389,0.0,0.0,0,0,0,0,1.0,0.7452,0.2584,0.5435,-0.6601,97.6,1,0
LJ500_R063_C077,63,77,699750,9532750,0,1000,2023,1,2023-01,49,0.0,0,0.1158,0.0,0.8842,0,0,0,0,1.0,0.5961,0.0785,0.3291,-0.5512,100.0,1,0
LJ500_R063_C078,63,78,700250,9532750,500,1000,2023,1,2023-01,49,0.0328,0,0.3431,0.0,0.624,0,0,0,0,1.0,0.6732,0.1399,0.4113,-0.6067,100.0,1,0
LJ500_R063_C079,63,79,700750,9532750,1000,1000,2023,1,2023-01,49,0.2883,0,0.3768,0.0,0.3349,0,0,0,0,1.0,0.635,0.1092,0.3704,-0.586,100.0,1,0
LJ500_R063_C080,63,80,701250,9532750,1500,1000,2023,1,2023-01,49,0.1673,0,0.4746,0.0,0.358,0,0,0,0,1.0,0.6466,0.1068,0.3786,-0.5999,100.0,1,0
LJ500_R063_C081,63,81,701750,9532750,2000,1000,2023,1,2023-01,49,0.0165,0,0.5433,0.0,0.4402,0,0,0,0,1.0,0.7159,0.1908,0.4813,-0.6425,100.0,1,0
LJ500_R063_C082,63,82,702250,9532750,2500,1000,2023,1,2023-01,49,0.6742,0,0.2142,0.0,0.1117,0,0,0,0,1.0,0.7656,0.2612,0.5473,-0.6646,100.0,1,0
LJ500_R063_C083,63,83,702750,9532750,3000,1000,2023,1,2023-01,49,0.2059,0,0.7941,0.0,0.0,0,0,0,0,1.0,0.7504,0.26,0.5436,-0.6549,100.0,1,0
LJ500_R063_C084,63,84,703250,9532750,3500,1000,2023,1,2023-01,49,0.2973,0,0.7027,0.0,0.0,0,0,0,0,1.0,0.767,0.2782,0.5646,-0.6698,100.0,1,0
LJ500_R063_C085,63,85,703750,9532750,4000,1000,2023,1,2023-01,49,0.1462,0,0.8538,0.0,0.0,0,0,0,0,1.0,0.761,0.2983,0.5809,-0.6641,100.0,1,0
LJ500_R063_C086,63,86,704250,9532750,4500,1000,2023,1,2023-01,49,0.3435,0,0.6565,0.0,0.0,0,0,0,0,1.0,0.7646,0.314,0.5929,-0.6727,100.0,1,0
LJ500_R064_C077,64,77,699750,9533250,0,1500,2023,1,2023-01,49,0.3887,0,0.3116,0.0,0.2997,0,0,0,0,1.0,0.7042,0.1891,0.4572,-0.6254,100.0,1,0
LJ500_R064_C078,64,78,700250,9533250,500,1500,2023,1,2023-01,49,0.5382,0,0.082,0.0,0.3799,0,0,0,0,1.0,0.6632,0.1613,0.4317,-0.5968,100.0,1,0
LJ500_R064_C079,64,79,700750,9533250,1000,1500,2023,1,2023-01,49,0.4384,0,0.1474,0.0,0.4142,0,0,0,0,1.0,0.619,0.077,0.3451,-0.582,100.0,1,0
LJ500_R064_C080,64,80,701250,9533250,1500,1500,2023,1,2023-01,49,0.5951,0,0.4049,0.0,0.0,0,0,0,0,1.0,0.7164,0.1847,0.4687,-0.6523,100.0,1,0
LJ500_R064_C081,64,81,701750,9533250,2000,1500,2023,1,2023-01,49,0.5997,0,0.181,0.0,0.2193,0,0,0,0,1.0,0.7878,0.2748,0.5648,-0.686,100.0,1,0
LJ500_R064_C082,64,82,702250,9533250,2500,1500,2023,1,2023-01,49,0.7276,0,0.2724,0.0,0.0,0,0,0,0,1.0,0.7441,0.2353,0.5279,-0.6539,100.0,1,0
LJ500_R064_C083,64,83,702750,9533250,3000,1500,2023,1,2023-01,49,0.566,0,0.203,0.0,0.231,0,0,0,0,1.0,0.783,0.2676,0.5706,-0.688,100.0,1,0
LJ500_R064_C084,64,84,703250,9533250,3500,1500,2023,1,2023-01,49,0.235,0,0.7298,0.0,0.0352,0,0,0,0,1.0,0.788,0.3061,0.5959,-0.6881,100.0,1,0
LJ500_R064_C085,64,85,703750,9533250,4000,1500,2023,1,2023-01,49,0.5109,0,0.4891,0.0,0.0,0,0,0,0,1.0,0.7856,0.283,0.5787,-0.6822,100.0,1,0
LJ500_R064_C086,64,86,704250,9533250,4500,1500,2023,1,2023-01,49,0.748,0,0.252,0.0,0.0,0,0,0,0,1.0,0.7216,0.2357,0.5202,-0.6413,100.0,1,0
LJ500_R065_C077,65,77,699750,9533750,0,2000,2023,1,2023-01,49,0.312,0,0.4033,0.0,0.2847,0,0,0,0,1.0,0.6983,0.1989,0.4657,-0.6203,97.92,1,0
LJ500_R065_C078,65,78,700250,9533750,500,2000,2023,1,2023-01,49,0.5913,0,0.4071,0.0,0.0016,0,0,0,0,1.0,0.6584,0.1861,0.444,-0.5916,100.0,1,0
LJ500_R065_C079,65,79,700750,9533750,1000,2000,2023,1,2023-01,49,0.3219,0,0.6781,0.0,0.0,0,0,0,0,1.0,0.6061,0.118,0.3776,-0.5612,100.0,1,0
LJ500_R065_C080,65,80,701250,9533750,1500,2000,2023,1,2023-01,49,0.8266,0,0.1734,0.0,0.0,0,0,0,0,1.0,0.7999,0.2808,0.5744,-0.7027,100.0,1,0
LJ500_R065_C081,65,81,701750,9533750,2000,2000,2023,1,2023-01,49,0.9017,0,0.0983,0.0,0.0,0,0,0,0,1.0,0.7701,0.2597,0.547,-0.6756,100.0,1,0
LJ500_R065_C082,65,82,702250,9533750,2500,2000,2023,1,2023-01,49,0.7327,0,0.2673,0.0,0.0,0,0,0,0,1.0,0.7586,0.2457,0.5419,-0.6797,100.0,1,0
LJ500_R065_C083,65,83,702750,9533750,3000,2000,2023,1,2023-01,49,0.7802,0,0.1368,0.0,0.083,0,0,0,0,1.0,0.8006,0.2952,0.5909,-0.6923,100.0,1,0
LJ500_R065_C084,65,84,703250,9533750,3500,2000,2023,1,2023-01,49,0.3229,0,0.6771,0.0,0.0,0,0,0,0,1.0,0.7645,0.2708,0.5633,-0.6705,100.0,1,0
LJ500_R065_C085,65,85,703750,9533750,4000,2000,2023,1,2023-01,49,0.0167,0,0.9833,0.0,0.0,0,0,0,0,1.0,0.6876,0.1808,0.4671,-0.6186,100.0,1,0
LJ500_R065_C086,65,86,704250,9533750,4500,2000,2023,1,2023-01,49,0.7821,0,0.2179,0.0,0.0,0,0,0,0,1.0,0.7561,0.2843,0.5685,-0.669,100.0,1,0
LJ500_R066_C077,66,77,699750,9534250,0,2500,2023,1,2023-01,49,0.5018,0,0.3517,0.0,0.1465,0,0,0,0,1.0,0.7145,0.2256,0.4907,-0.6288,89.28,1,0
LJ500_R066_C078,66,78,700250,9534250,500,2500,2023,1,2023-01,49,0.1232,0,0.8768,0.0,0.0,0,0,0,0,1.0,0.6209,0.1421,0.394,-0.5632,100.0,1,0
LJ500_R066_C079,66,79,700750,9534250,1000,2500,2023,1,2023-01,49,0.3332,0,0.6668,0.0,0.0,0,0,0,0,1.0,0.599,0.107,0.3557,-0.5582,93.28,1,0
LJ500_R066_C080,66,80,701250,9534250,1500,2500,2023,1,2023-01,49,0.9149,0,0.0851,0.0,0.0,0,0,0,0,1.0,0.7492,0.2509,0.5313,-0.6763,98.08,1,0
LJ500_R066_C081,66,81,701750,9534250,2000,2500,2023,1,2023-01,49,0.7037,0,0.2963,0.0,0.0,0,0,0,0,1.0,0.6875,0.2089,0.4832,-0.6217,100.0,1,0
LJ500_R066_C082,66,82,702250,9534250,2500,2500,2023,1,2023-01,49,0.6772,0,0.3228,0.0,0.0,0,0,0,0,1.0,0.7647,0.2775,0.5615,-0.6757,100.0,1,0
LJ500_R066_C083,66,83,702750,9534250,3000,2500,2023,1,2023-01,49,0.6289,0,0.3711,0.0,0.0,0,0,0,0,1.0,0.7369,0.247,0.5248,-0.6486,100.0,1,0
LJ500_R066_C084,66,84,703250,9534250,3500,2500,2023,1,2023-01,49,0.7305,0,0.2695,0.0,0.0,0,0,0,0,1.0,0.6756,0.2016,0.4728,-0.6025,100.0,1,0
LJ500_R066_C085,66,85,703750,9534250,4000,2500,2023,1,2023-01,49,0.7865,0,0.2135,0.0,0.0,0,0,0,0,1.0,0.7381,0.2576,0.5369,-0.6539,100.0,1,0
LJ500_R066_C086,66,86,704250,9534250,4500,2500,2023,1,2023-01,49,1.0,0,0.0,0.0,0.0,0,0,0,0,1.0,0.7621,0.3045,0.5812,-0.6671,100.0,1,0
LJ500_R067_C077,67,77,699750,9534750,0,3000,2023,1,2023-01,49,0.7165,0,0.2835,0.0,0.0,0,0,0,0,1.0,0.6642,0.1874,0.4428,-0.597,93.12,1,0
LJ500_R067_C078,67,78,700250,9534750,500,3000,2023,1,2023-01,49,0.8229,0,0.1771,0.0,0.0,0,0,0,0,1.0,0.6253,0.1294,0.3833,-0.5765,65.12,1,0
LJ500_R067_C079,67,79,700750,9534750,1000,3000,2023,1,2023-01,49,0.9659,0,0.0341,0.0,0.0,0,0,0,0,1.0,0.6324,0.1955,0.4413,-0.5582,71.36,1,0
LJ500_R067_C080,67,80,701250,9534750,1500,3000,2023,1,2023-01,49,0.8944,0,0.1056,0.0,0.0,0,0,0,0,1.0,0.6579,0.2174,0.4657,-0.5928,60.8,1,0
LJ500_R067_C081,67,81,701750,9534750,2000,3000,2023,1,2023-01,49,0.7989,0,0.1897,0.0,0.0114,0,0,0,0,1.0,0.6655,0.2403,0.4983,-0.6035,91.68,1,0
LJ500_R067_C082,67,82,702250,9534750,2500,3000,2023,1,2023-01,49,1.0,0,0.0,0.0,0.0,0,0,0,0,1.0,0.77,0.2975,0.576,-0.6932,100.0,1,0
LJ500_R067_C083,67,83,702750,9534750,3000,3000,2023,1,2023-01,49,1.0,0,0.0,0.0,0.0,0,0,0,0,1.0,0.7385,0.2883,0.5595,-0.6609,100.0,1,0
LJ500_R067_C084,67,84,703250,9534750,3500,3000,2023,1,2023-01,49,1.0,0,0.0,0.0,0.0,0,0,0,0,1.0,0.7179,0.2751,0.5427,-0.644,100.0,1,0
LJ500_R067_C085,67,85,703750,9534750,4000,3000,2023,1,2023-01,49,1.0,0,0.0,0.0,0.0,0,0,0,0,1.0,0.7605,0.3045,0.5818,-0.6787,100.0,1,0
LJ500_R067_C086,67,86,704250,9534750,4500,3000,2023,1,2023-01,49,1.0,0,0.0,0.0,0.0,0,0,0,0,1.0,0.7414,0.3115,0.5822,-0.6585,76.16,1,0
LJ500_R068_C077,68,77,699750,9535250,0,3500,2023,1,2023-01,49,0.065,0,0.935,0.0,0.0,0,0,0,0,1.0,0.6731,0.155,0.4168,-0.6011,52.48,1,0
LJ500_R068_C078,68,78,700250,9535250,500,3500,2023,1,2023-01,49,0.7525,0,0.2475,0.0,0.0,0,0,0,0,1.0,0.6491,0.2307,0.4905,-0.559,13.76,1,0
LJ500_R068_C079,68,79,700750,9535250,1000,3500,2023,1,2023-01,49,1.0,0,0.0,0.0,0.0,0,0,0,0,1.0,0.7588,0.2618,0.5436,-0.6663,42.08,1,0
LJ500_R068_C080,68,80,701250,9535250,1500,3500,2023,1,2023-01,49,0.8923,0,0.1077,0.0,0.0,0,0,0,0,1.0,0.7344,0.2896,0.5508,-0.6612,3.84,1,0
LJ500_R068_C081,68,81,701750,9535250,2000,3500,2023,1,2023-01,49,0.6646,0,0.0767,0.0,0.2586,0,0,0,0,1.0,0.6314,0.1848,0.4364,-0.5851,49.92,1,0
LJ500_R068_C082,68,82,702250,9535250,2500,3500,2023,1,2023-01,49,0.9399,0,0.0601,0.0,0.0,0,0,0,0,1.0,0.7522,0.3348,0.597,-0.6803,100.0,1,0
LJ500_R068_C083,68,83,702750,9535250,3000,3500,2023,1,2023-01,49,1.0,0,0.0,0.0,0.0,0,0,0,0,1.0,0.7691,0.3774,0.6349,-0.6939,100.0,1,0
LJ500_R068_C084,68,84,703250,9535250,3500,3500,2023,1,2023-01,49,1.0,0,0.0,0.0,0.0,0,0,0,0,1.0,0.7505,0.3546,0.6169,-0.6769,100.0,1,0
LJ500_R068_C085,68,85,703750,9535250,4000,3500,2023,1,2023-01,49,1.0,0,0.0,0.0,0.0,0,0,0,0,1.0,0.771,0.3853,0.6463,-0.6946,70.08,1,0
LJ500_R068_C086,68,86,704250,9535250,4500,3500,2023,1,2023-01,49,1.0,0,0.0,0.0,0.0,0,0,0,0,1.0,0.743,0.3509,0.6174,-0.6682,94.56,1,0
LJ500_R069_C077,69,77,699750,9535750,0,4000,2023,1,2023-01,49,0.0,0,0.9574,0.0426,0.0,0,0,0,0,1.0,0.6954,0.1258,0.4047,-0.6233,87.36,1,0
LJ500_R069_C078,69,78,700250,9535750,500,4000,2023,1,2023-01,49,0.4139,0,0.5115,0.0746,0.0,0,0,0,0,1.0,0.7769,0.2275,0.52,-0.6829,89.12,1,0
LJ500_R069_C079,69,79,700750,9535750,1000,4000,2023,1,2023-01,49,0.6432,0,0.3568,0.0,0.0,0,0,0,0,1.0,0.6938,0.1717,0.4508,-0.6214,31.68,1,0
LJ500_R069_C080,69,80,701250,9535750,1500,4000,2023,1,2023-01,49,0.8514,0,0.1486,0.0,0.0,0,0,0,0,1.0,0.744,0.2334,0.5051,-0.661,48.64,1,0
LJ500_R069_C081,69,81,701750,9535750,2000,4000,2023,1,2023-01,49,1.0,0,0.0,0.0,0.0,0,0,0,0,1.0,0.7334,0.2625,0.5281,-0.6472,98.88,1,0
LJ500_R069_C082,69,82,702250,9535750,2500,4000,2023,1,2023-01,49,1.0,0,0.0,0.0,0.0,0,0,0,0,1.0,0.7657,0.2955,0.5701,-0.6804,100.0,1,0
LJ500_R069_C083,69,83,702750,9535750,3000,4000,2023,1,2023-01,49,1.0,0,0.0,0.0,0.0,0,0,0,0,1.0,0.736,0.3226,0.5867,-0.6586,100.0,1,0
LJ500_R069_C084,69,84,703250,9535750,3500,4000,2023,1,2023-01,49,1.0,0,0.0,0.0,0.0,0,0,0,0,1.0,0.6892,0.2989,0.5491,-0.6233,86.88,1,0
LJ500_R069_C085,69,85,703750,9535750,4000,4000,2023,1,2023-01,49,1.0,0,0.0,0.0,0.0,0,0,0,0,1.0,0.7485,0.3398,0.6044,-0.6806,2.72,1,0
LJ500_R069_C086,69,86,704250,9535750,4500,4000,2023,1,2023-01,49,1.0,0,0.0,0.0,0.0,0,0,0,0,1.0,0.7129,0.3002,0.5772,-0.6445,20.32,1,0
LJ500_R070_C077,70,77,699750,9536250,0,4500,2023,1,2023-01,49,0.0,0,0.3423,0.4553,0.2024,0,0,0,0,1.0,0.6995,0.1492,0.4257,-0.6383,92.16,1,0
LJ500_R070_C078,70,78,700250,9536250,500,4500,2023,1,2023-01,49,0.0,0,0.3908,0.6092,0.0,0,0,0,0,1.0,0.6561,0.1734,0.4418,-0.5885,98.4,1,0
LJ500_R070_C079,70,79,700750,9536250,1000,4500,2023,1,2023-01,49,0.2082,0,0.7834,0.0084,0.0,0,0,0,0,1.0,0.7217,0.2025,0.4803,-0.6316,95.2,1,0
LJ500_R070_C080,70,80,701250,9536250,1500,4500,2023,1,2023-01,49,0.2813,0,0.7187,0.0,0.0,0,0,0,0,1.0,0.7509,0.204,0.4843,-0.6553,98.4,1,0
LJ500_R070_C081,70,81,701750,9536250,2000,4500,2023,1,2023-01,49,0.9197,0,0.0803,0.0,0.0,0,0,0,0,1.0,0.7651,0.2494,0.5322,-0.6704,100.0,1,0
LJ500_R070_C082,70,82,702250,9536250,2500,4500,2023,1,2023-01,49,1.0,0,0.0,0.0,0.0,0,0,0,0,1.0,0.7156,0.2279,0.4961,-0.6327,100.0,1,0
LJ500_R070_C083,70,83,702750,9536250,3000,4500,2023,1,2023-01,49,1.0,0,0.0,0.0,0.0,0,0,0,0,1.0,0.7416,0.2672,0.537,-0.6649,100.0,1,0
LJ500_R070_C084,70,84,703250,9536250,3500,4500,2023,1,2023-01,49,0.9943,0,0.0057,0.0,0.0,0,0,0,0,1.0,0.7201,0.2588,0.5291,-0.6503,75.68,1,0
LJ500_R070_C085,70,85,703750,9536250,4000,4500,2023,1,2023-01,49,1.0,0,0.0,0.0,0.0,0,0,0,0,1.0,0.7147,0.3059,0.5665,-0.6574,35.52,1,0
LJ500_R070_C086,70,86,704250,9536250,4500,4500,2023,1,2023-01,49,1.0,0,0.0,0.0,0.0,0,0,0,0,1.0,0.7053,0.3331,0.5983,-0.6272,13.92,1,0
LJ500_R061_C077,61,77,699750,9531750,0,0,2023,2,2023-02,50,0.0,0,1.0,0.0,0.0,0,0,0,0,1.0,0.6456,0.325,0.5925,-0.5188,7.68,1,0
LJ500_R061_C078,61,78,700250,9531750,500,0,2023,2,2023-02,50,0.0,0,0.9516,0.0,0.0484,0,0,0,0,1.0,0.6195,0.2792,0.5248,-0.5116,0.16,1,0
LJ500_R061_C079,61,79,700750,9531750,1000,0,2023,2,2023-02,50,0.0,0,0.906,0.0,0.094,0,0,0,0,1.0,0.754,0.3393,0.6204,-0.6235,43.2,1,0
LJ500_R061_C080,61,80,701250,9531750,1500,0,2023,2,2023-02,50,0.1714,0,0.8229,0.0,0.0057,0,0,0,0,1.0,0.7425,0.3222,0.6133,-0.6114,100.0,1,0
LJ500_R061_C081,61,81,701750,9531750,2000,0,2023,2,2023-02,50,0.0,0,1.0,0.0,0.0,0,0,0,0,1.0,0.7207,0.2954,0.5924,-0.585,25.44,1,0
LJ500_R061_C082,61,82,702250,9531750,2500,0,2023,2,2023-02,50,0.0618,0,0.9382,0.0,0.0,0,0,0,0,1.0,0.74,0.3305,0.6269,-0.6099,21.12,1,0
LJ500_R061_C083,61,83,702750,9531750,3000,0,2023,2,2023-02,50,0.5343,0,0.3633,0.1024,0.0,0,0,0,0,1.0,0.7665,0.3813,0.6748,-0.6285,65.6,1,0
LJ500_R061_C084,61,84,703250,9531750,3500,0,2023,2,2023-02,50,0.7729,0,0.0,0.2271,0.0,0,0,0,0,1.0,0.706,0.2848,0.566,-0.6151,4.8,1,0
LJ500_R061_C085,61,85,703750,9531750,4000,0,2023,2,2023-02,50,0.709,0,0.291,0.0,0.0,0,0,0,0,1.0,,,,,0.0,1,1
LJ500_R061_C086,61,86,704250,9531750,4500,0,2023,2,2023-02,50,1.0,0,0.0,0.0,0.0,0,0,0,0,1.0,,,,,0.0,1,1
LJ500_R062_C077,62,77,699750,9532250,0,500,2023,2,2023-02,50,0.0,0,0.7197,0.0,0.2803,0,0,0,0,1.0,0.7665,0.3939,0.6818,-0.6288,3.04,1,0
LJ500_R062_C078,62,78,700250,9532250,500,500,2023,2,2023-02,50,0.0,0,0.5947,0.0,0.4053,0,0,0,0,1.0,,,,,0.0,1,1
LJ500_R062_C079,62,79,700750,9532250,1000,500,2023,2,2023-02,50,0.0,0,0.771,0.0,0.229,0,0,0,0,1.0,0.8058,0.3396,0.6332,-0.6596,4.16,1,0
LJ500_R062_C080,62,80,701250,9532250,1500,500,2023,2,2023-02,50,0.235,0,0.6379,0.0,0.1271,0,0,0,0,1.0,0.7444,0.2874,0.5814,-0.6163,48.48,1,0
LJ500_R062_C081,62,81,701750,9532250,2000,500,2023,2,2023-02,50,0.0684,0,0.7378,0.0,0.1938,0,0,0,0,1.0,,,,,0.0,1,1
LJ500_R062_C082,62,82,702250,9532250,2500,500,2023,2,2023-02,50,0.0973,0,0.9027,0.0,0.0,0,0,0,0,1.0,0.7269,0.3085,0.6025,-0.5879,2.56,1,0
LJ500_R062_C083,62,83,702750,9532250,3000,500,2023,2,2023-02,50,0.0473,0,0.9507,0.0019,0.0,0,0,0,0,1.0,0.7363,0.3303,0.6271,-0.6042,44.16,1,0
LJ500_R062_C084,62,84,703250,9532250,3500,500,2023,2,2023-02,50,0.2757,0,0.7209,0.0034,0.0,0,0,0,0,1.0,0.7781,0.3749,0.6739,-0.6446,5.76,1,0
LJ500_R062_C085,62,85,703750,9532250,4000,500,2023,2,2023-02,50,0.0588,0,0.9412,0.0,0.0,0,0,0,0,1.0,0.7105,0.3028,0.5879,-0.5894,8.64,1,0
LJ500_R062_C086,62,86,704250,9532250,4500,500,2023,2,2023-02,50,0.7611,0,0.2389,0.0,0.0,0,0,0,0,1.0,,,,,0.0,1,1
LJ500_R063_C077,63,77,699750,9532750,0,1000,2023,2,2023-02,50,0.0,0,0.1158,0.0,0.8842,0,0,0,0,1.0,,,,,0.0,1,1
LJ500_R063_C078,63,78,700250,9532750,500,1000,2023,2,2023-02,50,0.0328,0,0.3431,0.0,0.624,0,0,0,0,1.0,,,,,0.0,1,1
LJ500_R063_C079,63,79,700750,9532750,1000,1000,2023,2,2023-02,50,0.2883,0,0.3768,0.0,0.3349,0,0,0,0,1.0,,,,,0.0,1,1
LJ500_R063_C080,63,80,701250,9532750,1500,1000,2023,2,2023-02,50,0.1673,0,0.4746,0.0,0.358,0,0,0,0,1.0,,,,,0.0,1,1
LJ500_R063_C081,63,81,701750,9532750,2000,1000,2023,2,2023-02,50,0.0165,0,0.5433,0.0,0.4402,0,0,0,0,1.0,,,,,0.0,1,1
LJ500_R063_C082,63,82,702250,9532750,2500,1000,2023,2,2023-02,50,0.6742,0,0.2142,0.0,0.1117,0,0,0,0,1.0,0.7778,0.3378,0.6326,-0.6415,5.44,1,0
LJ500_R063_C083,63,83,702750,9532750,3000,1000,2023,2,2023-02,50,0.2059,0,0.7941,0.0,0.0,0,0,0,0,1.0,0.7745,0.3119,0.6191,-0.6574,8.32,1,0
LJ500_R063_C084,63,84,703250,9532750,3500,1000,2023,2,2023-02,50,0.2973,0,0.7027,0.0,0.0,0,0,0,0,1.0,0.7526,0.2974,0.5982,-0.6362,45.28,1,0
LJ500_R063_C085,63,85,703750,9532750,4000,1000,2023,2,2023-02,50,0.1462,0,0.8538,0.0,0.0,0,0,0,0,1.0,0.7503,0.352,0.6396,-0.6305,8.16,1,0
LJ500_R063_C086,63,86,704250,9532750,4500,1000,2023,2,2023-02,50,0.3435,0,0.6565,0.0,0.0,0,0,0,0,1.0,0.7746,0.3519,0.6494,-0.6523,11.2,1,0
LJ500_R064_C077,64,77,699750,9533250,0,1500,2023,2,2023-02,50,0.3887,0,0.3116,0.0,0.2997,0,0,0,0,1.0,,,,,0.0,1,1
LJ500_R064_C078,64,78,700250,9533250,500,1500,2023,2,2023-02,50,0.5382,0,0.082,0.0,0.3799,0,0,0,0,1.0,,,,,0.0,1,1
LJ500_R064_C079,64,79,700750,9533250,1000,1500,2023,2,2023-02,50,0.4384,0,0.1474,0.0,0.4142,0,0,0,0,1.0,,,,,0.0,1,1
LJ500_R064_C080,64,80,701250,9533250,1500,1500,2023,2,2023-02,50,0.5951,0,0.4049,0.0,0.0,0,0,0,0,1.0,,,,,0.0,1,1
LJ500_R064_C081,64,81,701750,9533250,2000,1500,2023,2,2023-02,50,0.5997,0,0.181,0.0,0.2193,0,0,0,0,1.0,,,,,0.0,1,1
LJ500_R064_C082,64,82,702250,9533250,2500,1500,2023,2,2023-02,50,0.7276,0,0.2724,0.0,0.0,0,0,0,0,1.0,,,,,0.0,1,1
LJ500_R064_C083,64,83,702750,9533250,3000,1500,2023,2,2023-02,50,0.566,0,0.203,0.0,0.231,0,0,0,0,1.0,,,,,0.0,1,1
LJ500_R064_C084,64,84,703250,9533250,3500,1500,2023,2,2023-02,50,0.235,0,0.7298,0.0,0.0352,0,0,0,0,1.0,,,,,0.0,1,1
LJ500_R064_C085,64,85,703750,9533250,4000,1500,2023,2,2023-02,50,0.5109,0,0.4891,0.0,0.0,0,0,0,0,1.0,,,,,0.0,1,1
LJ500_R064_C086,64,86,704250,9533250,4500,1500,2023,2,2023-02,50,0.748,0,0.252,0.0,0.0,0,0,0,0,1.0,,,,,0.0,1,1
LJ500_R065_C077,65,77,699750,9533750,0,2000,2023,2,2023-02,50,0.312,0,0.4033,0.0,0.2847,0,0,0,0,1.0,,,,,0.0,1,1
LJ500_R065_C078,65,78,700250,9533750,500,2000,2023,2,2023-02,50,0.5913,0,0.4071,0.0,0.0016,0,0,0,0,1.0,,,,,0.0,1,1
LJ500_R065_C079,65,79,700750,9533750,1000,2000,2023,2,2023-02,50,0.3219,0,0.6781,0.0,0.0,0,0,0,0,1.0,,,,,0.0,1,1
LJ500_R065_C080,65,80,701250,9533750,1500,2000,2023,2,2023-02,50,0.8266,0,0.1734,0.0,0.0,0,0,0,0,1.0,,,,,0.0,1,1
LJ500_R065_C081,65,81,701750,9533750,2000,2000,2023,2,2023-02,50,0.9017,0,0.0983,0.0,0.0,0,0,0,0,1.0,,,,,0.0,1,1
LJ500_R065_C082,65,82,702250,9533750,2500,2000,2023,2,2023-02,50,0.7327,0,0.2673,0.0,0.0,0,0,0,0,1.0,,,,,0.0,1,1
LJ500_R065_C083,65,83,702750,9533750,3000,2000,2023,2,2023-02,50,0.7802,0,0.1368,0.0,0.083,0,0,0,0,1.0,,,,,0.0,1,1
LJ500_R065_C084,65,84,703250,9533750,3500,2000,2023,2,2023-02,50,0.3229,0,0.6771,0.0,0.0,0,0,0,0,1.0,,,,,0.0,1,1
LJ500_R065_C085,65,85,703750,9533750,4000,2000,2023,2,2023-02,50,0.0167,0,0.9833,0.0,0.0,0,0,0,0,1.0,,,,,0.0,1,1
LJ500_R065_C086,65,86,704250,9533750,4500,2000,2023,2,2023-02,50,0.7821,0,0.2179,0.0,0.0,0,0,0,0,1.0,,,,,0.0,1,1
LJ500_R066_C077,66,77,699750,9534250,0,2500,2023,2,2023-02,50,0.5018,0,0.3517,0.0,0.1465,0,0,0,0,1.0,,,,,0.0,1,1
LJ500_R066_C078,66,78,700250,9534250,500,2500,2023,2,2023-02,50,0.1232,0,0.8768,0.0,0.0,0,0,0,0,1.0,,,,,0.0,1,1
LJ500_R066_C079,66,79,700750,9534250,1000,2500,2023,2,2023-02,50,0.3332,0,0.6668,0.0,0.0,0,0,0,0,1.0,,,,,0.0,1,1
LJ500_R066_C080,66,80,701250,9534250,1500,2500,2023,2,2023-02,50,0.9149,0,0.0851,0.0,0.0,0,0,0,0,1.0,,,,,0.0,1,1
LJ500_R066_C081,66,81,701750,9534250,2000,2500,2023,2,2023-02,50,0.7037,0,0.2963,0.0,0.0,0,0,0,0,1.0,,,,,0.0,1,1
LJ500_R066_C082,66,82,702250,9534250,2500,2500,2023,2,2023-02,50,0.6772,0,0.3228,0.0,0.0,0,0,0,0,1.0,,,,,0.0,1,1
LJ500_R066_C083,66,83,702750,9534250,3000,2500,2023,2,2023-02,50,0.6289,0,0.3711,0.0,0.0,0,0,0,0,1.0,,,,,0.0,1,1
LJ500_R066_C084,66,84,703250,9534250,3500,2500,2023,2,2023-02,50,0.7305,0,0.2695,0.0,0.0,0,0,0,0,1.0,,,,,0.0,1,1
LJ500_R066_C085,66,85,703750,9534250,4000,2500,2023,2,2023-02,50,0.7865,0,0.2135,0.0,0.0,0,0,0,0,1.0,,,,,0.0,1,1
LJ500_R066_C086,66,86,704250,9534250,4500,2500,2023,2,2023-02,50,1.0,0,0.0,0.0,0.0,0,0,0,0,1.0,,,,,0.0,1,1
LJ500_R067_C077,67,77,699750,9534750,0,3000,2023,2,2023-02,50,0.7165,0,0.2835,0.0,0.0,0,0,0,0,1.0,,,,,0.0,1,1
LJ500_R067_C078,67,78,700250,9534750,500,3000,2023,2,2023-02,50,0.8229,0,0.1771,0.0,0.0,0,0,0,0,1.0,,,,,0.0,1,1
LJ500_R067_C079,67,79,700750,9534750,1000,3000,2023,2,2023-02,50,0.9659,0,0.0341,0.0,0.0,0,0,0,0,1.0,,,,,0.0,1,1
LJ500_R067_C080,67,80,701250,9534750,1500,3000,2023,2,2023-02,50,0.8944,0,0.1056,0.0,0.0,0,0,0,0,1.0,,,,,0.0,1,1
LJ500_R067_C081,67,81,701750,9534750,2000,3000,2023,2,2023-02,50,0.7989,0,0.1897,0.0,0.0114,0,0,0,0,1.0,,,,,0.0,1,1
LJ500_R067_C082,67,82,702250,9534750,2500,3000,2023,2,2023-02,50,1.0,0,0.0,0.0,0.0,0,0,0,0,1.0,,,,,0.0,1,1
LJ500_R067_C083,67,83,702750,9534750,3000,3000,2023,2,2023-02,50,1.0,0,0.0,0.0,0.0,0,0,0,0,1.0,,,,,0.0,1,1
LJ500_R067_C084,67,84,703250,9534750,3500,3000,2023,2,2023-02,50,1.0,0,0.0,0.0,0.0,0,0,0,0,1.0,,,,,0.0,1,1
LJ500_R067_C085,67,85,703750,9534750,4000,3000,2023,2,2023-02,50,1.0,0,0.0,0.0,0.0,0,0,0,0,1.0,,,,,0.0,1,1
LJ500_R067_C086,67,86,704250,9534750,4500,3000,2023,2,2023-02,50,1.0,0,0.0,0.0,0.0,0,0,0,0,1.0,,,,,0.0,1,1
LJ500_R068_C077,68,77,699750,9535250,0,3500,2023,2,2023-02,50,0.065,0,0.935,0.0,0.0,0,0,0,0,1.0,,,,,0.0,1,1
LJ500_R068_C078,68,78,700250,9535250,500,3500,2023,2,2023-02,50,0.7525,0,0.2475,0.0,0.0,0,0,0,0,1.0,,,,,0.0,1,1
LJ500_R068_C079,68,79,700750,9535250,1000,3500,2023,2,2023-02,50,1.0,0,0.0,0.0,0.0,0,0,0,0,1.0,,,,,0.0,1,1
LJ500_R068_C080,68,80,701250,9535250,1500,3500,2023,2,2023-02,50,0.8923,0,0.1077,0.0,0.0,0,0,0,0,1.0,,,,,0.0,1,1
LJ500_R068_C081,68,81,701750,9535250,2000,3500,2023,2,2023-02,50,0.6646,0,0.0767,0.0,0.2586,0,0,0,0,1.0,,,,,0.0,1,1
LJ500_R068_C082,68,82,702250,9535250,2500,3500,2023,2,2023-02,50,0.9399,0,0.0601,0.0,0.0,0,0,0,0,1.0,,,,,0.0,1,1
LJ500_R068_C083,68,83,702750,9535250,3000,3500,2023,2,2023-02,50,1.0,0,0.0,0.0,0.0,0,0,0,0,1.0,,,,,0.0,1,1
LJ500_R068_C084,68,84,703250,9535250,3500,3500,2023,2,2023-02,50,1.0,0,0.0,0.0,0.0,0,0,0,0,1.0,,,,,0.0,1,1
LJ500_R068_C085,68,85,703750,9535250,4000,3500,2023,2,2023-02,50,1.0,0,0.0,0.0,0.0,0,0,0,0,1.0,,,,,0.0,1,1
LJ500_R068_C086,68,86,704250,9535250,4500,3500,2023,2,2023-02,50,1.0,0,0.0,0.0,0.0,0,0,0,0,1.0,,,,,0.0,1,1
LJ500_R069_C077,69,77,699750,9535750,0,4000,2023,2,2023-02,50,0.0,0,0.9574,0.0426,0.0,0,0,0,0,1.0,,,,,0.0,1,1
LJ500_R069_C078,69,78,700250,9535750,500,4000,2023,2,2023-02,50,0.4139,0,0.5115,0.0746,0.0,0,0,0,0,1.0,,,,,0.0,1,1
LJ500_R069_C079,69,79,700750,9535750,1000,4000,2023,2,2023-02,50,0.6432,0,0.3568,0.0,0.0,0,0,0,0,1.0,,,,,0.0,1,1
LJ500_R069_C080,69,80,701250,9535750,1500,4000,2023,2,2023-02,50,0.8514,0,0.1486,0.0,0.0,0,0,0,0,1.0,,,,,0.0,1,1
LJ500_R069_C081,69,81,701750,9535750,2000,4000,2023,2,2023-02,50,1.0,0,0.0,0.0,0.0,0,0,0,0,1.0,,,,,0.0,1,1
LJ500_R069_C082,69,82,702250,9535750,2500,4000,2023,2,2023-02,50,1.0,0,0.0,0.0,0.0,0,0,0,0,1.0,,,,,0.0,1,1
LJ500_R069_C083,69,83,702750,9535750,3000,4000,2023,2,2023-02,50,1.0,0,0.0,0.0,0.0,0,0,0,0,1.0,,,,,0.0,1,1
LJ500_R069_C084,69,84,703250,9535750,3500,4000,2023,2,2023-02,50,1.0,0,0.0,0.0,0.0,0,0,0,0,1.0,,,,,0.0,1,1
LJ500_R069_C085,69,85,703750,9535750,4000,4000,2023,2,2023-02,50,1.0,0,0.0,0.0,0.0,0,0,0,0,1.0,,,,,0.0,1,1
LJ500_R069_C086,69,86,704250,9535750,4500,4000,2023,2,2023-02,50,1.0,0,0.0,0.0,0.0,0,0,0,0,1.0,,,,,0.0,1,1
LJ500_R070_C077,70,77,699750,9536250,0,4500,2023,2,2023-02,50,0.0,0,0.3423,0.4553,0.2024,0,0,0,0,1.0,,,,,0.0,1,1
LJ500_R070_C078,70,78,700250,9536250,500,4500,2023,2,2023-02,50,0.0,0,0.3908,0.6092,0.0,0,0,0,0,1.0,,,,,0.0,1,1
LJ500_R070_C079,70,79,700750,9536250,1000,4500,2023,2,2023-02,50,0.2082,0,0.7834,0.0084,0.0,0,0,0,0,1.0,0.6589,0.2854,0.5768,-0.534,12.64,1,0
LJ500_R070_C080,70,80,701250,9536250,1500,4500,2023,2,2023-02,50,0.2813,0,0.7187,0.0,0.0,0,0,0,0,1.0,0.7584,0.345,0.64,-0.633,3.52,1,0
LJ500_R070_C081,70,81,701750,9536250,2000,4500,2023,2,2023-02,50,0.9197,0,0.0803,0.0,0.0,0,0,0,0,1.0,0.6919,0.2834,0.5778,-0.5803,0.48,1,0
LJ500_R070_C082,70,82,702250,9536250,2500,4500,2023,2,2023-02,50,1.0,0,0.0,0.0,0.0,0,0,0,0,1.0,,,,,0.0,1,1
LJ500_R070_C083,70,83,702750,9536250,3000,4500,2023,2,2023-02,50,1.0,0,0.0,0.0,0.0,0,0,0,0,1.0,,,,,0.0,1,1
LJ500_R070_C084,70,84,703250,9536250,3500,4500,2023,2,2023-02,50,0.9943,0,0.0057,0.0,0.0,0,0,0,0,1.0,,,,,0.0,1,1
LJ500_R070_C085,70,85,703750,9536250,4000,4500,2023,2,2023-02,50,1.0,0,0.0,0.0,0.0,0,0,0,0,1.0,,,,,0.0,1,1
LJ500_R070_C086,70,86,704250,9536250,4500,4500,2023,2,2023-02,50,1.0,0,0.0,0.0,0.0,0,0,0,0,1.0,,,,,0.0,1,1
LJ500_R061_C077,61,77,699750,9531750,0,0,2023,3,2023-03,51,0.0,0,1.0,0.0,0.0,0,0,0,0,1.0,,,,,0.0,1,1
LJ500_R061_C078,61,78,700250,9531750,500,0,2023,3,2023-03,51,0.0,0,0.9516,0.0,0.0484,0,0,0,0,1.0,,,,,0.0,1,1
LJ500_R061_C079,61,79,700750,9531750,1000,0,2023,3,2023-03,51,0.0,0,0.906,0.0,0.094,0,0,0,0,1.0,,,,,0.0,1,1
LJ500_R061_C080,61,80,701250,9531750,1500,0,2023,3,2023-03,51,0.1714,0,0.8229,0.0,0.0057,0,0,0,0,1.0,,,,,0.0,1,1
LJ500_R061_C081,61,81,701750,9531750,2000,0,2023,3,2023-03,51,0.0,0,1.0,0.0,0.0,0,0,0,0,1.0,,,,,0.0,1,1
LJ500_R061_C082,61,82,702250,9531750,2500,0,2023,3,2023-03,51,0.0618,0,0.9382,0.0,0.0,0,0,0,0,1.0,,,,,0.0,1,1
LJ500_R061_C083,61,83,702750,9531750,3000,0,2023,3,2023-03,51,0.5343,0,0.3633,0.1024,0.0,0,0,0,0,1.0,,,,,0.0,1,1
LJ500_R061_C084,61,84,703250,9531750,3500,0,2023,3,2023-03,51,0.7729,0,0.0,0.2271,0.0,0,0,0,0,1.0,,,,,0.0,1,1
LJ500_R061_C085,61,85,703750,9531750,4000,0,2023,3,2023-03,51,0.709,0,0.291,0.0,0.0,0,0,0,0,1.0,,,,,0.0,1,1
LJ500_R061_C086,61,86,704250,9531750,4500,0,2023,3,2023-03,51,1.0,0,0.0,0.0,0.0,0,0,0,0,1.0,,,,,0.0,1,1
LJ500_R062_C077,62,77,699750,9532250,0,500,2023,3,2023-03,51,0.0,0,0.7197,0.0,0.2803,0,0,0,0,1.0,,,,,0.0,1,1
LJ500_R062_C078,62,78,700250,9532250,500,500,2023,3,2023-03,51,0.0,0,0.5947,0.0,0.4053,0,0,0,0,1.0,,,,,0.0,1,1
LJ500_R062_C079,62,79,700750,9532250,1000,500,2023,3,2023-03,51,0.0,0,0.771,0.0,0.229,0,0,0,0,1.0,,,,,0.0,1,1
LJ500_R062_C080,62,80,701250,9532250,1500,500,2023,3,2023-03,51,0.235,0,0.6379,0.0,0.1271,0,0,0,0,1.0,,,,,0.0,1,1
LJ500_R062_C081,62,81,701750,9532250,2000,500,2023,3,2023-03,51,0.0684,0,0.7378,0.0,0.1938,0,0,0,0,1.0,,,,,0.0,1,1
LJ500_R062_C082,62,82,702250,9532250,2500,500,2023,3,2023-03,51,0.0973,0,0.9027,0.0,0.0,0,0,0,0,1.0,,,,,0.0,1,1
LJ500_R062_C083,62,83,702750,9532250,3000,500,2023,3,2023-03,51,0.0473,0,0.9507,0.0019,0.0,0,0,0,0,1.0,,,,,0.0,1,1
LJ500_R062_C084,62,84,703250,9532250,3500,500,2023,3,2023-03,51,0.2757,0,0.7209,0.0034,0.0,0,0,0,0,1.0,,,,,0.0,1,1
LJ500_R062_C085,62,85,703750,9532250,4000,500,2023,3,2023-03,51,0.0588,0,0.9412,0.0,0.0,0,0,0,0,1.0,,,,,0.0,1,1
LJ500_R062_C086,62,86,704250,9532250,4500,500,2023,3,2023-03,51,0.7611,0,0.2389,0.0,0.0,0,0,0,0,1.0,,,,,0.0,1,1
LJ500_R063_C077,63,77,699750,9532750,0,1000,2023,3,2023-03,51,0.0,0,0.1158,0.0,0.8842,0,0,0,0,1.0,,,,,0.0,1,1
LJ500_R063_C078,63,78,700250,9532750,500,1000,2023,3,2023-03,51,0.0328,0,0.3431,0.0,0.624,0,0,0,0,1.0,,,,,0.0,1,1
LJ500_R063_C079,63,79,700750,9532750,1000,1000,2023,3,2023-03,51,0.2883,0,0.3768,0.0,0.3349,0,0,0,0,1.0,,,,,0.0,1,1
LJ500_R063_C080,63,80,701250,9532750,1500,1000,2023,3,2023-03,51,0.1673,0,0.4746,0.0,0.358,0,0,0,0,1.0,,,,,0.0,1,1
LJ500_R063_C081,63,81,701750,9532750,2000,1000,2023,3,2023-03,51,0.0165,0,0.5433,0.0,0.4402,0,0,0,0,1.0,,,,,0.0,1,1
LJ500_R063_C082,63,82,702250,9532750,2500,1000,2023,3,2023-03,51,0.6742,0,0.2142,0.0,0.1117,0,0,0,0,1.0,,,,,0.0,1,1
LJ500_R063_C083,63,83,702750,9532750,3000,1000,2023,3,2023-03,51,0.2059,0,0.7941,0.0,0.0,0,0,0,0,1.0,,,,,0.0,1,1
LJ500_R063_C084,63,84,703250,9532750,3500,1000,2023,3,2023-03,51,0.2973,0,0.7027,0.0,0.0,0,0,0,0,1.0,,,,,0.0,1,1
LJ500_R063_C085,63,85,703750,9532750,4000,1000,2023,3,2023-03,51,0.1462,0,0.8538,0.0,0.0,0,0,0,0,1.0,,,,,0.0,1,1
LJ500_R063_C086,63,86,704250,9532750,4500,1000,2023,3,2023-03,51,0.3435,0,0.6565,0.0,0.0,0,0,0,0,1.0,,,,,0.0,1,1
LJ500_R064_C077,64,77,699750,9533250,0,1500,2023,3,2023-03,51,0.3887,0,0.3116,0.0,0.2997,0,0,0,0,1.0,,,,,0.0,1,1
LJ500_R064_C078,64,78,700250,9533250,500,1500,2023,3,2023-03,51,0.5382,0,0.082,0.0,0.3799,0,0,0,0,1.0,,,,,0.0,1,1
LJ500_R064_C079,64,79,700750,9533250,1000,1500,2023,3,2023-03,51,0.4384,0,0.1474,0.0,0.4142,0,0,0,0,1.0,,,,,0.0,1,1
LJ500_R064_C080,64,80,701250,9533250,1500,1500,2023,3,2023-03,51,0.5951,0,0.4049,0.0,0.0,0,0,0,0,1.0,,,,,0.0,1,1
LJ500_R064_C081,64,81,701750,9533250,2000,1500,2023,3,2023-03,51,0.5997,0,0.181,0.0,0.2193,0,0,0,0,1.0,,,,,0.0,1,1
LJ500_R064_C082,64,82,702250,9533250,2500,1500,2023,3,2023-03,51,0.7276,0,0.2724,0.0,0.0,0,0,0,0,1.0,,,,,0.0,1,1
LJ500_R064_C083,64,83,702750,9533250,3000,1500,2023,3,2023-03,51,0.566,0,0.203,0.0,0.231,0,0,0,0,1.0,,,,,0.0,1,1
LJ500_R064_C084,64,84,703250,9533250,3500,1500,2023,3,2023-03,51,0.235,0,0.7298,0.0,0.0352,0,0,0,0,1.0,,,,,0.0,1,1
LJ500_R064_C085,64,85,703750,9533250,4000,1500,2023,3,2023-03,51,0.5109,0,0.4891,0.0,0.0,0,0,0,0,1.0,,,,,0.0,1,1
LJ500_R064_C086,64,86,704250,9533250,4500,1500,2023,3,2023-03,51,0.748,0,0.252,0.0,0.0,0,0,0,0,1.0,,,,,0.0,1,1
LJ500_R065_C077,65,77,699750,9533750,0,2000,2023,3,2023-03,51,0.312,0,0.4033,0.0,0.2847,0,0,0,0,1.0,,,,,0.0,1,1
LJ500_R065_C078,65,78,700250,9533750,500,2000,2023,3,2023-03,51,0.5913,0,0.4071,0.0,0.0016,0,0,0,0,1.0,,,,,0.0,1,1
LJ500_R065_C079,65,79,700750,9533750,1000,2000,2023,3,2023-03,51,0.3219,0,0.6781,0.0,0.0,0,0,0,0,1.0,,,,,0.0,1,1
LJ500_R065_C080,65,80,701250,9533750,1500,2000,2023,3,2023-03,51,0.8266,0,0.1734,0.0,0.0,0,0,0,0,1.0,,,,,0.0,1,1
LJ500_R065_C081,65,81,701750,9533750,2000,2000,2023,3,2023-03,51,0.9017,0,0.0983,0.0,0.0,0,0,0,0,1.0,,,,,0.0,1,1
LJ500_R065_C082,65,82,702250,9533750,2500,2000,2023,3,2023-03,51,0.7327,0,0.2673,0.0,0.0,0,0,0,0,1.0,,,,,0.0,1,1
LJ500_R065_C083,65,83,702750,9533750,3000,2000,2023,3,2023-03,51,0.7802,0,0.1368,0.0,0.083,0,0,0,0,1.0,,,,,0.0,1,1
LJ500_R065_C084,65,84,703250,9533750,3500,2000,2023,3,2023-03,51,0.3229,0,0.6771,0.0,0.0,0,0,0,0,1.0,,,,,0.0,1,1
LJ500_R065_C085,65,85,703750,9533750,4000,2000,2023,3,2023-03,51,0.0167,0,0.9833,0.0,0.0,0,0,0,0,1.0,,,,,0.0,1,1
LJ500_R065_C086,65,86,704250,9533750,4500,2000,2023,3,2023-03,51,0.7821,0,0.2179,0.0,0.0,0,0,0,0,1.0,,,,,0.0,1,1
LJ500_R066_C077,66,77,699750,9534250,0,2500,2023,3,2023-03,51,0.5018,0,0.3517,0.0,0.1465,0,0,0,0,1.0,,,,,0.0,1,1
LJ500_R066_C078,66,78,700250,9534250,500,2500,2023,3,2023-03,51,0.1232,0,0.8768,0.0,0.0,0,0,0,0,1.0,,,,,0.0,1,1
LJ500_R066_C079,66,79,700750,9534250,1000,2500,2023,3,2023-03,51,0.3332,0,0.6668,0.0,0.0,0,0,0,0,1.0,,,,,0.0,1,1
LJ500_R066_C080,66,80,701250,9534250,1500,2500,2023,3,2023-03,51,0.9149,0,0.0851,0.0,0.0,0,0,0,0,1.0,,,,,0.0,1,1
LJ500_R066_C081,66,81,701750,9534250,2000,2500,2023,3,2023-03,51,0.7037,0,0.2963,0.0,0.0,0,0,0,0,1.0,,,,,0.0,1,1
LJ500_R066_C082,66,82,702250,9534250,2500,2500,2023,3,2023-03,51,0.6772,0,0.3228,0.0,0.0,0,0,0,0,1.0,,,,,0.0,1,1
LJ500_R066_C083,66,83,702750,9534250,3000,2500,2023,3,2023-03,51,0.6289,0,0.3711,0.0,0.0,0,0,0,0,1.0,,,,,0.0,1,1
LJ500_R066_C084,66,84,703250,9534250,3500,2500,2023,3,2023-03,51,0.7305,0,0.2695,0.0,0.0,0,0,0,0,1.0,,,,,0.0,1,1
LJ500_R066_C085,66,85,703750,9534250,4000,2500,2023,3,2023-03,51,0.7865,0,0.2135,0.0,0.0,0,0,0,0,1.0,,,,,0.0,1,1
LJ500_R066_C086,66,86,704250,9534250,4500,2500,2023,3,2023-03,51,1.0,0,0.0,0.0,0.0,0,0,0,0,1.0,,,,,0.0,1,1
LJ500_R067_C077,67,77,699750,9534750,0,3000,2023,3,2023-03,51,0.7165,0,0.2835,0.0,0.0,0,0,0,0,1.0,,,,,0.0,1,1
LJ500_R067_C078,67,78,700250,9534750,500,3000,2023,3,2023-03,51,0.8229,0,0.1771,0.0,0.0,0,0,0,0,1.0,,,,,0.0,1,1
LJ500_R067_C079,67,79,700750,9534750,1000,3000,2023,3,2023-03,51,0.9659,0,0.0341,0.0,0.0,0,0,0,0,1.0,,,,,0.0,1,1
LJ500_R067_C080,67,80,701250,9534750,1500,3000,2023,3,2023-03,51,0.8944,0,0.1056,0.0,0.0,0,0,0,0,1.0,,,,,0.0,1,1
LJ500_R067_C081,67,81,701750,9534750,2000,3000,2023,3,2023-03,51,0.7989,0,0.1897,0.0,0.0114,0,0,0,0,1.0,,,,,0.0,1,1
LJ500_R067_C082,67,82,702250,9534750,2500,3000,2023,3,2023-03,51,1.0,0,0.0,0.0,0.0,0,0,0,0,1.0,,,,,0.0,1,1
LJ500_R067_C083,67,83,702750,9534750,3000,3000,2023,3,2023-03,51,1.0,0,0.0,0.0,0.0,0,0,0,0,1.0,,,,,0.0,1,1
LJ500_R067_C084,67,84,703250,9534750,3500,3000,2023,3,2023-03,51,1.0,0,0.0,0.0,0.0,0,0,0,0,1.0,,,,,0.0,1,1
LJ500_R067_C085,67,85,703750,9534750,4000,3000,2023,3,2023-03,51,1.0,0,0.0,0.0,0.0,0,0,0,0,1.0,,,,,0.0,1,1
LJ500_R067_C086,67,86,704250,9534750,4500,3000,2023,3,2023-03,51,1.0,0,0.0,0.0,0.0,0,0,0,0,1.0,,,,,0.0,1,1
LJ500_R068_C077,68,77,699750,9535250,0,3500,2023,3,2023-03,51,0.065,0,0.935,0.0,0.0,0,0,0,0,1.0,,,,,0.0,1,1
LJ500_R068_C078,68,78,700250,9535250,500,3500,2023,3,2023-03,51,0.7525,0,0.2475,0.0,0.0,0,0,0,0,1.0,,,,,0.0,1,1
LJ500_R068_C079,68,79,700750,9535250,1000,3500,2023,3,2023-03,51,1.0,0,0.0,0.0,0.0,0,0,0,0,1.0,,,,,0.0,1,1
LJ500_R068_C080,68,80,701250,9535250,1500,3500,2023,3,2023-03,51,0.8923,0,0.1077,0.0,0.0,0,0,0,0,1.0,,,,,0.0,1,1
LJ500_R068_C081,68,81,701750,9535250,2000,3500,2023,3,2023-03,51,0.6646,0,0.0767,0.0,0.2586,0,0,0,0,1.0,,,,,0.0,1,1
LJ500_R068_C082,68,82,702250,9535250,2500,3500,2023,3,2023-03,51,0.9399,0,0.0601,0.0,0.0,0,0,0,0,1.0,,,,,0.0,1,1
LJ500_R068_C083,68,83,702750,9535250,3000,3500,2023,3,2023-03,51,1.0,0,0.0,0.0,0.0,0,0,0,0,1.0,,,,,0.0,1,1
LJ500_R068_C084,68,84,703250,9535250,3500,3500,2023,3,2023-03,51,1.0,0,0.0,0.0,0.0,0,0,0,0,1.0,,,,,0.0,1,1
LJ500_R068_C085,68,85,703750,9535250,4000,3500,2023,3,2023-03,51,1.0,0,0.0,0.0,0.0,0,0,0,0,1.0,,,,,0.0,1,1
LJ500_R068_C086,68,86,704250,9535250,4500,3500,2023,3,2023-03,51,1.0,0,0.0,0.0,0.0,0,0,0,0,1.0,,,,,0.0,1,1
LJ500_R069_C077,69,77,699750,9535750,0,4000,2023,3,2023-03,51,0.0,0,0.9574,0.0426,0.0,0,0,0,0,1.0,,,,,0.0,1,1
LJ500_R069_C078,69,78,700250,9535750,500,4000,2023,3,2023-03,51,0.4139,0,0.5115,0.0746,0.0,0,0,0,0,1.0,,,,,0.0,1,1
LJ500_R069_C079,69,79,700750,9535750,1000,4000,2023,3,2023-03,51,0.6432,0,0.3568,0.0,0.0,0,0,0,0,1.0,,,,,0.0,1,1
LJ500_R069_C080,69,80,701250,9535750,1500,4000,2023,3,2023-03,51,0.8514,0,0.1486,0.0,0.0,0,0,0,0,1.0,,,,,0.0,1,1
LJ500_R069_C081,69,81,701750,9535750,2000,4000,2023,3,2023-03,51,1.0,0,0.0,0.0,0.0,0,0,0,0,1.0,,,,,0.0,1,1
LJ500_R069_C082,69,82,702250,9535750,2500,4000,2023,3,2023-03,51,1.0,0,0.0,0.0,0.0,0,0,0,0,1.0,,,,,0.0,1,1
LJ500_R069_C083,69,83,702750,9535750,3000,4000,2023,3,2023-03,51,1.0,0,0.0,0.0,0.0,0,0,0,0,1.0,,,,,0.0,1,1
LJ500_R069_C084,69,84,703250,9535750,3500,4000,2023,3,2023-03,51,1.0,0,0.0,0.0,0.0,0,0,0,0,1.0,,,,,0.0,1,1
LJ500_R069_C085,69,85,703750,9535750,4000,4000,2023,3,2023-03,51,1.0,0,0.0,0.0,0.0,0,0,0,0,1.0,,,,,0.0,1,1
LJ500_R069_C086,69,86,704250,9535750,4500,4000,2023,3,2023-03,51,1.0,0,0.0,0.0,0.0,0,0,0,0,1.0,,,,,0.0,1,1
LJ500_R070_C077,70,77,699750,9536250,0,4500,2023,3,2023-03,51,0.0,0,0.3423,0.4553,0.2024,0,0,0,0,1.0,,,,,0.0,1,1
LJ500_R070_C078,70,78,700250,9536250,500,4500,2023,3,2023-03,51,0.0,0,0.3908,0.6092,0.0,0,0,0,0,1.0,,,,,0.0,1,1
LJ500_R070_C079,70,79,700750,9536250,1000,4500,2023,3,2023-03,51,0.2082,0,0.7834,0.0084,0.0,0,0,0,0,1.0,,,,,0.0,1,1
LJ500_R070_C080,70,80,701250,9536250,1500,4500,2023,3,2023-03,51,0.2813,0,0.7187,0.0,0.0,0,0,0,0,1.0,,,,,0.0,1,1
LJ500_R070_C081,70,81,701750,9536250,2000,4500,2023,3,2023-03,51,0.9197,0,0.0803,0.0,0.0,0,0,0,0,1.0,,,,,0.0,1,1
LJ500_R070_C082,70,82,702250,9536250,2500,4500,2023,3,2023-03,51,1.0,0,0.0,0.0,0.0,0,0,0,0,1.0,,,,,0.0,1,1
LJ500_R070_C083,70,83,702750,9536250,3000,4500,2023,3,2023-03,51,1.0,0,0.0,0.0,0.0,0,0,0,0,1.0,,,,,0.0,1,1
LJ500_R070_C084,70,84,703250,9536250,3500,4500,2023,3,2023-03,51,0.9943,0,0.0057,0.0,0.0,0,0,0,0,1.0,,,,,0.0,1,1
LJ500_R070_C085,70,85,703750,9536250,4000,4500,2023,3,2023-03,51,1.0,0,0.0,0.0,0.0,0,0,0,0,1.0,,,,,0.0,1,1
LJ500_R070_C086,70,86,704250,9536250,4500,4500,2023,3,2023-03,51,1.0,0,0.0,0.0,0.0,0,0,0,0,1.0,,,,,0.0,1,1
LJ500_R061_C077,61,77,699750,9531750,0,0,2023,4,2023-04,52,0.0,0,1.0,0.0,0.0,0,0,0,0,1.0,0.7377,0.293,0.5576,-0.655,100.0,1,0
LJ500_R061_C078,61,78,700250,9531750,500,0,2023,4,2023-04,52,0.0,0,0.9516,0.0,0.0484,0,0,0,0,1.0,0.7435,0.2995,0.5658,-0.6537,100.0,1,0
LJ500_R061_C079,61,79,700750,9531750,1000,0,2023,4,2023-04,52,0.0,0,0.906,0.0,0.094,0,0,0,0,1.0,0.7578,0.3175,0.5902,-0.6624,100.0,1,0
LJ500_R061_C080,61,80,701250,9531750,1500,0,2023,4,2023-04,52,0.1714,0,0.8229,0.0,0.0057,0,0,0,0,1.0,0.7372,0.2898,0.5646,-0.6412,100.0,1,0
LJ500_R061_C081,61,81,701750,9531750,2000,0,2023,4,2023-04,52,0.0,0,1.0,0.0,0.0,0,0,0,0,1.0,0.7222,0.2586,0.5333,-0.6336,100.0,1,0
LJ500_R061_C082,61,82,702250,9531750,2500,0,2023,4,2023-04,52,0.0618,0,0.9382,0.0,0.0,0,0,0,0,1.0,0.7372,0.2502,0.5309,-0.6545,100.0,1,0
LJ500_R061_C083,61,83,702750,9531750,3000,0,2023,4,2023-04,52,0.5343,0,0.3633,0.1024,0.0,0,0,0,0,1.0,0.7802,0.3203,0.6005,-0.6873,100.0,1,0
LJ500_R061_C084,61,84,703250,9531750,3500,0,2023,4,2023-04,52,0.7729,0,0.0,0.2271,0.0,0,0,0,0,1.0,0.7429,0.2445,0.5297,-0.6796,100.0,1,0
LJ500_R061_C085,61,85,703750,9531750,4000,0,2023,4,2023-04,52,0.709,0,0.291,0.0,0.0,0,0,0,0,1.0,0.7882,0.3081,0.5988,-0.706,100.0,1,0
LJ500_R061_C086,61,86,704250,9531750,4500,0,2023,4,2023-04,52,1.0,0,0.0,0.0,0.0,0,0,0,0,1.0,0.7209,0.2507,0.5331,-0.646,100.0,1,0
LJ500_R062_C077,62,77,699750,9532250,0,500,2023,4,2023-04,52,0.0,0,0.7197,0.0,0.2803,0,0,0,0,1.0,0.6956,0.2672,0.5233,-0.6114,100.0,1,0
LJ500_R062_C078,62,78,700250,9532250,500,500,2023,4,2023-04,52,0.0,0,0.5947,0.0,0.4053,0,0,0,0,1.0,0.7137,0.2836,0.5458,-0.6243,100.0,1,0
LJ500_R062_C079,62,79,700750,9532250,1000,500,2023,4,2023-04,52,0.0,0,0.771,0.0,0.229,0,0,0,0,1.0,0.737,0.2843,0.5566,-0.6333,100.0,1,0
LJ500_R062_C080,62,80,701250,9532250,1500,500,2023,4,2023-04,52,0.235,0,0.6379,0.0,0.1271,0,0,0,0,1.0,0.7277,0.2709,0.5428,-0.6306,100.0,1,0
LJ500_R062_C081,62,81,701750,9532250,2000,500,2023,4,2023-04,52,0.0684,0,0.7378,0.0,0.1938,0,0,0,0,1.0,0.7567,0.273,0.5565,-0.6662,100.0,1,0
LJ500_R062_C082,62,82,702250,9532250,2500,500,2023,4,2023-04,52,0.0973,0,0.9027,0.0,0.0,0,0,0,0,1.0,0.7561,0.2865,0.5696,-0.664,100.0,1,0
LJ500_R062_C083,62,83,702750,9532250,3000,500,2023,4,2023-04,52,0.0473,0,0.9507,0.0019,0.0,0,0,0,0,1.0,0.752,0.2736,0.5556,-0.6594,100.0,1,0
LJ500_R062_C084,62,84,703250,9532250,3500,500,2023,4,2023-04,52,0.2757,0,0.7209,0.0034,0.0,0,0,0,0,1.0,0.7861,0.2943,0.5836,-0.6956,100.0,1,0
LJ500_R062_C085,62,85,703750,9532250,4000,500,2023,4,2023-04,52,0.0588,0,0.9412,0.0,0.0,0,0,0,0,1.0,0.7595,0.2699,0.5578,-0.6739,100.0,1,0
LJ500_R062_C086,62,86,704250,9532250,4500,500,2023,4,2023-04,52,0.7611,0,0.2389,0.0,0.0,0,0,0,0,1.0,0.7408,0.2455,0.5329,-0.6644,100.0,1,0
LJ500_R063_C077,63,77,699750,9532750,0,1000,2023,4,2023-04,52,0.0,0,0.1158,0.0,0.8842,0,0,0,0,1.0,0.6205,0.2016,0.4487,-0.5534,100.0,1,0
LJ500_R063_C078,63,78,700250,9532750,500,1000,2023,4,2023-04,52,0.0328,0,0.3431,0.0,0.624,0,0,0,0,1.0,0.6939,0.2518,0.5131,-0.611,100.0,1,0
LJ500_R063_C079,63,79,700750,9532750,1000,1000,2023,4,2023-04,52,0.2883,0,0.3768,0.0,0.3349,0,0,0,0,1.0,0.6635,0.2187,0.4717,-0.5952,100.0,1,0
LJ500_R063_C080,63,80,701250,9532750,1500,1000,2023,4,2023-04,52,0.1673,0,0.4746,0.0,0.358,0,0,0,0,1.0,0.6404,0.164,0.4243,-0.5961,100.0,1,0
LJ500_R063_C081,63,81,701750,9532750,2000,1000,2023,4,2023-04,52,0.0165,0,0.5433,0.0,0.4402,0,0,0,0,1.0,0.7062,0.2206,0.4938,-0.6342,100.0,1,0
LJ500_R063_C082,63,82,702250,9532750,2500,1000,2023,4,2023-04,52,0.6742,0,0.2142,0.0,0.1117,0,0,0,0,1.0,0.7581,0.294,0.5732,-0.6566,100.0,1,0
LJ500_R063_C083,63,83,702750,9532750,3000,1000,2023,4,2023-04,52,0.2059,0,0.7941,0.0,0.0,0,0,0,0,1.0,0.7395,0.2718,0.55,-0.6514,100.0,1,0
LJ500_R063_C084,63,84,703250,9532750,3500,1000,2023,4,2023-04,52,0.2973,0,0.7027,0.0,0.0,0,0,0,0,1.0,0.7589,0.279,0.5655,-0.6733,100.0,1,0
LJ500_R063_C085,63,85,703750,9532750,4000,1000,2023,4,2023-04,52,0.1462,0,0.8538,0.0,0.0,0,0,0,0,1.0,0.7749,0.2905,0.5792,-0.6855,100.0,1,0
LJ500_R063_C086,63,86,704250,9532750,4500,1000,2023,4,2023-04,52,0.3435,0,0.6565,0.0,0.0,0,0,0,0,1.0,0.7896,0.3045,0.595,-0.6999,100.0,1,0
LJ500_R064_C077,64,77,699750,9533250,0,1500,2023,4,2023-04,52,0.3887,0,0.3116,0.0,0.2997,0,0,0,0,1.0,0.7083,0.2818,0.5409,-0.6212,100.0,1,0
LJ500_R064_C078,64,78,700250,9533250,500,1500,2023,4,2023-04,52,0.5382,0,0.082,0.0,0.3799,0,0,0,0,1.0,0.6651,0.2378,0.4971,-0.5923,100.0,1,0
LJ500_R064_C079,64,79,700750,9533250,1000,1500,2023,4,2023-04,52,0.4384,0,0.1474,0.0,0.4142,0,0,0,0,1.0,0.6311,0.1548,0.4171,-0.5846,100.0,1,0
LJ500_R064_C080,64,80,701250,9533250,1500,1500,2023,4,2023-04,52,0.5951,0,0.4049,0.0,0.0,0,0,0,0,1.0,0.7153,0.2343,0.5086,-0.6466,100.0,1,0
LJ500_R064_C081,64,81,701750,9533250,2000,1500,2023,4,2023-04,52,0.5997,0,0.181,0.0,0.2193,0,0,0,0,1.0,0.7585,0.2993,0.5775,-0.6694,100.0,1,0
LJ500_R064_C082,64,82,702250,9533250,2500,1500,2023,4,2023-04,52,0.7276,0,0.2724,0.0,0.0,0,0,0,0,1.0,0.7127,0.2706,0.5489,-0.6342,100.0,1,0
LJ500_R064_C083,64,83,702750,9533250,3000,1500,2023,4,2023-04,52,0.566,0,0.203,0.0,0.231,0,0,0,0,1.0,0.7914,0.2965,0.594,-0.7093,100.0,1,0
LJ500_R064_C084,64,84,703250,9533250,3500,1500,2023,4,2023-04,52,0.235,0,0.7298,0.0,0.0352,0,0,0,0,1.0,0.7979,0.3237,0.6131,-0.7083,100.0,1,0
LJ500_R064_C085,64,85,703750,9533250,4000,1500,2023,4,2023-04,52,0.5109,0,0.4891,0.0,0.0,0,0,0,0,1.0,0.7955,0.3104,0.6027,-0.7041,100.0,1,0
LJ500_R064_C086,64,86,704250,9533250,4500,1500,2023,4,2023-04,52,0.748,0,0.252,0.0,0.0,0,0,0,0,1.0,0.7431,0.2522,0.537,-0.6678,100.0,1,0
LJ500_R065_C077,65,77,699750,9533750,0,2000,2023,4,2023-04,52,0.312,0,0.4033,0.0,0.2847,0,0,0,0,1.0,0.7136,0.2861,0.546,-0.6247,100.0,1,0
LJ500_R065_C078,65,78,700250,9533750,500,2000,2023,4,2023-04,52,0.5913,0,0.4071,0.0,0.0016,0,0,0,0,1.0,0.6492,0.233,0.4863,-0.5879,100.0,1,0
LJ500_R065_C079,65,79,700750,9533750,1000,2000,2023,4,2023-04,52,0.3219,0,0.6781,0.0,0.0,0,0,0,0,1.0,0.6106,0.141,0.3946,-0.5748,100.0,1,0
LJ500_R065_C080,65,80,701250,9533750,1500,2000,2023,4,2023-04,52,0.8266,0,0.1734,0.0,0.0,0,0,0,0,1.0,0.7948,0.3343,0.6182,-0.7032,100.0,1,0
LJ500_R065_C081,65,81,701750,9533750,2000,2000,2023,4,2023-04,52,0.9017,0,0.0983,0.0,0.0,0,0,0,0,1.0,0.7368,0.2894,0.5641,-0.6554,100.0,1,0
LJ500_R065_C082,65,82,702250,9533750,2500,2000,2023,4,2023-04,52,0.7327,0,0.2673,0.0,0.0,0,0,0,0,1.0,0.7276,0.2677,0.5549,-0.6606,100.0,1,0
LJ500_R065_C083,65,83,702750,9533750,3000,2000,2023,4,2023-04,52,0.7802,0,0.1368,0.0,0.083,0,0,0,0,1.0,0.8093,0.3226,0.617,-0.7159,100.0,1,0
LJ500_R065_C084,65,84,703250,9533750,3500,2000,2023,4,2023-04,52,0.3229,0,0.6771,0.0,0.0,0,0,0,0,1.0,0.7761,0.3045,0.5916,-0.69,100.0,1,0
LJ500_R065_C085,65,85,703750,9533750,4000,2000,2023,4,2023-04,52,0.0167,0,0.9833,0.0,0.0,0,0,0,0,1.0,0.6999,0.2021,0.4849,-0.6436,100.0,1,0
LJ500_R065_C086,65,86,704250,9533750,4500,2000,2023,4,2023-04,52,0.7821,0,0.2179,0.0,0.0,0,0,0,0,1.0,0.7606,0.2897,0.5766,-0.6868,100.0,1,0
LJ500_R066_C077,66,77,699750,9534250,0,2500,2023,4,2023-04,52,0.5018,0,0.3517,0.0,0.1465,0,0,0,0,1.0,0.6764,0.2404,0.4922,-0.6026,100.0,1,0
LJ500_R066_C078,66,78,700250,9534250,500,2500,2023,4,2023-04,52,0.1232,0,0.8768,0.0,0.0,0,0,0,0,1.0,0.5388,0.2004,0.427,-0.4975,100.0,1,0
LJ500_R066_C079,66,79,700750,9534250,1000,2500,2023,4,2023-04,52,0.3332,0,0.6668,0.0,0.0,0,0,0,0,1.0,0.5691,0.1546,0.3934,-0.5379,100.0,1,0
LJ500_R066_C080,66,80,701250,9534250,1500,2500,2023,4,2023-04,52,0.9149,0,0.0851,0.0,0.0,0,0,0,0,1.0,0.6941,0.2765,0.5426,-0.6276,100.0,1,0
LJ500_R066_C081,66,81,701750,9534250,2000,2500,2023,4,2023-04,52,0.7037,0,0.2963,0.0,0.0,0,0,0,0,1.0,0.6697,0.2338,0.5018,-0.61,100.0,1,0
LJ500_R066_C082,66,82,702250,9534250,2500,2500,2023,4,2023-04,52,0.6772,0,0.3228,0.0,0.0,0,0,0,0,1.0,0.7512,0.2917,0.5726,-0.6666,100.0,1,0
LJ500_R066_C083,66,83,702750,9534250,3000,2500,2023,4,2023-04,52,0.6289,0,0.3711,0.0,0.0,0,0,0,0,1.0,0.7505,0.2806,0.561,-0.6622,100.0,1,0
LJ500_R066_C084,66,84,703250,9534250,3500,2500,2023,4,2023-04,52,0.7305,0,0.2695,0.0,0.0,0,0,0,0,1.0,0.6972,0.2391,0.5145,-0.6222,100.0,1,0
LJ500_R066_C085,66,85,703750,9534250,4000,2500,2023,4,2023-04,52,0.7865,0,0.2135,0.0,0.0,0,0,0,0,1.0,0.73,0.2661,0.5467,-0.6558,100.0,1,0
LJ500_R066_C086,66,86,704250,9534250,4500,2500,2023,4,2023-04,52,1.0,0,0.0,0.0,0.0,0,0,0,0,1.0,0.7497,0.3098,0.5877,-0.6682,100.0,1,0
LJ500_R067_C077,67,77,699750,9534750,0,3000,2023,4,2023-04,52,0.7165,0,0.2835,0.0,0.0,0,0,0,0,1.0,0.6697,0.2342,0.4916,-0.599,100.0,1,0
LJ500_R067_C078,67,78,700250,9534750,500,3000,2023,4,2023-04,52,0.8229,0,0.1771,0.0,0.0,0,0,0,0,1.0,0.576,0.1952,0.4375,-0.5303,100.0,1,0
LJ500_R067_C079,67,79,700750,9534750,1000,3000,2023,4,2023-04,52,0.9659,0,0.0341,0.0,0.0,0,0,0,0,1.0,0.5751,0.2469,0.4791,-0.5227,100.0,1,0
LJ500_R067_C080,67,80,701250,9534750,1500,3000,2023,4,2023-04,52,0.8944,0,0.1056,0.0,0.0,0,0,0,0,1.0,0.5497,0.2566,0.4799,-0.4993,100.0,1,0
LJ500_R067_C081,67,81,701750,9534750,2000,3000,2023,4,2023-04,52,0.7989,0,0.1897,0.0,0.0114,0,0,0,0,1.0,0.6318,0.2729,0.5195,-0.5757,97.44,1,0
LJ500_R067_C082,67,82,702250,9534750,2500,3000,2023,4,2023-04,52,1.0,0,0.0,0.0,0.0,0,0,0,0,1.0,0.712,0.3003,0.5661,-0.6412,100.0,1,0
LJ500_R067_C083,67,83,702750,9534750,3000,3000,2023,4,2023-04,52,1.0,0,0.0,0.0,0.0,0,0,0,0,1.0,0.7065,0.296,0.5604,-0.6328,100.0,1,0
LJ500_R067_C084,67,84,703250,9534750,3500,3000,2023,4,2023-04,52,1.0,0,0.0,0.0,0.0,0,0,0,0,1.0,0.6868,0.2827,0.5437,-0.6208,100.0,1,0
LJ500_R067_C085,67,85,703750,9534750,4000,3000,2023,4,2023-04,52,1.0,0,0.0,0.0,0.0,0,0,0,0,1.0,0.7351,0.3062,0.5775,-0.6618,100.0,1,0
LJ500_R067_C086,67,86,704250,9534750,4500,3000,2023,4,2023-04,52,1.0,0,0.0,0.0,0.0,0,0,0,0,1.0,0.7124,0.3086,0.571,-0.6429,100.0,1,0
LJ500_R068_C077,68,77,699750,9535250,0,3500,2023,4,2023-04,52,0.065,0,0.935,0.0,0.0,0,0,0,0,1.0,0.7113,0.2429,0.5079,-0.6235,100.0,1,0
LJ500_R068_C078,68,78,700250,9535250,500,3500,2023,4,2023-04,52,0.7525,0,0.2475,0.0,0.0,0,0,0,0,1.0,0.6592,0.2631,0.5131,-0.5787,100.0,1,0
LJ500_R068_C079,68,79,700750,9535250,1000,3500,2023,4,2023-04,52,1.0,0,0.0,0.0,0.0,0,0,0,0,1.0,0.6182,0.255,0.4964,-0.555,92.0,1,0
LJ500_R068_C080,68,80,701250,9535250,1500,3500,2023,4,2023-04,52,0.8923,0,0.1077,0.0,0.0,0,0,0,0,1.0,0.5733,0.2673,0.4955,-0.5273,64.32,1,0
LJ500_R068_C081,68,81,701750,9535250,2000,3500,2023,4,2023-04,52,0.6646,0,0.0767,0.0,0.2586,0,0,0,0,1.0,0.605,0.2303,0.4741,-0.554,41.28,1,0
LJ500_R068_C082,68,82,702250,9535250,2500,3500,2023,4,2023-04,52,0.9399,0,0.0601,0.0,0.0,0,0,0,0,1.0,0.71,0.3189,0.5747,-0.6459,100.0,1,0
LJ500_R068_C083,68,83,702750,9535250,3000,3500,2023,4,2023-04,52,1.0,0,0.0,0.0,0.0,0,0,0,0,1.0,0.7105,0.3609,0.6052,-0.6459,100.0,1,0
LJ500_R068_C084,68,84,703250,9535250,3500,3500,2023,4,2023-04,52,1.0,0,0.0,0.0,0.0,0,0,0,0,1.0,0.6968,0.3503,0.5995,-0.6312,100.0,1,0
LJ500_R068_C085,68,85,703750,9535250,4000,3500,2023,4,2023-04,52,1.0,0,0.0,0.0,0.0,0,0,0,0,1.0,0.7156,0.3613,0.6141,-0.6498,100.0,1,0
LJ500_R068_C086,68,86,704250,9535250,4500,3500,2023,4,2023-04,52,1.0,0,0.0,0.0,0.0,0,0,0,0,1.0,0.7003,0.3357,0.5908,-0.6374,100.0,1,0
LJ500_R069_C077,69,77,699750,9535750,0,4000,2023,4,2023-04,52,0.0,0,0.9574,0.0426,0.0,0,0,0,0,1.0,0.7066,0.2396,0.5097,-0.6121,100.0,1,0
LJ500_R069_C078,69,78,700250,9535750,500,4000,2023,4,2023-04,52,0.4139,0,0.5115,0.0746,0.0,0,0,0,0,1.0,0.7282,0.2741,0.5485,-0.6366,100.0,1,0
LJ500_R069_C079,69,79,700750,9535750,1000,4000,2023,4,2023-04,52,0.6432,0,0.3568,0.0,0.0,0,0,0,0,1.0,0.6184,0.1481,0.4088,-0.5771,100.0,1,0
LJ500_R069_C080,69,80,701250,9535750,1500,4000,2023,4,2023-04,52,0.8514,0,0.1486,0.0,0.0,0,0,0,0,1.0,0.6743,0.2187,0.4799,-0.6108,95.36,1,0
LJ500_R069_C081,69,81,701750,9535750,2000,4000,2023,4,2023-04,52,1.0,0,0.0,0.0,0.0,0,0,0,0,1.0,0.7657,0.293,0.5714,-0.68,92.0,1,0
LJ500_R069_C082,69,82,702250,9535750,2500,4000,2023,4,2023-04,52,1.0,0,0.0,0.0,0.0,0,0,0,0,1.0,0.7645,0.3142,0.5901,-0.6831,100.0,1,0
LJ500_R069_C083,69,83,702750,9535750,3000,4000,2023,4,2023-04,52,1.0,0,0.0,0.0,0.0,0,0,0,0,1.0,0.7052,0.3207,0.5825,-0.6412,100.0,1,0
LJ500_R069_C084,69,84,703250,9535750,3500,4000,2023,4,2023-04,52,1.0,0,0.0,0.0,0.0,0,0,0,0,1.0,0.6689,0.3109,0.5592,-0.6145,100.0,1,0
LJ500_R069_C085,69,85,703750,9535750,4000,4000,2023,4,2023-04,52,1.0,0,0.0,0.0,0.0,0,0,0,0,1.0,0.6454,0.3166,0.5637,-0.5879,100.0,1,0
LJ500_R069_C086,69,86,704250,9535750,4500,4000,2023,4,2023-04,52,1.0,0,0.0,0.0,0.0,0,0,0,0,1.0,0.6156,0.292,0.5398,-0.5602,100.0,1,0
LJ500_R070_C077,70,77,699750,9536250,0,4500,2023,4,2023-04,52,0.0,0,0.3423,0.4553,0.2024,0,0,0,0,1.0,0.6744,0.2212,0.4857,-0.6015,100.0,1,0
LJ500_R070_C078,70,78,700250,9536250,500,4500,2023,4,2023-04,52,0.0,0,0.3908,0.6092,0.0,0,0,0,0,1.0,0.63,0.1916,0.4575,-0.5673,100.0,1,0
LJ500_R070_C079,70,79,700750,9536250,1000,4500,2023,4,2023-04,52,0.2082,0,0.7834,0.0084,0.0,0,0,0,0,1.0,0.6997,0.2127,0.4864,-0.6178,100.0,1,0
LJ500_R070_C080,70,80,701250,9536250,1500,4500,2023,4,2023-04,52,0.2813,0,0.7187,0.0,0.0,0,0,0,0,1.0,0.737,0.2242,0.503,-0.6443,100.0,1,0
LJ500_R070_C081,70,81,701750,9536250,2000,4500,2023,4,2023-04,52,0.9197,0,0.0803,0.0,0.0,0,0,0,0,1.0,0.7487,0.2542,0.5342,-0.6636,100.0,1,0
LJ500_R070_C082,70,82,702250,9536250,2500,4500,2023,4,2023-04,52,1.0,0,0.0,0.0,0.0,0,0,0,0,1.0,0.6952,0.238,0.5066,-0.6252,100.0,1,0
LJ500_R070_C083,70,83,702750,9536250,3000,4500,2023,4,2023-04,52,1.0,0,0.0,0.0,0.0,0,0,0,0,1.0,0.6959,0.2912,0.5517,-0.6277,100.0,1,0
LJ500_R070_C084,70,84,703250,9536250,3500,4500,2023,4,2023-04,52,0.9943,0,0.0057,0.0,0.0,0,0,0,0,1.0,0.6776,0.2806,0.5402,-0.6194,100.0,1,0
LJ500_R070_C085,70,85,703750,9536250,4000,4500,2023,4,2023-04,52,1.0,0,0.0,0.0,0.0,0,0,0,0,1.0,0.6649,0.3193,0.5675,-0.6114,100.0,1,0
LJ500_R070_C086,70,86,704250,9536250,4500,4500,2023,4,2023-04,52,1.0,0,0.0,0.0,0.0,0,0,0,0,1.0,0.6664,0.3508,0.5966,-0.6044,100.0,1,0
LJ500_R061_C077,61,77,699750,9531750,0,0,2023,5,2023-05,53,0.0,0,1.0,0.0,0.0,0,0,0,0,1.0,,,,,0.0,1,1
LJ500_R061_C078,61,78,700250,9531750,500,0,2023,5,2023-05,53,0.0,0,0.9516,0.0,0.0484,0,0,0,0,1.0,,,,,0.0,1,1
LJ500_R061_C079,61,79,700750,9531750,1000,0,2023,5,2023-05,53,0.0,0,0.906,0.0,0.094,0,0,0,0,1.0,,,,,0.0,1,1
LJ500_R061_C080,61,80,701250,9531750,1500,0,2023,5,2023-05,53,0.1714,0,0.8229,0.0,0.0057,0,0,0,0,1.0,,,,,0.0,1,1
LJ500_R061_C081,61,81,701750,9531750,2000,0,2023,5,2023-05,53,0.0,0,1.0,0.0,0.0,0,0,0,0,1.0,,,,,0.0,1,1
LJ500_R061_C082,61,82,702250,9531750,2500,0,2023,5,2023-05,53,0.0618,0,0.9382,0.0,0.0,0,0,0,0,1.0,,,,,0.0,1,1
LJ500_R061_C083,61,83,702750,9531750,3000,0,2023,5,2023-05,53,0.5343,0,0.3633,0.1024,0.0,0,0,0,0,1.0,,,,,0.0,1,1
LJ500_R061_C084,61,84,703250,9531750,3500,0,2023,5,2023-05,53,0.7729,0,0.0,0.2271,0.0,0,0,0,0,1.0,,,,,0.0,1,1
LJ500_R061_C085,61,85,703750,9531750,4000,0,2023,5,2023-05,53,0.709,0,0.291,0.0,0.0,0,0,0,0,1.0,,,,,0.0,1,1
LJ500_R061_C086,61,86,704250,9531750,4500,0,2023,5,2023-05,53,1.0,0,0.0,0.0,0.0,0,0,0,0,1.0,,,,,0.0,1,1
LJ500_R062_C077,62,77,699750,9532250,0,500,2023,5,2023-05,53,0.0,0,0.7197,0.0,0.2803,0,0,0,0,1.0,,,,,0.0,1,1
LJ500_R062_C078,62,78,700250,9532250,500,500,2023,5,2023-05,53,0.0,0,0.5947,0.0,0.4053,0,0,0,0,1.0,,,,,0.0,1,1
LJ500_R062_C079,62,79,700750,9532250,1000,500,2023,5,2023-05,53,0.0,0,0.771,0.0,0.229,0,0,0,0,1.0,,,,,0.0,1,1
LJ500_R062_C080,62,80,701250,9532250,1500,500,2023,5,2023-05,53,0.235,0,0.6379,0.0,0.1271,0,0,0,0,1.0,,,,,0.0,1,1
LJ500_R062_C081,62,81,701750,9532250,2000,500,2023,5,2023-05,53,0.0684,0,0.7378,0.0,0.1938,0,0,0,0,1.0,,,,,0.0,1,1
LJ500_R062_C082,62,82,702250,9532250,2500,500,2023,5,2023-05,53,0.0973,0,0.9027,0.0,0.0,0,0,0,0,1.0,,,,,0.0,1,1
LJ500_R062_C083,62,83,702750,9532250,3000,500,2023,5,2023-05,53,0.0473,0,0.9507,0.0019,0.0,0,0,0,0,1.0,,,,,0.0,1,1
LJ500_R062_C084,62,84,703250,9532250,3500,500,2023,5,2023-05,53,0.2757,0,0.7209,0.0034,0.0,0,0,0,0,1.0,,,,,0.0,1,1
LJ500_R062_C085,62,85,703750,9532250,4000,500,2023,5,2023-05,53,0.0588,0,0.9412,0.0,0.0,0,0,0,0,1.0,,,,,0.0,1,1
LJ500_R062_C086,62,86,704250,9532250,4500,500,2023,5,2023-05,53,0.7611,0,0.2389,0.0,0.0,0,0,0,0,1.0,,,,,0.0,1,1
LJ500_R063_C077,63,77,699750,9532750,0,1000,2023,5,2023-05,53,0.0,0,0.1158,0.0,0.8842,0,0,0,0,1.0,,,,,0.0,1,1
LJ500_R063_C078,63,78,700250,9532750,500,1000,2023,5,2023-05,53,0.0328,0,0.3431,0.0,0.624,0,0,0,0,1.0,,,,,0.0,1,1
LJ500_R063_C079,63,79,700750,9532750,1000,1000,2023,5,2023-05,53,0.2883,0,0.3768,0.0,0.3349,0,0,0,0,1.0,,,,,0.0,1,1
LJ500_R063_C080,63,80,701250,9532750,1500,1000,2023,5,2023-05,53,0.1673,0,0.4746,0.0,0.358,0,0,0,0,1.0,,,,,0.0,1,1
LJ500_R063_C081,63,81,701750,9532750,2000,1000,2023,5,2023-05,53,0.0165,0,0.5433,0.0,0.4402,0,0,0,0,1.0,,,,,0.0,1,1
LJ500_R063_C082,63,82,702250,9532750,2500,1000,2023,5,2023-05,53,0.6742,0,0.2142,0.0,0.1117,0,0,0,0,1.0,,,,,0.0,1,1
LJ500_R063_C083,63,83,702750,9532750,3000,1000,2023,5,2023-05,53,0.2059,0,0.7941,0.0,0.0,0,0,0,0,1.0,,,,,0.0,1,1
LJ500_R063_C084,63,84,703250,9532750,3500,1000,2023,5,2023-05,53,0.2973,0,0.7027,0.0,0.0,0,0,0,0,1.0,,,,,0.0,1,1
LJ500_R063_C085,63,85,703750,9532750,4000,1000,2023,5,2023-05,53,0.1462,0,0.8538,0.0,0.0,0,0,0,0,1.0,,,,,0.0,1,1
LJ500_R063_C086,63,86,704250,9532750,4500,1000,2023,5,2023-05,53,0.3435,0,0.6565,0.0,0.0,0,0,0,0,1.0,,,,,0.0,1,1
LJ500_R064_C077,64,77,699750,9533250,0,1500,2023,5,2023-05,53,0.3887,0,0.3116,0.0,0.2997,0,0,0,0,1.0,,,,,0.0,1,1
LJ500_R064_C078,64,78,700250,9533250,500,1500,2023,5,2023-05,53,0.5382,0,0.082,0.0,0.3799,0,0,0,0,1.0,,,,,0.0,1,1
LJ500_R064_C079,64,79,700750,9533250,1000,1500,2023,5,2023-05,53,0.4384,0,0.1474,0.0,0.4142,0,0,0,0,1.0,,,,,0.0,1,1
LJ500_R064_C080,64,80,701250,9533250,1500,1500,2023,5,2023-05,53,0.5951,0,0.4049,0.0,0.0,0,0,0,0,1.0,,,,,0.0,1,1
LJ500_R064_C081,64,81,701750,9533250,2000,1500,2023,5,2023-05,53,0.5997,0,0.181,0.0,0.2193,0,0,0,0,1.0,,,,,0.0,1,1
LJ500_R064_C082,64,82,702250,9533250,2500,1500,2023,5,2023-05,53,0.7276,0,0.2724,0.0,0.0,0,0,0,0,1.0,,,,,0.0,1,1
LJ500_R064_C083,64,83,702750,9533250,3000,1500,2023,5,2023-05,53,0.566,0,0.203,0.0,0.231,0,0,0,0,1.0,,,,,0.0,1,1
LJ500_R064_C084,64,84,703250,9533250,3500,1500,2023,5,2023-05,53,0.235,0,0.7298,0.0,0.0352,0,0,0,0,1.0,,,,,0.0,1,1
LJ500_R064_C085,64,85,703750,9533250,4000,1500,2023,5,2023-05,53,0.5109,0,0.4891,0.0,0.0,0,0,0,0,1.0,,,,,0.0,1,1
LJ500_R064_C086,64,86,704250,9533250,4500,1500,2023,5,2023-05,53,0.748,0,0.252,0.0,0.0,0,0,0,0,1.0,,,,,0.0,1,1
LJ500_R065_C077,65,77,699750,9533750,0,2000,2023,5,2023-05,53,0.312,0,0.4033,0.0,0.2847,0,0,0,0,1.0,,,,,0.0,1,1
LJ500_R065_C078,65,78,700250,9533750,500,2000,2023,5,2023-05,53,0.5913,0,0.4071,0.0,0.0016,0,0,0,0,1.0,,,,,0.0,1,1
LJ500_R065_C079,65,79,700750,9533750,1000,2000,2023,5,2023-05,53,0.3219,0,0.6781,0.0,0.0,0,0,0,0,1.0,,,,,0.0,1,1
LJ500_R065_C080,65,80,701250,9533750,1500,2000,2023,5,2023-05,53,0.8266,0,0.1734,0.0,0.0,0,0,0,0,1.0,,,,,0.0,1,1
LJ500_R065_C081,65,81,701750,9533750,2000,2000,2023,5,2023-05,53,0.9017,0,0.0983,0.0,0.0,0,0,0,0,1.0,,,,,0.0,1,1
LJ500_R065_C082,65,82,702250,9533750,2500,2000,2023,5,2023-05,53,0.7327,0,0.2673,0.0,0.0,0,0,0,0,1.0,,,,,0.0,1,1
LJ500_R065_C083,65,83,702750,9533750,3000,2000,2023,5,2023-05,53,0.7802,0,0.1368,0.0,0.083,0,0,0,0,1.0,,,,,0.0,1,1
LJ500_R065_C084,65,84,703250,9533750,3500,2000,2023,5,2023-05,53,0.3229,0,0.6771,0.0,0.0,0,0,0,0,1.0,,,,,0.0,1,1
LJ500_R065_C085,65,85,703750,9533750,4000,2000,2023,5,2023-05,53,0.0167,0,0.9833,0.0,0.0,0,0,0,0,1.0,,,,,0.0,1,1
LJ500_R065_C086,65,86,704250,9533750,4500,2000,2023,5,2023-05,53,0.7821,0,0.2179,0.0,0.0,0,0,0,0,1.0,,,,,0.0,1,1
LJ500_R066_C077,66,77,699750,9534250,0,2500,2023,5,2023-05,53,0.5018,0,0.3517,0.0,0.1465,0,0,0,0,1.0,,,,,0.0,1,1
LJ500_R066_C078,66,78,700250,9534250,500,2500,2023,5,2023-05,53,0.1232,0,0.8768,0.0,0.0,0,0,0,0,1.0,,,,,0.0,1,1
LJ500_R066_C079,66,79,700750,9534250,1000,2500,2023,5,2023-05,53,0.3332,0,0.6668,0.0,0.0,0,0,0,0,1.0,,,,,0.0,1,1
LJ500_R066_C080,66,80,701250,9534250,1500,2500,2023,5,2023-05,53,0.9149,0,0.0851,0.0,0.0,0,0,0,0,1.0,,,,,0.0,1,1
LJ500_R066_C081,66,81,701750,9534250,2000,2500,2023,5,2023-05,53,0.7037,0,0.2963,0.0,0.0,0,0,0,0,1.0,,,,,0.0,1,1
LJ500_R066_C082,66,82,702250,9534250,2500,2500,2023,5,2023-05,53,0.6772,0,0.3228,0.0,0.0,0,0,0,0,1.0,,,,,0.0,1,1
LJ500_R066_C083,66,83,702750,9534250,3000,2500,2023,5,2023-05,53,0.6289,0,0.3711,0.0,0.0,0,0,0,0,1.0,,,,,0.0,1,1
LJ500_R066_C084,66,84,703250,9534250,3500,2500,2023,5,2023-05,53,0.7305,0,0.2695,0.0,0.0,0,0,0,0,1.0,,,,,0.0,1,1
LJ500_R066_C085,66,85,703750,9534250,4000,2500,2023,5,2023-05,53,0.7865,0,0.2135,0.0,0.0,0,0,0,0,1.0,,,,,0.0,1,1
LJ500_R066_C086,66,86,704250,9534250,4500,2500,2023,5,2023-05,53,1.0,0,0.0,0.0,0.0,0,0,0,0,1.0,,,,,0.0,1,1
LJ500_R067_C077,67,77,699750,9534750,0,3000,2023,5,2023-05,53,0.7165,0,0.2835,0.0,0.0,0,0,0,0,1.0,,,,,0.0,1,1
LJ500_R067_C078,67,78,700250,9534750,500,3000,2023,5,2023-05,53,0.8229,0,0.1771,0.0,0.0,0,0,0,0,1.0,,,,,0.0,1,1
LJ500_R067_C079,67,79,700750,9534750,1000,3000,2023,5,2023-05,53,0.9659,0,0.0341,0.0,0.0,0,0,0,0,1.0,,,,,0.0,1,1
LJ500_R067_C080,67,80,701250,9534750,1500,3000,2023,5,2023-05,53,0.8944,0,0.1056,0.0,0.0,0,0,0,0,1.0,,,,,0.0,1,1
LJ500_R067_C081,67,81,701750,9534750,2000,3000,2023,5,2023-05,53,0.7989,0,0.1897,0.0,0.0114,0,0,0,0,1.0,,,,,0.0,1,1
LJ500_R067_C082,67,82,702250,9534750,2500,3000,2023,5,2023-05,53,1.0,0,0.0,0.0,0.0,0,0,0,0,1.0,,,,,0.0,1,1
LJ500_R067_C083,67,83,702750,9534750,3000,3000,2023,5,2023-05,53,1.0,0,0.0,0.0,0.0,0,0,0,0,1.0,,,,,0.0,1,1
LJ500_R067_C084,67,84,703250,9534750,3500,3000,2023,5,2023-05,53,1.0,0,0.0,0.0,0.0,0,0,0,0,1.0,,,,,0.0,1,1
LJ500_R067_C085,67,85,703750,9534750,4000,3000,2023,5,2023-05,53,1.0,0,0.0,0.0,0.0,0,0,0,0,1.0,,,,,0.0,1,1
LJ500_R067_C086,67,86,704250,9534750,4500,3000,2023,5,2023-05,53,1.0,0,0.0,0.0,0.0,0,0,0,0,1.0,,,,,0.0,1,1
LJ500_R068_C077,68,77,699750,9535250,0,3500,2023,5,2023-05,53,0.065,0,0.935,0.0,0.0,0,0,0,0,1.0,,,,,0.0,1,1
LJ500_R068_C078,68,78,700250,9535250,500,3500,2023,5,2023-05,53,0.7525,0,0.2475,0.0,0.0,0,0,0,0,1.0,,,,,0.0,1,1
LJ500_R068_C079,68,79,700750,9535250,1000,3500,2023,5,2023-05,53,1.0,0,0.0,0.0,0.0,0,0,0,0,1.0,,,,,0.0,1,1
LJ500_R068_C080,68,80,701250,9535250,1500,3500,2023,5,2023-05,53,0.8923,0,0.1077,0.0,0.0,0,0,0,0,1.0,,,,,0.0,1,1
LJ500_R068_C081,68,81,701750,9535250,2000,3500,2023,5,2023-05,53,0.6646,0,0.0767,0.0,0.2586,0,0,0,0,1.0,,,,,0.0,1,1
LJ500_R068_C082,68,82,702250,9535250,2500,3500,2023,5,2023-05,53,0.9399,0,0.0601,0.0,0.0,0,0,0,0,1.0,,,,,0.0,1,1
LJ500_R068_C083,68,83,702750,9535250,3000,3500,2023,5,2023-05,53,1.0,0,0.0,0.0,0.0,0,0,0,0,1.0,,,,,0.0,1,1
LJ500_R068_C084,68,84,703250,9535250,3500,3500,2023,5,2023-05,53,1.0,0,0.0,0.0,0.0,0,0,0,0,1.0,,,,,0.0,1,1
LJ500_R068_C085,68,85,703750,9535250,4000,3500,2023,5,2023-05,53,1.0,0,0.0,0.0,0.0,0,0,0,0,1.0,,,,,0.0,1,1
LJ500_R068_C086,68,86,704250,9535250,4500,3500,2023,5,2023-05,53,1.0,0,0.0,0.0,0.0,0,0,0,0,1.0,,,,,0.0,1,1
LJ500_R069_C077,69,77,699750,9535750,0,4000,2023,5,2023-05,53,0.0,0,0.9574,0.0426,0.0,0,0,0,0,1.0,,,,,0.0,1,1
LJ500_R069_C078,69,78,700250,9535750,500,4000,2023,5,2023-05,53,0.4139,0,0.5115,0.0746,0.0,0,0,0,0,1.0,,,,,0.0,1,1
LJ500_R069_C079,69,79,700750,9535750,1000,4000,2023,5,2023-05,53,0.6432,0,0.3568,0.0,0.0,0,0,0,0,1.0,,,,,0.0,1,1
LJ500_R069_C080,69,80,701250,9535750,1500,4000,2023,5,2023-05,53,0.8514,0,0.1486,0.0,0.0,0,0,0,0,1.0,,,,,0.0,1,1
LJ500_R069_C081,69,81,701750,9535750,2000,4000,2023,5,2023-05,53,1.0,0,0.0,0.0,0.0,0,0,0,0,1.0,,,,,0.0,1,1
LJ500_R069_C082,69,82,702250,9535750,2500,4000,2023,5,2023-05,53,1.0,0,0.0,0.0,0.0,0,0,0,0,1.0,,,,,0.0,1,1
LJ500_R069_C083,69,83,702750,9535750,3000,4000,2023,5,2023-05,53,1.0,0,0.0,0.0,0.0,0,0,0,0,1.0,,,,,0.0,1,1
LJ500_R069_C084,69,84,703250,9535750,3500,4000,2023,5,2023-05,53,1.0,0,0.0,0.0,0.0,0,0,0,0,1.0,,,,,0.0,1,1
LJ500_R069_C085,69,85,703750,9535750,4000,4000,2023,5,2023-05,53,1.0,0,0.0,0.0,0.0,0,0,0,0,1.0,,,,,0.0,1,1
LJ500_R069_C086,69,86,704250,9535750,4500,4000,2023,5,2023-05,53,1.0,0,0.0,0.0,0.0,0,0,0,0,1.0,,,,,0.0,1,1
LJ500_R070_C077,70,77,699750,9536250,0,4500,2023,5,2023-05,53,0.0,0,0.3423,0.4553,0.2024,0,0,0,0,1.0,,,,,0.0,1,1
LJ500_R070_C078,70,78,700250,9536250,500,4500,2023,5,2023-05,53,0.0,0,0.3908,0.6092,0.0,0,0,0,0,1.0,,,,,0.0,1,1
LJ500_R070_C079,70,79,700750,9536250,1000,4500,2023,5,2023-05,53,0.2082,0,0.7834,0.0084,0.0,0,0,0,0,1.0,,,,,0.0,1,1
LJ500_R070_C080,70,80,701250,9536250,1500,4500,2023,5,2023-05,53,0.2813,0,0.7187,0.0,0.0,0,0,0,0,1.0,,,,,0.0,1,1
LJ500_R070_C081,70,81,701750,9536250,2000,4500,2023,5,2023-05,53,0.9197,0,0.0803,0.0,0.0,0,0,0,0,1.0,,,,,0.0,1,1
LJ500_R070_C082,70,82,702250,9536250,2500,4500,2023,5,2023-05,53,1.0,0,0.0,0.0,0.0,0,0,0,0,1.0,,,,,0.0,1,1
LJ500_R070_C083,70,83,702750,9536250,3000,4500,2023,5,2023-05,53,1.0,0,0.0,0.0,0.0,0,0,0,0,1.0,,,,,0.0,1,1
LJ500_R070_C084,70,84,703250,9536250,3500,4500,2023,5,2023-05,53,0.9943,0,0.0057,0.0,0.0,0,0,0,0,1.0,,,,,0.0,1,1
LJ500_R070_C085,70,85,703750,9536250,4000,4500,2023,5,2023-05,53,1.0,0,0.0,0.0,0.0,0,0,0,0,1.0,,,,,0.0,1,1
LJ500_R070_C086,70,86,704250,9536250,4500,4500,2023,5,2023-05,53,1.0,0,0.0,0.0,0.0,0,0,0,0,1.0,,,,,0.0,1,1
LJ500_R061_C077,61,77,699750,9531750,0,0,2023,6,2023-06,54,0.0,0,1.0,0.0,0.0,0,0,0,0,1.0,0.7689,0.2256,0.5143,-0.6915,100.0,1,0
LJ500_R061_C078,61,78,700250,9531750,500,0,2023,6,2023-06,54,0.0,0,0.9516,0.0,0.0484,0,0,0,0,1.0,0.7749,0.2543,0.5443,-0.6873,100.0,1,0
LJ500_R061_C079,61,79,700750,9531750,1000,0,2023,6,2023-06,54,0.0,0,0.906,0.0,0.094,0,0,0,0,1.0,0.8135,0.2925,0.5941,-0.7152,100.0,1,0
LJ500_R061_C080,61,80,701250,9531750,1500,0,2023,6,2023-06,54,0.1714,0,0.8229,0.0,0.0057,0,0,0,0,1.0,0.8065,0.2699,0.5747,-0.7018,100.0,1,0
LJ500_R061_C081,61,81,701750,9531750,2000,0,2023,6,2023-06,54,0.0,0,1.0,0.0,0.0,0,0,0,0,1.0,0.8095,0.2562,0.5597,-0.7083,100.0,1,0
LJ500_R061_C082,61,82,702250,9531750,2500,0,2023,6,2023-06,54,0.0618,0,0.9382,0.0,0.0,0,0,0,0,1.0,0.8073,0.2538,0.5587,-0.7116,100.0,1,0
LJ500_R061_C083,61,83,702750,9531750,3000,0,2023,6,2023-06,54,0.5343,0,0.3633,0.1024,0.0,0,0,0,0,1.0,0.8407,0.3199,0.6218,-0.7374,100.0,1,0
LJ500_R061_C084,61,84,703250,9531750,3500,0,2023,6,2023-06,54,0.7729,0,0.0,0.2271,0.0,0,0,0,0,1.0,0.7901,0.2541,0.5535,-0.7162,100.0,1,0
LJ500_R061_C085,61,85,703750,9531750,4000,0,2023,6,2023-06,54,0.709,0,0.291,0.0,0.0,0,0,0,0,1.0,0.8687,0.3125,0.6279,-0.7745,90.56,1,0
LJ500_R061_C086,61,86,704250,9531750,4500,0,2023,6,2023-06,54,1.0,0,0.0,0.0,0.0,0,0,0,0,1.0,0.8033,0.2566,0.5593,-0.7138,80.48,1,0
LJ500_R062_C077,62,77,699750,9532250,0,500,2023,6,2023-06,54,0.0,0,0.7197,0.0,0.2803,0,0,0,0,1.0,0.7298,0.234,0.5137,-0.6482,100.0,1,0
LJ500_R062_C078,62,78,700250,9532250,500,500,2023,6,2023-06,54,0.0,0,0.5947,0.0,0.4053,0,0,0,0,1.0,0.7433,0.2605,0.5441,-0.6532,100.0,1,0
LJ500_R062_C079,62,79,700750,9532250,1000,500,2023,6,2023-06,54,0.0,0,0.771,0.0,0.229,0,0,0,0,1.0,0.7928,0.2893,0.5873,-0.6778,100.0,1,0
LJ500_R062_C080,62,80,701250,9532250,1500,500,2023,6,2023-06,54,0.235,0,0.6379,0.0,0.1271,0,0,0,0,1.0,0.7534,0.256,0.5413,-0.653,100.0,1,0
LJ500_R062_C081,62,81,701750,9532250,2000,500,2023,6,2023-06,54,0.0684,0,0.7378,0.0,0.1938,0,0,0,0,1.0,0.8081,0.2642,0.5712,-0.7074,100.0,1,0
LJ500_R062_C082,62,82,702250,9532250,2500,500,2023,6,2023-06,54,0.0973,0,0.9027,0.0,0.0,0,0,0,0,1.0,0.8187,0.2815,0.5885,-0.7148,100.0,1,0
LJ500_R062_C083,62,83,702750,9532250,3000,500,2023,6,2023-06,54,0.0473,0,0.9507,0.0019,0.0,0,0,0,0,1.0,0.8122,0.2678,0.5736,-0.7101,100.0,1,0
LJ500_R062_C084,62,84,703250,9532250,3500,500,2023,6,2023-06,54,0.2757,0,0.7209,0.0034,0.0,0,0,0,0,1.0,0.8113,0.2946,0.5974,-0.715,100.0,1,0
LJ500_R062_C085,62,85,703750,9532250,4000,500,2023,6,2023-06,54,0.0588,0,0.9412,0.0,0.0,0,0,0,0,1.0,0.8424,0.2695,0.5818,-0.7435,100.0,1,0
LJ500_R062_C086,62,86,704250,9532250,4500,500,2023,6,2023-06,54,0.7611,0,0.2389,0.0,0.0,0,0,0,0,1.0,0.8294,0.246,0.5584,-0.7412,100.0,1,0
LJ500_R063_C077,63,77,699750,9532750,0,1000,2023,6,2023-06,54,0.0,0,0.1158,0.0,0.8842,0,0,0,0,1.0,0.6282,0.2114,0.4743,-0.5608,100.0,1,0
LJ500_R063_C078,63,78,700250,9532750,500,1000,2023,6,2023-06,54,0.0328,0,0.3431,0.0,0.624,0,0,0,0,1.0,0.7208,0.2571,0.5328,-0.6295,100.0,1,0
LJ500_R063_C079,63,79,700750,9532750,1000,1000,2023,6,2023-06,54,0.2883,0,0.3768,0.0,0.3349,0,0,0,0,1.0,0.7109,0.219,0.4913,-0.6315,100.0,1,0
LJ500_R063_C080,63,80,701250,9532750,1500,1000,2023,6,2023-06,54,0.1673,0,0.4746,0.0,0.358,0,0,0,0,1.0,0.7071,0.1778,0.4592,-0.6434,100.0,1,0
LJ500_R063_C081,63,81,701750,9532750,2000,1000,2023,6,2023-06,54,0.0165,0,0.5433,0.0,0.4402,0,0,0,0,1.0,0.7842,0.23,0.5249,-0.6994,100.0,1,0
LJ500_R063_C082,63,82,702250,9532750,2500,1000,2023,6,2023-06,54,0.6742,0,0.2142,0.0,0.1117,0,0,0,0,1.0,0.8185,0.2902,0.5936,-0.7053,100.0,1,0
LJ500_R063_C083,63,83,702750,9532750,3000,1000,2023,6,2023-06,54,0.2059,0,0.7941,0.0,0.0,0,0,0,0,1.0,0.8025,0.266,0.5647,-0.7026,100.0,1,0
LJ500_R063_C084,63,84,703250,9532750,3500,1000,2023,6,2023-06,54,0.2973,0,0.7027,0.0,0.0,0,0,0,0,1.0,0.7989,0.2624,0.566,-0.7044,100.0,1,0
LJ500_R063_C085,63,85,703750,9532750,4000,1000,2023,6,2023-06,54,0.1462,0,0.8538,0.0,0.0,0,0,0,0,1.0,0.7946,0.28,0.5777,-0.6988,100.0,1,0
LJ500_R063_C086,63,86,704250,9532750,4500,1000,2023,6,2023-06,54,0.3435,0,0.6565,0.0,0.0,0,0,0,0,1.0,0.8361,0.2977,0.6022,-0.7394,99.2,1,0
LJ500_R064_C077,64,77,699750,9533250,0,1500,2023,6,2023-06,54,0.3887,0,0.3116,0.0,0.2997,0,0,0,0,1.0,0.7439,0.2752,0.5555,-0.6557,100.0,1,0
LJ500_R064_C078,64,78,700250,9533250,500,1500,2023,6,2023-06,54,0.5382,0,0.082,0.0,0.3799,0,0,0,0,1.0,0.7346,0.2605,0.5375,-0.6392,100.0,1,0
LJ500_R064_C079,64,79,700750,9533250,1000,1500,2023,6,2023-06,54,0.4384,0,0.1474,0.0,0.4142,0,0,0,0,1.0,0.6956,0.1516,0.4309,-0.6417,100.0,1,0
LJ500_R064_C080,64,80,701250,9533250,1500,1500,2023,6,2023-06,54,0.5951,0,0.4049,0.0,0.0,0,0,0,0,1.0,0.8042,0.2305,0.5297,-0.7296,100.0,1,0
LJ500_R064_C081,64,81,701750,9533250,2000,1500,2023,6,2023-06,54,0.5997,0,0.181,0.0,0.2193,0,0,0,0,1.0,0.8566,0.2883,0.5944,-0.7605,100.0,1,0
LJ500_R064_C082,64,82,702250,9533250,2500,1500,2023,6,2023-06,54,0.7276,0,0.2724,0.0,0.0,0,0,0,0,1.0,0.7984,0.2762,0.579,-0.7056,100.0,1,0
LJ500_R064_C083,64,83,702750,9533250,3000,1500,2023,6,2023-06,54,0.566,0,0.203,0.0,0.231,0,0,0,0,1.0,0.8258,0.3098,0.6197,-0.7361,100.0,1,0
LJ500_R064_C084,64,84,703250,9533250,3500,1500,2023,6,2023-06,54,0.235,0,0.7298,0.0,0.0352,0,0,0,0,1.0,0.851,0.3167,0.6257,-0.7546,100.0,1,0
LJ500_R064_C085,64,85,703750,9533250,4000,1500,2023,6,2023-06,54,0.5109,0,0.4891,0.0,0.0,0,0,0,0,1.0,0.8266,0.3003,0.6012,-0.7371,98.72,1,0
LJ500_R064_C086,64,86,704250,9533250,4500,1500,2023,6,2023-06,54,0.748,0,0.252,0.0,0.0,0,0,0,0,1.0,0.7547,0.2339,0.525,-0.6828,86.88,1,0
LJ500_R065_C077,65,77,699750,9533750,0,2000,2023,6,2023-06,54,0.312,0,0.4033,0.0,0.2847,0,0,0,0,1.0,0.7601,0.3179,0.5962,-0.6555,100.0,1,0
LJ500_R065_C078,65,78,700250,9533750,500,2000,2023,6,2023-06,54,0.5913,0,0.4071,0.0,0.0016,0,0,0,0,1.0,0.7034,0.2341,0.5042,-0.6236,100.0,1,0
LJ500_R065_C079,65,79,700750,9533750,1000,2000,2023,6,2023-06,54,0.3219,0,0.6781,0.0,0.0,0,0,0,0,1.0,0.6818,0.1441,0.4179,-0.6281,100.0,1,0
LJ500_R065_C080,65,80,701250,9533750,1500,2000,2023,6,2023-06,54,0.8266,0,0.1734,0.0,0.0,0,0,0,0,1.0,0.862,0.326,0.6369,-0.7665,100.0,1,0
LJ500_R065_C081,65,81,701750,9533750,2000,2000,2023,6,2023-06,54,0.9017,0,0.0983,0.0,0.0,0,0,0,0,1.0,0.8364,0.2871,0.5898,-0.7458,100.0,1,0
LJ500_R065_C082,65,82,702250,9533750,2500,2000,2023,6,2023-06,54,0.7327,0,0.2673,0.0,0.0,0,0,0,0,1.0,0.812,0.2611,0.5729,-0.7383,100.0,1,0
LJ500_R065_C083,65,83,702750,9533750,3000,2000,2023,6,2023-06,54,0.7802,0,0.1368,0.0,0.083,0,0,0,0,1.0,0.8586,0.326,0.6368,-0.761,100.0,1,0
LJ500_R065_C084,65,84,703250,9533750,3500,2000,2023,6,2023-06,54,0.3229,0,0.6771,0.0,0.0,0,0,0,0,1.0,0.8315,0.3134,0.6192,-0.7341,100.0,1,0
LJ500_R065_C085,65,85,703750,9533750,4000,2000,2023,6,2023-06,54,0.0167,0,0.9833,0.0,0.0,0,0,0,0,1.0,0.7512,0.2037,0.5021,-0.687,100.0,1,0
LJ500_R065_C086,65,86,704250,9533750,4500,2000,2023,6,2023-06,54,0.7821,0,0.2179,0.0,0.0,0,0,0,0,1.0,0.8395,0.2939,0.6025,-0.7567,100.0,1,0
LJ500_R066_C077,66,77,699750,9534250,0,2500,2023,6,2023-06,54,0.5018,0,0.3517,0.0,0.1465,0,0,0,0,1.0,0.6999,0.2611,0.5284,-0.6164,99.52,1,0
LJ500_R066_C078,66,78,700250,9534250,500,2500,2023,6,2023-06,54,0.1232,0,0.8768,0.0,0.0,0,0,0,0,1.0,0.6507,0.1715,0.4293,-0.5983,100.0,1,0
LJ500_R066_C079,66,79,700750,9534250,1000,2500,2023,6,2023-06,54,0.3332,0,0.6668,0.0,0.0,0,0,0,0,1.0,0.671,0.1644,0.4372,-0.6279,100.0,1,0
LJ500_R066_C080,66,80,701250,9534250,1500,2500,2023,6,2023-06,54,0.9149,0,0.0851,0.0,0.0,0,0,0,0,1.0,0.7522,0.3102,0.6049,-0.6692,99.84,1,0
LJ500_R066_C081,66,81,701750,9534250,2000,2500,2023,6,2023-06,54,0.7037,0,0.2963,0.0,0.0,0,0,0,0,1.0,0.7612,0.2305,0.5248,-0.6939,96.96,1,0
LJ500_R066_C082,66,82,702250,9534250,2500,2500,2023,6,2023-06,54,0.6772,0,0.3228,0.0,0.0,0,0,0,0,1.0,0.8309,0.2927,0.5948,-0.7403,100.0,1,0
LJ500_R066_C083,66,83,702750,9534250,3000,2500,2023,6,2023-06,54,0.6289,0,0.3711,0.0,0.0,0,0,0,0,1.0,0.8472,0.2802,0.5858,-0.7508,100.0,1,0
LJ500_R066_C084,66,84,703250,9534250,3500,2500,2023,6,2023-06,54,0.7305,0,0.2695,0.0,0.0,0,0,0,0,1.0,0.7904,0.2431,0.5424,-0.7028,100.0,1,0
LJ500_R066_C085,66,85,703750,9534250,4000,2500,2023,6,2023-06,54,0.7865,0,0.2135,0.0,0.0,0,0,0,0,1.0,0.7887,0.2746,0.5717,-0.7032,100.0,1,0
LJ500_R066_C086,66,86,704250,9534250,4500,2500,2023,6,2023-06,54,1.0,0,0.0,0.0,0.0,0,0,0,0,1.0,0.835,0.3141,0.6154,-0.7425,100.0,1,0
LJ500_R067_C077,67,77,699750,9534750,0,3000,2023,6,2023-06,54,0.7165,0,0.2835,0.0,0.0,0,0,0,0,1.0,0.7461,0.2622,0.5352,-0.668,30.88,1,0
LJ500_R067_C078,67,78,700250,9534750,500,3000,2023,6,2023-06,54,0.8229,0,0.1771,0.0,0.0,0,0,0,0,1.0,0.6981,0.1746,0.455,-0.6424,97.28,1,0
LJ500_R067_C079,67,79,700750,9534750,1000,3000,2023,6,2023-06,54,0.9659,0,0.0341,0.0,0.0,0,0,0,0,1.0,0.7286,0.2991,0.5908,-0.6532,62.88,1,0
LJ500_R067_C080,67,80,701250,9534750,1500,3000,2023,6,2023-06,54,0.8944,0,0.1056,0.0,0.0,0,0,0,0,1.0,0.67,0.3641,0.6498,-0.5854,76.64,1,0
LJ500_R067_C081,67,81,701750,9534750,2000,3000,2023,6,2023-06,54,0.7989,0,0.1897,0.0,0.0114,0,0,0,0,1.0,0.7312,0.3032,0.5855,-0.6588,66.56,1,0
LJ500_R067_C082,67,82,702250,9534750,2500,3000,2023,6,2023-06,54,1.0,0,0.0,0.0,0.0,0,0,0,0,1.0,0.8174,0.3035,0.5952,-0.7339,96.96,1,0
LJ500_R067_C083,67,83,702750,9534750,3000,3000,2023,6,2023-06,54,1.0,0,0.0,0.0,0.0,0,0,0,0,1.0,0.8128,0.2983,0.5883,-0.7224,100.0,1,0
LJ500_R067_C084,67,84,703250,9534750,3500,3000,2023,6,2023-06,54,1.0,0,0.0,0.0,0.0,0,0,0,0,1.0,0.783,0.2876,0.5732,-0.7007,100.0,1,0
LJ500_R067_C085,67,85,703750,9534750,4000,3000,2023,6,2023-06,54,1.0,0,0.0,0.0,0.0,0,0,0,0,1.0,0.8117,0.3135,0.6052,-0.7251,100.0,1,0
LJ500_R067_C086,67,86,704250,9534750,4500,3000,2023,6,2023-06,54,1.0,0,0.0,0.0,0.0,0,0,0,0,1.0,0.8026,0.3152,0.6012,-0.7162,100.0,1,0
LJ500_R068_C077,68,77,699750,9535250,0,3500,2023,6,2023-06,54,0.065,0,0.935,0.0,0.0,0,0,0,0,1.0,0.7595,0.3099,0.5957,-0.6623,52.64,1,0
LJ500_R068_C078,68,78,700250,9535250,500,3500,2023,6,2023-06,54,0.7525,0,0.2475,0.0,0.0,0,0,0,0,1.0,0.6925,0.3027,0.5894,-0.5893,93.76,1,0
LJ500_R068_C079,68,79,700750,9535250,1000,3500,2023,6,2023-06,54,1.0,0,0.0,0.0,0.0,0,0,0,0,1.0,0.6289,0.2683,0.5361,-0.5404,50.88,1,0
LJ500_R068_C080,68,80,701250,9535250,1500,3500,2023,6,2023-06,54,0.8923,0,0.1077,0.0,0.0,0,0,0,0,1.0,0.6996,0.221,0.4872,-0.6379,40.0,1,0
LJ500_R068_C081,68,81,701750,9535250,2000,3500,2023,6,2023-06,54,0.6646,0,0.0767,0.0,0.2586,0,0,0,0,1.0,0.7178,0.2351,0.5179,-0.6619,17.6,1,0
LJ500_R068_C082,68,82,702250,9535250,2500,3500,2023,6,2023-06,54,0.9399,0,0.0601,0.0,0.0,0,0,0,0,1.0,0.781,0.3293,0.6012,-0.711,98.08,1,0
LJ500_R068_C083,68,83,702750,9535250,3000,3500,2023,6,2023-06,54,1.0,0,0.0,0.0,0.0,0,0,0,0,1.0,0.8235,0.3818,0.6546,-0.7464,100.0,1,0
LJ500_R068_C084,68,84,703250,9535250,3500,3500,2023,6,2023-06,54,1.0,0,0.0,0.0,0.0,0,0,0,0,1.0,0.8085,0.3629,0.6398,-0.7293,100.0,1,0
LJ500_R068_C085,68,85,703750,9535250,4000,3500,2023,6,2023-06,54,1.0,0,0.0,0.0,0.0,0,0,0,0,1.0,0.8142,0.3676,0.6472,-0.7354,100.0,1,0
LJ500_R068_C086,68,86,704250,9535250,4500,3500,2023,6,2023-06,54,1.0,0,0.0,0.0,0.0,0,0,0,0,1.0,0.7981,0.3359,0.6203,-0.7188,100.0,1,0
LJ500_R069_C077,69,77,699750,9535750,0,4000,2023,6,2023-06,54,0.0,0,0.9574,0.0426,0.0,0,0,0,0,1.0,0.7697,0.2558,0.5395,-0.6686,99.68,1,0
LJ500_R069_C078,69,78,700250,9535750,500,4000,2023,6,2023-06,54,0.4139,0,0.5115,0.0746,0.0,0,0,0,0,1.0,0.7415,0.2961,0.5732,-0.6333,86.88,1,0
LJ500_R069_C079,69,79,700750,9535750,1000,4000,2023,6,2023-06,54,0.6432,0,0.3568,0.0,0.0,0,0,0,0,1.0,0.6249,0.16,0.3996,-0.5694,72.16,1,0
LJ500_R069_C080,69,80,701250,9535750,1500,4000,2023,6,2023-06,54,0.8514,0,0.1486,0.0,0.0,0,0,0,0,1.0,0.632,0.1621,0.3962,-0.584,60.96,1,0
LJ500_R069_C081,69,81,701750,9535750,2000,4000,2023,6,2023-06,54,1.0,0,0.0,0.0,0.0,0,0,0,0,1.0,0.8453,0.3171,0.6163,-0.7561,96.16,1,0
LJ500_R069_C082,69,82,702250,9535750,2500,4000,2023,6,2023-06,54,1.0,0,0.0,0.0,0.0,0,0,0,0,1.0,0.8511,0.3371,0.6372,-0.7612,100.0,1,0
LJ500_R069_C083,69,83,702750,9535750,3000,4000,2023,6,2023-06,54,1.0,0,0.0,0.0,0.0,0,0,0,0,1.0,0.8238,0.3411,0.6355,-0.745,100.0,1,0
LJ500_R069_C084,69,84,703250,9535750,3500,4000,2023,6,2023-06,54,1.0,0,0.0,0.0,0.0,0,0,0,0,1.0,0.7791,0.3233,0.6022,-0.7121,100.0,1,0
LJ500_R069_C085,69,85,703750,9535750,4000,4000,2023,6,2023-06,54,1.0,0,0.0,0.0,0.0,0,0,0,0,1.0,0.7834,0.3101,0.6008,-0.7106,100.0,1,0
LJ500_R069_C086,69,86,704250,9535750,4500,4000,2023,6,2023-06,54,1.0,0,0.0,0.0,0.0,0,0,0,0,1.0,0.7655,0.2698,0.5657,-0.6956,100.0,1,0
LJ500_R070_C077,70,77,699750,9536250,0,4500,2023,6,2023-06,54,0.0,0,0.3423,0.4553,0.2024,0,0,0,0,1.0,0.782,0.2186,0.5082,-0.7096,100.0,1,0
LJ500_R070_C078,70,78,700250,9536250,500,4500,2023,6,2023-06,54,0.0,0,0.3908,0.6092,0.0,0,0,0,0,1.0,0.7699,0.2045,0.4965,-0.6947,100.0,1,0
LJ500_R070_C079,70,79,700750,9536250,1000,4500,2023,6,2023-06,54,0.2082,0,0.7834,0.0084,0.0,0,0,0,0,1.0,0.7719,0.2354,0.5207,-0.6765,94.72,1,0
LJ500_R070_C080,70,80,701250,9536250,1500,4500,2023,6,2023-06,54,0.2813,0,0.7187,0.0,0.0,0,0,0,0,1.0,0.8145,0.2304,0.5298,-0.7077,95.2,1,0
LJ500_R070_C081,70,81,701750,9536250,2000,4500,2023,6,2023-06,54,0.9197,0,0.0803,0.0,0.0,0,0,0,0,1.0,0.8399,0.2578,0.5631,-0.7422,100.0,1,0
LJ500_R070_C082,70,82,702250,9536250,2500,4500,2023,6,2023-06,54,1.0,0,0.0,0.0,0.0,0,0,0,0,1.0,0.7888,0.2432,0.5392,-0.7084,100.0,1,0
LJ500_R070_C083,70,83,702750,9536250,3000,4500,2023,6,2023-06,54,1.0,0,0.0,0.0,0.0,0,0,0,0,1.0,0.784,0.2977,0.5866,-0.7042,100.0,1,0
LJ500_R070_C084,70,84,703250,9536250,3500,4500,2023,6,2023-06,54,0.9943,0,0.0057,0.0,0.0,0,0,0,0,1.0,0.7489,0.2804,0.5656,-0.6793,100.0,1,0
LJ500_R070_C085,70,85,703750,9536250,4000,4500,2023,6,2023-06,54,1.0,0,0.0,0.0,0.0,0,0,0,0,1.0,0.7818,0.3186,0.6003,-0.718,100.0,1,0
LJ500_R070_C086,70,86,704250,9536250,4500,4500,2023,6,2023-06,54,1.0,0,0.0,0.0,0.0,0,0,0,0,1.0,0.8289,0.3648,0.6539,-0.7543,100.0,1,0
LJ500_R061_C077,61,77,699750,9531750,0,0,2023,7,2023-07,55,0.0,0,1.0,0.0,0.0,0,0,0,0,1.0,0.7878,0.1921,0.4821,-0.7176,100.0,1,0
LJ500_R061_C078,61,78,700250,9531750,500,0,2023,7,2023-07,55,0.0,0,0.9516,0.0,0.0484,0,0,0,0,1.0,0.7975,0.2219,0.5168,-0.7148,100.0,1,0
LJ500_R061_C079,61,79,700750,9531750,1000,0,2023,7,2023-07,55,0.0,0,0.906,0.0,0.094,0,0,0,0,1.0,0.8282,0.2711,0.5736,-0.7329,100.0,1,0
LJ500_R061_C080,61,80,701250,9531750,1500,0,2023,7,2023-07,55,0.1714,0,0.8229,0.0,0.0057,0,0,0,0,1.0,0.8108,0.2595,0.5637,-0.7135,100.0,1,0
LJ500_R061_C081,61,81,701750,9531750,2000,0,2023,7,2023-07,55,0.0,0,1.0,0.0,0.0,0,0,0,0,1.0,0.8043,0.2548,0.5548,-0.7064,100.0,1,0
LJ500_R061_C082,61,82,702250,9531750,2500,0,2023,7,2023-07,55,0.0618,0,0.9382,0.0,0.0,0,0,0,0,1.0,0.8234,0.2665,0.5737,-0.7258,100.0,1,0
LJ500_R061_C083,61,83,702750,9531750,3000,0,2023,7,2023-07,55,0.5343,0,0.3633,0.1024,0.0,0,0,0,0,1.0,0.8597,0.3359,0.64,-0.7545,85.44,1,0
LJ500_R061_C084,61,84,703250,9531750,3500,0,2023,7,2023-07,55,0.7729,0,0.0,0.2271,0.0,0,0,0,0,1.0,0.841,0.2897,0.5913,-0.7628,95.36,1,0
LJ500_R061_C085,61,85,703750,9531750,4000,0,2023,7,2023-07,55,0.709,0,0.291,0.0,0.0,0,0,0,0,1.0,0.8499,0.3277,0.6282,-0.7571,87.52,1,0
LJ500_R061_C086,61,86,704250,9531750,4500,0,2023,7,2023-07,55,1.0,0,0.0,0.0,0.0,0,0,0,0,1.0,0.7478,0.2627,0.5413,-0.644,0.64,1,0
LJ500_R062_C077,62,77,699750,9532250,0,500,2023,7,2023-07,55,0.0,0,0.7197,0.0,0.2803,0,0,0,0,1.0,0.7631,0.2082,0.4916,-0.6898,100.0,1,0
LJ500_R062_C078,62,78,700250,9532250,500,500,2023,7,2023-07,55,0.0,0,0.5947,0.0,0.4053,0,0,0,0,1.0,0.7834,0.2409,0.53,-0.7013,100.0,1,0
LJ500_R062_C079,62,79,700750,9532250,1000,500,2023,7,2023-07,55,0.0,0,0.771,0.0,0.229,0,0,0,0,1.0,0.8145,0.2804,0.5779,-0.7063,100.0,1,0
LJ500_R062_C080,62,80,701250,9532250,1500,500,2023,7,2023-07,55,0.235,0,0.6379,0.0,0.1271,0,0,0,0,1.0,0.8129,0.2569,0.5559,-0.7064,100.0,1,0
LJ500_R062_C081,62,81,701750,9532250,2000,500,2023,7,2023-07,55,0.0684,0,0.7378,0.0,0.1938,0,0,0,0,1.0,0.8262,0.2656,0.5724,-0.7276,100.0,1,0
LJ500_R062_C082,62,82,702250,9532250,2500,500,2023,7,2023-07,55,0.0973,0,0.9027,0.0,0.0,0,0,0,0,1.0,0.8334,0.2848,0.5919,-0.7301,100.0,1,0
LJ500_R062_C083,62,83,702750,9532250,3000,500,2023,7,2023-07,55,0.0473,0,0.9507,0.0019,0.0,0,0,0,0,1.0,0.8278,0.2948,0.5997,-0.7251,94.08,1,0
LJ500_R062_C084,62,84,703250,9532250,3500,500,2023,7,2023-07,55,0.2757,0,0.7209,0.0034,0.0,0,0,0,0,1.0,0.8513,0.3029,0.6069,-0.7548,69.6,1,0
LJ500_R062_C085,62,85,703750,9532250,4000,500,2023,7,2023-07,55,0.0588,0,0.9412,0.0,0.0,0,0,0,0,1.0,0.8071,0.2974,0.5855,-0.7159,24.96,1,0
LJ500_R062_C086,62,86,704250,9532250,4500,500,2023,7,2023-07,55,0.7611,0,0.2389,0.0,0.0,0,0,0,0,1.0,0.6957,0.2345,0.4979,-0.6144,47.04,1,0
LJ500_R063_C077,63,77,699750,9532750,0,1000,2023,7,2023-07,55,0.0,0,0.1158,0.0,0.8842,0,0,0,0,1.0,0.6774,0.155,0.4188,-0.6274,100.0,1,0
LJ500_R063_C078,63,78,700250,9532750,500,1000,2023,7,2023-07,55,0.0328,0,0.3431,0.0,0.624,0,0,0,0,1.0,0.7771,0.2339,0.5241,-0.6929,100.0,1,0
LJ500_R063_C079,63,79,700750,9532750,1000,1000,2023,7,2023-07,55,0.2883,0,0.3768,0.0,0.3349,0,0,0,0,1.0,0.7543,0.2116,0.4874,-0.6782,100.0,1,0
LJ500_R063_C080,63,80,701250,9532750,1500,1000,2023,7,2023-07,55,0.1673,0,0.4746,0.0,0.358,0,0,0,0,1.0,0.7528,0.1917,0.477,-0.6864,100.0,1,0
LJ500_R063_C081,63,81,701750,9532750,2000,1000,2023,7,2023-07,55,0.0165,0,0.5433,0.0,0.4402,0,0,0,0,1.0,0.7983,0.24,0.5339,-0.7144,100.0,1,0
LJ500_R063_C082,63,82,702250,9532750,2500,1000,2023,7,2023-07,55,0.6742,0,0.2142,0.0,0.1117,0,0,0,0,1.0,0.8353,0.2868,0.5931,-0.7261,100.0,1,0
LJ500_R063_C083,63,83,702750,9532750,3000,1000,2023,7,2023-07,55,0.2059,0,0.7941,0.0,0.0,0,0,0,0,1.0,0.8009,0.2656,0.5629,-0.699,100.0,1,0
LJ500_R063_C084,63,84,703250,9532750,3500,1000,2023,7,2023-07,55,0.2973,0,0.7027,0.0,0.0,0,0,0,0,1.0,0.8334,0.2796,0.5905,-0.7387,76.48,1,0
LJ500_R063_C085,63,85,703750,9532750,4000,1000,2023,7,2023-07,55,0.1462,0,0.8538,0.0,0.0,0,0,0,0,1.0,0.8094,0.2925,0.5825,-0.7234,55.36,1,0
LJ500_R063_C086,63,86,704250,9532750,4500,1000,2023,7,2023-07,55,0.3435,0,0.6565,0.0,0.0,0,0,0,0,1.0,0.8524,0.3155,0.6198,-0.7577,97.28,1,0
LJ500_R064_C077,64,77,699750,9533250,0,1500,2023,7,2023-07,55,0.3887,0,0.3116,0.0,0.2997,0,0,0,0,1.0,0.8095,0.2561,0.5466,-0.724,100.0,1,0
LJ500_R064_C078,64,78,700250,9533250,500,1500,2023,7,2023-07,55,0.5382,0,0.082,0.0,0.3799,0,0,0,0,1.0,0.8034,0.2674,0.5604,-0.709,100.0,1,0
LJ500_R064_C079,64,79,700750,9533250,1000,1500,2023,7,2023-07,55,0.4384,0,0.1474,0.0,0.4142,0,0,0,0,1.0,0.7407,0.1707,0.4543,-0.6842,100.0,1,0
LJ500_R064_C080,64,80,701250,9533250,1500,1500,2023,7,2023-07,55,0.5951,0,0.4049,0.0,0.0,0,0,0,0,1.0,0.8029,0.2443,0.5418,-0.7294,100.0,1,0
LJ500_R064_C081,64,81,701750,9533250,2000,1500,2023,7,2023-07,55,0.5997,0,0.181,0.0,0.2193,0,0,0,0,1.0,0.8398,0.2845,0.5874,-0.7507,100.0,1,0
LJ500_R064_C082,64,82,702250,9533250,2500,1500,2023,7,2023-07,55,0.7276,0,0.2724,0.0,0.0,0,0,0,0,1.0,0.7873,0.2772,0.5757,-0.6945,100.0,1,0
LJ500_R064_C083,64,83,702750,9533250,3000,1500,2023,7,2023-07,55,0.566,0,0.203,0.0,0.231,0,0,0,0,1.0,0.8399,0.3095,0.6183,-0.7541,100.0,1,0
LJ500_R064_C084,64,84,703250,9533250,3500,1500,2023,7,2023-07,55,0.235,0,0.7298,0.0,0.0352,0,0,0,0,1.0,0.8578,0.314,0.6235,-0.7662,100.0,1,0
LJ500_R064_C085,64,85,703750,9533250,4000,1500,2023,7,2023-07,55,0.5109,0,0.4891,0.0,0.0,0,0,0,0,1.0,0.7607,0.281,0.5608,-0.6806,65.44,1,0
LJ500_R064_C086,64,86,704250,9533250,4500,1500,2023,7,2023-07,55,0.748,0,0.252,0.0,0.0,0,0,0,0,1.0,0.7908,0.2663,0.5647,-0.707,94.08,1,0
LJ500_R065_C077,65,77,699750,9533750,0,2000,2023,7,2023-07,55,0.312,0,0.4033,0.0,0.2847,0,0,0,0,1.0,0.8322,0.3035,0.593,-0.7323,100.0,1,0
LJ500_R065_C078,65,78,700250,9533750,500,2000,2023,7,2023-07,55,0.5913,0,0.4071,0.0,0.0016,0,0,0,0,1.0,0.7759,0.2518,0.5345,-0.6932,100.0,1,0
LJ500_R065_C079,65,79,700750,9533750,1000,2000,2023,7,2023-07,55,0.3219,0,0.6781,0.0,0.0,0,0,0,0,1.0,0.7221,0.1717,0.4472,-0.6668,100.0,1,0
LJ500_R065_C080,65,80,701250,9533750,1500,2000,2023,7,2023-07,55,0.8266,0,0.1734,0.0,0.0,0,0,0,0,1.0,0.8573,0.3141,0.6263,-0.7692,100.0,1,0
LJ500_R065_C081,65,81,701750,9533750,2000,2000,2023,7,2023-07,55,0.9017,0,0.0983,0.0,0.0,0,0,0,0,1.0,0.8223,0.2843,0.5865,-0.7319,100.0,1,0
LJ500_R065_C082,65,82,702250,9533750,2500,2000,2023,7,2023-07,55,0.7327,0,0.2673,0.0,0.0,0,0,0,0,1.0,0.8002,0.2657,0.5723,-0.7239,100.0,1,0
LJ500_R065_C083,65,83,702750,9533750,3000,2000,2023,7,2023-07,55,0.7802,0,0.1368,0.0,0.083,0,0,0,0,1.0,0.8594,0.3201,0.6318,-0.7664,100.0,1,0
LJ500_R065_C084,65,84,703250,9533750,3500,2000,2023,7,2023-07,55,0.3229,0,0.6771,0.0,0.0,0,0,0,0,1.0,0.8538,0.3086,0.623,-0.7598,100.0,1,0
LJ500_R065_C085,65,85,703750,9533750,4000,2000,2023,7,2023-07,55,0.0167,0,0.9833,0.0,0.0,0,0,0,0,1.0,0.7616,0.2118,0.5103,-0.6949,99.84,1,0
LJ500_R065_C086,65,86,704250,9533750,4500,2000,2023,7,2023-07,55,0.7821,0,0.2179,0.0,0.0,0,0,0,0,1.0,0.79,0.3029,0.5951,-0.7103,87.36,1,0
LJ500_R066_C077,66,77,699750,9534250,0,2500,2023,7,2023-07,55,0.5018,0,0.3517,0.0,0.1465,0,0,0,0,1.0,0.7733,0.2513,0.5347,-0.68,100.0,1,0
LJ500_R066_C078,66,78,700250,9534250,500,2500,2023,7,2023-07,55,0.1232,0,0.8768,0.0,0.0,0,0,0,0,1.0,0.7159,0.1932,0.4639,-0.6546,100.0,1,0
LJ500_R066_C079,66,79,700750,9534250,1000,2500,2023,7,2023-07,55,0.3332,0,0.6668,0.0,0.0,0,0,0,0,1.0,0.6933,0.1614,0.4253,-0.6549,100.0,1,0
LJ500_R066_C080,66,80,701250,9534250,1500,2500,2023,7,2023-07,55,0.9149,0,0.0851,0.0,0.0,0,0,0,0,1.0,0.8097,0.2938,0.5889,-0.7304,100.0,1,0
LJ500_R066_C081,66,81,701750,9534250,2000,2500,2023,7,2023-07,55,0.7037,0,0.2963,0.0,0.0,0,0,0,0,1.0,0.7724,0.2532,0.5445,-0.7006,100.0,1,0
LJ500_R066_C082,66,82,702250,9534250,2500,2500,2023,7,2023-07,55,0.6772,0,0.3228,0.0,0.0,0,0,0,0,1.0,0.8301,0.3059,0.6068,-0.7415,100.0,1,0
LJ500_R066_C083,66,83,702750,9534250,3000,2500,2023,7,2023-07,55,0.6289,0,0.3711,0.0,0.0,0,0,0,0,1.0,0.838,0.3015,0.6104,-0.7361,100.0,1,0
LJ500_R066_C084,66,84,703250,9534250,3500,2500,2023,7,2023-07,55,0.7305,0,0.2695,0.0,0.0,0,0,0,0,1.0,0.7893,0.2553,0.5565,-0.6943,100.0,1,0
LJ500_R066_C085,66,85,703750,9534250,4000,2500,2023,7,2023-07,55,0.7865,0,0.2135,0.0,0.0,0,0,0,0,1.0,0.8042,0.29,0.5881,-0.717,100.0,1,0
LJ500_R066_C086,66,86,704250,9534250,4500,2500,2023,7,2023-07,55,1.0,0,0.0,0.0,0.0,0,0,0,0,1.0,0.8109,0.3267,0.6231,-0.7166,100.0,1,0
LJ500_R067_C077,67,77,699750,9534750,0,3000,2023,7,2023-07,55,0.7165,0,0.2835,0.0,0.0,0,0,0,0,1.0,0.7995,0.2701,0.5628,-0.7094,100.0,1,0
LJ500_R067_C078,67,78,700250,9534750,500,3000,2023,7,2023-07,55,0.8229,0,0.1771,0.0,0.0,0,0,0,0,1.0,0.7515,0.2062,0.4925,-0.6829,100.0,1,0
LJ500_R067_C079,67,79,700750,9534750,1000,3000,2023,7,2023-07,55,0.9659,0,0.0341,0.0,0.0,0,0,0,0,1.0,0.7765,0.2407,0.5257,-0.7058,100.0,1,0
LJ500_R067_C080,67,80,701250,9534750,1500,3000,2023,7,2023-07,55,0.8944,0,0.1056,0.0,0.0,0,0,0,0,1.0,0.7775,0.2794,0.5597,-0.7037,100.0,1,0
LJ500_R067_C081,67,81,701750,9534750,2000,3000,2023,7,2023-07,55,0.7989,0,0.1897,0.0,0.0114,0,0,0,0,1.0,0.7691,0.2801,0.5553,-0.7036,100.0,1,0
LJ500_R067_C082,67,82,702250,9534750,2500,3000,2023,7,2023-07,55,1.0,0,0.0,0.0,0.0,0,0,0,0,1.0,0.8148,0.3306,0.619,-0.7309,100.0,1,0
LJ500_R067_C083,67,83,702750,9534750,3000,3000,2023,7,2023-07,55,1.0,0,0.0,0.0,0.0,0,0,0,0,1.0,0.8044,0.3192,0.6038,-0.7139,100.0,1,0
LJ500_R067_C084,67,84,703250,9534750,3500,3000,2023,7,2023-07,55,1.0,0,0.0,0.0,0.0,0,0,0,0,1.0,0.7833,0.3127,0.5929,-0.7011,100.0,1,0
LJ500_R067_C085,67,85,703750,9534750,4000,3000,2023,7,2023-07,55,1.0,0,0.0,0.0,0.0,0,0,0,0,1.0,0.8119,0.334,0.6202,-0.7256,100.0,1,0
LJ500_R067_C086,67,86,704250,9534750,4500,3000,2023,7,2023-07,55,1.0,0,0.0,0.0,0.0,0,0,0,0,1.0,0.7953,0.332,0.6138,-0.708,100.0,1,0
LJ500_R068_C077,68,77,699750,9535250,0,3500,2023,7,2023-07,55,0.065,0,0.935,0.0,0.0,0,0,0,0,1.0,0.7561,0.2354,0.5289,-0.6752,100.0,1,0
LJ500_R068_C078,68,78,700250,9535250,500,3500,2023,7,2023-07,55,0.7525,0,0.2475,0.0,0.0,0,0,0,0,1.0,0.7902,0.2645,0.5562,-0.6896,100.0,1,0
LJ500_R068_C079,68,79,700750,9535250,1000,3500,2023,7,2023-07,55,1.0,0,0.0,0.0,0.0,0,0,0,0,1.0,0.7891,0.2597,0.5486,-0.7028,100.0,1,0
LJ500_R068_C080,68,80,701250,9535250,1500,3500,2023,7,2023-07,55,0.8923,0,0.1077,0.0,0.0,0,0,0,0,1.0,0.763,0.277,0.5519,-0.6965,100.0,1,0
LJ500_R068_C081,68,81,701750,9535250,2000,3500,2023,7,2023-07,55,0.6646,0,0.0767,0.0,0.2586,0,0,0,0,1.0,0.7136,0.2065,0.4784,-0.6711,100.0,1,0
LJ500_R068_C082,68,82,702250,9535250,2500,3500,2023,7,2023-07,55,0.9399,0,0.0601,0.0,0.0,0,0,0,0,1.0,0.804,0.3766,0.6457,-0.7268,40.48,1,0
LJ500_R068_C083,68,83,702750,9535250,3000,3500,2023,7,2023-07,55,1.0,0,0.0,0.0,0.0,0,0,0,0,1.0,0.8179,0.4054,0.6715,-0.7401,100.0,1,0
LJ500_R068_C084,68,84,703250,9535250,3500,3500,2023,7,2023-07,55,1.0,0,0.0,0.0,0.0,0,0,0,0,1.0,0.8009,0.3891,0.6588,-0.717,100.0,1,0
LJ500_R068_C085,68,85,703750,9535250,4000,3500,2023,7,2023-07,55,1.0,0,0.0,0.0,0.0,0,0,0,0,1.0,0.7336,0.356,0.6034,-0.6596,100.0,1,0
LJ500_R068_C086,68,86,704250,9535250,4500,3500,2023,7,2023-07,55,1.0,0,0.0,0.0,0.0,0,0,0,0,1.0,0.7871,0.346,0.6238,-0.7082,100.0,1,0
LJ500_R069_C077,69,77,699750,9535750,0,4000,2023,7,2023-07,55,0.0,0,0.9574,0.0426,0.0,0,0,0,0,1.0,0.747,0.2667,0.5636,-0.65,100.0,1,0
LJ500_R069_C078,69,78,700250,9535750,500,4000,2023,7,2023-07,55,0.4139,0,0.5115,0.0746,0.0,0,0,0,0,1.0,0.8442,0.3242,0.6236,-0.7287,100.0,1,0
LJ500_R069_C079,69,79,700750,9535750,1000,4000,2023,7,2023-07,55,0.6432,0,0.3568,0.0,0.0,0,0,0,0,1.0,0.7649,0.2265,0.5137,-0.6814,100.0,1,0
LJ500_R069_C080,69,80,701250,9535750,1500,4000,2023,7,2023-07,55,0.8514,0,0.1486,0.0,0.0,0,0,0,0,1.0,0.7938,0.2635,0.5513,-0.7181,100.0,1,0
LJ500_R069_C081,69,81,701750,9535750,2000,4000,2023,7,2023-07,55,1.0,0,0.0,0.0,0.0,0,0,0,0,1.0,0.8452,0.3672,0.6622,-0.762,44.96,1,0
LJ500_R069_C082,69,82,702250,9535750,2500,4000,2023,7,2023-07,55,1.0,0,0.0,0.0,0.0,0,0,0,0,1.0,0.8652,0.4244,0.7143,-0.7766,5.92,1,0
LJ500_R069_C083,69,83,702750,9535750,3000,4000,2023,7,2023-07,55,1.0,0,0.0,0.0,0.0,0,0,0,0,1.0,0.8301,0.385,0.6654,-0.7569,82.72,1,0
LJ500_R069_C084,69,84,703250,9535750,3500,4000,2023,7,2023-07,55,1.0,0,0.0,0.0,0.0,0,0,0,0,1.0,0.7849,0.3485,0.6164,-0.7228,100.0,1,0
LJ500_R069_C085,69,85,703750,9535750,4000,4000,2023,7,2023-07,55,1.0,0,0.0,0.0,0.0,0,0,0,0,1.0,0.7739,0.3271,0.6055,-0.7068,100.0,1,0
LJ500_R069_C086,69,86,704250,9535750,4500,4000,2023,7,2023-07,55,1.0,0,0.0,0.0,0.0,0,0,0,0,1.0,0.7593,0.2855,0.5713,-0.6932,100.0,1,0
LJ500_R070_C077,70,77,699750,9536250,0,4500,2023,7,2023-07,55,0.0,0,0.3423,0.4553,0.2024,0,0,0,0,1.0,0.7672,0.2118,0.5077,-0.7068,92.64,1,0
LJ500_R070_C078,70,78,700250,9536250,500,4500,2023,7,2023-07,55,0.0,0,0.3908,0.6092,0.0,0,0,0,0,1.0,0.7707,0.2156,0.513,-0.7043,100.0,1,0
LJ500_R070_C079,70,79,700750,9536250,1000,4500,2023,7,2023-07,55,0.2082,0,0.7834,0.0084,0.0,0,0,0,0,1.0,0.7976,0.2594,0.5555,-0.6979,100.0,1,0
LJ500_R070_C080,70,80,701250,9536250,1500,4500,2023,7,2023-07,55,0.2813,0,0.7187,0.0,0.0,0,0,0,0,1.0,0.8135,0.2628,0.5616,-0.709,100.0,1,0
LJ500_R070_C081,70,81,701750,9536250,2000,4500,2023,7,2023-07,55,0.9197,0,0.0803,0.0,0.0,0,0,0,0,1.0,0.8373,0.2904,0.5932,-0.7407,90.24,1,0
LJ500_R070_C082,70,82,702250,9536250,2500,4500,2023,7,2023-07,55,1.0,0,0.0,0.0,0.0,0,0,0,0,1.0,0.8369,0.3395,0.6431,-0.7493,5.28,1,0
LJ500_R070_C083,70,83,702750,9536250,3000,4500,2023,7,2023-07,55,1.0,0,0.0,0.0,0.0,0,0,0,0,1.0,0.7544,0.3078,0.5746,-0.6866,4.48,1,0
LJ500_R070_C084,70,84,703250,9536250,3500,4500,2023,7,2023-07,55,0.9943,0,0.0057,0.0,0.0,0,0,0,0,1.0,0.7837,0.3084,0.5892,-0.7137,72.32,1,0
LJ500_R070_C085,70,85,703750,9536250,4000,4500,2023,7,2023-07,55,1.0,0,0.0,0.0,0.0,0,0,0,0,1.0,0.8075,0.3568,0.6325,-0.7418,100.0,1,0
LJ500_R070_C086,70,86,704250,9536250,4500,4500,2023,7,2023-07,55,1.0,0,0.0,0.0,0.0,0,0,0,0,1.0,0.8207,0.3889,0.6651,-0.7491,100.0,1,0
LJ500_R061_C077,61,77,699750,9531750,0,0,2023,8,2023-08,56,0.0,0,1.0,0.0,0.0,0,0,0,0,1.0,0.7391,0.1502,0.451,-0.6843,100.0,1,0
LJ500_R061_C078,61,78,700250,9531750,500,0,2023,8,2023-08,56,0.0,0,0.9516,0.0,0.0484,0,0,0,0,1.0,0.7371,0.1807,0.4822,-0.6704,100.0,1,0
LJ500_R061_C079,61,79,700750,9531750,1000,0,2023,8,2023-08,56,0.0,0,0.906,0.0,0.094,0,0,0,0,1.0,0.762,0.2518,0.5569,-0.6713,100.0,1,0
LJ500_R061_C080,61,80,701250,9531750,1500,0,2023,8,2023-08,56,0.1714,0,0.8229,0.0,0.0057,0,0,0,0,1.0,0.7736,0.2429,0.5537,-0.6892,100.0,1,0
LJ500_R061_C081,61,81,701750,9531750,2000,0,2023,8,2023-08,56,0.0,0,1.0,0.0,0.0,0,0,0,0,1.0,0.7686,0.2307,0.5408,-0.6846,100.0,1,0
LJ500_R061_C082,61,82,702250,9531750,2500,0,2023,8,2023-08,56,0.0618,0,0.9382,0.0,0.0,0,0,0,0,1.0,0.7946,0.25,0.5664,-0.7062,100.0,1,0
LJ500_R061_C083,61,83,702750,9531750,3000,0,2023,8,2023-08,56,0.5343,0,0.3633,0.1024,0.0,0,0,0,0,1.0,0.8247,0.311,0.6217,-0.7228,100.0,1,0
LJ500_R061_C084,61,84,703250,9531750,3500,0,2023,8,2023-08,56,0.7729,0,0.0,0.2271,0.0,0,0,0,0,1.0,0.8165,0.2912,0.6051,-0.7363,100.0,1,0
LJ500_R061_C085,61,85,703750,9531750,4000,0,2023,8,2023-08,56,0.709,0,0.291,0.0,0.0,0,0,0,0,1.0,0.8435,0.3344,0.6509,-0.7495,100.0,1,0
LJ500_R061_C086,61,86,704250,9531750,4500,0,2023,8,2023-08,56,1.0,0,0.0,0.0,0.0,0,0,0,0,1.0,0.7708,0.3078,0.6094,-0.6705,98.88,1,0
LJ500_R062_C077,62,77,699750,9532250,0,500,2023,8,2023-08,56,0.0,0,0.7197,0.0,0.2803,0,0,0,0,1.0,0.731,0.1755,0.467,-0.6749,100.0,1,0
LJ500_R062_C078,62,78,700250,9532250,500,500,2023,8,2023-08,56,0.0,0,0.5947,0.0,0.4053,0,0,0,0,1.0,0.7408,0.2157,0.5124,-0.673,100.0,1,0
LJ500_R062_C079,62,79,700750,9532250,1000,500,2023,8,2023-08,56,0.0,0,0.771,0.0,0.229,0,0,0,0,1.0,0.7738,0.254,0.5592,-0.6771,100.0,1,0
LJ500_R062_C080,62,80,701250,9532250,1500,500,2023,8,2023-08,56,0.235,0,0.6379,0.0,0.1271,0,0,0,0,1.0,0.7773,0.2408,0.5489,-0.6769,100.0,1,0
LJ500_R062_C081,62,81,701750,9532250,2000,500,2023,8,2023-08,56,0.0684,0,0.7378,0.0,0.1938,0,0,0,0,1.0,0.7993,0.2509,0.5679,-0.706,100.0,1,0
LJ500_R062_C082,62,82,702250,9532250,2500,500,2023,8,2023-08,56,0.0973,0,0.9027,0.0,0.0,0,0,0,0,1.0,0.7899,0.2713,0.5823,-0.694,100.0,1,0
LJ500_R062_C083,62,83,702750,9532250,3000,500,2023,8,2023-08,56,0.0473,0,0.9507,0.0019,0.0,0,0,0,0,1.0,0.7884,0.273,0.5835,-0.6903,100.0,1,0
LJ500_R062_C084,62,84,703250,9532250,3500,500,2023,8,2023-08,56,0.2757,0,0.7209,0.0034,0.0,0,0,0,0,1.0,0.832,0.2982,0.6178,-0.734,100.0,1,0
LJ500_R062_C085,62,85,703750,9532250,4000,500,2023,8,2023-08,56,0.0588,0,0.9412,0.0,0.0,0,0,0,0,1.0,0.8254,0.3077,0.6259,-0.7219,51.84,1,0
LJ500_R062_C086,62,86,704250,9532250,4500,500,2023,8,2023-08,56,0.7611,0,0.2389,0.0,0.0,0,0,0,0,1.0,0.7613,0.3023,0.6026,-0.6595,14.24,1,0
LJ500_R063_C077,63,77,699750,9532750,0,1000,2023,8,2023-08,56,0.0,0,0.1158,0.0,0.8842,0,0,0,0,1.0,0.6275,0.1341,0.405,-0.5927,100.0,1,0
LJ500_R063_C078,63,78,700250,9532750,500,1000,2023,8,2023-08,56,0.0328,0,0.3431,0.0,0.624,0,0,0,0,1.0,0.746,0.2233,0.524,-0.6694,100.0,1,0
LJ500_R063_C079,63,79,700750,9532750,1000,1000,2023,8,2023-08,56,0.2883,0,0.3768,0.0,0.3349,0,0,0,0,1.0,0.7138,0.1936,0.481,-0.6419,100.0,1,0
LJ500_R063_C080,63,80,701250,9532750,1500,1000,2023,8,2023-08,56,0.1673,0,0.4746,0.0,0.358,0,0,0,0,1.0,0.7285,0.1782,0.4781,-0.665,100.0,1,0
LJ500_R063_C081,63,81,701750,9532750,2000,1000,2023,8,2023-08,56,0.0165,0,0.5433,0.0,0.4402,0,0,0,0,1.0,0.7561,0.2245,0.5283,-0.6781,100.0,1,0
LJ500_R063_C082,63,82,702250,9532750,2500,1000,2023,8,2023-08,56,0.6742,0,0.2142,0.0,0.1117,0,0,0,0,1.0,0.7731,0.2629,0.5684,-0.6695,100.0,1,0
LJ500_R063_C083,63,83,702750,9532750,3000,1000,2023,8,2023-08,56,0.2059,0,0.7941,0.0,0.0,0,0,0,0,1.0,0.7329,0.264,0.5606,-0.6383,100.0,1,0
LJ500_R063_C084,63,84,703250,9532750,3500,1000,2023,8,2023-08,56,0.2973,0,0.7027,0.0,0.0,0,0,0,0,1.0,0.7949,0.286,0.6035,-0.6945,99.2,1,0
LJ500_R063_C085,63,85,703750,9532750,4000,1000,2023,8,2023-08,56,0.1462,0,0.8538,0.0,0.0,0,0,0,0,1.0,0.7989,0.3186,0.6292,-0.6901,79.36,1,0
LJ500_R063_C086,63,86,704250,9532750,4500,1000,2023,8,2023-08,56,0.3435,0,0.6565,0.0,0.0,0,0,0,0,1.0,0.7817,0.3557,0.6521,-0.6657,71.04,1,0
LJ500_R064_C077,64,77,699750,9533250,0,1500,2023,8,2023-08,56,0.3887,0,0.3116,0.0,0.2997,0,0,0,0,1.0,0.7661,0.232,0.5315,-0.6883,100.0,1,0
LJ500_R064_C078,64,78,700250,9533250,500,1500,2023,8,2023-08,56,0.5382,0,0.082,0.0,0.3799,0,0,0,0,1.0,0.7767,0.2553,0.5588,-0.6885,100.0,1,0
LJ500_R064_C079,64,79,700750,9533250,1000,1500,2023,8,2023-08,56,0.4384,0,0.1474,0.0,0.4142,0,0,0,0,1.0,0.7163,0.1506,0.45,-0.6645,100.0,1,0
LJ500_R064_C080,64,80,701250,9533250,1500,1500,2023,8,2023-08,56,0.5951,0,0.4049,0.0,0.0,0,0,0,0,1.0,0.7826,0.2286,0.54,-0.7108,100.0,1,0
LJ500_R064_C081,64,81,701750,9533250,2000,1500,2023,8,2023-08,56,0.5997,0,0.181,0.0,0.2193,0,0,0,0,1.0,0.7963,0.2646,0.5753,-0.7065,100.0,1,0
LJ500_R064_C082,64,82,702250,9533250,2500,1500,2023,8,2023-08,56,0.7276,0,0.2724,0.0,0.0,0,0,0,0,1.0,0.7762,0.2717,0.581,-0.6782,100.0,1,0
LJ500_R064_C083,64,83,702750,9533250,3000,1500,2023,8,2023-08,56,0.566,0,0.203,0.0,0.231,0,0,0,0,1.0,0.8136,0.2936,0.6147,-0.7324,100.0,1,0
LJ500_R064_C084,64,84,703250,9533250,3500,1500,2023,8,2023-08,56,0.235,0,0.7298,0.0,0.0352,0,0,0,0,1.0,0.8262,0.3163,0.6359,-0.729,53.44,1,0
LJ500_R064_C085,64,85,703750,9533250,4000,1500,2023,8,2023-08,56,0.5109,0,0.4891,0.0,0.0,0,0,0,0,1.0,0.7378,0.2964,0.592,-0.6392,57.92,1,0
LJ500_R064_C086,64,86,704250,9533250,4500,1500,2023,8,2023-08,56,0.748,0,0.252,0.0,0.0,0,0,0,0,1.0,0.7125,0.2616,0.5604,-0.6191,100.0,1,0
LJ500_R065_C077,65,77,699750,9533750,0,2000,2023,8,2023-08,56,0.312,0,0.4033,0.0,0.2847,0,0,0,0,1.0,0.7881,0.2864,0.5851,-0.6865,100.0,1,0
LJ500_R065_C078,65,78,700250,9533750,500,2000,2023,8,2023-08,56,0.5913,0,0.4071,0.0,0.0016,0,0,0,0,1.0,0.7531,0.2455,0.5369,-0.6713,100.0,1,0
LJ500_R065_C079,65,79,700750,9533750,1000,2000,2023,8,2023-08,56,0.3219,0,0.6781,0.0,0.0,0,0,0,0,1.0,0.7024,0.1606,0.452,-0.6483,100.0,1,0
LJ500_R065_C080,65,80,701250,9533750,1500,2000,2023,8,2023-08,56,0.8266,0,0.1734,0.0,0.0,0,0,0,0,1.0,0.8374,0.2948,0.6179,-0.7469,100.0,1,0
LJ500_R065_C081,65,81,701750,9533750,2000,2000,2023,8,2023-08,56,0.9017,0,0.0983,0.0,0.0,0,0,0,0,1.0,0.7733,0.2679,0.5742,-0.68,100.0,1,0
LJ500_R065_C082,65,82,702250,9533750,2500,2000,2023,8,2023-08,56,0.7327,0,0.2673,0.0,0.0,0,0,0,0,1.0,0.7733,0.2523,0.5689,-0.6954,100.0,1,0
LJ500_R065_C083,65,83,702750,9533750,3000,2000,2023,8,2023-08,56,0.7802,0,0.1368,0.0,0.083,0,0,0,0,1.0,0.8311,0.3067,0.6254,-0.7412,100.0,1,0
LJ500_R065_C084,65,84,703250,9533750,3500,2000,2023,8,2023-08,56,0.3229,0,0.6771,0.0,0.0,0,0,0,0,1.0,0.8217,0.3098,0.6281,-0.7241,89.92,1,0
LJ500_R065_C085,65,85,703750,9533750,4000,2000,2023,8,2023-08,56,0.0167,0,0.9833,0.0,0.0,0,0,0,0,1.0,0.6784,0.1912,0.4835,-0.6059,49.92,1,0
LJ500_R065_C086,65,86,704250,9533750,4500,2000,2023,8,2023-08,56,0.7821,0,0.2179,0.0,0.0,0,0,0,0,1.0,0.7618,0.3257,0.6231,-0.6595,99.84,1,0
LJ500_R066_C077,66,77,699750,9534250,0,2500,2023,8,2023-08,56,0.5018,0,0.3517,0.0,0.1465,0,0,0,0,1.0,0.7613,0.246,0.5435,-0.6685,100.0,1,0
LJ500_R066_C078,66,78,700250,9534250,500,2500,2023,8,2023-08,56,0.1232,0,0.8768,0.0,0.0,0,0,0,0,1.0,0.6879,0.1896,0.4698,-0.6302,100.0,1,0
LJ500_R066_C079,66,79,700750,9534250,1000,2500,2023,8,2023-08,56,0.3332,0,0.6668,0.0,0.0,0,0,0,0,1.0,0.6641,0.1502,0.4272,-0.628,100.0,1,0
LJ500_R066_C080,66,80,701250,9534250,1500,2500,2023,8,2023-08,56,0.9149,0,0.0851,0.0,0.0,0,0,0,0,1.0,0.7789,0.2857,0.5862,-0.6977,100.0,1,0
LJ500_R066_C081,66,81,701750,9534250,2000,2500,2023,8,2023-08,56,0.7037,0,0.2963,0.0,0.0,0,0,0,0,1.0,0.7249,0.2477,0.5399,-0.6529,100.0,1,0
LJ500_R066_C082,66,82,702250,9534250,2500,2500,2023,8,2023-08,56,0.6772,0,0.3228,0.0,0.0,0,0,0,0,1.0,0.794,0.2933,0.5972,-0.7078,100.0,1,0
LJ500_R066_C083,66,83,702750,9534250,3000,2500,2023,8,2023-08,56,0.6289,0,0.3711,0.0,0.0,0,0,0,0,1.0,0.7882,0.291,0.5986,-0.6907,100.0,1,0
LJ500_R066_C084,66,84,703250,9534250,3500,2500,2023,8,2023-08,56,0.7305,0,0.2695,0.0,0.0,0,0,0,0,1.0,0.7557,0.2648,0.5685,-0.6589,57.92,1,0
LJ500_R066_C085,66,85,703750,9534250,4000,2500,2023,8,2023-08,56,0.7865,0,0.2135,0.0,0.0,0,0,0,0,1.0,0.7715,0.2887,0.5919,-0.6844,59.52,1,0
LJ500_R066_C086,66,86,704250,9534250,4500,2500,2023,8,2023-08,56,1.0,0,0.0,0.0,0.0,0,0,0,0,1.0,0.7104,0.3452,0.619,-0.6042,65.28,1,0
LJ500_R067_C077,67,77,699750,9534750,0,3000,2023,8,2023-08,56,0.7165,0,0.2835,0.0,0.0,0,0,0,0,1.0,0.7819,0.2549,0.555,-0.7,100.0,1,0
LJ500_R067_C078,67,78,700250,9534750,500,3000,2023,8,2023-08,56,0.8229,0,0.1771,0.0,0.0,0,0,0,0,1.0,0.7274,0.1948,0.4904,-0.6636,100.0,1,0
LJ500_R067_C079,67,79,700750,9534750,1000,3000,2023,8,2023-08,56,0.9659,0,0.0341,0.0,0.0,0,0,0,0,1.0,0.7443,0.2309,0.5216,-0.6748,100.0,1,0
LJ500_R067_C080,67,80,701250,9534750,1500,3000,2023,8,2023-08,56,0.8944,0,0.1056,0.0,0.0,0,0,0,0,1.0,0.7151,0.274,0.5507,-0.6398,100.0,1,0
LJ500_R067_C081,67,81,701750,9534750,2000,3000,2023,8,2023-08,56,0.7989,0,0.1897,0.0,0.0114,0,0,0,0,1.0,0.7251,0.2762,0.5564,-0.6561,100.0,1,0
LJ500_R067_C082,67,82,702250,9534750,2500,3000,2023,8,2023-08,56,1.0,0,0.0,0.0,0.0,0,0,0,0,1.0,0.7629,0.3295,0.6162,-0.673,100.0,1,0
LJ500_R067_C083,67,83,702750,9534750,3000,3000,2023,8,2023-08,56,1.0,0,0.0,0.0,0.0,0,0,0,0,1.0,0.7465,0.325,0.609,-0.6505,100.0,1,0
LJ500_R067_C084,67,84,703250,9534750,3500,3000,2023,8,2023-08,56,1.0,0,0.0,0.0,0.0,0,0,0,0,1.0,0.7426,0.3167,0.6003,-0.6527,100.0,1,0
LJ500_R067_C085,67,85,703750,9534750,4000,3000,2023,8,2023-08,56,1.0,0,0.0,0.0,0.0,0,0,0,0,1.0,0.7618,0.3382,0.6205,-0.6721,59.84,1,0
LJ500_R067_C086,67,86,704250,9534750,4500,3000,2023,8,2023-08,56,1.0,0,0.0,0.0,0.0,0,0,0,0,1.0,0.7018,0.3323,0.5907,-0.601,26.24,1,0
LJ500_R068_C077,68,77,699750,9535250,0,3500,2023,8,2023-08,56,0.065,0,0.935,0.0,0.0,0,0,0,0,1.0,0.7382,0.2073,0.5097,-0.6748,100.0,1,0
LJ500_R068_C078,68,78,700250,9535250,500,3500,2023,8,2023-08,56,0.7525,0,0.2475,0.0,0.0,0,0,0,0,1.0,0.7658,0.2443,0.5454,-0.6706,100.0,1,0
LJ500_R068_C079,68,79,700750,9535250,1000,3500,2023,8,2023-08,56,1.0,0,0.0,0.0,0.0,0,0,0,0,1.0,0.7669,0.254,0.5521,-0.6791,100.0,1,0
LJ500_R068_C080,68,80,701250,9535250,1500,3500,2023,8,2023-08,56,0.8923,0,0.1077,0.0,0.0,0,0,0,0,1.0,0.7267,0.2812,0.5602,-0.6547,90.56,1,0
LJ500_R068_C081,68,81,701750,9535250,2000,3500,2023,8,2023-08,56,0.6646,0,0.0767,0.0,0.2586,0,0,0,0,1.0,0.6555,0.1889,0.4632,-0.612,85.92,1,0
LJ500_R068_C082,68,82,702250,9535250,2500,3500,2023,8,2023-08,56,0.9399,0,0.0601,0.0,0.0,0,0,0,0,1.0,0.7496,0.3726,0.635,-0.6677,100.0,1,0
LJ500_R068_C083,68,83,702750,9535250,3000,3500,2023,8,2023-08,56,1.0,0,0.0,0.0,0.0,0,0,0,0,1.0,0.7644,0.4065,0.6645,-0.6794,100.0,1,0
LJ500_R068_C084,68,84,703250,9535250,3500,3500,2023,8,2023-08,56,1.0,0,0.0,0.0,0.0,0,0,0,0,1.0,0.7602,0.3929,0.6592,-0.6676,100.0,1,0
LJ500_R068_C085,68,85,703750,9535250,4000,3500,2023,8,2023-08,56,1.0,0,0.0,0.0,0.0,0,0,0,0,1.0,0.7396,0.3951,0.6504,-0.6559,50.24,1,0
LJ500_R068_C086,68,86,704250,9535250,4500,3500,2023,8,2023-08,56,1.0,0,0.0,0.0,0.0,0,0,0,0,1.0,0.6736,0.3492,0.6166,-0.5651,13.12,1,0
LJ500_R069_C077,69,77,699750,9535750,0,4000,2023,8,2023-08,56,0.0,0,0.9574,0.0426,0.0,0,0,0,0,1.0,0.7513,0.2362,0.5433,-0.671,100.0,1,0
LJ500_R069_C078,69,78,700250,9535750,500,4000,2023,8,2023-08,56,0.4139,0,0.5115,0.0746,0.0,0,0,0,0,1.0,0.8251,0.3178,0.6236,-0.7112,100.0,1,0
LJ500_R069_C079,69,79,700750,9535750,1000,4000,2023,8,2023-08,56,0.6432,0,0.3568,0.0,0.0,0,0,0,0,1.0,0.7525,0.2323,0.5327,-0.6673,86.56,1,0
LJ500_R069_C080,69,80,701250,9535750,1500,4000,2023,8,2023-08,56,0.8514,0,0.1486,0.0,0.0,0,0,0,0,1.0,0.763,0.251,0.5479,-0.6886,98.56,1,0
LJ500_R069_C081,69,81,701750,9535750,2000,4000,2023,8,2023-08,56,1.0,0,0.0,0.0,0.0,0,0,0,0,1.0,0.8017,0.3348,0.6299,-0.7164,96.32,1,0
LJ500_R069_C082,69,82,702250,9535750,2500,4000,2023,8,2023-08,56,1.0,0,0.0,0.0,0.0,0,0,0,0,1.0,0.7853,0.3478,0.6373,-0.6981,100.0,1,0
LJ500_R069_C083,69,83,702750,9535750,3000,4000,2023,8,2023-08,56,1.0,0,0.0,0.0,0.0,0,0,0,0,1.0,0.7995,0.3756,0.662,-0.7207,100.0,1,0
LJ500_R069_C084,69,84,703250,9535750,3500,4000,2023,8,2023-08,56,1.0,0,0.0,0.0,0.0,0,0,0,0,1.0,0.7641,0.3469,0.6225,-0.6937,100.0,1,0
LJ500_R069_C085,69,85,703750,9535750,4000,4000,2023,8,2023-08,56,1.0,0,0.0,0.0,0.0,0,0,0,0,1.0,0.7626,0.3331,0.6208,-0.6817,99.36,1,0
LJ500_R069_C086,69,86,704250,9535750,4500,4000,2023,8,2023-08,56,1.0,0,0.0,0.0,0.0,0,0,0,0,1.0,0.6944,0.3009,0.5688,-0.6218,53.28,1,0
LJ500_R070_C077,70,77,699750,9536250,0,4500,2023,8,2023-08,56,0.0,0,0.3423,0.4553,0.2024,0,0,0,0,1.0,0.7307,0.1837,0.4885,-0.687,100.0,1,0
LJ500_R070_C078,70,78,700250,9536250,500,4500,2023,8,2023-08,56,0.0,0,0.3908,0.6092,0.0,0,0,0,0,1.0,0.7295,0.2006,0.5048,-0.673,100.0,1,0
LJ500_R070_C079,70,79,700750,9536250,1000,4500,2023,8,2023-08,56,0.2082,0,0.7834,0.0084,0.0,0,0,0,0,1.0,0.7466,0.2543,0.558,-0.651,100.0,1,0
LJ500_R070_C080,70,80,701250,9536250,1500,4500,2023,8,2023-08,56,0.2813,0,0.7187,0.0,0.0,0,0,0,0,1.0,0.7788,0.2426,0.549,-0.6795,100.0,1,0
LJ500_R070_C081,70,81,701750,9536250,2000,4500,2023,8,2023-08,56,0.9197,0,0.0803,0.0,0.0,0,0,0,0,1.0,0.7582,0.2714,0.5652,-0.6654,97.28,1,0
LJ500_R070_C082,70,82,702250,9536250,2500,4500,2023,8,2023-08,56,1.0,0,0.0,0.0,0.0,0,0,0,0,1.0,0.7463,0.2663,0.5578,-0.6647,91.68,1,0
LJ500_R070_C083,70,83,702750,9536250,3000,4500,2023,8,2023-08,56,1.0,0,0.0,0.0,0.0,0,0,0,0,1.0,0.7511,0.3186,0.6024,-0.6655,100.0,1,0
LJ500_R070_C084,70,84,703250,9536250,3500,4500,2023,8,2023-08,56,0.9943,0,0.0057,0.0,0.0,0,0,0,0,1.0,0.7671,0.3226,0.6113,-0.6876,100.0,1,0
LJ500_R070_C085,70,85,703750,9536250,4000,4500,2023,8,2023-08,56,1.0,0,0.0,0.0,0.0,0,0,0,0,1.0,0.7893,0.3559,0.6409,-0.7195,100.0,1,0
LJ500_R070_C086,70,86,704250,9536250,4500,4500,2023,8,2023-08,56,1.0,0,0.0,0.0,0.0,0,0,0,0,1.0,0.7937,0.3879,0.6655,-0.717,100.0,1,0
LJ500_R061_C077,61,77,699750,9531750,0,0,2023,9,2023-09,57,0.0,0,1.0,0.0,0.0,0,0,0,0,1.0,0.6206,0.0497,0.3126,-0.6155,100.0,1,0
LJ500_R061_C078,61,78,700250,9531750,500,0,2023,9,2023-09,57,0.0,0,0.9516,0.0,0.0484,0,0,0,0,1.0,0.6156,0.0608,0.3283,-0.6065,100.0,1,0
LJ500_R061_C079,61,79,700750,9531750,1000,0,2023,9,2023-09,57,0.0,0,0.906,0.0,0.094,0,0,0,0,1.0,0.6927,0.1497,0.4343,-0.6494,100.0,1,0
LJ500_R061_C080,61,80,701250,9531750,1500,0,2023,9,2023-09,57,0.1714,0,0.8229,0.0,0.0057,0,0,0,0,1.0,0.6679,0.1448,0.4286,-0.6341,100.0,1,0
LJ500_R061_C081,61,81,701750,9531750,2000,0,2023,9,2023-09,57,0.0,0,1.0,0.0,0.0,0,0,0,0,1.0,0.6646,0.1346,0.4212,-0.6305,100.0,1,0
LJ500_R061_C082,61,82,702250,9531750,2500,0,2023,9,2023-09,57,0.0618,0,0.9382,0.0,0.0,0,0,0,0,1.0,0.707,0.16,0.4532,-0.6611,100.0,1,0
LJ500_R061_C083,61,83,702750,9531750,3000,0,2023,9,2023-09,57,0.5343,0,0.3633,0.1024,0.0,0,0,0,0,1.0,0.7748,0.2408,0.5373,-0.6927,100.0,1,0
LJ500_R061_C084,61,84,703250,9531750,3500,0,2023,9,2023-09,57,0.7729,0,0.0,0.2271,0.0,0,0,0,0,1.0,0.7931,0.2641,0.5599,-0.7251,100.0,1,0
LJ500_R061_C085,61,85,703750,9531750,4000,0,2023,9,2023-09,57,0.709,0,0.291,0.0,0.0,0,0,0,0,1.0,0.8403,0.3085,0.6131,-0.7603,100.0,1,0
LJ500_R061_C086,61,86,704250,9531750,4500,0,2023,9,2023-09,57,1.0,0,0.0,0.0,0.0,0,0,0,0,1.0,0.8038,0.2665,0.5673,-0.7318,100.0,1,0
LJ500_R062_C077,62,77,699750,9532250,0,500,2023,9,2023-09,57,0.0,0,0.7197,0.0,0.2803,0,0,0,0,1.0,0.5955,0.0682,0.327,-0.5878,100.0,1,0
LJ500_R062_C078,62,78,700250,9532250,500,500,2023,9,2023-09,57,0.0,0,0.5947,0.0,0.4053,0,0,0,0,1.0,0.6223,0.1047,0.372,-0.606,100.0,1,0
LJ500_R062_C079,62,79,700750,9532250,1000,500,2023,9,2023-09,57,0.0,0,0.771,0.0,0.229,0,0,0,0,1.0,0.6688,0.1253,0.4039,-0.6229,100.0,1,0
LJ500_R062_C080,62,80,701250,9532250,1500,500,2023,9,2023-09,57,0.235,0,0.6379,0.0,0.1271,0,0,0,0,1.0,0.6586,0.1322,0.4218,-0.6111,100.0,1,0
LJ500_R062_C081,62,81,701750,9532250,2000,500,2023,9,2023-09,57,0.0684,0,0.7378,0.0,0.1938,0,0,0,0,1.0,0.7056,0.1593,0.4467,-0.6589,100.0,1,0
LJ500_R062_C082,62,82,702250,9532250,2500,500,2023,9,2023-09,57,0.0973,0,0.9027,0.0,0.0,0,0,0,0,1.0,0.7225,0.1918,0.4829,-0.6681,100.0,1,0
LJ500_R062_C083,62,83,702750,9532250,3000,500,2023,9,2023-09,57,0.0473,0,0.9507,0.0019,0.0,0,0,0,0,1.0,0.746,0.2124,0.5049,-0.6773,100.0,1,0
LJ500_R062_C084,62,84,703250,9532250,3500,500,2023,9,2023-09,57,0.2757,0,0.7209,0.0034,0.0,0,0,0,0,1.0,0.7838,0.2395,0.5401,-0.7075,100.0,1,0
LJ500_R062_C085,62,85,703750,9532250,4000,500,2023,9,2023-09,57,0.0588,0,0.9412,0.0,0.0,0,0,0,0,1.0,0.7881,0.2614,0.5589,-0.7083,100.0,1,0
LJ500_R062_C086,62,86,704250,9532250,4500,500,2023,9,2023-09,57,0.7611,0,0.2389,0.0,0.0,0,0,0,0,1.0,0.7823,0.2605,0.555,-0.7079,100.0,1,0
LJ500_R063_C077,63,77,699750,9532750,0,1000,2023,9,2023-09,57,0.0,0,0.1158,0.0,0.8842,0,0,0,0,1.0,0.5142,0.0338,0.2699,-0.5482,100.0,1,0
LJ500_R063_C078,63,78,700250,9532750,500,1000,2023,9,2023-09,57,0.0328,0,0.3431,0.0,0.624,0,0,0,0,1.0,0.6301,0.1235,0.3917,-0.6151,100.0,1,0
LJ500_R063_C079,63,79,700750,9532750,1000,1000,2023,9,2023-09,57,0.2883,0,0.3768,0.0,0.3349,0,0,0,0,1.0,0.6036,0.082,0.3434,-0.5904,100.0,1,0
LJ500_R063_C080,63,80,701250,9532750,1500,1000,2023,9,2023-09,57,0.1673,0,0.4746,0.0,0.358,0,0,0,0,1.0,0.653,0.1136,0.399,-0.6143,100.0,1,0
LJ500_R063_C081,63,81,701750,9532750,2000,1000,2023,9,2023-09,57,0.0165,0,0.5433,0.0,0.4402,0,0,0,0,1.0,0.7014,0.1431,0.4324,-0.6556,100.0,1,0
LJ500_R063_C082,63,82,702250,9532750,2500,1000,2023,9,2023-09,57,0.6742,0,0.2142,0.0,0.1117,0,0,0,0,1.0,0.7186,0.1828,0.4714,-0.6548,100.0,1,0
LJ500_R063_C083,63,83,702750,9532750,3000,1000,2023,9,2023-09,57,0.2059,0,0.7941,0.0,0.0,0,0,0,0,1.0,0.7178,0.204,0.4877,-0.659,100.0,1,0
LJ500_R063_C084,63,84,703250,9532750,3500,1000,2023,9,2023-09,57,0.2973,0,0.7027,0.0,0.0,0,0,0,0,1.0,0.7654,0.2308,0.5292,-0.6966,100.0,1,0
LJ500_R063_C085,63,85,703750,9532750,4000,1000,2023,9,2023-09,57,0.1462,0,0.8538,0.0,0.0,0,0,0,0,1.0,0.7748,0.2582,0.5521,-0.7012,100.0,1,0
LJ500_R063_C086,63,86,704250,9532750,4500,1000,2023,9,2023-09,57,0.3435,0,0.6565,0.0,0.0,0,0,0,0,1.0,0.8052,0.303,0.5997,-0.7218,100.0,1,0
LJ500_R064_C077,64,77,699750,9533250,0,1500,2023,9,2023-09,57,0.3887,0,0.3116,0.0,0.2997,0,0,0,0,1.0,0.6442,0.1343,0.4019,-0.6177,100.0,1,0
LJ500_R064_C078,64,78,700250,9533250,500,1500,2023,9,2023-09,57,0.5382,0,0.082,0.0,0.3799,0,0,0,0,1.0,0.6474,0.1454,0.4178,-0.6082,100.0,1,0
LJ500_R064_C079,64,79,700750,9533250,1000,1500,2023,9,2023-09,57,0.4384,0,0.1474,0.0,0.4142,0,0,0,0,1.0,0.6294,0.085,0.3595,-0.6102,100.0,1,0
LJ500_R064_C080,64,80,701250,9533250,1500,1500,2023,9,2023-09,57,0.5951,0,0.4049,0.0,0.0,0,0,0,0,1.0,0.7082,0.1569,0.4451,-0.6602,100.0,1,0
LJ500_R064_C081,64,81,701750,9533250,2000,1500,2023,9,2023-09,57,0.5997,0,0.181,0.0,0.2193,0,0,0,0,1.0,0.7449,0.1964,0.4964,-0.6765,100.0,1,0
LJ500_R064_C082,64,82,702250,9533250,2500,1500,2023,9,2023-09,57,0.7276,0,0.2724,0.0,0.0,0,0,0,0,1.0,0.7202,0.2121,0.5143,-0.6531,100.0,1,0
LJ500_R064_C083,64,83,702750,9533250,3000,1500,2023,9,2023-09,57,0.566,0,0.203,0.0,0.231,0,0,0,0,1.0,0.7567,0.2053,0.512,-0.7054,100.0,1,0
LJ500_R064_C084,64,84,703250,9533250,3500,1500,2023,9,2023-09,57,0.235,0,0.7298,0.0,0.0352,0,0,0,0,1.0,0.7748,0.243,0.5451,-0.7038,100.0,1,0
LJ500_R064_C085,64,85,703750,9533250,4000,1500,2023,9,2023-09,57,0.5109,0,0.4891,0.0,0.0,0,0,0,0,1.0,0.7638,0.2199,0.5183,-0.6973,100.0,1,0
LJ500_R064_C086,64,86,704250,9533250,4500,1500,2023,9,2023-09,57,0.748,0,0.252,0.0,0.0,0,0,0,0,1.0,0.7271,0.2008,0.4921,-0.6738,100.0,1,0
LJ500_R065_C077,65,77,699750,9533750,0,2000,2023,9,2023-09,57,0.312,0,0.4033,0.0,0.2847,0,0,0,0,1.0,0.6699,0.185,0.4617,-0.6133,100.0,1,0
LJ500_R065_C078,65,78,700250,9533750,500,2000,2023,9,2023-09,57,0.5913,0,0.4071,0.0,0.0016,0,0,0,0,1.0,0.6379,0.1929,0.461,-0.5793,100.0,1,0
LJ500_R065_C079,65,79,700750,9533750,1000,2000,2023,9,2023-09,57,0.3219,0,0.6781,0.0,0.0,0,0,0,0,1.0,0.6355,0.1363,0.4049,-0.5959,100.0,1,0
LJ500_R065_C080,65,80,701250,9533750,1500,2000,2023,9,2023-09,57,0.8266,0,0.1734,0.0,0.0,0,0,0,0,1.0,0.7213,0.1684,0.463,-0.6546,100.0,1,0
LJ500_R065_C081,65,81,701750,9533750,2000,2000,2023,9,2023-09,57,0.9017,0,0.0983,0.0,0.0,0,0,0,0,1.0,0.7203,0.201,0.4902,-0.6493,100.0,1,0
LJ500_R065_C082,65,82,702250,9533750,2500,2000,2023,9,2023-09,57,0.7327,0,0.2673,0.0,0.0,0,0,0,0,1.0,0.7279,0.1961,0.4981,-0.671,100.0,1,0
LJ500_R065_C083,65,83,702750,9533750,3000,2000,2023,9,2023-09,57,0.7802,0,0.1368,0.0,0.083,0,0,0,0,1.0,0.7661,0.2242,0.5269,-0.6942,100.0,1,0
LJ500_R065_C084,65,84,703250,9533750,3500,2000,2023,9,2023-09,57,0.3229,0,0.6771,0.0,0.0,0,0,0,0,1.0,0.7317,0.2181,0.5099,-0.6652,100.0,1,0
LJ500_R065_C085,65,85,703750,9533750,4000,2000,2023,9,2023-09,57,0.0167,0,0.9833,0.0,0.0,0,0,0,0,1.0,0.6878,0.159,0.446,-0.6436,100.0,1,0
LJ500_R065_C086,65,86,704250,9533750,4500,2000,2023,9,2023-09,57,0.7821,0,0.2179,0.0,0.0,0,0,0,0,1.0,0.7568,0.2654,0.5516,-0.6923,100.0,1,0
LJ500_R066_C077,66,77,699750,9534250,0,2500,2023,9,2023-09,57,0.5018,0,0.3517,0.0,0.1465,0,0,0,0,1.0,0.6247,0.1495,0.4068,-0.5902,100.0,1,0
LJ500_R066_C078,66,78,700250,9534250,500,2500,2023,9,2023-09,57,0.1232,0,0.8768,0.0,0.0,0,0,0,0,1.0,0.57,0.1535,0.3966,-0.5358,100.0,1,0
LJ500_R066_C079,66,79,700750,9534250,1000,2500,2023,9,2023-09,57,0.3332,0,0.6668,0.0,0.0,0,0,0,0,1.0,0.5981,0.1332,0.3837,-0.5788,100.0,1,0
LJ500_R066_C080,66,80,701250,9534250,1500,2500,2023,9,2023-09,57,0.9149,0,0.0851,0.0,0.0,0,0,0,0,1.0,0.7251,0.2526,0.5287,-0.6667,100.0,1,0
LJ500_R066_C081,66,81,701750,9534250,2000,2500,2023,9,2023-09,57,0.7037,0,0.2963,0.0,0.0,0,0,0,0,1.0,0.6886,0.2175,0.4921,-0.6328,100.0,1,0
LJ500_R066_C082,66,82,702250,9534250,2500,2500,2023,9,2023-09,57,0.6772,0,0.3228,0.0,0.0,0,0,0,0,1.0,0.7371,0.2367,0.5235,-0.6695,100.0,1,0
LJ500_R066_C083,66,83,702750,9534250,3000,2500,2023,9,2023-09,57,0.6289,0,0.3711,0.0,0.0,0,0,0,0,1.0,0.7458,0.2292,0.5237,-0.6733,100.0,1,0
LJ500_R066_C084,66,84,703250,9534250,3500,2500,2023,9,2023-09,57,0.7305,0,0.2695,0.0,0.0,0,0,0,0,1.0,0.6893,0.2082,0.4914,-0.624,100.0,1,0
LJ500_R066_C085,66,85,703750,9534250,4000,2500,2023,9,2023-09,57,0.7865,0,0.2135,0.0,0.0,0,0,0,0,1.0,0.7162,0.2561,0.5343,-0.6518,100.0,1,0
LJ500_R066_C086,66,86,704250,9534250,4500,2500,2023,9,2023-09,57,1.0,0,0.0,0.0,0.0,0,0,0,0,1.0,0.7235,0.2865,0.558,-0.6502,100.0,1,0
LJ500_R067_C077,67,77,699750,9534750,0,3000,2023,9,2023-09,57,0.7165,0,0.2835,0.0,0.0,0,0,0,0,1.0,0.6645,0.1794,0.4489,-0.621,100.0,1,0
LJ500_R067_C078,67,78,700250,9534750,500,3000,2023,9,2023-09,57,0.8229,0,0.1771,0.0,0.0,0,0,0,0,1.0,0.642,0.1628,0.4322,-0.5986,100.0,1,0
LJ500_R067_C079,67,79,700750,9534750,1000,3000,2023,9,2023-09,57,0.9659,0,0.0341,0.0,0.0,0,0,0,0,1.0,0.669,0.2078,0.46,-0.6177,100.0,1,0
LJ500_R067_C080,67,80,701250,9534750,1500,3000,2023,9,2023-09,57,0.8944,0,0.1056,0.0,0.0,0,0,0,0,1.0,0.7223,0.2662,0.5329,-0.6617,97.44,1,0
LJ500_R067_C081,67,81,701750,9534750,2000,3000,2023,9,2023-09,57,0.7989,0,0.1897,0.0,0.0114,0,0,0,0,1.0,0.6982,0.2455,0.5104,-0.6484,80.16,1,0
LJ500_R067_C082,67,82,702250,9534750,2500,3000,2023,9,2023-09,57,1.0,0,0.0,0.0,0.0,0,0,0,0,1.0,0.7294,0.2952,0.5628,-0.6578,94.56,1,0
LJ500_R067_C083,67,83,702750,9534750,3000,3000,2023,9,2023-09,57,1.0,0,0.0,0.0,0.0,0,0,0,0,1.0,0.7012,0.2851,0.5399,-0.6358,100.0,1,0
LJ500_R067_C084,67,84,703250,9534750,3500,3000,2023,9,2023-09,57,1.0,0,0.0,0.0,0.0,0,0,0,0,1.0,0.7306,0.296,0.5613,-0.6655,100.0,1,0
LJ500_R067_C085,67,85,703750,9534750,4000,3000,2023,9,2023-09,57,1.0,0,0.0,0.0,0.0,0,0,0,0,1.0,0.747,0.3121,0.5806,-0.678,100.0,1,0
LJ500_R067_C086,67,86,704250,9534750,4500,3000,2023,9,2023-09,57,1.0,0,0.0,0.0,0.0,0,0,0,0,1.0,0.6774,0.2836,0.5231,-0.6206,100.0,1,0
LJ500_R068_C077,68,77,699750,9535250,0,3500,2023,9,2023-09,57,0.065,0,0.935,0.0,0.0,0,0,0,0,1.0,0.612,0.1262,0.389,-0.6069,100.0,1,0
LJ500_R068_C078,68,78,700250,9535250,500,3500,2023,9,2023-09,57,0.7525,0,0.2475,0.0,0.0,0,0,0,0,1.0,0.6715,0.1857,0.4559,-0.6134,100.0,1,0
LJ500_R068_C079,68,79,700750,9535250,1000,3500,2023,9,2023-09,57,1.0,0,0.0,0.0,0.0,0,0,0,0,1.0,0.7057,0.2278,0.498,-0.6383,100.0,1,0
LJ500_R068_C080,68,80,701250,9535250,1500,3500,2023,9,2023-09,57,0.8923,0,0.1077,0.0,0.0,0,0,0,0,1.0,0.7494,0.2743,0.5437,-0.6918,100.0,1,0
LJ500_R068_C081,68,81,701750,9535250,2000,3500,2023,9,2023-09,57,0.6646,0,0.0767,0.0,0.2586,0,0,0,0,1.0,0.7071,0.1969,0.468,-0.6717,88.96,1,0
LJ500_R068_C082,68,82,702250,9535250,2500,3500,2023,9,2023-09,57,0.9399,0,0.0601,0.0,0.0,0,0,0,0,1.0,0.7368,0.3359,0.5775,-0.6778,61.76,1,0
LJ500_R068_C083,68,83,702750,9535250,3000,3500,2023,9,2023-09,57,1.0,0,0.0,0.0,0.0,0,0,0,0,1.0,0.7561,0.3925,0.6357,-0.6907,52.48,1,0
LJ500_R068_C084,68,84,703250,9535250,3500,3500,2023,9,2023-09,57,1.0,0,0.0,0.0,0.0,0,0,0,0,1.0,0.7514,0.3489,0.6119,-0.6909,94.08,1,0
LJ500_R068_C085,68,85,703750,9535250,4000,3500,2023,9,2023-09,57,1.0,0,0.0,0.0,0.0,0,0,0,0,1.0,0.754,0.365,0.6212,-0.6911,100.0,1,0
LJ500_R068_C086,68,86,704250,9535250,4500,3500,2023,9,2023-09,57,1.0,0,0.0,0.0,0.0,0,0,0,0,1.0,0.7473,0.3345,0.5987,-0.6857,100.0,1,0
LJ500_R069_C077,69,77,699750,9535750,0,4000,2023,9,2023-09,57,0.0,0,0.9574,0.0426,0.0,0,0,0,0,1.0,0.6206,0.1273,0.3956,-0.5952,100.0,1,0
LJ500_R069_C078,69,78,700250,9535750,500,4000,2023,9,2023-09,57,0.4139,0,0.5115,0.0746,0.0,0,0,0,0,1.0,0.7573,0.2501,0.5391,-0.6758,100.0,1,0
LJ500_R069_C079,69,79,700750,9535750,1000,4000,2023,9,2023-09,57,0.6432,0,0.3568,0.0,0.0,0,0,0,0,1.0,0.7062,0.1983,0.4782,-0.6458,100.0,1,0
LJ500_R069_C080,69,80,701250,9535750,1500,4000,2023,9,2023-09,57,0.8514,0,0.1486,0.0,0.0,0,0,0,0,1.0,0.7535,0.2357,0.52,-0.6895,100.0,1,0
LJ500_R069_C081,69,81,701750,9535750,2000,4000,2023,9,2023-09,57,1.0,0,0.0,0.0,0.0,0,0,0,0,1.0,0.8148,0.3031,0.5981,-0.7381,100.0,1,0
LJ500_R069_C082,69,82,702250,9535750,2500,4000,2023,9,2023-09,57,1.0,0,0.0,0.0,0.0,0,0,0,0,1.0,0.8153,0.3157,0.608,-0.741,99.36,1,0
LJ500_R069_C083,69,83,702750,9535750,3000,4000,2023,9,2023-09,57,1.0,0,0.0,0.0,0.0,0,0,0,0,1.0,0.8104,0.3608,0.6384,-0.7456,99.52,1,0
LJ500_R069_C084,69,84,703250,9535750,3500,4000,2023,9,2023-09,57,1.0,0,0.0,0.0,0.0,0,0,0,0,1.0,0.7852,0.3408,0.6083,-0.7317,100.0,1,0
LJ500_R069_C085,69,85,703750,9535750,4000,4000,2023,9,2023-09,57,1.0,0,0.0,0.0,0.0,0,0,0,0,1.0,0.7926,0.3261,0.6091,-0.7339,100.0,1,0
LJ500_R069_C086,69,86,704250,9535750,4500,4000,2023,9,2023-09,57,1.0,0,0.0,0.0,0.0,0,0,0,0,1.0,0.7498,0.2787,0.561,-0.6954,100.0,1,0
LJ500_R070_C077,70,77,699750,9536250,0,4500,2023,9,2023-09,57,0.0,0,0.3423,0.4553,0.2024,0,0,0,0,1.0,0.6056,0.0922,0.3593,-0.6254,100.0,1,0
LJ500_R070_C078,70,78,700250,9536250,500,4500,2023,9,2023-09,57,0.0,0,0.3908,0.6092,0.0,0,0,0,0,1.0,0.6343,0.1247,0.3987,-0.6318,100.0,1,0
LJ500_R070_C079,70,79,700750,9536250,1000,4500,2023,9,2023-09,57,0.2082,0,0.7834,0.0084,0.0,0,0,0,0,1.0,0.6836,0.1589,0.4422,-0.6368,100.0,1,0
LJ500_R070_C080,70,80,701250,9536250,1500,4500,2023,9,2023-09,57,0.2813,0,0.7187,0.0,0.0,0,0,0,0,1.0,0.724,0.1914,0.4801,-0.6558,100.0,1,0
LJ500_R070_C081,70,81,701750,9536250,2000,4500,2023,9,2023-09,57,0.9197,0,0.0803,0.0,0.0,0,0,0,0,1.0,0.7638,0.2481,0.5344,-0.6822,100.0,1,0
LJ500_R070_C082,70,82,702250,9536250,2500,4500,2023,9,2023-09,57,1.0,0,0.0,0.0,0.0,0,0,0,0,1.0,0.7589,0.2539,0.5445,-0.6834,100.0,1,0
LJ500_R070_C083,70,83,702750,9536250,3000,4500,2023,9,2023-09,57,1.0,0,0.0,0.0,0.0,0,0,0,0,1.0,0.7992,0.2981,0.5868,-0.7285,100.0,1,0
LJ500_R070_C084,70,84,703250,9536250,3500,4500,2023,9,2023-09,57,0.9943,0,0.0057,0.0,0.0,0,0,0,0,1.0,0.7792,0.312,0.5867,-0.7178,100.0,1,0
LJ500_R070_C085,70,85,703750,9536250,4000,4500,2023,9,2023-09,57,1.0,0,0.0,0.0,0.0,0,0,0,0,1.0,0.8071,0.3478,0.6277,-0.7485,100.0,1,0
LJ500_R070_C086,70,86,704250,9536250,4500,4500,2023,9,2023-09,57,1.0,0,0.0,0.0,0.0,0,0,0,0,1.0,0.8091,0.3789,0.6548,-0.742,100.0,1,0
LJ500_R061_C077,61,77,699750,9531750,0,0,2023,10,2023-10,58,0.0,0,1.0,0.0,0.0,0,0,0,0,1.0,0.5998,0.008,0.2503,-0.6145,100.0,1,0
LJ500_R061_C078,61,78,700250,9531750,500,0,2023,10,2023-10,58,0.0,0,0.9516,0.0,0.0484,0,0,0,0,1.0,0.5966,0.0184,0.2652,-0.6069,100.0,1,0
LJ500_R061_C079,61,79,700750,9531750,1000,0,2023,10,2023-10,58,0.0,0,0.906,0.0,0.094,0,0,0,0,1.0,0.6862,0.1144,0.3855,-0.6532,100.0,1,0
LJ500_R061_C080,61,80,701250,9531750,1500,0,2023,10,2023-10,58,0.1714,0,0.8229,0.0,0.0057,0,0,0,0,1.0,0.6553,0.1054,0.3758,-0.6367,100.0,1,0
LJ500_R061_C081,61,81,701750,9531750,2000,0,2023,10,2023-10,58,0.0,0,1.0,0.0,0.0,0,0,0,0,1.0,0.6525,0.0981,0.3704,-0.6301,100.0,1,0
LJ500_R061_C082,61,82,702250,9531750,2500,0,2023,10,2023-10,58,0.0618,0,0.9382,0.0,0.0,0,0,0,0,1.0,0.7002,0.121,0.4084,-0.6598,100.0,1,0
LJ500_R061_C083,61,83,702750,9531750,3000,0,2023,10,2023-10,58,0.5343,0,0.3633,0.1024,0.0,0,0,0,0,1.0,0.7852,0.2117,0.5103,-0.7016,100.0,1,0
LJ500_R061_C084,61,84,703250,9531750,3500,0,2023,10,2023-10,58,0.7729,0,0.0,0.2271,0.0,0,0,0,0,1.0,0.8088,0.2428,0.5484,-0.7373,100.0,1,0
LJ500_R061_C085,61,85,703750,9531750,4000,0,2023,10,2023-10,58,0.709,0,0.291,0.0,0.0,0,0,0,0,1.0,0.8356,0.2866,0.5974,-0.7537,100.0,1,0
LJ500_R061_C086,61,86,704250,9531750,4500,0,2023,10,2023-10,58,1.0,0,0.0,0.0,0.0,0,0,0,0,1.0,0.7857,0.2449,0.5472,-0.7098,100.0,1,0
LJ500_R062_C077,62,77,699750,9532250,0,500,2023,10,2023-10,58,0.0,0,0.7197,0.0,0.2803,0,0,0,0,1.0,0.5954,0.0318,0.2733,-0.6088,100.0,1,0
LJ500_R062_C078,62,78,700250,9532250,500,500,2023,10,2023-10,58,0.0,0,0.5947,0.0,0.4053,0,0,0,0,1.0,0.6046,0.0508,0.3002,-0.6115,100.0,1,0
LJ500_R062_C079,62,79,700750,9532250,1000,500,2023,10,2023-10,58,0.0,0,0.771,0.0,0.229,0,0,0,0,1.0,0.6519,0.0663,0.3337,-0.6239,100.0,1,0
LJ500_R062_C080,62,80,701250,9532250,1500,500,2023,10,2023-10,58,0.235,0,0.6379,0.0,0.1271,0,0,0,0,1.0,0.6374,0.0798,0.3462,-0.6254,100.0,1,0
LJ500_R062_C081,62,81,701750,9532250,2000,500,2023,10,2023-10,58,0.0684,0,0.7378,0.0,0.1938,0,0,0,0,1.0,0.6976,0.1211,0.3997,-0.662,100.0,1,0
LJ500_R062_C082,62,82,702250,9532250,2500,500,2023,10,2023-10,58,0.0973,0,0.9027,0.0,0.0,0,0,0,0,1.0,0.7179,0.1564,0.4441,-0.6675,100.0,1,0
LJ500_R062_C083,62,83,702750,9532250,3000,500,2023,10,2023-10,58,0.0473,0,0.9507,0.0019,0.0,0,0,0,0,1.0,0.7463,0.1837,0.4765,-0.6802,100.0,1,0
LJ500_R062_C084,62,84,703250,9532250,3500,500,2023,10,2023-10,58,0.2757,0,0.7209,0.0034,0.0,0,0,0,0,1.0,0.7901,0.2183,0.527,-0.7136,100.0,1,0
LJ500_R062_C085,62,85,703750,9532250,4000,500,2023,10,2023-10,58,0.0588,0,0.9412,0.0,0.0,0,0,0,0,1.0,0.8035,0.2389,0.5449,-0.7238,100.0,1,0
LJ500_R062_C086,62,86,704250,9532250,4500,500,2023,10,2023-10,58,0.7611,0,0.2389,0.0,0.0,0,0,0,0,1.0,0.7985,0.2426,0.5481,-0.7201,100.0,1,0
LJ500_R063_C077,63,77,699750,9532750,0,1000,2023,10,2023-10,58,0.0,0,0.1158,0.0,0.8842,0,0,0,0,1.0,0.4776,-0.0137,0.2096,-0.5376,100.0,1,0
LJ500_R063_C078,63,78,700250,9532750,500,1000,2023,10,2023-10,58,0.0328,0,0.3431,0.0,0.624,0,0,0,0,1.0,0.6334,0.0817,0.3462,-0.6335,100.0,1,0
LJ500_R063_C079,63,79,700750,9532750,1000,1000,2023,10,2023-10,58,0.2883,0,0.3768,0.0,0.3349,0,0,0,0,1.0,0.5959,0.0309,0.284,-0.6033,100.0,1,0
LJ500_R063_C080,63,80,701250,9532750,1500,1000,2023,10,2023-10,58,0.1673,0,0.4746,0.0,0.358,0,0,0,0,1.0,0.6519,0.0721,0.3469,-0.6417,100.0,1,0
LJ500_R063_C081,63,81,701750,9532750,2000,1000,2023,10,2023-10,58,0.0165,0,0.5433,0.0,0.4402,0,0,0,0,1.0,0.6843,0.0924,0.3736,-0.6575,100.0,1,0
LJ500_R063_C082,63,82,702250,9532750,2500,1000,2023,10,2023-10,58,0.6742,0,0.2142,0.0,0.1117,0,0,0,0,1.0,0.717,0.1422,0.4231,-0.6633,100.0,1,0
LJ500_R063_C083,63,83,702750,9532750,3000,1000,2023,10,2023-10,58,0.2059,0,0.7941,0.0,0.0,0,0,0,0,1.0,0.7318,0.1773,0.4604,-0.6763,100.0,1,0
LJ500_R063_C084,63,84,703250,9532750,3500,1000,2023,10,2023-10,58,0.2973,0,0.7027,0.0,0.0,0,0,0,0,1.0,0.7815,0.2086,0.509,-0.7131,100.0,1,0
LJ500_R063_C085,63,85,703750,9532750,4000,1000,2023,10,2023-10,58,0.1462,0,0.8538,0.0,0.0,0,0,0,0,1.0,0.7891,0.2395,0.5395,-0.7146,100.0,1,0
LJ500_R063_C086,63,86,704250,9532750,4500,1000,2023,10,2023-10,58,0.3435,0,0.6565,0.0,0.0,0,0,0,0,1.0,0.8146,0.277,0.5774,-0.7306,100.0,1,0
LJ500_R064_C077,64,77,699750,9533250,0,1500,2023,10,2023-10,58,0.3887,0,0.3116,0.0,0.2997,0,0,0,0,1.0,0.6529,0.0957,0.3587,-0.6442,100.0,1,0
LJ500_R064_C078,64,78,700250,9533250,500,1500,2023,10,2023-10,58,0.5382,0,0.082,0.0,0.3799,0,0,0,0,1.0,0.6649,0.1092,0.3814,-0.6468,100.0,1,0
LJ500_R064_C079,64,79,700750,9533250,1000,1500,2023,10,2023-10,58,0.4384,0,0.1474,0.0,0.4142,0,0,0,0,1.0,0.647,0.053,0.327,-0.6419,100.0,1,0
LJ500_R064_C080,64,80,701250,9533250,1500,1500,2023,10,2023-10,58,0.5951,0,0.4049,0.0,0.0,0,0,0,0,1.0,0.7128,0.1168,0.405,-0.6777,100.0,1,0
LJ500_R064_C081,64,81,701750,9533250,2000,1500,2023,10,2023-10,58,0.5997,0,0.181,0.0,0.2193,0,0,0,0,1.0,0.746,0.1497,0.4429,-0.6945,100.0,1,0
LJ500_R064_C082,64,82,702250,9533250,2500,1500,2023,10,2023-10,58,0.7276,0,0.2724,0.0,0.0,0,0,0,0,1.0,0.7559,0.1805,0.4789,-0.6922,100.0,1,0
LJ500_R064_C083,64,83,702750,9533250,3000,1500,2023,10,2023-10,58,0.566,0,0.203,0.0,0.231,0,0,0,0,1.0,0.7614,0.165,0.4734,-0.7155,100.0,1,0
LJ500_R064_C084,64,84,703250,9533250,3500,1500,2023,10,2023-10,58,0.235,0,0.7298,0.0,0.0352,0,0,0,0,1.0,0.8039,0.2279,0.5359,-0.7335,100.0,1,0
LJ500_R064_C085,64,85,703750,9533250,4000,1500,2023,10,2023-10,58,0.5109,0,0.4891,0.0,0.0,0,0,0,0,1.0,0.781,0.1924,0.4987,-0.716,100.0,1,0
LJ500_R064_C086,64,86,704250,9533250,4500,1500,2023,10,2023-10,58,0.748,0,0.252,0.0,0.0,0,0,0,0,1.0,0.7408,0.1728,0.4678,-0.6927,100.0,1,0
LJ500_R065_C077,65,77,699750,9533750,0,2000,2023,10,2023-10,58,0.312,0,0.4033,0.0,0.2847,0,0,0,0,1.0,0.717,0.151,0.4357,-0.6707,100.0,1,0
LJ500_R065_C078,65,78,700250,9533750,500,2000,2023,10,2023-10,58,0.5913,0,0.4071,0.0,0.0016,0,0,0,0,1.0,0.7233,0.175,0.456,-0.6675,100.0,1,0
LJ500_R065_C079,65,79,700750,9533750,1000,2000,2023,10,2023-10,58,0.3219,0,0.6781,0.0,0.0,0,0,0,0,1.0,0.6822,0.1145,0.3912,-0.6475,100.0,1,0
LJ500_R065_C080,65,80,701250,9533750,1500,2000,2023,10,2023-10,58,0.8266,0,0.1734,0.0,0.0,0,0,0,0,1.0,0.7451,0.1291,0.4277,-0.6914,100.0,1,0
LJ500_R065_C081,65,81,701750,9533750,2000,2000,2023,10,2023-10,58,0.9017,0,0.0983,0.0,0.0,0,0,0,0,1.0,0.747,0.1701,0.4607,-0.6872,100.0,1,0
LJ500_R065_C082,65,82,702250,9533750,2500,2000,2023,10,2023-10,58,0.7327,0,0.2673,0.0,0.0,0,0,0,0,1.0,0.7516,0.1615,0.4639,-0.6985,100.0,1,0
LJ500_R065_C083,65,83,702750,9533750,3000,2000,2023,10,2023-10,58,0.7802,0,0.1368,0.0,0.083,0,0,0,0,1.0,0.7878,0.1893,0.4987,-0.722,100.0,1,0
LJ500_R065_C084,65,84,703250,9533750,3500,2000,2023,10,2023-10,58,0.3229,0,0.6771,0.0,0.0,0,0,0,0,1.0,0.7799,0.1956,0.4995,-0.7147,100.0,1,0
LJ500_R065_C085,65,85,703750,9533750,4000,2000,2023,10,2023-10,58,0.0167,0,0.9833,0.0,0.0,0,0,0,0,1.0,0.7174,0.1355,0.4303,-0.6734,100.0,1,0
LJ500_R065_C086,65,86,704250,9533750,4500,2000,2023,10,2023-10,58,0.7821,0,0.2179,0.0,0.0,0,0,0,0,1.0,0.7858,0.2508,0.5515,-0.7177,100.0,1,0
LJ500_R066_C077,66,77,699750,9534250,0,2500,2023,10,2023-10,58,0.5018,0,0.3517,0.0,0.1465,0,0,0,0,1.0,0.68,0.1222,0.3913,-0.6511,100.0,1,0
LJ500_R066_C078,66,78,700250,9534250,500,2500,2023,10,2023-10,58,0.1232,0,0.8768,0.0,0.0,0,0,0,0,1.0,0.6646,0.1489,0.4142,-0.6243,100.0,1,0
LJ500_R066_C079,66,79,700750,9534250,1000,2500,2023,10,2023-10,58,0.3332,0,0.6668,0.0,0.0,0,0,0,0,1.0,0.6511,0.1146,0.3778,-0.6294,100.0,1,0
LJ500_R066_C080,66,80,701250,9534250,1500,2500,2023,10,2023-10,58,0.9149,0,0.0851,0.0,0.0,0,0,0,0,1.0,0.7821,0.242,0.5391,-0.7186,100.0,1,0
LJ500_R066_C081,66,81,701750,9534250,2000,2500,2023,10,2023-10,58,0.7037,0,0.2963,0.0,0.0,0,0,0,0,1.0,0.7393,0.2048,0.4927,-0.6846,100.0,1,0
LJ500_R066_C082,66,82,702250,9534250,2500,2500,2023,10,2023-10,58,0.6772,0,0.3228,0.0,0.0,0,0,0,0,1.0,0.7704,0.2139,0.5114,-0.709,100.0,1,0
LJ500_R066_C083,66,83,702750,9534250,3000,2500,2023,10,2023-10,58,0.6289,0,0.3711,0.0,0.0,0,0,0,0,1.0,0.7815,0.2018,0.5004,-0.7158,100.0,1,0
LJ500_R066_C084,66,84,703250,9534250,3500,2500,2023,10,2023-10,58,0.7305,0,0.2695,0.0,0.0,0,0,0,0,1.0,0.746,0.1871,0.4785,-0.6835,100.0,1,0
LJ500_R066_C085,66,85,703750,9534250,4000,2500,2023,10,2023-10,58,0.7865,0,0.2135,0.0,0.0,0,0,0,0,1.0,0.7842,0.2497,0.5484,-0.7135,100.0,1,0
LJ500_R066_C086,66,86,704250,9534250,4500,2500,2023,10,2023-10,58,1.0,0,0.0,0.0,0.0,0,0,0,0,1.0,0.8039,0.2828,0.5793,-0.7243,100.0,1,0
LJ500_R067_C077,67,77,699750,9534750,0,3000,2023,10,2023-10,58,0.7165,0,0.2835,0.0,0.0,0,0,0,0,1.0,0.6978,0.1452,0.4146,-0.6618,100.0,1,0
LJ500_R067_C078,67,78,700250,9534750,500,3000,2023,10,2023-10,58,0.8229,0,0.1771,0.0,0.0,0,0,0,0,1.0,0.6803,0.1336,0.4,-0.6403,100.0,1,0
LJ500_R067_C079,67,79,700750,9534750,1000,3000,2023,10,2023-10,58,0.9659,0,0.0341,0.0,0.0,0,0,0,0,1.0,0.7057,0.2032,0.4824,-0.6407,100.0,1,0
LJ500_R067_C080,67,80,701250,9534750,1500,3000,2023,10,2023-10,58,0.8944,0,0.1056,0.0,0.0,0,0,0,0,1.0,0.7496,0.2537,0.5318,-0.6853,100.0,1,0
LJ500_R067_C081,67,81,701750,9534750,2000,3000,2023,10,2023-10,58,0.7989,0,0.1897,0.0,0.0114,0,0,0,0,1.0,0.7489,0.2425,0.5176,-0.6957,100.0,1,0
LJ500_R067_C082,67,82,702250,9534750,2500,3000,2023,10,2023-10,58,1.0,0,0.0,0.0,0.0,0,0,0,0,1.0,0.7869,0.2833,0.5691,-0.7175,100.0,1,0
LJ500_R067_C083,67,83,702750,9534750,3000,3000,2023,10,2023-10,58,1.0,0,0.0,0.0,0.0,0,0,0,0,1.0,0.7746,0.2801,0.5603,-0.7029,100.0,1,0
LJ500_R067_C084,67,84,703250,9534750,3500,3000,2023,10,2023-10,58,1.0,0,0.0,0.0,0.0,0,0,0,0,1.0,0.7836,0.2907,0.5733,-0.7147,100.0,1,0
LJ500_R067_C085,67,85,703750,9534750,4000,3000,2023,10,2023-10,58,1.0,0,0.0,0.0,0.0,0,0,0,0,1.0,0.8103,0.3076,0.5985,-0.7353,100.0,1,0
LJ500_R067_C086,67,86,704250,9534750,4500,3000,2023,10,2023-10,58,1.0,0,0.0,0.0,0.0,0,0,0,0,1.0,0.7965,0.3105,0.5925,-0.7244,100.0,1,0
LJ500_R068_C077,68,77,699750,9535250,0,3500,2023,10,2023-10,58,0.065,0,0.935,0.0,0.0,0,0,0,0,1.0,0.6095,0.0885,0.3461,-0.6272,100.0,1,0
LJ500_R068_C078,68,78,700250,9535250,500,3500,2023,10,2023-10,58,0.7525,0,0.2475,0.0,0.0,0,0,0,0,1.0,0.6987,0.1645,0.4403,-0.6444,100.0,1,0
LJ500_R068_C079,68,79,700750,9535250,1000,3500,2023,10,2023-10,58,1.0,0,0.0,0.0,0.0,0,0,0,0,1.0,0.7527,0.2212,0.508,-0.6773,100.0,1,0
LJ500_R068_C080,68,80,701250,9535250,1500,3500,2023,10,2023-10,58,0.8923,0,0.1077,0.0,0.0,0,0,0,0,1.0,0.7155,0.2615,0.5341,-0.6458,100.0,1,0
LJ500_R068_C081,68,81,701750,9535250,2000,3500,2023,10,2023-10,58,0.6646,0,0.0767,0.0,0.2586,0,0,0,0,1.0,0.6681,0.1826,0.4517,-0.6238,100.0,1,0
LJ500_R068_C082,68,82,702250,9535250,2500,3500,2023,10,2023-10,58,0.9399,0,0.0601,0.0,0.0,0,0,0,0,1.0,0.8044,0.347,0.6222,-0.733,100.0,1,0
LJ500_R068_C083,68,83,702750,9535250,3000,3500,2023,10,2023-10,58,1.0,0,0.0,0.0,0.0,0,0,0,0,1.0,0.8103,0.3785,0.6472,-0.7409,100.0,1,0
LJ500_R068_C084,68,84,703250,9535250,3500,3500,2023,10,2023-10,58,1.0,0,0.0,0.0,0.0,0,0,0,0,1.0,0.8006,0.3606,0.633,-0.7311,100.0,1,0
LJ500_R068_C085,68,85,703750,9535250,4000,3500,2023,10,2023-10,58,1.0,0,0.0,0.0,0.0,0,0,0,0,1.0,0.8021,0.368,0.6366,-0.7355,100.0,1,0
LJ500_R068_C086,68,86,704250,9535250,4500,3500,2023,10,2023-10,58,1.0,0,0.0,0.0,0.0,0,0,0,0,1.0,0.7466,0.3064,0.5737,-0.6874,100.0,1,0
LJ500_R069_C077,69,77,699750,9535750,0,4000,2023,10,2023-10,58,0.0,0,0.9574,0.0426,0.0,0,0,0,0,1.0,0.5914,0.0735,0.3401,-0.5928,100.0,1,0
LJ500_R069_C078,69,78,700250,9535750,500,4000,2023,10,2023-10,58,0.4139,0,0.5115,0.0746,0.0,0,0,0,0,1.0,0.7788,0.2287,0.5275,-0.6965,100.0,1,0
LJ500_R069_C079,69,79,700750,9535750,1000,4000,2023,10,2023-10,58,0.6432,0,0.3568,0.0,0.0,0,0,0,0,1.0,0.7115,0.1738,0.4597,-0.6502,100.0,1,0
LJ500_R069_C080,69,80,701250,9535750,1500,4000,2023,10,2023-10,58,0.8514,0,0.1486,0.0,0.0,0,0,0,0,1.0,0.7628,0.214,0.5016,-0.6969,100.0,1,0
LJ500_R069_C081,69,81,701750,9535750,2000,4000,2023,10,2023-10,58,1.0,0,0.0,0.0,0.0,0,0,0,0,1.0,0.7982,0.269,0.5636,-0.7206,100.0,1,0
LJ500_R069_C082,69,82,702250,9535750,2500,4000,2023,10,2023-10,58,1.0,0,0.0,0.0,0.0,0,0,0,0,1.0,0.8001,0.282,0.5704,-0.7253,100.0,1,0
LJ500_R069_C083,69,83,702750,9535750,3000,4000,2023,10,2023-10,58,1.0,0,0.0,0.0,0.0,0,0,0,0,1.0,0.8042,0.3417,0.6198,-0.737,100.0,1,0
LJ500_R069_C084,69,84,703250,9535750,3500,4000,2023,10,2023-10,58,1.0,0,0.0,0.0,0.0,0,0,0,0,1.0,0.7623,0.3166,0.5788,-0.706,100.0,1,0
LJ500_R069_C085,69,85,703750,9535750,4000,4000,2023,10,2023-10,58,1.0,0,0.0,0.0,0.0,0,0,0,0,1.0,0.7643,0.2997,0.575,-0.7075,100.0,1,0
LJ500_R069_C086,69,86,704250,9535750,4500,4000,2023,10,2023-10,58,1.0,0,0.0,0.0,0.0,0,0,0,0,1.0,0.7484,0.2567,0.5393,-0.6957,100.0,1,0
LJ500_R070_C077,70,77,699750,9536250,0,4500,2023,10,2023-10,58,0.0,0,0.3423,0.4553,0.2024,0,0,0,0,1.0,0.5835,0.0468,0.3035,-0.6268,100.0,1,0
LJ500_R070_C078,70,78,700250,9536250,500,4500,2023,10,2023-10,58,0.0,0,0.3908,0.6092,0.0,0,0,0,0,1.0,0.6204,0.081,0.347,-0.6391,100.0,1,0
LJ500_R070_C079,70,79,700750,9536250,1000,4500,2023,10,2023-10,58,0.2082,0,0.7834,0.0084,0.0,0,0,0,0,1.0,0.6665,0.1148,0.391,-0.6366,100.0,1,0
LJ500_R070_C080,70,80,701250,9536250,1500,4500,2023,10,2023-10,58,0.2813,0,0.7187,0.0,0.0,0,0,0,0,1.0,0.726,0.1548,0.4463,-0.6661,100.0,1,0
LJ500_R070_C081,70,81,701750,9536250,2000,4500,2023,10,2023-10,58,0.9197,0,0.0803,0.0,0.0,0,0,0,0,1.0,0.7967,0.23,0.5281,-0.7136,100.0,1,0
LJ500_R070_C082,70,82,702250,9536250,2500,4500,2023,10,2023-10,58,1.0,0,0.0,0.0,0.0,0,0,0,0,1.0,0.7657,0.2258,0.5139,-0.694,100.0,1,0
LJ500_R070_C083,70,83,702750,9536250,3000,4500,2023,10,2023-10,58,1.0,0,0.0,0.0,0.0,0,0,0,0,1.0,0.7981,0.2709,0.557,-0.728,100.0,1,0
LJ500_R070_C084,70,84,703250,9536250,3500,4500,2023,10,2023-10,58,0.9943,0,0.0057,0.0,0.0,0,0,0,0,1.0,0.8036,0.3007,0.5804,-0.7378,100.0,1,0
LJ500_R070_C085,70,85,703750,9536250,4000,4500,2023,10,2023-10,58,1.0,0,0.0,0.0,0.0,0,0,0,0,1.0,0.8053,0.3327,0.6129,-0.7437,100.0,1,0
LJ500_R070_C086,70,86,704250,9536250,4500,4500,2023,10,2023-10,58,1.0,0,0.0,0.0,0.0,0,0,0,0,1.0,0.8357,0.371,0.6558,-0.7643,100.0,1,0
LJ500_R061_C077,61,77,699750,9531750,0,0,2023,11,2023-11,59,0.0,0,1.0,0.0,0.0,0,0,0,0,1.0,,,,,0.0,1,1
LJ500_R061_C078,61,78,700250,9531750,500,0,2023,11,2023-11,59,0.0,0,0.9516,0.0,0.0484,0,0,0,0,1.0,,,,,0.0,1,1
LJ500_R061_C079,61,79,700750,9531750,1000,0,2023,11,2023-11,59,0.0,0,0.906,0.0,0.094,0,0,0,0,1.0,,,,,0.0,1,1
LJ500_R061_C080,61,80,701250,9531750,1500,0,2023,11,2023-11,59,0.1714,0,0.8229,0.0,0.0057,0,0,0,0,1.0,,,,,0.0,1,1
LJ500_R061_C081,61,81,701750,9531750,2000,0,2023,11,2023-11,59,0.0,0,1.0,0.0,0.0,0,0,0,0,1.0,,,,,0.0,1,1
LJ500_R061_C082,61,82,702250,9531750,2500,0,2023,11,2023-11,59,0.0618,0,0.9382,0.0,0.0,0,0,0,0,1.0,,,,,0.0,1,1
LJ500_R061_C083,61,83,702750,9531750,3000,0,2023,11,2023-11,59,0.5343,0,0.3633,0.1024,0.0,0,0,0,0,1.0,,,,,0.0,1,1
LJ500_R061_C084,61,84,703250,9531750,3500,0,2023,11,2023-11,59,0.7729,0,0.0,0.2271,0.0,0,0,0,0,1.0,,,,,0.0,1,1
LJ500_R061_C085,61,85,703750,9531750,4000,0,2023,11,2023-11,59,0.709,0,0.291,0.0,0.0,0,0,0,0,1.0,,,,,0.0,1,1
LJ500_R061_C086,61,86,704250,9531750,4500,0,2023,11,2023-11,59,1.0,0,0.0,0.0,0.0,0,0,0,0,1.0,,,,,0.0,1,1
LJ500_R062_C077,62,77,699750,9532250,0,500,2023,11,2023-11,59,0.0,0,0.7197,0.0,0.2803,0,0,0,0,1.0,,,,,0.0,1,1
LJ500_R062_C078,62,78,700250,9532250,500,500,2023,11,2023-11,59,0.0,0,0.5947,0.0,0.4053,0,0,0,0,1.0,,,,,0.0,1,1
LJ500_R062_C079,62,79,700750,9532250,1000,500,2023,11,2023-11,59,0.0,0,0.771,0.0,0.229,0,0,0,0,1.0,,,,,0.0,1,1
LJ500_R062_C080,62,80,701250,9532250,1500,500,2023,11,2023-11,59,0.235,0,0.6379,0.0,0.1271,0,0,0,0,1.0,,,,,0.0,1,1
LJ500_R062_C081,62,81,701750,9532250,2000,500,2023,11,2023-11,59,0.0684,0,0.7378,0.0,0.1938,0,0,0,0,1.0,,,,,0.0,1,1
LJ500_R062_C082,62,82,702250,9532250,2500,500,2023,11,2023-11,59,0.0973,0,0.9027,0.0,0.0,0,0,0,0,1.0,,,,,0.0,1,1
LJ500_R062_C083,62,83,702750,9532250,3000,500,2023,11,2023-11,59,0.0473,0,0.9507,0.0019,0.0,0,0,0,0,1.0,,,,,0.0,1,1
LJ500_R062_C084,62,84,703250,9532250,3500,500,2023,11,2023-11,59,0.2757,0,0.7209,0.0034,0.0,0,0,0,0,1.0,,,,,0.0,1,1
LJ500_R062_C085,62,85,703750,9532250,4000,500,2023,11,2023-11,59,0.0588,0,0.9412,0.0,0.0,0,0,0,0,1.0,,,,,0.0,1,1
LJ500_R062_C086,62,86,704250,9532250,4500,500,2023,11,2023-11,59,0.7611,0,0.2389,0.0,0.0,0,0,0,0,1.0,,,,,0.0,1,1
LJ500_R063_C077,63,77,699750,9532750,0,1000,2023,11,2023-11,59,0.0,0,0.1158,0.0,0.8842,0,0,0,0,1.0,,,,,0.0,1,1
LJ500_R063_C078,63,78,700250,9532750,500,1000,2023,11,2023-11,59,0.0328,0,0.3431,0.0,0.624,0,0,0,0,1.0,,,,,0.0,1,1
LJ500_R063_C079,63,79,700750,9532750,1000,1000,2023,11,2023-11,59,0.2883,0,0.3768,0.0,0.3349,0,0,0,0,1.0,,,,,0.0,1,1
LJ500_R063_C080,63,80,701250,9532750,1500,1000,2023,11,2023-11,59,0.1673,0,0.4746,0.0,0.358,0,0,0,0,1.0,,,,,0.0,1,1
LJ500_R063_C081,63,81,701750,9532750,2000,1000,2023,11,2023-11,59,0.0165,0,0.5433,0.0,0.4402,0,0,0,0,1.0,,,,,0.0,1,1
LJ500_R063_C082,63,82,702250,9532750,2500,1000,2023,11,2023-11,59,0.6742,0,0.2142,0.0,0.1117,0,0,0,0,1.0,,,,,0.0,1,1
LJ500_R063_C083,63,83,702750,9532750,3000,1000,2023,11,2023-11,59,0.2059,0,0.7941,0.0,0.0,0,0,0,0,1.0,,,,,0.0,1,1
LJ500_R063_C084,63,84,703250,9532750,3500,1000,2023,11,2023-11,59,0.2973,0,0.7027,0.0,0.0,0,0,0,0,1.0,,,,,0.0,1,1
LJ500_R063_C085,63,85,703750,9532750,4000,1000,2023,11,2023-11,59,0.1462,0,0.8538,0.0,0.0,0,0,0,0,1.0,,,,,0.0,1,1
LJ500_R063_C086,63,86,704250,9532750,4500,1000,2023,11,2023-11,59,0.3435,0,0.6565,0.0,0.0,0,0,0,0,1.0,,,,,0.0,1,1
LJ500_R064_C077,64,77,699750,9533250,0,1500,2023,11,2023-11,59,0.3887,0,0.3116,0.0,0.2997,0,0,0,0,1.0,0.5321,0.1557,0.4235,-0.4496,0.16,1,0
LJ500_R064_C078,64,78,700250,9533250,500,1500,2023,11,2023-11,59,0.5382,0,0.082,0.0,0.3799,0,0,0,0,1.0,0.6655,0.2494,0.5224,-0.582,1.44,1,0
LJ500_R064_C079,64,79,700750,9533250,1000,1500,2023,11,2023-11,59,0.4384,0,0.1474,0.0,0.4142,0,0,0,0,1.0,,,,,0.0,1,1
LJ500_R064_C080,64,80,701250,9533250,1500,1500,2023,11,2023-11,59,0.5951,0,0.4049,0.0,0.0,0,0,0,0,1.0,,,,,0.0,1,1
LJ500_R064_C081,64,81,701750,9533250,2000,1500,2023,11,2023-11,59,0.5997,0,0.181,0.0,0.2193,0,0,0,0,1.0,,,,,0.0,1,1
LJ500_R064_C082,64,82,702250,9533250,2500,1500,2023,11,2023-11,59,0.7276,0,0.2724,0.0,0.0,0,0,0,0,1.0,0.634,0.1833,0.4713,-0.5569,0.64,1,0
LJ500_R064_C083,64,83,702750,9533250,3000,1500,2023,11,2023-11,59,0.566,0,0.203,0.0,0.231,0,0,0,0,1.0,0.5925,0.128,0.4093,-0.5549,16.96,1,0
LJ500_R064_C084,64,84,703250,9533250,3500,1500,2023,11,2023-11,59,0.235,0,0.7298,0.0,0.0352,0,0,0,0,1.0,0.5728,0.1401,0.4189,-0.5041,0.32,1,0
LJ500_R064_C085,64,85,703750,9533250,4000,1500,2023,11,2023-11,59,0.5109,0,0.4891,0.0,0.0,0,0,0,0,1.0,,,,,0.0,1,1
LJ500_R064_C086,64,86,704250,9533250,4500,1500,2023,11,2023-11,59,0.748,0,0.252,0.0,0.0,0,0,0,0,1.0,,,,,0.0,1,1
LJ500_R065_C077,65,77,699750,9533750,0,2000,2023,11,2023-11,59,0.312,0,0.4033,0.0,0.2847,0,0,0,0,1.0,0.5467,0.1095,0.3625,-0.5035,60.16,1,0
LJ500_R065_C078,65,78,700250,9533750,500,2000,2023,11,2023-11,59,0.5913,0,0.4071,0.0,0.0016,0,0,0,0,1.0,0.6041,0.1861,0.453,-0.5368,40.16,1,0
LJ500_R065_C079,65,79,700750,9533750,1000,2000,2023,11,2023-11,59,0.3219,0,0.6781,0.0,0.0,0,0,0,0,1.0,0.5297,0.1144,0.3707,-0.4863,15.2,1,0
LJ500_R065_C080,65,80,701250,9533750,1500,2000,2023,11,2023-11,59,0.8266,0,0.1734,0.0,0.0,0,0,0,0,1.0,0.4448,0.1205,0.3496,-0.4022,13.76,1,0
LJ500_R065_C081,65,81,701750,9533750,2000,2000,2023,11,2023-11,59,0.9017,0,0.0983,0.0,0.0,0,0,0,0,1.0,,,,,0.0,1,1
LJ500_R065_C082,65,82,702250,9533750,2500,2000,2023,11,2023-11,59,0.7327,0,0.2673,0.0,0.0,0,0,0,0,1.0,0.7054,0.2616,0.5524,-0.6209,1.12,1,0
LJ500_R065_C083,65,83,702750,9533750,3000,2000,2023,11,2023-11,59,0.7802,0,0.1368,0.0,0.083,0,0,0,0,1.0,0.6611,0.1657,0.4564,-0.597,61.92,1,0
LJ500_R065_C084,65,84,703250,9533750,3500,2000,2023,11,2023-11,59,0.3229,0,0.6771,0.0,0.0,0,0,0,0,1.0,0.621,0.186,0.4767,-0.5508,27.84,1,0
LJ500_R065_C085,65,85,703750,9533750,4000,2000,2023,11,2023-11,59,0.0167,0,0.9833,0.0,0.0,0,0,0,0,1.0,0.5969,0.1831,0.4778,-0.5197,19.68,1,0
LJ500_R065_C086,65,86,704250,9533750,4500,2000,2023,11,2023-11,59,0.7821,0,0.2179,0.0,0.0,0,0,0,0,1.0,,,,,0.0,1,1
LJ500_R066_C077,66,77,699750,9534250,0,2500,2023,11,2023-11,59,0.5018,0,0.3517,0.0,0.1465,0,0,0,0,1.0,,,,,0.0,1,1
LJ500_R066_C078,66,78,700250,9534250,500,2500,2023,11,2023-11,59,0.1232,0,0.8768,0.0,0.0,0,0,0,0,1.0,,,,,0.0,1,1
LJ500_R066_C079,66,79,700750,9534250,1000,2500,2023,11,2023-11,59,0.3332,0,0.6668,0.0,0.0,0,0,0,0,1.0,0.5197,0.1279,0.3795,-0.4842,10.24,1,0
LJ500_R066_C080,66,80,701250,9534250,1500,2500,2023,11,2023-11,59,0.9149,0,0.0851,0.0,0.0,0,0,0,0,1.0,0.5212,0.1113,0.3607,-0.4681,9.12,1,0
LJ500_R066_C081,66,81,701750,9534250,2000,2500,2023,11,2023-11,59,0.7037,0,0.2963,0.0,0.0,0,0,0,0,1.0,0.6429,0.2445,0.5071,-0.5637,29.28,1,0
LJ500_R066_C082,66,82,702250,9534250,2500,2500,2023,11,2023-11,59,0.6772,0,0.3228,0.0,0.0,0,0,0,0,1.0,0.6353,0.1859,0.4573,-0.5793,57.28,1,0
LJ500_R066_C083,66,83,702750,9534250,3000,2500,2023,11,2023-11,59,0.6289,0,0.3711,0.0,0.0,0,0,0,0,1.0,0.6318,0.1671,0.4492,-0.5762,91.84,1,0
LJ500_R066_C084,66,84,703250,9534250,3500,2500,2023,11,2023-11,59,0.7305,0,0.2695,0.0,0.0,0,0,0,0,1.0,0.5997,0.168,0.445,-0.5395,99.84,1,0
LJ500_R066_C085,66,85,703750,9534250,4000,2500,2023,11,2023-11,59,0.7865,0,0.2135,0.0,0.0,0,0,0,0,1.0,0.6546,0.2323,0.517,-0.5846,45.76,1,0
LJ500_R066_C086,66,86,704250,9534250,4500,2500,2023,11,2023-11,59,1.0,0,0.0,0.0,0.0,0,0,0,0,1.0,0.7231,0.297,0.5865,-0.6368,0.96,1,0
LJ500_R067_C077,67,77,699750,9534750,0,3000,2023,11,2023-11,59,0.7165,0,0.2835,0.0,0.0,0,0,0,0,1.0,,,,,0.0,1,1
LJ500_R067_C078,67,78,700250,9534750,500,3000,2023,11,2023-11,59,0.8229,0,0.1771,0.0,0.0,0,0,0,0,1.0,,,,,0.0,1,1
LJ500_R067_C079,67,79,700750,9534750,1000,3000,2023,11,2023-11,59,0.9659,0,0.0341,0.0,0.0,0,0,0,0,1.0,,,,,0.0,1,1
LJ500_R067_C080,67,80,701250,9534750,1500,3000,2023,11,2023-11,59,0.8944,0,0.1056,0.0,0.0,0,0,0,0,1.0,0.5987,0.2171,0.463,-0.5337,18.08,1,0
LJ500_R067_C081,67,81,701750,9534750,2000,3000,2023,11,2023-11,59,0.7989,0,0.1897,0.0,0.0114,0,0,0,0,1.0,0.6453,0.2455,0.5074,-0.5712,68.96,1,0
LJ500_R067_C082,67,82,702250,9534750,2500,3000,2023,11,2023-11,59,1.0,0,0.0,0.0,0.0,0,0,0,0,1.0,0.6588,0.25,0.5205,-0.5811,100.0,1,0
LJ500_R067_C083,67,83,702750,9534750,3000,3000,2023,11,2023-11,59,1.0,0,0.0,0.0,0.0,0,0,0,0,1.0,0.6593,0.2563,0.5265,-0.5791,100.0,1,0
LJ500_R067_C084,67,84,703250,9534750,3500,3000,2023,11,2023-11,59,1.0,0,0.0,0.0,0.0,0,0,0,0,1.0,0.6531,0.2712,0.5385,-0.5731,100.0,1,0
LJ500_R067_C085,67,85,703750,9534750,4000,3000,2023,11,2023-11,59,1.0,0,0.0,0.0,0.0,0,0,0,0,1.0,0.6823,0.2773,0.5516,-0.5991,87.2,1,0
LJ500_R067_C086,67,86,704250,9534750,4500,3000,2023,11,2023-11,59,1.0,0,0.0,0.0,0.0,0,0,0,0,1.0,0.6965,0.2906,0.5617,-0.6148,2.4,1,0
LJ500_R068_C077,68,77,699750,9535250,0,3500,2023,11,2023-11,59,0.065,0,0.935,0.0,0.0,0,0,0,0,1.0,,,,,0.0,1,1
LJ500_R068_C078,68,78,700250,9535250,500,3500,2023,11,2023-11,59,0.7525,0,0.2475,0.0,0.0,0,0,0,0,1.0,,,,,0.0,1,1
LJ500_R068_C079,68,79,700750,9535250,1000,3500,2023,11,2023-11,59,1.0,0,0.0,0.0,0.0,0,0,0,0,1.0,,,,,0.0,1,1
LJ500_R068_C080,68,80,701250,9535250,1500,3500,2023,11,2023-11,59,0.8923,0,0.1077,0.0,0.0,0,0,0,0,1.0,,,,,0.0,1,1
LJ500_R068_C081,68,81,701750,9535250,2000,3500,2023,11,2023-11,59,0.6646,0,0.0767,0.0,0.2586,0,0,0,0,1.0,0.5918,0.2425,0.4954,-0.5146,16.64,1,0
LJ500_R068_C082,68,82,702250,9535250,2500,3500,2023,11,2023-11,59,0.9399,0,0.0601,0.0,0.0,0,0,0,0,1.0,0.6659,0.3237,0.5754,-0.5801,22.88,1,0
LJ500_R068_C083,68,83,702750,9535250,3000,3500,2023,11,2023-11,59,1.0,0,0.0,0.0,0.0,0,0,0,0,1.0,0.6994,0.3583,0.6095,-0.6144,38.08,1,0
LJ500_R068_C084,68,84,703250,9535250,3500,3500,2023,11,2023-11,59,1.0,0,0.0,0.0,0.0,0,0,0,0,1.0,0.6473,0.3238,0.577,-0.5652,45.12,1,0
LJ500_R068_C085,68,85,703750,9535250,4000,3500,2023,11,2023-11,59,1.0,0,0.0,0.0,0.0,0,0,0,0,1.0,,,,,0.0,1,1
LJ500_R068_C086,68,86,704250,9535250,4500,3500,2023,11,2023-11,59,1.0,0,0.0,0.0,0.0,0,0,0,0,1.0,,,,,0.0,1,1
LJ500_R069_C077,69,77,699750,9535750,0,4000,2023,11,2023-11,59,0.0,0,0.9574,0.0426,0.0,0,0,0,0,1.0,,,,,0.0,1,1
LJ500_R069_C078,69,78,700250,9535750,500,4000,2023,11,2023-11,59,0.4139,0,0.5115,0.0746,0.0,0,0,0,0,1.0,,,,,0.0,1,1
LJ500_R069_C079,69,79,700750,9535750,1000,4000,2023,11,2023-11,59,0.6432,0,0.3568,0.0,0.0,0,0,0,0,1.0,,,,,0.0,1,1
LJ500_R069_C080,69,80,701250,9535750,1500,4000,2023,11,2023-11,59,0.8514,0,0.1486,0.0,0.0,0,0,0,0,1.0,,,,,0.0,1,1
LJ500_R069_C081,69,81,701750,9535750,2000,4000,2023,11,2023-11,59,1.0,0,0.0,0.0,0.0,0,0,0,0,1.0,,,,,0.0,1,1
LJ500_R069_C082,69,82,702250,9535750,2500,4000,2023,11,2023-11,59,1.0,0,0.0,0.0,0.0,0,0,0,0,1.0,,,,,0.0,1,1
LJ500_R069_C083,69,83,702750,9535750,3000,4000,2023,11,2023-11,59,1.0,0,0.0,0.0,0.0,0,0,0,0,1.0,,,,,0.0,1,1
LJ500_R069_C084,69,84,703250,9535750,3500,4000,2023,11,2023-11,59,1.0,0,0.0,0.0,0.0,0,0,0,0,1.0,,,,,0.0,1,1
LJ500_R069_C085,69,85,703750,9535750,4000,4000,2023,11,2023-11,59,1.0,0,0.0,0.0,0.0,0,0,0,0,1.0,,,,,0.0,1,1
LJ500_R069_C086,69,86,704250,9535750,4500,4000,2023,11,2023-11,59,1.0,0,0.0,0.0,0.0,0,0,0,0,1.0,,,,,0.0,1,1
LJ500_R070_C077,70,77,699750,9536250,0,4500,2023,11,2023-11,59,0.0,0,0.3423,0.4553,0.2024,0,0,0,0,1.0,,,,,0.0,1,1
LJ500_R070_C078,70,78,700250,9536250,500,4500,2023,11,2023-11,59,0.0,0,0.3908,0.6092,0.0,0,0,0,0,1.0,,,,,0.0,1,1
LJ500_R070_C079,70,79,700750,9536250,1000,4500,2023,11,2023-11,59,0.2082,0,0.7834,0.0084,0.0,0,0,0,0,1.0,,,,,0.0,1,1
LJ500_R070_C080,70,80,701250,9536250,1500,4500,2023,11,2023-11,59,0.2813,0,0.7187,0.0,0.0,0,0,0,0,1.0,,,,,0.0,1,1
LJ500_R070_C081,70,81,701750,9536250,2000,4500,2023,11,2023-11,59,0.9197,0,0.0803,0.0,0.0,0,0,0,0,1.0,,,,,0.0,1,1
LJ500_R070_C082,70,82,702250,9536250,2500,4500,2023,11,2023-11,59,1.0,0,0.0,0.0,0.0,0,0,0,0,1.0,,,,,0.0,1,1
LJ500_R070_C083,70,83,702750,9536250,3000,4500,2023,11,2023-11,59,1.0,0,0.0,0.0,0.0,0,0,0,0,1.0,,,,,0.0,1,1
LJ500_R070_C084,70,84,703250,9536250,3500,4500,2023,11,2023-11,59,0.9943,0,0.0057,0.0,0.0,0,0,0,0,1.0,,,,,0.0,1,1
LJ500_R070_C085,70,85,703750,9536250,4000,4500,2023,11,2023-11,59,1.0,0,0.0,0.0,0.0,0,0,0,0,1.0,,,,,0.0,1,1
LJ500_R070_C086,70,86,704250,9536250,4500,4500,2023,11,2023-11,59,1.0,0,0.0,0.0,0.0,0,0,0,0,1.0,,,,,0.0,1,1
LJ500_R061_C077,61,77,699750,9531750,0,0,2023,12,2023-12,60,0.0,0,1.0,0.0,0.0,0,0,0,0,1.0,0.7126,0.1485,0.4125,-0.6462,100.0,1,0
LJ500_R061_C078,61,78,700250,9531750,500,0,2023,12,2023-12,60,0.0,0,0.9516,0.0,0.0484,0,0,0,0,1.0,0.6758,0.1142,0.3721,-0.6208,100.0,1,0
LJ500_R061_C079,61,79,700750,9531750,1000,0,2023,12,2023-12,60,0.0,0,0.906,0.0,0.094,0,0,0,0,1.0,0.7156,0.1563,0.4286,-0.6536,100.0,1,0
LJ500_R061_C080,61,80,701250,9531750,1500,0,2023,12,2023-12,60,0.1714,0,0.8229,0.0,0.0057,0,0,0,0,1.0,0.6833,0.1393,0.4086,-0.6266,100.0,1,0
LJ500_R061_C081,61,81,701750,9531750,2000,0,2023,12,2023-12,60,0.0,0,1.0,0.0,0.0,0,0,0,0,1.0,0.6504,0.1152,0.3847,-0.5952,100.0,1,0
LJ500_R061_C082,61,82,702250,9531750,2500,0,2023,12,2023-12,60,0.0618,0,0.9382,0.0,0.0,0,0,0,0,1.0,0.6759,0.1263,0.4055,-0.6211,100.0,1,0
LJ500_R061_C083,61,83,702750,9531750,3000,0,2023,12,2023-12,60,0.5343,0,0.3633,0.1024,0.0,0,0,0,0,1.0,0.7507,0.2072,0.4973,-0.6673,100.0,1,0
LJ500_R061_C084,61,84,703250,9531750,3500,0,2023,12,2023-12,60,0.7729,0,0.0,0.2271,0.0,0,0,0,0,1.0,0.7349,0.1899,0.4866,-0.6748,100.0,1,0
LJ500_R061_C085,61,85,703750,9531750,4000,0,2023,12,2023-12,60,0.709,0,0.291,0.0,0.0,0,0,0,0,1.0,0.7778,0.2393,0.5407,-0.7048,100.0,1,0
LJ500_R061_C086,61,86,704250,9531750,4500,0,2023,12,2023-12,60,1.0,0,0.0,0.0,0.0,0,0,0,0,1.0,0.727,0.2088,0.5002,-0.6551,100.0,1,0
LJ500_R062_C077,62,77,699750,9532250,0,500,2023,12,2023-12,60,0.0,0,0.7197,0.0,0.2803,0,0,0,0,1.0,0.6311,0.0704,0.3146,-0.5969,100.0,1,0
LJ500_R062_C078,62,78,700250,9532250,500,500,2023,12,2023-12,60,0.0,0,0.5947,0.0,0.4053,0,0,0,0,1.0,0.6305,0.0737,0.3189,-0.5977,100.0,1,0
LJ500_R062_C079,62,79,700750,9532250,1000,500,2023,12,2023-12,60,0.0,0,0.771,0.0,0.229,0,0,0,0,1.0,0.641,0.06,0.3192,-0.5987,100.0,1,0
LJ500_R062_C080,62,80,701250,9532250,1500,500,2023,12,2023-12,60,0.235,0,0.6379,0.0,0.1271,0,0,0,0,1.0,0.6043,0.0448,0.3001,-0.5897,100.0,1,0
LJ500_R062_C081,62,81,701750,9532250,2000,500,2023,12,2023-12,60,0.0684,0,0.7378,0.0,0.1938,0,0,0,0,1.0,0.6821,0.1216,0.3959,-0.6369,100.0,1,0
LJ500_R062_C082,62,82,702250,9532250,2500,500,2023,12,2023-12,60,0.0973,0,0.9027,0.0,0.0,0,0,0,0,1.0,0.6988,0.1612,0.4422,-0.6401,95.68,1,0
LJ500_R062_C083,62,83,702750,9532250,3000,500,2023,12,2023-12,60,0.0473,0,0.9507,0.0019,0.0,0,0,0,0,1.0,0.6881,0.1724,0.4552,-0.624,99.04,1,0
LJ500_R062_C084,62,84,703250,9532250,3500,500,2023,12,2023-12,60,0.2757,0,0.7209,0.0034,0.0,0,0,0,0,1.0,0.7049,0.1922,0.4756,-0.6338,91.84,1,0
LJ500_R062_C085,62,85,703750,9532250,4000,500,2023,12,2023-12,60,0.0588,0,0.9412,0.0,0.0,0,0,0,0,1.0,0.6933,0.1725,0.4558,-0.626,100.0,1,0
LJ500_R062_C086,62,86,704250,9532250,4500,500,2023,12,2023-12,60,0.7611,0,0.2389,0.0,0.0,0,0,0,0,1.0,0.7274,0.2067,0.5007,-0.6498,100.0,1,0
LJ500_R063_C077,63,77,699750,9532750,0,1000,2023,12,2023-12,60,0.0,0,0.1158,0.0,0.8842,0,0,0,0,1.0,0.4786,-0.0353,0.1816,-0.4946,100.0,1,0
LJ500_R063_C078,63,78,700250,9532750,500,1000,2023,12,2023-12,60,0.0328,0,0.3431,0.0,0.624,0,0,0,0,1.0,0.595,0.0344,0.2802,-0.5863,100.0,1,0
LJ500_R063_C079,63,79,700750,9532750,1000,1000,2023,12,2023-12,60,0.2883,0,0.3768,0.0,0.3349,0,0,0,0,1.0,0.5625,0.0018,0.24,-0.555,100.0,1,0
LJ500_R063_C080,63,80,701250,9532750,1500,1000,2023,12,2023-12,60,0.1673,0,0.4746,0.0,0.358,0,0,0,0,1.0,0.5537,-0.0088,0.2465,-0.5598,100.0,1,0
LJ500_R063_C081,63,81,701750,9532750,2000,1000,2023,12,2023-12,60,0.0165,0,0.5433,0.0,0.4402,0,0,0,0,1.0,0.6144,0.0517,0.3228,-0.5864,100.0,1,0
LJ500_R063_C082,63,82,702250,9532750,2500,1000,2023,12,2023-12,60,0.6742,0,0.2142,0.0,0.1117,0,0,0,0,1.0,0.6728,0.1385,0.433,-0.603,62.88,1,0
LJ500_R063_C083,63,83,702750,9532750,3000,1000,2023,12,2023-12,60,0.2059,0,0.7941,0.0,0.0,0,0,0,0,1.0,0.6802,0.151,0.4357,-0.6199,74.24,1,0
LJ500_R063_C084,63,84,703250,9532750,3500,1000,2023,12,2023-12,60,0.2973,0,0.7027,0.0,0.0,0,0,0,0,1.0,0.73,0.1735,0.4617,-0.6588,87.36,1,0
LJ500_R063_C085,63,85,703750,9532750,4000,1000,2023,12,2023-12,60,0.1462,0,0.8538,0.0,0.0,0,0,0,0,1.0,0.7204,0.2054,0.4909,-0.6461,100.0,1,0
LJ500_R063_C086,63,86,704250,9532750,4500,1000,2023,12,2023-12,60,0.3435,0,0.6565,0.0,0.0,0,0,0,0,1.0,0.7374,0.2493,0.535,-0.6542,100.0,1,0
LJ500_R064_C077,64,77,699750,9533250,0,1500,2023,12,2023-12,60,0.3887,0,0.3116,0.0,0.2997,0,0,0,0,1.0,0.6685,0.1143,0.375,-0.6178,100.0,1,0
LJ500_R064_C078,64,78,700250,9533250,500,1500,2023,12,2023-12,60,0.5382,0,0.082,0.0,0.3799,0,0,0,0,1.0,0.6391,0.0789,0.342,-0.6007,100.0,1,0
LJ500_R064_C079,64,79,700750,9533250,1000,1500,2023,12,2023-12,60,0.4384,0,0.1474,0.0,0.4142,0,0,0,0,1.0,0.5736,-0.0197,0.2339,-0.5766,100.0,1,0
LJ500_R064_C080,64,80,701250,9533250,1500,1500,2023,12,2023-12,60,0.5951,0,0.4049,0.0,0.0,0,0,0,0,1.0,0.6698,0.0951,0.372,-0.6241,100.0,1,0
LJ500_R064_C081,64,81,701750,9533250,2000,1500,2023,12,2023-12,60,0.5997,0,0.181,0.0,0.2193,0,0,0,0,1.0,0.7181,0.1386,0.4203,-0.6514,100.0,1,0
LJ500_R064_C082,64,82,702250,9533250,2500,1500,2023,12,2023-12,60,0.7276,0,0.2724,0.0,0.0,0,0,0,0,1.0,0.7017,0.1304,0.4231,-0.6348,100.0,1,0
LJ500_R064_C083,64,83,702750,9533250,3000,1500,2023,12,2023-12,60,0.566,0,0.203,0.0,0.231,0,0,0,0,1.0,0.7152,0.1307,0.4341,-0.6548,100.0,1,0
LJ500_R064_C084,64,84,703250,9533250,3500,1500,2023,12,2023-12,60,0.235,0,0.7298,0.0,0.0352,0,0,0,0,1.0,0.7354,0.178,0.472,-0.6569,100.0,1,0
LJ500_R064_C085,64,85,703750,9533250,4000,1500,2023,12,2023-12,60,0.5109,0,0.4891,0.0,0.0,0,0,0,0,1.0,0.7168,0.1665,0.4574,-0.6404,100.0,1,0
LJ500_R064_C086,64,86,704250,9533250,4500,1500,2023,12,2023-12,60,0.748,0,0.252,0.0,0.0,0,0,0,0,1.0,0.682,0.1337,0.4184,-0.6305,100.0,1,0
LJ500_R065_C077,65,77,699750,9533750,0,2000,2023,12,2023-12,60,0.312,0,0.4033,0.0,0.2847,0,0,0,0,1.0,0.6666,0.1219,0.3859,-0.6083,100.0,1,0
LJ500_R065_C078,65,78,700250,9533750,500,2000,2023,12,2023-12,60,0.5913,0,0.4071,0.0,0.0016,0,0,0,0,1.0,0.6432,0.1015,0.349,-0.5968,100.0,1,0
LJ500_R065_C079,65,79,700750,9533750,1000,2000,2023,12,2023-12,60,0.3219,0,0.6781,0.0,0.0,0,0,0,0,1.0,0.5534,-0.0197,0.1779,-0.5368,100.0,1,0
LJ500_R065_C080,65,80,701250,9533750,1500,2000,2023,12,2023-12,60,0.8266,0,0.1734,0.0,0.0,0,0,0,0,1.0,0.7631,0.1529,0.4488,-0.6799,100.0,1,0
LJ500_R065_C081,65,81,701750,9533750,2000,2000,2023,12,2023-12,60,0.9017,0,0.0983,0.0,0.0,0,0,0,0,1.0,0.723,0.1441,0.4295,-0.6536,100.0,1,0
LJ500_R065_C082,65,82,702250,9533750,2500,2000,2023,12,2023-12,60,0.7327,0,0.2673,0.0,0.0,0,0,0,0,1.0,0.7355,0.1491,0.4479,-0.6623,100.0,1,0
LJ500_R065_C083,65,83,702750,9533750,3000,2000,2023,12,2023-12,60,0.7802,0,0.1368,0.0,0.083,0,0,0,0,1.0,0.753,0.1603,0.4583,-0.6696,100.0,1,0
LJ500_R065_C084,65,84,703250,9533750,3500,2000,2023,12,2023-12,60,0.3229,0,0.6771,0.0,0.0,0,0,0,0,1.0,0.724,0.1423,0.4391,-0.6531,100.0,1,0
LJ500_R065_C085,65,85,703750,9533750,4000,2000,2023,12,2023-12,60,0.0167,0,0.9833,0.0,0.0,0,0,0,0,1.0,0.6576,0.1116,0.3946,-0.6004,100.0,1,0
LJ500_R065_C086,65,86,704250,9533750,4500,2000,2023,12,2023-12,60,0.7821,0,0.2179,0.0,0.0,0,0,0,0,1.0,0.7239,0.2064,0.495,-0.6537,100.0,1,0
LJ500_R066_C077,66,77,699750,9534250,0,2500,2023,12,2023-12,60,0.5018,0,0.3517,0.0,0.1465,0,0,0,0,1.0,0.5508,0.0122,0.2064,-0.537,100.0,1,0
LJ500_R066_C078,66,78,700250,9534250,500,2500,2023,12,2023-12,60,0.1232,0,0.8768,0.0,0.0,0,0,0,0,1.0,0.4095,-0.0806,0.0465,-0.418,86.56,1,0
LJ500_R066_C079,66,79,700750,9534250,1000,2500,2023,12,2023-12,60,0.3332,0,0.6668,0.0,0.0,0,0,0,0,1.0,0.537,-0.0294,0.1474,-0.5209,32.64,1,0
LJ500_R066_C080,66,80,701250,9534250,1500,2500,2023,12,2023-12,60,0.9149,0,0.0851,0.0,0.0,0,0,0,0,1.0,0.7199,0.1752,0.4633,-0.6491,69.6,1,0
LJ500_R066_C081,66,81,701750,9534250,2000,2500,2023,12,2023-12,60,0.7037,0,0.2963,0.0,0.0,0,0,0,0,1.0,0.7111,0.1693,0.4558,-0.6457,100.0,1,0
LJ500_R066_C082,66,82,702250,9534250,2500,2500,2023,12,2023-12,60,0.6772,0,0.3228,0.0,0.0,0,0,0,0,1.0,0.7336,0.1802,0.4677,-0.6597,100.0,1,0
LJ500_R066_C083,66,83,702750,9534250,3000,2500,2023,12,2023-12,60,0.6289,0,0.3711,0.0,0.0,0,0,0,0,1.0,0.7309,0.1531,0.4456,-0.6582,100.0,1,0
LJ500_R066_C084,66,84,703250,9534250,3500,2500,2023,12,2023-12,60,0.7305,0,0.2695,0.0,0.0,0,0,0,0,1.0,0.6915,0.1316,0.4198,-0.623,100.0,1,0
LJ500_R066_C085,66,85,703750,9534250,4000,2500,2023,12,2023-12,60,0.7865,0,0.2135,0.0,0.0,0,0,0,0,1.0,0.7156,0.1994,0.4939,-0.6395,100.0,1,0
LJ500_R066_C086,66,86,704250,9534250,4500,2500,2023,12,2023-12,60,1.0,0,0.0,0.0,0.0,0,0,0,0,1.0,0.745,0.2372,0.5293,-0.6583,100.0,1,0
LJ500_R067_C077,67,77,699750,9534750,0,3000,2023,12,2023-12,60,0.7165,0,0.2835,0.0,0.0,0,0,0,0,1.0,0.4017,-0.1501,-0.0449,-0.4418,100.0,1,0
LJ500_R067_C078,67,78,700250,9534750,500,3000,2023,12,2023-12,60,0.8229,0,0.1771,0.0,0.0,0,0,0,0,1.0,0.4056,-0.1243,-0.0206,-0.412,71.2,1,0
LJ500_R067_C079,67,79,700750,9534750,1000,3000,2023,12,2023-12,60,0.9659,0,0.0341,0.0,0.0,0,0,0,0,1.0,,,,,0.0,1,1
LJ500_R067_C080,67,80,701250,9534750,1500,3000,2023,12,2023-12,60,0.8944,0,0.1056,0.0,0.0,0,0,0,0,1.0,0.5999,0.1031,0.3607,-0.551,4.64,1,0
LJ500_R067_C081,67,81,701750,9534750,2000,3000,2023,12,2023-12,60,0.7989,0,0.1897,0.0,0.0114,0,0,0,0,1.0,0.689,0.202,0.4731,-0.6239,92.96,1,0
LJ500_R067_C082,67,82,702250,9534750,2500,3000,2023,12,2023-12,60,1.0,0,0.0,0.0,0.0,0,0,0,0,1.0,0.7227,0.2109,0.4955,-0.649,71.68,1,0
LJ500_R067_C083,67,83,702750,9534750,3000,3000,2023,12,2023-12,60,1.0,0,0.0,0.0,0.0,0,0,0,0,1.0,0.7465,0.2353,0.5235,-0.6678,100.0,1,0
LJ500_R067_C084,67,84,703250,9534750,3500,3000,2023,12,2023-12,60,1.0,0,0.0,0.0,0.0,0,0,0,0,1.0,0.7327,0.2455,0.5307,-0.6547,100.0,1,0
LJ500_R067_C085,67,85,703750,9534750,4000,3000,2023,12,2023-12,60,1.0,0,0.0,0.0,0.0,0,0,0,0,1.0,0.7558,0.2628,0.5583,-0.6711,100.0,1,0
LJ500_R067_C086,67,86,704250,9534750,4500,3000,2023,12,2023-12,60,1.0,0,0.0,0.0,0.0,0,0,0,0,1.0,0.7437,0.2718,0.5565,-0.6623,100.0,1,0
LJ500_R068_C077,68,77,699750,9535250,0,3500,2023,12,2023-12,60,0.065,0,0.935,0.0,0.0,0,0,0,0,1.0,0.4844,0.0072,0.1556,-0.4761,99.68,1,0
LJ500_R068_C078,68,78,700250,9535250,500,3500,2023,12,2023-12,60,0.7525,0,0.2475,0.0,0.0,0,0,0,0,1.0,0.701,0.1715,0.4334,-0.6154,59.52,1,0
LJ500_R068_C079,68,79,700750,9535250,1000,3500,2023,12,2023-12,60,1.0,0,0.0,0.0,0.0,0,0,0,0,1.0,0.7605,0.2364,0.5148,-0.6552,8.96,1,0
LJ500_R068_C080,68,80,701250,9535250,1500,3500,2023,12,2023-12,60,0.8923,0,0.1077,0.0,0.0,0,0,0,0,1.0,0.6461,0.2187,0.4884,-0.5801,0.48,1,0
LJ500_R068_C081,68,81,701750,9535250,2000,3500,2023,12,2023-12,60,0.6646,0,0.0767,0.0,0.2586,0,0,0,0,1.0,0.5873,0.1546,0.4078,-0.5426,35.68,1,0
LJ500_R068_C082,68,82,702250,9535250,2500,3500,2023,12,2023-12,60,0.9399,0,0.0601,0.0,0.0,0,0,0,0,1.0,0.7175,0.2728,0.5484,-0.6321,6.08,1,0
LJ500_R068_C083,68,83,702750,9535250,3000,3500,2023,12,2023-12,60,1.0,0,0.0,0.0,0.0,0,0,0,0,1.0,0.7741,0.3514,0.6242,-0.6917,100.0,1,0
LJ500_R068_C084,68,84,703250,9535250,3500,3500,2023,12,2023-12,60,1.0,0,0.0,0.0,0.0,0,0,0,0,1.0,0.7639,0.3398,0.6174,-0.6834,100.0,1,0
LJ500_R068_C085,68,85,703750,9535250,4000,3500,2023,12,2023-12,60,1.0,0,0.0,0.0,0.0,0,0,0,0,1.0,0.7789,0.3706,0.6495,-0.693,100.0,1,0
LJ500_R068_C086,68,86,704250,9535250,4500,3500,2023,12,2023-12,60,1.0,0,0.0,0.0,0.0,0,0,0,0,1.0,0.7617,0.3368,0.618,-0.6788,100.0,1,0
LJ500_R069_C077,69,77,699750,9535750,0,4000,2023,12,2023-12,60,0.0,0,0.9574,0.0426,0.0,0,0,0,0,1.0,0.223,-0.2991,-0.2778,-0.3004,100.0,1,0
LJ500_R069_C078,69,78,700250,9535750,500,4000,2023,12,2023-12,60,0.4139,0,0.5115,0.0746,0.0,0,0,0,0,1.0,0.3686,-0.1773,-0.08,-0.4149,98.72,1,0
LJ500_R069_C079,69,79,700750,9535750,1000,4000,2023,12,2023-12,60,0.6432,0,0.3568,0.0,0.0,0,0,0,0,1.0,0.4048,-0.0205,0.133,-0.3948,20.48,1,0
LJ500_R069_C080,69,80,701250,9535750,1500,4000,2023,12,2023-12,60,0.8514,0,0.1486,0.0,0.0,0,0,0,0,1.0,0.6041,0.179,0.4263,-0.5474,53.28,1,0
LJ500_R069_C081,69,81,701750,9535750,2000,4000,2023,12,2023-12,60,1.0,0,0.0,0.0,0.0,0,0,0,0,1.0,0.6734,0.2214,0.4862,-0.5993,89.6,1,0
LJ500_R069_C082,69,82,702250,9535750,2500,4000,2023,12,2023-12,60,1.0,0,0.0,0.0,0.0,0,0,0,0,1.0,0.7254,0.2195,0.5018,-0.6413,93.76,1,0
LJ500_R069_C083,69,83,702750,9535750,3000,4000,2023,12,2023-12,60,1.0,0,0.0,0.0,0.0,0,0,0,0,1.0,0.7501,0.3009,0.5828,-0.665,100.0,1,0
LJ500_R069_C084,69,84,703250,9535750,3500,4000,2023,12,2023-12,60,1.0,0,0.0,0.0,0.0,0,0,0,0,1.0,0.7252,0.2972,0.5657,-0.6485,100.0,1,0
LJ500_R069_C085,69,85,703750,9535750,4000,4000,2023,12,2023-12,60,1.0,0,0.0,0.0,0.0,0,0,0,0,1.0,0.7403,0.3045,0.5852,-0.6566,100.0,1,0
LJ500_R069_C086,69,86,704250,9535750,4500,4000,2023,12,2023-12,60,1.0,0,0.0,0.0,0.0,0,0,0,0,1.0,0.7077,0.2588,0.5438,-0.6272,100.0,1,0
LJ500_R070_C077,70,77,699750,9536250,0,4500,2023,12,2023-12,60,0.0,0,0.3423,0.4553,0.2024,0,0,0,0,1.0,0.2658,-0.1794,-0.0811,-0.3603,87.84,1,0
LJ500_R070_C078,70,78,700250,9536250,500,4500,2023,12,2023-12,60,0.0,0,0.3908,0.6092,0.0,0,0,0,0,1.0,0.2904,-0.1142,0.0059,-0.3491,25.12,1,0
LJ500_R070_C079,70,79,700750,9536250,1000,4500,2023,12,2023-12,60,0.2082,0,0.7834,0.0084,0.0,0,0,0,0,1.0,0.6119,0.13,0.3764,-0.5473,27.84,1,0
LJ500_R070_C080,70,80,701250,9536250,1500,4500,2023,12,2023-12,60,0.2813,0,0.7187,0.0,0.0,0,0,0,0,1.0,0.6443,0.1298,0.3963,-0.5833,97.28,1,0
LJ500_R070_C081,70,81,701750,9536250,2000,4500,2023,12,2023-12,60,0.9197,0,0.0803,0.0,0.0,0,0,0,0,1.0,0.6993,0.1848,0.4655,-0.6201,100.0,1,0
LJ500_R070_C082,70,82,702250,9536250,2500,4500,2023,12,2023-12,60,1.0,0,0.0,0.0,0.0,0,0,0,0,1.0,0.6816,0.1797,0.4553,-0.6018,100.0,1,0
LJ500_R070_C083,70,83,702750,9536250,3000,4500,2023,12,2023-12,60,1.0,0,0.0,0.0,0.0,0,0,0,0,1.0,0.7221,0.2198,0.5022,-0.6434,100.0,1,0
LJ500_R070_C084,70,84,703250,9536250,3500,4500,2023,12,2023-12,60,0.9943,0,0.0057,0.0,0.0,0,0,0,0,1.0,0.7239,0.2582,0.5361,-0.6466,100.0,1,0
LJ500_R070_C085,70,85,703750,9536250,4000,4500,2023,12,2023-12,60,1.0,0,0.0,0.0,0.0,0,0,0,0,1.0,0.6877,0.2776,0.5336,-0.6185,100.0,1,0
LJ500_R070_C086,70,86,704250,9536250,4500,4500,2023,12,2023-12,60,1.0,0,0.0,0.0,0.0,0,0,0,0,1.0,0.7435,0.3176,0.5957,-0.6543,100.0,1,0
LJ500_R061_C077,61,77,699750,9531750,0,0,2024,1,2024-01,61,0.0,0,1.0,0.0,0.0,0,0,0,0,1.0,,,,,0.0,1,1
LJ500_R061_C078,61,78,700250,9531750,500,0,2024,1,2024-01,61,0.0,0,0.9516,0.0,0.0484,0,0,0,0,1.0,0.6168,0.1701,0.4603,-0.5474,17.28,1,0
LJ500_R061_C079,61,79,700750,9531750,1000,0,2024,1,2024-01,61,0.0,0,0.906,0.0,0.094,0,0,0,0,1.0,0.7807,0.2569,0.5392,-0.6927,8.32,1,0
LJ500_R061_C080,61,80,701250,9531750,1500,0,2024,1,2024-01,61,0.1714,0,0.8229,0.0,0.0057,0,0,0,0,1.0,,,,,0.0,1,1
LJ500_R061_C081,61,81,701750,9531750,2000,0,2024,1,2024-01,61,0.0,0,1.0,0.0,0.0,0,0,0,0,1.0,0.6492,0.1611,0.4298,-0.5747,3.36,1,0
LJ500_R061_C082,61,82,702250,9531750,2500,0,2024,1,2024-01,61,0.0618,0,0.9382,0.0,0.0,0,0,0,0,1.0,0.6424,0.1653,0.4318,-0.5418,19.36,1,0
LJ500_R061_C083,61,83,702750,9531750,3000,0,2024,1,2024-01,61,0.5343,0,0.3633,0.1024,0.0,0,0,0,0,1.0,0.7484,0.2388,0.5346,-0.6294,16.64,1,0
LJ500_R061_C084,61,84,703250,9531750,3500,0,2024,1,2024-01,61,0.7729,0,0.0,0.2271,0.0,0,0,0,0,1.0,,,,,0.0,1,1
LJ500_R061_C085,61,85,703750,9531750,4000,0,2024,1,2024-01,61,0.709,0,0.291,0.0,0.0,0,0,0,0,1.0,,,,,0.0,1,1
LJ500_R061_C086,61,86,704250,9531750,4500,0,2024,1,2024-01,61,1.0,0,0.0,0.0,0.0,0,0,0,0,1.0,,,,,0.0,1,1
LJ500_R062_C077,62,77,699750,9532250,0,500,2024,1,2024-01,61,0.0,0,0.7197,0.0,0.2803,0,0,0,0,1.0,0.549,0.0636,0.3244,-0.5111,2.08,1,0
LJ500_R062_C078,62,78,700250,9532250,500,500,2024,1,2024-01,61,0.0,0,0.5947,0.0,0.4053,0,0,0,0,1.0,0.4787,-0.0034,0.2311,-0.4829,2.72,1,0
LJ500_R062_C079,62,79,700750,9532250,1000,500,2024,1,2024-01,61,0.0,0,0.771,0.0,0.229,0,0,0,0,1.0,0.4249,0.0498,0.2606,-0.3948,0.8,1,0
LJ500_R062_C080,62,80,701250,9532250,1500,500,2024,1,2024-01,61,0.235,0,0.6379,0.0,0.1271,0,0,0,0,1.0,0.651,0.1526,0.4318,-0.5782,5.44,1,0
LJ500_R062_C081,62,81,701750,9532250,2000,500,2024,1,2024-01,61,0.0684,0,0.7378,0.0,0.1938,0,0,0,0,1.0,0.6598,0.1199,0.3901,-0.5993,35.52,1,0
LJ500_R062_C082,62,82,702250,9532250,2500,500,2024,1,2024-01,61,0.0973,0,0.9027,0.0,0.0,0,0,0,0,1.0,0.6154,0.1523,0.4062,-0.5343,64.96,1,0
LJ500_R062_C083,62,83,702750,9532250,3000,500,2024,1,2024-01,61,0.0473,0,0.9507,0.0019,0.0,0,0,0,0,1.0,0.6599,0.1871,0.4572,-0.5713,34.88,1,0
LJ500_R062_C084,62,84,703250,9532250,3500,500,2024,1,2024-01,61,0.2757,0,0.7209,0.0034,0.0,0,0,0,0,1.0,,,,,0.0,1,1
LJ500_R062_C085,62,85,703750,9532250,4000,500,2024,1,2024-01,61,0.0588,0,0.9412,0.0,0.0,0,0,0,0,1.0,,,,,0.0,1,1
LJ500_R062_C086,62,86,704250,9532250,4500,500,2024,1,2024-01,61,0.7611,0,0.2389,0.0,0.0,0,0,0,0,1.0,,,,,0.0,1,1
LJ500_R063_C077,63,77,699750,9532750,0,1000,2024,1,2024-01,61,0.0,0,0.1158,0.0,0.8842,0,0,0,0,1.0,0.4396,0.0405,0.2677,-0.437,8.48,1,0
LJ500_R063_C078,63,78,700250,9532750,500,1000,2024,1,2024-01,61,0.0328,0,0.3431,0.0,0.624,0,0,0,0,1.0,0.4949,0.0515,0.2914,-0.4766,3.04,1,0
LJ500_R063_C079,63,79,700750,9532750,1000,1000,2024,1,2024-01,61,0.2883,0,0.3768,0.0,0.3349,0,0,0,0,1.0,0.5059,0.0154,0.2697,-0.4916,19.52,1,0
LJ500_R063_C080,63,80,701250,9532750,1500,1000,2024,1,2024-01,61,0.1673,0,0.4746,0.0,0.358,0,0,0,0,1.0,0.5017,0.0098,0.2518,-0.5023,33.12,1,0
LJ500_R063_C081,63,81,701750,9532750,2000,1000,2024,1,2024-01,61,0.0165,0,0.5433,0.0,0.4402,0,0,0,0,1.0,0.6068,0.0546,0.3288,-0.5666,63.2,1,0
LJ500_R063_C082,63,82,702250,9532750,2500,1000,2024,1,2024-01,61,0.6742,0,0.2142,0.0,0.1117,0,0,0,0,1.0,0.6813,0.1675,0.4522,-0.5867,41.76,1,0
LJ500_R063_C083,63,83,702750,9532750,3000,1000,2024,1,2024-01,61,0.2059,0,0.7941,0.0,0.0,0,0,0,0,1.0,0.6825,0.2106,0.4926,-0.5827,20.96,1,0
LJ500_R063_C084,63,84,703250,9532750,3500,1000,2024,1,2024-01,61,0.2973,0,0.7027,0.0,0.0,0,0,0,0,1.0,,,,,0.0,1,1
LJ500_R063_C085,63,85,703750,9532750,4000,1000,2024,1,2024-01,61,0.1462,0,0.8538,0.0,0.0,0,0,0,0,1.0,,,,,0.0,1,1
LJ500_R063_C086,63,86,704250,9532750,4500,1000,2024,1,2024-01,61,0.3435,0,0.6565,0.0,0.0,0,0,0,0,1.0,,,,,0.0,1,1
LJ500_R064_C077,64,77,699750,9533250,0,1500,2024,1,2024-01,61,0.3887,0,0.3116,0.0,0.2997,0,0,0,0,1.0,0.443,0.0382,0.255,-0.4302,4.8,1,0
LJ500_R064_C078,64,78,700250,9533250,500,1500,2024,1,2024-01,61,0.5382,0,0.082,0.0,0.3799,0,0,0,0,1.0,0.6195,0.1436,0.4123,-0.5492,33.44,1,0
LJ500_R064_C079,64,79,700750,9533250,1000,1500,2024,1,2024-01,61,0.4384,0,0.1474,0.0,0.4142,0,0,0,0,1.0,0.5491,0.0135,0.2686,-0.5242,62.08,1,0
LJ500_R064_C080,64,80,701250,9533250,1500,1500,2024,1,2024-01,61,0.5951,0,0.4049,0.0,0.0,0,0,0,0,1.0,0.6673,0.1265,0.4137,-0.6017,99.84,1,0
LJ500_R064_C081,64,81,701750,9533250,2000,1500,2024,1,2024-01,61,0.5997,0,0.181,0.0,0.2193,0,0,0,0,1.0,0.721,0.1761,0.4642,-0.6363,99.84,1,0
LJ500_R064_C082,64,82,702250,9533250,2500,1500,2024,1,2024-01,61,0.7276,0,0.2724,0.0,0.0,0,0,0,0,1.0,0.7062,0.1709,0.4703,-0.6191,61.28,1,0
LJ500_R064_C083,64,83,702750,9533250,3000,1500,2024,1,2024-01,61,0.566,0,0.203,0.0,0.231,0,0,0,0,1.0,0.723,0.1907,0.5045,-0.6392,11.36,1,0
LJ500_R064_C084,64,84,703250,9533250,3500,1500,2024,1,2024-01,61,0.235,0,0.7298,0.0,0.0352,0,0,0,0,1.0,,,,,0.0,1,1
LJ500_R064_C085,64,85,703750,9533250,4000,1500,2024,1,2024-01,61,0.5109,0,0.4891,0.0,0.0,0,0,0,0,1.0,,,,,0.0,1,1
LJ500_R064_C086,64,86,704250,9533250,4500,1500,2024,1,2024-01,61,0.748,0,0.252,0.0,0.0,0,0,0,0,1.0,,,,,0.0,1,1
LJ500_R065_C077,65,77,699750,9533750,0,2000,2024,1,2024-01,61,0.312,0,0.4033,0.0,0.2847,0,0,0,0,1.0,0.6465,0.1445,0.4117,-0.5802,15.04,1,0
LJ500_R065_C078,65,78,700250,9533750,500,2000,2024,1,2024-01,61,0.5913,0,0.4071,0.0,0.0016,0,0,0,0,1.0,0.66,0.1589,0.4436,-0.5868,69.6,1,0
LJ500_R065_C079,65,79,700750,9533750,1000,2000,2024,1,2024-01,61,0.3219,0,0.6781,0.0,0.0,0,0,0,0,1.0,0.5736,0.0762,0.3264,-0.5193,36.48,1,0
LJ500_R065_C080,65,80,701250,9533750,1500,2000,2024,1,2024-01,61,0.8266,0,0.1734,0.0,0.0,0,0,0,0,1.0,0.755,0.2187,0.5178,-0.6572,90.24,1,0
LJ500_R065_C081,65,81,701750,9533750,2000,2000,2024,1,2024-01,61,0.9017,0,0.0983,0.0,0.0,0,0,0,0,1.0,0.7355,0.2503,0.5456,-0.6405,30.24,1,0
LJ500_R065_C082,65,82,702250,9533750,2500,2000,2024,1,2024-01,61,0.7327,0,0.2673,0.0,0.0,0,0,0,0,1.0,0.7519,0.2157,0.5194,-0.6561,44.16,1,0
LJ500_R065_C083,65,83,702750,9533750,3000,2000,2024,1,2024-01,61,0.7802,0,0.1368,0.0,0.083,0,0,0,0,1.0,0.7198,0.19,0.4882,-0.6347,19.52,1,0
LJ500_R065_C084,65,84,703250,9533750,3500,2000,2024,1,2024-01,61,0.3229,0,0.6771,0.0,0.0,0,0,0,0,1.0,,,,,0.0,1,1
LJ500_R065_C085,65,85,703750,9533750,4000,2000,2024,1,2024-01,61,0.0167,0,0.9833,0.0,0.0,0,0,0,0,1.0,0.5012,0.2115,0.4918,-0.4275,9.12,1,0
LJ500_R065_C086,65,86,704250,9533750,4500,2000,2024,1,2024-01,61,0.7821,0,0.2179,0.0,0.0,0,0,0,0,1.0,0.5657,0.3048,0.591,-0.4785,0.96,1,0
LJ500_R066_C077,66,77,699750,9534250,0,2500,2024,1,2024-01,61,0.5018,0,0.3517,0.0,0.1465,0,0,0,0,1.0,0.5455,0.063,0.2764,-0.4913,59.36,1,0
LJ500_R066_C078,66,78,700250,9534250,500,2500,2024,1,2024-01,61,0.1232,0,0.8768,0.0,0.0,0,0,0,0,1.0,0.3962,-0.0446,0.0984,-0.3596,16.64,1,0
LJ500_R066_C079,66,79,700750,9534250,1000,2500,2024,1,2024-01,61,0.3332,0,0.6668,0.0,0.0,0,0,0,0,1.0,0.6355,0.1243,0.3764,-0.5739,6.72,1,0
LJ500_R066_C080,66,80,701250,9534250,1500,2500,2024,1,2024-01,61,0.9149,0,0.0851,0.0,0.0,0,0,0,0,1.0,0.6682,0.1882,0.4684,-0.592,9.12,1,0
LJ500_R066_C081,66,81,701750,9534250,2000,2500,2024,1,2024-01,61,0.7037,0,0.2963,0.0,0.0,0,0,0,0,1.0,0.4726,0.0933,0.3301,-0.43,2.24,1,0
LJ500_R066_C082,66,82,702250,9534250,2500,2500,2024,1,2024-01,61,0.6772,0,0.3228,0.0,0.0,0,0,0,0,1.0,0.7129,0.2586,0.5348,-0.616,14.08,1,0
LJ500_R066_C083,66,83,702750,9534250,3000,2500,2024,1,2024-01,61,0.6289,0,0.3711,0.0,0.0,0,0,0,0,1.0,,,,,0.0,1,1
LJ500_R066_C084,66,84,703250,9534250,3500,2500,2024,1,2024-01,61,0.7305,0,0.2695,0.0,0.0,0,0,0,0,1.0,,,,,0.0,1,1
LJ500_R066_C085,66,85,703750,9534250,4000,2500,2024,1,2024-01,61,0.7865,0,0.2135,0.0,0.0,0,0,0,0,1.0,,,,,0.0,1,1
LJ500_R066_C086,66,86,704250,9534250,4500,2500,2024,1,2024-01,61,1.0,0,0.0,0.0,0.0,0,0,0,0,1.0,0.5997,0.3332,0.6147,-0.5043,13.28,1,0
LJ500_R067_C077,67,77,699750,9534750,0,3000,2024,1,2024-01,61,0.7165,0,0.2835,0.0,0.0,0,0,0,0,1.0,0.4669,-0.0252,0.1452,-0.4284,80.48,1,0
LJ500_R067_C078,67,78,700250,9534750,500,3000,2024,1,2024-01,61,0.8229,0,0.1771,0.0,0.0,0,0,0,0,1.0,0.4783,-0.0703,0.0772,-0.4284,14.56,1,0
LJ500_R067_C079,67,79,700750,9534750,1000,3000,2024,1,2024-01,61,0.9659,0,0.0341,0.0,0.0,0,0,0,0,1.0,,,,,0.0,1,1
LJ500_R067_C080,67,80,701250,9534750,1500,3000,2024,1,2024-01,61,0.8944,0,0.1056,0.0,0.0,0,0,0,0,1.0,0.6696,0.2677,0.5261,-0.5681,4.8,1,0
LJ500_R067_C081,67,81,701750,9534750,2000,3000,2024,1,2024-01,61,0.7989,0,0.1897,0.0,0.0114,0,0,0,0,1.0,0.6163,0.2338,0.4761,-0.5352,16.96,1,0
LJ500_R067_C082,67,82,702250,9534750,2500,3000,2024,1,2024-01,61,1.0,0,0.0,0.0,0.0,0,0,0,0,1.0,0.4931,0.1335,0.3639,-0.455,0.64,1,0
LJ500_R067_C083,67,83,702750,9534750,3000,3000,2024,1,2024-01,61,1.0,0,0.0,0.0,0.0,0,0,0,0,1.0,,,,,0.0,1,1
LJ500_R067_C084,67,84,703250,9534750,3500,3000,2024,1,2024-01,61,1.0,0,0.0,0.0,0.0,0,0,0,0,1.0,0.6617,0.3058,0.5433,-0.5737,0.48,1,0
LJ500_R067_C085,67,85,703750,9534750,4000,3000,2024,1,2024-01,61,1.0,0,0.0,0.0,0.0,0,0,0,0,1.0,,,,,0.0,1,1
LJ500_R067_C086,67,86,704250,9534750,4500,3000,2024,1,2024-01,61,1.0,0,0.0,0.0,0.0,0,0,0,0,1.0,0.5775,0.3203,0.6017,-0.486,5.76,1,0
LJ500_R068_C077,68,77,699750,9535250,0,3500,2024,1,2024-01,61,0.065,0,0.935,0.0,0.0,0,0,0,0,1.0,0.5954,0.1422,0.3615,-0.5235,67.2,1,0
LJ500_R068_C078,68,78,700250,9535250,500,3500,2024,1,2024-01,61,0.7525,0,0.2475,0.0,0.0,0,0,0,0,1.0,0.641,0.256,0.5418,-0.5426,56.0,1,0
LJ500_R068_C079,68,79,700750,9535250,1000,3500,2024,1,2024-01,61,1.0,0,0.0,0.0,0.0,0,0,0,0,1.0,0.6336,0.2746,0.5639,-0.5267,12.8,1,0
LJ500_R068_C080,68,80,701250,9535250,1500,3500,2024,1,2024-01,61,0.8923,0,0.1077,0.0,0.0,0,0,0,0,1.0,0.6517,0.2474,0.496,-0.5626,34.24,1,0
LJ500_R068_C081,68,81,701750,9535250,2000,3500,2024,1,2024-01,61,0.6646,0,0.0767,0.0,0.2586,0,0,0,0,1.0,,,,,0.0,1,1
LJ500_R068_C082,68,82,702250,9535250,2500,3500,2024,1,2024-01,61,0.9399,0,0.0601,0.0,0.0,0,0,0,0,1.0,,,,,0.0,1,1
LJ500_R068_C083,68,83,702750,9535250,3000,3500,2024,1,2024-01,61,1.0,0,0.0,0.0,0.0,0,0,0,0,1.0,,,,,0.0,1,1
LJ500_R068_C084,68,84,703250,9535250,3500,3500,2024,1,2024-01,61,1.0,0,0.0,0.0,0.0,0,0,0,0,1.0,0.6222,0.3225,0.5613,-0.5554,5.76,1,0
LJ500_R068_C085,68,85,703750,9535250,4000,3500,2024,1,2024-01,61,1.0,0,0.0,0.0,0.0,0,0,0,0,1.0,0.6398,0.3292,0.5663,-0.5679,20.8,1,0
LJ500_R068_C086,68,86,704250,9535250,4500,3500,2024,1,2024-01,61,1.0,0,0.0,0.0,0.0,0,0,0,0,1.0,,,,,0.0,1,1
LJ500_R069_C077,69,77,699750,9535750,0,4000,2024,1,2024-01,61,0.0,0,0.9574,0.0426,0.0,0,0,0,0,1.0,0.2771,-0.1863,-0.1212,-0.2887,100.0,1,0
LJ500_R069_C078,69,78,700250,9535750,500,4000,2024,1,2024-01,61,0.4139,0,0.5115,0.0746,0.0,0,0,0,0,1.0,0.4391,0.0137,0.19,-0.3979,100.0,1,0
LJ500_R069_C079,69,79,700750,9535750,1000,4000,2024,1,2024-01,61,0.6432,0,0.3568,0.0,0.0,0,0,0,0,1.0,0.4034,-0.0195,0.1092,-0.3504,25.12,1,0
LJ500_R069_C080,69,80,701250,9535750,1500,4000,2024,1,2024-01,61,0.8514,0,0.1486,0.0,0.0,0,0,0,0,1.0,0.6924,0.2457,0.5226,-0.5866,5.92,1,0
LJ500_R069_C081,69,81,701750,9535750,2000,4000,2024,1,2024-01,61,1.0,0,0.0,0.0,0.0,0,0,0,0,1.0,,,,,0.0,1,1
LJ500_R069_C082,69,82,702250,9535750,2500,4000,2024,1,2024-01,61,1.0,0,0.0,0.0,0.0,0,0,0,0,1.0,,,,,0.0,1,1
LJ500_R069_C083,69,83,702750,9535750,3000,4000,2024,1,2024-01,61,1.0,0,0.0,0.0,0.0,0,0,0,0,1.0,,,,,0.0,1,1
LJ500_R069_C084,69,84,703250,9535750,3500,4000,2024,1,2024-01,61,1.0,0,0.0,0.0,0.0,0,0,0,0,1.0,,,,,0.0,1,1
LJ500_R069_C085,69,85,703750,9535750,4000,4000,2024,1,2024-01,61,1.0,0,0.0,0.0,0.0,0,0,0,0,1.0,,,,,0.0,1,1
LJ500_R069_C086,69,86,704250,9535750,4500,4000,2024,1,2024-01,61,1.0,0,0.0,0.0,0.0,0,0,0,0,1.0,,,,,0.0,1,1
LJ500_R070_C077,70,77,699750,9536250,0,4500,2024,1,2024-01,61,0.0,0,0.3423,0.4553,0.2024,0,0,0,0,1.0,0.2336,-0.1403,-0.0195,-0.279,66.08,1,0
LJ500_R070_C078,70,78,700250,9536250,500,4500,2024,1,2024-01,61,0.0,0,0.3908,0.6092,0.0,0,0,0,0,1.0,0.262,0.0053,0.1633,-0.251,40.16,1,0
LJ500_R070_C079,70,79,700750,9536250,1000,4500,2024,1,2024-01,61,0.2082,0,0.7834,0.0084,0.0,0,0,0,0,1.0,0.5803,0.1043,0.339,-0.5073,13.92,1,0
LJ500_R070_C080,70,80,701250,9536250,1500,4500,2024,1,2024-01,61,0.2813,0,0.7187,0.0,0.0,0,0,0,0,1.0,0.7114,0.2448,0.5258,-0.5984,6.08,1,0
LJ500_R070_C081,70,81,701750,9536250,2000,4500,2024,1,2024-01,61,0.9197,0,0.0803,0.0,0.0,0,0,0,0,1.0,,,,,0.0,1,1
LJ500_R070_C082,70,82,702250,9536250,2500,4500,2024,1,2024-01,61,1.0,0,0.0,0.0,0.0,0,0,0,0,1.0,,,,,0.0,1,1
LJ500_R070_C083,70,83,702750,9536250,3000,4500,2024,1,2024-01,61,1.0,0,0.0,0.0,0.0,0,0,0,0,1.0,,,,,0.0,1,1
LJ500_R070_C084,70,84,703250,9536250,3500,4500,2024,1,2024-01,61,0.9943,0,0.0057,0.0,0.0,0,0,0,0,1.0,,,,,0.0,1,1
LJ500_R070_C085,70,85,703750,9536250,4000,4500,2024,1,2024-01,61,1.0,0,0.0,0.0,0.0,0,0,0,0,1.0,,,,,0.0,1,1
LJ500_R070_C086,70,86,704250,9536250,4500,4500,2024,1,2024-01,61,1.0,0,0.0,0.0,0.0,0,0,0,0,1.0,,,,,0.0,1,1
LJ500_R061_C077,61,77,699750,9531750,0,0,2024,2,2024-02,62,0.0,0,1.0,0.0,0.0,0,0,0,0,1.0,0.7417,0.2893,0.5657,-0.6411,0.48,1,0
LJ500_R061_C078,61,78,700250,9531750,500,0,2024,2,2024-02,62,0.0,0,0.9516,0.0,0.0484,0,0,0,0,1.0,0.8086,0.3542,0.6389,-0.6545,0.16,1,0
LJ500_R061_C079,61,79,700750,9531750,1000,0,2024,2,2024-02,62,0.0,0,0.906,0.0,0.094,0,0,0,0,1.0,,,,,0.0,1,1
LJ500_R061_C080,61,80,701250,9531750,1500,0,2024,2,2024-02,62,0.1714,0,0.8229,0.0,0.0057,0,0,0,0,1.0,0.7951,0.3066,0.6025,-0.6726,0.16,1,0
LJ500_R061_C081,61,81,701750,9531750,2000,0,2024,2,2024-02,62,0.0,0,1.0,0.0,0.0,0,0,0,0,1.0,0.7461,0.2427,0.5294,-0.6255,11.84,1,0
LJ500_R061_C082,61,82,702250,9531750,2500,0,2024,2,2024-02,62,0.0618,0,0.9382,0.0,0.0,0,0,0,0,1.0,0.5866,0.1478,0.4126,-0.5328,1.6,1,0
LJ500_R061_C083,61,83,702750,9531750,3000,0,2024,2,2024-02,62,0.5343,0,0.3633,0.1024,0.0,0,0,0,0,1.0,0.7598,0.2852,0.5719,-0.6404,53.6,1,0
LJ500_R061_C084,61,84,703250,9531750,3500,0,2024,2,2024-02,62,0.7729,0,0.0,0.2271,0.0,0,0,0,0,1.0,0.7235,0.2168,0.5149,-0.629,87.36,1,0
LJ500_R061_C085,61,85,703750,9531750,4000,0,2024,2,2024-02,62,0.709,0,0.291,0.0,0.0,0,0,0,0,1.0,0.7963,0.3078,0.6191,-0.6866,77.76,1,0
LJ500_R061_C086,61,86,704250,9531750,4500,0,2024,2,2024-02,62,1.0,0,0.0,0.0,0.0,0,0,0,0,1.0,0.727,0.2546,0.5727,-0.63,0.8,1,0
LJ500_R062_C077,62,77,699750,9532250,0,500,2024,2,2024-02,62,0.0,0,0.7197,0.0,0.2803,0,0,0,0,1.0,,,,,0.0,1,1
LJ500_R062_C078,62,78,700250,9532250,500,500,2024,2,2024-02,62,0.0,0,0.5947,0.0,0.4053,0,0,0,0,1.0,,,,,0.0,1,1
LJ500_R062_C079,62,79,700750,9532250,1000,500,2024,2,2024-02,62,0.0,0,0.771,0.0,0.229,0,0,0,0,1.0,,,,,0.0,1,1
LJ500_R062_C080,62,80,701250,9532250,1500,500,2024,2,2024-02,62,0.235,0,0.6379,0.0,0.1271,0,0,0,0,1.0,0.6836,0.1522,0.4391,-0.5736,20.48,1,0
LJ500_R062_C081,62,81,701750,9532250,2000,500,2024,2,2024-02,62,0.0684,0,0.7378,0.0,0.1938,0,0,0,0,1.0,0.8081,0.2747,0.5704,-0.6912,51.84,1,0
LJ500_R062_C082,62,82,702250,9532250,2500,500,2024,2,2024-02,62,0.0973,0,0.9027,0.0,0.0,0,0,0,0,1.0,0.7413,0.2639,0.5494,-0.6356,55.52,1,0
LJ500_R062_C083,62,83,702750,9532250,3000,500,2024,2,2024-02,62,0.0473,0,0.9507,0.0019,0.0,0,0,0,0,1.0,0.7264,0.2336,0.5186,-0.6148,77.44,1,0
LJ500_R062_C084,62,84,703250,9532250,3500,500,2024,2,2024-02,62,0.2757,0,0.7209,0.0034,0.0,0,0,0,0,1.0,0.7759,0.2615,0.5618,-0.6623,100.0,1,0
LJ500_R062_C085,62,85,703750,9532250,4000,500,2024,2,2024-02,62,0.0588,0,0.9412,0.0,0.0,0,0,0,0,1.0,0.7422,0.2257,0.5251,-0.6294,80.64,1,0
LJ500_R062_C086,62,86,704250,9532250,4500,500,2024,2,2024-02,62,0.7611,0,0.2389,0.0,0.0,0,0,0,0,1.0,,,,,0.0,1,1
LJ500_R063_C077,63,77,699750,9532750,0,1000,2024,2,2024-02,62,0.0,0,0.1158,0.0,0.8842,0,0,0,0,1.0,,,,,0.0,1,1
LJ500_R063_C078,63,78,700250,9532750,500,1000,2024,2,2024-02,62,0.0328,0,0.3431,0.0,0.624,0,0,0,0,1.0,,,,,0.0,1,1
LJ500_R063_C079,63,79,700750,9532750,1000,1000,2024,2,2024-02,62,0.2883,0,0.3768,0.0,0.3349,0,0,0,0,1.0,,,,,0.0,1,1
LJ500_R063_C080,63,80,701250,9532750,1500,1000,2024,2,2024-02,62,0.1673,0,0.4746,0.0,0.358,0,0,0,0,1.0,0.6593,0.091,0.3762,-0.5828,15.04,1,0
LJ500_R063_C081,63,81,701750,9532750,2000,1000,2024,2,2024-02,62,0.0165,0,0.5433,0.0,0.4402,0,0,0,0,1.0,0.7564,0.1819,0.4777,-0.6577,58.88,1,0
LJ500_R063_C082,63,82,702250,9532750,2500,1000,2024,2,2024-02,62,0.6742,0,0.2142,0.0,0.1117,0,0,0,0,1.0,0.7975,0.2567,0.5493,-0.6717,99.84,1,0
LJ500_R063_C083,63,83,702750,9532750,3000,1000,2024,2,2024-02,62,0.2059,0,0.7941,0.0,0.0,0,0,0,0,1.0,0.7484,0.2139,0.5044,-0.6433,100.0,1,0
LJ500_R063_C084,63,84,703250,9532750,3500,1000,2024,2,2024-02,62,0.2973,0,0.7027,0.0,0.0,0,0,0,0,1.0,0.7419,0.2204,0.5174,-0.6341,56.0,1,0
LJ500_R063_C085,63,85,703750,9532750,4000,1000,2024,2,2024-02,62,0.1462,0,0.8538,0.0,0.0,0,0,0,0,1.0,0.7433,0.2743,0.5615,-0.6204,15.68,1,0
LJ500_R063_C086,63,86,704250,9532750,4500,1000,2024,2,2024-02,62,0.3435,0,0.6565,0.0,0.0,0,0,0,0,1.0,,,,,0.0,1,1
LJ500_R064_C077,64,77,699750,9533250,0,1500,2024,2,2024-02,62,0.3887,0,0.3116,0.0,0.2997,0,0,0,0,1.0,,,,,0.0,1,1
LJ500_R064_C078,64,78,700250,9533250,500,1500,2024,2,2024-02,62,0.5382,0,0.082,0.0,0.3799,0,0,0,0,1.0,,,,,0.0,1,1
LJ500_R064_C079,64,79,700750,9533250,1000,1500,2024,2,2024-02,62,0.4384,0,0.1474,0.0,0.4142,0,0,0,0,1.0,,,,,0.0,1,1
LJ500_R064_C080,64,80,701250,9533250,1500,1500,2024,2,2024-02,62,0.5951,0,0.4049,0.0,0.0,0,0,0,0,1.0,,,,,0.0,1,1
LJ500_R064_C081,64,81,701750,9533250,2000,1500,2024,2,2024-02,62,0.5997,0,0.181,0.0,0.2193,0,0,0,0,1.0,0.7948,0.2526,0.5497,-0.6759,31.04,1,0
LJ500_R064_C082,64,82,702250,9533250,2500,1500,2024,2,2024-02,62,0.7276,0,0.2724,0.0,0.0,0,0,0,0,1.0,0.7553,0.2142,0.5116,-0.6479,64.32,1,0
LJ500_R064_C083,64,83,702750,9533250,3000,1500,2024,2,2024-02,62,0.566,0,0.203,0.0,0.231,0,0,0,0,1.0,0.7705,0.2089,0.5246,-0.679,46.08,1,0
LJ500_R064_C084,64,84,703250,9533250,3500,1500,2024,2,2024-02,62,0.235,0,0.7298,0.0,0.0352,0,0,0,0,1.0,0.8668,0.3668,0.6719,-0.7367,0.8,1,0
LJ500_R064_C085,64,85,703750,9533250,4000,1500,2024,2,2024-02,62,0.5109,0,0.4891,0.0,0.0,0,0,0,0,1.0,,,,,0.0,1,1
LJ500_R064_C086,64,86,704250,9533250,4500,1500,2024,2,2024-02,62,0.748,0,0.252,0.0,0.0,0,0,0,0,1.0,,,,,0.0,1,1
LJ500_R065_C077,65,77,699750,9533750,0,2000,2024,2,2024-02,62,0.312,0,0.4033,0.0,0.2847,0,0,0,0,1.0,,,,,0.0,1,1
LJ500_R065_C078,65,78,700250,9533750,500,2000,2024,2,2024-02,62,0.5913,0,0.4071,0.0,0.0016,0,0,0,0,1.0,,,,,0.0,1,1
LJ500_R065_C079,65,79,700750,9533750,1000,2000,2024,2,2024-02,62,0.3219,0,0.6781,0.0,0.0,0,0,0,0,1.0,,,,,0.0,1,1
LJ500_R065_C080,65,80,701250,9533750,1500,2000,2024,2,2024-02,62,0.8266,0,0.1734,0.0,0.0,0,0,0,0,1.0,,,,,0.0,1,1
LJ500_R065_C081,65,81,701750,9533750,2000,2000,2024,2,2024-02,62,0.9017,0,0.0983,0.0,0.0,0,0,0,0,1.0,0.6973,0.2226,0.5005,-0.5919,0.16,1,0
LJ500_R065_C082,65,82,702250,9533750,2500,2000,2024,2,2024-02,62,0.7327,0,0.2673,0.0,0.0,0,0,0,0,1.0,0.6239,0.0806,0.3592,-0.5726,12.64,1,0
LJ500_R065_C083,65,83,702750,9533750,3000,2000,2024,2,2024-02,62,0.7802,0,0.1368,0.0,0.083,0,0,0,0,1.0,0.6992,0.2686,0.5474,-0.5948,4.64,1,0
LJ500_R065_C084,65,84,703250,9533750,3500,2000,2024,2,2024-02,62,0.3229,0,0.6771,0.0,0.0,0,0,0,0,1.0,,,,,0.0,1,1
LJ500_R065_C085,65,85,703750,9533750,4000,2000,2024,2,2024-02,62,0.0167,0,0.9833,0.0,0.0,0,0,0,0,1.0,,,,,0.0,1,1
LJ500_R065_C086,65,86,704250,9533750,4500,2000,2024,2,2024-02,62,0.7821,0,0.2179,0.0,0.0,0,0,0,0,1.0,,,,,0.0,1,1
LJ500_R066_C077,66,77,699750,9534250,0,2500,2024,2,2024-02,62,0.5018,0,0.3517,0.0,0.1465,0,0,0,0,1.0,0.7696,0.2635,0.5335,-0.6489,48.0,1,0
LJ500_R066_C078,66,78,700250,9534250,500,2500,2024,2,2024-02,62,0.1232,0,0.8768,0.0,0.0,0,0,0,0,1.0,0.744,0.2326,0.5072,-0.6212,10.08,1,0
LJ500_R066_C079,66,79,700750,9534250,1000,2500,2024,2,2024-02,62,0.3332,0,0.6668,0.0,0.0,0,0,0,0,1.0,,,,,0.0,1,1
LJ500_R066_C080,66,80,701250,9534250,1500,2500,2024,2,2024-02,62,0.9149,0,0.0851,0.0,0.0,0,0,0,0,1.0,,,,,0.0,1,1
LJ500_R066_C081,66,81,701750,9534250,2000,2500,2024,2,2024-02,62,0.7037,0,0.2963,0.0,0.0,0,0,0,0,1.0,0.7519,0.2935,0.5935,-0.6464,0.32,1,0
LJ500_R066_C082,66,82,702250,9534250,2500,2500,2024,2,2024-02,62,0.6772,0,0.3228,0.0,0.0,0,0,0,0,1.0,0.6634,0.1744,0.4547,-0.5774,6.72,1,0
LJ500_R066_C083,66,83,702750,9534250,3000,2500,2024,2,2024-02,62,0.6289,0,0.3711,0.0,0.0,0,0,0,0,1.0,0.719,0.2063,0.4919,-0.6204,32.64,1,0
LJ500_R066_C084,66,84,703250,9534250,3500,2500,2024,2,2024-02,62,0.7305,0,0.2695,0.0,0.0,0,0,0,0,1.0,0.7317,0.2501,0.5436,-0.6261,0.16,1,0
LJ500_R066_C085,66,85,703750,9534250,4000,2500,2024,2,2024-02,62,0.7865,0,0.2135,0.0,0.0,0,0,0,0,1.0,0.7385,0.2666,0.5618,-0.6364,7.2,1,0
LJ500_R066_C086,66,86,704250,9534250,4500,2500,2024,2,2024-02,62,1.0,0,0.0,0.0,0.0,0,0,0,0,1.0,,,,,0.0,1,1
LJ500_R067_C077,67,77,699750,9534750,0,3000,2024,2,2024-02,62,0.7165,0,0.2835,0.0,0.0,0,0,0,0,1.0,0.6592,0.0905,0.2965,-0.5727,44.32,1,0
LJ500_R067_C078,67,78,700250,9534750,500,3000,2024,2,2024-02,62,0.8229,0,0.1771,0.0,0.0,0,0,0,0,1.0,0.5862,0.1304,0.3566,-0.5008,10.4,1,0
LJ500_R067_C079,67,79,700750,9534750,1000,3000,2024,2,2024-02,62,0.9659,0,0.0341,0.0,0.0,0,0,0,0,1.0,,,,,0.0,1,1
LJ500_R067_C080,67,80,701250,9534750,1500,3000,2024,2,2024-02,62,0.8944,0,0.1056,0.0,0.0,0,0,0,0,1.0,,,,,0.0,1,1
LJ500_R067_C081,67,81,701750,9534750,2000,3000,2024,2,2024-02,62,0.7989,0,0.1897,0.0,0.0114,0,0,0,0,1.0,0.777,0.317,0.5981,-0.6857,0.32,1,0
LJ500_R067_C082,67,82,702250,9534750,2500,3000,2024,2,2024-02,62,1.0,0,0.0,0.0,0.0,0,0,0,0,1.0,0.7536,0.2894,0.5746,-0.6483,20.96,1,0
LJ500_R067_C083,67,83,702750,9534750,3000,3000,2024,2,2024-02,62,1.0,0,0.0,0.0,0.0,0,0,0,0,1.0,0.7257,0.2432,0.5264,-0.6251,21.44,1,0
LJ500_R067_C084,67,84,703250,9534750,3500,3000,2024,2,2024-02,62,1.0,0,0.0,0.0,0.0,0,0,0,0,1.0,0.6744,0.2073,0.4951,-0.5902,9.92,1,0
LJ500_R067_C085,67,85,703750,9534750,4000,3000,2024,2,2024-02,62,1.0,0,0.0,0.0,0.0,0,0,0,0,1.0,0.7173,0.2705,0.5621,-0.6135,26.08,1,0
LJ500_R067_C086,67,86,704250,9534750,4500,3000,2024,2,2024-02,62,1.0,0,0.0,0.0,0.0,0,0,0,0,1.0,,,,,0.0,1,1
LJ500_R068_C077,68,77,699750,9535250,0,3500,2024,2,2024-02,62,0.065,0,0.935,0.0,0.0,0,0,0,0,1.0,,,,,0.0,1,1
LJ500_R068_C078,68,78,700250,9535250,500,3500,2024,2,2024-02,62,0.7525,0,0.2475,0.0,0.0,0,0,0,0,1.0,,,,,0.0,1,1
LJ500_R068_C079,68,79,700750,9535250,1000,3500,2024,2,2024-02,62,1.0,0,0.0,0.0,0.0,0,0,0,0,1.0,,,,,0.0,1,1
LJ500_R068_C080,68,80,701250,9535250,1500,3500,2024,2,2024-02,62,0.8923,0,0.1077,0.0,0.0,0,0,0,0,1.0,,,,,0.0,1,1
LJ500_R068_C081,68,81,701750,9535250,2000,3500,2024,2,2024-02,62,0.6646,0,0.0767,0.0,0.2586,0,0,0,0,1.0,,,,,0.0,1,1
LJ500_R068_C082,68,82,702250,9535250,2500,3500,2024,2,2024-02,62,0.9399,0,0.0601,0.0,0.0,0,0,0,0,1.0,,,,,0.0,1,1
LJ500_R068_C083,68,83,702750,9535250,3000,3500,2024,2,2024-02,62,1.0,0,0.0,0.0,0.0,0,0,0,0,1.0,,,,,0.0,1,1
LJ500_R068_C084,68,84,703250,9535250,3500,3500,2024,2,2024-02,62,1.0,0,0.0,0.0,0.0,0,0,0,0,1.0,0.4446,0.2005,0.4197,-0.3956,5.92,1,0
LJ500_R068_C085,68,85,703750,9535250,4000,3500,2024,2,2024-02,62,1.0,0,0.0,0.0,0.0,0,0,0,0,1.0,0.6912,0.3342,0.6006,-0.5994,20.64,1,0
LJ500_R068_C086,68,86,704250,9535250,4500,3500,2024,2,2024-02,62,1.0,0,0.0,0.0,0.0,0,0,0,0,1.0,,,,,0.0,1,1
LJ500_R069_C077,69,77,699750,9535750,0,4000,2024,2,2024-02,62,0.0,0,0.9574,0.0426,0.0,0,0,0,0,1.0,,,,,0.0,1,1
LJ500_R069_C078,69,78,700250,9535750,500,4000,2024,2,2024-02,62,0.4139,0,0.5115,0.0746,0.0,0,0,0,0,1.0,,,,,0.0,1,1
LJ500_R069_C079,69,79,700750,9535750,1000,4000,2024,2,2024-02,62,0.6432,0,0.3568,0.0,0.0,0,0,0,0,1.0,,,,,0.0,1,1
LJ500_R069_C080,69,80,701250,9535750,1500,4000,2024,2,2024-02,62,0.8514,0,0.1486,0.0,0.0,0,0,0,0,1.0,,,,,0.0,1,1
LJ500_R069_C081,69,81,701750,9535750,2000,4000,2024,2,2024-02,62,1.0,0,0.0,0.0,0.0,0,0,0,0,1.0,,,,,0.0,1,1
LJ500_R069_C082,69,82,702250,9535750,2500,4000,2024,2,2024-02,62,1.0,0,0.0,0.0,0.0,0,0,0,0,1.0,,,,,0.0,1,1
LJ500_R069_C083,69,83,702750,9535750,3000,4000,2024,2,2024-02,62,1.0,0,0.0,0.0,0.0,0,0,0,0,1.0,,,,,0.0,1,1
LJ500_R069_C084,69,84,703250,9535750,3500,4000,2024,2,2024-02,62,1.0,0,0.0,0.0,0.0,0,0,0,0,1.0,0.6655,0.2892,0.5561,-0.5585,11.04,1,0
LJ500_R069_C085,69,85,703750,9535750,4000,4000,2024,2,2024-02,62,1.0,0,0.0,0.0,0.0,0,0,0,0,1.0,0.752,0.3586,0.6249,-0.6565,0.16,1,0
LJ500_R069_C086,69,86,704250,9535750,4500,4000,2024,2,2024-02,62,1.0,0,0.0,0.0,0.0,0,0,0,0,1.0,,,,,0.0,1,1
LJ500_R070_C077,70,77,699750,9536250,0,4500,2024,2,2024-02,62,0.0,0,0.3423,0.4553,0.2024,0,0,0,0,1.0,,,,,0.0,1,1
LJ500_R070_C078,70,78,700250,9536250,500,4500,2024,2,2024-02,62,0.0,0,0.3908,0.6092,0.0,0,0,0,0,1.0,,,,,0.0,1,1
LJ500_R070_C079,70,79,700750,9536250,1000,4500,2024,2,2024-02,62,0.2082,0,0.7834,0.0084,0.0,0,0,0,0,1.0,,,,,0.0,1,1
LJ500_R070_C080,70,80,701250,9536250,1500,4500,2024,2,2024-02,62,0.2813,0,0.7187,0.0,0.0,0,0,0,0,1.0,,,,,0.0,1,1
LJ500_R070_C081,70,81,701750,9536250,2000,4500,2024,2,2024-02,62,0.9197,0,0.0803,0.0,0.0,0,0,0,0,1.0,,,,,0.0,1,1
LJ500_R070_C082,70,82,702250,9536250,2500,4500,2024,2,2024-02,62,1.0,0,0.0,0.0,0.0,0,0,0,0,1.0,0.6601,0.234,0.4991,-0.5609,22.4,1,0
LJ500_R070_C083,70,83,702750,9536250,3000,4500,2024,2,2024-02,62,1.0,0,0.0,0.0,0.0,0,0,0,0,1.0,0.7056,0.2555,0.5328,-0.5942,45.92,1,0
LJ500_R070_C084,70,84,703250,9536250,3500,4500,2024,2,2024-02,62,0.9943,0,0.0057,0.0,0.0,0,0,0,0,1.0,0.7154,0.2614,0.5508,-0.6158,19.2,1,0
LJ500_R070_C085,70,85,703750,9536250,4000,4500,2024,2,2024-02,62,1.0,0,0.0,0.0,0.0,0,0,0,0,1.0,,,,,0.0,1,1
LJ500_R070_C086,70,86,704250,9536250,4500,4500,2024,2,2024-02,62,1.0,0,0.0,0.0,0.0,0,0,0,0,1.0,,,,,0.0,1,1
LJ500_R061_C077,61,77,699750,9531750,0,0,2024,3,2024-03,63,0.0,0,1.0,0.0,0.0,0,0,0,0,1.0,0.7408,0.3584,0.6363,-0.6225,87.84,1,0
LJ500_R061_C078,61,78,700250,9531750,500,0,2024,3,2024-03,63,0.0,0,0.9516,0.0,0.0484,0,0,0,0,1.0,0.6937,0.4491,0.6848,-0.5543,9.28,1,0
LJ500_R061_C079,61,79,700750,9531750,1000,0,2024,3,2024-03,63,0.0,0,0.906,0.0,0.094,0,0,0,0,1.0,,,,,0.0,1,1
LJ500_R061_C080,61,80,701250,9531750,1500,0,2024,3,2024-03,63,0.1714,0,0.8229,0.0,0.0057,0,0,0,0,1.0,,,,,0.0,1,1
LJ500_R061_C081,61,81,701750,9531750,2000,0,2024,3,2024-03,63,0.0,0,1.0,0.0,0.0,0,0,0,0,1.0,,,,,0.0,1,1
LJ500_R061_C082,61,82,702250,9531750,2500,0,2024,3,2024-03,63,0.0618,0,0.9382,0.0,0.0,0,0,0,0,1.0,,,,,0.0,1,1
LJ500_R061_C083,61,83,702750,9531750,3000,0,2024,3,2024-03,63,0.5343,0,0.3633,0.1024,0.0,0,0,0,0,1.0,,,,,0.0,1,1
LJ500_R061_C084,61,84,703250,9531750,3500,0,2024,3,2024-03,63,0.7729,0,0.0,0.2271,0.0,0,0,0,0,1.0,0.7088,0.1869,0.4789,-0.6482,10.24,1,0
LJ500_R061_C085,61,85,703750,9531750,4000,0,2024,3,2024-03,63,0.709,0,0.291,0.0,0.0,0,0,0,0,1.0,0.8139,0.3182,0.6106,-0.7114,59.2,1,0
LJ500_R061_C086,61,86,704250,9531750,4500,0,2024,3,2024-03,63,1.0,0,0.0,0.0,0.0,0,0,0,0,1.0,0.7232,0.2328,0.5295,-0.6297,34.24,1,0
LJ500_R062_C077,62,77,699750,9532250,0,500,2024,3,2024-03,63,0.0,0,0.7197,0.0,0.2803,0,0,0,0,1.0,0.7219,0.3142,0.5926,-0.5981,76.48,1,0
LJ500_R062_C078,62,78,700250,9532250,500,500,2024,3,2024-03,63,0.0,0,0.5947,0.0,0.4053,0,0,0,0,1.0,0.6574,0.3712,0.6144,-0.5312,0.48,1,0
LJ500_R062_C079,62,79,700750,9532250,1000,500,2024,3,2024-03,63,0.0,0,0.771,0.0,0.229,0,0,0,0,1.0,,,,,0.0,1,1
LJ500_R062_C080,62,80,701250,9532250,1500,500,2024,3,2024-03,63,0.235,0,0.6379,0.0,0.1271,0,0,0,0,1.0,,,,,0.0,1,1
LJ500_R062_C081,62,81,701750,9532250,2000,500,2024,3,2024-03,63,0.0684,0,0.7378,0.0,0.1938,0,0,0,0,1.0,,,,,0.0,1,1
LJ500_R062_C082,62,82,702250,9532250,2500,500,2024,3,2024-03,63,0.0973,0,0.9027,0.0,0.0,0,0,0,0,1.0,,,,,0.0,1,1
LJ500_R062_C083,62,83,702750,9532250,3000,500,2024,3,2024-03,63,0.0473,0,0.9507,0.0019,0.0,0,0,0,0,1.0,,,,,0.0,1,1
LJ500_R062_C084,62,84,703250,9532250,3500,500,2024,3,2024-03,63,0.2757,0,0.7209,0.0034,0.0,0,0,0,0,1.0,0.7156,0.2655,0.5483,-0.6061,8.48,1,0
LJ500_R062_C085,62,85,703750,9532250,4000,500,2024,3,2024-03,63,0.0588,0,0.9412,0.0,0.0,0,0,0,0,1.0,0.791,0.2465,0.5414,-0.6839,4.8,1,0
LJ500_R062_C086,62,86,704250,9532250,4500,500,2024,3,2024-03,63,0.7611,0,0.2389,0.0,0.0,0,0,0,0,1.0,0.7248,0.2224,0.5134,-0.6213,15.68,1,0
LJ500_R063_C077,63,77,699750,9532750,0,1000,2024,3,2024-03,63,0.0,0,0.1158,0.0,0.8842,0,0,0,0,1.0,0.6146,0.1804,0.4508,-0.5096,14.08,1,0
LJ500_R063_C078,63,78,700250,9532750,500,1000,2024,3,2024-03,63,0.0328,0,0.3431,0.0,0.624,0,0,0,0,1.0,0.6894,0.3621,0.617,-0.5201,0.16,1,0
LJ500_R063_C079,63,79,700750,9532750,1000,1000,2024,3,2024-03,63,0.2883,0,0.3768,0.0,0.3349,0,0,0,0,1.0,0.6368,0.2975,0.5573,-0.4892,0.16,1,0
LJ500_R063_C080,63,80,701250,9532750,1500,1000,2024,3,2024-03,63,0.1673,0,0.4746,0.0,0.358,0,0,0,0,1.0,,,,,0.0,1,1
LJ500_R063_C081,63,81,701750,9532750,2000,1000,2024,3,2024-03,63,0.0165,0,0.5433,0.0,0.4402,0,0,0,0,1.0,,,,,0.0,1,1
LJ500_R063_C082,63,82,702250,9532750,2500,1000,2024,3,2024-03,63,0.6742,0,0.2142,0.0,0.1117,0,0,0,0,1.0,,,,,0.0,1,1
LJ500_R063_C083,63,83,702750,9532750,3000,1000,2024,3,2024-03,63,0.2059,0,0.7941,0.0,0.0,0,0,0,0,1.0,,,,,0.0,1,1
LJ500_R063_C084,63,84,703250,9532750,3500,1000,2024,3,2024-03,63,0.2973,0,0.7027,0.0,0.0,0,0,0,0,1.0,,,,,0.0,1,1
LJ500_R063_C085,63,85,703750,9532750,4000,1000,2024,3,2024-03,63,0.1462,0,0.8538,0.0,0.0,0,0,0,0,1.0,0.6148,0.133,0.394,-0.5236,3.04,1,0
LJ500_R063_C086,63,86,704250,9532750,4500,1000,2024,3,2024-03,63,0.3435,0,0.6565,0.0,0.0,0,0,0,0,1.0,0.7941,0.3117,0.5994,-0.6838,67.2,1,0
LJ500_R064_C077,64,77,699750,9533250,0,1500,2024,3,2024-03,63,0.3887,0,0.3116,0.0,0.2997,0,0,0,0,1.0,,,,,0.0,1,1
LJ500_R064_C078,64,78,700250,9533250,500,1500,2024,3,2024-03,63,0.5382,0,0.082,0.0,0.3799,0,0,0,0,1.0,,,,,0.0,1,1
LJ500_R064_C079,64,79,700750,9533250,1000,1500,2024,3,2024-03,63,0.4384,0,0.1474,0.0,0.4142,0,0,0,0,1.0,,,,,0.0,1,1
LJ500_R064_C080,64,80,701250,9533250,1500,1500,2024,3,2024-03,63,0.5951,0,0.4049,0.0,0.0,0,0,0,0,1.0,,,,,0.0,1,1
LJ500_R064_C081,64,81,701750,9533250,2000,1500,2024,3,2024-03,63,0.5997,0,0.181,0.0,0.2193,0,0,0,0,1.0,,,,,0.0,1,1
LJ500_R064_C082,64,82,702250,9533250,2500,1500,2024,3,2024-03,63,0.7276,0,0.2724,0.0,0.0,0,0,0,0,1.0,,,,,0.0,1,1
LJ500_R064_C083,64,83,702750,9533250,3000,1500,2024,3,2024-03,63,0.566,0,0.203,0.0,0.231,0,0,0,0,1.0,,,,,0.0,1,1
LJ500_R064_C084,64,84,703250,9533250,3500,1500,2024,3,2024-03,63,0.235,0,0.7298,0.0,0.0352,0,0,0,0,1.0,,,,,0.0,1,1
LJ500_R064_C085,64,85,703750,9533250,4000,1500,2024,3,2024-03,63,0.5109,0,0.4891,0.0,0.0,0,0,0,0,1.0,0.7908,0.2999,0.5859,-0.6954,17.12,1,0
LJ500_R064_C086,64,86,704250,9533250,4500,1500,2024,3,2024-03,63,0.748,0,0.252,0.0,0.0,0,0,0,0,1.0,0.6918,0.2058,0.4859,-0.6157,65.44,1,0
LJ500_R065_C077,65,77,699750,9533750,0,2000,2024,3,2024-03,63,0.312,0,0.4033,0.0,0.2847,0,0,0,0,1.0,,,,,0.0,1,1
LJ500_R065_C078,65,78,700250,9533750,500,2000,2024,3,2024-03,63,0.5913,0,0.4071,0.0,0.0016,0,0,0,0,1.0,,,,,0.0,1,1
LJ500_R065_C079,65,79,700750,9533750,1000,2000,2024,3,2024-03,63,0.3219,0,0.6781,0.0,0.0,0,0,0,0,1.0,,,,,0.0,1,1
LJ500_R065_C080,65,80,701250,9533750,1500,2000,2024,3,2024-03,63,0.8266,0,0.1734,0.0,0.0,0,0,0,0,1.0,0.7414,0.4195,0.6991,-0.6014,0.16,1,0
LJ500_R065_C081,65,81,701750,9533750,2000,2000,2024,3,2024-03,63,0.9017,0,0.0983,0.0,0.0,0,0,0,0,1.0,0.5789,0.2753,0.5158,-0.4814,5.76,1,0
LJ500_R065_C082,65,82,702250,9533750,2500,2000,2024,3,2024-03,63,0.7327,0,0.2673,0.0,0.0,0,0,0,0,1.0,,,,,0.0,1,1
LJ500_R065_C083,65,83,702750,9533750,3000,2000,2024,3,2024-03,63,0.7802,0,0.1368,0.0,0.083,0,0,0,0,1.0,,,,,0.0,1,1
LJ500_R065_C084,65,84,703250,9533750,3500,2000,2024,3,2024-03,63,0.3229,0,0.6771,0.0,0.0,0,0,0,0,1.0,0.6624,0.3921,0.6335,-0.5405,4.8,1,0
LJ500_R065_C085,65,85,703750,9533750,4000,2000,2024,3,2024-03,63,0.0167,0,0.9833,0.0,0.0,0,0,0,0,1.0,0.6783,0.2226,0.506,-0.5968,30.72,1,0
LJ500_R065_C086,65,86,704250,9533750,4500,2000,2024,3,2024-03,63,0.7821,0,0.2179,0.0,0.0,0,0,0,0,1.0,0.7612,0.2668,0.5516,-0.6823,18.4,1,0
LJ500_R066_C077,66,77,699750,9534250,0,2500,2024,3,2024-03,63,0.5018,0,0.3517,0.0,0.1465,0,0,0,0,1.0,,,,,0.0,1,1
LJ500_R066_C078,66,78,700250,9534250,500,2500,2024,3,2024-03,63,0.1232,0,0.8768,0.0,0.0,0,0,0,0,1.0,,,,,0.0,1,1
LJ500_R066_C079,66,79,700750,9534250,1000,2500,2024,3,2024-03,63,0.3332,0,0.6668,0.0,0.0,0,0,0,0,1.0,,,,,0.0,1,1
LJ500_R066_C080,66,80,701250,9534250,1500,2500,2024,3,2024-03,63,0.9149,0,0.0851,0.0,0.0,0,0,0,0,1.0,,,,,0.0,1,1
LJ500_R066_C081,66,81,701750,9534250,2000,2500,2024,3,2024-03,63,0.7037,0,0.2963,0.0,0.0,0,0,0,0,1.0,,,,,0.0,1,1
LJ500_R066_C082,66,82,702250,9534250,2500,2500,2024,3,2024-03,63,0.6772,0,0.3228,0.0,0.0,0,0,0,0,1.0,,,,,0.0,1,1
LJ500_R066_C083,66,83,702750,9534250,3000,2500,2024,3,2024-03,63,0.6289,0,0.3711,0.0,0.0,0,0,0,0,1.0,0.6851,0.3699,0.63,-0.5869,1.12,1,0
LJ500_R066_C084,66,84,703250,9534250,3500,2500,2024,3,2024-03,63,0.7305,0,0.2695,0.0,0.0,0,0,0,0,1.0,0.5386,0.1279,0.3521,-0.5048,6.72,1,0
LJ500_R066_C085,66,85,703750,9534250,4000,2500,2024,3,2024-03,63,0.7865,0,0.2135,0.0,0.0,0,0,0,0,1.0,0.6969,0.2208,0.4907,-0.6275,9.44,1,0
LJ500_R066_C086,66,86,704250,9534250,4500,2500,2024,3,2024-03,63,1.0,0,0.0,0.0,0.0,0,0,0,0,1.0,0.762,0.3223,0.6079,-0.649,1.92,1,0
LJ500_R067_C077,67,77,699750,9534750,0,3000,2024,3,2024-03,63,0.7165,0,0.2835,0.0,0.0,0,0,0,0,1.0,,,,,0.0,1,1
LJ500_R067_C078,67,78,700250,9534750,500,3000,2024,3,2024-03,63,0.8229,0,0.1771,0.0,0.0,0,0,0,0,1.0,,,,,0.0,1,1
LJ500_R067_C079,67,79,700750,9534750,1000,3000,2024,3,2024-03,63,0.9659,0,0.0341,0.0,0.0,0,0,0,0,1.0,,,,,0.0,1,1
LJ500_R067_C080,67,80,701250,9534750,1500,3000,2024,3,2024-03,63,0.8944,0,0.1056,0.0,0.0,0,0,0,0,1.0,,,,,0.0,1,1
LJ500_R067_C081,67,81,701750,9534750,2000,3000,2024,3,2024-03,63,0.7989,0,0.1897,0.0,0.0114,0,0,0,0,1.0,,,,,0.0,1,1
LJ500_R067_C082,67,82,702250,9534750,2500,3000,2024,3,2024-03,63,1.0,0,0.0,0.0,0.0,0,0,0,0,1.0,,,,,0.0,1,1
LJ500_R067_C083,67,83,702750,9534750,3000,3000,2024,3,2024-03,63,1.0,0,0.0,0.0,0.0,0,0,0,0,1.0,,,,,0.0,1,1
LJ500_R067_C084,67,84,703250,9534750,3500,3000,2024,3,2024-03,63,1.0,0,0.0,0.0,0.0,0,0,0,0,1.0,0.6473,0.2232,0.4749,-0.5945,2.08,1,0
LJ500_R067_C085,67,85,703750,9534750,4000,3000,2024,3,2024-03,63,1.0,0,0.0,0.0,0.0,0,0,0,0,1.0,0.7391,0.2941,0.5727,-0.6567,47.36,1,0
LJ500_R067_C086,67,86,704250,9534750,4500,3000,2024,3,2024-03,63,1.0,0,0.0,0.0,0.0,0,0,0,0,1.0,0.647,0.2513,0.4806,-0.5909,18.4,1,0
LJ500_R068_C077,68,77,699750,9535250,0,3500,2024,3,2024-03,63,0.065,0,0.935,0.0,0.0,0,0,0,0,1.0,,,,,0.0,1,1
LJ500_R068_C078,68,78,700250,9535250,500,3500,2024,3,2024-03,63,0.7525,0,0.2475,0.0,0.0,0,0,0,0,1.0,,,,,0.0,1,1
LJ500_R068_C079,68,79,700750,9535250,1000,3500,2024,3,2024-03,63,1.0,0,0.0,0.0,0.0,0,0,0,0,1.0,,,,,0.0,1,1
LJ500_R068_C080,68,80,701250,9535250,1500,3500,2024,3,2024-03,63,0.8923,0,0.1077,0.0,0.0,0,0,0,0,1.0,,,,,0.0,1,1
LJ500_R068_C081,68,81,701750,9535250,2000,3500,2024,3,2024-03,63,0.6646,0,0.0767,0.0,0.2586,0,0,0,0,1.0,,,,,0.0,1,1
LJ500_R068_C082,68,82,702250,9535250,2500,3500,2024,3,2024-03,63,0.9399,0,0.0601,0.0,0.0,0,0,0,0,1.0,,,,,0.0,1,1
LJ500_R068_C083,68,83,702750,9535250,3000,3500,2024,3,2024-03,63,1.0,0,0.0,0.0,0.0,0,0,0,0,1.0,,,,,0.0,1,1
LJ500_R068_C084,68,84,703250,9535250,3500,3500,2024,3,2024-03,63,1.0,0,0.0,0.0,0.0,0,0,0,0,1.0,,,,,0.0,1,1
LJ500_R068_C085,68,85,703750,9535250,4000,3500,2024,3,2024-03,63,1.0,0,0.0,0.0,0.0,0,0,0,0,1.0,0.764,0.4229,0.688,-0.6674,8.8,1,0
LJ500_R068_C086,68,86,704250,9535250,4500,3500,2024,3,2024-03,63,1.0,0,0.0,0.0,0.0,0,0,0,0,1.0,0.7378,0.3542,0.6291,-0.6507,86.56,1,0
LJ500_R069_C077,69,77,699750,9535750,0,4000,2024,3,2024-03,63,0.0,0,0.9574,0.0426,0.0,0,0,0,0,1.0,,,,,0.0,1,1
LJ500_R069_C078,69,78,700250,9535750,500,4000,2024,3,2024-03,63,0.4139,0,0.5115,0.0746,0.0,0,0,0,0,1.0,,,,,0.0,1,1
LJ500_R069_C079,69,79,700750,9535750,1000,4000,2024,3,2024-03,63,0.6432,0,0.3568,0.0,0.0,0,0,0,0,1.0,,,,,0.0,1,1
LJ500_R069_C080,69,80,701250,9535750,1500,4000,2024,3,2024-03,63,0.8514,0,0.1486,0.0,0.0,0,0,0,0,1.0,,,,,0.0,1,1
LJ500_R069_C081,69,81,701750,9535750,2000,4000,2024,3,2024-03,63,1.0,0,0.0,0.0,0.0,0,0,0,0,1.0,,,,,0.0,1,1
LJ500_R069_C082,69,82,702250,9535750,2500,4000,2024,3,2024-03,63,1.0,0,0.0,0.0,0.0,0,0,0,0,1.0,,,,,0.0,1,1
LJ500_R069_C083,69,83,702750,9535750,3000,4000,2024,3,2024-03,63,1.0,0,0.0,0.0,0.0,0,0,0,0,1.0,,,,,0.0,1,1
LJ500_R069_C084,69,84,703250,9535750,3500,4000,2024,3,2024-03,63,1.0,0,0.0,0.0,0.0,0,0,0,0,1.0,,,,,0.0,1,1
LJ500_R069_C085,69,85,703750,9535750,4000,4000,2024,3,2024-03,63,1.0,0,0.0,0.0,0.0,0,0,0,0,1.0,,,,,0.0,1,1
LJ500_R069_C086,69,86,704250,9535750,4500,4000,2024,3,2024-03,63,1.0,0,0.0,0.0,0.0,0,0,0,0,1.0,0.6432,0.279,0.5383,-0.5587,28.0,1,0
LJ500_R070_C077,70,77,699750,9536250,0,4500,2024,3,2024-03,63,0.0,0,0.3423,0.4553,0.2024,0,0,0,0,1.0,,,,,0.0,1,1
LJ500_R070_C078,70,78,700250,9536250,500,4500,2024,3,2024-03,63,0.0,0,0.3908,0.6092,0.0,0,0,0,0,1.0,,,,,0.0,1,1
LJ500_R070_C079,70,79,700750,9536250,1000,4500,2024,3,2024-03,63,0.2082,0,0.7834,0.0084,0.0,0,0,0,0,1.0,,,,,0.0,1,1
LJ500_R070_C080,70,80,701250,9536250,1500,4500,2024,3,2024-03,63,0.2813,0,0.7187,0.0,0.0,0,0,0,0,1.0,,,,,0.0,1,1
LJ500_R070_C081,70,81,701750,9536250,2000,4500,2024,3,2024-03,63,0.9197,0,0.0803,0.0,0.0,0,0,0,0,1.0,,,,,0.0,1,1
LJ500_R070_C082,70,82,702250,9536250,2500,4500,2024,3,2024-03,63,1.0,0,0.0,0.0,0.0,0,0,0,0,1.0,,,,,0.0,1,1
LJ500_R070_C083,70,83,702750,9536250,3000,4500,2024,3,2024-03,63,1.0,0,0.0,0.0,0.0,0,0,0,0,1.0,,,,,0.0,1,1
LJ500_R070_C084,70,84,703250,9536250,3500,4500,2024,3,2024-03,63,0.9943,0,0.0057,0.0,0.0,0,0,0,0,1.0,,,,,0.0,1,1
LJ500_R070_C085,70,85,703750,9536250,4000,4500,2024,3,2024-03,63,1.0,0,0.0,0.0,0.0,0,0,0,0,1.0,0.7537,0.3136,0.5843,-0.6708,2.88,1,0
LJ500_R070_C086,70,86,704250,9536250,4500,4500,2024,3,2024-03,63,1.0,0,0.0,0.0,0.0,0,0,0,0,1.0,0.7552,0.3125,0.5887,-0.665,10.88,1,0
LJ500_R061_C077,61,77,699750,9531750,0,0,2024,4,2024-04,64,0.0,0,1.0,0.0,0.0,0,0,0,0,1.0,0.8196,0.3009,0.5885,-0.729,100.0,1,0
LJ500_R061_C078,61,78,700250,9531750,500,0,2024,4,2024-04,64,0.0,0,0.9516,0.0,0.0484,0,0,0,0,1.0,0.8179,0.2904,0.5871,-0.7105,100.0,1,0
LJ500_R061_C079,61,79,700750,9531750,1000,0,2024,4,2024-04,64,0.0,0,0.906,0.0,0.094,0,0,0,0,1.0,0.7963,0.3082,0.5949,-0.6897,100.0,1,0
LJ500_R061_C080,61,80,701250,9531750,1500,0,2024,4,2024-04,64,0.1714,0,0.8229,0.0,0.0057,0,0,0,0,1.0,0.7696,0.2737,0.5681,-0.6569,100.0,1,0
LJ500_R061_C081,61,81,701750,9531750,2000,0,2024,4,2024-04,64,0.0,0,1.0,0.0,0.0,0,0,0,0,1.0,0.7611,0.2441,0.5376,-0.6516,100.0,1,0
LJ500_R061_C082,61,82,702250,9531750,2500,0,2024,4,2024-04,64,0.0618,0,0.9382,0.0,0.0,0,0,0,0,1.0,0.7578,0.2622,0.5462,-0.667,100.0,1,0
LJ500_R061_C083,61,83,702750,9531750,3000,0,2024,4,2024-04,64,0.5343,0,0.3633,0.1024,0.0,0,0,0,0,1.0,0.7411,0.3291,0.5846,-0.6633,100.0,1,0
LJ500_R061_C084,61,84,703250,9531750,3500,0,2024,4,2024-04,64,0.7729,0,0.0,0.2271,0.0,0,0,0,0,1.0,0.7041,0.2332,0.4998,-0.6551,100.0,1,0
LJ500_R061_C085,61,85,703750,9531750,4000,0,2024,4,2024-04,64,0.709,0,0.291,0.0,0.0,0,0,0,0,1.0,0.7595,0.3217,0.5864,-0.6889,100.0,1,0
LJ500_R061_C086,61,86,704250,9531750,4500,0,2024,4,2024-04,64,1.0,0,0.0,0.0,0.0,0,0,0,0,1.0,0.6421,0.2525,0.4991,-0.5853,100.0,1,0
LJ500_R062_C077,62,77,699750,9532250,0,500,2024,4,2024-04,64,0.0,0,0.7197,0.0,0.2803,0,0,0,0,1.0,0.7575,0.2497,0.5241,-0.6695,100.0,1,0
LJ500_R062_C078,62,78,700250,9532250,500,500,2024,4,2024-04,64,0.0,0,0.5947,0.0,0.4053,0,0,0,0,1.0,0.7874,0.2812,0.5706,-0.6753,100.0,1,0
LJ500_R062_C079,62,79,700750,9532250,1000,500,2024,4,2024-04,64,0.0,0,0.771,0.0,0.229,0,0,0,0,1.0,0.7922,0.2946,0.5773,-0.6774,100.0,1,0
LJ500_R062_C080,62,80,701250,9532250,1500,500,2024,4,2024-04,64,0.235,0,0.6379,0.0,0.1271,0,0,0,0,1.0,0.7825,0.2734,0.5585,-0.6709,100.0,1,0
LJ500_R062_C081,62,81,701750,9532250,2000,500,2024,4,2024-04,64,0.0684,0,0.7378,0.0,0.1938,0,0,0,0,1.0,0.8103,0.2594,0.5686,-0.6985,100.0,1,0
LJ500_R062_C082,62,82,702250,9532250,2500,500,2024,4,2024-04,64,0.0973,0,0.9027,0.0,0.0,0,0,0,0,1.0,0.8146,0.2815,0.5916,-0.6924,100.0,1,0
LJ500_R062_C083,62,83,702750,9532250,3000,500,2024,4,2024-04,64,0.0473,0,0.9507,0.0019,0.0,0,0,0,0,1.0,0.8003,0.2516,0.5514,-0.6893,100.0,1,0
LJ500_R062_C084,62,84,703250,9532250,3500,500,2024,4,2024-04,64,0.2757,0,0.7209,0.0034,0.0,0,0,0,0,1.0,0.6859,0.2355,0.5042,-0.5973,100.0,1,0
LJ500_R062_C085,62,85,703750,9532250,4000,500,2024,4,2024-04,64,0.0588,0,0.9412,0.0,0.0,0,0,0,0,1.0,0.7538,0.2276,0.5174,-0.6574,100.0,1,0
LJ500_R062_C086,62,86,704250,9532250,4500,500,2024,4,2024-04,64,0.7611,0,0.2389,0.0,0.0,0,0,0,0,1.0,0.6594,0.2008,0.4662,-0.5812,100.0,1,0
LJ500_R063_C077,63,77,699750,9532750,0,1000,2024,4,2024-04,64,0.0,0,0.1158,0.0,0.8842,0,0,0,0,1.0,0.6825,0.179,0.4433,-0.5948,100.0,1,0
LJ500_R063_C078,63,78,700250,9532750,500,1000,2024,4,2024-04,64,0.0328,0,0.3431,0.0,0.624,0,0,0,0,1.0,0.765,0.2337,0.5207,-0.6589,100.0,1,0
LJ500_R063_C079,63,79,700750,9532750,1000,1000,2024,4,2024-04,64,0.2883,0,0.3768,0.0,0.3349,0,0,0,0,1.0,0.7088,0.2042,0.4735,-0.6305,100.0,1,0
LJ500_R063_C080,63,80,701250,9532750,1500,1000,2024,4,2024-04,64,0.1673,0,0.4746,0.0,0.358,0,0,0,0,1.0,0.7079,0.1328,0.4249,-0.6363,100.0,1,0
LJ500_R063_C081,63,81,701750,9532750,2000,1000,2024,4,2024-04,64,0.0165,0,0.5433,0.0,0.4402,0,0,0,0,1.0,0.7894,0.2135,0.5215,-0.6868,100.0,1,0
LJ500_R063_C082,63,82,702250,9532750,2500,1000,2024,4,2024-04,64,0.6742,0,0.2142,0.0,0.1117,0,0,0,0,1.0,0.8326,0.2854,0.5914,-0.7029,100.0,1,0
LJ500_R063_C083,63,83,702750,9532750,3000,1000,2024,4,2024-04,64,0.2059,0,0.7941,0.0,0.0,0,0,0,0,1.0,0.7904,0.2513,0.5517,-0.6752,100.0,1,0
LJ500_R063_C084,63,84,703250,9532750,3500,1000,2024,4,2024-04,64,0.2973,0,0.7027,0.0,0.0,0,0,0,0,1.0,0.7383,0.2454,0.5214,-0.6456,100.0,1,0
LJ500_R063_C085,63,85,703750,9532750,4000,1000,2024,4,2024-04,64,0.1462,0,0.8538,0.0,0.0,0,0,0,0,1.0,0.7412,0.2492,0.5318,-0.6454,100.0,1,0
LJ500_R063_C086,63,86,704250,9532750,4500,1000,2024,4,2024-04,64,0.3435,0,0.6565,0.0,0.0,0,0,0,0,1.0,0.607,0.2268,0.4634,-0.5327,100.0,1,0
LJ500_R064_C077,64,77,699750,9533250,0,1500,2024,4,2024-04,64,0.3887,0,0.3116,0.0,0.2997,0,0,0,0,1.0,0.774,0.2839,0.5542,-0.6735,100.0,1,0
LJ500_R064_C078,64,78,700250,9533250,500,1500,2024,4,2024-04,64,0.5382,0,0.082,0.0,0.3799,0,0,0,0,1.0,0.732,0.273,0.5468,-0.6276,100.0,1,0
LJ500_R064_C079,64,79,700750,9533250,1000,1500,2024,4,2024-04,64,0.4384,0,0.1474,0.0,0.4142,0,0,0,0,1.0,0.69,0.159,0.4455,-0.6179,100.0,1,0
LJ500_R064_C080,64,80,701250,9533250,1500,1500,2024,4,2024-04,64,0.5951,0,0.4049,0.0,0.0,0,0,0,0,1.0,0.7622,0.2214,0.5169,-0.68,100.0,1,0
LJ500_R064_C081,64,81,701750,9533250,2000,1500,2024,4,2024-04,64,0.5997,0,0.181,0.0,0.2193,0,0,0,0,1.0,0.801,0.3206,0.5989,-0.7023,100.0,1,0
LJ500_R064_C082,64,82,702250,9533250,2500,1500,2024,4,2024-04,64,0.7276,0,0.2724,0.0,0.0,0,0,0,0,1.0,0.7465,0.2758,0.5548,-0.6645,100.0,1,0
LJ500_R064_C083,64,83,702750,9533250,3000,1500,2024,4,2024-04,64,0.566,0,0.203,0.0,0.231,0,0,0,0,1.0,0.83,0.2667,0.5895,-0.7366,100.0,1,0
LJ500_R064_C084,64,84,703250,9533250,3500,1500,2024,4,2024-04,64,0.235,0,0.7298,0.0,0.0352,0,0,0,0,1.0,0.8501,0.3031,0.6151,-0.7411,100.0,1,0
LJ500_R064_C085,64,85,703750,9533250,4000,1500,2024,4,2024-04,64,0.5109,0,0.4891,0.0,0.0,0,0,0,0,1.0,0.8406,0.2935,0.6062,-0.7366,100.0,1,0
LJ500_R064_C086,64,86,704250,9533250,4500,1500,2024,4,2024-04,64,0.748,0,0.252,0.0,0.0,0,0,0,0,1.0,0.7601,0.2198,0.5222,-0.6764,100.0,1,0
LJ500_R065_C077,65,77,699750,9533750,0,2000,2024,4,2024-04,64,0.312,0,0.4033,0.0,0.2847,0,0,0,0,1.0,0.7868,0.3041,0.5738,-0.6834,99.84,1,0
LJ500_R065_C078,65,78,700250,9533750,500,2000,2024,4,2024-04,64,0.5913,0,0.4071,0.0,0.0016,0,0,0,0,1.0,0.7192,0.2635,0.5193,-0.6481,67.04,1,0
LJ500_R065_C079,65,79,700750,9533750,1000,2000,2024,4,2024-04,64,0.3219,0,0.6781,0.0,0.0,0,0,0,0,1.0,0.6306,0.1174,0.3585,-0.5655,89.92,1,0
LJ500_R065_C080,65,80,701250,9533750,1500,2000,2024,4,2024-04,64,0.8266,0,0.1734,0.0,0.0,0,0,0,0,1.0,0.8183,0.3286,0.6235,-0.7117,100.0,1,0
LJ500_R065_C081,65,81,701750,9533750,2000,2000,2024,4,2024-04,64,0.9017,0,0.0983,0.0,0.0,0,0,0,0,1.0,0.7641,0.3073,0.5849,-0.6651,100.0,1,0
LJ500_R065_C082,65,82,702250,9533750,2500,2000,2024,4,2024-04,64,0.7327,0,0.2673,0.0,0.0,0,0,0,0,1.0,0.7536,0.2835,0.5659,-0.6886,100.0,1,0
LJ500_R065_C083,65,83,702750,9533750,3000,2000,2024,4,2024-04,64,0.7802,0,0.1368,0.0,0.083,0,0,0,0,1.0,0.8446,0.3108,0.6195,-0.7491,100.0,1,0
LJ500_R065_C084,65,84,703250,9533750,3500,2000,2024,4,2024-04,64,0.3229,0,0.6771,0.0,0.0,0,0,0,0,1.0,0.8179,0.2778,0.5836,-0.7174,100.0,1,0
LJ500_R065_C085,65,85,703750,9533750,4000,2000,2024,4,2024-04,64,0.0167,0,0.9833,0.0,0.0,0,0,0,0,1.0,0.7284,0.1719,0.4731,-0.6656,100.0,1,0
LJ500_R065_C086,65,86,704250,9533750,4500,2000,2024,4,2024-04,64,0.7821,0,0.2179,0.0,0.0,0,0,0,0,1.0,0.7599,0.2965,0.5742,-0.6908,100.0,1,0
LJ500_R066_C077,66,77,699750,9534250,0,2500,2024,4,2024-04,64,0.5018,0,0.3517,0.0,0.1465,0,0,0,0,1.0,0.7627,0.2849,0.532,-0.668,67.84,1,0
LJ500_R066_C078,66,78,700250,9534250,500,2500,2024,4,2024-04,64,0.1232,0,0.8768,0.0,0.0,0,0,0,0,1.0,,,,,0.0,1,1
LJ500_R066_C079,66,79,700750,9534250,1000,2500,2024,4,2024-04,64,0.3332,0,0.6668,0.0,0.0,0,0,0,0,1.0,0.5573,0.0448,0.2546,-0.5247,15.2,1,0
LJ500_R066_C080,66,80,701250,9534250,1500,2500,2024,4,2024-04,64,0.9149,0,0.0851,0.0,0.0,0,0,0,0,1.0,0.7472,0.2779,0.5585,-0.6625,35.36,1,0
LJ500_R066_C081,66,81,701750,9534250,2000,2500,2024,4,2024-04,64,0.7037,0,0.2963,0.0,0.0,0,0,0,0,1.0,0.6961,0.243,0.5061,-0.644,51.84,1,0
LJ500_R066_C082,66,82,702250,9534250,2500,2500,2024,4,2024-04,64,0.6772,0,0.3228,0.0,0.0,0,0,0,0,1.0,0.7756,0.2968,0.5706,-0.6981,61.6,1,0
LJ500_R066_C083,66,83,702750,9534250,3000,2500,2024,4,2024-04,64,0.6289,0,0.3711,0.0,0.0,0,0,0,0,1.0,0.7817,0.3045,0.5745,-0.6928,84.16,1,0
LJ500_R066_C084,66,84,703250,9534250,3500,2500,2024,4,2024-04,64,0.7305,0,0.2695,0.0,0.0,0,0,0,0,1.0,0.7146,0.252,0.5194,-0.6444,100.0,1,0
LJ500_R066_C085,66,85,703750,9534250,4000,2500,2024,4,2024-04,64,0.7865,0,0.2135,0.0,0.0,0,0,0,0,1.0,0.7199,0.2743,0.5382,-0.655,100.0,1,0
LJ500_R066_C086,66,86,704250,9534250,4500,2500,2024,4,2024-04,64,1.0,0,0.0,0.0,0.0,0,0,0,0,1.0,0.7413,0.3221,0.581,-0.6725,100.0,1,0
LJ500_R067_C077,67,77,699750,9534750,0,3000,2024,4,2024-04,64,0.7165,0,0.2835,0.0,0.0,0,0,0,0,1.0,0.7063,0.2237,0.4496,-0.6234,72.48,1,0
LJ500_R067_C078,67,78,700250,9534750,500,3000,2024,4,2024-04,64,0.8229,0,0.1771,0.0,0.0,0,0,0,0,1.0,0.6548,0.2187,0.4403,-0.5731,29.12,1,0
LJ500_R067_C079,67,79,700750,9534750,1000,3000,2024,4,2024-04,64,0.9659,0,0.0341,0.0,0.0,0,0,0,0,1.0,0.6307,0.1166,0.3356,-0.579,1.44,1,0
LJ500_R067_C080,67,80,701250,9534750,1500,3000,2024,4,2024-04,64,0.8944,0,0.1056,0.0,0.0,0,0,0,0,1.0,0.6469,0.2519,0.5138,-0.5369,9.92,1,0
LJ500_R067_C081,67,81,701750,9534750,2000,3000,2024,4,2024-04,64,0.7989,0,0.1897,0.0,0.0114,0,0,0,0,1.0,0.6997,0.2573,0.5305,-0.6163,88.64,1,0
LJ500_R067_C082,67,82,702250,9534750,2500,3000,2024,4,2024-04,64,1.0,0,0.0,0.0,0.0,0,0,0,0,1.0,0.7235,0.309,0.5824,-0.6264,34.4,1,0
LJ500_R067_C083,67,83,702750,9534750,3000,3000,2024,4,2024-04,64,1.0,0,0.0,0.0,0.0,0,0,0,0,1.0,0.7321,0.2622,0.5424,-0.6514,73.12,1,0
LJ500_R067_C084,67,84,703250,9534750,3500,3000,2024,4,2024-04,64,1.0,0,0.0,0.0,0.0,0,0,0,0,1.0,0.645,0.2435,0.4989,-0.5832,23.84,1,0
LJ500_R067_C085,67,85,703750,9534750,4000,3000,2024,4,2024-04,64,1.0,0,0.0,0.0,0.0,0,0,0,0,1.0,0.7002,0.3054,0.5542,-0.6401,71.36,1,0
LJ500_R067_C086,67,86,704250,9534750,4500,3000,2024,4,2024-04,64,1.0,0,0.0,0.0,0.0,0,0,0,0,1.0,0.6403,0.2672,0.5013,-0.58,49.92,1,0
LJ500_R068_C077,68,77,699750,9535250,0,3500,2024,4,2024-04,64,0.065,0,0.935,0.0,0.0,0,0,0,0,1.0,0.7593,0.2697,0.5181,-0.6504,89.28,1,0
LJ500_R068_C078,68,78,700250,9535250,500,3500,2024,4,2024-04,64,0.7525,0,0.2475,0.0,0.0,0,0,0,0,1.0,0.7688,0.2889,0.5523,-0.667,92.64,1,0
LJ500_R068_C079,68,79,700750,9535250,1000,3500,2024,4,2024-04,64,1.0,0,0.0,0.0,0.0,0,0,0,0,1.0,0.7882,0.2952,0.5627,-0.687,21.44,1,0
LJ500_R068_C080,68,80,701250,9535250,1500,3500,2024,4,2024-04,64,0.8923,0,0.1077,0.0,0.0,0,0,0,0,1.0,0.6524,0.233,0.492,-0.5585,86.4,1,0
LJ500_R068_C081,68,81,701750,9535250,2000,3500,2024,4,2024-04,64,0.6646,0,0.0767,0.0,0.2586,0,0,0,0,1.0,0.6141,0.1725,0.436,-0.5554,87.2,1,0
LJ500_R068_C082,68,82,702250,9535250,2500,3500,2024,4,2024-04,64,0.9399,0,0.0601,0.0,0.0,0,0,0,0,1.0,0.7024,0.3196,0.5882,-0.6097,53.76,1,0
LJ500_R068_C083,68,83,702750,9535250,3000,3500,2024,4,2024-04,64,1.0,0,0.0,0.0,0.0,0,0,0,0,1.0,0.7323,0.3303,0.6043,-0.6412,18.72,1,0
LJ500_R068_C084,68,84,703250,9535250,3500,3500,2024,4,2024-04,64,1.0,0,0.0,0.0,0.0,0,0,0,0,1.0,0.7254,0.3128,0.5808,-0.6557,17.28,1,0
LJ500_R068_C085,68,85,703750,9535250,4000,3500,2024,4,2024-04,64,1.0,0,0.0,0.0,0.0,0,0,0,0,1.0,0.5839,0.242,0.4611,-0.5283,19.36,1,0
LJ500_R068_C086,68,86,704250,9535250,4500,3500,2024,4,2024-04,64,1.0,0,0.0,0.0,0.0,0,0,0,0,1.0,,,,,0.0,1,1
LJ500_R069_C077,69,77,699750,9535750,0,4000,2024,4,2024-04,64,0.0,0,0.9574,0.0426,0.0,0,0,0,0,1.0,0.7926,0.2857,0.5288,-0.6652,100.0,1,0
LJ500_R069_C078,69,78,700250,9535750,500,4000,2024,4,2024-04,64,0.4139,0,0.5115,0.0746,0.0,0,0,0,0,1.0,0.7808,0.286,0.5315,-0.6748,100.0,1,0
LJ500_R069_C079,69,79,700750,9535750,1000,4000,2024,4,2024-04,64,0.6432,0,0.3568,0.0,0.0,0,0,0,0,1.0,0.6735,0.1762,0.4206,-0.5789,43.2,1,0
LJ500_R069_C080,69,80,701250,9535750,1500,4000,2024,4,2024-04,64,0.8514,0,0.1486,0.0,0.0,0,0,0,0,1.0,0.7104,0.2124,0.4835,-0.6147,100.0,1,0
LJ500_R069_C081,69,81,701750,9535750,2000,4000,2024,4,2024-04,64,1.0,0,0.0,0.0,0.0,0,0,0,0,1.0,0.792,0.3047,0.5935,-0.6958,54.4,1,0
LJ500_R069_C082,69,82,702250,9535750,2500,4000,2024,4,2024-04,64,1.0,0,0.0,0.0,0.0,0,0,0,0,1.0,0.7912,0.328,0.6088,-0.6825,19.68,1,0
LJ500_R069_C083,69,83,702750,9535750,3000,4000,2024,4,2024-04,64,1.0,0,0.0,0.0,0.0,0,0,0,0,1.0,0.7772,0.2594,0.549,-0.6924,2.56,1,0
LJ500_R069_C084,69,84,703250,9535750,3500,4000,2024,4,2024-04,64,1.0,0,0.0,0.0,0.0,0,0,0,0,1.0,0.728,0.2752,0.5487,-0.6631,6.56,1,0
LJ500_R069_C085,69,85,703750,9535750,4000,4000,2024,4,2024-04,64,1.0,0,0.0,0.0,0.0,0,0,0,0,1.0,0.6575,0.2548,0.5114,-0.5839,12.64,1,0
LJ500_R069_C086,69,86,704250,9535750,4500,4000,2024,4,2024-04,64,1.0,0,0.0,0.0,0.0,0,0,0,0,1.0,,,,,0.0,1,1
LJ500_R070_C077,70,77,699750,9536250,0,4500,2024,4,2024-04,64,0.0,0,0.3423,0.4553,0.2024,0,0,0,0,1.0,0.7164,0.1889,0.4353,-0.6349,100.0,1,0
LJ500_R070_C078,70,78,700250,9536250,500,4500,2024,4,2024-04,64,0.0,0,0.3908,0.6092,0.0,0,0,0,0,1.0,0.7012,0.1694,0.4099,-0.6243,100.0,1,0
LJ500_R070_C079,70,79,700750,9536250,1000,4500,2024,4,2024-04,64,0.2082,0,0.7834,0.0084,0.0,0,0,0,0,1.0,0.764,0.2366,0.517,-0.6539,99.04,1,0
LJ500_R070_C080,70,80,701250,9536250,1500,4500,2024,4,2024-04,64,0.2813,0,0.7187,0.0,0.0,0,0,0,0,1.0,0.7678,0.2244,0.5182,-0.6624,100.0,1,0
LJ500_R070_C081,70,81,701750,9536250,2000,4500,2024,4,2024-04,64,0.9197,0,0.0803,0.0,0.0,0,0,0,0,1.0,0.7935,0.2769,0.5651,-0.6922,100.0,1,0
LJ500_R070_C082,70,82,702250,9536250,2500,4500,2024,4,2024-04,64,1.0,0,0.0,0.0,0.0,0,0,0,0,1.0,0.7311,0.2322,0.5037,-0.6564,100.0,1,0
LJ500_R070_C083,70,83,702750,9536250,3000,4500,2024,4,2024-04,64,1.0,0,0.0,0.0,0.0,0,0,0,0,1.0,0.7837,0.2894,0.5715,-0.698,100.0,1,0
LJ500_R070_C084,70,84,703250,9536250,3500,4500,2024,4,2024-04,64,0.9943,0,0.0057,0.0,0.0,0,0,0,0,1.0,0.7377,0.2609,0.5438,-0.6608,57.92,1,0
LJ500_R070_C085,70,85,703750,9536250,4000,4500,2024,4,2024-04,64,1.0,0,0.0,0.0,0.0,0,0,0,0,1.0,0.7284,0.2699,0.5467,-0.6648,78.88,1,0
LJ500_R070_C086,70,86,704250,9536250,4500,4500,2024,4,2024-04,64,1.0,0,0.0,0.0,0.0,0,0,0,0,1.0,0.768,0.3139,0.5937,-0.689,64.48,1,0
LJ500_R061_C077,61,77,699750,9531750,0,0,2024,5,2024-05,65,0.0,0,1.0,0.0,0.0,0,0,0,0,1.0,0.8073,0.2521,0.5531,-0.7164,100.0,1,0
LJ500_R061_C078,61,78,700250,9531750,500,0,2024,5,2024-05,65,0.0,0,0.9516,0.0,0.0484,0,0,0,0,1.0,0.8138,0.2674,0.5676,-0.7106,100.0,1,0
LJ500_R061_C079,61,79,700750,9531750,1000,0,2024,5,2024-05,65,0.0,0,0.906,0.0,0.094,0,0,0,0,1.0,0.8339,0.2981,0.6018,-0.7266,100.0,1,0
LJ500_R061_C080,61,80,701250,9531750,1500,0,2024,5,2024-05,65,0.1714,0,0.8229,0.0,0.0057,0,0,0,0,1.0,0.8042,0.3118,0.622,-0.6826,70.24,1,0
LJ500_R061_C081,61,81,701750,9531750,2000,0,2024,5,2024-05,65,0.0,0,1.0,0.0,0.0,0,0,0,0,1.0,0.7948,0.2642,0.562,-0.6881,67.68,1,0
LJ500_R061_C082,61,82,702250,9531750,2500,0,2024,5,2024-05,65,0.0618,0,0.9382,0.0,0.0,0,0,0,0,1.0,0.7819,0.278,0.5788,-0.6691,84.8,1,0
LJ500_R061_C083,61,83,702750,9531750,3000,0,2024,5,2024-05,65,0.5343,0,0.3633,0.1024,0.0,0,0,0,0,1.0,0.8133,0.3182,0.6173,-0.6979,94.72,1,0
LJ500_R061_C084,61,84,703250,9531750,3500,0,2024,5,2024-05,65,0.7729,0,0.0,0.2271,0.0,0,0,0,0,1.0,0.7371,0.2134,0.5119,-0.6628,57.12,1,0
LJ500_R061_C085,61,85,703750,9531750,4000,0,2024,5,2024-05,65,0.709,0,0.291,0.0,0.0,0,0,0,0,1.0,0.81,0.2947,0.6002,-0.7126,100.0,1,0
LJ500_R061_C086,61,86,704250,9531750,4500,0,2024,5,2024-05,65,1.0,0,0.0,0.0,0.0,0,0,0,0,1.0,0.7633,0.2434,0.5457,-0.664,79.2,1,0
LJ500_R062_C077,62,77,699750,9532250,0,500,2024,5,2024-05,65,0.0,0,0.7197,0.0,0.2803,0,0,0,0,1.0,0.746,0.2112,0.4959,-0.6519,100.0,1,0
LJ500_R062_C078,62,78,700250,9532250,500,500,2024,5,2024-05,65,0.0,0,0.5947,0.0,0.4053,0,0,0,0,1.0,0.7939,0.2786,0.5721,-0.6793,100.0,1,0
LJ500_R062_C079,62,79,700750,9532250,1000,500,2024,5,2024-05,65,0.0,0,0.771,0.0,0.229,0,0,0,0,1.0,0.8149,0.2864,0.5873,-0.6932,100.0,1,0
LJ500_R062_C080,62,80,701250,9532250,1500,500,2024,5,2024-05,65,0.235,0,0.6379,0.0,0.1271,0,0,0,0,1.0,0.7949,0.3015,0.6094,-0.6577,56.64,1,0
LJ500_R062_C081,62,81,701750,9532250,2000,500,2024,5,2024-05,65,0.0684,0,0.7378,0.0,0.1938,0,0,0,0,1.0,0.8204,0.3084,0.6157,-0.6977,48.0,1,0
LJ500_R062_C082,62,82,702250,9532250,2500,500,2024,5,2024-05,65,0.0973,0,0.9027,0.0,0.0,0,0,0,0,1.0,0.7867,0.2958,0.6001,-0.6693,100.0,1,0
LJ500_R062_C083,62,83,702750,9532250,3000,500,2024,5,2024-05,65,0.0473,0,0.9507,0.0019,0.0,0,0,0,0,1.0,0.7846,0.2896,0.587,-0.6644,75.68,1,0
LJ500_R062_C084,62,84,703250,9532250,3500,500,2024,5,2024-05,65,0.2757,0,0.7209,0.0034,0.0,0,0,0,0,1.0,0.8135,0.2662,0.5704,-0.711,71.68,1,0
LJ500_R062_C085,62,85,703750,9532250,4000,500,2024,5,2024-05,65,0.0588,0,0.9412,0.0,0.0,0,0,0,0,1.0,0.7898,0.2547,0.5564,-0.6805,100.0,1,0
LJ500_R062_C086,62,86,704250,9532250,4500,500,2024,5,2024-05,65,0.7611,0,0.2389,0.0,0.0,0,0,0,0,1.0,0.7729,0.2314,0.5343,-0.6771,33.92,1,0
LJ500_R063_C077,63,77,699750,9532750,0,1000,2024,5,2024-05,65,0.0,0,0.1158,0.0,0.8842,0,0,0,0,1.0,0.6906,0.1758,0.4417,-0.5993,100.0,1,0
LJ500_R063_C078,63,78,700250,9532750,500,1000,2024,5,2024-05,65,0.0328,0,0.3431,0.0,0.624,0,0,0,0,1.0,0.7625,0.2386,0.5252,-0.6577,100.0,1,0
LJ500_R063_C079,63,79,700750,9532750,1000,1000,2024,5,2024-05,65,0.2883,0,0.3768,0.0,0.3349,0,0,0,0,1.0,0.7395,0.216,0.4937,-0.648,100.0,1,0
LJ500_R063_C080,63,80,701250,9532750,1500,1000,2024,5,2024-05,65,0.1673,0,0.4746,0.0,0.358,0,0,0,0,1.0,0.7113,0.1775,0.4619,-0.6334,86.24,1,0
LJ500_R063_C081,63,81,701750,9532750,2000,1000,2024,5,2024-05,65,0.0165,0,0.5433,0.0,0.4402,0,0,0,0,1.0,0.7858,0.2713,0.5747,-0.6702,58.08,1,0
LJ500_R063_C082,63,82,702250,9532750,2500,1000,2024,5,2024-05,65,0.6742,0,0.2142,0.0,0.1117,0,0,0,0,1.0,0.8095,0.3145,0.6184,-0.6794,100.0,1,0
LJ500_R063_C083,63,83,702750,9532750,3000,1000,2024,5,2024-05,65,0.2059,0,0.7941,0.0,0.0,0,0,0,0,1.0,0.7536,0.3549,0.637,-0.6193,56.48,1,0
LJ500_R063_C084,63,84,703250,9532750,3500,1000,2024,5,2024-05,65,0.2973,0,0.7027,0.0,0.0,0,0,0,0,1.0,0.7536,0.2655,0.5542,-0.6521,71.68,1,0
LJ500_R063_C085,63,85,703750,9532750,4000,1000,2024,5,2024-05,65,0.1462,0,0.8538,0.0,0.0,0,0,0,0,1.0,0.8077,0.2897,0.5888,-0.6983,100.0,1,0
LJ500_R063_C086,63,86,704250,9532750,4500,1000,2024,5,2024-05,65,0.3435,0,0.6565,0.0,0.0,0,0,0,0,1.0,0.8248,0.3026,0.6072,-0.7183,31.36,1,0
LJ500_R064_C077,64,77,699750,9533250,0,1500,2024,5,2024-05,65,0.3887,0,0.3116,0.0,0.2997,0,0,0,0,1.0,0.6951,0.2648,0.5358,-0.5874,89.76,1,0
LJ500_R064_C078,64,78,700250,9533250,500,1500,2024,5,2024-05,65,0.5382,0,0.082,0.0,0.3799,0,0,0,0,1.0,0.7398,0.2461,0.5308,-0.6382,100.0,1,0
LJ500_R064_C079,64,79,700750,9533250,1000,1500,2024,5,2024-05,65,0.4384,0,0.1474,0.0,0.4142,0,0,0,0,1.0,0.7352,0.1741,0.4678,-0.6557,44.96,1,0
LJ500_R064_C080,64,80,701250,9533250,1500,1500,2024,5,2024-05,65,0.5951,0,0.4049,0.0,0.0,0,0,0,0,1.0,0.7534,0.1978,0.495,-0.68,45.28,1,0
LJ500_R064_C081,64,81,701750,9533250,2000,1500,2024,5,2024-05,65,0.5997,0,0.181,0.0,0.2193,0,0,0,0,1.0,0.7996,0.3062,0.6033,-0.6877,85.6,1,0
LJ500_R064_C082,64,82,702250,9533250,2500,1500,2024,5,2024-05,65,0.7276,0,0.2724,0.0,0.0,0,0,0,0,1.0,0.7674,0.2684,0.5763,-0.6589,100.0,1,0
LJ500_R064_C083,64,83,702750,9533250,3000,1500,2024,5,2024-05,65,0.566,0,0.203,0.0,0.231,0,0,0,0,1.0,0.8162,0.3324,0.6483,-0.7103,60.32,1,0
LJ500_R064_C084,64,84,703250,9533250,3500,1500,2024,5,2024-05,65,0.235,0,0.7298,0.0,0.0352,0,0,0,0,1.0,0.7934,0.4029,0.6962,-0.6719,2.08,1,0
LJ500_R064_C085,64,85,703750,9533250,4000,1500,2024,5,2024-05,65,0.5109,0,0.4891,0.0,0.0,0,0,0,0,1.0,0.8356,0.3184,0.6206,-0.7238,86.08,1,0
LJ500_R064_C086,64,86,704250,9533250,4500,1500,2024,5,2024-05,65,0.748,0,0.252,0.0,0.0,0,0,0,0,1.0,0.7637,0.2442,0.5404,-0.6714,61.28,1,0
LJ500_R065_C077,65,77,699750,9533750,0,2000,2024,5,2024-05,65,0.312,0,0.4033,0.0,0.2847,0,0,0,0,1.0,0.4707,0.1875,0.3989,-0.3971,16.32,1,0
LJ500_R065_C078,65,78,700250,9533750,500,2000,2024,5,2024-05,65,0.5913,0,0.4071,0.0,0.0016,0,0,0,0,1.0,0.6737,0.2294,0.495,-0.5813,30.08,1,0
LJ500_R065_C079,65,79,700750,9533750,1000,2000,2024,5,2024-05,65,0.3219,0,0.6781,0.0,0.0,0,0,0,0,1.0,0.5382,0.0772,0.306,-0.4946,5.6,1,0
LJ500_R065_C080,65,80,701250,9533750,1500,2000,2024,5,2024-05,65,0.8266,0,0.1734,0.0,0.0,0,0,0,0,1.0,0.8262,0.3303,0.6321,-0.7191,23.04,1,0
LJ500_R065_C081,65,81,701750,9533750,2000,2000,2024,5,2024-05,65,0.9017,0,0.0983,0.0,0.0,0,0,0,0,1.0,0.7867,0.2906,0.5904,-0.6788,100.0,1,0
LJ500_R065_C082,65,82,702250,9533750,2500,2000,2024,5,2024-05,65,0.7327,0,0.2673,0.0,0.0,0,0,0,0,1.0,0.7816,0.265,0.5822,-0.6902,100.0,1,0
LJ500_R065_C083,65,83,702750,9533750,3000,2000,2024,5,2024-05,65,0.7802,0,0.1368,0.0,0.083,0,0,0,0,1.0,0.8408,0.337,0.6501,-0.7283,100.0,1,0
LJ500_R065_C084,65,84,703250,9533750,3500,2000,2024,5,2024-05,65,0.3229,0,0.6771,0.0,0.0,0,0,0,0,1.0,0.7768,0.3919,0.6816,-0.6376,43.84,1,0
LJ500_R065_C085,65,85,703750,9533750,4000,2000,2024,5,2024-05,65,0.0167,0,0.9833,0.0,0.0,0,0,0,0,1.0,0.6859,0.2614,0.5342,-0.6032,11.68,1,0
LJ500_R065_C086,65,86,704250,9533750,4500,2000,2024,5,2024-05,65,0.7821,0,0.2179,0.0,0.0,0,0,0,0,1.0,0.7846,0.3009,0.5962,-0.6887,51.52,1,0
LJ500_R066_C077,66,77,699750,9534250,0,2500,2024,5,2024-05,65,0.5018,0,0.3517,0.0,0.1465,0,0,0,0,1.0,,,,,0.0,1,1
LJ500_R066_C078,66,78,700250,9534250,500,2500,2024,5,2024-05,65,0.1232,0,0.8768,0.0,0.0,0,0,0,0,1.0,,,,,0.0,1,1
LJ500_R066_C079,66,79,700750,9534250,1000,2500,2024,5,2024-05,65,0.3332,0,0.6668,0.0,0.0,0,0,0,0,1.0,,,,,0.0,1,1
LJ500_R066_C080,66,80,701250,9534250,1500,2500,2024,5,2024-05,65,0.9149,0,0.0851,0.0,0.0,0,0,0,0,1.0,0.5876,0.1446,0.4234,-0.5308,4.32,1,0
LJ500_R066_C081,66,81,701750,9534250,2000,2500,2024,5,2024-05,65,0.7037,0,0.2963,0.0,0.0,0,0,0,0,1.0,0.7019,0.222,0.518,-0.6209,100.0,1,0
LJ500_R066_C082,66,82,702250,9534250,2500,2500,2024,5,2024-05,65,0.6772,0,0.3228,0.0,0.0,0,0,0,0,1.0,0.802,0.2923,0.5956,-0.6962,100.0,1,0
LJ500_R066_C083,66,83,702750,9534250,3000,2500,2024,5,2024-05,65,0.6289,0,0.3711,0.0,0.0,0,0,0,0,1.0,0.7998,0.2868,0.5904,-0.6841,100.0,1,0
LJ500_R066_C084,66,84,703250,9534250,3500,2500,2024,5,2024-05,65,0.7305,0,0.2695,0.0,0.0,0,0,0,0,1.0,0.7288,0.3062,0.6134,-0.6008,25.44,1,0
LJ500_R066_C085,66,85,703750,9534250,4000,2500,2024,5,2024-05,65,0.7865,0,0.2135,0.0,0.0,0,0,0,0,1.0,0.7486,0.3037,0.5937,-0.6413,29.12,1,0
LJ500_R066_C086,66,86,704250,9534250,4500,2500,2024,5,2024-05,65,1.0,0,0.0,0.0,0.0,0,0,0,0,1.0,0.7657,0.2926,0.5897,-0.667,16.48,1,0
LJ500_R067_C077,67,77,699750,9534750,0,3000,2024,5,2024-05,65,0.7165,0,0.2835,0.0,0.0,0,0,0,0,1.0,,,,,0.0,1,1
LJ500_R067_C078,67,78,700250,9534750,500,3000,2024,5,2024-05,65,0.8229,0,0.1771,0.0,0.0,0,0,0,0,1.0,,,,,0.0,1,1
LJ500_R067_C079,67,79,700750,9534750,1000,3000,2024,5,2024-05,65,0.9659,0,0.0341,0.0,0.0,0,0,0,0,1.0,,,,,0.0,1,1
LJ500_R067_C080,67,80,701250,9534750,1500,3000,2024,5,2024-05,65,0.8944,0,0.1056,0.0,0.0,0,0,0,0,1.0,0.5769,0.1695,0.4118,-0.5214,24.48,1,0
LJ500_R067_C081,67,81,701750,9534750,2000,3000,2024,5,2024-05,65,0.7989,0,0.1897,0.0,0.0114,0,0,0,0,1.0,0.7072,0.2433,0.5256,-0.6309,100.0,1,0
LJ500_R067_C082,67,82,702250,9534750,2500,3000,2024,5,2024-05,65,1.0,0,0.0,0.0,0.0,0,0,0,0,1.0,0.7596,0.2944,0.5861,-0.66,100.0,1,0
LJ500_R067_C083,67,83,702750,9534750,3000,3000,2024,5,2024-05,65,1.0,0,0.0,0.0,0.0,0,0,0,0,1.0,0.743,0.2881,0.5776,-0.6406,100.0,1,0
LJ500_R067_C084,67,84,703250,9534750,3500,3000,2024,5,2024-05,65,1.0,0,0.0,0.0,0.0,0,0,0,0,1.0,0.6979,0.2721,0.5594,-0.5992,55.68,1,0
LJ500_R067_C085,67,85,703750,9534750,4000,3000,2024,5,2024-05,65,1.0,0,0.0,0.0,0.0,0,0,0,0,1.0,0.8101,0.3524,0.6461,-0.712,22.72,1,0
LJ500_R067_C086,67,86,704250,9534750,4500,3000,2024,5,2024-05,65,1.0,0,0.0,0.0,0.0,0,0,0,0,1.0,0.7215,0.3244,0.5993,-0.6239,37.76,1,0
LJ500_R068_C077,68,77,699750,9535250,0,3500,2024,5,2024-05,65,0.065,0,0.935,0.0,0.0,0,0,0,0,1.0,0.6255,0.2365,0.4803,-0.52,2.24,1,0
LJ500_R068_C078,68,78,700250,9535250,500,3500,2024,5,2024-05,65,0.7525,0,0.2475,0.0,0.0,0,0,0,0,1.0,0.6689,0.2308,0.4624,-0.5757,0.8,1,0
LJ500_R068_C079,68,79,700750,9535250,1000,3500,2024,5,2024-05,65,1.0,0,0.0,0.0,0.0,0,0,0,0,1.0,,,,,0.0,1,1
LJ500_R068_C080,68,80,701250,9535250,1500,3500,2024,5,2024-05,65,0.8923,0,0.1077,0.0,0.0,0,0,0,0,1.0,0.5875,0.2277,0.4508,-0.5214,8.64,1,0
LJ500_R068_C081,68,81,701750,9535250,2000,3500,2024,5,2024-05,65,0.6646,0,0.0767,0.0,0.2586,0,0,0,0,1.0,0.6271,0.1485,0.4216,-0.5756,82.88,1,0
LJ500_R068_C082,68,82,702250,9535250,2500,3500,2024,5,2024-05,65,0.9399,0,0.0601,0.0,0.0,0,0,0,0,1.0,0.7424,0.3196,0.6008,-0.6517,100.0,1,0
LJ500_R068_C083,68,83,702750,9535250,3000,3500,2024,5,2024-05,65,1.0,0,0.0,0.0,0.0,0,0,0,0,1.0,0.745,0.3465,0.6237,-0.6522,100.0,1,0
LJ500_R068_C084,68,84,703250,9535250,3500,3500,2024,5,2024-05,65,1.0,0,0.0,0.0,0.0,0,0,0,0,1.0,0.7175,0.3445,0.6219,-0.6185,40.0,1,0
LJ500_R068_C085,68,85,703750,9535250,4000,3500,2024,5,2024-05,65,1.0,0,0.0,0.0,0.0,0,0,0,0,1.0,0.7032,0.346,0.6166,-0.5963,9.92,1,0
LJ500_R068_C086,68,86,704250,9535250,4500,3500,2024,5,2024-05,65,1.0,0,0.0,0.0,0.0,0,0,0,0,1.0,0.6352,0.2967,0.5588,-0.5542,100.0,1,0
LJ500_R069_C077,69,77,699750,9535750,0,4000,2024,5,2024-05,65,0.0,0,0.9574,0.0426,0.0,0,0,0,0,1.0,0.7214,0.2775,0.5262,-0.6106,26.4,1,0
LJ500_R069_C078,69,78,700250,9535750,500,4000,2024,5,2024-05,65,0.4139,0,0.5115,0.0746,0.0,0,0,0,0,1.0,0.7387,0.2748,0.531,-0.6208,26.56,1,0
LJ500_R069_C079,69,79,700750,9535750,1000,4000,2024,5,2024-05,65,0.6432,0,0.3568,0.0,0.0,0,0,0,0,1.0,0.6482,0.106,0.3453,-0.5714,23.68,1,0
LJ500_R069_C080,69,80,701250,9535750,1500,4000,2024,5,2024-05,65,0.8514,0,0.1486,0.0,0.0,0,0,0,0,1.0,0.651,0.1936,0.4649,-0.5727,26.08,1,0
LJ500_R069_C081,69,81,701750,9535750,2000,4000,2024,5,2024-05,65,1.0,0,0.0,0.0,0.0,0,0,0,0,1.0,0.7972,0.3156,0.6106,-0.6982,77.28,1,0
LJ500_R069_C082,69,82,702250,9535750,2500,4000,2024,5,2024-05,65,1.0,0,0.0,0.0,0.0,0,0,0,0,1.0,0.7939,0.3231,0.6141,-0.6947,100.0,1,0
LJ500_R069_C083,69,83,702750,9535750,3000,4000,2024,5,2024-05,65,1.0,0,0.0,0.0,0.0,0,0,0,0,1.0,0.7555,0.3304,0.6185,-0.6621,97.28,1,0
LJ500_R069_C084,69,84,703250,9535750,3500,4000,2024,5,2024-05,65,1.0,0,0.0,0.0,0.0,0,0,0,0,1.0,0.7434,0.3353,0.6177,-0.6531,45.12,1,0
LJ500_R069_C085,69,85,703750,9535750,4000,4000,2024,5,2024-05,65,1.0,0,0.0,0.0,0.0,0,0,0,0,1.0,0.731,0.2847,0.5705,-0.6456,73.12,1,0
LJ500_R069_C086,69,86,704250,9535750,4500,4000,2024,5,2024-05,65,1.0,0,0.0,0.0,0.0,0,0,0,0,1.0,0.6968,0.2458,0.5318,-0.6145,100.0,1,0
LJ500_R070_C077,70,77,699750,9536250,0,4500,2024,5,2024-05,65,0.0,0,0.3423,0.4553,0.2024,0,0,0,0,1.0,0.6936,0.1993,0.4549,-0.6089,92.64,1,0
LJ500_R070_C078,70,78,700250,9536250,500,4500,2024,5,2024-05,65,0.0,0,0.3908,0.6092,0.0,0,0,0,0,1.0,0.7126,0.1871,0.4353,-0.6215,100.0,1,0
LJ500_R070_C079,70,79,700750,9536250,1000,4500,2024,5,2024-05,65,0.2082,0,0.7834,0.0084,0.0,0,0,0,0,1.0,0.7758,0.2447,0.5301,-0.6666,100.0,1,0
LJ500_R070_C080,70,80,701250,9536250,1500,4500,2024,5,2024-05,65,0.2813,0,0.7187,0.0,0.0,0,0,0,0,1.0,0.7553,0.237,0.5266,-0.6468,81.76,1,0
LJ500_R070_C081,70,81,701750,9536250,2000,4500,2024,5,2024-05,65,0.9197,0,0.0803,0.0,0.0,0,0,0,0,1.0,0.7884,0.3074,0.6003,-0.6762,42.4,1,0
LJ500_R070_C082,70,82,702250,9536250,2500,4500,2024,5,2024-05,65,1.0,0,0.0,0.0,0.0,0,0,0,0,1.0,0.7114,0.2542,0.5397,-0.6164,44.8,1,0
LJ500_R070_C083,70,83,702750,9536250,3000,4500,2024,5,2024-05,65,1.0,0,0.0,0.0,0.0,0,0,0,0,1.0,0.7142,0.3018,0.5814,-0.622,74.56,1,0
LJ500_R070_C084,70,84,703250,9536250,3500,4500,2024,5,2024-05,65,0.9943,0,0.0057,0.0,0.0,0,0,0,0,1.0,0.722,0.2644,0.5474,-0.6388,98.24,1,0
LJ500_R070_C085,70,85,703750,9536250,4000,4500,2024,5,2024-05,65,1.0,0,0.0,0.0,0.0,0,0,0,0,1.0,0.7575,0.3014,0.5844,-0.6826,100.0,1,0
LJ500_R070_C086,70,86,704250,9536250,4500,4500,2024,5,2024-05,65,1.0,0,0.0,0.0,0.0,0,0,0,0,1.0,0.7887,0.3426,0.6305,-0.7004,100.0,1,0
LJ500_R061_C077,61,77,699750,9531750,0,0,2024,6,2024-06,66,0.0,0,1.0,0.0,0.0,0,0,0,0,1.0,,,,,0.0,1,1
LJ500_R061_C078,61,78,700250,9531750,500,0,2024,6,2024-06,66,0.0,0,0.9516,0.0,0.0484,0,0,0,0,1.0,,,,,0.0,1,1
LJ500_R061_C079,61,79,700750,9531750,1000,0,2024,6,2024-06,66,0.0,0,0.906,0.0,0.094,0,0,0,0,1.0,0.7894,0.2756,0.583,-0.6838,28.16,1,0
LJ500_R061_C080,61,80,701250,9531750,1500,0,2024,6,2024-06,66,0.1714,0,0.8229,0.0,0.0057,0,0,0,0,1.0,0.7723,0.2515,0.5626,-0.6788,96.0,1,0
LJ500_R061_C081,61,81,701750,9531750,2000,0,2024,6,2024-06,66,0.0,0,1.0,0.0,0.0,0,0,0,0,1.0,0.754,0.2891,0.5989,-0.6452,64.48,1,0
LJ500_R061_C082,61,82,702250,9531750,2500,0,2024,6,2024-06,66,0.0618,0,0.9382,0.0,0.0,0,0,0,0,1.0,,,,,0.0,1,1
LJ500_R061_C083,61,83,702750,9531750,3000,0,2024,6,2024-06,66,0.5343,0,0.3633,0.1024,0.0,0,0,0,0,1.0,,,,,0.0,1,1
LJ500_R061_C084,61,84,703250,9531750,3500,0,2024,6,2024-06,66,0.7729,0,0.0,0.2271,0.0,0,0,0,0,1.0,,,,,0.0,1,1
LJ500_R061_C085,61,85,703750,9531750,4000,0,2024,6,2024-06,66,0.709,0,0.291,0.0,0.0,0,0,0,0,1.0,,,,,0.0,1,1
LJ500_R061_C086,61,86,704250,9531750,4500,0,2024,6,2024-06,66,1.0,0,0.0,0.0,0.0,0,0,0,0,1.0,,,,,0.0,1,1
LJ500_R062_C077,62,77,699750,9532250,0,500,2024,6,2024-06,66,0.0,0,0.7197,0.0,0.2803,0,0,0,0,1.0,,,,,0.0,1,1
LJ500_R062_C078,62,78,700250,9532250,500,500,2024,6,2024-06,66,0.0,0,0.5947,0.0,0.4053,0,0,0,0,1.0,0.7015,0.3104,0.5849,-0.5953,12.8,1,0
LJ500_R062_C079,62,79,700750,9532250,1000,500,2024,6,2024-06,66,0.0,0,0.771,0.0,0.229,0,0,0,0,1.0,0.779,0.3066,0.6039,-0.6554,65.44,1,0
LJ500_R062_C080,62,80,701250,9532250,1500,500,2024,6,2024-06,66,0.235,0,0.6379,0.0,0.1271,0,0,0,0,1.0,0.7578,0.2633,0.572,-0.6488,96.0,1,0
LJ500_R062_C081,62,81,701750,9532250,2000,500,2024,6,2024-06,66,0.0684,0,0.7378,0.0,0.1938,0,0,0,0,1.0,0.7602,0.293,0.6062,-0.6479,75.84,1,0
LJ500_R062_C082,62,82,702250,9532250,2500,500,2024,6,2024-06,66,0.0973,0,0.9027,0.0,0.0,0,0,0,0,1.0,,,,,0.0,1,1
LJ500_R062_C083,62,83,702750,9532250,3000,500,2024,6,2024-06,66,0.0473,0,0.9507,0.0019,0.0,0,0,0,0,1.0,,,,,0.0,1,1
LJ500_R062_C084,62,84,703250,9532250,3500,500,2024,6,2024-06,66,0.2757,0,0.7209,0.0034,0.0,0,0,0,0,1.0,,,,,0.0,1,1
LJ500_R062_C085,62,85,703750,9532250,4000,500,2024,6,2024-06,66,0.0588,0,0.9412,0.0,0.0,0,0,0,0,1.0,,,,,0.0,1,1
LJ500_R062_C086,62,86,704250,9532250,4500,500,2024,6,2024-06,66,0.7611,0,0.2389,0.0,0.0,0,0,0,0,1.0,,,,,0.0,1,1
LJ500_R063_C077,63,77,699750,9532750,0,1000,2024,6,2024-06,66,0.0,0,0.1158,0.0,0.8842,0,0,0,0,1.0,,,,,0.0,1,1
LJ500_R063_C078,63,78,700250,9532750,500,1000,2024,6,2024-06,66,0.0328,0,0.3431,0.0,0.624,0,0,0,0,1.0,0.62,0.249,0.5316,-0.5312,14.72,1,0
LJ500_R063_C079,63,79,700750,9532750,1000,1000,2024,6,2024-06,66,0.2883,0,0.3768,0.0,0.3349,0,0,0,0,1.0,0.6002,0.2666,0.5096,-0.5045,13.92,1,0
LJ500_R063_C080,63,80,701250,9532750,1500,1000,2024,6,2024-06,66,0.1673,0,0.4746,0.0,0.358,0,0,0,0,1.0,0.7346,0.2099,0.5194,-0.6499,45.12,1,0
LJ500_R063_C081,63,81,701750,9532750,2000,1000,2024,6,2024-06,66,0.0165,0,0.5433,0.0,0.4402,0,0,0,0,1.0,0.7812,0.3045,0.6158,-0.6735,85.6,1,0
LJ500_R063_C082,63,82,702250,9532750,2500,1000,2024,6,2024-06,66,0.6742,0,0.2142,0.0,0.1117,0,0,0,0,1.0,0.7588,0.346,0.6503,-0.6216,29.76,1,0
LJ500_R063_C083,63,83,702750,9532750,3000,1000,2024,6,2024-06,66,0.2059,0,0.7941,0.0,0.0,0,0,0,0,1.0,0.7683,0.3547,0.6403,-0.6445,4.32,1,0
LJ500_R063_C084,63,84,703250,9532750,3500,1000,2024,6,2024-06,66,0.2973,0,0.7027,0.0,0.0,0,0,0,0,1.0,,,,,0.0,1,1
LJ500_R063_C085,63,85,703750,9532750,4000,1000,2024,6,2024-06,66,0.1462,0,0.8538,0.0,0.0,0,0,0,0,1.0,,,,,0.0,1,1
LJ500_R063_C086,63,86,704250,9532750,4500,1000,2024,6,2024-06,66,0.3435,0,0.6565,0.0,0.0,0,0,0,0,1.0,,,,,0.0,1,1
LJ500_R064_C077,64,77,699750,9533250,0,1500,2024,6,2024-06,66,0.3887,0,0.3116,0.0,0.2997,0,0,0,0,1.0,,,,,0.0,1,1
LJ500_R064_C078,64,78,700250,9533250,500,1500,2024,6,2024-06,66,0.5382,0,0.082,0.0,0.3799,0,0,0,0,1.0,,,,,0.0,1,1
LJ500_R064_C079,64,79,700750,9533250,1000,1500,2024,6,2024-06,66,0.4384,0,0.1474,0.0,0.4142,0,0,0,0,1.0,,,,,0.0,1,1
LJ500_R064_C080,64,80,701250,9533250,1500,1500,2024,6,2024-06,66,0.5951,0,0.4049,0.0,0.0,0,0,0,0,1.0,,,,,0.0,1,1
LJ500_R064_C081,64,81,701750,9533250,2000,1500,2024,6,2024-06,66,0.5997,0,0.181,0.0,0.2193,0,0,0,0,1.0,0.8075,0.3128,0.6208,-0.6945,63.68,1,0
LJ500_R064_C082,64,82,702250,9533250,2500,1500,2024,6,2024-06,66,0.7276,0,0.2724,0.0,0.0,0,0,0,0,1.0,0.7647,0.3233,0.6294,-0.6399,48.8,1,0
LJ500_R064_C083,64,83,702750,9533250,3000,1500,2024,6,2024-06,66,0.566,0,0.203,0.0,0.231,0,0,0,0,1.0,0.7906,0.3098,0.6135,-0.6755,4.96,1,0
LJ500_R064_C084,64,84,703250,9533250,3500,1500,2024,6,2024-06,66,0.235,0,0.7298,0.0,0.0352,0,0,0,0,1.0,,,,,0.0,1,1
LJ500_R064_C085,64,85,703750,9533250,4000,1500,2024,6,2024-06,66,0.5109,0,0.4891,0.0,0.0,0,0,0,0,1.0,,,,,0.0,1,1
LJ500_R064_C086,64,86,704250,9533250,4500,1500,2024,6,2024-06,66,0.748,0,0.252,0.0,0.0,0,0,0,0,1.0,,,,,0.0,1,1
LJ500_R065_C077,65,77,699750,9533750,0,2000,2024,6,2024-06,66,0.312,0,0.4033,0.0,0.2847,0,0,0,0,1.0,,,,,0.0,1,1
LJ500_R065_C078,65,78,700250,9533750,500,2000,2024,6,2024-06,66,0.5913,0,0.4071,0.0,0.0016,0,0,0,0,1.0,,,,,0.0,1,1
LJ500_R065_C079,65,79,700750,9533750,1000,2000,2024,6,2024-06,66,0.3219,0,0.6781,0.0,0.0,0,0,0,0,1.0,,,,,0.0,1,1
LJ500_R065_C080,65,80,701250,9533750,1500,2000,2024,6,2024-06,66,0.8266,0,0.1734,0.0,0.0,0,0,0,0,1.0,,,,,0.0,1,1
LJ500_R065_C081,65,81,701750,9533750,2000,2000,2024,6,2024-06,66,0.9017,0,0.0983,0.0,0.0,0,0,0,0,1.0,0.7399,0.2922,0.5811,-0.6266,37.92,1,0
LJ500_R065_C082,65,82,702250,9533750,2500,2000,2024,6,2024-06,66,0.7327,0,0.2673,0.0,0.0,0,0,0,0,1.0,0.7733,0.2865,0.6021,-0.6744,100.0,1,0
LJ500_R065_C083,65,83,702750,9533750,3000,2000,2024,6,2024-06,66,0.7802,0,0.1368,0.0,0.083,0,0,0,0,1.0,0.7577,0.2976,0.6016,-0.6611,27.68,1,0
LJ500_R065_C084,65,84,703250,9533750,3500,2000,2024,6,2024-06,66,0.3229,0,0.6771,0.0,0.0,0,0,0,0,1.0,,,,,0.0,1,1
LJ500_R065_C085,65,85,703750,9533750,4000,2000,2024,6,2024-06,66,0.0167,0,0.9833,0.0,0.0,0,0,0,0,1.0,,,,,0.0,1,1
LJ500_R065_C086,65,86,704250,9533750,4500,2000,2024,6,2024-06,66,0.7821,0,0.2179,0.0,0.0,0,0,0,0,1.0,,,,,0.0,1,1
LJ500_R066_C077,66,77,699750,9534250,0,2500,2024,6,2024-06,66,0.5018,0,0.3517,0.0,0.1465,0,0,0,0,1.0,,,,,0.0,1,1
LJ500_R066_C078,66,78,700250,9534250,500,2500,2024,6,2024-06,66,0.1232,0,0.8768,0.0,0.0,0,0,0,0,1.0,,,,,0.0,1,1
LJ500_R066_C079,66,79,700750,9534250,1000,2500,2024,6,2024-06,66,0.3332,0,0.6668,0.0,0.0,0,0,0,0,1.0,,,,,0.0,1,1
LJ500_R066_C080,66,80,701250,9534250,1500,2500,2024,6,2024-06,66,0.9149,0,0.0851,0.0,0.0,0,0,0,0,1.0,,,,,0.0,1,1
LJ500_R066_C081,66,81,701750,9534250,2000,2500,2024,6,2024-06,66,0.7037,0,0.2963,0.0,0.0,0,0,0,0,1.0,0.7149,0.2561,0.5452,-0.6289,45.28,1,0
LJ500_R066_C082,66,82,702250,9534250,2500,2500,2024,6,2024-06,66,0.6772,0,0.3228,0.0,0.0,0,0,0,0,1.0,0.8018,0.3148,0.6176,-0.6924,100.0,1,0
LJ500_R066_C083,66,83,702750,9534250,3000,2500,2024,6,2024-06,66,0.6289,0,0.3711,0.0,0.0,0,0,0,0,1.0,0.7917,0.3082,0.6084,-0.6726,58.56,1,0
LJ500_R066_C084,66,84,703250,9534250,3500,2500,2024,6,2024-06,66,0.7305,0,0.2695,0.0,0.0,0,0,0,0,1.0,,,,,0.0,1,1
LJ500_R066_C085,66,85,703750,9534250,4000,2500,2024,6,2024-06,66,0.7865,0,0.2135,0.0,0.0,0,0,0,0,1.0,,,,,0.0,1,1
LJ500_R066_C086,66,86,704250,9534250,4500,2500,2024,6,2024-06,66,1.0,0,0.0,0.0,0.0,0,0,0,0,1.0,,,,,0.0,1,1
LJ500_R067_C077,67,77,699750,9534750,0,3000,2024,6,2024-06,66,0.7165,0,0.2835,0.0,0.0,0,0,0,0,1.0,,,,,0.0,1,1
LJ500_R067_C078,67,78,700250,9534750,500,3000,2024,6,2024-06,66,0.8229,0,0.1771,0.0,0.0,0,0,0,0,1.0,,,,,0.0,1,1
LJ500_R067_C079,67,79,700750,9534750,1000,3000,2024,6,2024-06,66,0.9659,0,0.0341,0.0,0.0,0,0,0,0,1.0,,,,,0.0,1,1
LJ500_R067_C080,67,80,701250,9534750,1500,3000,2024,6,2024-06,66,0.8944,0,0.1056,0.0,0.0,0,0,0,0,1.0,0.6521,0.2297,0.4957,-0.5731,28.32,1,0
LJ500_R067_C081,67,81,701750,9534750,2000,3000,2024,6,2024-06,66,0.7989,0,0.1897,0.0,0.0114,0,0,0,0,1.0,0.6512,0.2605,0.5185,-0.5754,85.76,1,0
LJ500_R067_C082,67,82,702250,9534750,2500,3000,2024,6,2024-06,66,1.0,0,0.0,0.0,0.0,0,0,0,0,1.0,0.7589,0.3327,0.6231,-0.6502,98.08,1,0
LJ500_R067_C083,67,83,702750,9534750,3000,3000,2024,6,2024-06,66,1.0,0,0.0,0.0,0.0,0,0,0,0,1.0,0.778,0.3355,0.6326,-0.6598,10.4,1,0
LJ500_R067_C084,67,84,703250,9534750,3500,3000,2024,6,2024-06,66,1.0,0,0.0,0.0,0.0,0,0,0,0,1.0,,,,,0.0,1,1
LJ500_R067_C085,67,85,703750,9534750,4000,3000,2024,6,2024-06,66,1.0,0,0.0,0.0,0.0,0,0,0,0,1.0,,,,,0.0,1,1
LJ500_R067_C086,67,86,704250,9534750,4500,3000,2024,6,2024-06,66,1.0,0,0.0,0.0,0.0,0,0,0,0,1.0,,,,,0.0,1,1
LJ500_R068_C077,68,77,699750,9535250,0,3500,2024,6,2024-06,66,0.065,0,0.935,0.0,0.0,0,0,0,0,1.0,,,,,0.0,1,1
LJ500_R068_C078,68,78,700250,9535250,500,3500,2024,6,2024-06,66,0.7525,0,0.2475,0.0,0.0,0,0,0,0,1.0,0.7727,0.2915,0.5743,-0.6522,9.6,1,0
LJ500_R068_C079,68,79,700750,9535250,1000,3500,2024,6,2024-06,66,1.0,0,0.0,0.0,0.0,0,0,0,0,1.0,0.7339,0.2543,0.5381,-0.6299,70.88,1,0
LJ500_R068_C080,68,80,701250,9535250,1500,3500,2024,6,2024-06,66,0.8923,0,0.1077,0.0,0.0,0,0,0,0,1.0,0.6449,0.2149,0.4604,-0.5738,58.08,1,0
LJ500_R068_C081,68,81,701750,9535250,2000,3500,2024,6,2024-06,66,0.6646,0,0.0767,0.0,0.2586,0,0,0,0,1.0,0.6597,0.2037,0.4754,-0.604,97.44,1,0
LJ500_R068_C082,68,82,702250,9535250,2500,3500,2024,6,2024-06,66,0.9399,0,0.0601,0.0,0.0,0,0,0,0,1.0,0.7331,0.3695,0.643,-0.6273,40.32,1,0
LJ500_R068_C083,68,83,702750,9535250,3000,3500,2024,6,2024-06,66,1.0,0,0.0,0.0,0.0,0,0,0,0,1.0,,,,,0.0,1,1
LJ500_R068_C084,68,84,703250,9535250,3500,3500,2024,6,2024-06,66,1.0,0,0.0,0.0,0.0,0,0,0,0,1.0,,,,,0.0,1,1
LJ500_R068_C085,68,85,703750,9535250,4000,3500,2024,6,2024-06,66,1.0,0,0.0,0.0,0.0,0,0,0,0,1.0,,,,,0.0,1,1
LJ500_R068_C086,68,86,704250,9535250,4500,3500,2024,6,2024-06,66,1.0,0,0.0,0.0,0.0,0,0,0,0,1.0,,,,,0.0,1,1
LJ500_R069_C077,69,77,699750,9535750,0,4000,2024,6,2024-06,66,0.0,0,0.9574,0.0426,0.0,0,0,0,0,1.0,0.7752,0.3163,0.5778,-0.6525,3.2,1,0
LJ500_R069_C078,69,78,700250,9535750,500,4000,2024,6,2024-06,66,0.4139,0,0.5115,0.0746,0.0,0,0,0,0,1.0,0.7671,0.3253,0.6012,-0.6372,73.28,1,0
LJ500_R069_C079,69,79,700750,9535750,1000,4000,2024,6,2024-06,66,0.6432,0,0.3568,0.0,0.0,0,0,0,0,1.0,0.7354,0.2453,0.5183,-0.6254,97.6,1,0
LJ500_R069_C080,69,80,701250,9535750,1500,4000,2024,6,2024-06,66,0.8514,0,0.1486,0.0,0.0,0,0,0,0,1.0,0.7663,0.2509,0.5396,-0.6729,100.0,1,0
LJ500_R069_C081,69,81,701750,9535750,2000,4000,2024,6,2024-06,66,1.0,0,0.0,0.0,0.0,0,0,0,0,1.0,0.805,0.3514,0.6534,-0.708,99.84,1,0
LJ500_R069_C082,69,82,702250,9535750,2500,4000,2024,6,2024-06,66,1.0,0,0.0,0.0,0.0,0,0,0,0,1.0,0.7692,0.3517,0.6348,-0.6603,41.12,1,0
LJ500_R069_C083,69,83,702750,9535750,3000,4000,2024,6,2024-06,66,1.0,0,0.0,0.0,0.0,0,0,0,0,1.0,0.5838,0.295,0.5401,-0.4903,7.68,1,0
LJ500_R069_C084,69,84,703250,9535750,3500,4000,2024,6,2024-06,66,1.0,0,0.0,0.0,0.0,0,0,0,0,1.0,,,,,0.0,1,1
LJ500_R069_C085,69,85,703750,9535750,4000,4000,2024,6,2024-06,66,1.0,0,0.0,0.0,0.0,0,0,0,0,1.0,,,,,0.0,1,1
LJ500_R069_C086,69,86,704250,9535750,4500,4000,2024,6,2024-06,66,1.0,0,0.0,0.0,0.0,0,0,0,0,1.0,,,,,0.0,1,1
LJ500_R070_C077,70,77,699750,9536250,0,4500,2024,6,2024-06,66,0.0,0,0.3423,0.4553,0.2024,0,0,0,0,1.0,,,,,0.0,1,1
LJ500_R070_C078,70,78,700250,9536250,500,4500,2024,6,2024-06,66,0.0,0,0.3908,0.6092,0.0,0,0,0,0,1.0,0.5973,0.2006,0.4296,-0.5001,12.48,1,0
LJ500_R070_C079,70,79,700750,9536250,1000,4500,2024,6,2024-06,66,0.2082,0,0.7834,0.0084,0.0,0,0,0,0,1.0,0.7806,0.2924,0.599,-0.6547,54.24,1,0
LJ500_R070_C080,70,80,701250,9536250,1500,4500,2024,6,2024-06,66,0.2813,0,0.7187,0.0,0.0,0,0,0,0,1.0,0.807,0.2858,0.5963,-0.6833,76.64,1,0
LJ500_R070_C081,70,81,701750,9536250,2000,4500,2024,6,2024-06,66,0.9197,0,0.0803,0.0,0.0,0,0,0,0,1.0,0.7979,0.3187,0.6216,-0.6804,77.76,1,0
LJ500_R070_C082,70,82,702250,9536250,2500,4500,2024,6,2024-06,66,1.0,0,0.0,0.0,0.0,0,0,0,0,1.0,0.7062,0.3032,0.5818,-0.6039,46.72,1,0
LJ500_R070_C083,70,83,702750,9536250,3000,4500,2024,6,2024-06,66,1.0,0,0.0,0.0,0.0,0,0,0,0,1.0,0.4424,0.2285,0.4367,-0.3808,0.16,1,0
LJ500_R070_C084,70,84,703250,9536250,3500,4500,2024,6,2024-06,66,0.9943,0,0.0057,0.0,0.0,0,0,0,0,1.0,,,,,0.0,1,1
LJ500_R070_C085,70,85,703750,9536250,4000,4500,2024,6,2024-06,66,1.0,0,0.0,0.0,0.0,0,0,0,0,1.0,,,,,0.0,1,1
LJ500_R070_C086,70,86,704250,9536250,4500,4500,2024,6,2024-06,66,1.0,0,0.0,0.0,0.0,0,0,0,0,1.0,,,,,0.0,1,1
LJ500_R061_C077,61,77,699750,9531750,0,0,2024,7,2024-07,67,0.0,0,1.0,0.0,0.0,0,0,0,0,1.0,0.6747,0.1279,0.3998,-0.6285,100.0,1,0
LJ500_R061_C078,61,78,700250,9531750,500,0,2024,7,2024-07,67,0.0,0,0.9516,0.0,0.0484,0,0,0,0,1.0,0.6838,0.1724,0.4475,-0.6166,100.0,1,0
LJ500_R061_C079,61,79,700750,9531750,1000,0,2024,7,2024-07,67,0.0,0,0.906,0.0,0.094,0,0,0,0,1.0,0.7693,0.2376,0.5324,-0.6725,100.0,1,0
LJ500_R061_C080,61,80,701250,9531750,1500,0,2024,7,2024-07,67,0.1714,0,0.8229,0.0,0.0057,0,0,0,0,1.0,0.748,0.2083,0.5066,-0.6662,100.0,1,0
LJ500_R061_C081,61,81,701750,9531750,2000,0,2024,7,2024-07,67,0.0,0,1.0,0.0,0.0,0,0,0,0,1.0,0.7379,0.1897,0.4885,-0.6544,100.0,1,0
LJ500_R061_C082,61,82,702250,9531750,2500,0,2024,7,2024-07,67,0.0618,0,0.9382,0.0,0.0,0,0,0,0,1.0,0.7694,0.2287,0.5339,-0.6779,100.0,1,0
LJ500_R061_C083,61,83,702750,9531750,3000,0,2024,7,2024-07,67,0.5343,0,0.3633,0.1024,0.0,0,0,0,0,1.0,0.8158,0.291,0.5896,-0.7114,100.0,1,0
LJ500_R061_C084,61,84,703250,9531750,3500,0,2024,7,2024-07,67,0.7729,0,0.0,0.2271,0.0,0,0,0,0,1.0,0.8142,0.2575,0.5584,-0.7331,100.0,1,0
LJ500_R061_C085,61,85,703750,9531750,4000,0,2024,7,2024-07,67,0.709,0,0.291,0.0,0.0,0,0,0,0,1.0,0.8174,0.3352,0.6412,-0.7168,100.0,1,0
LJ500_R061_C086,61,86,704250,9531750,4500,0,2024,7,2024-07,67,1.0,0,0.0,0.0,0.0,0,0,0,0,1.0,0.7694,0.2774,0.5754,-0.6735,100.0,1,0
LJ500_R062_C077,62,77,699750,9532250,0,500,2024,7,2024-07,67,0.0,0,0.7197,0.0,0.2803,0,0,0,0,1.0,0.6528,0.1783,0.437,-0.5903,100.0,1,0
LJ500_R062_C078,62,78,700250,9532250,500,500,2024,7,2024-07,67,0.0,0,0.5947,0.0,0.4053,0,0,0,0,1.0,0.6971,0.214,0.4832,-0.6229,100.0,1,0
LJ500_R062_C079,62,79,700750,9532250,1000,500,2024,7,2024-07,67,0.0,0,0.771,0.0,0.229,0,0,0,0,1.0,0.7745,0.2633,0.5622,-0.6615,100.0,1,0
LJ500_R062_C080,62,80,701250,9532250,1500,500,2024,7,2024-07,67,0.235,0,0.6379,0.0,0.1271,0,0,0,0,1.0,0.7433,0.2191,0.5143,-0.6462,100.0,1,0
LJ500_R062_C081,62,81,701750,9532250,2000,500,2024,7,2024-07,67,0.0684,0,0.7378,0.0,0.1938,0,0,0,0,1.0,0.7846,0.2325,0.5387,-0.6925,100.0,1,0
LJ500_R062_C082,62,82,702250,9532250,2500,500,2024,7,2024-07,67,0.0973,0,0.9027,0.0,0.0,0,0,0,0,1.0,0.7116,0.2461,0.5252,-0.6264,100.0,1,0
LJ500_R062_C083,62,83,702750,9532250,3000,500,2024,7,2024-07,67,0.0473,0,0.9507,0.0019,0.0,0,0,0,0,1.0,0.7742,0.2507,0.5532,-0.6713,100.0,1,0
LJ500_R062_C084,62,84,703250,9532250,3500,500,2024,7,2024-07,67,0.2757,0,0.7209,0.0034,0.0,0,0,0,0,1.0,0.798,0.2795,0.5818,-0.6965,100.0,1,0
LJ500_R062_C085,62,85,703750,9532250,4000,500,2024,7,2024-07,67,0.0588,0,0.9412,0.0,0.0,0,0,0,0,1.0,0.7826,0.2783,0.5806,-0.6788,100.0,1,0
LJ500_R062_C086,62,86,704250,9532250,4500,500,2024,7,2024-07,67,0.7611,0,0.2389,0.0,0.0,0,0,0,0,1.0,0.7719,0.261,0.5513,-0.6777,100.0,1,0
LJ500_R063_C077,63,77,699750,9532750,0,1000,2024,7,2024-07,67,0.0,0,0.1158,0.0,0.8842,0,0,0,0,1.0,0.5757,0.1376,0.3823,-0.5399,100.0,1,0
LJ500_R063_C078,63,78,700250,9532750,500,1000,2024,7,2024-07,67,0.0328,0,0.3431,0.0,0.624,0,0,0,0,1.0,0.6238,0.1871,0.4379,-0.5775,100.0,1,0
LJ500_R063_C079,63,79,700750,9532750,1000,1000,2024,7,2024-07,67,0.2883,0,0.3768,0.0,0.3349,0,0,0,0,1.0,0.6876,0.2162,0.487,-0.6093,100.0,1,0
LJ500_R063_C080,63,80,701250,9532750,1500,1000,2024,7,2024-07,67,0.1673,0,0.4746,0.0,0.358,0,0,0,0,1.0,0.694,0.1863,0.4711,-0.6255,100.0,1,0
LJ500_R063_C081,63,81,701750,9532750,2000,1000,2024,7,2024-07,67,0.0165,0,0.5433,0.0,0.4402,0,0,0,0,1.0,0.7588,0.2415,0.5401,-0.6709,100.0,1,0
LJ500_R063_C082,63,82,702250,9532750,2500,1000,2024,7,2024-07,67,0.6742,0,0.2142,0.0,0.1117,0,0,0,0,1.0,0.6847,0.2467,0.5122,-0.588,85.6,1,0
LJ500_R063_C083,63,83,702750,9532750,3000,1000,2024,7,2024-07,67,0.2059,0,0.7941,0.0,0.0,0,0,0,0,1.0,0.7051,0.2474,0.5267,-0.6077,85.44,1,0
LJ500_R063_C084,63,84,703250,9532750,3500,1000,2024,7,2024-07,67,0.2973,0,0.7027,0.0,0.0,0,0,0,0,1.0,0.755,0.244,0.5254,-0.6666,88.8,1,0
LJ500_R063_C085,63,85,703750,9532750,4000,1000,2024,7,2024-07,67,0.1462,0,0.8538,0.0,0.0,0,0,0,0,1.0,0.7936,0.2816,0.5755,-0.6918,100.0,1,0
LJ500_R063_C086,63,86,704250,9532750,4500,1000,2024,7,2024-07,67,0.3435,0,0.6565,0.0,0.0,0,0,0,0,1.0,0.8298,0.3018,0.6024,-0.7293,97.44,1,0
LJ500_R064_C077,64,77,699750,9533250,0,1500,2024,7,2024-07,67,0.3887,0,0.3116,0.0,0.2997,0,0,0,0,1.0,0.6756,0.2041,0.4715,-0.6053,100.0,1,0
LJ500_R064_C078,64,78,700250,9533250,500,1500,2024,7,2024-07,67,0.5382,0,0.082,0.0,0.3799,0,0,0,0,1.0,0.6609,0.2414,0.4993,-0.5917,100.0,1,0
LJ500_R064_C079,64,79,700750,9533250,1000,1500,2024,7,2024-07,67,0.4384,0,0.1474,0.0,0.4142,0,0,0,0,1.0,0.648,0.1826,0.4491,-0.594,100.0,1,0
LJ500_R064_C080,64,80,701250,9533250,1500,1500,2024,7,2024-07,67,0.5951,0,0.4049,0.0,0.0,0,0,0,0,1.0,0.7609,0.2368,0.5302,-0.6803,100.0,1,0
LJ500_R064_C081,64,81,701750,9533250,2000,1500,2024,7,2024-07,67,0.5997,0,0.181,0.0,0.2193,0,0,0,0,1.0,0.758,0.2636,0.5439,-0.6671,100.0,1,0
LJ500_R064_C082,64,82,702250,9533250,2500,1500,2024,7,2024-07,67,0.7276,0,0.2724,0.0,0.0,0,0,0,0,1.0,0.6582,0.2523,0.5048,-0.5726,94.4,1,0
LJ500_R064_C083,64,83,702750,9533250,3000,1500,2024,7,2024-07,67,0.566,0,0.203,0.0,0.231,0,0,0,0,1.0,0.7796,0.3069,0.6259,-0.6735,100.0,1,0
LJ500_R064_C084,64,84,703250,9533250,3500,1500,2024,7,2024-07,67,0.235,0,0.7298,0.0,0.0352,0,0,0,0,1.0,0.7919,0.2855,0.582,-0.6938,45.6,1,0
LJ500_R064_C085,64,85,703750,9533250,4000,1500,2024,7,2024-07,67,0.5109,0,0.4891,0.0,0.0,0,0,0,0,1.0,0.7515,0.2302,0.5213,-0.6683,88.48,1,0
LJ500_R064_C086,64,86,704250,9533250,4500,1500,2024,7,2024-07,67,0.748,0,0.252,0.0,0.0,0,0,0,0,1.0,0.7342,0.2472,0.5334,-0.6464,99.68,1,0
LJ500_R065_C077,65,77,699750,9533750,0,2000,2024,7,2024-07,67,0.312,0,0.4033,0.0,0.2847,0,0,0,0,1.0,0.7171,0.2452,0.519,-0.6262,100.0,1,0
LJ500_R065_C078,65,78,700250,9533750,500,2000,2024,7,2024-07,67,0.5913,0,0.4071,0.0,0.0016,0,0,0,0,1.0,0.6294,0.2273,0.4668,-0.5619,100.0,1,0
LJ500_R065_C079,65,79,700750,9533750,1000,2000,2024,7,2024-07,67,0.3219,0,0.6781,0.0,0.0,0,0,0,0,1.0,0.6234,0.1772,0.416,-0.5649,100.0,1,0
LJ500_R065_C080,65,80,701250,9533750,1500,2000,2024,7,2024-07,67,0.8266,0,0.1734,0.0,0.0,0,0,0,0,1.0,0.8018,0.2831,0.5838,-0.7096,100.0,1,0
LJ500_R065_C081,65,81,701750,9533750,2000,2000,2024,7,2024-07,67,0.9017,0,0.0983,0.0,0.0,0,0,0,0,1.0,0.6925,0.2366,0.5051,-0.6026,100.0,1,0
LJ500_R065_C082,65,82,702250,9533750,2500,2000,2024,7,2024-07,67,0.7327,0,0.2673,0.0,0.0,0,0,0,0,1.0,0.7561,0.3036,0.6085,-0.6606,100.0,1,0
LJ500_R065_C083,65,83,702750,9533750,3000,2000,2024,7,2024-07,67,0.7802,0,0.1368,0.0,0.083,0,0,0,0,1.0,0.8099,0.3248,0.6487,-0.6923,80.32,1,0
LJ500_R065_C084,65,84,703250,9533750,3500,2000,2024,7,2024-07,67,0.3229,0,0.6771,0.0,0.0,0,0,0,0,1.0,0.7138,0.2805,0.5823,-0.6037,82.72,1,0
LJ500_R065_C085,65,85,703750,9533750,4000,2000,2024,7,2024-07,67,0.0167,0,0.9833,0.0,0.0,0,0,0,0,1.0,0.6831,0.1483,0.4343,-0.6236,100.0,1,0
LJ500_R065_C086,65,86,704250,9533750,4500,2000,2024,7,2024-07,67,0.7821,0,0.2179,0.0,0.0,0,0,0,0,1.0,0.7839,0.2952,0.5881,-0.6972,99.68,1,0
LJ500_R066_C077,66,77,699750,9534250,0,2500,2024,7,2024-07,67,0.5018,0,0.3517,0.0,0.1465,0,0,0,0,1.0,0.7345,0.2579,0.5263,-0.6307,100.0,1,0
LJ500_R066_C078,66,78,700250,9534250,500,2500,2024,7,2024-07,67,0.1232,0,0.8768,0.0,0.0,0,0,0,0,1.0,0.5847,0.1677,0.3727,-0.5199,100.0,1,0
LJ500_R066_C079,66,79,700750,9534250,1000,2500,2024,7,2024-07,67,0.3332,0,0.6668,0.0,0.0,0,0,0,0,1.0,0.5586,0.1347,0.3336,-0.5151,100.0,1,0
LJ500_R066_C080,66,80,701250,9534250,1500,2500,2024,7,2024-07,67,0.9149,0,0.0851,0.0,0.0,0,0,0,0,1.0,0.7476,0.2818,0.5628,-0.6642,100.0,1,0
LJ500_R066_C081,66,81,701750,9534250,2000,2500,2024,7,2024-07,67,0.7037,0,0.2963,0.0,0.0,0,0,0,0,1.0,0.7416,0.2434,0.5389,-0.6612,100.0,1,0
LJ500_R066_C082,66,82,702250,9534250,2500,2500,2024,7,2024-07,67,0.6772,0,0.3228,0.0,0.0,0,0,0,0,1.0,0.7929,0.3241,0.6248,-0.6927,72.64,1,0
LJ500_R066_C083,66,83,702750,9534250,3000,2500,2024,7,2024-07,67,0.6289,0,0.3711,0.0,0.0,0,0,0,0,1.0,0.7663,0.3283,0.6445,-0.6329,1.44,1,0
LJ500_R066_C084,66,84,703250,9534250,3500,2500,2024,7,2024-07,67,0.7305,0,0.2695,0.0,0.0,0,0,0,0,1.0,0.606,0.2318,0.4977,-0.5136,27.2,1,0
LJ500_R066_C085,66,85,703750,9534250,4000,2500,2024,7,2024-07,67,0.7865,0,0.2135,0.0,0.0,0,0,0,0,1.0,0.652,0.2255,0.4793,-0.5811,37.76,1,0
LJ500_R066_C086,66,86,704250,9534250,4500,2500,2024,7,2024-07,67,1.0,0,0.0,0.0,0.0,0,0,0,0,1.0,0.7559,0.3165,0.5949,-0.6642,77.12,1,0
LJ500_R067_C077,67,77,699750,9534750,0,3000,2024,7,2024-07,67,0.7165,0,0.2835,0.0,0.0,0,0,0,0,1.0,0.7506,0.2192,0.4806,-0.6492,100.0,1,0
LJ500_R067_C078,67,78,700250,9534750,500,3000,2024,7,2024-07,67,0.8229,0,0.1771,0.0,0.0,0,0,0,0,1.0,0.7052,0.2207,0.4729,-0.6176,100.0,1,0
LJ500_R067_C079,67,79,700750,9534750,1000,3000,2024,7,2024-07,67,0.9659,0,0.0341,0.0,0.0,0,0,0,0,1.0,0.6026,0.1215,0.3353,-0.5495,100.0,1,0
LJ500_R067_C080,67,80,701250,9534750,1500,3000,2024,7,2024-07,67,0.8944,0,0.1056,0.0,0.0,0,0,0,0,1.0,0.685,0.2694,0.5278,-0.6103,100.0,1,0
LJ500_R067_C081,67,81,701750,9534750,2000,3000,2024,7,2024-07,67,0.7989,0,0.1897,0.0,0.0114,0,0,0,0,1.0,0.6357,0.2478,0.4955,-0.5718,100.0,1,0
LJ500_R067_C082,67,82,702250,9534750,2500,3000,2024,7,2024-07,67,1.0,0,0.0,0.0,0.0,0,0,0,0,1.0,0.7602,0.3321,0.5996,-0.6773,39.84,1,0
LJ500_R067_C083,67,83,702750,9534750,3000,3000,2024,7,2024-07,67,1.0,0,0.0,0.0,0.0,0,0,0,0,1.0,0.6281,0.3273,0.568,-0.5322,0.16,1,0
LJ500_R067_C084,67,84,703250,9534750,3500,3000,2024,7,2024-07,67,1.0,0,0.0,0.0,0.0,0,0,0,0,1.0,0.6568,0.2527,0.5361,-0.5632,2.08,1,0
LJ500_R067_C085,67,85,703750,9534750,4000,3000,2024,7,2024-07,67,1.0,0,0.0,0.0,0.0,0,0,0,0,1.0,0.7592,0.3202,0.5936,-0.6772,1.12,1,0
LJ500_R067_C086,67,86,704250,9534750,4500,3000,2024,7,2024-07,67,1.0,0,0.0,0.0,0.0,0,0,0,0,1.0,0.7048,0.3199,0.58,-0.6146,62.24,1,0
LJ500_R068_C077,68,77,699750,9535250,0,3500,2024,7,2024-07,67,0.065,0,0.935,0.0,0.0,0,0,0,0,1.0,0.7293,0.2127,0.4839,-0.6329,100.0,1,0
LJ500_R068_C078,68,78,700250,9535250,500,3500,2024,7,2024-07,67,0.7525,0,0.2475,0.0,0.0,0,0,0,0,1.0,0.7589,0.2447,0.5437,-0.6486,100.0,1,0
LJ500_R068_C079,68,79,700750,9535250,1000,3500,2024,7,2024-07,67,1.0,0,0.0,0.0,0.0,0,0,0,0,1.0,0.7535,0.2317,0.5179,-0.6569,100.0,1,0
LJ500_R068_C080,68,80,701250,9535250,1500,3500,2024,7,2024-07,67,0.8923,0,0.1077,0.0,0.0,0,0,0,0,1.0,0.7206,0.2609,0.5309,-0.6423,100.0,1,0
LJ500_R068_C081,68,81,701750,9535250,2000,3500,2024,7,2024-07,67,0.6646,0,0.0767,0.0,0.2586,0,0,0,0,1.0,0.6459,0.2149,0.4755,-0.5917,100.0,1,0
LJ500_R068_C082,68,82,702250,9535250,2500,3500,2024,7,2024-07,67,0.9399,0,0.0601,0.0,0.0,0,0,0,0,1.0,0.7358,0.3407,0.6101,-0.6561,78.56,1,0
LJ500_R068_C083,68,83,702750,9535250,3000,3500,2024,7,2024-07,67,1.0,0,0.0,0.0,0.0,0,0,0,0,1.0,0.7194,0.3586,0.6217,-0.6355,63.52,1,0
LJ500_R068_C084,68,84,703250,9535250,3500,3500,2024,7,2024-07,67,1.0,0,0.0,0.0,0.0,0,0,0,0,1.0,0.6442,0.334,0.5819,-0.564,20.0,1,0
LJ500_R068_C085,68,85,703750,9535250,4000,3500,2024,7,2024-07,67,1.0,0,0.0,0.0,0.0,0,0,0,0,1.0,,,,,0.0,1,1
LJ500_R068_C086,68,86,704250,9535250,4500,3500,2024,7,2024-07,67,1.0,0,0.0,0.0,0.0,0,0,0,0,1.0,0.5115,0.2659,0.4506,-0.4403,9.6,1,0
LJ500_R069_C077,69,77,699750,9535750,0,4000,2024,7,2024-07,67,0.0,0,0.9574,0.0426,0.0,0,0,0,0,1.0,0.7711,0.283,0.5554,-0.6624,100.0,1,0
LJ500_R069_C078,69,78,700250,9535750,500,4000,2024,7,2024-07,67,0.4139,0,0.5115,0.0746,0.0,0,0,0,0,1.0,0.7842,0.2786,0.5594,-0.6713,100.0,1,0
LJ500_R069_C079,69,79,700750,9535750,1000,4000,2024,7,2024-07,67,0.6432,0,0.3568,0.0,0.0,0,0,0,0,1.0,0.7426,0.2215,0.4926,-0.6424,100.0,1,0
LJ500_R069_C080,69,80,701250,9535750,1500,4000,2024,7,2024-07,67,0.8514,0,0.1486,0.0,0.0,0,0,0,0,1.0,0.7779,0.2336,0.5254,-0.6902,100.0,1,0
LJ500_R069_C081,69,81,701750,9535750,2000,4000,2024,7,2024-07,67,1.0,0,0.0,0.0,0.0,0,0,0,0,1.0,0.8152,0.3148,0.6174,-0.7243,100.0,1,0
LJ500_R069_C082,69,82,702250,9535750,2500,4000,2024,7,2024-07,67,1.0,0,0.0,0.0,0.0,0,0,0,0,1.0,0.8027,0.3233,0.6207,-0.7104,100.0,1,0
LJ500_R069_C083,69,83,702750,9535750,3000,4000,2024,7,2024-07,67,1.0,0,0.0,0.0,0.0,0,0,0,0,1.0,0.7756,0.3653,0.6498,-0.6936,100.0,1,0
LJ500_R069_C084,69,84,703250,9535750,3500,4000,2024,7,2024-07,67,1.0,0,0.0,0.0,0.0,0,0,0,0,1.0,0.7042,0.3078,0.5716,-0.6367,91.84,1,0
LJ500_R069_C085,69,85,703750,9535750,4000,4000,2024,7,2024-07,67,1.0,0,0.0,0.0,0.0,0,0,0,0,1.0,0.7553,0.3325,0.6112,-0.6796,68.8,1,0
LJ500_R069_C086,69,86,704250,9535750,4500,4000,2024,7,2024-07,67,1.0,0,0.0,0.0,0.0,0,0,0,0,1.0,0.687,0.283,0.5425,-0.622,45.92,1,0
LJ500_R070_C077,70,77,699750,9536250,0,4500,2024,7,2024-07,67,0.0,0,0.3423,0.4553,0.2024,0,0,0,0,1.0,0.7044,0.1901,0.4627,-0.6343,100.0,1,0
LJ500_R070_C078,70,78,700250,9536250,500,4500,2024,7,2024-07,67,0.0,0,0.3908,0.6092,0.0,0,0,0,0,1.0,0.731,0.1843,0.457,-0.6535,100.0,1,0
LJ500_R070_C079,70,79,700750,9536250,1000,4500,2024,7,2024-07,67,0.2082,0,0.7834,0.0084,0.0,0,0,0,0,1.0,0.7664,0.2109,0.5101,-0.663,100.0,1,0
LJ500_R070_C080,70,80,701250,9536250,1500,4500,2024,7,2024-07,67,0.2813,0,0.7187,0.0,0.0,0,0,0,0,1.0,0.7935,0.2292,0.5376,-0.6823,100.0,1,0
LJ500_R070_C081,70,81,701750,9536250,2000,4500,2024,7,2024-07,67,0.9197,0,0.0803,0.0,0.0,0,0,0,0,1.0,0.8172,0.2696,0.5771,-0.7107,100.0,1,0
LJ500_R070_C082,70,82,702250,9536250,2500,4500,2024,7,2024-07,67,1.0,0,0.0,0.0,0.0,0,0,0,0,1.0,0.7645,0.255,0.5537,-0.6714,99.68,1,0
LJ500_R070_C083,70,83,702750,9536250,3000,4500,2024,7,2024-07,67,1.0,0,0.0,0.0,0.0,0,0,0,0,1.0,0.7871,0.3135,0.605,-0.6986,83.52,1,0
LJ500_R070_C084,70,84,703250,9536250,3500,4500,2024,7,2024-07,67,0.9943,0,0.0057,0.0,0.0,0,0,0,0,1.0,0.7423,0.3082,0.5909,-0.6638,100.0,1,0
LJ500_R070_C085,70,85,703750,9536250,4000,4500,2024,7,2024-07,67,1.0,0,0.0,0.0,0.0,0,0,0,0,1.0,0.7704,0.3408,0.6231,-0.6981,94.4,1,0
LJ500_R070_C086,70,86,704250,9536250,4500,4500,2024,7,2024-07,67,1.0,0,0.0,0.0,0.0,0,0,0,0,1.0,0.7946,0.3884,0.6681,-0.7101,98.72,1,0
LJ500_R061_C077,61,77,699750,9531750,0,0,2024,8,2024-08,68,0.0,0,1.0,0.0,0.0,0,0,0,0,1.0,0.705,0.0816,0.3567,-0.6633,100.0,1,0
LJ500_R061_C078,61,78,700250,9531750,500,0,2024,8,2024-08,68,0.0,0,0.9516,0.0,0.0484,0,0,0,0,1.0,0.7089,0.1216,0.3979,-0.6525,100.0,1,0
LJ500_R061_C079,61,79,700750,9531750,1000,0,2024,8,2024-08,68,0.0,0,0.906,0.0,0.094,0,0,0,0,1.0,0.7699,0.2124,0.5079,-0.6862,100.0,1,0
LJ500_R061_C080,61,80,701250,9531750,1500,0,2024,8,2024-08,68,0.1714,0,0.8229,0.0,0.0057,0,0,0,0,1.0,0.7458,0.1883,0.4759,-0.6798,100.0,1,0
LJ500_R061_C081,61,81,701750,9531750,2000,0,2024,8,2024-08,68,0.0,0,1.0,0.0,0.0,0,0,0,0,1.0,0.7427,0.1802,0.467,-0.6765,100.0,1,0
LJ500_R061_C082,61,82,702250,9531750,2500,0,2024,8,2024-08,68,0.0618,0,0.9382,0.0,0.0,0,0,0,0,1.0,0.7758,0.2153,0.5103,-0.7005,100.0,1,0
LJ500_R061_C083,61,83,702750,9531750,3000,0,2024,8,2024-08,68,0.5343,0,0.3633,0.1024,0.0,0,0,0,0,1.0,0.8132,0.2748,0.5698,-0.7264,100.0,1,0
LJ500_R061_C084,61,84,703250,9531750,3500,0,2024,8,2024-08,68,0.7729,0,0.0,0.2271,0.0,0,0,0,0,1.0,0.8109,0.2583,0.5554,-0.7383,100.0,1,0
LJ500_R061_C085,61,85,703750,9531750,4000,0,2024,8,2024-08,68,0.709,0,0.291,0.0,0.0,0,0,0,0,1.0,0.8477,0.3181,0.6165,-0.7637,100.0,1,0
LJ500_R061_C086,61,86,704250,9531750,4500,0,2024,8,2024-08,68,1.0,0,0.0,0.0,0.0,0,0,0,0,1.0,0.7982,0.272,0.5621,-0.7172,100.0,1,0
LJ500_R062_C077,62,77,699750,9532250,0,500,2024,8,2024-08,68,0.0,0,0.7197,0.0,0.2803,0,0,0,0,1.0,0.7202,0.1534,0.4277,-0.6559,100.0,1,0
LJ500_R062_C078,62,78,700250,9532250,500,500,2024,8,2024-08,68,0.0,0,0.5947,0.0,0.4053,0,0,0,0,1.0,0.7081,0.1896,0.4632,-0.6434,100.0,1,0
LJ500_R062_C079,62,79,700750,9532250,1000,500,2024,8,2024-08,68,0.0,0,0.771,0.0,0.229,0,0,0,0,1.0,0.768,0.2395,0.5296,-0.6723,100.0,1,0
LJ500_R062_C080,62,80,701250,9532250,1500,500,2024,8,2024-08,68,0.235,0,0.6379,0.0,0.1271,0,0,0,0,1.0,0.7374,0.2027,0.4829,-0.6657,100.0,1,0
LJ500_R062_C081,62,81,701750,9532250,2000,500,2024,8,2024-08,68,0.0684,0,0.7378,0.0,0.1938,0,0,0,0,1.0,0.7683,0.2159,0.5056,-0.6981,100.0,1,0
LJ500_R062_C082,62,82,702250,9532250,2500,500,2024,8,2024-08,68,0.0973,0,0.9027,0.0,0.0,0,0,0,0,1.0,0.7833,0.2354,0.5277,-0.7078,100.0,1,0
LJ500_R062_C083,62,83,702750,9532250,3000,500,2024,8,2024-08,68,0.0473,0,0.9507,0.0019,0.0,0,0,0,0,1.0,0.7981,0.2441,0.5374,-0.7093,100.0,1,0
LJ500_R062_C084,62,84,703250,9532250,3500,500,2024,8,2024-08,68,0.2757,0,0.7209,0.0034,0.0,0,0,0,0,1.0,0.8317,0.28,0.5809,-0.7396,100.0,1,0
LJ500_R062_C085,62,85,703750,9532250,4000,500,2024,8,2024-08,68,0.0588,0,0.9412,0.0,0.0,0,0,0,0,1.0,0.8122,0.2614,0.555,-0.7275,100.0,1,0
LJ500_R062_C086,62,86,704250,9532250,4500,500,2024,8,2024-08,68,0.7611,0,0.2389,0.0,0.0,0,0,0,0,1.0,0.8046,0.2643,0.5531,-0.722,100.0,1,0
LJ500_R063_C077,63,77,699750,9532750,0,1000,2024,8,2024-08,68,0.0,0,0.1158,0.0,0.8842,0,0,0,0,1.0,0.6006,0.0929,0.349,-0.5821,100.0,1,0
LJ500_R063_C078,63,78,700250,9532750,500,1000,2024,8,2024-08,68,0.0328,0,0.3431,0.0,0.624,0,0,0,0,1.0,0.6866,0.1673,0.4399,-0.6322,100.0,1,0
LJ500_R063_C079,63,79,700750,9532750,1000,1000,2024,8,2024-08,68,0.2883,0,0.3768,0.0,0.3349,0,0,0,0,1.0,0.7022,0.1852,0.4539,-0.6375,100.0,1,0
LJ500_R063_C080,63,80,701250,9532750,1500,1000,2024,8,2024-08,68,0.1673,0,0.4746,0.0,0.358,0,0,0,0,1.0,0.7061,0.1645,0.4412,-0.6552,100.0,1,0
LJ500_R063_C081,63,81,701750,9532750,2000,1000,2024,8,2024-08,68,0.0165,0,0.5433,0.0,0.4402,0,0,0,0,1.0,0.7665,0.2167,0.5074,-0.6981,100.0,1,0
LJ500_R063_C082,63,82,702250,9532750,2500,1000,2024,8,2024-08,68,0.6742,0,0.2142,0.0,0.1117,0,0,0,0,1.0,0.7766,0.2375,0.523,-0.6929,100.0,1,0
LJ500_R063_C083,63,83,702750,9532750,3000,1000,2024,8,2024-08,68,0.2059,0,0.7941,0.0,0.0,0,0,0,0,1.0,0.7562,0.2319,0.5054,-0.6803,100.0,1,0
LJ500_R063_C084,63,84,703250,9532750,3500,1000,2024,8,2024-08,68,0.2973,0,0.7027,0.0,0.0,0,0,0,0,1.0,0.7999,0.2502,0.541,-0.7239,100.0,1,0
LJ500_R063_C085,63,85,703750,9532750,4000,1000,2024,8,2024-08,68,0.1462,0,0.8538,0.0,0.0,0,0,0,0,1.0,0.8074,0.2726,0.5614,-0.7223,100.0,1,0
LJ500_R063_C086,63,86,704250,9532750,4500,1000,2024,8,2024-08,68,0.3435,0,0.6565,0.0,0.0,0,0,0,0,1.0,0.8317,0.2976,0.59,-0.7451,100.0,1,0
LJ500_R064_C077,64,77,699750,9533250,0,1500,2024,8,2024-08,68,0.3887,0,0.3116,0.0,0.2997,0,0,0,0,1.0,0.7164,0.1685,0.449,-0.644,100.0,1,0
LJ500_R064_C078,64,78,700250,9533250,500,1500,2024,8,2024-08,68,0.5382,0,0.082,0.0,0.3799,0,0,0,0,1.0,0.715,0.2151,0.4968,-0.6403,100.0,1,0
LJ500_R064_C079,64,79,700750,9533250,1000,1500,2024,8,2024-08,68,0.4384,0,0.1474,0.0,0.4142,0,0,0,0,1.0,0.6849,0.1672,0.4509,-0.6261,100.0,1,0
LJ500_R064_C080,64,80,701250,9533250,1500,1500,2024,8,2024-08,68,0.5951,0,0.4049,0.0,0.0,0,0,0,0,1.0,0.7684,0.228,0.5157,-0.698,100.0,1,0
LJ500_R064_C081,64,81,701750,9533250,2000,1500,2024,8,2024-08,68,0.5997,0,0.181,0.0,0.2193,0,0,0,0,1.0,0.7982,0.2489,0.5409,-0.7186,100.0,1,0
LJ500_R064_C082,64,82,702250,9533250,2500,1500,2024,8,2024-08,68,0.7276,0,0.2724,0.0,0.0,0,0,0,0,1.0,0.7716,0.243,0.5302,-0.6922,100.0,1,0
LJ500_R064_C083,64,83,702750,9533250,3000,1500,2024,8,2024-08,68,0.566,0,0.203,0.0,0.231,0,0,0,0,1.0,0.8251,0.2776,0.5833,-0.7443,100.0,1,0
LJ500_R064_C084,64,84,703250,9533250,3500,1500,2024,8,2024-08,68,0.235,0,0.7298,0.0,0.0352,0,0,0,0,1.0,0.821,0.2743,0.5733,-0.74,100.0,1,0
LJ500_R064_C085,64,85,703750,9533250,4000,1500,2024,8,2024-08,68,0.5109,0,0.4891,0.0,0.0,0,0,0,0,1.0,0.7643,0.2091,0.5002,-0.6971,100.0,1,0
LJ500_R064_C086,64,86,704250,9533250,4500,1500,2024,8,2024-08,68,0.748,0,0.252,0.0,0.0,0,0,0,0,1.0,0.7612,0.2327,0.5163,-0.6907,100.0,1,0
LJ500_R065_C077,65,77,699750,9533750,0,2000,2024,8,2024-08,68,0.312,0,0.4033,0.0,0.2847,0,0,0,0,1.0,0.7581,0.2192,0.5065,-0.6688,100.0,1,0
LJ500_R065_C078,65,78,700250,9533750,500,2000,2024,8,2024-08,68,0.5913,0,0.4071,0.0,0.0016,0,0,0,0,1.0,0.7154,0.231,0.4984,-0.6268,100.0,1,0
LJ500_R065_C079,65,79,700750,9533750,1000,2000,2024,8,2024-08,68,0.3219,0,0.6781,0.0,0.0,0,0,0,0,1.0,0.6848,0.1708,0.4306,-0.617,100.0,1,0
LJ500_R065_C080,65,80,701250,9533750,1500,2000,2024,8,2024-08,68,0.8266,0,0.1734,0.0,0.0,0,0,0,0,1.0,0.795,0.2649,0.5636,-0.7112,100.0,1,0
LJ500_R065_C081,65,81,701750,9533750,2000,2000,2024,8,2024-08,68,0.9017,0,0.0983,0.0,0.0,0,0,0,0,1.0,0.765,0.2443,0.5268,-0.686,100.0,1,0
LJ500_R065_C082,65,82,702250,9533750,2500,2000,2024,8,2024-08,68,0.7327,0,0.2673,0.0,0.0,0,0,0,0,1.0,0.7708,0.2354,0.536,-0.699,100.0,1,0
LJ500_R065_C083,65,83,702750,9533750,3000,2000,2024,8,2024-08,68,0.7802,0,0.1368,0.0,0.083,0,0,0,0,1.0,0.8355,0.2795,0.5872,-0.7453,100.0,1,0
LJ500_R065_C084,65,84,703250,9533750,3500,2000,2024,8,2024-08,68,0.3229,0,0.6771,0.0,0.0,0,0,0,0,1.0,0.7988,0.2533,0.5461,-0.7179,100.0,1,0
LJ500_R065_C085,65,85,703750,9533750,4000,2000,2024,8,2024-08,68,0.0167,0,0.9833,0.0,0.0,0,0,0,0,1.0,0.7071,0.1468,0.4309,-0.6566,99.36,1,0
LJ500_R065_C086,65,86,704250,9533750,4500,2000,2024,8,2024-08,68,0.7821,0,0.2179,0.0,0.0,0,0,0,0,1.0,0.7913,0.286,0.572,-0.72,100.0,1,0
LJ500_R066_C077,66,77,699750,9534250,0,2500,2024,8,2024-08,68,0.5018,0,0.3517,0.0,0.1465,0,0,0,0,1.0,0.7544,0.2352,0.5117,-0.6552,100.0,1,0
LJ500_R066_C078,66,78,700250,9534250,500,2500,2024,8,2024-08,68,0.1232,0,0.8768,0.0,0.0,0,0,0,0,1.0,0.6669,0.1711,0.3991,-0.5842,100.0,1,0
LJ500_R066_C079,66,79,700750,9534250,1000,2500,2024,8,2024-08,68,0.3332,0,0.6668,0.0,0.0,0,0,0,0,1.0,0.6355,0.1418,0.37,-0.5744,100.0,1,0
LJ500_R066_C080,66,80,701250,9534250,1500,2500,2024,8,2024-08,68,0.9149,0,0.0851,0.0,0.0,0,0,0,0,1.0,0.7355,0.2838,0.5639,-0.6499,97.76,1,0
LJ500_R066_C081,66,81,701750,9534250,2000,2500,2024,8,2024-08,68,0.7037,0,0.2963,0.0,0.0,0,0,0,0,1.0,0.7165,0.2259,0.4996,-0.6542,100.0,1,0
LJ500_R066_C082,66,82,702250,9534250,2500,2500,2024,8,2024-08,68,0.6772,0,0.3228,0.0,0.0,0,0,0,0,1.0,0.7948,0.2818,0.5737,-0.7103,91.52,1,0
LJ500_R066_C083,66,83,702750,9534250,3000,2500,2024,8,2024-08,68,0.6289,0,0.3711,0.0,0.0,0,0,0,0,1.0,0.8007,0.2621,0.5522,-0.7156,44.16,1,0
LJ500_R066_C084,66,84,703250,9534250,3500,2500,2024,8,2024-08,68,0.7305,0,0.2695,0.0,0.0,0,0,0,0,1.0,0.7203,0.2249,0.4981,-0.6485,73.44,1,0
LJ500_R066_C085,66,85,703750,9534250,4000,2500,2024,8,2024-08,68,0.7865,0,0.2135,0.0,0.0,0,0,0,0,1.0,0.7473,0.2253,0.5097,-0.6831,43.2,1,0
LJ500_R066_C086,66,86,704250,9534250,4500,2500,2024,8,2024-08,68,1.0,0,0.0,0.0,0.0,0,0,0,0,1.0,0.7741,0.3102,0.5806,-0.7044,61.76,1,0
LJ500_R067_C077,67,77,699750,9534750,0,3000,2024,8,2024-08,68,0.7165,0,0.2835,0.0,0.0,0,0,0,0,1.0,0.7428,0.2154,0.4788,-0.6465,100.0,1,0
LJ500_R067_C078,67,78,700250,9534750,500,3000,2024,8,2024-08,68,0.8229,0,0.1771,0.0,0.0,0,0,0,0,1.0,0.731,0.2169,0.4817,-0.64,100.0,1,0
LJ500_R067_C079,67,79,700750,9534750,1000,3000,2024,8,2024-08,68,0.9659,0,0.0341,0.0,0.0,0,0,0,0,1.0,0.6715,0.1424,0.3788,-0.6017,99.52,1,0
LJ500_R067_C080,67,80,701250,9534750,1500,3000,2024,8,2024-08,68,0.8944,0,0.1056,0.0,0.0,0,0,0,0,1.0,0.7021,0.2922,0.5646,-0.6107,98.4,1,0
LJ500_R067_C081,67,81,701750,9534750,2000,3000,2024,8,2024-08,68,0.7989,0,0.1897,0.0,0.0114,0,0,0,0,1.0,0.7137,0.2649,0.5299,-0.6469,79.84,1,0
LJ500_R067_C082,67,82,702250,9534750,2500,3000,2024,8,2024-08,68,1.0,0,0.0,0.0,0.0,0,0,0,0,1.0,0.7458,0.2943,0.5615,-0.678,89.92,1,0
LJ500_R067_C083,67,83,702750,9534750,3000,3000,2024,8,2024-08,68,1.0,0,0.0,0.0,0.0,0,0,0,0,1.0,0.7103,0.3067,0.5525,-0.6515,17.28,1,0
LJ500_R067_C084,67,84,703250,9534750,3500,3000,2024,8,2024-08,68,1.0,0,0.0,0.0,0.0,0,0,0,0,1.0,0.649,0.2545,0.4889,-0.5917,79.04,1,0
LJ500_R067_C085,67,85,703750,9534750,4000,3000,2024,8,2024-08,68,1.0,0,0.0,0.0,0.0,0,0,0,0,1.0,0.7345,0.2855,0.5463,-0.6686,62.08,1,0
LJ500_R067_C086,67,86,704250,9534750,4500,3000,2024,8,2024-08,68,1.0,0,0.0,0.0,0.0,0,0,0,0,1.0,0.7354,0.3295,0.5903,-0.6566,11.52,1,0
LJ500_R068_C077,68,77,699750,9535250,0,3500,2024,8,2024-08,68,0.065,0,0.935,0.0,0.0,0,0,0,0,1.0,0.6934,0.1818,0.4499,-0.6173,100.0,1,0
LJ500_R068_C078,68,78,700250,9535250,500,3500,2024,8,2024-08,68,0.7525,0,0.2475,0.0,0.0,0,0,0,0,1.0,0.7437,0.2221,0.511,-0.6406,100.0,1,0
LJ500_R068_C079,68,79,700750,9535250,1000,3500,2024,8,2024-08,68,1.0,0,0.0,0.0,0.0,0,0,0,0,1.0,0.7433,0.2275,0.4974,-0.6619,100.0,1,0
LJ500_R068_C080,68,80,701250,9535250,1500,3500,2024,8,2024-08,68,0.8923,0,0.1077,0.0,0.0,0,0,0,0,1.0,0.7103,0.27,0.5225,-0.6354,91.68,1,0
LJ500_R068_C081,68,81,701750,9535250,2000,3500,2024,8,2024-08,68,0.6646,0,0.0767,0.0,0.2586,0,0,0,0,1.0,0.6493,0.2267,0.4852,-0.5939,40.32,1,0
LJ500_R068_C082,68,82,702250,9535250,2500,3500,2024,8,2024-08,68,0.9399,0,0.0601,0.0,0.0,0,0,0,0,1.0,0.7343,0.3199,0.5747,-0.6734,99.68,1,0
LJ500_R068_C083,68,83,702750,9535250,3000,3500,2024,8,2024-08,68,1.0,0,0.0,0.0,0.0,0,0,0,0,1.0,0.7287,0.329,0.5786,-0.6719,99.84,1,0
LJ500_R068_C084,68,84,703250,9535250,3500,3500,2024,8,2024-08,68,1.0,0,0.0,0.0,0.0,0,0,0,0,1.0,0.5985,0.2725,0.4773,-0.548,68.48,1,0
LJ500_R068_C085,68,85,703750,9535250,4000,3500,2024,8,2024-08,68,1.0,0,0.0,0.0,0.0,0,0,0,0,1.0,0.7336,0.3345,0.5813,-0.6724,56.96,1,0
LJ500_R068_C086,68,86,704250,9535250,4500,3500,2024,8,2024-08,68,1.0,0,0.0,0.0,0.0,0,0,0,0,1.0,0.7358,0.3174,0.5702,-0.6777,11.52,1,0
LJ500_R069_C077,69,77,699750,9535750,0,4000,2024,8,2024-08,68,0.0,0,0.9574,0.0426,0.0,0,0,0,0,1.0,0.7484,0.2538,0.5244,-0.6476,100.0,1,0
LJ500_R069_C078,69,78,700250,9535750,500,4000,2024,8,2024-08,68,0.4139,0,0.5115,0.0746,0.0,0,0,0,0,1.0,0.7706,0.2655,0.5386,-0.6568,100.0,1,0
LJ500_R069_C079,69,79,700750,9535750,1000,4000,2024,8,2024-08,68,0.6432,0,0.3568,0.0,0.0,0,0,0,0,1.0,0.7273,0.2263,0.4896,-0.6285,100.0,1,0
LJ500_R069_C080,69,80,701250,9535750,1500,4000,2024,8,2024-08,68,0.8514,0,0.1486,0.0,0.0,0,0,0,0,1.0,0.7616,0.2271,0.5026,-0.682,98.08,1,0
LJ500_R069_C081,69,81,701750,9535750,2000,4000,2024,8,2024-08,68,1.0,0,0.0,0.0,0.0,0,0,0,0,1.0,0.7994,0.2878,0.5728,-0.7198,71.52,1,0
LJ500_R069_C082,69,82,702250,9535750,2500,4000,2024,8,2024-08,68,1.0,0,0.0,0.0,0.0,0,0,0,0,1.0,0.7954,0.3045,0.5832,-0.7219,100.0,1,0
LJ500_R069_C083,69,83,702750,9535750,3000,4000,2024,8,2024-08,68,1.0,0,0.0,0.0,0.0,0,0,0,0,1.0,0.7495,0.3194,0.5802,-0.6901,100.0,1,0
LJ500_R069_C084,69,84,703250,9535750,3500,4000,2024,8,2024-08,68,1.0,0,0.0,0.0,0.0,0,0,0,0,1.0,0.6759,0.2919,0.5228,-0.6286,84.16,1,0
LJ500_R069_C085,69,85,703750,9535750,4000,4000,2024,8,2024-08,68,1.0,0,0.0,0.0,0.0,0,0,0,0,1.0,0.7332,0.3033,0.5658,-0.6802,89.12,1,0
LJ500_R069_C086,69,86,704250,9535750,4500,4000,2024,8,2024-08,68,1.0,0,0.0,0.0,0.0,0,0,0,0,1.0,0.7253,0.2703,0.5399,-0.6739,98.4,1,0
LJ500_R070_C077,70,77,699750,9536250,0,4500,2024,8,2024-08,68,0.0,0,0.3423,0.4553,0.2024,0,0,0,0,1.0,0.6856,0.157,0.4212,-0.6366,100.0,1,0
LJ500_R070_C078,70,78,700250,9536250,500,4500,2024,8,2024-08,68,0.0,0,0.3908,0.6092,0.0,0,0,0,0,1.0,0.6998,0.174,0.4453,-0.6304,100.0,1,0
LJ500_R070_C079,70,79,700750,9536250,1000,4500,2024,8,2024-08,68,0.2082,0,0.7834,0.0084,0.0,0,0,0,0,1.0,0.739,0.1977,0.4936,-0.6412,100.0,1,0
LJ500_R070_C080,70,80,701250,9536250,1500,4500,2024,8,2024-08,68,0.2813,0,0.7187,0.0,0.0,0,0,0,0,1.0,0.7736,0.2262,0.5219,-0.6696,100.0,1,0
LJ500_R070_C081,70,81,701750,9536250,2000,4500,2024,8,2024-08,68,0.9197,0,0.0803,0.0,0.0,0,0,0,0,1.0,0.8016,0.2603,0.5499,-0.7116,100.0,1,0
LJ500_R070_C082,70,82,702250,9536250,2500,4500,2024,8,2024-08,68,1.0,0,0.0,0.0,0.0,0,0,0,0,1.0,0.7623,0.2407,0.5204,-0.6877,100.0,1,0
LJ500_R070_C083,70,83,702750,9536250,3000,4500,2024,8,2024-08,68,1.0,0,0.0,0.0,0.0,0,0,0,0,1.0,0.7906,0.2995,0.5737,-0.7213,100.0,1,0
LJ500_R070_C084,70,84,703250,9536250,3500,4500,2024,8,2024-08,68,0.9943,0,0.0057,0.0,0.0,0,0,0,0,1.0,0.7614,0.2959,0.5619,-0.7047,100.0,1,0
LJ500_R070_C085,70,85,703750,9536250,4000,4500,2024,8,2024-08,68,1.0,0,0.0,0.0,0.0,0,0,0,0,1.0,0.7831,0.3365,0.6056,-0.7264,100.0,1,0
LJ500_R070_C086,70,86,704250,9536250,4500,4500,2024,8,2024-08,68,1.0,0,0.0,0.0,0.0,0,0,0,0,1.0,0.8131,0.3748,0.6475,-0.7472,100.0,1,0
LJ500_R061_C077,61,77,699750,9531750,0,0,2024,9,2024-09,69,0.0,0,1.0,0.0,0.0,0,0,0,0,1.0,0.5104,-0.0656,0.1694,-0.5597,100.0,1,0
LJ500_R061_C078,61,78,700250,9531750,500,0,2024,9,2024-09,69,0.0,0,0.9516,0.0,0.0484,0,0,0,0,1.0,0.5357,-0.0237,0.2182,-0.562,100.0,1,0
LJ500_R061_C079,61,79,700750,9531750,1000,0,2024,9,2024-09,69,0.0,0,0.906,0.0,0.094,0,0,0,0,1.0,0.6412,0.0861,0.3532,-0.6198,100.0,1,0
LJ500_R061_C080,61,80,701250,9531750,1500,0,2024,9,2024-09,69,0.1714,0,0.8229,0.0,0.0057,0,0,0,0,1.0,0.6273,0.1013,0.3749,-0.6167,100.0,1,0
LJ500_R061_C081,61,81,701750,9531750,2000,0,2024,9,2024-09,69,0.0,0,1.0,0.0,0.0,0,0,0,0,1.0,0.6195,0.0988,0.3735,-0.6066,100.0,1,0
LJ500_R061_C082,61,82,702250,9531750,2500,0,2024,9,2024-09,69,0.0618,0,0.9382,0.0,0.0,0,0,0,0,1.0,0.6821,0.1416,0.4343,-0.6436,100.0,1,0
LJ500_R061_C083,61,83,702750,9531750,3000,0,2024,9,2024-09,69,0.5343,0,0.3633,0.1024,0.0,0,0,0,0,1.0,0.7728,0.2402,0.5424,-0.6859,100.0,1,0
LJ500_R061_C084,61,84,703250,9531750,3500,0,2024,9,2024-09,69,0.7729,0,0.0,0.2271,0.0,0,0,0,0,1.0,0.7904,0.2491,0.5544,-0.7171,100.0,1,0
LJ500_R061_C085,61,85,703750,9531750,4000,0,2024,9,2024-09,69,0.709,0,0.291,0.0,0.0,0,0,0,0,1.0,0.8267,0.3135,0.6204,-0.7398,100.0,1,0
LJ500_R061_C086,61,86,704250,9531750,4500,0,2024,9,2024-09,69,1.0,0,0.0,0.0,0.0,0,0,0,0,1.0,0.7806,0.2821,0.5825,-0.6932,100.0,1,0
LJ500_R062_C077,62,77,699750,9532250,0,500,2024,9,2024-09,69,0.0,0,0.7197,0.0,0.2803,0,0,0,0,1.0,0.5681,0.017,0.2636,-0.597,100.0,1,0
LJ500_R062_C078,62,78,700250,9532250,500,500,2024,9,2024-09,69,0.0,0,0.5947,0.0,0.4053,0,0,0,0,1.0,0.5835,0.0678,0.3211,-0.5967,100.0,1,0
LJ500_R062_C079,62,79,700750,9532250,1000,500,2024,9,2024-09,69,0.0,0,0.771,0.0,0.229,0,0,0,0,1.0,0.652,0.1017,0.3798,-0.6187,100.0,1,0
LJ500_R062_C080,62,80,701250,9532250,1500,500,2024,9,2024-09,69,0.235,0,0.6379,0.0,0.1271,0,0,0,0,1.0,0.627,0.1045,0.383,-0.6123,100.0,1,0
LJ500_R062_C081,62,81,701750,9532250,2000,500,2024,9,2024-09,69,0.0684,0,0.7378,0.0,0.1938,0,0,0,0,1.0,0.6806,0.1403,0.4262,-0.6477,100.0,1,0
LJ500_R062_C082,62,82,702250,9532250,2500,500,2024,9,2024-09,69,0.0973,0,0.9027,0.0,0.0,0,0,0,0,1.0,0.7016,0.1779,0.4716,-0.6545,100.0,1,0
LJ500_R062_C083,62,83,702750,9532250,3000,500,2024,9,2024-09,69,0.0473,0,0.9507,0.0019,0.0,0,0,0,0,1.0,0.7308,0.1986,0.4945,-0.6639,100.0,1,0
LJ500_R062_C084,62,84,703250,9532250,3500,500,2024,9,2024-09,69,0.2757,0,0.7209,0.0034,0.0,0,0,0,0,1.0,0.7802,0.2374,0.5424,-0.7022,100.0,1,0
LJ500_R062_C085,62,85,703750,9532250,4000,500,2024,9,2024-09,69,0.0588,0,0.9412,0.0,0.0,0,0,0,0,1.0,0.7803,0.2554,0.5607,-0.6925,100.0,1,0
LJ500_R062_C086,62,86,704250,9532250,4500,500,2024,9,2024-09,69,0.7611,0,0.2389,0.0,0.0,0,0,0,0,1.0,0.7815,0.2678,0.5697,-0.6951,100.0,1,0
LJ500_R063_C077,63,77,699750,9532750,0,1000,2024,9,2024-09,69,0.0,0,0.1158,0.0,0.8842,0,0,0,0,1.0,0.4463,-0.0255,0.2059,-0.5329,100.0,1,0
LJ500_R063_C078,63,78,700250,9532750,500,1000,2024,9,2024-09,69,0.0328,0,0.3431,0.0,0.624,0,0,0,0,1.0,0.607,0.0896,0.3554,-0.621,100.0,1,0
LJ500_R063_C079,63,79,700750,9532750,1000,1000,2024,9,2024-09,69,0.2883,0,0.3768,0.0,0.3349,0,0,0,0,1.0,0.6261,0.0939,0.3617,-0.617,100.0,1,0
LJ500_R063_C080,63,80,701250,9532750,1500,1000,2024,9,2024-09,69,0.1673,0,0.4746,0.0,0.358,0,0,0,0,1.0,0.6449,0.1053,0.3853,-0.6303,100.0,1,0
LJ500_R063_C081,63,81,701750,9532750,2000,1000,2024,9,2024-09,69,0.0165,0,0.5433,0.0,0.4402,0,0,0,0,1.0,0.6856,0.1386,0.4342,-0.6535,100.0,1,0
LJ500_R063_C082,63,82,702250,9532750,2500,1000,2024,9,2024-09,69,0.6742,0,0.2142,0.0,0.1117,0,0,0,0,1.0,0.6924,0.1689,0.458,-0.6347,100.0,1,0
LJ500_R063_C083,63,83,702750,9532750,3000,1000,2024,9,2024-09,69,0.2059,0,0.7941,0.0,0.0,0,0,0,0,1.0,0.7143,0.2083,0.4946,-0.6443,100.0,1,0
LJ500_R063_C084,63,84,703250,9532750,3500,1000,2024,9,2024-09,69,0.2973,0,0.7027,0.0,0.0,0,0,0,0,1.0,0.759,0.228,0.529,-0.6836,100.0,1,0
LJ500_R063_C085,63,85,703750,9532750,4000,1000,2024,9,2024-09,69,0.1462,0,0.8538,0.0,0.0,0,0,0,0,1.0,0.7677,0.2594,0.5557,-0.6888,100.0,1,0
LJ500_R063_C086,63,86,704250,9532750,4500,1000,2024,9,2024-09,69,0.3435,0,0.6565,0.0,0.0,0,0,0,0,1.0,0.8077,0.2934,0.5933,-0.7196,100.0,1,0
LJ500_R064_C077,64,77,699750,9533250,0,1500,2024,9,2024-09,69,0.3887,0,0.3116,0.0,0.2997,0,0,0,0,1.0,0.592,0.0653,0.3318,-0.6035,100.0,1,0
LJ500_R064_C078,64,78,700250,9533250,500,1500,2024,9,2024-09,69,0.5382,0,0.082,0.0,0.3799,0,0,0,0,1.0,0.6596,0.1374,0.4197,-0.6432,100.0,1,0
LJ500_R064_C079,64,79,700750,9533250,1000,1500,2024,9,2024-09,69,0.4384,0,0.1474,0.0,0.4142,0,0,0,0,1.0,0.6713,0.1023,0.3871,-0.6528,100.0,1,0
LJ500_R064_C080,64,80,701250,9533250,1500,1500,2024,9,2024-09,69,0.5951,0,0.4049,0.0,0.0,0,0,0,0,1.0,0.7161,0.1525,0.4455,-0.6707,100.0,1,0
LJ500_R064_C081,64,81,701750,9533250,2000,1500,2024,9,2024-09,69,0.5997,0,0.181,0.0,0.2193,0,0,0,0,1.0,0.7315,0.1831,0.4814,-0.6748,100.0,1,0
LJ500_R064_C082,64,82,702250,9533250,2500,1500,2024,9,2024-09,69,0.7276,0,0.2724,0.0,0.0,0,0,0,0,1.0,0.736,0.2145,0.5164,-0.6583,100.0,1,0
LJ500_R064_C083,64,83,702750,9533250,3000,1500,2024,9,2024-09,69,0.566,0,0.203,0.0,0.231,0,0,0,0,1.0,0.7739,0.2213,0.5349,-0.7097,100.0,1,0
LJ500_R064_C084,64,84,703250,9533250,3500,1500,2024,9,2024-09,69,0.235,0,0.7298,0.0,0.0352,0,0,0,0,1.0,0.778,0.2391,0.5477,-0.7001,100.0,1,0
LJ500_R064_C085,64,85,703750,9533250,4000,1500,2024,9,2024-09,69,0.5109,0,0.4891,0.0,0.0,0,0,0,0,1.0,0.726,0.1679,0.4682,-0.6622,100.0,1,0
LJ500_R064_C086,64,86,704250,9533250,4500,1500,2024,9,2024-09,69,0.748,0,0.252,0.0,0.0,0,0,0,0,1.0,0.7442,0.2066,0.5061,-0.6795,100.0,1,0
LJ500_R065_C077,65,77,699750,9533750,0,2000,2024,9,2024-09,69,0.312,0,0.4033,0.0,0.2847,0,0,0,0,1.0,0.6273,0.0944,0.3699,-0.6159,100.0,1,0
LJ500_R065_C078,65,78,700250,9533750,500,2000,2024,9,2024-09,69,0.5913,0,0.4071,0.0,0.0016,0,0,0,0,1.0,0.6976,0.1731,0.4514,-0.6483,100.0,1,0
LJ500_R065_C079,65,79,700750,9533750,1000,2000,2024,9,2024-09,69,0.3219,0,0.6781,0.0,0.0,0,0,0,0,1.0,0.674,0.1311,0.3861,-0.6329,100.0,1,0
LJ500_R065_C080,65,80,701250,9533750,1500,2000,2024,9,2024-09,69,0.8266,0,0.1734,0.0,0.0,0,0,0,0,1.0,0.7257,0.159,0.4574,-0.6721,100.0,1,0
LJ500_R065_C081,65,81,701750,9533750,2000,2000,2024,9,2024-09,69,0.9017,0,0.0983,0.0,0.0,0,0,0,0,1.0,0.735,0.2045,0.4974,-0.6643,100.0,1,0
LJ500_R065_C082,65,82,702250,9533750,2500,2000,2024,9,2024-09,69,0.7327,0,0.2673,0.0,0.0,0,0,0,0,1.0,0.7287,0.1875,0.4943,-0.6659,100.0,1,0
LJ500_R065_C083,65,83,702750,9533750,3000,2000,2024,9,2024-09,69,0.7802,0,0.1368,0.0,0.083,0,0,0,0,1.0,0.7958,0.2342,0.5493,-0.717,100.0,1,0
LJ500_R065_C084,65,84,703250,9533750,3500,2000,2024,9,2024-09,69,0.3229,0,0.6771,0.0,0.0,0,0,0,0,1.0,0.7701,0.2345,0.5412,-0.6891,100.0,1,0
LJ500_R065_C085,65,85,703750,9533750,4000,2000,2024,9,2024-09,69,0.0167,0,0.9833,0.0,0.0,0,0,0,0,1.0,0.684,0.135,0.4314,-0.6351,100.0,1,0
LJ500_R065_C086,65,86,704250,9533750,4500,2000,2024,9,2024-09,69,0.7821,0,0.2179,0.0,0.0,0,0,0,0,1.0,0.8015,0.2898,0.5907,-0.7215,100.0,1,0
LJ500_R066_C077,66,77,699750,9534250,0,2500,2024,9,2024-09,69,0.5018,0,0.3517,0.0,0.1465,0,0,0,0,1.0,0.671,0.1521,0.4292,-0.6322,100.0,1,0
LJ500_R066_C078,66,78,700250,9534250,500,2500,2024,9,2024-09,69,0.1232,0,0.8768,0.0,0.0,0,0,0,0,1.0,0.6648,0.1428,0.3823,-0.608,100.0,1,0
LJ500_R066_C079,66,79,700750,9534250,1000,2500,2024,9,2024-09,69,0.3332,0,0.6668,0.0,0.0,0,0,0,0,1.0,0.6406,0.1059,0.3282,-0.6081,100.0,1,0
LJ500_R066_C080,66,80,701250,9534250,1500,2500,2024,9,2024-09,69,0.9149,0,0.0851,0.0,0.0,0,0,0,0,1.0,0.7684,0.261,0.5524,-0.6996,100.0,1,0
LJ500_R066_C081,66,81,701750,9534250,2000,2500,2024,9,2024-09,69,0.7037,0,0.2963,0.0,0.0,0,0,0,0,1.0,0.7149,0.2158,0.5012,-0.6541,100.0,1,0
LJ500_R066_C082,66,82,702250,9534250,2500,2500,2024,9,2024-09,69,0.6772,0,0.3228,0.0,0.0,0,0,0,0,1.0,0.7686,0.2521,0.5484,-0.6923,100.0,1,0
LJ500_R066_C083,66,83,702750,9534250,3000,2500,2024,9,2024-09,69,0.6289,0,0.3711,0.0,0.0,0,0,0,0,1.0,0.7821,0.2516,0.5532,-0.6967,100.0,1,0
LJ500_R066_C084,66,84,703250,9534250,3500,2500,2024,9,2024-09,69,0.7305,0,0.2695,0.0,0.0,0,0,0,0,1.0,0.7313,0.2279,0.5224,-0.6509,100.0,1,0
LJ500_R066_C085,66,85,703750,9534250,4000,2500,2024,9,2024-09,69,0.7865,0,0.2135,0.0,0.0,0,0,0,0,1.0,0.7735,0.2726,0.5661,-0.6943,100.0,1,0
LJ500_R066_C086,66,86,704250,9534250,4500,2500,2024,9,2024-09,69,1.0,0,0.0,0.0,0.0,0,0,0,0,1.0,0.7967,0.3126,0.6033,-0.7115,100.0,1,0
LJ500_R067_C077,67,77,699750,9534750,0,3000,2024,9,2024-09,69,0.7165,0,0.2835,0.0,0.0,0,0,0,0,1.0,0.687,0.1279,0.3907,-0.6549,100.0,1,0
LJ500_R067_C078,67,78,700250,9534750,500,3000,2024,9,2024-09,69,0.8229,0,0.1771,0.0,0.0,0,0,0,0,1.0,0.7027,0.1641,0.4316,-0.6502,100.0,1,0
LJ500_R067_C079,67,79,700750,9534750,1000,3000,2024,9,2024-09,69,0.9659,0,0.0341,0.0,0.0,0,0,0,0,1.0,0.6875,0.1368,0.3813,-0.6341,100.0,1,0
LJ500_R067_C080,67,80,701250,9534750,1500,3000,2024,9,2024-09,69,0.8944,0,0.1056,0.0,0.0,0,0,0,0,1.0,0.744,0.2665,0.5434,-0.6736,100.0,1,0
LJ500_R067_C081,67,81,701750,9534750,2000,3000,2024,9,2024-09,69,0.7989,0,0.1897,0.0,0.0114,0,0,0,0,1.0,0.721,0.2447,0.5215,-0.6639,100.0,1,0
LJ500_R067_C082,67,82,702250,9534750,2500,3000,2024,9,2024-09,69,1.0,0,0.0,0.0,0.0,0,0,0,0,1.0,0.7689,0.2996,0.5864,-0.6924,100.0,1,0
LJ500_R067_C083,67,83,702750,9534750,3000,3000,2024,9,2024-09,69,1.0,0,0.0,0.0,0.0,0,0,0,0,1.0,0.7695,0.2983,0.5863,-0.6888,100.0,1,0
LJ500_R067_C084,67,84,703250,9534750,3500,3000,2024,9,2024-09,69,1.0,0,0.0,0.0,0.0,0,0,0,0,1.0,0.7641,0.2931,0.5776,-0.6929,100.0,1,0
LJ500_R067_C085,67,85,703750,9534750,4000,3000,2024,9,2024-09,69,1.0,0,0.0,0.0,0.0,0,0,0,0,1.0,0.8027,0.3234,0.6114,-0.7251,100.0,1,0
LJ500_R067_C086,67,86,704250,9534750,4500,3000,2024,9,2024-09,69,1.0,0,0.0,0.0,0.0,0,0,0,0,1.0,0.7758,0.3272,0.6046,-0.6926,100.0,1,0
LJ500_R068_C077,68,77,699750,9535250,0,3500,2024,9,2024-09,69,0.065,0,0.935,0.0,0.0,0,0,0,0,1.0,0.5668,0.0788,0.3289,-0.5875,100.0,1,0
LJ500_R068_C078,68,78,700250,9535250,500,3500,2024,9,2024-09,69,0.7525,0,0.2475,0.0,0.0,0,0,0,0,1.0,0.687,0.1446,0.4302,-0.6348,100.0,1,0
LJ500_R068_C079,68,79,700750,9535250,1000,3500,2024,9,2024-09,69,1.0,0,0.0,0.0,0.0,0,0,0,0,1.0,0.7497,0.2161,0.5033,-0.6706,100.0,1,0
LJ500_R068_C080,68,80,701250,9535250,1500,3500,2024,9,2024-09,69,0.8923,0,0.1077,0.0,0.0,0,0,0,0,1.0,0.7303,0.2639,0.531,-0.662,100.0,1,0
LJ500_R068_C081,68,81,701750,9535250,2000,3500,2024,9,2024-09,69,0.6646,0,0.0767,0.0,0.2586,0,0,0,0,1.0,0.6764,0.196,0.4697,-0.6349,100.0,1,0
LJ500_R068_C082,68,82,702250,9535250,2500,3500,2024,9,2024-09,69,0.9399,0,0.0601,0.0,0.0,0,0,0,0,1.0,0.7772,0.352,0.6291,-0.7019,100.0,1,0
LJ500_R068_C083,68,83,702750,9535250,3000,3500,2024,9,2024-09,69,1.0,0,0.0,0.0,0.0,0,0,0,0,1.0,0.79,0.3689,0.644,-0.7168,100.0,1,0
LJ500_R068_C084,68,84,703250,9535250,3500,3500,2024,9,2024-09,69,1.0,0,0.0,0.0,0.0,0,0,0,0,1.0,0.7814,0.3487,0.6268,-0.709,100.0,1,0
LJ500_R068_C085,68,85,703750,9535250,4000,3500,2024,9,2024-09,69,1.0,0,0.0,0.0,0.0,0,0,0,0,1.0,0.8038,0.3757,0.6519,-0.7311,100.0,1,0
LJ500_R068_C086,68,86,704250,9535250,4500,3500,2024,9,2024-09,69,1.0,0,0.0,0.0,0.0,0,0,0,0,1.0,0.7486,0.3302,0.6016,-0.6802,100.0,1,0
LJ500_R069_C077,69,77,699750,9535750,0,4000,2024,9,2024-09,69,0.0,0,0.9574,0.0426,0.0,0,0,0,0,1.0,0.6381,0.1288,0.3887,-0.634,100.0,1,0
LJ500_R069_C078,69,78,700250,9535750,500,4000,2024,9,2024-09,69,0.4139,0,0.5115,0.0746,0.0,0,0,0,0,1.0,0.7646,0.2096,0.4961,-0.6848,100.0,1,0
LJ500_R069_C079,69,79,700750,9535750,1000,4000,2024,9,2024-09,69,0.6432,0,0.3568,0.0,0.0,0,0,0,0,1.0,0.7168,0.1905,0.4603,-0.649,100.0,1,0
LJ500_R069_C080,69,80,701250,9535750,1500,4000,2024,9,2024-09,69,0.8514,0,0.1486,0.0,0.0,0,0,0,0,1.0,0.7492,0.2143,0.4991,-0.6724,100.0,1,0
LJ500_R069_C081,69,81,701750,9535750,2000,4000,2024,9,2024-09,69,1.0,0,0.0,0.0,0.0,0,0,0,0,1.0,0.7797,0.278,0.5746,-0.701,100.0,1,0
LJ500_R069_C082,69,82,702250,9535750,2500,4000,2024,9,2024-09,69,1.0,0,0.0,0.0,0.0,0,0,0,0,1.0,0.7798,0.2973,0.5899,-0.7004,100.0,1,0
LJ500_R069_C083,69,83,702750,9535750,3000,4000,2024,9,2024-09,69,1.0,0,0.0,0.0,0.0,0,0,0,0,1.0,0.7955,0.3622,0.6442,-0.7223,100.0,1,0
LJ500_R069_C084,69,84,703250,9535750,3500,4000,2024,9,2024-09,69,1.0,0,0.0,0.0,0.0,0,0,0,0,1.0,0.7473,0.3263,0.593,-0.6878,100.0,1,0
LJ500_R069_C085,69,85,703750,9535750,4000,4000,2024,9,2024-09,69,1.0,0,0.0,0.0,0.0,0,0,0,0,1.0,0.7693,0.3292,0.6083,-0.7037,100.0,1,0
LJ500_R069_C086,69,86,704250,9535750,4500,4000,2024,9,2024-09,69,1.0,0,0.0,0.0,0.0,0,0,0,0,1.0,0.7385,0.282,0.5633,-0.6724,100.0,1,0
LJ500_R070_C077,70,77,699750,9536250,0,4500,2024,9,2024-09,69,0.0,0,0.3423,0.4553,0.2024,0,0,0,0,1.0,0.5791,0.0533,0.3069,-0.6187,100.0,1,0
LJ500_R070_C078,70,78,700250,9536250,500,4500,2024,9,2024-09,69,0.0,0,0.3908,0.6092,0.0,0,0,0,0,1.0,0.5983,0.0736,0.3279,-0.6158,100.0,1,0
LJ500_R070_C079,70,79,700750,9536250,1000,4500,2024,9,2024-09,69,0.2082,0,0.7834,0.0084,0.0,0,0,0,0,1.0,0.6404,0.0997,0.3798,-0.619,100.0,1,0
LJ500_R070_C080,70,80,701250,9536250,1500,4500,2024,9,2024-09,69,0.2813,0,0.7187,0.0,0.0,0,0,0,0,1.0,0.7128,0.1579,0.4513,-0.6461,100.0,1,0
LJ500_R070_C081,70,81,701750,9536250,2000,4500,2024,9,2024-09,69,0.9197,0,0.0803,0.0,0.0,0,0,0,0,1.0,0.7825,0.2426,0.5433,-0.6895,100.0,1,0
LJ500_R070_C082,70,82,702250,9536250,2500,4500,2024,9,2024-09,69,1.0,0,0.0,0.0,0.0,0,0,0,0,1.0,0.7429,0.235,0.5287,-0.6643,100.0,1,0
LJ500_R070_C083,70,83,702750,9536250,3000,4500,2024,9,2024-09,69,1.0,0,0.0,0.0,0.0,0,0,0,0,1.0,0.7979,0.3092,0.6027,-0.7154,100.0,1,0
LJ500_R070_C084,70,84,703250,9536250,3500,4500,2024,9,2024-09,69,0.9943,0,0.0057,0.0,0.0,0,0,0,0,1.0,0.7939,0.3213,0.6037,-0.7243,100.0,1,0
LJ500_R070_C085,70,85,703750,9536250,4000,4500,2024,9,2024-09,69,1.0,0,0.0,0.0,0.0,0,0,0,0,1.0,0.792,0.3497,0.6262,-0.7255,100.0,1,0
LJ500_R070_C086,70,86,704250,9536250,4500,4500,2024,9,2024-09,69,1.0,0,0.0,0.0,0.0,0,0,0,0,1.0,0.8233,0.3929,0.6724,-0.745,100.0,1,0
LJ500_R061_C077,61,77,699750,9531750,0,0,2024,10,2024-10,70,0.0,0,1.0,0.0,0.0,0,0,0,0,1.0,0.462,-0.0969,0.1333,-0.5108,100.0,1,0
LJ500_R061_C078,61,78,700250,9531750,500,0,2024,10,2024-10,70,0.0,0,0.9516,0.0,0.0484,0,0,0,0,1.0,0.4343,-0.0628,0.1769,-0.4482,100.0,1,0
LJ500_R061_C079,61,79,700750,9531750,1000,0,2024,10,2024-10,70,0.0,0,0.906,0.0,0.094,0,0,0,0,1.0,0.5285,0.0242,0.2921,-0.5136,100.0,1,0
LJ500_R061_C080,61,80,701250,9531750,1500,0,2024,10,2024-10,70,0.1714,0,0.8229,0.0,0.0057,0,0,0,0,1.0,0.5206,0.0364,0.3099,-0.5125,91.2,1,0
LJ500_R061_C081,61,81,701750,9531750,2000,0,2024,10,2024-10,70,0.0,0,1.0,0.0,0.0,0,0,0,0,1.0,0.5615,0.0971,0.3938,-0.5253,36.48,1,0
LJ500_R061_C082,61,82,702250,9531750,2500,0,2024,10,2024-10,70,0.0618,0,0.9382,0.0,0.0,0,0,0,0,1.0,0.6167,0.0373,0.3566,-0.5763,0.16,1,0
LJ500_R061_C083,61,83,702750,9531750,3000,0,2024,10,2024-10,70,0.5343,0,0.3633,0.1024,0.0,0,0,0,0,1.0,,,,,0.0,1,1
LJ500_R061_C084,61,84,703250,9531750,3500,0,2024,10,2024-10,70,0.7729,0,0.0,0.2271,0.0,0,0,0,0,1.0,0.7695,0.1963,0.5086,-0.7108,11.84,1,0
LJ500_R061_C085,61,85,703750,9531750,4000,0,2024,10,2024-10,70,0.709,0,0.291,0.0,0.0,0,0,0,0,1.0,0.7997,0.2497,0.5591,-0.7294,56.48,1,0
LJ500_R061_C086,61,86,704250,9531750,4500,0,2024,10,2024-10,70,1.0,0,0.0,0.0,0.0,0,0,0,0,1.0,0.768,0.2373,0.5345,-0.6947,84.8,1,0
LJ500_R062_C077,62,77,699750,9532250,0,500,2024,10,2024-10,70,0.0,0,0.7197,0.0,0.2803,0,0,0,0,1.0,0.4819,-0.017,0.2207,-0.5098,100.0,1,0
LJ500_R062_C078,62,78,700250,9532250,500,500,2024,10,2024-10,70,0.0,0,0.5947,0.0,0.4053,0,0,0,0,1.0,0.4598,0.0241,0.2756,-0.4715,100.0,1,0
LJ500_R062_C079,62,79,700750,9532250,1000,500,2024,10,2024-10,70,0.0,0,0.771,0.0,0.229,0,0,0,0,1.0,0.5534,0.0195,0.2927,-0.5513,100.0,1,0
LJ500_R062_C080,62,80,701250,9532250,1500,500,2024,10,2024-10,70,0.235,0,0.6379,0.0,0.1271,0,0,0,0,1.0,0.4907,0.0233,0.2931,-0.4871,98.72,1,0
LJ500_R062_C081,62,81,701750,9532250,2000,500,2024,10,2024-10,70,0.0684,0,0.7378,0.0,0.1938,0,0,0,0,1.0,0.5045,-0.012,0.2587,-0.5091,33.44,1,0
LJ500_R062_C082,62,82,702250,9532250,2500,500,2024,10,2024-10,70,0.0973,0,0.9027,0.0,0.0,0,0,0,0,1.0,,,,,0.0,1,1
LJ500_R062_C083,62,83,702750,9532250,3000,500,2024,10,2024-10,70,0.0473,0,0.9507,0.0019,0.0,0,0,0,0,1.0,,,,,0.0,1,1
LJ500_R062_C084,62,84,703250,9532250,3500,500,2024,10,2024-10,70,0.2757,0,0.7209,0.0034,0.0,0,0,0,0,1.0,0.7074,0.1181,0.429,-0.6407,0.96,1,0
LJ500_R062_C085,62,85,703750,9532250,4000,500,2024,10,2024-10,70,0.0588,0,0.9412,0.0,0.0,0,0,0,0,1.0,0.7417,0.1965,0.4904,-0.6872,48.8,1,0
LJ500_R062_C086,62,86,704250,9532250,4500,500,2024,10,2024-10,70,0.7611,0,0.2389,0.0,0.0,0,0,0,0,1.0,0.7621,0.2553,0.5517,-0.6826,20.96,1,0
LJ500_R063_C077,63,77,699750,9532750,0,1000,2024,10,2024-10,70,0.0,0,0.1158,0.0,0.8842,0,0,0,0,1.0,0.389,-0.0672,0.1535,-0.477,100.0,1,0
LJ500_R063_C078,63,78,700250,9532750,500,1000,2024,10,2024-10,70,0.0328,0,0.3431,0.0,0.624,0,0,0,0,1.0,0.53,0.0319,0.2903,-0.5702,100.0,1,0
LJ500_R063_C079,63,79,700750,9532750,1000,1000,2024,10,2024-10,70,0.2883,0,0.3768,0.0,0.3349,0,0,0,0,1.0,0.5341,0.0254,0.2889,-0.548,100.0,1,0
LJ500_R063_C080,63,80,701250,9532750,1500,1000,2024,10,2024-10,70,0.1673,0,0.4746,0.0,0.358,0,0,0,0,1.0,0.5469,0.0426,0.3209,-0.5381,100.0,1,0
LJ500_R063_C081,63,81,701750,9532750,2000,1000,2024,10,2024-10,70,0.0165,0,0.5433,0.0,0.4402,0,0,0,0,1.0,0.5961,0.0601,0.3566,-0.5701,48.64,1,0
LJ500_R063_C082,63,82,702250,9532750,2500,1000,2024,10,2024-10,70,0.6742,0,0.2142,0.0,0.1117,0,0,0,0,1.0,0.8245,0.2433,0.5405,-0.7709,1.76,1,0
LJ500_R063_C083,63,83,702750,9532750,3000,1000,2024,10,2024-10,70,0.2059,0,0.7941,0.0,0.0,0,0,0,0,1.0,0.5111,-0.0467,0.2166,-0.5053,5.12,1,0
LJ500_R063_C084,63,84,703250,9532750,3500,1000,2024,10,2024-10,70,0.2973,0,0.7027,0.0,0.0,0,0,0,0,1.0,0.6776,0.0865,0.3871,-0.6277,1.6,1,0
LJ500_R063_C085,63,85,703750,9532750,4000,1000,2024,10,2024-10,70,0.1462,0,0.8538,0.0,0.0,0,0,0,0,1.0,,,,,0.0,1,1
LJ500_R063_C086,63,86,704250,9532750,4500,1000,2024,10,2024-10,70,0.3435,0,0.6565,0.0,0.0,0,0,0,0,1.0,0.7158,0.1214,0.4225,-0.666,0.32,1,0
LJ500_R064_C077,64,77,699750,9533250,0,1500,2024,10,2024-10,70,0.3887,0,0.3116,0.0,0.2997,0,0,0,0,1.0,0.5471,0.0184,0.2712,-0.5848,100.0,1,0
LJ500_R064_C078,64,78,700250,9533250,500,1500,2024,10,2024-10,70,0.5382,0,0.082,0.0,0.3799,0,0,0,0,1.0,0.5881,0.0787,0.3517,-0.603,100.0,1,0
LJ500_R064_C079,64,79,700750,9533250,1000,1500,2024,10,2024-10,70,0.4384,0,0.1474,0.0,0.4142,0,0,0,0,1.0,0.5779,0.0535,0.3408,-0.5619,90.24,1,0
LJ500_R064_C080,64,80,701250,9533250,1500,1500,2024,10,2024-10,70,0.5951,0,0.4049,0.0,0.0,0,0,0,0,1.0,0.6296,0.0661,0.3667,-0.5945,36.0,1,0
LJ500_R064_C081,64,81,701750,9533250,2000,1500,2024,10,2024-10,70,0.5997,0,0.181,0.0,0.2193,0,0,0,0,1.0,0.6241,0.0493,0.3442,-0.5948,38.08,1,0
LJ500_R064_C082,64,82,702250,9533250,2500,1500,2024,10,2024-10,70,0.7276,0,0.2724,0.0,0.0,0,0,0,0,1.0,,,,,0.0,1,1
LJ500_R064_C083,64,83,702750,9533250,3000,1500,2024,10,2024-10,70,0.566,0,0.203,0.0,0.231,0,0,0,0,1.0,0.5993,0.0323,0.3093,-0.597,0.8,1,0
LJ500_R064_C084,64,84,703250,9533250,3500,1500,2024,10,2024-10,70,0.235,0,0.7298,0.0,0.0352,0,0,0,0,1.0,0.674,0.1612,0.4433,-0.6391,23.52,1,0
LJ500_R064_C085,64,85,703750,9533250,4000,1500,2024,10,2024-10,70,0.5109,0,0.4891,0.0,0.0,0,0,0,0,1.0,0.6509,0.1523,0.4479,-0.5757,9.76,1,0
LJ500_R064_C086,64,86,704250,9533250,4500,1500,2024,10,2024-10,70,0.748,0,0.252,0.0,0.0,0,0,0,0,1.0,0.6794,0.1262,0.4219,-0.6239,51.04,1,0
LJ500_R065_C077,65,77,699750,9533750,0,2000,2024,10,2024-10,70,0.312,0,0.4033,0.0,0.2847,0,0,0,0,1.0,0.5751,0.0397,0.3063,-0.5948,100.0,1,0
LJ500_R065_C078,65,78,700250,9533750,500,2000,2024,10,2024-10,70,0.5913,0,0.4071,0.0,0.0016,0,0,0,0,1.0,0.6685,0.1406,0.4152,-0.6348,100.0,1,0
LJ500_R065_C079,65,79,700750,9533750,1000,2000,2024,10,2024-10,70,0.3219,0,0.6781,0.0,0.0,0,0,0,0,1.0,0.6406,0.0961,0.3516,-0.6141,99.52,1,0
LJ500_R065_C080,65,80,701250,9533750,1500,2000,2024,10,2024-10,70,0.8266,0,0.1734,0.0,0.0,0,0,0,0,1.0,0.6709,0.0976,0.3916,-0.645,37.92,1,0
LJ500_R065_C081,65,81,701750,9533750,2000,2000,2024,10,2024-10,70,0.9017,0,0.0983,0.0,0.0,0,0,0,0,1.0,,,,,0.0,1,1
LJ500_R065_C082,65,82,702250,9533750,2500,2000,2024,10,2024-10,70,0.7327,0,0.2673,0.0,0.0,0,0,0,0,1.0,,,,,0.0,1,1
LJ500_R065_C083,65,83,702750,9533750,3000,2000,2024,10,2024-10,70,0.7802,0,0.1368,0.0,0.083,0,0,0,0,1.0,0.7502,0.1608,0.46,-0.6853,7.36,1,0
LJ500_R065_C084,65,84,703250,9533750,3500,2000,2024,10,2024-10,70,0.3229,0,0.6771,0.0,0.0,0,0,0,0,1.0,0.7164,0.1636,0.4583,-0.6653,88.64,1,0
LJ500_R065_C085,65,85,703750,9533750,4000,2000,2024,10,2024-10,70,0.0167,0,0.9833,0.0,0.0,0,0,0,0,1.0,0.6603,0.0988,0.3857,-0.631,84.48,1,0
LJ500_R065_C086,65,86,704250,9533750,4500,2000,2024,10,2024-10,70,0.7821,0,0.2179,0.0,0.0,0,0,0,0,1.0,0.774,0.2455,0.5454,-0.7043,98.24,1,0
LJ500_R066_C077,66,77,699750,9534250,0,2500,2024,10,2024-10,70,0.5018,0,0.3517,0.0,0.1465,0,0,0,0,1.0,0.6394,0.1053,0.3756,-0.637,100.0,1,0
LJ500_R066_C078,66,78,700250,9534250,500,2500,2024,10,2024-10,70,0.1232,0,0.8768,0.0,0.0,0,0,0,0,1.0,0.6495,0.1192,0.3487,-0.6085,100.0,1,0
LJ500_R066_C079,66,79,700750,9534250,1000,2500,2024,10,2024-10,70,0.3332,0,0.6668,0.0,0.0,0,0,0,0,1.0,0.6212,0.0821,0.3011,-0.6,100.0,1,0
LJ500_R066_C080,66,80,701250,9534250,1500,2500,2024,10,2024-10,70,0.9149,0,0.0851,0.0,0.0,0,0,0,0,1.0,0.7479,0.2313,0.523,-0.6901,89.28,1,0
LJ500_R066_C081,66,81,701750,9534250,2000,2500,2024,10,2024-10,70,0.7037,0,0.2963,0.0,0.0,0,0,0,0,1.0,0.7097,0.1849,0.4742,-0.6676,4.48,1,0
LJ500_R066_C082,66,82,702250,9534250,2500,2500,2024,10,2024-10,70,0.6772,0,0.3228,0.0,0.0,0,0,0,0,1.0,,,,,0.0,1,1
LJ500_R066_C083,66,83,702750,9534250,3000,2500,2024,10,2024-10,70,0.6289,0,0.3711,0.0,0.0,0,0,0,0,1.0,,,,,0.0,1,1
LJ500_R066_C084,66,84,703250,9534250,3500,2500,2024,10,2024-10,70,0.7305,0,0.2695,0.0,0.0,0,0,0,0,1.0,0.6836,0.1602,0.4459,-0.6374,19.36,1,0
LJ500_R066_C085,66,85,703750,9534250,4000,2500,2024,10,2024-10,70,0.7865,0,0.2135,0.0,0.0,0,0,0,0,1.0,0.6981,0.174,0.4608,-0.647,33.12,1,0
LJ500_R066_C086,66,86,704250,9534250,4500,2500,2024,10,2024-10,70,1.0,0,0.0,0.0,0.0,0,0,0,0,1.0,0.7752,0.2836,0.5748,-0.6955,78.08,1,0
LJ500_R067_C077,67,77,699750,9534750,0,3000,2024,10,2024-10,70,0.7165,0,0.2835,0.0,0.0,0,0,0,0,1.0,0.6508,0.1014,0.3532,-0.6413,100.0,1,0
LJ500_R067_C078,67,78,700250,9534750,500,3000,2024,10,2024-10,70,0.8229,0,0.1771,0.0,0.0,0,0,0,0,1.0,0.6685,0.1479,0.4078,-0.6301,100.0,1,0
LJ500_R067_C079,67,79,700750,9534750,1000,3000,2024,10,2024-10,70,0.9659,0,0.0341,0.0,0.0,0,0,0,0,1.0,0.6307,0.1411,0.3825,-0.5733,100.0,1,0
LJ500_R067_C080,67,80,701250,9534750,1500,3000,2024,10,2024-10,70,0.8944,0,0.1056,0.0,0.0,0,0,0,0,1.0,0.6931,0.2718,0.548,-0.6135,100.0,1,0
LJ500_R067_C081,67,81,701750,9534750,2000,3000,2024,10,2024-10,70,0.7989,0,0.1897,0.0,0.0114,0,0,0,0,1.0,0.6236,0.1725,0.4399,-0.5968,30.08,1,0
LJ500_R067_C082,67,82,702250,9534750,2500,3000,2024,10,2024-10,70,1.0,0,0.0,0.0,0.0,0,0,0,0,1.0,0.6314,0.2978,0.5584,-0.5441,1.92,1,0
LJ500_R067_C083,67,83,702750,9534750,3000,3000,2024,10,2024-10,70,1.0,0,0.0,0.0,0.0,0,0,0,0,1.0,,,,,0.0,1,1
LJ500_R067_C084,67,84,703250,9534750,3500,3000,2024,10,2024-10,70,1.0,0,0.0,0.0,0.0,0,0,0,0,1.0,,,,,0.0,1,1
LJ500_R067_C085,67,85,703750,9534750,4000,3000,2024,10,2024-10,70,1.0,0,0.0,0.0,0.0,0,0,0,0,1.0,,,,,0.0,1,1
LJ500_R067_C086,67,86,704250,9534750,4500,3000,2024,10,2024-10,70,1.0,0,0.0,0.0,0.0,0,0,0,0,1.0,0.7456,0.3094,0.5839,-0.668,61.12,1,0
LJ500_R068_C077,68,77,699750,9535250,0,3500,2024,10,2024-10,70,0.065,0,0.935,0.0,0.0,0,0,0,0,1.0,0.502,0.077,0.319,-0.5385,100.0,1,0
LJ500_R068_C078,68,78,700250,9535250,500,3500,2024,10,2024-10,70,0.7525,0,0.2475,0.0,0.0,0,0,0,0,1.0,0.6141,0.1501,0.4254,-0.5671,100.0,1,0
LJ500_R068_C079,68,79,700750,9535250,1000,3500,2024,10,2024-10,70,1.0,0,0.0,0.0,0.0,0,0,0,0,1.0,0.6988,0.2191,0.5003,-0.615,100.0,1,0
LJ500_R068_C080,68,80,701250,9535250,1500,3500,2024,10,2024-10,70,0.8923,0,0.1077,0.0,0.0,0,0,0,0,1.0,0.6775,0.2704,0.5404,-0.6,87.68,1,0
LJ500_R068_C081,68,81,701750,9535250,2000,3500,2024,10,2024-10,70,0.6646,0,0.0767,0.0,0.2586,0,0,0,0,1.0,0.6307,0.2532,0.5307,-0.5603,28.64,1,0
LJ500_R068_C082,68,82,702250,9535250,2500,3500,2024,10,2024-10,70,0.9399,0,0.0601,0.0,0.0,0,0,0,0,1.0,,,,,0.0,1,1
LJ500_R068_C083,68,83,702750,9535250,3000,3500,2024,10,2024-10,70,1.0,0,0.0,0.0,0.0,0,0,0,0,1.0,,,,,0.0,1,1
LJ500_R068_C084,68,84,703250,9535250,3500,3500,2024,10,2024-10,70,1.0,0,0.0,0.0,0.0,0,0,0,0,1.0,0.7045,0.4378,0.6934,-0.602,2.4,1,0
LJ500_R068_C085,68,85,703750,9535250,4000,3500,2024,10,2024-10,70,1.0,0,0.0,0.0,0.0,0,0,0,0,1.0,0.7138,0.3045,0.559,-0.6511,5.6,1,0
LJ500_R068_C086,68,86,704250,9535250,4500,3500,2024,10,2024-10,70,1.0,0,0.0,0.0,0.0,0,0,0,0,1.0,0.619,0.2456,0.492,-0.5703,68.64,1,0
LJ500_R069_C077,69,77,699750,9535750,0,4000,2024,10,2024-10,70,0.0,0,0.9574,0.0426,0.0,0,0,0,0,1.0,0.5458,0.0654,0.3139,-0.5561,100.0,1,0
LJ500_R069_C078,69,78,700250,9535750,500,4000,2024,10,2024-10,70,0.4139,0,0.5115,0.0746,0.0,0,0,0,0,1.0,0.7167,0.1747,0.4542,-0.65,100.0,1,0
LJ500_R069_C079,69,79,700750,9535750,1000,4000,2024,10,2024-10,70,0.6432,0,0.3568,0.0,0.0,0,0,0,0,1.0,0.6943,0.1652,0.4268,-0.641,100.0,1,0
LJ500_R069_C080,69,80,701250,9535750,1500,4000,2024,10,2024-10,70,0.8514,0,0.1486,0.0,0.0,0,0,0,0,1.0,0.6675,0.175,0.4475,-0.6042,62.72,1,0
LJ500_R069_C081,69,81,701750,9535750,2000,4000,2024,10,2024-10,70,1.0,0,0.0,0.0,0.0,0,0,0,0,1.0,0.6614,0.2947,0.5741,-0.5686,73.44,1,0
LJ500_R069_C082,69,82,702250,9535750,2500,4000,2024,10,2024-10,70,1.0,0,0.0,0.0,0.0,0,0,0,0,1.0,0.6261,0.2737,0.5489,-0.5373,56.8,1,0
LJ500_R069_C083,69,83,702750,9535750,3000,4000,2024,10,2024-10,70,1.0,0,0.0,0.0,0.0,0,0,0,0,1.0,0.7,0.3445,0.6235,-0.6014,12.16,1,0
LJ500_R069_C084,69,84,703250,9535750,3500,4000,2024,10,2024-10,70,1.0,0,0.0,0.0,0.0,0,0,0,0,1.0,,,,,0.0,1,1
LJ500_R069_C085,69,85,703750,9535750,4000,4000,2024,10,2024-10,70,1.0,0,0.0,0.0,0.0,0,0,0,0,1.0,0.7304,0.3017,0.5683,-0.6656,62.56,1,0
LJ500_R069_C086,69,86,704250,9535750,4500,4000,2024,10,2024-10,70,1.0,0,0.0,0.0,0.0,0,0,0,0,1.0,0.7338,0.2716,0.5509,-0.6721,84.96,1,0
LJ500_R070_C077,70,77,699750,9536250,0,4500,2024,10,2024-10,70,0.0,0,0.3423,0.4553,0.2024,0,0,0,0,1.0,0.5108,0.0373,0.2729,-0.555,100.0,1,0
LJ500_R070_C078,70,78,700250,9536250,500,4500,2024,10,2024-10,70,0.0,0,0.3908,0.6092,0.0,0,0,0,0,1.0,0.554,0.062,0.3064,-0.574,100.0,1,0
LJ500_R070_C079,70,79,700750,9536250,1000,4500,2024,10,2024-10,70,0.2082,0,0.7834,0.0084,0.0,0,0,0,0,1.0,0.5825,0.0577,0.3334,-0.5738,99.36,1,0
LJ500_R070_C080,70,80,701250,9536250,1500,4500,2024,10,2024-10,70,0.2813,0,0.7187,0.0,0.0,0,0,0,0,1.0,0.6941,0.1401,0.4424,-0.6264,38.24,1,0
LJ500_R070_C081,70,81,701750,9536250,2000,4500,2024,10,2024-10,70,0.9197,0,0.0803,0.0,0.0,0,0,0,0,1.0,0.7087,0.2357,0.5224,-0.6271,55.36,1,0
LJ500_R070_C082,70,82,702250,9536250,2500,4500,2024,10,2024-10,70,1.0,0,0.0,0.0,0.0,0,0,0,0,1.0,0.5912,0.2329,0.4979,-0.5142,71.68,1,0
LJ500_R070_C083,70,83,702750,9536250,3000,4500,2024,10,2024-10,70,1.0,0,0.0,0.0,0.0,0,0,0,0,1.0,0.6672,0.3129,0.5858,-0.5698,21.6,1,0
LJ500_R070_C084,70,84,703250,9536250,3500,4500,2024,10,2024-10,70,0.9943,0,0.0057,0.0,0.0,0,0,0,0,1.0,0.6175,0.1293,0.3807,-0.6072,8.48,1,0
LJ500_R070_C085,70,85,703750,9536250,4000,4500,2024,10,2024-10,70,1.0,0,0.0,0.0,0.0,0,0,0,0,1.0,0.6576,0.2046,0.4667,-0.6314,8.48,1,0
LJ500_R070_C086,70,86,704250,9536250,4500,4500,2024,10,2024-10,70,1.0,0,0.0,0.0,0.0,0,0,0,0,1.0,0.7083,0.3192,0.5773,-0.6473,60.8,1,0
LJ500_R061_C077,61,77,699750,9531750,0,0,2024,11,2024-11,71,0.0,0,1.0,0.0,0.0,0,0,0,0,1.0,0.4874,-0.041,0.1681,-0.5128,100.0,1,0
LJ500_R061_C078,61,78,700250,9531750,500,0,2024,11,2024-11,71,0.0,0,0.9516,0.0,0.0484,0,0,0,0,1.0,0.4859,-0.0294,0.1829,-0.5107,100.0,1,0
LJ500_R061_C079,61,79,700750,9531750,1000,0,2024,11,2024-11,71,0.0,0,0.906,0.0,0.094,0,0,0,0,1.0,0.5699,0.053,0.2888,-0.562,100.0,1,0
LJ500_R061_C080,61,80,701250,9531750,1500,0,2024,11,2024-11,71,0.1714,0,0.8229,0.0,0.0057,0,0,0,0,1.0,0.5699,0.0638,0.3046,-0.5699,100.0,1,0
LJ500_R061_C081,61,81,701750,9531750,2000,0,2024,11,2024-11,71,0.0,0,1.0,0.0,0.0,0,0,0,0,1.0,0.5403,0.0416,0.2844,-0.5392,100.0,1,0
LJ500_R061_C082,61,82,702250,9531750,2500,0,2024,11,2024-11,71,0.0618,0,0.9382,0.0,0.0,0,0,0,0,1.0,0.594,0.057,0.3168,-0.585,100.0,1,0
LJ500_R061_C083,61,83,702750,9531750,3000,0,2024,11,2024-11,71,0.5343,0,0.3633,0.1024,0.0,0,0,0,0,1.0,0.7024,0.1626,0.4441,-0.6342,100.0,1,0
LJ500_R061_C084,61,84,703250,9531750,3500,0,2024,11,2024-11,71,0.7729,0,0.0,0.2271,0.0,0,0,0,0,1.0,0.7372,0.1729,0.4692,-0.6793,100.0,1,0
LJ500_R061_C085,61,85,703750,9531750,4000,0,2024,11,2024-11,71,0.709,0,0.291,0.0,0.0,0,0,0,0,1.0,0.7758,0.2292,0.5311,-0.7019,100.0,1,0
LJ500_R061_C086,61,86,704250,9531750,4500,0,2024,11,2024-11,71,1.0,0,0.0,0.0,0.0,0,0,0,0,1.0,0.7307,0.2042,0.4986,-0.6561,100.0,1,0
LJ500_R062_C077,62,77,699750,9532250,0,500,2024,11,2024-11,71,0.0,0,0.7197,0.0,0.2803,0,0,0,0,1.0,0.4657,-0.0221,0.1863,-0.4883,100.0,1,0
LJ500_R062_C078,62,78,700250,9532250,500,500,2024,11,2024-11,71,0.0,0,0.5947,0.0,0.4053,0,0,0,0,1.0,0.4835,-0.0107,0.2083,-0.5071,100.0,1,0
LJ500_R062_C079,62,79,700750,9532250,1000,500,2024,11,2024-11,71,0.0,0,0.771,0.0,0.229,0,0,0,0,1.0,0.5459,-0.0229,0.2151,-0.5576,100.0,1,0
LJ500_R062_C080,62,80,701250,9532250,1500,500,2024,11,2024-11,71,0.235,0,0.6379,0.0,0.1271,0,0,0,0,1.0,0.516,-0.0182,0.2183,-0.5487,100.0,1,0
LJ500_R062_C081,62,81,701750,9532250,2000,500,2024,11,2024-11,71,0.0684,0,0.7378,0.0,0.1938,0,0,0,0,1.0,0.6112,0.062,0.3166,-0.599,100.0,1,0
LJ500_R062_C082,62,82,702250,9532250,2500,500,2024,11,2024-11,71,0.0973,0,0.9027,0.0,0.0,0,0,0,0,1.0,0.6197,0.0983,0.3616,-0.5968,100.0,1,0
LJ500_R062_C083,62,83,702750,9532250,3000,500,2024,11,2024-11,71,0.0473,0,0.9507,0.0019,0.0,0,0,0,0,1.0,0.6414,0.116,0.3859,-0.5997,100.0,1,0
LJ500_R062_C084,62,84,703250,9532250,3500,500,2024,11,2024-11,71,0.2757,0,0.7209,0.0034,0.0,0,0,0,0,1.0,0.7063,0.1588,0.4446,-0.6493,100.0,1,0
LJ500_R062_C085,62,85,703750,9532250,4000,500,2024,11,2024-11,71,0.0588,0,0.9412,0.0,0.0,0,0,0,0,1.0,0.7035,0.1663,0.4572,-0.6411,100.0,1,0
LJ500_R062_C086,62,86,704250,9532250,4500,500,2024,11,2024-11,71,0.7611,0,0.2389,0.0,0.0,0,0,0,0,1.0,0.7261,0.1926,0.4858,-0.6537,100.0,1,0
LJ500_R063_C077,63,77,699750,9532750,0,1000,2024,11,2024-11,71,0.0,0,0.1158,0.0,0.8842,0,0,0,0,1.0,0.3496,-0.1281,0.0551,-0.4451,100.0,1,0
LJ500_R063_C078,63,78,700250,9532750,500,1000,2024,11,2024-11,71,0.0328,0,0.3431,0.0,0.624,0,0,0,0,1.0,0.4843,-0.0356,0.1853,-0.5364,100.0,1,0
LJ500_R063_C079,63,79,700750,9532750,1000,1000,2024,11,2024-11,71,0.2883,0,0.3768,0.0,0.3349,0,0,0,0,1.0,0.4944,-0.0499,0.1783,-0.5304,100.0,1,0
LJ500_R063_C080,63,80,701250,9532750,1500,1000,2024,11,2024-11,71,0.1673,0,0.4746,0.0,0.358,0,0,0,0,1.0,0.5358,-0.0106,0.2393,-0.5632,100.0,1,0
LJ500_R063_C081,63,81,701750,9532750,2000,1000,2024,11,2024-11,71,0.0165,0,0.5433,0.0,0.4402,0,0,0,0,1.0,0.5934,0.0278,0.2971,-0.5902,100.0,1,0
LJ500_R063_C082,63,82,702250,9532750,2500,1000,2024,11,2024-11,71,0.6742,0,0.2142,0.0,0.1117,0,0,0,0,1.0,0.6104,0.0853,0.3455,-0.5821,100.0,1,0
LJ500_R063_C083,63,83,702750,9532750,3000,1000,2024,11,2024-11,71,0.2059,0,0.7941,0.0,0.0,0,0,0,0,1.0,0.6285,0.1243,0.384,-0.5869,100.0,1,0
LJ500_R063_C084,63,84,703250,9532750,3500,1000,2024,11,2024-11,71,0.2973,0,0.7027,0.0,0.0,0,0,0,0,1.0,0.6914,0.1561,0.4354,-0.6389,100.0,1,0
LJ500_R063_C085,63,85,703750,9532750,4000,1000,2024,11,2024-11,71,0.1462,0,0.8538,0.0,0.0,0,0,0,0,1.0,0.7088,0.183,0.4633,-0.6476,100.0,1,0
LJ500_R063_C086,63,86,704250,9532750,4500,1000,2024,11,2024-11,71,0.3435,0,0.6565,0.0,0.0,0,0,0,0,1.0,0.7566,0.2355,0.5279,-0.6773,100.0,1,0
LJ500_R064_C077,64,77,699750,9533250,0,1500,2024,11,2024-11,71,0.3887,0,0.3116,0.0,0.2997,0,0,0,0,1.0,0.5197,0.0032,0.2289,-0.5449,100.0,1,0
LJ500_R064_C078,64,78,700250,9533250,500,1500,2024,11,2024-11,71,0.5382,0,0.082,0.0,0.3799,0,0,0,0,1.0,0.5464,0.0159,0.261,-0.565,100.0,1,0
LJ500_R064_C079,64,79,700750,9533250,1000,1500,2024,11,2024-11,71,0.4384,0,0.1474,0.0,0.4142,0,0,0,0,1.0,0.5893,0.0146,0.2853,-0.595,100.0,1,0
LJ500_R064_C080,64,80,701250,9533250,1500,1500,2024,11,2024-11,71,0.5951,0,0.4049,0.0,0.0,0,0,0,0,1.0,0.6574,0.0915,0.3713,-0.6291,100.0,1,0
LJ500_R064_C081,64,81,701750,9533250,2000,1500,2024,11,2024-11,71,0.5997,0,0.181,0.0,0.2193,0,0,0,0,1.0,0.6492,0.1031,0.3808,-0.6134,100.0,1,0
LJ500_R064_C082,64,82,702250,9533250,2500,1500,2024,11,2024-11,71,0.7276,0,0.2724,0.0,0.0,0,0,0,0,1.0,0.6351,0.1333,0.4175,-0.5826,100.0,1,0
LJ500_R064_C083,64,83,702750,9533250,3000,1500,2024,11,2024-11,71,0.566,0,0.203,0.0,0.231,0,0,0,0,1.0,0.6611,0.1242,0.4143,-0.6193,100.0,1,0
LJ500_R064_C084,64,84,703250,9533250,3500,1500,2024,11,2024-11,71,0.235,0,0.7298,0.0,0.0352,0,0,0,0,1.0,0.6905,0.155,0.4372,-0.6323,100.0,1,0
LJ500_R064_C085,64,85,703750,9533250,4000,1500,2024,11,2024-11,71,0.5109,0,0.4891,0.0,0.0,0,0,0,0,1.0,0.6724,0.0958,0.3801,-0.6268,100.0,1,0
LJ500_R064_C086,64,86,704250,9533250,4500,1500,2024,11,2024-11,71,0.748,0,0.252,0.0,0.0,0,0,0,0,1.0,0.6602,0.1158,0.4004,-0.6217,100.0,1,0
LJ500_R065_C077,65,77,699750,9533750,0,2000,2024,11,2024-11,71,0.312,0,0.4033,0.0,0.2847,0,0,0,0,1.0,0.5161,-0.0166,0.2196,-0.5456,100.0,1,0
LJ500_R065_C078,65,78,700250,9533750,500,2000,2024,11,2024-11,71,0.5913,0,0.4071,0.0,0.0016,0,0,0,0,1.0,0.642,0.1024,0.3672,-0.6072,100.0,1,0
LJ500_R065_C079,65,79,700750,9533750,1000,2000,2024,11,2024-11,71,0.3219,0,0.6781,0.0,0.0,0,0,0,0,1.0,0.5911,0.0648,0.3029,-0.5676,100.0,1,0
LJ500_R065_C080,65,80,701250,9533750,1500,2000,2024,11,2024-11,71,0.8266,0,0.1734,0.0,0.0,0,0,0,0,1.0,0.6546,0.0851,0.3626,-0.6135,100.0,1,0
LJ500_R065_C081,65,81,701750,9533750,2000,2000,2024,11,2024-11,71,0.9017,0,0.0983,0.0,0.0,0,0,0,0,1.0,0.6743,0.1349,0.4176,-0.621,100.0,1,0
LJ500_R065_C082,65,82,702250,9533750,2500,2000,2024,11,2024-11,71,0.7327,0,0.2673,0.0,0.0,0,0,0,0,1.0,0.6642,0.1308,0.4222,-0.613,100.0,1,0
LJ500_R065_C083,65,83,702750,9533750,3000,2000,2024,11,2024-11,71,0.7802,0,0.1368,0.0,0.083,0,0,0,0,1.0,0.7015,0.1524,0.4396,-0.6329,100.0,1,0
LJ500_R065_C084,65,84,703250,9533750,3500,2000,2024,11,2024-11,71,0.3229,0,0.6771,0.0,0.0,0,0,0,0,1.0,0.6533,0.1522,0.4261,-0.5907,100.0,1,0
LJ500_R065_C085,65,85,703750,9533750,4000,2000,2024,11,2024-11,71,0.0167,0,0.9833,0.0,0.0,0,0,0,0,1.0,0.6152,0.0952,0.3745,-0.5778,100.0,1,0
LJ500_R065_C086,65,86,704250,9533750,4500,2000,2024,11,2024-11,71,0.7821,0,0.2179,0.0,0.0,0,0,0,0,1.0,0.7428,0.2243,0.5212,-0.6728,100.0,1,0
LJ500_R066_C077,66,77,699750,9534250,0,2500,2024,11,2024-11,71,0.5018,0,0.3517,0.0,0.1465,0,0,0,0,1.0,0.5697,0.0315,0.2725,-0.5757,100.0,1,0
LJ500_R066_C078,66,78,700250,9534250,500,2500,2024,11,2024-11,71,0.1232,0,0.8768,0.0,0.0,0,0,0,0,1.0,0.6082,0.0748,0.3002,-0.5691,100.0,1,0
LJ500_R066_C079,66,79,700750,9534250,1000,2500,2024,11,2024-11,71,0.3332,0,0.6668,0.0,0.0,0,0,0,0,1.0,0.5919,0.0535,0.2671,-0.5673,100.0,1,0
LJ500_R066_C080,66,80,701250,9534250,1500,2500,2024,11,2024-11,71,0.9149,0,0.0851,0.0,0.0,0,0,0,0,1.0,0.667,0.1913,0.469,-0.6059,100.0,1,0
LJ500_R066_C081,66,81,701750,9534250,2000,2500,2024,11,2024-11,71,0.7037,0,0.2963,0.0,0.0,0,0,0,0,1.0,0.6291,0.158,0.4297,-0.5702,100.0,1,0
LJ500_R066_C082,66,82,702250,9534250,2500,2500,2024,11,2024-11,71,0.6772,0,0.3228,0.0,0.0,0,0,0,0,1.0,0.6987,0.1801,0.4671,-0.6363,100.0,1,0
LJ500_R066_C083,66,83,702750,9534250,3000,2500,2024,11,2024-11,71,0.6289,0,0.3711,0.0,0.0,0,0,0,0,1.0,0.7032,0.1825,0.4698,-0.6328,100.0,1,0
LJ500_R066_C084,66,84,703250,9534250,3500,2500,2024,11,2024-11,71,0.7305,0,0.2695,0.0,0.0,0,0,0,0,1.0,0.6431,0.1539,0.4287,-0.5778,100.0,1,0
LJ500_R066_C085,66,85,703750,9534250,4000,2500,2024,11,2024-11,71,0.7865,0,0.2135,0.0,0.0,0,0,0,0,1.0,0.6998,0.2064,0.4858,-0.6257,100.0,1,0
LJ500_R066_C086,66,86,704250,9534250,4500,2500,2024,11,2024-11,71,1.0,0,0.0,0.0,0.0,0,0,0,0,1.0,0.733,0.2484,0.5323,-0.6485,100.0,1,0
LJ500_R067_C077,67,77,699750,9534750,0,3000,2024,11,2024-11,71,0.7165,0,0.2835,0.0,0.0,0,0,0,0,1.0,0.5978,0.0342,0.2671,-0.5846,100.0,1,0
LJ500_R067_C078,67,78,700250,9534750,500,3000,2024,11,2024-11,71,0.8229,0,0.1771,0.0,0.0,0,0,0,0,1.0,0.6391,0.0931,0.3458,-0.6,100.0,1,0
LJ500_R067_C079,67,79,700750,9534750,1000,3000,2024,11,2024-11,71,0.9659,0,0.0341,0.0,0.0,0,0,0,0,1.0,0.6451,0.1004,0.3395,-0.5941,100.0,1,0
LJ500_R067_C080,67,80,701250,9534750,1500,3000,2024,11,2024-11,71,0.8944,0,0.1056,0.0,0.0,0,0,0,0,1.0,0.6964,0.2094,0.4858,-0.6316,100.0,1,0
LJ500_R067_C081,67,81,701750,9534750,2000,3000,2024,11,2024-11,71,0.7989,0,0.1897,0.0,0.0114,0,0,0,0,1.0,0.6738,0.1825,0.4578,-0.6238,100.0,1,0
LJ500_R067_C082,67,82,702250,9534750,2500,3000,2024,11,2024-11,71,1.0,0,0.0,0.0,0.0,0,0,0,0,1.0,0.7217,0.2278,0.5139,-0.6508,100.0,1,0
LJ500_R067_C083,67,83,702750,9534750,3000,3000,2024,11,2024-11,71,1.0,0,0.0,0.0,0.0,0,0,0,0,1.0,0.6699,0.2253,0.4893,-0.5934,100.0,1,0
LJ500_R067_C084,67,84,703250,9534750,3500,3000,2024,11,2024-11,71,1.0,0,0.0,0.0,0.0,0,0,0,0,1.0,0.6989,0.2344,0.5087,-0.625,93.76,1,0
LJ500_R067_C085,67,85,703750,9534750,4000,3000,2024,11,2024-11,71,1.0,0,0.0,0.0,0.0,0,0,0,0,1.0,0.6829,0.2397,0.5022,-0.6101,89.6,1,0
LJ500_R067_C086,67,86,704250,9534750,4500,3000,2024,11,2024-11,71,1.0,0,0.0,0.0,0.0,0,0,0,0,1.0,0.6338,0.2606,0.5196,-0.559,82.4,1,0
LJ500_R068_C077,68,77,699750,9535250,0,3500,2024,11,2024-11,71,0.065,0,0.935,0.0,0.0,0,0,0,0,1.0,0.5187,0.0189,0.2392,-0.5351,100.0,1,0
LJ500_R068_C078,68,78,700250,9535250,500,3500,2024,11,2024-11,71,0.7525,0,0.2475,0.0,0.0,0,0,0,0,1.0,0.6313,0.0933,0.3588,-0.5843,100.0,1,0
LJ500_R068_C079,68,79,700750,9535250,1000,3500,2024,11,2024-11,71,1.0,0,0.0,0.0,0.0,0,0,0,0,1.0,0.7009,0.1574,0.4389,-0.6278,100.0,1,0
LJ500_R068_C080,68,80,701250,9535250,1500,3500,2024,11,2024-11,71,0.8923,0,0.1077,0.0,0.0,0,0,0,0,1.0,0.6977,0.218,0.4873,-0.6346,100.0,1,0
LJ500_R068_C081,68,81,701750,9535250,2000,3500,2024,11,2024-11,71,0.6646,0,0.0767,0.0,0.2586,0,0,0,0,1.0,0.6274,0.1428,0.409,-0.5906,100.0,1,0
LJ500_R068_C082,68,82,702250,9535250,2500,3500,2024,11,2024-11,71,0.9399,0,0.0601,0.0,0.0,0,0,0,0,1.0,0.6715,0.2725,0.5285,-0.6029,100.0,1,0
LJ500_R068_C083,68,83,702750,9535250,3000,3500,2024,11,2024-11,71,1.0,0,0.0,0.0,0.0,0,0,0,0,1.0,0.7165,0.315,0.5783,-0.6422,99.04,1,0
LJ500_R068_C084,68,84,703250,9535250,3500,3500,2024,11,2024-11,71,1.0,0,0.0,0.0,0.0,0,0,0,0,1.0,0.7467,0.3113,0.5874,-0.6729,34.08,1,0
LJ500_R068_C085,68,85,703750,9535250,4000,3500,2024,11,2024-11,71,1.0,0,0.0,0.0,0.0,0,0,0,0,1.0,0.7668,0.3275,0.6,-0.6954,3.52,1,0
LJ500_R068_C086,68,86,704250,9535250,4500,3500,2024,11,2024-11,71,1.0,0,0.0,0.0,0.0,0,0,0,0,1.0,0.4882,0.2798,0.4916,-0.4137,0.8,1,0
LJ500_R069_C077,69,77,699750,9535750,0,4000,2024,11,2024-11,71,0.0,0,0.9574,0.0426,0.0,0,0,0,0,1.0,0.5198,-0.0299,0.1807,-0.5412,100.0,1,0
LJ500_R069_C078,69,78,700250,9535750,500,4000,2024,11,2024-11,71,0.4139,0,0.5115,0.0746,0.0,0,0,0,0,1.0,0.7109,0.133,0.4077,-0.6371,100.0,1,0
LJ500_R069_C079,69,79,700750,9535750,1000,4000,2024,11,2024-11,71,0.6432,0,0.3568,0.0,0.0,0,0,0,0,1.0,0.6599,0.1194,0.3794,-0.6084,100.0,1,0
LJ500_R069_C080,69,80,701250,9535750,1500,4000,2024,11,2024-11,71,0.8514,0,0.1486,0.0,0.0,0,0,0,0,1.0,0.6916,0.1535,0.4278,-0.6261,100.0,1,0
LJ500_R069_C081,69,81,701750,9535750,2000,4000,2024,11,2024-11,71,1.0,0,0.0,0.0,0.0,0,0,0,0,1.0,0.692,0.2114,0.4924,-0.6123,100.0,1,0
LJ500_R069_C082,69,82,702250,9535750,2500,4000,2024,11,2024-11,71,1.0,0,0.0,0.0,0.0,0,0,0,0,1.0,0.6181,0.2044,0.4532,-0.5491,100.0,1,0
LJ500_R069_C083,69,83,702750,9535750,3000,4000,2024,11,2024-11,71,1.0,0,0.0,0.0,0.0,0,0,0,0,1.0,0.7472,0.2929,0.5756,-0.669,100.0,1,0
LJ500_R069_C084,69,84,703250,9535750,3500,4000,2024,11,2024-11,71,1.0,0,0.0,0.0,0.0,0,0,0,0,1.0,0.7129,0.2777,0.5455,-0.6426,100.0,1,0
LJ500_R069_C085,69,85,703750,9535750,4000,4000,2024,11,2024-11,71,1.0,0,0.0,0.0,0.0,0,0,0,0,1.0,0.7356,0.2896,0.5679,-0.6603,41.12,1,0
LJ500_R069_C086,69,86,704250,9535750,4500,4000,2024,11,2024-11,71,1.0,0,0.0,0.0,0.0,0,0,0,0,1.0,,,,,0.0,1,1
LJ500_R070_C077,70,77,699750,9536250,0,4500,2024,11,2024-11,71,0.0,0,0.3423,0.4553,0.2024,0,0,0,0,1.0,0.5145,-0.0035,0.2161,-0.5329,100.0,1,0
LJ500_R070_C078,70,78,700250,9536250,500,4500,2024,11,2024-11,71,0.0,0,0.3908,0.6092,0.0,0,0,0,0,1.0,0.5603,0.0354,0.2695,-0.5603,100.0,1,0
LJ500_R070_C079,70,79,700750,9536250,1000,4500,2024,11,2024-11,71,0.2082,0,0.7834,0.0084,0.0,0,0,0,0,1.0,0.5546,0.0403,0.2861,-0.5451,100.0,1,0
LJ500_R070_C080,70,80,701250,9536250,1500,4500,2024,11,2024-11,71,0.2813,0,0.7187,0.0,0.0,0,0,0,0,1.0,0.6453,0.0897,0.3652,-0.5954,100.0,1,0
LJ500_R070_C081,70,81,701750,9536250,2000,4500,2024,11,2024-11,71,0.9197,0,0.0803,0.0,0.0,0,0,0,0,1.0,0.7089,0.1754,0.4591,-0.6244,100.0,1,0
LJ500_R070_C082,70,82,702250,9536250,2500,4500,2024,11,2024-11,71,1.0,0,0.0,0.0,0.0,0,0,0,0,1.0,0.6386,0.1598,0.4272,-0.5735,100.0,1,0
LJ500_R070_C083,70,83,702750,9536250,3000,4500,2024,11,2024-11,71,1.0,0,0.0,0.0,0.0,0,0,0,0,1.0,0.7047,0.2287,0.5005,-0.6276,100.0,1,0
LJ500_R070_C084,70,84,703250,9536250,3500,4500,2024,11,2024-11,71,0.9943,0,0.0057,0.0,0.0,0,0,0,0,1.0,0.7407,0.2591,0.5397,-0.666,100.0,1,0
LJ500_R070_C085,70,85,703750,9536250,4000,4500,2024,11,2024-11,71,1.0,0,0.0,0.0,0.0,0,0,0,0,1.0,0.7237,0.2612,0.5366,-0.6619,59.2,1,0
LJ500_R070_C086,70,86,704250,9536250,4500,4500,2024,11,2024-11,71,1.0,0,0.0,0.0,0.0,0,0,0,0,1.0,0.7502,0.3063,0.5786,-0.6743,53.28,1,0
LJ500_R061_C077,61,77,699750,9531750,0,0,2024,12,2024-12,72,0.0,0,1.0,0.0,0.0,0,0,0,0,1.0,0.4236,0.0277,0.216,-0.4583,100.0,1,0
LJ500_R061_C078,61,78,700250,9531750,500,0,2024,12,2024-12,72,0.0,0,0.9516,0.0,0.0484,0,0,0,0,1.0,0.3426,0.0749,0.25,-0.359,80.96,1,0
LJ500_R061_C079,61,79,700750,9531750,1000,0,2024,12,2024-12,72,0.0,0,0.906,0.0,0.094,0,0,0,0,1.0,0.384,0.1115,0.3029,-0.3838,45.92,1,0
LJ500_R061_C080,61,80,701250,9531750,1500,0,2024,12,2024-12,72,0.1714,0,0.8229,0.0,0.0057,0,0,0,0,1.0,0.4636,0.1125,0.3247,-0.4709,100.0,1,0
LJ500_R061_C081,61,81,701750,9531750,2000,0,2024,12,2024-12,72,0.0,0,1.0,0.0,0.0,0,0,0,0,1.0,0.504,0.0756,0.301,-0.5234,100.0,1,0
LJ500_R061_C082,61,82,702250,9531750,2500,0,2024,12,2024-12,72,0.0618,0,0.9382,0.0,0.0,0,0,0,0,1.0,0.5726,0.0762,0.3203,-0.591,100.0,1,0
LJ500_R061_C083,61,83,702750,9531750,3000,0,2024,12,2024-12,72,0.5343,0,0.3633,0.1024,0.0,0,0,0,0,1.0,0.6631,0.1836,0.442,-0.6243,100.0,1,0
LJ500_R061_C084,61,84,703250,9531750,3500,0,2024,12,2024-12,72,0.7729,0,0.0,0.2271,0.0,0,0,0,0,1.0,0.6444,0.1824,0.4467,-0.6124,100.0,1,0
LJ500_R061_C085,61,85,703750,9531750,4000,0,2024,12,2024-12,72,0.709,0,0.291,0.0,0.0,0,0,0,0,1.0,0.6819,0.2302,0.4998,-0.6367,100.0,1,0
LJ500_R061_C086,61,86,704250,9531750,4500,0,2024,12,2024-12,72,1.0,0,0.0,0.0,0.0,0,0,0,0,1.0,0.6699,0.2101,0.4779,-0.6236,100.0,1,0
LJ500_R062_C077,62,77,699750,9532250,0,500,2024,12,2024-12,72,0.0,0,0.7197,0.0,0.2803,0,0,0,0,1.0,0.4656,0.0159,0.2125,-0.511,100.0,1,0
LJ500_R062_C078,62,78,700250,9532250,500,500,2024,12,2024-12,72,0.0,0,0.5947,0.0,0.4053,0,0,0,0,1.0,0.3818,0.0626,0.2523,-0.4122,100.0,1,0
LJ500_R062_C079,62,79,700750,9532250,1000,500,2024,12,2024-12,72,0.0,0,0.771,0.0,0.229,0,0,0,0,1.0,0.3715,0.0719,0.2667,-0.3864,85.12,1,0
LJ500_R062_C080,62,80,701250,9532250,1500,500,2024,12,2024-12,72,0.235,0,0.6379,0.0,0.1271,0,0,0,0,1.0,0.3772,0.0551,0.2557,-0.4071,100.0,1,0
LJ500_R062_C081,62,81,701750,9532250,2000,500,2024,12,2024-12,72,0.0684,0,0.7378,0.0,0.1938,0,0,0,0,1.0,0.5108,0.1004,0.3256,-0.5173,100.0,1,0
LJ500_R062_C082,62,82,702250,9532250,2500,500,2024,12,2024-12,72,0.0973,0,0.9027,0.0,0.0,0,0,0,0,1.0,0.5912,0.115,0.3586,-0.5996,100.0,1,0
LJ500_R062_C083,62,83,702750,9532250,3000,500,2024,12,2024-12,72,0.0473,0,0.9507,0.0019,0.0,0,0,0,0,1.0,0.6066,0.1375,0.3868,-0.5933,100.0,1,0
LJ500_R062_C084,62,84,703250,9532250,3500,500,2024,12,2024-12,72,0.2757,0,0.7209,0.0034,0.0,0,0,0,0,1.0,0.6449,0.1842,0.4447,-0.611,100.0,1,0
LJ500_R062_C085,62,85,703750,9532250,4000,500,2024,12,2024-12,72,0.0588,0,0.9412,0.0,0.0,0,0,0,0,1.0,0.5969,0.17,0.427,-0.5719,100.0,1,0
LJ500_R062_C086,62,86,704250,9532250,4500,500,2024,12,2024-12,72,0.7611,0,0.2389,0.0,0.0,0,0,0,0,1.0,0.6698,0.2008,0.4689,-0.6249,100.0,1,0
LJ500_R063_C077,63,77,699750,9532750,0,1000,2024,12,2024-12,72,0.0,0,0.1158,0.0,0.8842,0,0,0,0,1.0,0.3162,-0.0883,0.0822,-0.4238,100.0,1,0
LJ500_R063_C078,63,78,700250,9532750,500,1000,2024,12,2024-12,72,0.0328,0,0.3431,0.0,0.624,0,0,0,0,1.0,0.3827,0.023,0.2168,-0.4368,100.0,1,0
LJ500_R063_C079,63,79,700750,9532750,1000,1000,2024,12,2024-12,72,0.2883,0,0.3768,0.0,0.3349,0,0,0,0,1.0,0.3812,0.0312,0.2279,-0.4146,100.0,1,0
LJ500_R063_C080,63,80,701250,9532750,1500,1000,2024,12,2024-12,72,0.1673,0,0.4746,0.0,0.358,0,0,0,0,1.0,0.3793,0.0634,0.2669,-0.4044,100.0,1,0
LJ500_R063_C081,63,81,701750,9532750,2000,1000,2024,12,2024-12,72,0.0165,0,0.5433,0.0,0.4402,0,0,0,0,1.0,0.4269,0.0838,0.3031,-0.4374,100.0,1,0
LJ500_R063_C082,63,82,702250,9532750,2500,1000,2024,12,2024-12,72,0.6742,0,0.2142,0.0,0.1117,0,0,0,0,1.0,0.5444,0.0958,0.3284,-0.5464,100.0,1,0
LJ500_R063_C083,63,83,702750,9532750,3000,1000,2024,12,2024-12,72,0.2059,0,0.7941,0.0,0.0,0,0,0,0,1.0,0.6085,0.1228,0.3696,-0.6039,100.0,1,0
LJ500_R063_C084,63,84,703250,9532750,3500,1000,2024,12,2024-12,72,0.2973,0,0.7027,0.0,0.0,0,0,0,0,1.0,0.645,0.1563,0.4138,-0.6261,100.0,1,0
LJ500_R063_C085,63,85,703750,9532750,4000,1000,2024,12,2024-12,72,0.1462,0,0.8538,0.0,0.0,0,0,0,0,1.0,0.6276,0.1968,0.4483,-0.5952,100.0,1,0
LJ500_R063_C086,63,86,704250,9532750,4500,1000,2024,12,2024-12,72,0.3435,0,0.6565,0.0,0.0,0,0,0,0,1.0,0.6816,0.2451,0.5096,-0.6293,100.0,1,0
LJ500_R064_C077,64,77,699750,9533250,0,1500,2024,12,2024-12,72,0.3887,0,0.3116,0.0,0.2997,0,0,0,0,1.0,0.4409,0.0442,0.2452,-0.4833,100.0,1,0
LJ500_R064_C078,64,78,700250,9533250,500,1500,2024,12,2024-12,72,0.5382,0,0.082,0.0,0.3799,0,0,0,0,1.0,0.389,0.0533,0.2528,-0.4183,85.76,1,0
LJ500_R064_C079,64,79,700750,9533250,1000,1500,2024,12,2024-12,72,0.4384,0,0.1474,0.0,0.4142,0,0,0,0,1.0,0.4338,0.0641,0.2807,-0.448,100.0,1,0
LJ500_R064_C080,64,80,701250,9533250,1500,1500,2024,12,2024-12,72,0.5951,0,0.4049,0.0,0.0,0,0,0,0,1.0,0.4653,0.1269,0.3487,-0.4565,100.0,1,0
LJ500_R064_C081,64,81,701750,9533250,2000,1500,2024,12,2024-12,72,0.5997,0,0.181,0.0,0.2193,0,0,0,0,1.0,0.4147,0.1594,0.3681,-0.3997,100.0,1,0
LJ500_R064_C082,64,82,702250,9533250,2500,1500,2024,12,2024-12,72,0.7276,0,0.2724,0.0,0.0,0,0,0,0,1.0,0.537,0.149,0.3944,-0.51,100.0,1,0
LJ500_R064_C083,64,83,702750,9533250,3000,1500,2024,12,2024-12,72,0.566,0,0.203,0.0,0.231,0,0,0,0,1.0,0.668,0.1236,0.398,-0.6492,100.0,1,0
LJ500_R064_C084,64,84,703250,9533250,3500,1500,2024,12,2024-12,72,0.235,0,0.7298,0.0,0.0352,0,0,0,0,1.0,0.6902,0.1664,0.4365,-0.6611,100.0,1,0
LJ500_R064_C085,64,85,703750,9533250,4000,1500,2024,12,2024-12,72,0.5109,0,0.4891,0.0,0.0,0,0,0,0,1.0,0.6516,0.1331,0.4022,-0.6214,100.0,1,0
LJ500_R064_C086,64,86,704250,9533250,4500,1500,2024,12,2024-12,72,0.748,0,0.252,0.0,0.0,0,0,0,0,1.0,0.6037,0.1357,0.3959,-0.5843,100.0,1,0
LJ500_R065_C077,65,77,699750,9533750,0,2000,2024,12,2024-12,72,0.312,0,0.4033,0.0,0.2847,0,0,0,0,1.0,0.3751,0.0353,0.2272,-0.4069,100.0,1,0
LJ500_R065_C078,65,78,700250,9533750,500,2000,2024,12,2024-12,72,0.5913,0,0.4071,0.0,0.0016,0,0,0,0,1.0,0.4208,0.135,0.3322,-0.4101,52.32,1,0
LJ500_R065_C079,65,79,700750,9533750,1000,2000,2024,12,2024-12,72,0.3219,0,0.6781,0.0,0.0,0,0,0,0,1.0,0.4331,0.1162,0.3162,-0.4262,100.0,1,0
LJ500_R065_C080,65,80,701250,9533750,1500,2000,2024,12,2024-12,72,0.8266,0,0.1734,0.0,0.0,0,0,0,0,1.0,0.5086,0.1479,0.3783,-0.4878,100.0,1,0
LJ500_R065_C081,65,81,701750,9533750,2000,2000,2024,12,2024-12,72,0.9017,0,0.0983,0.0,0.0,0,0,0,0,1.0,0.4457,0.1747,0.3919,-0.4251,100.0,1,0
LJ500_R065_C082,65,82,702250,9533750,2500,2000,2024,12,2024-12,72,0.7327,0,0.2673,0.0,0.0,0,0,0,0,1.0,0.5048,0.1879,0.4248,-0.4683,99.84,1,0
LJ500_R065_C083,65,83,702750,9533750,3000,2000,2024,12,2024-12,72,0.7802,0,0.1368,0.0,0.083,0,0,0,0,1.0,0.6812,0.1691,0.4402,-0.6358,100.0,1,0
LJ500_R065_C084,65,84,703250,9533750,3500,2000,2024,12,2024-12,72,0.3229,0,0.6771,0.0,0.0,0,0,0,0,1.0,0.6876,0.1566,0.4316,-0.6556,100.0,1,0
LJ500_R065_C085,65,85,703750,9533750,4000,2000,2024,12,2024-12,72,0.0167,0,0.9833,0.0,0.0,0,0,0,0,1.0,0.6432,0.1079,0.3776,-0.6211,100.0,1,0
LJ500_R065_C086,65,86,704250,9533750,4500,2000,2024,12,2024-12,72,0.7821,0,0.2179,0.0,0.0,0,0,0,0,1.0,0.6986,0.2163,0.4904,-0.6549,100.0,1,0
LJ500_R066_C077,66,77,699750,9534250,0,2500,2024,12,2024-12,72,0.5018,0,0.3517,0.0,0.1465,0,0,0,0,1.0,0.3862,0.0715,0.2643,-0.4066,100.0,1,0
LJ500_R066_C078,66,78,700250,9534250,500,2500,2024,12,2024-12,72,0.1232,0,0.8768,0.0,0.0,0,0,0,0,1.0,0.3641,0.1176,0.2777,-0.3575,94.24,1,0
LJ500_R066_C079,66,79,700750,9534250,1000,2500,2024,12,2024-12,72,0.3332,0,0.6668,0.0,0.0,0,0,0,0,1.0,0.3943,0.133,0.3067,-0.3853,100.0,1,0
LJ500_R066_C080,66,80,701250,9534250,1500,2500,2024,12,2024-12,72,0.9149,0,0.0851,0.0,0.0,0,0,0,0,1.0,0.4914,0.2061,0.429,-0.4622,100.0,1,0
LJ500_R066_C081,66,81,701750,9534250,2000,2500,2024,12,2024-12,72,0.7037,0,0.2963,0.0,0.0,0,0,0,0,1.0,0.4451,0.1923,0.4096,-0.4208,93.92,1,0
LJ500_R066_C082,66,82,702250,9534250,2500,2500,2024,12,2024-12,72,0.6772,0,0.3228,0.0,0.0,0,0,0,0,1.0,0.5004,0.2038,0.4277,-0.472,70.08,1,0
LJ500_R066_C083,66,83,702750,9534250,3000,2500,2024,12,2024-12,72,0.6289,0,0.3711,0.0,0.0,0,0,0,0,1.0,0.6166,0.1729,0.4312,-0.5833,100.0,1,0
LJ500_R066_C084,66,84,703250,9534250,3500,2500,2024,12,2024-12,72,0.7305,0,0.2695,0.0,0.0,0,0,0,0,1.0,0.6511,0.1509,0.4195,-0.6158,100.0,1,0
LJ500_R066_C085,66,85,703750,9534250,4000,2500,2024,12,2024-12,72,0.7865,0,0.2135,0.0,0.0,0,0,0,0,1.0,0.6975,0.1998,0.4731,-0.6495,100.0,1,0
LJ500_R066_C086,66,86,704250,9534250,4500,2500,2024,12,2024-12,72,1.0,0,0.0,0.0,0.0,0,0,0,0,1.0,0.7147,0.2425,0.5146,-0.6583,100.0,1,0
LJ500_R067_C077,67,77,699750,9534750,0,3000,2024,12,2024-12,72,0.7165,0,0.2835,0.0,0.0,0,0,0,0,1.0,0.4129,0.0893,0.276,-0.4212,100.0,1,0
LJ500_R067_C078,67,78,700250,9534750,500,3000,2024,12,2024-12,72,0.8229,0,0.1771,0.0,0.0,0,0,0,0,1.0,0.4257,0.1351,0.319,-0.4222,100.0,1,0
LJ500_R067_C079,67,79,700750,9534750,1000,3000,2024,12,2024-12,72,0.9659,0,0.0341,0.0,0.0,0,0,0,0,1.0,0.4096,0.1701,0.3503,-0.3927,100.0,1,0
LJ500_R067_C080,67,80,701250,9534750,1500,3000,2024,12,2024-12,72,0.8944,0,0.1056,0.0,0.0,0,0,0,0,1.0,0.4134,0.2328,0.4292,-0.3861,92.64,1,0
LJ500_R067_C081,67,81,701750,9534750,2000,3000,2024,12,2024-12,72,0.7989,0,0.1897,0.0,0.0114,0,0,0,0,1.0,0.4393,0.2072,0.416,-0.4192,100.0,1,0
LJ500_R067_C082,67,82,702250,9534750,2500,3000,2024,12,2024-12,72,1.0,0,0.0,0.0,0.0,0,0,0,0,1.0,0.4783,0.23,0.4494,-0.4451,100.0,1,0
LJ500_R067_C083,67,83,702750,9534750,3000,3000,2024,12,2024-12,72,1.0,0,0.0,0.0,0.0,0,0,0,0,1.0,0.5959,0.2328,0.4775,-0.5517,100.0,1,0
LJ500_R067_C084,67,84,703250,9534750,3500,3000,2024,12,2024-12,72,1.0,0,0.0,0.0,0.0,0,0,0,0,1.0,0.6725,0.2396,0.4985,-0.623,100.0,1,0
LJ500_R067_C085,67,85,703750,9534750,4000,3000,2024,12,2024-12,72,1.0,0,0.0,0.0,0.0,0,0,0,0,1.0,0.7279,0.2555,0.5256,-0.6694,100.0,1,0
LJ500_R067_C086,67,86,704250,9534750,4500,3000,2024,12,2024-12,72,1.0,0,0.0,0.0,0.0,0,0,0,0,1.0,0.6982,0.2607,0.5217,-0.644,100.0,1,0
LJ500_R068_C077,68,77,699750,9535250,0,3500,2024,12,2024-12,72,0.065,0,0.935,0.0,0.0,0,0,0,0,1.0,0.4051,0.0954,0.2824,-0.4296,100.0,1,0
LJ500_R068_C078,68,78,700250,9535250,500,3500,2024,12,2024-12,72,0.7525,0,0.2475,0.0,0.0,0,0,0,0,1.0,0.4727,0.1426,0.3493,-0.4645,100.0,1,0
LJ500_R068_C079,68,79,700750,9535250,1000,3500,2024,12,2024-12,72,1.0,0,0.0,0.0,0.0,0,0,0,0,1.0,0.4595,0.1896,0.3965,-0.4348,100.0,1,0
LJ500_R068_C080,68,80,701250,9535250,1500,3500,2024,12,2024-12,72,0.8923,0,0.1077,0.0,0.0,0,0,0,0,1.0,0.3978,0.2419,0.4273,-0.3709,68.0,1,0
LJ500_R068_C081,68,81,701750,9535250,2000,3500,2024,12,2024-12,72,0.6646,0,0.0767,0.0,0.2586,0,0,0,0,1.0,0.4048,0.1993,0.397,-0.3874,100.0,1,0
LJ500_R068_C082,68,82,702250,9535250,2500,3500,2024,12,2024-12,72,0.9399,0,0.0601,0.0,0.0,0,0,0,0,1.0,0.4535,0.2762,0.4769,-0.4186,100.0,1,0
LJ500_R068_C083,68,83,702750,9535250,3000,3500,2024,12,2024-12,72,1.0,0,0.0,0.0,0.0,0,0,0,0,1.0,0.5895,0.3071,0.5341,-0.5454,100.0,1,0
LJ500_R068_C084,68,84,703250,9535250,3500,3500,2024,12,2024-12,72,1.0,0,0.0,0.0,0.0,0,0,0,0,1.0,0.6565,0.2957,0.539,-0.6079,100.0,1,0
LJ500_R068_C085,68,85,703750,9535250,4000,3500,2024,12,2024-12,72,1.0,0,0.0,0.0,0.0,0,0,0,0,1.0,0.7202,0.3329,0.5868,-0.6637,100.0,1,0
LJ500_R068_C086,68,86,704250,9535250,4500,3500,2024,12,2024-12,72,1.0,0,0.0,0.0,0.0,0,0,0,0,1.0,0.7011,0.3016,0.5565,-0.6494,100.0,1,0
LJ500_R069_C077,69,77,699750,9535750,0,4000,2024,12,2024-12,72,0.0,0,0.9574,0.0426,0.0,0,0,0,0,1.0,0.4032,0.0215,0.209,-0.4461,100.0,1,0
LJ500_R069_C078,69,78,700250,9535750,500,4000,2024,12,2024-12,72,0.4139,0,0.5115,0.0746,0.0,0,0,0,0,1.0,0.5669,0.1512,0.3768,-0.5385,100.0,1,0
LJ500_R069_C079,69,79,700750,9535750,1000,4000,2024,12,2024-12,72,0.6432,0,0.3568,0.0,0.0,0,0,0,0,1.0,0.4808,0.1582,0.363,-0.4648,100.0,1,0
LJ500_R069_C080,69,80,701250,9535750,1500,4000,2024,12,2024-12,72,0.8514,0,0.1486,0.0,0.0,0,0,0,0,1.0,0.4088,0.2,0.3937,-0.3842,100.0,1,0
LJ500_R069_C081,69,81,701750,9535750,2000,4000,2024,12,2024-12,72,1.0,0,0.0,0.0,0.0,0,0,0,0,1.0,0.4099,0.2303,0.4277,-0.3792,100.0,1,0
LJ500_R069_C082,69,82,702250,9535750,2500,4000,2024,12,2024-12,72,1.0,0,0.0,0.0,0.0,0,0,0,0,1.0,0.4147,0.2331,0.4318,-0.3838,100.0,1,0
LJ500_R069_C083,69,83,702750,9535750,3000,4000,2024,12,2024-12,72,1.0,0,0.0,0.0,0.0,0,0,0,0,1.0,0.5079,0.2859,0.5027,-0.4643,100.0,1,0
LJ500_R069_C084,69,84,703250,9535750,3500,4000,2024,12,2024-12,72,1.0,0,0.0,0.0,0.0,0,0,0,0,1.0,0.604,0.2748,0.5041,-0.5609,100.0,1,0
LJ500_R069_C085,69,85,703750,9535750,4000,4000,2024,12,2024-12,72,1.0,0,0.0,0.0,0.0,0,0,0,0,1.0,0.6569,0.2859,0.5319,-0.6087,100.0,1,0
LJ500_R069_C086,69,86,704250,9535750,4500,4000,2024,12,2024-12,72,1.0,0,0.0,0.0,0.0,0,0,0,0,1.0,0.6615,0.2476,0.5023,-0.6142,100.0,1,0
LJ500_R070_C077,70,77,699750,9536250,0,4500,2024,12,2024-12,72,0.0,0,0.3423,0.4553,0.2024,0,0,0,0,1.0,0.4535,0.0439,0.2387,-0.4958,100.0,1,0
LJ500_R070_C078,70,78,700250,9536250,500,4500,2024,12,2024-12,72,0.0,0,0.3908,0.6092,0.0,0,0,0,0,1.0,0.4606,0.0809,0.2718,-0.4828,100.0,1,0
LJ500_R070_C079,70,79,700750,9536250,1000,4500,2024,12,2024-12,72,0.2082,0,0.7834,0.0084,0.0,0,0,0,0,1.0,0.4608,0.0931,0.3014,-0.4721,100.0,1,0
LJ500_R070_C080,70,80,701250,9536250,1500,4500,2024,12,2024-12,72,0.2813,0,0.7187,0.0,0.0,0,0,0,0,1.0,0.4389,0.1443,0.3541,-0.4248,100.0,1,0
LJ500_R070_C081,70,81,701750,9536250,2000,4500,2024,12,2024-12,72,0.9197,0,0.0803,0.0,0.0,0,0,0,0,1.0,0.4209,0.2086,0.4088,-0.3918,100.0,1,0
LJ500_R070_C082,70,82,702250,9536250,2500,4500,2024,12,2024-12,72,1.0,0,0.0,0.0,0.0,0,0,0,0,1.0,0.4024,0.2028,0.4005,-0.3765,95.52,1,0
LJ500_R070_C083,70,83,702750,9536250,3000,4500,2024,12,2024-12,72,1.0,0,0.0,0.0,0.0,0,0,0,0,1.0,0.4571,0.2308,0.437,-0.4245,77.92,1,0
LJ500_R070_C084,70,84,703250,9536250,3500,4500,2024,12,2024-12,72,0.9943,0,0.0057,0.0,0.0,0,0,0,0,1.0,0.5808,0.2445,0.4764,-0.541,100.0,1,0
LJ500_R070_C085,70,85,703750,9536250,4000,4500,2024,12,2024-12,72,1.0,0,0.0,0.0,0.0,0,0,0,0,1.0,0.669,0.288,0.5361,-0.6249,100.0,1,0
LJ500_R070_C086,70,86,704250,9536250,4500,4500,2024,12,2024-12,72,1.0,0,0.0,0.0,0.0,0,0,0,0,1.0,0.6851,0.3159,0.5678,-0.631,100.0,1,0
