cell_id,fila,columna,centro_x_m,centro_y_m,x_local_m,y_local_m,anio,mes,anio_mes,t_mes,chirps_precipitacion_acumulada_t1_mm,chirps_precipitacion_acumulada_prev2m_mm,chirps_precipitacion_acumulada_prev3m_mm,chirps_precipitacion_maxima_diaria_t1_mm,chirps_dias_secos_t1,chirps_dias_humedos_t1,chirps_dias_validos_t1,chirps_historia_3m_completa,chelsa_sfcwind_media_t1_ms,chelsa_sfcwind_maxima_t1_ms,chelsa_historia_3m_completa
LJ500_R061_C077,61,77,699750,9531750,0,0,2019,1,2019-01,1,79.84,140.91,196.22,27.5,24.0,7.0,31.0,1,0.2702,0.5024,1
LJ500_R061_C078,61,78,700250,9531750,500,0,2019,1,2019-01,1,81.72,145.23,207.98,27.73,24.0,7.0,31.0,1,0.2797,0.5166,1
LJ500_R061_C079,61,79,700750,9531750,1000,0,2019,1,2019-01,1,81.72,145.23,207.98,27.73,24.0,7.0,31.0,1,0.2841,0.5248,1
LJ500_R061_C080,61,80,701250,9531750,1500,0,2019,1,2019-01,1,81.72,145.23,207.98,27.73,24.0,7.0,31.0,1,0.2869,0.53,1
LJ500_R061_C081,61,81,701750,9531750,2000,0,2019,1,2019-01,1,81.72,145.23,207.98,27.73,24.0,7.0,31.0,1,0.3609,0.6417,1
LJ500_R061_C082,61,82,702250,9531750,2500,0,2019,1,2019-01,1,81.72,145.23,207.98,27.73,24.0,7.0,31.0,1,0.3847,0.6779,1
LJ500_R061_C083,61,83,702750,9531750,3000,0,2019,1,2019-01,1,81.72,145.23,207.98,27.73,24.0,7.0,31.0,1,0.4281,0.7772,1
LJ500_R061_C084,61,84,703250,9531750,3500,0,2019,1,2019-01,1,81.72,145.23,207.98,27.73,24.0,7.0,31.0,1,0.4306,0.7836,1
LJ500_R061_C085,61,85,703750,9531750,4000,0,2019,1,2019-01,1,81.72,145.23,207.98,27.73,24.0,7.0,31.0,1,0.3944,0.7125,1
LJ500_R061_C086,61,86,704250,9531750,4500,0,2019,1,2019-01,1,81.72,145.23,207.98,27.73,24.0,7.0,31.0,1,0.3846,0.6923,1
LJ500_R062_C077,62,77,699750,9532250,0,500,2019,1,2019-01,1,79.84,140.9,196.18,27.5,24.0,7.0,31.0,1,0.2547,0.4792,1
LJ500_R062_C078,62,78,700250,9532250,500,500,2019,1,2019-01,1,81.72,145.23,207.98,27.73,24.0,7.0,31.0,1,0.2648,0.49,1
LJ500_R062_C079,62,79,700750,9532250,1000,500,2019,1,2019-01,1,81.72,145.23,207.98,27.73,24.0,7.0,31.0,1,0.2754,0.5144,1
LJ500_R062_C080,62,80,701250,9532250,1500,500,2019,1,2019-01,1,81.72,145.23,207.98,27.73,24.0,7.0,31.0,1,0.2823,0.53,1
LJ500_R062_C081,62,81,701750,9532250,2000,500,2019,1,2019-01,1,81.72,145.23,207.98,27.73,24.0,7.0,31.0,1,0.4858,0.8561,1
LJ500_R062_C082,62,82,702250,9532250,2500,500,2019,1,2019-01,1,81.72,145.23,207.98,27.73,24.0,7.0,31.0,1,0.5506,0.96,1
LJ500_R062_C083,62,83,702750,9532250,3000,500,2019,1,2019-01,1,81.72,145.23,207.98,27.73,24.0,7.0,31.0,1,0.5949,1.1234,1
LJ500_R062_C084,62,84,703250,9532250,3500,500,2019,1,2019-01,1,81.72,145.23,207.98,27.73,24.0,7.0,31.0,1,0.5981,1.1348,1
LJ500_R062_C085,62,85,703750,9532250,4000,500,2019,1,2019-01,1,81.72,145.23,207.98,27.73,24.0,7.0,31.0,1,0.5774,1.05,1
LJ500_R062_C086,62,86,704250,9532250,4500,500,2019,1,2019-01,1,81.72,145.23,207.98,27.73,24.0,7.0,31.0,1,0.5482,0.99,1
LJ500_R063_C077,63,77,699750,9532750,0,1000,2019,1,2019-01,1,79.83,140.88,196.13,27.5,24.0,7.0,31.0,1,0.2448,0.4671,1
LJ500_R063_C078,63,78,700250,9532750,500,1000,2019,1,2019-01,1,81.72,145.23,207.98,27.73,24.0,7.0,31.0,1,0.2525,0.4753,1
LJ500_R063_C079,63,79,700750,9532750,1000,1000,2019,1,2019-01,1,81.72,145.23,207.98,27.73,24.0,7.0,31.0,1,0.2683,0.5054,1
LJ500_R063_C080,63,80,701250,9532750,1500,1000,2019,1,2019-01,1,81.72,145.23,207.98,27.73,24.0,7.0,31.0,1,0.2786,0.525,1
LJ500_R063_C081,63,81,701750,9532750,2000,1000,2019,1,2019-01,1,81.72,145.23,207.98,27.73,24.0,7.0,31.0,1,0.4212,0.7484,1
LJ500_R063_C082,63,82,702250,9532750,2500,1000,2019,1,2019-01,1,81.72,145.23,207.98,27.73,24.0,7.0,31.0,1,0.4668,0.8198,1
LJ500_R063_C083,63,83,702750,9532750,3000,1000,2019,1,2019-01,1,81.72,145.23,207.98,27.73,24.0,7.0,31.0,1,0.5221,1.2007,1
LJ500_R063_C084,63,84,703250,9532750,3500,1000,2019,1,2019-01,1,81.72,145.23,207.98,27.73,24.0,7.0,31.0,1,0.5257,1.2414,1
LJ500_R063_C085,63,85,703750,9532750,4000,1000,2019,1,2019-01,1,81.72,145.23,207.98,27.73,24.0,7.0,31.0,1,0.4913,1.248,1
LJ500_R063_C086,63,86,704250,9532750,4500,1000,2019,1,2019-01,1,81.72,145.23,207.98,27.73,24.0,7.0,31.0,1,0.4807,1.2209,1
LJ500_R064_C077,64,77,699750,9533250,0,1500,2019,1,2019-01,1,79.82,140.86,196.08,27.5,24.0,7.0,31.0,1,0.2344,0.4545,1
LJ500_R064_C078,64,78,700250,9533250,500,1500,2019,1,2019-01,1,81.72,145.23,207.98,27.73,24.0,7.0,31.0,1,0.2397,0.46,1
LJ500_R064_C079,64,79,700750,9533250,1000,1500,2019,1,2019-01,1,81.72,145.23,207.98,27.73,24.0,7.0,31.0,1,0.2609,0.4963,1
LJ500_R064_C080,64,80,701250,9533250,1500,1500,2019,1,2019-01,1,81.72,145.23,207.98,27.73,24.0,7.0,31.0,1,0.2748,0.52,1
LJ500_R064_C081,64,81,701750,9533250,2000,1500,2019,1,2019-01,1,81.72,145.23,207.98,27.73,24.0,7.0,31.0,1,0.3565,0.6406,1
LJ500_R064_C082,64,82,702250,9533250,2500,1500,2019,1,2019-01,1,81.72,145.23,207.98,27.73,24.0,7.0,31.0,1,0.3832,0.68,1
LJ500_R064_C083,64,83,702750,9533250,3000,1500,2019,1,2019-01,1,81.72,145.23,207.98,27.73,24.0,7.0,31.0,1,0.4502,1.2761,1
LJ500_R064_C084,64,84,703250,9533250,3500,1500,2019,1,2019-01,1,81.72,145.23,207.98,27.73,24.0,7.0,31.0,1,0.4548,1.3453,1
LJ500_R064_C085,64,85,703750,9533250,4000,1500,2019,1,2019-01,1,81.72,145.23,207.98,27.73,24.0,7.0,31.0,1,0.4077,1.44,1
LJ500_R064_C086,64,86,704250,9533250,4500,1500,2019,1,2019-01,1,81.72,145.23,207.98,27.73,24.0,7.0,31.0,1,0.4156,1.442,1
LJ500_R065_C077,65,77,699750,9533750,0,2000,2019,1,2019-01,1,79.81,140.84,196.03,27.5,24.0,7.0,31.0,1,0.2252,0.4387,1
LJ500_R065_C078,65,78,700250,9533750,500,2000,2019,1,2019-01,1,81.72,145.23,207.98,27.73,24.0,7.0,31.0,1,0.2267,0.4406,1
LJ500_R065_C079,65,79,700750,9533750,1000,2000,2019,1,2019-01,1,81.72,145.23,207.98,27.73,24.0,7.0,31.0,1,0.2444,0.4727,1
LJ500_R065_C080,65,80,701250,9533750,1500,2000,2019,1,2019-01,1,81.72,145.23,207.98,27.73,24.0,7.0,31.0,1,0.2561,0.4939,1
LJ500_R065_C081,65,81,701750,9533750,2000,2000,2019,1,2019-01,1,81.72,145.23,207.98,27.73,24.0,7.0,31.0,1,0.2984,0.5451,1
LJ500_R065_C082,65,82,702250,9533750,2500,2000,2019,1,2019-01,1,81.72,145.23,207.98,27.73,24.0,7.0,31.0,1,0.3122,0.5617,1
LJ500_R065_C083,65,83,702750,9533750,3000,2000,2019,1,2019-01,1,81.72,145.23,207.98,27.73,24.0,7.0,31.0,1,0.4296,0.9181,1
LJ500_R065_C084,65,84,703250,9533750,3500,2000,2019,1,2019-01,1,81.72,145.23,207.98,27.73,24.0,7.0,31.0,1,0.4452,0.9656,1
LJ500_R065_C085,65,85,703750,9533750,4000,2000,2019,1,2019-01,1,81.72,145.23,207.98,27.73,24.0,7.0,31.0,1,0.4978,1.1476,1
LJ500_R065_C086,65,86,704250,9533750,4500,2000,2019,1,2019-01,1,81.72,145.23,207.98,27.73,24.0,7.0,31.0,1,0.4798,1.1992,1
LJ500_R066_C077,66,77,699750,9534250,0,2500,2019,1,2019-01,1,79.8,140.82,195.99,27.5,24.0,7.0,31.0,1,0.2202,0.43,1
LJ500_R066_C078,66,78,700250,9534250,500,2500,2019,1,2019-01,1,81.72,145.23,207.98,27.73,24.0,7.0,31.0,1,0.2197,0.43,1
LJ500_R066_C079,66,79,700750,9534250,1000,2500,2019,1,2019-01,1,81.72,145.23,207.98,27.73,24.0,7.0,31.0,1,0.2355,0.46,1
LJ500_R066_C080,66,80,701250,9534250,1500,2500,2019,1,2019-01,1,81.72,145.23,207.98,27.73,24.0,7.0,31.0,1,0.2461,0.48,1
LJ500_R066_C081,66,81,701750,9534250,2000,2500,2019,1,2019-01,1,81.72,145.23,207.98,27.73,24.0,7.0,31.0,1,0.2679,0.495,1
LJ500_R066_C082,66,82,702250,9534250,2500,2500,2019,1,2019-01,1,81.72,145.23,207.98,27.73,24.0,7.0,31.0,1,0.2752,0.5,1
LJ500_R066_C083,66,83,702750,9534250,3000,2500,2019,1,2019-01,1,81.72,145.23,207.98,27.73,24.0,7.0,31.0,1,0.4186,0.7336,1
LJ500_R066_C084,66,84,703250,9534250,3500,2500,2019,1,2019-01,1,81.72,145.23,207.98,27.73,24.0,7.0,31.0,1,0.44,0.7715,1
LJ500_R066_C085,66,85,703750,9534250,4000,2500,2019,1,2019-01,1,81.72,145.23,207.98,27.73,24.0,7.0,31.0,1,0.5432,1.0,1
LJ500_R066_C086,66,86,704250,9534250,4500,2500,2019,1,2019-01,1,81.72,145.23,207.98,27.73,24.0,7.0,31.0,1,0.5123,1.077,1
LJ500_R067_C077,67,77,699750,9534750,0,3000,2019,1,2019-01,1,79.8,140.81,195.94,27.5,24.0,7.0,31.0,1,0.2273,0.453,1
LJ500_R067_C078,67,78,700250,9534750,500,3000,2019,1,2019-01,1,81.72,145.23,207.98,27.73,24.0,7.0,31.0,1,0.2103,0.422,1
LJ500_R067_C079,67,79,700750,9534750,1000,3000,2019,1,2019-01,1,81.72,145.23,207.98,27.73,24.0,7.0,31.0,1,0.2239,0.447,1
LJ500_R067_C080,67,80,701250,9534750,1500,3000,2019,1,2019-01,1,81.72,145.23,207.98,27.73,24.0,7.0,31.0,1,0.2331,0.4638,1
LJ500_R067_C081,67,81,701750,9534750,2000,3000,2019,1,2019-01,1,81.72,145.23,207.98,27.73,24.0,7.0,31.0,1,0.2518,0.4848,1
LJ500_R067_C082,67,82,702250,9534750,2500,3000,2019,1,2019-01,1,81.72,145.23,207.98,27.73,24.0,7.0,31.0,1,0.2581,0.4919,1
LJ500_R067_C083,67,83,702750,9534750,3000,3000,2019,1,2019-01,1,81.72,145.23,207.98,27.73,24.0,7.0,31.0,1,0.2893,0.5346,1
LJ500_R067_C084,67,84,703250,9534750,3500,3000,2019,1,2019-01,1,81.72,145.23,207.98,27.73,24.0,7.0,31.0,1,0.2977,0.5483,1
LJ500_R067_C085,67,85,703750,9534750,4000,3000,2019,1,2019-01,1,81.72,145.23,207.98,27.73,24.0,7.0,31.0,1,0.4071,0.7454,1
LJ500_R067_C086,67,86,704250,9534750,4500,3000,2019,1,2019-01,1,81.72,145.23,207.98,27.73,24.0,7.0,31.0,1,0.426,0.8175,1
LJ500_R068_C077,68,77,699750,9535250,0,3500,2019,1,2019-01,1,79.79,140.79,195.89,27.49,24.0,7.0,31.0,1,0.2292,0.4588,1
LJ500_R068_C078,68,78,700250,9535250,500,3500,2019,1,2019-01,1,81.72,145.23,207.98,27.73,24.0,7.0,31.0,1,0.2081,0.42,1
LJ500_R068_C079,68,79,700750,9535250,1000,3500,2019,1,2019-01,1,81.72,145.23,207.98,27.73,24.0,7.0,31.0,1,0.2211,0.4438,1
LJ500_R068_C080,68,80,701250,9535250,1500,3500,2019,1,2019-01,1,81.72,145.23,207.98,27.73,24.0,7.0,31.0,1,0.23,0.46,1
LJ500_R068_C081,68,81,701750,9535250,2000,3500,2019,1,2019-01,1,81.72,145.23,207.98,27.73,24.0,7.0,31.0,1,0.248,0.4823,1
LJ500_R068_C082,68,82,702250,9535250,2500,3500,2019,1,2019-01,1,81.72,145.23,207.98,27.73,24.0,7.0,31.0,1,0.2542,0.49,1
LJ500_R068_C083,68,83,702750,9535250,3000,3500,2019,1,2019-01,1,81.72,145.23,207.98,27.73,24.0,7.0,31.0,1,0.2602,0.49,1
LJ500_R068_C084,68,84,703250,9535250,3500,3500,2019,1,2019-01,1,81.72,145.23,207.98,27.73,24.0,7.0,31.0,1,0.266,0.4987,1
LJ500_R068_C085,68,85,703750,9535250,4000,3500,2019,1,2019-01,1,81.72,145.23,207.98,27.73,24.0,7.0,31.0,1,0.3774,0.69,1
LJ500_R068_C086,68,86,704250,9535250,4500,3500,2019,1,2019-01,1,81.72,145.23,207.98,27.73,24.0,7.0,31.0,1,0.4071,0.7613,1
LJ500_R069_C077,69,77,699750,9535750,0,4000,2019,1,2019-01,1,73.44,134.12,180.47,31.48,24.55,6.4544,31.0,1,0.2122,0.428,1
LJ500_R069_C078,69,78,700250,9535750,500,4000,2019,1,2019-01,1,78.52,145.07,200.45,27.32,24.0,7.0,31.0,1,0.2006,0.4104,1
LJ500_R069_C079,69,79,700750,9535750,1000,4000,2019,1,2019-01,1,78.51,145.07,200.43,27.32,24.0,7.0,31.0,1,0.2215,0.4455,1
LJ500_R069_C080,69,80,701250,9535750,1500,4000,2019,1,2019-01,1,78.51,145.07,200.41,27.32,24.0,7.0,31.0,1,0.2359,0.4697,1
LJ500_R069_C081,69,81,701750,9535750,2000,4000,2019,1,2019-01,1,78.5,145.07,200.39,27.32,24.0,7.0,31.0,1,0.2678,0.5135,1
LJ500_R069_C082,69,82,702250,9535750,2500,4000,2019,1,2019-01,1,78.49,145.07,200.38,27.32,24.0,7.0,31.0,1,0.2789,0.5288,1
LJ500_R069_C083,69,83,702750,9535750,3000,4000,2019,1,2019-01,1,78.48,145.07,200.36,27.31,24.0,7.0,31.0,1,0.2685,0.5116,1
LJ500_R069_C084,69,84,703250,9535750,3500,4000,2019,1,2019-01,1,78.47,145.07,200.34,27.31,24.0,7.0,31.0,1,0.2669,0.5085,1
LJ500_R069_C085,69,85,703750,9535750,4000,4000,2019,1,2019-01,1,78.47,145.07,200.32,27.31,24.0,7.0,31.0,1,0.2572,0.4846,1
LJ500_R069_C086,69,86,704250,9535750,4500,4000,2019,1,2019-01,1,78.46,145.07,200.3,27.31,24.0,7.0,31.0,1,0.2583,0.4854,1
LJ500_R070_C077,70,77,699750,9536250,0,4500,2019,1,2019-01,1,72.93,133.56,179.21,31.81,24.59,6.41,31.0,1,0.2116,0.4276,1
LJ500_R070_C078,70,78,700250,9536250,500,4500,2019,1,2019-01,1,78.28,145.06,199.89,27.29,24.0,7.0,31.0,1,0.1996,0.4088,1
LJ500_R070_C079,70,79,700750,9536250,1000,4500,2019,1,2019-01,1,78.28,145.06,199.89,27.29,24.0,7.0,31.0,1,0.2215,0.4449,1
LJ500_R070_C080,70,80,701250,9536250,1500,4500,2019,1,2019-01,1,78.28,145.06,199.89,27.29,24.0,7.0,31.0,1,0.2366,0.47,1
LJ500_R070_C081,70,81,701750,9536250,2000,4500,2019,1,2019-01,1,78.28,145.06,199.89,27.29,24.0,7.0,31.0,1,0.2652,0.5088,1
LJ500_R070_C082,70,82,702250,9536250,2500,4500,2019,1,2019-01,1,78.28,145.06,199.89,27.29,24.0,7.0,31.0,1,0.2751,0.5223,1
LJ500_R070_C083,70,83,702750,9536250,3000,4500,2019,1,2019-01,1,78.28,145.06,199.89,27.29,24.0,7.0,31.0,1,0.2642,0.5056,1
LJ500_R070_C084,70,84,703250,9536250,3500,4500,2019,1,2019-01,1,78.28,145.06,199.89,27.29,24.0,7.0,31.0,1,0.2624,0.5024,1
LJ500_R070_C085,70,85,703750,9536250,4000,4500,2019,1,2019-01,1,78.28,145.06,199.89,27.29,24.0,7.0,31.0,1,0.2534,0.4787,1
LJ500_R070_C086,70,86,704250,9536250,4500,4500,2019,1,2019-01,1,78.28,145.06,199.89,27.29,24.0,7.0,31.0,1,0.2585,0.4861,1
LJ500_R061_C077,61,77,699750,9531750,0,0,2019,2,2019-02,2,130.8,210.65,271.72,35.67,24.57,6.4308,31.0,1,0.269,0.5306,1
LJ500_R061_C078,61,78,700250,9531750,500,0,2019,2,2019-02,2,121.89,203.61,267.12,31.91,24.0,7.0,31.0,1,0.2737,0.5466,1
LJ500_R061_C079,61,79,700750,9531750,1000,0,2019,2,2019-02,2,121.89,203.61,267.12,31.91,24.0,7.0,31.0,1,0.2755,0.5609,1
LJ500_R061_C080,61,80,701250,9531750,1500,0,2019,2,2019-02,2,121.89,203.61,267.12,31.91,24.0,7.0,31.0,1,0.2766,0.57,1
LJ500_R061_C081,61,81,701750,9531750,2000,0,2019,2,2019-02,2,121.89,203.61,267.12,31.91,24.0,7.0,31.0,1,0.3459,0.7437,1
LJ500_R061_C082,61,82,702250,9531750,2500,0,2019,2,2019-02,2,121.89,203.61,267.12,31.91,24.0,7.0,31.0,1,0.3683,0.7998,1
LJ500_R061_C083,61,83,702750,9531750,3000,0,2019,2,2019-02,2,121.89,203.61,267.12,31.91,24.0,7.0,31.0,1,0.4137,0.9486,1
LJ500_R061_C084,61,84,703250,9531750,3500,0,2019,2,2019-02,2,121.89,203.61,267.12,31.91,24.0,7.0,31.0,1,0.4162,0.9569,1
LJ500_R061_C085,61,85,703750,9531750,4000,0,2019,2,2019-02,2,121.89,203.61,267.12,31.91,24.0,7.0,31.0,1,0.3763,0.8327,1
LJ500_R061_C086,61,86,704250,9531750,4500,0,2019,2,2019-02,2,121.89,203.61,267.12,31.91,24.0,7.0,31.0,1,0.3659,0.8071,1
LJ500_R062_C077,62,77,699750,9532250,0,500,2019,2,2019-02,2,130.84,210.68,271.74,35.68,24.57,6.4285,31.0,1,0.2582,0.5038,1
LJ500_R062_C078,62,78,700250,9532250,500,500,2019,2,2019-02,2,121.89,203.61,267.12,31.91,24.0,7.0,31.0,1,0.2626,0.52,1
LJ500_R062_C079,62,79,700750,9532250,1000,500,2019,2,2019-02,2,121.89,203.61,267.12,31.91,24.0,7.0,31.0,1,0.2683,0.5504,1
LJ500_R062_C080,62,80,701250,9532250,1500,500,2019,2,2019-02,2,121.89,203.61,267.12,31.91,24.0,7.0,31.0,1,0.2719,0.57,1
LJ500_R062_C081,62,81,701750,9532250,2000,500,2019,2,2019-02,2,121.89,203.61,267.12,31.91,24.0,7.0,31.0,1,0.4708,1.0478,1
LJ500_R062_C082,62,82,702250,9532250,2500,500,2019,2,2019-02,2,121.89,203.61,267.12,31.91,24.0,7.0,31.0,1,0.5342,1.2,1
LJ500_R062_C083,62,83,702750,9532250,3000,500,2019,2,2019-02,2,121.89,203.61,267.12,31.91,24.0,7.0,31.0,1,0.5887,1.4361,1
LJ500_R062_C084,62,84,703250,9532250,3500,500,2019,2,2019-02,2,121.89,203.61,267.12,31.91,24.0,7.0,31.0,1,0.5922,1.4508,1
LJ500_R062_C085,62,85,703750,9532250,4000,500,2019,2,2019-02,2,121.89,203.61,267.12,31.91,24.0,7.0,31.0,1,0.5597,1.3,1
LJ500_R062_C086,62,86,704250,9532250,4500,500,2019,2,2019-02,2,121.89,203.61,267.12,31.91,24.0,7.0,31.0,1,0.5294,1.2235,1
LJ500_R063_C077,63,77,699750,9532750,0,1000,2019,2,2019-02,2,130.88,210.7,271.75,35.7,24.57,6.4261,31.0,1,0.2521,0.4921,1
LJ500_R063_C078,63,78,700250,9532750,500,1000,2019,2,2019-02,2,121.89,203.61,267.12,31.91,24.0,7.0,31.0,1,0.2545,0.5003,1
LJ500_R063_C079,63,79,700750,9532750,1000,1000,2019,2,2019-02,2,121.89,203.61,267.12,31.91,24.0,7.0,31.0,1,0.2633,0.5396,1
LJ500_R063_C080,63,80,701250,9532750,1500,1000,2019,2,2019-02,2,121.89,203.61,267.12,31.91,24.0,7.0,31.0,1,0.2691,0.565,1
LJ500_R063_C081,63,81,701750,9532750,2000,1000,2019,2,2019-02,2,121.89,203.61,267.12,31.91,24.0,7.0,31.0,1,0.4072,0.9057,1
LJ500_R063_C082,63,82,702250,9532750,2500,1000,2019,2,2019-02,2,121.89,203.61,267.12,31.91,24.0,7.0,31.0,1,0.4513,1.0148,1
LJ500_R063_C083,63,83,702750,9532750,3000,1000,2019,2,2019-02,2,121.89,203.61,267.12,31.91,24.0,7.0,31.0,1,0.5485,1.5498,1
LJ500_R063_C084,63,84,703250,9532750,3500,1000,2019,2,2019-02,2,121.89,203.61,267.12,31.91,24.0,7.0,31.0,1,0.557,1.6066,1
LJ500_R063_C085,63,85,703750,9532750,4000,1000,2019,2,2019-02,2,121.89,203.61,267.12,31.91,24.0,7.0,31.0,1,0.5322,1.6097,1
LJ500_R063_C086,63,86,704250,9532750,4500,1000,2019,2,2019-02,2,121.89,203.61,267.12,31.91,24.0,7.0,31.0,1,0.5189,1.5772,1
LJ500_R064_C077,64,77,699750,9533250,0,1500,2019,2,2019-02,2,130.91,210.73,271.77,35.72,24.58,6.4238,31.0,1,0.2458,0.48,1
LJ500_R064_C078,64,78,700250,9533250,500,1500,2019,2,2019-02,2,121.89,203.61,267.12,31.91,24.0,7.0,31.0,1,0.2461,0.48,1
LJ500_R064_C079,64,79,700750,9533250,1000,1500,2019,2,2019-02,2,121.89,203.61,267.12,31.91,24.0,7.0,31.0,1,0.2582,0.5283,1
LJ500_R064_C080,64,80,701250,9533250,1500,1500,2019,2,2019-02,2,121.89,203.61,267.12,31.91,24.0,7.0,31.0,1,0.2661,0.56,1
LJ500_R064_C081,64,81,701750,9533250,2000,1500,2019,2,2019-02,2,121.89,203.61,267.12,31.91,24.0,7.0,31.0,1,0.3434,0.7635,1
LJ500_R064_C082,64,82,702250,9533250,2500,1500,2019,2,2019-02,2,121.89,203.61,267.12,31.91,24.0,7.0,31.0,1,0.3687,0.83,1
LJ500_R064_C083,64,83,702750,9533250,3000,1500,2019,2,2019-02,2,121.89,203.61,267.12,31.91,24.0,7.0,31.0,1,0.5086,1.661,1
LJ500_R064_C084,64,84,703250,9533250,3500,1500,2019,2,2019-02,2,121.89,203.61,267.12,31.91,24.0,7.0,31.0,1,0.5226,1.7584,1
LJ500_R064_C085,64,85,703750,9533250,4000,1500,2019,2,2019-02,2,121.89,203.61,267.12,31.91,24.0,7.0,31.0,1,0.5055,1.91,1
LJ500_R064_C086,64,86,704250,9533250,4500,1500,2019,2,2019-02,2,121.89,203.61,267.12,31.91,24.0,7.0,31.0,1,0.5085,1.9161,1
LJ500_R065_C077,65,77,699750,9533750,0,2000,2019,2,2019-02,2,130.95,210.76,271.79,35.73,24.58,6.4215,31.0,1,0.2383,0.4671,1
LJ500_R065_C078,65,78,700250,9533750,500,2000,2019,2,2019-02,2,121.89,203.61,267.12,31.91,24.0,7.0,31.0,1,0.238,0.467,1
LJ500_R065_C079,65,79,700750,9533750,1000,2000,2019,2,2019-02,2,121.89,203.61,267.12,31.91,24.0,7.0,31.0,1,0.2461,0.4995,1
LJ500_R065_C080,65,80,701250,9533750,1500,2000,2019,2,2019-02,2,121.89,203.61,267.12,31.91,24.0,7.0,31.0,1,0.2514,0.5208,1
LJ500_R065_C081,65,81,701750,9533750,2000,2000,2019,2,2019-02,2,121.89,203.61,267.12,31.91,24.0,7.0,31.0,1,0.286,0.6251,1
LJ500_R065_C082,65,82,702250,9533750,2500,2000,2019,2,2019-02,2,121.89,203.61,267.12,31.91,24.0,7.0,31.0,1,0.2972,0.6591,1
LJ500_R065_C083,65,83,702750,9533750,3000,2000,2019,2,2019-02,2,121.89,203.61,267.12,31.91,24.0,7.0,31.0,1,0.4401,1.1782,1
LJ500_R065_C084,65,84,703250,9533750,3500,2000,2019,2,2019-02,2,121.89,203.61,267.12,31.91,24.0,7.0,31.0,1,0.459,1.2469,1
LJ500_R065_C085,65,85,703750,9533750,4000,2000,2019,2,2019-02,2,121.89,203.61,267.12,31.91,24.0,7.0,31.0,1,0.5231,1.498,1
LJ500_R065_C086,65,86,704250,9533750,4500,2000,2019,2,2019-02,2,121.89,203.61,267.12,31.91,24.0,7.0,31.0,1,0.5189,1.5771,1
LJ500_R066_C077,66,77,699750,9534250,0,2500,2019,2,2019-02,2,130.99,210.79,271.81,35.75,24.58,6.4192,31.0,1,0.2343,0.46,1
LJ500_R066_C078,66,78,700250,9534250,500,2500,2019,2,2019-02,2,121.89,203.61,267.12,31.91,24.0,7.0,31.0,1,0.2335,0.46,1
LJ500_R066_C079,66,79,700750,9534250,1000,2500,2019,2,2019-02,2,121.89,203.61,267.12,31.91,24.0,7.0,31.0,1,0.2395,0.484,1
LJ500_R066_C080,66,80,701250,9534250,1500,2500,2019,2,2019-02,2,121.89,203.61,267.12,31.91,24.0,7.0,31.0,1,0.2435,0.5,1
LJ500_R066_C081,66,81,701750,9534250,2000,2500,2019,2,2019-02,2,121.89,203.61,267.12,31.91,24.0,7.0,31.0,1,0.2559,0.5524,1
LJ500_R066_C082,66,82,702250,9534250,2500,2500,2019,2,2019-02,2,121.89,203.61,267.12,31.91,24.0,7.0,31.0,1,0.26,0.57,1
LJ500_R066_C083,66,83,702750,9534250,3000,2500,2019,2,2019-02,2,121.89,203.61,267.12,31.91,24.0,7.0,31.0,1,0.4046,0.9294,1
LJ500_R066_C084,66,84,703250,9534250,3500,2500,2019,2,2019-02,2,121.89,203.61,267.12,31.91,24.0,7.0,31.0,1,0.4263,0.9853,1
LJ500_R066_C085,66,85,703750,9534250,4000,2500,2019,2,2019-02,2,121.89,203.61,267.12,31.91,24.0,7.0,31.0,1,0.5319,1.29,1
LJ500_R066_C086,66,86,704250,9534250,4500,2500,2019,2,2019-02,2,121.89,203.61,267.12,31.91,24.0,7.0,31.0,1,0.5242,1.4065,1
LJ500_R067_C077,67,77,699750,9534750,0,3000,2019,2,2019-02,2,131.02,210.82,271.83,35.76,24.58,6.4169,31.0,1,0.2351,0.483,1
LJ500_R067_C078,67,78,700250,9534750,500,3000,2019,2,2019-02,2,121.89,203.61,267.12,31.91,24.0,7.0,31.0,1,0.2255,0.452,1
LJ500_R067_C079,67,79,700750,9534750,1000,3000,2019,2,2019-02,2,121.89,203.61,267.12,31.91,24.0,7.0,31.0,1,0.2294,0.4662,1
LJ500_R067_C080,67,80,701250,9534750,1500,3000,2019,2,2019-02,2,121.89,203.61,267.12,31.91,24.0,7.0,31.0,1,0.2321,0.4757,1
LJ500_R067_C081,67,81,701750,9534750,2000,3000,2019,2,2019-02,2,121.89,203.61,267.12,31.91,24.0,7.0,31.0,1,0.2437,0.5158,1
LJ500_R067_C082,67,82,702250,9534750,2500,3000,2019,2,2019-02,2,121.89,203.61,267.12,31.91,24.0,7.0,31.0,1,0.2477,0.5293,1
LJ500_R067_C083,67,83,702750,9534750,3000,3000,2019,2,2019-02,2,121.89,203.61,267.12,31.91,24.0,7.0,31.0,1,0.275,0.6023,1
LJ500_R067_C084,67,84,703250,9534750,3500,3000,2019,2,2019-02,2,121.89,203.61,267.12,31.91,24.0,7.0,31.0,1,0.2831,0.6246,1
LJ500_R067_C085,67,85,703750,9534750,4000,3000,2019,2,2019-02,2,121.89,203.61,267.12,31.91,24.0,7.0,31.0,1,0.3936,0.9368,1
LJ500_R067_C086,67,86,704250,9534750,4500,3000,2019,2,2019-02,2,121.89,203.61,267.12,31.91,24.0,7.0,31.0,1,0.4189,1.0461,1
LJ500_R068_C077,68,77,699750,9535250,0,3500,2019,2,2019-02,2,131.06,210.85,271.85,35.78,24.59,6.4146,31.0,1,0.2354,0.4888,1
LJ500_R068_C078,68,78,700250,9535250,500,3500,2019,2,2019-02,2,121.89,203.61,267.12,31.91,24.0,7.0,31.0,1,0.2235,0.45,1
LJ500_R068_C079,68,79,700750,9535250,1000,3500,2019,2,2019-02,2,121.89,203.61,267.12,31.91,24.0,7.0,31.0,1,0.227,0.4619,1
LJ500_R068_C080,68,80,701250,9535250,1500,3500,2019,2,2019-02,2,121.89,203.61,267.12,31.91,24.0,7.0,31.0,1,0.2294,0.47,1
LJ500_R068_C081,68,81,701750,9535250,2000,3500,2019,2,2019-02,2,121.89,203.61,267.12,31.91,24.0,7.0,31.0,1,0.2409,0.5072,1
LJ500_R068_C082,68,82,702250,9535250,2500,3500,2019,2,2019-02,2,121.89,203.61,267.12,31.91,24.0,7.0,31.0,1,0.2448,0.52,1
LJ500_R068_C083,68,83,702750,9535250,3000,3500,2019,2,2019-02,2,121.89,203.61,267.12,31.91,24.0,7.0,31.0,1,0.246,0.5289,1
LJ500_R068_C084,68,84,703250,9535250,3500,3500,2019,2,2019-02,2,121.89,203.61,267.12,31.91,24.0,7.0,31.0,1,0.2512,0.5443,1
LJ500_R068_C085,68,85,703750,9535250,4000,3500,2019,2,2019-02,2,121.89,203.61,267.12,31.91,24.0,7.0,31.0,1,0.3635,0.86,1
LJ500_R068_C086,68,86,704250,9535250,4500,3500,2019,2,2019-02,2,121.89,203.61,267.12,31.91,24.0,7.0,31.0,1,0.396,0.9679,1
LJ500_R069_C077,69,77,699750,9535750,0,4000,2019,2,2019-02,2,123.64,197.08,257.75,39.59,25.52,5.4836,31.0,1,0.2214,0.4538,1
LJ500_R069_C078,69,78,700250,9535750,500,4000,2019,2,2019-02,2,115.04,193.56,260.1,35.94,24.93,6.069,31.0,1,0.2149,0.4308,1
LJ500_R069_C079,69,79,700750,9535750,1000,4000,2019,2,2019-02,2,115.02,193.53,260.09,35.95,24.93,6.0667,31.0,1,0.2233,0.4654,1
LJ500_R069_C080,69,80,701250,9535750,1500,4000,2019,2,2019-02,2,115.0,193.51,260.07,35.96,24.94,6.0644,31.0,1,0.229,0.4893,1
LJ500_R069_C081,69,81,701750,9535750,2000,4000,2019,2,2019-02,2,114.98,193.48,260.05,35.97,24.94,6.0621,31.0,1,0.2579,0.5912,1
LJ500_R069_C082,69,82,702250,9535750,2500,4000,2019,2,2019-02,2,114.97,193.46,260.03,35.98,24.94,6.0597,31.0,1,0.268,0.6268,1
LJ500_R069_C083,69,83,702750,9535750,3000,4000,2019,2,2019-02,2,114.95,193.43,260.02,35.99,24.94,6.0574,31.0,1,0.2547,0.5752,1
LJ500_R069_C084,69,84,703250,9535750,3500,4000,2019,2,2019-02,2,114.93,193.41,260.0,36.0,24.94,6.0551,31.0,1,0.2526,0.5674,1
LJ500_R069_C085,69,85,703750,9535750,4000,4000,2019,2,2019-02,2,114.92,193.38,259.98,36.01,24.95,6.0527,31.0,1,0.2414,0.5275,1
LJ500_R069_C086,69,86,704250,9535750,4500,4000,2019,2,2019-02,2,114.9,193.36,259.96,36.02,24.95,6.0504,31.0,1,0.2427,0.5324,1
LJ500_R070_C077,70,77,699750,9536250,0,4500,2019,2,2019-02,2,123.1,196.03,256.66,39.9,25.59,5.41,31.0,1,0.2201,0.4531,1
LJ500_R070_C078,70,78,700250,9536250,500,4500,2019,2,2019-02,2,114.53,192.81,259.58,36.24,25.0,6.0,31.0,1,0.2131,0.4288,1
LJ500_R070_C079,70,79,700750,9536250,1000,4500,2019,2,2019-02,2,114.53,192.81,259.58,36.24,25.0,6.0,31.0,1,0.2226,0.4664,1
LJ500_R070_C080,70,80,701250,9536250,1500,4500,2019,2,2019-02,2,114.53,192.81,259.58,36.24,25.0,6.0,31.0,1,0.2291,0.4925,1
LJ500_R070_C081,70,81,701750,9536250,2000,4500,2019,2,2019-02,2,114.53,192.81,259.58,36.24,25.0,6.0,31.0,1,0.2548,0.5831,1
LJ500_R070_C082,70,82,702250,9536250,2500,4500,2019,2,2019-02,2,114.53,192.81,259.58,36.24,25.0,6.0,31.0,1,0.2638,0.6147,1
LJ500_R070_C083,70,83,702750,9536250,3000,4500,2019,2,2019-02,2,114.53,192.81,259.58,36.24,25.0,6.0,31.0,1,0.2508,0.5645,1
LJ500_R070_C084,70,84,703250,9536250,3500,4500,2019,2,2019-02,2,114.53,192.81,259.58,36.24,25.0,6.0,31.0,1,0.2486,0.5565,1
LJ500_R070_C085,70,85,703750,9536250,4000,4500,2019,2,2019-02,2,114.53,192.81,259.58,36.24,25.0,6.0,31.0,1,0.2377,0.5187,1
LJ500_R070_C086,70,86,704250,9536250,4500,4500,2019,2,2019-02,2,114.53,192.81,259.58,36.24,25.0,6.0,31.0,1,0.2431,0.535,1
LJ500_R061_C077,61,77,699750,9531750,0,0,2019,3,2019-03,3,121.24,252.05,331.89,42.42,23.29,4.7077,28.0,1,0.1914,0.4593,1
LJ500_R061_C078,61,78,700250,9531750,500,0,2019,3,2019-03,3,120.68,242.57,324.29,60.07,25.0,3.0,28.0,1,0.1964,0.47,1
LJ500_R061_C079,61,79,700750,9531750,1000,0,2019,3,2019-03,3,120.68,242.57,324.29,60.07,25.0,3.0,28.0,1,0.2003,0.4802,1
LJ500_R061_C080,61,80,701250,9531750,1500,0,2019,3,2019-03,3,120.68,242.57,324.29,60.07,25.0,3.0,28.0,1,0.2028,0.4868,1
LJ500_R061_C081,61,81,701750,9531750,2000,0,2019,3,2019-03,3,120.68,242.57,324.29,60.07,25.0,3.0,28.0,1,0.2846,0.7473,1
LJ500_R061_C082,61,82,702250,9531750,2500,0,2019,3,2019-03,3,120.68,242.57,324.29,60.07,25.0,3.0,28.0,1,0.3108,0.831,1
LJ500_R061_C083,61,83,702750,9531750,3000,0,2019,3,2019-03,3,120.68,242.57,324.29,60.07,25.0,3.0,28.0,1,0.3521,1.0015,1
LJ500_R061_C084,61,84,703250,9531750,3500,0,2019,3,2019-03,3,120.68,242.57,324.29,60.07,25.0,3.0,28.0,1,0.3542,1.0109,1
LJ500_R061_C085,61,85,703750,9531750,4000,0,2019,3,2019-03,3,120.68,242.57,324.29,60.07,25.0,3.0,28.0,1,0.3167,0.8659,1
LJ500_R061_C086,61,86,704250,9531750,4500,0,2019,3,2019-03,3,120.68,242.57,324.29,60.07,25.0,3.0,28.0,1,0.3088,0.8306,1
LJ500_R062_C077,62,77,699750,9532250,0,500,2019,3,2019-03,3,121.24,252.08,331.92,42.34,23.29,4.7146,28.0,1,0.184,0.4392,1
LJ500_R062_C078,62,78,700250,9532250,500,500,2019,3,2019-03,3,120.68,242.57,324.29,60.07,25.0,3.0,28.0,1,0.1879,0.45,1
LJ500_R062_C079,62,79,700750,9532250,1000,500,2019,3,2019-03,3,120.68,242.57,324.29,60.07,25.0,3.0,28.0,1,0.1998,0.4804,1
LJ500_R062_C080,62,80,701250,9532250,1500,500,2019,3,2019-03,3,120.68,242.57,324.29,60.07,25.0,3.0,28.0,1,0.2075,0.5,1
LJ500_R062_C081,62,81,701750,9532250,2000,500,2019,3,2019-03,3,120.68,242.57,324.29,60.07,25.0,3.0,28.0,1,0.3874,1.1143,1
LJ500_R062_C082,62,82,702250,9532250,2500,500,2019,3,2019-03,3,120.68,242.57,324.29,60.07,25.0,3.0,28.0,1,0.4446,1.31,1
LJ500_R062_C083,62,83,702750,9532250,3000,500,2019,3,2019-03,3,120.68,242.57,324.29,60.07,25.0,3.0,28.0,1,0.4894,1.5733,1
LJ500_R062_C084,62,84,703250,9532250,3500,500,2019,3,2019-03,3,120.68,242.57,324.29,60.07,25.0,3.0,28.0,1,0.4925,1.5914,1
LJ500_R062_C085,62,85,703750,9532250,4000,500,2019,3,2019-03,3,120.68,242.57,324.29,60.07,25.0,3.0,28.0,1,0.4686,1.45,1
LJ500_R062_C086,62,86,704250,9532250,4500,500,2019,3,2019-03,3,120.68,242.57,324.29,60.07,25.0,3.0,28.0,1,0.4464,1.3528,1
LJ500_R063_C077,63,77,699750,9532750,0,1000,2019,3,2019-03,3,121.25,252.12,331.95,42.27,23.28,4.7216,28.0,1,0.1815,0.4324,1
LJ500_R063_C078,63,78,700250,9532750,500,1000,2019,3,2019-03,3,120.68,242.57,324.29,60.07,25.0,3.0,28.0,1,0.1817,0.4353,1
LJ500_R063_C079,63,79,700750,9532750,1000,1000,2019,3,2019-03,3,120.68,242.57,324.29,60.07,25.0,3.0,28.0,1,0.1948,0.4685,1
LJ500_R063_C080,63,80,701250,9532750,1500,1000,2019,3,2019-03,3,120.68,242.57,324.29,60.07,25.0,3.0,28.0,1,0.2032,0.4901,1
LJ500_R063_C081,63,81,701750,9532750,2000,1000,2019,3,2019-03,3,120.68,242.57,324.29,60.07,25.0,3.0,28.0,1,0.3399,0.9405,1
LJ500_R063_C082,63,82,702250,9532750,2500,1000,2019,3,2019-03,3,120.68,242.57,324.29,60.07,25.0,3.0,28.0,1,0.3837,1.0847,1
LJ500_R063_C083,63,83,702750,9532750,3000,1000,2019,3,2019-03,3,120.68,242.57,324.29,60.07,25.0,3.0,28.0,1,0.463,1.6103,1
LJ500_R063_C084,63,84,703250,9532750,3500,1000,2019,3,2019-03,3,120.68,242.57,324.29,60.07,25.0,3.0,28.0,1,0.4689,1.6591,1
LJ500_R063_C085,63,85,703750,9532750,4000,1000,2019,3,2019-03,3,120.68,242.57,324.29,60.07,25.0,3.0,28.0,1,0.4287,1.5465,1
LJ500_R063_C086,63,86,704250,9532750,4500,1000,2019,3,2019-03,3,120.68,242.57,324.29,60.07,25.0,3.0,28.0,1,0.4177,1.506,1
LJ500_R064_C077,64,77,699750,9533250,0,1500,2019,3,2019-03,3,121.25,252.16,331.98,42.2,23.27,4.7285,28.0,1,0.1789,0.4255,1
LJ500_R064_C078,64,78,700250,9533250,500,1500,2019,3,2019-03,3,120.68,242.57,324.29,60.07,25.0,3.0,28.0,1,0.1754,0.42,1
LJ500_R064_C079,64,79,700750,9533250,1000,1500,2019,3,2019-03,3,120.68,242.57,324.29,60.07,25.0,3.0,28.0,1,0.1896,0.4563,1
LJ500_R064_C080,64,80,701250,9533250,1500,1500,2019,3,2019-03,3,120.68,242.57,324.29,60.07,25.0,3.0,28.0,1,0.1989,0.48,1
LJ500_R064_C081,64,81,701750,9533250,2000,1500,2019,3,2019-03,3,120.68,242.57,324.29,60.07,25.0,3.0,28.0,1,0.2923,0.7664,1
LJ500_R064_C082,64,82,702250,9533250,2500,1500,2019,3,2019-03,3,120.68,242.57,324.29,60.07,25.0,3.0,28.0,1,0.3229,0.86,1
LJ500_R064_C083,64,83,702750,9533250,3000,1500,2019,3,2019-03,3,120.68,242.57,324.29,60.07,25.0,3.0,28.0,1,0.4367,1.6458,1
LJ500_R064_C084,64,84,703250,9533250,3500,1500,2019,3,2019-03,3,120.68,242.57,324.29,60.07,25.0,3.0,28.0,1,0.4458,1.7253,1
LJ500_R064_C085,64,85,703750,9533250,4000,1500,2019,3,2019-03,3,120.68,242.57,324.29,60.07,25.0,3.0,28.0,1,0.39,1.64,1
LJ500_R064_C086,64,86,704250,9533250,4500,1500,2019,3,2019-03,3,120.68,242.57,324.29,60.07,25.0,3.0,28.0,1,0.3899,1.6521,1
LJ500_R065_C077,65,77,699750,9533750,0,2000,2019,3,2019-03,3,121.25,252.2,332.01,42.13,23.26,4.7354,28.0,1,0.1737,0.419,1
LJ500_R065_C078,65,78,700250,9533750,500,2000,2019,3,2019-03,3,120.68,242.57,324.29,60.07,25.0,3.0,28.0,1,0.1735,0.4135,1
LJ500_R065_C079,65,79,700750,9533750,1000,2000,2019,3,2019-03,3,120.68,242.57,324.29,60.07,25.0,3.0,28.0,1,0.1803,0.43,1
LJ500_R065_C080,65,80,701250,9533750,1500,2000,2019,3,2019-03,3,120.68,242.57,324.29,60.07,25.0,3.0,28.0,1,0.1847,0.4408,1
LJ500_R065_C081,65,81,701750,9533750,2000,2000,2019,3,2019-03,3,120.68,242.57,324.29,60.07,25.0,3.0,28.0,1,0.2407,0.6081,1
LJ500_R065_C082,65,82,702250,9533750,2500,2000,2019,3,2019-03,3,120.68,242.57,324.29,60.07,25.0,3.0,28.0,1,0.259,0.6628,1
LJ500_R065_C083,65,83,702750,9533750,3000,2000,2019,3,2019-03,3,120.68,242.57,324.29,60.07,25.0,3.0,28.0,1,0.3823,1.2081,1
LJ500_R065_C084,65,84,703250,9533750,3500,2000,2019,3,2019-03,3,120.68,242.57,324.29,60.07,25.0,3.0,28.0,1,0.3976,1.2779,1
LJ500_R065_C085,65,85,703750,9533750,4000,2000,2019,3,2019-03,3,120.68,242.57,324.29,60.07,25.0,3.0,28.0,1,0.4344,1.4938,1
LJ500_R065_C086,65,86,704250,9533750,4500,2000,2019,3,2019-03,3,120.68,242.57,324.29,60.07,25.0,3.0,28.0,1,0.4252,1.5252,1
LJ500_R066_C077,66,77,699750,9534250,0,2500,2019,3,2019-03,3,121.25,252.24,332.04,42.06,23.26,4.7424,28.0,1,0.1709,0.4155,1
LJ500_R066_C078,66,78,700250,9534250,500,2500,2019,3,2019-03,3,120.68,242.57,324.29,60.07,25.0,3.0,28.0,1,0.1725,0.41,1
LJ500_R066_C079,66,79,700750,9534250,1000,2500,2019,3,2019-03,3,120.68,242.57,324.29,60.07,25.0,3.0,28.0,1,0.1753,0.416,1
LJ500_R066_C080,66,80,701250,9534250,1500,2500,2019,3,2019-03,3,120.68,242.57,324.29,60.07,25.0,3.0,28.0,1,0.1771,0.42,1
LJ500_R066_C081,66,81,701750,9534250,2000,2500,2019,3,2019-03,3,120.68,242.57,324.29,60.07,25.0,3.0,28.0,1,0.2135,0.5249,1
LJ500_R066_C082,66,82,702250,9534250,2500,2500,2019,3,2019-03,3,120.68,242.57,324.29,60.07,25.0,3.0,28.0,1,0.2257,0.56,1
LJ500_R066_C083,66,83,702750,9534250,3000,2500,2019,3,2019-03,3,120.68,242.57,324.29,60.07,25.0,3.0,28.0,1,0.3541,0.9823,1
LJ500_R066_C084,66,84,703250,9534250,3500,2500,2019,3,2019-03,3,120.68,242.57,324.29,60.07,25.0,3.0,28.0,1,0.3728,1.0487,1
LJ500_R066_C085,66,85,703750,9534250,4000,2500,2019,3,2019-03,3,120.68,242.57,324.29,60.07,25.0,3.0,28.0,1,0.4568,1.42,1
LJ500_R066_C086,66,86,704250,9534250,4500,2500,2019,3,2019-03,3,120.68,242.57,324.29,60.07,25.0,3.0,28.0,1,0.443,1.4615,1
LJ500_R067_C077,67,77,699750,9534750,0,3000,2019,3,2019-03,3,121.26,252.28,332.07,41.99,23.25,4.7493,28.0,1,0.1733,0.42,1
LJ500_R067_C078,67,78,700250,9534750,500,3000,2019,3,2019-03,3,120.68,242.57,324.29,60.07,25.0,3.0,28.0,1,0.1668,0.41,1
LJ500_R067_C079,67,79,700750,9534750,1000,3000,2019,3,2019-03,3,120.68,242.57,324.29,60.07,25.0,3.0,28.0,1,0.1686,0.4063,1
LJ500_R067_C080,67,80,701250,9534750,1500,3000,2019,3,2019-03,3,120.68,242.57,324.29,60.07,25.0,3.0,28.0,1,0.1699,0.4038,1
LJ500_R067_C081,67,81,701750,9534750,2000,3000,2019,3,2019-03,3,120.68,242.57,324.29,60.07,25.0,3.0,28.0,1,0.186,0.4477,1
LJ500_R067_C082,67,82,702250,9534750,2500,3000,2019,3,2019-03,3,120.68,242.57,324.29,60.07,25.0,3.0,28.0,1,0.1914,0.4623,1
LJ500_R067_C083,67,83,702750,9534750,3000,3000,2019,3,2019-03,3,120.68,242.57,324.29,60.07,25.0,3.0,28.0,1,0.2276,0.5686,1
LJ500_R067_C084,67,84,703250,9534750,3500,3000,2019,3,2019-03,3,120.68,242.57,324.29,60.07,25.0,3.0,28.0,1,0.2369,0.5981,1
LJ500_R067_C085,67,85,703750,9534750,4000,3000,2019,3,2019-03,3,120.68,242.57,324.29,60.07,25.0,3.0,28.0,1,0.3515,0.9847,1
LJ500_R067_C086,67,86,704250,9534750,4500,3000,2019,3,2019-03,3,120.68,242.57,324.29,60.07,25.0,3.0,28.0,1,0.3713,1.0967,1
LJ500_R068_C077,68,77,699750,9535250,0,3500,2019,3,2019-03,3,121.26,252.32,332.1,41.91,23.24,4.7562,28.0,1,0.1739,0.4211,1
LJ500_R068_C078,68,78,700250,9535250,500,3500,2019,3,2019-03,3,120.68,242.57,324.29,60.07,25.0,3.0,28.0,1,0.1654,0.41,1
LJ500_R068_C079,68,79,700750,9535250,1000,3500,2019,3,2019-03,3,120.68,242.57,324.29,60.07,25.0,3.0,28.0,1,0.1671,0.4041,1
LJ500_R068_C080,68,80,701250,9535250,1500,3500,2019,3,2019-03,3,120.68,242.57,324.29,60.07,25.0,3.0,28.0,1,0.1682,0.4,1
LJ500_R068_C081,68,81,701750,9535250,2000,3500,2019,3,2019-03,3,120.68,242.57,324.29,60.07,25.0,3.0,28.0,1,0.1796,0.4298,1
LJ500_R068_C082,68,82,702250,9535250,2500,3500,2019,3,2019-03,3,120.68,242.57,324.29,60.07,25.0,3.0,28.0,1,0.1836,0.44,1
LJ500_R068_C083,68,83,702750,9535250,3000,3500,2019,3,2019-03,3,120.68,242.57,324.29,60.07,25.0,3.0,28.0,1,0.1992,0.4758,1
LJ500_R068_C084,68,84,703250,9535250,3500,3500,2019,3,2019-03,3,120.68,242.57,324.29,60.07,25.0,3.0,28.0,1,0.2066,0.4977,1
LJ500_R068_C085,68,85,703750,9535250,4000,3500,2019,3,2019-03,3,120.68,242.57,324.29,60.07,25.0,3.0,28.0,1,0.3286,0.89,1
LJ500_R068_C086,68,86,704250,9535250,4500,3500,2019,3,2019-03,3,120.68,242.57,324.29,60.07,25.0,3.0,28.0,1,0.3556,1.0172,1
LJ500_R069_C077,69,77,699750,9535750,0,4000,2019,3,2019-03,3,111.25,234.89,308.33,30.07,22.31,5.6918,28.0,1,0.1611,0.4115,1
LJ500_R069_C078,69,78,700250,9535750,500,4000,2019,3,2019-03,3,114.0,229.04,307.56,40.95,24.07,3.931,28.0,1,0.1571,0.4004,1
LJ500_R069_C079,69,79,700750,9535750,1000,4000,2019,3,2019-03,3,113.98,229.0,307.52,40.9,24.07,3.9333,28.0,1,0.1651,0.4001,1
LJ500_R069_C080,69,80,701250,9535750,1500,4000,2019,3,2019-03,3,113.97,228.97,307.47,40.85,24.06,3.9356,28.0,1,0.1706,0.4,1
LJ500_R069_C081,69,81,701750,9535750,2000,4000,2019,3,2019-03,3,113.95,228.93,307.43,40.81,24.06,3.9379,28.0,1,0.2234,0.5591,1
LJ500_R069_C082,69,82,702250,9535750,2500,4000,2019,3,2019-03,3,113.93,228.9,307.39,40.76,24.06,3.9403,28.0,1,0.2418,0.6148,1
LJ500_R069_C083,69,83,702750,9535750,3000,4000,2019,3,2019-03,3,113.92,228.87,307.35,40.71,24.06,3.9426,28.0,1,0.2291,0.5728,1
LJ500_R069_C084,69,84,703250,9535750,3500,4000,2019,3,2019-03,3,113.9,228.83,307.31,40.66,24.06,3.9449,28.0,1,0.2264,0.5638,1
LJ500_R069_C085,69,85,703750,9535750,4000,4000,2019,3,2019-03,3,113.88,228.8,307.26,40.61,24.05,3.9473,28.0,1,0.1993,0.4694,1
LJ500_R069_C086,69,86,704250,9535750,4500,4000,2019,3,2019-03,3,113.87,228.76,307.22,40.57,24.05,3.9496,28.0,1,0.2023,0.4782,1
LJ500_R070_C077,70,77,699750,9536250,0,4500,2019,3,2019-03,3,110.47,233.57,306.5,29.13,22.23,5.77,28.0,1,0.1606,0.4118,1
LJ500_R070_C078,70,78,700250,9536250,500,4500,2019,3,2019-03,3,113.51,228.03,306.32,39.53,24.0,4.0,28.0,1,0.1562,0.4,1
LJ500_R070_C079,70,79,700750,9536250,1000,4500,2019,3,2019-03,3,113.51,228.03,306.32,39.53,24.0,4.0,28.0,1,0.1653,0.4014,1
LJ500_R070_C080,70,80,701250,9536250,1500,4500,2019,3,2019-03,3,113.51,228.03,306.32,39.53,24.0,4.0,28.0,1,0.1717,0.4025,1
LJ500_R070_C081,70,81,701750,9536250,2000,4500,2019,3,2019-03,3,113.51,228.03,306.32,39.53,24.0,4.0,28.0,1,0.2193,0.5457,1
LJ500_R070_C082,70,82,702250,9536250,2500,4500,2019,3,2019-03,3,113.51,228.03,306.32,39.53,24.0,4.0,28.0,1,0.2359,0.5957,1
LJ500_R070_C083,70,83,702750,9536250,3000,4500,2019,3,2019-03,3,113.51,228.03,306.32,39.53,24.0,4.0,28.0,1,0.2222,0.552,1
LJ500_R070_C084,70,84,703250,9536250,3500,4500,2019,3,2019-03,3,113.51,228.03,306.32,39.53,24.0,4.0,28.0,1,0.2194,0.5428,1
LJ500_R070_C085,70,85,703750,9536250,4000,4500,2019,3,2019-03,3,113.51,228.03,306.32,39.53,24.0,4.0,28.0,1,0.1957,0.4587,1
LJ500_R070_C086,70,86,704250,9536250,4500,4500,2019,3,2019-03,3,113.51,228.03,306.32,39.53,24.0,4.0,28.0,1,0.2028,0.4814,1
LJ500_R061_C077,61,77,699750,9531750,0,0,2019,4,2019-04,4,204.12,325.36,456.17,50.57,23.0,8.0,31.0,1,0.1987,0.4593,1
LJ500_R061_C078,61,78,700250,9531750,500,0,2019,4,2019-04,4,203.57,324.25,446.14,47.93,23.0,8.0,31.0,1,0.2063,0.47,1
LJ500_R061_C079,61,79,700750,9531750,1000,0,2019,4,2019-04,4,203.57,324.25,446.14,47.93,23.0,8.0,31.0,1,0.2131,0.4761,1
LJ500_R061_C080,61,80,701250,9531750,1500,0,2019,4,2019-04,4,203.57,324.25,446.14,47.93,23.0,8.0,31.0,1,0.2175,0.48,1
LJ500_R061_C081,61,81,701750,9531750,2000,0,2019,4,2019-04,4,203.57,324.25,446.14,47.93,23.0,8.0,31.0,1,0.2925,0.5631,1
LJ500_R061_C082,61,82,702250,9531750,2500,0,2019,4,2019-04,4,203.57,324.25,446.14,47.93,23.0,8.0,31.0,1,0.3167,0.59,1
LJ500_R061_C083,61,83,702750,9531750,3000,0,2019,4,2019-04,4,203.57,324.25,446.14,47.93,23.0,8.0,31.0,1,0.3565,0.6489,1
LJ500_R061_C084,61,84,703250,9531750,3500,0,2019,4,2019-04,4,203.57,324.25,446.14,47.93,23.0,8.0,31.0,1,0.3587,0.6521,1
LJ500_R061_C085,61,85,703750,9531750,4000,0,2019,4,2019-04,4,203.57,324.25,446.14,47.93,23.0,8.0,31.0,1,0.3234,0.5999,1
LJ500_R061_C086,61,86,704250,9531750,4500,0,2019,4,2019-04,4,203.57,324.25,446.14,47.93,23.0,8.0,31.0,1,0.3149,0.5867,1
LJ500_R062_C077,62,77,699750,9532250,0,500,2019,4,2019-04,4,204.12,325.37,456.21,50.58,23.0,8.0,31.0,1,0.1867,0.4392,1
LJ500_R062_C078,62,78,700250,9532250,500,500,2019,4,2019-04,4,203.57,324.25,446.14,47.93,23.0,8.0,31.0,1,0.1939,0.45,1
LJ500_R062_C079,62,79,700750,9532250,1000,500,2019,4,2019-04,4,203.57,324.25,446.14,47.93,23.0,8.0,31.0,1,0.2106,0.4683,1
LJ500_R062_C080,62,80,701250,9532250,1500,500,2019,4,2019-04,4,203.57,324.25,446.14,47.93,23.0,8.0,31.0,1,0.2213,0.48,1
LJ500_R062_C081,62,81,701750,9532250,2000,500,2019,4,2019-04,4,203.57,324.25,446.14,47.93,23.0,8.0,31.0,1,0.3999,0.7227,1
LJ500_R062_C082,62,82,702250,9532250,2500,500,2019,4,2019-04,4,203.57,324.25,446.14,47.93,23.0,8.0,31.0,1,0.4568,0.8,1
LJ500_R062_C083,62,83,702750,9532250,3000,500,2019,4,2019-04,4,203.57,324.25,446.14,47.93,23.0,8.0,31.0,1,0.506,0.8817,1
LJ500_R062_C084,62,84,703250,9532250,3500,500,2019,4,2019-04,4,203.57,324.25,446.14,47.93,23.0,8.0,31.0,1,0.5093,0.8871,1
LJ500_R062_C085,62,85,703750,9532250,4000,500,2019,4,2019-04,4,203.57,324.25,446.14,47.93,23.0,8.0,31.0,1,0.4813,0.84,1
LJ500_R062_C086,62,86,704250,9532250,4500,500,2019,4,2019-04,4,203.57,324.25,446.14,47.93,23.0,8.0,31.0,1,0.4565,0.8007,1
LJ500_R063_C077,63,77,699750,9532750,0,1000,2019,4,2019-04,4,204.12,325.37,456.25,50.59,23.0,8.0,31.0,1,0.1809,0.432,1
LJ500_R063_C078,63,78,700250,9532750,500,1000,2019,4,2019-04,4,203.57,324.25,446.14,47.93,23.0,8.0,31.0,1,0.1859,0.4402,1
LJ500_R063_C079,63,79,700750,9532750,1000,1000,2019,4,2019-04,4,203.57,324.25,446.14,47.93,23.0,8.0,31.0,1,0.2046,0.4643,1
LJ500_R063_C080,63,80,701250,9532750,1500,1000,2019,4,2019-04,4,203.57,324.25,446.14,47.93,23.0,8.0,31.0,1,0.2167,0.48,1
LJ500_R063_C081,63,81,701750,9532750,2000,1000,2019,4,2019-04,4,203.57,324.25,446.14,47.93,23.0,8.0,31.0,1,0.3467,0.6428,1
LJ500_R063_C082,63,82,702250,9532750,2500,1000,2019,4,2019-04,4,203.57,324.25,446.14,47.93,23.0,8.0,31.0,1,0.3883,0.6949,1
LJ500_R063_C083,63,83,702750,9532750,3000,1000,2019,4,2019-04,4,203.57,324.25,446.14,47.93,23.0,8.0,31.0,1,0.4769,0.9352,1
LJ500_R063_C084,63,84,703250,9532750,3500,1000,2019,4,2019-04,4,203.57,324.25,446.14,47.93,23.0,8.0,31.0,1,0.4831,0.9699,1
LJ500_R063_C085,63,85,703750,9532750,4000,1000,2019,4,2019-04,4,203.57,324.25,446.14,47.93,23.0,8.0,31.0,1,0.4328,1.1294,1
LJ500_R063_C086,63,86,704250,9532750,4500,1000,2019,4,2019-04,4,203.57,324.25,446.14,47.93,23.0,8.0,31.0,1,0.4208,1.1221,1
LJ500_R064_C077,64,77,699750,9533250,0,1500,2019,4,2019-04,4,204.13,325.38,456.29,50.6,23.0,8.0,31.0,1,0.1748,0.4245,1
LJ500_R064_C078,64,78,700250,9533250,500,1500,2019,4,2019-04,4,203.57,324.25,446.14,47.93,23.0,8.0,31.0,1,0.1777,0.43,1
LJ500_R064_C079,64,79,700750,9533250,1000,1500,2019,4,2019-04,4,203.57,324.25,446.14,47.93,23.0,8.0,31.0,1,0.1984,0.4602,1
LJ500_R064_C080,64,80,701250,9533250,1500,1500,2019,4,2019-04,4,203.57,324.25,446.14,47.93,23.0,8.0,31.0,1,0.2119,0.48,1
LJ500_R064_C081,64,81,701750,9533250,2000,1500,2019,4,2019-04,4,203.57,324.25,446.14,47.93,23.0,8.0,31.0,1,0.2934,0.5629,1
LJ500_R064_C082,64,82,702250,9533250,2500,1500,2019,4,2019-04,4,203.57,324.25,446.14,47.93,23.0,8.0,31.0,1,0.32,0.59,1
LJ500_R064_C083,64,83,702750,9533250,3000,1500,2019,4,2019-04,4,203.57,324.25,446.14,47.93,23.0,8.0,31.0,1,0.4479,0.9874,1
LJ500_R064_C084,64,84,703250,9533250,3500,1500,2019,4,2019-04,4,203.57,324.25,446.14,47.93,23.0,8.0,31.0,1,0.4576,1.05,1
LJ500_R064_C085,64,85,703750,9533250,4000,1500,2019,4,2019-04,4,203.57,324.25,446.14,47.93,23.0,8.0,31.0,1,0.3858,1.41,1
LJ500_R064_C086,64,86,704250,9533250,4500,1500,2019,4,2019-04,4,203.57,324.25,446.14,47.93,23.0,8.0,31.0,1,0.3863,1.4302,1
LJ500_R065_C077,65,77,699750,9533750,0,2000,2019,4,2019-04,4,204.13,325.38,456.33,50.61,23.0,8.0,31.0,1,0.1687,0.4151,1
LJ500_R065_C078,65,78,700250,9533750,500,2000,2019,4,2019-04,4,203.57,324.25,446.14,47.93,23.0,8.0,31.0,1,0.1692,0.417,1
LJ500_R065_C079,65,79,700750,9533750,1000,2000,2019,4,2019-04,4,203.57,324.25,446.14,47.93,23.0,8.0,31.0,1,0.1842,0.4393,1
LJ500_R065_C080,65,80,701250,9533750,1500,2000,2019,4,2019-04,4,203.57,324.25,446.14,47.93,23.0,8.0,31.0,1,0.194,0.4539,1
LJ500_R065_C081,65,81,701750,9533750,2000,2000,2019,4,2019-04,4,203.57,324.25,446.14,47.93,23.0,8.0,31.0,1,0.242,0.4971,1
LJ500_R065_C082,65,82,702250,9533750,2500,2000,2019,4,2019-04,4,203.57,324.25,446.14,47.93,23.0,8.0,31.0,1,0.2576,0.5111,1
LJ500_R065_C083,65,83,702750,9533750,3000,2000,2019,4,2019-04,4,203.57,324.25,446.14,47.93,23.0,8.0,31.0,1,0.3863,0.7646,1
LJ500_R065_C084,65,84,703250,9533750,3500,2000,2019,4,2019-04,4,203.57,324.25,446.14,47.93,23.0,8.0,31.0,1,0.4022,0.8028,1
LJ500_R065_C085,65,85,703750,9533750,4000,2000,2019,4,2019-04,4,203.57,324.25,446.14,47.93,23.0,8.0,31.0,1,0.4392,1.0113,1
LJ500_R065_C086,65,86,704250,9533750,4500,2000,2019,4,2019-04,4,203.57,324.25,446.14,47.93,23.0,8.0,31.0,1,0.4272,1.0844,1
LJ500_R066_C077,66,77,699750,9534250,0,2500,2019,4,2019-04,4,204.13,325.38,456.37,50.62,23.0,8.0,31.0,1,0.1654,0.41,1
LJ500_R066_C078,66,78,700250,9534250,500,2500,2019,4,2019-04,4,203.57,324.25,446.14,47.93,23.0,8.0,31.0,1,0.1645,0.41,1
LJ500_R066_C079,66,79,700750,9534250,1000,2500,2019,4,2019-04,4,203.57,324.25,446.14,47.93,23.0,8.0,31.0,1,0.1765,0.428,1
LJ500_R066_C080,66,80,701250,9534250,1500,2500,2019,4,2019-04,4,203.57,324.25,446.14,47.93,23.0,8.0,31.0,1,0.1845,0.44,1
LJ500_R066_C081,66,81,701750,9534250,2000,2500,2019,4,2019-04,4,203.57,324.25,446.14,47.93,23.0,8.0,31.0,1,0.215,0.4625,1
LJ500_R066_C082,66,82,702250,9534250,2500,2500,2019,4,2019-04,4,203.57,324.25,446.14,47.93,23.0,8.0,31.0,1,0.2252,0.47,1
LJ500_R066_C083,66,83,702750,9534250,3000,2500,2019,4,2019-04,4,203.57,324.25,446.14,47.93,23.0,8.0,31.0,1,0.3544,0.6497,1
LJ500_R066_C084,66,84,703250,9534250,3500,2500,2019,4,2019-04,4,203.57,324.25,446.14,47.93,23.0,8.0,31.0,1,0.3737,0.6767,1
LJ500_R066_C085,66,85,703750,9534250,4000,2500,2019,4,2019-04,4,203.57,324.25,446.14,47.93,23.0,8.0,31.0,1,0.4661,0.81,1
LJ500_R066_C086,66,86,704250,9534250,4500,2500,2019,4,2019-04,4,203.57,324.25,446.14,47.93,23.0,8.0,31.0,1,0.4478,0.9107,1
LJ500_R067_C077,67,77,699750,9534750,0,3000,2019,4,2019-04,4,204.13,325.39,456.41,50.63,23.0,8.0,31.0,1,0.173,0.4286,1
LJ500_R067_C078,67,78,700250,9534750,500,3000,2019,4,2019-04,4,203.57,324.25,446.14,47.93,23.0,8.0,31.0,1,0.1588,0.402,1
LJ500_R067_C079,67,79,700750,9534750,1000,3000,2019,4,2019-04,4,203.57,324.25,446.14,47.93,23.0,8.0,31.0,1,0.1686,0.415,1
LJ500_R067_C080,67,80,701250,9534750,1500,3000,2019,4,2019-04,4,203.57,324.25,446.14,47.93,23.0,8.0,31.0,1,0.1751,0.4238,1
LJ500_R067_C081,67,81,701750,9534750,2000,3000,2019,4,2019-04,4,203.57,324.25,446.14,47.93,23.0,8.0,31.0,1,0.1947,0.4522,1
LJ500_R067_C082,67,82,702250,9534750,2500,3000,2019,4,2019-04,4,203.57,324.25,446.14,47.93,23.0,8.0,31.0,1,0.2013,0.4619,1
LJ500_R067_C083,67,83,702750,9534750,3000,3000,2019,4,2019-04,4,203.57,324.25,446.14,47.93,23.0,8.0,31.0,1,0.2341,0.4947,1
LJ500_R067_C084,67,84,703250,9534750,3500,3000,2019,4,2019-04,4,203.57,324.25,446.14,47.93,23.0,8.0,31.0,1,0.2426,0.5044,1
LJ500_R067_C085,67,85,703750,9534750,4000,3000,2019,4,2019-04,4,203.57,324.25,446.14,47.93,23.0,8.0,31.0,1,0.349,0.6375,1
LJ500_R067_C086,67,86,704250,9534750,4500,3000,2019,4,2019-04,4,203.57,324.25,446.14,47.93,23.0,8.0,31.0,1,0.3703,0.6915,1
LJ500_R068_C077,68,77,699750,9535250,0,3500,2019,4,2019-04,4,204.14,325.39,456.45,50.64,23.0,8.0,31.0,1,0.1749,0.4333,1
LJ500_R068_C078,68,78,700250,9535250,500,3500,2019,4,2019-04,4,203.57,324.25,446.14,47.93,23.0,8.0,31.0,1,0.1574,0.4,1
LJ500_R068_C079,68,79,700750,9535250,1000,3500,2019,4,2019-04,4,203.57,324.25,446.14,47.93,23.0,8.0,31.0,1,0.1666,0.4119,1
LJ500_R068_C080,68,80,701250,9535250,1500,3500,2019,4,2019-04,4,203.57,324.25,446.14,47.93,23.0,8.0,31.0,1,0.1729,0.42,1
LJ500_R068_C081,68,81,701750,9535250,2000,3500,2019,4,2019-04,4,203.57,324.25,446.14,47.93,23.0,8.0,31.0,1,0.19,0.4498,1
LJ500_R068_C082,68,82,702250,9535250,2500,3500,2019,4,2019-04,4,203.57,324.25,446.14,47.93,23.0,8.0,31.0,1,0.1958,0.46,1
LJ500_R068_C083,68,83,702750,9535250,3000,3500,2019,4,2019-04,4,203.57,324.25,446.14,47.93,23.0,8.0,31.0,1,0.2071,0.46,1
LJ500_R068_C084,68,84,703250,9535250,3500,3500,2019,4,2019-04,4,203.57,324.25,446.14,47.93,23.0,8.0,31.0,1,0.2134,0.4661,1
LJ500_R068_C085,68,85,703750,9535250,4000,3500,2019,4,2019-04,4,203.57,324.25,446.14,47.93,23.0,8.0,31.0,1,0.3235,0.6,1
LJ500_R068_C086,68,86,704250,9535250,4500,3500,2019,4,2019-04,4,203.57,324.25,446.14,47.93,23.0,8.0,31.0,1,0.3533,0.6443,1
LJ500_R069_C077,69,77,699750,9535750,0,4000,2019,4,2019-04,4,186.29,297.55,421.18,45.53,22.62,8.3831,31.0,1,0.1605,0.4131,1
LJ500_R069_C078,69,78,700250,9535750,500,4000,2019,4,2019-04,4,185.71,299.72,414.75,47.83,22.07,8.931,31.0,1,0.1515,0.3904,1
LJ500_R069_C079,69,79,700750,9535750,1000,4000,2019,4,2019-04,4,185.67,299.65,414.67,47.83,22.07,8.9333,31.0,1,0.1682,0.4194,1
LJ500_R069_C080,69,80,701250,9535750,1500,4000,2019,4,2019-04,4,185.63,299.59,414.59,47.83,22.06,8.9356,31.0,1,0.1798,0.4393,1
LJ500_R069_C081,69,81,701750,9535750,2000,4000,2019,4,2019-04,4,185.58,299.53,414.52,47.83,22.06,8.9379,31.0,1,0.2204,0.4762,1
LJ500_R069_C082,69,82,702250,9535750,2500,4000,2019,4,2019-04,4,185.54,299.47,414.44,47.83,22.06,8.9403,31.0,1,0.2346,0.4891,1
LJ500_R069_C083,69,83,702750,9535750,3000,4000,2019,4,2019-04,4,185.49,299.41,414.36,47.83,22.06,8.9426,31.0,1,0.223,0.4805,1
LJ500_R069_C084,69,84,703250,9535750,3500,4000,2019,4,2019-04,4,185.45,299.35,414.28,47.83,22.06,8.9449,31.0,1,0.221,0.4789,1
LJ500_R069_C085,69,85,703750,9535750,4000,4000,2019,4,2019-04,4,185.4,299.29,414.2,47.83,22.05,8.9473,31.0,1,0.2055,0.4631,1
LJ500_R069_C086,69,86,704250,9535750,4500,4000,2019,4,2019-04,4,185.36,299.22,414.12,47.83,22.05,8.9496,31.0,1,0.2072,0.4636,1
LJ500_R070_C077,70,77,699750,9536250,0,4500,2019,4,2019-04,4,184.92,295.4,418.49,45.12,22.59,8.41,31.0,1,0.1602,0.413,1
LJ500_R070_C078,70,78,700250,9536250,500,4500,2019,4,2019-04,4,184.39,297.9,412.42,47.82,22.0,9.0,31.0,1,0.1508,0.39,1
LJ500_R070_C079,70,79,700750,9536250,1000,4500,2019,4,2019-04,4,184.39,297.9,412.42,47.82,22.0,9.0,31.0,1,0.1687,0.4202,1
LJ500_R070_C080,70,80,701250,9536250,1500,4500,2019,4,2019-04,4,184.39,297.9,412.42,47.82,22.0,9.0,31.0,1,0.1811,0.4412,1
LJ500_R070_C081,70,81,701750,9536250,2000,4500,2019,4,2019-04,4,184.39,297.9,412.42,47.82,22.0,9.0,31.0,1,0.2176,0.4745,1
LJ500_R070_C082,70,82,702250,9536250,2500,4500,2019,4,2019-04,4,184.39,297.9,412.42,47.82,22.0,9.0,31.0,1,0.2303,0.4862,1
LJ500_R070_C083,70,83,702750,9536250,3000,4500,2019,4,2019-04,4,184.39,297.9,412.42,47.82,22.0,9.0,31.0,1,0.2179,0.4749,1
LJ500_R070_C084,70,84,703250,9536250,3500,4500,2019,4,2019-04,4,184.39,297.9,412.42,47.82,22.0,9.0,31.0,1,0.2157,0.4728,1
LJ500_R070_C085,70,85,703750,9536250,4000,4500,2019,4,2019-04,4,184.39,297.9,412.42,47.82,22.0,9.0,31.0,1,0.2022,0.4587,1
LJ500_R070_C086,70,86,704250,9536250,4500,4500,2019,4,2019-04,4,184.39,297.9,412.42,47.82,22.0,9.0,31.0,1,0.2078,0.4643,1
LJ500_R061_C077,61,77,699750,9531750,0,0,2019,5,2019-05,5,103.47,307.59,428.83,37.32,21.57,8.4308,30.0,1,0.2106,0.4593,1
LJ500_R061_C078,61,78,700250,9531750,500,0,2019,5,2019-05,5,103.83,307.4,428.08,33.08,21.0,9.0,30.0,1,0.2137,0.47,1
LJ500_R061_C079,61,79,700750,9531750,1000,0,2019,5,2019-05,5,103.83,307.4,428.08,33.08,21.0,9.0,30.0,1,0.2148,0.4761,1
LJ500_R061_C080,61,80,701250,9531750,1500,0,2019,5,2019-05,5,103.83,307.4,428.08,33.08,21.0,9.0,30.0,1,0.2155,0.48,1
LJ500_R061_C081,61,81,701750,9531750,2000,0,2019,5,2019-05,5,103.83,307.4,428.08,33.08,21.0,9.0,30.0,1,0.2628,0.6069,1
LJ500_R061_C082,61,82,702250,9531750,2500,0,2019,5,2019-05,5,103.83,307.4,428.08,33.08,21.0,9.0,30.0,1,0.2781,0.6479,1
LJ500_R061_C083,61,83,702750,9531750,3000,0,2019,5,2019-05,5,103.83,307.4,428.08,33.08,21.0,9.0,30.0,1,0.3137,0.7378,1
LJ500_R061_C084,61,84,703250,9531750,3500,0,2019,5,2019-05,5,103.83,307.4,428.08,33.08,21.0,9.0,30.0,1,0.3154,0.7424,1
LJ500_R061_C085,61,85,703750,9531750,4000,0,2019,5,2019-05,5,103.83,307.4,428.08,33.08,21.0,9.0,30.0,1,0.28,0.659,1
LJ500_R061_C086,61,86,704250,9531750,4500,0,2019,5,2019-05,5,103.83,307.4,428.08,33.08,21.0,9.0,30.0,1,0.2713,0.6389,1
LJ500_R062_C077,62,77,699750,9532250,0,500,2019,5,2019-05,5,103.47,307.59,428.83,37.34,21.57,8.4285,30.0,1,0.2019,0.4392,1
LJ500_R062_C078,62,78,700250,9532250,500,500,2019,5,2019-05,5,103.83,307.4,428.08,33.08,21.0,9.0,30.0,1,0.205,0.45,1
LJ500_R062_C079,62,79,700750,9532250,1000,500,2019,5,2019-05,5,103.83,307.4,428.08,33.08,21.0,9.0,30.0,1,0.2093,0.4683,1
LJ500_R062_C080,62,80,701250,9532250,1500,500,2019,5,2019-05,5,103.83,307.4,428.08,33.08,21.0,9.0,30.0,1,0.212,0.48,1
LJ500_R062_C081,62,81,701750,9532250,2000,500,2019,5,2019-05,5,103.83,307.4,428.08,33.08,21.0,9.0,30.0,1,0.3521,0.8213,1
LJ500_R062_C082,62,82,702250,9532250,2500,500,2019,5,2019-05,5,103.83,307.4,428.08,33.08,21.0,9.0,30.0,1,0.3967,0.93,1
LJ500_R062_C083,62,83,702750,9532250,3000,500,2019,5,2019-05,5,103.83,307.4,428.08,33.08,21.0,9.0,30.0,1,0.4511,1.0662,1
LJ500_R062_C084,62,84,703250,9532250,3500,500,2019,5,2019-05,5,103.83,307.4,428.08,33.08,21.0,9.0,30.0,1,0.4541,1.0748,1
LJ500_R062_C085,62,85,703750,9532250,4000,500,2019,5,2019-05,5,103.83,307.4,428.08,33.08,21.0,9.0,30.0,1,0.4113,0.99,1
LJ500_R062_C086,62,86,704250,9532250,4500,500,2019,5,2019-05,5,103.83,307.4,428.08,33.08,21.0,9.0,30.0,1,0.3866,0.9341,1
LJ500_R063_C077,63,77,699750,9532750,0,1000,2019,5,2019-05,5,103.47,307.59,428.84,37.36,21.57,8.4261,30.0,1,0.1972,0.4271,1
LJ500_R063_C078,63,78,700250,9532750,500,1000,2019,5,2019-05,5,103.83,307.4,428.08,33.08,21.0,9.0,30.0,1,0.1986,0.4353,1
LJ500_R063_C079,63,79,700750,9532750,1000,1000,2019,5,2019-05,5,103.83,307.4,428.08,33.08,21.0,9.0,30.0,1,0.2047,0.4594,1
LJ500_R063_C080,63,80,701250,9532750,1500,1000,2019,5,2019-05,5,103.83,307.4,428.08,33.08,21.0,9.0,30.0,1,0.2087,0.475,1
LJ500_R063_C081,63,81,701750,9532750,2000,1000,2019,5,2019-05,5,103.83,307.4,428.08,33.08,21.0,9.0,30.0,1,0.3038,0.7135,1
LJ500_R063_C082,63,82,702250,9532750,2500,1000,2019,5,2019-05,5,103.83,307.4,428.08,33.08,21.0,9.0,30.0,1,0.3342,0.7898,1
LJ500_R063_C083,63,83,702750,9532750,3000,1000,2019,5,2019-05,5,103.83,307.4,428.08,33.08,21.0,9.0,30.0,1,0.4482,1.0479,1
LJ500_R063_C084,63,84,703250,9532750,3500,1000,2019,5,2019-05,5,103.83,307.4,428.08,33.08,21.0,9.0,30.0,1,0.4577,1.0703,1
LJ500_R063_C085,63,85,703750,9532750,4000,1000,2019,5,2019-05,5,103.83,307.4,428.08,33.08,21.0,9.0,30.0,1,0.414,0.99,1
LJ500_R063_C086,63,86,704250,9532750,4500,1000,2019,5,2019-05,5,103.83,307.4,428.08,33.08,21.0,9.0,30.0,1,0.4012,0.9598,1
LJ500_R064_C077,64,77,699750,9533250,0,1500,2019,5,2019-05,5,103.46,307.59,428.84,37.37,21.58,8.4238,30.0,1,0.1924,0.4145,1
LJ500_R064_C078,64,78,700250,9533250,500,1500,2019,5,2019-05,5,103.83,307.4,428.08,33.08,21.0,9.0,30.0,1,0.192,0.42,1
LJ500_R064_C079,64,79,700750,9533250,1000,1500,2019,5,2019-05,5,103.83,307.4,428.08,33.08,21.0,9.0,30.0,1,0.2001,0.4502,1
LJ500_R064_C080,64,80,701250,9533250,1500,1500,2019,5,2019-05,5,103.83,307.4,428.08,33.08,21.0,9.0,30.0,1,0.2053,0.47,1
LJ500_R064_C081,64,81,701750,9533250,2000,1500,2019,5,2019-05,5,103.83,307.4,428.08,33.08,21.0,9.0,30.0,1,0.2556,0.6057,1
LJ500_R064_C082,64,82,702250,9533250,2500,1500,2019,5,2019-05,5,103.83,307.4,428.08,33.08,21.0,9.0,30.0,1,0.272,0.65,1
LJ500_R064_C083,64,83,702750,9533250,3000,1500,2019,5,2019-05,5,103.83,307.4,428.08,33.08,21.0,9.0,30.0,1,0.4451,1.0293,1
LJ500_R064_C084,64,84,703250,9533250,3500,1500,2019,5,2019-05,5,103.83,307.4,428.08,33.08,21.0,9.0,30.0,1,0.4612,1.0658,1
LJ500_R064_C085,64,85,703750,9533250,4000,1500,2019,5,2019-05,5,103.83,307.4,428.08,33.08,21.0,9.0,30.0,1,0.4167,0.99,1
LJ500_R064_C086,64,86,704250,9533250,4500,1500,2019,5,2019-05,5,103.83,307.4,428.08,33.08,21.0,9.0,30.0,1,0.415,0.9839,1
LJ500_R065_C077,65,77,699750,9533750,0,2000,2019,5,2019-05,5,103.46,307.59,428.84,37.39,21.58,8.4215,30.0,1,0.1866,0.4051,1
LJ500_R065_C078,65,78,700250,9533750,500,2000,2019,5,2019-05,5,103.83,307.4,428.08,33.08,21.0,9.0,30.0,1,0.186,0.407,1
LJ500_R065_C079,65,79,700750,9533750,1000,2000,2019,5,2019-05,5,103.83,307.4,428.08,33.08,21.0,9.0,30.0,1,0.1911,0.4293,1
LJ500_R065_C080,65,80,701250,9533750,1500,2000,2019,5,2019-05,5,103.83,307.4,428.08,33.08,21.0,9.0,30.0,1,0.1945,0.4439,1
LJ500_R065_C081,65,81,701750,9533750,2000,2000,2019,5,2019-05,5,103.83,307.4,428.08,33.08,21.0,9.0,30.0,1,0.2163,0.5101,1
LJ500_R065_C082,65,82,702250,9533750,2500,2000,2019,5,2019-05,5,103.83,307.4,428.08,33.08,21.0,9.0,30.0,1,0.2233,0.5317,1
LJ500_R065_C083,65,83,702750,9533750,3000,2000,2019,5,2019-05,5,103.83,307.4,428.08,33.08,21.0,9.0,30.0,1,0.3457,0.8264,1
LJ500_R065_C084,65,84,703250,9533750,3500,2000,2019,5,2019-05,5,103.83,307.4,428.08,33.08,21.0,9.0,30.0,1,0.361,0.8637,1
LJ500_R065_C085,65,85,703750,9533750,4000,2000,2019,5,2019-05,5,103.83,307.4,428.08,33.08,21.0,9.0,30.0,1,0.4025,0.9701,1
LJ500_R065_C086,65,86,704250,9533750,4500,2000,2019,5,2019-05,5,103.83,307.4,428.08,33.08,21.0,9.0,30.0,1,0.4031,0.9667,1
LJ500_R066_C077,66,77,699750,9534250,0,2500,2019,5,2019-05,5,103.46,307.59,428.85,37.41,21.58,8.4192,30.0,1,0.1834,0.4,1
LJ500_R066_C078,66,78,700250,9534250,500,2500,2019,5,2019-05,5,103.83,307.4,428.08,33.08,21.0,9.0,30.0,1,0.1827,0.4,1
LJ500_R066_C079,66,79,700750,9534250,1000,2500,2019,5,2019-05,5,103.83,307.4,428.08,33.08,21.0,9.0,30.0,1,0.1863,0.418,1
LJ500_R066_C080,66,80,701250,9534250,1500,2500,2019,5,2019-05,5,103.83,307.4,428.08,33.08,21.0,9.0,30.0,1,0.1887,0.43,1
LJ500_R066_C081,66,81,701750,9534250,2000,2500,2019,5,2019-05,5,103.83,307.4,428.08,33.08,21.0,9.0,30.0,1,0.1957,0.46,1
LJ500_R066_C082,66,82,702250,9534250,2500,2500,2019,5,2019-05,5,103.83,307.4,428.08,33.08,21.0,9.0,30.0,1,0.198,0.47,1
LJ500_R066_C083,66,83,702750,9534250,3000,2500,2019,5,2019-05,5,103.83,307.4,428.08,33.08,21.0,9.0,30.0,1,0.2944,0.7216,1
LJ500_R066_C084,66,84,703250,9534250,3500,2500,2019,5,2019-05,5,103.83,307.4,428.08,33.08,21.0,9.0,30.0,1,0.3097,0.7601,1
LJ500_R066_C085,66,85,703750,9534250,4000,2500,2019,5,2019-05,5,103.83,307.4,428.08,33.08,21.0,9.0,30.0,1,0.3953,0.96,1
LJ500_R066_C086,66,86,704250,9534250,4500,2500,2019,5,2019-05,5,103.83,307.4,428.08,33.08,21.0,9.0,30.0,1,0.397,0.958,1
LJ500_R067_C077,67,77,699750,9534750,0,3000,2019,5,2019-05,5,103.46,307.59,428.85,37.43,21.58,8.4169,30.0,1,0.1824,0.4097,1
LJ500_R067_C078,67,78,700250,9534750,500,3000,2019,5,2019-05,5,103.83,307.4,428.08,33.08,21.0,9.0,30.0,1,0.1757,0.392,1
LJ500_R067_C079,67,79,700750,9534750,1000,3000,2019,5,2019-05,5,103.83,307.4,428.08,33.08,21.0,9.0,30.0,1,0.1776,0.405,1
LJ500_R067_C080,67,80,701250,9534750,1500,3000,2019,5,2019-05,5,103.83,307.4,428.08,33.08,21.0,9.0,30.0,1,0.179,0.4138,1
LJ500_R067_C081,67,81,701750,9534750,2000,3000,2019,5,2019-05,5,103.83,307.4,428.08,33.08,21.0,9.0,30.0,1,0.1869,0.4315,1
LJ500_R067_C082,67,82,702250,9534750,2500,3000,2019,5,2019-05,5,103.83,307.4,428.08,33.08,21.0,9.0,30.0,1,0.1896,0.4374,1
LJ500_R067_C083,67,83,702750,9534750,3000,3000,2019,5,2019-05,5,103.83,307.4,428.08,33.08,21.0,9.0,30.0,1,0.2072,0.4907,1
LJ500_R067_C084,67,84,703250,9534750,3500,3000,2019,5,2019-05,5,103.83,307.4,428.08,33.08,21.0,9.0,30.0,1,0.2123,0.5057,1
LJ500_R067_C085,67,85,703750,9534750,4000,3000,2019,5,2019-05,5,103.83,307.4,428.08,33.08,21.0,9.0,30.0,1,0.2817,0.7054,1
LJ500_R067_C086,67,86,704250,9534750,4500,3000,2019,5,2019-05,5,103.83,307.4,428.08,33.08,21.0,9.0,30.0,1,0.3068,0.7606,1
LJ500_R068_C077,68,77,699750,9535250,0,3500,2019,5,2019-05,5,103.46,307.59,428.85,37.44,21.59,8.4146,30.0,1,0.1821,0.4122,1
LJ500_R068_C078,68,78,700250,9535250,500,3500,2019,5,2019-05,5,103.83,307.4,428.08,33.08,21.0,9.0,30.0,1,0.174,0.39,1
LJ500_R068_C079,68,79,700750,9535250,1000,3500,2019,5,2019-05,5,103.83,307.4,428.08,33.08,21.0,9.0,30.0,1,0.1756,0.4019,1
LJ500_R068_C080,68,80,701250,9535250,1500,3500,2019,5,2019-05,5,103.83,307.4,428.08,33.08,21.0,9.0,30.0,1,0.1767,0.41,1
LJ500_R068_C081,68,81,701750,9535250,2000,3500,2019,5,2019-05,5,103.83,307.4,428.08,33.08,21.0,9.0,30.0,1,0.1849,0.4249,1
LJ500_R068_C082,68,82,702250,9535250,2500,3500,2019,5,2019-05,5,103.83,307.4,428.08,33.08,21.0,9.0,30.0,1,0.1877,0.43,1
LJ500_R068_C083,68,83,702750,9535250,3000,3500,2019,5,2019-05,5,103.83,307.4,428.08,33.08,21.0,9.0,30.0,1,0.1877,0.4389,1
LJ500_R068_C084,68,84,703250,9535250,3500,3500,2019,5,2019-05,5,103.83,307.4,428.08,33.08,21.0,9.0,30.0,1,0.1907,0.4491,1
LJ500_R068_C085,68,85,703750,9535250,4000,3500,2019,5,2019-05,5,103.83,307.4,428.08,33.08,21.0,9.0,30.0,1,0.257,0.65,1
LJ500_R068_C086,68,86,704250,9535250,4500,3500,2019,5,2019-05,5,103.83,307.4,428.08,33.08,21.0,9.0,30.0,1,0.2871,0.7174,1
LJ500_R069_C077,69,77,699750,9535750,0,4000,2019,5,2019-05,5,98.14,284.43,395.69,33.65,21.59,8.4123,30.0,1,0.1709,0.3877,1
LJ500_R069_C078,69,78,700250,9535750,500,4000,2019,5,2019-05,5,101.81,287.53,401.53,27.13,21.0,9.0,30.0,1,0.1666,0.3708,1
LJ500_R069_C079,69,79,700750,9535750,1000,4000,2019,5,2019-05,5,101.81,287.48,401.46,27.12,21.0,9.0,30.0,1,0.1724,0.394,1
LJ500_R069_C080,69,80,701250,9535750,1500,4000,2019,5,2019-05,5,101.8,287.43,401.4,27.11,21.0,9.0,30.0,1,0.1763,0.41,1
LJ500_R069_C081,69,81,701750,9535750,2000,4000,2019,5,2019-05,5,101.8,287.38,401.33,27.09,21.0,9.0,30.0,1,0.1919,0.468,1
LJ500_R069_C082,69,82,702250,9535750,2500,4000,2019,5,2019-05,5,101.79,287.33,401.26,27.08,21.0,9.0,30.0,1,0.1974,0.4883,1
LJ500_R069_C083,69,83,702750,9535750,3000,4000,2019,5,2019-05,5,101.79,287.28,401.2,27.06,21.0,9.0,30.0,1,0.1893,0.4626,1
LJ500_R069_C084,69,84,703250,9535750,3500,4000,2019,5,2019-05,5,101.78,287.23,401.13,27.05,21.0,9.0,30.0,1,0.188,0.4581,1
LJ500_R069_C085,69,85,703750,9535750,4000,4000,2019,5,2019-05,5,101.78,287.18,401.06,27.03,21.0,9.0,30.0,1,0.1814,0.425,1
LJ500_R069_C086,69,86,704250,9535750,4500,4000,2019,5,2019-05,5,101.77,287.13,401.0,27.02,21.0,9.0,30.0,1,0.1816,0.4276,1
LJ500_R070_C077,70,77,699750,9536250,0,4500,2019,5,2019-05,5,97.72,282.64,393.11,33.38,21.59,8.41,30.0,1,0.1699,0.3863,1
LJ500_R070_C078,70,78,700250,9536250,500,4500,2019,5,2019-05,5,101.66,286.05,399.56,26.69,21.0,9.0,30.0,1,0.1654,0.3688,1
LJ500_R070_C079,70,79,700750,9536250,1000,4500,2019,5,2019-05,5,101.66,286.05,399.56,26.69,21.0,9.0,30.0,1,0.1718,0.3931,1
LJ500_R070_C080,70,80,701250,9536250,1500,4500,2019,5,2019-05,5,101.66,286.05,399.56,26.69,21.0,9.0,30.0,1,0.1762,0.41,1
LJ500_R070_C081,70,81,701750,9536250,2000,4500,2019,5,2019-05,5,101.66,286.05,399.56,26.69,21.0,9.0,30.0,1,0.19,0.4617,1
LJ500_R070_C082,70,82,702250,9536250,2500,4500,2019,5,2019-05,5,101.66,286.05,399.56,26.69,21.0,9.0,30.0,1,0.1949,0.4798,1
LJ500_R070_C083,70,83,702750,9536250,3000,4500,2019,5,2019-05,5,101.66,286.05,399.56,26.69,21.0,9.0,30.0,1,0.187,0.4541,1
LJ500_R070_C084,70,84,703250,9536250,3500,4500,2019,5,2019-05,5,101.66,286.05,399.56,26.69,21.0,9.0,30.0,1,0.1857,0.4495,1
LJ500_R070_C085,70,85,703750,9536250,4000,4500,2019,5,2019-05,5,101.66,286.05,399.56,26.69,21.0,9.0,30.0,1,0.1788,0.4187,1
LJ500_R070_C086,70,86,704250,9536250,4500,4500,2019,5,2019-05,5,101.66,286.05,399.56,26.69,21.0,9.0,30.0,1,0.1816,0.4288,1
LJ500_R061_C077,61,77,699750,9531750,0,0,2019,6,2019-06,6,19.87,123.34,327.46,12.33,29.0,2.0,31.0,1,0.2727,0.5329,1
LJ500_R061_C078,61,78,700250,9531750,500,0,2019,6,2019-06,6,22.28,126.11,329.68,13.0,29.0,2.0,31.0,1,0.2795,0.54,1
LJ500_R061_C079,61,79,700750,9531750,1000,0,2019,6,2019-06,6,22.28,126.11,329.68,13.0,29.0,2.0,31.0,1,0.2839,0.5338,1
LJ500_R061_C080,61,80,701250,9531750,1500,0,2019,6,2019-06,6,22.28,126.11,329.68,13.0,29.0,2.0,31.0,1,0.2868,0.5298,1
LJ500_R061_C081,61,81,701750,9531750,2000,0,2019,6,2019-06,6,22.28,126.11,329.68,13.0,29.0,2.0,31.0,1,0.3389,0.6954,1
LJ500_R061_C082,61,82,702250,9531750,2500,0,2019,6,2019-06,6,22.28,126.11,329.68,13.0,29.0,2.0,31.0,1,0.3557,0.7488,1
LJ500_R061_C083,61,83,702750,9531750,3000,0,2019,6,2019-06,6,22.28,126.11,329.68,13.0,29.0,2.0,31.0,1,0.3833,0.861,1
LJ500_R061_C084,61,84,703250,9531750,3500,0,2019,6,2019-06,6,22.28,126.11,329.68,13.0,29.0,2.0,31.0,1,0.3844,0.8675,1
LJ500_R061_C085,61,85,703750,9531750,4000,0,2019,6,2019-06,6,22.28,126.11,329.68,13.0,29.0,2.0,31.0,1,0.3531,0.7741,1
LJ500_R061_C086,61,86,704250,9531750,4500,0,2019,6,2019-06,6,22.28,126.11,329.68,13.0,29.0,2.0,31.0,1,0.345,0.7467,1
LJ500_R062_C077,62,77,699750,9532250,0,500,2019,6,2019-06,6,19.86,123.33,327.45,12.33,29.0,2.0,31.0,1,0.2597,0.5092,1
LJ500_R062_C078,62,78,700250,9532250,500,500,2019,6,2019-06,6,22.28,126.11,329.68,13.0,29.0,2.0,31.0,1,0.2665,0.52,1
LJ500_R062_C079,62,79,700750,9532250,1000,500,2019,6,2019-06,6,22.28,126.11,329.68,13.0,29.0,2.0,31.0,1,0.2792,0.5139,1
LJ500_R062_C080,62,80,701250,9532250,1500,500,2019,6,2019-06,6,22.28,126.11,329.68,13.0,29.0,2.0,31.0,1,0.2874,0.51,1
LJ500_R062_C081,62,81,701750,9532250,2000,500,2019,6,2019-06,6,22.28,126.11,329.68,13.0,29.0,2.0,31.0,1,0.4264,0.9499,1
LJ500_R062_C082,62,82,702250,9532250,2500,500,2019,6,2019-06,6,22.28,126.11,329.68,13.0,29.0,2.0,31.0,1,0.4706,1.09,1
LJ500_R062_C083,62,83,702750,9532250,3000,500,2019,6,2019-06,6,22.28,126.11,329.68,13.0,29.0,2.0,31.0,1,0.507,1.2897,1
LJ500_R062_C084,62,84,703250,9532250,3500,500,2019,6,2019-06,6,22.28,126.11,329.68,13.0,29.0,2.0,31.0,1,0.5086,1.302,1
LJ500_R062_C085,62,85,703750,9532250,4000,500,2019,6,2019-06,6,22.28,126.11,329.68,13.0,29.0,2.0,31.0,1,0.4745,1.17,1
LJ500_R062_C086,62,86,704250,9532250,4500,500,2019,6,2019-06,6,22.28,126.11,329.68,13.0,29.0,2.0,31.0,1,0.4522,1.0893,1
LJ500_R063_C077,63,77,699750,9532750,0,1000,2019,6,2019-06,6,19.85,123.32,327.44,12.33,29.0,2.0,31.0,1,0.2501,0.4896,1
LJ500_R063_C078,63,78,700250,9532750,500,1000,2019,6,2019-06,6,22.28,126.11,329.68,13.0,29.0,2.0,31.0,1,0.2565,0.5003,1
LJ500_R063_C079,63,79,700750,9532750,1000,1000,2019,6,2019-06,6,22.28,126.11,329.68,13.0,29.0,2.0,31.0,1,0.2724,0.5062,1
LJ500_R063_C080,63,80,701250,9532750,1500,1000,2019,6,2019-06,6,22.28,126.11,329.68,13.0,29.0,2.0,31.0,1,0.2828,0.51,1
LJ500_R063_C081,63,81,701750,9532750,2000,1000,2019,6,2019-06,6,22.28,126.11,329.68,13.0,29.0,2.0,31.0,1,0.3796,0.8016,1
LJ500_R063_C082,63,82,702250,9532750,2500,1000,2019,6,2019-06,6,22.28,126.11,329.68,13.0,29.0,2.0,31.0,1,0.4106,0.8947,1
LJ500_R063_C083,63,83,702750,9532750,3000,1000,2019,6,2019-06,6,22.28,126.11,329.68,13.0,29.0,2.0,31.0,1,0.4854,1.3116,1
LJ500_R063_C084,63,84,703250,9532750,3500,1000,2019,6,2019-06,6,22.28,126.11,329.68,13.0,29.0,2.0,31.0,1,0.4923,1.3514,1
LJ500_R063_C085,63,85,703750,9532750,4000,1000,2019,6,2019-06,6,22.28,126.11,329.68,13.0,29.0,2.0,31.0,1,0.4773,1.2817,1
LJ500_R063_C086,63,86,704250,9532750,4500,1000,2019,6,2019-06,6,22.28,126.11,329.68,13.0,29.0,2.0,31.0,1,0.4689,1.2431,1
LJ500_R064_C077,64,77,699750,9533250,0,1500,2019,6,2019-06,6,19.84,123.3,327.43,12.32,29.0,2.0,31.0,1,0.2401,0.4691,1
LJ500_R064_C078,64,78,700250,9533250,500,1500,2019,6,2019-06,6,22.28,126.11,329.68,13.0,29.0,2.0,31.0,1,0.2461,0.48,1
LJ500_R064_C079,64,79,700750,9533250,1000,1500,2019,6,2019-06,6,22.28,126.11,329.68,13.0,29.0,2.0,31.0,1,0.2654,0.4981,1
LJ500_R064_C080,64,80,701250,9533250,1500,1500,2019,6,2019-06,6,22.28,126.11,329.68,13.0,29.0,2.0,31.0,1,0.2781,0.51,1
LJ500_R064_C081,64,81,701750,9533250,2000,1500,2019,6,2019-06,6,22.28,126.11,329.68,13.0,29.0,2.0,31.0,1,0.3328,0.6532,1
LJ500_R064_C082,64,82,702250,9533250,2500,1500,2019,6,2019-06,6,22.28,126.11,329.68,13.0,29.0,2.0,31.0,1,0.3506,0.7,1
LJ500_R064_C083,64,83,702750,9533250,3000,1500,2019,6,2019-06,6,22.28,126.11,329.68,13.0,29.0,2.0,31.0,1,0.464,1.3322,1
LJ500_R064_C084,64,84,703250,9533250,3500,1500,2019,6,2019-06,6,22.28,126.11,329.68,13.0,29.0,2.0,31.0,1,0.4763,1.3995,1
LJ500_R064_C085,64,85,703750,9533250,4000,1500,2019,6,2019-06,6,22.28,126.11,329.68,13.0,29.0,2.0,31.0,1,0.48,1.39,1
LJ500_R064_C086,64,86,704250,9533250,4500,1500,2019,6,2019-06,6,22.28,126.11,329.68,13.0,29.0,2.0,31.0,1,0.4848,1.39,1
LJ500_R065_C077,65,77,699750,9533750,0,2000,2019,6,2019-06,6,19.83,123.29,327.42,12.32,29.0,2.0,31.0,1,0.2333,0.4574,1
LJ500_R065_C078,65,78,700250,9533750,500,2000,2019,6,2019-06,6,22.28,126.11,329.68,13.0,29.0,2.0,31.0,1,0.2325,0.4541,1
LJ500_R065_C079,65,79,700750,9533750,1000,2000,2019,6,2019-06,6,22.28,126.11,329.68,13.0,29.0,2.0,31.0,1,0.2481,0.472,1
LJ500_R065_C080,65,80,701250,9533750,1500,2000,2019,6,2019-06,6,22.28,126.11,329.68,13.0,29.0,2.0,31.0,1,0.2583,0.4839,1
LJ500_R065_C081,65,81,701750,9533750,2000,2000,2019,6,2019-06,6,22.28,126.11,329.68,13.0,29.0,2.0,31.0,1,0.2899,0.5724,1
LJ500_R065_C082,65,82,702250,9533750,2500,2000,2019,6,2019-06,6,22.28,126.11,329.68,13.0,29.0,2.0,31.0,1,0.3002,0.6014,1
LJ500_R065_C083,65,83,702750,9533750,3000,2000,2019,6,2019-06,6,22.28,126.11,329.68,13.0,29.0,2.0,31.0,1,0.4021,0.9761,1
LJ500_R065_C084,65,84,703250,9533750,3500,2000,2019,6,2019-06,6,22.28,126.11,329.68,13.0,29.0,2.0,31.0,1,0.4156,1.0257,1
LJ500_R065_C085,65,85,703750,9533750,4000,2000,2019,6,2019-06,6,22.28,126.11,329.68,13.0,29.0,2.0,31.0,1,0.4618,1.2106,1
LJ500_R065_C086,65,86,704250,9533750,4500,2000,2019,6,2019-06,6,22.28,126.11,329.68,13.0,29.0,2.0,31.0,1,0.4629,1.2379,1
LJ500_R066_C077,66,77,699750,9534250,0,2500,2019,6,2019-06,6,19.82,123.28,327.41,12.32,29.0,2.0,31.0,1,0.2296,0.451,1
LJ500_R066_C078,66,78,700250,9534250,500,2500,2019,6,2019-06,6,22.28,126.11,329.68,13.0,29.0,2.0,31.0,1,0.2252,0.44,1
LJ500_R066_C079,66,79,700750,9534250,1000,2500,2019,6,2019-06,6,22.28,126.11,329.68,13.0,29.0,2.0,31.0,1,0.2387,0.458,1
LJ500_R066_C080,66,80,701250,9534250,1500,2500,2019,6,2019-06,6,22.28,126.11,329.68,13.0,29.0,2.0,31.0,1,0.2477,0.47,1
LJ500_R066_C081,66,81,701750,9534250,2000,2500,2019,6,2019-06,6,22.28,126.11,329.68,13.0,29.0,2.0,31.0,1,0.2673,0.5299,1
LJ500_R066_C082,66,82,702250,9534250,2500,2500,2019,6,2019-06,6,22.28,126.11,329.68,13.0,29.0,2.0,31.0,1,0.2739,0.55,1
LJ500_R066_C083,66,83,702750,9534250,3000,2500,2019,6,2019-06,6,22.28,126.11,329.68,13.0,29.0,2.0,31.0,1,0.3701,0.7926,1
LJ500_R066_C084,66,84,703250,9534250,3500,2500,2019,6,2019-06,6,22.28,126.11,329.68,13.0,29.0,2.0,31.0,1,0.3844,0.8344,1
LJ500_R066_C085,66,85,703750,9534250,4000,2500,2019,6,2019-06,6,22.28,126.11,329.68,13.0,29.0,2.0,31.0,1,0.4526,1.12,1
LJ500_R066_C086,66,86,704250,9534250,4500,2500,2019,6,2019-06,6,22.28,126.11,329.68,13.0,29.0,2.0,31.0,1,0.4521,1.1615,1
LJ500_R067_C077,67,77,699750,9534750,0,3000,2019,6,2019-06,6,19.81,123.27,327.4,12.32,29.0,2.0,31.0,1,0.2376,0.4607,1
LJ500_R067_C078,67,78,700250,9534750,500,3000,2019,6,2019-06,6,22.28,126.11,329.68,13.0,29.0,2.0,31.0,1,0.2207,0.432,1
LJ500_R067_C079,67,79,700750,9534750,1000,3000,2019,6,2019-06,6,22.28,126.11,329.68,13.0,29.0,2.0,31.0,1,0.2306,0.4498,1
LJ500_R067_C080,67,80,701250,9534750,1500,3000,2019,6,2019-06,6,22.28,126.11,329.68,13.0,29.0,2.0,31.0,1,0.2373,0.4619,1
LJ500_R067_C081,67,81,701750,9534750,2000,3000,2019,6,2019-06,6,22.28,126.11,329.68,13.0,29.0,2.0,31.0,1,0.2525,0.4852,1
LJ500_R067_C082,67,82,702250,9534750,2500,3000,2019,6,2019-06,6,22.28,126.11,329.68,13.0,29.0,2.0,31.0,1,0.2576,0.493,1
LJ500_R067_C083,67,83,702750,9534750,3000,3000,2019,6,2019-06,6,22.28,126.11,329.68,13.0,29.0,2.0,31.0,1,0.2782,0.5519,1
LJ500_R067_C084,67,84,703250,9534750,3500,3000,2019,6,2019-06,6,22.28,126.11,329.68,13.0,29.0,2.0,31.0,1,0.2837,0.5686,1
LJ500_R067_C085,67,85,703750,9534750,4000,3000,2019,6,2019-06,6,22.28,126.11,329.68,13.0,29.0,2.0,31.0,1,0.3535,0.7915,1
LJ500_R067_C086,67,86,704250,9534750,4500,3000,2019,6,2019-06,6,22.28,126.11,329.68,13.0,29.0,2.0,31.0,1,0.3717,0.8749,1
LJ500_R068_C077,68,77,699750,9535250,0,3500,2019,6,2019-06,6,19.8,123.26,327.4,12.31,29.0,2.0,31.0,1,0.2397,0.4633,1
LJ500_R068_C078,68,78,700250,9535250,500,3500,2019,6,2019-06,6,22.28,126.11,329.68,13.0,29.0,2.0,31.0,1,0.2197,0.43,1
LJ500_R068_C079,68,79,700750,9535250,1000,3500,2019,6,2019-06,6,22.28,126.11,329.68,13.0,29.0,2.0,31.0,1,0.2287,0.4478,1
LJ500_R068_C080,68,80,701250,9535250,1500,3500,2019,6,2019-06,6,22.28,126.11,329.68,13.0,29.0,2.0,31.0,1,0.2348,0.46,1
LJ500_R068_C081,68,81,701750,9535250,2000,3500,2019,6,2019-06,6,22.28,126.11,329.68,13.0,29.0,2.0,31.0,1,0.249,0.4749,1
LJ500_R068_C082,68,82,702250,9535250,2500,3500,2019,6,2019-06,6,22.28,126.11,329.68,13.0,29.0,2.0,31.0,1,0.2539,0.48,1
LJ500_R068_C083,68,83,702750,9535250,3000,3500,2019,6,2019-06,6,22.28,126.11,329.68,13.0,29.0,2.0,31.0,1,0.2576,0.4979,1
LJ500_R068_C084,68,84,703250,9535250,3500,3500,2019,6,2019-06,6,22.28,126.11,329.68,13.0,29.0,2.0,31.0,1,0.2613,0.5095,1
LJ500_R068_C085,68,85,703750,9535250,4000,3500,2019,6,2019-06,6,22.28,126.11,329.68,13.0,29.0,2.0,31.0,1,0.3319,0.72,1
LJ500_R068_C086,68,86,704250,9535250,4500,3500,2019,6,2019-06,6,22.28,126.11,329.68,13.0,29.0,2.0,31.0,1,0.3542,0.8125,1
LJ500_R069_C077,69,77,699750,9535750,0,4000,2019,6,2019-06,6,16.65,114.79,301.08,8.6787,28.62,2.3831,31.0,1,0.2241,0.4431,1
LJ500_R069_C078,69,78,700250,9535750,500,4000,2019,6,2019-06,6,20.9,122.71,308.42,10.89,28.07,2.931,31.0,1,0.2122,0.4204,1
LJ500_R069_C079,69,79,700750,9535750,1000,4000,2019,6,2019-06,6,20.89,122.7,308.37,10.89,28.07,2.9333,31.0,1,0.2275,0.4496,1
LJ500_R069_C080,69,80,701250,9535750,1500,4000,2019,6,2019-06,6,20.89,122.69,308.32,10.88,28.06,2.9356,31.0,1,0.238,0.4697,1
LJ500_R069_C081,69,81,701750,9535750,2000,4000,2019,6,2019-06,6,20.89,122.68,308.26,10.87,28.06,2.9379,31.0,1,0.2637,0.5492,1
LJ500_R069_C082,69,82,702250,9535750,2500,4000,2019,6,2019-06,6,20.88,122.67,308.21,10.87,28.06,2.9403,31.0,1,0.2727,0.5771,1
LJ500_R069_C083,69,83,702750,9535750,3000,4000,2019,6,2019-06,6,20.88,122.67,308.16,10.86,28.06,2.9426,31.0,1,0.2616,0.5605,1
LJ500_R069_C084,69,84,703250,9535750,3500,4000,2019,6,2019-06,6,20.88,122.66,308.1,10.86,28.06,2.9449,31.0,1,0.2598,0.5564,1
LJ500_R069_C085,69,85,703750,9535750,4000,4000,2019,6,2019-06,6,20.87,122.65,308.05,10.85,28.05,2.9473,31.0,1,0.249,0.5048,1
LJ500_R069_C086,69,86,704250,9535750,4500,4000,2019,6,2019-06,6,20.87,122.64,308.0,10.85,28.05,2.9496,31.0,1,0.249,0.5116,1
LJ500_R070_C077,70,77,699750,9536250,0,4500,2019,6,2019-06,6,16.39,114.11,299.03,8.39,28.59,2.41,31.0,1,0.2234,0.4442,1
LJ500_R070_C078,70,78,700250,9536250,500,4500,2019,6,2019-06,6,20.79,122.46,306.85,10.73,28.0,3.0,31.0,1,0.2114,0.4212,1
LJ500_R070_C079,70,79,700750,9536250,1000,4500,2019,6,2019-06,6,20.79,122.46,306.85,10.73,28.0,3.0,31.0,1,0.2273,0.4507,1
LJ500_R070_C080,70,80,701250,9536250,1500,4500,2019,6,2019-06,6,20.79,122.46,306.85,10.73,28.0,3.0,31.0,1,0.2384,0.4712,1
LJ500_R070_C081,70,81,701750,9536250,2000,4500,2019,6,2019-06,6,20.79,122.46,306.85,10.73,28.0,3.0,31.0,1,0.2612,0.5415,1
LJ500_R070_C082,70,82,702250,9536250,2500,4500,2019,6,2019-06,6,20.79,122.46,306.85,10.73,28.0,3.0,31.0,1,0.2692,0.5659,1
LJ500_R070_C083,70,83,702750,9536250,3000,4500,2019,6,2019-06,6,20.79,122.46,306.85,10.73,28.0,3.0,31.0,1,0.2576,0.5479,1
LJ500_R070_C084,70,84,703250,9536250,3500,4500,2019,6,2019-06,6,20.79,122.46,306.85,10.73,28.0,3.0,31.0,1,0.2557,0.5436,1
LJ500_R070_C085,70,85,703750,9536250,4000,4500,2019,6,2019-06,6,20.79,122.46,306.85,10.73,28.0,3.0,31.0,1,0.2457,0.4973,1
LJ500_R070_C086,70,86,704250,9536250,4500,4500,2019,6,2019-06,6,20.79,122.46,306.85,10.73,28.0,3.0,31.0,1,0.2485,0.5104,1
LJ500_R061_C077,61,77,699750,9531750,0,0,2019,7,2019-07,7,13.57,33.44,136.91,7.9333,27.14,2.8616,30.0,1,0.4401,0.8472,1
LJ500_R061_C078,61,78,700250,9531750,500,0,2019,7,2019-07,7,15.99,38.27,142.1,9.2571,26.0,4.0,30.0,1,0.4457,0.8633,1
LJ500_R061_C079,61,79,700750,9531750,1000,0,2019,7,2019-07,7,15.99,38.27,142.1,9.2571,26.0,4.0,30.0,1,0.4443,0.8693,1
LJ500_R061_C080,61,80,701250,9531750,1500,0,2019,7,2019-07,7,15.99,38.27,142.1,9.2571,26.0,4.0,30.0,1,0.4434,0.8732,1
LJ500_R061_C081,61,81,701750,9531750,2000,0,2019,7,2019-07,7,15.99,38.27,142.1,9.2571,26.0,4.0,30.0,1,0.5007,1.0609,1
LJ500_R061_C082,61,82,702250,9531750,2500,0,2019,7,2019-07,7,15.99,38.27,142.1,9.2571,26.0,4.0,30.0,1,0.5196,1.122,1
LJ500_R061_C083,61,83,702750,9531750,3000,0,2019,7,2019-07,7,15.99,38.27,142.1,9.2571,26.0,4.0,30.0,1,0.5949,1.294,1
LJ500_R061_C084,61,84,703250,9531750,3500,0,2019,7,2019-07,7,15.99,38.27,142.1,9.2571,26.0,4.0,30.0,1,0.5989,1.303,1
LJ500_R061_C085,61,85,703750,9531750,4000,0,2019,7,2019-07,7,15.99,38.27,142.1,9.2571,26.0,4.0,30.0,1,0.5287,1.1404,1
LJ500_R061_C086,61,86,704250,9531750,4500,0,2019,7,2019-07,7,15.99,38.27,142.1,9.2571,26.0,4.0,30.0,1,0.5095,1.0978,1
LJ500_R062_C077,62,77,699750,9532250,0,500,2019,7,2019-07,7,13.56,33.42,136.89,7.9279,27.14,2.8569,30.0,1,0.4236,0.8138,1
LJ500_R062_C078,62,78,700250,9532250,500,500,2019,7,2019-07,7,15.99,38.27,142.1,9.2571,26.0,4.0,30.0,1,0.4293,0.83,1
LJ500_R062_C079,62,79,700750,9532250,1000,500,2019,7,2019-07,7,15.99,38.27,142.1,9.2571,26.0,4.0,30.0,1,0.4281,0.8483,1
LJ500_R062_C080,62,80,701250,9532250,1500,500,2019,7,2019-07,7,15.99,38.27,142.1,9.2571,26.0,4.0,30.0,1,0.4273,0.86,1
LJ500_R062_C081,62,81,701750,9532250,2000,500,2019,7,2019-07,7,15.99,38.27,142.1,9.2571,26.0,4.0,30.0,1,0.6708,1.4667,1
LJ500_R062_C082,62,82,702250,9532250,2500,500,2019,7,2019-07,7,15.99,38.27,142.1,9.2571,26.0,4.0,30.0,1,0.7483,1.66,1
LJ500_R062_C083,62,83,702750,9532250,3000,500,2019,7,2019-07,7,15.99,38.27,142.1,9.2571,26.0,4.0,30.0,1,0.9093,1.9959,1
LJ500_R062_C084,62,84,703250,9532250,3500,500,2019,7,2019-07,7,15.99,38.27,142.1,9.2571,26.0,4.0,30.0,1,0.9179,2.0151,1
LJ500_R062_C085,62,85,703750,9532250,4000,500,2019,7,2019-07,7,15.99,38.27,142.1,9.2571,26.0,4.0,30.0,1,0.7907,1.77,1
LJ500_R062_C086,62,86,704250,9532250,4500,500,2019,7,2019-07,7,15.99,38.27,142.1,9.2571,26.0,4.0,30.0,1,0.7349,1.6479,1
LJ500_R063_C077,63,77,699750,9532750,0,1000,2019,7,2019-07,7,13.55,33.4,136.86,7.9226,27.15,2.8523,30.0,1,0.4132,0.7999,1
LJ500_R063_C078,63,78,700250,9532750,500,1000,2019,7,2019-07,7,15.99,38.27,142.1,9.2571,26.0,4.0,30.0,1,0.4164,0.8054,1
LJ500_R063_C079,63,79,700750,9532750,1000,1000,2019,7,2019-07,7,15.99,38.27,142.1,9.2571,26.0,4.0,30.0,1,0.4214,0.8355,1
LJ500_R063_C080,63,80,701250,9532750,1500,1000,2019,7,2019-07,7,15.99,38.27,142.1,9.2571,26.0,4.0,30.0,1,0.4247,0.855,1
LJ500_R063_C081,63,81,701750,9532750,2000,1000,2019,7,2019-07,7,15.99,38.27,142.1,9.2571,26.0,4.0,30.0,1,0.5692,1.2489,1
LJ500_R063_C082,63,82,702250,9532750,2500,1000,2019,7,2019-07,7,15.99,38.27,142.1,9.2571,26.0,4.0,30.0,1,0.6152,1.3746,1
LJ500_R063_C083,63,83,702750,9532750,3000,1000,2019,7,2019-07,7,15.99,38.27,142.1,9.2571,26.0,4.0,30.0,1,0.9745,2.1272,1
LJ500_R063_C084,63,84,703250,9532750,3500,1000,2019,7,2019-07,7,15.99,38.27,142.1,9.2571,26.0,4.0,30.0,1,1.0103,2.2179,1
LJ500_R063_C085,63,85,703750,9532750,4000,1000,2019,7,2019-07,7,15.99,38.27,142.1,9.2571,26.0,4.0,30.0,1,0.9731,2.4148,1
LJ500_R063_C086,63,86,704250,9532750,4500,1000,2019,7,2019-07,7,15.99,38.27,142.1,9.2571,26.0,4.0,30.0,1,0.948,2.3764,1
LJ500_R064_C077,64,77,699750,9533250,0,1500,2019,7,2019-07,7,13.54,33.38,136.84,7.9172,27.15,2.8477,30.0,1,0.4025,0.7855,1
LJ500_R064_C078,64,78,700250,9533250,500,1500,2019,7,2019-07,7,15.99,38.27,142.1,9.2571,26.0,4.0,30.0,1,0.403,0.78,1
LJ500_R064_C079,64,79,700750,9533250,1000,1500,2019,7,2019-07,7,15.99,38.27,142.1,9.2571,26.0,4.0,30.0,1,0.4145,0.8223,1
LJ500_R064_C080,64,80,701250,9533250,1500,1500,2019,7,2019-07,7,15.99,38.27,142.1,9.2571,26.0,4.0,30.0,1,0.422,0.85,1
LJ500_R064_C081,64,81,701750,9533250,2000,1500,2019,7,2019-07,7,15.99,38.27,142.1,9.2571,26.0,4.0,30.0,1,0.4675,1.0309,1
LJ500_R064_C082,64,82,702250,9533250,2500,1500,2019,7,2019-07,7,15.99,38.27,142.1,9.2571,26.0,4.0,30.0,1,0.4823,1.09,1
LJ500_R064_C083,64,83,702750,9533250,3000,1500,2019,7,2019-07,7,15.99,38.27,142.1,9.2571,26.0,4.0,30.0,1,1.0381,2.2551,1
LJ500_R064_C084,64,84,703250,9533250,3500,1500,2019,7,2019-07,7,15.99,38.27,142.1,9.2571,26.0,4.0,30.0,1,1.1004,2.4148,1
LJ500_R064_C085,64,85,703750,9533250,4000,1500,2019,7,2019-07,7,15.99,38.27,142.1,9.2571,26.0,4.0,30.0,1,1.15,3.04,1
LJ500_R064_C086,64,86,704250,9533250,4500,1500,2019,7,2019-07,7,15.99,38.27,142.1,9.2571,26.0,4.0,30.0,1,1.152,3.0744,1
LJ500_R065_C077,65,77,699750,9533750,0,2000,2019,7,2019-07,7,13.53,33.36,136.82,7.9118,27.16,2.843,30.0,1,0.3917,0.7661,1
LJ500_R065_C078,65,78,700250,9533750,500,2000,2019,7,2019-07,7,15.99,38.27,142.1,9.2571,26.0,4.0,30.0,1,0.39,0.7606,1
LJ500_R065_C079,65,79,700750,9533750,1000,2000,2019,7,2019-07,7,15.99,38.27,142.1,9.2571,26.0,4.0,30.0,1,0.3992,0.787,1
LJ500_R065_C080,65,80,701250,9533750,1500,2000,2019,7,2019-07,7,15.99,38.27,142.1,9.2571,26.0,4.0,30.0,1,0.4052,0.8043,1
LJ500_R065_C081,65,81,701750,9533750,2000,2000,2019,7,2019-07,7,15.99,38.27,142.1,9.2571,26.0,4.0,30.0,1,0.4041,0.8762,1
LJ500_R065_C082,65,82,702250,9533750,2500,2000,2019,7,2019-07,7,15.99,38.27,142.1,9.2571,26.0,4.0,30.0,1,0.4034,0.8993,1
LJ500_R065_C083,65,83,702750,9533750,3000,2000,2019,7,2019-07,7,15.99,38.27,142.1,9.2571,26.0,4.0,30.0,1,0.6994,1.5616,1
LJ500_R065_C084,65,84,703250,9533750,3500,2000,2019,7,2019-07,7,15.99,38.27,142.1,9.2571,26.0,4.0,30.0,1,0.7382,1.658,1
LJ500_R065_C085,65,85,703750,9533750,4000,2000,2019,7,2019-07,7,15.99,38.27,142.1,9.2571,26.0,4.0,30.0,1,0.8807,2.1496,1
LJ500_R065_C086,65,86,704250,9533750,4500,2000,2019,7,2019-07,7,15.99,38.27,142.1,9.2571,26.0,4.0,30.0,1,0.926,2.3042,1
LJ500_R066_C077,66,77,699750,9534250,0,2500,2019,7,2019-07,7,13.52,33.34,136.8,7.9064,27.16,2.8384,30.0,1,0.3857,0.7555,1
LJ500_R066_C078,66,78,700250,9534250,500,2500,2019,7,2019-07,7,15.99,38.27,142.1,9.2571,26.0,4.0,30.0,1,0.383,0.75,1
LJ500_R066_C079,66,79,700750,9534250,1000,2500,2019,7,2019-07,7,15.99,38.27,142.1,9.2571,26.0,4.0,30.0,1,0.391,0.768,1
LJ500_R066_C080,66,80,701250,9534250,1500,2500,2019,7,2019-07,7,15.99,38.27,142.1,9.2571,26.0,4.0,30.0,1,0.3963,0.78,1
LJ500_R066_C081,66,81,701750,9534250,2000,2500,2019,7,2019-07,7,15.99,38.27,142.1,9.2571,26.0,4.0,30.0,1,0.3709,0.795,1
LJ500_R066_C082,66,82,702250,9534250,2500,2500,2019,7,2019-07,7,15.99,38.27,142.1,9.2571,26.0,4.0,30.0,1,0.3623,0.8,1
LJ500_R066_C083,66,83,702750,9534250,3000,2500,2019,7,2019-07,7,15.99,38.27,142.1,9.2571,26.0,4.0,30.0,1,0.525,1.2043,1
LJ500_R066_C084,66,84,703250,9534250,3500,2500,2019,7,2019-07,7,15.99,38.27,142.1,9.2571,26.0,4.0,30.0,1,0.553,1.2716,1
LJ500_R066_C085,66,85,703750,9534250,4000,2500,2019,7,2019-07,7,15.99,38.27,142.1,9.2571,26.0,4.0,30.0,1,0.7447,1.7,1
LJ500_R066_C086,66,86,704250,9534250,4500,2500,2019,7,2019-07,7,15.99,38.27,142.1,9.2571,26.0,4.0,30.0,1,0.8123,1.9171,1
LJ500_R067_C077,67,77,699750,9534750,0,3000,2019,7,2019-07,7,13.51,33.32,136.78,7.9011,27.17,2.8338,30.0,1,0.3839,0.7749,1
LJ500_R067_C078,67,78,700250,9534750,500,3000,2019,7,2019-07,7,15.99,38.27,142.1,9.2571,26.0,4.0,30.0,1,0.3715,0.7339,1
LJ500_R067_C079,67,79,700750,9534750,1000,3000,2019,7,2019-07,7,15.99,38.27,142.1,9.2571,26.0,4.0,30.0,1,0.3767,0.747,1
LJ500_R067_C080,67,80,701250,9534750,1500,3000,2019,7,2019-07,7,15.99,38.27,142.1,9.2571,26.0,4.0,30.0,1,0.3801,0.7557,1
LJ500_R067_C081,67,81,701750,9534750,2000,3000,2019,7,2019-07,7,15.99,38.27,142.1,9.2571,26.0,4.0,30.0,1,0.3802,0.7827,1
LJ500_R067_C082,67,82,702250,9534750,2500,3000,2019,7,2019-07,7,15.99,38.27,142.1,9.2571,26.0,4.0,30.0,1,0.3802,0.7919,1
LJ500_R067_C083,67,83,702750,9534750,3000,3000,2019,7,2019-07,7,15.99,38.27,142.1,9.2571,26.0,4.0,30.0,1,0.391,0.8512,1
LJ500_R067_C084,67,84,703250,9534750,3500,3000,2019,7,2019-07,7,15.99,38.27,142.1,9.2571,26.0,4.0,30.0,1,0.397,0.8715,1
LJ500_R067_C085,67,85,703750,9534750,4000,3000,2019,7,2019-07,7,15.99,38.27,142.1,9.2571,26.0,4.0,30.0,1,0.5051,1.1744,1
LJ500_R067_C086,67,86,704250,9534750,4500,3000,2019,7,2019-07,7,15.99,38.27,142.1,9.2571,26.0,4.0,30.0,1,0.5721,1.336,1
LJ500_R068_C077,68,77,699750,9535250,0,3500,2019,7,2019-07,7,13.5,33.3,136.76,7.8957,27.17,2.8292,30.0,1,0.3835,0.7799,1
LJ500_R068_C078,68,78,700250,9535250,500,3500,2019,7,2019-07,7,15.99,38.27,142.1,9.2571,26.0,4.0,30.0,1,0.3687,0.73,1
LJ500_R068_C079,68,79,700750,9535250,1000,3500,2019,7,2019-07,7,15.99,38.27,142.1,9.2571,26.0,4.0,30.0,1,0.3732,0.7419,1
LJ500_R068_C080,68,80,701250,9535250,1500,3500,2019,7,2019-07,7,15.99,38.27,142.1,9.2571,26.0,4.0,30.0,1,0.3763,0.75,1
LJ500_R068_C081,68,81,701750,9535250,2000,3500,2019,7,2019-07,7,15.99,38.27,142.1,9.2571,26.0,4.0,30.0,1,0.3823,0.7798,1
LJ500_R068_C082,68,82,702250,9535250,2500,3500,2019,7,2019-07,7,15.99,38.27,142.1,9.2571,26.0,4.0,30.0,1,0.3843,0.79,1
LJ500_R068_C083,68,83,702750,9535250,3000,3500,2019,7,2019-07,7,15.99,38.27,142.1,9.2571,26.0,4.0,30.0,1,0.3611,0.7721,1
LJ500_R068_C084,68,84,703250,9535250,3500,3500,2019,7,2019-07,7,15.99,38.27,142.1,9.2571,26.0,4.0,30.0,1,0.3624,0.7825,1
LJ500_R068_C085,68,85,703750,9535250,4000,3500,2019,7,2019-07,7,15.99,38.27,142.1,9.2571,26.0,4.0,30.0,1,0.453,1.06,1
LJ500_R068_C086,68,86,704250,9535250,4500,3500,2019,7,2019-07,7,15.99,38.27,142.1,9.2571,26.0,4.0,30.0,1,0.52,1.2103,1
LJ500_R069_C077,69,77,699750,9535750,0,4000,2019,7,2019-07,7,12.33,28.98,127.12,6.4356,26.08,3.9158,30.0,1,0.3614,0.73,1
LJ500_R069_C078,69,78,700250,9535750,500,4000,2019,7,2019-07,7,15.17,36.07,137.88,8.3673,26.0,4.0,30.0,1,0.3517,0.7011,1
LJ500_R069_C079,69,79,700750,9535750,1000,4000,2019,7,2019-07,7,15.17,36.06,137.87,8.3651,26.0,4.0,30.0,1,0.3617,0.7358,1
LJ500_R069_C080,69,80,701250,9535750,1500,4000,2019,7,2019-07,7,15.17,36.06,137.86,8.3629,26.0,4.0,30.0,1,0.3686,0.7597,1
LJ500_R069_C081,69,81,701750,9535750,2000,4000,2019,7,2019-07,7,15.17,36.05,137.85,8.3607,26.0,4.0,30.0,1,0.3556,0.8038,1
LJ500_R069_C082,69,82,702250,9535750,2500,4000,2019,7,2019-07,7,15.16,36.05,137.84,8.3584,26.0,4.0,30.0,1,0.351,0.8191,1
LJ500_R069_C083,69,83,702750,9535750,3000,4000,2019,7,2019-07,7,15.16,36.04,137.83,8.3562,26.0,4.0,30.0,1,0.3344,0.7753,1
LJ500_R069_C084,69,84,703250,9535750,3500,4000,2019,7,2019-07,7,15.16,36.04,137.82,8.354,26.0,4.0,30.0,1,0.3327,0.7691,1
LJ500_R069_C085,69,85,703750,9535750,4000,4000,2019,7,2019-07,7,15.16,36.03,137.81,8.3517,26.0,4.0,30.0,1,0.3412,0.747,1
LJ500_R069_C086,69,86,704250,9535750,4500,4000,2019,7,2019-07,7,15.16,36.02,137.8,8.3495,26.0,4.0,30.0,1,0.339,0.7472,1
LJ500_R070_C077,70,77,699750,9536250,0,4500,2019,7,2019-07,7,12.23,28.62,126.34,6.3159,26.0,4.0,30.0,1,0.3592,0.7276,1
LJ500_R070_C078,70,78,700250,9536250,500,4500,2019,7,2019-07,7,15.11,35.91,137.57,8.3013,26.0,4.0,30.0,1,0.3494,0.6976,1
LJ500_R070_C079,70,79,700750,9536250,1000,4500,2019,7,2019-07,7,15.11,35.91,137.57,8.3013,26.0,4.0,30.0,1,0.3593,0.7344,1
LJ500_R070_C080,70,80,701250,9536250,1500,4500,2019,7,2019-07,7,15.11,35.91,137.57,8.3013,26.0,4.0,30.0,1,0.3662,0.76,1
LJ500_R070_C081,70,81,701750,9536250,2000,4500,2019,7,2019-07,7,15.11,35.91,137.57,8.3013,26.0,4.0,30.0,1,0.3535,0.7979,1
LJ500_R070_C082,70,82,702250,9536250,2500,4500,2019,7,2019-07,7,15.11,35.91,137.57,8.3013,26.0,4.0,30.0,1,0.3491,0.8111,1
LJ500_R070_C083,70,83,702750,9536250,3000,4500,2019,7,2019-07,7,15.11,35.91,137.57,8.3013,26.0,4.0,30.0,1,0.3347,0.7687,1
LJ500_R070_C084,70,84,703250,9536250,3500,4500,2019,7,2019-07,7,15.11,35.91,137.57,8.3013,26.0,4.0,30.0,1,0.3331,0.7624,1
LJ500_R070_C085,70,85,703750,9536250,4000,4500,2019,7,2019-07,7,15.11,35.91,137.57,8.3013,26.0,4.0,30.0,1,0.3365,0.7373,1
LJ500_R070_C086,70,86,704250,9536250,4500,4500,2019,7,2019-07,7,15.11,35.91,137.57,8.3013,26.0,4.0,30.0,1,0.3385,0.7485,1
LJ500_R061_C077,61,77,699750,9531750,0,0,2019,8,2019-08,8,3.714,17.28,37.15,2.4262,30.14,0.8616,31.0,1,0.4934,0.8659,1
LJ500_R061_C078,61,78,700250,9531750,500,0,2019,8,2019-08,8,8.6216,24.61,46.89,5.632,29.0,2.0,31.0,1,0.5008,0.8766,1
LJ500_R061_C079,61,79,700750,9531750,1000,0,2019,8,2019-08,8,8.6216,24.61,46.89,5.632,29.0,2.0,31.0,1,0.5008,0.8868,1
LJ500_R061_C080,61,80,701250,9531750,1500,0,2019,8,2019-08,8,8.6216,24.61,46.89,5.632,29.0,2.0,31.0,1,0.5007,0.8934,1
LJ500_R061_C081,61,81,701750,9531750,2000,0,2019,8,2019-08,8,8.6216,24.61,46.89,5.632,29.0,2.0,31.0,1,0.5639,1.1137,1
LJ500_R061_C082,61,82,702250,9531750,2500,0,2019,8,2019-08,8,8.6216,24.61,46.89,5.632,29.0,2.0,31.0,1,0.5846,1.1848,1
LJ500_R061_C083,61,83,702750,9531750,3000,0,2019,8,2019-08,8,8.6216,24.61,46.89,5.632,29.0,2.0,31.0,1,0.6526,1.3592,1
LJ500_R061_C084,61,84,703250,9531750,3500,0,2019,8,2019-08,8,8.6216,24.61,46.89,5.632,29.0,2.0,31.0,1,0.6563,1.368,1
LJ500_R061_C085,61,85,703750,9531750,4000,0,2019,8,2019-08,8,8.6216,24.61,46.89,5.632,29.0,2.0,31.0,1,0.5952,1.2029,1
LJ500_R061_C086,61,86,704250,9531750,4500,0,2019,8,2019-08,8,8.6216,24.61,46.89,5.632,29.0,2.0,31.0,1,0.5777,1.1632,1
LJ500_R062_C077,62,77,699750,9532250,0,500,2019,8,2019-08,8,3.694,17.25,37.11,2.4131,30.14,0.8569,31.0,1,0.4754,0.8392,1
LJ500_R062_C078,62,78,700250,9532250,500,500,2019,8,2019-08,8,8.6216,24.61,46.89,5.632,29.0,2.0,31.0,1,0.4826,0.85,1
LJ500_R062_C079,62,79,700750,9532250,1000,500,2019,8,2019-08,8,8.6216,24.61,46.89,5.632,29.0,2.0,31.0,1,0.4849,0.8804,1
LJ500_R062_C080,62,80,701250,9532250,1500,500,2019,8,2019-08,8,8.6216,24.61,46.89,5.632,29.0,2.0,31.0,1,0.4865,0.9,1
LJ500_R062_C081,62,81,701750,9532250,2000,500,2019,8,2019-08,8,8.6216,24.61,46.89,5.632,29.0,2.0,31.0,1,0.7375,1.4991,1
LJ500_R062_C082,62,82,702250,9532250,2500,500,2019,8,2019-08,8,8.6216,24.61,46.89,5.632,29.0,2.0,31.0,1,0.8174,1.69,1
LJ500_R062_C083,62,83,702750,9532250,3000,500,2019,8,2019-08,8,8.6216,24.61,46.89,5.632,29.0,2.0,31.0,1,0.9434,1.9987,1
LJ500_R062_C084,62,84,703250,9532250,3500,500,2019,8,2019-08,8,8.6216,24.61,46.89,5.632,29.0,2.0,31.0,1,0.9505,2.0168,1
LJ500_R062_C085,62,85,703750,9532250,4000,500,2019,8,2019-08,8,8.6216,24.61,46.89,5.632,29.0,2.0,31.0,1,0.8577,1.8,1
LJ500_R062_C086,62,86,704250,9532250,4500,500,2019,8,2019-08,8,8.6216,24.61,46.89,5.632,29.0,2.0,31.0,1,0.8059,1.6904,1
LJ500_R063_C077,63,77,699750,9532750,0,1000,2019,8,2019-08,8,3.6741,17.22,37.07,2.4001,30.15,0.8523,31.0,1,0.4643,0.8275,1
LJ500_R063_C078,63,78,700250,9532750,500,1000,2019,8,2019-08,8,8.6216,24.61,46.89,5.632,29.0,2.0,31.0,1,0.4691,0.8303,1
LJ500_R063_C079,63,79,700750,9532750,1000,1000,2019,8,2019-08,8,8.6216,24.61,46.89,5.632,29.0,2.0,31.0,1,0.4779,0.8666,1
LJ500_R063_C080,63,80,701250,9532750,1500,1000,2019,8,2019-08,8,8.6216,24.61,46.89,5.632,29.0,2.0,31.0,1,0.4836,0.8901,1
LJ500_R063_C081,63,81,701750,9532750,2000,1000,2019,8,2019-08,8,8.6216,24.61,46.89,5.632,29.0,2.0,31.0,1,0.6373,1.3065,1
LJ500_R063_C082,63,82,702250,9532750,2500,1000,2019,8,2019-08,8,8.6216,24.61,46.89,5.632,29.0,2.0,31.0,1,0.6863,1.4397,1
LJ500_R063_C083,63,83,702750,9532750,3000,1000,2019,8,2019-08,8,8.6216,24.61,46.89,5.632,29.0,2.0,31.0,1,0.9589,2.0833,1
LJ500_R063_C084,63,84,703250,9532750,3500,1000,2019,8,2019-08,8,8.6216,24.61,46.89,5.632,29.0,2.0,31.0,1,0.9853,2.1447,1
LJ500_R063_C085,63,85,703750,9532750,4000,1000,2019,8,2019-08,8,8.6216,24.61,46.89,5.632,29.0,2.0,31.0,1,0.9473,2.0336,1
LJ500_R063_C086,63,86,704250,9532750,4500,1000,2019,8,2019-08,8,8.6216,24.61,46.89,5.632,29.0,2.0,31.0,1,0.9221,1.9773,1
LJ500_R064_C077,64,77,699750,9533250,0,1500,2019,8,2019-08,8,3.6541,17.19,37.03,2.387,30.15,0.8477,31.0,1,0.4527,0.8155,1
LJ500_R064_C078,64,78,700250,9533250,500,1500,2019,8,2019-08,8,8.6216,24.61,46.89,5.632,29.0,2.0,31.0,1,0.4552,0.81,1
LJ500_R064_C079,64,79,700750,9533250,1000,1500,2019,8,2019-08,8,8.6216,24.61,46.89,5.632,29.0,2.0,31.0,1,0.4706,0.8523,1
LJ500_R064_C080,64,80,701250,9533250,1500,1500,2019,8,2019-08,8,8.6216,24.61,46.89,5.632,29.0,2.0,31.0,1,0.4806,0.88,1
LJ500_R064_C081,64,81,701750,9533250,2000,1500,2019,8,2019-08,8,8.6216,24.61,46.89,5.632,29.0,2.0,31.0,1,0.5371,1.1137,1
LJ500_R064_C082,64,82,702250,9533250,2500,1500,2019,8,2019-08,8,8.6216,24.61,46.89,5.632,29.0,2.0,31.0,1,0.5555,1.19,1
LJ500_R064_C083,64,83,702750,9533250,3000,1500,2019,8,2019-08,8,8.6216,24.61,46.89,5.632,29.0,2.0,31.0,1,0.9736,2.1655,1
LJ500_R064_C084,64,84,703250,9533250,3500,1500,2019,8,2019-08,8,8.6216,24.61,46.89,5.632,29.0,2.0,31.0,1,1.0192,2.2695,1
LJ500_R064_C085,64,85,703750,9533250,4000,1500,2019,8,2019-08,8,8.6216,24.61,46.89,5.632,29.0,2.0,31.0,1,1.0342,2.26,1
LJ500_R064_C086,64,86,704250,9533250,4500,1500,2019,8,2019-08,8,8.6216,24.61,46.89,5.632,29.0,2.0,31.0,1,1.0332,2.2519,1
LJ500_R065_C077,65,77,699750,9533750,0,2000,2019,8,2019-08,8,3.6342,17.16,36.99,2.374,30.16,0.843,31.0,1,0.4411,0.799,1
LJ500_R065_C078,65,78,700250,9533750,500,2000,2019,8,2019-08,8,8.6216,24.61,46.89,5.632,29.0,2.0,31.0,1,0.4401,0.797,1
LJ500_R065_C079,65,79,700750,9533750,1000,2000,2019,8,2019-08,8,8.6216,24.61,46.89,5.632,29.0,2.0,31.0,1,0.4526,0.8195,1
LJ500_R065_C080,65,80,701250,9533750,1500,2000,2019,8,2019-08,8,8.6216,24.61,46.89,5.632,29.0,2.0,31.0,1,0.4609,0.8343,1
LJ500_R065_C081,65,81,701750,9533750,2000,2000,2019,8,2019-08,8,8.6216,24.61,46.89,5.632,29.0,2.0,31.0,1,0.4684,0.9539,1
LJ500_R065_C082,65,82,702250,9533750,2500,2000,2019,8,2019-08,8,8.6216,24.61,46.89,5.632,29.0,2.0,31.0,1,0.4706,0.9928,1
LJ500_R065_C083,65,83,702750,9533750,3000,2000,2019,8,2019-08,8,8.6216,24.61,46.89,5.632,29.0,2.0,31.0,1,0.7283,1.5966,1
LJ500_R065_C084,65,84,703250,9533750,3500,2000,2019,8,2019-08,8,8.6216,24.61,46.89,5.632,29.0,2.0,31.0,1,0.7621,1.6742,1
LJ500_R065_C085,65,85,703750,9533750,4000,2000,2019,8,2019-08,8,8.6216,24.61,46.89,5.632,29.0,2.0,31.0,1,0.8841,1.9277,1
LJ500_R065_C086,65,86,704250,9533750,4500,2000,2019,8,2019-08,8,8.6216,24.61,46.89,5.632,29.0,2.0,31.0,1,0.907,1.9851,1
LJ500_R066_C077,66,77,699750,9534250,0,2500,2019,8,2019-08,8,3.6143,17.13,36.95,2.361,30.16,0.8384,31.0,1,0.4348,0.79,1
LJ500_R066_C078,66,78,700250,9534250,500,2500,2019,8,2019-08,8,8.6216,24.61,46.89,5.632,29.0,2.0,31.0,1,0.4319,0.79,1
LJ500_R066_C079,66,79,700750,9534250,1000,2500,2019,8,2019-08,8,8.6216,24.61,46.89,5.632,29.0,2.0,31.0,1,0.443,0.802,1
LJ500_R066_C080,66,80,701250,9534250,1500,2500,2019,8,2019-08,8,8.6216,24.61,46.89,5.632,29.0,2.0,31.0,1,0.4503,0.81,1
LJ500_R066_C081,66,81,701750,9534250,2000,2500,2019,8,2019-08,8,8.6216,24.61,46.89,5.632,29.0,2.0,31.0,1,0.4324,0.8699,1
LJ500_R066_C082,66,82,702250,9534250,2500,2500,2019,8,2019-08,8,8.6216,24.61,46.89,5.632,29.0,2.0,31.0,1,0.4265,0.89,1
LJ500_R066_C083,66,83,702750,9534250,3000,2500,2019,8,2019-08,8,8.6216,24.61,46.89,5.632,29.0,2.0,31.0,1,0.6018,1.3033,1
LJ500_R066_C084,66,84,703250,9534250,3500,2500,2019,8,2019-08,8,8.6216,24.61,46.89,5.632,29.0,2.0,31.0,1,0.6306,1.3697,1
LJ500_R066_C085,66,85,703750,9534250,4000,2500,2019,8,2019-08,8,8.6216,24.61,46.89,5.632,29.0,2.0,31.0,1,0.8084,1.76,1
LJ500_R066_C086,66,86,704250,9534250,4500,2500,2019,8,2019-08,8,8.6216,24.61,46.89,5.632,29.0,2.0,31.0,1,0.8435,1.8508,1
LJ500_R067_C077,67,77,699750,9534750,0,3000,2019,8,2019-08,8,3.5944,17.1,36.91,2.348,30.17,0.8338,31.0,1,0.4356,0.805,1
LJ500_R067_C078,67,78,700250,9534750,500,3000,2019,8,2019-08,8,8.6216,24.61,46.89,5.632,29.0,2.0,31.0,1,0.419,0.7739,1
LJ500_R067_C079,67,79,700750,9534750,1000,3000,2019,8,2019-08,8,8.6216,24.61,46.89,5.632,29.0,2.0,31.0,1,0.4269,0.781,1
LJ500_R067_C080,67,80,701250,9534750,1500,3000,2019,8,2019-08,8,8.6216,24.61,46.89,5.632,29.0,2.0,31.0,1,0.4323,0.7857,1
LJ500_R067_C081,67,81,701750,9534750,2000,3000,2019,8,2019-08,8,8.6216,24.61,46.89,5.632,29.0,2.0,31.0,1,0.4383,0.8211,1
LJ500_R067_C082,67,82,702250,9534750,2500,3000,2019,8,2019-08,8,8.6216,24.61,46.89,5.632,29.0,2.0,31.0,1,0.4404,0.833,1
LJ500_R067_C083,67,83,702750,9534750,3000,3000,2019,8,2019-08,8,8.6216,24.61,46.89,5.632,29.0,2.0,31.0,1,0.4581,0.9158,1
LJ500_R067_C084,67,84,703250,9534750,3500,3000,2019,8,2019-08,8,8.6216,24.61,46.89,5.632,29.0,2.0,31.0,1,0.4651,0.9406,1
LJ500_R067_C085,67,85,703750,9534750,4000,3000,2019,8,2019-08,8,8.6216,24.61,46.89,5.632,29.0,2.0,31.0,1,0.5782,1.2837,1
LJ500_R067_C086,67,86,704250,9534750,4500,3000,2019,8,2019-08,8,8.6216,24.61,46.89,5.632,29.0,2.0,31.0,1,0.6336,1.4122,1
LJ500_R068_C077,68,77,699750,9535250,0,3500,2019,8,2019-08,8,3.5745,17.07,36.87,2.335,30.17,0.8292,31.0,1,0.4358,0.8088,1
LJ500_R068_C078,68,78,700250,9535250,500,3500,2019,8,2019-08,8,8.6216,24.61,46.89,5.632,29.0,2.0,31.0,1,0.4158,0.77,1
LJ500_R068_C079,68,79,700750,9535250,1000,3500,2019,8,2019-08,8,8.6216,24.61,46.89,5.632,29.0,2.0,31.0,1,0.4231,0.7759,1
LJ500_R068_C080,68,80,701250,9535250,1500,3500,2019,8,2019-08,8,8.6216,24.61,46.89,5.632,29.0,2.0,31.0,1,0.4281,0.78,1
LJ500_R068_C081,68,81,701750,9535250,2000,3500,2019,8,2019-08,8,8.6216,24.61,46.89,5.632,29.0,2.0,31.0,1,0.4396,0.8098,1
LJ500_R068_C082,68,82,702250,9535250,2500,3500,2019,8,2019-08,8,8.6216,24.61,46.89,5.632,29.0,2.0,31.0,1,0.4435,0.82,1
LJ500_R068_C083,68,83,702750,9535250,3000,3500,2019,8,2019-08,8,8.6216,24.61,46.89,5.632,29.0,2.0,31.0,1,0.426,0.8289,1
LJ500_R068_C084,68,84,703250,9535250,3500,3500,2019,8,2019-08,8,8.6216,24.61,46.89,5.632,29.0,2.0,31.0,1,0.4284,0.8451,1
LJ500_R068_C085,68,85,703750,9535250,4000,3500,2019,8,2019-08,8,8.6216,24.61,46.89,5.632,29.0,2.0,31.0,1,0.5281,1.18,1
LJ500_R068_C086,68,86,704250,9535250,4500,3500,2019,8,2019-08,8,8.6216,24.61,46.89,5.632,29.0,2.0,31.0,1,0.588,1.3168,1
LJ500_R069_C077,69,77,699750,9535750,0,4000,2019,8,2019-08,8,3.3121,15.64,32.29,2.19,30.18,0.8246,31.0,1,0.4131,0.7684,1
LJ500_R069_C078,69,78,700250,9535750,500,4000,2019,8,2019-08,8,8.032,23.2,44.1,5.3109,29.0,2.0,31.0,1,0.4015,0.7508,1
LJ500_R069_C079,69,79,700750,9535750,1000,4000,2019,8,2019-08,8,8.0305,23.2,44.09,5.3102,29.0,2.0,31.0,1,0.4152,0.7738,1
LJ500_R069_C080,69,80,701250,9535750,1500,4000,2019,8,2019-08,8,8.0291,23.2,44.09,5.3094,29.0,2.0,31.0,1,0.4246,0.7897,1
LJ500_R069_C081,69,81,701750,9535750,2000,4000,2019,8,2019-08,8,8.0276,23.19,44.08,5.3086,29.0,2.0,31.0,1,0.419,0.8985,1
LJ500_R069_C082,69,82,702250,9535750,2500,4000,2019,8,2019-08,8,8.0261,23.19,44.07,5.3077,29.0,2.0,31.0,1,0.4169,0.9365,1
LJ500_R069_C083,69,83,702750,9535750,3000,4000,2019,8,2019-08,8,8.0246,23.19,44.07,5.3069,29.0,2.0,31.0,1,0.4018,0.885,1
LJ500_R069_C084,69,84,703250,9535750,3500,4000,2019,8,2019-08,8,8.0232,23.18,44.06,5.3061,29.0,2.0,31.0,1,0.4003,0.8763,1
LJ500_R069_C085,69,85,703750,9535750,4000,4000,2019,8,2019-08,8,8.0217,23.18,44.05,5.3053,29.0,2.0,31.0,1,0.4072,0.8181,1
LJ500_R069_C086,69,86,704250,9535750,4500,4000,2019,8,2019-08,8,8.0202,23.18,44.04,5.3045,29.0,2.0,31.0,1,0.4058,0.8198,1
LJ500_R070_C077,70,77,699750,9536250,0,4500,2019,8,2019-08,8,3.2752,15.5,31.89,2.1677,30.18,0.82,31.0,1,0.411,0.7664,1
LJ500_R070_C078,70,78,700250,9536250,500,4500,2019,8,2019-08,8,7.9883,23.1,43.89,5.2871,29.0,2.0,31.0,1,0.3991,0.7476,1
LJ500_R070_C079,70,79,700750,9536250,1000,4500,2019,8,2019-08,8,7.9883,23.1,43.89,5.2871,29.0,2.0,31.0,1,0.4133,0.7741,1
LJ500_R070_C080,70,80,701250,9536250,1500,4500,2019,8,2019-08,8,7.9883,23.1,43.89,5.2871,29.0,2.0,31.0,1,0.4232,0.7925,1
LJ500_R070_C081,70,81,701750,9536250,2000,4500,2019,8,2019-08,8,7.9883,23.1,43.89,5.2871,29.0,2.0,31.0,1,0.4172,0.8886,1
LJ500_R070_C082,70,82,702250,9536250,2500,4500,2019,8,2019-08,8,7.9883,23.1,43.89,5.2871,29.0,2.0,31.0,1,0.4151,0.9221,1
LJ500_R070_C083,70,83,702750,9536250,3000,4500,2019,8,2019-08,8,7.9883,23.1,43.89,5.2871,29.0,2.0,31.0,1,0.4013,0.8696,1
LJ500_R070_C084,70,84,703250,9536250,3500,4500,2019,8,2019-08,8,7.9883,23.1,43.89,5.2871,29.0,2.0,31.0,1,0.3997,0.8606,1
LJ500_R070_C085,70,85,703750,9536250,4000,4500,2019,8,2019-08,8,7.9883,23.1,43.89,5.2871,29.0,2.0,31.0,1,0.4027,0.8073,1
LJ500_R070_C086,70,86,704250,9536250,4500,4500,2019,8,2019-08,8,7.9883,23.1,43.89,5.2871,29.0,2.0,31.0,1,0.4055,0.8215,1
LJ500_R061_C077,61,77,699750,9531750,0,0,2019,9,2019-09,9,10.68,14.39,27.96,5.8816,29.0,2.0,31.0,1,0.5797,0.7444,1
LJ500_R061_C078,61,78,700250,9531750,500,0,2019,9,2019-09,9,11.91,20.53,36.52,6.5526,29.0,2.0,31.0,1,0.5876,0.7533,1
LJ500_R061_C079,61,79,700750,9531750,1000,0,2019,9,2019-09,9,11.91,20.53,36.52,6.5526,29.0,2.0,31.0,1,0.5853,0.7614,1
LJ500_R061_C080,61,80,701250,9531750,1500,0,2019,9,2019-09,9,11.91,20.53,36.52,6.5526,29.0,2.0,31.0,1,0.5838,0.7666,1
LJ500_R061_C081,61,81,701750,9531750,2000,0,2019,9,2019-09,9,11.91,20.53,36.52,6.5526,29.0,2.0,31.0,1,0.6154,0.962,1
LJ500_R061_C082,61,82,702250,9531750,2500,0,2019,9,2019-09,9,11.91,20.53,36.52,6.5526,29.0,2.0,31.0,1,0.6262,1.0254,1
LJ500_R061_C083,61,83,702750,9531750,3000,0,2019,9,2019-09,9,11.91,20.53,36.52,6.5526,29.0,2.0,31.0,1,0.6991,1.2286,1
LJ500_R061_C084,61,84,703250,9531750,3500,0,2019,9,2019-09,9,11.91,20.53,36.52,6.5526,29.0,2.0,31.0,1,0.7035,1.2393,1
LJ500_R061_C085,61,85,703750,9531750,4000,0,2019,9,2019-09,9,11.91,20.53,36.52,6.5526,29.0,2.0,31.0,1,0.6419,1.0509,1
LJ500_R061_C086,61,86,704250,9531750,4500,0,2019,9,2019-09,9,11.91,20.53,36.52,6.5526,29.0,2.0,31.0,1,0.6211,1.0042,1
LJ500_R062_C077,62,77,699750,9532250,0,500,2019,9,2019-09,9,10.68,14.37,27.93,5.8789,29.0,2.0,31.0,1,0.5578,0.7146,1
LJ500_R062_C078,62,78,700250,9532250,500,500,2019,9,2019-09,9,11.91,20.53,36.52,6.5526,29.0,2.0,31.0,1,0.5661,0.72,1
LJ500_R062_C079,62,79,700750,9532250,1000,500,2019,9,2019-09,9,11.91,20.53,36.52,6.5526,29.0,2.0,31.0,1,0.563,0.7444,1
LJ500_R062_C080,62,80,701250,9532250,1500,500,2019,9,2019-09,9,11.91,20.53,36.52,6.5526,29.0,2.0,31.0,1,0.561,0.76,1
LJ500_R062_C081,62,81,701750,9532250,2000,500,2019,9,2019-09,9,11.91,20.53,36.52,6.5526,29.0,2.0,31.0,1,0.7973,1.3743,1
LJ500_R062_C082,62,82,702250,9532250,2500,500,2019,9,2019-09,9,11.91,20.53,36.52,6.5526,29.0,2.0,31.0,1,0.8726,1.57,1
LJ500_R062_C083,62,83,702750,9532250,3000,500,2019,9,2019-09,9,11.91,20.53,36.52,6.5526,29.0,2.0,31.0,1,1.0386,1.9786,1
LJ500_R062_C084,62,84,703250,9532250,3500,500,2019,9,2019-09,9,11.91,20.53,36.52,6.5526,29.0,2.0,31.0,1,1.0475,2.0016,1
LJ500_R062_C085,62,85,703750,9532250,4000,500,2019,9,2019-09,9,11.91,20.53,36.52,6.5526,29.0,2.0,31.0,1,0.9158,1.7,1
LJ500_R062_C086,62,86,704250,9532250,4500,500,2019,9,2019-09,9,11.91,20.53,36.52,6.5526,29.0,2.0,31.0,1,0.8533,1.5738,1
LJ500_R063_C077,63,77,699750,9532750,0,1000,2019,9,2019-09,9,10.67,14.34,27.89,5.8761,29.0,2.0,31.0,1,0.545,0.7083,1
LJ500_R063_C078,63,78,700250,9532750,500,1000,2019,9,2019-09,9,11.91,20.53,36.52,6.5526,29.0,2.0,31.0,1,0.5485,0.7003,1
LJ500_R063_C079,63,79,700750,9532750,1000,1000,2019,9,2019-09,9,11.91,20.53,36.52,6.5526,29.0,2.0,31.0,1,0.5549,0.7305,1
LJ500_R063_C080,63,80,701250,9532750,1500,1000,2019,9,2019-09,9,11.91,20.53,36.52,6.5526,29.0,2.0,31.0,1,0.559,0.7501,1
LJ500_R063_C081,63,81,701750,9532750,2000,1000,2019,9,2019-09,9,11.91,20.53,36.52,6.5526,29.0,2.0,31.0,1,0.681,1.159,1
LJ500_R063_C082,63,82,702250,9532750,2500,1000,2019,9,2019-09,9,11.91,20.53,36.52,6.5526,29.0,2.0,31.0,1,0.7196,1.2896,1
LJ500_R063_C083,63,83,702750,9532750,3000,1000,2019,9,2019-09,9,11.91,20.53,36.52,6.5526,29.0,2.0,31.0,1,1.0693,2.2331,1
LJ500_R063_C084,63,84,703250,9532750,3500,1000,2019,9,2019-09,9,11.91,20.53,36.52,6.5526,29.0,2.0,31.0,1,1.1013,2.3361,1
LJ500_R063_C085,63,85,703750,9532750,4000,1000,2019,9,2019-09,9,11.91,20.53,36.52,6.5526,29.0,2.0,31.0,1,1.0185,2.3905,1
LJ500_R063_C086,63,86,704250,9532750,4500,1000,2019,9,2019-09,9,11.91,20.53,36.52,6.5526,29.0,2.0,31.0,1,0.9851,2.3409,1
LJ500_R064_C077,64,77,699750,9533250,0,1500,2019,9,2019-09,9,10.67,14.32,27.86,5.8734,29.0,2.0,31.0,1,0.5317,0.7018,1
LJ500_R064_C078,64,78,700250,9533250,500,1500,2019,9,2019-09,9,11.91,20.53,36.52,6.5526,29.0,2.0,31.0,1,0.5303,0.68,1
LJ500_R064_C079,64,79,700750,9533250,1000,1500,2019,9,2019-09,9,11.91,20.53,36.52,6.5526,29.0,2.0,31.0,1,0.5465,0.7163,1
LJ500_R064_C080,64,80,701250,9533250,1500,1500,2019,9,2019-09,9,11.91,20.53,36.52,6.5526,29.0,2.0,31.0,1,0.5571,0.74,1
LJ500_R064_C081,64,81,701750,9533250,2000,1500,2019,9,2019-09,9,11.91,20.53,36.52,6.5526,29.0,2.0,31.0,1,0.5646,0.9435,1
LJ500_R064_C082,64,82,702250,9533250,2500,1500,2019,9,2019-09,9,11.91,20.53,36.52,6.5526,29.0,2.0,31.0,1,0.5671,1.01,1
LJ500_R064_C083,64,83,702750,9533250,3000,1500,2019,9,2019-09,9,11.91,20.53,36.52,6.5526,29.0,2.0,31.0,1,1.0988,2.4822,1
LJ500_R064_C084,64,84,703250,9533250,3500,1500,2019,9,2019-09,9,11.91,20.53,36.52,6.5526,29.0,2.0,31.0,1,1.1538,2.6621,1
LJ500_R064_C085,64,85,703750,9533250,4000,1500,2019,9,2019-09,9,11.91,20.53,36.52,6.5526,29.0,2.0,31.0,1,1.1181,3.06,1
LJ500_R064_C086,64,86,704250,9533250,4500,1500,2019,9,2019-09,9,11.91,20.53,36.52,6.5526,29.0,2.0,31.0,1,1.1111,3.0762,1
LJ500_R065_C077,65,77,699750,9533750,0,2000,2019,9,2019-09,9,10.66,14.29,27.82,5.8707,29.0,2.0,31.0,1,0.5164,0.6842,1
LJ500_R065_C078,65,78,700250,9533750,500,2000,2019,9,2019-09,9,11.91,20.53,36.52,6.5526,29.0,2.0,31.0,1,0.5138,0.68,1
LJ500_R065_C079,65,79,700750,9533750,1000,2000,2019,9,2019-09,9,11.91,20.53,36.52,6.5526,29.0,2.0,31.0,1,0.5262,0.6887,1
LJ500_R065_C080,65,80,701250,9533750,1500,2000,2019,9,2019-09,9,11.91,20.53,36.52,6.5526,29.0,2.0,31.0,1,0.5344,0.6943,1
LJ500_R065_C081,65,81,701750,9533750,2000,2000,2019,9,2019-09,9,11.91,20.53,36.52,6.5526,29.0,2.0,31.0,1,0.5015,0.7838,1
LJ500_R065_C082,65,82,702250,9533750,2500,2000,2019,9,2019-09,9,11.91,20.53,36.52,6.5526,29.0,2.0,31.0,1,0.4903,0.8128,1
LJ500_R065_C083,65,83,702750,9533750,3000,2000,2019,9,2019-09,9,11.91,20.53,36.52,6.5526,29.0,2.0,31.0,1,0.7762,1.5912,1
LJ500_R065_C084,65,84,703250,9533750,3500,2000,2019,9,2019-09,9,11.91,20.53,36.52,6.5526,29.0,2.0,31.0,1,0.8129,1.696,1
LJ500_R065_C085,65,85,703750,9533750,4000,2000,2019,9,2019-09,9,11.91,20.53,36.52,6.5526,29.0,2.0,31.0,1,0.9361,2.123,1
LJ500_R065_C086,65,86,704250,9533750,4500,2000,2019,9,2019-09,9,11.91,20.53,36.52,6.5526,29.0,2.0,31.0,1,0.9598,2.2955,1
LJ500_R066_C077,66,77,699750,9534250,0,2500,2019,9,2019-09,9,10.66,14.27,27.79,5.868,29.0,2.0,31.0,1,0.508,0.6745,1
LJ500_R066_C078,66,78,700250,9534250,500,2500,2019,9,2019-09,9,11.91,20.53,36.52,6.5526,29.0,2.0,31.0,1,0.5048,0.68,1
LJ500_R066_C079,66,79,700750,9534250,1000,2500,2019,9,2019-09,9,11.91,20.53,36.52,6.5526,29.0,2.0,31.0,1,0.5153,0.674,1
LJ500_R066_C080,66,80,701250,9534250,1500,2500,2019,9,2019-09,9,11.91,20.53,36.52,6.5526,29.0,2.0,31.0,1,0.5223,0.67,1
LJ500_R066_C081,66,81,701750,9534250,2000,2500,2019,9,2019-09,9,11.91,20.53,36.52,6.5526,29.0,2.0,31.0,1,0.4684,0.7,1
LJ500_R066_C082,66,82,702250,9534250,2500,2500,2019,9,2019-09,9,11.91,20.53,36.52,6.5526,29.0,2.0,31.0,1,0.4503,0.71,1
LJ500_R066_C083,66,83,702750,9534250,3000,2500,2019,9,2019-09,9,11.91,20.53,36.52,6.5526,29.0,2.0,31.0,1,0.61,1.1323,1
LJ500_R066_C084,66,84,703250,9534250,3500,2500,2019,9,2019-09,9,11.91,20.53,36.52,6.5526,29.0,2.0,31.0,1,0.6384,1.2025,1
LJ500_R066_C085,66,85,703750,9534250,4000,2500,2019,9,2019-09,9,11.91,20.53,36.52,6.5526,29.0,2.0,31.0,1,0.8442,1.65,1
LJ500_R066_C086,66,86,704250,9534250,4500,2500,2019,9,2019-09,9,11.91,20.53,36.52,6.5526,29.0,2.0,31.0,1,0.8838,1.9027,1
LJ500_R067_C077,67,77,699750,9534750,0,3000,2019,9,2019-09,9,10.65,14.24,27.75,5.8653,29.0,2.0,31.0,1,0.5055,0.677,1
LJ500_R067_C078,67,78,700250,9534750,500,3000,2019,9,2019-09,9,11.91,20.53,36.52,6.5526,29.0,2.0,31.0,1,0.4885,0.6559,1
LJ500_R067_C079,67,79,700750,9534750,1000,3000,2019,9,2019-09,9,11.91,20.53,36.52,6.5526,29.0,2.0,31.0,1,0.4956,0.6498,1
LJ500_R067_C080,67,80,701250,9534750,1500,3000,2019,9,2019-09,9,11.91,20.53,36.52,6.5526,29.0,2.0,31.0,1,0.5003,0.6457,1
LJ500_R067_C081,67,81,701750,9534750,2000,3000,2019,9,2019-09,9,11.91,20.53,36.52,6.5526,29.0,2.0,31.0,1,0.4984,0.6694,1
LJ500_R067_C082,67,82,702250,9534750,2500,3000,2019,9,2019-09,9,11.91,20.53,36.52,6.5526,29.0,2.0,31.0,1,0.4979,0.6774,1
LJ500_R067_C083,67,83,702750,9534750,3000,3000,2019,9,2019-09,9,11.91,20.53,36.52,6.5526,29.0,2.0,31.0,1,0.4984,0.74,1
LJ500_R067_C084,67,84,703250,9534750,3500,3000,2019,9,2019-09,9,11.91,20.53,36.52,6.5526,29.0,2.0,31.0,1,0.5017,0.7629,1
LJ500_R067_C085,67,85,703750,9534750,4000,3000,2019,9,2019-09,9,11.91,20.53,36.52,6.5526,29.0,2.0,31.0,1,0.5761,1.1162,1
LJ500_R067_C086,67,86,704250,9534750,4500,3000,2019,9,2019-09,9,11.91,20.53,36.52,6.5526,29.0,2.0,31.0,1,0.6403,1.2968,1
LJ500_R068_C077,68,77,699750,9535250,0,3500,2019,9,2019-09,9,10.65,14.22,27.72,5.8625,29.0,2.0,31.0,1,0.5049,0.6777,1
LJ500_R068_C078,68,78,700250,9535250,500,3500,2019,9,2019-09,9,11.91,20.53,36.52,6.5526,29.0,2.0,31.0,1,0.4845,0.65,1
LJ500_R068_C079,68,79,700750,9535250,1000,3500,2019,9,2019-09,9,11.91,20.53,36.52,6.5526,29.0,2.0,31.0,1,0.4908,0.6441,1
LJ500_R068_C080,68,80,701250,9535250,1500,3500,2019,9,2019-09,9,11.91,20.53,36.52,6.5526,29.0,2.0,31.0,1,0.4952,0.64,1
LJ500_R068_C081,68,81,701750,9535250,2000,3500,2019,9,2019-09,9,11.91,20.53,36.52,6.5526,29.0,2.0,31.0,1,0.5052,0.6623,1
LJ500_R068_C082,68,82,702250,9535250,2500,3500,2019,9,2019-09,9,11.91,20.53,36.52,6.5526,29.0,2.0,31.0,1,0.5087,0.67,1
LJ500_R068_C083,68,83,702750,9535250,3000,3500,2019,9,2019-09,9,11.91,20.53,36.52,6.5526,29.0,2.0,31.0,1,0.4735,0.6521,1
LJ500_R068_C084,68,84,703250,9535250,3500,3500,2019,9,2019-09,9,11.91,20.53,36.52,6.5526,29.0,2.0,31.0,1,0.4714,0.6651,1
LJ500_R068_C085,68,85,703750,9535250,4000,3500,2019,9,2019-09,9,11.91,20.53,36.52,6.5526,29.0,2.0,31.0,1,0.5177,1.0,1
LJ500_R068_C086,68,86,704250,9535250,4500,3500,2019,9,2019-09,9,11.91,20.53,36.52,6.5526,29.0,2.0,31.0,1,0.5874,1.1657,1
LJ500_R069_C077,69,77,699750,9535750,0,4000,2019,9,2019-09,9,10.35,13.66,25.99,4.9198,28.62,2.3831,31.0,1,0.4762,0.6288,1
LJ500_R069_C078,69,78,700250,9535750,500,4000,2019,9,2019-09,9,12.84,20.88,36.05,5.1552,28.07,2.931,31.0,1,0.4634,0.6115,1
LJ500_R069_C079,69,79,700750,9535750,1000,4000,2019,9,2019-09,9,12.85,20.88,36.05,5.1517,28.07,2.9333,31.0,1,0.4774,0.6284,1
LJ500_R069_C080,69,80,701250,9535750,1500,4000,2019,9,2019-09,9,12.85,20.88,36.05,5.1482,28.06,2.9356,31.0,1,0.4871,0.64,1
LJ500_R069_C081,69,81,701750,9535750,2000,4000,2019,9,2019-09,9,12.85,20.88,36.04,5.1447,28.06,2.9379,31.0,1,0.4365,0.7198,1
LJ500_R069_C082,69,82,702250,9535750,2500,4000,2019,9,2019-09,9,12.85,20.88,36.04,5.1412,28.06,2.9403,31.0,1,0.4188,0.7477,1
LJ500_R069_C083,69,83,702750,9535750,3000,4000,2019,9,2019-09,9,12.86,20.88,36.04,5.1377,28.06,2.9426,31.0,1,0.4095,0.704,1
LJ500_R069_C084,69,84,703250,9535750,3500,4000,2019,9,2019-09,9,12.86,20.88,36.04,5.1342,28.06,2.9449,31.0,1,0.4098,0.6959,1
LJ500_R069_C085,69,85,703750,9535750,4000,4000,2019,9,2019-09,9,12.86,20.88,36.04,5.1307,28.05,2.9473,31.0,1,0.4445,0.6283,1
LJ500_R069_C086,69,86,704250,9535750,4500,4000,2019,9,2019-09,9,12.86,20.88,36.04,5.1272,28.05,2.9496,31.0,1,0.4403,0.6324,1
LJ500_R070_C077,70,77,699750,9536250,0,4500,2019,9,2019-09,9,10.32,13.59,25.82,4.847,28.59,2.41,31.0,1,0.4733,0.6257,1
LJ500_R070_C078,70,78,700250,9536250,500,4500,2019,9,2019-09,9,12.91,20.9,36.01,5.0516,28.0,3.0,31.0,1,0.4601,0.6076,1
LJ500_R070_C079,70,79,700750,9536250,1000,4500,2019,9,2019-09,9,12.91,20.9,36.01,5.0516,28.0,3.0,31.0,1,0.4743,0.626,1
LJ500_R070_C080,70,80,701250,9536250,1500,4500,2019,9,2019-09,9,12.91,20.9,36.01,5.0516,28.0,3.0,31.0,1,0.4842,0.6388,1
LJ500_R070_C081,70,81,701750,9536250,2000,4500,2019,9,2019-09,9,12.91,20.9,36.01,5.0516,28.0,3.0,31.0,1,0.4373,0.709,1
LJ500_R070_C082,70,82,702250,9536250,2500,4500,2019,9,2019-09,9,12.91,20.9,36.01,5.0516,28.0,3.0,31.0,1,0.4209,0.7334,1
LJ500_R070_C083,70,83,702750,9536250,3000,4500,2019,9,2019-09,9,12.91,20.9,36.01,5.0516,28.0,3.0,31.0,1,0.4139,0.6921,1
LJ500_R070_C084,70,84,703250,9536250,3500,4500,2019,9,2019-09,9,12.91,20.9,36.01,5.0516,28.0,3.0,31.0,1,0.4142,0.6841,1
LJ500_R070_C085,70,85,703750,9536250,4000,4500,2019,9,2019-09,9,12.91,20.9,36.01,5.0516,28.0,3.0,31.0,1,0.4407,0.6173,1
LJ500_R070_C086,70,86,704250,9536250,4500,4500,2019,9,2019-09,9,12.91,20.9,36.01,5.0516,28.0,3.0,31.0,1,0.4391,0.6336,1
LJ500_R061_C077,61,77,699750,9531750,0,0,2019,10,2019-10,10,19.97,30.65,34.37,8.5837,26.0,4.0,30.0,1,0.4108,0.6875,1
LJ500_R061_C078,61,78,700250,9531750,500,0,2019,10,2019-10,10,24.09,35.99,44.61,12.26,26.0,4.0,30.0,1,0.4182,0.7,1
LJ500_R061_C079,61,79,700750,9531750,1000,0,2019,10,2019-10,10,24.09,35.99,44.61,12.26,26.0,4.0,30.0,1,0.4185,0.704,1
LJ500_R061_C080,61,80,701250,9531750,1500,0,2019,10,2019-10,10,24.09,35.99,44.61,12.26,26.0,4.0,30.0,1,0.4187,0.7066,1
LJ500_R061_C081,61,81,701750,9531750,2000,0,2019,10,2019-10,10,24.09,35.99,44.61,12.26,26.0,4.0,30.0,1,0.4478,0.8443,1
LJ500_R061_C082,61,82,702250,9531750,2500,0,2019,10,2019-10,10,24.09,35.99,44.61,12.26,26.0,4.0,30.0,1,0.4576,0.8888,1
LJ500_R061_C083,61,83,702750,9531750,3000,0,2019,10,2019-10,10,24.09,35.99,44.61,12.26,26.0,4.0,30.0,1,0.4997,1.0038,1
LJ500_R061_C084,61,84,703250,9531750,3500,0,2019,10,2019-10,10,24.09,35.99,44.61,12.26,26.0,4.0,30.0,1,0.5023,1.0096,1
LJ500_R061_C085,61,85,703750,9531750,4000,0,2019,10,2019-10,10,24.09,35.99,44.61,12.26,26.0,4.0,30.0,1,0.4683,0.9006,1
LJ500_R061_C086,61,86,704250,9531750,4500,0,2019,10,2019-10,10,24.09,35.99,44.61,12.26,26.0,4.0,30.0,1,0.4568,0.877,1
LJ500_R062_C077,62,77,699750,9532250,0,500,2019,10,2019-10,10,19.95,30.63,34.32,8.5687,26.0,4.0,30.0,1,0.3953,0.6638,1
LJ500_R062_C078,62,78,700250,9532250,500,500,2019,10,2019-10,10,24.09,35.99,44.61,12.26,26.0,4.0,30.0,1,0.4027,0.68,1
LJ500_R062_C079,62,79,700750,9532250,1000,500,2019,10,2019-10,10,24.09,35.99,44.61,12.26,26.0,4.0,30.0,1,0.4037,0.6922,1
LJ500_R062_C080,62,80,701250,9532250,1500,500,2019,10,2019-10,10,24.09,35.99,44.61,12.26,26.0,4.0,30.0,1,0.4043,0.7,1
LJ500_R062_C081,62,81,701750,9532250,2000,500,2019,10,2019-10,10,24.09,35.99,44.61,12.26,26.0,4.0,30.0,1,0.5565,1.102,1
LJ500_R062_C082,62,82,702250,9532250,2500,500,2019,10,2019-10,10,24.09,35.99,44.61,12.26,26.0,4.0,30.0,1,0.605,1.23,1
LJ500_R062_C083,62,83,702750,9532250,3000,500,2019,10,2019-10,10,24.09,35.99,44.61,12.26,26.0,4.0,30.0,1,0.687,1.4207,1
LJ500_R062_C084,62,84,703250,9532250,3500,500,2019,10,2019-10,10,24.09,35.99,44.61,12.26,26.0,4.0,30.0,1,0.6915,1.4314,1
LJ500_R062_C085,62,85,703750,9532250,4000,500,2019,10,2019-10,10,24.09,35.99,44.61,12.26,26.0,4.0,30.0,1,0.629,1.29,1
LJ500_R062_C086,62,86,704250,9532250,4500,500,2019,10,2019-10,10,24.09,35.99,44.61,12.26,26.0,4.0,30.0,1,0.5945,1.2238,1
LJ500_R063_C077,63,77,699750,9532750,0,1000,2019,10,2019-10,10,19.94,30.61,34.28,8.5538,26.0,4.0,30.0,1,0.3842,0.6521,1
LJ500_R063_C078,63,78,700250,9532750,500,1000,2019,10,2019-10,10,24.09,35.99,44.61,12.26,26.0,4.0,30.0,1,0.391,0.6603,1
LJ500_R063_C079,63,79,700750,9532750,1000,1000,2019,10,2019-10,10,24.09,35.99,44.61,12.26,26.0,4.0,30.0,1,0.3976,0.6814,1
LJ500_R063_C080,63,80,701250,9532750,1500,1000,2019,10,2019-10,10,24.09,35.99,44.61,12.26,26.0,4.0,30.0,1,0.4019,0.695,1
LJ500_R063_C081,63,81,701750,9532750,2000,1000,2019,10,2019-10,10,24.09,35.99,44.61,12.26,26.0,4.0,30.0,1,0.488,0.9714,1
LJ500_R063_C082,63,82,702250,9532750,2500,1000,2019,10,2019-10,10,24.09,35.99,44.61,12.26,26.0,4.0,30.0,1,0.5154,1.0598,1
LJ500_R063_C083,63,83,702750,9532750,3000,1000,2019,10,2019-10,10,24.09,35.99,44.61,12.26,26.0,4.0,30.0,1,0.6787,1.5542,1
LJ500_R063_C084,63,84,703250,9532750,3500,1000,2019,10,2019-10,10,24.09,35.99,44.61,12.26,26.0,4.0,30.0,1,0.6925,1.6065,1
LJ500_R063_C085,63,85,703750,9532750,4000,1000,2019,10,2019-10,10,24.09,35.99,44.61,12.26,26.0,4.0,30.0,1,0.6348,1.6048,1
LJ500_R063_C086,63,86,704250,9532750,4500,1000,2019,10,2019-10,10,24.09,35.99,44.61,12.26,26.0,4.0,30.0,1,0.616,1.5856,1
LJ500_R064_C077,64,77,699750,9533250,0,1500,2019,10,2019-10,10,19.92,30.59,34.24,8.5388,26.0,4.0,30.0,1,0.3726,0.64,1
LJ500_R064_C078,64,78,700250,9533250,500,1500,2019,10,2019-10,10,24.09,35.99,44.61,12.26,26.0,4.0,30.0,1,0.379,0.64,1
LJ500_R064_C079,64,79,700750,9533250,1000,1500,2019,10,2019-10,10,24.09,35.99,44.61,12.26,26.0,4.0,30.0,1,0.3913,0.6702,1
LJ500_R064_C080,64,80,701250,9533250,1500,1500,2019,10,2019-10,10,24.09,35.99,44.61,12.26,26.0,4.0,30.0,1,0.3993,0.69,1
LJ500_R064_C081,64,81,701750,9533250,2000,1500,2019,10,2019-10,10,24.09,35.99,44.61,12.26,26.0,4.0,30.0,1,0.4194,0.8407,1
LJ500_R064_C082,64,82,702250,9533250,2500,1500,2019,10,2019-10,10,24.09,35.99,44.61,12.26,26.0,4.0,30.0,1,0.426,0.89,1
LJ500_R064_C083,64,83,702750,9533250,3000,1500,2019,10,2019-10,10,24.09,35.99,44.61,12.26,26.0,4.0,30.0,1,0.6702,1.6848,1
LJ500_R064_C084,64,84,703250,9533250,3500,1500,2019,10,2019-10,10,24.09,35.99,44.61,12.26,26.0,4.0,30.0,1,0.6934,1.7774,1
LJ500_R064_C085,64,85,703750,9533250,4000,1500,2019,10,2019-10,10,24.09,35.99,44.61,12.26,26.0,4.0,30.0,1,0.6403,1.91,1
LJ500_R064_C086,64,86,704250,9533250,4500,1500,2019,10,2019-10,10,24.09,35.99,44.61,12.26,26.0,4.0,30.0,1,0.6363,1.9322,1
LJ500_R065_C077,65,77,699750,9533750,0,2000,2019,10,2019-10,10,19.9,30.56,34.2,8.5239,26.0,4.0,30.0,1,0.3622,0.6242,1
LJ500_R065_C078,65,78,700250,9533750,500,2000,2019,10,2019-10,10,24.09,35.99,44.61,12.26,26.0,4.0,30.0,1,0.3628,0.6206,1
LJ500_R065_C079,65,79,700750,9533750,1000,2000,2019,10,2019-10,10,24.09,35.99,44.61,12.26,26.0,4.0,30.0,1,0.3762,0.6467,1
LJ500_R065_C080,65,80,701250,9533750,1500,2000,2019,10,2019-10,10,24.09,35.99,44.61,12.26,26.0,4.0,30.0,1,0.385,0.6639,1
LJ500_R065_C081,65,81,701750,9533750,2000,2000,2019,10,2019-10,10,24.09,35.99,44.61,12.26,26.0,4.0,30.0,1,0.3759,0.7304,1
LJ500_R065_C082,65,82,702250,9533750,2500,2000,2019,10,2019-10,10,24.09,35.99,44.61,12.26,26.0,4.0,30.0,1,0.3727,0.7519,1
LJ500_R065_C083,65,83,702750,9533750,3000,2000,2019,10,2019-10,10,24.09,35.99,44.61,12.26,26.0,4.0,30.0,1,0.5268,1.2114,1
LJ500_R065_C084,65,84,703250,9533750,3500,2000,2019,10,2019-10,10,24.09,35.99,44.61,12.26,26.0,4.0,30.0,1,0.5462,1.2712,1
LJ500_R065_C085,65,85,703750,9533750,4000,2000,2019,10,2019-10,10,24.09,35.99,44.61,12.26,26.0,4.0,30.0,1,0.6047,1.4781,1
LJ500_R065_C086,65,86,704250,9533750,4500,2000,2019,10,2019-10,10,24.09,35.99,44.61,12.26,26.0,4.0,30.0,1,0.6061,1.5611,1
LJ500_R066_C077,66,77,699750,9534250,0,2500,2019,10,2019-10,10,19.89,30.54,34.16,8.509,26.0,4.0,30.0,1,0.3566,0.6155,1
LJ500_R066_C078,66,78,700250,9534250,500,2500,2019,10,2019-10,10,24.09,35.99,44.61,12.26,26.0,4.0,30.0,1,0.354,0.61,1
LJ500_R066_C079,66,79,700750,9534250,1000,2500,2019,10,2019-10,10,24.09,35.99,44.61,12.26,26.0,4.0,30.0,1,0.368,0.634,1
LJ500_R066_C080,66,80,701250,9534250,1500,2500,2019,10,2019-10,10,24.09,35.99,44.61,12.26,26.0,4.0,30.0,1,0.3773,0.65,1
LJ500_R066_C081,66,81,701750,9534250,2000,2500,2019,10,2019-10,10,24.09,35.99,44.61,12.26,26.0,4.0,30.0,1,0.3531,0.6725,1
LJ500_R066_C082,66,82,702250,9534250,2500,2500,2019,10,2019-10,10,24.09,35.99,44.61,12.26,26.0,4.0,30.0,1,0.345,0.68,1
LJ500_R066_C083,66,83,702750,9534250,3000,2500,2019,10,2019-10,10,24.09,35.99,44.61,12.26,26.0,4.0,30.0,1,0.4528,0.9675,1
LJ500_R066_C084,66,84,703250,9534250,3500,2500,2019,10,2019-10,10,24.09,35.99,44.61,12.26,26.0,4.0,30.0,1,0.4708,1.0125,1
LJ500_R066_C085,66,85,703750,9534250,4000,2500,2019,10,2019-10,10,24.09,35.99,44.61,12.26,26.0,4.0,30.0,1,0.5867,1.26,1
LJ500_R066_C086,66,86,704250,9534250,4500,2500,2019,10,2019-10,10,24.09,35.99,44.61,12.26,26.0,4.0,30.0,1,0.5909,1.3745,1
LJ500_R067_C077,67,77,699750,9534750,0,3000,2019,10,2019-10,10,19.87,30.52,34.12,8.4941,26.0,4.0,30.0,1,0.3564,0.6341,1
LJ500_R067_C078,67,78,700250,9534750,500,3000,2019,10,2019-10,10,24.09,35.99,44.61,12.26,26.0,4.0,30.0,1,0.3443,0.602,1
LJ500_R067_C079,67,79,700750,9534750,1000,3000,2019,10,2019-10,10,24.09,35.99,44.61,12.26,26.0,4.0,30.0,1,0.3546,0.621,1
LJ500_R067_C080,67,80,701250,9534750,1500,3000,2019,10,2019-10,10,24.09,35.99,44.61,12.26,26.0,4.0,30.0,1,0.3614,0.6338,1
LJ500_R067_C081,67,81,701750,9534750,2000,3000,2019,10,2019-10,10,24.09,35.99,44.61,12.26,26.0,4.0,30.0,1,0.3651,0.6562,1
LJ500_R067_C082,67,82,702250,9534750,2500,3000,2019,10,2019-10,10,24.09,35.99,44.61,12.26,26.0,4.0,30.0,1,0.3664,0.6637,1
LJ500_R067_C083,67,83,702750,9534750,3000,3000,2019,10,2019-10,10,24.09,35.99,44.61,12.26,26.0,4.0,30.0,1,0.3706,0.709,1
LJ500_R067_C084,67,84,703250,9534750,3500,3000,2019,10,2019-10,10,24.09,35.99,44.61,12.26,26.0,4.0,30.0,1,0.3736,0.7245,1
LJ500_R067_C085,67,85,703750,9534750,4000,3000,2019,10,2019-10,10,24.09,35.99,44.61,12.26,26.0,4.0,30.0,1,0.4314,0.9561,1
LJ500_R067_C086,67,86,704250,9534750,4500,3000,2019,10,2019-10,10,24.09,35.99,44.61,12.26,26.0,4.0,30.0,1,0.4638,1.0443,1
LJ500_R068_C077,68,77,699750,9535250,0,3500,2019,10,2019-10,10,19.85,30.5,34.07,8.4793,26.0,4.0,30.0,1,0.3564,0.6388,1
LJ500_R068_C078,68,78,700250,9535250,500,3500,2019,10,2019-10,10,24.09,35.99,44.61,12.26,26.0,4.0,30.0,1,0.342,0.6,1
LJ500_R068_C079,68,79,700750,9535250,1000,3500,2019,10,2019-10,10,24.09,35.99,44.61,12.26,26.0,4.0,30.0,1,0.3513,0.6178,1
LJ500_R068_C080,68,80,701250,9535250,1500,3500,2019,10,2019-10,10,24.09,35.99,44.61,12.26,26.0,4.0,30.0,1,0.3577,0.63,1
LJ500_R068_C081,68,81,701750,9535250,2000,3500,2019,10,2019-10,10,24.09,35.99,44.61,12.26,26.0,4.0,30.0,1,0.3678,0.6523,1
LJ500_R068_C082,68,82,702250,9535250,2500,3500,2019,10,2019-10,10,24.09,35.99,44.61,12.26,26.0,4.0,30.0,1,0.3713,0.66,1
LJ500_R068_C083,68,83,702750,9535250,3000,3500,2019,10,2019-10,10,24.09,35.99,44.61,12.26,26.0,4.0,30.0,1,0.3523,0.6511,1
LJ500_R068_C084,68,84,703250,9535250,3500,3500,2019,10,2019-10,10,24.09,35.99,44.61,12.26,26.0,4.0,30.0,1,0.3521,0.6604,1
LJ500_R068_C085,68,85,703750,9535250,4000,3500,2019,10,2019-10,10,24.09,35.99,44.61,12.26,26.0,4.0,30.0,1,0.3977,0.89,1
LJ500_R068_C086,68,86,704250,9535250,4500,3500,2019,10,2019-10,10,24.09,35.99,44.61,12.26,26.0,4.0,30.0,1,0.4361,0.9729,1
LJ500_R069_C077,69,77,699750,9535750,0,4000,2019,10,2019-10,10,18.42,28.77,32.08,7.1103,25.62,4.3831,30.0,1,0.3383,0.6134,1
LJ500_R069_C078,69,78,700250,9535750,500,4000,2019,10,2019-10,10,23.84,36.68,44.71,9.1604,25.07,4.931,30.0,1,0.3311,0.5904,1
LJ500_R069_C079,69,79,700750,9535750,1000,4000,2019,10,2019-10,10,23.84,36.68,44.71,9.1527,25.07,4.9333,30.0,1,0.344,0.6196,1
LJ500_R069_C080,69,80,701250,9535750,1500,4000,2019,10,2019-10,10,23.84,36.68,44.71,9.145,25.06,4.9356,30.0,1,0.3528,0.6397,1
LJ500_R069_C081,69,81,701750,9535750,2000,4000,2019,10,2019-10,10,23.83,36.69,44.71,9.1373,25.06,4.9379,30.0,1,0.3316,0.6835,1
LJ500_R069_C082,69,82,702250,9535750,2500,4000,2019,10,2019-10,10,23.83,36.69,44.71,9.1296,25.06,4.9403,30.0,1,0.3241,0.6988,1
LJ500_R069_C083,69,83,702750,9535750,3000,4000,2019,10,2019-10,10,23.83,36.69,44.71,9.1218,25.06,4.9426,30.0,1,0.3183,0.6727,1
LJ500_R069_C084,69,84,703250,9535750,3500,4000,2019,10,2019-10,10,23.83,36.69,44.71,9.114,25.06,4.9449,30.0,1,0.3183,0.6685,1
LJ500_R069_C085,69,85,703750,9535750,4000,4000,2019,10,2019-10,10,23.83,36.69,44.71,9.1062,25.05,4.9473,30.0,1,0.338,0.6455,1
LJ500_R069_C086,69,86,704250,9535750,4500,4000,2019,10,2019-10,10,23.83,36.69,44.71,9.0984,25.05,4.9496,30.0,1,0.336,0.6446,1
LJ500_R070_C077,70,77,699750,9536250,0,4500,2019,10,2019-10,10,18.28,28.6,31.88,6.9994,25.59,4.41,30.0,1,0.3364,0.6118,1
LJ500_R070_C078,70,78,700250,9536250,500,4500,2019,10,2019-10,10,23.82,36.73,44.72,8.9308,25.0,5.0,30.0,1,0.329,0.5888,1
LJ500_R070_C079,70,79,700750,9536250,1000,4500,2019,10,2019-10,10,23.82,36.73,44.72,8.9308,25.0,5.0,30.0,1,0.3418,0.619,1
LJ500_R070_C080,70,80,701250,9536250,1500,4500,2019,10,2019-10,10,23.82,36.73,44.72,8.9308,25.0,5.0,30.0,1,0.3507,0.64,1
LJ500_R070_C081,70,81,701750,9536250,2000,4500,2019,10,2019-10,10,23.82,36.73,44.72,8.9308,25.0,5.0,30.0,1,0.331,0.6788,1
LJ500_R070_C082,70,82,702250,9536250,2500,4500,2019,10,2019-10,10,23.82,36.73,44.72,8.9308,25.0,5.0,30.0,1,0.3242,0.6923,1
LJ500_R070_C083,70,83,702750,9536250,3000,4500,2019,10,2019-10,10,23.82,36.73,44.72,8.9308,25.0,5.0,30.0,1,0.32,0.6667,1
LJ500_R070_C084,70,84,703250,9536250,3500,4500,2019,10,2019-10,10,23.82,36.73,44.72,8.9308,25.0,5.0,30.0,1,0.3201,0.6624,1
LJ500_R070_C085,70,85,703750,9536250,4000,4500,2019,10,2019-10,10,23.82,36.73,44.72,8.9308,25.0,5.0,30.0,1,0.3348,0.6387,1
LJ500_R070_C086,70,86,704250,9536250,4500,4500,2019,10,2019-10,10,23.82,36.73,44.72,8.9308,25.0,5.0,30.0,1,0.3349,0.6463,1
LJ500_R061_C077,61,77,699750,9531750,0,0,2019,11,2019-11,11,82.36,102.33,113.01,17.29,22.57,8.4308,31.0,1,0.2854,0.4911,1
LJ500_R061_C078,61,78,700250,9531750,500,0,2019,11,2019-11,11,95.29,119.37,131.28,19.42,22.0,9.0,31.0,1,0.2933,0.5,1
LJ500_R061_C079,61,79,700750,9531750,1000,0,2019,11,2019-11,11,95.29,119.37,131.28,19.42,22.0,9.0,31.0,1,0.2976,0.5102,1
LJ500_R061_C080,61,80,701250,9531750,1500,0,2019,11,2019-11,11,95.29,119.37,131.28,19.42,22.0,9.0,31.0,1,0.3004,0.5168,1
LJ500_R061_C081,61,81,701750,9531750,2000,0,2019,11,2019-11,11,95.29,119.37,131.28,19.42,22.0,9.0,31.0,1,0.3565,0.6873,1
LJ500_R061_C082,61,82,702250,9531750,2500,0,2019,11,2019-11,11,95.29,119.37,131.28,19.42,22.0,9.0,31.0,1,0.3746,0.7423,1
LJ500_R061_C083,61,83,702750,9531750,3000,0,2019,11,2019-11,11,95.29,119.37,131.28,19.42,22.0,9.0,31.0,1,0.4141,0.8569,1
LJ500_R061_C084,61,84,703250,9531750,3500,0,2019,11,2019-11,11,95.29,119.37,131.28,19.42,22.0,9.0,31.0,1,0.4163,0.8634,1
LJ500_R061_C085,61,85,703750,9531750,4000,0,2019,11,2019-11,11,95.29,119.37,131.28,19.42,22.0,9.0,31.0,1,0.3808,0.7676,1
LJ500_R061_C086,61,86,704250,9531750,4500,0,2019,11,2019-11,11,95.29,119.37,131.28,19.42,22.0,9.0,31.0,1,0.3715,0.7433,1
LJ500_R062_C077,62,77,699750,9532250,0,500,2019,11,2019-11,11,82.31,102.26,112.93,17.28,22.57,8.4285,31.0,1,0.2744,0.4746,1
LJ500_R062_C078,62,78,700250,9532250,500,500,2019,11,2019-11,11,95.29,119.37,131.28,19.42,22.0,9.0,31.0,1,0.2819,0.48,1
LJ500_R062_C079,62,79,700750,9532250,1000,500,2019,11,2019-11,11,95.29,119.37,131.28,19.42,22.0,9.0,31.0,1,0.2906,0.5104,1
LJ500_R062_C080,62,80,701250,9532250,1500,500,2019,11,2019-11,11,95.29,119.37,131.28,19.42,22.0,9.0,31.0,1,0.2961,0.53,1
LJ500_R062_C081,62,81,701750,9532250,2000,500,2019,11,2019-11,11,95.29,119.37,131.28,19.42,22.0,9.0,31.0,1,0.4566,0.9547,1
LJ500_R062_C082,62,82,702250,9532250,2500,500,2019,11,2019-11,11,95.29,119.37,131.28,19.42,22.0,9.0,31.0,1,0.5077,1.09,1
LJ500_R062_C083,62,83,702750,9532250,3000,500,2019,11,2019-11,11,95.29,119.37,131.28,19.42,22.0,9.0,31.0,1,0.5672,1.2625,1
LJ500_R062_C084,62,84,703250,9532250,3500,500,2019,11,2019-11,11,95.29,119.37,131.28,19.42,22.0,9.0,31.0,1,0.5707,1.2737,1
LJ500_R062_C085,62,85,703750,9532250,4000,500,2019,11,2019-11,11,95.29,119.37,131.28,19.42,22.0,9.0,31.0,1,0.5297,1.17,1
LJ500_R062_C086,62,86,704250,9532250,4500,500,2019,11,2019-11,11,95.29,119.37,131.28,19.42,22.0,9.0,31.0,1,0.5025,1.1017,1
LJ500_R063_C077,63,77,699750,9532750,0,1000,2019,11,2019-11,11,82.25,102.19,112.86,17.28,22.57,8.4261,31.0,1,0.2665,0.4776,1
LJ500_R063_C078,63,78,700250,9532750,500,1000,2019,11,2019-11,11,95.29,119.37,131.28,19.42,22.0,9.0,31.0,1,0.2737,0.4751,1
LJ500_R063_C079,63,79,700750,9532750,1000,1000,2019,11,2019-11,11,95.29,119.37,131.28,19.42,22.0,9.0,31.0,1,0.2855,0.5024,1
LJ500_R063_C080,63,80,701250,9532750,1500,1000,2019,11,2019-11,11,95.29,119.37,131.28,19.42,22.0,9.0,31.0,1,0.2931,0.5201,1
LJ500_R063_C081,63,81,701750,9532750,2000,1000,2019,11,2019-11,11,95.29,119.37,131.28,19.42,22.0,9.0,31.0,1,0.4017,0.8267,1
LJ500_R063_C082,63,82,702250,9532750,2500,1000,2019,11,2019-11,11,95.29,119.37,131.28,19.42,22.0,9.0,31.0,1,0.4364,0.9248,1
LJ500_R063_C083,63,83,702750,9532750,3000,1000,2019,11,2019-11,11,95.29,119.37,131.28,19.42,22.0,9.0,31.0,1,0.5555,1.2782,1
LJ500_R063_C084,63,84,703250,9532750,3500,1000,2019,11,2019-11,11,95.29,119.37,131.28,19.42,22.0,9.0,31.0,1,0.565,1.3121,1
LJ500_R063_C085,63,85,703750,9532750,4000,1000,2019,11,2019-11,11,95.29,119.37,131.28,19.42,22.0,9.0,31.0,1,0.514,1.2563,1
LJ500_R063_C086,63,86,704250,9532750,4500,1000,2019,11,2019-11,11,95.29,119.37,131.28,19.42,22.0,9.0,31.0,1,0.4982,1.2236,1
LJ500_R064_C077,64,77,699750,9533250,0,1500,2019,11,2019-11,11,82.2,102.12,112.79,17.27,22.58,8.4238,31.0,1,0.2583,0.4809,1
LJ500_R064_C078,64,78,700250,9533250,500,1500,2019,11,2019-11,11,95.29,119.37,131.28,19.42,22.0,9.0,31.0,1,0.2652,0.47,1
LJ500_R064_C079,64,79,700750,9533250,1000,1500,2019,11,2019-11,11,95.29,119.37,131.28,19.42,22.0,9.0,31.0,1,0.2802,0.4942,1
LJ500_R064_C080,64,80,701250,9533250,1500,1500,2019,11,2019-11,11,95.29,119.37,131.28,19.42,22.0,9.0,31.0,1,0.29,0.51,1
LJ500_R064_C081,64,81,701750,9533250,2000,1500,2019,11,2019-11,11,95.29,119.37,131.28,19.42,22.0,9.0,31.0,1,0.3467,0.6984,1
LJ500_R064_C082,64,82,702250,9533250,2500,1500,2019,11,2019-11,11,95.29,119.37,131.28,19.42,22.0,9.0,31.0,1,0.3652,0.76,1
LJ500_R064_C083,64,83,702750,9533250,3000,1500,2019,11,2019-11,11,95.29,119.37,131.28,19.42,22.0,9.0,31.0,1,0.5438,1.2929,1
LJ500_R064_C084,64,84,703250,9533250,3500,1500,2019,11,2019-11,11,95.29,119.37,131.28,19.42,22.0,9.0,31.0,1,0.5595,1.3495,1
LJ500_R064_C085,64,85,703750,9533250,4000,1500,2019,11,2019-11,11,95.29,119.37,131.28,19.42,22.0,9.0,31.0,1,0.4987,1.34,1
LJ500_R064_C086,64,86,704250,9533250,4500,1500,2019,11,2019-11,11,95.29,119.37,131.28,19.42,22.0,9.0,31.0,1,0.4939,1.34,1
LJ500_R065_C077,65,77,699750,9533750,0,2000,2019,11,2019-11,11,82.15,102.05,112.71,17.26,22.58,8.4215,31.0,1,0.2516,0.4703,1
LJ500_R065_C078,65,78,700250,9533750,500,2000,2019,11,2019-11,11,95.29,119.37,131.28,19.42,22.0,9.0,31.0,1,0.2532,0.47,1
LJ500_R065_C079,65,79,700750,9533750,1000,2000,2019,11,2019-11,11,95.29,119.37,131.28,19.42,22.0,9.0,31.0,1,0.2675,0.4784,1
LJ500_R065_C080,65,80,701250,9533750,1500,2000,2019,11,2019-11,11,95.29,119.37,131.28,19.42,22.0,9.0,31.0,1,0.2769,0.4839,1
LJ500_R065_C081,65,81,701750,9533750,2000,2000,2019,11,2019-11,11,95.29,119.37,131.28,19.42,22.0,9.0,31.0,1,0.3,0.583,1
LJ500_R065_C082,65,82,702250,9533750,2500,2000,2019,11,2019-11,11,95.29,119.37,131.28,19.42,22.0,9.0,31.0,1,0.3075,0.6154,1
LJ500_R065_C083,65,83,702750,9533750,3000,2000,2019,11,2019-11,11,95.29,119.37,131.28,19.42,22.0,9.0,31.0,1,0.4425,0.9978,1
LJ500_R065_C084,65,84,703250,9533750,3500,2000,2019,11,2019-11,11,95.29,119.37,131.28,19.42,22.0,9.0,31.0,1,0.4593,1.0472,1
LJ500_R065_C085,65,85,703750,9533750,4000,2000,2019,11,2019-11,11,95.29,119.37,131.28,19.42,22.0,9.0,31.0,1,0.5034,1.2071,1
LJ500_R065_C086,65,86,704250,9533750,4500,2000,2019,11,2019-11,11,95.29,119.37,131.28,19.42,22.0,9.0,31.0,1,0.4986,1.2279,1
LJ500_R066_C077,66,77,699750,9534250,0,2500,2019,11,2019-11,11,82.1,101.98,112.64,17.25,22.58,8.4192,31.0,1,0.248,0.4645,1
LJ500_R066_C078,66,78,700250,9534250,500,2500,2019,11,2019-11,11,95.29,119.37,131.28,19.42,22.0,9.0,31.0,1,0.2468,0.47,1
LJ500_R066_C079,66,79,700750,9534250,1000,2500,2019,11,2019-11,11,95.29,119.37,131.28,19.42,22.0,9.0,31.0,1,0.2607,0.47,1
LJ500_R066_C080,66,80,701250,9534250,1500,2500,2019,11,2019-11,11,95.29,119.37,131.28,19.42,22.0,9.0,31.0,1,0.27,0.47,1
LJ500_R066_C081,66,81,701750,9534250,2000,2500,2019,11,2019-11,11,95.29,119.37,131.28,19.42,22.0,9.0,31.0,1,0.2756,0.5224,1
LJ500_R066_C082,66,82,702250,9534250,2500,2500,2019,11,2019-11,11,95.29,119.37,131.28,19.42,22.0,9.0,31.0,1,0.2774,0.54,1
LJ500_R066_C083,66,83,702750,9534250,3000,2500,2019,11,2019-11,11,95.29,119.37,131.28,19.42,22.0,9.0,31.0,1,0.3902,0.8455,1
LJ500_R066_C084,66,84,703250,9534250,3500,2500,2019,11,2019-11,11,95.29,119.37,131.28,19.42,22.0,9.0,31.0,1,0.4078,0.8925,1
LJ500_R066_C085,66,85,703750,9534250,4000,2500,2019,11,2019-11,11,95.29,119.37,131.28,19.42,22.0,9.0,31.0,1,0.5058,1.14,1
LJ500_R066_C086,66,86,704250,9534250,4500,2500,2019,11,2019-11,11,95.29,119.37,131.28,19.42,22.0,9.0,31.0,1,0.501,1.1716,1
LJ500_R067_C077,67,77,699750,9534750,0,3000,2019,11,2019-11,11,82.04,101.91,112.56,17.24,22.58,8.4169,31.0,1,0.2528,0.4661,1
LJ500_R067_C078,67,78,700250,9534750,500,3000,2019,11,2019-11,11,95.29,119.37,131.28,19.42,22.0,9.0,31.0,1,0.2405,0.4539,1
LJ500_R067_C079,67,79,700750,9534750,1000,3000,2019,11,2019-11,11,95.29,119.37,131.28,19.42,22.0,9.0,31.0,1,0.2514,0.4539,1
LJ500_R067_C080,67,80,701250,9534750,1500,3000,2019,11,2019-11,11,95.29,119.37,131.28,19.42,22.0,9.0,31.0,1,0.2588,0.4538,1
LJ500_R067_C081,67,81,701750,9534750,2000,3000,2019,11,2019-11,11,95.29,119.37,131.28,19.42,22.0,9.0,31.0,1,0.2698,0.4818,1
LJ500_R067_C082,67,82,702250,9534750,2500,3000,2019,11,2019-11,11,95.29,119.37,131.28,19.42,22.0,9.0,31.0,1,0.2735,0.4911,1
LJ500_R067_C083,67,83,702750,9534750,3000,3000,2019,11,2019-11,11,95.29,119.37,131.28,19.42,22.0,9.0,31.0,1,0.2908,0.5615,1
LJ500_R067_C084,67,84,703250,9534750,3500,3000,2019,11,2019-11,11,95.29,119.37,131.28,19.42,22.0,9.0,31.0,1,0.2964,0.581,1
LJ500_R067_C085,67,85,703750,9534750,4000,3000,2019,11,2019-11,11,95.29,119.37,131.28,19.42,22.0,9.0,31.0,1,0.377,0.8361,1
LJ500_R067_C086,67,86,704250,9534750,4500,3000,2019,11,2019-11,11,95.29,119.37,131.28,19.42,22.0,9.0,31.0,1,0.4032,0.9114,1
LJ500_R068_C077,68,77,699750,9535250,0,3500,2019,11,2019-11,11,81.99,101.84,112.49,17.23,22.59,8.4146,31.0,1,0.2541,0.4666,1
LJ500_R068_C078,68,78,700250,9535250,500,3500,2019,11,2019-11,11,95.29,119.37,131.28,19.42,22.0,9.0,31.0,1,0.239,0.45,1
LJ500_R068_C079,68,79,700750,9535250,1000,3500,2019,11,2019-11,11,95.29,119.37,131.28,19.42,22.0,9.0,31.0,1,0.2492,0.45,1
LJ500_R068_C080,68,80,701250,9535250,1500,3500,2019,11,2019-11,11,95.29,119.37,131.28,19.42,22.0,9.0,31.0,1,0.2561,0.45,1
LJ500_R068_C081,68,81,701750,9535250,2000,3500,2019,11,2019-11,11,95.29,119.37,131.28,19.42,22.0,9.0,31.0,1,0.2684,0.4723,1
LJ500_R068_C082,68,82,702250,9535250,2500,3500,2019,11,2019-11,11,95.29,119.37,131.28,19.42,22.0,9.0,31.0,1,0.2726,0.48,1
LJ500_R068_C083,68,83,702750,9535250,3000,3500,2019,11,2019-11,11,95.29,119.37,131.28,19.42,22.0,9.0,31.0,1,0.2685,0.4979,1
LJ500_R068_C084,68,84,703250,9535250,3500,3500,2019,11,2019-11,11,95.29,119.37,131.28,19.42,22.0,9.0,31.0,1,0.2716,0.5117,1
LJ500_R068_C085,68,85,703750,9535250,4000,3500,2019,11,2019-11,11,95.29,119.37,131.28,19.42,22.0,9.0,31.0,1,0.349,0.77,1
LJ500_R068_C086,68,86,704250,9535250,4500,3500,2019,11,2019-11,11,95.29,119.37,131.28,19.42,22.0,9.0,31.0,1,0.3819,0.8548,1
LJ500_R069_C077,69,77,699750,9535750,0,4000,2019,11,2019-11,11,74.02,92.44,102.79,16.69,22.43,8.5748,31.0,1,0.2411,0.4464,1
LJ500_R069_C078,69,78,700250,9535750,500,4000,2019,11,2019-11,11,85.95,109.79,122.63,17.85,22.93,8.069,31.0,1,0.2338,0.4404,1
LJ500_R069_C079,69,79,700750,9535750,1000,4000,2019,11,2019-11,11,85.93,109.76,122.61,17.84,22.93,8.0667,31.0,1,0.2479,0.4518,1
LJ500_R069_C080,69,80,701250,9535750,1500,4000,2019,11,2019-11,11,85.9,109.74,122.59,17.84,22.94,8.0644,31.0,1,0.2577,0.4597,1
LJ500_R069_C081,69,81,701750,9535750,2000,4000,2019,11,2019-11,11,85.88,109.71,122.57,17.84,22.94,8.0621,31.0,1,0.2685,0.5467,1
LJ500_R069_C082,69,82,702250,9535750,2500,4000,2019,11,2019-11,11,85.86,109.69,122.54,17.83,22.94,8.0597,31.0,1,0.2723,0.5771,1
LJ500_R069_C083,69,83,702750,9535750,3000,4000,2019,11,2019-11,11,85.83,109.67,122.52,17.83,22.94,8.0574,31.0,1,0.2621,0.5518,1
LJ500_R069_C084,69,84,703250,9535750,3500,4000,2019,11,2019-11,11,85.81,109.64,122.5,17.82,22.94,8.0551,31.0,1,0.2608,0.5467,1
LJ500_R069_C085,69,85,703750,9535750,4000,4000,2019,11,2019-11,11,85.79,109.62,122.48,17.82,22.95,8.0527,31.0,1,0.261,0.4961,1
LJ500_R069_C086,69,86,704250,9535750,4500,4000,2019,11,2019-11,11,85.76,109.59,122.46,17.82,22.95,8.0504,31.0,1,0.2607,0.5008,1
LJ500_R070_C077,70,77,699750,9536250,0,4500,2019,11,2019-11,11,73.37,91.65,101.97,16.64,22.41,8.59,31.0,1,0.2404,0.4457,1
LJ500_R070_C078,70,78,700250,9536250,500,4500,2019,11,2019-11,11,85.26,109.08,121.99,17.73,23.0,8.0,31.0,1,0.2329,0.4388,1
LJ500_R070_C079,70,79,700750,9536250,1000,4500,2019,11,2019-11,11,85.26,109.08,121.99,17.73,23.0,8.0,31.0,1,0.2474,0.452,1
LJ500_R070_C080,70,80,701250,9536250,1500,4500,2019,11,2019-11,11,85.26,109.08,121.99,17.73,23.0,8.0,31.0,1,0.2574,0.4612,1
LJ500_R070_C081,70,81,701750,9536250,2000,4500,2019,11,2019-11,11,85.26,109.08,121.99,17.73,23.0,8.0,31.0,1,0.2667,0.5398,1
LJ500_R070_C082,70,82,702250,9536250,2500,4500,2019,11,2019-11,11,85.26,109.08,121.99,17.73,23.0,8.0,31.0,1,0.27,0.5672,1
LJ500_R070_C083,70,83,702750,9536250,3000,4500,2019,11,2019-11,11,85.26,109.08,121.99,17.73,23.0,8.0,31.0,1,0.2608,0.5415,1
LJ500_R070_C084,70,84,703250,9536250,3500,4500,2019,11,2019-11,11,85.26,109.08,121.99,17.73,23.0,8.0,31.0,1,0.2596,0.5362,1
LJ500_R070_C085,70,85,703750,9536250,4000,4500,2019,11,2019-11,11,85.26,109.08,121.99,17.73,23.0,8.0,31.0,1,0.2579,0.4887,1
LJ500_R070_C086,70,86,704250,9536250,4500,4500,2019,11,2019-11,11,85.26,109.08,121.99,17.73,23.0,8.0,31.0,1,0.2606,0.5025,1
LJ500_R061_C077,61,77,699750,9531750,0,0,2019,12,2019-12,12,53.4,135.75,155.73,17.5,23.0,7.0,30.0,1,0.2075,0.6344,1
LJ500_R061_C078,61,78,700250,9531750,500,0,2019,12,2019-12,12,55.21,150.5,174.58,18.63,23.0,7.0,30.0,1,0.2145,0.6433,1
LJ500_R061_C079,61,79,700750,9531750,1000,0,2019,12,2019-12,12,55.21,150.5,174.58,18.63,23.0,7.0,30.0,1,0.2183,0.6453,1
LJ500_R061_C080,61,80,701250,9531750,1500,0,2019,12,2019-12,12,55.21,150.5,174.58,18.63,23.0,7.0,30.0,1,0.2207,0.6466,1
LJ500_R061_C081,61,81,701750,9531750,2000,0,2019,12,2019-12,12,55.21,150.5,174.58,18.63,23.0,7.0,30.0,1,0.2537,0.7735,1
LJ500_R061_C082,61,82,702250,9531750,2500,0,2019,12,2019-12,12,55.21,150.5,174.58,18.63,23.0,7.0,30.0,1,0.2644,0.8144,1
LJ500_R061_C083,61,83,702750,9531750,3000,0,2019,12,2019-12,12,55.21,150.5,174.58,18.63,23.0,7.0,30.0,1,0.2878,0.891,1
LJ500_R061_C084,61,84,703250,9531750,3500,0,2019,12,2019-12,12,55.21,150.5,174.58,18.63,23.0,7.0,30.0,1,0.2891,0.8951,1
LJ500_R061_C085,61,85,703750,9531750,4000,0,2019,12,2019-12,12,55.21,150.5,174.58,18.63,23.0,7.0,30.0,1,0.2704,0.8285,1
LJ500_R061_C086,61,86,704250,9531750,4500,0,2019,12,2019-12,12,55.21,150.5,174.58,18.63,23.0,7.0,30.0,1,0.2656,0.8127,1
LJ500_R062_C077,62,77,699750,9532250,0,500,2019,12,2019-12,12,53.39,135.69,155.65,17.5,23.0,7.0,30.0,1,0.1976,0.6138,1
LJ500_R062_C078,62,78,700250,9532250,500,500,2019,12,2019-12,12,55.21,150.5,174.58,18.63,23.0,7.0,30.0,1,0.205,0.63,1
LJ500_R062_C079,62,79,700750,9532250,1000,500,2019,12,2019-12,12,55.21,150.5,174.58,18.63,23.0,7.0,30.0,1,0.2137,0.6361,1
LJ500_R062_C080,62,80,701250,9532250,1500,500,2019,12,2019-12,12,55.21,150.5,174.58,18.63,23.0,7.0,30.0,1,0.2193,0.64,1
LJ500_R062_C081,62,81,701750,9532250,2000,500,2019,12,2019-12,12,55.21,150.5,174.58,18.63,23.0,7.0,30.0,1,0.3154,0.9813,1
LJ500_R062_C082,62,82,702250,9532250,2500,500,2019,12,2019-12,12,55.21,150.5,174.58,18.63,23.0,7.0,30.0,1,0.346,1.09,1
LJ500_R062_C083,62,83,702750,9532250,3000,500,2019,12,2019-12,12,55.21,150.5,174.58,18.63,23.0,7.0,30.0,1,0.3741,1.1536,1
LJ500_R062_C084,62,84,703250,9532250,3500,500,2019,12,2019-12,12,55.21,150.5,174.58,18.63,23.0,7.0,30.0,1,0.3762,1.1589,1
LJ500_R062_C085,62,85,703750,9532250,4000,500,2019,12,2019-12,12,55.21,150.5,174.58,18.63,23.0,7.0,30.0,1,0.3637,1.14,1
LJ500_R062_C086,62,86,704250,9532250,4500,500,2019,12,2019-12,12,55.21,150.5,174.58,18.63,23.0,7.0,30.0,1,0.3493,1.0966,1
LJ500_R063_C077,63,77,699750,9532750,0,1000,2019,12,2019-12,12,53.38,135.63,155.57,17.49,23.0,7.0,30.0,1,0.1903,0.599,1
LJ500_R063_C078,63,78,700250,9532750,500,1000,2019,12,2019-12,12,55.21,150.5,174.58,18.63,23.0,7.0,30.0,1,0.1976,0.6153,1
LJ500_R063_C079,63,79,700750,9532750,1000,1000,2019,12,2019-12,12,55.21,150.5,174.58,18.63,23.0,7.0,30.0,1,0.2092,0.6272,1
LJ500_R063_C080,63,80,701250,9532750,1500,1000,2019,12,2019-12,12,55.21,150.5,174.58,18.63,23.0,7.0,30.0,1,0.2167,0.635,1
LJ500_R063_C081,63,81,701750,9532750,2000,1000,2019,12,2019-12,12,55.21,150.5,174.58,18.63,23.0,7.0,30.0,1,0.2829,0.8848,1
LJ500_R063_C082,63,82,702250,9532750,2500,1000,2019,12,2019-12,12,55.21,150.5,174.58,18.63,23.0,7.0,30.0,1,0.3041,0.9648,1
LJ500_R063_C083,63,83,702750,9532750,3000,1000,2019,12,2019-12,12,55.21,150.5,174.58,18.63,23.0,7.0,30.0,1,0.3513,1.0367,1
LJ500_R063_C084,63,84,703250,9532750,3500,1000,2019,12,2019-12,12,55.21,150.5,174.58,18.63,23.0,7.0,30.0,1,0.3556,1.0413,1
LJ500_R063_C085,63,85,703750,9532750,4000,1000,2019,12,2019-12,12,55.21,150.5,174.58,18.63,23.0,7.0,30.0,1,0.3464,0.9978,1
LJ500_R063_C086,63,86,704250,9532750,4500,1000,2019,12,2019-12,12,55.21,150.5,174.58,18.63,23.0,7.0,30.0,1,0.3415,0.9803,1
LJ500_R064_C077,64,77,699750,9533250,0,1500,2019,12,2019-12,12,53.37,135.57,155.5,17.49,23.0,7.0,30.0,1,0.1827,0.5836,1
LJ500_R064_C078,64,78,700250,9533250,500,1500,2019,12,2019-12,12,55.21,150.5,174.58,18.63,23.0,7.0,30.0,1,0.19,0.6,1
LJ500_R064_C079,64,79,700750,9533250,1000,1500,2019,12,2019-12,12,55.21,150.5,174.58,18.63,23.0,7.0,30.0,1,0.2045,0.6181,1
LJ500_R064_C080,64,80,701250,9533250,1500,1500,2019,12,2019-12,12,55.21,150.5,174.58,18.63,23.0,7.0,30.0,1,0.214,0.63,1
LJ500_R064_C081,64,81,701750,9533250,2000,1500,2019,12,2019-12,12,55.21,150.5,174.58,18.63,23.0,7.0,30.0,1,0.2504,0.7883,1
LJ500_R064_C082,64,82,702250,9533250,2500,1500,2019,12,2019-12,12,55.21,150.5,174.58,18.63,23.0,7.0,30.0,1,0.2623,0.84,1
LJ500_R064_C083,64,83,702750,9533250,3000,1500,2019,12,2019-12,12,55.21,150.5,174.58,18.63,23.0,7.0,30.0,1,0.3286,0.9213,1
LJ500_R064_C084,64,84,703250,9533250,3500,1500,2019,12,2019-12,12,55.21,150.5,174.58,18.63,23.0,7.0,30.0,1,0.3354,0.9263,1
LJ500_R064_C085,64,85,703750,9533250,4000,1500,2019,12,2019-12,12,55.21,150.5,174.58,18.63,23.0,7.0,30.0,1,0.3297,0.86,1
LJ500_R064_C086,64,86,704250,9533250,4500,1500,2019,12,2019-12,12,55.21,150.5,174.58,18.63,23.0,7.0,30.0,1,0.3339,0.8681,1
LJ500_R065_C077,65,77,699750,9533750,0,2000,2019,12,2019-12,12,53.37,135.51,155.42,17.48,23.0,7.0,30.0,1,0.1773,0.5719,1
LJ500_R065_C078,65,78,700250,9533750,500,2000,2019,12,2019-12,12,55.21,150.5,174.58,18.63,23.0,7.0,30.0,1,0.1788,0.5741,1
LJ500_R065_C079,65,79,700750,9533750,1000,2000,2019,12,2019-12,12,55.21,150.5,174.58,18.63,23.0,7.0,30.0,1,0.1929,0.596,1
LJ500_R065_C080,65,80,701250,9533750,1500,2000,2019,12,2019-12,12,55.21,150.5,174.58,18.63,23.0,7.0,30.0,1,0.2022,0.6104,1
LJ500_R065_C081,65,81,701750,9533750,2000,2000,2019,12,2019-12,12,55.21,150.5,174.58,18.63,23.0,7.0,30.0,1,0.2183,0.6795,1
LJ500_R065_C082,65,82,702250,9533750,2500,2000,2019,12,2019-12,12,55.21,150.5,174.58,18.63,23.0,7.0,30.0,1,0.2235,0.7019,1
LJ500_R065_C083,65,83,702750,9533750,3000,2000,2019,12,2019-12,12,55.21,150.5,174.58,18.63,23.0,7.0,30.0,1,0.297,0.9073,1
LJ500_R065_C084,65,84,703250,9533750,3500,2000,2019,12,2019-12,12,55.21,150.5,174.58,18.63,23.0,7.0,30.0,1,0.3068,0.9344,1
LJ500_R065_C085,65,85,703750,9533750,4000,2000,2019,12,2019-12,12,55.21,150.5,174.58,18.63,23.0,7.0,30.0,1,0.3418,1.0195,1
LJ500_R065_C086,65,86,704250,9533750,4500,2000,2019,12,2019-12,12,55.21,150.5,174.58,18.63,23.0,7.0,30.0,1,0.3397,0.9894,1
LJ500_R066_C077,66,77,699750,9534250,0,2500,2019,12,2019-12,12,53.36,135.45,155.34,17.48,23.0,7.0,30.0,1,0.1743,0.5655,1
LJ500_R066_C078,66,78,700250,9534250,500,2500,2019,12,2019-12,12,55.21,150.5,174.58,18.63,23.0,7.0,30.0,1,0.1727,0.56,1
LJ500_R066_C079,66,79,700750,9534250,1000,2500,2019,12,2019-12,12,55.21,150.5,174.58,18.63,23.0,7.0,30.0,1,0.1867,0.584,1
LJ500_R066_C080,66,80,701250,9534250,1500,2500,2019,12,2019-12,12,55.21,150.5,174.58,18.63,23.0,7.0,30.0,1,0.196,0.6,1
LJ500_R066_C081,66,81,701750,9534250,2000,2500,2019,12,2019-12,12,55.21,150.5,174.58,18.63,23.0,7.0,30.0,1,0.2015,0.6225,1
LJ500_R066_C082,66,82,702250,9534250,2500,2500,2019,12,2019-12,12,55.21,150.5,174.58,18.63,23.0,7.0,30.0,1,0.2033,0.63,1
LJ500_R066_C083,66,83,702750,9534250,3000,2500,2019,12,2019-12,12,55.21,150.5,174.58,18.63,23.0,7.0,30.0,1,0.2806,0.8996,1
LJ500_R066_C084,66,84,703250,9534250,3500,2500,2019,12,2019-12,12,55.21,150.5,174.58,18.63,23.0,7.0,30.0,1,0.2921,0.9382,1
LJ500_R066_C085,66,85,703750,9534250,4000,2500,2019,12,2019-12,12,55.21,150.5,174.58,18.63,23.0,7.0,30.0,1,0.348,1.1,1
LJ500_R066_C086,66,86,704250,9534250,4500,2500,2019,12,2019-12,12,55.21,150.5,174.58,18.63,23.0,7.0,30.0,1,0.3427,1.0507,1
LJ500_R067_C077,67,77,699750,9534750,0,3000,2019,12,2019-12,12,53.35,135.39,155.27,17.47,23.0,7.0,30.0,1,0.1821,0.5796,1
LJ500_R067_C078,67,78,700250,9534750,500,3000,2019,12,2019-12,12,55.21,150.5,174.58,18.63,23.0,7.0,30.0,1,0.1689,0.552,1
LJ500_R067_C079,67,79,700750,9534750,1000,3000,2019,12,2019-12,12,55.21,150.5,174.58,18.63,23.0,7.0,30.0,1,0.1804,0.571,1
LJ500_R067_C080,67,80,701250,9534750,1500,3000,2019,12,2019-12,12,55.21,150.5,174.58,18.63,23.0,7.0,30.0,1,0.1882,0.5838,1
LJ500_R067_C081,67,81,701750,9534750,2000,3000,2019,12,2019-12,12,55.21,150.5,174.58,18.63,23.0,7.0,30.0,1,0.1973,0.6001,1
LJ500_R067_C082,67,82,702250,9534750,2500,3000,2019,12,2019-12,12,55.21,150.5,174.58,18.63,23.0,7.0,30.0,1,0.2003,0.6056,1
LJ500_R067_C083,67,83,702750,9534750,3000,3000,2019,12,2019-12,12,55.21,150.5,174.58,18.63,23.0,7.0,30.0,1,0.214,0.6548,1
LJ500_R067_C084,67,84,703250,9534750,3500,3000,2019,12,2019-12,12,55.21,150.5,174.58,18.63,23.0,7.0,30.0,1,0.2181,0.6697,1
LJ500_R067_C085,67,85,703750,9534750,4000,3000,2019,12,2019-12,12,55.21,150.5,174.58,18.63,23.0,7.0,30.0,1,0.2755,0.8783,1
LJ500_R067_C086,67,86,704250,9534750,4500,3000,2019,12,2019-12,12,55.21,150.5,174.58,18.63,23.0,7.0,30.0,1,0.2888,0.9108,1
LJ500_R068_C077,68,77,699750,9535250,0,3500,2019,12,2019-12,12,53.34,135.34,155.19,17.47,23.0,7.0,30.0,1,0.1841,0.5833,1
LJ500_R068_C078,68,78,700250,9535250,500,3500,2019,12,2019-12,12,55.21,150.5,174.58,18.63,23.0,7.0,30.0,1,0.168,0.55,1
LJ500_R068_C079,68,79,700750,9535250,1000,3500,2019,12,2019-12,12,55.21,150.5,174.58,18.63,23.0,7.0,30.0,1,0.1789,0.5678,1
LJ500_R068_C080,68,80,701250,9535250,1500,3500,2019,12,2019-12,12,55.21,150.5,174.58,18.63,23.0,7.0,30.0,1,0.1863,0.58,1
LJ500_R068_C081,68,81,701750,9535250,2000,3500,2019,12,2019-12,12,55.21,150.5,174.58,18.63,23.0,7.0,30.0,1,0.1963,0.5949,1
LJ500_R068_C082,68,82,702250,9535250,2500,3500,2019,12,2019-12,12,55.21,150.5,174.58,18.63,23.0,7.0,30.0,1,0.1997,0.6,1
LJ500_R068_C083,68,83,702750,9535250,3000,3500,2019,12,2019-12,12,55.21,150.5,174.58,18.63,23.0,7.0,30.0,1,0.1991,0.6,1
LJ500_R068_C084,68,84,703250,9535250,3500,3500,2019,12,2019-12,12,55.21,150.5,174.58,18.63,23.0,7.0,30.0,1,0.2016,0.61,1
LJ500_R068_C085,68,85,703750,9535250,4000,3500,2019,12,2019-12,12,55.21,150.5,174.58,18.63,23.0,7.0,30.0,1,0.2597,0.83,1
LJ500_R068_C086,68,86,704250,9535250,4500,3500,2019,12,2019-12,12,55.21,150.5,174.58,18.63,23.0,7.0,30.0,1,0.2771,0.8801,1
LJ500_R069_C077,69,77,699750,9535750,0,4000,2019,12,2019-12,12,53.57,127.59,146.0,14.13,22.62,7.3831,30.0,1,0.1746,0.5578,1
LJ500_R069_C078,69,78,700250,9535750,500,4000,2019,12,2019-12,12,55.15,141.1,164.94,12.36,22.07,7.931,30.0,1,0.1654,0.5404,1
LJ500_R069_C079,69,79,700750,9535750,1000,4000,2019,12,2019-12,12,55.15,141.08,164.91,12.35,22.07,7.9333,30.0,1,0.1797,0.5639,1
LJ500_R069_C080,69,80,701250,9535750,1500,4000,2019,12,2019-12,12,55.15,141.05,164.89,12.33,22.06,7.9356,30.0,1,0.1896,0.58,1
LJ500_R069_C081,69,81,701750,9535750,2000,4000,2019,12,2019-12,12,55.15,141.03,164.87,12.32,22.06,7.9379,30.0,1,0.1985,0.6308,1
LJ500_R069_C082,69,82,702250,9535750,2500,4000,2019,12,2019-12,12,55.15,141.01,164.84,12.3,22.06,7.9403,30.0,1,0.2016,0.6486,1
LJ500_R069_C083,69,83,702750,9535750,3000,4000,2019,12,2019-12,12,55.15,140.98,164.82,12.28,22.06,7.9426,30.0,1,0.1961,0.6226,1
LJ500_R069_C084,69,84,703250,9535750,3500,4000,2019,12,2019-12,12,55.15,140.96,164.79,12.27,22.06,7.9449,30.0,1,0.1953,0.6181,1
LJ500_R069_C085,69,85,703750,9535750,4000,4000,2019,12,2019-12,12,55.15,140.94,164.77,12.25,22.05,7.9473,30.0,1,0.1932,0.5855,1
LJ500_R069_C086,69,86,704250,9535750,4500,4000,2019,12,2019-12,12,55.15,140.91,164.74,12.24,22.05,7.9496,30.0,1,0.1929,0.5877,1
LJ500_R070_C077,70,77,699750,9536250,0,4500,2019,12,2019-12,12,53.58,126.95,145.23,13.88,22.59,7.41,30.0,1,0.1742,0.5569,1
LJ500_R070_C078,70,78,700250,9536250,500,4500,2019,12,2019-12,12,55.15,140.4,164.22,11.9,22.0,8.0,30.0,1,0.165,0.5388,1
LJ500_R070_C079,70,79,700750,9536250,1000,4500,2019,12,2019-12,12,55.15,140.4,164.22,11.9,22.0,8.0,30.0,1,0.1794,0.5631,1
LJ500_R070_C080,70,80,701250,9536250,1500,4500,2019,12,2019-12,12,55.15,140.4,164.22,11.9,22.0,8.0,30.0,1,0.1895,0.58,1
LJ500_R070_C081,70,81,701750,9536250,2000,4500,2019,12,2019-12,12,55.15,140.4,164.22,11.9,22.0,8.0,30.0,1,0.1972,0.6243,1
LJ500_R070_C082,70,82,702250,9536250,2500,4500,2019,12,2019-12,12,55.15,140.4,164.22,11.9,22.0,8.0,30.0,1,0.1999,0.6398,1
LJ500_R070_C083,70,83,702750,9536250,3000,4500,2019,12,2019-12,12,55.15,140.4,164.22,11.9,22.0,8.0,30.0,1,0.1946,0.6164,1
LJ500_R070_C084,70,84,703250,9536250,3500,4500,2019,12,2019-12,12,55.15,140.4,164.22,11.9,22.0,8.0,30.0,1,0.1938,0.612,1
LJ500_R070_C085,70,85,703750,9536250,4000,4500,2019,12,2019-12,12,55.15,140.4,164.22,11.9,22.0,8.0,30.0,1,0.1907,0.5787,1
LJ500_R070_C086,70,86,704250,9536250,4500,4500,2019,12,2019-12,12,55.15,140.4,164.22,11.9,22.0,8.0,30.0,1,0.1929,0.589,1
LJ500_R061_C077,61,77,699750,9531750,0,0,2020,1,2020-01,13,154.15,207.55,289.9,28.11,22.14,8.8616,31.0,1,0.2213,0.4739,1
LJ500_R061_C078,61,78,700250,9531750,500,0,2020,1,2020-01,13,162.37,217.58,312.87,23.99,21.0,10.0,31.0,1,0.2278,0.49,1
LJ500_R061_C079,61,79,700750,9531750,1000,0,2020,1,2020-01,13,162.37,217.58,312.87,23.99,21.0,10.0,31.0,1,0.2339,0.5042,1
LJ500_R061_C080,61,80,701250,9531750,1500,0,2020,1,2020-01,13,162.37,217.58,312.87,23.99,21.0,10.0,31.0,1,0.2378,0.5134,1
LJ500_R061_C081,61,81,701750,9531750,2000,0,2020,1,2020-01,13,162.37,217.58,312.87,23.99,21.0,10.0,31.0,1,0.3143,0.6839,1
LJ500_R061_C082,61,82,702250,9531750,2500,0,2020,1,2020-01,13,162.37,217.58,312.87,23.99,21.0,10.0,31.0,1,0.3389,0.7388,1
LJ500_R061_C083,61,83,702750,9531750,3000,0,2020,1,2020-01,13,162.37,217.58,312.87,23.99,21.0,10.0,31.0,1,0.3765,0.8576,1
LJ500_R061_C084,61,84,703250,9531750,3500,0,2020,1,2020-01,13,162.37,217.58,312.87,23.99,21.0,10.0,31.0,1,0.3784,0.8657,1
LJ500_R061_C085,61,85,703750,9531750,4000,0,2020,1,2020-01,13,162.37,217.58,312.87,23.99,21.0,10.0,31.0,1,0.3428,0.7846,1
LJ500_R061_C086,61,86,704250,9531750,4500,0,2020,1,2020-01,13,162.37,217.58,312.87,23.99,21.0,10.0,31.0,1,0.3351,0.7588,1
LJ500_R062_C077,62,77,699750,9532250,0,500,2020,1,2020-01,13,154.12,207.5,289.81,28.13,22.14,8.8569,31.0,1,0.2115,0.4538,1
LJ500_R062_C078,62,78,700250,9532250,500,500,2020,1,2020-01,13,162.37,217.58,312.87,23.99,21.0,10.0,31.0,1,0.2177,0.47,1
LJ500_R062_C079,62,79,700750,9532250,1000,500,2020,1,2020-01,13,162.37,217.58,312.87,23.99,21.0,10.0,31.0,1,0.2331,0.5004,1
LJ500_R062_C080,62,80,701250,9532250,1500,500,2020,1,2020-01,13,162.37,217.58,312.87,23.99,21.0,10.0,31.0,1,0.2429,0.52,1
LJ500_R062_C081,62,81,701750,9532250,2000,500,2020,1,2020-01,13,162.37,217.58,312.87,23.99,21.0,10.0,31.0,1,0.4159,0.9447,1
LJ500_R062_C082,62,82,702250,9532250,2500,500,2020,1,2020-01,13,162.37,217.58,312.87,23.99,21.0,10.0,31.0,1,0.471,1.08,1
LJ500_R062_C083,62,83,702750,9532250,3000,500,2020,1,2020-01,13,162.37,217.58,312.87,23.99,21.0,10.0,31.0,1,0.5067,1.3161,1
LJ500_R062_C084,62,84,703250,9532250,3500,500,2020,1,2020-01,13,162.37,217.58,312.87,23.99,21.0,10.0,31.0,1,0.5094,1.332,1
LJ500_R062_C085,62,85,703750,9532250,4000,500,2020,1,2020-01,13,162.37,217.58,312.87,23.99,21.0,10.0,31.0,1,0.4935,1.2,1
LJ500_R062_C086,62,86,704250,9532250,4500,500,2020,1,2020-01,13,162.37,217.58,312.87,23.99,21.0,10.0,31.0,1,0.472,1.1235,1
LJ500_R063_C077,63,77,699750,9532750,0,1000,2020,1,2020-01,13,154.08,207.46,289.72,28.14,22.15,8.8523,31.0,1,0.2052,0.4364,1
LJ500_R063_C078,63,78,700250,9532750,500,1000,2020,1,2020-01,13,162.37,217.58,312.87,23.99,21.0,10.0,31.0,1,0.2108,0.4553,1
LJ500_R063_C079,63,79,700750,9532750,1000,1000,2020,1,2020-01,13,162.37,217.58,312.87,23.99,21.0,10.0,31.0,1,0.2279,0.4915,1
LJ500_R063_C080,63,80,701250,9532750,1500,1000,2020,1,2020-01,13,162.37,217.58,312.87,23.99,21.0,10.0,31.0,1,0.2391,0.515,1
LJ500_R063_C081,63,81,701750,9532750,2000,1000,2020,1,2020-01,13,162.37,217.58,312.87,23.99,21.0,10.0,31.0,1,0.3696,0.8103,1
LJ500_R063_C082,63,82,702250,9532750,2500,1000,2020,1,2020-01,13,162.37,217.58,312.87,23.99,21.0,10.0,31.0,1,0.4114,0.9048,1
LJ500_R063_C083,63,83,702750,9532750,3000,1000,2020,1,2020-01,13,162.37,217.58,312.87,23.99,21.0,10.0,31.0,1,0.4679,1.3898,1
LJ500_R063_C084,63,84,703250,9532750,3500,1000,2020,1,2020-01,13,162.37,217.58,312.87,23.99,21.0,10.0,31.0,1,0.4705,1.437,1
LJ500_R063_C085,63,85,703750,9532750,4000,1000,2020,1,2020-01,13,162.37,217.58,312.87,23.99,21.0,10.0,31.0,1,0.4151,1.3675,1
LJ500_R063_C086,63,86,704250,9532750,4500,1000,2020,1,2020-01,13,162.37,217.58,312.87,23.99,21.0,10.0,31.0,1,0.4042,1.3271,1
LJ500_R064_C077,64,77,699750,9533250,0,1500,2020,1,2020-01,13,154.05,207.42,289.62,28.16,22.15,8.8477,31.0,1,0.1986,0.4182,1
LJ500_R064_C078,64,78,700250,9533250,500,1500,2020,1,2020-01,13,162.37,217.58,312.87,23.99,21.0,10.0,31.0,1,0.2035,0.44,1
LJ500_R064_C079,64,79,700750,9533250,1000,1500,2020,1,2020-01,13,162.37,217.58,312.87,23.99,21.0,10.0,31.0,1,0.2227,0.4823,1
LJ500_R064_C080,64,80,701250,9533250,1500,1500,2020,1,2020-01,13,162.37,217.58,312.87,23.99,21.0,10.0,31.0,1,0.2352,0.51,1
LJ500_R064_C081,64,81,701750,9533250,2000,1500,2020,1,2020-01,13,162.37,217.58,312.87,23.99,21.0,10.0,31.0,1,0.3232,0.6758,1
LJ500_R064_C082,64,82,702250,9533250,2500,1500,2020,1,2020-01,13,162.37,217.58,312.87,23.99,21.0,10.0,31.0,1,0.3519,0.73,1
LJ500_R064_C083,64,83,702750,9533250,3000,1500,2020,1,2020-01,13,162.37,217.58,312.87,23.99,21.0,10.0,31.0,1,0.4294,1.4616,1
LJ500_R064_C084,64,84,703250,9533250,3500,1500,2020,1,2020-01,13,162.37,217.58,312.87,23.99,21.0,10.0,31.0,1,0.4325,1.5395,1
LJ500_R064_C085,64,85,703750,9533250,4000,1500,2020,1,2020-01,13,162.37,217.58,312.87,23.99,21.0,10.0,31.0,1,0.339,1.53,1
LJ500_R064_C086,64,86,704250,9533250,4500,1500,2020,1,2020-01,13,162.37,217.58,312.87,23.99,21.0,10.0,31.0,1,0.3389,1.5219,1
LJ500_R065_C077,65,77,699750,9533750,0,2000,2020,1,2020-01,13,154.02,207.38,289.53,28.18,22.16,8.843,31.0,1,0.1934,0.4099,1
LJ500_R065_C078,65,78,700250,9533750,500,2000,2020,1,2020-01,13,162.37,217.58,312.87,23.99,21.0,10.0,31.0,1,0.1941,0.4141,1
LJ500_R065_C079,65,79,700750,9533750,1000,2000,2020,1,2020-01,13,162.37,217.58,312.87,23.99,21.0,10.0,31.0,1,0.209,0.4522,1
LJ500_R065_C080,65,80,701250,9533750,1500,2000,2020,1,2020-01,13,162.37,217.58,312.87,23.99,21.0,10.0,31.0,1,0.2187,0.4774,1
LJ500_R065_C081,65,81,701750,9533750,2000,2000,2020,1,2020-01,13,162.37,217.58,312.87,23.99,21.0,10.0,31.0,1,0.271,0.5687,1
LJ500_R065_C082,65,82,702250,9533750,2500,2000,2020,1,2020-01,13,162.37,217.58,312.87,23.99,21.0,10.0,31.0,1,0.2881,0.5985,1
LJ500_R065_C083,65,83,702750,9533750,3000,2000,2020,1,2020-01,13,162.37,217.58,312.87,23.99,21.0,10.0,31.0,1,0.3991,1.0544,1
LJ500_R065_C084,65,84,703250,9533750,3500,2000,2020,1,2020-01,13,162.37,217.58,312.87,23.99,21.0,10.0,31.0,1,0.4123,1.1137,1
LJ500_R065_C085,65,85,703750,9533750,4000,2000,2020,1,2020-01,13,162.37,217.58,312.87,23.99,21.0,10.0,31.0,1,0.4338,1.3174,1
LJ500_R065_C086,65,86,704250,9533750,4500,2000,2020,1,2020-01,13,162.37,217.58,312.87,23.99,21.0,10.0,31.0,1,0.4152,1.3579,1
LJ500_R066_C077,66,77,699750,9534250,0,2500,2020,1,2020-01,13,153.98,207.34,289.44,28.19,22.16,8.8384,31.0,1,0.1906,0.4055,1
LJ500_R066_C078,66,78,700250,9534250,500,2500,2020,1,2020-01,13,162.37,217.58,312.87,23.99,21.0,10.0,31.0,1,0.189,0.4,1
LJ500_R066_C079,66,79,700750,9534250,1000,2500,2020,1,2020-01,13,162.37,217.58,312.87,23.99,21.0,10.0,31.0,1,0.2016,0.436,1
LJ500_R066_C080,66,80,701250,9534250,1500,2500,2020,1,2020-01,13,162.37,217.58,312.87,23.99,21.0,10.0,31.0,1,0.21,0.46,1
LJ500_R066_C081,66,81,701750,9534250,2000,2500,2020,1,2020-01,13,162.37,217.58,312.87,23.99,21.0,10.0,31.0,1,0.2436,0.5124,1
LJ500_R066_C082,66,82,702250,9534250,2500,2500,2020,1,2020-01,13,162.37,217.58,312.87,23.99,21.0,10.0,31.0,1,0.2548,0.53,1
LJ500_R066_C083,66,83,702750,9534250,3000,2500,2020,1,2020-01,13,162.37,217.58,312.87,23.99,21.0,10.0,31.0,1,0.3832,0.8445,1
LJ500_R066_C084,66,84,703250,9534250,3500,2500,2020,1,2020-01,13,162.37,217.58,312.87,23.99,21.0,10.0,31.0,1,0.4018,0.8958,1
LJ500_R066_C085,66,85,703750,9534250,4000,2500,2020,1,2020-01,13,162.37,217.58,312.87,23.99,21.0,10.0,31.0,1,0.4816,1.21,1
LJ500_R066_C086,66,86,704250,9534250,4500,2500,2020,1,2020-01,13,162.37,217.58,312.87,23.99,21.0,10.0,31.0,1,0.4537,1.2751,1
LJ500_R067_C077,67,77,699750,9534750,0,3000,2020,1,2020-01,13,153.95,207.3,289.34,28.21,22.17,8.8338,31.0,1,0.2005,0.4241,1
LJ500_R067_C078,67,78,700250,9534750,500,3000,2020,1,2020-01,13,162.37,217.58,312.87,23.99,21.0,10.0,31.0,1,0.1859,0.392,1
LJ500_R067_C079,67,79,700750,9534750,1000,3000,2020,1,2020-01,13,162.37,217.58,312.87,23.99,21.0,10.0,31.0,1,0.1955,0.4229,1
LJ500_R067_C080,67,80,701250,9534750,1500,3000,2020,1,2020-01,13,162.37,217.58,312.87,23.99,21.0,10.0,31.0,1,0.2019,0.4438,1
LJ500_R067_C081,67,81,701750,9534750,2000,3000,2020,1,2020-01,13,162.37,217.58,312.87,23.99,21.0,10.0,31.0,1,0.2211,0.4778,1
LJ500_R067_C082,67,82,702250,9534750,2500,3000,2020,1,2020-01,13,162.37,217.58,312.87,23.99,21.0,10.0,31.0,1,0.2275,0.4893,1
LJ500_R067_C083,67,83,702750,9534750,3000,3000,2020,1,2020-01,13,162.37,217.58,312.87,23.99,21.0,10.0,31.0,1,0.2604,0.5687,1
LJ500_R067_C084,67,84,703250,9534750,3500,3000,2020,1,2020-01,13,162.37,217.58,312.87,23.99,21.0,10.0,31.0,1,0.269,0.5902,1
LJ500_R067_C085,67,85,703750,9534750,4000,3000,2020,1,2020-01,13,162.37,217.58,312.87,23.99,21.0,10.0,31.0,1,0.3778,0.8651,1
LJ500_R067_C086,67,86,704250,9534750,4500,3000,2020,1,2020-01,13,162.37,217.58,312.87,23.99,21.0,10.0,31.0,1,0.3937,0.967,1
LJ500_R068_C077,68,77,699750,9535250,0,3500,2020,1,2020-01,13,153.92,207.26,289.25,28.23,22.17,8.8292,31.0,1,0.203,0.4288,1
LJ500_R068_C078,68,78,700250,9535250,500,3500,2020,1,2020-01,13,162.37,217.58,312.87,23.99,21.0,10.0,31.0,1,0.1852,0.39,1
LJ500_R068_C079,68,79,700750,9535250,1000,3500,2020,1,2020-01,13,162.37,217.58,312.87,23.99,21.0,10.0,31.0,1,0.194,0.4197,1
LJ500_R068_C080,68,80,701250,9535250,1500,3500,2020,1,2020-01,13,162.37,217.58,312.87,23.99,21.0,10.0,31.0,1,0.2,0.44,1
LJ500_R068_C081,68,81,701750,9535250,2000,3500,2020,1,2020-01,13,162.37,217.58,312.87,23.99,21.0,10.0,31.0,1,0.2158,0.4698,1
LJ500_R068_C082,68,82,702250,9535250,2500,3500,2020,1,2020-01,13,162.37,217.58,312.87,23.99,21.0,10.0,31.0,1,0.2213,0.48,1
LJ500_R068_C083,68,83,702750,9535250,3000,3500,2020,1,2020-01,13,162.37,217.58,312.87,23.99,21.0,10.0,31.0,1,0.2328,0.5068,1
LJ500_R068_C084,68,84,703250,9535250,3500,3500,2020,1,2020-01,13,162.37,217.58,312.87,23.99,21.0,10.0,31.0,1,0.2394,0.5221,1
LJ500_R068_C085,68,85,703750,9535250,4000,3500,2020,1,2020-01,13,162.37,217.58,312.87,23.99,21.0,10.0,31.0,1,0.3552,0.79,1
LJ500_R068_C086,68,86,704250,9535250,4500,3500,2020,1,2020-01,13,162.37,217.58,312.87,23.99,21.0,10.0,31.0,1,0.3805,0.8998,1
LJ500_R069_C077,69,77,699750,9535750,0,4000,2020,1,2020-01,13,142.94,196.51,270.53,28.88,23.49,7.5128,31.0,1,0.1892,0.4034,1
LJ500_R069_C078,69,78,700250,9535750,500,4000,2020,1,2020-01,13,153.33,208.48,294.43,31.53,22.86,8.138,31.0,1,0.1799,0.3804,1
LJ500_R069_C079,69,79,700750,9535750,1000,4000,2020,1,2020-01,13,153.31,208.46,294.38,31.55,22.87,8.1334,31.0,1,0.197,0.4214,1
LJ500_R069_C080,69,80,701250,9535750,1500,4000,2020,1,2020-01,13,153.28,208.43,294.34,31.57,22.87,8.1288,31.0,1,0.2087,0.4497,1
LJ500_R069_C081,69,81,701750,9535750,2000,4000,2020,1,2020-01,13,153.26,208.41,294.29,31.59,22.88,8.1241,31.0,1,0.254,0.5513,1
LJ500_R069_C082,69,82,702250,9535750,2500,4000,2020,1,2020-01,13,153.24,208.39,294.25,31.6,22.88,8.1195,31.0,1,0.2698,0.5868,1
LJ500_R069_C083,69,83,702750,9535750,3000,4000,2020,1,2020-01,13,153.21,208.37,294.2,31.62,22.89,8.1148,31.0,1,0.2551,0.5617,1
LJ500_R069_C084,69,84,703250,9535750,3500,4000,2020,1,2020-01,13,153.19,208.34,294.15,31.64,22.89,8.1101,31.0,1,0.2525,0.5567,1
LJ500_R069_C085,69,85,703750,9535750,4000,4000,2020,1,2020-01,13,153.17,208.32,294.11,31.66,22.89,8.1055,31.0,1,0.2312,0.5064,1
LJ500_R069_C086,69,86,704250,9535750,4500,4000,2020,1,2020-01,13,153.15,208.3,294.06,31.68,22.9,8.1008,31.0,1,0.233,0.5114,1
LJ500_R070_C077,70,77,699750,9536250,0,4500,2020,1,2020-01,13,142.06,195.64,269.01,28.92,23.59,7.41,31.0,1,0.1893,0.4037,1
LJ500_R070_C078,70,78,700250,9536250,500,4500,2020,1,2020-01,13,152.66,207.81,293.06,32.09,23.0,8.0,31.0,1,0.1794,0.38,1
LJ500_R070_C079,70,79,700750,9536250,1000,4500,2020,1,2020-01,13,152.66,207.81,293.06,32.09,23.0,8.0,31.0,1,0.1975,0.4228,1
LJ500_R070_C080,70,80,701250,9536250,1500,4500,2020,1,2020-01,13,152.66,207.81,293.06,32.09,23.0,8.0,31.0,1,0.2101,0.4525,1
LJ500_R070_C081,70,81,701750,9536250,2000,4500,2020,1,2020-01,13,152.66,207.81,293.06,32.09,23.0,8.0,31.0,1,0.2507,0.544,1
LJ500_R070_C082,70,82,702250,9536250,2500,4500,2020,1,2020-01,13,152.66,207.81,293.06,32.09,23.0,8.0,31.0,1,0.2648,0.5759,1
LJ500_R070_C083,70,83,702750,9536250,3000,4500,2020,1,2020-01,13,152.66,207.81,293.06,32.09,23.0,8.0,31.0,1,0.2498,0.5502,1
LJ500_R070_C084,70,84,703250,9536250,3500,4500,2020,1,2020-01,13,152.66,207.81,293.06,32.09,23.0,8.0,31.0,1,0.2471,0.5449,1
LJ500_R070_C085,70,85,703750,9536250,4000,4500,2020,1,2020-01,13,152.66,207.81,293.06,32.09,23.0,8.0,31.0,1,0.2278,0.4987,1
LJ500_R070_C086,70,86,704250,9536250,4500,4500,2020,1,2020-01,13,152.66,207.81,293.06,32.09,23.0,8.0,31.0,1,0.2337,0.5143,1
LJ500_R061_C077,61,77,699750,9531750,0,0,2020,2,2020-02,14,101.67,255.82,309.22,25.04,23.0,8.0,31.0,1,0.2542,0.4834,1
LJ500_R061_C078,61,78,700250,9531750,500,0,2020,2,2020-02,14,98.01,260.38,315.59,22.4,23.0,8.0,31.0,1,0.2643,0.5066,1
LJ500_R061_C079,61,79,700750,9531750,1000,0,2020,2,2020-02,14,98.01,260.38,315.59,22.4,23.0,8.0,31.0,1,0.2746,0.5393,1
LJ500_R061_C080,61,80,701250,9531750,1500,0,2020,2,2020-02,14,98.01,260.38,315.59,22.4,23.0,8.0,31.0,1,0.2812,0.5604,1
LJ500_R061_C081,61,81,701750,9531750,2000,0,2020,2,2020-02,14,98.01,260.38,315.59,22.4,23.0,8.0,31.0,1,0.4232,0.9694,1
LJ500_R061_C082,61,82,702250,9531750,2500,0,2020,2,2020-02,14,98.01,260.38,315.59,22.4,23.0,8.0,31.0,1,0.4687,1.1004,1
LJ500_R061_C083,61,83,702750,9531750,3000,0,2020,2,2020-02,14,98.01,260.38,315.59,22.4,23.0,8.0,31.0,1,0.5403,1.3009,1
LJ500_R061_C084,61,84,703250,9531750,3500,0,2020,2,2020-02,14,98.01,260.38,315.59,22.4,23.0,8.0,31.0,1,0.5435,1.3111,1
LJ500_R061_C085,61,85,703750,9531750,4000,0,2020,2,2020-02,14,98.01,260.38,315.59,22.4,23.0,8.0,31.0,1,0.4708,1.1266,1
LJ500_R061_C086,61,86,704250,9531750,4500,0,2020,2,2020-02,14,98.01,260.38,315.59,22.4,23.0,8.0,31.0,1,0.4559,1.0852,1
LJ500_R062_C077,62,77,699750,9532250,0,500,2020,2,2020-02,14,101.69,255.8,309.19,25.05,23.0,8.0,31.0,1,0.2371,0.4546,1
LJ500_R062_C078,62,78,700250,9532250,500,500,2020,2,2020-02,14,98.01,260.38,315.59,22.4,23.0,8.0,31.0,1,0.2439,0.46,1
LJ500_R062_C079,62,79,700750,9532250,1000,500,2020,2,2020-02,14,98.01,260.38,315.59,22.4,23.0,8.0,31.0,1,0.2704,0.5452,1
LJ500_R062_C080,62,80,701250,9532250,1500,500,2020,2,2020-02,14,98.01,260.38,315.59,22.4,23.0,8.0,31.0,1,0.2874,0.6,1
LJ500_R062_C081,62,81,701750,9532250,2000,500,2020,2,2020-02,14,98.01,260.38,315.59,22.4,23.0,8.0,31.0,1,0.6023,1.4722,1
LJ500_R062_C082,62,82,702250,9532250,2500,500,2020,2,2020-02,14,98.01,260.38,315.59,22.4,23.0,8.0,31.0,1,0.7026,1.75,1
LJ500_R062_C083,62,83,702750,9532250,3000,500,2020,2,2020-02,14,98.01,260.38,315.59,22.4,23.0,8.0,31.0,1,0.7849,1.9951,1
LJ500_R062_C084,62,84,703250,9532250,3500,500,2020,2,2020-02,14,98.01,260.38,315.59,22.4,23.0,8.0,31.0,1,0.7899,2.0108,1
LJ500_R062_C085,62,85,703750,9532250,4000,500,2020,2,2020-02,14,98.01,260.38,315.59,22.4,23.0,8.0,31.0,1,0.7348,1.86,1
LJ500_R062_C086,62,86,704250,9532250,4500,500,2020,2,2020-02,14,98.01,260.38,315.59,22.4,23.0,8.0,31.0,1,0.6938,1.7442,1
LJ500_R063_C077,63,77,699750,9532750,0,1000,2020,2,2020-02,14,101.7,255.79,309.17,25.06,23.0,8.0,31.0,1,0.2327,0.4532,1
LJ500_R063_C078,63,78,700250,9532750,500,1000,2020,2,2020-02,14,98.01,260.38,315.59,22.4,23.0,8.0,31.0,1,0.2334,0.4453,1
LJ500_R063_C079,63,79,700750,9532750,1000,1000,2020,2,2020-02,14,98.01,260.38,315.59,22.4,23.0,8.0,31.0,1,0.2604,0.5271,1
LJ500_R063_C080,63,80,701250,9532750,1500,1000,2020,2,2020-02,14,98.01,260.38,315.59,22.4,23.0,8.0,31.0,1,0.2778,0.5802,1
LJ500_R063_C081,63,81,701750,9532750,2000,1000,2020,2,2020-02,14,98.01,260.38,315.59,22.4,23.0,8.0,31.0,1,0.5158,1.2348,1
LJ500_R063_C082,63,82,702250,9532750,2500,1000,2020,2,2020-02,14,98.01,260.38,315.59,22.4,23.0,8.0,31.0,1,0.5921,1.4446,1
LJ500_R063_C083,63,83,702750,9532750,3000,1000,2020,2,2020-02,14,98.01,260.38,315.59,22.4,23.0,8.0,31.0,1,0.7464,1.9062,1
LJ500_R063_C084,63,84,703250,9532750,3500,1000,2020,2,2020-02,14,98.01,260.38,315.59,22.4,23.0,8.0,31.0,1,0.7557,1.9389,1
LJ500_R063_C085,63,85,703750,9532750,4000,1000,2020,2,2020-02,14,98.01,260.38,315.59,22.4,23.0,8.0,31.0,1,0.6387,1.6721,1
LJ500_R063_C086,63,86,704250,9532750,4500,1000,2020,2,2020-02,14,98.01,260.38,315.59,22.4,23.0,8.0,31.0,1,0.6121,1.6214,1
LJ500_R064_C077,64,77,699750,9533250,0,1500,2020,2,2020-02,14,101.72,255.77,309.14,25.07,23.0,8.0,31.0,1,0.2282,0.4518,1
LJ500_R064_C078,64,78,700250,9533250,500,1500,2020,2,2020-02,14,98.01,260.38,315.59,22.4,23.0,8.0,31.0,1,0.2226,0.43,1
LJ500_R064_C079,64,79,700750,9533250,1000,1500,2020,2,2020-02,14,98.01,260.38,315.59,22.4,23.0,8.0,31.0,1,0.2501,0.5086,1
LJ500_R064_C080,64,80,701250,9533250,1500,1500,2020,2,2020-02,14,98.01,260.38,315.59,22.4,23.0,8.0,31.0,1,0.2681,0.56,1
LJ500_R064_C081,64,81,701750,9533250,2000,1500,2020,2,2020-02,14,98.01,260.38,315.59,22.4,23.0,8.0,31.0,1,0.4293,0.9972,1
LJ500_R064_C082,64,82,702250,9533250,2500,1500,2020,2,2020-02,14,98.01,260.38,315.59,22.4,23.0,8.0,31.0,1,0.4819,1.14,1
LJ500_R064_C083,64,83,702750,9533250,3000,1500,2020,2,2020-02,14,98.01,260.38,315.59,22.4,23.0,8.0,31.0,1,0.708,1.8174,1
LJ500_R064_C084,64,84,703250,9533250,3500,1500,2020,2,2020-02,14,98.01,260.38,315.59,22.4,23.0,8.0,31.0,1,0.7224,1.8689,1
LJ500_R064_C085,64,85,703750,9533250,4000,1500,2020,2,2020-02,14,98.01,260.38,315.59,22.4,23.0,8.0,31.0,1,0.5455,1.49,1
LJ500_R064_C086,64,86,704250,9533250,4500,1500,2020,2,2020-02,14,98.01,260.38,315.59,22.4,23.0,8.0,31.0,1,0.5333,1.5021,1
LJ500_R065_C077,65,77,699750,9533750,0,2000,2020,2,2020-02,14,101.73,255.75,309.12,25.08,23.0,8.0,31.0,1,0.2166,0.4342,1
LJ500_R065_C078,65,78,700250,9533750,500,2000,2020,2,2020-02,14,98.01,260.38,315.59,22.4,23.0,8.0,31.0,1,0.2176,0.43,1
LJ500_R065_C079,65,79,700750,9533750,1000,2000,2020,2,2020-02,14,98.01,260.38,315.59,22.4,23.0,8.0,31.0,1,0.2303,0.4652,1
LJ500_R065_C080,65,80,701250,9533750,1500,2000,2020,2,2020-02,14,98.01,260.38,315.59,22.4,23.0,8.0,31.0,1,0.2386,0.4882,1
LJ500_R065_C081,65,81,701750,9533750,2000,2000,2020,2,2020-02,14,98.01,260.38,315.59,22.4,23.0,8.0,31.0,1,0.3376,0.7662,1
LJ500_R065_C082,65,82,702250,9533750,2500,2000,2020,2,2020-02,14,98.01,260.38,315.59,22.4,23.0,8.0,31.0,1,0.37,0.8573,1
LJ500_R065_C083,65,83,702750,9533750,3000,2000,2020,2,2020-02,14,98.01,260.38,315.59,22.4,23.0,8.0,31.0,1,0.5908,1.4725,1
LJ500_R065_C084,65,84,703250,9533750,3500,2000,2020,2,2020-02,14,98.01,260.38,315.59,22.4,23.0,8.0,31.0,1,0.6166,1.5467,1
LJ500_R065_C085,65,85,703750,9533750,4000,2000,2020,2,2020-02,14,98.01,260.38,315.59,22.4,23.0,8.0,31.0,1,0.6518,1.696,1
LJ500_R065_C086,65,86,704250,9533750,4500,2000,2020,2,2020-02,14,98.01,260.38,315.59,22.4,23.0,8.0,31.0,1,0.6263,1.6515,1
LJ500_R066_C077,66,77,699750,9534250,0,2500,2020,2,2020-02,14,101.75,255.73,309.09,25.09,23.0,8.0,31.0,1,0.2102,0.4245,1
LJ500_R066_C078,66,78,700250,9534250,500,2500,2020,2,2020-02,14,98.01,260.38,315.59,22.4,23.0,8.0,31.0,1,0.2148,0.43,1
LJ500_R066_C079,66,79,700750,9534250,1000,2500,2020,2,2020-02,14,98.01,260.38,315.59,22.4,23.0,8.0,31.0,1,0.2197,0.442,1
LJ500_R066_C080,66,80,701250,9534250,1500,2500,2020,2,2020-02,14,98.01,260.38,315.59,22.4,23.0,8.0,31.0,1,0.2229,0.45,1
LJ500_R066_C081,66,81,701750,9534250,2000,2500,2020,2,2020-02,14,98.01,260.38,315.59,22.4,23.0,8.0,31.0,1,0.2894,0.6448,1
LJ500_R066_C082,66,82,702250,9534250,2500,2500,2020,2,2020-02,14,98.01,260.38,315.59,22.4,23.0,8.0,31.0,1,0.3116,0.71,1
LJ500_R066_C083,66,83,702750,9534250,3000,2500,2020,2,2020-02,14,98.01,260.38,315.59,22.4,23.0,8.0,31.0,1,0.5302,1.294,1
LJ500_R066_C084,66,84,703250,9534250,3500,2500,2020,2,2020-02,14,98.01,260.38,315.59,22.4,23.0,8.0,31.0,1,0.5621,1.3811,1
LJ500_R066_C085,66,85,703750,9534250,4000,2500,2020,2,2020-02,14,98.01,260.38,315.59,22.4,23.0,8.0,31.0,1,0.7055,1.8,1
LJ500_R066_C086,66,86,704250,9534250,4500,2500,2020,2,2020-02,14,98.01,260.38,315.59,22.4,23.0,8.0,31.0,1,0.6731,1.727,1
LJ500_R067_C077,67,77,699750,9534750,0,3000,2020,2,2020-02,14,101.76,255.71,309.06,25.1,23.0,8.0,31.0,1,0.2119,0.4403,1
LJ500_R067_C078,67,78,700250,9534750,500,3000,2020,2,2020-02,14,98.01,260.38,315.59,22.4,23.0,8.0,31.0,1,0.2,0.4059,1
LJ500_R067_C079,67,79,700750,9534750,1000,3000,2020,2,2020-02,14,98.01,260.38,315.59,22.4,23.0,8.0,31.0,1,0.2043,0.4129,1
LJ500_R067_C080,67,80,701250,9534750,1500,3000,2020,2,2020-02,14,98.01,260.38,315.59,22.4,23.0,8.0,31.0,1,0.2072,0.4176,1
LJ500_R067_C081,67,81,701750,9534750,2000,3000,2020,2,2020-02,14,98.01,260.38,315.59,22.4,23.0,8.0,31.0,1,0.2394,0.5147,1
LJ500_R067_C082,67,82,702250,9534750,2500,3000,2020,2,2020-02,14,98.01,260.38,315.59,22.4,23.0,8.0,31.0,1,0.2501,0.5471,1
LJ500_R067_C083,67,83,702750,9534750,3000,3000,2020,2,2020-02,14,98.01,260.38,315.59,22.4,23.0,8.0,31.0,1,0.3091,0.7121,1
LJ500_R067_C084,67,84,703250,9534750,3500,3000,2020,2,2020-02,14,98.01,260.38,315.59,22.4,23.0,8.0,31.0,1,0.3244,0.754,1
LJ500_R067_C085,67,85,703750,9534750,4000,3000,2020,2,2020-02,14,98.01,260.38,315.59,22.4,23.0,8.0,31.0,1,0.5147,1.2662,1
LJ500_R067_C086,67,86,704250,9534750,4500,3000,2020,2,2020-02,14,98.01,260.38,315.59,22.4,23.0,8.0,31.0,1,0.5486,1.3692,1
LJ500_R068_C077,68,77,699750,9535250,0,3500,2020,2,2020-02,14,101.78,255.69,309.04,25.12,23.0,8.0,31.0,1,0.2124,0.4444,1
LJ500_R068_C078,68,78,700250,9535250,500,3500,2020,2,2020-02,14,98.01,260.38,315.59,22.4,23.0,8.0,31.0,1,0.1965,0.4,1
LJ500_R068_C079,68,79,700750,9535250,1000,3500,2020,2,2020-02,14,98.01,260.38,315.59,22.4,23.0,8.0,31.0,1,0.2007,0.4059,1
LJ500_R068_C080,68,80,701250,9535250,1500,3500,2020,2,2020-02,14,98.01,260.38,315.59,22.4,23.0,8.0,31.0,1,0.2035,0.41,1
LJ500_R068_C081,68,81,701750,9535250,2000,3500,2020,2,2020-02,14,98.01,260.38,315.59,22.4,23.0,8.0,31.0,1,0.2278,0.4844,1
LJ500_R068_C082,68,82,702250,9535250,2500,3500,2020,2,2020-02,14,98.01,260.38,315.59,22.4,23.0,8.0,31.0,1,0.2361,0.51,1
LJ500_R068_C083,68,83,702750,9535250,3000,3500,2020,2,2020-02,14,98.01,260.38,315.59,22.4,23.0,8.0,31.0,1,0.2595,0.5815,1
LJ500_R068_C084,68,84,703250,9535250,3500,3500,2020,2,2020-02,14,98.01,260.38,315.59,22.4,23.0,8.0,31.0,1,0.2714,0.6142,1
LJ500_R068_C085,68,85,703750,9535250,4000,3500,2020,2,2020-02,14,98.01,260.38,315.59,22.4,23.0,8.0,31.0,1,0.4732,1.15,1
LJ500_R068_C086,68,86,704250,9535250,4500,3500,2020,2,2020-02,14,98.01,260.38,315.59,22.4,23.0,8.0,31.0,1,0.5213,1.2907,1
LJ500_R069_C077,69,77,699750,9535750,0,4000,2020,2,2020-02,14,92.03,234.98,288.54,22.53,23.93,7.0713,31.0,1,0.1876,0.3933,1
LJ500_R069_C078,69,78,700250,9535750,500,4000,2020,2,2020-02,14,90.61,243.94,299.09,22.16,23.93,7.069,31.0,1,0.1816,0.3808,1
LJ500_R069_C079,69,79,700750,9535750,1000,4000,2020,2,2020-02,14,90.59,243.9,299.05,22.16,23.93,7.0667,31.0,1,0.1973,0.4209,1
LJ500_R069_C080,69,80,701250,9535750,1500,4000,2020,2,2020-02,14,90.57,243.86,299.01,22.16,23.94,7.0644,31.0,1,0.2082,0.4487,1
LJ500_R069_C081,69,81,701750,9535750,2000,4000,2020,2,2020-02,14,90.56,243.82,298.97,22.16,23.94,7.0621,31.0,1,0.2981,0.6955,1
LJ500_R069_C082,69,82,702250,9535750,2500,4000,2020,2,2020-02,14,90.54,243.78,298.93,22.16,23.94,7.0597,31.0,1,0.3295,0.7819,1
LJ500_R069_C083,69,83,702750,9535750,3000,4000,2020,2,2020-02,14,90.52,243.73,298.89,22.16,23.94,7.0574,31.0,1,0.304,0.7237,1
LJ500_R069_C084,69,84,703250,9535750,3500,4000,2020,2,2020-02,14,90.5,243.69,298.84,22.16,23.94,7.0551,31.0,1,0.2992,0.7118,1
LJ500_R069_C085,69,85,703750,9535750,4000,4000,2020,2,2020-02,14,90.48,243.65,298.8,22.16,23.95,7.0527,31.0,1,0.2571,0.5925,1
LJ500_R069_C086,69,86,704250,9535750,4500,4000,2020,2,2020-02,14,90.46,243.61,298.76,22.16,23.95,7.0504,31.0,1,0.2609,0.605,1
LJ500_R070_C077,70,77,699750,9536250,0,4500,2020,2,2020-02,14,91.29,233.35,286.93,22.33,24.0,7.0,31.0,1,0.1863,0.3927,1
LJ500_R070_C078,70,78,700250,9536250,500,4500,2020,2,2020-02,14,90.06,242.72,297.87,22.14,24.0,7.0,31.0,1,0.1794,0.3776,1
LJ500_R070_C079,70,79,700750,9536250,1000,4500,2020,2,2020-02,14,90.06,242.72,297.87,22.14,24.0,7.0,31.0,1,0.1975,0.4239,1
LJ500_R070_C080,70,80,701250,9536250,1500,4500,2020,2,2020-02,14,90.06,242.72,297.87,22.14,24.0,7.0,31.0,1,0.2101,0.4562,1
LJ500_R070_C081,70,81,701750,9536250,2000,4500,2020,2,2020-02,14,90.06,242.72,297.87,22.14,24.0,7.0,31.0,1,0.2909,0.6781,1
LJ500_R070_C082,70,82,702250,9536250,2500,4500,2020,2,2020-02,14,90.06,242.72,297.87,22.14,24.0,7.0,31.0,1,0.3191,0.7555,1
LJ500_R070_C083,70,83,702750,9536250,3000,4500,2020,2,2020-02,14,90.06,242.72,297.87,22.14,24.0,7.0,31.0,1,0.2926,0.6938,1
LJ500_R070_C084,70,84,703250,9536250,3500,4500,2020,2,2020-02,14,90.06,242.72,297.87,22.14,24.0,7.0,31.0,1,0.2876,0.6814,1
LJ500_R070_C085,70,85,703750,9536250,4000,4500,2020,2,2020-02,14,90.06,242.72,297.87,22.14,24.0,7.0,31.0,1,0.2506,0.5773,1
LJ500_R070_C086,70,86,704250,9536250,4500,4500,2020,2,2020-02,14,90.06,242.72,297.87,22.14,24.0,7.0,31.0,1,0.2611,0.6079,1
LJ500_R061_C077,61,77,699750,9531750,0,0,2020,3,2020-03,15,132.46,234.14,388.29,48.63,23.0,6.0,29.0,1,0.1622,0.5121,1
LJ500_R061_C078,61,78,700250,9531750,500,0,2020,3,2020-03,15,133.03,231.04,393.41,50.43,23.0,6.0,29.0,1,0.1716,0.5067,1
LJ500_R061_C079,61,79,700750,9531750,1000,0,2020,3,2020-03,15,133.03,231.04,393.41,50.43,23.0,6.0,29.0,1,0.1839,0.5005,1
LJ500_R061_C080,61,80,701250,9531750,1500,0,2020,3,2020-03,15,133.03,231.04,393.41,50.43,23.0,6.0,29.0,1,0.1919,0.4966,1
LJ500_R061_C081,61,81,701750,9531750,2000,0,2020,3,2020-03,15,133.03,231.04,393.41,50.43,23.0,6.0,29.0,1,0.3409,0.7205,1
LJ500_R061_C082,61,82,702250,9531750,2500,0,2020,3,2020-03,15,133.03,231.04,393.41,50.43,23.0,6.0,29.0,1,0.3885,0.7923,1
LJ500_R061_C083,61,83,702750,9531750,3000,0,2020,3,2020-03,15,133.03,231.04,393.41,50.43,23.0,6.0,29.0,1,0.4443,0.8712,1
LJ500_R061_C084,61,84,703250,9531750,3500,0,2020,3,2020-03,15,133.03,231.04,393.41,50.43,23.0,6.0,29.0,1,0.4459,0.8734,1
LJ500_R061_C085,61,85,703750,9531750,4000,0,2020,3,2020-03,15,133.03,231.04,393.41,50.43,23.0,6.0,29.0,1,0.3754,0.7735,1
LJ500_R061_C086,61,86,704250,9531750,4500,0,2020,3,2020-03,15,133.03,231.04,393.41,50.43,23.0,6.0,29.0,1,0.3626,0.7524,1
LJ500_R062_C077,62,77,699750,9532250,0,500,2020,3,2020-03,15,132.46,234.15,388.27,48.62,23.0,6.0,29.0,1,0.1489,0.5054,1
LJ500_R062_C078,62,78,700250,9532250,500,500,2020,3,2020-03,15,133.03,231.04,393.41,50.43,23.0,6.0,29.0,1,0.1562,0.5,1
LJ500_R062_C079,62,79,700750,9532250,1000,500,2020,3,2020-03,15,133.03,231.04,393.41,50.43,23.0,6.0,29.0,1,0.1896,0.4939,1
LJ500_R062_C080,62,80,701250,9532250,1500,500,2020,3,2020-03,15,133.03,231.04,393.41,50.43,23.0,6.0,29.0,1,0.211,0.49,1
LJ500_R062_C081,62,81,701750,9532250,2000,500,2020,3,2020-03,15,133.03,231.04,393.41,50.43,23.0,6.0,29.0,1,0.5011,0.983,1
LJ500_R062_C082,62,82,702250,9532250,2500,500,2020,3,2020-03,15,133.03,231.04,393.41,50.43,23.0,6.0,29.0,1,0.5934,1.14,1
LJ500_R062_C083,62,83,702750,9532250,3000,500,2020,3,2020-03,15,133.03,231.04,393.41,50.43,23.0,6.0,29.0,1,0.6363,1.1582,1
LJ500_R062_C084,62,84,703250,9532250,3500,500,2020,3,2020-03,15,133.03,231.04,393.41,50.43,23.0,6.0,29.0,1,0.6383,1.1594,1
LJ500_R062_C085,62,85,703750,9532250,4000,500,2020,3,2020-03,15,133.03,231.04,393.41,50.43,23.0,6.0,29.0,1,0.5983,1.15,1
LJ500_R062_C086,62,86,704250,9532250,4500,500,2020,3,2020-03,15,133.03,231.04,393.41,50.43,23.0,6.0,29.0,1,0.5662,1.0983,1
LJ500_R063_C077,63,77,699750,9532750,0,1000,2020,3,2020-03,15,132.46,234.16,388.24,48.61,23.0,6.0,29.0,1,0.1469,0.5054,1
LJ500_R063_C078,63,78,700250,9532750,500,1000,2020,3,2020-03,15,133.03,231.04,393.41,50.43,23.0,6.0,29.0,1,0.1474,0.5,1
LJ500_R063_C079,63,79,700750,9532750,1000,1000,2020,3,2020-03,15,133.03,231.04,393.41,50.43,23.0,6.0,29.0,1,0.1793,0.4909,1
LJ500_R063_C080,63,80,701250,9532750,1500,1000,2020,3,2020-03,15,133.03,231.04,393.41,50.43,23.0,6.0,29.0,1,0.1999,0.485,1
LJ500_R063_C081,63,81,701750,9532750,2000,1000,2020,3,2020-03,15,133.03,231.04,393.41,50.43,23.0,6.0,29.0,1,0.4302,0.8672,1
LJ500_R063_C082,63,82,702250,9532750,2500,1000,2020,3,2020-03,15,133.03,231.04,393.41,50.43,23.0,6.0,29.0,1,0.504,0.9898,1
LJ500_R063_C083,63,83,702750,9532750,3000,1000,2020,3,2020-03,15,133.03,231.04,393.41,50.43,23.0,6.0,29.0,1,0.5759,1.1301,1
LJ500_R063_C084,63,84,703250,9532750,3500,1000,2020,3,2020-03,15,133.03,231.04,393.41,50.43,23.0,6.0,29.0,1,0.5758,1.1399,1
LJ500_R063_C085,63,85,703750,9532750,4000,1000,2020,3,2020-03,15,133.03,231.04,393.41,50.43,23.0,6.0,29.0,1,0.4474,1.0535,1
LJ500_R063_C086,63,86,704250,9532750,4500,1000,2020,3,2020-03,15,133.03,231.04,393.41,50.43,23.0,6.0,29.0,1,0.4256,1.027,1
LJ500_R064_C077,64,77,699750,9533250,0,1500,2020,3,2020-03,15,132.46,234.18,388.22,48.61,23.0,6.0,29.0,1,0.1449,0.5055,1
LJ500_R064_C078,64,78,700250,9533250,500,1500,2020,3,2020-03,15,133.03,231.04,393.41,50.43,23.0,6.0,29.0,1,0.1383,0.5,1
LJ500_R064_C079,64,79,700750,9533250,1000,1500,2020,3,2020-03,15,133.03,231.04,393.41,50.43,23.0,6.0,29.0,1,0.1687,0.4879,1
LJ500_R064_C080,64,80,701250,9533250,1500,1500,2020,3,2020-03,15,133.03,231.04,393.41,50.43,23.0,6.0,29.0,1,0.1886,0.48,1
LJ500_R064_C081,64,81,701750,9533250,2000,1500,2020,3,2020-03,15,133.03,231.04,393.41,50.43,23.0,6.0,29.0,1,0.3591,0.7513,1
LJ500_R064_C082,64,82,702250,9533250,2500,1500,2020,3,2020-03,15,133.03,231.04,393.41,50.43,23.0,6.0,29.0,1,0.4148,0.84,1
LJ500_R064_C083,64,83,702750,9533250,3000,1500,2020,3,2020-03,15,133.03,231.04,393.41,50.43,23.0,6.0,29.0,1,0.516,1.1019,1
LJ500_R064_C084,64,84,703250,9533250,3500,1500,2020,3,2020-03,15,133.03,231.04,393.41,50.43,23.0,6.0,29.0,1,0.515,1.121,1
LJ500_R064_C085,64,85,703750,9533250,4000,1500,2020,3,2020-03,15,133.03,231.04,393.41,50.43,23.0,6.0,29.0,1,0.301,0.96,1
LJ500_R064_C086,64,86,704250,9533250,4500,1500,2020,3,2020-03,15,133.03,231.04,393.41,50.43,23.0,6.0,29.0,1,0.2904,0.958,1
LJ500_R065_C077,65,77,699750,9533750,0,2000,2020,3,2020-03,15,132.45,234.19,388.2,48.6,23.0,6.0,29.0,1,0.1403,0.5019,1
LJ500_R065_C078,65,78,700250,9533750,500,2000,2020,3,2020-03,15,133.03,231.04,393.41,50.43,23.0,6.0,29.0,1,0.1392,0.5,1
LJ500_R065_C079,65,79,700750,9533750,1000,2000,2020,3,2020-03,15,133.03,231.04,393.41,50.43,23.0,6.0,29.0,1,0.1518,0.484,1
LJ500_R065_C080,65,80,701250,9533750,1500,2000,2020,3,2020-03,15,133.03,231.04,393.41,50.43,23.0,6.0,29.0,1,0.16,0.4735,1
LJ500_R065_C081,65,81,701750,9533750,2000,2000,2020,3,2020-03,15,133.03,231.04,393.41,50.43,23.0,6.0,29.0,1,0.2712,0.6061,1
LJ500_R065_C082,65,82,702250,9533750,2500,2000,2020,3,2020-03,15,133.03,231.04,393.41,50.43,23.0,6.0,29.0,1,0.3076,0.6493,1
LJ500_R065_C083,65,83,702750,9533750,3000,2000,2020,3,2020-03,15,133.03,231.04,393.41,50.43,23.0,6.0,29.0,1,0.4723,0.9634,1
LJ500_R065_C084,65,84,703250,9533750,3500,2000,2020,3,2020-03,15,133.03,231.04,393.41,50.43,23.0,6.0,29.0,1,0.4901,1.0003,1
LJ500_R065_C085,65,85,703750,9533750,4000,2000,2020,3,2020-03,15,133.03,231.04,393.41,50.43,23.0,6.0,29.0,1,0.4876,1.053,1
LJ500_R065_C086,65,86,704250,9533750,4500,2000,2020,3,2020-03,15,133.03,231.04,393.41,50.43,23.0,6.0,29.0,1,0.4468,1.0327,1
LJ500_R066_C077,66,77,699750,9534250,0,2500,2020,3,2020-03,15,132.45,234.2,388.18,48.59,23.0,6.0,29.0,1,0.1378,0.5,1
LJ500_R066_C078,66,78,700250,9534250,500,2500,2020,3,2020-03,15,133.03,231.04,393.41,50.43,23.0,6.0,29.0,1,0.1397,0.5,1
LJ500_R066_C079,66,79,700750,9534250,1000,2500,2020,3,2020-03,15,133.03,231.04,393.41,50.43,23.0,6.0,29.0,1,0.1428,0.482,1
LJ500_R066_C080,66,80,701250,9534250,1500,2500,2020,3,2020-03,15,133.03,231.04,393.41,50.43,23.0,6.0,29.0,1,0.1448,0.47,1
LJ500_R066_C081,66,81,701750,9534250,2000,2500,2020,3,2020-03,15,133.03,231.04,393.41,50.43,23.0,6.0,29.0,1,0.2249,0.5299,1
LJ500_R066_C082,66,82,702250,9534250,2500,2500,2020,3,2020-03,15,133.03,231.04,393.41,50.43,23.0,6.0,29.0,1,0.2517,0.55,1
LJ500_R066_C083,66,83,702750,9534250,3000,2500,2020,3,2020-03,15,133.03,231.04,393.41,50.43,23.0,6.0,29.0,1,0.4494,0.8914,1
LJ500_R066_C084,66,84,703250,9534250,3500,2500,2020,3,2020-03,15,133.03,231.04,393.41,50.43,23.0,6.0,29.0,1,0.477,0.9382,1
LJ500_R066_C085,66,85,703750,9534250,4000,2500,2020,3,2020-03,15,133.03,231.04,393.41,50.43,23.0,6.0,29.0,1,0.5817,1.1,1
LJ500_R066_C086,66,86,704250,9534250,4500,2500,2020,3,2020-03,15,133.03,231.04,393.41,50.43,23.0,6.0,29.0,1,0.5255,1.0704,1
LJ500_R067_C077,67,77,699750,9534750,0,3000,2020,3,2020-03,15,132.45,234.21,388.16,48.59,23.0,6.0,29.0,1,0.146,0.4839,1
LJ500_R067_C078,67,78,700250,9534750,500,3000,2020,3,2020-03,15,133.03,231.04,393.41,50.43,23.0,6.0,29.0,1,0.1341,0.4839,1
LJ500_R067_C079,67,79,700750,9534750,1000,3000,2020,3,2020-03,15,133.03,231.04,393.41,50.43,23.0,6.0,29.0,1,0.134,0.4708,1
LJ500_R067_C080,67,80,701250,9534750,1500,3000,2020,3,2020-03,15,133.03,231.04,393.41,50.43,23.0,6.0,29.0,1,0.1339,0.4619,1
LJ500_R067_C081,67,81,701750,9534750,2000,3000,2020,3,2020-03,15,133.03,231.04,393.41,50.43,23.0,6.0,29.0,1,0.1675,0.467,1
LJ500_R067_C082,67,82,702250,9534750,2500,3000,2020,3,2020-03,15,133.03,231.04,393.41,50.43,23.0,6.0,29.0,1,0.1787,0.4686,1
LJ500_R067_C083,67,83,702750,9534750,3000,3000,2020,3,2020-03,15,133.03,231.04,393.41,50.43,23.0,6.0,29.0,1,0.2382,0.5381,1
LJ500_R067_C084,67,84,703250,9534750,3500,3000,2020,3,2020-03,15,133.03,231.04,393.41,50.43,23.0,6.0,29.0,1,0.253,0.5596,1
LJ500_R067_C085,67,85,703750,9534750,4000,3000,2020,3,2020-03,15,133.03,231.04,393.41,50.43,23.0,6.0,29.0,1,0.4336,0.8618,1
LJ500_R067_C086,67,86,704250,9534750,4500,3000,2020,3,2020-03,15,133.03,231.04,393.41,50.43,23.0,6.0,29.0,1,0.4515,0.8897,1
LJ500_R068_C077,68,77,699750,9535250,0,3500,2020,3,2020-03,15,132.45,234.23,388.14,48.58,23.0,6.0,29.0,1,0.1481,0.48,1
LJ500_R068_C078,68,78,700250,9535250,500,3500,2020,3,2020-03,15,133.03,231.04,393.41,50.43,23.0,6.0,29.0,1,0.1328,0.48,1
LJ500_R068_C079,68,79,700750,9535250,1000,3500,2020,3,2020-03,15,133.03,231.04,393.41,50.43,23.0,6.0,29.0,1,0.1319,0.4681,1
LJ500_R068_C080,68,80,701250,9535250,1500,3500,2020,3,2020-03,15,133.03,231.04,393.41,50.43,23.0,6.0,29.0,1,0.1314,0.46,1
LJ500_R068_C081,68,81,701750,9535250,2000,3500,2020,3,2020-03,15,133.03,231.04,393.41,50.43,23.0,6.0,29.0,1,0.1542,0.4526,1
LJ500_R068_C082,68,82,702250,9535250,2500,3500,2020,3,2020-03,15,133.03,231.04,393.41,50.43,23.0,6.0,29.0,1,0.1621,0.45,1
LJ500_R068_C083,68,83,702750,9535250,3000,3500,2020,3,2020-03,15,133.03,231.04,393.41,50.43,23.0,6.0,29.0,1,0.1907,0.4589,1
LJ500_R068_C084,68,84,703250,9535250,3500,3500,2020,3,2020-03,15,133.03,231.04,393.41,50.43,23.0,6.0,29.0,1,0.2031,0.4751,1
LJ500_R068_C085,68,85,703750,9535250,4000,3500,2020,3,2020-03,15,133.03,231.04,393.41,50.43,23.0,6.0,29.0,1,0.4014,0.81,1
LJ500_R068_C086,68,86,704250,9535250,4500,3500,2020,3,2020-03,15,133.03,231.04,393.41,50.43,23.0,6.0,29.0,1,0.4351,0.8505,1
LJ500_R069_C077,69,77,699750,9535750,0,4000,2020,3,2020-03,15,122.61,214.64,357.59,34.92,21.53,7.4743,29.0,1,0.1303,0.4704,1
LJ500_R069_C078,69,78,700250,9535750,500,4000,2020,3,2020-03,15,127.62,218.23,371.56,50.28,22.07,6.931,29.0,1,0.1271,0.4704,1
LJ500_R069_C079,69,79,700750,9535750,1000,4000,2020,3,2020-03,15,127.61,218.2,371.51,50.28,22.07,6.9333,29.0,1,0.1371,0.4585,1
LJ500_R069_C080,69,80,701250,9535750,1500,4000,2020,3,2020-03,15,127.59,218.17,371.45,50.28,22.06,6.9356,29.0,1,0.144,0.4503,1
LJ500_R069_C081,69,81,701750,9535750,2000,4000,2020,3,2020-03,15,127.58,218.14,371.4,50.28,22.06,6.9379,29.0,1,0.2432,0.5579,1
LJ500_R069_C082,69,82,702250,9535750,2500,4000,2020,3,2020-03,15,127.57,218.1,371.34,50.28,22.06,6.9403,29.0,1,0.2779,0.5957,1
LJ500_R069_C083,69,83,702750,9535750,3000,4000,2020,3,2020-03,15,127.55,218.07,371.29,50.28,22.06,6.9426,29.0,1,0.2499,0.5529,1
LJ500_R069_C084,69,84,703250,9535750,3500,4000,2020,3,2020-03,15,127.54,218.04,371.23,50.28,22.06,6.9449,29.0,1,0.2443,0.5438,1
LJ500_R069_C085,69,85,703750,9535750,4000,4000,2020,3,2020-03,15,127.53,218.01,371.18,50.28,22.05,6.9473,29.0,1,0.1886,0.4481,1
LJ500_R069_C086,69,86,704250,9535750,4500,4000,2020,3,2020-03,15,127.51,217.98,371.12,50.28,22.05,6.9496,29.0,1,0.1919,0.4555,1
LJ500_R070_C077,70,77,699750,9536250,0,4500,2020,3,2020-03,15,121.83,213.12,355.18,33.8,21.41,7.59,29.0,1,0.1301,0.4682,1
LJ500_R070_C078,70,78,700250,9536250,500,4500,2020,3,2020-03,15,127.22,217.28,369.94,50.27,22.0,7.0,29.0,1,0.1262,0.4688,1
LJ500_R070_C079,70,79,700750,9536250,1000,4500,2020,3,2020-03,15,127.22,217.28,369.94,50.27,22.0,7.0,29.0,1,0.1384,0.457,1
LJ500_R070_C080,70,80,701250,9536250,1500,4500,2020,3,2020-03,15,127.22,217.28,369.94,50.27,22.0,7.0,29.0,1,0.1469,0.4488,1
LJ500_R070_C081,70,81,701750,9536250,2000,4500,2020,3,2020-03,15,127.22,217.28,369.94,50.27,22.0,7.0,29.0,1,0.2359,0.5458,1
LJ500_R070_C082,70,82,702250,9536250,2500,4500,2020,3,2020-03,15,127.22,217.28,369.94,50.27,22.0,7.0,29.0,1,0.267,0.5795,1
LJ500_R070_C083,70,83,702750,9536250,3000,4500,2020,3,2020-03,15,127.22,217.28,369.94,50.27,22.0,7.0,29.0,1,0.2374,0.5382,1
LJ500_R070_C084,70,84,703250,9536250,3500,4500,2020,3,2020-03,15,127.22,217.28,369.94,50.27,22.0,7.0,29.0,1,0.2316,0.5291,1
LJ500_R070_C085,70,85,703750,9536250,4000,4500,2020,3,2020-03,15,127.22,217.28,369.94,50.27,22.0,7.0,29.0,1,0.1825,0.4387,1
LJ500_R070_C086,70,86,704250,9536250,4500,4500,2020,3,2020-03,15,127.22,217.28,369.94,50.27,22.0,7.0,29.0,1,0.1924,0.457,1
LJ500_R061_C077,61,77,699750,9531750,0,0,2020,4,2020-04,16,136.91,269.37,371.04,30.76,24.43,6.5692,31.0,1,0.163,0.4461,1
LJ500_R061_C078,61,78,700250,9531750,500,0,2020,4,2020-04,16,138.47,271.5,369.51,29.93,25.0,6.0,31.0,1,0.1571,0.43,1
LJ500_R061_C079,61,79,700750,9531750,1000,0,2020,4,2020-04,16,138.47,271.5,369.51,29.93,25.0,6.0,31.0,1,0.1538,0.4259,1
LJ500_R061_C080,61,80,701250,9531750,1500,0,2020,4,2020-04,16,138.47,271.5,369.51,29.93,25.0,6.0,31.0,1,0.1517,0.4234,1
LJ500_R061_C081,61,81,701750,9531750,2000,0,2020,4,2020-04,16,138.47,271.5,369.51,29.93,25.0,6.0,31.0,1,0.2625,0.6913,1
LJ500_R061_C082,61,82,702250,9531750,2500,0,2020,4,2020-04,16,138.47,271.5,369.51,29.93,25.0,6.0,31.0,1,0.2981,0.7773,1
LJ500_R061_C083,61,83,702750,9531750,3000,0,2020,4,2020-04,16,138.47,271.5,369.51,29.93,25.0,6.0,31.0,1,0.3652,0.9137,1
LJ500_R061_C084,61,84,703250,9531750,3500,0,2020,4,2020-04,16,138.47,271.5,369.51,29.93,25.0,6.0,31.0,1,0.368,0.9209,1
LJ500_R061_C085,61,85,703750,9531750,4000,0,2020,4,2020-04,16,138.47,271.5,369.51,29.93,25.0,6.0,31.0,1,0.2963,0.7972,1
LJ500_R061_C086,61,86,704250,9531750,4500,0,2020,4,2020-04,16,138.47,271.5,369.51,29.93,25.0,6.0,31.0,1,0.2826,0.7661,1
LJ500_R062_C077,62,77,699750,9532250,0,500,2020,4,2020-04,16,136.9,269.36,371.05,30.77,24.43,6.5715,31.0,1,0.1638,0.4462,1
LJ500_R062_C078,62,78,700250,9532250,500,500,2020,4,2020-04,16,138.47,271.5,369.51,29.93,25.0,6.0,31.0,1,0.1558,0.43,1
LJ500_R062_C079,62,79,700750,9532250,1000,500,2020,4,2020-04,16,138.47,271.5,369.51,29.93,25.0,6.0,31.0,1,0.1507,0.43,1
LJ500_R062_C080,62,80,701250,9532250,1500,500,2020,4,2020-04,16,138.47,271.5,369.51,29.93,25.0,6.0,31.0,1,0.1474,0.43,1
LJ500_R062_C081,62,81,701750,9532250,2000,500,2020,4,2020-04,16,138.47,271.5,369.51,29.93,25.0,6.0,31.0,1,0.4121,1.0367,1
LJ500_R062_C082,62,82,702250,9532250,2500,500,2020,4,2020-04,16,138.47,271.5,369.51,29.93,25.0,6.0,31.0,1,0.4965,1.23,1
LJ500_R062_C083,62,83,702750,9532250,3000,500,2020,4,2020-04,16,138.47,271.5,369.51,29.93,25.0,6.0,31.0,1,0.5881,1.4297,1
LJ500_R062_C084,62,84,703250,9532250,3500,500,2020,4,2020-04,16,138.47,271.5,369.51,29.93,25.0,6.0,31.0,1,0.593,1.442,1
LJ500_R062_C085,62,85,703750,9532250,4000,500,2020,4,2020-04,16,138.47,271.5,369.51,29.93,25.0,6.0,31.0,1,0.521,1.31,1
LJ500_R062_C086,62,86,704250,9532250,4500,500,2020,4,2020-04,16,138.47,271.5,369.51,29.93,25.0,6.0,31.0,1,0.4839,1.2252,1
LJ500_R063_C077,63,77,699750,9532750,0,1000,2020,4,2020-04,16,136.89,269.35,371.06,30.77,24.43,6.5739,31.0,1,0.1648,0.4512,1
LJ500_R063_C078,63,78,700250,9532750,500,1000,2020,4,2020-04,16,138.47,271.5,369.51,29.93,25.0,6.0,31.0,1,0.1572,0.4349,1
LJ500_R063_C079,63,79,700750,9532750,1000,1000,2020,4,2020-04,16,138.47,271.5,369.51,29.93,25.0,6.0,31.0,1,0.1484,0.417,1
LJ500_R063_C080,63,80,701250,9532750,1500,1000,2020,4,2020-04,16,138.47,271.5,369.51,29.93,25.0,6.0,31.0,1,0.1426,0.4052,1
LJ500_R063_C081,63,81,701750,9532750,2000,1000,2020,4,2020-04,16,138.47,271.5,369.51,29.93,25.0,6.0,31.0,1,0.3403,0.8706,1
LJ500_R063_C082,63,82,702250,9532750,2500,1000,2020,4,2020-04,16,138.47,271.5,369.51,29.93,25.0,6.0,31.0,1,0.4036,1.0197,1
LJ500_R063_C083,63,83,702750,9532750,3000,1000,2020,4,2020-04,16,138.47,271.5,369.51,29.93,25.0,6.0,31.0,1,0.6102,1.4593,1
LJ500_R063_C084,63,84,703250,9532750,3500,1000,2020,4,2020-04,16,138.47,271.5,369.51,29.93,25.0,6.0,31.0,1,0.6289,1.4984,1
LJ500_R063_C085,63,85,703750,9532750,4000,1000,2020,4,2020-04,16,138.47,271.5,369.51,29.93,25.0,6.0,31.0,1,0.5762,1.376,1
LJ500_R063_C086,63,86,704250,9532750,4500,1000,2020,4,2020-04,16,138.47,271.5,369.51,29.93,25.0,6.0,31.0,1,0.5556,1.3373,1
LJ500_R064_C077,64,77,699750,9533250,0,1500,2020,4,2020-04,16,136.89,269.34,371.06,30.77,24.42,6.5762,31.0,1,0.1657,0.4564,1
LJ500_R064_C078,64,78,700250,9533250,500,1500,2020,4,2020-04,16,138.47,271.5,369.51,29.93,25.0,6.0,31.0,1,0.1587,0.44,1
LJ500_R064_C079,64,79,700750,9533250,1000,1500,2020,4,2020-04,16,138.47,271.5,369.51,29.93,25.0,6.0,31.0,1,0.146,0.4037,1
LJ500_R064_C080,64,80,701250,9533250,1500,1500,2020,4,2020-04,16,138.47,271.5,369.51,29.93,25.0,6.0,31.0,1,0.1377,0.38,1
LJ500_R064_C081,64,81,701750,9533250,2000,1500,2020,4,2020-04,16,138.47,271.5,369.51,29.93,25.0,6.0,31.0,1,0.2683,0.7041,1
LJ500_R064_C082,64,82,702250,9533250,2500,1500,2020,4,2020-04,16,138.47,271.5,369.51,29.93,25.0,6.0,31.0,1,0.311,0.81,1
LJ500_R064_C083,64,83,702750,9533250,3000,1500,2020,4,2020-04,16,138.47,271.5,369.51,29.93,25.0,6.0,31.0,1,0.6315,1.4874,1
LJ500_R064_C084,64,84,703250,9533250,3500,1500,2020,4,2020-04,16,138.47,271.5,369.51,29.93,25.0,6.0,31.0,1,0.6639,1.5537,1
LJ500_R064_C085,64,85,703750,9533250,4000,1500,2020,4,2020-04,16,138.47,271.5,369.51,29.93,25.0,6.0,31.0,1,0.6297,1.44,1
LJ500_R064_C086,64,86,704250,9533250,4500,1500,2020,4,2020-04,16,138.47,271.5,369.51,29.93,25.0,6.0,31.0,1,0.6242,1.444,1
LJ500_R065_C077,65,77,699750,9533750,0,2000,2020,4,2020-04,16,136.88,269.34,371.07,30.78,24.42,6.5785,31.0,1,0.1628,0.4487,1
LJ500_R065_C078,65,78,700250,9533750,500,2000,2020,4,2020-04,16,138.47,271.5,369.51,29.93,25.0,6.0,31.0,1,0.1602,0.4465,1
LJ500_R065_C079,65,79,700750,9533750,1000,2000,2020,4,2020-04,16,138.47,271.5,369.51,29.93,25.0,6.0,31.0,1,0.1478,0.4143,1
LJ500_R065_C080,65,80,701250,9533750,1500,2000,2020,4,2020-04,16,138.47,271.5,369.51,29.93,25.0,6.0,31.0,1,0.1396,0.3931,1
LJ500_R065_C081,65,81,701750,9533750,2000,2000,2020,4,2020-04,16,138.47,271.5,369.51,29.93,25.0,6.0,31.0,1,0.1985,0.5636,1
LJ500_R065_C082,65,82,702250,9533750,2500,2000,2020,4,2020-04,16,138.47,271.5,369.51,29.93,25.0,6.0,31.0,1,0.2177,0.6193,1
LJ500_R065_C083,65,83,702750,9533750,3000,2000,2020,4,2020-04,16,138.47,271.5,369.51,29.93,25.0,6.0,31.0,1,0.4452,1.122,1
LJ500_R065_C084,65,84,703250,9533750,3500,2000,2020,4,2020-04,16,138.47,271.5,369.51,29.93,25.0,6.0,31.0,1,0.4735,1.1845,1
LJ500_R065_C085,65,85,703750,9533750,4000,2000,2020,4,2020-04,16,138.47,271.5,369.51,29.93,25.0,6.0,31.0,1,0.5487,1.347,1
LJ500_R065_C086,65,86,704250,9533750,4500,2000,2020,4,2020-04,16,138.47,271.5,369.51,29.93,25.0,6.0,31.0,1,0.5595,1.3626,1
LJ500_R066_C077,66,77,699750,9534250,0,2500,2020,4,2020-04,16,136.88,269.33,371.08,30.78,24.42,6.5808,31.0,1,0.1611,0.4445,1
LJ500_R066_C078,66,78,700250,9534250,500,2500,2020,4,2020-04,16,138.47,271.5,369.51,29.93,25.0,6.0,31.0,1,0.161,0.45,1
LJ500_R066_C079,66,79,700750,9534250,1000,2500,2020,4,2020-04,16,138.47,271.5,369.51,29.93,25.0,6.0,31.0,1,0.1488,0.42,1
LJ500_R066_C080,66,80,701250,9534250,1500,2500,2020,4,2020-04,16,138.47,271.5,369.51,29.93,25.0,6.0,31.0,1,0.1406,0.4,1
LJ500_R066_C081,66,81,701750,9534250,2000,2500,2020,4,2020-04,16,138.47,271.5,369.51,29.93,25.0,6.0,31.0,1,0.1619,0.4899,1
LJ500_R066_C082,66,82,702250,9534250,2500,2500,2020,4,2020-04,16,138.47,271.5,369.51,29.93,25.0,6.0,31.0,1,0.169,0.52,1
LJ500_R066_C083,66,83,702750,9534250,3000,2500,2020,4,2020-04,16,138.47,271.5,369.51,29.93,25.0,6.0,31.0,1,0.349,0.9333,1
LJ500_R066_C084,66,84,703250,9534250,3500,2500,2020,4,2020-04,16,138.47,271.5,369.51,29.93,25.0,6.0,31.0,1,0.376,0.9953,1
LJ500_R066_C085,66,85,703750,9534250,4000,2500,2020,4,2020-04,16,138.47,271.5,369.51,29.93,25.0,6.0,31.0,1,0.5077,1.3,1
LJ500_R066_C086,66,86,704250,9534250,4500,2500,2020,4,2020-04,16,138.47,271.5,369.51,29.93,25.0,6.0,31.0,1,0.5269,1.3217,1
LJ500_R067_C077,67,77,699750,9534750,0,3000,2020,4,2020-04,16,136.87,269.32,371.08,30.79,24.42,6.5831,31.0,1,0.1464,0.4063,1
LJ500_R067_C078,67,78,700250,9534750,500,3000,2020,4,2020-04,16,138.47,271.5,369.51,29.93,25.0,6.0,31.0,1,0.1571,0.4339,1
LJ500_R067_C079,67,79,700750,9534750,1000,3000,2020,4,2020-04,16,138.47,271.5,369.51,29.93,25.0,6.0,31.0,1,0.146,0.4088,1
LJ500_R067_C080,67,80,701250,9534750,1500,3000,2020,4,2020-04,16,138.47,271.5,369.51,29.93,25.0,6.0,31.0,1,0.1386,0.3919,1
LJ500_R067_C081,67,81,701750,9534750,2000,3000,2020,4,2020-04,16,138.47,271.5,369.51,29.93,25.0,6.0,31.0,1,0.1345,0.3845,1
LJ500_R067_C082,67,82,702250,9534750,2500,3000,2020,4,2020-04,16,138.47,271.5,369.51,29.93,25.0,6.0,31.0,1,0.133,0.3816,1
LJ500_R067_C083,67,83,702750,9534750,3000,3000,2020,4,2020-04,16,138.47,271.5,369.51,29.93,25.0,6.0,31.0,1,0.1732,0.53,1
LJ500_R067_C084,67,84,703250,9534750,3500,3000,2020,4,2020-04,16,138.47,271.5,369.51,29.93,25.0,6.0,31.0,1,0.1846,0.5628,1
LJ500_R067_C085,67,85,703750,9534750,4000,3000,2020,4,2020-04,16,138.47,271.5,369.51,29.93,25.0,6.0,31.0,1,0.3371,0.914,1
LJ500_R067_C086,67,86,704250,9534750,4500,3000,2020,4,2020-04,16,138.47,271.5,369.51,29.93,25.0,6.0,31.0,1,0.3791,1.0082,1
LJ500_R068_C077,68,77,699750,9535250,0,3500,2020,4,2020-04,16,136.86,269.31,371.09,30.79,24.41,6.5854,31.0,1,0.1427,0.3967,1
LJ500_R068_C078,68,78,700250,9535250,500,3500,2020,4,2020-04,16,138.47,271.5,369.51,29.93,25.0,6.0,31.0,1,0.1561,0.43,1
LJ500_R068_C079,68,79,700750,9535250,1000,3500,2020,4,2020-04,16,138.47,271.5,369.51,29.93,25.0,6.0,31.0,1,0.1454,0.4062,1
LJ500_R068_C080,68,80,701250,9535250,1500,3500,2020,4,2020-04,16,138.47,271.5,369.51,29.93,25.0,6.0,31.0,1,0.1381,0.39,1
LJ500_R068_C081,68,81,701750,9535250,2000,3500,2020,4,2020-04,16,138.47,271.5,369.51,29.93,25.0,6.0,31.0,1,0.1282,0.3602,1
LJ500_R068_C082,68,82,702250,9535250,2500,3500,2020,4,2020-04,16,138.47,271.5,369.51,29.93,25.0,6.0,31.0,1,0.1248,0.35,1
LJ500_R068_C083,68,83,702750,9535250,3000,3500,2020,4,2020-04,16,138.47,271.5,369.51,29.93,25.0,6.0,31.0,1,0.1338,0.4394,1
LJ500_R068_C084,68,84,703250,9535250,3500,3500,2020,4,2020-04,16,138.47,271.5,369.51,29.93,25.0,6.0,31.0,1,0.142,0.4664,1
LJ500_R068_C085,68,85,703750,9535250,4000,3500,2020,4,2020-04,16,138.47,271.5,369.51,29.93,25.0,6.0,31.0,1,0.3,0.83,1
LJ500_R068_C086,68,86,704250,9535250,4500,3500,2020,4,2020-04,16,138.47,271.5,369.51,29.93,25.0,6.0,31.0,1,0.3469,0.9398,1
LJ500_R069_C077,69,77,699750,9535750,0,4000,2020,4,2020-04,16,130.42,253.03,345.06,31.57,23.65,7.3539,31.0,1,0.1435,0.3934,1
LJ500_R069_C078,69,78,700250,9535750,500,4000,2020,4,2020-04,16,130.17,257.8,348.41,27.91,23.14,7.862,31.0,1,0.1502,0.4108,1
LJ500_R069_C079,69,79,700750,9535750,1000,4000,2020,4,2020-04,16,130.15,257.76,348.35,27.9,23.13,7.8666,31.0,1,0.1347,0.3756,1
LJ500_R069_C080,69,80,701250,9535750,1500,4000,2020,4,2020-04,16,130.13,257.73,348.3,27.9,23.13,7.8712,31.0,1,0.124,0.3513,1
LJ500_R069_C081,69,81,701750,9535750,2000,4000,2020,4,2020-04,16,130.11,257.69,348.25,27.89,23.12,7.8759,31.0,1,0.1722,0.4941,1
LJ500_R069_C082,69,82,702250,9535750,2500,4000,2020,4,2020-04,16,130.09,257.66,348.2,27.89,23.12,7.8805,31.0,1,0.1891,0.5442,1
LJ500_R069_C083,69,83,702750,9535750,3000,4000,2020,4,2020-04,16,130.07,257.62,348.14,27.88,23.11,7.8852,31.0,1,0.1651,0.521,1
LJ500_R069_C084,69,84,703250,9535750,3500,4000,2020,4,2020-04,16,130.05,257.59,348.09,27.88,23.11,7.8899,31.0,1,0.161,0.5155,1
LJ500_R069_C085,69,85,703750,9535750,4000,4000,2020,4,2020-04,16,130.03,257.56,348.04,27.87,23.11,7.8945,31.0,1,0.1322,0.4486,1
LJ500_R069_C086,69,86,704250,9535750,4500,4000,2020,4,2020-04,16,130.01,257.52,347.98,27.87,23.1,7.8992,31.0,1,0.1341,0.4553,1
LJ500_R070_C077,70,77,699750,9536250,0,4500,2020,4,2020-04,16,129.92,251.76,343.05,31.64,23.59,7.41,31.0,1,0.142,0.3896,1
LJ500_R070_C078,70,78,700250,9536250,500,4500,2020,4,2020-04,16,129.56,256.78,346.84,27.76,23.0,8.0,31.0,1,0.1491,0.4076,1
LJ500_R070_C079,70,79,700750,9536250,1000,4500,2020,4,2020-04,16,129.56,256.78,346.84,27.76,23.0,8.0,31.0,1,0.1335,0.375,1
LJ500_R070_C080,70,80,701250,9536250,1500,4500,2020,4,2020-04,16,129.56,256.78,346.84,27.76,23.0,8.0,31.0,1,0.1227,0.3525,1
LJ500_R070_C081,70,81,701750,9536250,2000,4500,2020,4,2020-04,16,129.56,256.78,346.84,27.76,23.0,8.0,31.0,1,0.1663,0.4837,1
LJ500_R070_C082,70,82,702250,9536250,2500,4500,2020,4,2020-04,16,129.56,256.78,346.84,27.76,23.0,8.0,31.0,1,0.1815,0.5295,1
LJ500_R070_C083,70,83,702750,9536250,3000,4500,2020,4,2020-04,16,129.56,256.78,346.84,27.76,23.0,8.0,31.0,1,0.1589,0.4967,1
LJ500_R070_C084,70,84,703250,9536250,3500,4500,2020,4,2020-04,16,129.56,256.78,346.84,27.76,23.0,8.0,31.0,1,0.1549,0.4901,1
LJ500_R070_C085,70,85,703750,9536250,4000,4500,2020,4,2020-04,16,129.56,256.78,346.84,27.76,23.0,8.0,31.0,1,0.1276,0.4387,1
LJ500_R070_C086,70,86,704250,9536250,4500,4500,2020,4,2020-04,16,129.56,256.78,346.84,27.76,23.0,8.0,31.0,1,0.1349,0.4582,1
LJ500_R061_C077,61,77,699750,9531750,0,0,2020,5,2020-05,17,100.73,237.64,370.1,22.41,23.43,6.5692,30.0,1,0.2256,0.4375,1
LJ500_R061_C078,61,78,700250,9531750,500,0,2020,5,2020-05,17,105.47,243.95,376.98,26.56,24.0,6.0,30.0,1,0.2312,0.45,1
LJ500_R061_C079,61,79,700750,9531750,1000,0,2020,5,2020-05,17,105.47,243.95,376.98,26.56,24.0,6.0,30.0,1,0.2329,0.454,1
LJ500_R061_C080,61,80,701250,9531750,1500,0,2020,5,2020-05,17,105.47,243.95,376.98,26.56,24.0,6.0,30.0,1,0.2341,0.4566,1
LJ500_R061_C081,61,81,701750,9531750,2000,0,2020,5,2020-05,17,105.47,243.95,376.98,26.56,24.0,6.0,30.0,1,0.2959,0.6228,1
LJ500_R061_C082,61,82,702250,9531750,2500,0,2020,5,2020-05,17,105.47,243.95,376.98,26.56,24.0,6.0,30.0,1,0.3159,0.6766,1
LJ500_R061_C083,61,83,702750,9531750,3000,0,2020,5,2020-05,17,105.47,243.95,376.98,26.56,24.0,6.0,30.0,1,0.3677,0.7947,1
LJ500_R061_C084,61,84,703250,9531750,3500,0,2020,5,2020-05,17,105.47,243.95,376.98,26.56,24.0,6.0,30.0,1,0.3701,0.8002,1
LJ500_R061_C085,61,85,703750,9531750,4000,0,2020,5,2020-05,17,105.47,243.95,376.98,26.56,24.0,6.0,30.0,1,0.3158,0.6797,1
LJ500_R061_C086,61,86,704250,9531750,4500,0,2020,5,2020-05,17,105.47,243.95,376.98,26.56,24.0,6.0,30.0,1,0.3019,0.6513,1
LJ500_R062_C077,62,77,699750,9532250,0,500,2020,5,2020-05,17,100.71,237.61,370.07,22.39,23.43,6.5715,30.0,1,0.2115,0.4138,1
LJ500_R062_C078,62,78,700250,9532250,500,500,2020,5,2020-05,17,105.47,243.95,376.98,26.56,24.0,6.0,30.0,1,0.2163,0.43,1
LJ500_R062_C079,62,79,700750,9532250,1000,500,2020,5,2020-05,17,105.47,243.95,376.98,26.56,24.0,6.0,30.0,1,0.2245,0.4422,1
LJ500_R062_C080,62,80,701250,9532250,1500,500,2020,5,2020-05,17,105.47,243.95,376.98,26.56,24.0,6.0,30.0,1,0.2297,0.45,1
LJ500_R062_C081,62,81,701750,9532250,2000,500,2020,5,2020-05,17,105.47,243.95,376.98,26.56,24.0,6.0,30.0,1,0.4155,0.9354,1
LJ500_R062_C082,62,82,702250,9532250,2500,500,2020,5,2020-05,17,105.47,243.95,376.98,26.56,24.0,6.0,30.0,1,0.4747,1.09,1
LJ500_R062_C083,62,83,702750,9532250,3000,500,2020,5,2020-05,17,105.47,243.95,376.98,26.56,24.0,6.0,30.0,1,0.583,1.2716,1
LJ500_R062_C084,62,84,703250,9532250,3500,500,2020,5,2020-05,17,105.47,243.95,376.98,26.56,24.0,6.0,30.0,1,0.5887,1.2825,1
LJ500_R062_C085,62,85,703750,9532250,4000,500,2020,5,2020-05,17,105.47,243.95,376.98,26.56,24.0,6.0,30.0,1,0.5017,1.16,1
LJ500_R062_C086,62,86,704250,9532250,4500,500,2020,5,2020-05,17,105.47,243.95,376.98,26.56,24.0,6.0,30.0,1,0.463,1.0793,1
LJ500_R063_C077,63,77,699750,9532750,0,1000,2020,5,2020-05,17,100.69,237.59,370.05,22.38,23.43,6.5739,30.0,1,0.205,0.3888,1
LJ500_R063_C078,63,78,700250,9532750,500,1000,2020,5,2020-05,17,105.47,243.95,376.98,26.56,24.0,6.0,30.0,1,0.2055,0.4103,1
LJ500_R063_C079,63,79,700750,9532750,1000,1000,2020,5,2020-05,17,105.47,243.95,376.98,26.56,24.0,6.0,30.0,1,0.2164,0.4284,1
LJ500_R063_C080,63,80,701250,9532750,1500,1000,2020,5,2020-05,17,105.47,243.95,376.98,26.56,24.0,6.0,30.0,1,0.2234,0.4401,1
LJ500_R063_C081,63,81,701750,9532750,2000,1000,2020,5,2020-05,17,105.47,243.95,376.98,26.56,24.0,6.0,30.0,1,0.3449,0.7732,1
LJ500_R063_C082,63,82,702250,9532750,2500,1000,2020,5,2020-05,17,105.47,243.95,376.98,26.56,24.0,6.0,30.0,1,0.3837,0.8797,1
LJ500_R063_C083,63,83,702750,9532750,3000,1000,2020,5,2020-05,17,105.47,243.95,376.98,26.56,24.0,6.0,30.0,1,0.6305,1.3285,1
LJ500_R063_C084,63,84,703250,9532750,3500,1000,2020,5,2020-05,17,105.47,243.95,376.98,26.56,24.0,6.0,30.0,1,0.6558,1.3856,1
LJ500_R063_C085,63,85,703750,9532750,4000,1000,2020,5,2020-05,17,105.47,243.95,376.98,26.56,24.0,6.0,30.0,1,0.6426,1.556,1
LJ500_R063_C086,63,86,704250,9532750,4500,1000,2020,5,2020-05,17,105.47,243.95,376.98,26.56,24.0,6.0,30.0,1,0.624,1.5354,1
LJ500_R064_C077,64,77,699750,9533250,0,1500,2020,5,2020-05,17,100.67,237.56,370.02,22.36,23.42,6.5762,30.0,1,0.1983,0.3627,1
LJ500_R064_C078,64,78,700250,9533250,500,1500,2020,5,2020-05,17,105.47,243.95,376.98,26.56,24.0,6.0,30.0,1,0.1943,0.39,1
LJ500_R064_C079,64,79,700750,9533250,1000,1500,2020,5,2020-05,17,105.47,243.95,376.98,26.56,24.0,6.0,30.0,1,0.208,0.4142,1
LJ500_R064_C080,64,80,701250,9533250,1500,1500,2020,5,2020-05,17,105.47,243.95,376.98,26.56,24.0,6.0,30.0,1,0.217,0.43,1
LJ500_R064_C081,64,81,701750,9533250,2000,1500,2020,5,2020-05,17,105.47,243.95,376.98,26.56,24.0,6.0,30.0,1,0.2743,0.6109,1
LJ500_R064_C082,64,82,702250,9533250,2500,1500,2020,5,2020-05,17,105.47,243.95,376.98,26.56,24.0,6.0,30.0,1,0.293,0.67,1
LJ500_R064_C083,64,83,702750,9533250,3000,1500,2020,5,2020-05,17,105.47,243.95,376.98,26.56,24.0,6.0,30.0,1,0.6769,1.3835,1
LJ500_R064_C084,64,84,703250,9533250,3500,1500,2020,5,2020-05,17,105.47,243.95,376.98,26.56,24.0,6.0,30.0,1,0.7212,1.4853,1
LJ500_R064_C085,64,85,703750,9533250,4000,1500,2020,5,2020-05,17,105.47,243.95,376.98,26.56,24.0,6.0,30.0,1,0.7793,1.94,1
LJ500_R064_C086,64,86,704250,9533250,4500,1500,2020,5,2020-05,17,105.47,243.95,376.98,26.56,24.0,6.0,30.0,1,0.7783,1.9723,1
LJ500_R065_C077,65,77,699750,9533750,0,2000,2020,5,2020-05,17,100.66,237.54,369.99,22.34,23.42,6.5785,30.0,1,0.1893,0.3457,1
LJ500_R065_C078,65,78,700250,9533750,500,2000,2020,5,2020-05,17,105.47,243.95,376.98,26.56,24.0,6.0,30.0,1,0.1883,0.3446,1
LJ500_R065_C079,65,79,700750,9533750,1000,2000,2020,5,2020-05,17,105.47,243.95,376.98,26.56,24.0,6.0,30.0,1,0.1946,0.3803,1
LJ500_R065_C080,65,80,701250,9533750,1500,2000,2020,5,2020-05,17,105.47,243.95,376.98,26.56,24.0,6.0,30.0,1,0.1987,0.4039,1
LJ500_R065_C081,65,81,701750,9533750,2000,2000,2020,5,2020-05,17,105.47,243.95,376.98,26.56,24.0,6.0,30.0,1,0.2213,0.4709,1
LJ500_R065_C082,65,82,702250,9533750,2500,2000,2020,5,2020-05,17,105.47,243.95,376.98,26.56,24.0,6.0,30.0,1,0.2286,0.4925,1
LJ500_R065_C083,65,83,702750,9533750,3000,2000,2020,5,2020-05,17,105.47,243.95,376.98,26.56,24.0,6.0,30.0,1,0.4418,0.9777,1
LJ500_R065_C084,65,84,703250,9533750,3500,2000,2020,5,2020-05,17,105.47,243.95,376.98,26.56,24.0,6.0,30.0,1,0.4701,1.0481,1
LJ500_R065_C085,65,85,703750,9533750,4000,2000,2020,5,2020-05,17,105.47,243.95,376.98,26.56,24.0,6.0,30.0,1,0.5773,1.3951,1
LJ500_R065_C086,65,86,704250,9533750,4500,2000,2020,5,2020-05,17,105.47,243.95,376.98,26.56,24.0,6.0,30.0,1,0.6104,1.505,1
LJ500_R066_C077,66,77,699750,9534250,0,2500,2020,5,2020-05,17,100.64,237.51,369.96,22.33,23.42,6.5808,30.0,1,0.1843,0.3365,1
LJ500_R066_C078,66,78,700250,9534250,500,2500,2020,5,2020-05,17,105.47,243.95,376.98,26.56,24.0,6.0,30.0,1,0.185,0.32,1
LJ500_R066_C079,66,79,700750,9534250,1000,2500,2020,5,2020-05,17,105.47,243.95,376.98,26.56,24.0,6.0,30.0,1,0.1874,0.362,1
LJ500_R066_C080,66,80,701250,9534250,1500,2500,2020,5,2020-05,17,105.47,243.95,376.98,26.56,24.0,6.0,30.0,1,0.189,0.39,1
LJ500_R066_C081,66,81,701750,9534250,2000,2500,2020,5,2020-05,17,105.47,243.95,376.98,26.56,24.0,6.0,30.0,1,0.1935,0.3975,1
LJ500_R066_C082,66,82,702250,9534250,2500,2500,2020,5,2020-05,17,105.47,243.95,376.98,26.56,24.0,6.0,30.0,1,0.195,0.4,1
LJ500_R066_C083,66,83,702750,9534250,3000,2500,2020,5,2020-05,17,105.47,243.95,376.98,26.56,24.0,6.0,30.0,1,0.3208,0.7684,1
LJ500_R066_C084,66,84,703250,9534250,3500,2500,2020,5,2020-05,17,105.47,243.95,376.98,26.56,24.0,6.0,30.0,1,0.3417,0.8249,1
LJ500_R066_C085,66,85,703750,9534250,4000,2500,2020,5,2020-05,17,105.47,243.95,376.98,26.56,24.0,6.0,30.0,1,0.4753,1.12,1
LJ500_R066_C086,66,86,704250,9534250,4500,2500,2020,5,2020-05,17,105.47,243.95,376.98,26.56,24.0,6.0,30.0,1,0.526,1.27,1
LJ500_R067_C077,67,77,699750,9534750,0,3000,2020,5,2020-05,17,100.62,237.49,369.94,22.31,23.42,6.5831,30.0,1,0.1828,0.3543,1
LJ500_R067_C078,67,78,700250,9534750,500,3000,2020,5,2020-05,17,105.47,243.95,376.98,26.56,24.0,6.0,30.0,1,0.1724,0.32,1
LJ500_R067_C079,67,79,700750,9534750,1000,3000,2020,5,2020-05,17,105.47,243.95,376.98,26.56,24.0,6.0,30.0,1,0.1747,0.3473,1
LJ500_R067_C080,67,80,701250,9534750,1500,3000,2020,5,2020-05,17,105.47,243.95,376.98,26.56,24.0,6.0,30.0,1,0.1763,0.3657,1
LJ500_R067_C081,67,81,701750,9534750,2000,3000,2020,5,2020-05,17,105.47,243.95,376.98,26.56,24.0,6.0,30.0,1,0.1846,0.3792,1
LJ500_R067_C082,67,82,702250,9534750,2500,3000,2020,5,2020-05,17,105.47,243.95,376.98,26.56,24.0,6.0,30.0,1,0.1874,0.3837,1
LJ500_R067_C083,67,83,702750,9534750,3000,3000,2020,5,2020-05,17,105.47,243.95,376.98,26.56,24.0,6.0,30.0,1,0.2043,0.4438,1
LJ500_R067_C084,67,84,703250,9534750,3500,3000,2020,5,2020-05,17,105.47,243.95,376.98,26.56,24.0,6.0,30.0,1,0.2103,0.4634,1
LJ500_R067_C085,67,85,703750,9534750,4000,3000,2020,5,2020-05,17,105.47,243.95,376.98,26.56,24.0,6.0,30.0,1,0.3026,0.7504,1
LJ500_R067_C086,67,86,704250,9534750,4500,3000,2020,5,2020-05,17,105.47,243.95,376.98,26.56,24.0,6.0,30.0,1,0.3522,0.8574,1
LJ500_R068_C077,68,77,699750,9535250,0,3500,2020,5,2020-05,17,100.6,237.46,369.91,22.29,23.41,6.5854,30.0,1,0.1825,0.3588,1
LJ500_R068_C078,68,78,700250,9535250,500,3500,2020,5,2020-05,17,105.47,243.95,376.98,26.56,24.0,6.0,30.0,1,0.1693,0.32,1
LJ500_R068_C079,68,79,700750,9535250,1000,3500,2020,5,2020-05,17,105.47,243.95,376.98,26.56,24.0,6.0,30.0,1,0.1717,0.3438,1
LJ500_R068_C080,68,80,701250,9535250,1500,3500,2020,5,2020-05,17,105.47,243.95,376.98,26.56,24.0,6.0,30.0,1,0.1733,0.36,1
LJ500_R068_C081,68,81,701750,9535250,2000,3500,2020,5,2020-05,17,105.47,243.95,376.98,26.56,24.0,6.0,30.0,1,0.1825,0.3749,1
LJ500_R068_C082,68,82,702250,9535250,2500,3500,2020,5,2020-05,17,105.47,243.95,376.98,26.56,24.0,6.0,30.0,1,0.1857,0.38,1
LJ500_R068_C083,68,83,702750,9535250,3000,3500,2020,5,2020-05,17,105.47,243.95,376.98,26.56,24.0,6.0,30.0,1,0.1782,0.3711,1
LJ500_R068_C084,68,84,703250,9535250,3500,3500,2020,5,2020-05,17,105.47,243.95,376.98,26.56,24.0,6.0,30.0,1,0.1811,0.383,1
LJ500_R068_C085,68,85,703750,9535250,4000,3500,2020,5,2020-05,17,105.47,243.95,376.98,26.56,24.0,6.0,30.0,1,0.265,0.67,1
LJ500_R068_C086,68,86,704250,9535250,4500,3500,2020,5,2020-05,17,105.47,243.95,376.98,26.56,24.0,6.0,30.0,1,0.3145,0.7683,1
LJ500_R069_C077,69,77,699750,9535750,0,4000,2020,5,2020-05,17,104.17,234.59,357.2,21.5,22.65,7.3539,30.0,1,0.1648,0.3334,1
LJ500_R069_C078,69,78,700250,9535750,500,4000,2020,5,2020-05,17,110.48,240.65,368.27,23.28,22.14,7.862,30.0,1,0.1575,0.3104,1
LJ500_R069_C079,69,79,700750,9535750,1000,4000,2020,5,2020-05,17,110.49,240.65,368.25,23.27,22.13,7.8666,30.0,1,0.1661,0.3398,1
LJ500_R069_C080,69,80,701250,9535750,1500,4000,2020,5,2020-05,17,110.5,240.64,368.23,23.26,22.13,7.8712,30.0,1,0.172,0.36,1
LJ500_R069_C081,69,81,701750,9535750,2000,4000,2020,5,2020-05,17,110.52,240.63,368.21,23.25,22.12,7.8759,30.0,1,0.1853,0.4108,1
LJ500_R069_C082,69,82,702250,9535750,2500,4000,2020,5,2020-05,17,110.53,240.62,368.19,23.24,22.12,7.8805,30.0,1,0.1899,0.4286,1
LJ500_R069_C083,69,83,702750,9535750,3000,4000,2020,5,2020-05,17,110.54,240.61,368.17,23.24,22.11,7.8852,30.0,1,0.1709,0.3937,1
LJ500_R069_C084,69,84,703250,9535750,3500,4000,2020,5,2020-05,17,110.55,240.6,368.14,23.23,22.11,7.8899,30.0,1,0.1683,0.3874,1
LJ500_R069_C085,69,85,703750,9535750,4000,4000,2020,5,2020-05,17,110.57,240.6,368.12,23.22,22.11,7.8945,30.0,1,0.1633,0.3375,1
LJ500_R069_C086,69,86,704250,9535750,4500,4000,2020,5,2020-05,17,110.58,240.59,368.1,23.21,22.1,7.8992,30.0,1,0.1625,0.3422,1
LJ500_R070_C077,70,77,699750,9536250,0,4500,2020,5,2020-05,17,104.42,234.34,356.18,21.44,22.59,7.41,30.0,1,0.1634,0.3318,1
LJ500_R070_C078,70,78,700250,9536250,500,4500,2020,5,2020-05,17,110.85,240.41,367.63,23.03,22.0,8.0,30.0,1,0.1557,0.3088,1
LJ500_R070_C079,70,79,700750,9536250,1000,4500,2020,5,2020-05,17,110.85,240.41,367.63,23.03,22.0,8.0,30.0,1,0.1648,0.3376,1
LJ500_R070_C080,70,80,701250,9536250,1500,4500,2020,5,2020-05,17,110.85,240.41,367.63,23.03,22.0,8.0,30.0,1,0.1711,0.3575,1
LJ500_R070_C081,70,81,701750,9536250,2000,4500,2020,5,2020-05,17,110.85,240.41,367.63,23.03,22.0,8.0,30.0,1,0.1824,0.4028,1
LJ500_R070_C082,70,82,702250,9536250,2500,4500,2020,5,2020-05,17,110.85,240.41,367.63,23.03,22.0,8.0,30.0,1,0.1863,0.4185,1
LJ500_R070_C083,70,83,702750,9536250,3000,4500,2020,5,2020-05,17,110.85,240.41,367.63,23.03,22.0,8.0,30.0,1,0.1688,0.3862,1
LJ500_R070_C084,70,84,703250,9536250,3500,4500,2020,5,2020-05,17,110.85,240.41,367.63,23.03,22.0,8.0,30.0,1,0.1663,0.3799,1
LJ500_R070_C085,70,85,703750,9536250,4000,4500,2020,5,2020-05,17,110.85,240.41,367.63,23.03,22.0,8.0,30.0,1,0.1594,0.3273,1
LJ500_R070_C086,70,86,704250,9536250,4500,4500,2020,5,2020-05,17,110.85,240.41,367.63,23.03,22.0,8.0,30.0,1,0.1621,0.3432,1
LJ500_R061_C077,61,77,699750,9531750,0,0,2020,6,2020-06,18,27.35,128.09,264.99,17.26,27.57,3.4308,31.0,1,0.3014,0.5621,1
LJ500_R061_C078,61,78,700250,9531750,500,0,2020,6,2020-06,18,30.63,136.1,274.57,23.72,27.0,4.0,31.0,1,0.3026,0.5567,1
LJ500_R061_C079,61,79,700750,9531750,1000,0,2020,6,2020-06,18,30.63,136.1,274.57,23.72,27.0,4.0,31.0,1,0.3002,0.5443,1
LJ500_R061_C080,61,80,701250,9531750,1500,0,2020,6,2020-06,18,30.63,136.1,274.57,23.72,27.0,4.0,31.0,1,0.2987,0.5364,1
LJ500_R061_C081,61,81,701750,9531750,2000,0,2020,6,2020-06,18,30.63,136.1,274.57,23.72,27.0,4.0,31.0,1,0.3781,0.698,1
LJ500_R061_C082,61,82,702250,9531750,2500,0,2020,6,2020-06,18,30.63,136.1,274.57,23.72,27.0,4.0,31.0,1,0.4039,0.7504,1
LJ500_R061_C083,61,83,702750,9531750,3000,0,2020,6,2020-06,18,30.63,136.1,274.57,23.72,27.0,4.0,31.0,1,0.4784,0.927,1
LJ500_R061_C084,61,84,703250,9531750,3500,0,2020,6,2020-06,18,30.63,136.1,274.57,23.72,27.0,4.0,31.0,1,0.4823,0.9353,1
LJ500_R061_C085,61,85,703750,9531750,4000,0,2020,6,2020-06,18,30.63,136.1,274.57,23.72,27.0,4.0,31.0,1,0.4126,0.7643,1
LJ500_R061_C086,61,86,704250,9531750,4500,0,2020,6,2020-06,18,30.63,136.1,274.57,23.72,27.0,4.0,31.0,1,0.3939,0.7366,1
LJ500_R062_C077,62,77,699750,9532250,0,500,2020,6,2020-06,18,27.34,128.05,264.95,17.24,27.57,3.4285,31.0,1,0.2868,0.5446,1
LJ500_R062_C078,62,78,700250,9532250,500,500,2020,6,2020-06,18,30.63,136.1,274.57,23.72,27.0,4.0,31.0,1,0.2884,0.55,1
LJ500_R062_C079,62,79,700750,9532250,1000,500,2020,6,2020-06,18,30.63,136.1,274.57,23.72,27.0,4.0,31.0,1,0.2854,0.5256,1
LJ500_R062_C080,62,80,701250,9532250,1500,500,2020,6,2020-06,18,30.63,136.1,274.57,23.72,27.0,4.0,31.0,1,0.2835,0.51,1
LJ500_R062_C081,62,81,701750,9532250,2000,500,2020,6,2020-06,18,30.63,136.1,274.57,23.72,27.0,4.0,31.0,1,0.5443,1.0257,1
LJ500_R062_C082,62,82,702250,9532250,2500,500,2020,6,2020-06,18,30.63,136.1,274.57,23.72,27.0,4.0,31.0,1,0.6274,1.19,1
LJ500_R062_C083,62,83,702750,9532250,3000,500,2020,6,2020-06,18,30.63,136.1,274.57,23.72,27.0,4.0,31.0,1,0.7762,1.4714,1
LJ500_R062_C084,62,84,703250,9532250,3500,500,2020,6,2020-06,18,30.63,136.1,274.57,23.72,27.0,4.0,31.0,1,0.7846,1.4879,1
LJ500_R062_C085,62,85,703750,9532250,4000,500,2020,6,2020-06,18,30.63,136.1,274.57,23.72,27.0,4.0,31.0,1,0.6739,1.29,1
LJ500_R062_C086,62,86,704250,9532250,4500,500,2020,6,2020-06,18,30.63,136.1,274.57,23.72,27.0,4.0,31.0,1,0.6213,1.2073,1
LJ500_R063_C077,63,77,699750,9532750,0,1000,2020,6,2020-06,18,27.33,128.02,264.92,17.21,27.57,3.4261,31.0,1,0.2794,0.5219,1
LJ500_R063_C078,63,78,700250,9532750,500,1000,2020,6,2020-06,18,30.63,136.1,274.57,23.72,27.0,4.0,31.0,1,0.2775,0.5353,1
LJ500_R063_C079,63,79,700750,9532750,1000,1000,2020,6,2020-06,18,30.63,136.1,274.57,23.72,27.0,4.0,31.0,1,0.2773,0.5169,1
LJ500_R063_C080,63,80,701250,9532750,1500,1000,2020,6,2020-06,18,30.63,136.1,274.57,23.72,27.0,4.0,31.0,1,0.2771,0.505,1
LJ500_R063_C081,63,81,701750,9532750,2000,1000,2020,6,2020-06,18,30.63,136.1,274.57,23.72,27.0,4.0,31.0,1,0.4463,0.8722,1
LJ500_R063_C082,63,82,702250,9532750,2500,1000,2020,6,2020-06,18,30.63,136.1,274.57,23.72,27.0,4.0,31.0,1,0.5003,0.9897,1
LJ500_R063_C083,63,83,702750,9532750,3000,1000,2020,6,2020-06,18,30.63,136.1,274.57,23.72,27.0,4.0,31.0,1,0.8283,1.5837,1
LJ500_R063_C084,63,84,703250,9532750,3500,1000,2020,6,2020-06,18,30.63,136.1,274.57,23.72,27.0,4.0,31.0,1,0.8602,1.6427,1
LJ500_R063_C085,63,85,703750,9532750,4000,1000,2020,6,2020-06,18,30.63,136.1,274.57,23.72,27.0,4.0,31.0,1,0.8134,1.5794,1
LJ500_R063_C086,63,86,704250,9532750,4500,1000,2020,6,2020-06,18,30.63,136.1,274.57,23.72,27.0,4.0,31.0,1,0.7859,1.5406,1
LJ500_R064_C077,64,77,699750,9533250,0,1500,2020,6,2020-06,18,27.31,127.99,264.88,17.19,27.58,3.4238,31.0,1,0.2716,0.4982,1
LJ500_R064_C078,64,78,700250,9533250,500,1500,2020,6,2020-06,18,30.63,136.1,274.57,23.72,27.0,4.0,31.0,1,0.2661,0.52,1
LJ500_R064_C079,64,79,700750,9533250,1000,1500,2020,6,2020-06,18,30.63,136.1,274.57,23.72,27.0,4.0,31.0,1,0.2689,0.5079,1
LJ500_R064_C080,64,80,701250,9533250,1500,1500,2020,6,2020-06,18,30.63,136.1,274.57,23.72,27.0,4.0,31.0,1,0.2706,0.5,1
LJ500_R064_C081,64,81,701750,9533250,2000,1500,2020,6,2020-06,18,30.63,136.1,274.57,23.72,27.0,4.0,31.0,1,0.3482,0.7186,1
LJ500_R064_C082,64,82,702250,9533250,2500,1500,2020,6,2020-06,18,30.63,136.1,274.57,23.72,27.0,4.0,31.0,1,0.3735,0.79,1
LJ500_R064_C083,64,83,702750,9533250,3000,1500,2020,6,2020-06,18,30.63,136.1,274.57,23.72,27.0,4.0,31.0,1,0.8791,1.6932,1
LJ500_R064_C084,64,84,703250,9533250,3500,1500,2020,6,2020-06,18,30.63,136.1,274.57,23.72,27.0,4.0,31.0,1,0.934,1.7937,1
LJ500_R064_C085,64,85,703750,9533250,4000,1500,2020,6,2020-06,18,30.63,136.1,274.57,23.72,27.0,4.0,31.0,1,0.9487,1.86,1
LJ500_R064_C086,64,86,704250,9533250,4500,1500,2020,6,2020-06,18,30.63,136.1,274.57,23.72,27.0,4.0,31.0,1,0.9435,1.86,1
LJ500_R065_C077,65,77,699750,9533750,0,2000,2020,6,2020-06,18,27.3,127.96,264.84,17.16,27.58,3.4215,31.0,1,0.2591,0.4841,1
LJ500_R065_C078,65,78,700250,9533750,500,2000,2020,6,2020-06,18,30.63,136.1,274.57,23.72,27.0,4.0,31.0,1,0.258,0.4811,1
LJ500_R065_C079,65,79,700750,9533750,1000,2000,2020,6,2020-06,18,30.63,136.1,274.57,23.72,27.0,4.0,31.0,1,0.2573,0.4846,1
LJ500_R065_C080,65,80,701250,9533750,1500,2000,2020,6,2020-06,18,30.63,136.1,274.57,23.72,27.0,4.0,31.0,1,0.2567,0.4869,1
LJ500_R065_C081,65,81,701750,9533750,2000,2000,2020,6,2020-06,18,30.63,136.1,274.57,23.72,27.0,4.0,31.0,1,0.2805,0.5621,1
LJ500_R065_C082,65,82,702250,9533750,2500,2000,2020,6,2020-06,18,30.63,136.1,274.57,23.72,27.0,4.0,31.0,1,0.2881,0.5862,1
LJ500_R065_C083,65,83,702750,9533750,3000,2000,2020,6,2020-06,18,30.63,136.1,274.57,23.72,27.0,4.0,31.0,1,0.5761,1.1654,1
LJ500_R065_C084,65,84,703250,9533750,3500,2000,2020,6,2020-06,18,30.63,136.1,274.57,23.72,27.0,4.0,31.0,1,0.6134,1.2393,1
LJ500_R065_C085,65,85,703750,9533750,4000,2000,2020,6,2020-06,18,30.63,136.1,274.57,23.72,27.0,4.0,31.0,1,0.7404,1.4679,1
LJ500_R065_C086,65,86,704250,9533750,4500,2000,2020,6,2020-06,18,30.63,136.1,274.57,23.72,27.0,4.0,31.0,1,0.7731,1.5318,1
LJ500_R066_C077,66,77,699750,9534250,0,2500,2020,6,2020-06,18,27.29,127.92,264.8,17.13,27.58,3.4192,31.0,1,0.2523,0.4765,1
LJ500_R066_C078,66,78,700250,9534250,500,2500,2020,6,2020-06,18,30.63,136.1,274.57,23.72,27.0,4.0,31.0,1,0.2535,0.46,1
LJ500_R066_C079,66,79,700750,9534250,1000,2500,2020,6,2020-06,18,30.63,136.1,274.57,23.72,27.0,4.0,31.0,1,0.251,0.472,1
LJ500_R066_C080,66,80,701250,9534250,1500,2500,2020,6,2020-06,18,30.63,136.1,274.57,23.72,27.0,4.0,31.0,1,0.2494,0.48,1
LJ500_R066_C081,66,81,701750,9534250,2000,2500,2020,6,2020-06,18,30.63,136.1,274.57,23.72,27.0,4.0,31.0,1,0.245,0.48,1
LJ500_R066_C082,66,82,702250,9534250,2500,2500,2020,6,2020-06,18,30.63,136.1,274.57,23.72,27.0,4.0,31.0,1,0.2435,0.48,1
LJ500_R066_C083,66,83,702750,9534250,3000,2500,2020,6,2020-06,18,30.63,136.1,274.57,23.72,27.0,4.0,31.0,1,0.4201,0.8933,1
LJ500_R066_C084,66,84,703250,9534250,3500,2500,2020,6,2020-06,18,30.63,136.1,274.57,23.72,27.0,4.0,31.0,1,0.4494,0.9558,1
LJ500_R066_C085,66,85,703750,9534250,4000,2500,2020,6,2020-06,18,30.63,136.1,274.57,23.72,27.0,4.0,31.0,1,0.6352,1.27,1
LJ500_R066_C086,66,86,704250,9534250,4500,2500,2020,6,2020-06,18,30.63,136.1,274.57,23.72,27.0,4.0,31.0,1,0.6873,1.3667,1
LJ500_R067_C077,67,77,699750,9534750,0,3000,2020,6,2020-06,18,27.27,127.89,264.76,17.11,27.58,3.4169,31.0,1,0.2405,0.4641,1
LJ500_R067_C078,67,78,700250,9534750,500,3000,2020,6,2020-06,18,30.63,136.1,274.57,23.72,27.0,4.0,31.0,1,0.2367,0.452,1
LJ500_R067_C079,67,79,700750,9534750,1000,3000,2020,6,2020-06,18,30.63,136.1,274.57,23.72,27.0,4.0,31.0,1,0.2344,0.4591,1
LJ500_R067_C080,67,80,701250,9534750,1500,3000,2020,6,2020-06,18,30.63,136.1,274.57,23.72,27.0,4.0,31.0,1,0.2329,0.4638,1
LJ500_R067_C081,67,81,701750,9534750,2000,3000,2020,6,2020-06,18,30.63,136.1,274.57,23.72,27.0,4.0,31.0,1,0.2332,0.4456,1
LJ500_R067_C082,67,82,702250,9534750,2500,3000,2020,6,2020-06,18,30.63,136.1,274.57,23.72,27.0,4.0,31.0,1,0.2333,0.4393,1
LJ500_R067_C083,67,83,702750,9534750,3000,3000,2020,6,2020-06,18,30.63,136.1,274.57,23.72,27.0,4.0,31.0,1,0.2587,0.5002,1
LJ500_R067_C084,67,84,703250,9534750,3500,3000,2020,6,2020-06,18,30.63,136.1,274.57,23.72,27.0,4.0,31.0,1,0.2676,0.5236,1
LJ500_R067_C085,67,85,703750,9534750,4000,3000,2020,6,2020-06,18,30.63,136.1,274.57,23.72,27.0,4.0,31.0,1,0.4012,0.8922,1
LJ500_R067_C086,67,86,704250,9534750,4500,3000,2020,6,2020-06,18,30.63,136.1,274.57,23.72,27.0,4.0,31.0,1,0.4646,0.9995,1
LJ500_R068_C077,68,77,699750,9535250,0,3500,2020,6,2020-06,18,27.26,127.86,264.72,17.08,27.59,3.4146,31.0,1,0.2376,0.4611,1
LJ500_R068_C078,68,78,700250,9535250,500,3500,2020,6,2020-06,18,30.63,136.1,274.57,23.72,27.0,4.0,31.0,1,0.2326,0.45,1
LJ500_R068_C079,68,79,700750,9535250,1000,3500,2020,6,2020-06,18,30.63,136.1,274.57,23.72,27.0,4.0,31.0,1,0.2305,0.4559,1
LJ500_R068_C080,68,80,701250,9535250,1500,3500,2020,6,2020-06,18,30.63,136.1,274.57,23.72,27.0,4.0,31.0,1,0.229,0.46,1
LJ500_R068_C081,68,81,701750,9535250,2000,3500,2020,6,2020-06,18,30.63,136.1,274.57,23.72,27.0,4.0,31.0,1,0.2305,0.4377,1
LJ500_R068_C082,68,82,702250,9535250,2500,3500,2020,6,2020-06,18,30.63,136.1,274.57,23.72,27.0,4.0,31.0,1,0.231,0.43,1
LJ500_R068_C083,68,83,702750,9535250,3000,3500,2020,6,2020-06,18,30.63,136.1,274.57,23.72,27.0,4.0,31.0,1,0.2226,0.4121,1
LJ500_R068_C084,68,84,703250,9535250,3500,3500,2020,6,2020-06,18,30.63,136.1,274.57,23.72,27.0,4.0,31.0,1,0.2272,0.4273,1
LJ500_R068_C085,68,85,703750,9535250,4000,3500,2020,6,2020-06,18,30.63,136.1,274.57,23.72,27.0,4.0,31.0,1,0.3503,0.81,1
LJ500_R068_C086,68,86,704250,9535250,4500,3500,2020,6,2020-06,18,30.63,136.1,274.57,23.72,27.0,4.0,31.0,1,0.4162,0.9198,1
LJ500_R069_C077,69,77,699750,9535750,0,4000,2020,6,2020-06,18,23.36,127.53,257.94,11.31,28.52,2.4836,31.0,1,0.2158,0.4419,1
LJ500_R069_C078,69,78,700250,9535750,500,4000,2020,6,2020-06,18,28.74,139.22,269.4,13.88,27.93,3.069,31.0,1,0.2133,0.4308,1
LJ500_R069_C079,69,79,700750,9535750,1000,4000,2020,6,2020-06,18,28.74,139.23,269.39,13.85,27.93,3.0667,31.0,1,0.2141,0.4252,1
LJ500_R069_C080,69,80,701250,9535750,1500,4000,2020,6,2020-06,18,28.74,139.24,269.37,13.83,27.94,3.0644,31.0,1,0.2147,0.4213,1
LJ500_R069_C081,69,81,701750,9535750,2000,4000,2020,6,2020-06,18,28.73,139.25,269.36,13.81,27.94,3.0621,31.0,1,0.2314,0.514,1
LJ500_R069_C082,69,82,702250,9535750,2500,4000,2020,6,2020-06,18,28.73,139.26,269.35,13.78,27.94,3.0597,31.0,1,0.2372,0.5465,1
LJ500_R069_C083,69,83,702750,9535750,3000,4000,2020,6,2020-06,18,28.72,139.26,269.33,13.76,27.94,3.0574,31.0,1,0.2199,0.4856,1
LJ500_R069_C084,69,84,703250,9535750,3500,4000,2020,6,2020-06,18,28.72,139.27,269.32,13.73,27.94,3.0551,31.0,1,0.2174,0.4747,1
LJ500_R069_C085,69,85,703750,9535750,4000,4000,2020,6,2020-06,18,28.71,139.28,269.31,13.71,27.95,3.0527,31.0,1,0.2058,0.3894,1
LJ500_R069_C086,69,86,704250,9535750,4500,4000,2020,6,2020-06,18,28.71,139.29,269.3,13.68,27.95,3.0504,31.0,1,0.2063,0.3942,1
LJ500_R070_C077,70,77,699750,9536250,0,4500,2020,6,2020-06,18,23.04,127.46,257.38,10.86,28.59,2.41,31.0,1,0.213,0.4376,1
LJ500_R070_C078,70,78,700250,9536250,500,4500,2020,6,2020-06,18,28.61,139.46,269.02,13.15,28.0,3.0,31.0,1,0.2101,0.4276,1
LJ500_R070_C079,70,79,700750,9536250,1000,4500,2020,6,2020-06,18,28.61,139.46,269.02,13.15,28.0,3.0,31.0,1,0.2115,0.4202,1
LJ500_R070_C080,70,80,701250,9536250,1500,4500,2020,6,2020-06,18,28.61,139.46,269.02,13.15,28.0,3.0,31.0,1,0.2125,0.4151,1
LJ500_R070_C081,70,81,701750,9536250,2000,4500,2020,6,2020-06,18,28.61,139.46,269.02,13.15,28.0,3.0,31.0,1,0.227,0.4981,1
LJ500_R070_C082,70,82,702250,9536250,2500,4500,2020,6,2020-06,18,28.61,139.46,269.02,13.15,28.0,3.0,31.0,1,0.232,0.527,1
LJ500_R070_C083,70,83,702750,9536250,3000,4500,2020,6,2020-06,18,28.61,139.46,269.02,13.15,28.0,3.0,31.0,1,0.2164,0.4724,1
LJ500_R070_C084,70,84,703250,9536250,3500,4500,2020,6,2020-06,18,28.61,139.46,269.02,13.15,28.0,3.0,31.0,1,0.2138,0.462,1
LJ500_R070_C085,70,85,703750,9536250,4000,4500,2020,6,2020-06,18,28.61,139.46,269.02,13.15,28.0,3.0,31.0,1,0.2006,0.3773,1
LJ500_R070_C086,70,86,704250,9536250,4500,4500,2020,6,2020-06,18,28.61,139.46,269.02,13.15,28.0,3.0,31.0,1,0.2058,0.396,1
LJ500_R061_C077,61,77,699750,9531750,0,0,2020,7,2020-07,19,15.91,43.26,144.0,5.0381,23.57,6.4308,30.0,1,0.4396,0.5929,1
LJ500_R061_C078,61,78,700250,9531750,500,0,2020,7,2020-07,19,18.62,49.24,154.72,5.5192,23.0,7.0,30.0,1,0.4495,0.6,1
LJ500_R061_C079,61,79,700750,9531750,1000,0,2020,7,2020-07,19,18.62,49.24,154.72,5.5192,23.0,7.0,30.0,1,0.4523,0.6061,1
LJ500_R061_C080,61,80,701250,9531750,1500,0,2020,7,2020-07,19,18.62,49.24,154.72,5.5192,23.0,7.0,30.0,1,0.4541,0.61,1
LJ500_R061_C081,61,81,701750,9531750,2000,0,2020,7,2020-07,19,18.62,49.24,154.72,5.5192,23.0,7.0,30.0,1,0.5332,0.8889,1
LJ500_R061_C082,61,82,702250,9531750,2500,0,2020,7,2020-07,19,18.62,49.24,154.72,5.5192,23.0,7.0,30.0,1,0.5589,0.9785,1
LJ500_R061_C083,61,83,702750,9531750,3000,0,2020,7,2020-07,19,18.62,49.24,154.72,5.5192,23.0,7.0,30.0,1,0.6261,1.1572,1
LJ500_R061_C084,61,84,703250,9531750,3500,0,2020,7,2020-07,19,18.62,49.24,154.72,5.5192,23.0,7.0,30.0,1,0.6294,1.1662,1
LJ500_R061_C085,61,85,703750,9531750,4000,0,2020,7,2020-07,19,18.62,49.24,154.72,5.5192,23.0,7.0,30.0,1,0.5626,1.0034,1
LJ500_R061_C086,61,86,704250,9531750,4500,0,2020,7,2020-07,19,18.62,49.24,154.72,5.5192,23.0,7.0,30.0,1,0.5443,0.969,1
LJ500_R062_C077,62,77,699750,9532250,0,500,2020,7,2020-07,19,15.9,43.24,143.95,5.0362,23.57,6.4285,30.0,1,0.4163,0.5692,1
LJ500_R062_C078,62,78,700250,9532250,500,500,2020,7,2020-07,19,18.62,49.24,154.72,5.5192,23.0,7.0,30.0,1,0.4273,0.58,1
LJ500_R062_C079,62,79,700750,9532250,1000,500,2020,7,2020-07,19,18.62,49.24,154.72,5.5192,23.0,7.0,30.0,1,0.4359,0.5983,1
LJ500_R062_C080,62,80,701250,9532250,1500,500,2020,7,2020-07,19,18.62,49.24,154.72,5.5192,23.0,7.0,30.0,1,0.4413,0.61,1
LJ500_R062_C081,62,81,701750,9532250,2000,500,2020,7,2020-07,19,18.62,49.24,154.72,5.5192,23.0,7.0,30.0,1,0.702,1.2926,1
LJ500_R062_C082,62,82,702250,9532250,2500,500,2020,7,2020-07,19,18.62,49.24,154.72,5.5192,23.0,7.0,30.0,1,0.785,1.51,1
LJ500_R062_C083,62,83,702750,9532250,3000,500,2020,7,2020-07,19,18.62,49.24,154.72,5.5192,23.0,7.0,30.0,1,0.9067,1.7279,1
LJ500_R062_C084,62,84,703250,9532250,3500,500,2020,7,2020-07,19,18.62,49.24,154.72,5.5192,23.0,7.0,30.0,1,0.9132,1.7425,1
LJ500_R062_C085,62,85,703750,9532250,4000,500,2020,7,2020-07,19,18.62,49.24,154.72,5.5192,23.0,7.0,30.0,1,0.8183,1.62,1
LJ500_R062_C086,62,86,704250,9532250,4500,500,2020,7,2020-07,19,18.62,49.24,154.72,5.5192,23.0,7.0,30.0,1,0.7668,1.5248,1
LJ500_R063_C077,63,77,699750,9532750,0,1000,2020,7,2020-07,19,15.89,43.22,143.91,5.0342,23.57,6.4261,30.0,1,0.398,0.5655,1
LJ500_R063_C078,63,78,700250,9532750,500,1000,2020,7,2020-07,19,18.62,49.24,154.72,5.5192,23.0,7.0,30.0,1,0.409,0.5603,1
LJ500_R063_C079,63,79,700750,9532750,1000,1000,2020,7,2020-07,19,18.62,49.24,154.72,5.5192,23.0,7.0,30.0,1,0.4245,0.5814,1
LJ500_R063_C080,63,80,701250,9532750,1500,1000,2020,7,2020-07,19,18.62,49.24,154.72,5.5192,23.0,7.0,30.0,1,0.4346,0.5951,1
LJ500_R063_C081,63,81,701750,9532750,2000,1000,2020,7,2020-07,19,18.62,49.24,154.72,5.5192,23.0,7.0,30.0,1,0.6022,1.0985,1
LJ500_R063_C082,63,82,702250,9532750,2500,1000,2020,7,2020-07,19,18.62,49.24,154.72,5.5192,23.0,7.0,30.0,1,0.6557,1.2597,1
LJ500_R063_C083,63,83,702750,9532750,3000,1000,2020,7,2020-07,19,18.62,49.24,154.72,5.5192,23.0,7.0,30.0,1,0.8998,1.7308,1
LJ500_R063_C084,63,84,703250,9532750,3500,1000,2020,7,2020-07,19,18.62,49.24,154.72,5.5192,23.0,7.0,30.0,1,0.9186,1.7784,1
LJ500_R063_C085,63,85,703750,9532750,4000,1000,2020,7,2020-07,19,18.62,49.24,154.72,5.5192,23.0,7.0,30.0,1,0.8016,1.7469,1
LJ500_R063_C086,63,86,704250,9532750,4500,1000,2020,7,2020-07,19,18.62,49.24,154.72,5.5192,23.0,7.0,30.0,1,0.7673,1.7003,1
LJ500_R064_C077,64,77,699750,9533250,0,1500,2020,7,2020-07,19,15.88,43.19,143.87,5.0323,23.58,6.4238,30.0,1,0.3789,0.5618,1
LJ500_R064_C078,64,78,700250,9533250,500,1500,2020,7,2020-07,19,18.62,49.24,154.72,5.5192,23.0,7.0,30.0,1,0.39,0.54,1
LJ500_R064_C079,64,79,700750,9533250,1000,1500,2020,7,2020-07,19,18.62,49.24,154.72,5.5192,23.0,7.0,30.0,1,0.4128,0.5642,1
LJ500_R064_C080,64,80,701250,9533250,1500,1500,2020,7,2020-07,19,18.62,49.24,154.72,5.5192,23.0,7.0,30.0,1,0.4277,0.58,1
LJ500_R064_C081,64,81,701750,9533250,2000,1500,2020,7,2020-07,19,18.62,49.24,154.72,5.5192,23.0,7.0,30.0,1,0.5023,0.9041,1
LJ500_R064_C082,64,82,702250,9533250,2500,1500,2020,7,2020-07,19,18.62,49.24,154.72,5.5192,23.0,7.0,30.0,1,0.5267,1.01,1
LJ500_R064_C083,64,83,702750,9533250,3000,1500,2020,7,2020-07,19,18.62,49.24,154.72,5.5192,23.0,7.0,30.0,1,0.8925,1.7326,1
LJ500_R064_C084,64,84,703250,9533250,3500,1500,2020,7,2020-07,19,18.62,49.24,154.72,5.5192,23.0,7.0,30.0,1,0.924,1.8132,1
LJ500_R064_C085,64,85,703750,9533250,4000,1500,2020,7,2020-07,19,18.62,49.24,154.72,5.5192,23.0,7.0,30.0,1,0.7853,1.87,1
LJ500_R064_C086,64,86,704250,9533250,4500,1500,2020,7,2020-07,19,18.62,49.24,154.72,5.5192,23.0,7.0,30.0,1,0.7673,1.868,1
LJ500_R065_C077,65,77,699750,9533750,0,2000,2020,7,2020-07,19,15.87,43.17,143.82,5.0303,23.58,6.4215,30.0,1,0.3646,0.5342,1
LJ500_R065_C078,65,78,700250,9533750,500,2000,2020,7,2020-07,19,18.62,49.24,154.72,5.5192,23.0,7.0,30.0,1,0.3647,0.5335,1
LJ500_R065_C079,65,79,700750,9533750,1000,2000,2020,7,2020-07,19,18.62,49.24,154.72,5.5192,23.0,7.0,30.0,1,0.387,0.5419,1
LJ500_R065_C080,65,80,701250,9533750,1500,2000,2020,7,2020-07,19,18.62,49.24,154.72,5.5192,23.0,7.0,30.0,1,0.4018,0.5474,1
LJ500_R065_C081,65,81,701750,9533750,2000,2000,2020,7,2020-07,19,18.62,49.24,154.72,5.5192,23.0,7.0,30.0,1,0.4278,0.7128,1
LJ500_R065_C082,65,82,702250,9533750,2500,2000,2020,7,2020-07,19,18.62,49.24,154.72,5.5192,23.0,7.0,30.0,1,0.4362,0.7667,1
LJ500_R065_C083,65,83,702750,9533750,3000,2000,2020,7,2020-07,19,18.62,49.24,154.72,5.5192,23.0,7.0,30.0,1,0.6763,1.3439,1
LJ500_R065_C084,65,84,703250,9533750,3500,2000,2020,7,2020-07,19,18.62,49.24,154.72,5.5192,23.0,7.0,30.0,1,0.7055,1.4194,1
LJ500_R065_C085,65,85,703750,9533750,4000,2000,2020,7,2020-07,19,18.62,49.24,154.72,5.5192,23.0,7.0,30.0,1,0.7749,1.6706,1
LJ500_R065_C086,65,86,704250,9533750,4500,2000,2020,7,2020-07,19,18.62,49.24,154.72,5.5192,23.0,7.0,30.0,1,0.7663,1.7012,1
LJ500_R066_C077,66,77,699750,9534250,0,2500,2020,7,2020-07,19,15.85,43.14,143.78,5.0284,23.58,6.4192,30.0,1,0.3569,0.519,1
LJ500_R066_C078,66,78,700250,9534250,500,2500,2020,7,2020-07,19,18.62,49.24,154.72,5.5192,23.0,7.0,30.0,1,0.351,0.53,1
LJ500_R066_C079,66,79,700750,9534250,1000,2500,2020,7,2020-07,19,18.62,49.24,154.72,5.5192,23.0,7.0,30.0,1,0.3732,0.53,1
LJ500_R066_C080,66,80,701250,9534250,1500,2500,2020,7,2020-07,19,18.62,49.24,154.72,5.5192,23.0,7.0,30.0,1,0.388,0.53,1
LJ500_R066_C081,66,81,701750,9534250,2000,2500,2020,7,2020-07,19,18.62,49.24,154.72,5.5192,23.0,7.0,30.0,1,0.3887,0.6124,1
LJ500_R066_C082,66,82,702250,9534250,2500,2500,2020,7,2020-07,19,18.62,49.24,154.72,5.5192,23.0,7.0,30.0,1,0.389,0.64,1
LJ500_R066_C083,66,83,702750,9534250,3000,2500,2020,7,2020-07,19,18.62,49.24,154.72,5.5192,23.0,7.0,30.0,1,0.5648,1.1432,1
LJ500_R066_C084,66,84,703250,9534250,3500,2500,2020,7,2020-07,19,18.62,49.24,154.72,5.5192,23.0,7.0,30.0,1,0.5935,1.2177,1
LJ500_R066_C085,66,85,703750,9534250,4000,2500,2020,7,2020-07,19,18.62,49.24,154.72,5.5192,23.0,7.0,30.0,1,0.7697,1.57,1
LJ500_R066_C086,66,86,704250,9534250,4500,2500,2020,7,2020-07,19,18.62,49.24,154.72,5.5192,23.0,7.0,30.0,1,0.7658,1.6174,1
LJ500_R067_C077,67,77,699750,9534750,0,3000,2020,7,2020-07,19,15.84,43.12,143.74,5.0264,23.58,6.4169,30.0,1,0.3631,0.5134,1
LJ500_R067_C078,67,78,700250,9534750,500,3000,2020,7,2020-07,19,18.62,49.24,154.72,5.5192,23.0,7.0,30.0,1,0.3384,0.4978,1
LJ500_R067_C079,67,79,700750,9534750,1000,3000,2020,7,2020-07,19,18.62,49.24,154.72,5.5192,23.0,7.0,30.0,1,0.3547,0.5025,1
LJ500_R067_C080,67,80,701250,9534750,1500,3000,2020,7,2020-07,19,18.62,49.24,154.72,5.5192,23.0,7.0,30.0,1,0.3656,0.5057,1
LJ500_R067_C081,67,81,701750,9534750,2000,3000,2020,7,2020-07,19,18.62,49.24,154.72,5.5192,23.0,7.0,30.0,1,0.3788,0.5332,1
LJ500_R067_C082,67,82,702250,9534750,2500,3000,2020,7,2020-07,19,18.62,49.24,154.72,5.5192,23.0,7.0,30.0,1,0.3833,0.5423,1
LJ500_R067_C083,67,83,702750,9534750,3000,3000,2020,7,2020-07,19,18.62,49.24,154.72,5.5192,23.0,7.0,30.0,1,0.4055,0.6414,1
LJ500_R067_C084,67,84,703250,9534750,3500,3000,2020,7,2020-07,19,18.62,49.24,154.72,5.5192,23.0,7.0,30.0,1,0.4135,0.673,1
LJ500_R067_C085,67,85,703750,9534750,4000,3000,2020,7,2020-07,19,18.62,49.24,154.72,5.5192,23.0,7.0,30.0,1,0.5386,1.1265,1
LJ500_R067_C086,67,86,704250,9534750,4500,3000,2020,7,2020-07,19,18.62,49.24,154.72,5.5192,23.0,7.0,30.0,1,0.5864,1.2331,1
LJ500_R068_C077,68,77,699750,9535250,0,3500,2020,7,2020-07,19,15.83,43.09,143.69,5.0245,23.59,6.4146,30.0,1,0.3647,0.5122,1
LJ500_R068_C078,68,78,700250,9535250,500,3500,2020,7,2020-07,19,18.62,49.24,154.72,5.5192,23.0,7.0,30.0,1,0.3353,0.49,1
LJ500_R068_C079,68,79,700750,9535250,1000,3500,2020,7,2020-07,19,18.62,49.24,154.72,5.5192,23.0,7.0,30.0,1,0.3502,0.4959,1
LJ500_R068_C080,68,80,701250,9535250,1500,3500,2020,7,2020-07,19,18.62,49.24,154.72,5.5192,23.0,7.0,30.0,1,0.3603,0.5,1
LJ500_R068_C081,68,81,701750,9535250,2000,3500,2020,7,2020-07,19,18.62,49.24,154.72,5.5192,23.0,7.0,30.0,1,0.3765,0.5149,1
LJ500_R068_C082,68,82,702250,9535250,2500,3500,2020,7,2020-07,19,18.62,49.24,154.72,5.5192,23.0,7.0,30.0,1,0.382,0.52,1
LJ500_R068_C083,68,83,702750,9535250,3000,3500,2020,7,2020-07,19,18.62,49.24,154.72,5.5192,23.0,7.0,30.0,1,0.3698,0.5289,1
LJ500_R068_C084,68,84,703250,9535250,3500,3500,2020,7,2020-07,19,18.62,49.24,154.72,5.5192,23.0,7.0,30.0,1,0.3735,0.5516,1
LJ500_R068_C085,68,85,703750,9535250,4000,3500,2020,7,2020-07,19,18.62,49.24,154.72,5.5192,23.0,7.0,30.0,1,0.4883,1.03,1
LJ500_R068_C086,68,86,704250,9535250,4500,3500,2020,7,2020-07,19,18.62,49.24,154.72,5.5192,23.0,7.0,30.0,1,0.5473,1.1495,1
LJ500_R069_C077,69,77,699750,9535750,0,4000,2020,7,2020-07,19,14.5,37.86,142.03,4.6341,24.68,5.3211,30.0,1,0.3364,0.4632,1
LJ500_R069_C078,69,78,700250,9535750,500,4000,2020,7,2020-07,19,17.89,46.64,157.11,5.4533,23.0,7.0,30.0,1,0.3196,0.4515,1
LJ500_R069_C079,69,79,700750,9535750,1000,4000,2020,7,2020-07,19,17.89,46.63,157.12,5.4531,23.0,7.0,30.0,1,0.3418,0.4688,1
LJ500_R069_C080,69,80,701250,9535750,1500,4000,2020,7,2020-07,19,17.89,46.62,157.13,5.4529,23.0,7.0,30.0,1,0.3571,0.4807,1
LJ500_R069_C081,69,81,701750,9535750,2000,4000,2020,7,2020-07,19,17.88,46.62,157.13,5.4528,23.0,7.0,30.0,1,0.3691,0.6393,1
LJ500_R069_C082,69,82,702250,9535750,2500,4000,2020,7,2020-07,19,17.88,46.61,157.14,5.4526,23.0,7.0,30.0,1,0.3733,0.6948,1
LJ500_R069_C083,69,83,702750,9535750,3000,4000,2020,7,2020-07,19,17.88,46.6,157.14,5.4524,23.0,7.0,30.0,1,0.3553,0.6434,1
LJ500_R069_C084,69,84,703250,9535750,3500,4000,2020,7,2020-07,19,17.88,46.6,157.15,5.4523,23.0,7.0,30.0,1,0.3529,0.633,1
LJ500_R069_C085,69,85,703750,9535750,4000,4000,2020,7,2020-07,19,17.88,46.59,157.16,5.4521,23.0,7.0,30.0,1,0.3481,0.5312,1
LJ500_R069_C086,69,86,704250,9535750,4500,4000,2020,7,2020-07,19,17.88,46.58,157.16,5.4519,23.0,7.0,30.0,1,0.3474,0.5415,1
LJ500_R070_C077,70,77,699750,9536250,0,4500,2020,7,2020-07,19,14.38,37.42,141.84,4.6008,24.77,5.23,30.0,1,0.3341,0.4608,1
LJ500_R070_C078,70,78,700250,9536250,500,4500,2020,7,2020-07,19,17.84,46.44,157.29,5.4484,23.0,7.0,30.0,1,0.3171,0.4476,1
LJ500_R070_C079,70,79,700750,9536250,1000,4500,2020,7,2020-07,19,17.84,46.44,157.29,5.4484,23.0,7.0,30.0,1,0.3398,0.4674,1
LJ500_R070_C080,70,80,701250,9536250,1500,4500,2020,7,2020-07,19,17.84,46.44,157.29,5.4484,23.0,7.0,30.0,1,0.3555,0.4812,1
LJ500_R070_C081,70,81,701750,9536250,2000,4500,2020,7,2020-07,19,17.84,46.44,157.29,5.4484,23.0,7.0,30.0,1,0.3654,0.6236,1
LJ500_R070_C082,70,82,702250,9536250,2500,4500,2020,7,2020-07,19,17.84,46.44,157.29,5.4484,23.0,7.0,30.0,1,0.3688,0.6732,1
LJ500_R070_C083,70,83,702750,9536250,3000,4500,2020,7,2020-07,19,17.84,46.44,157.29,5.4484,23.0,7.0,30.0,1,0.3521,0.6228,1
LJ500_R070_C084,70,84,703250,9536250,3500,4500,2020,7,2020-07,19,17.84,46.44,157.29,5.4484,23.0,7.0,30.0,1,0.3497,0.6123,1
LJ500_R070_C085,70,85,703750,9536250,4000,4500,2020,7,2020-07,19,17.84,46.44,157.29,5.4484,23.0,7.0,30.0,1,0.3428,0.5173,1
LJ500_R070_C086,70,86,704250,9536250,4500,4500,2020,7,2020-07,19,17.84,46.44,157.29,5.4484,23.0,7.0,30.0,1,0.3466,0.5434,1
LJ500_R061_C077,61,77,699750,9531750,0,0,2020,8,2020-08,20,10.27,26.18,53.53,4.4617,28.57,2.4308,31.0,1,0.5095,0.6772,1
LJ500_R061_C078,61,78,700250,9531750,500,0,2020,8,2020-08,20,14.64,33.26,63.88,5.6756,28.0,3.0,31.0,1,0.5186,0.6933,1
LJ500_R061_C079,61,79,700750,9531750,1000,0,2020,8,2020-08,20,14.64,33.26,63.88,5.6756,28.0,3.0,31.0,1,0.5189,0.6932,1
LJ500_R061_C080,61,80,701250,9531750,1500,0,2020,8,2020-08,20,14.64,33.26,63.88,5.6756,28.0,3.0,31.0,1,0.5191,0.6932,1
LJ500_R061_C081,61,81,701750,9531750,2000,0,2020,8,2020-08,20,14.64,33.26,63.88,5.6756,28.0,3.0,31.0,1,0.5733,0.8036,1
LJ500_R061_C082,61,82,702250,9531750,2500,0,2020,8,2020-08,20,14.64,33.26,63.88,5.6756,28.0,3.0,31.0,1,0.5912,0.8398,1
LJ500_R061_C083,61,83,702750,9531750,3000,0,2020,8,2020-08,20,14.64,33.26,63.88,5.6756,28.0,3.0,31.0,1,0.6511,1.0047,1
LJ500_R061_C084,61,84,703250,9531750,3500,0,2020,8,2020-08,20,14.64,33.26,63.88,5.6756,28.0,3.0,31.0,1,0.654,1.0134,1
LJ500_R061_C085,61,85,703750,9531750,4000,0,2020,8,2020-08,20,14.64,33.26,63.88,5.6756,28.0,3.0,31.0,1,0.5924,0.8662,1
LJ500_R061_C086,61,86,704250,9531750,4500,0,2020,8,2020-08,20,14.64,33.26,63.88,5.6756,28.0,3.0,31.0,1,0.5742,0.8376,1
LJ500_R062_C077,62,77,699750,9532250,0,500,2020,8,2020-08,20,10.25,26.15,53.49,4.4567,28.57,2.4285,31.0,1,0.4861,0.6438,1
LJ500_R062_C078,62,78,700250,9532250,500,500,2020,8,2020-08,20,14.64,33.26,63.88,5.6756,28.0,3.0,31.0,1,0.4952,0.66,1
LJ500_R062_C079,62,79,700750,9532250,1000,500,2020,8,2020-08,20,14.64,33.26,63.88,5.6756,28.0,3.0,31.0,1,0.4991,0.6722,1
LJ500_R062_C080,62,80,701250,9532250,1500,500,2020,8,2020-08,20,14.64,33.26,63.88,5.6756,28.0,3.0,31.0,1,0.5016,0.68,1
LJ500_R062_C081,62,81,701750,9532250,2000,500,2020,8,2020-08,20,14.64,33.26,63.88,5.6756,28.0,3.0,31.0,1,0.7399,1.1047,1
LJ500_R062_C082,62,82,702250,9532250,2500,500,2020,8,2020-08,20,14.64,33.26,63.88,5.6756,28.0,3.0,31.0,1,0.8158,1.24,1
LJ500_R062_C083,62,83,702750,9532250,3000,500,2020,8,2020-08,20,14.64,33.26,63.88,5.6756,28.0,3.0,31.0,1,0.935,1.5396,1
LJ500_R062_C084,62,84,703250,9532250,3500,500,2020,8,2020-08,20,14.64,33.26,63.88,5.6756,28.0,3.0,31.0,1,0.941,1.5568,1
LJ500_R062_C085,62,85,703750,9532250,4000,500,2020,8,2020-08,20,14.64,33.26,63.88,5.6756,28.0,3.0,31.0,1,0.841,1.34,1
LJ500_R062_C086,62,86,704250,9532250,4500,500,2020,8,2020-08,20,14.64,33.26,63.88,5.6756,28.0,3.0,31.0,1,0.7884,1.2552,1
LJ500_R063_C077,63,77,699750,9532750,0,1000,2020,8,2020-08,20,10.23,26.12,53.45,4.4518,28.57,2.4261,31.0,1,0.4701,0.6454,1
LJ500_R063_C078,63,78,700250,9532750,500,1000,2020,8,2020-08,20,14.64,33.26,63.88,5.6756,28.0,3.0,31.0,1,0.4771,0.6403,1
LJ500_R063_C079,63,79,700750,9532750,1000,1000,2020,8,2020-08,20,14.64,33.26,63.88,5.6756,28.0,3.0,31.0,1,0.4894,0.6614,1
LJ500_R063_C080,63,80,701250,9532750,1500,1000,2020,8,2020-08,20,14.64,33.26,63.88,5.6756,28.0,3.0,31.0,1,0.4975,0.675,1
LJ500_R063_C081,63,81,701750,9532750,2000,1000,2020,8,2020-08,20,14.64,33.26,63.88,5.6756,28.0,3.0,31.0,1,0.6378,0.9553,1
LJ500_R063_C082,63,82,702250,9532750,2500,1000,2020,8,2020-08,20,14.64,33.26,63.88,5.6756,28.0,3.0,31.0,1,0.6824,1.0447,1
LJ500_R063_C083,63,83,702750,9532750,3000,1000,2020,8,2020-08,20,14.64,33.26,63.88,5.6756,28.0,3.0,31.0,1,0.9307,1.6887,1
LJ500_R063_C084,63,84,703250,9532750,3500,1000,2020,8,2020-08,20,14.64,33.26,63.88,5.6756,28.0,3.0,31.0,1,0.9502,1.7581,1
LJ500_R063_C085,63,85,703750,9532750,4000,1000,2020,8,2020-08,20,14.64,33.26,63.88,5.6756,28.0,3.0,31.0,1,0.8374,1.7817,1
LJ500_R063_C086,63,86,704250,9532750,4500,1000,2020,8,2020-08,20,14.64,33.26,63.88,5.6756,28.0,3.0,31.0,1,0.8029,1.7479,1
LJ500_R064_C077,64,77,699750,9533250,0,1500,2020,8,2020-08,20,10.21,26.09,53.4,4.4468,28.58,2.4238,31.0,1,0.4535,0.6473,1
LJ500_R064_C078,64,78,700250,9533250,500,1500,2020,8,2020-08,20,14.64,33.26,63.88,5.6756,28.0,3.0,31.0,1,0.4584,0.62,1
LJ500_R064_C079,64,79,700750,9533250,1000,1500,2020,8,2020-08,20,14.64,33.26,63.88,5.6756,28.0,3.0,31.0,1,0.4794,0.6502,1
LJ500_R064_C080,64,80,701250,9533250,1500,1500,2020,8,2020-08,20,14.64,33.26,63.88,5.6756,28.0,3.0,31.0,1,0.4932,0.67,1
LJ500_R064_C081,64,81,701750,9533250,2000,1500,2020,8,2020-08,20,14.64,33.26,63.88,5.6756,28.0,3.0,31.0,1,0.5355,0.8057,1
LJ500_R064_C082,64,82,702250,9533250,2500,1500,2020,8,2020-08,20,14.64,33.26,63.88,5.6756,28.0,3.0,31.0,1,0.5494,0.85,1
LJ500_R064_C083,64,83,702750,9533250,3000,1500,2020,8,2020-08,20,14.64,33.26,63.88,5.6756,28.0,3.0,31.0,1,0.9258,1.8345,1
LJ500_R064_C084,64,84,703250,9533250,3500,1500,2020,8,2020-08,20,14.64,33.26,63.88,5.6756,28.0,3.0,31.0,1,0.9592,1.9542,1
LJ500_R064_C085,64,85,703750,9533250,4000,1500,2020,8,2020-08,20,14.64,33.26,63.88,5.6756,28.0,3.0,31.0,1,0.8339,2.21,1
LJ500_R064_C086,64,86,704250,9533250,4500,1500,2020,8,2020-08,20,14.64,33.26,63.88,5.6756,28.0,3.0,31.0,1,0.8165,2.2201,1
LJ500_R065_C077,65,77,699750,9533750,0,2000,2020,8,2020-08,20,10.19,26.06,53.36,4.4419,28.58,2.4215,31.0,1,0.4382,0.6132,1
LJ500_R065_C078,65,78,700250,9533750,500,2000,2020,8,2020-08,20,14.64,33.26,63.88,5.6756,28.0,3.0,31.0,1,0.4371,0.607,1
LJ500_R065_C079,65,79,700750,9533750,1000,2000,2020,8,2020-08,20,14.64,33.26,63.88,5.6756,28.0,3.0,31.0,1,0.4549,0.6253,1
LJ500_R065_C080,65,80,701250,9533750,1500,2000,2020,8,2020-08,20,14.64,33.26,63.88,5.6756,28.0,3.0,31.0,1,0.4667,0.6374,1
LJ500_R065_C081,65,81,701750,9533750,2000,2000,2020,8,2020-08,20,14.64,33.26,63.88,5.6756,28.0,3.0,31.0,1,0.4638,0.6642,1
LJ500_R065_C082,65,82,702250,9533750,2500,2000,2020,8,2020-08,20,14.64,33.26,63.88,5.6756,28.0,3.0,31.0,1,0.4626,0.6725,1
LJ500_R065_C083,65,83,702750,9533750,3000,2000,2020,8,2020-08,20,14.64,33.26,63.88,5.6756,28.0,3.0,31.0,1,0.7015,1.2378,1
LJ500_R065_C084,65,84,703250,9533750,3500,2000,2020,8,2020-08,20,14.64,33.26,63.88,5.6756,28.0,3.0,31.0,1,0.7307,1.3123,1
LJ500_R065_C085,65,85,703750,9533750,4000,2000,2020,8,2020-08,20,14.64,33.26,63.88,5.6756,28.0,3.0,31.0,1,0.8032,1.5854,1
LJ500_R065_C086,65,86,704250,9533750,4500,2000,2020,8,2020-08,20,14.64,33.26,63.88,5.6756,28.0,3.0,31.0,1,0.7972,1.6996,1
LJ500_R066_C077,66,77,699750,9534250,0,2500,2020,8,2020-08,20,10.18,26.03,53.32,4.437,28.58,2.4192,31.0,1,0.4299,0.5945,1
LJ500_R066_C078,66,78,700250,9534250,500,2500,2020,8,2020-08,20,14.64,33.26,63.88,5.6756,28.0,3.0,31.0,1,0.4255,0.6,1
LJ500_R066_C079,66,79,700750,9534250,1000,2500,2020,8,2020-08,20,14.64,33.26,63.88,5.6756,28.0,3.0,31.0,1,0.4417,0.612,1
LJ500_R066_C080,66,80,701250,9534250,1500,2500,2020,8,2020-08,20,14.64,33.26,63.88,5.6756,28.0,3.0,31.0,1,0.4526,0.62,1
LJ500_R066_C081,66,81,701750,9534250,2000,2500,2020,8,2020-08,20,14.64,33.26,63.88,5.6756,28.0,3.0,31.0,1,0.4262,0.59,1
LJ500_R066_C082,66,82,702250,9534250,2500,2500,2020,8,2020-08,20,14.64,33.26,63.88,5.6756,28.0,3.0,31.0,1,0.4174,0.58,1
LJ500_R066_C083,66,83,702750,9534250,3000,2500,2020,8,2020-08,20,14.64,33.26,63.88,5.6756,28.0,3.0,31.0,1,0.5858,0.9304,1
LJ500_R066_C084,66,84,703250,9534250,3500,2500,2020,8,2020-08,20,14.64,33.26,63.88,5.6756,28.0,3.0,31.0,1,0.6136,0.9844,1
LJ500_R066_C085,66,85,703750,9534250,4000,2500,2020,8,2020-08,20,14.64,33.26,63.88,5.6756,28.0,3.0,31.0,1,0.7877,1.27,1
LJ500_R066_C086,66,86,704250,9534250,4500,2500,2020,8,2020-08,20,14.64,33.26,63.88,5.6756,28.0,3.0,31.0,1,0.7875,1.4378,1
LJ500_R067_C077,67,77,699750,9534750,0,3000,2020,8,2020-08,20,10.16,26.0,53.28,4.4321,28.58,2.4169,31.0,1,0.4318,0.5987,1
LJ500_R067_C078,67,78,700250,9534750,500,3000,2020,8,2020-08,20,14.64,33.26,63.88,5.6756,28.0,3.0,31.0,1,0.4091,0.5598,1
LJ500_R067_C079,67,79,700750,9534750,1000,3000,2020,8,2020-08,20,14.64,33.26,63.88,5.6756,28.0,3.0,31.0,1,0.4209,0.5812,1
LJ500_R067_C080,67,80,701250,9534750,1500,3000,2020,8,2020-08,20,14.64,33.26,63.88,5.6756,28.0,3.0,31.0,1,0.4288,0.5957,1
LJ500_R067_C081,67,81,701750,9534750,2000,3000,2020,8,2020-08,20,14.64,33.26,63.88,5.6756,28.0,3.0,31.0,1,0.4363,0.6082,1
LJ500_R067_C082,67,82,702250,9534750,2500,3000,2020,8,2020-08,20,14.64,33.26,63.88,5.6756,28.0,3.0,31.0,1,0.439,0.6126,1
LJ500_R067_C083,67,83,702750,9534750,3000,3000,2020,8,2020-08,20,14.64,33.26,63.88,5.6756,28.0,3.0,31.0,1,0.4493,0.6548,1
LJ500_R067_C084,67,84,703250,9534750,3500,3000,2020,8,2020-08,20,14.64,33.26,63.88,5.6756,28.0,3.0,31.0,1,0.4547,0.6706,1
LJ500_R067_C085,67,85,703750,9534750,4000,3000,2020,8,2020-08,20,14.64,33.26,63.88,5.6756,28.0,3.0,31.0,1,0.5506,0.9168,1
LJ500_R067_C086,67,86,704250,9534750,4500,3000,2020,8,2020-08,20,14.64,33.26,63.88,5.6756,28.0,3.0,31.0,1,0.5993,1.0382,1
LJ500_R068_C077,68,77,699750,9535250,0,3500,2020,8,2020-08,20,10.14,25.97,53.24,4.4271,28.59,2.4146,31.0,1,0.4323,0.5999,1
LJ500_R068_C078,68,78,700250,9535250,500,3500,2020,8,2020-08,20,14.64,33.26,63.88,5.6756,28.0,3.0,31.0,1,0.4052,0.55,1
LJ500_R068_C079,68,79,700750,9535250,1000,3500,2020,8,2020-08,20,14.64,33.26,63.88,5.6756,28.0,3.0,31.0,1,0.4159,0.5738,1
LJ500_R068_C080,68,80,701250,9535250,1500,3500,2020,8,2020-08,20,14.64,33.26,63.88,5.6756,28.0,3.0,31.0,1,0.4232,0.59,1
LJ500_R068_C081,68,81,701750,9535250,2000,3500,2020,8,2020-08,20,14.64,33.26,63.88,5.6756,28.0,3.0,31.0,1,0.4386,0.6123,1
LJ500_R068_C082,68,82,702250,9535250,2500,3500,2020,8,2020-08,20,14.64,33.26,63.88,5.6756,28.0,3.0,31.0,1,0.4439,0.62,1
LJ500_R068_C083,68,83,702750,9535250,3000,3500,2020,8,2020-08,20,14.64,33.26,63.88,5.6756,28.0,3.0,31.0,1,0.4188,0.5932,1
LJ500_R068_C084,68,84,703250,9535250,3500,3500,2020,8,2020-08,20,14.64,33.26,63.88,5.6756,28.0,3.0,31.0,1,0.4194,0.6008,1
LJ500_R068_C085,68,85,703750,9535250,4000,3500,2020,8,2020-08,20,14.64,33.26,63.88,5.6756,28.0,3.0,31.0,1,0.499,0.84,1
LJ500_R068_C086,68,86,704250,9535250,4500,3500,2020,8,2020-08,20,14.64,33.26,63.88,5.6756,28.0,3.0,31.0,1,0.5583,0.9518,1
LJ500_R069_C077,69,77,699750,9535750,0,4000,2020,8,2020-08,20,6.8565,21.36,44.71,2.6381,29.68,1.3211,31.0,1,0.4021,0.5692,1
LJ500_R069_C078,69,78,700250,9535750,500,4000,2020,8,2020-08,20,14.49,32.38,61.12,5.5531,28.0,3.0,31.0,1,0.3856,0.5404,1
LJ500_R069_C079,69,79,700750,9535750,1000,4000,2020,8,2020-08,20,14.49,32.38,61.12,5.5528,28.0,3.0,31.0,1,0.4062,0.5755,1
LJ500_R069_C080,69,80,701250,9535750,1500,4000,2020,8,2020-08,20,14.49,32.37,61.11,5.5525,28.0,3.0,31.0,1,0.4204,0.5997,1
LJ500_R069_C081,69,81,701750,9535750,2000,4000,2020,8,2020-08,20,14.49,32.37,61.1,5.5522,28.0,3.0,31.0,1,0.3995,0.6148,1
LJ500_R069_C082,69,82,702250,9535750,2500,4000,2020,8,2020-08,20,14.49,32.37,61.1,5.5519,28.0,3.0,31.0,1,0.3922,0.62,1
LJ500_R069_C083,69,83,702750,9535750,3000,4000,2020,8,2020-08,20,14.49,32.37,61.09,5.5516,28.0,3.0,31.0,1,0.3766,0.5759,1
LJ500_R069_C084,69,84,703250,9535750,3500,4000,2020,8,2020-08,20,14.49,32.37,61.08,5.5513,28.0,3.0,31.0,1,0.3752,0.5703,1
LJ500_R069_C085,69,85,703750,9535750,4000,4000,2020,8,2020-08,20,14.49,32.36,61.08,5.551,28.0,3.0,31.0,1,0.3908,0.5661,1
LJ500_R069_C086,69,86,704250,9535750,4500,4000,2020,8,2020-08,20,14.49,32.36,61.07,5.5506,28.0,3.0,31.0,1,0.3876,0.5601,1
LJ500_R070_C077,70,77,699750,9536250,0,4500,2020,8,2020-08,20,6.5735,20.96,43.99,2.4885,29.77,1.23,31.0,1,0.3995,0.5669,1
LJ500_R070_C078,70,78,700250,9536250,500,4500,2020,8,2020-08,20,14.48,32.31,60.92,5.544,28.0,3.0,31.0,1,0.3826,0.5376,1
LJ500_R070_C079,70,79,700750,9536250,1000,4500,2020,8,2020-08,20,14.48,32.31,60.92,5.544,28.0,3.0,31.0,1,0.4038,0.5737,1
LJ500_R070_C080,70,80,701250,9536250,1500,4500,2020,8,2020-08,20,14.48,32.31,60.92,5.544,28.0,3.0,31.0,1,0.4185,0.5988,1
LJ500_R070_C081,70,81,701750,9536250,2000,4500,2020,8,2020-08,20,14.48,32.31,60.92,5.544,28.0,3.0,31.0,1,0.3983,0.6108,1
LJ500_R070_C082,70,82,702250,9536250,2500,4500,2020,8,2020-08,20,14.48,32.31,60.92,5.544,28.0,3.0,31.0,1,0.3913,0.6149,1
LJ500_R070_C083,70,83,702750,9536250,3000,4500,2020,8,2020-08,20,14.48,32.31,60.92,5.544,28.0,3.0,31.0,1,0.3775,0.5738,1
LJ500_R070_C084,70,84,703250,9536250,3500,4500,2020,8,2020-08,20,14.48,32.31,60.92,5.544,28.0,3.0,31.0,1,0.3762,0.5682,1
LJ500_R070_C085,70,85,703750,9536250,4000,4500,2020,8,2020-08,20,14.48,32.31,60.92,5.544,28.0,3.0,31.0,1,0.3862,0.5573,1
LJ500_R070_C086,70,86,704250,9536250,4500,4500,2020,8,2020-08,20,14.48,32.31,60.92,5.544,28.0,3.0,31.0,1,0.3868,0.5614,1
LJ500_R061_C077,61,77,699750,9531750,0,0,2020,9,2020-09,21,21.75,32.01,47.92,9.9011,27.0,4.0,31.0,1,0.5517,0.8511,1
LJ500_R061_C078,61,78,700250,9531750,500,0,2020,9,2020-09,21,25.55,40.19,58.81,11.54,27.0,4.0,31.0,1,0.561,0.8599,1
LJ500_R061_C079,61,79,700750,9531750,1000,0,2020,9,2020-09,21,25.55,40.19,58.81,11.54,27.0,4.0,31.0,1,0.5591,0.8558,1
LJ500_R061_C080,61,80,701250,9531750,1500,0,2020,9,2020-09,21,25.55,40.19,58.81,11.54,27.0,4.0,31.0,1,0.5579,0.8532,1
LJ500_R061_C081,61,81,701750,9531750,2000,0,2020,9,2020-09,21,25.55,40.19,58.81,11.54,27.0,4.0,31.0,1,0.5736,0.9274,1
LJ500_R061_C082,61,82,702250,9531750,2500,0,2020,9,2020-09,21,25.55,40.19,58.81,11.54,27.0,4.0,31.0,1,0.5792,0.9519,1
LJ500_R061_C083,61,83,702750,9531750,3000,0,2020,9,2020-09,21,25.55,40.19,58.81,11.54,27.0,4.0,31.0,1,0.6214,1.0529,1
LJ500_R061_C084,61,84,703250,9531750,3500,0,2020,9,2020-09,21,25.55,40.19,58.81,11.54,27.0,4.0,31.0,1,0.6236,1.0578,1
LJ500_R061_C085,61,85,703750,9531750,4000,0,2020,9,2020-09,21,25.55,40.19,58.81,11.54,27.0,4.0,31.0,1,0.579,0.9535,1
LJ500_R061_C086,61,86,704250,9531750,4500,0,2020,9,2020-09,21,25.55,40.19,58.81,11.54,27.0,4.0,31.0,1,0.5638,0.9219,1
LJ500_R062_C077,62,77,699750,9532250,0,500,2020,9,2020-09,21,21.73,31.98,47.88,9.8944,27.0,4.0,31.0,1,0.528,0.8146,1
LJ500_R062_C078,62,78,700250,9532250,500,500,2020,9,2020-09,21,25.55,40.19,58.81,11.54,27.0,4.0,31.0,1,0.5394,0.82,1
LJ500_R062_C079,62,79,700750,9532250,1000,500,2020,9,2020-09,21,25.55,40.19,58.81,11.54,27.0,4.0,31.0,1,0.5405,0.8322,1
LJ500_R062_C080,62,80,701250,9532250,1500,500,2020,9,2020-09,21,25.55,40.19,58.81,11.54,27.0,4.0,31.0,1,0.5413,0.84,1
LJ500_R062_C081,62,81,701750,9532250,2000,500,2020,9,2020-09,21,25.55,40.19,58.81,11.54,27.0,4.0,31.0,1,0.6925,1.1737,1
LJ500_R062_C082,62,82,702250,9532250,2500,500,2020,9,2020-09,21,25.55,40.19,58.81,11.54,27.0,4.0,31.0,1,0.7406,1.28,1
LJ500_R062_C083,62,83,702750,9532250,3000,500,2020,9,2020-09,21,25.55,40.19,58.81,11.54,27.0,4.0,31.0,1,0.8481,1.5161,1
LJ500_R062_C084,62,84,703250,9532250,3500,500,2020,9,2020-09,21,25.55,40.19,58.81,11.54,27.0,4.0,31.0,1,0.8531,1.5279,1
LJ500_R062_C085,62,85,703750,9532250,4000,500,2020,9,2020-09,21,25.55,40.19,58.81,11.54,27.0,4.0,31.0,1,0.7561,1.33,1
LJ500_R062_C086,62,86,704250,9532250,4500,500,2020,9,2020-09,21,25.55,40.19,58.81,11.54,27.0,4.0,31.0,1,0.7128,1.2452,1
LJ500_R063_C077,63,77,699750,9532750,0,1000,2020,9,2020-09,21,21.71,31.95,47.83,9.8877,27.0,4.0,31.0,1,0.5094,0.8034,1
LJ500_R063_C078,63,78,700250,9532750,500,1000,2020,9,2020-09,21,25.55,40.19,58.81,11.54,27.0,4.0,31.0,1,0.5216,0.7954,1
LJ500_R063_C079,63,79,700750,9532750,1000,1000,2020,9,2020-09,21,25.55,40.19,58.81,11.54,27.0,4.0,31.0,1,0.5317,0.8164,1
LJ500_R063_C080,63,80,701250,9532750,1500,1000,2020,9,2020-09,21,25.55,40.19,58.81,11.54,27.0,4.0,31.0,1,0.5383,0.8301,1
LJ500_R063_C081,63,81,701750,9532750,2000,1000,2020,9,2020-09,21,25.55,40.19,58.81,11.54,27.0,4.0,31.0,1,0.6117,1.0196,1
LJ500_R063_C082,63,82,702250,9532750,2500,1000,2020,9,2020-09,21,25.55,40.19,58.81,11.54,27.0,4.0,31.0,1,0.6349,1.0797,1
LJ500_R063_C083,63,83,702750,9532750,3000,1000,2020,9,2020-09,21,25.55,40.19,58.81,11.54,27.0,4.0,31.0,1,0.8667,1.6193,1
LJ500_R063_C084,63,84,703250,9532750,3500,1000,2020,9,2020-09,21,25.55,40.19,58.81,11.54,27.0,4.0,31.0,1,0.8863,1.6756,1
LJ500_R063_C085,63,85,703750,9532750,4000,1000,2020,9,2020-09,21,25.55,40.19,58.81,11.54,27.0,4.0,31.0,1,0.804,1.6651,1
LJ500_R063_C086,63,86,704250,9532750,4500,1000,2020,9,2020-09,21,25.55,40.19,58.81,11.54,27.0,4.0,31.0,1,0.7767,1.6235,1
LJ500_R064_C077,64,77,699750,9533250,0,1500,2020,9,2020-09,21,21.7,31.91,47.79,9.881,27.0,4.0,31.0,1,0.49,0.7918,1
LJ500_R064_C078,64,78,700250,9533250,500,1500,2020,9,2020-09,21,25.55,40.19,58.81,11.54,27.0,4.0,31.0,1,0.5032,0.77,1
LJ500_R064_C079,64,79,700750,9533250,1000,1500,2020,9,2020-09,21,25.55,40.19,58.81,11.54,27.0,4.0,31.0,1,0.5225,0.8002,1
LJ500_R064_C080,64,80,701250,9533250,1500,1500,2020,9,2020-09,21,25.55,40.19,58.81,11.54,27.0,4.0,31.0,1,0.5352,0.82,1
LJ500_R064_C081,64,81,701750,9533250,2000,1500,2020,9,2020-09,21,25.55,40.19,58.81,11.54,27.0,4.0,31.0,1,0.5308,0.8652,1
LJ500_R064_C082,64,82,702250,9533250,2500,1500,2020,9,2020-09,21,25.55,40.19,58.81,11.54,27.0,4.0,31.0,1,0.5294,0.88,1
LJ500_R064_C083,64,83,702750,9533250,3000,1500,2020,9,2020-09,21,25.55,40.19,58.81,11.54,27.0,4.0,31.0,1,0.8845,1.72,1
LJ500_R064_C084,64,84,703250,9533250,3500,1500,2020,9,2020-09,21,25.55,40.19,58.81,11.54,27.0,4.0,31.0,1,0.9188,1.8195,1
LJ500_R064_C085,64,85,703750,9533250,4000,1500,2020,9,2020-09,21,25.55,40.19,58.81,11.54,27.0,4.0,31.0,1,0.8503,1.99,1
LJ500_R064_C086,64,86,704250,9533250,4500,1500,2020,9,2020-09,21,25.55,40.19,58.81,11.54,27.0,4.0,31.0,1,0.8377,1.986,1
LJ500_R065_C077,65,77,699750,9533750,0,2000,2020,9,2020-09,21,21.68,31.88,47.74,9.8743,27.0,4.0,31.0,1,0.4772,0.7648,1
LJ500_R065_C078,65,78,700250,9533750,500,2000,2020,9,2020-09,21,25.55,40.19,58.81,11.54,27.0,4.0,31.0,1,0.4763,0.757,1
LJ500_R065_C079,65,79,700750,9533750,1000,2000,2020,9,2020-09,21,25.55,40.19,58.81,11.54,27.0,4.0,31.0,1,0.4977,0.7636,1
LJ500_R065_C080,65,80,701250,9533750,1500,2000,2020,9,2020-09,21,25.55,40.19,58.81,11.54,27.0,4.0,31.0,1,0.5118,0.7678,1
LJ500_R065_C081,65,81,701750,9533750,2000,2000,2020,9,2020-09,21,25.55,40.19,58.81,11.54,27.0,4.0,31.0,1,0.4848,0.7733,1
LJ500_R065_C082,65,82,702250,9533750,2500,2000,2020,9,2020-09,21,25.55,40.19,58.81,11.54,27.0,4.0,31.0,1,0.4757,0.7748,1
LJ500_R065_C083,65,83,702750,9533750,3000,2000,2020,9,2020-09,21,25.55,40.19,58.81,11.54,27.0,4.0,31.0,1,0.6651,1.2022,1
LJ500_R065_C084,65,84,703250,9533750,3500,2000,2020,9,2020-09,21,25.55,40.19,58.81,11.54,27.0,4.0,31.0,1,0.6887,1.2599,1
LJ500_R065_C085,65,85,703750,9533750,4000,2000,2020,9,2020-09,21,25.55,40.19,58.81,11.54,27.0,4.0,31.0,1,0.7577,1.4983,1
LJ500_R065_C086,65,86,704250,9533750,4500,2000,2020,9,2020-09,21,25.55,40.19,58.81,11.54,27.0,4.0,31.0,1,0.7649,1.5724,1
LJ500_R066_C077,66,77,699750,9534250,0,2500,2020,9,2020-09,21,21.67,31.85,47.7,9.8677,27.0,4.0,31.0,1,0.4703,0.75,1
LJ500_R066_C078,66,78,700250,9534250,500,2500,2020,9,2020-09,21,25.55,40.19,58.81,11.54,27.0,4.0,31.0,1,0.4616,0.75,1
LJ500_R066_C079,66,79,700750,9534250,1000,2500,2020,9,2020-09,21,25.55,40.19,58.81,11.54,27.0,4.0,31.0,1,0.4842,0.744,1
LJ500_R066_C080,66,80,701250,9534250,1500,2500,2020,9,2020-09,21,25.55,40.19,58.81,11.54,27.0,4.0,31.0,1,0.4994,0.74,1
LJ500_R066_C081,66,81,701750,9534250,2000,2500,2020,9,2020-09,21,25.55,40.19,58.81,11.54,27.0,4.0,31.0,1,0.4607,0.725,1
LJ500_R066_C082,66,82,702250,9534250,2500,2500,2020,9,2020-09,21,25.55,40.19,58.81,11.54,27.0,4.0,31.0,1,0.4477,0.72,1
LJ500_R066_C083,66,83,702750,9534250,3000,2500,2020,9,2020-09,21,25.55,40.19,58.81,11.54,27.0,4.0,31.0,1,0.5521,0.9356,1
LJ500_R066_C084,66,84,703250,9534250,3500,2500,2020,9,2020-09,21,25.55,40.19,58.81,11.54,27.0,4.0,31.0,1,0.5709,0.9739,1
LJ500_R066_C085,66,85,703750,9534250,4000,2500,2020,9,2020-09,21,25.55,40.19,58.81,11.54,27.0,4.0,31.0,1,0.711,1.25,1
LJ500_R066_C086,66,86,704250,9534250,4500,2500,2020,9,2020-09,21,25.55,40.19,58.81,11.54,27.0,4.0,31.0,1,0.7283,1.3645,1
LJ500_R067_C077,67,77,699750,9534750,0,3000,2020,9,2020-09,21,21.65,31.81,47.66,9.861,27.0,4.0,31.0,1,0.4772,0.7445,1
LJ500_R067_C078,67,78,700250,9534750,500,3000,2020,9,2020-09,21,25.55,40.19,58.81,11.54,27.0,4.0,31.0,1,0.4502,0.7178,1
LJ500_R067_C079,67,79,700750,9534750,1000,3000,2020,9,2020-09,21,25.55,40.19,58.81,11.54,27.0,4.0,31.0,1,0.4666,0.7117,1
LJ500_R067_C080,67,80,701250,9534750,1500,3000,2020,9,2020-09,21,25.55,40.19,58.81,11.54,27.0,4.0,31.0,1,0.4777,0.7076,1
LJ500_R067_C081,67,81,701750,9534750,2000,3000,2020,9,2020-09,21,25.55,40.19,58.81,11.54,27.0,4.0,31.0,1,0.4801,0.7229,1
LJ500_R067_C082,67,82,702250,9534750,2500,3000,2020,9,2020-09,21,25.55,40.19,58.81,11.54,27.0,4.0,31.0,1,0.4811,0.7281,1
LJ500_R067_C083,67,83,702750,9534750,3000,3000,2020,9,2020-09,21,25.55,40.19,58.81,11.54,27.0,4.0,31.0,1,0.476,0.7457,1
LJ500_R067_C084,67,84,703250,9534750,3500,3000,2020,9,2020-09,21,25.55,40.19,58.81,11.54,27.0,4.0,31.0,1,0.4772,0.7536,1
LJ500_R067_C085,67,85,703750,9534750,4000,3000,2020,9,2020-09,21,25.55,40.19,58.81,11.54,27.0,4.0,31.0,1,0.5194,0.8886,1
LJ500_R067_C086,67,86,704250,9534750,4500,3000,2020,9,2020-09,21,25.55,40.19,58.81,11.54,27.0,4.0,31.0,1,0.5623,0.9879,1
LJ500_R068_C077,68,77,699750,9535250,0,3500,2020,9,2020-09,21,21.64,31.78,47.61,9.8544,27.0,4.0,31.0,1,0.4791,0.7433,1
LJ500_R068_C078,68,78,700250,9535250,500,3500,2020,9,2020-09,21,25.55,40.19,58.81,11.54,27.0,4.0,31.0,1,0.4474,0.71,1
LJ500_R068_C079,68,79,700750,9535250,1000,3500,2020,9,2020-09,21,25.55,40.19,58.81,11.54,27.0,4.0,31.0,1,0.4624,0.7041,1
LJ500_R068_C080,68,80,701250,9535250,1500,3500,2020,9,2020-09,21,25.55,40.19,58.81,11.54,27.0,4.0,31.0,1,0.4726,0.7,1
LJ500_R068_C081,68,81,701750,9535250,2000,3500,2020,9,2020-09,21,25.55,40.19,58.81,11.54,27.0,4.0,31.0,1,0.4846,0.7223,1
LJ500_R068_C082,68,82,702250,9535250,2500,3500,2020,9,2020-09,21,25.55,40.19,58.81,11.54,27.0,4.0,31.0,1,0.4887,0.73,1
LJ500_R068_C083,68,83,702750,9535250,3000,3500,2020,9,2020-09,21,25.55,40.19,58.81,11.54,27.0,4.0,31.0,1,0.459,0.7032,1
LJ500_R068_C084,68,84,703250,9535250,3500,3500,2020,9,2020-09,21,25.55,40.19,58.81,11.54,27.0,4.0,31.0,1,0.4564,0.7048,1
LJ500_R068_C085,68,85,703750,9535250,4000,3500,2020,9,2020-09,21,25.55,40.19,58.81,11.54,27.0,4.0,31.0,1,0.4777,0.81,1
LJ500_R068_C086,68,86,704250,9535250,4500,3500,2020,9,2020-09,21,25.55,40.19,58.81,11.54,27.0,4.0,31.0,1,0.5262,0.9063,1
LJ500_R069_C077,69,77,699750,9535750,0,4000,2020,9,2020-09,21,20.48,27.34,41.84,8.834,27.0,4.0,31.0,1,0.4527,0.6943,1
LJ500_R069_C078,69,78,700250,9535750,500,4000,2020,9,2020-09,21,25.88,40.37,58.26,11.6,27.0,4.0,31.0,1,0.4338,0.6715,1
LJ500_R069_C079,69,79,700750,9535750,1000,4000,2020,9,2020-09,21,25.88,40.37,58.25,11.6,27.0,4.0,31.0,1,0.4555,0.6884,1
LJ500_R069_C080,69,80,701250,9535750,1500,4000,2020,9,2020-09,21,25.88,40.37,58.25,11.6,27.0,4.0,31.0,1,0.4704,0.7,1
LJ500_R069_C081,69,81,701750,9535750,2000,4000,2020,9,2020-09,21,25.88,40.37,58.25,11.6,27.0,4.0,31.0,1,0.4299,0.6935,1
LJ500_R069_C082,69,82,702250,9535750,2500,4000,2020,9,2020-09,21,25.88,40.37,58.25,11.6,27.0,4.0,31.0,1,0.4157,0.6912,1
LJ500_R069_C083,69,83,702750,9535750,3000,4000,2020,9,2020-09,21,25.88,40.37,58.25,11.6,27.0,4.0,31.0,1,0.405,0.6643,1
LJ500_R069_C084,69,84,703250,9535750,3500,4000,2020,9,2020-09,21,25.88,40.37,58.25,11.6,27.0,4.0,31.0,1,0.4047,0.6607,1
LJ500_R069_C085,69,85,703750,9535750,4000,4000,2020,9,2020-09,21,25.88,40.37,58.25,11.6,27.0,4.0,31.0,1,0.4304,0.6535,1
LJ500_R069_C086,69,86,704250,9535750,4500,4000,2020,9,2020-09,21,25.88,40.37,58.25,11.6,27.0,4.0,31.0,1,0.4257,0.6512,1
LJ500_R070_C077,70,77,699750,9536250,0,4500,2020,9,2020-09,21,20.37,26.95,41.33,8.7446,27.0,4.0,31.0,1,0.4507,0.6897,1
LJ500_R070_C078,70,78,700250,9536250,500,4500,2020,9,2020-09,21,25.9,40.38,58.22,11.61,27.0,4.0,31.0,1,0.4315,0.6653,1
LJ500_R070_C079,70,79,700750,9536250,1000,4500,2020,9,2020-09,21,25.9,40.38,58.22,11.61,27.0,4.0,31.0,1,0.4533,0.685,1
LJ500_R070_C080,70,80,701250,9536250,1500,4500,2020,9,2020-09,21,25.9,40.38,58.22,11.61,27.0,4.0,31.0,1,0.4685,0.6988,1
LJ500_R070_C081,70,81,701750,9536250,2000,4500,2020,9,2020-09,21,25.9,40.38,58.22,11.61,27.0,4.0,31.0,1,0.4305,0.6904,1
LJ500_R070_C082,70,82,702250,9536250,2500,4500,2020,9,2020-09,21,25.9,40.38,58.22,11.61,27.0,4.0,31.0,1,0.4172,0.6874,1
LJ500_R070_C083,70,83,702750,9536250,3000,4500,2020,9,2020-09,21,25.9,40.38,58.22,11.61,27.0,4.0,31.0,1,0.4082,0.6596,1
LJ500_R070_C084,70,84,703250,9536250,3500,4500,2020,9,2020-09,21,25.9,40.38,58.22,11.61,27.0,4.0,31.0,1,0.4079,0.6557,1
LJ500_R070_C085,70,85,703750,9536250,4000,4500,2020,9,2020-09,21,25.9,40.38,58.22,11.61,27.0,4.0,31.0,1,0.4271,0.6473,1
LJ500_R070_C086,70,86,704250,9536250,4500,4500,2020,9,2020-09,21,25.9,40.38,58.22,11.61,27.0,4.0,31.0,1,0.4244,0.65,1
LJ500_R061_C077,61,77,699750,9531750,0,0,2020,10,2020-10,22,15.2,36.95,47.21,6.6088,25.14,4.8616,30.0,1,0.5891,0.8267,1
LJ500_R061_C078,61,78,700250,9531750,500,0,2020,10,2020-10,22,18.61,44.16,58.79,7.36,24.0,6.0,30.0,1,0.5951,0.8267,1
LJ500_R061_C079,61,79,700750,9531750,1000,0,2020,10,2020-10,22,18.61,44.16,58.79,7.36,24.0,6.0,30.0,1,0.5891,0.8102,1
LJ500_R061_C080,61,80,701250,9531750,1500,0,2020,10,2020-10,22,18.61,44.16,58.79,7.36,24.0,6.0,30.0,1,0.5852,0.7996,1
LJ500_R061_C081,61,81,701750,9531750,2000,0,2020,10,2020-10,22,18.61,44.16,58.79,7.36,24.0,6.0,30.0,1,0.6007,0.9595,1
LJ500_R061_C082,61,82,702250,9531750,2500,0,2020,10,2020-10,22,18.61,44.16,58.79,7.36,24.0,6.0,30.0,1,0.6063,1.0107,1
LJ500_R061_C083,61,83,702750,9531750,3000,0,2020,10,2020-10,22,18.61,44.16,58.79,7.36,24.0,6.0,30.0,1,0.6562,1.062,1
LJ500_R061_C084,61,84,703250,9531750,3500,0,2020,10,2020-10,22,18.61,44.16,58.79,7.36,24.0,6.0,30.0,1,0.6589,1.0625,1
LJ500_R061_C085,61,85,703750,9531750,4000,0,2020,10,2020-10,22,18.61,44.16,58.79,7.36,24.0,6.0,30.0,1,0.61,0.9839,1
LJ500_R061_C086,61,86,704250,9531750,4500,0,2020,10,2020-10,22,18.61,44.16,58.79,7.36,24.0,6.0,30.0,1,0.5941,0.969,1
LJ500_R062_C077,62,77,699750,9532250,0,500,2020,10,2020-10,22,15.19,36.92,47.17,6.6057,25.14,4.8569,30.0,1,0.5706,0.8092,1
LJ500_R062_C078,62,78,700250,9532250,500,500,2020,10,2020-10,22,18.61,44.16,58.79,7.36,24.0,6.0,30.0,1,0.5807,0.82,1
LJ500_R062_C079,62,79,700750,9532250,1000,500,2020,10,2020-10,22,18.61,44.16,58.79,7.36,24.0,6.0,30.0,1,0.5662,0.7835,1
LJ500_R062_C080,62,80,701250,9532250,1500,500,2020,10,2020-10,22,18.61,44.16,58.79,7.36,24.0,6.0,30.0,1,0.5569,0.76,1
LJ500_R062_C081,62,81,701750,9532250,2000,500,2020,10,2020-10,22,18.61,44.16,58.79,7.36,24.0,6.0,30.0,1,0.7332,1.1392,1
LJ500_R062_C082,62,82,702250,9532250,2500,500,2020,10,2020-10,22,18.61,44.16,58.79,7.36,24.0,6.0,30.0,1,0.7893,1.26,1
LJ500_R062_C083,62,83,702750,9532250,3000,500,2020,10,2020-10,22,18.61,44.16,58.79,7.36,24.0,6.0,30.0,1,0.8995,1.2509,1
LJ500_R062_C084,62,84,703250,9532250,3500,500,2020,10,2020-10,22,18.61,44.16,58.79,7.36,24.0,6.0,30.0,1,0.9051,1.25,1
LJ500_R062_C085,62,85,703750,9532250,4000,500,2020,10,2020-10,22,18.61,44.16,58.79,7.36,24.0,6.0,30.0,1,0.8128,1.25,1
LJ500_R062_C086,62,86,704250,9532250,4500,500,2020,10,2020-10,22,18.61,44.16,58.79,7.36,24.0,6.0,30.0,1,0.7673,1.2169,1
LJ500_R063_C077,63,77,699750,9532750,0,1000,2020,10,2020-10,22,15.18,36.89,47.12,6.6027,25.15,4.8523,30.0,1,0.5495,0.7737,1
LJ500_R063_C078,63,78,700250,9532750,500,1000,2020,10,2020-10,22,18.61,44.16,58.79,7.36,24.0,6.0,30.0,1,0.5656,0.8003,1
LJ500_R063_C079,63,79,700750,9532750,1000,1000,2020,10,2020-10,22,18.61,44.16,58.79,7.36,24.0,6.0,30.0,1,0.5606,0.7728,1
LJ500_R063_C080,63,80,701250,9532750,1500,1000,2020,10,2020-10,22,18.61,44.16,58.79,7.36,24.0,6.0,30.0,1,0.5574,0.755,1
LJ500_R063_C081,63,81,701750,9532750,2000,1000,2020,10,2020-10,22,18.61,44.16,58.79,7.36,24.0,6.0,30.0,1,0.6478,1.0577,1
LJ500_R063_C082,63,82,702250,9532750,2500,1000,2020,10,2020-10,22,18.61,44.16,58.79,7.36,24.0,6.0,30.0,1,0.6764,1.1549,1
LJ500_R063_C083,63,83,702750,9532750,3000,1000,2020,10,2020-10,22,18.61,44.16,58.79,7.36,24.0,6.0,30.0,1,0.9095,1.3229,1
LJ500_R063_C084,63,84,703250,9532750,3500,1000,2020,10,2020-10,22,18.61,44.16,58.79,7.36,24.0,6.0,30.0,1,0.9293,1.344,1
LJ500_R063_C085,63,85,703750,9532750,4000,1000,2020,10,2020-10,22,18.61,44.16,58.79,7.36,24.0,6.0,30.0,1,0.849,1.3972,1
LJ500_R063_C086,63,86,704250,9532750,4500,1000,2020,10,2020-10,22,18.61,44.16,58.79,7.36,24.0,6.0,30.0,1,0.8208,1.3829,1
LJ500_R064_C077,64,77,699750,9533250,0,1500,2020,10,2020-10,22,15.16,36.86,47.07,6.5996,25.15,4.8477,30.0,1,0.5274,0.7364,1
LJ500_R064_C078,64,78,700250,9533250,500,1500,2020,10,2020-10,22,18.61,44.16,58.79,7.36,24.0,6.0,30.0,1,0.55,0.78,1
LJ500_R064_C079,64,79,700750,9533250,1000,1500,2020,10,2020-10,22,18.61,44.16,58.79,7.36,24.0,6.0,30.0,1,0.5548,0.7619,1
LJ500_R064_C080,64,80,701250,9533250,1500,1500,2020,10,2020-10,22,18.61,44.16,58.79,7.36,24.0,6.0,30.0,1,0.5579,0.75,1
LJ500_R064_C081,64,81,701750,9533250,2000,1500,2020,10,2020-10,22,18.61,44.16,58.79,7.36,24.0,6.0,30.0,1,0.5623,0.9761,1
LJ500_R064_C082,64,82,702250,9533250,2500,1500,2020,10,2020-10,22,18.61,44.16,58.79,7.36,24.0,6.0,30.0,1,0.5638,1.05,1
LJ500_R064_C083,64,83,702750,9533250,3000,1500,2020,10,2020-10,22,18.61,44.16,58.79,7.36,24.0,6.0,30.0,1,0.9188,1.3932,1
LJ500_R064_C084,64,84,703250,9533250,3500,1500,2020,10,2020-10,22,18.61,44.16,58.79,7.36,24.0,6.0,30.0,1,0.9531,1.4358,1
LJ500_R064_C085,64,85,703750,9533250,4000,1500,2020,10,2020-10,22,18.61,44.16,58.79,7.36,24.0,6.0,30.0,1,0.8841,1.54,1
LJ500_R064_C086,64,86,704250,9533250,4500,1500,2020,10,2020-10,22,18.61,44.16,58.79,7.36,24.0,6.0,30.0,1,0.8719,1.542,1
LJ500_R065_C077,65,77,699750,9533750,0,2000,2020,10,2020-10,22,15.15,36.83,47.03,6.5966,25.16,4.843,30.0,1,0.5172,0.727,1
LJ500_R065_C078,65,78,700250,9533750,500,2000,2020,10,2020-10,22,18.61,44.16,58.79,7.36,24.0,6.0,30.0,1,0.5189,0.7281,1
LJ500_R065_C079,65,79,700750,9533750,1000,2000,2020,10,2020-10,22,18.61,44.16,58.79,7.36,24.0,6.0,30.0,1,0.5374,0.7491,1
LJ500_R065_C080,65,80,701250,9533750,1500,2000,2020,10,2020-10,22,18.61,44.16,58.79,7.36,24.0,6.0,30.0,1,0.5496,0.7631,1
LJ500_R065_C081,65,81,701750,9533750,2000,2000,2020,10,2020-10,22,18.61,44.16,58.79,7.36,24.0,6.0,30.0,1,0.5114,0.8753,1
LJ500_R065_C082,65,82,702250,9533750,2500,2000,2020,10,2020-10,22,18.61,44.16,58.79,7.36,24.0,6.0,30.0,1,0.4985,0.9119,1
LJ500_R065_C083,65,83,702750,9533750,3000,2000,2020,10,2020-10,22,18.61,44.16,58.79,7.36,24.0,6.0,30.0,1,0.7045,1.1943,1
LJ500_R065_C084,65,84,703250,9533750,3500,2000,2020,10,2020-10,22,18.61,44.16,58.79,7.36,24.0,6.0,30.0,1,0.7303,1.2299,1
LJ500_R065_C085,65,85,703750,9533750,4000,2000,2020,10,2020-10,22,18.61,44.16,58.79,7.36,24.0,6.0,30.0,1,0.806,1.3274,1
LJ500_R065_C086,65,86,704250,9533750,4500,2000,2020,10,2020-10,22,18.61,44.16,58.79,7.36,24.0,6.0,30.0,1,0.8111,1.3619,1
LJ500_R066_C077,66,77,699750,9534250,0,2500,2020,10,2020-10,22,15.13,36.8,46.98,6.5935,25.16,4.8384,30.0,1,0.5117,0.722,1
LJ500_R066_C078,66,78,700250,9534250,500,2500,2020,10,2020-10,22,18.61,44.16,58.79,7.36,24.0,6.0,30.0,1,0.5021,0.7,1
LJ500_R066_C079,66,79,700750,9534250,1000,2500,2020,10,2020-10,22,18.61,44.16,58.79,7.36,24.0,6.0,30.0,1,0.5279,0.742,1
LJ500_R066_C080,66,80,701250,9534250,1500,2500,2020,10,2020-10,22,18.61,44.16,58.79,7.36,24.0,6.0,30.0,1,0.5452,0.77,1
LJ500_R066_C081,66,81,701750,9534250,2000,2500,2020,10,2020-10,22,18.61,44.16,58.79,7.36,24.0,6.0,30.0,1,0.4847,0.8224,1
LJ500_R066_C082,66,82,702250,9534250,2500,2500,2020,10,2020-10,22,18.61,44.16,58.79,7.36,24.0,6.0,30.0,1,0.4645,0.84,1
LJ500_R066_C083,66,83,702750,9534250,3000,2500,2020,10,2020-10,22,18.61,44.16,58.79,7.36,24.0,6.0,30.0,1,0.594,1.0916,1
LJ500_R066_C084,66,84,703250,9534250,3500,2500,2020,10,2020-10,22,18.61,44.16,58.79,7.36,24.0,6.0,30.0,1,0.6162,1.1248,1
LJ500_R066_C085,66,85,703750,9534250,4000,2500,2020,10,2020-10,22,18.61,44.16,58.79,7.36,24.0,6.0,30.0,1,0.7666,1.22,1
LJ500_R066_C086,66,86,704250,9534250,4500,2500,2020,10,2020-10,22,18.61,44.16,58.79,7.36,24.0,6.0,30.0,1,0.7806,1.2713,1
LJ500_R067_C077,67,77,699750,9534750,0,3000,2020,10,2020-10,22,15.12,36.77,46.93,6.5905,25.17,4.8338,30.0,1,0.5152,0.7221,1
LJ500_R067_C078,67,78,700250,9534750,500,3000,2020,10,2020-10,22,18.61,44.16,58.79,7.36,24.0,6.0,30.0,1,0.496,0.7,1
LJ500_R067_C079,67,79,700750,9534750,1000,3000,2020,10,2020-10,22,18.61,44.16,58.79,7.36,24.0,6.0,30.0,1,0.5149,0.7273,1
LJ500_R067_C080,67,80,701250,9534750,1500,3000,2020,10,2020-10,22,18.61,44.16,58.79,7.36,24.0,6.0,30.0,1,0.5276,0.7457,1
LJ500_R067_C081,67,81,701750,9534750,2000,3000,2020,10,2020-10,22,18.61,44.16,58.79,7.36,24.0,6.0,30.0,1,0.515,0.7373,1
LJ500_R067_C082,67,82,702250,9534750,2500,3000,2020,10,2020-10,22,18.61,44.16,58.79,7.36,24.0,6.0,30.0,1,0.5108,0.7341,1
LJ500_R067_C083,67,83,702750,9534750,3000,3000,2020,10,2020-10,22,18.61,44.16,58.79,7.36,24.0,6.0,30.0,1,0.5001,0.8018,1
LJ500_R067_C084,67,84,703250,9534750,3500,3000,2020,10,2020-10,22,18.61,44.16,58.79,7.36,24.0,6.0,30.0,1,0.5015,0.8204,1
LJ500_R067_C085,67,85,703750,9534750,4000,3000,2020,10,2020-10,22,18.61,44.16,58.79,7.36,24.0,6.0,30.0,1,0.5629,1.064,1
LJ500_R067_C086,67,86,704250,9534750,4500,3000,2020,10,2020-10,22,18.61,44.16,58.79,7.36,24.0,6.0,30.0,1,0.6082,1.0917,1
LJ500_R068_C077,68,77,699750,9535250,0,3500,2020,10,2020-10,22,15.11,36.74,46.89,6.5874,25.17,4.8292,30.0,1,0.5161,0.7222,1
LJ500_R068_C078,68,78,700250,9535250,500,3500,2020,10,2020-10,22,18.61,44.16,58.79,7.36,24.0,6.0,30.0,1,0.4945,0.7,1
LJ500_R068_C079,68,79,700750,9535250,1000,3500,2020,10,2020-10,22,18.61,44.16,58.79,7.36,24.0,6.0,30.0,1,0.5117,0.7238,1
LJ500_R068_C080,68,80,701250,9535250,1500,3500,2020,10,2020-10,22,18.61,44.16,58.79,7.36,24.0,6.0,30.0,1,0.5234,0.74,1
LJ500_R068_C081,68,81,701750,9535250,2000,3500,2020,10,2020-10,22,18.61,44.16,58.79,7.36,24.0,6.0,30.0,1,0.5219,0.7177,1
LJ500_R068_C082,68,82,702250,9535250,2500,3500,2020,10,2020-10,22,18.61,44.16,58.79,7.36,24.0,6.0,30.0,1,0.5214,0.71,1
LJ500_R068_C083,68,83,702750,9535250,3000,3500,2020,10,2020-10,22,18.61,44.16,58.79,7.36,24.0,6.0,30.0,1,0.4792,0.7368,1
LJ500_R068_C084,68,84,703250,9535250,3500,3500,2020,10,2020-10,22,18.61,44.16,58.79,7.36,24.0,6.0,30.0,1,0.4761,0.7525,1
LJ500_R068_C085,68,85,703750,9535250,4000,3500,2020,10,2020-10,22,18.61,44.16,58.79,7.36,24.0,6.0,30.0,1,0.5186,1.03,1
LJ500_R068_C086,68,86,704250,9535250,4500,3500,2020,10,2020-10,22,18.61,44.16,58.79,7.36,24.0,6.0,30.0,1,0.5706,1.0531,1
LJ500_R069_C077,69,77,699750,9535750,0,4000,2020,10,2020-10,22,13.67,34.16,41.01,5.5228,25.72,4.279,30.0,1,0.4995,0.7169,1
LJ500_R069_C078,69,78,700250,9535750,500,4000,2020,10,2020-10,22,17.82,43.69,58.18,7.2611,24.0,6.0,30.0,1,0.4859,0.7,1
LJ500_R069_C079,69,79,700750,9535750,1000,4000,2020,10,2020-10,22,17.81,43.69,58.18,7.2609,24.0,6.0,30.0,1,0.5,0.7066,1
LJ500_R069_C080,69,80,701250,9535750,1500,4000,2020,10,2020-10,22,17.81,43.69,58.18,7.2606,24.0,6.0,30.0,1,0.5098,0.711,1
LJ500_R069_C081,69,81,701750,9535750,2000,4000,2020,10,2020-10,22,17.81,43.69,58.18,7.2604,24.0,6.0,30.0,1,0.4557,0.8253,1
LJ500_R069_C082,69,82,702250,9535750,2500,4000,2020,10,2020-10,22,17.81,43.69,58.18,7.2601,24.0,6.0,30.0,1,0.4367,0.8654,1
LJ500_R069_C083,69,83,702750,9535750,3000,4000,2020,10,2020-10,22,17.81,43.69,58.17,7.2599,24.0,6.0,30.0,1,0.4261,0.8317,1
LJ500_R069_C084,69,84,703250,9535750,3500,4000,2020,10,2020-10,22,17.8,43.69,58.17,7.2596,24.0,6.0,30.0,1,0.4258,0.8237,1
LJ500_R069_C085,69,85,703750,9535750,4000,4000,2020,10,2020-10,22,17.8,43.69,58.17,7.2594,24.0,6.0,30.0,1,0.4525,0.7268,1
LJ500_R069_C086,69,86,704250,9535750,4500,4000,2020,10,2020-10,22,17.8,43.68,58.17,7.2591,24.0,6.0,30.0,1,0.4482,0.7321,1
LJ500_R070_C077,70,77,699750,9536250,0,4500,2020,10,2020-10,22,13.55,33.92,40.49,5.4338,25.77,4.23,30.0,1,0.4973,0.7137,1
LJ500_R070_C078,70,78,700250,9536250,500,4500,2020,10,2020-10,22,17.76,43.66,58.14,7.2538,24.0,6.0,30.0,1,0.4841,0.6988,1
LJ500_R070_C079,70,79,700750,9536250,1000,4500,2020,10,2020-10,22,17.76,43.66,58.14,7.2538,24.0,6.0,30.0,1,0.4969,0.7025,1
LJ500_R070_C080,70,80,701250,9536250,1500,4500,2020,10,2020-10,22,17.76,43.66,58.14,7.2538,24.0,6.0,30.0,1,0.5057,0.7051,1
LJ500_R070_C081,70,81,701750,9536250,2000,4500,2020,10,2020-10,22,17.76,43.66,58.14,7.2538,24.0,6.0,30.0,1,0.4558,0.8103,1
LJ500_R070_C082,70,82,702250,9536250,2500,4500,2020,10,2020-10,22,17.76,43.66,58.14,7.2538,24.0,6.0,30.0,1,0.4383,0.847,1
LJ500_R070_C083,70,83,702750,9536250,3000,4500,2020,10,2020-10,22,17.76,43.66,58.14,7.2538,24.0,6.0,30.0,1,0.4318,0.8122,1
LJ500_R070_C084,70,84,703250,9536250,3500,4500,2020,10,2020-10,22,17.76,43.66,58.14,7.2538,24.0,6.0,30.0,1,0.4318,0.804,1
LJ500_R070_C085,70,85,703750,9536250,4000,4500,2020,10,2020-10,22,17.76,43.66,58.14,7.2538,24.0,6.0,30.0,1,0.4493,0.7187,1
LJ500_R070_C086,70,86,704250,9536250,4500,4500,2020,10,2020-10,22,17.76,43.66,58.14,7.2538,24.0,6.0,30.0,1,0.4476,0.733,1
LJ500_R061_C077,61,77,699750,9531750,0,0,2020,11,2020-11,23,39.74,54.94,76.69,19.46,26.57,4.4308,31.0,1,0.518,0.8726,1
LJ500_R061_C078,61,78,700250,9531750,500,0,2020,11,2020-11,23,44.19,62.8,88.34,21.0,26.0,5.0,31.0,1,0.5281,0.8833,1
LJ500_R061_C079,61,79,700750,9531750,1000,0,2020,11,2020-11,23,44.19,62.8,88.34,21.0,26.0,5.0,31.0,1,0.5261,0.8709,1
LJ500_R061_C080,61,80,701250,9531750,1500,0,2020,11,2020-11,23,44.19,62.8,88.34,21.0,26.0,5.0,31.0,1,0.5248,0.8629,1
LJ500_R061_C081,61,81,701750,9531750,2000,0,2020,11,2020-11,23,44.19,62.8,88.34,21.0,26.0,5.0,31.0,1,0.539,0.8838,1
LJ500_R061_C082,61,82,702250,9531750,2500,0,2020,11,2020-11,23,44.19,62.8,88.34,21.0,26.0,5.0,31.0,1,0.5442,0.8916,1
LJ500_R061_C083,61,83,702750,9531750,3000,0,2020,11,2020-11,23,44.19,62.8,88.34,21.0,26.0,5.0,31.0,1,0.5894,0.9711,1
LJ500_R061_C084,61,84,703250,9531750,3500,0,2020,11,2020-11,23,44.19,62.8,88.34,21.0,26.0,5.0,31.0,1,0.5917,0.9765,1
LJ500_R061_C085,61,85,703750,9531750,4000,0,2020,11,2020-11,23,44.19,62.8,88.34,21.0,26.0,5.0,31.0,1,0.5471,0.9135,1
LJ500_R061_C086,61,86,704250,9531750,4500,0,2020,11,2020-11,23,44.19,62.8,88.34,21.0,26.0,5.0,31.0,1,0.5321,0.8861,1
LJ500_R062_C077,62,77,699750,9532250,0,500,2020,11,2020-11,23,39.72,54.91,76.64,19.46,26.57,4.4285,31.0,1,0.4977,0.8484,1
LJ500_R062_C078,62,78,700250,9532250,500,500,2020,11,2020-11,23,44.19,62.8,88.34,21.0,26.0,5.0,31.0,1,0.5116,0.87,1
LJ500_R062_C079,62,79,700750,9532250,1000,500,2020,11,2020-11,23,44.19,62.8,88.34,21.0,26.0,5.0,31.0,1,0.5069,0.8335,1
LJ500_R062_C080,62,80,701250,9532250,1500,500,2020,11,2020-11,23,44.19,62.8,88.34,21.0,26.0,5.0,31.0,1,0.5039,0.81,1
LJ500_R062_C081,62,81,701750,9532250,2000,500,2020,11,2020-11,23,44.19,62.8,88.34,21.0,26.0,5.0,31.0,1,0.66,1.1058,1
LJ500_R062_C082,62,82,702250,9532250,2500,500,2020,11,2020-11,23,44.19,62.8,88.34,21.0,26.0,5.0,31.0,1,0.7097,1.2,1
LJ500_R062_C083,62,83,702750,9532250,3000,500,2020,11,2020-11,23,44.19,62.8,88.34,21.0,26.0,5.0,31.0,1,0.8128,1.4088,1
LJ500_R062_C084,62,84,703250,9532250,3500,500,2020,11,2020-11,23,44.19,62.8,88.34,21.0,26.0,5.0,31.0,1,0.8181,1.422,1
LJ500_R062_C085,62,85,703750,9532250,4000,500,2020,11,2020-11,23,44.19,62.8,88.34,21.0,26.0,5.0,31.0,1,0.7339,1.29,1
LJ500_R062_C086,62,86,704250,9532250,4500,500,2020,11,2020-11,23,44.19,62.8,88.34,21.0,26.0,5.0,31.0,1,0.6903,1.2093,1
LJ500_R063_C077,63,77,699750,9532750,0,1000,2020,11,2020-11,23,39.7,54.88,76.59,19.45,26.57,4.4261,31.0,1,0.4781,0.8124,1
LJ500_R063_C078,63,78,700250,9532750,500,1000,2020,11,2020-11,23,44.19,62.8,88.34,21.0,26.0,5.0,31.0,1,0.4958,0.8553,1
LJ500_R063_C079,63,79,700750,9532750,1000,1000,2020,11,2020-11,23,44.19,62.8,88.34,21.0,26.0,5.0,31.0,1,0.5002,0.8338,1
LJ500_R063_C080,63,80,701250,9532750,1500,1000,2020,11,2020-11,23,44.19,62.8,88.34,21.0,26.0,5.0,31.0,1,0.5031,0.8199,1
LJ500_R063_C081,63,81,701750,9532750,2000,1000,2020,11,2020-11,23,44.19,62.8,88.34,21.0,26.0,5.0,31.0,1,0.5805,0.9453,1
LJ500_R063_C082,63,82,702250,9532750,2500,1000,2020,11,2020-11,23,44.19,62.8,88.34,21.0,26.0,5.0,31.0,1,0.605,0.9847,1
LJ500_R063_C083,63,83,702750,9532750,3000,1000,2020,11,2020-11,23,44.19,62.8,88.34,21.0,26.0,5.0,31.0,1,0.8203,1.4151,1
LJ500_R063_C084,63,84,703250,9532750,3500,1000,2020,11,2020-11,23,44.19,62.8,88.34,21.0,26.0,5.0,31.0,1,0.8389,1.462,1
LJ500_R063_C085,63,85,703750,9532750,4000,1000,2020,11,2020-11,23,44.19,62.8,88.34,21.0,26.0,5.0,31.0,1,0.7701,1.4931,1
LJ500_R063_C086,63,86,704250,9532750,4500,1000,2020,11,2020-11,23,44.19,62.8,88.34,21.0,26.0,5.0,31.0,1,0.7447,1.4591,1
LJ500_R064_C077,64,77,699750,9533250,0,1500,2020,11,2020-11,23,39.68,54.84,76.54,19.44,26.58,4.4238,31.0,1,0.4575,0.7746,1
LJ500_R064_C078,64,78,700250,9533250,500,1500,2020,11,2020-11,23,44.19,62.8,88.34,21.0,26.0,5.0,31.0,1,0.4794,0.84,1
LJ500_R064_C079,64,79,700750,9533250,1000,1500,2020,11,2020-11,23,44.19,62.8,88.34,21.0,26.0,5.0,31.0,1,0.4932,0.834,1
LJ500_R064_C080,64,80,701250,9533250,1500,1500,2020,11,2020-11,23,44.19,62.8,88.34,21.0,26.0,5.0,31.0,1,0.5023,0.83,1
LJ500_R064_C081,64,81,701750,9533250,2000,1500,2020,11,2020-11,23,44.19,62.8,88.34,21.0,26.0,5.0,31.0,1,0.501,0.7848,1
LJ500_R064_C082,64,82,702250,9533250,2500,1500,2020,11,2020-11,23,44.19,62.8,88.34,21.0,26.0,5.0,31.0,1,0.5006,0.77,1
LJ500_R064_C083,64,83,702750,9533250,3000,1500,2020,11,2020-11,23,44.19,62.8,88.34,21.0,26.0,5.0,31.0,1,0.8273,1.4203,1
LJ500_R064_C084,64,84,703250,9533250,3500,1500,2020,11,2020-11,23,44.19,62.8,88.34,21.0,26.0,5.0,31.0,1,0.8593,1.5005,1
LJ500_R064_C085,64,85,703750,9533250,4000,1500,2020,11,2020-11,23,44.19,62.8,88.34,21.0,26.0,5.0,31.0,1,0.8052,1.69,1
LJ500_R064_C086,64,86,704250,9533250,4500,1500,2020,11,2020-11,23,44.19,62.8,88.34,21.0,26.0,5.0,31.0,1,0.7966,1.6981,1
LJ500_R065_C077,65,77,699750,9533750,0,2000,2020,11,2020-11,23,39.66,54.81,76.5,19.44,26.58,4.4215,31.0,1,0.4486,0.7698,1
LJ500_R065_C078,65,78,700250,9533750,500,2000,2020,11,2020-11,23,44.19,62.8,88.34,21.0,26.0,5.0,31.0,1,0.449,0.7752,1
LJ500_R065_C079,65,79,700750,9533750,1000,2000,2020,11,2020-11,23,44.19,62.8,88.34,21.0,26.0,5.0,31.0,1,0.4729,0.812,1
LJ500_R065_C080,65,80,701250,9533750,1500,2000,2020,11,2020-11,23,44.19,62.8,88.34,21.0,26.0,5.0,31.0,1,0.4888,0.8365,1
LJ500_R065_C081,65,81,701750,9533750,2000,2000,2020,11,2020-11,23,44.19,62.8,88.34,21.0,26.0,5.0,31.0,1,0.4566,0.7472,1
LJ500_R065_C082,65,82,702250,9533750,2500,2000,2020,11,2020-11,23,44.19,62.8,88.34,21.0,26.0,5.0,31.0,1,0.4457,0.7174,1
LJ500_R065_C083,65,83,702750,9533750,3000,2000,2020,11,2020-11,23,44.19,62.8,88.34,21.0,26.0,5.0,31.0,1,0.6277,1.0687,1
LJ500_R065_C084,65,84,703250,9533750,3500,2000,2020,11,2020-11,23,44.19,62.8,88.34,21.0,26.0,5.0,31.0,1,0.6509,1.1197,1
LJ500_R065_C085,65,85,703750,9533750,4000,2000,2020,11,2020-11,23,44.19,62.8,88.34,21.0,26.0,5.0,31.0,1,0.7254,1.3777,1
LJ500_R065_C086,65,86,704250,9533750,4500,2000,2020,11,2020-11,23,44.19,62.8,88.34,21.0,26.0,5.0,31.0,1,0.7324,1.4298,1
LJ500_R066_C077,66,77,699750,9534250,0,2500,2020,11,2020-11,23,39.65,54.78,76.45,19.43,26.58,4.4192,31.0,1,0.4438,0.7675,1
LJ500_R066_C078,66,78,700250,9534250,500,2500,2020,11,2020-11,23,44.19,62.8,88.34,21.0,26.0,5.0,31.0,1,0.4326,0.74,1
LJ500_R066_C079,66,79,700750,9534250,1000,2500,2020,11,2020-11,23,44.19,62.8,88.34,21.0,26.0,5.0,31.0,1,0.462,0.8,1
LJ500_R066_C080,66,80,701250,9534250,1500,2500,2020,11,2020-11,23,44.19,62.8,88.34,21.0,26.0,5.0,31.0,1,0.4816,0.84,1
LJ500_R066_C081,66,81,701750,9534250,2000,2500,2020,11,2020-11,23,44.19,62.8,88.34,21.0,26.0,5.0,31.0,1,0.4333,0.7276,1
LJ500_R066_C082,66,82,702250,9534250,2500,2500,2020,11,2020-11,23,44.19,62.8,88.34,21.0,26.0,5.0,31.0,1,0.4171,0.69,1
LJ500_R066_C083,66,83,702750,9534250,3000,2500,2020,11,2020-11,23,44.19,62.8,88.34,21.0,26.0,5.0,31.0,1,0.5249,0.8877,1
LJ500_R066_C084,66,84,703250,9534250,3500,2500,2020,11,2020-11,23,44.19,62.8,88.34,21.0,26.0,5.0,31.0,1,0.5442,0.9249,1
LJ500_R066_C085,66,85,703750,9534250,4000,2500,2020,11,2020-11,23,44.19,62.8,88.34,21.0,26.0,5.0,31.0,1,0.6852,1.22,1
LJ500_R066_C086,66,86,704250,9534250,4500,2500,2020,11,2020-11,23,44.19,62.8,88.34,21.0,26.0,5.0,31.0,1,0.7001,1.295,1
LJ500_R067_C077,67,77,699750,9534750,0,3000,2020,11,2020-11,23,39.63,54.75,76.4,19.43,26.58,4.4169,31.0,1,0.4538,0.7845,1
LJ500_R067_C078,67,78,700250,9534750,500,3000,2020,11,2020-11,23,44.19,62.8,88.34,21.0,26.0,5.0,31.0,1,0.4282,0.748,1
LJ500_R067_C079,67,79,700750,9534750,1000,3000,2020,11,2020-11,23,44.19,62.8,88.34,21.0,26.0,5.0,31.0,1,0.4501,0.7933,1
LJ500_R067_C080,67,80,701250,9534750,1500,3000,2020,11,2020-11,23,44.19,62.8,88.34,21.0,26.0,5.0,31.0,1,0.4649,0.8238,1
LJ500_R067_C081,67,81,701750,9534750,2000,3000,2020,11,2020-11,23,44.19,62.8,88.34,21.0,26.0,5.0,31.0,1,0.4615,0.7906,1
LJ500_R067_C082,67,82,702250,9534750,2500,3000,2020,11,2020-11,23,44.19,62.8,88.34,21.0,26.0,5.0,31.0,1,0.4604,0.7796,1
LJ500_R067_C083,67,83,702750,9534750,3000,3000,2020,11,2020-11,23,44.19,62.8,88.34,21.0,26.0,5.0,31.0,1,0.4503,0.7501,1
LJ500_R067_C084,67,84,703250,9534750,3500,3000,2020,11,2020-11,23,44.19,62.8,88.34,21.0,26.0,5.0,31.0,1,0.4511,0.751,1
LJ500_R067_C085,67,85,703750,9534750,4000,3000,2020,11,2020-11,23,44.19,62.8,88.34,21.0,26.0,5.0,31.0,1,0.4973,0.8504,1
LJ500_R067_C086,67,86,704250,9534750,4500,3000,2020,11,2020-11,23,44.19,62.8,88.34,21.0,26.0,5.0,31.0,1,0.5391,0.9444,1
LJ500_R068_C077,68,77,699750,9535250,0,3500,2020,11,2020-11,23,39.61,54.72,76.35,19.42,26.59,4.4146,31.0,1,0.4564,0.7888,1
LJ500_R068_C078,68,78,700250,9535250,500,3500,2020,11,2020-11,23,44.19,62.8,88.34,21.0,26.0,5.0,31.0,1,0.4271,0.75,1
LJ500_R068_C079,68,79,700750,9535250,1000,3500,2020,11,2020-11,23,44.19,62.8,88.34,21.0,26.0,5.0,31.0,1,0.4472,0.7916,1
LJ500_R068_C080,68,80,701250,9535250,1500,3500,2020,11,2020-11,23,44.19,62.8,88.34,21.0,26.0,5.0,31.0,1,0.461,0.82,1
LJ500_R068_C081,68,81,701750,9535250,2000,3500,2020,11,2020-11,23,44.19,62.8,88.34,21.0,26.0,5.0,31.0,1,0.4679,0.8051,1
LJ500_R068_C082,68,82,702250,9535250,2500,3500,2020,11,2020-11,23,44.19,62.8,88.34,21.0,26.0,5.0,31.0,1,0.4703,0.8,1
LJ500_R068_C083,68,83,702750,9535250,3000,3500,2020,11,2020-11,23,44.19,62.8,88.34,21.0,26.0,5.0,31.0,1,0.4337,0.7196,1
LJ500_R068_C084,68,84,703250,9535250,3500,3500,2020,11,2020-11,23,44.19,62.8,88.34,21.0,26.0,5.0,31.0,1,0.4305,0.7126,1
LJ500_R068_C085,68,85,703750,9535250,4000,3500,2020,11,2020-11,23,44.19,62.8,88.34,21.0,26.0,5.0,31.0,1,0.4565,0.77,1
LJ500_R068_C086,68,86,704250,9535250,4500,3500,2020,11,2020-11,23,44.19,62.8,88.34,21.0,26.0,5.0,31.0,1,0.5041,0.8683,1
LJ500_R069_C077,69,77,699750,9535750,0,4000,2020,11,2020-11,23,37.17,50.84,71.32,18.59,26.59,4.4123,31.0,1,0.4403,0.7825,1
LJ500_R069_C078,69,78,700250,9535750,500,4000,2020,11,2020-11,23,42.37,60.19,86.07,20.52,26.0,5.0,31.0,1,0.4234,0.7596,1
LJ500_R069_C079,69,79,700750,9535750,1000,4000,2020,11,2020-11,23,42.37,60.18,86.06,20.51,26.0,5.0,31.0,1,0.4438,0.784,1
LJ500_R069_C080,69,80,701250,9535750,1500,4000,2020,11,2020-11,23,42.36,60.18,86.05,20.51,26.0,5.0,31.0,1,0.4579,0.8007,1
LJ500_R069_C081,69,81,701750,9535750,2000,4000,2020,11,2020-11,23,42.36,60.17,86.05,20.51,26.0,5.0,31.0,1,0.4075,0.6923,1
LJ500_R069_C082,69,82,702250,9535750,2500,4000,2020,11,2020-11,23,42.35,60.16,86.04,20.51,26.0,5.0,31.0,1,0.3898,0.6543,1
LJ500_R069_C083,69,83,702750,9535750,3000,4000,2020,11,2020-11,23,42.35,60.16,86.04,20.51,26.0,5.0,31.0,1,0.3811,0.6432,1
LJ500_R069_C084,69,84,703250,9535750,3500,4000,2020,11,2020-11,23,42.35,60.15,86.03,20.51,26.0,5.0,31.0,1,0.3812,0.6434,1
LJ500_R069_C085,69,85,703750,9535750,4000,4000,2020,11,2020-11,23,42.34,60.14,86.03,20.51,26.0,5.0,31.0,1,0.4101,0.682,1
LJ500_R069_C086,69,86,704250,9535750,4500,4000,2020,11,2020-11,23,42.34,60.14,86.02,20.51,26.0,5.0,31.0,1,0.4056,0.6761,1
LJ500_R070_C077,70,77,699750,9536250,0,4500,2020,11,2020-11,23,36.96,50.5,70.88,18.52,26.59,4.41,31.0,1,0.4389,0.7811,1
LJ500_R070_C078,70,78,700250,9536250,500,4500,2020,11,2020-11,23,42.24,60.0,85.9,20.48,26.0,5.0,31.0,1,0.4222,0.76,1
LJ500_R070_C079,70,79,700750,9536250,1000,4500,2020,11,2020-11,23,42.24,60.0,85.9,20.48,26.0,5.0,31.0,1,0.4417,0.78,1
LJ500_R070_C080,70,80,701250,9536250,1500,4500,2020,11,2020-11,23,42.24,60.0,85.9,20.48,26.0,5.0,31.0,1,0.4552,0.7938,1
LJ500_R070_C081,70,81,701750,9536250,2000,4500,2020,11,2020-11,23,42.24,60.0,85.9,20.48,26.0,5.0,31.0,1,0.4085,0.6939,1
LJ500_R070_C082,70,82,702250,9536250,2500,4500,2020,11,2020-11,23,42.24,60.0,85.9,20.48,26.0,5.0,31.0,1,0.3922,0.6589,1
LJ500_R070_C083,70,83,702750,9536250,3000,4500,2020,11,2020-11,23,42.24,60.0,85.9,20.48,26.0,5.0,31.0,1,0.3867,0.656,1
LJ500_R070_C084,70,84,703250,9536250,3500,4500,2020,11,2020-11,23,42.24,60.0,85.9,20.48,26.0,5.0,31.0,1,0.3869,0.6568,1
LJ500_R070_C085,70,85,703750,9536250,4000,4500,2020,11,2020-11,23,42.24,60.0,85.9,20.48,26.0,5.0,31.0,1,0.4075,0.6787,1
LJ500_R070_C086,70,86,704250,9536250,4500,4500,2020,11,2020-11,23,42.24,60.0,85.9,20.48,26.0,5.0,31.0,1,0.4049,0.6776,1
LJ500_R061_C077,61,77,699750,9531750,0,0,2020,12,2020-12,24,48.62,88.36,103.56,11.06,21.57,8.4308,30.0,1,0.3023,0.6985,1
LJ500_R061_C078,61,78,700250,9531750,500,0,2020,12,2020-12,24,49.51,93.7,112.3,10.42,21.0,9.0,30.0,1,0.3092,0.72,1
LJ500_R061_C079,61,79,700750,9531750,1000,0,2020,12,2020-12,24,49.51,93.7,112.3,10.42,21.0,9.0,30.0,1,0.3071,0.7137,1
LJ500_R061_C080,61,80,701250,9531750,1500,0,2020,12,2020-12,24,49.51,93.7,112.3,10.42,21.0,9.0,30.0,1,0.3057,0.7096,1
LJ500_R061_C081,61,81,701750,9531750,2000,0,2020,12,2020-12,24,49.51,93.7,112.3,10.42,21.0,9.0,30.0,1,0.2596,0.6425,1
LJ500_R061_C082,61,82,702250,9531750,2500,0,2020,12,2020-12,24,49.51,93.7,112.3,10.42,21.0,9.0,30.0,1,0.245,0.6219,1
LJ500_R061_C083,61,83,702750,9531750,3000,0,2020,12,2020-12,24,49.51,93.7,112.3,10.42,21.0,9.0,30.0,1,0.2387,0.6608,1
LJ500_R061_C084,61,84,703250,9531750,3500,0,2020,12,2020-12,24,49.51,93.7,112.3,10.42,21.0,9.0,30.0,1,0.2384,0.6634,1
LJ500_R061_C085,61,85,703750,9531750,4000,0,2020,12,2020-12,24,49.51,93.7,112.3,10.42,21.0,9.0,30.0,1,0.2406,0.6307,1
LJ500_R061_C086,61,86,704250,9531750,4500,0,2020,12,2020-12,24,49.51,93.7,112.3,10.42,21.0,9.0,30.0,1,0.2376,0.6121,1
LJ500_R062_C077,62,77,699750,9532250,0,500,2020,12,2020-12,24,48.62,88.34,103.53,11.06,21.57,8.4285,30.0,1,0.2898,0.6676,1
LJ500_R062_C078,62,78,700250,9532250,500,500,2020,12,2020-12,24,49.51,93.7,112.3,10.42,21.0,9.0,30.0,1,0.301,0.7,1
LJ500_R062_C079,62,79,700750,9532250,1000,500,2020,12,2020-12,24,49.51,93.7,112.3,10.42,21.0,9.0,30.0,1,0.298,0.6817,1
LJ500_R062_C080,62,80,701250,9532250,1500,500,2020,12,2020-12,24,49.51,93.7,112.3,10.42,21.0,9.0,30.0,1,0.296,0.67,1
LJ500_R062_C081,62,81,701750,9532250,2000,500,2020,12,2020-12,24,49.51,93.7,112.3,10.42,21.0,9.0,30.0,1,0.2424,0.7231,1
LJ500_R062_C082,62,82,702250,9532250,2500,500,2020,12,2020-12,24,49.51,93.7,112.3,10.42,21.0,9.0,30.0,1,0.2253,0.74,1
LJ500_R062_C083,62,83,702750,9532250,3000,500,2020,12,2020-12,24,49.51,93.7,112.3,10.42,21.0,9.0,30.0,1,0.2583,0.8853,1
LJ500_R062_C084,62,84,703250,9532250,3500,500,2020,12,2020-12,24,49.51,93.7,112.3,10.42,21.0,9.0,30.0,1,0.2594,0.8931,1
LJ500_R062_C085,62,85,703750,9532250,4000,500,2020,12,2020-12,24,49.51,93.7,112.3,10.42,21.0,9.0,30.0,1,0.2213,0.78,1
LJ500_R062_C086,62,86,704250,9532250,4500,500,2020,12,2020-12,24,49.51,93.7,112.3,10.42,21.0,9.0,30.0,1,0.2137,0.7262,1
LJ500_R063_C077,63,77,699750,9532750,0,1000,2020,12,2020-12,24,48.61,88.32,103.49,11.06,21.57,8.4261,30.0,1,0.2734,0.6297,1
LJ500_R063_C078,63,78,700250,9532750,500,1000,2020,12,2020-12,24,49.51,93.7,112.3,10.42,21.0,9.0,30.0,1,0.2922,0.6754,1
LJ500_R063_C079,63,79,700750,9532750,1000,1000,2020,12,2020-12,24,49.51,93.7,112.3,10.42,21.0,9.0,30.0,1,0.2953,0.6751,1
LJ500_R063_C080,63,80,701250,9532750,1500,1000,2020,12,2020-12,24,49.51,93.7,112.3,10.42,21.0,9.0,30.0,1,0.2973,0.675,1
LJ500_R063_C081,63,81,701750,9532750,2000,1000,2020,12,2020-12,24,49.51,93.7,112.3,10.42,21.0,9.0,30.0,1,0.2356,0.6413,1
LJ500_R063_C082,63,82,702250,9532750,2500,1000,2020,12,2020-12,24,49.51,93.7,112.3,10.42,21.0,9.0,30.0,1,0.2157,0.6299,1
LJ500_R063_C083,63,83,702750,9532750,3000,1000,2020,12,2020-12,24,49.51,93.7,112.3,10.42,21.0,9.0,30.0,1,0.2898,0.9336,1
LJ500_R063_C084,63,84,703250,9532750,3500,1000,2020,12,2020-12,24,49.51,93.7,112.3,10.42,21.0,9.0,30.0,1,0.2985,0.966,1
LJ500_R063_C085,63,85,703750,9532750,4000,1000,2020,12,2020-12,24,49.51,93.7,112.3,10.42,21.0,9.0,30.0,1,0.3132,0.9729,1
LJ500_R063_C086,63,86,704250,9532750,4500,1000,2020,12,2020-12,24,49.51,93.7,112.3,10.42,21.0,9.0,30.0,1,0.3114,0.9571,1
LJ500_R064_C077,64,77,699750,9533250,0,1500,2020,12,2020-12,24,48.61,88.29,103.46,11.06,21.58,8.4238,30.0,1,0.2561,0.59,1
LJ500_R064_C078,64,78,700250,9533250,500,1500,2020,12,2020-12,24,49.51,93.7,112.3,10.42,21.0,9.0,30.0,1,0.283,0.65,1
LJ500_R064_C079,64,79,700750,9533250,1000,1500,2020,12,2020-12,24,49.51,93.7,112.3,10.42,21.0,9.0,30.0,1,0.2925,0.6681,1
LJ500_R064_C080,64,80,701250,9533250,1500,1500,2020,12,2020-12,24,49.51,93.7,112.3,10.42,21.0,9.0,30.0,1,0.2987,0.68,1
LJ500_R064_C081,64,81,701750,9533250,2000,1500,2020,12,2020-12,24,49.51,93.7,112.3,10.42,21.0,9.0,30.0,1,0.2288,0.5594,1
LJ500_R064_C082,64,82,702250,9533250,2500,1500,2020,12,2020-12,24,49.51,93.7,112.3,10.42,21.0,9.0,30.0,1,0.206,0.52,1
LJ500_R064_C083,64,83,702750,9533250,3000,1500,2020,12,2020-12,24,49.51,93.7,112.3,10.42,21.0,9.0,30.0,1,0.3207,0.9806,1
LJ500_R064_C084,64,84,703250,9533250,3500,1500,2020,12,2020-12,24,49.51,93.7,112.3,10.42,21.0,9.0,30.0,1,0.3367,1.0368,1
LJ500_R064_C085,64,85,703750,9533250,4000,1500,2020,12,2020-12,24,49.51,93.7,112.3,10.42,21.0,9.0,30.0,1,0.4023,1.16,1
LJ500_R064_C086,64,86,704250,9533250,4500,1500,2020,12,2020-12,24,49.51,93.7,112.3,10.42,21.0,9.0,30.0,1,0.4051,1.1782,1
LJ500_R065_C077,65,77,699750,9533750,0,2000,2020,12,2020-12,24,48.61,88.27,103.42,11.07,21.58,8.4215,30.0,1,0.2534,0.5918,1
LJ500_R065_C078,65,78,700250,9533750,500,2000,2020,12,2020-12,24,49.51,93.7,112.3,10.42,21.0,9.0,30.0,1,0.2538,0.5917,1
LJ500_R065_C079,65,79,700750,9533750,1000,2000,2020,12,2020-12,24,49.51,93.7,112.3,10.42,21.0,9.0,30.0,1,0.2778,0.6408,1
LJ500_R065_C080,65,80,701250,9533750,1500,2000,2020,12,2020-12,24,49.51,93.7,112.3,10.42,21.0,9.0,30.0,1,0.2937,0.6735,1
LJ500_R065_C081,65,81,701750,9533750,2000,2000,2020,12,2020-12,24,49.51,93.7,112.3,10.42,21.0,9.0,30.0,1,0.2444,0.568,1
LJ500_R065_C082,65,82,702250,9533750,2500,2000,2020,12,2020-12,24,49.51,93.7,112.3,10.42,21.0,9.0,30.0,1,0.2281,0.5331,1
LJ500_R065_C083,65,83,702750,9533750,3000,2000,2020,12,2020-12,24,49.51,93.7,112.3,10.42,21.0,9.0,30.0,1,0.2353,0.6896,1
LJ500_R065_C084,65,84,703250,9533750,3500,2000,2020,12,2020-12,24,49.51,93.7,112.3,10.42,21.0,9.0,30.0,1,0.2375,0.7144,1
LJ500_R065_C085,65,85,703750,9533750,4000,2000,2020,12,2020-12,24,49.51,93.7,112.3,10.42,21.0,9.0,30.0,1,0.2723,0.8809,1
LJ500_R065_C086,65,86,704250,9533750,4500,2000,2020,12,2020-12,24,49.51,93.7,112.3,10.42,21.0,9.0,30.0,1,0.2943,0.9285,1
LJ500_R066_C077,66,77,699750,9534250,0,2500,2020,12,2020-12,24,48.6,88.25,103.38,11.07,21.58,8.4192,30.0,1,0.2521,0.593,1
LJ500_R066_C078,66,78,700250,9534250,500,2500,2020,12,2020-12,24,49.51,93.7,112.3,10.42,21.0,9.0,30.0,1,0.238,0.56,1
LJ500_R066_C079,66,79,700750,9534250,1000,2500,2020,12,2020-12,24,49.51,93.7,112.3,10.42,21.0,9.0,30.0,1,0.2698,0.626,1
LJ500_R066_C080,66,80,701250,9534250,1500,2500,2020,12,2020-12,24,49.51,93.7,112.3,10.42,21.0,9.0,30.0,1,0.291,0.67,1
LJ500_R066_C081,66,81,701750,9534250,2000,2500,2020,12,2020-12,24,49.51,93.7,112.3,10.42,21.0,9.0,30.0,1,0.2525,0.5726,1
LJ500_R066_C082,66,82,702250,9534250,2500,2500,2020,12,2020-12,24,49.51,93.7,112.3,10.42,21.0,9.0,30.0,1,0.2397,0.54,1
LJ500_R066_C083,66,83,702750,9534250,3000,2500,2020,12,2020-12,24,49.51,93.7,112.3,10.42,21.0,9.0,30.0,1,0.1914,0.54,1
LJ500_R066_C084,66,84,703250,9534250,3500,2500,2020,12,2020-12,24,49.51,93.7,112.3,10.42,21.0,9.0,30.0,1,0.187,0.5496,1
LJ500_R066_C085,66,85,703750,9534250,4000,2500,2020,12,2020-12,24,49.51,93.7,112.3,10.42,21.0,9.0,30.0,1,0.2067,0.74,1
LJ500_R066_C086,66,86,704250,9534250,4500,2500,2020,12,2020-12,24,49.51,93.7,112.3,10.42,21.0,9.0,30.0,1,0.2386,0.8032,1
LJ500_R067_C077,67,77,699750,9534750,0,3000,2020,12,2020-12,24,48.6,88.23,103.35,11.07,21.58,8.4169,30.0,1,0.2702,0.6394,1
LJ500_R067_C078,67,78,700250,9534750,500,3000,2020,12,2020-12,24,49.51,93.7,112.3,10.42,21.0,9.0,30.0,1,0.245,0.5841,1
LJ500_R067_C079,67,79,700750,9534750,1000,3000,2020,12,2020-12,24,49.51,93.7,112.3,10.42,21.0,9.0,30.0,1,0.2693,0.6306,1
LJ500_R067_C080,67,80,701250,9534750,1500,3000,2020,12,2020-12,24,49.51,93.7,112.3,10.42,21.0,9.0,30.0,1,0.2856,0.6619,1
LJ500_R067_C081,67,81,701750,9534750,2000,3000,2020,12,2020-12,24,49.51,93.7,112.3,10.42,21.0,9.0,30.0,1,0.28,0.6436,1
LJ500_R067_C082,67,82,702250,9534750,2500,3000,2020,12,2020-12,24,49.51,93.7,112.3,10.42,21.0,9.0,30.0,1,0.2782,0.6377,1
LJ500_R067_C083,67,83,702750,9534750,3000,3000,2020,12,2020-12,24,49.51,93.7,112.3,10.42,21.0,9.0,30.0,1,0.2483,0.5648,1
LJ500_R067_C084,67,84,703250,9534750,3500,3000,2020,12,2020-12,24,49.51,93.7,112.3,10.42,21.0,9.0,30.0,1,0.242,0.5551,1
LJ500_R067_C085,67,85,703750,9534750,4000,3000,2020,12,2020-12,24,49.51,93.7,112.3,10.42,21.0,9.0,30.0,1,0.1804,0.5265,1
LJ500_R067_C086,67,86,704250,9534750,4500,3000,2020,12,2020-12,24,49.51,93.7,112.3,10.42,21.0,9.0,30.0,1,0.1927,0.5867,1
LJ500_R068_C077,68,77,699750,9535250,0,3500,2020,12,2020-12,24,48.6,88.21,103.31,11.07,21.59,8.4146,30.0,1,0.2748,0.651,1
LJ500_R068_C078,68,78,700250,9535250,500,3500,2020,12,2020-12,24,49.51,93.7,112.3,10.42,21.0,9.0,30.0,1,0.2467,0.59,1
LJ500_R068_C079,68,79,700750,9535250,1000,3500,2020,12,2020-12,24,49.51,93.7,112.3,10.42,21.0,9.0,30.0,1,0.2691,0.6316,1
LJ500_R068_C080,68,80,701250,9535250,1500,3500,2020,12,2020-12,24,49.51,93.7,112.3,10.42,21.0,9.0,30.0,1,0.2843,0.66,1
LJ500_R068_C081,68,81,701750,9535250,2000,3500,2020,12,2020-12,24,49.51,93.7,112.3,10.42,21.0,9.0,30.0,1,0.2863,0.66,1
LJ500_R068_C082,68,82,702250,9535250,2500,3500,2020,12,2020-12,24,49.51,93.7,112.3,10.42,21.0,9.0,30.0,1,0.287,0.66,1
LJ500_R068_C083,68,83,702750,9535250,3000,3500,2020,12,2020-12,24,49.51,93.7,112.3,10.42,21.0,9.0,30.0,1,0.2611,0.5706,1
LJ500_R068_C084,68,84,703250,9535250,3500,3500,2020,12,2020-12,24,49.51,93.7,112.3,10.42,21.0,9.0,30.0,1,0.2544,0.5565,1
LJ500_R068_C085,68,85,703750,9535250,4000,3500,2020,12,2020-12,24,49.51,93.7,112.3,10.42,21.0,9.0,30.0,1,0.1747,0.48,1
LJ500_R068_C086,68,86,704250,9535250,4500,3500,2020,12,2020-12,24,49.51,93.7,112.3,10.42,21.0,9.0,30.0,1,0.1828,0.5397,1
LJ500_R069_C077,69,77,699750,9535750,0,4000,2020,12,2020-12,24,47.31,84.47,98.14,10.96,22.52,7.4836,30.0,1,0.273,0.6491,1
LJ500_R069_C078,69,78,700250,9535750,500,4000,2020,12,2020-12,24,48.88,91.26,109.07,11.38,21.93,8.069,30.0,1,0.2553,0.6092,1
LJ500_R069_C079,69,79,700750,9535750,1000,4000,2020,12,2020-12,24,48.88,91.25,109.06,11.38,21.93,8.0667,30.0,1,0.2748,0.6451,1
LJ500_R069_C080,69,80,701250,9535750,1500,4000,2020,12,2020-12,24,48.88,91.24,109.06,11.38,21.94,8.0644,30.0,1,0.2882,0.6697,1
LJ500_R069_C081,69,81,701750,9535750,2000,4000,2020,12,2020-12,24,48.88,91.24,109.05,11.39,21.94,8.0621,30.0,1,0.2298,0.5403,1
LJ500_R069_C082,69,82,702250,9535750,2500,4000,2020,12,2020-12,24,48.88,91.23,109.04,11.39,21.94,8.0597,30.0,1,0.2093,0.4949,1
LJ500_R069_C083,69,83,702750,9535750,3000,4000,2020,12,2020-12,24,48.87,91.22,109.03,11.39,21.94,8.0574,30.0,1,0.2142,0.5008,1
LJ500_R069_C084,69,84,703250,9535750,3500,4000,2020,12,2020-12,24,48.87,91.22,109.02,11.39,21.94,8.0551,30.0,1,0.2161,0.503,1
LJ500_R069_C085,69,85,703750,9535750,4000,4000,2020,12,2020-12,24,48.87,91.21,109.01,11.4,21.95,8.0527,30.0,1,0.247,0.5387,1
LJ500_R069_C086,69,86,704250,9535750,4500,4000,2020,12,2020-12,24,48.87,91.21,109.01,11.4,21.95,8.0504,30.0,1,0.2431,0.5343,1
LJ500_R070_C077,70,77,699750,9536250,0,4500,2020,12,2020-12,24,47.2,84.16,97.71,10.94,22.59,7.41,30.0,1,0.2734,0.6508,1
LJ500_R070_C078,70,78,700250,9536250,500,4500,2020,12,2020-12,24,48.84,91.07,108.83,11.45,22.0,8.0,30.0,1,0.2565,0.6124,1
LJ500_R070_C079,70,79,700750,9536250,1000,4500,2020,12,2020-12,24,48.84,91.07,108.83,11.45,22.0,8.0,30.0,1,0.2745,0.6443,1
LJ500_R070_C080,70,80,701250,9536250,1500,4500,2020,12,2020-12,24,48.84,91.07,108.83,11.45,22.0,8.0,30.0,1,0.287,0.6663,1
LJ500_R070_C081,70,81,701750,9536250,2000,4500,2020,12,2020-12,24,48.84,91.07,108.83,11.45,22.0,8.0,30.0,1,0.2335,0.547,1
LJ500_R070_C082,70,82,702250,9536250,2500,4500,2020,12,2020-12,24,48.84,91.07,108.83,11.45,22.0,8.0,30.0,1,0.2148,0.5053,1
LJ500_R070_C083,70,83,702750,9536250,3000,4500,2020,12,2020-12,24,48.84,91.07,108.83,11.45,22.0,8.0,30.0,1,0.2215,0.5168,1
LJ500_R070_C084,70,84,703250,9536250,3500,4500,2020,12,2020-12,24,48.84,91.07,108.83,11.45,22.0,8.0,30.0,1,0.2235,0.5193,1
LJ500_R070_C085,70,85,703750,9536250,4000,4500,2020,12,2020-12,24,48.84,91.07,108.83,11.45,22.0,8.0,30.0,1,0.2484,0.5387,1
LJ500_R070_C086,70,86,704250,9536250,4500,4500,2020,12,2020-12,24,48.84,91.07,108.83,11.45,22.0,8.0,30.0,1,0.2426,0.533,1
LJ500_R061_C077,61,77,699750,9531750,0,0,2021,1,2021-01,25,63.2,111.83,151.56,19.6,26.0,5.0,31.0,1,0.1443,0.4278,1
LJ500_R061_C078,61,78,700250,9531750,500,0,2021,1,2021-01,25,65.32,114.83,159.02,18.83,26.0,5.0,31.0,1,0.157,0.4599,1
LJ500_R061_C079,61,79,700750,9531750,1000,0,2021,1,2021-01,25,65.32,114.83,159.02,18.83,26.0,5.0,31.0,1,0.1717,0.4906,1
LJ500_R061_C080,61,80,701250,9531750,1500,0,2021,1,2021-01,25,65.32,114.83,159.02,18.83,26.0,5.0,31.0,1,0.1811,0.5104,1
LJ500_R061_C081,61,81,701750,9531750,2000,0,2021,1,2021-01,25,65.32,114.83,159.02,18.83,26.0,5.0,31.0,1,0.3137,0.6285,1
LJ500_R061_C082,61,82,702250,9531750,2500,0,2021,1,2021-01,25,65.32,114.83,159.02,18.83,26.0,5.0,31.0,1,0.3559,0.6663,1
LJ500_R061_C083,61,83,702750,9531750,3000,0,2021,1,2021-01,25,65.32,114.83,159.02,18.83,26.0,5.0,31.0,1,0.4019,0.6949,1
LJ500_R061_C084,61,84,703250,9531750,3500,0,2021,1,2021-01,25,65.32,114.83,159.02,18.83,26.0,5.0,31.0,1,0.4035,0.6955,1
LJ500_R061_C085,61,85,703750,9531750,4000,0,2021,1,2021-01,25,65.32,114.83,159.02,18.83,26.0,5.0,31.0,1,0.3489,0.6488,1
LJ500_R061_C086,61,86,704250,9531750,4500,0,2021,1,2021-01,25,65.32,114.83,159.02,18.83,26.0,5.0,31.0,1,0.339,0.6364,1
LJ500_R062_C077,62,77,699750,9532250,0,500,2021,1,2021-01,25,63.19,111.81,151.53,19.6,26.0,5.0,31.0,1,0.1319,0.3984,1
LJ500_R062_C078,62,78,700250,9532250,500,500,2021,1,2021-01,25,65.32,114.83,159.02,18.83,26.0,5.0,31.0,1,0.1426,0.42,1
LJ500_R062_C079,62,79,700750,9532250,1000,500,2021,1,2021-01,25,65.32,114.83,159.02,18.83,26.0,5.0,31.0,1,0.1785,0.4992,1
LJ500_R062_C080,62,80,701250,9532250,1500,500,2021,1,2021-01,25,65.32,114.83,159.02,18.83,26.0,5.0,31.0,1,0.2016,0.55,1
LJ500_R062_C081,62,81,701750,9532250,2000,500,2021,1,2021-01,25,65.32,114.83,159.02,18.83,26.0,5.0,31.0,1,0.436,0.7775,1
LJ500_R062_C082,62,82,702250,9532250,2500,500,2021,1,2021-01,25,65.32,114.83,159.02,18.83,26.0,5.0,31.0,1,0.5106,0.85,1
LJ500_R062_C083,62,83,702750,9532250,3000,500,2021,1,2021-01,25,65.32,114.83,159.02,18.83,26.0,5.0,31.0,1,0.5531,0.9136,1
LJ500_R062_C084,62,84,703250,9532250,3500,500,2021,1,2021-01,25,65.32,114.83,159.02,18.83,26.0,5.0,31.0,1,0.5553,0.916,1
LJ500_R062_C085,62,85,703750,9532250,4000,500,2021,1,2021-01,25,65.32,114.83,159.02,18.83,26.0,5.0,31.0,1,0.52,0.85,1
LJ500_R062_C086,62,86,704250,9532250,4500,500,2021,1,2021-01,25,65.32,114.83,159.02,18.83,26.0,5.0,31.0,1,0.4946,0.8169,1
LJ500_R063_C077,63,77,699750,9532750,0,1000,2021,1,2021-01,25,63.19,111.8,151.5,19.6,26.0,5.0,31.0,1,0.1261,0.3933,1
LJ500_R063_C078,63,78,700250,9532750,500,1000,2021,1,2021-01,25,65.32,114.83,159.02,18.83,26.0,5.0,31.0,1,0.1328,0.3856,1
LJ500_R063_C079,63,79,700750,9532750,1000,1000,2021,1,2021-01,25,65.32,114.83,159.02,18.83,26.0,5.0,31.0,1,0.1683,0.4733,1
LJ500_R063_C080,63,80,701250,9532750,1500,1000,2021,1,2021-01,25,65.32,114.83,159.02,18.83,26.0,5.0,31.0,1,0.1914,0.5302,1
LJ500_R063_C081,63,81,701750,9532750,2000,1000,2021,1,2021-01,25,65.32,114.83,159.02,18.83,26.0,5.0,31.0,1,0.3809,0.7004,1
LJ500_R063_C082,63,82,702250,9532750,2500,1000,2021,1,2021-01,25,65.32,114.83,159.02,18.83,26.0,5.0,31.0,1,0.4417,0.7549,1
LJ500_R063_C083,63,83,702750,9532750,3000,1000,2021,1,2021-01,25,65.32,114.83,159.02,18.83,26.0,5.0,31.0,1,0.5312,0.9544,1
LJ500_R063_C084,63,84,703250,9532750,3500,1000,2021,1,2021-01,25,65.32,114.83,159.02,18.83,26.0,5.0,31.0,1,0.5359,0.9739,1
LJ500_R063_C085,63,85,703750,9532750,4000,1000,2021,1,2021-01,25,65.32,114.83,159.02,18.83,26.0,5.0,31.0,1,0.4561,0.9465,1
LJ500_R063_C086,63,86,704250,9532750,4500,1000,2021,1,2021-01,25,65.32,114.83,159.02,18.83,26.0,5.0,31.0,1,0.4386,0.9298,1
LJ500_R064_C077,64,77,699750,9533250,0,1500,2021,1,2021-01,25,63.18,111.79,151.47,19.61,26.0,5.0,31.0,1,0.1199,0.3882,1
LJ500_R064_C078,64,78,700250,9533250,500,1500,2021,1,2021-01,25,65.32,114.83,159.02,18.83,26.0,5.0,31.0,1,0.1226,0.35,1
LJ500_R064_C079,64,79,700750,9533250,1000,1500,2021,1,2021-01,25,65.32,114.83,159.02,18.83,26.0,5.0,31.0,1,0.1579,0.4467,1
LJ500_R064_C080,64,80,701250,9533250,1500,1500,2021,1,2021-01,25,65.32,114.83,159.02,18.83,26.0,5.0,31.0,1,0.181,0.51,1
LJ500_R064_C081,64,81,701750,9533250,2000,1500,2021,1,2021-01,25,65.32,114.83,159.02,18.83,26.0,5.0,31.0,1,0.3256,0.6231,1
LJ500_R064_C082,64,82,702250,9533250,2500,1500,2021,1,2021-01,25,65.32,114.83,159.02,18.83,26.0,5.0,31.0,1,0.3729,0.66,1
LJ500_R064_C083,64,83,702750,9533250,3000,1500,2021,1,2021-01,25,65.32,114.83,159.02,18.83,26.0,5.0,31.0,1,0.5093,0.9942,1
LJ500_R064_C084,64,84,703250,9533250,3500,1500,2021,1,2021-01,25,65.32,114.83,159.02,18.83,26.0,5.0,31.0,1,0.517,1.0305,1
LJ500_R064_C085,64,85,703750,9533250,4000,1500,2021,1,2021-01,25,65.32,114.83,159.02,18.83,26.0,5.0,31.0,1,0.3942,1.04,1
LJ500_R064_C086,64,86,704250,9533250,4500,1500,2021,1,2021-01,25,65.32,114.83,159.02,18.83,26.0,5.0,31.0,1,0.3845,1.038,1
LJ500_R065_C077,65,77,699750,9533750,0,2000,2021,1,2021-01,25,63.17,111.78,151.44,19.61,26.0,5.0,31.0,1,0.1133,0.3723,1
LJ500_R065_C078,65,78,700250,9533750,500,2000,2021,1,2021-01,25,65.32,114.83,159.02,18.83,26.0,5.0,31.0,1,0.1142,0.3694,1
LJ500_R065_C079,65,79,700750,9533750,1000,2000,2021,1,2021-01,25,65.32,114.83,159.02,18.83,26.0,5.0,31.0,1,0.1382,0.411,1
LJ500_R065_C080,65,80,701250,9533750,1500,2000,2021,1,2021-01,25,65.32,114.83,159.02,18.83,26.0,5.0,31.0,1,0.154,0.4382,1
LJ500_R065_C081,65,81,701750,9533750,2000,2000,2021,1,2021-01,25,65.32,114.83,159.02,18.83,26.0,5.0,31.0,1,0.2591,0.5457,1
LJ500_R065_C082,65,82,702250,9533750,2500,2000,2021,1,2021-01,25,65.32,114.83,159.02,18.83,26.0,5.0,31.0,1,0.2936,0.5811,1
LJ500_R065_C083,65,83,702750,9533750,3000,2000,2021,1,2021-01,25,65.32,114.83,159.02,18.83,26.0,5.0,31.0,1,0.4383,0.8072,1
LJ500_R065_C084,65,84,703250,9533750,3500,2000,2021,1,2021-01,25,65.32,114.83,159.02,18.83,26.0,5.0,31.0,1,0.4548,0.8355,1
LJ500_R065_C085,65,85,703750,9533750,4000,2000,2021,1,2021-01,25,65.32,114.83,159.02,18.83,26.0,5.0,31.0,1,0.4716,0.9137,1
LJ500_R065_C086,65,86,704250,9533750,4500,2000,2021,1,2021-01,25,65.32,114.83,159.02,18.83,26.0,5.0,31.0,1,0.4532,0.9339,1
LJ500_R066_C077,66,77,699750,9534250,0,2500,2021,1,2021-01,25,63.16,111.76,151.41,19.61,26.0,5.0,31.0,1,0.1097,0.3635,1
LJ500_R066_C078,66,78,700250,9534250,500,2500,2021,1,2021-01,25,65.32,114.83,159.02,18.83,26.0,5.0,31.0,1,0.1097,0.38,1
LJ500_R066_C079,66,79,700750,9534250,1000,2500,2021,1,2021-01,25,65.32,114.83,159.02,18.83,26.0,5.0,31.0,1,0.1277,0.392,1
LJ500_R066_C080,66,80,701250,9534250,1500,2500,2021,1,2021-01,25,65.32,114.83,159.02,18.83,26.0,5.0,31.0,1,0.1397,0.4,1
LJ500_R066_C081,66,81,701750,9534250,2000,2500,2021,1,2021-01,25,65.32,114.83,159.02,18.83,26.0,5.0,31.0,1,0.224,0.5049,1
LJ500_R066_C082,66,82,702250,9534250,2500,2500,2021,1,2021-01,25,65.32,114.83,159.02,18.83,26.0,5.0,31.0,1,0.2523,0.54,1
LJ500_R066_C083,66,83,702750,9534250,3000,2500,2021,1,2021-01,25,65.32,114.83,159.02,18.83,26.0,5.0,31.0,1,0.4015,0.7107,1
LJ500_R066_C084,66,84,703250,9534250,3500,2500,2021,1,2021-01,25,65.32,114.83,159.02,18.83,26.0,5.0,31.0,1,0.4228,0.7358,1
LJ500_R066_C085,66,85,703750,9534250,4000,2500,2021,1,2021-01,25,65.32,114.83,159.02,18.83,26.0,5.0,31.0,1,0.5106,0.85,1
LJ500_R066_C086,66,86,704250,9534250,4500,2500,2021,1,2021-01,25,65.32,114.83,159.02,18.83,26.0,5.0,31.0,1,0.4877,0.8816,1
LJ500_R067_C077,67,77,699750,9534750,0,3000,2021,1,2021-01,25,63.15,111.75,151.38,19.62,26.0,5.0,31.0,1,0.1245,0.3978,1
LJ500_R067_C078,67,78,700250,9534750,500,3000,2021,1,2021-01,25,65.32,114.83,159.02,18.83,26.0,5.0,31.0,1,0.1045,0.3478,1
LJ500_R067_C079,67,79,700750,9534750,1000,3000,2021,1,2021-01,25,65.32,114.83,159.02,18.83,26.0,5.0,31.0,1,0.1196,0.3645,1
LJ500_R067_C080,67,80,701250,9534750,1500,3000,2021,1,2021-01,25,65.32,114.83,159.02,18.83,26.0,5.0,31.0,1,0.1298,0.3757,1
LJ500_R067_C081,67,81,701750,9534750,2000,3000,2021,1,2021-01,25,65.32,114.83,159.02,18.83,26.0,5.0,31.0,1,0.1704,0.4559,1
LJ500_R067_C082,67,82,702250,9534750,2500,3000,2021,1,2021-01,25,65.32,114.83,159.02,18.83,26.0,5.0,31.0,1,0.184,0.483,1
LJ500_R067_C083,67,83,702750,9534750,3000,3000,2021,1,2021-01,25,65.32,114.83,159.02,18.83,26.0,5.0,31.0,1,0.2368,0.5434,1
LJ500_R067_C084,67,84,703250,9534750,3500,3000,2021,1,2021-01,25,65.32,114.83,159.02,18.83,26.0,5.0,31.0,1,0.2492,0.5564,1
LJ500_R067_C085,67,85,703750,9534750,4000,3000,2021,1,2021-01,25,65.32,114.83,159.02,18.83,26.0,5.0,31.0,1,0.3909,0.694,1
LJ500_R067_C086,67,86,704250,9534750,4500,3000,2021,1,2021-01,25,65.32,114.83,159.02,18.83,26.0,5.0,31.0,1,0.4112,0.7311,1
LJ500_R068_C077,68,77,699750,9535250,0,3500,2021,1,2021-01,25,63.14,111.74,151.35,19.62,26.0,5.0,31.0,1,0.1283,0.4065,1
LJ500_R068_C078,68,78,700250,9535250,500,3500,2021,1,2021-01,25,65.32,114.83,159.02,18.83,26.0,5.0,31.0,1,0.1032,0.34,1
LJ500_R068_C079,68,79,700750,9535250,1000,3500,2021,1,2021-01,25,65.32,114.83,159.02,18.83,26.0,5.0,31.0,1,0.1176,0.3578,1
LJ500_R068_C080,68,80,701250,9535250,1500,3500,2021,1,2021-01,25,65.32,114.83,159.02,18.83,26.0,5.0,31.0,1,0.1274,0.37,1
LJ500_R068_C081,68,81,701750,9535250,2000,3500,2021,1,2021-01,25,65.32,114.83,159.02,18.83,26.0,5.0,31.0,1,0.1579,0.4444,1
LJ500_R068_C082,68,82,702250,9535250,2500,3500,2021,1,2021-01,25,65.32,114.83,159.02,18.83,26.0,5.0,31.0,1,0.1684,0.47,1
LJ500_R068_C083,68,83,702750,9535250,3000,3500,2021,1,2021-01,25,65.32,114.83,159.02,18.83,26.0,5.0,31.0,1,0.1998,0.5058,1
LJ500_R068_C084,68,84,703250,9535250,3500,3500,2021,1,2021-01,25,65.32,114.83,159.02,18.83,26.0,5.0,31.0,1,0.2105,0.5165,1
LJ500_R068_C085,68,85,703750,9535250,4000,3500,2021,1,2021-01,25,65.32,114.83,159.02,18.83,26.0,5.0,31.0,1,0.3648,0.66,1
LJ500_R068_C086,68,86,704250,9535250,4500,3500,2021,1,2021-01,25,65.32,114.83,159.02,18.83,26.0,5.0,31.0,1,0.3944,0.6985,1
LJ500_R069_C077,69,77,699750,9535750,0,4000,2021,1,2021-01,25,60.92,108.23,145.39,15.75,25.4,5.6037,31.0,1,0.1115,0.3471,1
LJ500_R069_C078,69,78,700250,9535750,500,4000,2021,1,2021-01,25,63.95,112.83,155.2,14.83,23.21,7.7929,31.0,1,0.0983,0.3015,1
LJ500_R069_C079,69,79,700750,9535750,1000,4000,2021,1,2021-01,25,63.95,112.83,155.2,14.82,23.2,7.7999,31.0,1,0.1268,0.3764,1
LJ500_R069_C080,69,80,701250,9535750,1500,4000,2021,1,2021-01,25,63.94,112.82,155.19,14.81,23.19,7.8068,31.0,1,0.1464,0.428,1
LJ500_R069_C081,69,81,701750,9535750,2000,4000,2021,1,2021-01,25,63.94,112.82,155.18,14.8,23.19,7.8138,31.0,1,0.2372,0.488,1
LJ500_R069_C082,69,82,702250,9535750,2500,4000,2021,1,2021-01,25,63.94,112.81,155.17,14.79,23.18,7.8208,31.0,1,0.2689,0.5088,1
LJ500_R069_C083,69,83,702750,9535750,3000,4000,2021,1,2021-01,25,63.93,112.81,155.16,14.78,23.17,7.8278,31.0,1,0.2493,0.5099,1
LJ500_R069_C084,69,84,703250,9535750,3500,4000,2021,1,2021-01,25,63.93,112.8,155.15,14.77,23.17,7.8348,31.0,1,0.2452,0.5093,1
LJ500_R069_C085,69,85,703750,9535750,4000,4000,2021,1,2021-01,25,63.93,112.8,155.14,14.76,23.16,7.8418,31.0,1,0.202,0.4937,1
LJ500_R069_C086,69,86,704250,9535750,4500,4000,2021,1,2021-01,25,63.92,112.79,155.13,14.75,23.15,7.8489,31.0,1,0.2052,0.4922,1
LJ500_R070_C077,70,77,699750,9536250,0,4500,2021,1,2021-01,25,60.74,107.94,144.9,15.46,25.36,5.64,31.0,1,0.112,0.3476,1
LJ500_R070_C078,70,78,700250,9536250,500,4500,2021,1,2021-01,25,63.85,112.68,154.92,14.53,23.0,8.0,31.0,1,0.098,0.2976,1
LJ500_R070_C079,70,79,700750,9536250,1000,4500,2021,1,2021-01,25,63.85,112.68,154.92,14.53,23.0,8.0,31.0,1,0.1286,0.3793,1
LJ500_R070_C080,70,80,701250,9536250,1500,4500,2021,1,2021-01,25,63.85,112.68,154.92,14.53,23.0,8.0,31.0,1,0.1499,0.4362,1
LJ500_R070_C081,70,81,701750,9536250,2000,4500,2021,1,2021-01,25,63.85,112.68,154.92,14.53,23.0,8.0,31.0,1,0.2315,0.488,1
LJ500_R070_C082,70,82,702250,9536250,2500,4500,2021,1,2021-01,25,63.85,112.68,154.92,14.53,23.0,8.0,31.0,1,0.2599,0.5062,1
LJ500_R070_C083,70,83,702750,9536250,3000,4500,2021,1,2021-01,25,63.85,112.68,154.92,14.53,23.0,8.0,31.0,1,0.2385,0.4992,1
LJ500_R070_C084,70,84,703250,9536250,3500,4500,2021,1,2021-01,25,63.85,112.68,154.92,14.53,23.0,8.0,31.0,1,0.2342,0.4977,1
LJ500_R070_C085,70,85,703750,9536250,4000,4500,2021,1,2021-01,25,63.85,112.68,154.92,14.53,23.0,8.0,31.0,1,0.1974,0.4873,1
LJ500_R070_C086,70,86,704250,9536250,4500,4500,2021,1,2021-01,25,63.85,112.68,154.92,14.53,23.0,8.0,31.0,1,0.2056,0.4924,1
LJ500_R061_C077,61,77,699750,9531750,0,0,2021,2,2021-02,26,57.97,121.17,169.79,26.59,28.43,2.5692,31.0,1,0.1262,0.3038,1
LJ500_R061_C078,61,78,700250,9531750,500,0,2021,2,2021-02,26,57.38,122.7,172.21,34.43,29.0,2.0,31.0,1,0.1353,0.2967,1
LJ500_R061_C079,61,79,700750,9531750,1000,0,2021,2,2021-02,26,57.38,122.7,172.21,34.43,29.0,2.0,31.0,1,0.151,0.3213,1
LJ500_R061_C080,61,80,701250,9531750,1500,0,2021,2,2021-02,26,57.38,122.7,172.21,34.43,29.0,2.0,31.0,1,0.1611,0.3373,1
LJ500_R061_C081,61,81,701750,9531750,2000,0,2021,2,2021-02,26,57.38,122.7,172.21,34.43,29.0,2.0,31.0,1,0.3477,0.7035,1
LJ500_R061_C082,61,82,702250,9531750,2500,0,2021,2,2021-02,26,57.38,122.7,172.21,34.43,29.0,2.0,31.0,1,0.4071,0.8201,1
LJ500_R061_C083,61,83,702750,9531750,3000,0,2021,2,2021-02,26,57.38,122.7,172.21,34.43,29.0,2.0,31.0,1,0.4723,0.9371,1
LJ500_R061_C084,61,84,703250,9531750,3500,0,2021,2,2021-02,26,57.38,122.7,172.21,34.43,29.0,2.0,31.0,1,0.4741,0.9417,1
LJ500_R061_C085,61,85,703750,9531750,4000,0,2021,2,2021-02,26,57.38,122.7,172.21,34.43,29.0,2.0,31.0,1,0.3918,0.8127,1
LJ500_R061_C086,61,86,704250,9531750,4500,0,2021,2,2021-02,26,57.38,122.7,172.21,34.43,29.0,2.0,31.0,1,0.3777,0.7845,1
LJ500_R062_C077,62,77,699750,9532250,0,500,2021,2,2021-02,26,57.97,121.17,169.78,26.56,28.43,2.5715,31.0,1,0.1133,0.3008,1
LJ500_R062_C078,62,78,700250,9532250,500,500,2021,2,2021-02,26,57.38,122.7,172.21,34.43,29.0,2.0,31.0,1,0.119,0.29,1
LJ500_R062_C079,62,79,700750,9532250,1000,500,2021,2,2021-02,26,57.38,122.7,172.21,34.43,29.0,2.0,31.0,1,0.1613,0.3631,1
LJ500_R062_C080,62,80,701250,9532250,1500,500,2021,2,2021-02,26,57.38,122.7,172.21,34.43,29.0,2.0,31.0,1,0.1884,0.41,1
LJ500_R062_C081,62,81,701750,9532250,2000,500,2021,2,2021-02,26,57.38,122.7,172.21,34.43,29.0,2.0,31.0,1,0.5228,1.0395,1
LJ500_R062_C082,62,82,702250,9532250,2500,500,2021,2,2021-02,26,57.38,122.7,172.21,34.43,29.0,2.0,31.0,1,0.6294,1.24,1
LJ500_R062_C083,62,83,702750,9532250,3000,500,2021,2,2021-02,26,57.38,122.7,172.21,34.43,29.0,2.0,31.0,1,0.6832,1.3671,1
LJ500_R062_C084,62,84,703250,9532250,3500,500,2021,2,2021-02,26,57.38,122.7,172.21,34.43,29.0,2.0,31.0,1,0.6858,1.3743,1
LJ500_R062_C085,62,85,703750,9532250,4000,500,2021,2,2021-02,26,57.38,122.7,172.21,34.43,29.0,2.0,31.0,1,0.6381,1.28,1
LJ500_R062_C086,62,86,704250,9532250,4500,500,2021,2,2021-02,26,57.38,122.7,172.21,34.43,29.0,2.0,31.0,1,0.6032,1.2076,1
LJ500_R063_C077,63,77,699750,9532750,0,1000,2021,2,2021-02,26,57.97,121.16,169.77,26.53,28.43,2.5739,31.0,1,0.1091,0.3044,1
LJ500_R063_C078,63,78,700250,9532750,500,1000,2021,2,2021-02,26,57.38,122.7,172.21,34.43,29.0,2.0,31.0,1,0.1109,0.2802,1
LJ500_R063_C079,63,79,700750,9532750,1000,1000,2021,2,2021-02,26,57.38,122.7,172.21,34.43,29.0,2.0,31.0,1,0.1496,0.3409,1
LJ500_R063_C080,63,80,701250,9532750,1500,1000,2021,2,2021-02,26,57.38,122.7,172.21,34.43,29.0,2.0,31.0,1,0.1746,0.3802,1
LJ500_R063_C081,63,81,701750,9532750,2000,1000,2021,2,2021-02,26,57.38,122.7,172.21,34.43,29.0,2.0,31.0,1,0.4478,0.8909,1
LJ500_R063_C082,63,82,702250,9532750,2500,1000,2021,2,2021-02,26,57.38,122.7,172.21,34.43,29.0,2.0,31.0,1,0.5355,1.0548,1
LJ500_R063_C083,63,83,702750,9532750,3000,1000,2021,2,2021-02,26,57.38,122.7,172.21,34.43,29.0,2.0,31.0,1,0.6526,1.2717,1
LJ500_R063_C084,63,84,703250,9532750,3500,1000,2021,2,2021-02,26,57.38,122.7,172.21,34.43,29.0,2.0,31.0,1,0.6585,1.2867,1
LJ500_R063_C085,63,85,703750,9532750,4000,1000,2021,2,2021-02,26,57.38,122.7,172.21,34.43,29.0,2.0,31.0,1,0.5499,1.1581,1
LJ500_R063_C086,63,86,704250,9532750,4500,1000,2021,2,2021-02,26,57.38,122.7,172.21,34.43,29.0,2.0,31.0,1,0.5244,1.111,1
LJ500_R064_C077,64,77,699750,9533250,0,1500,2021,2,2021-02,26,57.98,121.15,169.76,26.5,28.42,2.5762,31.0,1,0.1047,0.3082,1
LJ500_R064_C078,64,78,700250,9533250,500,1500,2021,2,2021-02,26,57.38,122.7,172.21,34.43,29.0,2.0,31.0,1,0.1026,0.27,1
LJ500_R064_C079,64,79,700750,9533250,1000,1500,2021,2,2021-02,26,57.38,122.7,172.21,34.43,29.0,2.0,31.0,1,0.1377,0.3183,1
LJ500_R064_C080,64,80,701250,9533250,1500,1500,2021,2,2021-02,26,57.38,122.7,172.21,34.43,29.0,2.0,31.0,1,0.1606,0.35,1
LJ500_R064_C081,64,81,701750,9533250,2000,1500,2021,2,2021-02,26,57.38,122.7,172.21,34.43,29.0,2.0,31.0,1,0.3727,0.7419,1
LJ500_R064_C082,64,82,702250,9533250,2500,1500,2021,2,2021-02,26,57.38,122.7,172.21,34.43,29.0,2.0,31.0,1,0.4419,0.87,1
LJ500_R064_C083,64,83,702750,9533250,3000,1500,2021,2,2021-02,26,57.38,122.7,172.21,34.43,29.0,2.0,31.0,1,0.622,1.1771,1
LJ500_R064_C084,64,84,703250,9533250,3500,1500,2021,2,2021-02,26,57.38,122.7,172.21,34.43,29.0,2.0,31.0,1,0.632,1.201,1
LJ500_R064_C085,64,85,703750,9533250,4000,1500,2021,2,2021-02,26,57.38,122.7,172.21,34.43,29.0,2.0,31.0,1,0.4645,1.04,1
LJ500_R064_C086,64,86,704250,9533250,4500,1500,2021,2,2021-02,26,57.38,122.7,172.21,34.43,29.0,2.0,31.0,1,0.4485,1.0178,1
LJ500_R065_C077,65,77,699750,9533750,0,2000,2021,2,2021-02,26,57.98,121.15,169.75,26.46,28.42,2.5785,31.0,1,0.0991,0.2994,1
LJ500_R065_C078,65,78,700250,9533750,500,2000,2021,2,2021-02,26,57.38,122.7,172.21,34.43,29.0,2.0,31.0,1,0.099,0.2894,1
LJ500_R065_C079,65,79,700750,9533750,1000,2000,2021,2,2021-02,26,57.38,122.7,172.21,34.43,29.0,2.0,31.0,1,0.1163,0.2868,1
LJ500_R065_C080,65,80,701250,9533750,1500,2000,2021,2,2021-02,26,57.38,122.7,172.21,34.43,29.0,2.0,31.0,1,0.1276,0.2847,1
LJ500_R065_C081,65,81,701750,9533750,2000,2000,2021,2,2021-02,26,57.38,122.7,172.21,34.43,29.0,2.0,31.0,1,0.2756,0.5768,1
LJ500_R065_C082,65,82,702250,9533750,2500,2000,2021,2,2021-02,26,57.38,122.7,172.21,34.43,29.0,2.0,31.0,1,0.3242,0.6728,1
LJ500_R065_C083,65,83,702750,9533750,3000,2000,2021,2,2021-02,26,57.38,122.7,172.21,34.43,29.0,2.0,31.0,1,0.5287,1.0259,1
LJ500_R065_C084,65,84,703250,9533750,3500,2000,2021,2,2021-02,26,57.38,122.7,172.21,34.43,29.0,2.0,31.0,1,0.5519,1.0693,1
LJ500_R065_C085,65,85,703750,9533750,4000,2000,2021,2,2021-02,26,57.38,122.7,172.21,34.43,29.0,2.0,31.0,1,0.5719,1.1663,1
LJ500_R065_C086,65,86,704250,9533750,4500,2000,2021,2,2021-02,26,57.38,122.7,172.21,34.43,29.0,2.0,31.0,1,0.5443,1.1327,1
LJ500_R066_C077,66,77,699750,9534250,0,2500,2021,2,2021-02,26,57.98,121.14,169.74,26.43,28.42,2.5808,31.0,1,0.096,0.2945,1
LJ500_R066_C078,66,78,700250,9534250,500,2500,2021,2,2021-02,26,57.38,122.7,172.21,34.43,29.0,2.0,31.0,1,0.0971,0.3,1
LJ500_R066_C079,66,79,700750,9534250,1000,2500,2021,2,2021-02,26,57.38,122.7,172.21,34.43,29.0,2.0,31.0,1,0.1048,0.27,1
LJ500_R066_C080,66,80,701250,9534250,1500,2500,2021,2,2021-02,26,57.38,122.7,172.21,34.43,29.0,2.0,31.0,1,0.11,0.25,1
LJ500_R066_C081,66,81,701750,9534250,2000,2500,2021,2,2021-02,26,57.38,122.7,172.21,34.43,29.0,2.0,31.0,1,0.2245,0.4897,1
LJ500_R066_C082,66,82,702250,9534250,2500,2500,2021,2,2021-02,26,57.38,122.7,172.21,34.43,29.0,2.0,31.0,1,0.2629,0.57,1
LJ500_R066_C083,66,83,702750,9534250,3000,2500,2021,2,2021-02,26,57.38,122.7,172.21,34.43,29.0,2.0,31.0,1,0.4803,0.9474,1
LJ500_R066_C084,66,84,703250,9534250,3500,2500,2021,2,2021-02,26,57.38,122.7,172.21,34.43,29.0,2.0,31.0,1,0.5107,1.0015,1
LJ500_R066_C085,66,85,703750,9534250,4000,2500,2021,2,2021-02,26,57.38,122.7,172.21,34.43,29.0,2.0,31.0,1,0.6261,1.23,1
LJ500_R066_C086,66,86,704250,9534250,4500,2500,2021,2,2021-02,26,57.38,122.7,172.21,34.43,29.0,2.0,31.0,1,0.5924,1.1905,1
LJ500_R067_C077,67,77,699750,9534750,0,3000,2021,2,2021-02,26,57.98,121.13,169.73,26.4,28.42,2.5831,31.0,1,0.1075,0.2748,1
LJ500_R067_C078,67,78,700250,9534750,500,3000,2021,2,2021-02,26,57.38,122.7,172.21,34.43,29.0,2.0,31.0,1,0.0909,0.2759,1
LJ500_R067_C079,67,79,700750,9534750,1000,3000,2021,2,2021-02,26,57.38,122.7,172.21,34.43,29.0,2.0,31.0,1,0.0958,0.2556,1
LJ500_R067_C080,67,80,701250,9534750,1500,3000,2021,2,2021-02,26,57.38,122.7,172.21,34.43,29.0,2.0,31.0,1,0.099,0.2419,1
LJ500_R067_C081,67,81,701750,9534750,2000,3000,2021,2,2021-02,26,57.38,122.7,172.21,34.43,29.0,2.0,31.0,1,0.1459,0.3353,1
LJ500_R067_C082,67,82,702250,9534750,2500,3000,2021,2,2021-02,26,57.38,122.7,172.21,34.43,29.0,2.0,31.0,1,0.1615,0.3664,1
LJ500_R067_C083,67,83,702750,9534750,3000,3000,2021,2,2021-02,26,57.38,122.7,172.21,34.43,29.0,2.0,31.0,1,0.239,0.53,1
LJ500_R067_C084,67,84,703250,9534750,3500,3000,2021,2,2021-02,26,57.38,122.7,172.21,34.43,29.0,2.0,31.0,1,0.2573,0.5654,1
LJ500_R067_C085,67,85,703750,9534750,4000,3000,2021,2,2021-02,26,57.38,122.7,172.21,34.43,29.0,2.0,31.0,1,0.4664,0.9343,1
LJ500_R067_C086,67,86,704250,9534750,4500,3000,2021,2,2021-02,26,57.38,122.7,172.21,34.43,29.0,2.0,31.0,1,0.4928,0.9861,1
LJ500_R068_C077,68,77,699750,9535250,0,3500,2021,2,2021-02,26,57.98,121.13,169.73,26.37,28.41,2.5854,31.0,1,0.1105,0.27,1
LJ500_R068_C078,68,78,700250,9535250,500,3500,2021,2,2021-02,26,57.38,122.7,172.21,34.43,29.0,2.0,31.0,1,0.0894,0.27,1
LJ500_R068_C079,68,79,700750,9535250,1000,3500,2021,2,2021-02,26,57.38,122.7,172.21,34.43,29.0,2.0,31.0,1,0.0936,0.2522,1
LJ500_R068_C080,68,80,701250,9535250,1500,3500,2021,2,2021-02,26,57.38,122.7,172.21,34.43,29.0,2.0,31.0,1,0.0965,0.24,1
LJ500_R068_C081,68,81,701750,9535250,2000,3500,2021,2,2021-02,26,57.38,122.7,172.21,34.43,29.0,2.0,31.0,1,0.1277,0.2996,1
LJ500_R068_C082,68,82,702250,9535250,2500,3500,2021,2,2021-02,26,57.38,122.7,172.21,34.43,29.0,2.0,31.0,1,0.1384,0.32,1
LJ500_R068_C083,68,83,702750,9535250,3000,3500,2021,2,2021-02,26,57.38,122.7,172.21,34.43,29.0,2.0,31.0,1,0.1848,0.4362,1
LJ500_R068_C084,68,84,703250,9535250,3500,3500,2021,2,2021-02,26,57.38,122.7,172.21,34.43,29.0,2.0,31.0,1,0.2008,0.4682,1
LJ500_R068_C085,68,85,703750,9535250,4000,3500,2021,2,2021-02,26,57.38,122.7,172.21,34.43,29.0,2.0,31.0,1,0.4316,0.87,1
LJ500_R068_C086,68,86,704250,9535250,4500,3500,2021,2,2021-02,26,57.38,122.7,172.21,34.43,29.0,2.0,31.0,1,0.4709,0.9413,1
LJ500_R069_C077,69,77,699750,9535750,0,4000,2021,2,2021-02,26,50.32,111.24,158.55,20.91,28.41,2.5877,31.0,1,0.091,0.2604,1
LJ500_R069_C078,69,78,700250,9535750,500,4000,2021,2,2021-02,26,50.42,114.37,163.25,25.61,29.0,2.0,31.0,1,0.0825,0.2604,1
LJ500_R069_C079,69,79,700750,9535750,1000,4000,2021,2,2021-02,26,50.41,114.35,163.23,25.59,29.0,2.0,31.0,1,0.1009,0.2597,1
LJ500_R069_C080,69,80,701250,9535750,1500,4000,2021,2,2021-02,26,50.39,114.33,163.21,25.56,29.0,2.0,31.0,1,0.1136,0.2593,1
LJ500_R069_C081,69,81,701750,9535750,2000,4000,2021,2,2021-02,26,50.37,114.31,163.19,25.54,29.0,2.0,31.0,1,0.2517,0.5345,1
LJ500_R069_C082,69,82,702250,9535750,2500,4000,2021,2,2021-02,26,50.35,114.29,163.17,25.52,29.0,2.0,31.0,1,0.3,0.6307,1
LJ500_R069_C083,69,83,702750,9535750,3000,4000,2021,2,2021-02,26,50.34,114.27,163.14,25.5,29.0,2.0,31.0,1,0.265,0.5825,1
LJ500_R069_C084,69,84,703250,9535750,3500,4000,2021,2,2021-02,26,50.32,114.25,163.12,25.48,29.0,2.0,31.0,1,0.2578,0.5721,1
LJ500_R069_C085,69,85,703750,9535750,4000,4000,2021,2,2021-02,26,50.3,114.23,163.1,25.45,29.0,2.0,31.0,1,0.1861,0.4592,1
LJ500_R069_C086,69,86,704250,9535750,4500,4000,2021,2,2021-02,26,50.28,114.21,163.08,25.43,29.0,2.0,31.0,1,0.1912,0.4689,1
LJ500_R070_C077,70,77,699750,9536250,0,4500,2021,2,2021-02,26,49.73,110.47,157.67,20.48,28.41,2.59,31.0,1,0.0911,0.26,1
LJ500_R070_C078,70,78,700250,9536250,500,4500,2021,2,2021-02,26,49.91,113.75,162.59,24.95,29.0,2.0,31.0,1,0.0818,0.26,1
LJ500_R070_C079,70,79,700750,9536250,1000,4500,2021,2,2021-02,26,49.91,113.75,162.59,24.95,29.0,2.0,31.0,1,0.103,0.2664,1
LJ500_R070_C080,70,80,701250,9536250,1500,4500,2021,2,2021-02,26,49.91,113.75,162.59,24.95,29.0,2.0,31.0,1,0.1178,0.2711,1
LJ500_R070_C081,70,81,701750,9536250,2000,4500,2021,2,2021-02,26,49.91,113.75,162.59,24.95,29.0,2.0,31.0,1,0.2421,0.5199,1
LJ500_R070_C082,70,82,702250,9536250,2500,4500,2021,2,2021-02,26,49.91,113.75,162.59,24.95,29.0,2.0,31.0,1,0.2855,0.6068,1
LJ500_R070_C083,70,83,702750,9536250,3000,4500,2021,2,2021-02,26,49.91,113.75,162.59,24.95,29.0,2.0,31.0,1,0.2483,0.5493,1
LJ500_R070_C084,70,84,703250,9536250,3500,4500,2021,2,2021-02,26,49.91,113.75,162.59,24.95,29.0,2.0,31.0,1,0.2409,0.5379,1
LJ500_R070_C085,70,85,703750,9536250,4000,4500,2021,2,2021-02,26,49.91,113.75,162.59,24.95,29.0,2.0,31.0,1,0.1794,0.4473,1
LJ500_R070_C086,70,86,704250,9536250,4500,4500,2021,2,2021-02,26,49.91,113.75,162.59,24.95,29.0,2.0,31.0,1,0.192,0.4698,1
LJ500_R061_C077,61,77,699750,9531750,0,0,2021,3,2021-03,27,73.87,131.83,195.04,25.72,24.57,3.4308,28.0,1,0.158,0.6002,1
LJ500_R061_C078,61,78,700250,9531750,500,0,2021,3,2021-03,27,75.77,133.15,198.47,25.6,24.0,4.0,28.0,1,0.1578,0.5733,1
LJ500_R061_C079,61,79,700750,9531750,1000,0,2021,3,2021-03,27,75.77,133.15,198.47,25.6,24.0,4.0,28.0,1,0.157,0.5426,1
LJ500_R061_C080,61,80,701250,9531750,1500,0,2021,3,2021-03,27,75.77,133.15,198.47,25.6,24.0,4.0,28.0,1,0.1565,0.5229,1
LJ500_R061_C081,61,81,701750,9531750,2000,0,2021,3,2021-03,27,75.77,133.15,198.47,25.6,24.0,4.0,28.0,1,0.2618,0.6656,1
LJ500_R061_C082,61,82,702250,9531750,2500,0,2021,3,2021-03,27,75.77,133.15,198.47,25.6,24.0,4.0,28.0,1,0.2956,0.7116,1
LJ500_R061_C083,61,83,702750,9531750,3000,0,2021,3,2021-03,27,75.77,133.15,198.47,25.6,24.0,4.0,28.0,1,0.3477,0.7936,1
LJ500_R061_C084,61,84,703250,9531750,3500,0,2021,3,2021-03,27,75.77,133.15,198.47,25.6,24.0,4.0,28.0,1,0.3495,0.7952,1
LJ500_R061_C085,61,85,703750,9531750,4000,0,2021,3,2021-03,27,75.77,133.15,198.47,25.6,24.0,4.0,28.0,1,0.2888,0.6825,1
LJ500_R061_C086,61,86,704250,9531750,4500,0,2021,3,2021-03,27,75.77,133.15,198.47,25.6,24.0,4.0,28.0,1,0.2768,0.6656,1
LJ500_R062_C077,62,77,699750,9532250,0,500,2021,3,2021-03,27,73.86,131.83,195.02,25.72,24.57,3.4285,28.0,1,0.1526,0.607,1
LJ500_R062_C078,62,78,700250,9532250,500,500,2021,3,2021-03,27,75.77,133.15,198.47,25.6,24.0,4.0,28.0,1,0.1514,0.58,1
LJ500_R062_C079,62,79,700750,9532250,1000,500,2021,3,2021-03,27,75.77,133.15,198.47,25.6,24.0,4.0,28.0,1,0.1521,0.513,1
LJ500_R062_C080,62,80,701250,9532250,1500,500,2021,3,2021-03,27,75.77,133.15,198.47,25.6,24.0,4.0,28.0,1,0.1525,0.47,1
LJ500_R062_C081,62,81,701750,9532250,2000,500,2021,3,2021-03,27,75.77,133.15,198.47,25.6,24.0,4.0,28.0,1,0.3974,0.8871,1
LJ500_R062_C082,62,82,702250,9532250,2500,500,2021,3,2021-03,27,75.77,133.15,198.47,25.6,24.0,4.0,28.0,1,0.4754,1.02,1
LJ500_R062_C083,62,83,702750,9532250,3000,500,2021,3,2021-03,27,75.77,133.15,198.47,25.6,24.0,4.0,28.0,1,0.5305,1.0472,1
LJ500_R062_C084,62,84,703250,9532250,3500,500,2021,3,2021-03,27,75.77,133.15,198.47,25.6,24.0,4.0,28.0,1,0.5334,1.0483,1
LJ500_R062_C085,62,85,703750,9532250,4000,500,2021,3,2021-03,27,75.77,133.15,198.47,25.6,24.0,4.0,28.0,1,0.4893,1.02,1
LJ500_R062_C086,62,86,704250,9532250,4500,500,2021,3,2021-03,27,75.77,133.15,198.47,25.6,24.0,4.0,28.0,1,0.4574,0.9807,1
LJ500_R063_C077,63,77,699750,9532750,0,1000,2021,3,2021-03,27,73.85,131.82,195.01,25.72,24.57,3.4261,28.0,1,0.1529,0.62,1
LJ500_R063_C078,63,78,700250,9532750,500,1000,2021,3,2021-03,27,75.77,133.15,198.47,25.6,24.0,4.0,28.0,1,0.1479,0.5849,1
LJ500_R063_C079,63,79,700750,9532750,1000,1000,2021,3,2021-03,27,75.77,133.15,198.47,25.6,24.0,4.0,28.0,1,0.1482,0.5212,1
LJ500_R063_C080,63,80,701250,9532750,1500,1000,2021,3,2021-03,27,75.77,133.15,198.47,25.6,24.0,4.0,28.0,1,0.1484,0.4799,1
LJ500_R063_C081,63,81,701750,9532750,2000,1000,2021,3,2021-03,27,75.77,133.15,198.47,25.6,24.0,4.0,28.0,1,0.3322,0.8016,1
LJ500_R063_C082,63,82,702250,9532750,2500,1000,2021,3,2021-03,27,75.77,133.15,198.47,25.6,24.0,4.0,28.0,1,0.3911,0.9048,1
LJ500_R063_C083,63,83,702750,9532750,3000,1000,2021,3,2021-03,27,75.77,133.15,198.47,25.6,24.0,4.0,28.0,1,0.4994,1.0362,1
LJ500_R063_C084,63,84,703250,9532750,3500,1000,2021,3,2021-03,27,75.77,133.15,198.47,25.6,24.0,4.0,28.0,1,0.5064,1.0508,1
LJ500_R063_C085,63,85,703750,9532750,4000,1000,2021,3,2021-03,27,75.77,133.15,198.47,25.6,24.0,4.0,28.0,1,0.4329,1.0657,1
LJ500_R063_C086,63,86,704250,9532750,4500,1000,2021,3,2021-03,27,75.77,133.15,198.47,25.6,24.0,4.0,28.0,1,0.4178,1.0469,1
LJ500_R064_C077,64,77,699750,9533250,0,1500,2021,3,2021-03,27,73.84,131.82,195.0,25.72,24.58,3.4238,28.0,1,0.1532,0.6336,1
LJ500_R064_C078,64,78,700250,9533250,500,1500,2021,3,2021-03,27,75.77,133.15,198.47,25.6,24.0,4.0,28.0,1,0.1443,0.59,1
LJ500_R064_C079,64,79,700750,9533250,1000,1500,2021,3,2021-03,27,75.77,133.15,198.47,25.6,24.0,4.0,28.0,1,0.1443,0.5296,1
LJ500_R064_C080,64,80,701250,9533250,1500,1500,2021,3,2021-03,27,75.77,133.15,198.47,25.6,24.0,4.0,28.0,1,0.1443,0.49,1
LJ500_R064_C081,64,81,701750,9533250,2000,1500,2021,3,2021-03,27,75.77,133.15,198.47,25.6,24.0,4.0,28.0,1,0.267,0.7161,1
LJ500_R064_C082,64,82,702250,9533250,2500,1500,2021,3,2021-03,27,75.77,133.15,198.47,25.6,24.0,4.0,28.0,1,0.3071,0.79,1
LJ500_R064_C083,64,83,702750,9533250,3000,1500,2021,3,2021-03,27,75.77,133.15,198.47,25.6,24.0,4.0,28.0,1,0.4684,1.0248,1
LJ500_R064_C084,64,84,703250,9533250,3500,1500,2021,3,2021-03,27,75.77,133.15,198.47,25.6,24.0,4.0,28.0,1,0.4801,1.0532,1
LJ500_R064_C085,64,85,703750,9533250,4000,1500,2021,3,2021-03,27,75.77,133.15,198.47,25.6,24.0,4.0,28.0,1,0.3782,1.11,1
LJ500_R064_C086,64,86,704250,9533250,4500,1500,2021,3,2021-03,27,75.77,133.15,198.47,25.6,24.0,4.0,28.0,1,0.3795,1.11,1
LJ500_R065_C077,65,77,699750,9533750,0,2000,2021,3,2021-03,27,73.84,131.81,194.98,25.72,24.58,3.4215,28.0,1,0.1483,0.6243,1
LJ500_R065_C078,65,78,700250,9533750,500,2000,2021,3,2021-03,27,75.77,133.15,198.47,25.6,24.0,4.0,28.0,1,0.1473,0.6159,1
LJ500_R065_C079,65,79,700750,9533750,1000,2000,2021,3,2021-03,27,75.77,133.15,198.47,25.6,24.0,4.0,28.0,1,0.1416,0.5558,1
LJ500_R065_C080,65,80,701250,9533750,1500,2000,2021,3,2021-03,27,75.77,133.15,198.47,25.6,24.0,4.0,28.0,1,0.1378,0.5161,1
LJ500_R065_C081,65,81,701750,9533750,2000,2000,2021,3,2021-03,27,75.77,133.15,198.47,25.6,24.0,4.0,28.0,1,0.1991,0.5841,1
LJ500_R065_C082,65,82,702250,9533750,2500,2000,2021,3,2021-03,27,75.77,133.15,198.47,25.6,24.0,4.0,28.0,1,0.2191,0.6059,1
LJ500_R065_C083,65,83,702750,9533750,3000,2000,2021,3,2021-03,27,75.77,133.15,198.47,25.6,24.0,4.0,28.0,1,0.3845,0.9048,1
LJ500_R065_C084,65,84,703250,9533750,3500,2000,2021,3,2021-03,27,75.77,133.15,198.47,25.6,24.0,4.0,28.0,1,0.4043,0.9428,1
LJ500_R065_C085,65,85,703750,9533750,4000,2000,2021,3,2021-03,27,75.77,133.15,198.47,25.6,24.0,4.0,28.0,1,0.4409,1.0435,1
LJ500_R065_C086,65,86,704250,9533750,4500,2000,2021,3,2021-03,27,75.77,133.15,198.47,25.6,24.0,4.0,28.0,1,0.4266,1.0513,1
LJ500_R066_C077,66,77,699750,9534250,0,2500,2021,3,2021-03,27,73.83,131.81,194.97,25.72,24.58,3.4192,28.0,1,0.1456,0.619,1
LJ500_R066_C078,66,78,700250,9534250,500,2500,2021,3,2021-03,27,75.77,133.15,198.47,25.6,24.0,4.0,28.0,1,0.1489,0.63,1
LJ500_R066_C079,66,79,700750,9534250,1000,2500,2021,3,2021-03,27,75.77,133.15,198.47,25.6,24.0,4.0,28.0,1,0.1401,0.57,1
LJ500_R066_C080,66,80,701250,9534250,1500,2500,2021,3,2021-03,27,75.77,133.15,198.47,25.6,24.0,4.0,28.0,1,0.1343,0.53,1
LJ500_R066_C081,66,81,701750,9534250,2000,2500,2021,3,2021-03,27,75.77,133.15,198.47,25.6,24.0,4.0,28.0,1,0.1634,0.515,1
LJ500_R066_C082,66,82,702250,9534250,2500,2500,2021,3,2021-03,27,75.77,133.15,198.47,25.6,24.0,4.0,28.0,1,0.1732,0.51,1
LJ500_R066_C083,66,83,702750,9534250,3000,2500,2021,3,2021-03,27,75.77,133.15,198.47,25.6,24.0,4.0,28.0,1,0.341,0.8425,1
LJ500_R066_C084,66,84,703250,9534250,3500,2500,2021,3,2021-03,27,75.77,133.15,198.47,25.6,24.0,4.0,28.0,1,0.3654,0.8862,1
LJ500_R066_C085,66,85,703750,9534250,4000,2500,2021,3,2021-03,27,75.77,133.15,198.47,25.6,24.0,4.0,28.0,1,0.4725,1.01,1
LJ500_R066_C086,66,86,704250,9534250,4500,2500,2021,3,2021-03,27,75.77,133.15,198.47,25.6,24.0,4.0,28.0,1,0.4504,1.0218,1
LJ500_R067_C077,67,77,699750,9534750,0,3000,2021,3,2021-03,27,73.82,131.8,194.95,25.72,24.58,3.4169,28.0,1,0.1362,0.5558,1
LJ500_R067_C078,67,78,700250,9534750,500,3000,2021,3,2021-03,27,75.77,133.15,198.47,25.6,24.0,4.0,28.0,1,0.14,0.5978,1
LJ500_R067_C079,67,79,700750,9534750,1000,3000,2021,3,2021-03,27,75.77,133.15,198.47,25.6,24.0,4.0,28.0,1,0.1331,0.5524,1
LJ500_R067_C080,67,80,701250,9534750,1500,3000,2021,3,2021-03,27,75.77,133.15,198.47,25.6,24.0,4.0,28.0,1,0.1285,0.5219,1
LJ500_R067_C081,67,81,701750,9534750,2000,3000,2021,3,2021-03,27,75.77,133.15,198.47,25.6,24.0,4.0,28.0,1,0.1335,0.4766,1
LJ500_R067_C082,67,82,702250,9534750,2500,3000,2021,3,2021-03,27,75.77,133.15,198.47,25.6,24.0,4.0,28.0,1,0.1351,0.4611,1
LJ500_R067_C083,67,83,702750,9534750,3000,3000,2021,3,2021-03,27,75.77,133.15,198.47,25.6,24.0,4.0,28.0,1,0.1694,0.4633,1
LJ500_R067_C084,67,84,703250,9534750,3500,3000,2021,3,2021-03,27,75.77,133.15,198.47,25.6,24.0,4.0,28.0,1,0.1799,0.4791,1
LJ500_R067_C085,67,85,703750,9534750,4000,3000,2021,3,2021-03,27,75.77,133.15,198.47,25.6,24.0,4.0,28.0,1,0.3285,0.8293,1
LJ500_R067_C086,67,86,704250,9534750,4500,3000,2021,3,2021-03,27,75.77,133.15,198.47,25.6,24.0,4.0,28.0,1,0.3534,0.863,1
LJ500_R068_C077,68,77,699750,9535250,0,3500,2021,3,2021-03,27,73.81,131.8,194.94,25.72,24.59,3.4146,28.0,1,0.1339,0.5401,1
LJ500_R068_C078,68,78,700250,9535250,500,3500,2021,3,2021-03,27,75.77,133.15,198.47,25.6,24.0,4.0,28.0,1,0.1379,0.59,1
LJ500_R068_C079,68,79,700750,9535250,1000,3500,2021,3,2021-03,27,75.77,133.15,198.47,25.6,24.0,4.0,28.0,1,0.1315,0.5484,1
LJ500_R068_C080,68,80,701250,9535250,1500,3500,2021,3,2021-03,27,75.77,133.15,198.47,25.6,24.0,4.0,28.0,1,0.1271,0.52,1
LJ500_R068_C081,68,81,701750,9535250,2000,3500,2021,3,2021-03,27,75.77,133.15,198.47,25.6,24.0,4.0,28.0,1,0.1266,0.4679,1
LJ500_R068_C082,68,82,702250,9535250,2500,3500,2021,3,2021-03,27,75.77,133.15,198.47,25.6,24.0,4.0,28.0,1,0.1264,0.45,1
LJ500_R068_C083,68,83,702750,9535250,3000,3500,2021,3,2021-03,27,75.77,133.15,198.47,25.6,24.0,4.0,28.0,1,0.1309,0.3785,1
LJ500_R068_C084,68,84,703250,9535250,3500,3500,2021,3,2021-03,27,75.77,133.15,198.47,25.6,24.0,4.0,28.0,1,0.1386,0.3882,1
LJ500_R068_C085,68,85,703750,9535250,4000,3500,2021,3,2021-03,27,75.77,133.15,198.47,25.6,24.0,4.0,28.0,1,0.2971,0.79,1
LJ500_R068_C086,68,86,704250,9535250,4500,3500,2021,3,2021-03,27,75.77,133.15,198.47,25.6,24.0,4.0,28.0,1,0.3321,0.8285,1
LJ500_R069_C077,69,77,699750,9535750,0,4000,2021,3,2021-03,27,66.47,116.79,177.72,23.27,23.66,4.341,28.0,1,0.1261,0.5325,1
LJ500_R069_C078,69,78,700250,9535750,500,4000,2021,3,2021-03,27,70.68,121.1,185.05,20.2,23.07,4.931,28.0,1,0.1276,0.5611,1
LJ500_R069_C079,69,79,700750,9535750,1000,4000,2021,3,2021-03,27,70.66,121.07,185.02,20.19,23.07,4.9333,28.0,1,0.1234,0.5024,1
LJ500_R069_C080,69,80,701250,9535750,1500,4000,2021,3,2021-03,27,70.65,121.04,184.98,20.17,23.06,4.9356,28.0,1,0.1206,0.462,1
LJ500_R069_C081,69,81,701750,9535750,2000,4000,2021,3,2021-03,27,70.64,121.01,184.95,20.16,23.06,4.9379,28.0,1,0.1763,0.5537,1
LJ500_R069_C082,69,82,702250,9535750,2500,4000,2021,3,2021-03,27,70.63,120.98,184.92,20.15,23.06,4.9403,28.0,1,0.1958,0.5859,1
LJ500_R069_C083,69,83,702750,9535750,3000,4000,2021,3,2021-03,27,70.61,120.95,184.88,20.13,23.06,4.9426,28.0,1,0.1713,0.5236,1
LJ500_R069_C084,69,84,703250,9535750,3500,4000,2021,3,2021-03,27,70.6,120.92,184.85,20.12,23.06,4.9449,28.0,1,0.1668,0.5104,1
LJ500_R069_C085,69,85,703750,9535750,4000,4000,2021,3,2021-03,27,70.59,120.89,184.81,20.11,23.05,4.9473,28.0,1,0.1295,0.3694,1
LJ500_R069_C086,69,86,704250,9535750,4500,4000,2021,3,2021-03,27,70.57,120.86,184.78,20.09,23.05,4.9496,28.0,1,0.1327,0.3822,1
LJ500_R070_C077,70,77,699750,9536250,0,4500,2021,3,2021-03,27,65.89,115.62,176.36,23.1,23.59,4.41,28.0,1,0.1247,0.5267,1
LJ500_R070_C078,70,78,700250,9536250,500,4500,2021,3,2021-03,27,70.3,120.21,184.05,19.8,23.0,5.0,28.0,1,0.1259,0.5553,1
LJ500_R070_C079,70,79,700750,9536250,1000,4500,2021,3,2021-03,27,70.3,120.21,184.05,19.8,23.0,5.0,28.0,1,0.1223,0.4947,1
LJ500_R070_C080,70,80,701250,9536250,1500,4500,2021,3,2021-03,27,70.3,120.21,184.05,19.8,23.0,5.0,28.0,1,0.1198,0.4526,1
LJ500_R070_C081,70,81,701750,9536250,2000,4500,2021,3,2021-03,27,70.3,120.21,184.05,19.8,23.0,5.0,28.0,1,0.17,0.5347,1
LJ500_R070_C082,70,82,702250,9536250,2500,4500,2021,3,2021-03,27,70.3,120.21,184.05,19.8,23.0,5.0,28.0,1,0.1874,0.5632,1
LJ500_R070_C083,70,83,702750,9536250,3000,4500,2021,3,2021-03,27,70.3,120.21,184.05,19.8,23.0,5.0,28.0,1,0.1645,0.512,1
LJ500_R070_C084,70,84,703250,9536250,3500,4500,2021,3,2021-03,27,70.3,120.21,184.05,19.8,23.0,5.0,28.0,1,0.1602,0.4998,1
LJ500_R070_C085,70,85,703750,9536250,4000,4500,2021,3,2021-03,27,70.3,120.21,184.05,19.8,23.0,5.0,28.0,1,0.1248,0.3587,1
LJ500_R070_C086,70,86,704250,9536250,4500,4500,2021,3,2021-03,27,70.3,120.21,184.05,19.8,23.0,5.0,28.0,1,0.1333,0.3834,1
LJ500_R061_C077,61,77,699750,9531750,0,0,2021,4,2021-04,28,173.02,246.89,304.86,30.15,22.43,8.5692,31.0,1,0.175,0.3959,1
LJ500_R061_C078,61,78,700250,9531750,500,0,2021,4,2021-04,28,169.49,245.26,302.64,31.42,23.0,8.0,31.0,1,0.1736,0.3833,1
LJ500_R061_C079,61,79,700750,9531750,1000,0,2021,4,2021-04,28,169.49,245.26,302.64,31.42,23.0,8.0,31.0,1,0.1707,0.3854,1
LJ500_R061_C080,61,80,701250,9531750,1500,0,2021,4,2021-04,28,169.49,245.26,302.64,31.42,23.0,8.0,31.0,1,0.1689,0.3868,1
LJ500_R061_C081,61,81,701750,9531750,2000,0,2021,4,2021-04,28,169.49,245.26,302.64,31.42,23.0,8.0,31.0,1,0.2204,0.582,1
LJ500_R061_C082,61,82,702250,9531750,2500,0,2021,4,2021-04,28,169.49,245.26,302.64,31.42,23.0,8.0,31.0,1,0.2371,0.6444,1
LJ500_R061_C083,61,83,702750,9531750,3000,0,2021,4,2021-04,28,169.49,245.26,302.64,31.42,23.0,8.0,31.0,1,0.2703,0.7214,1
LJ500_R061_C084,61,84,703250,9531750,3500,0,2021,4,2021-04,28,169.49,245.26,302.64,31.42,23.0,8.0,31.0,1,0.2718,0.7243,1
LJ500_R061_C085,61,85,703750,9531750,4000,0,2021,4,2021-04,28,169.49,245.26,302.64,31.42,23.0,8.0,31.0,1,0.2368,0.6385,1
LJ500_R061_C086,61,86,704250,9531750,4500,0,2021,4,2021-04,28,169.49,245.26,302.64,31.42,23.0,8.0,31.0,1,0.2277,0.6171,1
LJ500_R062_C077,62,77,699750,9532250,0,500,2021,4,2021-04,28,173.04,246.9,304.87,30.15,22.43,8.5715,31.0,1,0.1724,0.397,1
LJ500_R062_C078,62,78,700250,9532250,500,500,2021,4,2021-04,28,169.49,245.26,302.64,31.42,23.0,8.0,31.0,1,0.1681,0.37,1
LJ500_R062_C079,62,79,700750,9532250,1000,500,2021,4,2021-04,28,169.49,245.26,302.64,31.42,23.0,8.0,31.0,1,0.1641,0.3883,1
LJ500_R062_C080,62,80,701250,9532250,1500,500,2021,4,2021-04,28,169.49,245.26,302.64,31.42,23.0,8.0,31.0,1,0.1616,0.4,1
LJ500_R062_C081,62,81,701750,9532250,2000,500,2021,4,2021-04,28,169.49,245.26,302.64,31.42,23.0,8.0,31.0,1,0.3089,0.7944,1
LJ500_R062_C082,62,82,702250,9532250,2500,500,2021,4,2021-04,28,169.49,245.26,302.64,31.42,23.0,8.0,31.0,1,0.3558,0.92,1
LJ500_R062_C083,62,83,702750,9532250,3000,500,2021,4,2021-04,28,169.49,245.26,302.64,31.42,23.0,8.0,31.0,1,0.4088,1.0017,1
LJ500_R062_C084,62,84,703250,9532250,3500,500,2021,4,2021-04,28,169.49,245.26,302.64,31.42,23.0,8.0,31.0,1,0.4118,1.0066,1
LJ500_R062_C085,62,85,703750,9532250,4000,500,2021,4,2021-04,28,169.49,245.26,302.64,31.42,23.0,8.0,31.0,1,0.3729,0.95,1
LJ500_R062_C086,62,86,704250,9532250,4500,500,2021,4,2021-04,28,169.49,245.26,302.64,31.42,23.0,8.0,31.0,1,0.348,0.8983,1
LJ500_R063_C077,63,77,699750,9532750,0,1000,2021,4,2021-04,28,173.05,246.9,304.88,30.14,22.43,8.5739,31.0,1,0.1734,0.402,1
LJ500_R063_C078,63,78,700250,9532750,500,1000,2021,4,2021-04,28,169.49,245.26,302.64,31.42,23.0,8.0,31.0,1,0.1663,0.3749,1
LJ500_R063_C079,63,79,700750,9532750,1000,1000,2021,4,2021-04,28,169.49,245.26,302.64,31.42,23.0,8.0,31.0,1,0.1628,0.3842,1
LJ500_R063_C080,63,80,701250,9532750,1500,1000,2021,4,2021-04,28,169.49,245.26,302.64,31.42,23.0,8.0,31.0,1,0.1605,0.3901,1
LJ500_R063_C081,63,81,701750,9532750,2000,1000,2021,4,2021-04,28,169.49,245.26,302.64,31.42,23.0,8.0,31.0,1,0.2624,0.689,1
LJ500_R063_C082,63,82,702250,9532750,2500,1000,2021,4,2021-04,28,169.49,245.26,302.64,31.42,23.0,8.0,31.0,1,0.2949,0.7848,1
LJ500_R063_C083,63,83,702750,9532750,3000,1000,2021,4,2021-04,28,169.49,245.26,302.64,31.42,23.0,8.0,31.0,1,0.4066,0.9294,1
LJ500_R063_C084,63,84,703250,9532750,3500,1000,2021,4,2021-04,28,169.49,245.26,302.64,31.42,23.0,8.0,31.0,1,0.4162,0.9416,1
LJ500_R063_C085,63,85,703750,9532750,4000,1000,2021,4,2021-04,28,169.49,245.26,302.64,31.42,23.0,8.0,31.0,1,0.3806,0.8942,1
LJ500_R063_C086,63,86,704250,9532750,4500,1000,2021,4,2021-04,28,169.49,245.26,302.64,31.42,23.0,8.0,31.0,1,0.3664,0.8834,1
LJ500_R064_C077,64,77,699750,9533250,0,1500,2021,4,2021-04,28,173.07,246.91,304.89,30.13,22.42,8.5762,31.0,1,0.1744,0.4073,1
LJ500_R064_C078,64,78,700250,9533250,500,1500,2021,4,2021-04,28,169.49,245.26,302.64,31.42,23.0,8.0,31.0,1,0.1645,0.38,1
LJ500_R064_C079,64,79,700750,9533250,1000,1500,2021,4,2021-04,28,169.49,245.26,302.64,31.42,23.0,8.0,31.0,1,0.1614,0.38,1
LJ500_R064_C080,64,80,701250,9533250,1500,1500,2021,4,2021-04,28,169.49,245.26,302.64,31.42,23.0,8.0,31.0,1,0.1594,0.38,1
LJ500_R064_C081,64,81,701750,9533250,2000,1500,2021,4,2021-04,28,169.49,245.26,302.64,31.42,23.0,8.0,31.0,1,0.2158,0.5835,1
LJ500_R064_C082,64,82,702250,9533250,2500,1500,2021,4,2021-04,28,169.49,245.26,302.64,31.42,23.0,8.0,31.0,1,0.2342,0.65,1
LJ500_R064_C083,64,83,702750,9533250,3000,1500,2021,4,2021-04,28,169.49,245.26,302.64,31.42,23.0,8.0,31.0,1,0.4041,0.8577,1
LJ500_R064_C084,64,84,703250,9533250,3500,1500,2021,4,2021-04,28,169.49,245.26,302.64,31.42,23.0,8.0,31.0,1,0.4205,0.8779,1
LJ500_R064_C085,64,85,703750,9533250,4000,1500,2021,4,2021-04,28,169.49,245.26,302.64,31.42,23.0,8.0,31.0,1,0.3881,0.84,1
LJ500_R064_C086,64,86,704250,9533250,4500,1500,2021,4,2021-04,28,169.49,245.26,302.64,31.42,23.0,8.0,31.0,1,0.3838,0.8683,1
LJ500_R065_C077,65,77,699750,9533750,0,2000,2021,4,2021-04,28,173.08,246.92,304.89,30.13,22.42,8.5785,31.0,1,0.1713,0.4026,1
LJ500_R065_C078,65,78,700250,9533750,500,2000,2021,4,2021-04,28,169.49,245.26,302.64,31.42,23.0,8.0,31.0,1,0.1691,0.393,1
LJ500_R065_C079,65,79,700750,9533750,1000,2000,2021,4,2021-04,28,169.49,245.26,302.64,31.42,23.0,8.0,31.0,1,0.1608,0.3656,1
LJ500_R065_C080,65,80,701250,9533750,1500,2000,2021,4,2021-04,28,169.49,245.26,302.64,31.42,23.0,8.0,31.0,1,0.1554,0.3474,1
LJ500_R065_C081,65,81,701750,9533750,2000,2000,2021,4,2021-04,28,169.49,245.26,302.64,31.42,23.0,8.0,31.0,1,0.1792,0.4911,1
LJ500_R065_C082,65,82,702250,9533750,2500,2000,2021,4,2021-04,28,169.49,245.26,302.64,31.42,23.0,8.0,31.0,1,0.1869,0.5382,1
LJ500_R065_C083,65,83,702750,9533750,3000,2000,2021,4,2021-04,28,169.49,245.26,302.64,31.42,23.0,8.0,31.0,1,0.3088,0.7747,1
LJ500_R065_C084,65,84,703250,9533750,3500,2000,2021,4,2021-04,28,169.49,245.26,302.64,31.42,23.0,8.0,31.0,1,0.3242,0.8058,1
LJ500_R065_C085,65,85,703750,9533750,4000,2000,2021,4,2021-04,28,169.49,245.26,302.64,31.42,23.0,8.0,31.0,1,0.3679,0.9065,1
LJ500_R065_C086,65,86,704250,9533750,4500,2000,2021,4,2021-04,28,169.49,245.26,302.64,31.42,23.0,8.0,31.0,1,0.369,0.9014,1
LJ500_R066_C077,66,77,699750,9534250,0,2500,2021,4,2021-04,28,173.1,246.92,304.9,30.12,22.42,8.5808,31.0,1,0.1697,0.4,1
LJ500_R066_C078,66,78,700250,9534250,500,2500,2021,4,2021-04,28,169.49,245.26,302.64,31.42,23.0,8.0,31.0,1,0.1716,0.4,1
LJ500_R066_C079,66,79,700750,9534250,1000,2500,2021,4,2021-04,28,169.49,245.26,302.64,31.42,23.0,8.0,31.0,1,0.1606,0.358,1
LJ500_R066_C080,66,80,701250,9534250,1500,2500,2021,4,2021-04,28,169.49,245.26,302.64,31.42,23.0,8.0,31.0,1,0.1532,0.33,1
LJ500_R066_C081,66,81,701750,9534250,2000,2500,2021,4,2021-04,28,169.49,245.26,302.64,31.42,23.0,8.0,31.0,1,0.16,0.4424,1
LJ500_R066_C082,66,82,702250,9534250,2500,2500,2021,4,2021-04,28,169.49,245.26,302.64,31.42,23.0,8.0,31.0,1,0.1623,0.48,1
LJ500_R066_C083,66,83,702750,9534250,3000,2500,2021,4,2021-04,28,169.49,245.26,302.64,31.42,23.0,8.0,31.0,1,0.2596,0.7316,1
LJ500_R066_C084,66,84,703250,9534250,3500,2500,2021,4,2021-04,28,169.49,245.26,302.64,31.42,23.0,8.0,31.0,1,0.2748,0.7686,1
LJ500_R066_C085,66,85,703750,9534250,4000,2500,2021,4,2021-04,28,169.49,245.26,302.64,31.42,23.0,8.0,31.0,1,0.3577,0.94,1
LJ500_R066_C086,66,86,704250,9534250,4500,2500,2021,4,2021-04,28,169.49,245.26,302.64,31.42,23.0,8.0,31.0,1,0.3615,0.9183,1
LJ500_R067_C077,67,77,699750,9534750,0,3000,2021,4,2021-04,28,173.11,246.93,304.91,30.12,22.42,8.5831,31.0,1,0.162,0.3742,1
LJ500_R067_C078,67,78,700250,9534750,500,3000,2021,4,2021-04,28,169.49,245.26,302.64,31.42,23.0,8.0,31.0,1,0.1643,0.392,1
LJ500_R067_C079,67,79,700750,9534750,1000,3000,2021,4,2021-04,28,169.49,245.26,302.64,31.42,23.0,8.0,31.0,1,0.1549,0.3549,1
LJ500_R067_C080,67,80,701250,9534750,1500,3000,2021,4,2021-04,28,169.49,245.26,302.64,31.42,23.0,8.0,31.0,1,0.1485,0.33,1
LJ500_R067_C081,67,81,701750,9534750,2000,3000,2021,4,2021-04,28,169.49,245.26,302.64,31.42,23.0,8.0,31.0,1,0.148,0.3511,1
LJ500_R067_C082,67,82,702250,9534750,2500,3000,2021,4,2021-04,28,169.49,245.26,302.64,31.42,23.0,8.0,31.0,1,0.1478,0.3579,1
LJ500_R067_C083,67,83,702750,9534750,3000,3000,2021,4,2021-04,28,169.49,245.26,302.64,31.42,23.0,8.0,31.0,1,0.1642,0.4328,1
LJ500_R067_C084,67,84,703250,9534750,3500,3000,2021,4,2021-04,28,169.49,245.26,302.64,31.42,23.0,8.0,31.0,1,0.1698,0.4525,1
LJ500_R067_C085,67,85,703750,9534750,4000,3000,2021,4,2021-04,28,169.49,245.26,302.64,31.42,23.0,8.0,31.0,1,0.2528,0.7018,1
LJ500_R067_C086,67,86,704250,9534750,4500,3000,2021,4,2021-04,28,169.49,245.26,302.64,31.42,23.0,8.0,31.0,1,0.276,0.7472,1
LJ500_R068_C077,68,77,699750,9535250,0,3500,2021,4,2021-04,28,173.12,246.94,304.92,30.11,22.41,8.5854,31.0,1,0.1601,0.3678,1
LJ500_R068_C078,68,78,700250,9535250,500,3500,2021,4,2021-04,28,169.49,245.26,302.64,31.42,23.0,8.0,31.0,1,0.1626,0.39,1
LJ500_R068_C079,68,79,700750,9535250,1000,3500,2021,4,2021-04,28,169.49,245.26,302.64,31.42,23.0,8.0,31.0,1,0.1536,0.3543,1
LJ500_R068_C080,68,80,701250,9535250,1500,3500,2021,4,2021-04,28,169.49,245.26,302.64,31.42,23.0,8.0,31.0,1,0.1474,0.33,1
LJ500_R068_C081,68,81,701750,9535250,2000,3500,2021,4,2021-04,28,169.49,245.26,302.64,31.42,23.0,8.0,31.0,1,0.1453,0.33,1
LJ500_R068_C082,68,82,702250,9535250,2500,3500,2021,4,2021-04,28,169.49,245.26,302.64,31.42,23.0,8.0,31.0,1,0.1445,0.33,1
LJ500_R068_C083,68,83,702750,9535250,3000,3500,2021,4,2021-04,28,169.49,245.26,302.64,31.42,23.0,8.0,31.0,1,0.1428,0.3658,1
LJ500_R068_C084,68,84,703250,9535250,3500,3500,2021,4,2021-04,28,169.49,245.26,302.64,31.42,23.0,8.0,31.0,1,0.1464,0.3821,1
LJ500_R068_C085,68,85,703750,9535250,4000,3500,2021,4,2021-04,28,169.49,245.26,302.64,31.42,23.0,8.0,31.0,1,0.23,0.65,1
LJ500_R068_C086,68,86,704250,9535250,4500,3500,2021,4,2021-04,28,169.49,245.26,302.64,31.42,23.0,8.0,31.0,1,0.2573,0.7097,1
LJ500_R069_C077,69,77,699750,9535750,0,4000,2021,4,2021-04,28,154.79,221.27,271.59,36.06,20.94,10.06,31.0,1,0.1535,0.3496,1
LJ500_R069_C078,69,78,700250,9535750,500,4000,2021,4,2021-04,28,157.16,227.84,278.26,49.89,22.07,8.931,31.0,1,0.1548,0.3611,1
LJ500_R069_C079,69,79,700750,9535750,1000,4000,2021,4,2021-04,28,157.13,227.79,278.2,49.93,22.07,8.9333,31.0,1,0.148,0.3312,1
LJ500_R069_C080,69,80,701250,9535750,1500,4000,2021,4,2021-04,28,157.1,227.75,278.14,49.98,22.06,8.9356,31.0,1,0.1434,0.3107,1
LJ500_R069_C081,69,81,701750,9535750,2000,4000,2021,4,2021-04,28,157.07,227.71,278.08,50.03,22.06,8.9379,31.0,1,0.1637,0.4688,1
LJ500_R069_C082,69,82,702250,9535750,2500,4000,2021,4,2021-04,28,157.04,227.66,278.02,50.07,22.06,8.9403,31.0,1,0.1708,0.5242,1
LJ500_R069_C083,69,83,702750,9535750,3000,4000,2021,4,2021-04,28,157.01,227.62,277.96,50.12,22.06,8.9426,31.0,1,0.1588,0.4909,1
LJ500_R069_C084,69,84,703250,9535750,3500,4000,2021,4,2021-04,28,156.98,227.58,277.89,50.17,22.06,8.9449,31.0,1,0.1566,0.4822,1
LJ500_R069_C085,69,85,703750,9535750,4000,4000,2021,4,2021-04,28,156.94,227.53,277.83,50.21,22.05,8.9473,31.0,1,0.1379,0.3664,1
LJ500_R069_C086,69,86,704250,9535750,4500,4000,2021,4,2021-04,28,156.91,227.49,277.77,50.26,22.05,8.9496,31.0,1,0.139,0.378,1
LJ500_R070_C077,70,77,699750,9536250,0,4500,2021,4,2021-04,28,153.37,219.26,269.0,36.45,20.82,10.18,31.0,1,0.1525,0.347,1
LJ500_R070_C078,70,78,700250,9536250,500,4500,2021,4,2021-04,28,156.25,226.55,276.45,51.26,22.0,9.0,31.0,1,0.1536,0.3588,1
LJ500_R070_C079,70,79,700750,9536250,1000,4500,2021,4,2021-04,28,156.25,226.55,276.45,51.26,22.0,9.0,31.0,1,0.1471,0.3314,1
LJ500_R070_C080,70,80,701250,9536250,1500,4500,2021,4,2021-04,28,156.25,226.55,276.45,51.26,22.0,9.0,31.0,1,0.1426,0.3125,1
LJ500_R070_C081,70,81,701750,9536250,2000,4500,2021,4,2021-04,28,156.25,226.55,276.45,51.26,22.0,9.0,31.0,1,0.1606,0.4548,1
LJ500_R070_C082,70,82,702250,9536250,2500,4500,2021,4,2021-04,28,156.25,226.55,276.45,51.26,22.0,9.0,31.0,1,0.1669,0.5044,1
LJ500_R070_C083,70,83,702750,9536250,3000,4500,2021,4,2021-04,28,156.25,226.55,276.45,51.26,22.0,9.0,31.0,1,0.1552,0.4684,1
LJ500_R070_C084,70,84,703250,9536250,3500,4500,2021,4,2021-04,28,156.25,226.55,276.45,51.26,22.0,9.0,31.0,1,0.153,0.4594,1
LJ500_R070_C085,70,85,703750,9536250,4000,4500,2021,4,2021-04,28,156.25,226.55,276.45,51.26,22.0,9.0,31.0,1,0.1351,0.3587,1
LJ500_R070_C086,70,86,704250,9536250,4500,4500,2021,4,2021-04,28,156.25,226.55,276.45,51.26,22.0,9.0,31.0,1,0.1392,0.3789,1
LJ500_R061_C077,61,77,699750,9531750,0,0,2021,5,2021-05,29,69.75,242.77,316.64,24.89,26.0,4.0,30.0,1,0.2012,0.3682,1
LJ500_R061_C078,61,78,700250,9531750,500,0,2021,5,2021-05,29,71.85,241.34,317.11,24.82,26.0,4.0,30.0,1,0.2137,0.37,1
LJ500_R061_C079,61,79,700750,9531750,1000,0,2021,5,2021-05,29,71.85,241.34,317.11,24.82,26.0,4.0,30.0,1,0.2267,0.3945,1
LJ500_R061_C080,61,80,701250,9531750,1500,0,2021,5,2021-05,29,71.85,241.34,317.11,24.82,26.0,4.0,30.0,1,0.235,0.4104,1
LJ500_R061_C081,61,81,701750,9531750,2000,0,2021,5,2021-05,29,71.85,241.34,317.11,24.82,26.0,4.0,30.0,1,0.3828,0.7269,1
LJ500_R061_C082,61,82,702250,9531750,2500,0,2021,5,2021-05,29,71.85,241.34,317.11,24.82,26.0,4.0,30.0,1,0.4301,0.8282,1
LJ500_R061_C083,61,83,702750,9531750,3000,0,2021,5,2021-05,29,71.85,241.34,317.11,24.82,26.0,4.0,30.0,1,0.5037,0.9914,1
LJ500_R061_C084,61,84,703250,9531750,3500,0,2021,5,2021-05,29,71.85,241.34,317.11,24.82,26.0,4.0,30.0,1,0.5068,0.9984,1
LJ500_R061_C085,61,85,703750,9531750,4000,0,2021,5,2021-05,29,71.85,241.34,317.11,24.82,26.0,4.0,30.0,1,0.4286,0.8294,1
LJ500_R061_C086,61,86,704250,9531750,4500,0,2021,5,2021-05,29,71.85,241.34,317.11,24.82,26.0,4.0,30.0,1,0.4123,0.7963,1
LJ500_R062_C077,62,77,699750,9532250,0,500,2021,5,2021-05,29,69.74,242.78,316.64,24.89,26.0,4.0,30.0,1,0.1826,0.3446,1
LJ500_R062_C078,62,78,700250,9532250,500,500,2021,5,2021-05,29,71.85,241.34,317.11,24.82,26.0,4.0,30.0,1,0.1947,0.35,1
LJ500_R062_C079,62,79,700750,9532250,1000,500,2021,5,2021-05,29,71.85,241.34,317.11,24.82,26.0,4.0,30.0,1,0.2255,0.4109,1
LJ500_R062_C080,62,80,701250,9532250,1500,500,2021,5,2021-05,29,71.85,241.34,317.11,24.82,26.0,4.0,30.0,1,0.2453,0.45,1
LJ500_R062_C081,62,81,701750,9532250,2000,500,2021,5,2021-05,29,71.85,241.34,317.11,24.82,26.0,4.0,30.0,1,0.5626,1.125,1
LJ500_R062_C082,62,82,702250,9532250,2500,500,2021,5,2021-05,29,71.85,241.34,317.11,24.82,26.0,4.0,30.0,1,0.6637,1.34,1
LJ500_R062_C083,62,83,702750,9532250,3000,500,2021,5,2021-05,29,71.85,241.34,317.11,24.82,26.0,4.0,30.0,1,0.7641,1.5307,1
LJ500_R062_C084,62,84,703250,9532250,3500,500,2021,5,2021-05,29,71.85,241.34,317.11,24.82,26.0,4.0,30.0,1,0.7697,1.5425,1
LJ500_R062_C085,62,85,703750,9532250,4000,500,2021,5,2021-05,29,71.85,241.34,317.11,24.82,26.0,4.0,30.0,1,0.6937,1.42,1
LJ500_R062_C086,62,86,704250,9532250,4500,500,2021,5,2021-05,29,71.85,241.34,317.11,24.82,26.0,4.0,30.0,1,0.6491,1.329,1
LJ500_R063_C077,63,77,699750,9532750,0,1000,2021,5,2021-05,29,69.73,242.78,316.64,24.89,26.0,4.0,30.0,1,0.1726,0.3299,1
LJ500_R063_C078,63,78,700250,9532750,500,1000,2021,5,2021-05,29,71.85,241.34,317.11,24.82,26.0,4.0,30.0,1,0.1807,0.3353,1
LJ500_R063_C079,63,79,700750,9532750,1000,1000,2021,5,2021-05,29,71.85,241.34,317.11,24.82,26.0,4.0,30.0,1,0.2134,0.3929,1
LJ500_R063_C080,63,80,701250,9532750,1500,1000,2021,5,2021-05,29,71.85,241.34,317.11,24.82,26.0,4.0,30.0,1,0.2346,0.4302,1
LJ500_R063_C081,63,81,701750,9532750,2000,1000,2021,5,2021-05,29,71.85,241.34,317.11,24.82,26.0,4.0,30.0,1,0.4731,0.9448,1
LJ500_R063_C082,63,82,702250,9532750,2500,1000,2021,5,2021-05,29,71.85,241.34,317.11,24.82,26.0,4.0,30.0,1,0.5495,1.1097,1
LJ500_R063_C083,63,83,702750,9532750,3000,1000,2021,5,2021-05,29,71.85,241.34,317.11,24.82,26.0,4.0,30.0,1,0.7651,1.4809,1
LJ500_R063_C084,63,84,703250,9532750,3500,1000,2021,5,2021-05,29,71.85,241.34,317.11,24.82,26.0,4.0,30.0,1,0.7826,1.5142,1
LJ500_R063_C085,63,85,703750,9532750,4000,1000,2021,5,2021-05,29,71.85,241.34,317.11,24.82,26.0,4.0,30.0,1,0.6933,1.42,1
LJ500_R063_C086,63,86,704250,9532750,4500,1000,2021,5,2021-05,29,71.85,241.34,317.11,24.82,26.0,4.0,30.0,1,0.6642,1.3759,1
LJ500_R064_C077,64,77,699750,9533250,0,1500,2021,5,2021-05,29,69.72,242.79,316.63,24.89,26.0,4.0,30.0,1,0.1622,0.3145,1
LJ500_R064_C078,64,78,700250,9533250,500,1500,2021,5,2021-05,29,71.85,241.34,317.11,24.82,26.0,4.0,30.0,1,0.1663,0.32,1
LJ500_R064_C079,64,79,700750,9533250,1000,1500,2021,5,2021-05,29,71.85,241.34,317.11,24.82,26.0,4.0,30.0,1,0.201,0.3744,1
LJ500_R064_C080,64,80,701250,9533250,1500,1500,2021,5,2021-05,29,71.85,241.34,317.11,24.82,26.0,4.0,30.0,1,0.2237,0.41,1
LJ500_R064_C081,64,81,701750,9533250,2000,1500,2021,5,2021-05,29,71.85,241.34,317.11,24.82,26.0,4.0,30.0,1,0.3835,0.7643,1
LJ500_R064_C082,64,82,702250,9533250,2500,1500,2021,5,2021-05,29,71.85,241.34,317.11,24.82,26.0,4.0,30.0,1,0.4357,0.88,1
LJ500_R064_C083,64,83,702750,9533250,3000,1500,2021,5,2021-05,29,71.85,241.34,317.11,24.82,26.0,4.0,30.0,1,0.7656,1.431,1
LJ500_R064_C084,64,84,703250,9533250,3500,1500,2021,5,2021-05,29,71.85,241.34,317.11,24.82,26.0,4.0,30.0,1,0.7953,1.4863,1
LJ500_R064_C085,64,85,703750,9533250,4000,1500,2021,5,2021-05,29,71.85,241.34,317.11,24.82,26.0,4.0,30.0,1,0.693,1.42,1
LJ500_R064_C086,64,86,704250,9533250,4500,1500,2021,5,2021-05,29,71.85,241.34,317.11,24.82,26.0,4.0,30.0,1,0.6784,1.42,1
LJ500_R065_C077,65,77,699750,9533750,0,2000,2021,5,2021-05,29,69.71,242.8,316.63,24.9,26.0,4.0,30.0,1,0.1516,0.2958,1
LJ500_R065_C078,65,78,700250,9533750,500,2000,2021,5,2021-05,29,71.85,241.34,317.11,24.82,26.0,4.0,30.0,1,0.1536,0.2941,1
LJ500_R065_C079,65,79,700750,9533750,1000,2000,2021,5,2021-05,29,71.85,241.34,317.11,24.82,26.0,4.0,30.0,1,0.1772,0.3325,1
LJ500_R065_C080,65,80,701250,9533750,1500,2000,2021,5,2021-05,29,71.85,241.34,317.11,24.82,26.0,4.0,30.0,1,0.1928,0.3578,1
LJ500_R065_C081,65,81,701750,9533750,2000,2000,2021,5,2021-05,29,71.85,241.34,317.11,24.82,26.0,4.0,30.0,1,0.2922,0.5729,1
LJ500_R065_C082,65,82,702250,9533750,2500,2000,2021,5,2021-05,29,71.85,241.34,317.11,24.82,26.0,4.0,30.0,1,0.3248,0.6433,1
LJ500_R065_C083,65,83,702750,9533750,3000,2000,2021,5,2021-05,29,71.85,241.34,317.11,24.82,26.0,4.0,30.0,1,0.5766,1.1445,1
LJ500_R065_C084,65,84,703250,9533750,3500,2000,2021,5,2021-05,29,71.85,241.34,317.11,24.82,26.0,4.0,30.0,1,0.6073,1.2084,1
LJ500_R065_C085,65,85,703750,9533750,4000,2000,2021,5,2021-05,29,71.85,241.34,317.11,24.82,26.0,4.0,30.0,1,0.6766,1.3934,1
LJ500_R065_C086,65,86,704250,9533750,4500,2000,2021,5,2021-05,29,71.85,241.34,317.11,24.82,26.0,4.0,30.0,1,0.6723,1.3973,1
LJ500_R066_C077,66,77,699750,9534250,0,2500,2021,5,2021-05,29,69.71,242.8,316.63,24.9,26.0,4.0,30.0,1,0.1458,0.2855,1
LJ500_R066_C078,66,78,700250,9534250,500,2500,2021,5,2021-05,29,71.85,241.34,317.11,24.82,26.0,4.0,30.0,1,0.1467,0.28,1
LJ500_R066_C079,66,79,700750,9534250,1000,2500,2021,5,2021-05,29,71.85,241.34,317.11,24.82,26.0,4.0,30.0,1,0.1645,0.31,1
LJ500_R066_C080,66,80,701250,9534250,1500,2500,2021,5,2021-05,29,71.85,241.34,317.11,24.82,26.0,4.0,30.0,1,0.1763,0.33,1
LJ500_R066_C081,66,81,701750,9534250,2000,2500,2021,5,2021-05,29,71.85,241.34,317.11,24.82,26.0,4.0,30.0,1,0.2442,0.4723,1
LJ500_R066_C082,66,82,702250,9534250,2500,2500,2021,5,2021-05,29,71.85,241.34,317.11,24.82,26.0,4.0,30.0,1,0.267,0.52,1
LJ500_R066_C083,66,83,702750,9534250,3000,2500,2021,5,2021-05,29,71.85,241.34,317.11,24.82,26.0,4.0,30.0,1,0.4791,0.9962,1
LJ500_R066_C084,66,84,703250,9534250,3500,2500,2021,5,2021-05,29,71.85,241.34,317.11,24.82,26.0,4.0,30.0,1,0.5109,1.0658,1
LJ500_R066_C085,66,85,703750,9534250,4000,2500,2021,5,2021-05,29,71.85,241.34,317.11,24.82,26.0,4.0,30.0,1,0.6683,1.38,1
LJ500_R066_C086,66,86,704250,9534250,4500,2500,2021,5,2021-05,29,71.85,241.34,317.11,24.82,26.0,4.0,30.0,1,0.6691,1.3859,1
LJ500_R067_C077,67,77,699750,9534750,0,3000,2021,5,2021-05,29,69.7,242.81,316.63,24.9,26.0,4.0,30.0,1,0.1555,0.3093,1
LJ500_R067_C078,67,78,700250,9534750,500,3000,2021,5,2021-05,29,71.85,241.34,317.11,24.82,26.0,4.0,30.0,1,0.1357,0.2639,1
LJ500_R067_C079,67,79,700750,9534750,1000,3000,2021,5,2021-05,29,71.85,241.34,317.11,24.82,26.0,4.0,30.0,1,0.1497,0.2889,1
LJ500_R067_C080,67,80,701250,9534750,1500,3000,2021,5,2021-05,29,71.85,241.34,317.11,24.82,26.0,4.0,30.0,1,0.1591,0.3057,1
LJ500_R067_C081,67,81,701750,9534750,2000,3000,2021,5,2021-05,29,71.85,241.34,317.11,24.82,26.0,4.0,30.0,1,0.1954,0.3808,1
LJ500_R067_C082,67,82,702250,9534750,2500,3000,2021,5,2021-05,29,71.85,241.34,317.11,24.82,26.0,4.0,30.0,1,0.2076,0.406,1
LJ500_R067_C083,67,83,702750,9534750,3000,3000,2021,5,2021-05,29,71.85,241.34,317.11,24.82,26.0,4.0,30.0,1,0.265,0.5367,1
LJ500_R067_C084,67,84,703250,9534750,3500,3000,2021,5,2021-05,29,71.85,241.34,317.11,24.82,26.0,4.0,30.0,1,0.2797,0.57,1
LJ500_R067_C085,67,85,703750,9534750,4000,3000,2021,5,2021-05,29,71.85,241.34,317.11,24.82,26.0,4.0,30.0,1,0.4611,0.9776,1
LJ500_R067_C086,67,86,704250,9534750,4500,3000,2021,5,2021-05,29,71.85,241.34,317.11,24.82,26.0,4.0,30.0,1,0.5063,1.0674,1
LJ500_R068_C077,68,77,699750,9535250,0,3500,2021,5,2021-05,29,69.69,242.81,316.63,24.9,26.0,4.0,30.0,1,0.158,0.3154,1
LJ500_R068_C078,68,78,700250,9535250,500,3500,2021,5,2021-05,29,71.85,241.34,317.11,24.82,26.0,4.0,30.0,1,0.133,0.26,1
LJ500_R068_C079,68,79,700750,9535250,1000,3500,2021,5,2021-05,29,71.85,241.34,317.11,24.82,26.0,4.0,30.0,1,0.1461,0.2838,1
LJ500_R068_C080,68,80,701250,9535250,1500,3500,2021,5,2021-05,29,71.85,241.34,317.11,24.82,26.0,4.0,30.0,1,0.155,0.3,1
LJ500_R068_C081,68,81,701750,9535250,2000,3500,2021,5,2021-05,29,71.85,241.34,317.11,24.82,26.0,4.0,30.0,1,0.184,0.3596,1
LJ500_R068_C082,68,82,702250,9535250,2500,3500,2021,5,2021-05,29,71.85,241.34,317.11,24.82,26.0,4.0,30.0,1,0.194,0.38,1
LJ500_R068_C083,68,83,702750,9535250,3000,3500,2021,5,2021-05,29,71.85,241.34,317.11,24.82,26.0,4.0,30.0,1,0.2169,0.4336,1
LJ500_R068_C084,68,84,703250,9535250,3500,3500,2021,5,2021-05,29,71.85,241.34,317.11,24.82,26.0,4.0,30.0,1,0.2282,0.4595,1
LJ500_R068_C085,68,85,703750,9535250,4000,3500,2021,5,2021-05,29,71.85,241.34,317.11,24.82,26.0,4.0,30.0,1,0.416,0.89,1
LJ500_R068_C086,68,86,704250,9535250,4500,3500,2021,5,2021-05,29,71.85,241.34,317.11,24.82,26.0,4.0,30.0,1,0.4708,0.9979,1
LJ500_R069_C077,69,77,699750,9535750,0,4000,2021,5,2021-05,29,70.34,225.13,291.6,29.3,26.93,3.0713,30.0,1,0.1334,0.2794,1
LJ500_R069_C078,69,78,700250,9535750,500,4000,2021,5,2021-05,29,69.35,226.51,297.19,27.6,26.93,3.069,30.0,1,0.1215,0.2504,1
LJ500_R069_C079,69,79,700750,9535750,1000,4000,2021,5,2021-05,29,69.34,226.47,297.14,27.6,26.93,3.0667,30.0,1,0.1469,0.3026,1
LJ500_R069_C080,69,80,701250,9535750,1500,4000,2021,5,2021-05,29,69.34,226.43,297.09,27.61,26.94,3.0644,30.0,1,0.1643,0.3387,1
LJ500_R069_C081,69,81,701750,9535750,2000,4000,2021,5,2021-05,29,69.33,226.4,297.04,27.62,26.94,3.0621,30.0,1,0.2499,0.5275,1
LJ500_R069_C082,69,82,702250,9535750,2500,4000,2021,5,2021-05,29,69.32,226.36,296.99,27.62,26.94,3.0597,30.0,1,0.2798,0.5936,1
LJ500_R069_C083,69,83,702750,9535750,3000,4000,2021,5,2021-05,29,69.32,226.32,296.94,27.63,26.94,3.0574,30.0,1,0.254,0.5348,1
LJ500_R069_C084,69,84,703250,9535750,3500,4000,2021,5,2021-05,29,69.31,226.29,296.89,27.64,26.94,3.0551,30.0,1,0.2493,0.5239,1
LJ500_R069_C085,69,85,703750,9535750,4000,4000,2021,5,2021-05,29,69.3,226.25,296.84,27.64,26.95,3.0527,30.0,1,0.2113,0.4303,1
LJ500_R069_C086,69,86,704250,9535750,4500,4000,2021,5,2021-05,29,69.3,226.21,296.79,27.65,26.95,3.0504,30.0,1,0.2142,0.4349,1
LJ500_R070_C077,70,77,699750,9536250,0,4500,2021,5,2021-05,29,70.4,223.77,289.66,29.64,27.0,3.0,30.0,1,0.1325,0.2799,1
LJ500_R070_C078,70,78,700250,9536250,500,4500,2021,5,2021-05,29,69.16,225.41,295.71,27.8,27.0,3.0,30.0,1,0.1199,0.25,1
LJ500_R070_C079,70,79,700750,9536250,1000,4500,2021,5,2021-05,29,69.16,225.41,295.71,27.8,27.0,3.0,30.0,1,0.1472,0.306,1
LJ500_R070_C080,70,80,701250,9536250,1500,4500,2021,5,2021-05,29,69.16,225.41,295.71,27.8,27.0,3.0,30.0,1,0.1661,0.3449,1
LJ500_R070_C081,70,81,701750,9536250,2000,4500,2021,5,2021-05,29,69.16,225.41,295.71,27.8,27.0,3.0,30.0,1,0.243,0.5151,1
LJ500_R070_C082,70,82,702250,9536250,2500,4500,2021,5,2021-05,29,69.16,225.41,295.71,27.8,27.0,3.0,30.0,1,0.2698,0.5744,1
LJ500_R070_C083,70,83,702750,9536250,3000,4500,2021,5,2021-05,29,69.16,225.41,295.71,27.8,27.0,3.0,30.0,1,0.2434,0.5129,1
LJ500_R070_C084,70,84,703250,9536250,3500,4500,2021,5,2021-05,29,69.16,225.41,295.71,27.8,27.0,3.0,30.0,1,0.2386,0.5015,1
LJ500_R070_C085,70,85,703750,9536250,4000,4500,2021,5,2021-05,29,69.16,225.41,295.71,27.8,27.0,3.0,30.0,1,0.205,0.4187,1
LJ500_R070_C086,70,86,704250,9536250,4500,4500,2021,5,2021-05,29,69.16,225.41,295.71,27.8,27.0,3.0,30.0,1,0.2144,0.4384,1
LJ500_R061_C077,61,77,699750,9531750,0,0,2021,6,2021-06,30,22.37,92.12,265.14,8.3188,26.57,4.4308,31.0,1,0.336,0.5562,1
LJ500_R061_C078,61,78,700250,9531750,500,0,2021,6,2021-06,30,25.32,97.17,266.66,9.1304,26.0,5.0,31.0,1,0.3374,0.5633,1
LJ500_R061_C079,61,79,700750,9531750,1000,0,2021,6,2021-06,30,25.32,97.17,266.66,9.1304,26.0,5.0,31.0,1,0.3349,0.5735,1
LJ500_R061_C080,61,80,701250,9531750,1500,0,2021,6,2021-06,30,25.32,97.17,266.66,9.1304,26.0,5.0,31.0,1,0.3333,0.58,1
LJ500_R061_C081,61,81,701750,9531750,2000,0,2021,6,2021-06,30,25.32,97.17,266.66,9.1304,26.0,5.0,31.0,1,0.393,0.7585,1
LJ500_R061_C082,61,82,702250,9531750,2500,0,2021,6,2021-06,30,25.32,97.17,266.66,9.1304,26.0,5.0,31.0,1,0.4125,0.816,1
LJ500_R061_C083,61,83,702750,9531750,3000,0,2021,6,2021-06,30,25.32,97.17,266.66,9.1304,26.0,5.0,31.0,1,0.4815,1.0008,1
LJ500_R061_C084,61,84,703250,9531750,3500,0,2021,6,2021-06,30,25.32,97.17,266.66,9.1304,26.0,5.0,31.0,1,0.4851,1.0119,1
LJ500_R061_C085,61,85,703750,9531750,4000,0,2021,6,2021-06,30,25.32,97.17,266.66,9.1304,26.0,5.0,31.0,1,0.421,0.8672,1
LJ500_R061_C086,61,86,704250,9531750,4500,0,2021,6,2021-06,30,25.32,97.17,266.66,9.1304,26.0,5.0,31.0,1,0.4043,0.8316,1
LJ500_R062_C077,62,77,699750,9532250,0,500,2021,6,2021-06,30,22.35,92.09,265.13,8.3155,26.57,4.4285,31.0,1,0.3233,0.53,1
LJ500_R062_C078,62,78,700250,9532250,500,500,2021,6,2021-06,30,25.32,97.17,266.66,9.1304,26.0,5.0,31.0,1,0.3239,0.53,1
LJ500_R062_C079,62,79,700750,9532250,1000,500,2021,6,2021-06,30,25.32,97.17,266.66,9.1304,26.0,5.0,31.0,1,0.3197,0.5604,1
LJ500_R062_C080,62,80,701250,9532250,1500,500,2021,6,2021-06,30,25.32,97.17,266.66,9.1304,26.0,5.0,31.0,1,0.3171,0.58,1
LJ500_R062_C081,62,81,701750,9532250,2000,500,2021,6,2021-06,30,25.32,97.17,266.66,9.1304,26.0,5.0,31.0,1,0.5402,1.0426,1
LJ500_R062_C082,62,82,702250,9532250,2500,500,2021,6,2021-06,30,25.32,97.17,266.66,9.1304,26.0,5.0,31.0,1,0.6113,1.19,1
LJ500_R062_C083,62,83,702750,9532250,3000,500,2021,6,2021-06,30,25.32,97.17,266.66,9.1304,26.0,5.0,31.0,1,0.7542,1.5986,1
LJ500_R062_C084,62,84,703250,9532250,3500,500,2021,6,2021-06,30,25.32,97.17,266.66,9.1304,26.0,5.0,31.0,1,0.7622,1.6251,1
LJ500_R062_C085,62,85,703750,9532250,4000,500,2021,6,2021-06,30,25.32,97.17,266.66,9.1304,26.0,5.0,31.0,1,0.6561,1.38,1
LJ500_R062_C086,62,86,704250,9532250,4500,500,2021,6,2021-06,30,25.32,97.17,266.66,9.1304,26.0,5.0,31.0,1,0.6077,1.2786,1
LJ500_R063_C077,63,77,699750,9532750,0,1000,2021,6,2021-06,30,22.34,92.07,265.13,8.3122,26.57,4.4261,31.0,1,0.3164,0.5286,1
LJ500_R063_C078,63,78,700250,9532750,500,1000,2021,6,2021-06,30,25.32,97.17,266.66,9.1304,26.0,5.0,31.0,1,0.3145,0.5153,1
LJ500_R063_C079,63,79,700750,9532750,1000,1000,2021,6,2021-06,30,25.32,97.17,266.66,9.1304,26.0,5.0,31.0,1,0.3138,0.5455,1
LJ500_R063_C080,63,80,701250,9532750,1500,1000,2021,6,2021-06,30,25.32,97.17,266.66,9.1304,26.0,5.0,31.0,1,0.3134,0.5651,1
LJ500_R063_C081,63,81,701750,9532750,2000,1000,2021,6,2021-06,30,25.32,97.17,266.66,9.1304,26.0,5.0,31.0,1,0.4521,0.8831,1
LJ500_R063_C082,63,82,702250,9532750,2500,1000,2021,6,2021-06,30,25.32,97.17,266.66,9.1304,26.0,5.0,31.0,1,0.4963,0.9847,1
LJ500_R063_C083,63,83,702750,9532750,3000,1000,2021,6,2021-06,30,25.32,97.17,266.66,9.1304,26.0,5.0,31.0,1,0.8163,1.8238,1
LJ500_R063_C084,63,84,703250,9532750,3500,1000,2021,6,2021-06,30,25.32,97.17,266.66,9.1304,26.0,5.0,31.0,1,0.849,1.9173,1
LJ500_R063_C085,63,85,703750,9532750,4000,1000,2021,6,2021-06,30,25.32,97.17,266.66,9.1304,26.0,5.0,31.0,1,0.8291,1.9994,1
LJ500_R063_C086,63,86,704250,9532750,4500,1000,2021,6,2021-06,30,25.32,97.17,266.66,9.1304,26.0,5.0,31.0,1,0.8059,1.9657,1
LJ500_R064_C077,64,77,699750,9533250,0,1500,2021,6,2021-06,30,22.33,92.05,265.12,8.3089,26.58,4.4238,31.0,1,0.3092,0.5273,1
LJ500_R064_C078,64,78,700250,9533250,500,1500,2021,6,2021-06,30,25.32,97.17,266.66,9.1304,26.0,5.0,31.0,1,0.3048,0.5,1
LJ500_R064_C079,64,79,700750,9533250,1000,1500,2021,6,2021-06,30,25.32,97.17,266.66,9.1304,26.0,5.0,31.0,1,0.3078,0.5302,1
LJ500_R064_C080,64,80,701250,9533250,1500,1500,2021,6,2021-06,30,25.32,97.17,266.66,9.1304,26.0,5.0,31.0,1,0.3097,0.55,1
LJ500_R064_C081,64,81,701750,9533250,2000,1500,2021,6,2021-06,30,25.32,97.17,266.66,9.1304,26.0,5.0,31.0,1,0.3639,0.7234,1
LJ500_R064_C082,64,82,702250,9533250,2500,1500,2021,6,2021-06,30,25.32,97.17,266.66,9.1304,26.0,5.0,31.0,1,0.3816,0.78,1
LJ500_R064_C083,64,83,702750,9533250,3000,1500,2021,6,2021-06,30,25.32,97.17,266.66,9.1304,26.0,5.0,31.0,1,0.8769,2.0445,1
LJ500_R064_C084,64,84,703250,9533250,3500,1500,2021,6,2021-06,30,25.32,97.17,266.66,9.1304,26.0,5.0,31.0,1,0.9335,2.2021,1
LJ500_R064_C085,64,85,703750,9533250,4000,1500,2021,6,2021-06,30,25.32,97.17,266.66,9.1304,26.0,5.0,31.0,1,0.9968,2.6,1
LJ500_R064_C086,64,86,704250,9533250,4500,1500,2021,6,2021-06,30,25.32,97.17,266.66,9.1304,26.0,5.0,31.0,1,0.9959,2.6243,1
LJ500_R065_C077,65,77,699750,9533750,0,2000,2021,6,2021-06,30,22.32,92.03,265.11,8.3056,26.58,4.4215,31.0,1,0.2991,0.5091,1
LJ500_R065_C078,65,78,700250,9533750,500,2000,2021,6,2021-06,30,25.32,97.17,266.66,9.1304,26.0,5.0,31.0,1,0.2977,0.5065,1
LJ500_R065_C079,65,79,700750,9533750,1000,2000,2021,6,2021-06,30,25.32,97.17,266.66,9.1304,26.0,5.0,31.0,1,0.2978,0.5092,1
LJ500_R065_C080,65,80,701250,9533750,1500,2000,2021,6,2021-06,30,25.32,97.17,266.66,9.1304,26.0,5.0,31.0,1,0.2979,0.5108,1
LJ500_R065_C081,65,81,701750,9533750,2000,2000,2021,6,2021-06,30,25.32,97.17,266.66,9.1304,26.0,5.0,31.0,1,0.3038,0.6097,1
LJ500_R065_C082,65,82,702250,9533750,2500,2000,2021,6,2021-06,30,25.32,97.17,266.66,9.1304,26.0,5.0,31.0,1,0.3055,0.6419,1
LJ500_R065_C083,65,83,702750,9533750,3000,2000,2021,6,2021-06,30,25.32,97.17,266.66,9.1304,26.0,5.0,31.0,1,0.5746,1.2668,1
LJ500_R065_C084,65,84,703250,9533750,3500,2000,2021,6,2021-06,30,25.32,97.17,266.66,9.1304,26.0,5.0,31.0,1,0.6103,1.3542,1
LJ500_R065_C085,65,85,703750,9533750,4000,2000,2021,6,2021-06,30,25.32,97.17,266.66,9.1304,26.0,5.0,31.0,1,0.7475,1.7627,1
LJ500_R065_C086,65,86,704250,9533750,4500,2000,2021,6,2021-06,30,25.32,97.17,266.66,9.1304,26.0,5.0,31.0,1,0.7901,1.9262,1
LJ500_R066_C077,66,77,699750,9534250,0,2500,2021,6,2021-06,30,22.31,92.01,265.11,8.3023,26.58,4.4192,31.0,1,0.2935,0.499,1
LJ500_R066_C078,66,78,700250,9534250,500,2500,2021,6,2021-06,30,25.32,97.17,266.66,9.1304,26.0,5.0,31.0,1,0.2939,0.51,1
LJ500_R066_C079,66,79,700750,9534250,1000,2500,2021,6,2021-06,30,25.32,97.17,266.66,9.1304,26.0,5.0,31.0,1,0.2925,0.498,1
LJ500_R066_C080,66,80,701250,9534250,1500,2500,2021,6,2021-06,30,25.32,97.17,266.66,9.1304,26.0,5.0,31.0,1,0.2916,0.49,1
LJ500_R066_C081,66,81,701750,9534250,2000,2500,2021,6,2021-06,30,25.32,97.17,266.66,9.1304,26.0,5.0,31.0,1,0.2723,0.5499,1
LJ500_R066_C082,66,82,702250,9534250,2500,2500,2021,6,2021-06,30,25.32,97.17,266.66,9.1304,26.0,5.0,31.0,1,0.2658,0.57,1
LJ500_R066_C083,66,83,702750,9534250,3000,2500,2021,6,2021-06,30,25.32,97.17,266.66,9.1304,26.0,5.0,31.0,1,0.4188,0.8665,1
LJ500_R066_C084,66,84,703250,9534250,3500,2500,2021,6,2021-06,30,25.32,97.17,266.66,9.1304,26.0,5.0,31.0,1,0.445,0.9211,1
LJ500_R066_C085,66,85,703750,9534250,4000,2500,2021,6,2021-06,30,25.32,97.17,266.66,9.1304,26.0,5.0,31.0,1,0.6216,1.34,1
LJ500_R066_C086,66,86,704250,9534250,4500,2500,2021,6,2021-06,30,25.32,97.17,266.66,9.1304,26.0,5.0,31.0,1,0.6865,1.5749,1
LJ500_R067_C077,67,77,699750,9534750,0,3000,2021,6,2021-06,30,22.29,91.99,265.1,8.299,26.58,4.4169,31.0,1,0.2827,0.4846,1
LJ500_R067_C078,67,78,700250,9534750,500,3000,2021,6,2021-06,30,25.32,97.17,266.66,9.1304,26.0,5.0,31.0,1,0.2793,0.4778,1
LJ500_R067_C079,67,79,700750,9534750,1000,3000,2021,6,2021-06,30,25.32,97.17,266.66,9.1304,26.0,5.0,31.0,1,0.2778,0.4658,1
LJ500_R067_C080,67,80,701250,9534750,1500,3000,2021,6,2021-06,30,25.32,97.17,266.66,9.1304,26.0,5.0,31.0,1,0.2767,0.4576,1
LJ500_R067_C081,67,81,701750,9534750,2000,3000,2021,6,2021-06,30,25.32,97.17,266.66,9.1304,26.0,5.0,31.0,1,0.2752,0.493,1
LJ500_R067_C082,67,82,702250,9534750,2500,3000,2021,6,2021-06,30,25.32,97.17,266.66,9.1304,26.0,5.0,31.0,1,0.2747,0.5049,1
LJ500_R067_C083,67,83,702750,9534750,3000,3000,2021,6,2021-06,30,25.32,97.17,266.66,9.1304,26.0,5.0,31.0,1,0.2872,0.5809,1
LJ500_R067_C084,67,84,703250,9534750,3500,3000,2021,6,2021-06,30,25.32,97.17,266.66,9.1304,26.0,5.0,31.0,1,0.2934,0.6025,1
LJ500_R067_C085,67,85,703750,9534750,4000,3000,2021,6,2021-06,30,25.32,97.17,266.66,9.1304,26.0,5.0,31.0,1,0.4012,0.8883,1
LJ500_R067_C086,67,86,704250,9534750,4500,3000,2021,6,2021-06,30,25.32,97.17,266.66,9.1304,26.0,5.0,31.0,1,0.4648,1.0532,1
LJ500_R068_C077,68,77,699750,9535250,0,3500,2021,6,2021-06,30,22.28,91.97,265.1,8.2957,26.59,4.4146,31.0,1,0.2801,0.4811,1
LJ500_R068_C078,68,78,700250,9535250,500,3500,2021,6,2021-06,30,25.32,97.17,266.66,9.1304,26.0,5.0,31.0,1,0.2758,0.47,1
LJ500_R068_C079,68,79,700750,9535250,1000,3500,2021,6,2021-06,30,25.32,97.17,266.66,9.1304,26.0,5.0,31.0,1,0.2743,0.4581,1
LJ500_R068_C080,68,80,701250,9535250,1500,3500,2021,6,2021-06,30,25.32,97.17,266.66,9.1304,26.0,5.0,31.0,1,0.2732,0.45,1
LJ500_R068_C081,68,81,701750,9535250,2000,3500,2021,6,2021-06,30,25.32,97.17,266.66,9.1304,26.0,5.0,31.0,1,0.2759,0.4798,1
LJ500_R068_C082,68,82,702250,9535250,2500,3500,2021,6,2021-06,30,25.32,97.17,266.66,9.1304,26.0,5.0,31.0,1,0.2768,0.49,1
LJ500_R068_C083,68,83,702750,9535250,3000,3500,2021,6,2021-06,30,25.32,97.17,266.66,9.1304,26.0,5.0,31.0,1,0.2577,0.5168,1
LJ500_R068_C084,68,84,703250,9535250,3500,3500,2021,6,2021-06,30,25.32,97.17,266.66,9.1304,26.0,5.0,31.0,1,0.2597,0.5317,1
LJ500_R068_C085,68,85,703750,9535250,4000,3500,2021,6,2021-06,30,25.32,97.17,266.66,9.1304,26.0,5.0,31.0,1,0.3532,0.79,1
LJ500_R068_C086,68,86,704250,9535250,4500,3500,2021,6,2021-06,30,25.32,97.17,266.66,9.1304,26.0,5.0,31.0,1,0.4167,0.9403,1
LJ500_R069_C077,69,77,699750,9535750,0,4000,2021,6,2021-06,30,18.45,88.79,243.59,10.09,28.06,2.938,31.0,1,0.262,0.4374,1
LJ500_R069_C078,69,78,700250,9535750,500,4000,2021,6,2021-06,30,22.92,92.27,249.43,8.068,26.93,4.069,31.0,1,0.2594,0.4315,1
LJ500_R069_C079,69,79,700750,9535750,1000,4000,2021,6,2021-06,30,22.91,92.25,249.38,8.0654,26.93,4.0667,31.0,1,0.2613,0.4424,1
LJ500_R069_C080,69,80,701250,9535750,1500,4000,2021,6,2021-06,30,22.91,92.24,249.34,8.0627,26.94,4.0644,31.0,1,0.2626,0.45,1
LJ500_R069_C081,69,81,701750,9535750,2000,4000,2021,6,2021-06,30,22.9,92.23,249.3,8.0601,26.94,4.0621,31.0,1,0.2564,0.5516,1
LJ500_R069_C082,69,82,702250,9535750,2500,4000,2021,6,2021-06,30,22.9,92.22,249.26,8.0574,26.94,4.0597,31.0,1,0.2542,0.5871,1
LJ500_R069_C083,69,83,702750,9535750,3000,4000,2021,6,2021-06,30,22.89,92.21,249.21,8.0548,26.94,4.0574,31.0,1,0.2391,0.5533,1
LJ500_R069_C084,69,84,703250,9535750,3500,4000,2021,6,2021-06,30,22.88,92.19,249.17,8.0521,26.94,4.0551,31.0,1,0.2374,0.5471,1
LJ500_R069_C085,69,85,703750,9535750,4000,4000,2021,6,2021-06,30,22.88,92.18,249.13,8.0494,26.95,4.0527,31.0,1,0.2419,0.4966,1
LJ500_R069_C086,69,86,704250,9535750,4500,4000,2021,6,2021-06,30,22.87,92.17,249.08,8.0467,26.95,4.0504,31.0,1,0.2405,0.5005,1
LJ500_R070_C077,70,77,699750,9536250,0,4500,2021,6,2021-06,30,18.14,88.54,241.91,10.23,28.18,2.82,31.0,1,0.2593,0.4347,1
LJ500_R070_C078,70,78,700250,9536250,500,4500,2021,6,2021-06,30,22.74,91.9,248.15,7.9893,27.0,4.0,31.0,1,0.2565,0.4264,1
LJ500_R070_C079,70,79,700750,9536250,1000,4500,2021,6,2021-06,30,22.74,91.9,248.15,7.9893,27.0,4.0,31.0,1,0.2587,0.4425,1
LJ500_R070_C080,70,80,701250,9536250,1500,4500,2021,6,2021-06,30,22.74,91.9,248.15,7.9893,27.0,4.0,31.0,1,0.2602,0.4537,1
LJ500_R070_C081,70,81,701750,9536250,2000,4500,2021,6,2021-06,30,22.74,91.9,248.15,7.9893,27.0,4.0,31.0,1,0.2539,0.5443,1
LJ500_R070_C082,70,82,702250,9536250,2500,4500,2021,6,2021-06,30,22.74,91.9,248.15,7.9893,27.0,4.0,31.0,1,0.2517,0.5759,1
LJ500_R070_C083,70,83,702750,9536250,3000,4500,2021,6,2021-06,30,22.74,91.9,248.15,7.9893,27.0,4.0,31.0,1,0.239,0.539,1
LJ500_R070_C084,70,84,703250,9536250,3500,4500,2021,6,2021-06,30,22.74,91.9,248.15,7.9893,27.0,4.0,31.0,1,0.2374,0.5323,1
LJ500_R070_C085,70,85,703750,9536250,4000,4500,2021,6,2021-06,30,22.74,91.9,248.15,7.9893,27.0,4.0,31.0,1,0.2374,0.4873,1
LJ500_R070_C086,70,86,704250,9536250,4500,4500,2021,6,2021-06,30,22.74,91.9,248.15,7.9893,27.0,4.0,31.0,1,0.24,0.5018,1
LJ500_R061_C077,61,77,699750,9531750,0,0,2021,7,2021-07,31,12.56,34.92,104.67,5.535,27.57,2.4308,30.0,1,0.433,0.6129,1
LJ500_R061_C078,61,78,700250,9531750,500,0,2021,7,2021-07,31,14.59,39.91,111.76,5.4846,27.0,3.0,30.0,1,0.4393,0.62,1
LJ500_R061_C079,61,79,700750,9531750,1000,0,2021,7,2021-07,31,14.59,39.91,111.76,5.4846,27.0,3.0,30.0,1,0.4382,0.6241,1
LJ500_R061_C080,61,80,701250,9531750,1500,0,2021,7,2021-07,31,14.59,39.91,111.76,5.4846,27.0,3.0,30.0,1,0.4375,0.6268,1
LJ500_R061_C081,61,81,701750,9531750,2000,0,2021,7,2021-07,31,14.59,39.91,111.76,5.4846,27.0,3.0,30.0,1,0.5094,0.8051,1
LJ500_R061_C082,61,82,702250,9531750,2500,0,2021,7,2021-07,31,14.59,39.91,111.76,5.4846,27.0,3.0,30.0,1,0.5328,0.8626,1
LJ500_R061_C083,61,83,702750,9531750,3000,0,2021,7,2021-07,31,14.59,39.91,111.76,5.4846,27.0,3.0,30.0,1,0.598,1.0228,1
LJ500_R061_C084,61,84,703250,9531750,3500,0,2021,7,2021-07,31,14.59,39.91,111.76,5.4846,27.0,3.0,30.0,1,0.6013,1.0324,1
LJ500_R061_C085,61,85,703750,9531750,4000,0,2021,7,2021-07,31,14.59,39.91,111.76,5.4846,27.0,3.0,30.0,1,0.5387,0.9032,1
LJ500_R061_C086,61,86,704250,9531750,4500,0,2021,7,2021-07,31,14.59,39.91,111.76,5.4846,27.0,3.0,30.0,1,0.5214,0.8617,1
LJ500_R062_C077,62,77,699750,9532250,0,500,2021,7,2021-07,31,12.55,34.9,104.64,5.5352,27.57,2.4285,30.0,1,0.4132,0.5892,1
LJ500_R062_C078,62,78,700250,9532250,500,500,2021,7,2021-07,31,14.59,39.91,111.76,5.4846,27.0,3.0,30.0,1,0.4213,0.6,1
LJ500_R062_C079,62,79,700750,9532250,1000,500,2021,7,2021-07,31,14.59,39.91,111.76,5.4846,27.0,3.0,30.0,1,0.4219,0.6244,1
LJ500_R062_C080,62,80,701250,9532250,1500,500,2021,7,2021-07,31,14.59,39.91,111.76,5.4846,27.0,3.0,30.0,1,0.4223,0.64,1
LJ500_R062_C081,62,81,701750,9532250,2000,500,2021,7,2021-07,31,14.59,39.91,111.76,5.4846,27.0,3.0,30.0,1,0.6698,1.0875,1
LJ500_R062_C082,62,82,702250,9532250,2500,500,2021,7,2021-07,31,14.59,39.91,111.76,5.4846,27.0,3.0,30.0,1,0.7487,1.23,1
LJ500_R062_C083,62,83,702750,9532250,3000,500,2021,7,2021-07,31,14.59,39.91,111.76,5.4846,27.0,3.0,30.0,1,0.8679,1.6022,1
LJ500_R062_C084,62,84,703250,9532250,3500,500,2021,7,2021-07,31,14.59,39.91,111.76,5.4846,27.0,3.0,30.0,1,0.8745,1.6257,1
LJ500_R062_C085,62,85,703750,9532250,4000,500,2021,7,2021-07,31,14.59,39.91,111.76,5.4846,27.0,3.0,30.0,1,0.784,1.39,1
LJ500_R062_C086,62,86,704250,9532250,4500,500,2021,7,2021-07,31,14.59,39.91,111.76,5.4846,27.0,3.0,30.0,1,0.7352,1.2762,1
LJ500_R063_C077,63,77,699750,9532750,0,1000,2021,7,2021-07,31,12.54,34.88,104.61,5.5354,27.57,2.4261,30.0,1,0.3988,0.5802,1
LJ500_R063_C078,63,78,700250,9532750,500,1000,2021,7,2021-07,31,14.59,39.91,111.76,5.4846,27.0,3.0,30.0,1,0.4061,0.5803,1
LJ500_R063_C079,63,79,700750,9532750,1000,1000,2021,7,2021-07,31,14.59,39.91,111.76,5.4846,27.0,3.0,30.0,1,0.4124,0.6075,1
LJ500_R063_C080,63,80,701250,9532750,1500,1000,2021,7,2021-07,31,14.59,39.91,111.76,5.4846,27.0,3.0,30.0,1,0.4165,0.6251,1
LJ500_R063_C081,63,81,701750,9532750,2000,1000,2021,7,2021-07,31,14.59,39.91,111.76,5.4846,27.0,3.0,30.0,1,0.5749,0.9167,1
LJ500_R063_C082,63,82,702250,9532750,2500,1000,2021,7,2021-07,31,14.59,39.91,111.76,5.4846,27.0,3.0,30.0,1,0.6253,1.0097,1
LJ500_R063_C083,63,83,702750,9532750,3000,1000,2021,7,2021-07,31,14.59,39.91,111.76,5.4846,27.0,3.0,30.0,1,0.8724,1.7806,1
LJ500_R063_C084,63,84,703250,9532750,3500,1000,2021,7,2021-07,31,14.59,39.91,111.76,5.4846,27.0,3.0,30.0,1,0.893,1.8621,1
LJ500_R063_C085,63,85,703750,9532750,4000,1000,2021,7,2021-07,31,14.59,39.91,111.76,5.4846,27.0,3.0,30.0,1,0.8014,1.8622,1
LJ500_R063_C086,63,86,704250,9532750,4500,1000,2021,7,2021-07,31,14.59,39.91,111.76,5.4846,27.0,3.0,30.0,1,0.7718,1.8124,1
LJ500_R064_C077,64,77,699750,9533250,0,1500,2021,7,2021-07,31,12.53,34.86,104.58,5.5356,27.58,2.4238,30.0,1,0.3838,0.5709,1
LJ500_R064_C078,64,78,700250,9533250,500,1500,2021,7,2021-07,31,14.59,39.91,111.76,5.4846,27.0,3.0,30.0,1,0.3903,0.56,1
LJ500_R064_C079,64,79,700750,9533250,1000,1500,2021,7,2021-07,31,14.59,39.91,111.76,5.4846,27.0,3.0,30.0,1,0.4026,0.5902,1
LJ500_R064_C080,64,80,701250,9533250,1500,1500,2021,7,2021-07,31,14.59,39.91,111.76,5.4846,27.0,3.0,30.0,1,0.4107,0.61,1
LJ500_R064_C081,64,81,701750,9533250,2000,1500,2021,7,2021-07,31,14.59,39.91,111.76,5.4846,27.0,3.0,30.0,1,0.4798,0.7457,1
LJ500_R064_C082,64,82,702250,9533250,2500,1500,2021,7,2021-07,31,14.59,39.91,111.76,5.4846,27.0,3.0,30.0,1,0.5023,0.79,1
LJ500_R064_C083,64,83,702750,9533250,3000,1500,2021,7,2021-07,31,14.59,39.91,111.76,5.4846,27.0,3.0,30.0,1,0.8763,1.9551,1
LJ500_R064_C084,64,84,703250,9533250,3500,1500,2021,7,2021-07,31,14.59,39.91,111.76,5.4846,27.0,3.0,30.0,1,0.9112,2.0926,1
LJ500_R064_C085,64,85,703750,9533250,4000,1500,2021,7,2021-07,31,14.59,39.91,111.76,5.4846,27.0,3.0,30.0,1,0.8183,2.32,1
LJ500_R064_C086,64,86,704250,9533250,4500,1500,2021,7,2021-07,31,14.59,39.91,111.76,5.4846,27.0,3.0,30.0,1,0.8065,2.3261,1
LJ500_R065_C077,65,77,699750,9533750,0,2000,2021,7,2021-07,31,12.52,34.84,104.56,5.5358,27.58,2.4215,30.0,1,0.3703,0.548,1
LJ500_R065_C078,65,78,700250,9533750,500,2000,2021,7,2021-07,31,14.59,39.91,111.76,5.4846,27.0,3.0,30.0,1,0.3698,0.5406,1
LJ500_R065_C079,65,79,700750,9533750,1000,2000,2021,7,2021-07,31,14.59,39.91,111.76,5.4846,27.0,3.0,30.0,1,0.3828,0.5588,1
LJ500_R065_C080,65,80,701250,9533750,1500,2000,2021,7,2021-07,31,14.59,39.91,111.76,5.4846,27.0,3.0,30.0,1,0.3913,0.5708,1
LJ500_R065_C081,65,81,701750,9533750,2000,2000,2021,7,2021-07,31,14.59,39.91,111.76,5.4846,27.0,3.0,30.0,1,0.4094,0.6567,1
LJ500_R065_C082,65,82,702250,9533750,2500,2000,2021,7,2021-07,31,14.59,39.91,111.76,5.4846,27.0,3.0,30.0,1,0.4151,0.6848,1
LJ500_R065_C083,65,83,702750,9533750,3000,2000,2021,7,2021-07,31,14.59,39.91,111.76,5.4846,27.0,3.0,30.0,1,0.656,1.2226,1
LJ500_R065_C084,65,84,703250,9533750,3500,2000,2021,7,2021-07,31,14.59,39.91,111.76,5.4846,27.0,3.0,30.0,1,0.6859,1.2982,1
LJ500_R065_C085,65,85,703750,9533750,4000,2000,2021,7,2021-07,31,14.59,39.91,111.76,5.4846,27.0,3.0,30.0,1,0.7665,1.6621,1
LJ500_R065_C086,65,86,704250,9533750,4500,2000,2021,7,2021-07,31,14.59,39.91,111.76,5.4846,27.0,3.0,30.0,1,0.7682,1.783,1
LJ500_R066_C077,66,77,699750,9534250,0,2500,2021,7,2021-07,31,12.51,34.82,104.53,5.536,27.58,2.4192,30.0,1,0.3629,0.5355,1
LJ500_R066_C078,66,78,700250,9534250,500,2500,2021,7,2021-07,31,14.59,39.91,111.76,5.4846,27.0,3.0,30.0,1,0.3587,0.53,1
LJ500_R066_C079,66,79,700750,9534250,1000,2500,2021,7,2021-07,31,14.59,39.91,111.76,5.4846,27.0,3.0,30.0,1,0.3721,0.542,1
LJ500_R066_C080,66,80,701250,9534250,1500,2500,2021,7,2021-07,31,14.59,39.91,111.76,5.4846,27.0,3.0,30.0,1,0.381,0.55,1
LJ500_R066_C081,66,81,701750,9534250,2000,2500,2021,7,2021-07,31,14.59,39.91,111.76,5.4846,27.0,3.0,30.0,1,0.3725,0.6099,1
LJ500_R066_C082,66,82,702250,9534250,2500,2500,2021,7,2021-07,31,14.59,39.91,111.76,5.4846,27.0,3.0,30.0,1,0.3697,0.63,1
LJ500_R066_C083,66,83,702750,9534250,3000,2500,2021,7,2021-07,31,14.59,39.91,111.76,5.4846,27.0,3.0,30.0,1,0.5425,0.8456,1
LJ500_R066_C084,66,84,703250,9534250,3500,2500,2021,7,2021-07,31,14.59,39.91,111.76,5.4846,27.0,3.0,30.0,1,0.5706,0.8921,1
LJ500_R066_C085,66,85,703750,9534250,4000,2500,2021,7,2021-07,31,14.59,39.91,111.76,5.4846,27.0,3.0,30.0,1,0.7403,1.33,1
LJ500_R066_C086,66,86,704250,9534250,4500,2500,2021,7,2021-07,31,14.59,39.91,111.76,5.4846,27.0,3.0,30.0,1,0.7488,1.5096,1
LJ500_R067_C077,67,77,699750,9534750,0,3000,2021,7,2021-07,31,12.51,34.8,104.5,5.5362,27.58,2.4169,30.0,1,0.3607,0.5416,1
LJ500_R067_C078,67,78,700250,9534750,500,3000,2021,7,2021-07,31,14.59,39.91,111.76,5.4846,27.0,3.0,30.0,1,0.3444,0.5139,1
LJ500_R067_C079,67,79,700750,9534750,1000,3000,2021,7,2021-07,31,14.59,39.91,111.76,5.4846,27.0,3.0,30.0,1,0.354,0.521,1
LJ500_R067_C080,67,80,701250,9534750,1500,3000,2021,7,2021-07,31,14.59,39.91,111.76,5.4846,27.0,3.0,30.0,1,0.3605,0.5257,1
LJ500_R067_C081,67,81,701750,9534750,2000,3000,2021,7,2021-07,31,14.59,39.91,111.76,5.4846,27.0,3.0,30.0,1,0.3661,0.5611,1
LJ500_R067_C082,67,82,702250,9534750,2500,3000,2021,7,2021-07,31,14.59,39.91,111.76,5.4846,27.0,3.0,30.0,1,0.368,0.573,1
LJ500_R067_C083,67,83,702750,9534750,3000,3000,2021,7,2021-07,31,14.59,39.91,111.76,5.4846,27.0,3.0,30.0,1,0.3882,0.6269,1
LJ500_R067_C084,67,84,703250,9534750,3500,3000,2021,7,2021-07,31,14.59,39.91,111.76,5.4846,27.0,3.0,30.0,1,0.3958,0.6427,1
LJ500_R067_C085,67,85,703750,9534750,4000,3000,2021,7,2021-07,31,14.59,39.91,111.76,5.4846,27.0,3.0,30.0,1,0.5161,0.8537,1
LJ500_R067_C086,67,86,704250,9534750,4500,3000,2021,7,2021-07,31,14.59,39.91,111.76,5.4846,27.0,3.0,30.0,1,0.5657,1.0089,1
LJ500_R068_C077,68,77,699750,9535250,0,3500,2021,7,2021-07,31,12.5,34.78,104.47,5.5364,27.59,2.4146,30.0,1,0.3602,0.5433,1
LJ500_R068_C078,68,78,700250,9535250,500,3500,2021,7,2021-07,31,14.59,39.91,111.76,5.4846,27.0,3.0,30.0,1,0.341,0.51,1
LJ500_R068_C079,68,79,700750,9535250,1000,3500,2021,7,2021-07,31,14.59,39.91,111.76,5.4846,27.0,3.0,30.0,1,0.3497,0.5159,1
LJ500_R068_C080,68,80,701250,9535250,1500,3500,2021,7,2021-07,31,14.59,39.91,111.76,5.4846,27.0,3.0,30.0,1,0.3557,0.52,1
LJ500_R068_C081,68,81,701750,9535250,2000,3500,2021,7,2021-07,31,14.59,39.91,111.76,5.4846,27.0,3.0,30.0,1,0.3646,0.5498,1
LJ500_R068_C082,68,82,702250,9535250,2500,3500,2021,7,2021-07,31,14.59,39.91,111.76,5.4846,27.0,3.0,30.0,1,0.3677,0.56,1
LJ500_R068_C083,68,83,702750,9535250,3000,3500,2021,7,2021-07,31,14.59,39.91,111.76,5.4846,27.0,3.0,30.0,1,0.3537,0.5779,1
LJ500_R068_C084,68,84,703250,9535250,3500,3500,2021,7,2021-07,31,14.59,39.91,111.76,5.4846,27.0,3.0,30.0,1,0.357,0.5874,1
LJ500_R068_C085,68,85,703750,9535250,4000,3500,2021,7,2021-07,31,14.59,39.91,111.76,5.4846,27.0,3.0,30.0,1,0.4673,0.75,1
LJ500_R068_C086,68,86,704250,9535250,4500,3500,2021,7,2021-07,31,14.59,39.91,111.76,5.4846,27.0,3.0,30.0,1,0.5258,0.9003,1
LJ500_R069_C077,69,77,699750,9535750,0,4000,2021,7,2021-07,31,11.54,29.99,100.33,5.7983,27.97,2.0292,30.0,1,0.335,0.5029,1
LJ500_R069_C078,69,78,700250,9535750,500,4000,2021,7,2021-07,31,14.06,36.98,106.33,7.0073,27.93,2.069,30.0,1,0.3237,0.4908,1
LJ500_R069_C079,69,79,700750,9535750,1000,4000,2021,7,2021-07,31,14.06,36.97,106.31,7.0111,27.93,2.0667,30.0,1,0.3373,0.5138,1
LJ500_R069_C080,69,80,701250,9535750,1500,4000,2021,7,2021-07,31,14.06,36.96,106.3,7.0148,27.94,2.0644,30.0,1,0.3466,0.5297,1
LJ500_R069_C081,69,81,701750,9535750,2000,4000,2021,7,2021-07,31,14.06,36.96,106.29,7.0186,27.94,2.0621,30.0,1,0.3512,0.6025,1
LJ500_R069_C082,69,82,702250,9535750,2500,4000,2021,7,2021-07,31,14.05,36.95,106.27,7.0224,27.94,2.0597,30.0,1,0.3528,0.628,1
LJ500_R069_C083,69,83,702750,9535750,3000,4000,2021,7,2021-07,31,14.05,36.94,106.26,7.0263,27.94,2.0574,30.0,1,0.3353,0.6026,1
LJ500_R069_C084,69,84,703250,9535750,3500,4000,2021,7,2021-07,31,14.05,36.93,106.24,7.0301,27.94,2.0551,30.0,1,0.3332,0.5977,1
LJ500_R069_C085,69,85,703750,9535750,4000,4000,2021,7,2021-07,31,14.05,36.93,106.23,7.0339,27.95,2.0527,30.0,1,0.3333,0.5544,1
LJ500_R069_C086,69,86,704250,9535750,4500,4000,2021,7,2021-07,31,14.05,36.92,106.22,7.0378,27.95,2.0504,30.0,1,0.332,0.5567,1
LJ500_R070_C077,70,77,699750,9536250,0,4500,2021,7,2021-07,31,11.46,29.6,99.99,5.8128,28.0,2.0,30.0,1,0.3325,0.5009,1
LJ500_R070_C078,70,78,700250,9536250,500,4500,2021,7,2021-07,31,14.02,36.76,105.92,7.1202,28.0,2.0,30.0,1,0.321,0.4864,1
LJ500_R070_C079,70,79,700750,9536250,1000,4500,2021,7,2021-07,31,14.02,36.76,105.92,7.1202,28.0,2.0,30.0,1,0.3349,0.5128,1
LJ500_R070_C080,70,80,701250,9536250,1500,4500,2021,7,2021-07,31,14.02,36.76,105.92,7.1202,28.0,2.0,30.0,1,0.3444,0.5312,1
LJ500_R070_C081,70,81,701750,9536250,2000,4500,2021,7,2021-07,31,14.02,36.76,105.92,7.1202,28.0,2.0,30.0,1,0.3476,0.5959,1
LJ500_R070_C082,70,82,702250,9536250,2500,4500,2021,7,2021-07,31,14.02,36.76,105.92,7.1202,28.0,2.0,30.0,1,0.3487,0.6185,1
LJ500_R070_C083,70,83,702750,9536250,3000,4500,2021,7,2021-07,31,14.02,36.76,105.92,7.1202,28.0,2.0,30.0,1,0.333,0.5905,1
LJ500_R070_C084,70,84,703250,9536250,3500,4500,2021,7,2021-07,31,14.02,36.76,105.92,7.1202,28.0,2.0,30.0,1,0.3309,0.5852,1
LJ500_R070_C085,70,85,703750,9536250,4000,4500,2021,7,2021-07,31,14.02,36.76,105.92,7.1202,28.0,2.0,30.0,1,0.3279,0.5473,1
LJ500_R070_C086,70,86,704250,9536250,4500,4500,2021,7,2021-07,31,14.02,36.76,105.92,7.1202,28.0,2.0,30.0,1,0.3312,0.5563,1
LJ500_R061_C077,61,77,699750,9531750,0,0,2021,8,2021-08,32,3.7076,16.26,38.63,1.9013,30.14,0.8616,31.0,1,0.5577,0.7688,1
LJ500_R061_C078,61,78,700250,9531750,500,0,2021,8,2021-08,32,8.6068,23.2,48.52,4.4136,29.0,2.0,31.0,1,0.5666,0.7866,1
LJ500_R061_C079,61,79,700750,9531750,1000,0,2021,8,2021-08,32,8.6068,23.2,48.52,4.4136,29.0,2.0,31.0,1,0.5632,0.7845,1
LJ500_R061_C080,61,80,701250,9531750,1500,0,2021,8,2021-08,32,8.6068,23.2,48.52,4.4136,29.0,2.0,31.0,1,0.5611,0.783,1
LJ500_R061_C081,61,81,701750,9531750,2000,0,2021,8,2021-08,32,8.6068,23.2,48.52,4.4136,29.0,2.0,31.0,1,0.5977,0.9818,1
LJ500_R061_C082,61,82,702250,9531750,2500,0,2021,8,2021-08,32,8.6068,23.2,48.52,4.4136,29.0,2.0,31.0,1,0.6102,1.0467,1
LJ500_R061_C083,61,83,702750,9531750,3000,0,2021,8,2021-08,32,8.6068,23.2,48.52,4.4136,29.0,2.0,31.0,1,0.685,1.2768,1
LJ500_R061_C084,61,84,703250,9531750,3500,0,2021,8,2021-08,32,8.6068,23.2,48.52,4.4136,29.0,2.0,31.0,1,0.6893,1.2894,1
LJ500_R061_C085,61,85,703750,9531750,4000,0,2021,8,2021-08,32,8.6068,23.2,48.52,4.4136,29.0,2.0,31.0,1,0.6228,1.0901,1
LJ500_R061_C086,61,86,704250,9531750,4500,0,2021,8,2021-08,32,8.6068,23.2,48.52,4.4136,29.0,2.0,31.0,1,0.601,1.0442,1
LJ500_R062_C077,62,77,699750,9532250,0,500,2021,8,2021-08,32,3.6877,16.23,38.59,1.8911,30.14,0.8569,31.0,1,0.5314,0.7384,1
LJ500_R062_C078,62,78,700250,9532250,500,500,2021,8,2021-08,32,8.6068,23.2,48.52,4.4136,29.0,2.0,31.0,1,0.5406,0.76,1
LJ500_R062_C079,62,79,700750,9532250,1000,500,2021,8,2021-08,32,8.6068,23.2,48.52,4.4136,29.0,2.0,31.0,1,0.5379,0.7539,1
LJ500_R062_C080,62,80,701250,9532250,1500,500,2021,8,2021-08,32,8.6068,23.2,48.52,4.4136,29.0,2.0,31.0,1,0.5361,0.75,1
LJ500_R062_C081,62,81,701750,9532250,2000,500,2021,8,2021-08,32,8.6068,23.2,48.52,4.4136,29.0,2.0,31.0,1,0.7825,1.4477,1
LJ500_R062_C082,62,82,702250,9532250,2500,500,2021,8,2021-08,32,8.6068,23.2,48.52,4.4136,29.0,2.0,31.0,1,0.861,1.67,1
LJ500_R062_C083,62,83,702750,9532250,3000,500,2021,8,2021-08,32,8.6068,23.2,48.52,4.4136,29.0,2.0,31.0,1,1.0314,2.0695,1
LJ500_R062_C084,62,84,703250,9532250,3500,500,2021,8,2021-08,32,8.6068,23.2,48.52,4.4136,29.0,2.0,31.0,1,1.0406,2.0939,1
LJ500_R062_C085,62,85,703750,9532250,4000,500,2021,8,2021-08,32,8.6068,23.2,48.52,4.4136,29.0,2.0,31.0,1,0.9077,1.83,1
LJ500_R062_C086,62,86,704250,9532250,4500,500,2021,8,2021-08,32,8.6068,23.2,48.52,4.4136,29.0,2.0,31.0,1,0.8435,1.6976,1
LJ500_R063_C077,63,77,699750,9532750,0,1000,2021,8,2021-08,32,3.6677,16.21,38.55,1.8809,30.15,0.8523,31.0,1,0.5128,0.7218,1
LJ500_R063_C078,63,78,700250,9532750,500,1000,2021,8,2021-08,32,8.6068,23.2,48.52,4.4136,29.0,2.0,31.0,1,0.5196,0.7354,1
LJ500_R063_C079,63,79,700750,9532750,1000,1000,2021,8,2021-08,32,8.6068,23.2,48.52,4.4136,29.0,2.0,31.0,1,0.526,0.7442,1
LJ500_R063_C080,63,80,701250,9532750,1500,1000,2021,8,2021-08,32,8.6068,23.2,48.52,4.4136,29.0,2.0,31.0,1,0.5302,0.75,1
LJ500_R063_C081,63,81,701750,9532750,2000,1000,2021,8,2021-08,32,8.6068,23.2,48.52,4.4136,29.0,2.0,31.0,1,0.6614,1.2045,1
LJ500_R063_C082,63,82,702250,9532750,2500,1000,2021,8,2021-08,32,8.6068,23.2,48.52,4.4136,29.0,2.0,31.0,1,0.703,1.3496,1
LJ500_R063_C083,63,83,702750,9532750,3000,1000,2021,8,2021-08,32,8.6068,23.2,48.52,4.4136,29.0,2.0,31.0,1,1.0616,2.2428,1
LJ500_R063_C084,63,84,703250,9532750,3500,1000,2021,8,2021-08,32,8.6068,23.2,48.52,4.4136,29.0,2.0,31.0,1,1.094,2.3355,1
LJ500_R063_C085,63,85,703750,9532750,4000,1000,2021,8,2021-08,32,8.6068,23.2,48.52,4.4136,29.0,2.0,31.0,1,1.0013,2.3073,1
LJ500_R063_C086,63,86,704250,9532750,4500,1000,2021,8,2021-08,32,8.6068,23.2,48.52,4.4136,29.0,2.0,31.0,1,0.9643,2.2474,1
LJ500_R064_C077,64,77,699750,9533250,0,1500,2021,8,2021-08,32,3.6478,16.18,38.51,1.8706,30.15,0.8477,31.0,1,0.4933,0.7045,1
LJ500_R064_C078,64,78,700250,9533250,500,1500,2021,8,2021-08,32,8.6068,23.2,48.52,4.4136,29.0,2.0,31.0,1,0.4977,0.71,1
LJ500_R064_C079,64,79,700750,9533250,1000,1500,2021,8,2021-08,32,8.6068,23.2,48.52,4.4136,29.0,2.0,31.0,1,0.5137,0.7342,1
LJ500_R064_C080,64,80,701250,9533250,1500,1500,2021,8,2021-08,32,8.6068,23.2,48.52,4.4136,29.0,2.0,31.0,1,0.5242,0.75,1
LJ500_R064_C081,64,81,701750,9533250,2000,1500,2021,8,2021-08,32,8.6068,23.2,48.52,4.4136,29.0,2.0,31.0,1,0.5402,0.961,1
LJ500_R064_C082,64,82,702250,9533250,2500,1500,2021,8,2021-08,32,8.6068,23.2,48.52,4.4136,29.0,2.0,31.0,1,0.5455,1.03,1
LJ500_R064_C083,64,83,702750,9533250,3000,1500,2021,8,2021-08,32,8.6068,23.2,48.52,4.4136,29.0,2.0,31.0,1,1.0906,2.4119,1
LJ500_R064_C084,64,84,703250,9533250,3500,1500,2021,8,2021-08,32,8.6068,23.2,48.52,4.4136,29.0,2.0,31.0,1,1.146,2.5711,1
LJ500_R064_C085,64,85,703750,9533250,4000,1500,2021,8,2021-08,32,8.6068,23.2,48.52,4.4136,29.0,2.0,31.0,1,1.0919,2.77,1
LJ500_R064_C086,64,86,704250,9533250,4500,1500,2021,8,2021-08,32,8.6068,23.2,48.52,4.4136,29.0,2.0,31.0,1,1.0799,2.774,1
LJ500_R065_C077,65,77,699750,9533750,0,2000,2021,8,2021-08,32,3.6279,16.15,38.47,1.8604,30.16,0.843,31.0,1,0.4753,0.6764,1
LJ500_R065_C078,65,78,700250,9533750,500,2000,2021,8,2021-08,32,8.6068,23.2,48.52,4.4136,29.0,2.0,31.0,1,0.4737,0.6711,1
LJ500_R065_C079,65,79,700750,9533750,1000,2000,2021,8,2021-08,32,8.6068,23.2,48.52,4.4136,29.0,2.0,31.0,1,0.4881,0.7029,1
LJ500_R065_C080,65,80,701250,9533750,1500,2000,2021,8,2021-08,32,8.6068,23.2,48.52,4.4136,29.0,2.0,31.0,1,0.4977,0.7239,1
LJ500_R065_C081,65,81,701750,9533750,2000,2000,2021,8,2021-08,32,8.6068,23.2,48.52,4.4136,29.0,2.0,31.0,1,0.4697,0.7668,1
LJ500_R065_C082,65,82,702250,9533750,2500,2000,2021,8,2021-08,32,8.6068,23.2,48.52,4.4136,29.0,2.0,31.0,1,0.4602,0.7802,1
LJ500_R065_C083,65,83,702750,9533750,3000,2000,2021,8,2021-08,32,8.6068,23.2,48.52,4.4136,29.0,2.0,31.0,1,0.76,1.5931,1
LJ500_R065_C084,65,84,703250,9533750,3500,2000,2021,8,2021-08,32,8.6068,23.2,48.52,4.4136,29.0,2.0,31.0,1,0.7983,1.7002,1
LJ500_R065_C085,65,85,703750,9533750,4000,2000,2021,8,2021-08,32,8.6068,23.2,48.52,4.4136,29.0,2.0,31.0,1,0.9232,2.0922,1
LJ500_R065_C086,65,86,704250,9533750,4500,2000,2021,8,2021-08,32,8.6068,23.2,48.52,4.4136,29.0,2.0,31.0,1,0.9438,2.2136,1
LJ500_R066_C077,66,77,699750,9534250,0,2500,2021,8,2021-08,32,3.6081,16.12,38.43,1.8502,30.16,0.8384,31.0,1,0.4654,0.661,1
LJ500_R066_C078,66,78,700250,9534250,500,2500,2021,8,2021-08,32,8.6068,23.2,48.52,4.4136,29.0,2.0,31.0,1,0.4606,0.65,1
LJ500_R066_C079,66,79,700750,9534250,1000,2500,2021,8,2021-08,32,8.6068,23.2,48.52,4.4136,29.0,2.0,31.0,1,0.4744,0.686,1
LJ500_R066_C080,66,80,701250,9534250,1500,2500,2021,8,2021-08,32,8.6068,23.2,48.52,4.4136,29.0,2.0,31.0,1,0.4835,0.71,1
LJ500_R066_C081,66,81,701750,9534250,2000,2500,2021,8,2021-08,32,8.6068,23.2,48.52,4.4136,29.0,2.0,31.0,1,0.4328,0.6651,1
LJ500_R066_C082,66,82,702250,9534250,2500,2500,2021,8,2021-08,32,8.6068,23.2,48.52,4.4136,29.0,2.0,31.0,1,0.4158,0.65,1
LJ500_R066_C083,66,83,702750,9534250,3000,2500,2021,8,2021-08,32,8.6068,23.2,48.52,4.4136,29.0,2.0,31.0,1,0.5897,1.1711,1
LJ500_R066_C084,66,84,703250,9534250,3500,2500,2021,8,2021-08,32,8.6068,23.2,48.52,4.4136,29.0,2.0,31.0,1,0.6203,1.2549,1
LJ500_R066_C085,66,85,703750,9534250,4000,2500,2021,8,2021-08,32,8.6068,23.2,48.52,4.4136,29.0,2.0,31.0,1,0.8381,1.75,1
LJ500_R066_C086,66,86,704250,9534250,4500,2500,2021,8,2021-08,32,8.6068,23.2,48.52,4.4136,29.0,2.0,31.0,1,0.8753,1.9316,1
LJ500_R067_C077,67,77,699750,9534750,0,3000,2021,8,2021-08,32,3.5882,16.09,38.39,1.8401,30.17,0.8338,31.0,1,0.4624,0.6724,1
LJ500_R067_C078,67,78,700250,9534750,500,3000,2021,8,2021-08,32,8.6068,23.2,48.52,4.4136,29.0,2.0,31.0,1,0.4401,0.6259,1
LJ500_R067_C079,67,79,700750,9534750,1000,3000,2021,8,2021-08,32,8.6068,23.2,48.52,4.4136,29.0,2.0,31.0,1,0.4491,0.6616,1
LJ500_R067_C080,67,80,701250,9534750,1500,3000,2021,8,2021-08,32,8.6068,23.2,48.52,4.4136,29.0,2.0,31.0,1,0.4551,0.6857,1
LJ500_R067_C081,67,81,701750,9534750,2000,3000,2021,8,2021-08,32,8.6068,23.2,48.52,4.4136,29.0,2.0,31.0,1,0.4557,0.6833,1
LJ500_R067_C082,67,82,702250,9534750,2500,3000,2021,8,2021-08,32,8.6068,23.2,48.52,4.4136,29.0,2.0,31.0,1,0.456,0.6826,1
LJ500_R067_C083,67,83,702750,9534750,3000,3000,2021,8,2021-08,32,8.6068,23.2,48.52,4.4136,29.0,2.0,31.0,1,0.4582,0.7122,1
LJ500_R067_C084,67,84,703250,9534750,3500,3000,2021,8,2021-08,32,8.6068,23.2,48.52,4.4136,29.0,2.0,31.0,1,0.4624,0.7344,1
LJ500_R067_C085,67,85,703750,9534750,4000,3000,2021,8,2021-08,32,8.6068,23.2,48.52,4.4136,29.0,2.0,31.0,1,0.5533,1.1587,1
LJ500_R067_C086,67,86,704250,9534750,4500,3000,2021,8,2021-08,32,8.6068,23.2,48.52,4.4136,29.0,2.0,31.0,1,0.6215,1.3348,1
LJ500_R068_C077,68,77,699750,9535250,0,3500,2021,8,2021-08,32,3.5684,16.07,38.35,1.8299,30.17,0.8292,31.0,1,0.4618,0.6754,1
LJ500_R068_C078,68,78,700250,9535250,500,3500,2021,8,2021-08,32,8.6068,23.2,48.52,4.4136,29.0,2.0,31.0,1,0.4352,0.62,1
LJ500_R068_C079,68,79,700750,9535250,1000,3500,2021,8,2021-08,32,8.6068,23.2,48.52,4.4136,29.0,2.0,31.0,1,0.443,0.6557,1
LJ500_R068_C080,68,80,701250,9535250,1500,3500,2021,8,2021-08,32,8.6068,23.2,48.52,4.4136,29.0,2.0,31.0,1,0.4484,0.68,1
LJ500_R068_C081,68,81,701750,9535250,2000,3500,2021,8,2021-08,32,8.6068,23.2,48.52,4.4136,29.0,2.0,31.0,1,0.4609,0.6874,1
LJ500_R068_C082,68,82,702250,9535250,2500,3500,2021,8,2021-08,32,8.6068,23.2,48.52,4.4136,29.0,2.0,31.0,1,0.4652,0.69,1
LJ500_R068_C083,68,83,702750,9535250,3000,3500,2021,8,2021-08,32,8.6068,23.2,48.52,4.4136,29.0,2.0,31.0,1,0.4288,0.6096,1
LJ500_R068_C084,68,84,703250,9535250,3500,3500,2021,8,2021-08,32,8.6068,23.2,48.52,4.4136,29.0,2.0,31.0,1,0.4274,0.6186,1
LJ500_R068_C085,68,85,703750,9535250,4000,3500,2021,8,2021-08,32,8.6068,23.2,48.52,4.4136,29.0,2.0,31.0,1,0.4913,1.03,1
LJ500_R068_C086,68,86,704250,9535250,4500,3500,2021,8,2021-08,32,8.6068,23.2,48.52,4.4136,29.0,2.0,31.0,1,0.5663,1.2053,1
LJ500_R069_C077,69,77,699750,9535750,0,4000,2021,8,2021-08,32,3.2978,14.84,33.29,1.7178,30.18,0.8246,31.0,1,0.4269,0.649,1
LJ500_R069_C078,69,78,700250,9535750,500,4000,2021,8,2021-08,32,7.9975,22.06,44.98,4.1659,29.0,2.0,31.0,1,0.411,0.62,1
LJ500_R069_C079,69,79,700750,9535750,1000,4000,2021,8,2021-08,32,7.996,22.05,44.97,4.1653,29.0,2.0,31.0,1,0.4267,0.6498,1
LJ500_R069_C080,69,80,701250,9535750,1500,4000,2021,8,2021-08,32,7.9944,22.05,44.96,4.1647,29.0,2.0,31.0,1,0.4375,0.6703,1
LJ500_R069_C081,69,81,701750,9535750,2000,4000,2021,8,2021-08,32,7.9929,22.05,44.95,4.164,29.0,2.0,31.0,1,0.3933,0.6849,1
LJ500_R069_C082,69,82,702250,9535750,2500,4000,2021,8,2021-08,32,7.9914,22.05,44.94,4.1634,29.0,2.0,31.0,1,0.3778,0.69,1
LJ500_R069_C083,69,83,702750,9535750,3000,4000,2021,8,2021-08,32,7.9899,22.04,44.93,4.1628,29.0,2.0,31.0,1,0.3651,0.6358,1
LJ500_R069_C084,69,84,703250,9535750,3500,4000,2021,8,2021-08,32,7.9883,22.04,44.92,4.1622,29.0,2.0,31.0,1,0.3647,0.6269,1
LJ500_R069_C085,69,85,703750,9535750,4000,4000,2021,8,2021-08,32,7.9868,22.04,44.91,4.1616,29.0,2.0,31.0,1,0.3929,0.5703,1
LJ500_R069_C086,69,86,704250,9535750,4500,4000,2021,8,2021-08,32,7.9853,22.03,44.9,4.1609,29.0,2.0,31.0,1,0.389,0.5762,1
LJ500_R070_C077,70,77,699750,9536250,0,4500,2021,8,2021-08,32,3.2604,14.72,32.86,1.7005,30.18,0.82,31.0,1,0.4232,0.6468,1
LJ500_R070_C078,70,78,700250,9536250,500,4500,2021,8,2021-08,32,7.9523,21.97,44.71,4.1475,29.0,2.0,31.0,1,0.4069,0.6188,1
LJ500_R070_C079,70,79,700750,9536250,1000,4500,2021,8,2021-08,32,7.9523,21.97,44.71,4.1475,29.0,2.0,31.0,1,0.4229,0.6469,1
LJ500_R070_C080,70,80,701250,9536250,1500,4500,2021,8,2021-08,32,7.9523,21.97,44.71,4.1475,29.0,2.0,31.0,1,0.434,0.6663,1
LJ500_R070_C081,70,81,701750,9536250,2000,4500,2021,8,2021-08,32,7.9523,21.97,44.71,4.1475,29.0,2.0,31.0,1,0.3926,0.6764,1
LJ500_R070_C082,70,82,702250,9536250,2500,4500,2021,8,2021-08,32,7.9523,21.97,44.71,4.1475,29.0,2.0,31.0,1,0.3781,0.6798,1
LJ500_R070_C083,70,83,702750,9536250,3000,4500,2021,8,2021-08,32,7.9523,21.97,44.71,4.1475,29.0,2.0,31.0,1,0.3678,0.6355,1
LJ500_R070_C084,70,84,703250,9536250,3500,4500,2021,8,2021-08,32,7.9523,21.97,44.71,4.1475,29.0,2.0,31.0,1,0.3674,0.6272,1
LJ500_R070_C085,70,85,703750,9536250,4000,4500,2021,8,2021-08,32,7.9523,21.97,44.71,4.1475,29.0,2.0,31.0,1,0.3879,0.5587,1
LJ500_R070_C086,70,86,704250,9536250,4500,4500,2021,8,2021-08,32,7.9523,21.97,44.71,4.1475,29.0,2.0,31.0,1,0.3876,0.5792,1
LJ500_R061_C077,61,77,699750,9531750,0,0,2021,9,2021-09,33,17.16,20.87,33.43,11.78,28.57,2.4308,31.0,1,0.524,0.708,1
LJ500_R061_C078,61,78,700250,9531750,500,0,2021,9,2021-09,33,20.02,28.62,43.21,13.31,28.0,3.0,31.0,1,0.529,0.7133,1
LJ500_R061_C079,61,79,700750,9531750,1000,0,2021,9,2021-09,33,20.02,28.62,43.21,13.31,28.0,3.0,31.0,1,0.5223,0.7113,1
LJ500_R061_C080,61,80,701250,9531750,1500,0,2021,9,2021-09,33,20.02,28.62,43.21,13.31,28.0,3.0,31.0,1,0.5179,0.71,1
LJ500_R061_C081,61,81,701750,9531750,2000,0,2021,9,2021-09,33,20.02,28.62,43.21,13.31,28.0,3.0,31.0,1,0.5195,0.9447,1
LJ500_R061_C082,61,82,702250,9531750,2500,0,2021,9,2021-09,33,20.02,28.62,43.21,13.31,28.0,3.0,31.0,1,0.5207,1.0201,1
LJ500_R061_C083,61,83,702750,9531750,3000,0,2021,9,2021-09,33,20.02,28.62,43.21,13.31,28.0,3.0,31.0,1,0.5703,1.1984,1
LJ500_R061_C084,61,84,703250,9531750,3500,0,2021,9,2021-09,33,20.02,28.62,43.21,13.31,28.0,3.0,31.0,1,0.5733,1.2085,1
LJ500_R061_C085,61,85,703750,9531750,4000,0,2021,9,2021-09,33,20.02,28.62,43.21,13.31,28.0,3.0,31.0,1,0.5291,1.0578,1
LJ500_R061_C086,61,86,704250,9531750,4500,0,2021,9,2021-09,33,20.02,28.62,43.21,13.31,28.0,3.0,31.0,1,0.5126,1.0185,1
LJ500_R062_C077,62,77,699750,9532250,0,500,2021,9,2021-09,33,17.15,20.84,33.39,11.78,28.57,2.4285,31.0,1,0.5031,0.6946,1
LJ500_R062_C078,62,78,700250,9532250,500,500,2021,9,2021-09,33,20.02,28.62,43.21,13.31,28.0,3.0,31.0,1,0.511,0.7,1
LJ500_R062_C079,62,79,700750,9532250,1000,500,2021,9,2021-09,33,20.02,28.62,43.21,13.31,28.0,3.0,31.0,1,0.4955,0.7061,1
LJ500_R062_C080,62,80,701250,9532250,1500,500,2021,9,2021-09,33,20.02,28.62,43.21,13.31,28.0,3.0,31.0,1,0.4855,0.71,1
LJ500_R062_C081,62,81,701750,9532250,2000,500,2021,9,2021-09,33,20.02,28.62,43.21,13.31,28.0,3.0,31.0,1,0.6499,1.2636,1
LJ500_R062_C082,62,82,702250,9532250,2500,500,2021,9,2021-09,33,20.02,28.62,43.21,13.31,28.0,3.0,31.0,1,0.7023,1.44,1
LJ500_R062_C083,62,83,702750,9532250,3000,500,2021,9,2021-09,33,20.02,28.62,43.21,13.31,28.0,3.0,31.0,1,0.8264,1.8122,1
LJ500_R062_C084,62,84,703250,9532250,3500,500,2021,9,2021-09,33,20.02,28.62,43.21,13.31,28.0,3.0,31.0,1,0.8327,1.8351,1
LJ500_R062_C085,62,85,703750,9532250,4000,500,2021,9,2021-09,33,20.02,28.62,43.21,13.31,28.0,3.0,31.0,1,0.729,1.59,1
LJ500_R062_C086,62,86,704250,9532250,4500,500,2021,9,2021-09,33,20.02,28.62,43.21,13.31,28.0,3.0,31.0,1,0.6799,1.4783,1
LJ500_R063_C077,63,77,699750,9532750,0,1000,2021,9,2021-09,33,17.14,20.81,33.35,11.77,28.57,2.4261,31.0,1,0.4816,0.6768,1
LJ500_R063_C078,63,78,700250,9532750,500,1000,2021,9,2021-09,33,20.02,28.62,43.21,13.31,28.0,3.0,31.0,1,0.4948,0.6902,1
LJ500_R063_C079,63,79,700750,9532750,1000,1000,2021,9,2021-09,33,20.02,28.62,43.21,13.31,28.0,3.0,31.0,1,0.4882,0.6902,1
LJ500_R063_C080,63,80,701250,9532750,1500,1000,2021,9,2021-09,33,20.02,28.62,43.21,13.31,28.0,3.0,31.0,1,0.4839,0.6902,1
LJ500_R063_C081,63,81,701750,9532750,2000,1000,2021,9,2021-09,33,20.02,28.62,43.21,13.31,28.0,3.0,31.0,1,0.5576,1.0838,1
LJ500_R063_C082,63,82,702250,9532750,2500,1000,2021,9,2021-09,33,20.02,28.62,43.21,13.31,28.0,3.0,31.0,1,0.5808,1.2097,1
LJ500_R063_C083,63,83,702750,9532750,3000,1000,2021,9,2021-09,33,20.02,28.62,43.21,13.31,28.0,3.0,31.0,1,0.8439,1.8941,1
LJ500_R063_C084,63,84,703250,9532750,3500,1000,2021,9,2021-09,33,20.02,28.62,43.21,13.31,28.0,3.0,31.0,1,0.8666,1.9679,1
LJ500_R063_C085,63,85,703750,9532750,4000,1000,2021,9,2021-09,33,20.02,28.62,43.21,13.31,28.0,3.0,31.0,1,0.7796,2.0013,1
LJ500_R063_C086,63,86,704250,9532750,4500,1000,2021,9,2021-09,33,20.02,28.62,43.21,13.31,28.0,3.0,31.0,1,0.7494,1.9542,1
LJ500_R064_C077,64,77,699750,9533250,0,1500,2021,9,2021-09,33,17.13,20.78,33.31,11.77,28.58,2.4238,31.0,1,0.4591,0.6582,1
LJ500_R064_C078,64,78,700250,9533250,500,1500,2021,9,2021-09,33,20.02,28.62,43.21,13.31,28.0,3.0,31.0,1,0.4781,0.68,1
LJ500_R064_C079,64,79,700750,9533250,1000,1500,2021,9,2021-09,33,20.02,28.62,43.21,13.31,28.0,3.0,31.0,1,0.4806,0.674,1
LJ500_R064_C080,64,80,701250,9533250,1500,1500,2021,9,2021-09,33,20.02,28.62,43.21,13.31,28.0,3.0,31.0,1,0.4823,0.67,1
LJ500_R064_C081,64,81,701750,9533250,2000,1500,2021,9,2021-09,33,20.02,28.62,43.21,13.31,28.0,3.0,31.0,1,0.4652,0.9037,1
LJ500_R064_C082,64,82,702250,9533250,2500,1500,2021,9,2021-09,33,20.02,28.62,43.21,13.31,28.0,3.0,31.0,1,0.4597,0.98,1
LJ500_R064_C083,64,83,702750,9533250,3000,1500,2021,9,2021-09,33,20.02,28.62,43.21,13.31,28.0,3.0,31.0,1,0.8606,1.9735,1
LJ500_R064_C084,64,84,703250,9533250,3500,1500,2021,9,2021-09,33,20.02,28.62,43.21,13.31,28.0,3.0,31.0,1,0.8996,2.0969,1
LJ500_R064_C085,64,85,703750,9533250,4000,1500,2021,9,2021-09,33,20.02,28.62,43.21,13.31,28.0,3.0,31.0,1,0.8287,2.4,1
LJ500_R064_C086,64,86,704250,9533250,4500,1500,2021,9,2021-09,33,20.02,28.62,43.21,13.31,28.0,3.0,31.0,1,0.8158,2.4101,1
LJ500_R065_C077,65,77,699750,9533750,0,2000,2021,9,2021-09,33,17.12,20.74,33.27,11.76,28.58,2.4215,31.0,1,0.4464,0.647,1
LJ500_R065_C078,65,78,700250,9533750,500,2000,2021,9,2021-09,33,20.02,28.62,43.21,13.31,28.0,3.0,31.0,1,0.4461,0.6476,1
LJ500_R065_C079,65,79,700750,9533750,1000,2000,2021,9,2021-09,33,20.02,28.62,43.21,13.31,28.0,3.0,31.0,1,0.4606,0.6571,1
LJ500_R065_C080,65,80,701250,9533750,1500,2000,2021,9,2021-09,33,20.02,28.62,43.21,13.31,28.0,3.0,31.0,1,0.4703,0.6635,1
LJ500_R065_C081,65,81,701750,9533750,2000,2000,2021,9,2021-09,33,20.02,28.62,43.21,13.31,28.0,3.0,31.0,1,0.4175,0.7832,1
LJ500_R065_C082,65,82,702250,9533750,2500,2000,2021,9,2021-09,33,20.02,28.62,43.21,13.31,28.0,3.0,31.0,1,0.3999,0.8222,1
LJ500_R065_C083,65,83,702750,9533750,3000,2000,2021,9,2021-09,33,20.02,28.62,43.21,13.31,28.0,3.0,31.0,1,0.6155,1.361,1
LJ500_R065_C084,65,84,703250,9533750,3500,2000,2021,9,2021-09,33,20.02,28.62,43.21,13.31,28.0,3.0,31.0,1,0.6426,1.4376,1
LJ500_R065_C085,65,85,703750,9533750,4000,2000,2021,9,2021-09,33,20.02,28.62,43.21,13.31,28.0,3.0,31.0,1,0.7254,1.8086,1
LJ500_R065_C086,65,86,704250,9533750,4500,2000,2021,9,2021-09,33,20.02,28.62,43.21,13.31,28.0,3.0,31.0,1,0.7339,1.9057,1
LJ500_R066_C077,66,77,699750,9534250,0,2500,2021,9,2021-09,33,17.1,20.71,33.23,11.75,28.58,2.4192,31.0,1,0.4395,0.641,1
LJ500_R066_C078,66,78,700250,9534250,500,2500,2021,9,2021-09,33,20.02,28.62,43.21,13.31,28.0,3.0,31.0,1,0.4287,0.63,1
LJ500_R066_C079,66,79,700750,9534250,1000,2500,2021,9,2021-09,33,20.02,28.62,43.21,13.31,28.0,3.0,31.0,1,0.4498,0.648,1
LJ500_R066_C080,66,80,701250,9534250,1500,2500,2021,9,2021-09,33,20.02,28.62,43.21,13.31,28.0,3.0,31.0,1,0.4639,0.66,1
LJ500_R066_C081,66,81,701750,9534250,2000,2500,2021,9,2021-09,33,20.02,28.62,43.21,13.31,28.0,3.0,31.0,1,0.3926,0.7199,1
LJ500_R066_C082,66,82,702250,9534250,2500,2500,2021,9,2021-09,33,20.02,28.62,43.21,13.31,28.0,3.0,31.0,1,0.3687,0.74,1
LJ500_R066_C083,66,83,702750,9534250,3000,2500,2021,9,2021-09,33,20.02,28.62,43.21,13.31,28.0,3.0,31.0,1,0.4893,1.0455,1
LJ500_R066_C084,66,84,703250,9534250,3500,2500,2021,9,2021-09,33,20.02,28.62,43.21,13.31,28.0,3.0,31.0,1,0.5111,1.1006,1
LJ500_R066_C085,66,85,703750,9534250,4000,2500,2021,9,2021-09,33,20.02,28.62,43.21,13.31,28.0,3.0,31.0,1,0.6732,1.51,1
LJ500_R066_C086,66,86,704250,9534250,4500,2500,2021,9,2021-09,33,20.02,28.62,43.21,13.31,28.0,3.0,31.0,1,0.6927,1.6521,1
LJ500_R067_C077,67,77,699750,9534750,0,3000,2021,9,2021-09,33,17.09,20.68,33.19,11.75,28.58,2.4169,31.0,1,0.4358,0.633,1
LJ500_R067_C078,67,78,700250,9534750,500,3000,2021,9,2021-09,33,20.02,28.62,43.21,13.31,28.0,3.0,31.0,1,0.4178,0.622,1
LJ500_R067_C079,67,79,700750,9534750,1000,3000,2021,9,2021-09,33,20.02,28.62,43.21,13.31,28.0,3.0,31.0,1,0.4319,0.635,1
LJ500_R067_C080,67,80,701250,9534750,1500,3000,2021,9,2021-09,33,20.02,28.62,43.21,13.31,28.0,3.0,31.0,1,0.4414,0.6438,1
LJ500_R067_C081,67,81,701750,9534750,2000,3000,2021,9,2021-09,33,20.02,28.62,43.21,13.31,28.0,3.0,31.0,1,0.4282,0.6429,1
LJ500_R067_C082,67,82,702250,9534750,2500,3000,2021,9,2021-09,33,20.02,28.62,43.21,13.31,28.0,3.0,31.0,1,0.4239,0.6423,1
LJ500_R067_C083,67,83,702750,9534750,3000,3000,2021,9,2021-09,33,20.02,28.62,43.21,13.31,28.0,3.0,31.0,1,0.409,0.7345,1
LJ500_R067_C084,67,84,703250,9534750,3500,3000,2021,9,2021-09,33,20.02,28.62,43.21,13.31,28.0,3.0,31.0,1,0.4092,0.7586,1
LJ500_R067_C085,67,85,703750,9534750,4000,3000,2021,9,2021-09,33,20.02,28.62,43.21,13.31,28.0,3.0,31.0,1,0.4541,1.0583,1
LJ500_R067_C086,67,86,704250,9534750,4500,3000,2021,9,2021-09,33,20.02,28.62,43.21,13.31,28.0,3.0,31.0,1,0.504,1.1942,1
LJ500_R068_C077,68,77,699750,9535250,0,3500,2021,9,2021-09,33,17.08,20.65,33.15,11.74,28.59,2.4146,31.0,1,0.435,0.6311,1
LJ500_R068_C078,68,78,700250,9535250,500,3500,2021,9,2021-09,33,20.02,28.62,43.21,13.31,28.0,3.0,31.0,1,0.4152,0.62,1
LJ500_R068_C079,68,79,700750,9535250,1000,3500,2021,9,2021-09,33,20.02,28.62,43.21,13.31,28.0,3.0,31.0,1,0.4276,0.6319,1
LJ500_R068_C080,68,80,701250,9535250,1500,3500,2021,9,2021-09,33,20.02,28.62,43.21,13.31,28.0,3.0,31.0,1,0.4361,0.64,1
LJ500_R068_C081,68,81,701750,9535250,2000,3500,2021,9,2021-09,33,20.02,28.62,43.21,13.31,28.0,3.0,31.0,1,0.4364,0.6251,1
LJ500_R068_C082,68,82,702250,9535250,2500,3500,2021,9,2021-09,33,20.02,28.62,43.21,13.31,28.0,3.0,31.0,1,0.4365,0.62,1
LJ500_R068_C083,68,83,702750,9535250,3000,3500,2021,9,2021-09,33,20.02,28.62,43.21,13.31,28.0,3.0,31.0,1,0.3912,0.6647,1
LJ500_R068_C084,68,84,703250,9535250,3500,3500,2021,9,2021-09,33,20.02,28.62,43.21,13.31,28.0,3.0,31.0,1,0.3867,0.6825,1
LJ500_R068_C085,68,85,703750,9535250,4000,3500,2021,9,2021-09,33,20.02,28.62,43.21,13.31,28.0,3.0,31.0,1,0.4065,0.96,1
LJ500_R068_C086,68,86,704250,9535250,4500,3500,2021,9,2021-09,33,20.02,28.62,43.21,13.31,28.0,3.0,31.0,1,0.463,1.0949,1
LJ500_R069_C077,69,77,699750,9535750,0,4000,2021,9,2021-09,33,16.58,19.88,31.42,8.8371,28.04,2.9579,31.0,1,0.4132,0.6215,1
LJ500_R069_C078,69,78,700250,9535750,500,4000,2021,9,2021-09,33,21.25,29.25,43.31,14.0,28.0,3.0,31.0,1,0.4012,0.6104,1
LJ500_R069_C079,69,79,700750,9535750,1000,4000,2021,9,2021-09,33,21.25,29.25,43.31,14.01,28.0,3.0,31.0,1,0.4123,0.6165,1
LJ500_R069_C080,69,80,701250,9535750,1500,4000,2021,9,2021-09,33,21.26,29.25,43.31,14.01,28.0,3.0,31.0,1,0.4199,0.6207,1
LJ500_R069_C081,69,81,701750,9535750,2000,4000,2021,9,2021-09,33,21.26,29.25,43.31,14.01,28.0,3.0,31.0,1,0.351,0.7208,1
LJ500_R069_C082,69,82,702250,9535750,2500,4000,2021,9,2021-09,33,21.26,29.25,43.31,14.01,28.0,3.0,31.0,1,0.3268,0.7559,1
LJ500_R069_C083,69,83,702750,9535750,3000,4000,2021,9,2021-09,33,21.27,29.26,43.31,14.01,28.0,3.0,31.0,1,0.32,0.7227,1
LJ500_R069_C084,69,84,703250,9535750,3500,4000,2021,9,2021-09,33,21.27,29.26,43.31,14.02,28.0,3.0,31.0,1,0.3207,0.7163,1
LJ500_R069_C085,69,85,703750,9535750,4000,4000,2021,9,2021-09,33,21.27,29.26,43.31,14.02,28.0,3.0,31.0,1,0.3598,0.6568,1
LJ500_R069_C086,69,86,704250,9535750,4500,4000,2021,9,2021-09,33,21.28,29.26,43.31,14.02,28.0,3.0,31.0,1,0.3546,0.6623,1
LJ500_R070_C077,70,77,699750,9536250,0,4500,2021,9,2021-09,33,16.53,19.79,31.24,8.5918,28.0,3.0,31.0,1,0.4101,0.6194,1
LJ500_R070_C078,70,78,700250,9536250,500,4500,2021,9,2021-09,33,21.34,29.29,43.31,14.06,28.0,3.0,31.0,1,0.3983,0.6088,1
LJ500_R070_C079,70,79,700750,9536250,1000,4500,2021,9,2021-09,33,21.34,29.29,43.31,14.06,28.0,3.0,31.0,1,0.4082,0.6133,1
LJ500_R070_C080,70,80,701250,9536250,1500,4500,2021,9,2021-09,33,21.34,29.29,43.31,14.06,28.0,3.0,31.0,1,0.415,0.6163,1
LJ500_R070_C081,70,81,701750,9536250,2000,4500,2021,9,2021-09,33,21.34,29.29,43.31,14.06,28.0,3.0,31.0,1,0.3517,0.7086,1
LJ500_R070_C082,70,82,702250,9536250,2500,4500,2021,9,2021-09,33,21.34,29.29,43.31,14.06,28.0,3.0,31.0,1,0.3296,0.7408,1
LJ500_R070_C083,70,83,702750,9536250,3000,4500,2021,9,2021-09,33,21.34,29.29,43.31,14.06,28.0,3.0,31.0,1,0.3264,0.7061,1
LJ500_R070_C084,70,84,703250,9536250,3500,4500,2021,9,2021-09,33,21.34,29.29,43.31,14.06,28.0,3.0,31.0,1,0.3273,0.6993,1
LJ500_R070_C085,70,85,703750,9536250,4000,4500,2021,9,2021-09,33,21.34,29.29,43.31,14.06,28.0,3.0,31.0,1,0.3561,0.646,1
LJ500_R070_C086,70,86,704250,9536250,4500,4500,2021,9,2021-09,33,21.34,29.29,43.31,14.06,28.0,3.0,31.0,1,0.3531,0.6602,1
LJ500_R061_C077,61,77,699750,9531750,0,0,2021,10,2021-10,34,14.35,31.51,35.22,7.8982,28.0,2.0,30.0,1,0.5726,0.7806,1
LJ500_R061_C078,61,78,700250,9531750,500,0,2021,10,2021-10,34,18.29,38.31,46.91,9.7023,28.0,2.0,30.0,1,0.5761,0.7966,1
LJ500_R061_C079,61,79,700750,9531750,1000,0,2021,10,2021-10,34,18.29,38.31,46.91,9.7023,28.0,2.0,30.0,1,0.5666,0.8068,1
LJ500_R061_C080,61,80,701250,9531750,1500,0,2021,10,2021-10,34,18.29,38.31,46.91,9.7023,28.0,2.0,30.0,1,0.5605,0.8134,1
LJ500_R061_C081,61,81,701750,9531750,2000,0,2021,10,2021-10,34,18.29,38.31,46.91,9.7023,28.0,2.0,30.0,1,0.5794,0.9626,1
LJ500_R061_C082,61,82,702250,9531750,2500,0,2021,10,2021-10,34,18.29,38.31,46.91,9.7023,28.0,2.0,30.0,1,0.5862,1.0104,1
LJ500_R061_C083,61,83,702750,9531750,3000,0,2021,10,2021-10,34,18.29,38.31,46.91,9.7023,28.0,2.0,30.0,1,0.6469,1.092,1
LJ500_R061_C084,61,84,703250,9531750,3500,0,2021,10,2021-10,34,18.29,38.31,46.91,9.7023,28.0,2.0,30.0,1,0.6503,1.0958,1
LJ500_R061_C085,61,85,703750,9531750,4000,0,2021,10,2021-10,34,18.29,38.31,46.91,9.7023,28.0,2.0,30.0,1,0.5941,1.0114,1
LJ500_R061_C086,61,86,704250,9531750,4500,0,2021,10,2021-10,34,18.29,38.31,46.91,9.7023,28.0,2.0,30.0,1,0.5761,0.9826,1
LJ500_R062_C077,62,77,699750,9532250,0,500,2021,10,2021-10,34,14.33,31.48,35.17,7.8908,28.0,2.0,30.0,1,0.5541,0.7538,1
LJ500_R062_C078,62,78,700250,9532250,500,500,2021,10,2021-10,34,18.29,38.31,46.91,9.7023,28.0,2.0,30.0,1,0.5617,0.77,1
LJ500_R062_C079,62,79,700750,9532250,1000,500,2021,10,2021-10,34,18.29,38.31,46.91,9.7023,28.0,2.0,30.0,1,0.5393,0.8004,1
LJ500_R062_C080,62,80,701250,9532250,1500,500,2021,10,2021-10,34,18.29,38.31,46.91,9.7023,28.0,2.0,30.0,1,0.525,0.82,1
LJ500_R062_C081,62,81,701750,9532250,2000,500,2021,10,2021-10,34,18.29,38.31,46.91,9.7023,28.0,2.0,30.0,1,0.7348,1.1385,1
LJ500_R062_C082,62,82,702250,9532250,2500,500,2021,10,2021-10,34,18.29,38.31,46.91,9.7023,28.0,2.0,30.0,1,0.8017,1.24,1
LJ500_R062_C083,62,83,702750,9532250,3000,500,2021,10,2021-10,34,18.29,38.31,46.91,9.7023,28.0,2.0,30.0,1,0.9315,1.4216,1
LJ500_R062_C084,62,84,703250,9532250,3500,500,2021,10,2021-10,34,18.29,38.31,46.91,9.7023,28.0,2.0,30.0,1,0.9383,1.4325,1
LJ500_R062_C085,62,85,703750,9532250,4000,500,2021,10,2021-10,34,18.29,38.31,46.91,9.7023,28.0,2.0,30.0,1,0.834,1.31,1
LJ500_R062_C086,62,86,704250,9532250,4500,500,2021,10,2021-10,34,18.29,38.31,46.91,9.7023,28.0,2.0,30.0,1,0.7811,1.2376,1
LJ500_R063_C077,63,77,699750,9532750,0,1000,2021,10,2021-10,34,14.31,31.45,35.12,7.8835,28.0,2.0,30.0,1,0.5343,0.7368,1
LJ500_R063_C078,63,78,700250,9532750,500,1000,2021,10,2021-10,34,18.29,38.31,46.91,9.7023,28.0,2.0,30.0,1,0.5474,0.7503,1
LJ500_R063_C079,63,79,700750,9532750,1000,1000,2021,10,2021-10,34,18.29,38.31,46.91,9.7023,28.0,2.0,30.0,1,0.534,0.7776,1
LJ500_R063_C080,63,80,701250,9532750,1500,1000,2021,10,2021-10,34,18.29,38.31,46.91,9.7023,28.0,2.0,30.0,1,0.5253,0.7952,1
LJ500_R063_C081,63,81,701750,9532750,2000,1000,2021,10,2021-10,34,18.29,38.31,46.91,9.7023,28.0,2.0,30.0,1,0.6351,1.0222,1
LJ500_R063_C082,63,82,702250,9532750,2500,1000,2021,10,2021-10,34,18.29,38.31,46.91,9.7023,28.0,2.0,30.0,1,0.6698,1.0948,1
LJ500_R063_C083,63,83,702750,9532750,3000,1000,2021,10,2021-10,34,18.29,38.31,46.91,9.7023,28.0,2.0,30.0,1,0.9423,1.5849,1
LJ500_R063_C084,63,84,703250,9532750,3500,1000,2021,10,2021-10,34,18.29,38.31,46.91,9.7023,28.0,2.0,30.0,1,0.9668,1.6473,1
LJ500_R063_C085,63,85,703750,9532750,4000,1000,2021,10,2021-10,34,18.29,38.31,46.91,9.7023,28.0,2.0,30.0,1,0.897,1.8279,1
LJ500_R063_C086,63,86,704250,9532750,4500,1000,2021,10,2021-10,34,18.29,38.31,46.91,9.7023,28.0,2.0,30.0,1,0.8668,1.8077,1
LJ500_R064_C077,64,77,699750,9533250,0,1500,2021,10,2021-10,34,14.3,31.43,35.07,7.8762,28.0,2.0,30.0,1,0.5136,0.7191,1
LJ500_R064_C078,64,78,700250,9533250,500,1500,2021,10,2021-10,34,18.29,38.31,46.91,9.7023,28.0,2.0,30.0,1,0.5327,0.73,1
LJ500_R064_C079,64,79,700750,9533250,1000,1500,2021,10,2021-10,34,18.29,38.31,46.91,9.7023,28.0,2.0,30.0,1,0.5284,0.7542,1
LJ500_R064_C080,64,80,701250,9533250,1500,1500,2021,10,2021-10,34,18.29,38.31,46.91,9.7023,28.0,2.0,30.0,1,0.5257,0.77,1
LJ500_R064_C081,64,81,701750,9533250,2000,1500,2021,10,2021-10,34,18.29,38.31,46.91,9.7023,28.0,2.0,30.0,1,0.5352,0.9057,1
LJ500_R064_C082,64,82,702250,9533250,2500,1500,2021,10,2021-10,34,18.29,38.31,46.91,9.7023,28.0,2.0,30.0,1,0.5383,0.95,1
LJ500_R064_C083,64,83,702750,9533250,3000,1500,2021,10,2021-10,34,18.29,38.31,46.91,9.7023,28.0,2.0,30.0,1,0.9523,1.7448,1
LJ500_R064_C084,64,84,703250,9533250,3500,1500,2021,10,2021-10,34,18.29,38.31,46.91,9.7023,28.0,2.0,30.0,1,0.9946,1.8563,1
LJ500_R064_C085,64,85,703750,9533250,4000,1500,2021,10,2021-10,34,18.29,38.31,46.91,9.7023,28.0,2.0,30.0,1,0.958,2.33,1
LJ500_R064_C086,64,86,704250,9533250,4500,1500,2021,10,2021-10,34,18.29,38.31,46.91,9.7023,28.0,2.0,30.0,1,0.9486,2.3543,1
LJ500_R065_C077,65,77,699750,9533750,0,2000,2021,10,2021-10,34,14.28,31.4,35.03,7.8688,28.0,2.0,30.0,1,0.502,0.7038,1
LJ500_R065_C078,65,78,700250,9533750,500,2000,2021,10,2021-10,34,18.29,38.31,46.91,9.7023,28.0,2.0,30.0,1,0.5022,0.7041,1
LJ500_R065_C079,65,79,700750,9533750,1000,2000,2021,10,2021-10,34,18.29,38.31,46.91,9.7023,28.0,2.0,30.0,1,0.5129,0.7281,1
LJ500_R065_C080,65,80,701250,9533750,1500,2000,2021,10,2021-10,34,18.29,38.31,46.91,9.7023,28.0,2.0,30.0,1,0.52,0.7439,1
LJ500_R065_C081,65,81,701750,9533750,2000,2000,2021,10,2021-10,34,18.29,38.31,46.91,9.7023,28.0,2.0,30.0,1,0.4757,0.8397,1
LJ500_R065_C082,65,82,702250,9533750,2500,2000,2021,10,2021-10,34,18.29,38.31,46.91,9.7023,28.0,2.0,30.0,1,0.4608,0.8711,1
LJ500_R065_C083,65,83,702750,9533750,3000,2000,2021,10,2021-10,34,18.29,38.31,46.91,9.7023,28.0,2.0,30.0,1,0.7038,1.2476,1
LJ500_R065_C084,65,84,703250,9533750,3500,2000,2021,10,2021-10,34,18.29,38.31,46.91,9.7023,28.0,2.0,30.0,1,0.7352,1.3046,1
LJ500_R065_C085,65,85,703750,9533750,4000,2000,2021,10,2021-10,34,18.29,38.31,46.91,9.7023,28.0,2.0,30.0,1,0.8422,1.6323,1
LJ500_R065_C086,65,86,704250,9533750,4500,2000,2021,10,2021-10,34,18.29,38.31,46.91,9.7023,28.0,2.0,30.0,1,0.8554,1.7549,1
LJ500_R066_C077,66,77,699750,9534250,0,2500,2021,10,2021-10,34,14.27,31.37,34.98,7.8615,28.0,2.0,30.0,1,0.4957,0.6955,1
LJ500_R066_C078,66,78,700250,9534250,500,2500,2021,10,2021-10,34,18.29,38.31,46.91,9.7023,28.0,2.0,30.0,1,0.4857,0.69,1
LJ500_R066_C079,66,79,700750,9534250,1000,2500,2021,10,2021-10,34,18.29,38.31,46.91,9.7023,28.0,2.0,30.0,1,0.5045,0.714,1
LJ500_R066_C080,66,80,701250,9534250,1500,2500,2021,10,2021-10,34,18.29,38.31,46.91,9.7023,28.0,2.0,30.0,1,0.517,0.73,1
LJ500_R066_C081,66,81,701750,9534250,2000,2500,2021,10,2021-10,34,18.29,38.31,46.91,9.7023,28.0,2.0,30.0,1,0.4446,0.8049,1
LJ500_R066_C082,66,82,702250,9534250,2500,2500,2021,10,2021-10,34,18.29,38.31,46.91,9.7023,28.0,2.0,30.0,1,0.4203,0.83,1
LJ500_R066_C083,66,83,702750,9534250,3000,2500,2021,10,2021-10,34,18.29,38.31,46.91,9.7023,28.0,2.0,30.0,1,0.5758,0.9917,1
LJ500_R066_C084,66,84,703250,9534250,3500,2500,2021,10,2021-10,34,18.29,38.31,46.91,9.7023,28.0,2.0,30.0,1,0.6025,1.023,1
LJ500_R066_C085,66,85,703750,9534250,4000,2500,2021,10,2021-10,34,18.29,38.31,46.91,9.7023,28.0,2.0,30.0,1,0.7837,1.28,1
LJ500_R066_C086,66,86,704250,9534250,4500,2500,2021,10,2021-10,34,18.29,38.31,46.91,9.7023,28.0,2.0,30.0,1,0.8085,1.4537,1
LJ500_R067_C077,67,77,699750,9534750,0,3000,2021,10,2021-10,34,14.25,31.34,34.93,7.8542,28.0,2.0,30.0,1,0.4902,0.7016,1
LJ500_R067_C078,67,78,700250,9534750,500,3000,2021,10,2021-10,34,18.29,38.31,46.91,9.7023,28.0,2.0,30.0,1,0.4765,0.6739,1
LJ500_R067_C079,67,79,700750,9534750,1000,3000,2021,10,2021-10,34,18.29,38.31,46.91,9.7023,28.0,2.0,30.0,1,0.4893,0.6929,1
LJ500_R067_C080,67,80,701250,9534750,1500,3000,2021,10,2021-10,34,18.29,38.31,46.91,9.7023,28.0,2.0,30.0,1,0.4978,0.7057,1
LJ500_R067_C081,67,81,701750,9534750,2000,3000,2021,10,2021-10,34,18.29,38.31,46.91,9.7023,28.0,2.0,30.0,1,0.4792,0.7379,1
LJ500_R067_C082,67,82,702250,9534750,2500,3000,2021,10,2021-10,34,18.29,38.31,46.91,9.7023,28.0,2.0,30.0,1,0.473,0.7486,1
LJ500_R067_C083,67,83,702750,9534750,3000,3000,2021,10,2021-10,34,18.29,38.31,46.91,9.7023,28.0,2.0,30.0,1,0.4616,0.7926,1
LJ500_R067_C084,67,84,703250,9534750,3500,3000,2021,10,2021-10,34,18.29,38.31,46.91,9.7023,28.0,2.0,30.0,1,0.4637,0.8042,1
LJ500_R067_C085,67,85,703750,9534750,4000,3000,2021,10,2021-10,34,18.29,38.31,46.91,9.7023,28.0,2.0,30.0,1,0.543,0.9515,1
LJ500_R067_C086,67,86,704250,9534750,4500,3000,2021,10,2021-10,34,18.29,38.31,46.91,9.7023,28.0,2.0,30.0,1,0.599,1.0579,1
LJ500_R068_C077,68,77,699750,9535250,0,3500,2021,10,2021-10,34,14.23,31.32,34.88,7.8469,28.0,2.0,30.0,1,0.4889,0.7033,1
LJ500_R068_C078,68,78,700250,9535250,500,3500,2021,10,2021-10,34,18.29,38.31,46.91,9.7023,28.0,2.0,30.0,1,0.4743,0.67,1
LJ500_R068_C079,68,79,700750,9535250,1000,3500,2021,10,2021-10,34,18.29,38.31,46.91,9.7023,28.0,2.0,30.0,1,0.4856,0.6878,1
LJ500_R068_C080,68,80,701250,9535250,1500,3500,2021,10,2021-10,34,18.29,38.31,46.91,9.7023,28.0,2.0,30.0,1,0.4933,0.7,1
LJ500_R068_C081,68,81,701750,9535250,2000,3500,2021,10,2021-10,34,18.29,38.31,46.91,9.7023,28.0,2.0,30.0,1,0.4871,0.7223,1
LJ500_R068_C082,68,82,702250,9535250,2500,3500,2021,10,2021-10,34,18.29,38.31,46.91,9.7023,28.0,2.0,30.0,1,0.485,0.73,1
LJ500_R068_C083,68,83,702750,9535250,3000,3500,2021,10,2021-10,34,18.29,38.31,46.91,9.7023,28.0,2.0,30.0,1,0.4361,0.7479,1
LJ500_R068_C084,68,84,703250,9535250,3500,3500,2021,10,2021-10,34,18.29,38.31,46.91,9.7023,28.0,2.0,30.0,1,0.4329,0.7556,1
LJ500_R068_C085,68,85,703750,9535250,4000,3500,2021,10,2021-10,34,18.29,38.31,46.91,9.7023,28.0,2.0,30.0,1,0.4907,0.88,1
LJ500_R068_C086,68,86,704250,9535250,4500,3500,2021,10,2021-10,34,18.29,38.31,46.91,9.7023,28.0,2.0,30.0,1,0.5535,0.9725,1
LJ500_R069_C077,69,77,699750,9535750,0,4000,2021,10,2021-10,34,12.92,29.5,32.8,5.6176,27.07,2.9287,30.0,1,0.4705,0.6682,1
LJ500_R069_C078,69,78,700250,9535750,500,4000,2021,10,2021-10,34,17.34,38.59,46.59,7.4787,27.07,2.931,30.0,1,0.4602,0.6508,1
LJ500_R069_C079,69,79,700750,9535750,1000,4000,2021,10,2021-10,34,17.34,38.59,46.59,7.4731,27.07,2.9333,30.0,1,0.4686,0.6799,1
LJ500_R069_C080,69,80,701250,9535750,1500,4000,2021,10,2021-10,34,17.33,38.59,46.59,7.4676,27.06,2.9356,30.0,1,0.4743,0.7,1
LJ500_R069_C081,69,81,701750,9535750,2000,4000,2021,10,2021-10,34,17.33,38.59,46.58,7.4621,27.06,2.9379,30.0,1,0.4115,0.7798,1
LJ500_R069_C082,69,82,702250,9535750,2500,4000,2021,10,2021-10,34,17.33,38.59,46.58,7.4565,27.06,2.9403,30.0,1,0.3895,0.8077,1
LJ500_R069_C083,69,83,702750,9535750,3000,4000,2021,10,2021-10,34,17.33,38.59,46.58,7.4509,27.06,2.9426,30.0,1,0.377,0.7823,1
LJ500_R069_C084,69,84,703250,9535750,3500,4000,2021,10,2021-10,34,17.32,38.59,46.58,7.4454,27.06,2.9449,30.0,1,0.3767,0.7766,1
LJ500_R069_C085,69,85,703750,9535750,4000,4000,2021,10,2021-10,34,17.32,38.59,46.58,7.4398,27.05,2.9473,30.0,1,0.4079,0.7137,1
LJ500_R069_C086,69,86,704250,9535750,4500,4000,2021,10,2021-10,34,17.32,38.59,46.58,7.4341,27.05,2.9496,30.0,1,0.4031,0.7169,1
LJ500_R070_C077,70,77,699750,9536250,0,4500,2021,10,2021-10,34,12.8,29.33,32.59,5.4396,27.0,3.0,30.0,1,0.4675,0.6657,1
LJ500_R070_C078,70,78,700250,9536250,500,4500,2021,10,2021-10,34,17.27,38.61,46.56,7.3138,27.0,3.0,30.0,1,0.4578,0.6476,1
LJ500_R070_C079,70,79,700750,9536250,1000,4500,2021,10,2021-10,34,17.27,38.61,46.56,7.3138,27.0,3.0,30.0,1,0.4644,0.6778,1
LJ500_R070_C080,70,80,701250,9536250,1500,4500,2021,10,2021-10,34,17.27,38.61,46.56,7.3138,27.0,3.0,30.0,1,0.4689,0.6988,1
LJ500_R070_C081,70,81,701750,9536250,2000,4500,2021,10,2021-10,34,17.27,38.61,46.56,7.3138,27.0,3.0,30.0,1,0.4112,0.769,1
LJ500_R070_C082,70,82,702250,9536250,2500,4500,2021,10,2021-10,34,17.27,38.61,46.56,7.3138,27.0,3.0,30.0,1,0.3911,0.7934,1
LJ500_R070_C083,70,83,702750,9536250,3000,4500,2021,10,2021-10,34,17.27,38.61,46.56,7.3138,27.0,3.0,30.0,1,0.3835,0.7687,1
LJ500_R070_C084,70,84,703250,9536250,3500,4500,2021,10,2021-10,34,17.27,38.61,46.56,7.3138,27.0,3.0,30.0,1,0.3835,0.7631,1
LJ500_R070_C085,70,85,703750,9536250,4000,4500,2021,10,2021-10,34,17.27,38.61,46.56,7.3138,27.0,3.0,30.0,1,0.4037,0.706,1
LJ500_R070_C086,70,86,704250,9536250,4500,4500,2021,10,2021-10,34,17.27,38.61,46.56,7.3138,27.0,3.0,30.0,1,0.4023,0.7158,1
LJ500_R061_C077,61,77,699750,9531750,0,0,2021,11,2021-11,35,56.64,70.99,88.15,11.51,23.0,8.0,31.0,1,0.3476,0.7788,1
LJ500_R061_C078,61,78,700250,9531750,500,0,2021,11,2021-11,35,63.87,82.16,102.18,12.15,23.0,8.0,31.0,1,0.3562,0.7966,1
LJ500_R061_C079,61,79,700750,9531750,1000,0,2021,11,2021-11,35,63.87,82.16,102.18,12.15,23.0,8.0,31.0,1,0.3592,0.7966,1
LJ500_R061_C080,61,80,701250,9531750,1500,0,2021,11,2021-11,35,63.87,82.16,102.18,12.15,23.0,8.0,31.0,1,0.3611,0.7966,1
LJ500_R061_C081,61,81,701750,9531750,2000,0,2021,11,2021-11,35,63.87,82.16,102.18,12.15,23.0,8.0,31.0,1,0.4208,0.8676,1
LJ500_R061_C082,61,82,702250,9531750,2500,0,2021,11,2021-11,35,63.87,82.16,102.18,12.15,23.0,8.0,31.0,1,0.4401,0.891,1
LJ500_R061_C083,61,83,702750,9531750,3000,0,2021,11,2021-11,35,63.87,82.16,102.18,12.15,23.0,8.0,31.0,1,0.4844,0.9508,1
LJ500_R061_C084,61,84,703250,9531750,3500,0,2021,11,2021-11,35,63.87,82.16,102.18,12.15,23.0,8.0,31.0,1,0.4864,0.9536,1
LJ500_R061_C085,61,85,703750,9531750,4000,0,2021,11,2021-11,35,63.87,82.16,102.18,12.15,23.0,8.0,31.0,1,0.4389,0.8885,1
LJ500_R061_C086,61,86,704250,9531750,4500,0,2021,11,2021-11,35,63.87,82.16,102.18,12.15,23.0,8.0,31.0,1,0.4277,0.8676,1
LJ500_R062_C077,62,77,699750,9532250,0,500,2021,11,2021-11,35,56.61,70.94,88.09,11.51,23.0,8.0,31.0,1,0.3339,0.7484,1
LJ500_R062_C078,62,78,700250,9532250,500,500,2021,11,2021-11,35,63.87,82.16,102.18,12.15,23.0,8.0,31.0,1,0.3448,0.77,1
LJ500_R062_C079,62,79,700750,9532250,1000,500,2021,11,2021-11,35,63.87,82.16,102.18,12.15,23.0,8.0,31.0,1,0.3519,0.7822,1
LJ500_R062_C080,62,80,701250,9532250,1500,500,2021,11,2021-11,35,63.87,82.16,102.18,12.15,23.0,8.0,31.0,1,0.3565,0.79,1
LJ500_R062_C081,62,81,701750,9532250,2000,500,2021,11,2021-11,35,63.87,82.16,102.18,12.15,23.0,8.0,31.0,1,0.5321,1.0706,1
LJ500_R062_C082,62,82,702250,9532250,2500,500,2021,11,2021-11,35,63.87,82.16,102.18,12.15,23.0,8.0,31.0,1,0.5881,1.16,1
LJ500_R062_C083,62,83,702750,9532250,3000,500,2021,11,2021-11,35,63.87,82.16,102.18,12.15,23.0,8.0,31.0,1,0.6639,1.278,1
LJ500_R062_C084,62,84,703250,9532250,3500,500,2021,11,2021-11,35,63.87,82.16,102.18,12.15,23.0,8.0,31.0,1,0.6678,1.2848,1
LJ500_R062_C085,62,85,703750,9532250,4000,500,2021,11,2021-11,35,63.87,82.16,102.18,12.15,23.0,8.0,31.0,1,0.6052,1.2,1
LJ500_R062_C086,62,86,704250,9532250,4500,500,2021,11,2021-11,35,63.87,82.16,102.18,12.15,23.0,8.0,31.0,1,0.5737,1.1421,1
LJ500_R063_C077,63,77,699750,9532750,0,1000,2021,11,2021-11,35,56.58,70.9,88.04,11.51,23.0,8.0,31.0,1,0.3196,0.7212,1
LJ500_R063_C078,63,78,700250,9532750,500,1000,2021,11,2021-11,35,63.87,82.16,102.18,12.15,23.0,8.0,31.0,1,0.3344,0.7454,1
LJ500_R063_C079,63,79,700750,9532750,1000,1000,2021,11,2021-11,35,63.87,82.16,102.18,12.15,23.0,8.0,31.0,1,0.3466,0.7724,1
LJ500_R063_C080,63,80,701250,9532750,1500,1000,2021,11,2021-11,35,63.87,82.16,102.18,12.15,23.0,8.0,31.0,1,0.3545,0.79,1
LJ500_R063_C081,63,81,701750,9532750,2000,1000,2021,11,2021-11,35,63.87,82.16,102.18,12.15,23.0,8.0,31.0,1,0.472,0.9567,1
LJ500_R063_C082,63,82,702250,9532750,2500,1000,2021,11,2021-11,35,63.87,82.16,102.18,12.15,23.0,8.0,31.0,1,0.5096,1.0098,1
LJ500_R063_C083,63,83,702750,9532750,3000,1000,2021,11,2021-11,35,63.87,82.16,102.18,12.15,23.0,8.0,31.0,1,0.6739,1.2452,1
LJ500_R063_C084,63,84,703250,9532750,3500,1000,2021,11,2021-11,35,63.87,82.16,102.18,12.15,23.0,8.0,31.0,1,0.6871,1.2665,1
LJ500_R063_C085,63,85,703750,9532750,4000,1000,2021,11,2021-11,35,63.87,82.16,102.18,12.15,23.0,8.0,31.0,1,0.6171,1.2102,1
LJ500_R063_C086,63,86,704250,9532750,4500,1000,2021,11,2021-11,35,63.87,82.16,102.18,12.15,23.0,8.0,31.0,1,0.5957,1.1759,1
LJ500_R064_C077,64,77,699750,9533250,0,1500,2021,11,2021-11,35,56.55,70.85,87.98,11.5,23.0,8.0,31.0,1,0.3047,0.6927,1
LJ500_R064_C078,64,78,700250,9533250,500,1500,2021,11,2021-11,35,63.87,82.16,102.18,12.15,23.0,8.0,31.0,1,0.3235,0.72,1
LJ500_R064_C079,64,79,700750,9533250,1000,1500,2021,11,2021-11,35,63.87,82.16,102.18,12.15,23.0,8.0,31.0,1,0.3411,0.7623,1
LJ500_R064_C080,64,80,701250,9533250,1500,1500,2021,11,2021-11,35,63.87,82.16,102.18,12.15,23.0,8.0,31.0,1,0.3526,0.79,1
LJ500_R064_C081,64,81,701750,9533250,2000,1500,2021,11,2021-11,35,63.87,82.16,102.18,12.15,23.0,8.0,31.0,1,0.4119,0.8428,1
LJ500_R064_C082,64,82,702250,9533250,2500,1500,2021,11,2021-11,35,63.87,82.16,102.18,12.15,23.0,8.0,31.0,1,0.4313,0.86,1
LJ500_R064_C083,64,83,702750,9533250,3000,1500,2021,11,2021-11,35,63.87,82.16,102.18,12.15,23.0,8.0,31.0,1,0.6833,1.2123,1
LJ500_R064_C084,64,84,703250,9533250,3500,1500,2021,11,2021-11,35,63.87,82.16,102.18,12.15,23.0,8.0,31.0,1,0.706,1.2484,1
LJ500_R064_C085,64,85,703750,9533250,4000,1500,2021,11,2021-11,35,63.87,82.16,102.18,12.15,23.0,8.0,31.0,1,0.6287,1.22,1
LJ500_R064_C086,64,86,704250,9533250,4500,1500,2021,11,2021-11,35,63.87,82.16,102.18,12.15,23.0,8.0,31.0,1,0.6166,1.2079,1
LJ500_R065_C077,65,77,699750,9533750,0,2000,2021,11,2021-11,35,56.52,70.81,87.92,11.5,23.0,8.0,31.0,1,0.2991,0.6822,1
LJ500_R065_C078,65,78,700250,9533750,500,2000,2021,11,2021-11,35,63.87,82.16,102.18,12.15,23.0,8.0,31.0,1,0.301,0.6811,1
LJ500_R065_C079,65,79,700750,9533750,1000,2000,2021,11,2021-11,35,63.87,82.16,102.18,12.15,23.0,8.0,31.0,1,0.3246,0.727,1
LJ500_R065_C080,65,80,701250,9533750,1500,2000,2021,11,2021-11,35,63.87,82.16,102.18,12.15,23.0,8.0,31.0,1,0.3402,0.7574,1
LJ500_R065_C081,65,81,701750,9533750,2000,2000,2021,11,2021-11,35,63.87,82.16,102.18,12.15,23.0,8.0,31.0,1,0.3618,0.7606,1
LJ500_R065_C082,65,82,702250,9533750,2500,2000,2021,11,2021-11,35,63.87,82.16,102.18,12.15,23.0,8.0,31.0,1,0.3687,0.7614,1
LJ500_R065_C083,65,83,702750,9533750,3000,2000,2021,11,2021-11,35,63.87,82.16,102.18,12.15,23.0,8.0,31.0,1,0.5371,1.0173,1
LJ500_R065_C084,65,84,703250,9533750,3500,2000,2021,11,2021-11,35,63.87,82.16,102.18,12.15,23.0,8.0,31.0,1,0.5575,1.0512,1
LJ500_R065_C085,65,85,703750,9533750,4000,2000,2021,11,2021-11,35,63.87,82.16,102.18,12.15,23.0,8.0,31.0,1,0.6041,1.1735,1
LJ500_R065_C086,65,86,704250,9533750,4500,2000,2021,11,2021-11,35,63.87,82.16,102.18,12.15,23.0,8.0,31.0,1,0.6021,1.172,1
LJ500_R066_C077,66,77,699750,9534250,0,2500,2021,11,2021-11,35,56.49,70.76,87.86,11.5,23.0,8.0,31.0,1,0.2962,0.6765,1
LJ500_R066_C078,66,78,700250,9534250,500,2500,2021,11,2021-11,35,63.87,82.16,102.18,12.15,23.0,8.0,31.0,1,0.2887,0.66,1
LJ500_R066_C079,66,79,700750,9534250,1000,2500,2021,11,2021-11,35,63.87,82.16,102.18,12.15,23.0,8.0,31.0,1,0.3156,0.708,1
LJ500_R066_C080,66,80,701250,9534250,1500,2500,2021,11,2021-11,35,63.87,82.16,102.18,12.15,23.0,8.0,31.0,1,0.3335,0.74,1
LJ500_R066_C081,66,81,701750,9534250,2000,2500,2021,11,2021-11,35,63.87,82.16,102.18,12.15,23.0,8.0,31.0,1,0.3355,0.7175,1
LJ500_R066_C082,66,82,702250,9534250,2500,2500,2021,11,2021-11,35,63.87,82.16,102.18,12.15,23.0,8.0,31.0,1,0.3361,0.71,1
LJ500_R066_C083,66,83,702750,9534250,3000,2500,2021,11,2021-11,35,63.87,82.16,102.18,12.15,23.0,8.0,31.0,1,0.4616,0.9167,1
LJ500_R066_C084,66,84,703250,9534250,3500,2500,2021,11,2021-11,35,63.87,82.16,102.18,12.15,23.0,8.0,31.0,1,0.4814,0.9501,1
LJ500_R066_C085,66,85,703750,9534250,4000,2500,2021,11,2021-11,35,63.87,82.16,102.18,12.15,23.0,8.0,31.0,1,0.5916,1.15,1
LJ500_R066_C086,66,86,704250,9534250,4500,2500,2021,11,2021-11,35,63.87,82.16,102.18,12.15,23.0,8.0,31.0,1,0.5947,1.1539,1
LJ500_R067_C077,67,77,699750,9534750,0,3000,2021,11,2021-11,35,56.46,70.71,87.81,11.5,23.0,8.0,31.0,1,0.3111,0.712,1
LJ500_R067_C078,67,78,700250,9534750,500,3000,2021,11,2021-11,35,63.87,82.16,102.18,12.15,23.0,8.0,31.0,1,0.2895,0.66,1
LJ500_R067_C079,67,79,700750,9534750,1000,3000,2021,11,2021-11,35,63.87,82.16,102.18,12.15,23.0,8.0,31.0,1,0.3094,0.6981,1
LJ500_R067_C080,67,80,701250,9534750,1500,3000,2021,11,2021-11,35,63.87,82.16,102.18,12.15,23.0,8.0,31.0,1,0.3228,0.7238,1
LJ500_R067_C081,67,81,701750,9534750,2000,3000,2021,11,2021-11,35,63.87,82.16,102.18,12.15,23.0,8.0,31.0,1,0.332,0.7377,1
LJ500_R067_C082,67,82,702250,9534750,2500,3000,2021,11,2021-11,35,63.87,82.16,102.18,12.15,23.0,8.0,31.0,1,0.3351,0.7426,1
LJ500_R067_C083,67,83,702750,9534750,3000,3000,2021,11,2021-11,35,63.87,82.16,102.18,12.15,23.0,8.0,31.0,1,0.3505,0.7512,1
LJ500_R067_C084,67,84,703250,9534750,3500,3000,2021,11,2021-11,35,63.87,82.16,102.18,12.15,23.0,8.0,31.0,1,0.3562,0.7579,1
LJ500_R067_C085,67,85,703750,9534750,4000,3000,2021,11,2021-11,35,63.87,82.16,102.18,12.15,23.0,8.0,31.0,1,0.4456,0.8872,1
LJ500_R067_C086,67,86,704250,9534750,4500,3000,2021,11,2021-11,35,63.87,82.16,102.18,12.15,23.0,8.0,31.0,1,0.4786,0.9401,1
LJ500_R068_C077,68,77,699750,9535250,0,3500,2021,11,2021-11,35,56.43,70.67,87.75,11.49,23.0,8.0,31.0,1,0.3149,0.721,1
LJ500_R068_C078,68,78,700250,9535250,500,3500,2021,11,2021-11,35,63.87,82.16,102.18,12.15,23.0,8.0,31.0,1,0.2897,0.66,1
LJ500_R068_C079,68,79,700750,9535250,1000,3500,2021,11,2021-11,35,63.87,82.16,102.18,12.15,23.0,8.0,31.0,1,0.3079,0.6957,1
LJ500_R068_C080,68,80,701250,9535250,1500,3500,2021,11,2021-11,35,63.87,82.16,102.18,12.15,23.0,8.0,31.0,1,0.3203,0.72,1
LJ500_R068_C081,68,81,701750,9535250,2000,3500,2021,11,2021-11,35,63.87,82.16,102.18,12.15,23.0,8.0,31.0,1,0.3311,0.7423,1
LJ500_R068_C082,68,82,702250,9535250,2500,3500,2021,11,2021-11,35,63.87,82.16,102.18,12.15,23.0,8.0,31.0,1,0.3348,0.75,1
LJ500_R068_C083,68,83,702750,9535250,3000,3500,2021,11,2021-11,35,63.87,82.16,102.18,12.15,23.0,8.0,31.0,1,0.3256,0.7142,1
LJ500_R068_C084,68,84,703250,9535250,3500,3500,2021,11,2021-11,35,63.87,82.16,102.18,12.15,23.0,8.0,31.0,1,0.3284,0.7152,1
LJ500_R068_C085,68,85,703750,9535250,4000,3500,2021,11,2021-11,35,63.87,82.16,102.18,12.15,23.0,8.0,31.0,1,0.4139,0.83,1
LJ500_R068_C086,68,86,704250,9535250,4500,3500,2021,11,2021-11,35,63.87,82.16,102.18,12.15,23.0,8.0,31.0,1,0.4533,0.8936,1
LJ500_R069_C077,69,77,699750,9535750,0,4000,2021,11,2021-11,35,53.12,66.04,82.63,10.61,22.62,8.3831,31.0,1,0.3035,0.6945,1
LJ500_R069_C078,69,78,700250,9535750,500,4000,2021,11,2021-11,35,63.0,80.34,101.59,11.93,22.07,8.931,31.0,1,0.2878,0.66,1
LJ500_R069_C079,69,79,700750,9535750,1000,4000,2021,11,2021-11,35,63.0,80.34,101.59,11.93,22.07,8.9333,31.0,1,0.3098,0.7013,1
LJ500_R069_C080,69,80,701250,9535750,1500,4000,2021,11,2021-11,35,63.0,80.33,101.59,11.93,22.06,8.9356,31.0,1,0.325,0.7297,1
LJ500_R069_C081,69,81,701750,9535750,2000,4000,2021,11,2021-11,35,63.0,80.33,101.59,11.93,22.06,8.9379,31.0,1,0.3321,0.7016,1
LJ500_R069_C082,69,82,702250,9535750,2500,4000,2021,11,2021-11,35,63.0,80.32,101.59,11.93,22.06,8.9403,31.0,1,0.3345,0.6917,1
LJ500_R069_C083,69,83,702750,9535750,3000,4000,2021,11,2021-11,35,62.99,80.32,101.59,11.93,22.06,8.9426,31.0,1,0.3189,0.6733,1
LJ500_R069_C084,69,84,703250,9535750,3500,4000,2021,11,2021-11,35,62.99,80.32,101.58,11.93,22.06,8.9449,31.0,1,0.3169,0.6715,1
LJ500_R069_C085,69,85,703750,9535750,4000,4000,2021,11,2021-11,35,62.99,80.31,101.58,11.93,22.05,8.9473,31.0,1,0.3161,0.6833,1
LJ500_R069_C086,69,86,704250,9535750,4500,4000,2021,11,2021-11,35,62.99,80.31,101.58,11.93,22.05,8.9496,31.0,1,0.3148,0.6785,1
LJ500_R070_C077,70,77,699750,9536250,0,4500,2021,11,2021-11,35,52.83,65.63,82.16,10.54,22.59,8.41,31.0,1,0.3034,0.6948,1
LJ500_R070_C078,70,78,700250,9536250,500,4500,2021,11,2021-11,35,62.94,80.21,101.55,11.92,22.0,9.0,31.0,1,0.2877,0.66,1
LJ500_R070_C079,70,79,700750,9536250,1000,4500,2021,11,2021-11,35,62.94,80.21,101.55,11.92,22.0,9.0,31.0,1,0.3095,0.7013,1
LJ500_R070_C080,70,80,701250,9536250,1500,4500,2021,11,2021-11,35,62.94,80.21,101.55,11.92,22.0,9.0,31.0,1,0.3246,0.73,1
LJ500_R070_C081,70,81,701750,9536250,2000,4500,2021,11,2021-11,35,62.94,80.21,101.55,11.92,22.0,9.0,31.0,1,0.3305,0.7023,1
LJ500_R070_C082,70,82,702250,9536250,2500,4500,2021,11,2021-11,35,62.94,80.21,101.55,11.92,22.0,9.0,31.0,1,0.3325,0.6926,1
LJ500_R070_C083,70,83,702750,9536250,3000,4500,2021,11,2021-11,35,62.94,80.21,101.55,11.92,22.0,9.0,31.0,1,0.3185,0.676,1
LJ500_R070_C084,70,84,703250,9536250,3500,4500,2021,11,2021-11,35,62.94,80.21,101.55,11.92,22.0,9.0,31.0,1,0.3166,0.6742,1
LJ500_R070_C085,70,85,703750,9536250,4000,4500,2021,11,2021-11,35,62.94,80.21,101.55,11.92,22.0,9.0,31.0,1,0.313,0.6787,1
LJ500_R070_C086,70,86,704250,9536250,4500,4500,2021,11,2021-11,35,62.94,80.21,101.55,11.92,22.0,9.0,31.0,1,0.3153,0.6794,1
LJ500_R061_C077,61,77,699750,9531750,0,0,2021,12,2021-12,36,64.4,121.04,135.39,14.74,18.57,11.43,30.0,1,0.129,0.358,1
LJ500_R061_C078,61,78,700250,9531750,500,0,2021,12,2021-12,36,65.93,129.8,148.09,14.87,18.0,12.0,30.0,1,0.132,0.3633,1
LJ500_R061_C079,61,79,700750,9531750,1000,0,2021,12,2021-12,36,65.93,129.8,148.09,14.87,18.0,12.0,30.0,1,0.1376,0.3694,1
LJ500_R061_C080,61,80,701250,9531750,1500,0,2021,12,2021-12,36,65.93,129.8,148.09,14.87,18.0,12.0,30.0,1,0.1412,0.3734,1
LJ500_R061_C081,61,81,701750,9531750,2000,0,2021,12,2021-12,36,65.93,129.8,148.09,14.87,18.0,12.0,30.0,1,0.2412,0.5948,1
LJ500_R061_C082,61,82,702250,9531750,2500,0,2021,12,2021-12,36,65.93,129.8,148.09,14.87,18.0,12.0,30.0,1,0.2731,0.6657,1
LJ500_R061_C083,61,83,702750,9531750,3000,0,2021,12,2021-12,36,65.93,129.8,148.09,14.87,18.0,12.0,30.0,1,0.3244,0.8021,1
LJ500_R061_C084,61,84,703250,9531750,3500,0,2021,12,2021-12,36,65.93,129.8,148.09,14.87,18.0,12.0,30.0,1,0.3269,0.8091,1
LJ500_R061_C085,61,85,703750,9531750,4000,0,2021,12,2021-12,36,65.93,129.8,148.09,14.87,18.0,12.0,30.0,1,0.2782,0.6851,1
LJ500_R061_C086,61,86,704250,9531750,4500,0,2021,12,2021-12,36,65.93,129.8,148.09,14.87,18.0,12.0,30.0,1,0.2671,0.6588,1
LJ500_R062_C077,62,77,699750,9532250,0,500,2021,12,2021-12,36,64.39,121.0,135.33,14.74,18.57,11.43,30.0,1,0.1245,0.3446,1
LJ500_R062_C078,62,78,700250,9532250,500,500,2021,12,2021-12,36,65.93,129.8,148.09,14.87,18.0,12.0,30.0,1,0.1273,0.35,1
LJ500_R062_C079,62,79,700750,9532250,1000,500,2021,12,2021-12,36,65.93,129.8,148.09,14.87,18.0,12.0,30.0,1,0.1403,0.3683,1
LJ500_R062_C080,62,80,701250,9532250,1500,500,2021,12,2021-12,36,65.93,129.8,148.09,14.87,18.0,12.0,30.0,1,0.1487,0.38,1
LJ500_R062_C081,62,81,701750,9532250,2000,500,2021,12,2021-12,36,65.93,129.8,148.09,14.87,18.0,12.0,30.0,1,0.3547,0.8654,1
LJ500_R062_C082,62,82,702250,9532250,2500,500,2021,12,2021-12,36,65.93,129.8,148.09,14.87,18.0,12.0,30.0,1,0.4203,1.02,1
LJ500_R062_C083,62,83,702750,9532250,3000,500,2021,12,2021-12,36,65.93,129.8,148.09,14.87,18.0,12.0,30.0,1,0.4996,1.2379,1
LJ500_R062_C084,62,84,703250,9532250,3500,500,2021,12,2021-12,36,65.93,129.8,148.09,14.87,18.0,12.0,30.0,1,0.5045,1.252,1
LJ500_R062_C085,62,85,703750,9532250,4000,500,2021,12,2021-12,36,65.93,129.8,148.09,14.87,18.0,12.0,30.0,1,0.4523,1.12,1
LJ500_R062_C086,62,86,704250,9532250,4500,500,2021,12,2021-12,36,65.93,129.8,148.09,14.87,18.0,12.0,30.0,1,0.4225,1.0455,1
LJ500_R063_C077,63,77,699750,9532750,0,1000,2021,12,2021-12,36,64.39,120.97,135.28,14.74,18.57,11.43,30.0,1,0.1198,0.3295,1
LJ500_R063_C078,63,78,700250,9532750,500,1000,2021,12,2021-12,36,65.93,129.8,148.09,14.87,18.0,12.0,30.0,1,0.1239,0.3402,1
LJ500_R063_C079,63,79,700750,9532750,1000,1000,2021,12,2021-12,36,65.93,129.8,148.09,14.87,18.0,12.0,30.0,1,0.1362,0.3583,1
LJ500_R063_C080,63,80,701250,9532750,1500,1000,2021,12,2021-12,36,65.93,129.8,148.09,14.87,18.0,12.0,30.0,1,0.1442,0.3701,1
LJ500_R063_C081,63,81,701750,9532750,2000,1000,2021,12,2021-12,36,65.93,129.8,148.09,14.87,18.0,12.0,30.0,1,0.3001,0.7371,1
LJ500_R063_C082,63,82,702250,9532750,2500,1000,2021,12,2021-12,36,65.93,129.8,148.09,14.87,18.0,12.0,30.0,1,0.3501,0.8548,1
LJ500_R063_C083,63,83,702750,9532750,3000,1000,2021,12,2021-12,36,65.93,129.8,148.09,14.87,18.0,12.0,30.0,1,0.5167,1.299,1
LJ500_R063_C084,63,84,703250,9532750,3500,1000,2021,12,2021-12,36,65.93,129.8,148.09,14.87,18.0,12.0,30.0,1,0.532,1.3407,1
LJ500_R063_C085,63,85,703750,9532750,4000,1000,2021,12,2021-12,36,65.93,129.8,148.09,14.87,18.0,12.0,30.0,1,0.4926,1.252,1
LJ500_R063_C086,63,86,704250,9532750,4500,1000,2021,12,2021-12,36,65.93,129.8,148.09,14.87,18.0,12.0,30.0,1,0.4751,1.2092,1
LJ500_R064_C077,64,77,699750,9533250,0,1500,2021,12,2021-12,36,64.38,120.93,135.23,14.73,18.58,11.42,30.0,1,0.1149,0.3136,1
LJ500_R064_C078,64,78,700250,9533250,500,1500,2021,12,2021-12,36,65.93,129.8,148.09,14.87,18.0,12.0,30.0,1,0.1203,0.33,1
LJ500_R064_C079,64,79,700750,9533250,1000,1500,2021,12,2021-12,36,65.93,129.8,148.09,14.87,18.0,12.0,30.0,1,0.132,0.3481,1
LJ500_R064_C080,64,80,701250,9533250,1500,1500,2021,12,2021-12,36,65.93,129.8,148.09,14.87,18.0,12.0,30.0,1,0.1397,0.36,1
LJ500_R064_C081,64,81,701750,9533250,2000,1500,2021,12,2021-12,36,65.93,129.8,148.09,14.87,18.0,12.0,30.0,1,0.2454,0.6087,1
LJ500_R064_C082,64,82,702250,9533250,2500,1500,2021,12,2021-12,36,65.93,129.8,148.09,14.87,18.0,12.0,30.0,1,0.28,0.69,1
LJ500_R064_C083,64,83,702750,9533250,3000,1500,2021,12,2021-12,36,65.93,129.8,148.09,14.87,18.0,12.0,30.0,1,0.5332,1.3584,1
LJ500_R064_C084,64,84,703250,9533250,3500,1500,2021,12,2021-12,36,65.93,129.8,148.09,14.87,18.0,12.0,30.0,1,0.5588,1.4274,1
LJ500_R064_C085,64,85,703750,9533250,4000,1500,2021,12,2021-12,36,65.93,129.8,148.09,14.87,18.0,12.0,30.0,1,0.5317,1.38,1
LJ500_R064_C086,64,86,704250,9533250,4500,1500,2021,12,2021-12,36,65.93,129.8,148.09,14.87,18.0,12.0,30.0,1,0.5254,1.3659,1
LJ500_R065_C077,65,77,699750,9533750,0,2000,2021,12,2021-12,36,64.37,120.9,135.18,14.73,18.58,11.42,30.0,1,0.1121,0.3083,1
LJ500_R065_C078,65,78,700250,9533750,500,2000,2021,12,2021-12,36,65.93,129.8,148.09,14.87,18.0,12.0,30.0,1,0.1132,0.3106,1
LJ500_R065_C079,65,79,700750,9533750,1000,2000,2021,12,2021-12,36,65.93,129.8,148.09,14.87,18.0,12.0,30.0,1,0.1232,0.3285,1
LJ500_R065_C080,65,80,701250,9533750,1500,2000,2021,12,2021-12,36,65.93,129.8,148.09,14.87,18.0,12.0,30.0,1,0.1299,0.3404,1
LJ500_R065_C081,65,81,701750,9533750,2000,2000,2021,12,2021-12,36,65.93,129.8,148.09,14.87,18.0,12.0,30.0,1,0.1956,0.4849,1
LJ500_R065_C082,65,82,702250,9533750,2500,2000,2021,12,2021-12,36,65.93,129.8,148.09,14.87,18.0,12.0,30.0,1,0.2171,0.5322,1
LJ500_R065_C083,65,83,702750,9533750,3000,2000,2021,12,2021-12,36,65.93,129.8,148.09,14.87,18.0,12.0,30.0,1,0.3882,0.9725,1
LJ500_R065_C084,65,84,703250,9533750,3500,2000,2021,12,2021-12,36,65.93,129.8,148.09,14.87,18.0,12.0,30.0,1,0.4099,1.0289,1
LJ500_R065_C085,65,85,703750,9533750,4000,2000,2021,12,2021-12,36,65.93,129.8,148.09,14.87,18.0,12.0,30.0,1,0.4747,1.2072,1
LJ500_R065_C086,65,86,704250,9533750,4500,2000,2021,12,2021-12,36,65.93,129.8,148.09,14.87,18.0,12.0,30.0,1,0.4831,1.2379,1
LJ500_R066_C077,66,77,699750,9534250,0,2500,2021,12,2021-12,36,64.37,120.86,135.13,14.73,18.58,11.42,30.0,1,0.1106,0.3055,1
LJ500_R066_C078,66,78,700250,9534250,500,2500,2021,12,2021-12,36,65.93,129.8,148.09,14.87,18.0,12.0,30.0,1,0.1093,0.3,1
LJ500_R066_C079,66,79,700750,9534250,1000,2500,2021,12,2021-12,36,65.93,129.8,148.09,14.87,18.0,12.0,30.0,1,0.1185,0.318,1
LJ500_R066_C080,66,80,701250,9534250,1500,2500,2021,12,2021-12,36,65.93,129.8,148.09,14.87,18.0,12.0,30.0,1,0.1247,0.33,1
LJ500_R066_C081,66,81,701750,9534250,2000,2500,2021,12,2021-12,36,65.93,129.8,148.09,14.87,18.0,12.0,30.0,1,0.1694,0.4199,1
LJ500_R066_C082,66,82,702250,9534250,2500,2500,2021,12,2021-12,36,65.93,129.8,148.09,14.87,18.0,12.0,30.0,1,0.1843,0.45,1
LJ500_R066_C083,66,83,702750,9534250,3000,2500,2021,12,2021-12,36,65.93,129.8,148.09,14.87,18.0,12.0,30.0,1,0.3134,0.7735,1
LJ500_R066_C084,66,84,703250,9534250,3500,2500,2021,12,2021-12,36,65.93,129.8,148.09,14.87,18.0,12.0,30.0,1,0.3337,0.8249,1
LJ500_R066_C085,66,85,703750,9534250,4000,2500,2021,12,2021-12,36,65.93,129.8,148.09,14.87,18.0,12.0,30.0,1,0.446,1.12,1
LJ500_R066_C086,66,86,704250,9534250,4500,2500,2021,12,2021-12,36,65.93,129.8,148.09,14.87,18.0,12.0,30.0,1,0.4618,1.1733,1
LJ500_R067_C077,67,77,699750,9534750,0,3000,2021,12,2021-12,36,64.36,120.83,135.08,14.73,18.58,11.42,30.0,1,0.1168,0.3152,1
LJ500_R067_C078,67,78,700250,9534750,500,3000,2021,12,2021-12,36,65.93,129.8,148.09,14.87,18.0,12.0,30.0,1,0.1085,0.292,1
LJ500_R067_C079,67,79,700750,9534750,1000,3000,2021,12,2021-12,36,65.93,129.8,148.09,14.87,18.0,12.0,30.0,1,0.1161,0.3098,1
LJ500_R067_C080,67,80,701250,9534750,1500,3000,2021,12,2021-12,36,65.93,129.8,148.09,14.87,18.0,12.0,30.0,1,0.1212,0.3219,1
LJ500_R067_C081,67,81,701750,9534750,2000,3000,2021,12,2021-12,36,65.93,129.8,148.09,14.87,18.0,12.0,30.0,1,0.14,0.3569,1
LJ500_R067_C082,67,82,702250,9534750,2500,3000,2021,12,2021-12,36,65.93,129.8,148.09,14.87,18.0,12.0,30.0,1,0.1463,0.3686,1
LJ500_R067_C083,67,83,702750,9534750,3000,3000,2021,12,2021-12,36,65.93,129.8,148.09,14.87,18.0,12.0,30.0,1,0.1816,0.4568,1
LJ500_R067_C084,67,84,703250,9534750,3500,3000,2021,12,2021-12,36,65.93,129.8,148.09,14.87,18.0,12.0,30.0,1,0.1909,0.4798,1
LJ500_R067_C085,67,85,703750,9534750,4000,3000,2021,12,2021-12,36,65.93,129.8,148.09,14.87,18.0,12.0,30.0,1,0.3088,0.7668,1
LJ500_R067_C086,67,86,704250,9534750,4500,3000,2021,12,2021-12,36,65.93,129.8,148.09,14.87,18.0,12.0,30.0,1,0.3443,0.8667,1
LJ500_R068_C077,68,77,699750,9535250,0,3500,2021,12,2021-12,36,64.36,120.79,135.02,14.73,18.59,11.41,30.0,1,0.1183,0.3177,1
LJ500_R068_C078,68,78,700250,9535250,500,3500,2021,12,2021-12,36,65.93,129.8,148.09,14.87,18.0,12.0,30.0,1,0.1083,0.29,1
LJ500_R068_C079,68,79,700750,9535250,1000,3500,2021,12,2021-12,36,65.93,129.8,148.09,14.87,18.0,12.0,30.0,1,0.1155,0.3078,1
LJ500_R068_C080,68,80,701250,9535250,1500,3500,2021,12,2021-12,36,65.93,129.8,148.09,14.87,18.0,12.0,30.0,1,0.1203,0.32,1
LJ500_R068_C081,68,81,701750,9535250,2000,3500,2021,12,2021-12,36,65.93,129.8,148.09,14.87,18.0,12.0,30.0,1,0.1332,0.3423,1
LJ500_R068_C082,68,82,702250,9535250,2500,3500,2021,12,2021-12,36,65.93,129.8,148.09,14.87,18.0,12.0,30.0,1,0.1377,0.35,1
LJ500_R068_C083,68,83,702750,9535250,3000,3500,2021,12,2021-12,36,65.93,129.8,148.09,14.87,18.0,12.0,30.0,1,0.152,0.3858,1
LJ500_R068_C084,68,84,703250,9535250,3500,3500,2021,12,2021-12,36,65.93,129.8,148.09,14.87,18.0,12.0,30.0,1,0.1591,0.403,1
LJ500_R068_C085,68,85,703750,9535250,4000,3500,2021,12,2021-12,36,65.93,129.8,148.09,14.87,18.0,12.0,30.0,1,0.279,0.69,1
LJ500_R068_C086,68,86,704250,9535250,4500,3500,2021,12,2021-12,36,65.93,129.8,148.09,14.87,18.0,12.0,30.0,1,0.3187,0.7998,1
LJ500_R069_C077,69,77,699750,9535750,0,4000,2021,12,2021-12,36,61.67,114.8,127.72,9.7402,18.59,11.41,30.0,1,0.1124,0.3072,1
LJ500_R069_C078,69,78,700250,9535750,500,4000,2021,12,2021-12,36,64.49,127.49,144.83,9.8183,18.0,12.0,30.0,1,0.1071,0.29,1
LJ500_R069_C079,69,79,700750,9535750,1000,4000,2021,12,2021-12,36,64.48,127.48,144.82,9.8058,18.0,12.0,30.0,1,0.1193,0.3135,1
LJ500_R069_C080,69,80,701250,9535750,1500,4000,2021,12,2021-12,36,64.48,127.48,144.81,9.7933,18.0,12.0,30.0,1,0.1277,0.3297,1
LJ500_R069_C081,69,81,701750,9535750,2000,4000,2021,12,2021-12,36,64.47,127.47,144.8,9.7807,18.0,12.0,30.0,1,0.1823,0.4526,1
LJ500_R069_C082,69,82,702250,9535750,2500,4000,2021,12,2021-12,36,64.47,127.47,144.8,9.7681,18.0,12.0,30.0,1,0.2014,0.4957,1
LJ500_R069_C083,69,83,702750,9535750,3000,4000,2021,12,2021-12,36,64.47,127.46,144.79,9.7554,18.0,12.0,30.0,1,0.1863,0.4622,1
LJ500_R069_C084,69,84,703250,9535750,3500,4000,2021,12,2021-12,36,64.46,127.46,144.78,9.7427,18.0,12.0,30.0,1,0.1834,0.4558,1
LJ500_R069_C085,69,85,703750,9535750,4000,4000,2021,12,2021-12,36,64.46,127.45,144.77,9.73,18.0,12.0,30.0,1,0.1558,0.3966,1
LJ500_R069_C086,69,86,704250,9535750,4500,4000,2021,12,2021-12,36,64.46,127.44,144.76,9.7173,18.0,12.0,30.0,1,0.1579,0.4016,1
LJ500_R070_C077,70,77,699750,9536250,0,4500,2021,12,2021-12,36,61.46,114.29,127.09,9.3565,18.59,11.41,30.0,1,0.1129,0.3087,1
LJ500_R070_C078,70,78,700250,9536250,500,4500,2021,12,2021-12,36,64.38,127.32,144.59,9.4442,18.0,12.0,30.0,1,0.1071,0.29,1
LJ500_R070_C079,70,79,700750,9536250,1000,4500,2021,12,2021-12,36,64.38,127.32,144.59,9.4442,18.0,12.0,30.0,1,0.1203,0.3158,1
LJ500_R070_C080,70,80,701250,9536250,1500,4500,2021,12,2021-12,36,64.38,127.32,144.59,9.4442,18.0,12.0,30.0,1,0.1294,0.3337,1
LJ500_R070_C081,70,81,701750,9536250,2000,4500,2021,12,2021-12,36,64.38,127.32,144.59,9.4442,18.0,12.0,30.0,1,0.1786,0.4447,1
LJ500_R070_C082,70,82,702250,9536250,2500,4500,2021,12,2021-12,36,64.38,127.32,144.59,9.4442,18.0,12.0,30.0,1,0.1957,0.4834,1
LJ500_R070_C083,70,83,702750,9536250,3000,4500,2021,12,2021-12,36,64.38,127.32,144.59,9.4442,18.0,12.0,30.0,1,0.1806,0.4487,1
LJ500_R070_C084,70,84,703250,9536250,3500,4500,2021,12,2021-12,36,64.38,127.32,144.59,9.4442,18.0,12.0,30.0,1,0.1777,0.442,1
LJ500_R070_C085,70,85,703750,9536250,4000,4500,2021,12,2021-12,36,64.38,127.32,144.59,9.4442,18.0,12.0,30.0,1,0.1527,0.39,1
LJ500_R070_C086,70,86,704250,9536250,4500,4500,2021,12,2021-12,36,64.38,127.32,144.59,9.4442,18.0,12.0,30.0,1,0.1588,0.4046,1
LJ500_R061_C077,61,77,699750,9531750,0,0,2022,1,2022-01,37,72.25,136.64,193.28,23.18,25.0,6.0,31.0,1,0.1814,0.4774,1
LJ500_R061_C078,61,78,700250,9531750,500,0,2022,1,2022-01,37,75.82,141.75,205.62,26.05,25.0,6.0,31.0,1,0.1903,0.4667,1
LJ500_R061_C079,61,79,700750,9531750,1000,0,2022,1,2022-01,37,75.82,141.75,205.62,26.05,25.0,6.0,31.0,1,0.2018,0.4872,1
LJ500_R061_C080,61,80,701250,9531750,1500,0,2022,1,2022-01,37,75.82,141.75,205.62,26.05,25.0,6.0,31.0,1,0.2092,0.5005,1
LJ500_R061_C081,61,81,701750,9531750,2000,0,2022,1,2022-01,37,75.82,141.75,205.62,26.05,25.0,6.0,31.0,1,0.3686,0.8921,1
LJ500_R061_C082,61,82,702250,9531750,2500,0,2022,1,2022-01,37,75.82,141.75,205.62,26.05,25.0,6.0,31.0,1,0.4194,1.0166,1
LJ500_R061_C083,61,83,702750,9531750,3000,0,2022,1,2022-01,37,75.82,141.75,205.62,26.05,25.0,6.0,31.0,1,0.483,1.1414,1
LJ500_R061_C084,61,84,703250,9531750,3500,0,2022,1,2022-01,37,75.82,141.75,205.62,26.05,25.0,6.0,31.0,1,0.4854,1.1459,1
LJ500_R061_C085,61,85,703750,9531750,4000,0,2022,1,2022-01,37,75.82,141.75,205.62,26.05,25.0,6.0,31.0,1,0.4167,1.0092,1
LJ500_R061_C086,61,86,704250,9531750,4500,0,2022,1,2022-01,37,75.82,141.75,205.62,26.05,25.0,6.0,31.0,1,0.4045,0.9883,1
LJ500_R062_C077,62,77,699750,9532250,0,500,2022,1,2022-01,37,72.23,136.62,193.23,23.17,25.0,6.0,31.0,1,0.1704,0.4816,1
LJ500_R062_C078,62,78,700250,9532250,500,500,2022,1,2022-01,37,75.82,141.75,205.62,26.05,25.0,6.0,31.0,1,0.1781,0.46,1
LJ500_R062_C079,62,79,700750,9532250,1000,500,2022,1,2022-01,37,75.82,141.75,205.62,26.05,25.0,6.0,31.0,1,0.2079,0.5209,1
LJ500_R062_C080,62,80,701250,9532250,1500,500,2022,1,2022-01,37,75.82,141.75,205.62,26.05,25.0,6.0,31.0,1,0.2271,0.56,1
LJ500_R062_C081,62,81,701750,9532250,2000,500,2022,1,2022-01,37,75.82,141.75,205.62,26.05,25.0,6.0,31.0,1,0.5229,1.2198,1
LJ500_R062_C082,62,82,702250,9532250,2500,500,2022,1,2022-01,37,75.82,141.75,205.62,26.05,25.0,6.0,31.0,1,0.6171,1.43,1
LJ500_R062_C083,62,83,702750,9532250,3000,500,2022,1,2022-01,37,75.82,141.75,205.62,26.05,25.0,6.0,31.0,1,0.676,1.4936,1
LJ500_R062_C084,62,84,703250,9532250,3500,500,2022,1,2022-01,37,75.82,141.75,205.62,26.05,25.0,6.0,31.0,1,0.6796,1.4983,1
LJ500_R062_C085,62,85,703750,9532250,4000,500,2022,1,2022-01,37,75.82,141.75,205.62,26.05,25.0,6.0,31.0,1,0.6419,1.47,1
LJ500_R062_C086,62,86,704250,9532250,4500,500,2022,1,2022-01,37,75.82,141.75,205.62,26.05,25.0,6.0,31.0,1,0.6102,1.4183,1
LJ500_R063_C077,63,77,699750,9532750,0,1000,2022,1,2022-01,37,72.22,136.6,193.18,23.16,25.0,6.0,31.0,1,0.1665,0.5056,1
LJ500_R063_C078,63,78,700250,9532750,500,1000,2022,1,2022-01,37,75.82,141.75,205.62,26.05,25.0,6.0,31.0,1,0.1703,0.46,1
LJ500_R063_C079,63,79,700750,9532750,1000,1000,2022,1,2022-01,37,75.82,141.75,205.62,26.05,25.0,6.0,31.0,1,0.1982,0.5057,1
LJ500_R063_C080,63,80,701250,9532750,1500,1000,2022,1,2022-01,37,75.82,141.75,205.62,26.05,25.0,6.0,31.0,1,0.2162,0.5352,1
LJ500_R063_C081,63,81,701750,9532750,2000,1000,2022,1,2022-01,37,75.82,141.75,205.62,26.05,25.0,6.0,31.0,1,0.4556,1.0912,1
LJ500_R063_C082,63,82,702250,9532750,2500,1000,2022,1,2022-01,37,75.82,141.75,205.62,26.05,25.0,6.0,31.0,1,0.5325,1.2698,1
LJ500_R063_C083,63,83,702750,9532750,3000,1000,2022,1,2022-01,37,75.82,141.75,205.62,26.05,25.0,6.0,31.0,1,0.6509,1.4371,1
LJ500_R063_C084,63,84,703250,9532750,3500,1000,2022,1,2022-01,37,75.82,141.75,205.62,26.05,25.0,6.0,31.0,1,0.6584,1.4542,1
LJ500_R063_C085,63,85,703750,9532750,4000,1000,2022,1,2022-01,37,75.82,141.75,205.62,26.05,25.0,6.0,31.0,1,0.5751,1.4497,1
LJ500_R063_C086,63,86,704250,9532750,4500,1000,2022,1,2022-01,37,75.82,141.75,205.62,26.05,25.0,6.0,31.0,1,0.5525,1.4204,1
LJ500_R064_C077,64,77,699750,9533250,0,1500,2022,1,2022-01,37,72.2,136.58,193.13,23.15,25.0,6.0,31.0,1,0.1624,0.5309,1
LJ500_R064_C078,64,78,700250,9533250,500,1500,2022,1,2022-01,37,75.82,141.75,205.62,26.05,25.0,6.0,31.0,1,0.1623,0.46,1
LJ500_R064_C079,64,79,700750,9533250,1000,1500,2022,1,2022-01,37,75.82,141.75,205.62,26.05,25.0,6.0,31.0,1,0.1882,0.4902,1
LJ500_R064_C080,64,80,701250,9533250,1500,1500,2022,1,2022-01,37,75.82,141.75,205.62,26.05,25.0,6.0,31.0,1,0.2052,0.51,1
LJ500_R064_C081,64,81,701750,9533250,2000,1500,2022,1,2022-01,37,75.82,141.75,205.62,26.05,25.0,6.0,31.0,1,0.3882,0.9622,1
LJ500_R064_C082,64,82,702250,9533250,2500,1500,2022,1,2022-01,37,75.82,141.75,205.62,26.05,25.0,6.0,31.0,1,0.4481,1.11,1
LJ500_R064_C083,64,83,702750,9533250,3000,1500,2022,1,2022-01,37,75.82,141.75,205.62,26.05,25.0,6.0,31.0,1,0.6258,1.381,1
LJ500_R064_C084,64,84,703250,9533250,3500,1500,2022,1,2022-01,37,75.82,141.75,205.62,26.05,25.0,6.0,31.0,1,0.6378,1.4111,1
LJ500_R064_C085,64,85,703750,9533250,4000,1500,2022,1,2022-01,37,75.82,141.75,205.62,26.05,25.0,6.0,31.0,1,0.5103,1.43,1
LJ500_R064_C086,64,86,704250,9533250,4500,1500,2022,1,2022-01,37,75.82,141.75,205.62,26.05,25.0,6.0,31.0,1,0.497,1.4219,1
LJ500_R065_C077,65,77,699750,9533750,0,2000,2022,1,2022-01,37,72.19,136.56,193.08,23.13,25.0,6.0,31.0,1,0.1557,0.5192,1
LJ500_R065_C078,65,78,700250,9533750,500,2000,2022,1,2022-01,37,75.82,141.75,205.62,26.05,25.0,6.0,31.0,1,0.1562,0.5119,1
LJ500_R065_C079,65,79,700750,9533750,1000,2000,2022,1,2022-01,37,75.82,141.75,205.62,26.05,25.0,6.0,31.0,1,0.1719,0.4756,1
LJ500_R065_C080,65,80,701250,9533750,1500,2000,2022,1,2022-01,37,75.82,141.75,205.62,26.05,25.0,6.0,31.0,1,0.1822,0.4512,1
LJ500_R065_C081,65,81,701750,9533750,2000,2000,2022,1,2022-01,37,75.82,141.75,205.62,26.05,25.0,6.0,31.0,1,0.3056,0.7739,1
LJ500_R065_C082,65,82,702250,9533750,2500,2000,2022,1,2022-01,37,75.82,141.75,205.62,26.05,25.0,6.0,31.0,1,0.3461,0.8799,1
LJ500_R065_C083,65,83,702750,9533750,3000,2000,2022,1,2022-01,37,75.82,141.75,205.62,26.05,25.0,6.0,31.0,1,0.5356,1.2682,1
LJ500_R065_C084,65,84,703250,9533750,3500,2000,2022,1,2022-01,37,75.82,141.75,205.62,26.05,25.0,6.0,31.0,1,0.5579,1.318,1
LJ500_R065_C085,65,85,703750,9533750,4000,2000,2022,1,2022-01,37,75.82,141.75,205.62,26.05,25.0,6.0,31.0,1,0.5907,1.4566,1
LJ500_R065_C086,65,86,704250,9533750,4500,2000,2022,1,2022-01,37,75.82,141.75,205.62,26.05,25.0,6.0,31.0,1,0.5706,1.4487,1
LJ500_R066_C077,66,77,699750,9534250,0,2500,2022,1,2022-01,37,72.17,136.54,193.03,23.12,25.0,6.0,31.0,1,0.152,0.5125,1
LJ500_R066_C078,66,78,700250,9534250,500,2500,2022,1,2022-01,37,75.82,141.75,205.62,26.05,25.0,6.0,31.0,1,0.1529,0.54,1
LJ500_R066_C079,66,79,700750,9534250,1000,2500,2022,1,2022-01,37,75.82,141.75,205.62,26.05,25.0,6.0,31.0,1,0.1632,0.468,1
LJ500_R066_C080,66,80,701250,9534250,1500,2500,2022,1,2022-01,37,75.82,141.75,205.62,26.05,25.0,6.0,31.0,1,0.17,0.42,1
LJ500_R066_C081,66,81,701750,9534250,2000,2500,2022,1,2022-01,37,75.82,141.75,205.62,26.05,25.0,6.0,31.0,1,0.2621,0.6747,1
LJ500_R066_C082,66,82,702250,9534250,2500,2500,2022,1,2022-01,37,75.82,141.75,205.62,26.05,25.0,6.0,31.0,1,0.2929,0.76,1
LJ500_R066_C083,66,83,702750,9534250,3000,2500,2022,1,2022-01,37,75.82,141.75,205.62,26.05,25.0,6.0,31.0,1,0.4888,1.2093,1
LJ500_R066_C084,66,84,703250,9534250,3500,2500,2022,1,2022-01,37,75.82,141.75,205.62,26.05,25.0,6.0,31.0,1,0.5167,1.2701,1
LJ500_R066_C085,66,85,703750,9534250,4000,2500,2022,1,2022-01,37,75.82,141.75,205.62,26.05,25.0,6.0,31.0,1,0.6313,1.47,1
LJ500_R066_C086,66,86,704250,9534250,4500,2500,2022,1,2022-01,37,75.82,141.75,205.62,26.05,25.0,6.0,31.0,1,0.6076,1.4621,1
LJ500_R067_C077,67,77,699750,9534750,0,3000,2022,1,2022-01,37,72.16,136.52,192.98,23.11,25.0,6.0,31.0,1,0.1599,0.4803,1
LJ500_R067_C078,67,78,700250,9534750,500,3000,2022,1,2022-01,37,75.82,141.75,205.62,26.05,25.0,6.0,31.0,1,0.1475,0.5078,1
LJ500_R067_C079,67,79,700750,9534750,1000,3000,2022,1,2022-01,37,75.82,141.75,205.62,26.05,25.0,6.0,31.0,1,0.1558,0.4505,1
LJ500_R067_C080,67,80,701250,9534750,1500,3000,2022,1,2022-01,37,75.82,141.75,205.62,26.05,25.0,6.0,31.0,1,0.1614,0.4119,1
LJ500_R067_C081,67,81,701750,9534750,2000,3000,2022,1,2022-01,37,75.82,141.75,205.62,26.05,25.0,6.0,31.0,1,0.1976,0.5021,1
LJ500_R067_C082,67,82,702250,9534750,2500,3000,2022,1,2022-01,37,75.82,141.75,205.62,26.05,25.0,6.0,31.0,1,0.2096,0.532,1
LJ500_R067_C083,67,83,702750,9534750,3000,3000,2022,1,2022-01,37,75.82,141.75,205.62,26.05,25.0,6.0,31.0,1,0.2776,0.7014,1
LJ500_R067_C084,67,84,703250,9534750,3500,3000,2022,1,2022-01,37,75.82,141.75,205.62,26.05,25.0,6.0,31.0,1,0.2937,0.7417,1
LJ500_R067_C085,67,85,703750,9534750,4000,3000,2022,1,2022-01,37,75.82,141.75,205.62,26.05,25.0,6.0,31.0,1,0.48,1.2072,1
LJ500_R067_C086,67,86,704250,9534750,4500,3000,2022,1,2022-01,37,75.82,141.75,205.62,26.05,25.0,6.0,31.0,1,0.5078,1.2549,1
LJ500_R068_C077,68,77,699750,9535250,0,3500,2022,1,2022-01,37,72.14,136.5,192.93,23.1,25.0,6.0,31.0,1,0.1619,0.4723,1
LJ500_R068_C078,68,78,700250,9535250,500,3500,2022,1,2022-01,37,75.82,141.75,205.62,26.05,25.0,6.0,31.0,1,0.1461,0.5,1
LJ500_R068_C079,68,79,700750,9535250,1000,3500,2022,1,2022-01,37,75.82,141.75,205.62,26.05,25.0,6.0,31.0,1,0.154,0.4465,1
LJ500_R068_C080,68,80,701250,9535250,1500,3500,2022,1,2022-01,37,75.82,141.75,205.62,26.05,25.0,6.0,31.0,1,0.1594,0.41,1
LJ500_R068_C081,68,81,701750,9535250,2000,3500,2022,1,2022-01,37,75.82,141.75,205.62,26.05,25.0,6.0,31.0,1,0.1826,0.4621,1
LJ500_R068_C082,68,82,702250,9535250,2500,3500,2022,1,2022-01,37,75.82,141.75,205.62,26.05,25.0,6.0,31.0,1,0.1906,0.48,1
LJ500_R068_C083,68,83,702750,9535250,3000,3500,2022,1,2022-01,37,75.82,141.75,205.62,26.05,25.0,6.0,31.0,1,0.2301,0.5873,1
LJ500_R068_C084,68,84,703250,9535250,3500,3500,2022,1,2022-01,37,75.82,141.75,205.62,26.05,25.0,6.0,31.0,1,0.244,0.6238,1
LJ500_R068_C085,68,85,703750,9535250,4000,3500,2022,1,2022-01,37,75.82,141.75,205.62,26.05,25.0,6.0,31.0,1,0.4471,1.15,1
LJ500_R068_C086,68,86,704250,9535250,4500,3500,2022,1,2022-01,37,75.82,141.75,205.62,26.05,25.0,6.0,31.0,1,0.4859,1.2097,1
LJ500_R069_C077,69,77,699750,9535750,0,4000,2022,1,2022-01,37,68.81,130.48,183.6,20.81,25.0,6.0,31.0,1,0.147,0.4242,1
LJ500_R069_C078,69,78,700250,9535750,500,4000,2022,1,2022-01,37,72.64,137.12,200.13,22.53,25.0,6.0,31.0,1,0.1399,0.4519,1
LJ500_R069_C079,69,79,700750,9535750,1000,4000,2022,1,2022-01,37,72.63,137.11,200.11,22.52,25.0,6.0,31.0,1,0.1575,0.4385,1
LJ500_R069_C080,69,80,701250,9535750,1500,4000,2022,1,2022-01,37,72.62,137.1,200.1,22.51,25.0,6.0,31.0,1,0.1696,0.4293,1
LJ500_R069_C081,69,81,701750,9535750,2000,4000,2022,1,2022-01,37,72.61,137.09,200.09,22.5,25.0,6.0,31.0,1,0.2824,0.7402,1
LJ500_R069_C082,69,82,702250,9535750,2500,4000,2022,1,2022-01,37,72.61,137.08,200.07,22.49,25.0,6.0,31.0,1,0.3219,0.849,1
LJ500_R069_C083,69,83,702750,9535750,3000,4000,2022,1,2022-01,37,72.6,137.07,200.06,22.49,25.0,6.0,31.0,1,0.2964,0.792,1
LJ500_R069_C084,69,84,703250,9535750,3500,4000,2022,1,2022-01,37,72.59,137.05,200.04,22.48,25.0,6.0,31.0,1,0.291,0.7787,1
LJ500_R069_C085,69,85,703750,9535750,4000,4000,2022,1,2022-01,37,72.58,137.04,200.03,22.47,25.0,6.0,31.0,1,0.2351,0.6218,1
LJ500_R069_C086,69,86,704250,9535750,4500,4000,2022,1,2022-01,37,72.57,137.03,200.02,22.46,25.0,6.0,31.0,1,0.2399,0.6385,1
LJ500_R070_C077,70,77,699750,9536250,0,4500,2022,1,2022-01,37,68.54,129.99,182.82,20.63,25.0,6.0,31.0,1,0.147,0.4219,1
LJ500_R070_C078,70,78,700250,9536250,500,4500,2022,1,2022-01,37,72.4,136.78,199.72,22.27,25.0,6.0,31.0,1,0.1392,0.4453,1
LJ500_R070_C079,70,79,700750,9536250,1000,4500,2022,1,2022-01,37,72.4,136.78,199.72,22.27,25.0,6.0,31.0,1,0.1593,0.4412,1
LJ500_R070_C080,70,80,701250,9536250,1500,4500,2022,1,2022-01,37,72.4,136.78,199.72,22.27,25.0,6.0,31.0,1,0.1733,0.4386,1
LJ500_R070_C081,70,81,701750,9536250,2000,4500,2022,1,2022-01,37,72.4,136.78,199.72,22.27,25.0,6.0,31.0,1,0.2752,0.7188,1
LJ500_R070_C082,70,82,702250,9536250,2500,4500,2022,1,2022-01,37,72.4,136.78,199.72,22.27,25.0,6.0,31.0,1,0.3108,0.8165,1
LJ500_R070_C083,70,83,702750,9536250,3000,4500,2022,1,2022-01,37,72.4,136.78,199.72,22.27,25.0,6.0,31.0,1,0.2829,0.7523,1
LJ500_R070_C084,70,84,703250,9536250,3500,4500,2022,1,2022-01,37,72.4,136.78,199.72,22.27,25.0,6.0,31.0,1,0.2773,0.7383,1
LJ500_R070_C085,70,85,703750,9536250,4000,4500,2022,1,2022-01,37,72.4,136.78,199.72,22.27,25.0,6.0,31.0,1,0.2296,0.6073,1
LJ500_R070_C086,70,86,704250,9536250,4500,4500,2022,1,2022-01,37,72.4,136.78,199.72,22.27,25.0,6.0,31.0,1,0.2409,0.6399,1
LJ500_R061_C077,61,77,699750,9531750,0,0,2022,2,2022-02,38,68.76,141.01,205.41,27.59,26.0,5.0,31.0,1,0.13,0.3849,1
LJ500_R061_C078,61,78,700250,9531750,500,0,2022,2,2022-02,38,68.09,143.91,209.84,27.58,26.0,5.0,31.0,1,0.1329,0.3633,1
LJ500_R061_C079,61,79,700750,9531750,1000,0,2022,2,2022-02,38,68.09,143.91,209.84,27.58,26.0,5.0,31.0,1,0.1353,0.3676,1
LJ500_R061_C080,61,80,701250,9531750,1500,0,2022,2,2022-02,38,68.09,143.91,209.84,27.58,26.0,5.0,31.0,1,0.1369,0.3704,1
LJ500_R061_C081,61,81,701750,9531750,2000,0,2022,2,2022-02,38,68.09,143.91,209.84,27.58,26.0,5.0,31.0,1,0.21,0.6035,1
LJ500_R061_C082,61,82,702250,9531750,2500,0,2022,2,2022-02,38,68.09,143.91,209.84,27.58,26.0,5.0,31.0,1,0.2334,0.6779,1
LJ500_R061_C083,61,83,702750,9531750,3000,0,2022,2,2022-02,38,68.09,143.91,209.84,27.58,26.0,5.0,31.0,1,0.2777,0.7233,1
LJ500_R061_C084,61,84,703250,9531750,3500,0,2022,2,2022-02,38,68.09,143.91,209.84,27.58,26.0,5.0,31.0,1,0.2798,0.724,1
LJ500_R061_C085,61,85,703750,9531750,4000,0,2022,2,2022-02,38,68.09,143.91,209.84,27.58,26.0,5.0,31.0,1,0.2367,0.6544,1
LJ500_R061_C086,61,86,704250,9531750,4500,0,2022,2,2022-02,38,68.09,143.91,209.84,27.58,26.0,5.0,31.0,1,0.2277,0.6372,1
LJ500_R062_C077,62,77,699750,9532250,0,500,2022,2,2022-02,38,68.77,141.0,205.39,27.59,26.0,5.0,31.0,1,0.123,0.3916,1
LJ500_R062_C078,62,78,700250,9532250,500,500,2022,2,2022-02,38,68.09,143.91,209.84,27.58,26.0,5.0,31.0,1,0.1258,0.37,1
LJ500_R062_C079,62,79,700750,9532250,1000,500,2022,2,2022-02,38,68.09,143.91,209.84,27.58,26.0,5.0,31.0,1,0.1315,0.3944,1
LJ500_R062_C080,62,80,701250,9532250,1500,500,2022,2,2022-02,38,68.09,143.91,209.84,27.58,26.0,5.0,31.0,1,0.1352,0.41,1
LJ500_R062_C081,62,81,701750,9532250,2000,500,2022,2,2022-02,38,68.09,143.91,209.84,27.58,26.0,5.0,31.0,1,0.3047,0.8271,1
LJ500_R062_C082,62,82,702250,9532250,2500,500,2022,2,2022-02,38,68.09,143.91,209.84,27.58,26.0,5.0,31.0,1,0.3587,0.96,1
LJ500_R062_C083,62,83,702750,9532250,3000,500,2022,2,2022-02,38,68.09,143.91,209.84,27.58,26.0,5.0,31.0,1,0.422,0.9509,1
LJ500_R062_C084,62,84,703250,9532250,3500,500,2022,2,2022-02,38,68.09,143.91,209.84,27.58,26.0,5.0,31.0,1,0.4257,0.9494,1
LJ500_R062_C085,62,85,703750,9532250,4000,500,2022,2,2022-02,38,68.09,143.91,209.84,27.58,26.0,5.0,31.0,1,0.3816,0.94,1
LJ500_R062_C086,62,86,704250,9532250,4500,500,2022,2,2022-02,38,68.09,143.91,209.84,27.58,26.0,5.0,31.0,1,0.3565,0.8966,1
LJ500_R063_C077,63,77,699750,9532750,0,1000,2022,2,2022-02,38,68.77,140.99,205.37,27.59,26.0,5.0,31.0,1,0.1211,0.394,1
LJ500_R063_C078,63,78,700250,9532750,500,1000,2022,2,2022-02,38,68.09,143.91,209.84,27.58,26.0,5.0,31.0,1,0.1209,0.3749,1
LJ500_R063_C079,63,79,700750,9532750,1000,1000,2022,2,2022-02,38,68.09,143.91,209.84,27.58,26.0,5.0,31.0,1,0.1275,0.3842,1
LJ500_R063_C080,63,80,701250,9532750,1500,1000,2022,2,2022-02,38,68.09,143.91,209.84,27.58,26.0,5.0,31.0,1,0.1318,0.3902,1
LJ500_R063_C081,63,81,701750,9532750,2000,1000,2022,2,2022-02,38,68.09,143.91,209.84,27.58,26.0,5.0,31.0,1,0.2569,0.7155,1
LJ500_R063_C082,63,82,702250,9532750,2500,1000,2022,2,2022-02,38,68.09,143.91,209.84,27.58,26.0,5.0,31.0,1,0.297,0.8198,1
LJ500_R063_C083,63,83,702750,9532750,3000,1000,2022,2,2022-02,38,68.09,143.91,209.84,27.58,26.0,5.0,31.0,1,0.4242,1.015,1
LJ500_R063_C084,63,84,703250,9532750,3500,1000,2022,2,2022-02,38,68.09,143.91,209.84,27.58,26.0,5.0,31.0,1,0.4351,1.0365,1
LJ500_R063_C085,63,85,703750,9532750,4000,1000,2022,2,2022-02,38,68.09,143.91,209.84,27.58,26.0,5.0,31.0,1,0.3937,1.0466,1
LJ500_R063_C086,63,86,704250,9532750,4500,1000,2022,2,2022-02,38,68.09,143.91,209.84,27.58,26.0,5.0,31.0,1,0.3802,1.0229,1
LJ500_R064_C077,64,77,699750,9533250,0,1500,2022,2,2022-02,38,68.77,140.97,205.35,27.59,26.0,5.0,31.0,1,0.1191,0.3964,1
LJ500_R064_C078,64,78,700250,9533250,500,1500,2022,2,2022-02,38,68.09,143.91,209.84,27.58,26.0,5.0,31.0,1,0.1158,0.38,1
LJ500_R064_C079,64,79,700750,9533250,1000,1500,2022,2,2022-02,38,68.09,143.91,209.84,27.58,26.0,5.0,31.0,1,0.1234,0.374,1
LJ500_R064_C080,64,80,701250,9533250,1500,1500,2022,2,2022-02,38,68.09,143.91,209.84,27.58,26.0,5.0,31.0,1,0.1284,0.37,1
LJ500_R064_C081,64,81,701750,9533250,2000,1500,2022,2,2022-02,38,68.09,143.91,209.84,27.58,26.0,5.0,31.0,1,0.2091,0.6037,1
LJ500_R064_C082,64,82,702250,9533250,2500,1500,2022,2,2022-02,38,68.09,143.91,209.84,27.58,26.0,5.0,31.0,1,0.2355,0.68,1
LJ500_R064_C083,64,83,702750,9533250,3000,1500,2022,2,2022-02,38,68.09,143.91,209.84,27.58,26.0,5.0,31.0,1,0.426,1.0774,1
LJ500_R064_C084,64,84,703250,9533250,3500,1500,2022,2,2022-02,38,68.09,143.91,209.84,27.58,26.0,5.0,31.0,1,0.4443,1.1216,1
LJ500_R064_C085,64,85,703750,9533250,4000,1500,2022,2,2022-02,38,68.09,143.91,209.84,27.58,26.0,5.0,31.0,1,0.4055,1.15,1
LJ500_R064_C086,64,86,704250,9533250,4500,1500,2022,2,2022-02,38,68.09,143.91,209.84,27.58,26.0,5.0,31.0,1,0.4028,1.1439,1
LJ500_R065_C077,65,77,699750,9533750,0,2000,2022,2,2022-02,38,68.77,140.96,205.34,27.59,26.0,5.0,31.0,1,0.1143,0.3887,1
LJ500_R065_C078,65,78,700250,9533750,500,2000,2022,2,2022-02,38,68.09,143.91,209.84,27.58,26.0,5.0,31.0,1,0.1139,0.3865,1
LJ500_R065_C079,65,79,700750,9533750,1000,2000,2022,2,2022-02,38,68.09,143.91,209.84,27.58,26.0,5.0,31.0,1,0.1168,0.3609,1
LJ500_R065_C080,65,80,701250,9533750,1500,2000,2022,2,2022-02,38,68.09,143.91,209.84,27.58,26.0,5.0,31.0,1,0.1187,0.3439,1
LJ500_R065_C081,65,81,701750,9533750,2000,2000,2022,2,2022-02,38,68.09,143.91,209.84,27.58,26.0,5.0,31.0,1,0.1647,0.498,1
LJ500_R065_C082,65,82,702250,9533750,2500,2000,2022,2,2022-02,38,68.09,143.91,209.84,27.58,26.0,5.0,31.0,1,0.1797,0.5485,1
LJ500_R065_C083,65,83,702750,9533750,3000,2000,2022,2,2022-02,38,68.09,143.91,209.84,27.58,26.0,5.0,31.0,1,0.3151,0.8553,1
LJ500_R065_C084,65,84,703250,9533750,3500,2000,2022,2,2022-02,38,68.09,143.91,209.84,27.58,26.0,5.0,31.0,1,0.3321,0.8931,1
LJ500_R065_C085,65,85,703750,9533750,4000,2000,2022,2,2022-02,38,68.09,143.91,209.84,27.58,26.0,5.0,31.0,1,0.3798,0.9839,1
LJ500_R065_C086,65,86,704250,9533750,4500,2000,2022,2,2022-02,38,68.09,143.91,209.84,27.58,26.0,5.0,31.0,1,0.3815,1.0119,1
LJ500_R066_C077,66,77,699750,9534250,0,2500,2022,2,2022-02,38,68.78,140.95,205.32,27.59,26.0,5.0,31.0,1,0.1117,0.3845,1
LJ500_R066_C078,66,78,700250,9534250,500,2500,2022,2,2022-02,38,68.09,143.91,209.84,27.58,26.0,5.0,31.0,1,0.1129,0.39,1
LJ500_R066_C079,66,79,700750,9534250,1000,2500,2022,2,2022-02,38,68.09,143.91,209.84,27.58,26.0,5.0,31.0,1,0.1133,0.354,1
LJ500_R066_C080,66,80,701250,9534250,1500,2500,2022,2,2022-02,38,68.09,143.91,209.84,27.58,26.0,5.0,31.0,1,0.1135,0.33,1
LJ500_R066_C081,66,81,701750,9534250,2000,2500,2022,2,2022-02,38,68.09,143.91,209.84,27.58,26.0,5.0,31.0,1,0.1413,0.4424,1
LJ500_R066_C082,66,82,702250,9534250,2500,2500,2022,2,2022-02,38,68.09,143.91,209.84,27.58,26.0,5.0,31.0,1,0.1506,0.48,1
LJ500_R066_C083,66,83,702750,9534250,3000,2500,2022,2,2022-02,38,68.09,143.91,209.84,27.58,26.0,5.0,31.0,1,0.2579,0.7406,1
LJ500_R066_C084,66,84,703250,9534250,3500,2500,2022,2,2022-02,38,68.09,143.91,209.84,27.58,26.0,5.0,31.0,1,0.2746,0.7762,1
LJ500_R066_C085,66,85,703750,9534250,4000,2500,2022,2,2022-02,38,68.09,143.91,209.84,27.58,26.0,5.0,31.0,1,0.3668,0.9,1
LJ500_R066_C086,66,86,704250,9534250,4500,2500,2022,2,2022-02,38,68.09,143.91,209.84,27.58,26.0,5.0,31.0,1,0.3708,0.9454,1
LJ500_R067_C077,67,77,699750,9534750,0,3000,2022,2,2022-02,38,68.78,140.94,205.3,27.59,26.0,5.0,31.0,1,0.1087,0.3418,1
LJ500_R067_C078,67,78,700250,9534750,500,3000,2022,2,2022-02,38,68.09,143.91,209.84,27.58,26.0,5.0,31.0,1,0.1072,0.3739,1
LJ500_R067_C079,67,79,700750,9534750,1000,3000,2022,2,2022-02,38,68.09,143.91,209.84,27.58,26.0,5.0,31.0,1,0.1063,0.3428,1
LJ500_R067_C080,67,80,701250,9534750,1500,3000,2022,2,2022-02,38,68.09,143.91,209.84,27.58,26.0,5.0,31.0,1,0.1057,0.3219,1
LJ500_R067_C081,67,81,701750,9534750,2000,3000,2022,2,2022-02,38,68.09,143.91,209.84,27.58,26.0,5.0,31.0,1,0.1152,0.349,1
LJ500_R067_C082,67,82,702250,9534750,2500,3000,2022,2,2022-02,38,68.09,143.91,209.84,27.58,26.0,5.0,31.0,1,0.1183,0.3579,1
LJ500_R067_C083,67,83,702750,9534750,3000,3000,2022,2,2022-02,38,68.09,143.91,209.84,27.58,26.0,5.0,31.0,1,0.1428,0.4564,1
LJ500_R067_C084,67,84,703250,9534750,3500,3000,2022,2,2022-02,38,68.09,143.91,209.84,27.58,26.0,5.0,31.0,1,0.1502,0.4778,1
LJ500_R067_C085,67,85,703750,9534750,4000,3000,2022,2,2022-02,38,68.09,143.91,209.84,27.58,26.0,5.0,31.0,1,0.2526,0.7029,1
LJ500_R067_C086,67,86,704250,9534750,4500,3000,2022,2,2022-02,38,68.09,143.91,209.84,27.58,26.0,5.0,31.0,1,0.2792,0.752,1
LJ500_R068_C077,68,77,699750,9535250,0,3500,2022,2,2022-02,38,68.78,140.93,205.28,27.59,26.0,5.0,31.0,1,0.108,0.3312,1
LJ500_R068_C078,68,78,700250,9535250,500,3500,2022,2,2022-02,38,68.09,143.91,209.84,27.58,26.0,5.0,31.0,1,0.1058,0.37,1
LJ500_R068_C079,68,79,700750,9535250,1000,3500,2022,2,2022-02,38,68.09,143.91,209.84,27.58,26.0,5.0,31.0,1,0.1047,0.3403,1
LJ500_R068_C080,68,80,701250,9535250,1500,3500,2022,2,2022-02,38,68.09,143.91,209.84,27.58,26.0,5.0,31.0,1,0.1039,0.32,1
LJ500_R068_C081,68,81,701750,9535250,2000,3500,2022,2,2022-02,38,68.09,143.91,209.84,27.58,26.0,5.0,31.0,1,0.1092,0.3274,1
LJ500_R068_C082,68,82,702250,9535250,2500,3500,2022,2,2022-02,38,68.09,143.91,209.84,27.58,26.0,5.0,31.0,1,0.111,0.33,1
LJ500_R068_C083,68,83,702750,9535250,3000,3500,2022,2,2022-02,38,68.09,143.91,209.84,27.58,26.0,5.0,31.0,1,0.117,0.3926,1
LJ500_R068_C084,68,84,703250,9535250,3500,3500,2022,2,2022-02,38,68.09,143.91,209.84,27.58,26.0,5.0,31.0,1,0.1225,0.4113,1
LJ500_R068_C085,68,85,703750,9535250,4000,3500,2022,2,2022-02,38,68.09,143.91,209.84,27.58,26.0,5.0,31.0,1,0.2277,0.66,1
LJ500_R068_C086,68,86,704250,9535250,4500,3500,2022,2,2022-02,38,68.09,143.91,209.84,27.58,26.0,5.0,31.0,1,0.2593,0.7101,1
LJ500_R069_C077,69,77,699750,9535750,0,4000,2022,2,2022-02,38,56.13,124.94,186.61,20.5,25.62,5.3831,31.0,1,0.0995,0.3183,1
LJ500_R069_C078,69,78,700250,9535750,500,4000,2022,2,2022-02,38,56.55,129.19,193.68,18.63,25.07,5.931,31.0,1,0.1012,0.3411,1
LJ500_R069_C079,69,79,700750,9535750,1000,4000,2022,2,2022-02,38,56.52,129.15,193.64,18.61,25.07,5.9333,31.0,1,0.1011,0.3,1
LJ500_R069_C080,69,80,701250,9535750,1500,4000,2022,2,2022-02,38,56.5,129.12,193.6,18.58,25.06,5.9356,31.0,1,0.1011,0.2717,1
LJ500_R069_C081,69,81,701750,9535750,2000,4000,2022,2,2022-02,38,56.47,129.08,193.56,18.56,25.06,5.9379,31.0,1,0.1488,0.4444,1
LJ500_R069_C082,69,82,702250,9535750,2500,4000,2022,2,2022-02,38,56.44,129.04,193.52,18.54,25.06,5.9403,31.0,1,0.1655,0.5048,1
LJ500_R069_C083,69,83,702750,9535750,3000,4000,2022,2,2022-02,38,56.41,129.01,193.47,18.52,25.06,5.9426,31.0,1,0.1495,0.4635,1
LJ500_R069_C084,69,84,703250,9535750,3500,4000,2022,2,2022-02,38,56.38,128.97,193.43,18.49,25.06,5.9449,31.0,1,0.1463,0.456,1
LJ500_R069_C085,69,85,703750,9535750,4000,4000,2022,2,2022-02,38,56.35,128.93,193.39,18.47,25.05,5.9473,31.0,1,0.1151,0.3959,1
LJ500_R069_C086,69,86,704250,9535750,4500,4000,2022,2,2022-02,38,56.32,128.9,193.35,18.45,25.05,5.9496,31.0,1,0.1176,0.3999,1
LJ500_R070_C077,70,77,699750,9536250,0,4500,2022,2,2022-02,38,55.16,123.7,185.15,19.96,25.59,5.41,31.0,1,0.0986,0.3147,1
LJ500_R070_C078,70,78,700250,9536250,500,4500,2022,2,2022-02,38,55.7,128.1,192.48,17.96,25.0,6.0,31.0,1,0.1004,0.3376,1
LJ500_R070_C079,70,79,700750,9536250,1000,4500,2022,2,2022-02,38,55.7,128.1,192.48,17.96,25.0,6.0,31.0,1,0.1006,0.302,1
LJ500_R070_C080,70,80,701250,9536250,1500,4500,2022,2,2022-02,38,55.7,128.1,192.48,17.96,25.0,6.0,31.0,1,0.1007,0.2774,1
LJ500_R070_C081,70,81,701750,9536250,2000,4500,2022,2,2022-02,38,55.7,128.1,192.48,17.96,25.0,6.0,31.0,1,0.1437,0.4346,1
LJ500_R070_C082,70,82,702250,9536250,2500,4500,2022,2,2022-02,38,55.7,128.1,192.48,17.96,25.0,6.0,31.0,1,0.1586,0.4895,1
LJ500_R070_C083,70,83,702750,9536250,3000,4500,2022,2,2022-02,38,55.7,128.1,192.48,17.96,25.0,6.0,31.0,1,0.1433,0.4424,1
LJ500_R070_C084,70,84,703250,9536250,3500,4500,2022,2,2022-02,38,55.7,128.1,192.48,17.96,25.0,6.0,31.0,1,0.1401,0.4343,1
LJ500_R070_C085,70,85,703750,9536250,4000,4500,2022,2,2022-02,38,55.7,128.1,192.48,17.96,25.0,6.0,31.0,1,0.1115,0.3873,1
LJ500_R070_C086,70,86,704250,9536250,4500,4500,2022,2,2022-02,38,55.7,128.1,192.48,17.96,25.0,6.0,31.0,1,0.1174,0.3995,1
LJ500_R061_C077,61,77,699750,9531750,0,0,2022,3,2022-03,39,82.25,151.01,223.26,23.94,21.43,6.5692,28.0,1,0.1564,0.4908,1
LJ500_R061_C078,61,78,700250,9531750,500,0,2022,3,2022-03,39,85.09,153.18,229.0,27.18,22.0,6.0,28.0,1,0.1526,0.5033,1
LJ500_R061_C079,61,79,700750,9531750,1000,0,2022,3,2022-03,39,85.09,153.18,229.0,27.18,22.0,6.0,28.0,1,0.1462,0.4931,1
LJ500_R061_C080,61,80,701250,9531750,1500,0,2022,3,2022-03,39,85.09,153.18,229.0,27.18,22.0,6.0,28.0,1,0.142,0.4866,1
LJ500_R061_C081,61,81,701750,9531750,2000,0,2022,3,2022-03,39,85.09,153.18,229.0,27.18,22.0,6.0,28.0,1,0.2166,0.5124,1
LJ500_R061_C082,61,82,702250,9531750,2500,0,2022,3,2022-03,39,85.09,153.18,229.0,27.18,22.0,6.0,28.0,1,0.2407,0.5216,1
LJ500_R061_C083,61,83,702750,9531750,3000,0,2022,3,2022-03,39,85.09,153.18,229.0,27.18,22.0,6.0,28.0,1,0.2977,0.6204,1
LJ500_R061_C084,61,84,703250,9531750,3500,0,2022,3,2022-03,39,85.09,153.18,229.0,27.18,22.0,6.0,28.0,1,0.3004,0.6239,1
LJ500_R061_C085,61,85,703750,9531750,4000,0,2022,3,2022-03,39,85.09,153.18,229.0,27.18,22.0,6.0,28.0,1,0.244,0.5095,1
LJ500_R061_C086,61,86,704250,9531750,4500,0,2022,3,2022-03,39,85.09,153.18,229.0,27.18,22.0,6.0,28.0,1,0.2321,0.491,1
LJ500_R062_C077,62,77,699750,9532250,0,500,2022,3,2022-03,39,82.24,151.0,223.23,23.93,21.43,6.5715,28.0,1,0.157,0.4738,1
LJ500_R062_C078,62,78,700250,9532250,500,500,2022,3,2022-03,39,85.09,153.18,229.0,27.18,22.0,6.0,28.0,1,0.1521,0.49,1
LJ500_R062_C079,62,79,700750,9532250,1000,500,2022,3,2022-03,39,85.09,153.18,229.0,27.18,22.0,6.0,28.0,1,0.1387,0.4839,1
LJ500_R062_C080,62,80,701250,9532250,1500,500,2022,3,2022-03,39,85.09,153.18,229.0,27.18,22.0,6.0,28.0,1,0.13,0.48,1
LJ500_R062_C081,62,81,701750,9532250,2000,500,2022,3,2022-03,39,85.09,153.18,229.0,27.18,22.0,6.0,28.0,1,0.341,0.7454,1
LJ500_R062_C082,62,82,702250,9532250,2500,500,2022,3,2022-03,39,85.09,153.18,229.0,27.18,22.0,6.0,28.0,1,0.4082,0.83,1
LJ500_R062_C083,62,83,702750,9532250,3000,500,2022,3,2022-03,39,85.09,153.18,229.0,27.18,22.0,6.0,28.0,1,0.4919,0.9571,1
LJ500_R062_C084,62,84,703250,9532250,3500,500,2022,3,2022-03,39,85.09,153.18,229.0,27.18,22.0,6.0,28.0,1,0.4966,0.9637,1
LJ500_R062_C085,62,85,703750,9532250,4000,500,2022,3,2022-03,39,85.09,153.18,229.0,27.18,22.0,6.0,28.0,1,0.435,0.86,1
LJ500_R062_C086,62,86,704250,9532250,4500,500,2022,3,2022-03,39,85.09,153.18,229.0,27.18,22.0,6.0,28.0,1,0.4023,0.8083,1
LJ500_R063_C077,63,77,699750,9532750,0,1000,2022,3,2022-03,39,82.22,150.99,223.21,23.92,21.43,6.5739,28.0,1,0.1583,0.4639,1
LJ500_R063_C078,63,78,700250,9532750,500,1000,2022,3,2022-03,39,85.09,153.18,229.0,27.18,22.0,6.0,28.0,1,0.1527,0.4802,1
LJ500_R063_C079,63,79,700750,9532750,1000,1000,2022,3,2022-03,39,85.09,153.18,229.0,27.18,22.0,6.0,28.0,1,0.139,0.489,1
LJ500_R063_C080,63,80,701250,9532750,1500,1000,2022,3,2022-03,39,85.09,153.18,229.0,27.18,22.0,6.0,28.0,1,0.1302,0.4949,1
LJ500_R063_C081,63,81,701750,9532750,2000,1000,2022,3,2022-03,39,85.09,153.18,229.0,27.18,22.0,6.0,28.0,1,0.2805,0.6503,1
LJ500_R063_C082,63,82,702250,9532750,2500,1000,2022,3,2022-03,39,85.09,153.18,229.0,27.18,22.0,6.0,28.0,1,0.3286,0.6998,1
LJ500_R063_C083,63,83,702750,9532750,3000,1000,2022,3,2022-03,39,85.09,153.18,229.0,27.18,22.0,6.0,28.0,1,0.5117,1.0081,1
LJ500_R063_C084,63,84,703250,9532750,3500,1000,2022,3,2022-03,39,85.09,153.18,229.0,27.18,22.0,6.0,28.0,1,0.5277,1.0388,1
LJ500_R063_C085,63,85,703750,9532750,4000,1000,2022,3,2022-03,39,85.09,153.18,229.0,27.18,22.0,6.0,28.0,1,0.4714,1.0072,1
LJ500_R063_C086,63,86,704250,9532750,4500,1000,2022,3,2022-03,39,85.09,153.18,229.0,27.18,22.0,6.0,28.0,1,0.4509,0.9808,1
LJ500_R064_C077,64,77,699750,9533250,0,1500,2022,3,2022-03,39,82.21,150.99,223.19,23.9,21.42,6.5762,28.0,1,0.1596,0.4536,1
LJ500_R064_C078,64,78,700250,9533250,500,1500,2022,3,2022-03,39,85.09,153.18,229.0,27.18,22.0,6.0,28.0,1,0.1532,0.47,1
LJ500_R064_C079,64,79,700750,9533250,1000,1500,2022,3,2022-03,39,85.09,153.18,229.0,27.18,22.0,6.0,28.0,1,0.1394,0.4942,1
LJ500_R064_C080,64,80,701250,9533250,1500,1500,2022,3,2022-03,39,85.09,153.18,229.0,27.18,22.0,6.0,28.0,1,0.1304,0.51,1
LJ500_R064_C081,64,81,701750,9533250,2000,1500,2022,3,2022-03,39,85.09,153.18,229.0,27.18,22.0,6.0,28.0,1,0.22,0.5552,1
LJ500_R064_C082,64,82,702250,9533250,2500,1500,2022,3,2022-03,39,85.09,153.18,229.0,27.18,22.0,6.0,28.0,1,0.2493,0.57,1
LJ500_R064_C083,64,83,702750,9533250,3000,1500,2022,3,2022-03,39,85.09,153.18,229.0,27.18,22.0,6.0,28.0,1,0.5309,1.0577,1
LJ500_R064_C084,64,84,703250,9533250,3500,1500,2022,3,2022-03,39,85.09,153.18,229.0,27.18,22.0,6.0,28.0,1,0.5582,1.1121,1
LJ500_R064_C085,64,85,703750,9533250,4000,1500,2022,3,2022-03,39,85.09,153.18,229.0,27.18,22.0,6.0,28.0,1,0.5068,1.15,1
LJ500_R064_C086,64,86,704250,9533250,4500,1500,2022,3,2022-03,39,85.09,153.18,229.0,27.18,22.0,6.0,28.0,1,0.4974,1.146,1
LJ500_R065_C077,65,77,699750,9533750,0,2000,2022,3,2022-03,39,82.2,150.98,223.16,23.89,21.42,6.5785,28.0,1,0.1586,0.4554,1
LJ500_R065_C078,65,78,700250,9533750,500,2000,2022,3,2022-03,39,85.09,153.18,229.0,27.18,22.0,6.0,28.0,1,0.1555,0.4506,1
LJ500_R065_C079,65,79,700750,9533750,1000,2000,2022,3,2022-03,39,85.09,153.18,229.0,27.18,22.0,6.0,28.0,1,0.145,0.4785,1
LJ500_R065_C080,65,80,701250,9533750,1500,2000,2022,3,2022-03,39,85.09,153.18,229.0,27.18,22.0,6.0,28.0,1,0.1381,0.4969,1
LJ500_R065_C081,65,81,701750,9533750,2000,2000,2022,3,2022-03,39,85.09,153.18,229.0,27.18,22.0,6.0,28.0,1,0.1694,0.4435,1
LJ500_R065_C082,65,82,702250,9533750,2500,2000,2022,3,2022-03,39,85.09,153.18,229.0,27.18,22.0,6.0,28.0,1,0.1795,0.4254,1
LJ500_R065_C083,65,83,702750,9533750,3000,2000,2022,3,2022-03,39,85.09,153.18,229.0,27.18,22.0,6.0,28.0,1,0.3715,0.7865,1
LJ500_R065_C084,65,84,703250,9533750,3500,2000,2022,3,2022-03,39,85.09,153.18,229.0,27.18,22.0,6.0,28.0,1,0.3954,0.8323,1
LJ500_R065_C085,65,85,703750,9533750,4000,2000,2022,3,2022-03,39,85.09,153.18,229.0,27.18,22.0,6.0,28.0,1,0.4598,0.9639,1
LJ500_R065_C086,65,86,704250,9533750,4500,2000,2022,3,2022-03,39,85.09,153.18,229.0,27.18,22.0,6.0,28.0,1,0.4646,0.9979,1
LJ500_R066_C077,66,77,699750,9534250,0,2500,2022,3,2022-03,39,82.19,150.97,223.14,23.88,21.42,6.5808,28.0,1,0.158,0.4565,1
LJ500_R066_C078,66,78,700250,9534250,500,2500,2022,3,2022-03,39,85.09,153.18,229.0,27.18,22.0,6.0,28.0,1,0.1568,0.44,1
LJ500_R066_C079,66,79,700750,9534250,1000,2500,2022,3,2022-03,39,85.09,153.18,229.0,27.18,22.0,6.0,28.0,1,0.148,0.47,1
LJ500_R066_C080,66,80,701250,9534250,1500,2500,2022,3,2022-03,39,85.09,153.18,229.0,27.18,22.0,6.0,28.0,1,0.1421,0.49,1
LJ500_R066_C081,66,81,701750,9534250,2000,2500,2022,3,2022-03,39,85.09,153.18,229.0,27.18,22.0,6.0,28.0,1,0.1429,0.3851,1
LJ500_R066_C082,66,82,702250,9534250,2500,2500,2022,3,2022-03,39,85.09,153.18,229.0,27.18,22.0,6.0,28.0,1,0.1432,0.35,1
LJ500_R066_C083,66,83,702750,9534250,3000,2500,2022,3,2022-03,39,85.09,153.18,229.0,27.18,22.0,6.0,28.0,1,0.2892,0.6465,1
LJ500_R066_C084,66,84,703250,9534250,3500,2500,2022,3,2022-03,39,85.09,153.18,229.0,27.18,22.0,6.0,28.0,1,0.312,0.6891,1
LJ500_R066_C085,66,85,703750,9534250,4000,2500,2022,3,2022-03,39,85.09,153.18,229.0,27.18,22.0,6.0,28.0,1,0.4361,0.87,1
LJ500_R066_C086,66,86,704250,9534250,4500,2500,2022,3,2022-03,39,85.09,153.18,229.0,27.18,22.0,6.0,28.0,1,0.448,0.9233,1
LJ500_R067_C077,67,77,699750,9534750,0,3000,2022,3,2022-03,39,82.18,150.96,223.12,23.86,21.42,6.5831,28.0,1,0.147,0.4912,1
LJ500_R067_C078,67,78,700250,9534750,500,3000,2022,3,2022-03,39,85.09,153.18,229.0,27.18,22.0,6.0,28.0,1,0.1528,0.448,1
LJ500_R067_C079,67,79,700750,9534750,1000,3000,2022,3,2022-03,39,85.09,153.18,229.0,27.18,22.0,6.0,28.0,1,0.1445,0.4683,1
LJ500_R067_C080,67,80,701250,9534750,1500,3000,2022,3,2022-03,39,85.09,153.18,229.0,27.18,22.0,6.0,28.0,1,0.139,0.4819,1
LJ500_R067_C081,67,81,701750,9534750,2000,3000,2022,3,2022-03,39,85.09,153.18,229.0,27.18,22.0,6.0,28.0,1,0.1298,0.4744,1
LJ500_R067_C082,67,82,702250,9534750,2500,3000,2022,3,2022-03,39,85.09,153.18,229.0,27.18,22.0,6.0,28.0,1,0.1266,0.4721,1
LJ500_R067_C083,67,83,702750,9534750,3000,3000,2022,3,2022-03,39,85.09,153.18,229.0,27.18,22.0,6.0,28.0,1,0.1515,0.4755,1
LJ500_R067_C084,67,84,703250,9534750,3500,3000,2022,3,2022-03,39,85.09,153.18,229.0,27.18,22.0,6.0,28.0,1,0.1599,0.4824,1
LJ500_R067_C085,67,85,703750,9534750,4000,3000,2022,3,2022-03,39,85.09,153.18,229.0,27.18,22.0,6.0,28.0,1,0.2835,0.6318,1
LJ500_R067_C086,67,86,704250,9534750,4500,3000,2022,3,2022-03,39,85.09,153.18,229.0,27.18,22.0,6.0,28.0,1,0.322,0.6983,1
LJ500_R068_C077,68,77,699750,9535250,0,3500,2022,3,2022-03,39,82.17,150.95,223.09,23.85,21.41,6.5854,28.0,1,0.1443,0.4999,1
LJ500_R068_C078,68,78,700250,9535250,500,3500,2022,3,2022-03,39,85.09,153.18,229.0,27.18,22.0,6.0,28.0,1,0.1518,0.45,1
LJ500_R068_C079,68,79,700750,9535250,1000,3500,2022,3,2022-03,39,85.09,153.18,229.0,27.18,22.0,6.0,28.0,1,0.1437,0.4678,1
LJ500_R068_C080,68,80,701250,9535250,1500,3500,2022,3,2022-03,39,85.09,153.18,229.0,27.18,22.0,6.0,28.0,1,0.1382,0.48,1
LJ500_R068_C081,68,81,701750,9535250,2000,3500,2022,3,2022-03,39,85.09,153.18,229.0,27.18,22.0,6.0,28.0,1,0.1268,0.4949,1
LJ500_R068_C082,68,82,702250,9535250,2500,3500,2022,3,2022-03,39,85.09,153.18,229.0,27.18,22.0,6.0,28.0,1,0.1229,0.5,1
LJ500_R068_C083,68,83,702750,9535250,3000,3500,2022,3,2022-03,39,85.09,153.18,229.0,27.18,22.0,6.0,28.0,1,0.1206,0.4374,1
LJ500_R068_C084,68,84,703250,9535250,3500,3500,2022,3,2022-03,39,85.09,153.18,229.0,27.18,22.0,6.0,28.0,1,0.126,0.4365,1
LJ500_R068_C085,68,85,703750,9535250,4000,3500,2022,3,2022-03,39,85.09,153.18,229.0,27.18,22.0,6.0,28.0,1,0.2504,0.58,1
LJ500_R068_C086,68,86,704250,9535250,4500,3500,2022,3,2022-03,39,85.09,153.18,229.0,27.18,22.0,6.0,28.0,1,0.2945,0.6494,1
LJ500_R069_C077,69,77,699750,9535750,0,4000,2022,3,2022-03,39,73.07,129.2,198.01,23.91,22.34,5.659,28.0,1,0.1448,0.4937,1
LJ500_R069_C078,69,78,700250,9535750,500,4000,2022,3,2022-03,39,77.35,133.91,206.54,25.05,22.93,5.069,28.0,1,0.1487,0.4596,1
LJ500_R069_C079,69,79,700750,9535750,1000,4000,2022,3,2022-03,39,77.33,133.86,206.49,25.05,22.93,5.0667,28.0,1,0.1368,0.4889,1
LJ500_R069_C080,69,80,701250,9535750,1500,4000,2022,3,2022-03,39,77.31,133.81,206.43,25.04,22.94,5.0644,28.0,1,0.1286,0.509,1
LJ500_R069_C081,69,81,701750,9535750,2000,4000,2022,3,2022-03,39,77.29,133.76,206.38,25.04,22.94,5.0621,28.0,1,0.1562,0.4376,1
LJ500_R069_C082,69,82,702250,9535750,2500,4000,2022,3,2022-03,39,77.27,133.71,206.32,25.03,22.94,5.0597,28.0,1,0.1659,0.4126,1
LJ500_R069_C083,69,83,702750,9535750,3000,4000,2022,3,2022-03,39,77.26,133.66,206.26,25.03,22.94,5.0574,28.0,1,0.1451,0.3673,1
LJ500_R069_C084,69,84,703250,9535750,3500,4000,2022,3,2022-03,39,77.24,133.62,206.21,25.02,22.94,5.0551,28.0,1,0.1417,0.3638,1
LJ500_R069_C085,69,85,703750,9535750,4000,4000,2022,3,2022-03,39,77.22,133.57,206.15,25.01,22.95,5.0527,28.0,1,0.119,0.4137,1
LJ500_R069_C086,69,86,704250,9535750,4500,4000,2022,3,2022-03,39,77.2,133.52,206.09,25.01,22.95,5.0504,28.0,1,0.121,0.4034,1
LJ500_R070_C077,70,77,699750,9536250,0,4500,2022,3,2022-03,39,72.35,127.51,196.05,23.92,22.41,5.59,28.0,1,0.1436,0.4954,1
LJ500_R070_C078,70,78,700250,9536250,500,4500,2022,3,2022-03,39,76.78,132.48,204.88,24.89,23.0,5.0,28.0,1,0.1478,0.4612,1
LJ500_R070_C079,70,79,700750,9536250,1000,4500,2022,3,2022-03,39,76.78,132.48,204.88,24.89,23.0,5.0,28.0,1,0.1354,0.4907,1
LJ500_R070_C080,70,80,701250,9536250,1500,4500,2022,3,2022-03,39,76.78,132.48,204.88,24.89,23.0,5.0,28.0,1,0.1268,0.5112,1
LJ500_R070_C081,70,81,701750,9536250,2000,4500,2022,3,2022-03,39,76.78,132.48,204.88,24.89,23.0,5.0,28.0,1,0.1518,0.4438,1
LJ500_R070_C082,70,82,702250,9536250,2500,4500,2022,3,2022-03,39,76.78,132.48,204.88,24.89,23.0,5.0,28.0,1,0.1605,0.4202,1
LJ500_R070_C083,70,83,702750,9536250,3000,4500,2022,3,2022-03,39,76.78,132.48,204.88,24.89,23.0,5.0,28.0,1,0.1417,0.3806,1
LJ500_R070_C084,70,84,703250,9536250,3500,4500,2022,3,2022-03,39,76.78,132.48,204.88,24.89,23.0,5.0,28.0,1,0.1384,0.3773,1
LJ500_R070_C085,70,85,703750,9536250,4000,4500,2022,3,2022-03,39,76.78,132.48,204.88,24.89,23.0,5.0,28.0,1,0.1157,0.4113,1
LJ500_R070_C086,70,86,704250,9536250,4500,4500,2022,3,2022-03,39,76.78,132.48,204.88,24.89,23.0,5.0,28.0,1,0.1221,0.4089,1
LJ500_R061_C077,61,77,699750,9531750,0,0,2022,4,2022-04,40,159.44,241.68,310.45,27.68,17.43,13.57,31.0,1,0.1713,0.451,1
LJ500_R061_C078,61,78,700250,9531750,500,0,2022,4,2022-04,40,157.93,243.02,311.11,28.94,18.0,13.0,31.0,1,0.1693,0.4367,1
LJ500_R061_C079,61,79,700750,9531750,1000,0,2022,4,2022-04,40,157.93,243.02,311.11,28.94,18.0,13.0,31.0,1,0.1719,0.4325,1
LJ500_R061_C080,61,80,701250,9531750,1500,0,2022,4,2022-04,40,157.93,243.02,311.11,28.94,18.0,13.0,31.0,1,0.1735,0.4298,1
LJ500_R061_C081,61,81,701750,9531750,2000,0,2022,4,2022-04,40,157.93,243.02,311.11,28.94,18.0,13.0,31.0,1,0.2974,0.6973,1
LJ500_R061_C082,61,82,702250,9531750,2500,0,2022,4,2022-04,40,157.93,243.02,311.11,28.94,18.0,13.0,31.0,1,0.337,0.7829,1
LJ500_R061_C083,61,83,702750,9531750,3000,0,2022,4,2022-04,40,157.93,243.02,311.11,28.94,18.0,13.0,31.0,1,0.4018,0.9068,1
LJ500_R061_C084,61,84,703250,9531750,3500,0,2022,4,2022-04,40,157.93,243.02,311.11,28.94,18.0,13.0,31.0,1,0.4045,0.9128,1
LJ500_R061_C085,61,85,703750,9531750,4000,0,2022,4,2022-04,40,157.93,243.02,311.11,28.94,18.0,13.0,31.0,1,0.3362,0.7927,1
LJ500_R061_C086,61,86,704250,9531750,4500,0,2022,4,2022-04,40,157.93,243.02,311.11,28.94,18.0,13.0,31.0,1,0.3224,0.7623,1
LJ500_R062_C077,62,77,699750,9532250,0,500,2022,4,2022-04,40,159.44,241.68,310.44,27.68,17.43,13.57,31.0,1,0.1678,0.4516,1
LJ500_R062_C078,62,78,700250,9532250,500,500,2022,4,2022-04,40,157.93,243.02,311.11,28.94,18.0,13.0,31.0,1,0.1648,0.43,1
LJ500_R062_C079,62,79,700750,9532250,1000,500,2022,4,2022-04,40,157.93,243.02,311.11,28.94,18.0,13.0,31.0,1,0.1735,0.4178,1
LJ500_R062_C080,62,80,701250,9532250,1500,500,2022,4,2022-04,40,157.93,243.02,311.11,28.94,18.0,13.0,31.0,1,0.179,0.41,1
LJ500_R062_C081,62,81,701750,9532250,2000,500,2022,4,2022-04,40,157.93,243.02,311.11,28.94,18.0,13.0,31.0,1,0.4379,0.9864,1
LJ500_R062_C082,62,82,702250,9532250,2500,500,2022,4,2022-04,40,157.93,243.02,311.11,28.94,18.0,13.0,31.0,1,0.5203,1.17,1
LJ500_R062_C083,62,83,702750,9532250,3000,500,2022,4,2022-04,40,157.93,243.02,311.11,28.94,18.0,13.0,31.0,1,0.605,1.3516,1
LJ500_R062_C084,62,84,703250,9532250,3500,500,2022,4,2022-04,40,157.93,243.02,311.11,28.94,18.0,13.0,31.0,1,0.61,1.3637,1
LJ500_R062_C085,62,85,703750,9532250,4000,500,2022,4,2022-04,40,157.93,243.02,311.11,28.94,18.0,13.0,31.0,1,0.5516,1.26,1
LJ500_R062_C086,62,86,704250,9532250,4500,500,2022,4,2022-04,40,157.93,243.02,311.11,28.94,18.0,13.0,31.0,1,0.516,1.1814,1
LJ500_R063_C077,63,77,699750,9532750,0,1000,2022,4,2022-04,40,159.45,241.67,310.44,27.67,17.43,13.57,31.0,1,0.1674,0.4623,1
LJ500_R063_C078,63,78,700250,9532750,500,1000,2022,4,2022-04,40,157.93,243.02,311.11,28.94,18.0,13.0,31.0,1,0.1625,0.43,1
LJ500_R063_C079,63,79,700750,9532750,1000,1000,2022,4,2022-04,40,157.93,243.02,311.11,28.94,18.0,13.0,31.0,1,0.169,0.4179,1
LJ500_R063_C080,63,80,701250,9532750,1500,1000,2022,4,2022-04,40,157.93,243.02,311.11,28.94,18.0,13.0,31.0,1,0.1733,0.41,1
LJ500_R063_C081,63,81,701750,9532750,2000,1000,2022,4,2022-04,40,157.93,243.02,311.11,28.94,18.0,13.0,31.0,1,0.3747,0.8302,1
LJ500_R063_C082,63,82,702250,9532750,2500,1000,2022,4,2022-04,40,157.93,243.02,311.11,28.94,18.0,13.0,31.0,1,0.4392,0.9647,1
LJ500_R063_C083,63,83,702750,9532750,3000,1000,2022,4,2022-04,40,157.93,243.02,311.11,28.94,18.0,13.0,31.0,1,0.6091,1.3771,1
LJ500_R063_C084,63,84,703250,9532750,3500,1000,2022,4,2022-04,40,157.93,243.02,311.11,28.94,18.0,13.0,31.0,1,0.6227,1.4164,1
LJ500_R063_C085,63,85,703750,9532750,4000,1000,2022,4,2022-04,40,157.93,243.02,311.11,28.94,18.0,13.0,31.0,1,0.5501,1.3463,1
LJ500_R063_C086,63,86,704250,9532750,4500,1000,2022,4,2022-04,40,157.93,243.02,311.11,28.94,18.0,13.0,31.0,1,0.5283,1.3013,1
LJ500_R064_C077,64,77,699750,9533250,0,1500,2022,4,2022-04,40,159.45,241.67,310.44,27.67,17.42,13.58,31.0,1,0.167,0.4736,1
LJ500_R064_C078,64,78,700250,9533250,500,1500,2022,4,2022-04,40,157.93,243.02,311.11,28.94,18.0,13.0,31.0,1,0.16,0.43,1
LJ500_R064_C079,64,79,700750,9533250,1000,1500,2022,4,2022-04,40,157.93,243.02,311.11,28.94,18.0,13.0,31.0,1,0.1645,0.4179,1
LJ500_R064_C080,64,80,701250,9533250,1500,1500,2022,4,2022-04,40,157.93,243.02,311.11,28.94,18.0,13.0,31.0,1,0.1674,0.41,1
LJ500_R064_C081,64,81,701750,9533250,2000,1500,2022,4,2022-04,40,157.93,243.02,311.11,28.94,18.0,13.0,31.0,1,0.3114,0.6738,1
LJ500_R064_C082,64,82,702250,9533250,2500,1500,2022,4,2022-04,40,157.93,243.02,311.11,28.94,18.0,13.0,31.0,1,0.3584,0.76,1
LJ500_R064_C083,64,83,702750,9533250,3000,1500,2022,4,2022-04,40,157.93,243.02,311.11,28.94,18.0,13.0,31.0,1,0.6127,1.4013,1
LJ500_R064_C084,64,84,703250,9533250,3500,1500,2022,4,2022-04,40,157.93,243.02,311.11,28.94,18.0,13.0,31.0,1,0.6352,1.4679,1
LJ500_R064_C085,64,85,703750,9533250,4000,1500,2022,4,2022-04,40,157.93,243.02,311.11,28.94,18.0,13.0,31.0,1,0.5487,1.43,1
LJ500_R064_C086,64,86,704250,9533250,4500,1500,2022,4,2022-04,40,157.93,243.02,311.11,28.94,18.0,13.0,31.0,1,0.5399,1.4159,1
LJ500_R065_C077,65,77,699750,9533750,0,2000,2022,4,2022-04,40,159.46,241.66,310.44,27.66,17.42,13.58,31.0,1,0.1655,0.4614,1
LJ500_R065_C078,65,78,700250,9533750,500,2000,2022,4,2022-04,40,157.93,243.02,311.11,28.94,18.0,13.0,31.0,1,0.1621,0.4494,1
LJ500_R065_C079,65,79,700750,9533750,1000,2000,2022,4,2022-04,40,157.93,243.02,311.11,28.94,18.0,13.0,31.0,1,0.1587,0.4179,1
LJ500_R065_C080,65,80,701250,9533750,1500,2000,2022,4,2022-04,40,157.93,243.02,311.11,28.94,18.0,13.0,31.0,1,0.1565,0.3969,1
LJ500_R065_C081,65,81,701750,9533750,2000,2000,2022,4,2022-04,40,157.93,243.02,311.11,28.94,18.0,13.0,31.0,1,0.2436,0.5516,1
LJ500_R065_C082,65,82,702250,9533750,2500,2000,2022,4,2022-04,40,157.93,243.02,311.11,28.94,18.0,13.0,31.0,1,0.2721,0.6022,1
LJ500_R065_C083,65,83,702750,9533750,3000,2000,2022,4,2022-04,40,157.93,243.02,311.11,28.94,18.0,13.0,31.0,1,0.466,1.057,1
LJ500_R065_C084,65,84,703250,9533750,3500,2000,2022,4,2022-04,40,157.93,243.02,311.11,28.94,18.0,13.0,31.0,1,0.4895,1.1154,1
LJ500_R065_C085,65,85,703750,9533750,4000,2000,2022,4,2022-04,40,157.93,243.02,311.11,28.94,18.0,13.0,31.0,1,0.5408,1.2971,1
LJ500_R065_C086,65,86,704250,9533750,4500,2000,2022,4,2022-04,40,157.93,243.02,311.11,28.94,18.0,13.0,31.0,1,0.5382,1.3159,1
LJ500_R066_C077,66,77,699750,9534250,0,2500,2022,4,2022-04,40,159.47,241.66,310.43,27.66,17.42,13.58,31.0,1,0.1646,0.4545,1
LJ500_R066_C078,66,78,700250,9534250,500,2500,2022,4,2022-04,40,157.93,243.02,311.11,28.94,18.0,13.0,31.0,1,0.1632,0.46,1
LJ500_R066_C079,66,79,700750,9534250,1000,2500,2022,4,2022-04,40,157.93,243.02,311.11,28.94,18.0,13.0,31.0,1,0.1557,0.418,1
LJ500_R066_C080,66,80,701250,9534250,1500,2500,2022,4,2022-04,40,157.93,243.02,311.11,28.94,18.0,13.0,31.0,1,0.1506,0.39,1
LJ500_R066_C081,66,81,701750,9534250,2000,2500,2022,4,2022-04,40,157.93,243.02,311.11,28.94,18.0,13.0,31.0,1,0.2079,0.4874,1
LJ500_R066_C082,66,82,702250,9534250,2500,2500,2022,4,2022-04,40,157.93,243.02,311.11,28.94,18.0,13.0,31.0,1,0.2271,0.52,1
LJ500_R066_C083,66,83,702750,9534250,3000,2500,2022,4,2022-04,40,157.93,243.02,311.11,28.94,18.0,13.0,31.0,1,0.3903,0.8794,1
LJ500_R066_C084,66,84,703250,9534250,3500,2500,2022,4,2022-04,40,157.93,243.02,311.11,28.94,18.0,13.0,31.0,1,0.4149,0.9349,1
LJ500_R066_C085,66,85,703750,9534250,4000,2500,2022,4,2022-04,40,157.93,243.02,311.11,28.94,18.0,13.0,31.0,1,0.5368,1.23,1
LJ500_R066_C086,66,86,704250,9534250,4500,2500,2022,4,2022-04,40,157.93,243.02,311.11,28.94,18.0,13.0,31.0,1,0.5373,1.2655,1
LJ500_R067_C077,67,77,699750,9534750,0,3000,2022,4,2022-04,40,159.47,241.65,310.43,27.65,17.42,13.58,31.0,1,0.1579,0.4171,1
LJ500_R067_C078,67,78,700250,9534750,500,3000,2022,4,2022-04,40,157.93,243.02,311.11,28.94,18.0,13.0,31.0,1,0.1599,0.4359,1
LJ500_R067_C079,67,79,700750,9534750,1000,3000,2022,4,2022-04,40,157.93,243.02,311.11,28.94,18.0,13.0,31.0,1,0.1515,0.4036,1
LJ500_R067_C080,67,80,701250,9534750,1500,3000,2022,4,2022-04,40,157.93,243.02,311.11,28.94,18.0,13.0,31.0,1,0.1459,0.3819,1
LJ500_R067_C081,67,81,701750,9534750,2000,3000,2022,4,2022-04,40,157.93,243.02,311.11,28.94,18.0,13.0,31.0,1,0.159,0.3941,1
LJ500_R067_C082,67,82,702250,9534750,2500,3000,2022,4,2022-04,40,157.93,243.02,311.11,28.94,18.0,13.0,31.0,1,0.1633,0.3979,1
LJ500_R067_C083,67,83,702750,9534750,3000,3000,2022,4,2022-04,40,157.93,243.02,311.11,28.94,18.0,13.0,31.0,1,0.2118,0.4852,1
LJ500_R067_C084,67,84,703250,9534750,3500,3000,2022,4,2022-04,40,157.93,243.02,311.11,28.94,18.0,13.0,31.0,1,0.2247,0.5109,1
LJ500_R067_C085,67,85,703750,9534750,4000,3000,2022,4,2022-04,40,157.93,243.02,311.11,28.94,18.0,13.0,31.0,1,0.3874,0.8604,1
LJ500_R067_C086,67,86,704250,9534750,4500,3000,2022,4,2022-04,40,157.93,243.02,311.11,28.94,18.0,13.0,31.0,1,0.4212,0.9507,1
LJ500_R068_C077,68,77,699750,9535250,0,3500,2022,4,2022-04,40,159.48,241.65,310.43,27.65,17.41,13.59,31.0,1,0.1562,0.4078,1
LJ500_R068_C078,68,78,700250,9535250,500,3500,2022,4,2022-04,40,157.93,243.02,311.11,28.94,18.0,13.0,31.0,1,0.159,0.43,1
LJ500_R068_C079,68,79,700750,9535250,1000,3500,2022,4,2022-04,40,157.93,243.02,311.11,28.94,18.0,13.0,31.0,1,0.1506,0.4003,1
LJ500_R068_C080,68,80,701250,9535250,1500,3500,2022,4,2022-04,40,157.93,243.02,311.11,28.94,18.0,13.0,31.0,1,0.1448,0.38,1
LJ500_R068_C081,68,81,701750,9535250,2000,3500,2022,4,2022-04,40,157.93,243.02,311.11,28.94,18.0,13.0,31.0,1,0.1477,0.3726,1
LJ500_R068_C082,68,82,702250,9535250,2500,3500,2022,4,2022-04,40,157.93,243.02,311.11,28.94,18.0,13.0,31.0,1,0.1487,0.37,1
LJ500_R068_C083,68,83,702750,9535250,3000,3500,2022,4,2022-04,40,157.93,243.02,311.11,28.94,18.0,13.0,31.0,1,0.1718,0.3968,1
LJ500_R068_C084,68,84,703250,9535250,3500,3500,2022,4,2022-04,40,157.93,243.02,311.11,28.94,18.0,13.0,31.0,1,0.1823,0.4164,1
LJ500_R068_C085,68,85,703750,9535250,4000,3500,2022,4,2022-04,40,157.93,243.02,311.11,28.94,18.0,13.0,31.0,1,0.3548,0.78,1
LJ500_R068_C086,68,86,704250,9535250,4500,3500,2022,4,2022-04,40,157.93,243.02,311.11,28.94,18.0,13.0,31.0,1,0.3959,0.8821,1
LJ500_R069_C077,69,77,699750,9535750,0,4000,2022,4,2022-04,40,145.08,218.14,274.28,29.81,20.36,10.64,31.0,1,0.1505,0.4046,1
LJ500_R069_C078,69,78,700250,9535750,500,4000,2022,4,2022-04,40,147.08,224.43,280.99,30.88,19.86,11.14,31.0,1,0.1525,0.4108,1
LJ500_R069_C079,69,79,700750,9535750,1000,4000,2022,4,2022-04,40,147.05,224.39,280.91,30.88,19.87,11.13,31.0,1,0.1465,0.3811,1
LJ500_R069_C080,69,80,701250,9535750,1500,4000,2022,4,2022-04,40,147.03,224.34,280.84,30.89,19.87,11.13,31.0,1,0.1423,0.3607,1
LJ500_R069_C081,69,81,701750,9535750,2000,4000,2022,4,2022-04,40,147.0,224.29,280.76,30.89,19.88,11.12,31.0,1,0.2262,0.5042,1
LJ500_R069_C082,69,82,702250,9535750,2500,4000,2022,4,2022-04,40,146.97,224.25,280.69,30.9,19.88,11.12,31.0,1,0.2555,0.5545,1
LJ500_R069_C083,69,83,702750,9535750,3000,4000,2022,4,2022-04,40,146.95,224.2,280.61,30.9,19.89,11.11,31.0,1,0.2326,0.5123,1
LJ500_R069_C084,69,84,703250,9535750,3500,4000,2022,4,2022-04,40,146.92,224.16,280.54,30.91,19.89,11.11,31.0,1,0.2276,0.5029,1
LJ500_R069_C085,69,85,703750,9535750,4000,4000,2022,4,2022-04,40,146.89,224.11,280.46,30.91,19.89,11.11,31.0,1,0.1737,0.3986,1
LJ500_R069_C086,69,86,704250,9535750,4500,4000,2022,4,2022-04,40,146.86,224.06,280.38,30.92,19.9,11.1,31.0,1,0.1777,0.407,1
LJ500_R070_C077,70,77,699750,9536250,0,4500,2022,4,2022-04,40,143.96,216.31,271.47,29.98,20.59,10.41,31.0,1,0.1496,0.4019,1
LJ500_R070_C078,70,78,700250,9536250,500,4500,2022,4,2022-04,40,146.28,223.06,278.75,31.02,20.0,11.0,31.0,1,0.1513,0.4088,1
LJ500_R070_C079,70,79,700750,9536250,1000,4500,2022,4,2022-04,40,146.28,223.06,278.75,31.02,20.0,11.0,31.0,1,0.1463,0.3786,1
LJ500_R070_C080,70,80,701250,9536250,1500,4500,2022,4,2022-04,40,146.28,223.06,278.75,31.02,20.0,11.0,31.0,1,0.1429,0.3575,1
LJ500_R070_C081,70,81,701750,9536250,2000,4500,2022,4,2022-04,40,146.28,223.06,278.75,31.02,20.0,11.0,31.0,1,0.2186,0.4859,1
LJ500_R070_C082,70,82,702250,9536250,2500,4500,2022,4,2022-04,40,146.28,223.06,278.75,31.02,20.0,11.0,31.0,1,0.245,0.5306,1
LJ500_R070_C083,70,83,702750,9536250,3000,4500,2022,4,2022-04,40,146.28,223.06,278.75,31.02,20.0,11.0,31.0,1,0.2212,0.4914,1
LJ500_R070_C084,70,84,703250,9536250,3500,4500,2022,4,2022-04,40,146.28,223.06,278.75,31.02,20.0,11.0,31.0,1,0.2161,0.4823,1
LJ500_R070_C085,70,85,703750,9536250,4000,4500,2022,4,2022-04,40,146.28,223.06,278.75,31.02,20.0,11.0,31.0,1,0.1688,0.386,1
LJ500_R070_C086,70,86,704250,9536250,4500,4500,2022,4,2022-04,40,146.28,223.06,278.75,31.02,20.0,11.0,31.0,1,0.1783,0.4071,1
LJ500_R061_C077,61,77,699750,9531750,0,0,2022,5,2022-05,41,99.51,258.95,341.2,23.32,23.71,6.2923,30.0,1,0.2131,0.4519,1
LJ500_R061_C078,61,78,700250,9531750,500,0,2022,5,2022-05,41,98.5,256.44,341.52,20.9,22.0,8.0,30.0,1,0.2243,0.4733,1
LJ500_R061_C079,61,79,700750,9531750,1000,0,2022,5,2022-05,41,98.5,256.44,341.52,20.9,22.0,8.0,30.0,1,0.2342,0.4896,1
LJ500_R061_C080,61,80,701250,9531750,1500,0,2022,5,2022-05,41,98.5,256.44,341.52,20.9,22.0,8.0,30.0,1,0.2406,0.5002,1
LJ500_R061_C081,61,81,701750,9531750,2000,0,2022,5,2022-05,41,98.5,256.44,341.52,20.9,22.0,8.0,30.0,1,0.3672,0.8214,1
LJ500_R061_C082,61,82,702250,9531750,2500,0,2022,5,2022-05,41,98.5,256.44,341.52,20.9,22.0,8.0,30.0,1,0.4079,0.9242,1
LJ500_R061_C083,61,83,702750,9531750,3000,0,2022,5,2022-05,41,98.5,256.44,341.52,20.9,22.0,8.0,30.0,1,0.4803,1.0435,1
LJ500_R061_C084,61,84,703250,9531750,3500,0,2022,5,2022-05,41,98.5,256.44,341.52,20.9,22.0,8.0,30.0,1,0.4836,1.0483,1
LJ500_R061_C085,61,85,703750,9531750,4000,0,2022,5,2022-05,41,98.5,256.44,341.52,20.9,22.0,8.0,30.0,1,0.4111,0.9208,1
LJ500_R061_C086,61,86,704250,9531750,4500,0,2022,5,2022-05,41,98.5,256.44,341.52,20.9,22.0,8.0,30.0,1,0.395,0.8948,1
LJ500_R062_C077,62,77,699750,9532250,0,500,2022,5,2022-05,41,99.52,258.96,341.19,23.33,23.71,6.2854,30.0,1,0.1958,0.4184,1
LJ500_R062_C078,62,78,700250,9532250,500,500,2022,5,2022-05,41,98.5,256.44,341.52,20.9,22.0,8.0,30.0,1,0.207,0.44,1
LJ500_R062_C079,62,79,700750,9532250,1000,500,2022,5,2022-05,41,98.5,256.44,341.52,20.9,22.0,8.0,30.0,1,0.233,0.4887,1
LJ500_R062_C080,62,80,701250,9532250,1500,500,2022,5,2022-05,41,98.5,256.44,341.52,20.9,22.0,8.0,30.0,1,0.2497,0.52,1
LJ500_R062_C081,62,81,701750,9532250,2000,500,2022,5,2022-05,41,98.5,256.44,341.52,20.9,22.0,8.0,30.0,1,0.5363,1.1798,1
LJ500_R062_C082,62,82,702250,9532250,2500,500,2022,5,2022-05,41,98.5,256.44,341.52,20.9,22.0,8.0,30.0,1,0.6277,1.39,1
LJ500_R062_C083,62,83,702750,9532250,3000,500,2022,5,2022-05,41,98.5,256.44,341.52,20.9,22.0,8.0,30.0,1,0.7351,1.4717,1
LJ500_R062_C084,62,84,703250,9532250,3500,500,2022,5,2022-05,41,98.5,256.44,341.52,20.9,22.0,8.0,30.0,1,0.7412,1.4777,1
LJ500_R062_C085,62,85,703750,9532250,4000,500,2022,5,2022-05,41,98.5,256.44,341.52,20.9,22.0,8.0,30.0,1,0.6623,1.44,1
LJ500_R062_C086,62,86,704250,9532250,4500,500,2022,5,2022-05,41,98.5,256.44,341.52,20.9,22.0,8.0,30.0,1,0.6184,1.3697,1
LJ500_R063_C077,63,77,699750,9532750,0,1000,2022,5,2022-05,41,99.52,258.97,341.19,23.34,23.72,6.2784,30.0,1,0.1864,0.3943,1
LJ500_R063_C078,63,78,700250,9532750,500,1000,2022,5,2022-05,41,98.5,256.44,341.52,20.9,22.0,8.0,30.0,1,0.1944,0.4105,1
LJ500_R063_C079,63,79,700750,9532750,1000,1000,2022,5,2022-05,41,98.5,256.44,341.52,20.9,22.0,8.0,30.0,1,0.2225,0.4619,1
LJ500_R063_C080,63,80,701250,9532750,1500,1000,2022,5,2022-05,41,98.5,256.44,341.52,20.9,22.0,8.0,30.0,1,0.2407,0.4952,1
LJ500_R063_C081,63,81,701750,9532750,2000,1000,2022,5,2022-05,41,98.5,256.44,341.52,20.9,22.0,8.0,30.0,1,0.4504,1.021,1
LJ500_R063_C082,63,82,702250,9532750,2500,1000,2022,5,2022-05,41,98.5,256.44,341.52,20.9,22.0,8.0,30.0,1,0.5175,1.1897,1
LJ500_R063_C083,63,83,702750,9532750,3000,1000,2022,5,2022-05,41,98.5,256.44,341.52,20.9,22.0,8.0,30.0,1,0.7539,1.4888,1
LJ500_R063_C084,63,84,703250,9532750,3500,1000,2022,5,2022-05,41,98.5,256.44,341.52,20.9,22.0,8.0,30.0,1,0.7756,1.5276,1
LJ500_R063_C085,63,85,703750,9532750,4000,1000,2022,5,2022-05,41,98.5,256.44,341.52,20.9,22.0,8.0,30.0,1,0.7209,1.6532,1
LJ500_R063_C086,63,86,704250,9532750,4500,1000,2022,5,2022-05,41,98.5,256.44,341.52,20.9,22.0,8.0,30.0,1,0.6972,1.6337,1
LJ500_R064_C077,64,77,699750,9533250,0,1500,2022,5,2022-05,41,99.52,258.98,341.19,23.35,23.73,6.2715,30.0,1,0.1766,0.3691,1
LJ500_R064_C078,64,78,700250,9533250,500,1500,2022,5,2022-05,41,98.5,256.44,341.52,20.9,22.0,8.0,30.0,1,0.1813,0.38,1
LJ500_R064_C079,64,79,700750,9533250,1000,1500,2022,5,2022-05,41,98.5,256.44,341.52,20.9,22.0,8.0,30.0,1,0.2117,0.4344,1
LJ500_R064_C080,64,80,701250,9533250,1500,1500,2022,5,2022-05,41,98.5,256.44,341.52,20.9,22.0,8.0,30.0,1,0.2317,0.47,1
LJ500_R064_C081,64,81,701750,9533250,2000,1500,2022,5,2022-05,41,98.5,256.44,341.52,20.9,22.0,8.0,30.0,1,0.3643,0.8619,1
LJ500_R064_C082,64,82,702250,9533250,2500,1500,2022,5,2022-05,41,98.5,256.44,341.52,20.9,22.0,8.0,30.0,1,0.4077,0.99,1
LJ500_R064_C083,64,83,702750,9533250,3000,1500,2022,5,2022-05,41,98.5,256.44,341.52,20.9,22.0,8.0,30.0,1,0.772,1.5048,1
LJ500_R064_C084,64,84,703250,9533250,3500,1500,2022,5,2022-05,41,98.5,256.44,341.52,20.9,22.0,8.0,30.0,1,0.8092,1.5758,1
LJ500_R064_C085,64,85,703750,9533250,4000,1500,2022,5,2022-05,41,98.5,256.44,341.52,20.9,22.0,8.0,30.0,1,0.7777,1.86,1
LJ500_R064_C086,64,86,704250,9533250,4500,1500,2022,5,2022-05,41,98.5,256.44,341.52,20.9,22.0,8.0,30.0,1,0.7725,1.8863,1
LJ500_R065_C077,65,77,699750,9533750,0,2000,2022,5,2022-05,41,99.53,258.99,341.19,23.36,23.74,6.2646,30.0,1,0.1669,0.3538,1
LJ500_R065_C078,65,78,700250,9533750,500,2000,2022,5,2022-05,41,98.5,256.44,341.52,20.9,22.0,8.0,30.0,1,0.1682,0.3541,1
LJ500_R065_C079,65,79,700750,9533750,1000,2000,2022,5,2022-05,41,98.5,256.44,341.52,20.9,22.0,8.0,30.0,1,0.1893,0.3964,1
LJ500_R065_C080,65,80,701250,9533750,1500,2000,2022,5,2022-05,41,98.5,256.44,341.52,20.9,22.0,8.0,30.0,1,0.2032,0.4243,1
LJ500_R065_C081,65,81,701750,9533750,2000,2000,2022,5,2022-05,41,98.5,256.44,341.52,20.9,22.0,8.0,30.0,1,0.2843,0.682,1
LJ500_R065_C082,65,82,702250,9533750,2500,2000,2022,5,2022-05,41,98.5,256.44,341.52,20.9,22.0,8.0,30.0,1,0.3108,0.7665,1
LJ500_R065_C083,65,83,702750,9533750,3000,2000,2022,5,2022-05,41,98.5,256.44,341.52,20.9,22.0,8.0,30.0,1,0.5603,1.2376,1
LJ500_R065_C084,65,84,703250,9533750,3500,2000,2022,5,2022-05,41,98.5,256.44,341.52,20.9,22.0,8.0,30.0,1,0.5918,1.3023,1
LJ500_R065_C085,65,85,703750,9533750,4000,2000,2022,5,2022-05,41,98.5,256.44,341.52,20.9,22.0,8.0,30.0,1,0.6829,1.561,1
LJ500_R065_C086,65,86,704250,9533750,4500,2000,2022,5,2022-05,41,98.5,256.44,341.52,20.9,22.0,8.0,30.0,1,0.696,1.6298,1
LJ500_R066_C077,66,77,699750,9534250,0,2500,2022,5,2022-05,41,99.53,259.0,341.19,23.37,23.74,6.2576,30.0,1,0.1615,0.3455,1
LJ500_R066_C078,66,78,700250,9534250,500,2500,2022,5,2022-05,41,98.5,256.44,341.52,20.9,22.0,8.0,30.0,1,0.161,0.34,1
LJ500_R066_C079,66,79,700750,9534250,1000,2500,2022,5,2022-05,41,98.5,256.44,341.52,20.9,22.0,8.0,30.0,1,0.1772,0.376,1
LJ500_R066_C080,66,80,701250,9534250,1500,2500,2022,5,2022-05,41,98.5,256.44,341.52,20.9,22.0,8.0,30.0,1,0.188,0.4,1
LJ500_R066_C081,66,81,701750,9534250,2000,2500,2022,5,2022-05,41,98.5,256.44,341.52,20.9,22.0,8.0,30.0,1,0.2422,0.5873,1
LJ500_R066_C082,66,82,702250,9534250,2500,2500,2022,5,2022-05,41,98.5,256.44,341.52,20.9,22.0,8.0,30.0,1,0.2603,0.65,1
LJ500_R066_C083,66,83,702750,9534250,3000,2500,2022,5,2022-05,41,98.5,256.44,341.52,20.9,22.0,8.0,30.0,1,0.4511,1.0993,1
LJ500_R066_C084,66,84,703250,9534250,3500,2500,2022,5,2022-05,41,98.5,256.44,341.52,20.9,22.0,8.0,30.0,1,0.4805,1.1625,1
LJ500_R066_C085,66,85,703750,9534250,4000,2500,2022,5,2022-05,41,98.5,256.44,341.52,20.9,22.0,8.0,30.0,1,0.635,1.41,1
LJ500_R066_C086,66,86,704250,9534250,4500,2500,2022,5,2022-05,41,98.5,256.44,341.52,20.9,22.0,8.0,30.0,1,0.6575,1.5008,1
LJ500_R067_C077,67,77,699750,9534750,0,3000,2022,5,2022-05,41,99.54,259.01,341.19,23.38,23.75,6.2507,30.0,1,0.173,0.3649,1
LJ500_R067_C078,67,78,700250,9534750,500,3000,2022,5,2022-05,41,98.5,256.44,341.52,20.9,22.0,8.0,30.0,1,0.1516,0.3239,1
LJ500_R067_C079,67,79,700750,9534750,1000,3000,2022,5,2022-05,41,98.5,256.44,341.52,20.9,22.0,8.0,30.0,1,0.1653,0.3549,1
LJ500_R067_C080,67,80,701250,9534750,1500,3000,2022,5,2022-05,41,98.5,256.44,341.52,20.9,22.0,8.0,30.0,1,0.1745,0.3757,1
LJ500_R067_C081,67,81,701750,9534750,2000,3000,2022,5,2022-05,41,98.5,256.44,341.52,20.9,22.0,8.0,30.0,1,0.2056,0.4471,1
LJ500_R067_C082,67,82,702250,9534750,2500,3000,2022,5,2022-05,41,98.5,256.44,341.52,20.9,22.0,8.0,30.0,1,0.2161,0.4709,1
LJ500_R067_C083,67,83,702750,9534750,3000,3000,2022,5,2022-05,41,98.5,256.44,341.52,20.9,22.0,8.0,30.0,1,0.2641,0.6331,1
LJ500_R067_C084,67,84,703250,9534750,3500,3000,2022,5,2022-05,41,98.5,256.44,341.52,20.9,22.0,8.0,30.0,1,0.2767,0.6694,1
LJ500_R067_C085,67,85,703750,9534750,4000,3000,2022,5,2022-05,41,98.5,256.44,341.52,20.9,22.0,8.0,30.0,1,0.4373,1.0651,1
LJ500_R067_C086,67,86,704250,9534750,4500,3000,2022,5,2022-05,41,98.5,256.44,341.52,20.9,22.0,8.0,30.0,1,0.4859,1.1474,1
LJ500_R068_C077,68,77,699750,9535250,0,3500,2022,5,2022-05,41,99.54,259.02,341.19,23.39,23.76,6.2438,30.0,1,0.1759,0.3699,1
LJ500_R068_C078,68,78,700250,9535250,500,3500,2022,5,2022-05,41,98.5,256.44,341.52,20.9,22.0,8.0,30.0,1,0.1493,0.32,1
LJ500_R068_C079,68,79,700750,9535250,1000,3500,2022,5,2022-05,41,98.5,256.44,341.52,20.9,22.0,8.0,30.0,1,0.1624,0.3497,1
LJ500_R068_C080,68,80,701250,9535250,1500,3500,2022,5,2022-05,41,98.5,256.44,341.52,20.9,22.0,8.0,30.0,1,0.1713,0.37,1
LJ500_R068_C081,68,81,701750,9535250,2000,3500,2022,5,2022-05,41,98.5,256.44,341.52,20.9,22.0,8.0,30.0,1,0.1971,0.4147,1
LJ500_R068_C082,68,82,702250,9535250,2500,3500,2022,5,2022-05,41,98.5,256.44,341.52,20.9,22.0,8.0,30.0,1,0.206,0.43,1
LJ500_R068_C083,68,83,702750,9535250,3000,3500,2022,5,2022-05,41,98.5,256.44,341.52,20.9,22.0,8.0,30.0,1,0.2221,0.5283,1
LJ500_R068_C084,68,84,703250,9535250,3500,3500,2022,5,2022-05,41,98.5,256.44,341.52,20.9,22.0,8.0,30.0,1,0.2314,0.5595,1
LJ500_R068_C085,68,85,703750,9535250,4000,3500,2022,5,2022-05,41,98.5,256.44,341.52,20.9,22.0,8.0,30.0,1,0.3943,0.99,1
LJ500_R068_C086,68,86,704250,9535250,4500,3500,2022,5,2022-05,41,98.5,256.44,341.52,20.9,22.0,8.0,30.0,1,0.4485,1.0709,1
LJ500_R069_C077,69,77,699750,9535750,0,4000,2022,5,2022-05,41,94.03,239.11,312.18,22.8,24.15,5.8538,30.0,1,0.156,0.3338,1
LJ500_R069_C078,69,78,700250,9535750,500,4000,2022,5,2022-05,41,97.3,244.38,321.74,21.32,22.93,7.069,30.0,1,0.1413,0.3104,1
LJ500_R069_C079,69,79,700750,9535750,1000,4000,2022,5,2022-05,41,97.3,244.35,321.69,21.32,22.93,7.0667,30.0,1,0.1658,0.3514,1
LJ500_R069_C080,69,80,701250,9535750,1500,4000,2022,5,2022-05,41,97.3,244.32,321.64,21.32,22.94,7.0644,30.0,1,0.1826,0.3797,1
LJ500_R069_C081,69,81,701750,9535750,2000,4000,2022,5,2022-05,41,97.29,244.29,321.59,21.32,22.94,7.0621,30.0,1,0.2508,0.6184,1
LJ500_R069_C082,69,82,702250,9535750,2500,4000,2022,5,2022-05,41,97.29,244.26,321.54,21.32,22.94,7.0597,30.0,1,0.2746,0.7019,1
LJ500_R069_C083,69,83,702750,9535750,3000,4000,2022,5,2022-05,41,97.29,244.23,321.49,21.32,22.94,7.0574,30.0,1,0.2515,0.6531,1
LJ500_R069_C084,69,84,703250,9535750,3500,4000,2022,5,2022-05,41,97.29,244.2,321.44,21.32,22.94,7.0551,30.0,1,0.2474,0.643,1
LJ500_R069_C085,69,85,703750,9535750,4000,4000,2022,5,2022-05,41,97.28,244.17,321.39,21.33,22.95,7.0527,30.0,1,0.2153,0.5401,1
LJ500_R069_C086,69,86,704250,9535750,4500,4000,2022,5,2022-05,41,97.28,244.14,321.34,21.33,22.95,7.0504,30.0,1,0.2177,0.5498,1
LJ500_R070_C077,70,77,699750,9536250,0,4500,2022,5,2022-05,41,93.59,237.55,309.9,22.75,24.18,5.82,30.0,1,0.1556,0.3326,1
LJ500_R070_C078,70,78,700250,9536250,500,4500,2022,5,2022-05,41,97.21,243.49,320.27,21.35,23.0,7.0,30.0,1,0.1404,0.3076,1
LJ500_R070_C079,70,79,700750,9536250,1000,4500,2022,5,2022-05,41,97.21,243.49,320.27,21.35,23.0,7.0,30.0,1,0.1664,0.3561,1
LJ500_R070_C080,70,80,701250,9536250,1500,4500,2022,5,2022-05,41,97.21,243.49,320.27,21.35,23.0,7.0,30.0,1,0.1844,0.3899,1
LJ500_R070_C081,70,81,701750,9536250,2000,4500,2022,5,2022-05,41,97.21,243.49,320.27,21.35,23.0,7.0,30.0,1,0.2454,0.6054,1
LJ500_R070_C082,70,82,702250,9536250,2500,4500,2022,5,2022-05,41,97.21,243.49,320.27,21.35,23.0,7.0,30.0,1,0.2667,0.6806,1
LJ500_R070_C083,70,83,702750,9536250,3000,4500,2022,5,2022-05,41,97.21,243.49,320.27,21.35,23.0,7.0,30.0,1,0.243,0.6244,1
LJ500_R070_C084,70,84,703250,9536250,3500,4500,2022,5,2022-05,41,97.21,243.49,320.27,21.35,23.0,7.0,30.0,1,0.2388,0.6134,1
LJ500_R070_C085,70,85,703750,9536250,4000,4500,2022,5,2022-05,41,97.21,243.49,320.27,21.35,23.0,7.0,30.0,1,0.2101,0.5287,1
LJ500_R070_C086,70,86,704250,9536250,4500,4500,2022,5,2022-05,41,97.21,243.49,320.27,21.35,23.0,7.0,30.0,1,0.2181,0.553,1
LJ500_R061_C077,61,77,699750,9531750,0,0,2022,6,2022-06,42,19.55,119.06,278.5,14.87,29.57,1.4308,31.0,1,0.3442,0.5582,1
LJ500_R061_C078,61,78,700250,9531750,500,0,2022,6,2022-06,42,21.74,120.24,278.18,10.87,29.0,2.0,31.0,1,0.3504,0.56,1
LJ500_R061_C079,61,79,700750,9531750,1000,0,2022,6,2022-06,42,21.74,120.24,278.18,10.87,29.0,2.0,31.0,1,0.3535,0.5681,1
LJ500_R061_C080,61,80,701250,9531750,1500,0,2022,6,2022-06,42,21.74,120.24,278.18,10.87,29.0,2.0,31.0,1,0.3554,0.5734,1
LJ500_R061_C081,61,81,701750,9531750,2000,0,2022,6,2022-06,42,21.74,120.24,278.18,10.87,29.0,2.0,31.0,1,0.4534,0.797,1
LJ500_R061_C082,61,82,702250,9531750,2500,0,2022,6,2022-06,42,21.74,120.24,278.18,10.87,29.0,2.0,31.0,1,0.4851,0.8685,1
LJ500_R061_C083,61,83,702750,9531750,3000,0,2022,6,2022-06,42,21.74,120.24,278.18,10.87,29.0,2.0,31.0,1,0.5619,0.9925,1
LJ500_R061_C084,61,84,703250,9531750,3500,0,2022,6,2022-06,42,21.74,120.24,278.18,10.87,29.0,2.0,31.0,1,0.5658,0.9979,1
LJ500_R061_C085,61,85,703750,9531750,4000,0,2022,6,2022-06,42,21.74,120.24,278.18,10.87,29.0,2.0,31.0,1,0.4926,0.8706,1
LJ500_R061_C086,61,86,704250,9531750,4500,0,2022,6,2022-06,42,21.74,120.24,278.18,10.87,29.0,2.0,31.0,1,0.4737,0.8443,1
LJ500_R062_C077,62,77,699750,9532250,0,500,2022,6,2022-06,42,19.54,119.06,278.5,14.89,29.57,1.4285,31.0,1,0.3269,0.5346,1
LJ500_R062_C078,62,78,700250,9532250,500,500,2022,6,2022-06,42,21.74,120.24,278.18,10.87,29.0,2.0,31.0,1,0.3332,0.54,1
LJ500_R062_C079,62,79,700750,9532250,1000,500,2022,6,2022-06,42,21.74,120.24,278.18,10.87,29.0,2.0,31.0,1,0.3417,0.5644,1
LJ500_R062_C080,62,80,701250,9532250,1500,500,2022,6,2022-06,42,21.74,120.24,278.18,10.87,29.0,2.0,31.0,1,0.3471,0.58,1
LJ500_R062_C081,62,81,701750,9532250,2000,500,2022,6,2022-06,42,21.74,120.24,278.18,10.87,29.0,2.0,31.0,1,0.635,1.0426,1
LJ500_R062_C082,62,82,702250,9532250,2500,500,2022,6,2022-06,42,21.74,120.24,278.18,10.87,29.0,2.0,31.0,1,0.7268,1.19,1
LJ500_R062_C083,62,83,702750,9532250,3000,500,2022,6,2022-06,42,21.74,120.24,278.18,10.87,29.0,2.0,31.0,1,0.8638,1.3897,1
LJ500_R062_C084,62,84,703250,9532250,3500,500,2022,6,2022-06,42,21.74,120.24,278.18,10.87,29.0,2.0,31.0,1,0.8715,1.4014,1
LJ500_R062_C085,62,85,703750,9532250,4000,500,2022,6,2022-06,42,21.74,120.24,278.18,10.87,29.0,2.0,31.0,1,0.7694,1.26,1
LJ500_R062_C086,62,86,704250,9532250,4500,500,2022,6,2022-06,42,21.74,120.24,278.18,10.87,29.0,2.0,31.0,1,0.716,1.1938,1
LJ500_R063_C077,63,77,699750,9532750,0,1000,2022,6,2022-06,42,19.53,119.05,278.5,14.9,29.57,1.4261,31.0,1,0.3179,0.5252,1
LJ500_R063_C078,63,78,700250,9532750,500,1000,2022,6,2022-06,42,21.74,120.24,278.18,10.87,29.0,2.0,31.0,1,0.3196,0.5253,1
LJ500_R063_C079,63,79,700750,9532750,1000,1000,2022,6,2022-06,42,21.74,120.24,278.18,10.87,29.0,2.0,31.0,1,0.332,0.5435,1
LJ500_R063_C080,63,80,701250,9532750,1500,1000,2022,6,2022-06,42,21.74,120.24,278.18,10.87,29.0,2.0,31.0,1,0.3401,0.5552,1
LJ500_R063_C081,63,81,701750,9532750,2000,1000,2022,6,2022-06,42,21.74,120.24,278.18,10.87,29.0,2.0,31.0,1,0.5328,0.9259,1
LJ500_R063_C082,63,82,702250,9532750,2500,1000,2022,6,2022-06,42,21.74,120.24,278.18,10.87,29.0,2.0,31.0,1,0.5943,1.0448,1
LJ500_R063_C083,63,83,702750,9532750,3000,1000,2022,6,2022-06,42,21.74,120.24,278.18,10.87,29.0,2.0,31.0,1,0.8879,1.3936,1
LJ500_R063_C084,63,84,703250,9532750,3500,1000,2022,6,2022-06,42,21.74,120.24,278.18,10.87,29.0,2.0,31.0,1,0.9141,1.4269,1
LJ500_R063_C085,63,85,703750,9532750,4000,1000,2022,6,2022-06,42,21.74,120.24,278.18,10.87,29.0,2.0,31.0,1,0.8339,1.3717,1
LJ500_R063_C086,63,86,704250,9532750,4500,1000,2022,6,2022-06,42,21.74,120.24,278.18,10.87,29.0,2.0,31.0,1,0.8023,1.3453,1
LJ500_R064_C077,64,77,699750,9533250,0,1500,2022,6,2022-06,42,19.52,119.05,278.5,14.92,29.58,1.4238,31.0,1,0.3085,0.5155,1
LJ500_R064_C078,64,78,700250,9533250,500,1500,2022,6,2022-06,42,21.74,120.24,278.18,10.87,29.0,2.0,31.0,1,0.3055,0.51,1
LJ500_R064_C079,64,79,700750,9533250,1000,1500,2022,6,2022-06,42,21.74,120.24,278.18,10.87,29.0,2.0,31.0,1,0.3221,0.5221,1
LJ500_R064_C080,64,80,701250,9533250,1500,1500,2022,6,2022-06,42,21.74,120.24,278.18,10.87,29.0,2.0,31.0,1,0.3329,0.53,1
LJ500_R064_C081,64,81,701750,9533250,2000,1500,2022,6,2022-06,42,21.74,120.24,278.18,10.87,29.0,2.0,31.0,1,0.4304,0.8089,1
LJ500_R064_C082,64,82,702250,9533250,2500,1500,2022,6,2022-06,42,21.74,120.24,278.18,10.87,29.0,2.0,31.0,1,0.4623,0.9,1
LJ500_R064_C083,64,83,702750,9533250,3000,1500,2022,6,2022-06,42,21.74,120.24,278.18,10.87,29.0,2.0,31.0,1,0.9109,1.3968,1
LJ500_R064_C084,64,84,703250,9533250,3500,1500,2022,6,2022-06,42,21.74,120.24,278.18,10.87,29.0,2.0,31.0,1,0.9557,1.4516,1
LJ500_R064_C085,64,85,703750,9533250,4000,1500,2022,6,2022-06,42,21.74,120.24,278.18,10.87,29.0,2.0,31.0,1,0.8965,1.48,1
LJ500_R064_C086,64,86,704250,9533250,4500,1500,2022,6,2022-06,42,21.74,120.24,278.18,10.87,29.0,2.0,31.0,1,0.8847,1.4901,1
LJ500_R065_C077,65,77,699750,9533750,0,2000,2022,6,2022-06,42,19.52,119.04,278.5,14.93,29.58,1.4215,31.0,1,0.296,0.499,1
LJ500_R065_C078,65,78,700250,9533750,500,2000,2022,6,2022-06,42,21.74,120.24,278.18,10.87,29.0,2.0,31.0,1,0.2961,0.497,1
LJ500_R065_C079,65,79,700750,9533750,1000,2000,2022,6,2022-06,42,21.74,120.24,278.18,10.87,29.0,2.0,31.0,1,0.3051,0.5012,1
LJ500_R065_C080,65,80,701250,9533750,1500,2000,2022,6,2022-06,42,21.74,120.24,278.18,10.87,29.0,2.0,31.0,1,0.311,0.5039,1
LJ500_R065_C081,65,81,701750,9533750,2000,2000,2022,6,2022-06,42,21.74,120.24,278.18,10.87,29.0,2.0,31.0,1,0.351,0.6883,1
LJ500_R065_C082,65,82,702250,9533750,2500,2000,2022,6,2022-06,42,21.74,120.24,278.18,10.87,29.0,2.0,31.0,1,0.3639,0.7488,1
LJ500_R065_C083,65,83,702750,9533750,3000,2000,2022,6,2022-06,42,21.74,120.24,278.18,10.87,29.0,2.0,31.0,1,0.6462,1.113,1
LJ500_R065_C084,65,84,703250,9533750,3500,2000,2022,6,2022-06,42,21.74,120.24,278.18,10.87,29.0,2.0,31.0,1,0.6817,1.1595,1
LJ500_R065_C085,65,85,703750,9533750,4000,2000,2022,6,2022-06,42,21.74,120.24,278.18,10.87,29.0,2.0,31.0,1,0.7863,1.3006,1
LJ500_R065_C086,65,86,704250,9533750,4500,2000,2022,6,2022-06,42,21.74,120.24,278.18,10.87,29.0,2.0,31.0,1,0.7991,1.3326,1
LJ500_R066_C077,66,77,699750,9534250,0,2500,2022,6,2022-06,42,19.51,119.04,278.51,14.95,29.58,1.4192,31.0,1,0.2892,0.49,1
LJ500_R066_C078,66,78,700250,9534250,500,2500,2022,6,2022-06,42,21.74,120.24,278.18,10.87,29.0,2.0,31.0,1,0.291,0.49,1
LJ500_R066_C079,66,79,700750,9534250,1000,2500,2022,6,2022-06,42,21.74,120.24,278.18,10.87,29.0,2.0,31.0,1,0.296,0.49,1
LJ500_R066_C080,66,80,701250,9534250,1500,2500,2022,6,2022-06,42,21.74,120.24,278.18,10.87,29.0,2.0,31.0,1,0.2994,0.49,1
LJ500_R066_C081,66,81,701750,9534250,2000,2500,2022,6,2022-06,42,21.74,120.24,278.18,10.87,29.0,2.0,31.0,1,0.3093,0.6248,1
LJ500_R066_C082,66,82,702250,9534250,2500,2500,2022,6,2022-06,42,21.74,120.24,278.18,10.87,29.0,2.0,31.0,1,0.3126,0.67,1
LJ500_R066_C083,66,83,702750,9534250,3000,2500,2022,6,2022-06,42,21.74,120.24,278.18,10.87,29.0,2.0,31.0,1,0.5097,0.9665,1
LJ500_R066_C084,66,84,703250,9534250,3500,2500,2022,6,2022-06,42,21.74,120.24,278.18,10.87,29.0,2.0,31.0,1,0.5415,1.0101,1
LJ500_R066_C085,66,85,703750,9534250,4000,2500,2022,6,2022-06,42,21.74,120.24,278.18,10.87,29.0,2.0,31.0,1,0.7306,1.21,1
LJ500_R066_C086,66,86,704250,9534250,4500,2500,2022,6,2022-06,42,21.74,120.24,278.18,10.87,29.0,2.0,31.0,1,0.756,1.2534,1
LJ500_R067_C077,67,77,699750,9534750,0,3000,2022,6,2022-06,42,19.5,119.03,278.51,14.97,29.58,1.4169,31.0,1,0.2859,0.4748,1
LJ500_R067_C078,67,78,700250,9534750,500,3000,2022,6,2022-06,42,21.74,120.24,278.18,10.87,29.0,2.0,31.0,1,0.2743,0.4659,1
LJ500_R067_C079,67,79,700750,9534750,1000,3000,2022,6,2022-06,42,21.74,120.24,278.18,10.87,29.0,2.0,31.0,1,0.2788,0.4658,1
LJ500_R067_C080,67,80,701250,9534750,1500,3000,2022,6,2022-06,42,21.74,120.24,278.18,10.87,29.0,2.0,31.0,1,0.2819,0.4657,1
LJ500_R067_C081,67,81,701750,9534750,2000,3000,2022,6,2022-06,42,21.74,120.24,278.18,10.87,29.0,2.0,31.0,1,0.2942,0.5091,1
LJ500_R067_C082,67,82,702250,9534750,2500,3000,2022,6,2022-06,42,21.74,120.24,278.18,10.87,29.0,2.0,31.0,1,0.2984,0.5234,1
LJ500_R067_C083,67,83,702750,9534750,3000,3000,2022,6,2022-06,42,21.74,120.24,278.18,10.87,29.0,2.0,31.0,1,0.3309,0.6431,1
LJ500_R067_C084,67,84,703250,9534750,3500,3000,2022,6,2022-06,42,21.74,120.24,278.18,10.87,29.0,2.0,31.0,1,0.3411,0.6697,1
LJ500_R067_C085,67,85,703750,9534750,4000,3000,2022,6,2022-06,42,21.74,120.24,278.18,10.87,29.0,2.0,31.0,1,0.4872,0.9554,1
LJ500_R067_C086,67,86,704250,9534750,4500,3000,2022,6,2022-06,42,21.74,120.24,278.18,10.87,29.0,2.0,31.0,1,0.5465,1.0233,1
LJ500_R068_C077,68,77,699750,9535250,0,3500,2022,6,2022-06,42,19.49,119.03,278.51,14.98,29.59,1.4146,31.0,1,0.2852,0.4711,1
LJ500_R068_C078,68,78,700250,9535250,500,3500,2022,6,2022-06,42,21.74,120.24,278.18,10.87,29.0,2.0,31.0,1,0.2703,0.46,1
LJ500_R068_C079,68,79,700750,9535250,1000,3500,2022,6,2022-06,42,21.74,120.24,278.18,10.87,29.0,2.0,31.0,1,0.2747,0.46,1
LJ500_R068_C080,68,80,701250,9535250,1500,3500,2022,6,2022-06,42,21.74,120.24,278.18,10.87,29.0,2.0,31.0,1,0.2777,0.46,1
LJ500_R068_C081,68,81,701750,9535250,2000,3500,2022,6,2022-06,42,21.74,120.24,278.18,10.87,29.0,2.0,31.0,1,0.2907,0.4823,1
LJ500_R068_C082,68,82,702250,9535250,2500,3500,2022,6,2022-06,42,21.74,120.24,278.18,10.87,29.0,2.0,31.0,1,0.2952,0.49,1
LJ500_R068_C083,68,83,702750,9535250,3000,3500,2022,6,2022-06,42,21.74,120.24,278.18,10.87,29.0,2.0,31.0,1,0.2908,0.5704,1
LJ500_R068_C084,68,84,703250,9535250,3500,3500,2022,6,2022-06,42,21.74,120.24,278.18,10.87,29.0,2.0,31.0,1,0.2965,0.5938,1
LJ500_R068_C085,68,85,703750,9535250,4000,3500,2022,6,2022-06,42,21.74,120.24,278.18,10.87,29.0,2.0,31.0,1,0.4342,0.9,1
LJ500_R068_C086,68,86,704250,9535250,4500,3500,2022,6,2022-06,42,21.74,120.24,278.18,10.87,29.0,2.0,31.0,1,0.5009,0.9732,1
LJ500_R069_C077,69,77,699750,9535750,0,4000,2022,6,2022-06,42,15.75,109.78,254.86,13.12,29.43,1.5748,31.0,1,0.2602,0.437,1
LJ500_R069_C078,69,78,700250,9535750,500,4000,2022,6,2022-06,42,19.56,116.86,263.95,18.81,29.93,1.069,31.0,1,0.2526,0.4311,1
LJ500_R069_C079,69,79,700750,9535750,1000,4000,2022,6,2022-06,42,19.56,116.86,263.91,18.83,29.93,1.0667,31.0,1,0.2646,0.4368,1
LJ500_R069_C080,69,80,701250,9535750,1500,4000,2022,6,2022-06,42,19.55,116.85,263.87,18.85,29.94,1.0644,31.0,1,0.2728,0.4407,1
LJ500_R069_C081,69,81,701750,9535750,2000,4000,2022,6,2022-06,42,19.54,116.84,263.84,18.87,29.94,1.0621,31.0,1,0.2991,0.6427,1
LJ500_R069_C082,69,82,702250,9535750,2500,4000,2022,6,2022-06,42,19.54,116.83,263.8,18.89,29.94,1.0597,31.0,1,0.3083,0.7133,1
LJ500_R069_C083,69,83,702750,9535750,3000,4000,2022,6,2022-06,42,19.53,116.82,263.77,18.91,29.94,1.0574,31.0,1,0.2889,0.6726,1
LJ500_R069_C084,69,84,703250,9535750,3500,4000,2022,6,2022-06,42,19.53,116.81,263.73,18.93,29.94,1.0551,31.0,1,0.2861,0.6641,1
LJ500_R069_C085,69,85,703750,9535750,4000,4000,2022,6,2022-06,42,19.52,116.8,263.7,18.95,29.95,1.0527,31.0,1,0.2764,0.5772,1
LJ500_R069_C086,69,86,704250,9535750,4500,4000,2022,6,2022-06,42,19.52,116.8,263.66,18.97,29.95,1.0504,31.0,1,0.2766,0.5834,1
LJ500_R070_C077,70,77,699750,9536250,0,4500,2022,6,2022-06,42,15.45,109.04,253.0,12.95,29.41,1.59,31.0,1,0.2579,0.434,1
LJ500_R070_C078,70,78,700250,9536250,500,4500,2022,6,2022-06,42,19.4,116.61,262.89,19.4,30.0,1.0,31.0,1,0.2498,0.4264,1
LJ500_R070_C079,70,79,700750,9536250,1000,4500,2022,6,2022-06,42,19.4,116.61,262.89,19.4,30.0,1.0,31.0,1,0.2628,0.4401,1
LJ500_R070_C080,70,80,701250,9536250,1500,4500,2022,6,2022-06,42,19.4,116.61,262.89,19.4,30.0,1.0,31.0,1,0.2718,0.4499,1
LJ500_R070_C081,70,81,701750,9536250,2000,4500,2022,6,2022-06,42,19.4,116.61,262.89,19.4,30.0,1.0,31.0,1,0.295,0.633,1
LJ500_R070_C082,70,82,702250,9536250,2500,4500,2022,6,2022-06,42,19.4,116.61,262.89,19.4,30.0,1.0,31.0,1,0.3031,0.697,1
LJ500_R070_C083,70,83,702750,9536250,3000,4500,2022,6,2022-06,42,19.4,116.61,262.89,19.4,30.0,1.0,31.0,1,0.2848,0.6486,1
LJ500_R070_C084,70,84,703250,9536250,3500,4500,2022,6,2022-06,42,19.4,116.61,262.89,19.4,30.0,1.0,31.0,1,0.282,0.6393,1
LJ500_R070_C085,70,85,703750,9536250,4000,4500,2022,6,2022-06,42,19.4,116.61,262.89,19.4,30.0,1.0,31.0,1,0.2709,0.5687,1
LJ500_R070_C086,70,86,704250,9536250,4500,4500,2022,6,2022-06,42,19.4,116.61,262.89,19.4,30.0,1.0,31.0,1,0.2764,0.5849,1
LJ500_R061_C077,61,77,699750,9531750,0,0,2022,7,2022-07,43,25.49,45.04,144.55,10.73,26.57,3.4308,30.0,1,0.3977,0.637,1
LJ500_R061_C078,61,78,700250,9531750,500,0,2022,7,2022-07,43,29.94,51.67,150.18,12.53,26.0,4.0,30.0,1,0.4013,0.6333,1
LJ500_R061_C079,61,79,700750,9531750,1000,0,2022,7,2022-07,43,29.94,51.67,150.18,12.53,26.0,4.0,30.0,1,0.3988,0.623,1
LJ500_R061_C080,61,80,701250,9531750,1500,0,2022,7,2022-07,43,29.94,51.67,150.18,12.53,26.0,4.0,30.0,1,0.3972,0.6164,1
LJ500_R061_C081,61,81,701750,9531750,2000,0,2022,7,2022-07,43,29.94,51.67,150.18,12.53,26.0,4.0,30.0,1,0.4163,0.7551,1
LJ500_R061_C082,61,82,702250,9531750,2500,0,2022,7,2022-07,43,29.94,51.67,150.18,12.53,26.0,4.0,30.0,1,0.4228,0.8004,1
LJ500_R061_C083,61,83,702750,9531750,3000,0,2022,7,2022-07,43,29.94,51.67,150.18,12.53,26.0,4.0,30.0,1,0.4648,0.9612,1
LJ500_R061_C084,61,84,703250,9531750,3500,0,2022,7,2022-07,43,29.94,51.67,150.18,12.53,26.0,4.0,30.0,1,0.4669,0.9714,1
LJ500_R061_C085,61,85,703750,9531750,4000,0,2022,7,2022-07,43,29.94,51.67,150.18,12.53,26.0,4.0,30.0,1,0.4234,0.8448,1
LJ500_R061_C086,61,86,704250,9531750,4500,0,2022,7,2022-07,43,29.94,51.67,150.18,12.53,26.0,4.0,30.0,1,0.4108,0.802,1
LJ500_R062_C077,62,77,699750,9532250,0,500,2022,7,2022-07,43,25.47,45.01,144.53,10.72,26.57,3.4285,30.0,1,0.3821,0.62,1
LJ500_R062_C078,62,78,700250,9532250,500,500,2022,7,2022-07,43,29.94,51.67,150.18,12.53,26.0,4.0,30.0,1,0.388,0.62,1
LJ500_R062_C079,62,79,700750,9532250,1000,500,2022,7,2022-07,43,29.94,51.67,150.18,12.53,26.0,4.0,30.0,1,0.3839,0.6017,1
LJ500_R062_C080,62,80,701250,9532250,1500,500,2022,7,2022-07,43,29.94,51.67,150.18,12.53,26.0,4.0,30.0,1,0.3813,0.59,1
LJ500_R062_C081,62,81,701750,9532250,2000,500,2022,7,2022-07,43,29.94,51.67,150.18,12.53,26.0,4.0,30.0,1,0.5181,1.083,1
LJ500_R062_C082,62,82,702250,9532250,2500,500,2022,7,2022-07,43,29.94,51.67,150.18,12.53,26.0,4.0,30.0,1,0.5617,1.24,1
LJ500_R062_C083,62,83,702750,9532250,3000,500,2022,7,2022-07,43,29.94,51.67,150.18,12.53,26.0,4.0,30.0,1,0.6591,1.6304,1
LJ500_R062_C084,62,84,703250,9532250,3500,500,2022,7,2022-07,43,29.94,51.67,150.18,12.53,26.0,4.0,30.0,1,0.6638,1.6539,1
LJ500_R062_C085,62,85,703750,9532250,4000,500,2022,7,2022-07,43,29.94,51.67,150.18,12.53,26.0,4.0,30.0,1,0.579,1.39,1
LJ500_R062_C086,62,86,704250,9532250,4500,500,2022,7,2022-07,43,29.94,51.67,150.18,12.53,26.0,4.0,30.0,1,0.5425,1.2721,1
LJ500_R063_C077,63,77,699750,9532750,0,1000,2022,7,2022-07,43,25.45,44.99,144.51,10.71,26.57,3.4261,30.0,1,0.3682,0.608,1
LJ500_R063_C078,63,78,700250,9532750,500,1000,2022,7,2022-07,43,29.94,51.67,150.18,12.53,26.0,4.0,30.0,1,0.3756,0.6053,1
LJ500_R063_C079,63,79,700750,9532750,1000,1000,2022,7,2022-07,43,29.94,51.67,150.18,12.53,26.0,4.0,30.0,1,0.3777,0.596,1
LJ500_R063_C080,63,80,701250,9532750,1500,1000,2022,7,2022-07,43,29.94,51.67,150.18,12.53,26.0,4.0,30.0,1,0.3792,0.59,1
LJ500_R063_C081,63,81,701750,9532750,2000,1000,2022,7,2022-07,43,29.94,51.67,150.18,12.53,26.0,4.0,30.0,1,0.451,0.8856,1
LJ500_R063_C082,63,82,702250,9532750,2500,1000,2022,7,2022-07,43,29.94,51.67,150.18,12.53,26.0,4.0,30.0,1,0.4737,0.9797,1
LJ500_R063_C083,63,83,702750,9532750,3000,1000,2022,7,2022-07,43,29.94,51.67,150.18,12.53,26.0,4.0,30.0,1,0.6995,1.8368,1
LJ500_R063_C084,63,84,703250,9532750,3500,1000,2022,7,2022-07,43,29.94,51.67,150.18,12.53,26.0,4.0,30.0,1,0.722,1.9289,1
LJ500_R063_C085,63,85,703750,9532750,4000,1000,2022,7,2022-07,43,29.94,51.67,150.18,12.53,26.0,4.0,30.0,1,0.6983,1.9536,1
LJ500_R063_C086,63,86,704250,9532750,4500,1000,2022,7,2022-07,43,29.94,51.67,150.18,12.53,26.0,4.0,30.0,1,0.6792,1.9042,1
LJ500_R064_C077,64,77,699750,9533250,0,1500,2022,7,2022-07,43,25.44,44.96,144.48,10.71,26.58,3.4238,30.0,1,0.3538,0.5955,1
LJ500_R064_C078,64,78,700250,9533250,500,1500,2022,7,2022-07,43,29.94,51.67,150.18,12.53,26.0,4.0,30.0,1,0.3627,0.59,1
LJ500_R064_C079,64,79,700750,9533250,1000,1500,2022,7,2022-07,43,29.94,51.67,150.18,12.53,26.0,4.0,30.0,1,0.3713,0.59,1
LJ500_R064_C080,64,80,701250,9533250,1500,1500,2022,7,2022-07,43,29.94,51.67,150.18,12.53,26.0,4.0,30.0,1,0.377,0.59,1
LJ500_R064_C081,64,81,701750,9533250,2000,1500,2022,7,2022-07,43,29.94,51.67,150.18,12.53,26.0,4.0,30.0,1,0.3838,0.688,1
LJ500_R064_C082,64,82,702250,9533250,2500,1500,2022,7,2022-07,43,29.94,51.67,150.18,12.53,26.0,4.0,30.0,1,0.386,0.72,1
LJ500_R064_C083,64,83,702750,9533250,3000,1500,2022,7,2022-07,43,29.94,51.67,150.18,12.53,26.0,4.0,30.0,1,0.7389,2.0387,1
LJ500_R064_C084,64,84,703250,9533250,3500,1500,2022,7,2022-07,43,29.94,51.67,150.18,12.53,26.0,4.0,30.0,1,0.7786,2.1969,1
LJ500_R064_C085,64,85,703750,9533250,4000,1500,2022,7,2022-07,43,29.94,51.67,150.18,12.53,26.0,4.0,30.0,1,0.814,2.5,1
LJ500_R064_C086,64,86,704250,9533250,4500,1500,2022,7,2022-07,43,29.94,51.67,150.18,12.53,26.0,4.0,30.0,1,0.8102,2.5101,1
LJ500_R065_C077,65,77,699750,9533750,0,2000,2022,7,2022-07,43,25.42,44.93,144.46,10.7,26.58,3.4215,30.0,1,0.3452,0.5796,1
LJ500_R065_C078,65,78,700250,9533750,500,2000,2022,7,2022-07,43,29.94,51.67,150.18,12.53,26.0,4.0,30.0,1,0.3437,0.5706,1
LJ500_R065_C079,65,79,700750,9533750,1000,2000,2022,7,2022-07,43,29.94,51.67,150.18,12.53,26.0,4.0,30.0,1,0.3561,0.5744,1
LJ500_R065_C080,65,80,701250,9533750,1500,2000,2022,7,2022-07,43,29.94,51.67,150.18,12.53,26.0,4.0,30.0,1,0.3644,0.5769,1
LJ500_R065_C081,65,81,701750,9533750,2000,2000,2022,7,2022-07,43,29.94,51.67,150.18,12.53,26.0,4.0,30.0,1,0.3432,0.5958,1
LJ500_R065_C082,65,82,702250,9533750,2500,2000,2022,7,2022-07,43,29.94,51.67,150.18,12.53,26.0,4.0,30.0,1,0.336,0.6017,1
LJ500_R065_C083,65,83,702750,9533750,3000,2000,2022,7,2022-07,43,29.94,51.67,150.18,12.53,26.0,4.0,30.0,1,0.5196,1.2331,1
LJ500_R065_C084,65,84,703250,9533750,3500,2000,2022,7,2022-07,43,29.94,51.67,150.18,12.53,26.0,4.0,30.0,1,0.5438,1.3207,1
LJ500_R065_C085,65,85,703750,9533750,4000,2000,2022,7,2022-07,43,29.94,51.67,150.18,12.53,26.0,4.0,30.0,1,0.6352,1.7225,1
LJ500_R065_C086,65,86,704250,9533750,4500,2000,2022,7,2022-07,43,29.94,51.67,150.18,12.53,26.0,4.0,30.0,1,0.6629,1.8642,1
LJ500_R066_C077,66,77,699750,9534250,0,2500,2022,7,2022-07,43,25.4,44.91,144.44,10.69,26.58,3.4192,30.0,1,0.3405,0.571,1
LJ500_R066_C078,66,78,700250,9534250,500,2500,2022,7,2022-07,43,29.94,51.67,150.18,12.53,26.0,4.0,30.0,1,0.3333,0.56,1
LJ500_R066_C079,66,79,700750,9534250,1000,2500,2022,7,2022-07,43,29.94,51.67,150.18,12.53,26.0,4.0,30.0,1,0.3479,0.566,1
LJ500_R066_C080,66,80,701250,9534250,1500,2500,2022,7,2022-07,43,29.94,51.67,150.18,12.53,26.0,4.0,30.0,1,0.3577,0.57,1
LJ500_R066_C081,66,81,701750,9534250,2000,2500,2022,7,2022-07,43,29.94,51.67,150.18,12.53,26.0,4.0,30.0,1,0.322,0.5475,1
LJ500_R066_C082,66,82,702250,9534250,2500,2500,2022,7,2022-07,43,29.94,51.67,150.18,12.53,26.0,4.0,30.0,1,0.31,0.54,1
LJ500_R066_C083,66,83,702750,9534250,3000,2500,2022,7,2022-07,43,29.94,51.67,150.18,12.53,26.0,4.0,30.0,1,0.4067,0.8185,1
LJ500_R066_C084,66,84,703250,9534250,3500,2500,2022,7,2022-07,43,29.94,51.67,150.18,12.53,26.0,4.0,30.0,1,0.4238,0.873,1
LJ500_R066_C085,66,85,703750,9534250,4000,2500,2022,7,2022-07,43,29.94,51.67,150.18,12.53,26.0,4.0,30.0,1,0.545,1.33,1
LJ500_R066_C086,66,86,704250,9534250,4500,2500,2022,7,2022-07,43,29.94,51.67,150.18,12.53,26.0,4.0,30.0,1,0.5888,1.5392,1
LJ500_R067_C077,67,77,699750,9534750,0,3000,2022,7,2022-07,43,25.38,44.88,144.42,10.68,26.58,3.4169,30.0,1,0.3415,0.563,1
LJ500_R067_C078,67,78,700250,9534750,500,3000,2022,7,2022-07,43,29.94,51.67,150.18,12.53,26.0,4.0,30.0,1,0.3253,0.552,1
LJ500_R067_C079,67,79,700750,9534750,1000,3000,2022,7,2022-07,43,29.94,51.67,150.18,12.53,26.0,4.0,30.0,1,0.335,0.5531,1
LJ500_R067_C080,67,80,701250,9534750,1500,3000,2022,7,2022-07,43,29.94,51.67,150.18,12.53,26.0,4.0,30.0,1,0.3415,0.5538,1
LJ500_R067_C081,67,81,701750,9534750,2000,3000,2022,7,2022-07,43,29.94,51.67,150.18,12.53,26.0,4.0,30.0,1,0.3382,0.5435,1
LJ500_R067_C082,67,82,702250,9534750,2500,3000,2022,7,2022-07,43,29.94,51.67,150.18,12.53,26.0,4.0,30.0,1,0.3371,0.54,1
LJ500_R067_C083,67,83,702750,9534750,3000,3000,2022,7,2022-07,43,29.94,51.67,150.18,12.53,26.0,4.0,30.0,1,0.333,0.5617,1
LJ500_R067_C084,67,84,703250,9534750,3500,3000,2022,7,2022-07,43,29.94,51.67,150.18,12.53,26.0,4.0,30.0,1,0.3347,0.5752,1
LJ500_R067_C085,67,85,703750,9534750,4000,3000,2022,7,2022-07,43,29.94,51.67,150.18,12.53,26.0,4.0,30.0,1,0.3857,0.8208,1
LJ500_R067_C086,67,86,704250,9534750,4500,3000,2022,7,2022-07,43,29.94,51.67,150.18,12.53,26.0,4.0,30.0,1,0.4287,0.9859,1
LJ500_R068_C077,68,77,699750,9535250,0,3500,2022,7,2022-07,43,25.36,44.85,144.39,10.68,26.59,3.4146,30.0,1,0.3418,0.5611,1
LJ500_R068_C078,68,78,700250,9535250,500,3500,2022,7,2022-07,43,29.94,51.67,150.18,12.53,26.0,4.0,30.0,1,0.3233,0.55,1
LJ500_R068_C079,68,79,700750,9535250,1000,3500,2022,7,2022-07,43,29.94,51.67,150.18,12.53,26.0,4.0,30.0,1,0.3319,0.55,1
LJ500_R068_C080,68,80,701250,9535250,1500,3500,2022,7,2022-07,43,29.94,51.67,150.18,12.53,26.0,4.0,30.0,1,0.3377,0.55,1
LJ500_R068_C081,68,81,701750,9535250,2000,3500,2022,7,2022-07,43,29.94,51.67,150.18,12.53,26.0,4.0,30.0,1,0.3419,0.5426,1
LJ500_R068_C082,68,82,702250,9535250,2500,3500,2022,7,2022-07,43,29.94,51.67,150.18,12.53,26.0,4.0,30.0,1,0.3433,0.54,1
LJ500_R068_C083,68,83,702750,9535250,3000,3500,2022,7,2022-07,43,29.94,51.67,150.18,12.53,26.0,4.0,30.0,1,0.3165,0.5042,1
LJ500_R068_C084,68,84,703250,9535250,3500,3500,2022,7,2022-07,43,29.94,51.67,150.18,12.53,26.0,4.0,30.0,1,0.315,0.5091,1
LJ500_R068_C085,68,85,703750,9535250,4000,3500,2022,7,2022-07,43,29.94,51.67,150.18,12.53,26.0,4.0,30.0,1,0.351,0.71,1
LJ500_R068_C086,68,86,704250,9535250,4500,3500,2022,7,2022-07,43,29.94,51.67,150.18,12.53,26.0,4.0,30.0,1,0.394,0.8661,1
LJ500_R069_C077,69,77,699750,9535750,0,4000,2022,7,2022-07,43,23.14,38.88,132.92,10.03,26.97,3.0292,30.0,1,0.325,0.5324,1
LJ500_R069_C078,69,78,700250,9535750,500,4000,2022,7,2022-07,43,27.51,47.07,144.37,11.92,26.93,3.069,30.0,1,0.3134,0.5211,1
LJ500_R069_C079,69,79,700750,9535750,1000,4000,2022,7,2022-07,43,27.5,47.06,144.36,11.92,26.93,3.0667,30.0,1,0.3251,0.5268,1
LJ500_R069_C080,69,80,701250,9535750,1500,4000,2022,7,2022-07,43,27.5,47.05,144.34,11.92,26.94,3.0644,30.0,1,0.3332,0.5307,1
LJ500_R069_C081,69,81,701750,9535750,2000,4000,2022,7,2022-07,43,27.49,47.03,144.33,11.92,26.94,3.0621,30.0,1,0.298,0.5376,1
LJ500_R069_C082,69,82,702250,9535750,2500,4000,2022,7,2022-07,43,27.48,47.02,144.31,11.91,26.94,3.0597,30.0,1,0.2857,0.54,1
LJ500_R069_C083,69,83,702750,9535750,3000,4000,2022,7,2022-07,43,27.48,47.01,144.3,11.91,26.94,3.0574,30.0,1,0.2773,0.5217,1
LJ500_R069_C084,69,84,703250,9535750,3500,4000,2022,7,2022-07,43,27.47,47.0,144.29,11.91,26.94,3.0551,30.0,1,0.277,0.5177,1
LJ500_R069_C085,69,85,703750,9535750,4000,4000,2022,7,2022-07,43,27.47,46.99,144.27,11.91,26.95,3.0527,30.0,1,0.2939,0.4753,1
LJ500_R069_C086,69,86,704250,9535750,4500,4000,2022,7,2022-07,43,27.46,46.98,144.26,11.91,26.95,3.0504,30.0,1,0.2907,0.4795,1
LJ500_R070_C077,70,77,699750,9536250,0,4500,2022,7,2022-07,43,22.95,38.39,131.99,9.9783,27.0,3.0,30.0,1,0.3232,0.5295,1
LJ500_R070_C078,70,78,700250,9536250,500,4500,2022,7,2022-07,43,27.33,46.73,143.94,11.87,27.0,3.0,30.0,1,0.3116,0.5176,1
LJ500_R070_C079,70,79,700750,9536250,1000,4500,2022,7,2022-07,43,27.33,46.73,143.94,11.87,27.0,3.0,30.0,1,0.3229,0.5235,1
LJ500_R070_C080,70,80,701250,9536250,1500,4500,2022,7,2022-07,43,27.33,46.73,143.94,11.87,27.0,3.0,30.0,1,0.3307,0.5275,1
LJ500_R070_C081,70,81,701750,9536250,2000,4500,2022,7,2022-07,43,27.33,46.73,143.94,11.87,27.0,3.0,30.0,1,0.2981,0.5321,1
LJ500_R070_C082,70,82,702250,9536250,2500,4500,2022,7,2022-07,43,27.33,46.73,143.94,11.87,27.0,3.0,30.0,1,0.2866,0.5336,1
LJ500_R070_C083,70,83,702750,9536250,3000,4500,2022,7,2022-07,43,27.33,46.73,143.94,11.87,27.0,3.0,30.0,1,0.2802,0.518,1
LJ500_R070_C084,70,84,703250,9536250,3500,4500,2022,7,2022-07,43,27.33,46.73,143.94,11.87,27.0,3.0,30.0,1,0.2799,0.5142,1
LJ500_R070_C085,70,85,703750,9536250,4000,4500,2022,7,2022-07,43,27.33,46.73,143.94,11.87,27.0,3.0,30.0,1,0.2911,0.4687,1
LJ500_R070_C086,70,86,704250,9536250,4500,4500,2022,7,2022-07,43,27.33,46.73,143.94,11.87,27.0,3.0,30.0,1,0.2901,0.4801,1
LJ500_R061_C077,61,77,699750,9531750,0,0,2022,8,2022-08,44,4.4035,29.89,49.44,2.3582,30.14,0.8616,31.0,1,0.4931,0.7047,1
LJ500_R061_C078,61,78,700250,9531750,500,0,2022,8,2022-08,44,10.22,40.16,61.9,5.4741,29.0,2.0,31.0,1,0.4987,0.71,1
LJ500_R061_C079,61,79,700750,9531750,1000,0,2022,8,2022-08,44,10.22,40.16,61.9,5.4741,29.0,2.0,31.0,1,0.4947,0.7037,1
LJ500_R061_C080,61,80,701250,9531750,1500,0,2022,8,2022-08,44,10.22,40.16,61.9,5.4741,29.0,2.0,31.0,1,0.4921,0.6996,1
LJ500_R061_C081,61,81,701750,9531750,2000,0,2022,8,2022-08,44,10.22,40.16,61.9,5.4741,29.0,2.0,31.0,1,0.5289,0.8379,1
LJ500_R061_C082,61,82,702250,9531750,2500,0,2022,8,2022-08,44,10.22,40.16,61.9,5.4741,29.0,2.0,31.0,1,0.5413,0.8829,1
LJ500_R061_C083,61,83,702750,9531750,3000,0,2022,8,2022-08,44,10.22,40.16,61.9,5.4741,29.0,2.0,31.0,1,0.6033,1.032,1
LJ500_R061_C084,61,84,703250,9531750,3500,0,2022,8,2022-08,44,10.22,40.16,61.9,5.4741,29.0,2.0,31.0,1,0.6066,1.038,1
LJ500_R061_C085,61,85,703750,9531750,4000,0,2022,8,2022-08,44,10.22,40.16,61.9,5.4741,29.0,2.0,31.0,1,0.5478,0.8751,1
LJ500_R061_C086,61,86,704250,9531750,4500,0,2022,8,2022-08,44,10.22,40.16,61.9,5.4741,29.0,2.0,31.0,1,0.53,0.8496,1
LJ500_R062_C077,62,77,699750,9532250,0,500,2022,8,2022-08,44,4.3798,29.85,49.39,2.3455,30.14,0.8569,31.0,1,0.473,0.6846,1
LJ500_R062_C078,62,78,700250,9532250,500,500,2022,8,2022-08,44,10.22,40.16,61.9,5.4741,29.0,2.0,31.0,1,0.4806,0.69,1
LJ500_R062_C079,62,79,700750,9532250,1000,500,2022,8,2022-08,44,10.22,40.16,61.9,5.4741,29.0,2.0,31.0,1,0.4726,0.6717,1
LJ500_R062_C080,62,80,701250,9532250,1500,500,2022,8,2022-08,44,10.22,40.16,61.9,5.4741,29.0,2.0,31.0,1,0.4674,0.66,1
LJ500_R062_C081,62,81,701750,9532250,2000,500,2022,8,2022-08,44,10.22,40.16,61.9,5.4741,29.0,2.0,31.0,1,0.6812,1.1226,1
LJ500_R062_C082,62,82,702250,9532250,2500,500,2022,8,2022-08,44,10.22,40.16,61.9,5.4741,29.0,2.0,31.0,1,0.7494,1.27,1
LJ500_R062_C083,62,83,702750,9532250,3000,500,2022,8,2022-08,44,10.22,40.16,61.9,5.4741,29.0,2.0,31.0,1,0.88,1.5242,1
LJ500_R062_C084,62,84,703250,9532250,3500,500,2022,8,2022-08,44,10.22,40.16,61.9,5.4741,29.0,2.0,31.0,1,0.8869,1.5362,1
LJ500_R062_C085,62,85,703750,9532250,4000,500,2022,8,2022-08,44,10.22,40.16,61.9,5.4741,29.0,2.0,31.0,1,0.7829,1.31,1
LJ500_R062_C086,62,86,704250,9532250,4500,500,2022,8,2022-08,44,10.22,40.16,61.9,5.4741,29.0,2.0,31.0,1,0.7316,1.2417,1
LJ500_R063_C077,63,77,699750,9532750,0,1000,2022,8,2022-08,44,4.3561,29.81,49.34,2.3328,30.15,0.8523,31.0,1,0.4555,0.6672,1
LJ500_R063_C078,63,78,700250,9532750,500,1000,2022,8,2022-08,44,10.22,40.16,61.9,5.4741,29.0,2.0,31.0,1,0.4646,0.6753,1
LJ500_R063_C079,63,79,700750,9532750,1000,1000,2022,8,2022-08,44,10.22,40.16,61.9,5.4741,29.0,2.0,31.0,1,0.4649,0.669,1
LJ500_R063_C080,63,80,701250,9532750,1500,1000,2022,8,2022-08,44,10.22,40.16,61.9,5.4741,29.0,2.0,31.0,1,0.4652,0.665,1
LJ500_R063_C081,63,81,701750,9532750,2000,1000,2022,8,2022-08,44,10.22,40.16,61.9,5.4741,29.0,2.0,31.0,1,0.585,0.983,1
LJ500_R063_C082,63,82,702250,9532750,2500,1000,2022,8,2022-08,44,10.22,40.16,61.9,5.4741,29.0,2.0,31.0,1,0.6231,1.0848,1
LJ500_R063_C083,63,83,702750,9532750,3000,1000,2022,8,2022-08,44,10.22,40.16,61.9,5.4741,29.0,2.0,31.0,1,0.9064,1.7199,1
LJ500_R063_C084,63,84,703250,9532750,3500,1000,2022,8,2022-08,44,10.22,40.16,61.9,5.4741,29.0,2.0,31.0,1,0.9323,1.7906,1
LJ500_R063_C085,63,85,703750,9532750,4000,1000,2022,8,2022-08,44,10.22,40.16,61.9,5.4741,29.0,2.0,31.0,1,0.8651,1.8482,1
LJ500_R063_C086,63,86,704250,9532750,4500,1000,2022,8,2022-08,44,10.22,40.16,61.9,5.4741,29.0,2.0,31.0,1,0.8363,1.827,1
LJ500_R064_C077,64,77,699750,9533250,0,1500,2022,8,2022-08,44,4.3325,29.77,49.29,2.3201,30.15,0.8477,31.0,1,0.4372,0.6491,1
LJ500_R064_C078,64,78,700250,9533250,500,1500,2022,8,2022-08,44,10.22,40.16,61.9,5.4741,29.0,2.0,31.0,1,0.4481,0.66,1
LJ500_R064_C079,64,79,700750,9533250,1000,1500,2022,8,2022-08,44,10.22,40.16,61.9,5.4741,29.0,2.0,31.0,1,0.457,0.666,1
LJ500_R064_C080,64,80,701250,9533250,1500,1500,2022,8,2022-08,44,10.22,40.16,61.9,5.4741,29.0,2.0,31.0,1,0.4629,0.67,1
LJ500_R064_C081,64,81,701750,9533250,2000,1500,2022,8,2022-08,44,10.22,40.16,61.9,5.4741,29.0,2.0,31.0,1,0.4887,0.8434,1
LJ500_R064_C082,64,82,702250,9533250,2500,1500,2022,8,2022-08,44,10.22,40.16,61.9,5.4741,29.0,2.0,31.0,1,0.4971,0.9,1
LJ500_R064_C083,64,83,702750,9533250,3000,1500,2022,8,2022-08,44,10.22,40.16,61.9,5.4741,29.0,2.0,31.0,1,0.9318,1.9116,1
LJ500_R064_C084,64,84,703250,9533250,3500,1500,2022,8,2022-08,44,10.22,40.16,61.9,5.4741,29.0,2.0,31.0,1,0.9766,2.0384,1
LJ500_R064_C085,64,85,703750,9533250,4000,1500,2022,8,2022-08,44,10.22,40.16,61.9,5.4741,29.0,2.0,31.0,1,0.9448,2.37,1
LJ500_R064_C086,64,86,704250,9533250,4500,1500,2022,8,2022-08,44,10.22,40.16,61.9,5.4741,29.0,2.0,31.0,1,0.9364,2.3882,1
LJ500_R065_C077,65,77,699750,9533750,0,2000,2022,8,2022-08,44,4.3088,29.73,49.24,2.3075,30.16,0.843,31.0,1,0.424,0.6374,1
LJ500_R065_C078,65,78,700250,9533750,500,2000,2022,8,2022-08,44,10.22,40.16,61.9,5.4741,29.0,2.0,31.0,1,0.4226,0.6341,1
LJ500_R065_C079,65,79,700750,9533750,1000,2000,2022,8,2022-08,44,10.22,40.16,61.9,5.4741,29.0,2.0,31.0,1,0.4366,0.6478,1
LJ500_R065_C080,65,80,701250,9533750,1500,2000,2022,8,2022-08,44,10.22,40.16,61.9,5.4741,29.0,2.0,31.0,1,0.4458,0.6569,1
LJ500_R065_C081,65,81,701750,9533750,2000,2000,2022,8,2022-08,44,10.22,40.16,61.9,5.4741,29.0,2.0,31.0,1,0.4261,0.7067,1
LJ500_R065_C082,65,82,702250,9533750,2500,2000,2022,8,2022-08,44,10.22,40.16,61.9,5.4741,29.0,2.0,31.0,1,0.4193,0.7225,1
LJ500_R065_C083,65,83,702750,9533750,3000,2000,2022,8,2022-08,44,10.22,40.16,61.9,5.4741,29.0,2.0,31.0,1,0.668,1.303,1
LJ500_R065_C084,65,84,703250,9533750,3500,2000,2022,8,2022-08,44,10.22,40.16,61.9,5.4741,29.0,2.0,31.0,1,0.6998,1.3788,1
LJ500_R065_C085,65,85,703750,9533750,4000,2000,2022,8,2022-08,44,10.22,40.16,61.9,5.4741,29.0,2.0,31.0,1,0.8044,1.6457,1
LJ500_R065_C086,65,86,704250,9533750,4500,2000,2022,8,2022-08,44,10.22,40.16,61.9,5.4741,29.0,2.0,31.0,1,0.8225,1.7823,1
LJ500_R066_C077,66,77,699750,9534250,0,2500,2022,8,2022-08,44,4.2852,29.68,49.19,2.2948,30.16,0.8384,31.0,1,0.4169,0.631,1
LJ500_R066_C078,66,78,700250,9534250,500,2500,2022,8,2022-08,44,10.22,40.16,61.9,5.4741,29.0,2.0,31.0,1,0.4087,0.62,1
LJ500_R066_C079,66,79,700750,9534250,1000,2500,2022,8,2022-08,44,10.22,40.16,61.9,5.4741,29.0,2.0,31.0,1,0.4255,0.638,1
LJ500_R066_C080,66,80,701250,9534250,1500,2500,2022,8,2022-08,44,10.22,40.16,61.9,5.4741,29.0,2.0,31.0,1,0.4368,0.65,1
LJ500_R066_C081,66,81,701750,9534250,2000,2500,2022,8,2022-08,44,10.22,40.16,61.9,5.4741,29.0,2.0,31.0,1,0.3933,0.635,1
LJ500_R066_C082,66,82,702250,9534250,2500,2500,2022,8,2022-08,44,10.22,40.16,61.9,5.4741,29.0,2.0,31.0,1,0.3787,0.63,1
LJ500_R066_C083,66,83,702750,9534250,3000,2500,2022,8,2022-08,44,10.22,40.16,61.9,5.4741,29.0,2.0,31.0,1,0.532,0.9894,1
LJ500_R066_C084,66,84,703250,9534250,3500,2500,2022,8,2022-08,44,10.22,40.16,61.9,5.4741,29.0,2.0,31.0,1,0.5582,1.042,1
LJ500_R066_C085,66,85,703750,9534250,4000,2500,2022,8,2022-08,44,10.22,40.16,61.9,5.4741,29.0,2.0,31.0,1,0.7335,1.28,1
LJ500_R066_C086,66,86,704250,9534250,4500,2500,2022,8,2022-08,44,10.22,40.16,61.9,5.4741,29.0,2.0,31.0,1,0.7652,1.4774,1
LJ500_R067_C077,67,77,699750,9534750,0,3000,2022,8,2022-08,44,4.2616,29.64,49.14,2.2822,30.17,0.8338,31.0,1,0.4145,0.623,1
LJ500_R067_C078,67,78,700250,9534750,500,3000,2022,8,2022-08,44,10.22,40.16,61.9,5.4741,29.0,2.0,31.0,1,0.3975,0.612,1
LJ500_R067_C079,67,79,700750,9534750,1000,3000,2022,8,2022-08,44,10.22,40.16,61.9,5.4741,29.0,2.0,31.0,1,0.4088,0.6202,1
LJ500_R067_C080,67,80,701250,9534750,1500,3000,2022,8,2022-08,44,10.22,40.16,61.9,5.4741,29.0,2.0,31.0,1,0.4164,0.6257,1
LJ500_R067_C081,67,81,701750,9534750,2000,3000,2022,8,2022-08,44,10.22,40.16,61.9,5.4741,29.0,2.0,31.0,1,0.4117,0.6228,1
LJ500_R067_C082,67,82,702250,9534750,2500,3000,2022,8,2022-08,44,10.22,40.16,61.9,5.4741,29.0,2.0,31.0,1,0.4102,0.6219,1
LJ500_R067_C083,67,83,702750,9534750,3000,3000,2022,8,2022-08,44,10.22,40.16,61.9,5.4741,29.0,2.0,31.0,1,0.4105,0.6583,1
LJ500_R067_C084,67,84,703250,9534750,3500,3000,2022,8,2022-08,44,10.22,40.16,61.9,5.4741,29.0,2.0,31.0,1,0.4143,0.6751,1
LJ500_R067_C085,67,85,703750,9534750,4000,3000,2022,8,2022-08,44,10.22,40.16,61.9,5.4741,29.0,2.0,31.0,1,0.5007,0.9597,1
LJ500_R067_C086,67,86,704250,9534750,4500,3000,2022,8,2022-08,44,10.22,40.16,61.9,5.4741,29.0,2.0,31.0,1,0.5569,1.0799,1
LJ500_R068_C077,68,77,699750,9535250,0,3500,2022,8,2022-08,44,4.2381,29.6,49.09,2.2696,30.17,0.8292,31.0,1,0.414,0.6211,1
LJ500_R068_C078,68,78,700250,9535250,500,3500,2022,8,2022-08,44,10.22,40.16,61.9,5.4741,29.0,2.0,31.0,1,0.3948,0.61,1
LJ500_R068_C079,68,79,700750,9535250,1000,3500,2022,8,2022-08,44,10.22,40.16,61.9,5.4741,29.0,2.0,31.0,1,0.4048,0.6159,1
LJ500_R068_C080,68,80,701250,9535250,1500,3500,2022,8,2022-08,44,10.22,40.16,61.9,5.4741,29.0,2.0,31.0,1,0.4116,0.62,1
LJ500_R068_C081,68,81,701750,9535250,2000,3500,2022,8,2022-08,44,10.22,40.16,61.9,5.4741,29.0,2.0,31.0,1,0.4159,0.62,1
LJ500_R068_C082,68,82,702250,9535250,2500,3500,2022,8,2022-08,44,10.22,40.16,61.9,5.4741,29.0,2.0,31.0,1,0.4174,0.62,1
LJ500_R068_C083,68,83,702750,9535250,3000,3500,2022,8,2022-08,44,10.22,40.16,61.9,5.4741,29.0,2.0,31.0,1,0.3834,0.5842,1
LJ500_R068_C084,68,84,703250,9535250,3500,3500,2022,8,2022-08,44,10.22,40.16,61.9,5.4741,29.0,2.0,31.0,1,0.3824,0.5934,1
LJ500_R068_C085,68,85,703750,9535250,4000,3500,2022,8,2022-08,44,10.22,40.16,61.9,5.4741,29.0,2.0,31.0,1,0.45,0.89,1
LJ500_R068_C086,68,86,704250,9535250,4500,3500,2022,8,2022-08,44,10.22,40.16,61.9,5.4741,29.0,2.0,31.0,1,0.5117,0.994,1
LJ500_R069_C077,69,77,699750,9535750,0,4000,2022,8,2022-08,44,3.5843,26.72,42.47,3.4456,30.56,0.4415,31.0,1,0.3914,0.5966,1
LJ500_R069_C078,69,78,700250,9535750,500,4000,2022,8,2022-08,44,8.6904,36.2,55.76,8.3627,29.93,1.069,31.0,1,0.3787,0.5908,1
LJ500_R069_C079,69,79,700750,9535750,1000,4000,2022,8,2022-08,44,8.6866,36.19,55.74,8.3699,29.93,1.0667,31.0,1,0.3914,0.6024,1
LJ500_R069_C080,69,80,701250,9535750,1500,4000,2022,8,2022-08,44,8.6828,36.18,55.73,8.3771,29.94,1.0644,31.0,1,0.4001,0.6103,1
LJ500_R069_C081,69,81,701750,9535750,2000,4000,2022,8,2022-08,44,8.679,36.17,55.71,8.3843,29.94,1.0621,31.0,1,0.3633,0.6463,1
LJ500_R069_C082,69,82,702250,9535750,2500,4000,2022,8,2022-08,44,8.6752,36.16,55.7,8.3915,29.94,1.0597,31.0,1,0.3504,0.6588,1
LJ500_R069_C083,69,83,702750,9535750,3000,4000,2022,8,2022-08,44,8.6713,36.15,55.68,8.3988,29.94,1.0574,31.0,1,0.3376,0.6146,1
LJ500_R069_C084,69,84,703250,9535750,3500,4000,2022,8,2022-08,44,8.6675,36.14,55.67,8.406,29.94,1.0551,31.0,1,0.3368,0.6068,1
LJ500_R069_C085,69,85,703750,9535750,4000,4000,2022,8,2022-08,44,8.6636,36.13,55.65,8.4133,29.95,1.0527,31.0,1,0.3576,0.5477,1
LJ500_R069_C086,69,86,704250,9535750,4500,4000,2022,8,2022-08,44,8.6598,36.12,55.64,8.4206,29.95,1.0504,31.0,1,0.354,0.5506,1
LJ500_R070_C077,70,77,699750,9536250,0,4500,2022,8,2022-08,44,3.5165,26.47,41.91,3.5165,30.59,0.41,31.0,1,0.3884,0.5933,1
LJ500_R070_C078,70,78,700250,9536250,500,4500,2022,8,2022-08,44,8.5769,35.91,55.3,8.5769,30.0,1.0,31.0,1,0.3759,0.5876,1
LJ500_R070_C079,70,79,700750,9536250,1000,4500,2022,8,2022-08,44,8.5769,35.91,55.3,8.5769,30.0,1.0,31.0,1,0.388,0.598,1
LJ500_R070_C080,70,80,701250,9536250,1500,4500,2022,8,2022-08,44,8.5769,35.91,55.3,8.5769,30.0,1.0,31.0,1,0.3964,0.6051,1
LJ500_R070_C081,70,81,701750,9536250,2000,4500,2022,8,2022-08,44,8.5769,35.91,55.3,8.5769,30.0,1.0,31.0,1,0.3622,0.6355,1
LJ500_R070_C082,70,82,702250,9536250,2500,4500,2022,8,2022-08,44,8.5769,35.91,55.3,8.5769,30.0,1.0,31.0,1,0.3502,0.6459,1
LJ500_R070_C083,70,83,702750,9536250,3000,4500,2022,8,2022-08,44,8.5769,35.91,55.3,8.5769,30.0,1.0,31.0,1,0.3403,0.6093,1
LJ500_R070_C084,70,84,703250,9536250,3500,4500,2022,8,2022-08,44,8.5769,35.91,55.3,8.5769,30.0,1.0,31.0,1,0.3397,0.6021,1
LJ500_R070_C085,70,85,703750,9536250,4000,4500,2022,8,2022-08,44,8.5769,35.91,55.3,8.5769,30.0,1.0,31.0,1,0.353,0.5387,1
LJ500_R070_C086,70,86,704250,9536250,4500,4500,2022,8,2022-08,44,8.5769,35.91,55.3,8.5769,30.0,1.0,31.0,1,0.3529,0.5526,1
LJ500_R061_C077,61,77,699750,9531750,0,0,2022,9,2022-09,45,10.27,14.68,40.17,8.2585,29.43,1.5692,31.0,1,0.5326,0.7013,1
LJ500_R061_C078,61,78,700250,9531750,500,0,2022,9,2022-09,45,11.7,21.93,51.86,11.7,30.0,1.0,31.0,1,0.5387,0.7066,1
LJ500_R061_C079,61,79,700750,9531750,1000,0,2022,9,2022-09,45,11.7,21.93,51.86,11.7,30.0,1.0,31.0,1,0.5313,0.7045,1
LJ500_R061_C080,61,80,701250,9531750,1500,0,2022,9,2022-09,45,11.7,21.93,51.86,11.7,30.0,1.0,31.0,1,0.5266,0.7032,1
LJ500_R061_C081,61,81,701750,9531750,2000,0,2022,9,2022-09,45,11.7,21.93,51.86,11.7,30.0,1.0,31.0,1,0.5447,0.8765,1
LJ500_R061_C082,61,82,702250,9531750,2500,0,2022,9,2022-09,45,11.7,21.93,51.86,11.7,30.0,1.0,31.0,1,0.5511,0.9323,1
LJ500_R061_C083,61,83,702750,9531750,3000,0,2022,9,2022-09,45,11.7,21.93,51.86,11.7,30.0,1.0,31.0,1,0.6024,1.0245,1
LJ500_R061_C084,61,84,703250,9531750,3500,0,2022,9,2022-09,45,11.7,21.93,51.86,11.7,30.0,1.0,31.0,1,0.605,1.0278,1
LJ500_R061_C085,61,85,703750,9531750,4000,0,2022,9,2022-09,45,11.7,21.93,51.86,11.7,30.0,1.0,31.0,1,0.5531,0.9206,1
LJ500_R061_C086,61,86,704250,9531750,4500,0,2022,9,2022-09,45,11.7,21.93,51.86,11.7,30.0,1.0,31.0,1,0.537,0.8979,1
LJ500_R062_C077,62,77,699750,9532250,0,500,2022,9,2022-09,45,10.27,14.65,40.12,8.2444,29.43,1.5715,31.0,1,0.5109,0.6746,1
LJ500_R062_C078,62,78,700250,9532250,500,500,2022,9,2022-09,45,11.7,21.93,51.86,11.7,30.0,1.0,31.0,1,0.52,0.68,1
LJ500_R062_C079,62,79,700750,9532250,1000,500,2022,9,2022-09,45,11.7,21.93,51.86,11.7,30.0,1.0,31.0,1,0.5066,0.6861,1
LJ500_R062_C080,62,80,701250,9532250,1500,500,2022,9,2022-09,45,11.7,21.93,51.86,11.7,30.0,1.0,31.0,1,0.4981,0.69,1
LJ500_R062_C081,62,81,701750,9532250,2000,500,2022,9,2022-09,45,11.7,21.93,51.86,11.7,30.0,1.0,31.0,1,0.6793,1.1375,1
LJ500_R062_C082,62,82,702250,9532250,2500,500,2022,9,2022-09,45,11.7,21.93,51.86,11.7,30.0,1.0,31.0,1,0.7371,1.28,1
LJ500_R062_C083,62,83,702750,9532250,3000,500,2022,9,2022-09,45,11.7,21.93,51.86,11.7,30.0,1.0,31.0,1,0.8528,1.3708,1
LJ500_R062_C084,62,84,703250,9532250,3500,500,2022,9,2022-09,45,11.7,21.93,51.86,11.7,30.0,1.0,31.0,1,0.8583,1.376,1
LJ500_R062_C085,62,85,703750,9532250,4000,500,2022,9,2022-09,45,11.7,21.93,51.86,11.7,30.0,1.0,31.0,1,0.7568,1.31,1
LJ500_R062_C086,62,86,704250,9532250,4500,500,2022,9,2022-09,45,11.7,21.93,51.86,11.7,30.0,1.0,31.0,1,0.7102,1.25,1
LJ500_R063_C077,63,77,699750,9532750,0,1000,2022,9,2022-09,45,10.26,14.62,40.07,8.2304,29.43,1.5739,31.0,1,0.4914,0.6656,1
LJ500_R063_C078,63,78,700250,9532750,500,1000,2022,9,2022-09,45,11.7,21.93,51.86,11.7,30.0,1.0,31.0,1,0.5035,0.6603,1
LJ500_R063_C079,63,79,700750,9532750,1000,1000,2022,9,2022-09,45,11.7,21.93,51.86,11.7,30.0,1.0,31.0,1,0.4994,0.6753,1
LJ500_R063_C080,63,80,701250,9532750,1500,1000,2022,9,2022-09,45,11.7,21.93,51.86,11.7,30.0,1.0,31.0,1,0.4968,0.685,1
LJ500_R063_C081,63,81,701750,9532750,2000,1000,2022,9,2022-09,45,11.7,21.93,51.86,11.7,30.0,1.0,31.0,1,0.5898,1.0143,1
LJ500_R063_C082,63,82,702250,9532750,2500,1000,2022,9,2022-09,45,11.7,21.93,51.86,11.7,30.0,1.0,31.0,1,0.6192,1.1198,1
LJ500_R063_C083,63,83,702750,9532750,3000,1000,2022,9,2022-09,45,11.7,21.93,51.86,11.7,30.0,1.0,31.0,1,0.8714,1.5647,1
LJ500_R063_C084,63,84,703250,9532750,3500,1000,2022,9,2022-09,45,11.7,21.93,51.86,11.7,30.0,1.0,31.0,1,0.8933,1.6249,1
LJ500_R063_C085,63,85,703750,9532750,4000,1000,2022,9,2022-09,45,11.7,21.93,51.86,11.7,30.0,1.0,31.0,1,0.8138,1.8431,1
LJ500_R063_C086,63,86,704250,9532750,4500,1000,2022,9,2022-09,45,11.7,21.93,51.86,11.7,30.0,1.0,31.0,1,0.7862,1.8321,1
LJ500_R064_C077,64,77,699750,9533250,0,1500,2022,9,2022-09,45,10.26,14.59,40.02,8.2164,29.42,1.5762,31.0,1,0.471,0.6564,1
LJ500_R064_C078,64,78,700250,9533250,500,1500,2022,9,2022-09,45,11.7,21.93,51.86,11.7,30.0,1.0,31.0,1,0.4865,0.64,1
LJ500_R064_C079,64,79,700750,9533250,1000,1500,2022,9,2022-09,45,11.7,21.93,51.86,11.7,30.0,1.0,31.0,1,0.4919,0.6642,1
LJ500_R064_C080,64,80,701250,9533250,1500,1500,2022,9,2022-09,45,11.7,21.93,51.86,11.7,30.0,1.0,31.0,1,0.4955,0.68,1
LJ500_R064_C081,64,81,701750,9533250,2000,1500,2022,9,2022-09,45,11.7,21.93,51.86,11.7,30.0,1.0,31.0,1,0.5001,0.891,1
LJ500_R064_C082,64,82,702250,9533250,2500,1500,2022,9,2022-09,45,11.7,21.93,51.86,11.7,30.0,1.0,31.0,1,0.5016,0.96,1
LJ500_R064_C083,64,83,702750,9533250,3000,1500,2022,9,2022-09,45,11.7,21.93,51.86,11.7,30.0,1.0,31.0,1,0.8891,1.7548,1
LJ500_R064_C084,64,84,703250,9533250,3500,1500,2022,9,2022-09,45,11.7,21.93,51.86,11.7,30.0,1.0,31.0,1,0.9274,1.8674,1
LJ500_R064_C085,64,85,703750,9533250,4000,1500,2022,9,2022-09,45,11.7,21.93,51.86,11.7,30.0,1.0,31.0,1,0.869,2.36,1
LJ500_R064_C086,64,86,704250,9533250,4500,1500,2022,9,2022-09,45,11.7,21.93,51.86,11.7,30.0,1.0,31.0,1,0.8589,2.3903,1
LJ500_R065_C077,65,77,699750,9533750,0,2000,2022,9,2022-09,45,10.25,14.56,39.98,8.2024,29.42,1.5785,31.0,1,0.4583,0.6394,1
LJ500_R065_C078,65,78,700250,9533750,500,2000,2022,9,2022-09,45,11.7,21.93,51.86,11.7,30.0,1.0,31.0,1,0.4572,0.6335,1
LJ500_R065_C079,65,79,700750,9533750,1000,2000,2022,9,2022-09,45,11.7,21.93,51.86,11.7,30.0,1.0,31.0,1,0.4722,0.638,1
LJ500_R065_C080,65,80,701250,9533750,1500,2000,2022,9,2022-09,45,11.7,21.93,51.86,11.7,30.0,1.0,31.0,1,0.4822,0.6408,1
LJ500_R065_C081,65,81,701750,9533750,2000,2000,2022,9,2022-09,45,11.7,21.93,51.86,11.7,30.0,1.0,31.0,1,0.446,0.7526,1
LJ500_R065_C082,65,82,702250,9533750,2500,2000,2022,9,2022-09,45,11.7,21.93,51.86,11.7,30.0,1.0,31.0,1,0.4337,0.7891,1
LJ500_R065_C083,65,83,702750,9533750,3000,2000,2022,9,2022-09,45,11.7,21.93,51.86,11.7,30.0,1.0,31.0,1,0.6523,1.2722,1
LJ500_R065_C084,65,84,703250,9533750,3500,2000,2022,9,2022-09,45,11.7,21.93,51.86,11.7,30.0,1.0,31.0,1,0.6796,1.3394,1
LJ500_R065_C085,65,85,703750,9533750,4000,2000,2022,9,2022-09,45,11.7,21.93,51.86,11.7,30.0,1.0,31.0,1,0.7595,1.6357,1
LJ500_R065_C086,65,86,704250,9533750,4500,2000,2022,9,2022-09,45,11.7,21.93,51.86,11.7,30.0,1.0,31.0,1,0.7699,1.7696,1
LJ500_R066_C077,66,77,699750,9534250,0,2500,2022,9,2022-09,45,10.24,14.53,39.93,8.1884,29.42,1.5808,31.0,1,0.4514,0.63,1
LJ500_R066_C078,66,78,700250,9534250,500,2500,2022,9,2022-09,45,11.7,21.93,51.86,11.7,30.0,1.0,31.0,1,0.4413,0.63,1
LJ500_R066_C079,66,79,700750,9534250,1000,2500,2022,9,2022-09,45,11.7,21.93,51.86,11.7,30.0,1.0,31.0,1,0.4616,0.624,1
LJ500_R066_C080,66,80,701250,9534250,1500,2500,2022,9,2022-09,45,11.7,21.93,51.86,11.7,30.0,1.0,31.0,1,0.4752,0.62,1
LJ500_R066_C081,66,81,701750,9534250,2000,2500,2022,9,2022-09,45,11.7,21.93,51.86,11.7,30.0,1.0,31.0,1,0.4177,0.6799,1
LJ500_R066_C082,66,82,702250,9534250,2500,2500,2022,9,2022-09,45,11.7,21.93,51.86,11.7,30.0,1.0,31.0,1,0.3984,0.7,1
LJ500_R066_C083,66,83,702750,9534250,3000,2500,2022,9,2022-09,45,11.7,21.93,51.86,11.7,30.0,1.0,31.0,1,0.5303,1.0235,1
LJ500_R066_C084,66,84,703250,9534250,3500,2500,2022,9,2022-09,45,11.7,21.93,51.86,11.7,30.0,1.0,31.0,1,0.5528,1.0701,1
LJ500_R066_C085,66,85,703750,9534250,4000,2500,2022,9,2022-09,45,11.7,21.93,51.86,11.7,30.0,1.0,31.0,1,0.7042,1.27,1
LJ500_R066_C086,66,86,704250,9534250,4500,2500,2022,9,2022-09,45,11.7,21.93,51.86,11.7,30.0,1.0,31.0,1,0.7251,1.4575,1
LJ500_R067_C077,67,77,699750,9534750,0,3000,2022,9,2022-09,45,10.24,14.5,39.88,8.1745,29.42,1.5831,31.0,1,0.4497,0.6281,1
LJ500_R067_C078,67,78,700250,9534750,500,3000,2022,9,2022-09,45,11.7,21.93,51.86,11.7,30.0,1.0,31.0,1,0.4306,0.6059,1
LJ500_R067_C079,67,79,700750,9534750,1000,3000,2022,9,2022-09,45,11.7,21.93,51.86,11.7,30.0,1.0,31.0,1,0.4449,0.595,1
LJ500_R067_C080,67,80,701250,9534750,1500,3000,2022,9,2022-09,45,11.7,21.93,51.86,11.7,30.0,1.0,31.0,1,0.4545,0.5876,1
LJ500_R067_C081,67,81,701750,9534750,2000,3000,2022,9,2022-09,45,11.7,21.93,51.86,11.7,30.0,1.0,31.0,1,0.4441,0.623,1
LJ500_R067_C082,67,82,702250,9534750,2500,3000,2022,9,2022-09,45,11.7,21.93,51.86,11.7,30.0,1.0,31.0,1,0.4407,0.6349,1
LJ500_R067_C083,67,83,702750,9534750,3000,3000,2022,9,2022-09,45,11.7,21.93,51.86,11.7,30.0,1.0,31.0,1,0.4328,0.6939,1
LJ500_R067_C084,67,84,703250,9534750,3500,3000,2022,9,2022-09,45,11.7,21.93,51.86,11.7,30.0,1.0,31.0,1,0.4346,0.713,1
LJ500_R067_C085,67,85,703750,9534750,4000,3000,2022,9,2022-09,45,11.7,21.93,51.86,11.7,30.0,1.0,31.0,1,0.4975,0.9908,1
LJ500_R067_C086,67,86,704250,9534750,4500,3000,2022,9,2022-09,45,11.7,21.93,51.86,11.7,30.0,1.0,31.0,1,0.5444,1.0756,1
LJ500_R068_C077,68,77,699750,9535250,0,3500,2022,9,2022-09,45,10.23,14.47,39.83,8.1605,29.41,1.5854,31.0,1,0.4493,0.6277,1
LJ500_R068_C078,68,78,700250,9535250,500,3500,2022,9,2022-09,45,11.7,21.93,51.86,11.7,30.0,1.0,31.0,1,0.4281,0.6,1
LJ500_R068_C079,68,79,700750,9535250,1000,3500,2022,9,2022-09,45,11.7,21.93,51.86,11.7,30.0,1.0,31.0,1,0.4409,0.5881,1
LJ500_R068_C080,68,80,701250,9535250,1500,3500,2022,9,2022-09,45,11.7,21.93,51.86,11.7,30.0,1.0,31.0,1,0.4497,0.58,1
LJ500_R068_C081,68,81,701750,9535250,2000,3500,2022,9,2022-09,45,11.7,21.93,51.86,11.7,30.0,1.0,31.0,1,0.4502,0.6098,1
LJ500_R068_C082,68,82,702250,9535250,2500,3500,2022,9,2022-09,45,11.7,21.93,51.86,11.7,30.0,1.0,31.0,1,0.4503,0.62,1
LJ500_R068_C083,68,83,702750,9535250,3000,3500,2022,9,2022-09,45,11.7,21.93,51.86,11.7,30.0,1.0,31.0,1,0.4111,0.62,1
LJ500_R068_C084,68,84,703250,9535250,3500,3500,2022,9,2022-09,45,11.7,21.93,51.86,11.7,30.0,1.0,31.0,1,0.4084,0.6334,1
LJ500_R068_C085,68,85,703750,9535250,4000,3500,2022,9,2022-09,45,11.7,21.93,51.86,11.7,30.0,1.0,31.0,1,0.4526,0.93,1
LJ500_R068_C086,68,86,704250,9535250,4500,3500,2022,9,2022-09,45,11.7,21.93,51.86,11.7,30.0,1.0,31.0,1,0.5052,0.9936,1
LJ500_R069_C077,69,77,699750,9535750,0,4000,2022,9,2022-09,45,10.02,13.61,36.74,6.1447,29.03,1.9708,31.0,1,0.4278,0.5788,1
LJ500_R069_C078,69,78,700250,9535750,500,4000,2022,9,2022-09,45,12.39,21.08,48.58,7.9268,29.07,1.931,31.0,1,0.4138,0.5615,1
LJ500_R069_C079,69,79,700750,9535750,1000,4000,2022,9,2022-09,45,12.39,21.07,48.58,7.9175,29.07,1.9333,31.0,1,0.4264,0.5782,1
LJ500_R069_C080,69,80,701250,9535750,1500,4000,2022,9,2022-09,45,12.39,21.07,48.57,7.9081,29.06,1.9356,31.0,1,0.435,0.5897,1
LJ500_R069_C081,69,81,701750,9535750,2000,4000,2022,9,2022-09,45,12.39,21.07,48.56,7.8986,29.06,1.9379,31.0,1,0.3824,0.6913,1
LJ500_R069_C082,69,82,702250,9535750,2500,4000,2022,9,2022-09,45,12.39,21.07,48.55,7.8892,29.06,1.9403,31.0,1,0.3639,0.7268,1
LJ500_R069_C083,69,83,702750,9535750,3000,4000,2022,9,2022-09,45,12.39,21.07,48.54,7.8797,29.06,1.9426,31.0,1,0.3517,0.6837,1
LJ500_R069_C084,69,84,703250,9535750,3500,4000,2022,9,2022-09,45,12.4,21.06,48.54,7.8702,29.06,1.9449,31.0,1,0.3514,0.6752,1
LJ500_R069_C085,69,85,703750,9535750,4000,4000,2022,9,2022-09,45,12.4,21.06,48.53,7.8607,29.05,1.9473,31.0,1,0.3813,0.5975,1
LJ500_R069_C086,69,86,704250,9535750,4500,4000,2022,9,2022-09,45,12.4,21.06,48.52,7.8512,29.05,1.9496,31.0,1,0.3765,0.6016,1
LJ500_R070_C077,70,77,699750,9536250,0,4500,2022,9,2022-09,45,9.9975,13.51,36.46,5.9852,29.0,2.0,31.0,1,0.4249,0.5759,1
LJ500_R070_C078,70,78,700250,9536250,500,4500,2022,9,2022-09,45,12.44,21.01,48.34,7.6467,29.0,2.0,31.0,1,0.4111,0.5564,1
LJ500_R070_C079,70,79,700750,9536250,1000,4500,2022,9,2022-09,45,12.44,21.01,48.34,7.6467,29.0,2.0,31.0,1,0.4227,0.5755,1
LJ500_R070_C080,70,80,701250,9536250,1500,4500,2022,9,2022-09,45,12.44,21.01,48.34,7.6467,29.0,2.0,31.0,1,0.4308,0.5888,1
LJ500_R070_C081,70,81,701750,9536250,2000,4500,2022,9,2022-09,45,12.44,21.01,48.34,7.6467,29.0,2.0,31.0,1,0.3821,0.6774,1
LJ500_R070_C082,70,82,702250,9536250,2500,4500,2022,9,2022-09,45,12.44,21.01,48.34,7.6467,29.0,2.0,31.0,1,0.3651,0.7083,1
LJ500_R070_C083,70,83,702750,9536250,3000,4500,2022,9,2022-09,45,12.44,21.01,48.34,7.6467,29.0,2.0,31.0,1,0.3565,0.6669,1
LJ500_R070_C084,70,84,703250,9536250,3500,4500,2022,9,2022-09,45,12.44,21.01,48.34,7.6467,29.0,2.0,31.0,1,0.3564,0.6586,1
LJ500_R070_C085,70,85,703750,9536250,4000,4500,2022,9,2022-09,45,12.44,21.01,48.34,7.6467,29.0,2.0,31.0,1,0.3773,0.5873,1
LJ500_R070_C086,70,86,704250,9536250,4500,4500,2022,9,2022-09,45,12.44,21.01,48.34,7.6467,29.0,2.0,31.0,1,0.3754,0.6021,1
LJ500_R061_C077,61,77,699750,9531750,0,0,2022,10,2022-10,46,33.9,44.17,48.58,6.6054,20.57,9.4308,30.0,1,0.555,0.7657,1
LJ500_R061_C078,61,78,700250,9531750,500,0,2022,10,2022-10,46,42.21,53.92,64.14,7.7477,20.0,10.0,30.0,1,0.5673,0.78,1
LJ500_R061_C079,61,79,700750,9531750,1000,0,2022,10,2022-10,46,42.21,53.92,64.14,7.7477,20.0,10.0,30.0,1,0.5663,0.784,1
LJ500_R061_C080,61,80,701250,9531750,1500,0,2022,10,2022-10,46,42.21,53.92,64.14,7.7477,20.0,10.0,30.0,1,0.5657,0.7866,1
LJ500_R061_C081,61,81,701750,9531750,2000,0,2022,10,2022-10,46,42.21,53.92,64.14,7.7477,20.0,10.0,30.0,1,0.5716,0.8243,1
LJ500_R061_C082,61,82,702250,9531750,2500,0,2022,10,2022-10,46,42.21,53.92,64.14,7.7477,20.0,10.0,30.0,1,0.574,0.8369,1
LJ500_R061_C083,61,83,702750,9531750,3000,0,2022,10,2022-10,46,42.21,53.92,64.14,7.7477,20.0,10.0,30.0,1,0.6004,0.8776,1
LJ500_R061_C084,61,84,703250,9531750,3500,0,2022,10,2022-10,46,42.21,53.92,64.14,7.7477,20.0,10.0,30.0,1,0.6012,0.8787,1
LJ500_R061_C085,61,85,703750,9531750,4000,0,2022,10,2022-10,46,42.21,53.92,64.14,7.7477,20.0,10.0,30.0,1,0.5644,0.8199,1
LJ500_R061_C086,61,86,704250,9531750,4500,0,2022,10,2022-10,46,42.21,53.92,64.14,7.7477,20.0,10.0,30.0,1,0.5513,0.8024,1
LJ500_R062_C077,62,77,699750,9532250,0,500,2022,10,2022-10,46,33.86,44.13,48.51,6.6007,20.57,9.4285,30.0,1,0.5319,0.7384,1
LJ500_R062_C078,62,78,700250,9532250,500,500,2022,10,2022-10,46,42.21,53.92,64.14,7.7477,20.0,10.0,30.0,1,0.5493,0.76,1
LJ500_R062_C079,62,79,700750,9532250,1000,500,2022,10,2022-10,46,42.21,53.92,64.14,7.7477,20.0,10.0,30.0,1,0.5506,0.7722,1
LJ500_R062_C080,62,80,701250,9532250,1500,500,2022,10,2022-10,46,42.21,53.92,64.14,7.7477,20.0,10.0,30.0,1,0.5513,0.78,1
LJ500_R062_C081,62,81,701750,9532250,2000,500,2022,10,2022-10,46,42.21,53.92,64.14,7.7477,20.0,10.0,30.0,1,0.6727,0.9924,1
LJ500_R062_C082,62,82,702250,9532250,2500,500,2022,10,2022-10,46,42.21,53.92,64.14,7.7477,20.0,10.0,30.0,1,0.7113,1.06,1
LJ500_R062_C083,62,83,702750,9532250,3000,500,2022,10,2022-10,46,42.21,53.92,64.14,7.7477,20.0,10.0,30.0,1,0.7791,1.1236,1
LJ500_R062_C084,62,84,703250,9532250,3500,500,2022,10,2022-10,46,42.21,53.92,64.14,7.7477,20.0,10.0,30.0,1,0.7816,1.126,1
LJ500_R062_C085,62,85,703750,9532250,4000,500,2022,10,2022-10,46,42.21,53.92,64.14,7.7477,20.0,10.0,30.0,1,0.71,1.06,1
LJ500_R062_C086,62,86,704250,9532250,4500,500,2022,10,2022-10,46,42.21,53.92,64.14,7.7477,20.0,10.0,30.0,1,0.6737,1.0124,1
LJ500_R063_C077,63,77,699750,9532750,0,1000,2022,10,2022-10,46,33.83,44.09,48.45,6.5961,20.57,9.4261,30.0,1,0.5076,0.721,1
LJ500_R063_C078,63,78,700250,9532750,500,1000,2022,10,2022-10,46,42.21,53.92,64.14,7.7477,20.0,10.0,30.0,1,0.5321,0.7453,1
LJ500_R063_C079,63,79,700750,9532750,1000,1000,2022,10,2022-10,46,42.21,53.92,64.14,7.7477,20.0,10.0,30.0,1,0.5434,0.7663,1
LJ500_R063_C080,63,80,701250,9532750,1500,1000,2022,10,2022-10,46,42.21,53.92,64.14,7.7477,20.0,10.0,30.0,1,0.5508,0.78,1
LJ500_R063_C081,63,81,701750,9532750,2000,1000,2022,10,2022-10,46,42.21,53.92,64.14,7.7477,20.0,10.0,30.0,1,0.6054,0.9013,1
LJ500_R063_C082,63,82,702250,9532750,2500,1000,2022,10,2022-10,46,42.21,53.92,64.14,7.7477,20.0,10.0,30.0,1,0.6225,0.9398,1
LJ500_R063_C083,63,83,702750,9532750,3000,1000,2022,10,2022-10,46,42.21,53.92,64.14,7.7477,20.0,10.0,30.0,1,0.7769,1.1939,1
LJ500_R063_C084,63,84,703250,9532750,3500,1000,2022,10,2022-10,46,42.21,53.92,64.14,7.7477,20.0,10.0,30.0,1,0.7882,1.2207,1
LJ500_R063_C085,63,85,703750,9532750,4000,1000,2022,10,2022-10,46,42.21,53.92,64.14,7.7477,20.0,10.0,30.0,1,0.7036,1.2174,1
LJ500_R063_C086,63,86,704250,9532750,4500,1000,2022,10,2022-10,46,42.21,53.92,64.14,7.7477,20.0,10.0,30.0,1,0.6786,1.193,1
LJ500_R064_C077,64,77,699750,9533250,0,1500,2022,10,2022-10,46,33.8,44.05,48.39,6.5915,20.58,9.4238,30.0,1,0.4822,0.7027,1
LJ500_R064_C078,64,78,700250,9533250,500,1500,2022,10,2022-10,46,42.21,53.92,64.14,7.7477,20.0,10.0,30.0,1,0.5143,0.73,1
LJ500_R064_C079,64,79,700750,9533250,1000,1500,2022,10,2022-10,46,42.21,53.92,64.14,7.7477,20.0,10.0,30.0,1,0.5361,0.7602,1
LJ500_R064_C080,64,80,701250,9533250,1500,1500,2022,10,2022-10,46,42.21,53.92,64.14,7.7477,20.0,10.0,30.0,1,0.5503,0.78,1
LJ500_R064_C081,64,81,701750,9533250,2000,1500,2022,10,2022-10,46,42.21,53.92,64.14,7.7477,20.0,10.0,30.0,1,0.538,0.8101,1
LJ500_R064_C082,64,82,702250,9533250,2500,1500,2022,10,2022-10,46,42.21,53.92,64.14,7.7477,20.0,10.0,30.0,1,0.534,0.82,1
LJ500_R064_C083,64,83,702750,9533250,3000,1500,2022,10,2022-10,46,42.21,53.92,64.14,7.7477,20.0,10.0,30.0,1,0.7743,1.2626,1
LJ500_R064_C084,64,84,703250,9533250,3500,1500,2022,10,2022-10,46,42.21,53.92,64.14,7.7477,20.0,10.0,30.0,1,0.7946,1.3132,1
LJ500_R064_C085,64,85,703750,9533250,4000,1500,2022,10,2022-10,46,42.21,53.92,64.14,7.7477,20.0,10.0,30.0,1,0.6973,1.37,1
LJ500_R064_C086,64,86,704250,9533250,4500,1500,2022,10,2022-10,46,42.21,53.92,64.14,7.7477,20.0,10.0,30.0,1,0.683,1.366,1
LJ500_R065_C077,65,77,699750,9533750,0,2000,2022,10,2022-10,46,33.76,44.01,48.32,6.5868,20.58,9.4215,30.0,1,0.4739,0.6922,1
LJ500_R065_C078,65,78,700250,9533750,500,2000,2022,10,2022-10,46,42.21,53.92,64.14,7.7477,20.0,10.0,30.0,1,0.4746,0.6911,1
LJ500_R065_C079,65,79,700750,9533750,1000,2000,2022,10,2022-10,46,42.21,53.92,64.14,7.7477,20.0,10.0,30.0,1,0.5096,0.7328,1
LJ500_R065_C080,65,80,701250,9533750,1500,2000,2022,10,2022-10,46,42.21,53.92,64.14,7.7477,20.0,10.0,30.0,1,0.5327,0.7604,1
LJ500_R065_C081,65,81,701750,9533750,2000,2000,2022,10,2022-10,46,42.21,53.92,64.14,7.7477,20.0,10.0,30.0,1,0.4982,0.7363,1
LJ500_R065_C082,65,82,702250,9533750,2500,2000,2022,10,2022-10,46,42.21,53.92,64.14,7.7477,20.0,10.0,30.0,1,0.4867,0.728,1
LJ500_R065_C083,65,83,702750,9533750,3000,2000,2022,10,2022-10,46,42.21,53.92,64.14,7.7477,20.0,10.0,30.0,1,0.6265,0.9908,1
LJ500_R065_C084,65,84,703250,9533750,3500,2000,2022,10,2022-10,46,42.21,53.92,64.14,7.7477,20.0,10.0,30.0,1,0.6433,1.0243,1
LJ500_R065_C085,65,85,703750,9533750,4000,2000,2022,10,2022-10,46,42.21,53.92,64.14,7.7477,20.0,10.0,30.0,1,0.6816,1.1308,1
LJ500_R065_C086,65,86,704250,9533750,4500,2000,2022,10,2022-10,46,42.21,53.92,64.14,7.7477,20.0,10.0,30.0,1,0.6755,1.1659,1
LJ500_R066_C077,66,77,699750,9534250,0,2500,2022,10,2022-10,46,33.73,43.97,48.26,6.5822,20.58,9.4192,30.0,1,0.4695,0.6865,1
LJ500_R066_C078,66,78,700250,9534250,500,2500,2022,10,2022-10,46,42.21,53.92,64.14,7.7477,20.0,10.0,30.0,1,0.453,0.67,1
LJ500_R066_C079,66,79,700750,9534250,1000,2500,2022,10,2022-10,46,42.21,53.92,64.14,7.7477,20.0,10.0,30.0,1,0.4952,0.718,1
LJ500_R066_C080,66,80,701250,9534250,1500,2500,2022,10,2022-10,46,42.21,53.92,64.14,7.7477,20.0,10.0,30.0,1,0.5233,0.75,1
LJ500_R066_C081,66,81,701750,9534250,2000,2500,2022,10,2022-10,46,42.21,53.92,64.14,7.7477,20.0,10.0,30.0,1,0.4774,0.6976,1
LJ500_R066_C082,66,82,702250,9534250,2500,2500,2022,10,2022-10,46,42.21,53.92,64.14,7.7477,20.0,10.0,30.0,1,0.462,0.68,1
LJ500_R066_C083,66,83,702750,9534250,3000,2500,2022,10,2022-10,46,42.21,53.92,64.14,7.7477,20.0,10.0,30.0,1,0.5504,0.8507,1
LJ500_R066_C084,66,84,703250,9534250,3500,2500,2022,10,2022-10,46,42.21,53.92,64.14,7.7477,20.0,10.0,30.0,1,0.5658,0.8767,1
LJ500_R066_C085,66,85,703750,9534250,4000,2500,2022,10,2022-10,46,42.21,53.92,64.14,7.7477,20.0,10.0,30.0,1,0.6737,1.01,1
LJ500_R066_C086,66,86,704250,9534250,4500,2500,2022,10,2022-10,46,42.21,53.92,64.14,7.7477,20.0,10.0,30.0,1,0.6716,1.0653,1
LJ500_R067_C077,67,77,699750,9534750,0,3000,2022,10,2022-10,46,33.7,43.93,48.2,6.5776,20.58,9.4169,30.0,1,0.4912,0.7176,1
LJ500_R067_C078,67,78,700250,9534750,500,3000,2022,10,2022-10,46,42.21,53.92,64.14,7.7477,20.0,10.0,30.0,1,0.4535,0.67,1
LJ500_R067_C079,67,79,700750,9534750,1000,3000,2022,10,2022-10,46,42.21,53.92,64.14,7.7477,20.0,10.0,30.0,1,0.4845,0.7081,1
LJ500_R067_C080,67,80,701250,9534750,1500,3000,2022,10,2022-10,46,42.21,53.92,64.14,7.7477,20.0,10.0,30.0,1,0.5053,0.7338,1
LJ500_R067_C081,67,81,701750,9534750,2000,3000,2022,10,2022-10,46,42.21,53.92,64.14,7.7477,20.0,10.0,30.0,1,0.5057,0.7361,1
LJ500_R067_C082,67,82,702250,9534750,2500,3000,2022,10,2022-10,46,42.21,53.92,64.14,7.7477,20.0,10.0,30.0,1,0.506,0.737,1
LJ500_R067_C083,67,83,702750,9534750,3000,3000,2022,10,2022-10,46,42.21,53.92,64.14,7.7477,20.0,10.0,30.0,1,0.491,0.7318,1
LJ500_R067_C084,67,84,703250,9534750,3500,3000,2022,10,2022-10,46,42.21,53.92,64.14,7.7477,20.0,10.0,30.0,1,0.4902,0.7342,1
LJ500_R067_C085,67,85,703750,9534750,4000,3000,2022,10,2022-10,46,42.21,53.92,64.14,7.7477,20.0,10.0,30.0,1,0.5138,0.8047,1
LJ500_R067_C086,67,86,704250,9534750,4500,3000,2022,10,2022-10,46,42.21,53.92,64.14,7.7477,20.0,10.0,30.0,1,0.5455,0.8523,1
LJ500_R068_C077,68,77,699750,9535250,0,3500,2022,10,2022-10,46,33.66,43.89,48.13,6.5729,20.59,9.4146,30.0,1,0.4967,0.7254,1
LJ500_R068_C078,68,78,700250,9535250,500,3500,2022,10,2022-10,46,42.21,53.92,64.14,7.7477,20.0,10.0,30.0,1,0.4537,0.67,1
LJ500_R068_C079,68,79,700750,9535250,1000,3500,2022,10,2022-10,46,42.21,53.92,64.14,7.7477,20.0,10.0,30.0,1,0.4818,0.7057,1
LJ500_R068_C080,68,80,701250,9535250,1500,3500,2022,10,2022-10,46,42.21,53.92,64.14,7.7477,20.0,10.0,30.0,1,0.501,0.73,1
LJ500_R068_C081,68,81,701750,9535250,2000,3500,2022,10,2022-10,46,42.21,53.92,64.14,7.7477,20.0,10.0,30.0,1,0.5122,0.7449,1
LJ500_R068_C082,68,82,702250,9535250,2500,3500,2022,10,2022-10,46,42.21,53.92,64.14,7.7477,20.0,10.0,30.0,1,0.516,0.75,1
LJ500_R068_C083,68,83,702750,9535250,3000,3500,2022,10,2022-10,46,42.21,53.92,64.14,7.7477,20.0,10.0,30.0,1,0.4779,0.7053,1
LJ500_R068_C084,68,84,703250,9535250,3500,3500,2022,10,2022-10,46,42.21,53.92,64.14,7.7477,20.0,10.0,30.0,1,0.4736,0.7026,1
LJ500_R068_C085,68,85,703750,9535250,4000,3500,2022,10,2022-10,46,42.21,53.92,64.14,7.7477,20.0,10.0,30.0,1,0.479,0.76,1
LJ500_R068_C086,68,86,704250,9535250,4500,3500,2022,10,2022-10,46,42.21,53.92,64.14,7.7477,20.0,10.0,30.0,1,0.5181,0.8062,1
LJ500_R069_C077,69,77,699750,9535750,0,4000,2022,10,2022-10,46,31.86,41.88,45.47,6.2537,19.66,10.34,30.0,1,0.4806,0.7097,1
LJ500_R069_C078,69,78,700250,9535750,500,4000,2022,10,2022-10,46,41.32,53.71,62.4,7.5471,19.07,10.93,30.0,1,0.4546,0.67,1
LJ500_R069_C079,69,79,700750,9535750,1000,4000,2022,10,2022-10,46,41.32,53.71,62.4,7.5466,19.07,10.93,30.0,1,0.4842,0.7113,1
LJ500_R069_C080,69,80,701250,9535750,1500,4000,2022,10,2022-10,46,41.32,53.71,62.39,7.5461,19.06,10.94,30.0,1,0.5045,0.7397,1
LJ500_R069_C081,69,81,701750,9535750,2000,4000,2022,10,2022-10,46,41.32,53.71,62.39,7.5456,19.06,10.94,30.0,1,0.449,0.6826,1
LJ500_R069_C082,69,82,702250,9535750,2500,4000,2022,10,2022-10,46,41.32,53.71,62.38,7.5451,19.06,10.94,30.0,1,0.4296,0.6626,1
LJ500_R069_C083,69,83,702750,9535750,3000,4000,2022,10,2022-10,46,41.31,53.71,62.38,7.5446,19.06,10.94,30.0,1,0.42,0.6439,1
LJ500_R069_C084,69,84,703250,9535750,3500,4000,2022,10,2022-10,46,41.31,53.71,62.37,7.5441,19.06,10.94,30.0,1,0.42,0.6427,1
LJ500_R069_C085,69,85,703750,9535750,4000,4000,2022,10,2022-10,46,41.31,53.71,62.37,7.5436,19.05,10.95,30.0,1,0.45,0.672,1
LJ500_R069_C086,69,86,704250,9535750,4500,4000,2022,10,2022-10,46,41.31,53.71,62.37,7.5431,19.05,10.95,30.0,1,0.4438,0.6651,1
LJ500_R070_C077,70,77,699750,9536250,0,4500,2022,10,2022-10,46,31.69,41.68,45.2,6.2244,19.59,10.41,30.0,1,0.48,0.7103,1
LJ500_R070_C078,70,78,700250,9536250,500,4500,2022,10,2022-10,46,41.26,53.69,62.27,7.5323,19.0,11.0,30.0,1,0.4544,0.6712,1
LJ500_R070_C079,70,79,700750,9536250,1000,4500,2022,10,2022-10,46,41.26,53.69,62.27,7.5323,19.0,11.0,30.0,1,0.4831,0.7118,1
LJ500_R070_C080,70,80,701250,9536250,1500,4500,2022,10,2022-10,46,41.26,53.69,62.27,7.5323,19.0,11.0,30.0,1,0.503,0.74,1
LJ500_R070_C081,70,81,701750,9536250,2000,4500,2022,10,2022-10,46,41.26,53.69,62.27,7.5323,19.0,11.0,30.0,1,0.4512,0.6855,1
LJ500_R070_C082,70,82,702250,9536250,2500,4500,2022,10,2022-10,46,41.26,53.69,62.27,7.5323,19.0,11.0,30.0,1,0.4331,0.6664,1
LJ500_R070_C083,70,83,702750,9536250,3000,4500,2022,10,2022-10,46,41.26,53.69,62.27,7.5323,19.0,11.0,30.0,1,0.426,0.651,1
LJ500_R070_C084,70,84,703250,9536250,3500,4500,2022,10,2022-10,46,41.26,53.69,62.27,7.5323,19.0,11.0,30.0,1,0.4262,0.65,1
LJ500_R070_C085,70,85,703750,9536250,4000,4500,2022,10,2022-10,46,41.26,53.69,62.27,7.5323,19.0,11.0,30.0,1,0.4478,0.6687,1
LJ500_R070_C086,70,86,704250,9536250,4500,4500,2022,10,2022-10,46,41.26,53.69,62.27,7.5323,19.0,11.0,30.0,1,0.4432,0.6655,1
LJ500_R061_C077,61,77,699750,9531750,0,0,2022,11,2022-11,47,60.87,94.77,105.04,11.98,21.57,9.4308,31.0,1,0.3004,0.6847,1
LJ500_R061_C078,61,78,700250,9531750,500,0,2022,11,2022-11,47,68.23,110.44,122.15,12.93,21.0,10.0,31.0,1,0.3042,0.69,1
LJ500_R061_C079,61,79,700750,9531750,1000,0,2022,11,2022-11,47,68.23,110.44,122.15,12.93,21.0,10.0,31.0,1,0.3056,0.6776,1
LJ500_R061_C080,61,80,701250,9531750,1500,0,2022,11,2022-11,47,68.23,110.44,122.15,12.93,21.0,10.0,31.0,1,0.3065,0.6696,1
LJ500_R061_C081,61,81,701750,9531750,2000,0,2022,11,2022-11,47,68.23,110.44,122.15,12.93,21.0,10.0,31.0,1,0.3562,0.7155,1
LJ500_R061_C082,61,82,702250,9531750,2500,0,2022,11,2022-11,47,68.23,110.44,122.15,12.93,21.0,10.0,31.0,1,0.3722,0.731,1
LJ500_R061_C083,61,83,702750,9531750,3000,0,2022,11,2022-11,47,68.23,110.44,122.15,12.93,21.0,10.0,31.0,1,0.4106,0.8468,1
LJ500_R061_C084,61,84,703250,9531750,3500,0,2022,11,2022-11,47,68.23,110.44,122.15,12.93,21.0,10.0,31.0,1,0.4124,0.8522,1
LJ500_R061_C085,61,85,703750,9531750,4000,0,2022,11,2022-11,47,68.23,110.44,122.15,12.93,21.0,10.0,31.0,1,0.3724,0.736,1
LJ500_R061_C086,61,86,704250,9531750,4500,0,2022,11,2022-11,47,68.23,110.44,122.15,12.93,21.0,10.0,31.0,1,0.3611,0.7099,1
LJ500_R062_C077,62,77,699750,9532250,0,500,2022,11,2022-11,47,60.84,94.7,104.97,11.98,21.57,9.4285,31.0,1,0.2904,0.6646,1
LJ500_R062_C078,62,78,700250,9532250,500,500,2022,11,2022-11,47,68.23,110.44,122.15,12.93,21.0,10.0,31.0,1,0.2939,0.67,1
LJ500_R062_C079,62,79,700750,9532250,1000,500,2022,11,2022-11,47,68.23,110.44,122.15,12.93,21.0,10.0,31.0,1,0.3002,0.6456,1
LJ500_R062_C080,62,80,701250,9532250,1500,500,2022,11,2022-11,47,68.23,110.44,122.15,12.93,21.0,10.0,31.0,1,0.3042,0.63,1
LJ500_R062_C081,62,81,701750,9532250,2000,500,2022,11,2022-11,47,68.23,110.44,122.15,12.93,21.0,10.0,31.0,1,0.4505,0.9106,1
LJ500_R062_C082,62,82,702250,9532250,2500,500,2022,11,2022-11,47,68.23,110.44,122.15,12.93,21.0,10.0,31.0,1,0.4971,1.0,1
LJ500_R062_C083,62,83,702750,9532250,3000,500,2022,11,2022-11,47,68.23,110.44,122.15,12.93,21.0,10.0,31.0,1,0.5765,1.2451,1
LJ500_R062_C084,62,84,703250,9532250,3500,500,2022,11,2022-11,47,68.23,110.44,122.15,12.93,21.0,10.0,31.0,1,0.5808,1.2591,1
LJ500_R062_C085,62,85,703750,9532250,4000,500,2022,11,2022-11,47,68.23,110.44,122.15,12.93,21.0,10.0,31.0,1,0.5194,1.08,1
LJ500_R062_C086,62,86,704250,9532250,4500,500,2022,11,2022-11,47,68.23,110.44,122.15,12.93,21.0,10.0,31.0,1,0.4886,1.0035,1
LJ500_R063_C077,63,77,699750,9532750,0,1000,2022,11,2022-11,47,60.81,94.64,104.9,11.98,21.57,9.4261,31.0,1,0.2825,0.6654,1
LJ500_R063_C078,63,78,700250,9532750,500,1000,2022,11,2022-11,47,68.23,110.44,122.15,12.93,21.0,10.0,31.0,1,0.2864,0.6602,1
LJ500_R063_C079,63,79,700750,9532750,1000,1000,2022,11,2022-11,47,68.23,110.44,122.15,12.93,21.0,10.0,31.0,1,0.2954,0.6448,1
LJ500_R063_C080,63,80,701250,9532750,1500,1000,2022,11,2022-11,47,68.23,110.44,122.15,12.93,21.0,10.0,31.0,1,0.3013,0.635,1
LJ500_R063_C081,63,81,701750,9532750,2000,1000,2022,11,2022-11,47,68.23,110.44,122.15,12.93,21.0,10.0,31.0,1,0.3959,0.798,1
LJ500_R063_C082,63,82,702250,9532750,2500,1000,2022,11,2022-11,47,68.23,110.44,122.15,12.93,21.0,10.0,31.0,1,0.426,0.8498,1
LJ500_R063_C083,63,83,702750,9532750,3000,1000,2022,11,2022-11,47,68.23,110.44,122.15,12.93,21.0,10.0,31.0,1,0.5864,1.3668,1
LJ500_R063_C084,63,84,703250,9532750,3500,1000,2022,11,2022-11,47,68.23,110.44,122.15,12.93,21.0,10.0,31.0,1,0.6001,1.4192,1
LJ500_R063_C085,63,85,703750,9532750,4000,1000,2022,11,2022-11,47,68.23,110.44,122.15,12.93,21.0,10.0,31.0,1,0.5462,1.3796,1
LJ500_R063_C086,63,86,704250,9532750,4500,1000,2022,11,2022-11,47,68.23,110.44,122.15,12.93,21.0,10.0,31.0,1,0.5278,1.3428,1
LJ500_R064_C077,64,77,699750,9533250,0,1500,2022,11,2022-11,47,60.78,94.58,104.83,11.97,21.58,9.4238,31.0,1,0.2743,0.6664,1
LJ500_R064_C078,64,78,700250,9533250,500,1500,2022,11,2022-11,47,68.23,110.44,122.15,12.93,21.0,10.0,31.0,1,0.2787,0.65,1
LJ500_R064_C079,64,79,700750,9533250,1000,1500,2022,11,2022-11,47,68.23,110.44,122.15,12.93,21.0,10.0,31.0,1,0.2906,0.644,1
LJ500_R064_C080,64,80,701250,9533250,1500,1500,2022,11,2022-11,47,68.23,110.44,122.15,12.93,21.0,10.0,31.0,1,0.2984,0.64,1
LJ500_R064_C081,64,81,701750,9533250,2000,1500,2022,11,2022-11,47,68.23,110.44,122.15,12.93,21.0,10.0,31.0,1,0.3412,0.6852,1
LJ500_R064_C082,64,82,702250,9533250,2500,1500,2022,11,2022-11,47,68.23,110.44,122.15,12.93,21.0,10.0,31.0,1,0.3552,0.7,1
LJ500_R064_C083,64,83,702750,9533250,3000,1500,2022,11,2022-11,47,68.23,110.44,122.15,12.93,21.0,10.0,31.0,1,0.5958,1.4858,1
LJ500_R064_C084,64,84,703250,9533250,3500,1500,2022,11,2022-11,47,68.23,110.44,122.15,12.93,21.0,10.0,31.0,1,0.619,1.5753,1
LJ500_R064_C085,64,85,703750,9533250,4000,1500,2022,11,2022-11,47,68.23,110.44,122.15,12.93,21.0,10.0,31.0,1,0.5723,1.67,1
LJ500_R064_C086,64,86,704250,9533250,4500,1500,2022,11,2022-11,47,68.23,110.44,122.15,12.93,21.0,10.0,31.0,1,0.5652,1.668,1
LJ500_R065_C077,65,77,699750,9533750,0,2000,2022,11,2022-11,47,60.75,94.51,104.76,11.97,21.58,9.4215,31.0,1,0.2682,0.6394,1
LJ500_R065_C078,65,78,700250,9533750,500,2000,2022,11,2022-11,47,68.23,110.44,122.15,12.93,21.0,10.0,31.0,1,0.2676,0.637,1
LJ500_R065_C079,65,79,700750,9533750,1000,2000,2022,11,2022-11,47,68.23,110.44,122.15,12.93,21.0,10.0,31.0,1,0.278,0.6349,1
LJ500_R065_C080,65,80,701250,9533750,1500,2000,2022,11,2022-11,47,68.23,110.44,122.15,12.93,21.0,10.0,31.0,1,0.2849,0.6335,1
LJ500_R065_C081,65,81,701750,9533750,2000,2000,2022,11,2022-11,47,68.23,110.44,122.15,12.93,21.0,10.0,31.0,1,0.3013,0.6047,1
LJ500_R065_C082,65,82,702250,9533750,2500,2000,2022,11,2022-11,47,68.23,110.44,122.15,12.93,21.0,10.0,31.0,1,0.3066,0.5948,1
LJ500_R065_C083,65,83,702750,9533750,3000,2000,2022,11,2022-11,47,68.23,110.44,122.15,12.93,21.0,10.0,31.0,1,0.4514,0.9919,1
LJ500_R065_C084,65,84,703250,9533750,3500,2000,2022,11,2022-11,47,68.23,110.44,122.15,12.93,21.0,10.0,31.0,1,0.4695,1.0433,1
LJ500_R065_C085,65,85,703750,9533750,4000,2000,2022,11,2022-11,47,68.23,110.44,122.15,12.93,21.0,10.0,31.0,1,0.5219,1.2248,1
LJ500_R065_C086,65,86,704250,9533750,4500,2000,2022,11,2022-11,47,68.23,110.44,122.15,12.93,21.0,10.0,31.0,1,0.5262,1.3011,1
LJ500_R066_C077,66,77,699750,9534250,0,2500,2022,11,2022-11,47,60.72,94.45,104.69,11.96,21.58,9.4192,31.0,1,0.2648,0.6245,1
LJ500_R066_C078,66,78,700250,9534250,500,2500,2022,11,2022-11,47,68.23,110.44,122.15,12.93,21.0,10.0,31.0,1,0.2616,0.63,1
LJ500_R066_C079,66,79,700750,9534250,1000,2500,2022,11,2022-11,47,68.23,110.44,122.15,12.93,21.0,10.0,31.0,1,0.2713,0.63,1
LJ500_R066_C080,66,80,701250,9534250,1500,2500,2022,11,2022-11,47,68.23,110.44,122.15,12.93,21.0,10.0,31.0,1,0.2777,0.63,1
LJ500_R066_C081,66,81,701750,9534250,2000,2500,2022,11,2022-11,47,68.23,110.44,122.15,12.93,21.0,10.0,31.0,1,0.2804,0.5626,1
LJ500_R066_C082,66,82,702250,9534250,2500,2500,2022,11,2022-11,47,68.23,110.44,122.15,12.93,21.0,10.0,31.0,1,0.2813,0.54,1
LJ500_R066_C083,66,83,702750,9534250,3000,2500,2022,11,2022-11,47,68.23,110.44,122.15,12.93,21.0,10.0,31.0,1,0.3769,0.7377,1
LJ500_R066_C084,66,84,703250,9534250,3500,2500,2022,11,2022-11,47,68.23,110.44,122.15,12.93,21.0,10.0,31.0,1,0.393,0.7715,1
LJ500_R066_C085,66,85,703750,9534250,4000,2500,2022,11,2022-11,47,68.23,110.44,122.15,12.93,21.0,10.0,31.0,1,0.4965,1.0,1
LJ500_R066_C086,66,86,704250,9534250,4500,2500,2022,11,2022-11,47,68.23,110.44,122.15,12.93,21.0,10.0,31.0,1,0.5066,1.1165,1
LJ500_R067_C077,67,77,699750,9534750,0,3000,2022,11,2022-11,47,60.69,94.39,104.62,11.96,21.58,9.4169,31.0,1,0.2693,0.6137,1
LJ500_R067_C078,67,78,700250,9534750,500,3000,2022,11,2022-11,47,68.23,110.44,122.15,12.93,21.0,10.0,31.0,1,0.2567,0.6059,1
LJ500_R067_C079,67,79,700750,9534750,1000,3000,2022,11,2022-11,47,68.23,110.44,122.15,12.93,21.0,10.0,31.0,1,0.2643,0.6106,1
LJ500_R067_C080,67,80,701250,9534750,1500,3000,2022,11,2022-11,47,68.23,110.44,122.15,12.93,21.0,10.0,31.0,1,0.2694,0.6138,1
LJ500_R067_C081,67,81,701750,9534750,2000,3000,2022,11,2022-11,47,68.23,110.44,122.15,12.93,21.0,10.0,31.0,1,0.2767,0.5951,1
LJ500_R067_C082,67,82,702250,9534750,2500,3000,2022,11,2022-11,47,68.23,110.44,122.15,12.93,21.0,10.0,31.0,1,0.2792,0.5889,1
LJ500_R067_C083,67,83,702750,9534750,3000,3000,2022,11,2022-11,47,68.23,110.44,122.15,12.93,21.0,10.0,31.0,1,0.2908,0.5739,1
LJ500_R067_C084,67,84,703250,9534750,3500,3000,2022,11,2022-11,47,68.23,110.44,122.15,12.93,21.0,10.0,31.0,1,0.2951,0.5785,1
LJ500_R067_C085,67,85,703750,9534750,4000,3000,2022,11,2022-11,47,68.23,110.44,122.15,12.93,21.0,10.0,31.0,1,0.3635,0.7208,1
LJ500_R067_C086,67,86,704250,9534750,4500,3000,2022,11,2022-11,47,68.23,110.44,122.15,12.93,21.0,10.0,31.0,1,0.3949,0.8125,1
LJ500_R068_C077,68,77,699750,9535250,0,3500,2022,11,2022-11,47,60.66,94.32,104.55,11.96,21.59,9.4146,31.0,1,0.2705,0.6111,1
LJ500_R068_C078,68,78,700250,9535250,500,3500,2022,11,2022-11,47,68.23,110.44,122.15,12.93,21.0,10.0,31.0,1,0.2555,0.6,1
LJ500_R068_C079,68,79,700750,9535250,1000,3500,2022,11,2022-11,47,68.23,110.44,122.15,12.93,21.0,10.0,31.0,1,0.2626,0.6059,1
LJ500_R068_C080,68,80,701250,9535250,1500,3500,2022,11,2022-11,47,68.23,110.44,122.15,12.93,21.0,10.0,31.0,1,0.2674,0.61,1
LJ500_R068_C081,68,81,701750,9535250,2000,3500,2022,11,2022-11,47,68.23,110.44,122.15,12.93,21.0,10.0,31.0,1,0.2758,0.6026,1
LJ500_R068_C082,68,82,702250,9535250,2500,3500,2022,11,2022-11,47,68.23,110.44,122.15,12.93,21.0,10.0,31.0,1,0.2787,0.6,1
LJ500_R068_C083,68,83,702750,9535250,3000,3500,2022,11,2022-11,47,68.23,110.44,122.15,12.93,21.0,10.0,31.0,1,0.2715,0.5374,1
LJ500_R068_C084,68,84,703250,9535250,3500,3500,2022,11,2022-11,47,68.23,110.44,122.15,12.93,21.0,10.0,31.0,1,0.2734,0.5356,1
LJ500_R068_C085,68,85,703750,9535250,4000,3500,2022,11,2022-11,47,68.23,110.44,122.15,12.93,21.0,10.0,31.0,1,0.3345,0.66,1
LJ500_R068_C086,68,86,704250,9535250,4500,3500,2022,11,2022-11,47,68.23,110.44,122.15,12.93,21.0,10.0,31.0,1,0.3705,0.7467,1
LJ500_R069_C077,69,77,699750,9535750,0,4000,2022,11,2022-11,47,57.32,89.18,99.2,11.31,21.04,9.9579,31.0,1,0.2586,0.5919,1
LJ500_R069_C078,69,78,700250,9535750,500,4000,2022,11,2022-11,47,67.2,108.52,120.91,13.1,21.0,10.0,31.0,1,0.2487,0.5808,1
LJ500_R069_C079,69,79,700750,9535750,1000,4000,2022,11,2022-11,47,67.2,108.52,120.91,13.1,21.0,10.0,31.0,1,0.2616,0.5866,1
LJ500_R069_C080,69,80,701250,9535750,1500,4000,2022,11,2022-11,47,67.19,108.51,120.9,13.1,21.0,10.0,31.0,1,0.2705,0.5907,1
LJ500_R069_C081,69,81,701750,9535750,2000,4000,2022,11,2022-11,47,67.19,108.51,120.9,13.1,21.0,10.0,31.0,1,0.2741,0.5616,1
LJ500_R069_C082,69,82,702250,9535750,2500,4000,2022,11,2022-11,47,67.19,108.5,120.9,13.1,21.0,10.0,31.0,1,0.2753,0.5514,1
LJ500_R069_C083,69,83,702750,9535750,3000,4000,2022,11,2022-11,47,67.19,108.5,120.89,13.1,21.0,10.0,31.0,1,0.2633,0.515,1
LJ500_R069_C084,69,84,703250,9535750,3500,4000,2022,11,2022-11,47,67.18,108.49,120.89,13.1,21.0,10.0,31.0,1,0.2618,0.5102,1
LJ500_R069_C085,69,85,703750,9535750,4000,4000,2022,11,2022-11,47,67.18,108.49,120.89,13.1,21.0,10.0,31.0,1,0.2597,0.5035,1
LJ500_R069_C086,69,86,704250,9535750,4500,4000,2022,11,2022-11,47,67.18,108.48,120.88,13.11,21.0,10.0,31.0,1,0.2586,0.4991,1
LJ500_R070_C077,70,77,699750,9536250,0,4500,2022,11,2022-11,47,57.02,88.71,98.7,11.25,21.0,10.0,31.0,1,0.258,0.5889,1
LJ500_R070_C078,70,78,700250,9536250,500,4500,2022,11,2022-11,47,67.12,108.38,120.82,13.11,21.0,10.0,31.0,1,0.2479,0.5776,1
LJ500_R070_C079,70,79,700750,9536250,1000,4500,2022,11,2022-11,47,67.12,108.38,120.82,13.11,21.0,10.0,31.0,1,0.2612,0.5821,1
LJ500_R070_C080,70,80,701250,9536250,1500,4500,2022,11,2022-11,47,67.12,108.38,120.82,13.11,21.0,10.0,31.0,1,0.2704,0.5851,1
LJ500_R070_C081,70,81,701750,9536250,2000,4500,2022,11,2022-11,47,67.12,108.38,120.82,13.11,21.0,10.0,31.0,1,0.273,0.5572,1
LJ500_R070_C082,70,82,702250,9536250,2500,4500,2022,11,2022-11,47,67.12,108.38,120.82,13.11,21.0,10.0,31.0,1,0.2738,0.5474,1
LJ500_R070_C083,70,83,702750,9536250,3000,4500,2022,11,2022-11,47,67.12,108.38,120.82,13.11,21.0,10.0,31.0,1,0.2629,0.5199,1
LJ500_R070_C084,70,84,703250,9536250,3500,4500,2022,11,2022-11,47,67.12,108.38,120.82,13.11,21.0,10.0,31.0,1,0.2614,0.5159,1
LJ500_R070_C085,70,85,703750,9536250,4000,4500,2022,11,2022-11,47,67.12,108.38,120.82,13.11,21.0,10.0,31.0,1,0.2573,0.4987,1
LJ500_R070_C086,70,86,704250,9536250,4500,4500,2022,11,2022-11,47,67.12,108.38,120.82,13.11,21.0,10.0,31.0,1,0.2587,0.4992,1
LJ500_R061_C077,61,77,699750,9531750,0,0,2022,12,2022-12,48,34.46,95.32,129.22,10.79,26.0,4.0,30.0,1,0.3016,0.6298,1
LJ500_R061_C078,61,78,700250,9531750,500,0,2022,12,2022-12,48,35.69,103.92,146.13,11.61,26.0,4.0,30.0,1,0.3063,0.6333,1
LJ500_R061_C079,61,79,700750,9531750,1000,0,2022,12,2022-12,48,35.69,103.92,146.13,11.61,26.0,4.0,30.0,1,0.3033,0.619,1
LJ500_R061_C080,61,80,701250,9531750,1500,0,2022,12,2022-12,48,35.69,103.92,146.13,11.61,26.0,4.0,30.0,1,0.3014,0.6098,1
LJ500_R061_C081,61,81,701750,9531750,2000,0,2022,12,2022-12,48,35.69,103.92,146.13,11.61,26.0,4.0,30.0,1,0.2904,0.6548,1
LJ500_R061_C082,61,82,702250,9531750,2500,0,2022,12,2022-12,48,35.69,103.92,146.13,11.61,26.0,4.0,30.0,1,0.2872,0.6697,1
LJ500_R061_C083,61,83,702750,9531750,3000,0,2022,12,2022-12,48,35.69,103.92,146.13,11.61,26.0,4.0,30.0,1,0.3085,0.7292,1
LJ500_R061_C084,61,84,703250,9531750,3500,0,2022,12,2022-12,48,35.69,103.92,146.13,11.61,26.0,4.0,30.0,1,0.31,0.7319,1
LJ500_R061_C085,61,85,703750,9531750,4000,0,2022,12,2022-12,48,35.69,103.92,146.13,11.61,26.0,4.0,30.0,1,0.2951,0.6693,1
LJ500_R061_C086,61,86,704250,9531750,4500,0,2022,12,2022-12,48,35.69,103.92,146.13,11.61,26.0,4.0,30.0,1,0.2858,0.6518,1
LJ500_R062_C077,62,77,699750,9532250,0,500,2022,12,2022-12,48,34.45,95.29,129.15,10.79,26.0,4.0,30.0,1,0.2904,0.62,1
LJ500_R062_C078,62,78,700250,9532250,500,500,2022,12,2022-12,48,35.69,103.92,146.13,11.61,26.0,4.0,30.0,1,0.2983,0.62,1
LJ500_R062_C079,62,79,700750,9532250,1000,500,2022,12,2022-12,48,35.69,103.92,146.13,11.61,26.0,4.0,30.0,1,0.2947,0.6017,1
LJ500_R062_C080,62,80,701250,9532250,1500,500,2022,12,2022-12,48,35.69,103.92,146.13,11.61,26.0,4.0,30.0,1,0.2923,0.59,1
LJ500_R062_C081,62,81,701750,9532250,2000,500,2022,12,2022-12,48,35.69,103.92,146.13,11.61,26.0,4.0,30.0,1,0.3388,0.7948,1
LJ500_R062_C082,62,82,702250,9532250,2500,500,2022,12,2022-12,48,35.69,103.92,146.13,11.61,26.0,4.0,30.0,1,0.3537,0.86,1
LJ500_R062_C083,62,83,702750,9532250,3000,500,2022,12,2022-12,48,35.69,103.92,146.13,11.61,26.0,4.0,30.0,1,0.4269,0.978,1
LJ500_R062_C084,62,84,703250,9532250,3500,500,2022,12,2022-12,48,35.69,103.92,146.13,11.61,26.0,4.0,30.0,1,0.4315,0.9843,1
LJ500_R062_C085,62,85,703750,9532250,4000,500,2022,12,2022-12,48,35.69,103.92,146.13,11.61,26.0,4.0,30.0,1,0.3853,0.89,1
LJ500_R062_C086,62,86,704250,9532250,4500,500,2022,12,2022-12,48,35.69,103.92,146.13,11.61,26.0,4.0,30.0,1,0.3588,0.8424,1
LJ500_R063_C077,63,77,699750,9532750,0,1000,2022,12,2022-12,48,34.45,95.25,129.09,10.79,26.0,4.0,30.0,1,0.2754,0.6129,1
LJ500_R063_C078,63,78,700250,9532750,500,1000,2022,12,2022-12,48,35.69,103.92,146.13,11.61,26.0,4.0,30.0,1,0.2893,0.6102,1
LJ500_R063_C079,63,79,700750,9532750,1000,1000,2022,12,2022-12,48,35.69,103.92,146.13,11.61,26.0,4.0,30.0,1,0.291,0.5979,1
LJ500_R063_C080,63,80,701250,9532750,1500,1000,2022,12,2022-12,48,35.69,103.92,146.13,11.61,26.0,4.0,30.0,1,0.2922,0.59,1
LJ500_R063_C081,63,81,701750,9532750,2000,1000,2022,12,2022-12,48,35.69,103.92,146.13,11.61,26.0,4.0,30.0,1,0.301,0.7075,1
LJ500_R063_C082,63,82,702250,9532750,2500,1000,2022,12,2022-12,48,35.69,103.92,146.13,11.61,26.0,4.0,30.0,1,0.3036,0.7448,1
LJ500_R063_C083,63,83,702750,9532750,3000,1000,2022,12,2022-12,48,35.69,103.92,146.13,11.61,26.0,4.0,30.0,1,0.4412,0.9941,1
LJ500_R063_C084,63,84,703250,9532750,3500,1000,2022,12,2022-12,48,35.69,103.92,146.13,11.61,26.0,4.0,30.0,1,0.4554,1.0181,1
LJ500_R063_C085,63,85,703750,9532750,4000,1000,2022,12,2022-12,48,35.69,103.92,146.13,11.61,26.0,4.0,30.0,1,0.4505,0.9814,1
LJ500_R063_C086,63,86,704250,9532750,4500,1000,2022,12,2022-12,48,35.69,103.92,146.13,11.61,26.0,4.0,30.0,1,0.4379,0.964,1
LJ500_R064_C077,64,77,699750,9533250,0,1500,2022,12,2022-12,48,34.44,95.22,129.02,10.78,26.0,4.0,30.0,1,0.2596,0.6055,1
LJ500_R064_C078,64,78,700250,9533250,500,1500,2022,12,2022-12,48,35.69,103.92,146.13,11.61,26.0,4.0,30.0,1,0.28,0.6,1
LJ500_R064_C079,64,79,700750,9533250,1000,1500,2022,12,2022-12,48,35.69,103.92,146.13,11.61,26.0,4.0,30.0,1,0.2873,0.594,1
LJ500_R064_C080,64,80,701250,9533250,1500,1500,2022,12,2022-12,48,35.69,103.92,146.13,11.61,26.0,4.0,30.0,1,0.292,0.59,1
LJ500_R064_C081,64,81,701750,9533250,2000,1500,2022,12,2022-12,48,35.69,103.92,146.13,11.61,26.0,4.0,30.0,1,0.2631,0.6201,1
LJ500_R064_C082,64,82,702250,9533250,2500,1500,2022,12,2022-12,48,35.69,103.92,146.13,11.61,26.0,4.0,30.0,1,0.2537,0.63,1
LJ500_R064_C083,64,83,702750,9533250,3000,1500,2022,12,2022-12,48,35.69,103.92,146.13,11.61,26.0,4.0,30.0,1,0.4551,1.0093,1
LJ500_R064_C084,64,84,703250,9533250,3500,1500,2022,12,2022-12,48,35.69,103.92,146.13,11.61,26.0,4.0,30.0,1,0.4786,1.0511,1
LJ500_R064_C085,64,85,703750,9533250,4000,1500,2022,12,2022-12,48,35.69,103.92,146.13,11.61,26.0,4.0,30.0,1,0.5137,1.07,1
LJ500_R064_C086,64,86,704250,9533250,4500,1500,2022,12,2022-12,48,35.69,103.92,146.13,11.61,26.0,4.0,30.0,1,0.5136,1.0801,1
LJ500_R065_C077,65,77,699750,9533750,0,2000,2022,12,2022-12,48,34.44,95.18,128.95,10.78,26.0,4.0,30.0,1,0.2565,0.5955,1
LJ500_R065_C078,65,78,700250,9533750,500,2000,2022,12,2022-12,48,35.69,103.92,146.13,11.61,26.0,4.0,30.0,1,0.2565,0.5935,1
LJ500_R065_C079,65,79,700750,9533750,1000,2000,2022,12,2022-12,48,35.69,103.92,146.13,11.61,26.0,4.0,30.0,1,0.2751,0.5953,1
LJ500_R065_C080,65,80,701250,9533750,1500,2000,2022,12,2022-12,48,35.69,103.92,146.13,11.61,26.0,4.0,30.0,1,0.2874,0.5965,1
LJ500_R065_C081,65,81,701750,9533750,2000,2000,2022,12,2022-12,48,35.69,103.92,146.13,11.61,26.0,4.0,30.0,1,0.2512,0.5675,1
LJ500_R065_C082,65,82,702250,9533750,2500,2000,2022,12,2022-12,48,35.69,103.92,146.13,11.61,26.0,4.0,30.0,1,0.2392,0.5577,1
LJ500_R065_C083,65,83,702750,9533750,3000,2000,2022,12,2022-12,48,35.69,103.92,146.13,11.61,26.0,4.0,30.0,1,0.3267,0.7813,1
LJ500_R065_C084,65,84,703250,9533750,3500,2000,2022,12,2022-12,48,35.69,103.92,146.13,11.61,26.0,4.0,30.0,1,0.34,0.811,1
LJ500_R065_C085,65,85,703750,9533750,4000,2000,2022,12,2022-12,48,35.69,103.92,146.13,11.61,26.0,4.0,30.0,1,0.418,0.9238,1
LJ500_R065_C086,65,86,704250,9533750,4500,2000,2022,12,2022-12,48,35.69,103.92,146.13,11.61,26.0,4.0,30.0,1,0.4333,0.9439,1
LJ500_R066_C077,66,77,699750,9534250,0,2500,2022,12,2022-12,48,34.43,95.15,128.88,10.78,26.0,4.0,30.0,1,0.2548,0.59,1
LJ500_R066_C078,66,78,700250,9534250,500,2500,2022,12,2022-12,48,35.69,103.92,146.13,11.61,26.0,4.0,30.0,1,0.2437,0.59,1
LJ500_R066_C079,66,79,700750,9534250,1000,2500,2022,12,2022-12,48,35.69,103.92,146.13,11.61,26.0,4.0,30.0,1,0.2685,0.596,1
LJ500_R066_C080,66,80,701250,9534250,1500,2500,2022,12,2022-12,48,35.69,103.92,146.13,11.61,26.0,4.0,30.0,1,0.285,0.6,1
LJ500_R066_C081,66,81,701750,9534250,2000,2500,2022,12,2022-12,48,35.69,103.92,146.13,11.61,26.0,4.0,30.0,1,0.245,0.5401,1
LJ500_R066_C082,66,82,702250,9534250,2500,2500,2022,12,2022-12,48,35.69,103.92,146.13,11.61,26.0,4.0,30.0,1,0.2317,0.52,1
LJ500_R066_C083,66,83,702750,9534250,3000,2500,2022,12,2022-12,48,35.69,103.92,146.13,11.61,26.0,4.0,30.0,1,0.2607,0.6638,1
LJ500_R066_C084,66,84,703250,9534250,3500,2500,2022,12,2022-12,48,35.69,103.92,146.13,11.61,26.0,4.0,30.0,1,0.2691,0.6882,1
LJ500_R066_C085,66,85,703750,9534250,4000,2500,2022,12,2022-12,48,35.69,103.92,146.13,11.61,26.0,4.0,30.0,1,0.3697,0.85,1
LJ500_R066_C086,66,86,704250,9534250,4500,2500,2022,12,2022-12,48,35.69,103.92,146.13,11.61,26.0,4.0,30.0,1,0.3929,0.8757,1
LJ500_R067_C077,67,77,699750,9534750,0,3000,2022,12,2022-12,48,34.43,95.12,128.81,10.77,26.0,4.0,30.0,1,0.2672,0.605,1
LJ500_R067_C078,67,78,700250,9534750,500,3000,2022,12,2022-12,48,35.69,103.92,146.13,11.61,26.0,4.0,30.0,1,0.2461,0.5739,1
LJ500_R067_C079,67,79,700750,9534750,1000,3000,2022,12,2022-12,48,35.69,103.92,146.13,11.61,26.0,4.0,30.0,1,0.2648,0.5798,1
LJ500_R067_C080,67,80,701250,9534750,1500,3000,2022,12,2022-12,48,35.69,103.92,146.13,11.61,26.0,4.0,30.0,1,0.2774,0.5838,1
LJ500_R067_C081,67,81,701750,9534750,2000,3000,2022,12,2022-12,48,35.69,103.92,146.13,11.61,26.0,4.0,30.0,1,0.2711,0.5604,1
LJ500_R067_C082,67,82,702250,9534750,2500,3000,2022,12,2022-12,48,35.69,103.92,146.13,11.61,26.0,4.0,30.0,1,0.2691,0.5526,1
LJ500_R067_C083,67,83,702750,9534750,3000,3000,2022,12,2022-12,48,35.69,103.92,146.13,11.61,26.0,4.0,30.0,1,0.2538,0.5424,1
LJ500_R067_C084,67,84,703250,9534750,3500,3000,2022,12,2022-12,48,35.69,103.92,146.13,11.61,26.0,4.0,30.0,1,0.2524,0.5448,1
LJ500_R067_C085,67,85,703750,9534750,4000,3000,2022,12,2022-12,48,35.69,103.92,146.13,11.61,26.0,4.0,30.0,1,0.2604,0.6283,1
LJ500_R067_C086,67,86,704250,9534750,4500,3000,2022,12,2022-12,48,35.69,103.92,146.13,11.61,26.0,4.0,30.0,1,0.291,0.6803,1
LJ500_R068_C077,68,77,699750,9535250,0,3500,2022,12,2022-12,48,34.42,95.08,128.74,10.77,26.0,4.0,30.0,1,0.2703,0.6088,1
LJ500_R068_C078,68,78,700250,9535250,500,3500,2022,12,2022-12,48,35.69,103.92,146.13,11.61,26.0,4.0,30.0,1,0.2467,0.57,1
LJ500_R068_C079,68,79,700750,9535250,1000,3500,2022,12,2022-12,48,35.69,103.92,146.13,11.61,26.0,4.0,30.0,1,0.2639,0.5759,1
LJ500_R068_C080,68,80,701250,9535250,1500,3500,2022,12,2022-12,48,35.69,103.92,146.13,11.61,26.0,4.0,30.0,1,0.2757,0.58,1
LJ500_R068_C081,68,81,701750,9535250,2000,3500,2022,12,2022-12,48,35.69,103.92,146.13,11.61,26.0,4.0,30.0,1,0.2772,0.5651,1
LJ500_R068_C082,68,82,702250,9535250,2500,3500,2022,12,2022-12,48,35.69,103.92,146.13,11.61,26.0,4.0,30.0,1,0.2777,0.56,1
LJ500_R068_C083,68,83,702750,9535250,3000,3500,2022,12,2022-12,48,35.69,103.92,146.13,11.61,26.0,4.0,30.0,1,0.2523,0.5153,1
LJ500_R068_C084,68,84,703250,9535250,3500,3500,2022,12,2022-12,48,35.69,103.92,146.13,11.61,26.0,4.0,30.0,1,0.2488,0.513,1
LJ500_R068_C085,68,85,703750,9535250,4000,3500,2022,12,2022-12,48,35.69,103.92,146.13,11.61,26.0,4.0,30.0,1,0.2367,0.58,1
LJ500_R068_C086,68,86,704250,9535250,4500,3500,2022,12,2022-12,48,35.69,103.92,146.13,11.61,26.0,4.0,30.0,1,0.2688,0.6378,1
LJ500_R069_C077,69,77,699750,9535750,0,4000,2022,12,2022-12,48,34.78,92.1,123.96,10.89,25.62,4.3831,30.0,1,0.2655,0.5951,1
LJ500_R069_C078,69,78,700250,9535750,500,4000,2022,12,2022-12,48,36.86,104.05,145.38,10.92,25.07,4.931,30.0,1,0.2496,0.5508,1
LJ500_R069_C079,69,79,700750,9535750,1000,4000,2022,12,2022-12,48,36.86,104.05,145.38,10.92,25.07,4.9333,30.0,1,0.2652,0.5738,1
LJ500_R069_C080,69,80,701250,9535750,1500,4000,2022,12,2022-12,48,36.86,104.06,145.37,10.92,25.06,4.9356,30.0,1,0.276,0.5897,1
LJ500_R069_C081,69,81,701750,9535750,2000,4000,2022,12,2022-12,48,36.86,104.06,145.37,10.92,25.06,4.9379,30.0,1,0.2312,0.5173,1
LJ500_R069_C082,69,82,702250,9535750,2500,4000,2022,12,2022-12,48,36.87,104.06,145.37,10.92,25.06,4.9403,30.0,1,0.2155,0.492,1
LJ500_R069_C083,69,83,702750,9535750,3000,4000,2022,12,2022-12,48,36.87,104.06,145.37,10.91,25.06,4.9426,30.0,1,0.2109,0.4733,1
LJ500_R069_C084,69,84,703250,9535750,3500,4000,2022,12,2022-12,48,36.87,104.06,145.37,10.91,25.06,4.9449,30.0,1,0.2113,0.4718,1
LJ500_R069_C085,69,85,703750,9535750,4000,4000,2022,12,2022-12,48,36.88,104.06,145.37,10.91,25.05,4.9473,30.0,1,0.2354,0.492,1
LJ500_R069_C086,69,86,704250,9535750,4500,4000,2022,12,2022-12,48,36.88,104.06,145.36,10.91,25.05,4.9496,30.0,1,0.2312,0.4891,1
LJ500_R070_C077,70,77,699750,9536250,0,4500,2022,12,2022-12,48,34.8,91.82,123.51,10.9,25.59,4.41,30.0,1,0.2653,0.5947,1
LJ500_R070_C078,70,78,700250,9536250,500,4500,2022,12,2022-12,48,36.94,104.06,145.32,10.87,25.0,5.0,30.0,1,0.2499,0.55,1
LJ500_R070_C079,70,79,700750,9536250,1000,4500,2022,12,2022-12,48,36.94,104.06,145.32,10.87,25.0,5.0,30.0,1,0.2644,0.57,1
LJ500_R070_C080,70,80,701250,9536250,1500,4500,2022,12,2022-12,48,36.94,104.06,145.32,10.87,25.0,5.0,30.0,1,0.2745,0.5838,1
LJ500_R070_C081,70,81,701750,9536250,2000,4500,2022,12,2022-12,48,36.94,104.06,145.32,10.87,25.0,5.0,30.0,1,0.2333,0.5153,1
LJ500_R070_C082,70,82,702250,9536250,2500,4500,2022,12,2022-12,48,36.94,104.06,145.32,10.87,25.0,5.0,30.0,1,0.2189,0.4913,1
LJ500_R070_C083,70,83,702750,9536250,3000,4500,2022,12,2022-12,48,36.94,104.06,145.32,10.87,25.0,5.0,30.0,1,0.2163,0.4781,1
LJ500_R070_C084,70,84,703250,9536250,3500,4500,2022,12,2022-12,48,36.94,104.06,145.32,10.87,25.0,5.0,30.0,1,0.2168,0.4771,1
LJ500_R070_C085,70,85,703750,9536250,4000,4500,2022,12,2022-12,48,36.94,104.06,145.32,10.87,25.0,5.0,30.0,1,0.2346,0.4887,1
LJ500_R070_C086,70,86,704250,9536250,4500,4500,2022,12,2022-12,48,36.94,104.06,145.32,10.87,25.0,5.0,30.0,1,0.2314,0.489,1
LJ500_R061_C077,61,77,699750,9531750,0,0,2023,1,2023-01,49,56.87,91.33,152.2,19.89,26.57,4.4308,31.0,1,0.1761,0.5031,1
LJ500_R061_C078,61,78,700250,9531750,500,0,2023,1,2023-01,49,58.78,94.47,162.7,16.66,26.0,5.0,31.0,1,0.1848,0.5299,1
LJ500_R061_C079,61,79,700750,9531750,1000,0,2023,1,2023-01,49,58.78,94.47,162.7,16.66,26.0,5.0,31.0,1,0.1929,0.5504,1
LJ500_R061_C080,61,80,701250,9531750,1500,0,2023,1,2023-01,49,58.78,94.47,162.7,16.66,26.0,5.0,31.0,1,0.198,0.5636,1
LJ500_R061_C081,61,81,701750,9531750,2000,0,2023,1,2023-01,49,58.78,94.47,162.7,16.66,26.0,5.0,31.0,1,0.3133,0.6999,1
LJ500_R061_C082,61,82,702250,9531750,2500,0,2023,1,2023-01,49,58.78,94.47,162.7,16.66,26.0,5.0,31.0,1,0.3502,0.7435,1
LJ500_R061_C083,61,83,702750,9531750,3000,0,2023,1,2023-01,49,58.78,94.47,162.7,16.66,26.0,5.0,31.0,1,0.4016,0.8003,1
LJ500_R061_C084,61,84,703250,9531750,3500,0,2023,1,2023-01,49,58.78,94.47,162.7,16.66,26.0,5.0,31.0,1,0.4035,0.8025,1
LJ500_R061_C085,61,85,703750,9531750,4000,0,2023,1,2023-01,49,58.78,94.47,162.7,16.66,26.0,5.0,31.0,1,0.3445,0.7339,1
LJ500_R061_C086,61,86,704250,9531750,4500,0,2023,1,2023-01,49,58.78,94.47,162.7,16.66,26.0,5.0,31.0,1,0.3331,0.7107,1
LJ500_R062_C077,62,77,699750,9532250,0,500,2023,1,2023-01,49,56.86,91.32,152.15,19.9,26.57,4.4285,31.0,1,0.1643,0.4738,1
LJ500_R062_C078,62,78,700250,9532250,500,500,2023,1,2023-01,49,58.78,94.47,162.7,16.66,26.0,5.0,31.0,1,0.1732,0.49,1
LJ500_R062_C079,62,79,700750,9532250,1000,500,2023,1,2023-01,49,58.78,94.47,162.7,16.66,26.0,5.0,31.0,1,0.1925,0.5509,1
LJ500_R062_C080,62,80,701250,9532250,1500,500,2023,1,2023-01,49,58.78,94.47,162.7,16.66,26.0,5.0,31.0,1,0.2048,0.59,1
LJ500_R062_C081,62,81,701750,9532250,2000,500,2023,1,2023-01,49,58.78,94.47,162.7,16.66,26.0,5.0,31.0,1,0.4358,0.8706,1
LJ500_R062_C082,62,82,702250,9532250,2500,500,2023,1,2023-01,49,58.78,94.47,162.7,16.66,26.0,5.0,31.0,1,0.5094,0.96,1
LJ500_R062_C083,62,83,702750,9532250,3000,500,2023,1,2023-01,49,58.78,94.47,162.7,16.66,26.0,5.0,31.0,1,0.5741,1.0871,1
LJ500_R062_C084,62,84,703250,9532250,3500,500,2023,1,2023-01,49,58.78,94.47,162.7,16.66,26.0,5.0,31.0,1,0.5775,1.0943,1
LJ500_R062_C085,62,85,703750,9532250,4000,500,2023,1,2023-01,49,58.78,94.47,162.7,16.66,26.0,5.0,31.0,1,0.5265,1.0,1
LJ500_R062_C086,62,86,704250,9532250,4500,500,2023,1,2023-01,49,58.78,94.47,162.7,16.66,26.0,5.0,31.0,1,0.4971,0.94,1
LJ500_R063_C077,63,77,699750,9532750,0,1000,2023,1,2023-01,49,56.86,91.3,152.11,19.92,26.57,4.4261,31.0,1,0.1556,0.4453,1
LJ500_R063_C078,63,78,700250,9532750,500,1000,2023,1,2023-01,49,58.78,94.47,162.7,16.66,26.0,5.0,31.0,1,0.165,0.4802,1
LJ500_R063_C079,63,79,700750,9532750,1000,1000,2023,1,2023-01,49,58.78,94.47,162.7,16.66,26.0,5.0,31.0,1,0.1857,0.5378,1
LJ500_R063_C080,63,80,701250,9532750,1500,1000,2023,1,2023-01,49,58.78,94.47,162.7,16.66,26.0,5.0,31.0,1,0.1991,0.5751,1
LJ500_R063_C081,63,81,701750,9532750,2000,1000,2023,1,2023-01,49,58.78,94.47,162.7,16.66,26.0,5.0,31.0,1,0.3802,0.7606,1
LJ500_R063_C082,63,82,702250,9532750,2500,1000,2023,1,2023-01,49,58.78,94.47,162.7,16.66,26.0,5.0,31.0,1,0.4383,0.8198,1
LJ500_R063_C083,63,83,702750,9532750,3000,1000,2023,1,2023-01,49,58.78,94.47,162.7,16.66,26.0,5.0,31.0,1,0.5801,1.0825,1
LJ500_R063_C084,63,84,703250,9532750,3500,1000,2023,1,2023-01,49,58.78,94.47,162.7,16.66,26.0,5.0,31.0,1,0.5916,1.1079,1
LJ500_R063_C085,63,85,703750,9532750,4000,1000,2023,1,2023-01,49,58.78,94.47,162.7,16.66,26.0,5.0,31.0,1,0.5328,1.0711,1
LJ500_R063_C086,63,86,704250,9532750,4500,1000,2023,1,2023-01,49,58.78,94.47,162.7,16.66,26.0,5.0,31.0,1,0.514,1.0413,1
LJ500_R064_C077,64,77,699750,9533250,0,1500,2023,1,2023-01,49,56.85,91.29,152.07,19.93,26.58,4.4238,31.0,1,0.1464,0.4155,1
LJ500_R064_C078,64,78,700250,9533250,500,1500,2023,1,2023-01,49,58.78,94.47,162.7,16.66,26.0,5.0,31.0,1,0.1565,0.47,1
LJ500_R064_C079,64,79,700750,9533250,1000,1500,2023,1,2023-01,49,58.78,94.47,162.7,16.66,26.0,5.0,31.0,1,0.1787,0.5244,1
LJ500_R064_C080,64,80,701250,9533250,1500,1500,2023,1,2023-01,49,58.78,94.47,162.7,16.66,26.0,5.0,31.0,1,0.1932,0.56,1
LJ500_R064_C081,64,81,701750,9533250,2000,1500,2023,1,2023-01,49,58.78,94.47,162.7,16.66,26.0,5.0,31.0,1,0.3245,0.6504,1
LJ500_R064_C082,64,82,702250,9533250,2500,1500,2023,1,2023-01,49,58.78,94.47,162.7,16.66,26.0,5.0,31.0,1,0.3674,0.68,1
LJ500_R064_C083,64,83,702750,9533250,3000,1500,2023,1,2023-01,49,58.78,94.47,162.7,16.66,26.0,5.0,31.0,1,0.5856,1.0774,1
LJ500_R064_C084,64,84,703250,9533250,3500,1500,2023,1,2023-01,49,58.78,94.47,162.7,16.66,26.0,5.0,31.0,1,0.6053,1.1211,1
LJ500_R064_C085,64,85,703750,9533250,4000,1500,2023,1,2023-01,49,58.78,94.47,162.7,16.66,26.0,5.0,31.0,1,0.539,1.14,1
LJ500_R064_C086,64,86,704250,9533250,4500,1500,2023,1,2023-01,49,58.78,94.47,162.7,16.66,26.0,5.0,31.0,1,0.53,1.138,1
LJ500_R065_C077,65,77,699750,9533750,0,2000,2023,1,2023-01,49,56.84,91.28,152.03,19.94,26.58,4.4215,31.0,1,0.142,0.4166,1
LJ500_R065_C078,65,78,700250,9533750,500,2000,2023,1,2023-01,49,58.78,94.47,162.7,16.66,26.0,5.0,31.0,1,0.1435,0.4181,1
LJ500_R065_C079,65,79,700750,9533750,1000,2000,2023,1,2023-01,49,58.78,94.47,162.7,16.66,26.0,5.0,31.0,1,0.1632,0.4721,1
LJ500_R065_C080,65,80,701250,9533750,1500,2000,2023,1,2023-01,49,58.78,94.47,162.7,16.66,26.0,5.0,31.0,1,0.1762,0.5078,1
LJ500_R065_C081,65,81,701750,9533750,2000,2000,2023,1,2023-01,49,58.78,94.47,162.7,16.66,26.0,5.0,31.0,1,0.263,0.5879,1
LJ500_R065_C082,65,82,702250,9533750,2500,2000,2023,1,2023-01,49,58.78,94.47,162.7,16.66,26.0,5.0,31.0,1,0.2915,0.6143,1
LJ500_R065_C083,65,83,702750,9533750,3000,2000,2023,1,2023-01,49,58.78,94.47,162.7,16.66,26.0,5.0,31.0,1,0.4619,0.85,1
LJ500_R065_C084,65,84,703250,9533750,3500,2000,2023,1,2023-01,49,58.78,94.47,162.7,16.66,26.0,5.0,31.0,1,0.4823,0.8826,1
LJ500_R065_C085,65,85,703750,9533750,4000,2000,2023,1,2023-01,49,58.78,94.47,162.7,16.66,26.0,5.0,31.0,1,0.5227,1.027,1
LJ500_R065_C086,65,86,704250,9533750,4500,2000,2023,1,2023-01,49,58.78,94.47,162.7,16.66,26.0,5.0,31.0,1,0.521,1.0499,1
LJ500_R066_C077,66,77,699750,9534250,0,2500,2023,1,2023-01,49,56.83,91.26,151.98,19.96,26.58,4.4192,31.0,1,0.1396,0.4175,1
LJ500_R066_C078,66,78,700250,9534250,500,2500,2023,1,2023-01,49,58.78,94.47,162.7,16.66,26.0,5.0,31.0,1,0.1365,0.39,1
LJ500_R066_C079,66,79,700750,9534250,1000,2500,2023,1,2023-01,49,58.78,94.47,162.7,16.66,26.0,5.0,31.0,1,0.1548,0.444,1
LJ500_R066_C080,66,80,701250,9534250,1500,2500,2023,1,2023-01,49,58.78,94.47,162.7,16.66,26.0,5.0,31.0,1,0.1671,0.48,1
LJ500_R066_C081,66,81,701750,9534250,2000,2500,2023,1,2023-01,49,58.78,94.47,162.7,16.66,26.0,5.0,31.0,1,0.2306,0.5549,1
LJ500_R066_C082,66,82,702250,9534250,2500,2500,2023,1,2023-01,49,58.78,94.47,162.7,16.66,26.0,5.0,31.0,1,0.2519,0.58,1
LJ500_R066_C083,66,83,702750,9534250,3000,2500,2023,1,2023-01,49,58.78,94.47,162.7,16.66,26.0,5.0,31.0,1,0.398,0.7327,1
LJ500_R066_C084,66,84,703250,9534250,3500,2500,2023,1,2023-01,49,58.78,94.47,162.7,16.66,26.0,5.0,31.0,1,0.4193,0.7606,1
LJ500_R066_C085,66,85,703750,9534250,4000,2500,2023,1,2023-01,49,58.78,94.47,162.7,16.66,26.0,5.0,31.0,1,0.5145,0.97,1
LJ500_R066_C086,66,86,704250,9534250,4500,2500,2023,1,2023-01,49,58.78,94.47,162.7,16.66,26.0,5.0,31.0,1,0.5164,1.0055,1
LJ500_R067_C077,67,77,699750,9534750,0,3000,2023,1,2023-01,49,56.83,91.25,151.94,19.97,26.58,4.4169,31.0,1,0.1522,0.4558,1
LJ500_R067_C078,67,78,700250,9534750,500,3000,2023,1,2023-01,49,58.78,94.47,162.7,16.66,26.0,5.0,31.0,1,0.1341,0.4061,1
LJ500_R067_C079,67,79,700750,9534750,1000,3000,2023,1,2023-01,49,58.78,94.47,162.7,16.66,26.0,5.0,31.0,1,0.1491,0.4454,1
LJ500_R067_C080,67,80,701250,9534750,1500,3000,2023,1,2023-01,49,58.78,94.47,162.7,16.66,26.0,5.0,31.0,1,0.1593,0.4719,1
LJ500_R067_C081,67,81,701750,9534750,2000,3000,2023,1,2023-01,49,58.78,94.47,162.7,16.66,26.0,5.0,31.0,1,0.185,0.5102,1
LJ500_R067_C082,67,82,702250,9534750,2500,3000,2023,1,2023-01,49,58.78,94.47,162.7,16.66,26.0,5.0,31.0,1,0.1936,0.523,1
LJ500_R067_C083,67,83,702750,9534750,3000,3000,2023,1,2023-01,49,58.78,94.47,162.7,16.66,26.0,5.0,31.0,1,0.2391,0.5727,1
LJ500_R067_C084,67,84,703250,9534750,3500,3000,2023,1,2023-01,49,58.78,94.47,162.7,16.66,26.0,5.0,31.0,1,0.2504,0.5836,1
LJ500_R067_C085,67,85,703750,9534750,4000,3000,2023,1,2023-01,49,58.78,94.47,162.7,16.66,26.0,5.0,31.0,1,0.3863,0.699,1
LJ500_R067_C086,67,86,704250,9534750,4500,3000,2023,1,2023-01,49,58.78,94.47,162.7,16.66,26.0,5.0,31.0,1,0.4148,0.7638,1
LJ500_R068_C077,68,77,699750,9535250,0,3500,2023,1,2023-01,49,56.82,91.24,151.9,19.98,26.59,4.4146,31.0,1,0.1554,0.4654,1
LJ500_R068_C078,68,78,700250,9535250,500,3500,2023,1,2023-01,49,58.78,94.47,162.7,16.66,26.0,5.0,31.0,1,0.1335,0.41,1
LJ500_R068_C079,68,79,700750,9535250,1000,3500,2023,1,2023-01,49,58.78,94.47,162.7,16.66,26.0,5.0,31.0,1,0.1478,0.4457,1
LJ500_R068_C080,68,80,701250,9535250,1500,3500,2023,1,2023-01,49,58.78,94.47,162.7,16.66,26.0,5.0,31.0,1,0.1574,0.47,1
LJ500_R068_C081,68,81,701750,9535250,2000,3500,2023,1,2023-01,49,58.78,94.47,162.7,16.66,26.0,5.0,31.0,1,0.1745,0.4998,1
LJ500_R068_C082,68,82,702250,9535250,2500,3500,2023,1,2023-01,49,58.78,94.47,162.7,16.66,26.0,5.0,31.0,1,0.1803,0.51,1
LJ500_R068_C083,68,83,702750,9535250,3000,3500,2023,1,2023-01,49,58.78,94.47,162.7,16.66,26.0,5.0,31.0,1,0.2034,0.5368,1
LJ500_R068_C084,68,84,703250,9535250,3500,3500,2023,1,2023-01,49,58.78,94.47,162.7,16.66,26.0,5.0,31.0,1,0.2127,0.5443,1
LJ500_R068_C085,68,85,703750,9535250,4000,3500,2023,1,2023-01,49,58.78,94.47,162.7,16.66,26.0,5.0,31.0,1,0.3584,0.64,1
LJ500_R068_C086,68,86,704250,9535250,4500,3500,2023,1,2023-01,49,58.78,94.47,162.7,16.66,26.0,5.0,31.0,1,0.3926,0.7113,1
LJ500_R069_C077,69,77,699750,9535750,0,4000,2023,1,2023-01,49,54.17,88.95,146.26,14.54,26.04,4.9579,31.0,1,0.1441,0.4582,1
LJ500_R069_C078,69,78,700250,9535750,500,4000,2023,1,2023-01,49,56.31,93.17,160.37,15.64,26.0,5.0,31.0,1,0.132,0.4292,1
LJ500_R069_C079,69,79,700750,9535750,1000,4000,2023,1,2023-01,49,56.3,93.16,160.36,15.63,26.0,5.0,31.0,1,0.1524,0.4591,1
LJ500_R069_C080,69,80,701250,9535750,1500,4000,2023,1,2023-01,49,56.3,93.16,160.35,15.63,26.0,5.0,31.0,1,0.1665,0.4797,1
LJ500_R069_C081,69,81,701750,9535750,2000,4000,2023,1,2023-01,49,56.29,93.16,160.35,15.63,26.0,5.0,31.0,1,0.2452,0.5453,1
LJ500_R069_C082,69,82,702250,9535750,2500,4000,2023,1,2023-01,49,56.29,93.15,160.34,15.62,26.0,5.0,31.0,1,0.2727,0.5683,1
LJ500_R069_C083,69,83,702750,9535750,3000,4000,2023,1,2023-01,49,56.28,93.15,160.34,15.62,26.0,5.0,31.0,1,0.2498,0.5518,1
LJ500_R069_C084,69,84,703250,9535750,3500,4000,2023,1,2023-01,49,56.27,93.15,160.33,15.62,26.0,5.0,31.0,1,0.2453,0.5487,1
LJ500_R069_C085,69,85,703750,9535750,4000,4000,2023,1,2023-01,49,56.27,93.14,160.32,15.62,26.0,5.0,31.0,1,0.2051,0.5226,1
LJ500_R069_C086,69,86,704250,9535750,4500,4000,2023,1,2023-01,49,56.26,93.14,160.32,15.61,26.0,5.0,31.0,1,0.2077,0.5237,1
LJ500_R070_C077,70,77,699750,9536250,0,4500,2023,1,2023-01,49,53.95,88.76,145.78,14.11,26.0,5.0,31.0,1,0.1444,0.4585,1
LJ500_R070_C078,70,78,700250,9536250,500,4500,2023,1,2023-01,49,56.13,93.07,160.19,15.56,26.0,5.0,31.0,1,0.1318,0.4312,1
LJ500_R070_C079,70,79,700750,9536250,1000,4500,2023,1,2023-01,49,56.13,93.07,160.19,15.56,26.0,5.0,31.0,1,0.1535,0.4622,1
LJ500_R070_C080,70,80,701250,9536250,1500,4500,2023,1,2023-01,49,56.13,93.07,160.19,15.56,26.0,5.0,31.0,1,0.1686,0.4837,1
LJ500_R070_C081,70,81,701750,9536250,2000,4500,2023,1,2023-01,49,56.13,93.07,160.19,15.56,26.0,5.0,31.0,1,0.2397,0.5429,1
LJ500_R070_C082,70,82,702250,9536250,2500,4500,2023,1,2023-01,49,56.13,93.07,160.19,15.56,26.0,5.0,31.0,1,0.2646,0.5636,1
LJ500_R070_C083,70,83,702750,9536250,3000,4500,2023,1,2023-01,49,56.13,93.07,160.19,15.56,26.0,5.0,31.0,1,0.2407,0.5422,1
LJ500_R070_C084,70,84,703250,9536250,3500,4500,2023,1,2023-01,49,56.13,93.07,160.19,15.56,26.0,5.0,31.0,1,0.2361,0.5386,1
LJ500_R070_C085,70,85,703750,9536250,4000,4500,2023,1,2023-01,49,56.13,93.07,160.19,15.56,26.0,5.0,31.0,1,0.201,0.5187,1
LJ500_R070_C086,70,86,704250,9536250,4500,4500,2023,1,2023-01,49,56.13,93.07,160.19,15.56,26.0,5.0,31.0,1,0.2085,0.5243,1
LJ500_R061_C077,61,77,699750,9531750,0,0,2023,2,2023-02,50,85.39,142.26,176.72,18.92,20.14,10.86,31.0,1,0.1367,0.3908,1
LJ500_R061_C078,61,78,700250,9531750,500,0,2023,2,2023-02,50,84.55,143.33,179.02,18.0,19.0,12.0,31.0,1,0.1377,0.4033,1
LJ500_R061_C079,61,79,700750,9531750,1000,0,2023,2,2023-02,50,84.55,143.33,179.02,18.0,19.0,12.0,31.0,1,0.1426,0.4094,1
LJ500_R061_C080,61,80,701250,9531750,1500,0,2023,2,2023-02,50,84.55,143.33,179.02,18.0,19.0,12.0,31.0,1,0.1458,0.4134,1
LJ500_R061_C081,61,81,701750,9531750,2000,0,2023,2,2023-02,50,84.55,143.33,179.02,18.0,19.0,12.0,31.0,1,0.2831,0.7448,1
LJ500_R061_C082,61,82,702250,9531750,2500,0,2023,2,2023-02,50,84.55,143.33,179.02,18.0,19.0,12.0,31.0,1,0.327,0.8507,1
LJ500_R061_C083,61,83,702750,9531750,3000,0,2023,2,2023-02,50,84.55,143.33,179.02,18.0,19.0,12.0,31.0,1,0.3915,0.9914,1
LJ500_R061_C084,61,84,703250,9531750,3500,0,2023,2,2023-02,50,84.55,143.33,179.02,18.0,19.0,12.0,31.0,1,0.3942,0.9965,1
LJ500_R061_C085,61,85,703750,9531750,4000,0,2023,2,2023-02,50,84.55,143.33,179.02,18.0,19.0,12.0,31.0,1,0.3265,0.8408,1
LJ500_R061_C086,61,86,704250,9531750,4500,0,2023,2,2023-02,50,84.55,143.33,179.02,18.0,19.0,12.0,31.0,1,0.3131,0.8142,1
LJ500_R062_C077,62,77,699750,9532250,0,500,2023,2,2023-02,50,85.39,142.26,176.71,18.92,20.14,10.86,31.0,1,0.134,0.3738,1
LJ500_R062_C078,62,78,700250,9532250,500,500,2023,2,2023-02,50,84.55,143.33,179.02,18.0,19.0,12.0,31.0,1,0.1326,0.39,1
LJ500_R062_C079,62,79,700750,9532250,1000,500,2023,2,2023-02,50,84.55,143.33,179.02,18.0,19.0,12.0,31.0,1,0.1479,0.4083,1
LJ500_R062_C080,62,80,701250,9532250,1500,500,2023,2,2023-02,50,84.55,143.33,179.02,18.0,19.0,12.0,31.0,1,0.1577,0.42,1
LJ500_R062_C081,62,81,701750,9532250,2000,500,2023,2,2023-02,50,84.55,143.33,179.02,18.0,19.0,12.0,31.0,1,0.4381,1.095,1
LJ500_R062_C082,62,82,702250,9532250,2500,500,2023,2,2023-02,50,84.55,143.33,179.02,18.0,19.0,12.0,31.0,1,0.5274,1.31,1
LJ500_R062_C083,62,83,702750,9532250,3000,500,2023,2,2023-02,50,84.55,143.33,179.02,18.0,19.0,12.0,31.0,1,0.6083,1.4189,1
LJ500_R062_C084,62,84,703250,9532250,3500,500,2023,2,2023-02,50,84.55,143.33,179.02,18.0,19.0,12.0,31.0,1,0.6129,1.426,1
LJ500_R062_C085,62,85,703750,9532250,4000,500,2023,2,2023-02,50,84.55,143.33,179.02,18.0,19.0,12.0,31.0,1,0.5539,1.36,1
LJ500_R062_C086,62,86,704250,9532250,4500,500,2023,2,2023-02,50,84.55,143.33,179.02,18.0,19.0,12.0,31.0,1,0.5182,1.2917,1
LJ500_R063_C077,63,77,699750,9532750,0,1000,2023,2,2023-02,50,85.4,142.25,176.7,18.93,20.15,10.85,31.0,1,0.1326,0.3564,1
LJ500_R063_C078,63,78,700250,9532750,500,1000,2023,2,2023-02,50,84.55,143.33,179.02,18.0,19.0,12.0,31.0,1,0.1289,0.3753,1
LJ500_R063_C079,63,79,700750,9532750,1000,1000,2023,2,2023-02,50,84.55,143.33,179.02,18.0,19.0,12.0,31.0,1,0.1423,0.3964,1
LJ500_R063_C080,63,80,701250,9532750,1500,1000,2023,2,2023-02,50,84.55,143.33,179.02,18.0,19.0,12.0,31.0,1,0.151,0.4101,1
LJ500_R063_C081,63,81,701750,9532750,2000,1000,2023,2,2023-02,50,84.55,143.33,179.02,18.0,19.0,12.0,31.0,1,0.3665,0.9511,1
LJ500_R063_C082,63,82,702250,9532750,2500,1000,2023,2,2023-02,50,84.55,143.33,179.02,18.0,19.0,12.0,31.0,1,0.4355,1.1248,1
LJ500_R063_C083,63,83,702750,9532750,3000,1000,2023,2,2023-02,50,84.55,143.33,179.02,18.0,19.0,12.0,31.0,1,0.611,1.5604,1
LJ500_R063_C084,63,84,703250,9532750,3500,1000,2023,2,2023-02,50,84.55,143.33,179.02,18.0,19.0,12.0,31.0,1,0.6249,1.6119,1
LJ500_R063_C085,63,85,703750,9532750,4000,1000,2023,2,2023-02,50,84.55,143.33,179.02,18.0,19.0,12.0,31.0,1,0.5465,1.7002,1
LJ500_R063_C086,63,86,704250,9532750,4500,1000,2023,2,2023-02,50,84.55,143.33,179.02,18.0,19.0,12.0,31.0,1,0.5242,1.676,1
LJ500_R064_C077,64,77,699750,9533250,0,1500,2023,2,2023-02,50,85.4,142.25,176.69,18.93,20.15,10.85,31.0,1,0.1311,0.3382,1
LJ500_R064_C078,64,78,700250,9533250,500,1500,2023,2,2023-02,50,84.55,143.33,179.02,18.0,19.0,12.0,31.0,1,0.1252,0.36,1
LJ500_R064_C079,64,79,700750,9533250,1000,1500,2023,2,2023-02,50,84.55,143.33,179.02,18.0,19.0,12.0,31.0,1,0.1367,0.3842,1
LJ500_R064_C080,64,80,701250,9533250,1500,1500,2023,2,2023-02,50,84.55,143.33,179.02,18.0,19.0,12.0,31.0,1,0.1442,0.4,1
LJ500_R064_C081,64,81,701750,9533250,2000,1500,2023,2,2023-02,50,84.55,143.33,179.02,18.0,19.0,12.0,31.0,1,0.2947,0.807,1
LJ500_R064_C082,64,82,702250,9533250,2500,1500,2023,2,2023-02,50,84.55,143.33,179.02,18.0,19.0,12.0,31.0,1,0.3439,0.94,1
LJ500_R064_C083,64,83,702750,9533250,3000,1500,2023,2,2023-02,50,84.55,143.33,179.02,18.0,19.0,12.0,31.0,1,0.6134,1.6987,1
LJ500_R064_C084,64,84,703250,9533250,3500,1500,2023,2,2023-02,50,84.55,143.33,179.02,18.0,19.0,12.0,31.0,1,0.6368,1.7932,1
LJ500_R064_C085,64,85,703750,9533250,4000,1500,2023,2,2023-02,50,84.55,143.33,179.02,18.0,19.0,12.0,31.0,1,0.5394,2.03,1
LJ500_R064_C086,64,86,704250,9533250,4500,1500,2023,2,2023-02,50,84.55,143.33,179.02,18.0,19.0,12.0,31.0,1,0.5296,2.0441,1
LJ500_R065_C077,65,77,699750,9533750,0,2000,2023,2,2023-02,50,85.41,142.25,176.68,18.94,20.16,10.84,31.0,1,0.1294,0.337,1
LJ500_R065_C078,65,78,700250,9533750,500,2000,2023,2,2023-02,50,84.55,143.33,179.02,18.0,19.0,12.0,31.0,1,0.1268,0.3341,1
LJ500_R065_C079,65,79,700750,9533750,1000,2000,2023,2,2023-02,50,84.55,143.33,179.02,18.0,19.0,12.0,31.0,1,0.1289,0.3659,1
LJ500_R065_C080,65,80,701250,9533750,1500,2000,2023,2,2023-02,50,84.55,143.33,179.02,18.0,19.0,12.0,31.0,1,0.1303,0.3869,1
LJ500_R065_C081,65,81,701750,9533750,2000,2000,2023,2,2023-02,50,84.55,143.33,179.02,18.0,19.0,12.0,31.0,1,0.2225,0.6204,1
LJ500_R065_C082,65,82,702250,9533750,2500,2000,2023,2,2023-02,50,84.55,143.33,179.02,18.0,19.0,12.0,31.0,1,0.2527,0.6967,1
LJ500_R065_C083,65,83,702750,9533750,3000,2000,2023,2,2023-02,50,84.55,143.33,179.02,18.0,19.0,12.0,31.0,1,0.4669,1.2624,1
LJ500_R065_C084,65,84,703250,9533750,3500,2000,2023,2,2023-02,50,84.55,143.33,179.02,18.0,19.0,12.0,31.0,1,0.4928,1.3357,1
LJ500_R065_C085,65,85,703750,9533750,4000,2000,2023,2,2023-02,50,84.55,143.33,179.02,18.0,19.0,12.0,31.0,1,0.5473,1.5715,1
LJ500_R065_C086,65,86,704250,9533750,4500,2000,2023,2,2023-02,50,84.55,143.33,179.02,18.0,19.0,12.0,31.0,1,0.5419,1.6677,1
LJ500_R066_C077,66,77,699750,9534250,0,2500,2023,2,2023-02,50,85.41,142.24,176.67,18.94,20.16,10.84,31.0,1,0.1285,0.3365,1
LJ500_R066_C078,66,78,700250,9534250,500,2500,2023,2,2023-02,50,84.55,143.33,179.02,18.0,19.0,12.0,31.0,1,0.1277,0.32,1
LJ500_R066_C079,66,79,700750,9534250,1000,2500,2023,2,2023-02,50,84.55,143.33,179.02,18.0,19.0,12.0,31.0,1,0.1248,0.356,1
LJ500_R066_C080,66,80,701250,9534250,1500,2500,2023,2,2023-02,50,84.55,143.33,179.02,18.0,19.0,12.0,31.0,1,0.1229,0.38,1
LJ500_R066_C081,66,81,701750,9534250,2000,2500,2023,2,2023-02,50,84.55,143.33,179.02,18.0,19.0,12.0,31.0,1,0.1845,0.5223,1
LJ500_R066_C082,66,82,702250,9534250,2500,2500,2023,2,2023-02,50,84.55,143.33,179.02,18.0,19.0,12.0,31.0,1,0.2052,0.57,1
LJ500_R066_C083,66,83,702750,9534250,3000,2500,2023,2,2023-02,50,84.55,143.33,179.02,18.0,19.0,12.0,31.0,1,0.3912,1.0372,1
LJ500_R066_C084,66,84,703250,9534250,3500,2500,2023,2,2023-02,50,84.55,143.33,179.02,18.0,19.0,12.0,31.0,1,0.4189,1.102,1
LJ500_R066_C085,66,85,703750,9534250,4000,2500,2023,2,2023-02,50,84.55,143.33,179.02,18.0,19.0,12.0,31.0,1,0.5513,1.34,1
LJ500_R066_C086,66,86,704250,9534250,4500,2500,2023,2,2023-02,50,84.55,143.33,179.02,18.0,19.0,12.0,31.0,1,0.548,1.4782,1
LJ500_R067_C077,67,77,699750,9534750,0,3000,2023,2,2023-02,50,85.41,142.24,176.66,18.94,20.17,10.83,31.0,1,0.1269,0.3623,1
LJ500_R067_C078,67,78,700250,9534750,500,3000,2023,2,2023-02,50,84.55,143.33,179.02,18.0,19.0,12.0,31.0,1,0.1238,0.328,1
LJ500_R067_C079,67,79,700750,9534750,1000,3000,2023,2,2023-02,50,84.55,143.33,179.02,18.0,19.0,12.0,31.0,1,0.1203,0.3543,1
LJ500_R067_C080,67,80,701250,9534750,1500,3000,2023,2,2023-02,50,84.55,143.33,179.02,18.0,19.0,12.0,31.0,1,0.1179,0.3719,1
LJ500_R067_C081,67,81,701750,9534750,2000,3000,2023,2,2023-02,50,84.55,143.33,179.02,18.0,19.0,12.0,31.0,1,0.1375,0.4107,1
LJ500_R067_C082,67,82,702250,9534750,2500,3000,2023,2,2023-02,50,84.55,143.33,179.02,18.0,19.0,12.0,31.0,1,0.144,0.4234,1
LJ500_R067_C083,67,83,702750,9534750,3000,3000,2023,2,2023-02,50,84.55,143.33,179.02,18.0,19.0,12.0,31.0,1,0.1974,0.5378,1
LJ500_R067_C084,67,84,703250,9534750,3500,3000,2023,2,2023-02,50,84.55,143.33,179.02,18.0,19.0,12.0,31.0,1,0.2114,0.571,1
LJ500_R067_C085,67,85,703750,9534750,4000,3000,2023,2,2023-02,50,84.55,143.33,179.02,18.0,19.0,12.0,31.0,1,0.3857,1.0197,1
LJ500_R067_C086,67,86,704250,9534750,4500,3000,2023,2,2023-02,50,84.55,143.33,179.02,18.0,19.0,12.0,31.0,1,0.4223,1.1167,1
LJ500_R068_C077,68,77,699750,9535250,0,3500,2023,2,2023-02,50,85.42,142.23,176.65,18.95,20.17,10.83,31.0,1,0.1265,0.3688,1
LJ500_R068_C078,68,78,700250,9535250,500,3500,2023,2,2023-02,50,84.55,143.33,179.02,18.0,19.0,12.0,31.0,1,0.1229,0.33,1
LJ500_R068_C079,68,79,700750,9535250,1000,3500,2023,2,2023-02,50,84.55,143.33,179.02,18.0,19.0,12.0,31.0,1,0.1193,0.3538,1
LJ500_R068_C080,68,80,701250,9535250,1500,3500,2023,2,2023-02,50,84.55,143.33,179.02,18.0,19.0,12.0,31.0,1,0.1168,0.37,1
LJ500_R068_C081,68,81,701750,9535250,2000,3500,2023,2,2023-02,50,84.55,143.33,179.02,18.0,19.0,12.0,31.0,1,0.1266,0.3849,1
LJ500_R068_C082,68,82,702250,9535250,2500,3500,2023,2,2023-02,50,84.55,143.33,179.02,18.0,19.0,12.0,31.0,1,0.13,0.39,1
LJ500_R068_C083,68,83,702750,9535250,3000,3500,2023,2,2023-02,50,84.55,143.33,179.02,18.0,19.0,12.0,31.0,1,0.1539,0.4258,1
LJ500_R068_C084,68,84,703250,9535250,3500,3500,2023,2,2023-02,50,84.55,143.33,179.02,18.0,19.0,12.0,31.0,1,0.1651,0.4525,1
LJ500_R068_C085,68,85,703750,9535250,4000,3500,2023,2,2023-02,50,84.55,143.33,179.02,18.0,19.0,12.0,31.0,1,0.3497,0.95,1
LJ500_R068_C086,68,86,704250,9535250,4500,3500,2023,2,2023-02,50,84.55,143.33,179.02,18.0,19.0,12.0,31.0,1,0.3948,1.0386,1
LJ500_R069_C077,69,77,699750,9535750,0,4000,2023,2,2023-02,50,72.27,126.44,161.22,16.43,20.78,10.22,31.0,1,0.1197,0.3583,1
LJ500_R069_C078,69,78,700250,9535750,500,4000,2023,2,2023-02,50,71.68,127.99,164.84,18.9,21.79,9.2071,31.0,1,0.1176,0.33,1
LJ500_R069_C079,69,79,700750,9535750,1000,4000,2023,2,2023-02,50,71.65,127.95,164.81,18.9,21.8,9.2001,31.0,1,0.1182,0.3594,1
LJ500_R069_C080,69,80,701250,9535750,1500,4000,2023,2,2023-02,50,71.61,127.91,164.77,18.9,21.81,9.1932,31.0,1,0.1186,0.3797,1
LJ500_R069_C081,69,81,701750,9535750,2000,4000,2023,2,2023-02,50,71.58,127.87,164.74,18.9,21.81,9.1862,31.0,1,0.2069,0.5815,1
LJ500_R069_C082,69,82,702250,9535750,2500,4000,2023,2,2023-02,50,71.55,127.83,164.7,18.9,21.82,9.1792,31.0,1,0.2378,0.6522,1
LJ500_R069_C083,69,83,702750,9535750,3000,4000,2023,2,2023-02,50,71.52,127.8,164.67,18.91,21.83,9.1722,31.0,1,0.2135,0.5843,1
LJ500_R069_C084,69,84,703250,9535750,3500,4000,2023,2,2023-02,50,71.48,127.76,164.63,18.91,21.83,9.1652,31.0,1,0.2084,0.5705,1
LJ500_R069_C085,69,85,703750,9535750,4000,4000,2023,2,2023-02,50,71.45,127.72,164.6,18.91,21.84,9.1582,31.0,1,0.1566,0.4316,1
LJ500_R069_C086,69,86,704250,9535750,4500,4000,2023,2,2023-02,50,71.42,127.68,164.56,18.91,21.85,9.1511,31.0,1,0.1608,0.4432,1
LJ500_R070_C077,70,77,699750,9536250,0,4500,2023,2,2023-02,50,71.27,125.22,160.02,16.22,20.82,10.18,31.0,1,0.1192,0.3591,1
LJ500_R070_C078,70,78,700250,9536250,500,4500,2023,2,2023-02,50,70.72,126.85,163.79,18.96,22.0,9.0,31.0,1,0.1168,0.3312,1
LJ500_R070_C079,70,79,700750,9536250,1000,4500,2023,2,2023-02,50,70.72,126.85,163.79,18.96,22.0,9.0,31.0,1,0.1189,0.36,1
LJ500_R070_C080,70,80,701250,9536250,1500,4500,2023,2,2023-02,50,70.72,126.85,163.79,18.96,22.0,9.0,31.0,1,0.1205,0.38,1
LJ500_R070_C081,70,81,701750,9536250,2000,4500,2023,2,2023-02,50,70.72,126.85,163.79,18.96,22.0,9.0,31.0,1,0.2,0.5592,1
LJ500_R070_C082,70,82,702250,9536250,2500,4500,2023,2,2023-02,50,70.72,126.85,163.79,18.96,22.0,9.0,31.0,1,0.2278,0.6216,1
LJ500_R070_C083,70,83,702750,9536250,3000,4500,2023,2,2023-02,50,70.72,126.85,163.79,18.96,22.0,9.0,31.0,1,0.2023,0.5591,1
LJ500_R070_C084,70,84,703250,9536250,3500,4500,2023,2,2023-02,50,70.72,126.85,163.79,18.96,22.0,9.0,31.0,1,0.1971,0.5457,1
LJ500_R070_C085,70,85,703750,9536250,4000,4500,2023,2,2023-02,50,70.72,126.85,163.79,18.96,22.0,9.0,31.0,1,0.1516,0.4187,1
LJ500_R070_C086,70,86,704250,9536250,4500,4500,2023,2,2023-02,50,70.72,126.85,163.79,18.96,22.0,9.0,31.0,1,0.162,0.4459,1
LJ500_R061_C077,61,77,699750,9531750,0,0,2023,3,2023-03,51,79.21,164.6,221.47,14.4,19.57,8.4308,28.0,1,0.1109,0.3231,1
LJ500_R061_C078,61,78,700250,9531750,500,0,2023,3,2023-03,51,81.66,166.21,224.98,14.85,19.0,9.0,28.0,1,0.1146,0.3499,1
LJ500_R061_C079,61,79,700750,9531750,1000,0,2023,3,2023-03,51,81.66,166.21,224.98,14.85,19.0,9.0,28.0,1,0.1263,0.3827,1
LJ500_R061_C080,61,80,701250,9531750,1500,0,2023,3,2023-03,51,81.66,166.21,224.98,14.85,19.0,9.0,28.0,1,0.1338,0.4037,1
LJ500_R061_C081,61,81,701750,9531750,2000,0,2023,3,2023-03,51,81.66,166.21,224.98,14.85,19.0,9.0,28.0,1,0.3425,0.7475,1
LJ500_R061_C082,61,82,702250,9531750,2500,0,2023,3,2023-03,51,81.66,166.21,224.98,14.85,19.0,9.0,28.0,1,0.4092,0.8573,1
LJ500_R061_C083,61,83,702750,9531750,3000,0,2023,3,2023-03,51,81.66,166.21,224.98,14.85,19.0,9.0,28.0,1,0.5021,0.9867,1
LJ500_R061_C084,61,84,703250,9531750,3500,0,2023,3,2023-03,51,81.66,166.21,224.98,14.85,19.0,9.0,28.0,1,0.5059,0.9921,1
LJ500_R061_C085,61,85,703750,9531750,4000,0,2023,3,2023-03,51,81.66,166.21,224.98,14.85,19.0,9.0,28.0,1,0.4071,0.8543,1
LJ500_R061_C086,61,86,704250,9531750,4500,0,2023,3,2023-03,51,81.66,166.21,224.98,14.85,19.0,9.0,28.0,1,0.3885,0.8248,1
LJ500_R062_C077,62,77,699750,9532250,0,500,2023,3,2023-03,51,79.2,164.6,221.46,14.4,19.57,8.4285,28.0,1,0.1047,0.2938,1
LJ500_R062_C078,62,78,700250,9532250,500,500,2023,3,2023-03,51,81.66,166.21,224.98,14.85,19.0,9.0,28.0,1,0.1061,0.31,1
LJ500_R062_C079,62,79,700750,9532250,1000,500,2023,3,2023-03,51,81.66,166.21,224.98,14.85,19.0,9.0,28.0,1,0.1376,0.3952,1
LJ500_R062_C080,62,80,701250,9532250,1500,500,2023,3,2023-03,51,81.66,166.21,224.98,14.85,19.0,9.0,28.0,1,0.1579,0.45,1
LJ500_R062_C081,62,81,701750,9532250,2000,500,2023,3,2023-03,51,81.66,166.21,224.98,14.85,19.0,9.0,28.0,1,0.5706,1.1022,1
LJ500_R062_C082,62,82,702250,9532250,2500,500,2023,3,2023-03,51,81.66,166.21,224.98,14.85,19.0,9.0,28.0,1,0.7021,1.31,1
LJ500_R062_C083,62,83,702750,9532250,3000,500,2023,3,2023-03,51,81.66,166.21,224.98,14.85,19.0,9.0,28.0,1,0.8075,1.4553,1
LJ500_R062_C084,62,84,703250,9532250,3500,500,2023,3,2023-03,51,81.66,166.21,224.98,14.85,19.0,9.0,28.0,1,0.8134,1.4648,1
LJ500_R062_C085,62,85,703750,9532250,4000,500,2023,3,2023-03,51,81.66,166.21,224.98,14.85,19.0,9.0,28.0,1,0.7346,1.38,1
LJ500_R062_C086,62,86,704250,9532250,4500,500,2023,3,2023-03,51,81.66,166.21,224.98,14.85,19.0,9.0,28.0,1,0.6844,1.3035,1
LJ500_R063_C077,63,77,699750,9532750,0,1000,2023,3,2023-03,51,79.19,164.59,221.45,14.4,19.57,8.4261,28.0,1,0.1059,0.2901,1
LJ500_R063_C078,63,78,700250,9532750,500,1000,2023,3,2023-03,51,81.66,166.21,224.98,14.85,19.0,9.0,28.0,1,0.1027,0.2903,1
LJ500_R063_C079,63,79,700750,9532750,1000,1000,2023,3,2023-03,51,81.66,166.21,224.98,14.85,19.0,9.0,28.0,1,0.1286,0.3722,1
LJ500_R063_C080,63,80,701250,9532750,1500,1000,2023,3,2023-03,51,81.66,166.21,224.98,14.85,19.0,9.0,28.0,1,0.1453,0.4252,1
LJ500_R063_C081,63,81,701750,9532750,2000,1000,2023,3,2023-03,51,81.66,166.21,224.98,14.85,19.0,9.0,28.0,1,0.4681,0.9397,1
LJ500_R063_C082,63,82,702250,9532750,2500,1000,2023,3,2023-03,51,81.66,166.21,224.98,14.85,19.0,9.0,28.0,1,0.5716,1.1047,1
LJ500_R063_C083,63,83,702750,9532750,3000,1000,2023,3,2023-03,51,81.66,166.21,224.98,14.85,19.0,9.0,28.0,1,0.7919,1.3579,1
LJ500_R063_C084,63,84,703250,9532750,3500,1000,2023,3,2023-03,51,81.66,166.21,224.98,14.85,19.0,9.0,28.0,1,0.8073,1.3744,1
LJ500_R063_C085,63,85,703750,9532750,4000,1000,2023,3,2023-03,51,81.66,166.21,224.98,14.85,19.0,9.0,28.0,1,0.6753,1.2074,1
LJ500_R063_C086,63,86,704250,9532750,4500,1000,2023,3,2023-03,51,81.66,166.21,224.98,14.85,19.0,9.0,28.0,1,0.639,1.1643,1
LJ500_R064_C077,64,77,699750,9533250,0,1500,2023,3,2023-03,51,79.18,164.58,221.43,14.4,19.58,8.4238,28.0,1,0.1071,0.2864,1
LJ500_R064_C078,64,78,700250,9533250,500,1500,2023,3,2023-03,51,81.66,166.21,224.98,14.85,19.0,9.0,28.0,1,0.0993,0.27,1
LJ500_R064_C079,64,79,700750,9533250,1000,1500,2023,3,2023-03,51,81.66,166.21,224.98,14.85,19.0,9.0,28.0,1,0.1194,0.3486,1
LJ500_R064_C080,64,80,701250,9533250,1500,1500,2023,3,2023-03,51,81.66,166.21,224.98,14.85,19.0,9.0,28.0,1,0.1325,0.4,1
LJ500_R064_C081,64,81,701750,9533250,2000,1500,2023,3,2023-03,51,81.66,166.21,224.98,14.85,19.0,9.0,28.0,1,0.3654,0.7769,1
LJ500_R064_C082,64,82,702250,9533250,2500,1500,2023,3,2023-03,51,81.66,166.21,224.98,14.85,19.0,9.0,28.0,1,0.4414,0.9,1
LJ500_R064_C083,64,83,702750,9533250,3000,1500,2023,3,2023-03,51,81.66,166.21,224.98,14.85,19.0,9.0,28.0,1,0.7759,1.2613,1
LJ500_R064_C084,64,84,703250,9533250,3500,1500,2023,3,2023-03,51,81.66,166.21,224.98,14.85,19.0,9.0,28.0,1,0.8016,1.2863,1
LJ500_R064_C085,64,85,703750,9533250,4000,1500,2023,3,2023-03,51,81.66,166.21,224.98,14.85,19.0,9.0,28.0,1,0.6179,1.04,1
LJ500_R064_C086,64,86,704250,9533250,4500,1500,2023,3,2023-03,51,81.66,166.21,224.98,14.85,19.0,9.0,28.0,1,0.5952,1.0299,1
LJ500_R065_C077,65,77,699750,9533750,0,2000,2023,3,2023-03,51,79.17,164.58,221.42,14.4,19.58,8.4215,28.0,1,0.1032,0.2687,1
LJ500_R065_C078,65,78,700250,9533750,500,2000,2023,3,2023-03,51,81.66,166.21,224.98,14.85,19.0,9.0,28.0,1,0.1023,0.27,1
LJ500_R065_C079,65,79,700750,9533750,1000,2000,2023,3,2023-03,51,81.66,166.21,224.98,14.85,19.0,9.0,28.0,1,0.1076,0.3052,1
LJ500_R065_C080,65,80,701250,9533750,1500,2000,2023,3,2023-03,51,81.66,166.21,224.98,14.85,19.0,9.0,28.0,1,0.1111,0.3282,1
LJ500_R065_C081,65,81,701750,9533750,2000,2000,2023,3,2023-03,51,81.66,166.21,224.98,14.85,19.0,9.0,28.0,1,0.2545,0.5904,1
LJ500_R065_C082,65,82,702250,9533750,2500,2000,2023,3,2023-03,51,81.66,166.21,224.98,14.85,19.0,9.0,28.0,1,0.3015,0.6765,1
LJ500_R065_C083,65,83,702750,9533750,3000,2000,2023,3,2023-03,51,81.66,166.21,224.98,14.85,19.0,9.0,28.0,1,0.5958,1.0954,1
LJ500_R065_C084,65,84,703250,9533750,3500,2000,2023,3,2023-03,51,81.66,166.21,224.98,14.85,19.0,9.0,28.0,1,0.6304,1.1462,1
LJ500_R065_C085,65,85,703750,9533750,4000,2000,2023,3,2023-03,51,81.66,166.21,224.98,14.85,19.0,9.0,28.0,1,0.6857,1.246,1
LJ500_R065_C086,65,86,704250,9533750,4500,2000,2023,3,2023-03,51,81.66,166.21,224.98,14.85,19.0,9.0,28.0,1,0.6632,1.1995,1
LJ500_R066_C077,66,77,699750,9534250,0,2500,2023,3,2023-03,51,79.16,164.57,221.4,14.39,19.58,8.4192,28.0,1,0.101,0.259,1
LJ500_R066_C078,66,78,700250,9534250,500,2500,2023,3,2023-03,51,81.66,166.21,224.98,14.85,19.0,9.0,28.0,1,0.1039,0.27,1
LJ500_R066_C079,66,79,700750,9534250,1000,2500,2023,3,2023-03,51,81.66,166.21,224.98,14.85,19.0,9.0,28.0,1,0.1014,0.282,1
LJ500_R066_C080,66,80,701250,9534250,1500,2500,2023,3,2023-03,51,81.66,166.21,224.98,14.85,19.0,9.0,28.0,1,0.0996,0.29,1
LJ500_R066_C081,66,81,701750,9534250,2000,2500,2023,3,2023-03,51,81.66,166.21,224.98,14.85,19.0,9.0,28.0,1,0.1962,0.4922,1
LJ500_R066_C082,66,82,702250,9534250,2500,2500,2023,3,2023-03,51,81.66,166.21,224.98,14.85,19.0,9.0,28.0,1,0.2286,0.56,1
LJ500_R066_C083,66,83,702750,9534250,3000,2500,2023,3,2023-03,51,81.66,166.21,224.98,14.85,19.0,9.0,28.0,1,0.5026,1.0093,1
LJ500_R066_C084,66,84,703250,9534250,3500,2500,2023,3,2023-03,51,81.66,166.21,224.98,14.85,19.0,9.0,28.0,1,0.5425,1.0739,1
LJ500_R066_C085,66,85,703750,9534250,4000,2500,2023,3,2023-03,51,81.66,166.21,224.98,14.85,19.0,9.0,28.0,1,0.72,1.35,1
LJ500_R066_C086,66,86,704250,9534250,4500,2500,2023,3,2023-03,51,81.66,166.21,224.98,14.85,19.0,9.0,28.0,1,0.6973,1.2849,1
LJ500_R067_C077,67,77,699750,9534750,0,3000,2023,3,2023-03,51,79.15,164.56,221.39,14.39,19.58,8.4169,28.0,1,0.1016,0.2792,1
LJ500_R067_C078,67,78,700250,9534750,500,3000,2023,3,2023-03,51,81.66,166.21,224.98,14.85,19.0,9.0,28.0,1,0.0982,0.2459,1
LJ500_R067_C079,67,79,700750,9534750,1000,3000,2023,3,2023-03,51,81.66,166.21,224.98,14.85,19.0,9.0,28.0,1,0.0965,0.2577,1
LJ500_R067_C080,67,80,701250,9534750,1500,3000,2023,3,2023-03,51,81.66,166.21,224.98,14.85,19.0,9.0,28.0,1,0.0953,0.2657,1
LJ500_R067_C081,67,81,701750,9534750,2000,3000,2023,3,2023-03,51,81.66,166.21,224.98,14.85,19.0,9.0,28.0,1,0.1268,0.3581,1
LJ500_R067_C082,67,82,702250,9534750,2500,3000,2023,3,2023-03,51,81.66,166.21,224.98,14.85,19.0,9.0,28.0,1,0.1373,0.389,1
LJ500_R067_C083,67,83,702750,9534750,3000,3000,2023,3,2023-03,51,81.66,166.21,224.98,14.85,19.0,9.0,28.0,1,0.2219,0.5366,1
LJ500_R067_C084,67,84,703250,9534750,3500,3000,2023,3,2023-03,51,81.66,166.21,224.98,14.85,19.0,9.0,28.0,1,0.2427,0.5726,1
LJ500_R067_C085,67,85,703750,9534750,4000,3000,2023,3,2023-03,51,81.66,166.21,224.98,14.85,19.0,9.0,28.0,1,0.4906,0.9968,1
LJ500_R067_C086,67,86,704250,9534750,4500,3000,2023,3,2023-03,51,81.66,166.21,224.98,14.85,19.0,9.0,28.0,1,0.5363,1.0584,1
LJ500_R068_C077,68,77,699750,9535250,0,3500,2023,3,2023-03,51,79.14,164.56,221.37,14.39,19.59,8.4146,28.0,1,0.1017,0.2844,1
LJ500_R068_C078,68,78,700250,9535250,500,3500,2023,3,2023-03,51,81.66,166.21,224.98,14.85,19.0,9.0,28.0,1,0.0968,0.24,1
LJ500_R068_C079,68,79,700750,9535250,1000,3500,2023,3,2023-03,51,81.66,166.21,224.98,14.85,19.0,9.0,28.0,1,0.0953,0.2519,1
LJ500_R068_C080,68,80,701250,9535250,1500,3500,2023,3,2023-03,51,81.66,166.21,224.98,14.85,19.0,9.0,28.0,1,0.0943,0.26,1
LJ500_R068_C081,68,81,701750,9535250,2000,3500,2023,3,2023-03,51,81.66,166.21,224.98,14.85,19.0,9.0,28.0,1,0.1108,0.327,1
LJ500_R068_C082,68,82,702250,9535250,2500,3500,2023,3,2023-03,51,81.66,166.21,224.98,14.85,19.0,9.0,28.0,1,0.1164,0.35,1
LJ500_R068_C083,68,83,702750,9535250,3000,3500,2023,3,2023-03,51,81.66,166.21,224.98,14.85,19.0,9.0,28.0,1,0.1589,0.4304,1
LJ500_R068_C084,68,84,703250,9535250,3500,3500,2023,3,2023-03,51,81.66,166.21,224.98,14.85,19.0,9.0,28.0,1,0.1759,0.4608,1
LJ500_R068_C085,68,85,703750,9535250,4000,3500,2023,3,2023-03,51,81.66,166.21,224.98,14.85,19.0,9.0,28.0,1,0.4407,0.92,1
LJ500_R068_C086,68,86,704250,9535250,4500,3500,2023,3,2023-03,51,81.66,166.21,224.98,14.85,19.0,9.0,28.0,1,0.5011,1.0086,1
LJ500_R069_C077,69,77,699750,9535750,0,4000,2023,3,2023-03,51,74.1,146.37,200.54,14.68,19.97,8.0292,28.0,1,0.0917,0.2429,1
LJ500_R069_C078,69,78,700250,9535750,500,4000,2023,3,2023-03,51,78.07,149.74,206.05,15.62,19.93,8.069,28.0,1,0.0909,0.2304,1
LJ500_R069_C079,69,79,700750,9535750,1000,4000,2023,3,2023-03,51,78.06,149.7,206.01,15.62,19.93,8.0667,28.0,1,0.095,0.2651,1
LJ500_R069_C080,69,80,701250,9535750,1500,4000,2023,3,2023-03,51,78.05,149.66,205.96,15.62,19.94,8.0644,28.0,1,0.0977,0.289,1
LJ500_R069_C081,69,81,701750,9535750,2000,4000,2023,3,2023-03,51,78.04,149.62,205.91,15.63,19.94,8.0621,28.0,1,0.2256,0.5284,1
LJ500_R069_C082,69,82,702250,9535750,2500,4000,2023,3,2023-03,51,78.03,149.58,205.86,15.63,19.94,8.0597,28.0,1,0.2704,0.6122,1
LJ500_R069_C083,69,83,702750,9535750,3000,4000,2023,3,2023-03,51,78.02,149.54,205.82,15.63,19.94,8.0574,28.0,1,0.2335,0.5542,1
LJ500_R069_C084,69,84,703250,9535750,3500,4000,2023,3,2023-03,51,78.01,149.5,205.77,15.63,19.94,8.0551,28.0,1,0.2265,0.543,1
LJ500_R069_C085,69,85,703750,9535750,4000,4000,2023,3,2023-03,51,78.0,149.45,205.72,15.63,19.95,8.0527,28.0,1,0.1662,0.4407,1
LJ500_R069_C086,69,86,704250,9535750,4500,4000,2023,3,2023-03,51,77.99,149.41,205.67,15.64,19.95,8.0504,28.0,1,0.1714,0.4487,1
LJ500_R070_C077,70,77,699750,9536250,0,4500,2023,3,2023-03,51,73.69,144.96,198.91,14.7,20.0,8.0,28.0,1,0.0915,0.2436,1
LJ500_R070_C078,70,78,700250,9536250,500,4500,2023,3,2023-03,51,77.8,148.52,204.65,15.68,20.0,8.0,28.0,1,0.0901,0.2312,1
LJ500_R070_C079,70,79,700750,9536250,1000,4500,2023,3,2023-03,51,77.8,148.52,204.65,15.68,20.0,8.0,28.0,1,0.0964,0.2702,1
LJ500_R070_C080,70,80,701250,9536250,1500,4500,2023,3,2023-03,51,77.8,148.52,204.65,15.68,20.0,8.0,28.0,1,0.1008,0.2974,1
LJ500_R070_C081,70,81,701750,9536250,2000,4500,2023,3,2023-03,51,77.8,148.52,204.65,15.68,20.0,8.0,28.0,1,0.2164,0.5128,1
LJ500_R070_C082,70,82,702250,9536250,2500,4500,2023,3,2023-03,51,77.8,148.52,204.65,15.68,20.0,8.0,28.0,1,0.2568,0.588,1
LJ500_R070_C083,70,83,702750,9536250,3000,4500,2023,3,2023-03,51,77.8,148.52,204.65,15.68,20.0,8.0,28.0,1,0.2188,0.5252,1
LJ500_R070_C084,70,84,703250,9536250,3500,4500,2023,3,2023-03,51,77.8,148.52,204.65,15.68,20.0,8.0,28.0,1,0.2117,0.5133,1
LJ500_R070_C085,70,85,703750,9536250,4000,4500,2023,3,2023-03,51,77.8,148.52,204.65,15.68,20.0,8.0,28.0,1,0.1592,0.426,1
LJ500_R070_C086,70,86,704250,9536250,4500,4500,2023,3,2023-03,51,77.8,148.52,204.65,15.68,20.0,8.0,28.0,1,0.1731,0.4499,1
LJ500_R061_C077,61,77,699750,9531750,0,0,2023,4,2023-04,52,358.75,437.96,523.35,77.58,17.43,13.57,31.0,1,0.183,0.3628,1
LJ500_R061_C078,61,78,700250,9531750,500,0,2023,4,2023-04,52,343.18,424.84,509.39,75.57,18.0,13.0,31.0,1,0.1807,0.37,1
LJ500_R061_C079,61,79,700750,9531750,1000,0,2023,4,2023-04,52,343.18,424.84,509.39,75.57,18.0,13.0,31.0,1,0.1784,0.372,1
LJ500_R061_C080,61,80,701250,9531750,1500,0,2023,4,2023-04,52,343.18,424.84,509.39,75.57,18.0,13.0,31.0,1,0.1769,0.3734,1
LJ500_R061_C081,61,81,701750,9531750,2000,0,2023,4,2023-04,52,343.18,424.84,509.39,75.57,18.0,13.0,31.0,1,0.2547,0.5445,1
LJ500_R061_C082,61,82,702250,9531750,2500,0,2023,4,2023-04,52,343.18,424.84,509.39,75.57,18.0,13.0,31.0,1,0.2797,0.5998,1
LJ500_R061_C083,61,83,702750,9531750,3000,0,2023,4,2023-04,52,343.18,424.84,509.39,75.57,18.0,13.0,31.0,1,0.3308,0.736,1
LJ500_R061_C084,61,84,703250,9531750,3500,0,2023,4,2023-04,52,343.18,424.84,509.39,75.57,18.0,13.0,31.0,1,0.333,0.7414,1
LJ500_R061_C085,61,85,703750,9531750,4000,0,2023,4,2023-04,52,343.18,424.84,509.39,75.57,18.0,13.0,31.0,1,0.2798,0.5927,1
LJ500_R061_C086,61,86,704250,9531750,4500,0,2023,4,2023-04,52,343.18,424.84,509.39,75.57,18.0,13.0,31.0,1,0.269,0.5636,1
LJ500_R062_C077,62,77,699750,9532250,0,500,2023,4,2023-04,52,358.82,438.02,523.41,77.58,17.43,13.57,31.0,1,0.1782,0.35,1
LJ500_R062_C078,62,78,700250,9532250,500,500,2023,4,2023-04,52,343.18,424.84,509.39,75.57,18.0,13.0,31.0,1,0.1739,0.35,1
LJ500_R062_C079,62,79,700750,9532250,1000,500,2023,4,2023-04,52,343.18,424.84,509.39,75.57,18.0,13.0,31.0,1,0.1725,0.3683,1
LJ500_R062_C080,62,80,701250,9532250,1500,500,2023,4,2023-04,52,343.18,424.84,509.39,75.57,18.0,13.0,31.0,1,0.1716,0.38,1
LJ500_R062_C081,62,81,701750,9532250,2000,500,2023,4,2023-04,52,343.18,424.84,509.39,75.57,18.0,13.0,31.0,1,0.3629,0.8502,1
LJ500_R062_C082,62,82,702250,9532250,2500,500,2023,4,2023-04,52,343.18,424.84,509.39,75.57,18.0,13.0,31.0,1,0.4239,1.0,1
LJ500_R062_C083,62,83,702750,9532250,3000,500,2023,4,2023-04,52,343.18,424.84,509.39,75.57,18.0,13.0,31.0,1,0.4971,1.1997,1
LJ500_R062_C084,62,84,703250,9532250,3500,500,2023,4,2023-04,52,343.18,424.84,509.39,75.57,18.0,13.0,31.0,1,0.5014,1.2108,1
LJ500_R062_C085,62,85,703750,9532250,4000,500,2023,4,2023-04,52,343.18,424.84,509.39,75.57,18.0,13.0,31.0,1,0.4494,1.06,1
LJ500_R062_C086,62,86,704250,9532250,4500,500,2023,4,2023-04,52,343.18,424.84,509.39,75.57,18.0,13.0,31.0,1,0.421,0.9814,1
LJ500_R063_C077,63,77,699750,9532750,0,1000,2023,4,2023-04,52,358.88,438.07,523.47,77.59,17.43,13.57,31.0,1,0.1801,0.3513,1
LJ500_R063_C078,63,78,700250,9532750,500,1000,2023,4,2023-04,52,343.18,424.84,509.39,75.57,18.0,13.0,31.0,1,0.1696,0.3353,1
LJ500_R063_C079,63,79,700750,9532750,1000,1000,2023,4,2023-04,52,343.18,424.84,509.39,75.57,18.0,13.0,31.0,1,0.1678,0.3624,1
LJ500_R063_C080,63,80,701250,9532750,1500,1000,2023,4,2023-04,52,343.18,424.84,509.39,75.57,18.0,13.0,31.0,1,0.1667,0.38,1
LJ500_R063_C081,63,81,701750,9532750,2000,1000,2023,4,2023-04,52,343.18,424.84,509.39,75.57,18.0,13.0,31.0,1,0.3086,0.7019,1
LJ500_R063_C082,63,82,702250,9532750,2500,1000,2023,4,2023-04,52,343.18,424.84,509.39,75.57,18.0,13.0,31.0,1,0.3541,0.8047,1
LJ500_R063_C083,63,83,702750,9532750,3000,1000,2023,4,2023-04,52,343.18,424.84,509.39,75.57,18.0,13.0,31.0,1,0.5114,1.258,1
LJ500_R063_C084,63,84,703250,9532750,3500,1000,2023,4,2023-04,52,343.18,424.84,509.39,75.57,18.0,13.0,31.0,1,0.526,1.3012,1
LJ500_R063_C085,63,85,703750,9532750,4000,1000,2023,4,2023-04,52,343.18,424.84,509.39,75.57,18.0,13.0,31.0,1,0.4913,1.2225,1
LJ500_R063_C086,63,86,704250,9532750,4500,1000,2023,4,2023-04,52,343.18,424.84,509.39,75.57,18.0,13.0,31.0,1,0.4754,1.182,1
LJ500_R064_C077,64,77,699750,9533250,0,1500,2023,4,2023-04,52,358.94,438.12,523.52,77.6,17.42,13.58,31.0,1,0.182,0.3527,1
LJ500_R064_C078,64,78,700250,9533250,500,1500,2023,4,2023-04,52,343.18,424.84,509.39,75.57,18.0,13.0,31.0,1,0.1652,0.32,1
LJ500_R064_C079,64,79,700750,9533250,1000,1500,2023,4,2023-04,52,343.18,424.84,509.39,75.57,18.0,13.0,31.0,1,0.163,0.3563,1
LJ500_R064_C080,64,80,701250,9533250,1500,1500,2023,4,2023-04,52,343.18,424.84,509.39,75.57,18.0,13.0,31.0,1,0.1616,0.38,1
LJ500_R064_C081,64,81,701750,9533250,2000,1500,2023,4,2023-04,52,343.18,424.84,509.39,75.57,18.0,13.0,31.0,1,0.2542,0.5534,1
LJ500_R064_C082,64,82,702250,9533250,2500,1500,2023,4,2023-04,52,343.18,424.84,509.39,75.57,18.0,13.0,31.0,1,0.2845,0.61,1
LJ500_R064_C083,64,83,702750,9533250,3000,1500,2023,4,2023-04,52,343.18,424.84,509.39,75.57,18.0,13.0,31.0,1,0.5252,1.3145,1
LJ500_R064_C084,64,84,703250,9533250,3500,1500,2023,4,2023-04,52,343.18,424.84,509.39,75.57,18.0,13.0,31.0,1,0.55,1.3895,1
LJ500_R064_C085,64,85,703750,9533250,4000,1500,2023,4,2023-04,52,343.18,424.84,509.39,75.57,18.0,13.0,31.0,1,0.5319,1.38,1
LJ500_R064_C086,64,86,704250,9533250,4500,1500,2023,4,2023-04,52,343.18,424.84,509.39,75.57,18.0,13.0,31.0,1,0.5275,1.3739,1
LJ500_R065_C077,65,77,699750,9533750,0,2000,2023,4,2023-04,52,359.0,438.18,523.58,77.61,17.42,13.58,31.0,1,0.1763,0.341,1
LJ500_R065_C078,65,78,700250,9533750,500,2000,2023,4,2023-04,52,343.18,424.84,509.39,75.57,18.0,13.0,31.0,1,0.1733,0.333,1
LJ500_R065_C079,65,79,700750,9533750,1000,2000,2023,4,2023-04,52,343.18,424.84,509.39,75.57,18.0,13.0,31.0,1,0.1616,0.3417,1
LJ500_R065_C080,65,80,701250,9533750,1500,2000,2023,4,2023-04,52,343.18,424.84,509.39,75.57,18.0,13.0,31.0,1,0.1538,0.3474,1
LJ500_R065_C081,65,81,701750,9533750,2000,2000,2023,4,2023-04,52,343.18,424.84,509.39,75.57,18.0,13.0,31.0,1,0.2022,0.4118,1
LJ500_R065_C082,65,82,702250,9533750,2500,2000,2023,4,2023-04,52,343.18,424.84,509.39,75.57,18.0,13.0,31.0,1,0.2179,0.4325,1
LJ500_R065_C083,65,83,702750,9533750,3000,2000,2023,4,2023-04,52,343.18,424.84,509.39,75.57,18.0,13.0,31.0,1,0.3839,0.8968,1
LJ500_R065_C084,65,84,703250,9533750,3500,2000,2023,4,2023-04,52,343.18,424.84,509.39,75.57,18.0,13.0,31.0,1,0.4047,0.9558,1
LJ500_R065_C085,65,85,703750,9533750,4000,2000,2023,4,2023-04,52,343.18,424.84,509.39,75.57,18.0,13.0,31.0,1,0.4625,1.1341,1
LJ500_R065_C086,65,86,704250,9533750,4500,2000,2023,4,2023-04,52,343.18,424.84,509.39,75.57,18.0,13.0,31.0,1,0.4714,1.1765,1
LJ500_R066_C077,66,77,699750,9534250,0,2500,2023,4,2023-04,52,359.07,438.23,523.64,77.62,17.42,13.58,31.0,1,0.1731,0.3345,1
LJ500_R066_C078,66,78,700250,9534250,500,2500,2023,4,2023-04,52,343.18,424.84,509.39,75.57,18.0,13.0,31.0,1,0.1777,0.34,1
LJ500_R066_C079,66,79,700750,9534250,1000,2500,2023,4,2023-04,52,343.18,424.84,509.39,75.57,18.0,13.0,31.0,1,0.1609,0.334,1
LJ500_R066_C080,66,80,701250,9534250,1500,2500,2023,4,2023-04,52,343.18,424.84,509.39,75.57,18.0,13.0,31.0,1,0.1497,0.33,1
LJ500_R066_C081,66,81,701750,9534250,2000,2500,2023,4,2023-04,52,343.18,424.84,509.39,75.57,18.0,13.0,31.0,1,0.1748,0.3375,1
LJ500_R066_C082,66,82,702250,9534250,2500,2500,2023,4,2023-04,52,343.18,424.84,509.39,75.57,18.0,13.0,31.0,1,0.1832,0.34,1
LJ500_R066_C083,66,83,702750,9534250,3000,2500,2023,4,2023-04,52,343.18,424.84,509.39,75.57,18.0,13.0,31.0,1,0.311,0.6814,1
LJ500_R066_C084,66,84,703250,9534250,3500,2500,2023,4,2023-04,52,343.18,424.84,509.39,75.57,18.0,13.0,31.0,1,0.3304,0.7339,1
LJ500_R066_C085,66,85,703750,9534250,4000,2500,2023,4,2023-04,52,343.18,424.84,509.39,75.57,18.0,13.0,31.0,1,0.4274,1.01,1
LJ500_R066_C086,66,86,704250,9534250,4500,2500,2023,4,2023-04,52,343.18,424.84,509.39,75.57,18.0,13.0,31.0,1,0.4431,1.0771,1
LJ500_R067_C077,67,77,699750,9534750,0,3000,2023,4,2023-04,52,359.13,438.28,523.69,77.62,17.42,13.58,31.0,1,0.1587,0.3494,1
LJ500_R067_C078,67,78,700250,9534750,500,3000,2023,4,2023-04,52,343.18,424.84,509.39,75.57,18.0,13.0,31.0,1,0.1653,0.3239,1
LJ500_R067_C079,67,79,700750,9534750,1000,3000,2023,4,2023-04,52,343.18,424.84,509.39,75.57,18.0,13.0,31.0,1,0.1517,0.3227,1
LJ500_R067_C080,67,80,701250,9534750,1500,3000,2023,4,2023-04,52,343.18,424.84,509.39,75.57,18.0,13.0,31.0,1,0.1426,0.3219,1
LJ500_R067_C081,67,81,701750,9534750,2000,3000,2023,4,2023-04,52,343.18,424.84,509.39,75.57,18.0,13.0,31.0,1,0.1465,0.3354,1
LJ500_R067_C082,67,82,702250,9534750,2500,3000,2023,4,2023-04,52,343.18,424.84,509.39,75.57,18.0,13.0,31.0,1,0.1478,0.34,1
LJ500_R067_C083,67,83,702750,9534750,3000,3000,2023,4,2023-04,52,343.18,424.84,509.39,75.57,18.0,13.0,31.0,1,0.1767,0.3878,1
LJ500_R067_C084,67,84,703250,9534750,3500,3000,2023,4,2023-04,52,343.18,424.84,509.39,75.57,18.0,13.0,31.0,1,0.1853,0.4045,1
LJ500_R067_C085,67,85,703750,9534750,4000,3000,2023,4,2023-04,52,343.18,424.84,509.39,75.57,18.0,13.0,31.0,1,0.3024,0.6568,1
LJ500_R067_C086,67,86,704250,9534750,4500,3000,2023,4,2023-04,52,343.18,424.84,509.39,75.57,18.0,13.0,31.0,1,0.3326,0.7495,1
LJ500_R068_C077,68,77,699750,9535250,0,3500,2023,4,2023-04,52,359.19,438.34,523.75,77.63,17.41,13.59,31.0,1,0.1551,0.3533,1
LJ500_R068_C078,68,78,700250,9535250,500,3500,2023,4,2023-04,52,343.18,424.84,509.39,75.57,18.0,13.0,31.0,1,0.1623,0.32,1
LJ500_R068_C079,68,79,700750,9535250,1000,3500,2023,4,2023-04,52,343.18,424.84,509.39,75.57,18.0,13.0,31.0,1,0.1496,0.32,1
LJ500_R068_C080,68,80,701250,9535250,1500,3500,2023,4,2023-04,52,343.18,424.84,509.39,75.57,18.0,13.0,31.0,1,0.141,0.32,1
LJ500_R068_C081,68,81,701750,9535250,2000,3500,2023,4,2023-04,52,343.18,424.84,509.39,75.57,18.0,13.0,31.0,1,0.14,0.3349,1
LJ500_R068_C082,68,82,702250,9535250,2500,3500,2023,4,2023-04,52,343.18,424.84,509.39,75.57,18.0,13.0,31.0,1,0.1397,0.34,1
LJ500_R068_C083,68,83,702750,9535250,3000,3500,2023,4,2023-04,52,343.18,424.84,509.39,75.57,18.0,13.0,31.0,1,0.1466,0.3221,1
LJ500_R068_C084,68,84,703250,9535250,3500,3500,2023,4,2023-04,52,343.18,424.84,509.39,75.57,18.0,13.0,31.0,1,0.1529,0.3313,1
LJ500_R068_C085,68,85,703750,9535250,4000,3500,2023,4,2023-04,52,343.18,424.84,509.39,75.57,18.0,13.0,31.0,1,0.2752,0.58,1
LJ500_R068_C086,68,86,704250,9535250,4500,3500,2023,4,2023-04,52,343.18,424.84,509.39,75.57,18.0,13.0,31.0,1,0.3085,0.6783,1
LJ500_R069_C077,69,77,699750,9535750,0,4000,2023,4,2023-04,52,319.95,394.05,466.32,73.69,17.03,13.97,31.0,1,0.1441,0.3246,1
LJ500_R069_C078,69,78,700250,9535750,500,4000,2023,4,2023-04,52,321.08,399.15,470.82,66.68,17.07,13.93,31.0,1,0.1483,0.2911,1
LJ500_R069_C079,69,79,700750,9535750,1000,4000,2023,4,2023-04,52,321.03,399.08,470.73,66.65,17.07,13.93,31.0,1,0.1388,0.3197,1
LJ500_R069_C080,69,80,701250,9535750,1500,4000,2023,4,2023-04,52,320.97,399.02,470.63,66.63,17.06,13.94,31.0,1,0.1322,0.3393,1
LJ500_R069_C081,69,81,701750,9535750,2000,4000,2023,4,2023-04,52,320.92,398.95,470.54,66.61,17.06,13.94,31.0,1,0.1783,0.3686,1
LJ500_R069_C082,69,82,702250,9535750,2500,4000,2023,4,2023-04,52,320.86,398.89,470.44,66.59,17.06,13.94,31.0,1,0.1945,0.3788,1
LJ500_R069_C083,69,83,702750,9535750,3000,4000,2023,4,2023-04,52,320.8,398.83,470.34,66.57,17.06,13.94,31.0,1,0.1775,0.3264,1
LJ500_R069_C084,69,84,703250,9535750,3500,4000,2023,4,2023-04,52,320.75,398.76,470.25,66.54,17.06,13.94,31.0,1,0.174,0.3191,1
LJ500_R069_C085,69,85,703750,9535750,4000,4000,2023,4,2023-04,52,320.69,398.7,470.15,66.52,17.05,13.95,31.0,1,0.1414,0.2964,1
LJ500_R069_C086,69,86,704250,9535750,4500,4000,2023,4,2023-04,52,320.64,398.63,470.05,66.5,17.05,13.95,31.0,1,0.1443,0.2975,1
LJ500_R070_C077,70,77,699750,9536250,0,4500,2023,4,2023-04,52,316.92,390.61,461.88,73.42,17.0,14.0,31.0,1,0.1422,0.3248,1
LJ500_R070_C078,70,78,700250,9536250,500,4500,2023,4,2023-04,52,319.44,397.24,467.96,66.02,17.0,14.0,31.0,1,0.1462,0.29,1
LJ500_R070_C079,70,79,700750,9536250,1000,4500,2023,4,2023-04,52,319.44,397.24,467.96,66.02,17.0,14.0,31.0,1,0.1372,0.3209,1
LJ500_R070_C080,70,80,701250,9536250,1500,4500,2023,4,2023-04,52,319.44,397.24,467.96,66.02,17.0,14.0,31.0,1,0.131,0.3425,1
LJ500_R070_C081,70,81,701750,9536250,2000,4500,2023,4,2023-04,52,319.44,397.24,467.96,66.02,17.0,14.0,31.0,1,0.1725,0.3665,1
LJ500_R070_C082,70,82,702250,9536250,2500,4500,2023,4,2023-04,52,319.44,397.24,467.96,66.02,17.0,14.0,31.0,1,0.187,0.3749,1
LJ500_R070_C083,70,83,702750,9536250,3000,4500,2023,4,2023-04,52,319.44,397.24,467.96,66.02,17.0,14.0,31.0,1,0.1705,0.3249,1
LJ500_R070_C084,70,84,703250,9536250,3500,4500,2023,4,2023-04,52,319.44,397.24,467.96,66.02,17.0,14.0,31.0,1,0.1671,0.3176,1
LJ500_R070_C085,70,85,703750,9536250,4000,4500,2023,4,2023-04,52,319.44,397.24,467.96,66.02,17.0,14.0,31.0,1,0.1373,0.29,1
LJ500_R070_C086,70,86,704250,9536250,4500,4500,2023,4,2023-04,52,319.44,397.24,467.96,66.02,17.0,14.0,31.0,1,0.1441,0.3001,1
LJ500_R061_C077,61,77,699750,9531750,0,0,2023,5,2023-05,53,297.25,656.0,735.21,54.9,16.86,13.14,30.0,1,0.1871,0.3872,1
LJ500_R061_C078,61,78,700250,9531750,500,0,2023,5,2023-05,53,282.89,626.08,707.73,63.15,18.0,12.0,30.0,1,0.1922,0.4033,1
LJ500_R061_C079,61,79,700750,9531750,1000,0,2023,5,2023-05,53,282.89,626.08,707.73,63.15,18.0,12.0,30.0,1,0.1976,0.4237,1
LJ500_R061_C080,61,80,701250,9531750,1500,0,2023,5,2023-05,53,282.89,626.08,707.73,63.15,18.0,12.0,30.0,1,0.201,0.4368,1
LJ500_R061_C081,61,81,701750,9531750,2000,0,2023,5,2023-05,53,282.89,626.08,707.73,63.15,18.0,12.0,30.0,1,0.2771,0.5962,1
LJ500_R061_C082,61,82,702250,9531750,2500,0,2023,5,2023-05,53,282.89,626.08,707.73,63.15,18.0,12.0,30.0,1,0.3014,0.6472,1
LJ500_R061_C083,61,83,702750,9531750,3000,0,2023,5,2023-05,53,282.89,626.08,707.73,63.15,18.0,12.0,30.0,1,0.3429,0.7332,1
LJ500_R061_C084,61,84,703250,9531750,3500,0,2023,5,2023-05,53,282.89,626.08,707.73,63.15,18.0,12.0,30.0,1,0.3446,0.7367,1
LJ500_R061_C085,61,85,703750,9531750,4000,0,2023,5,2023-05,53,282.89,626.08,707.73,63.15,18.0,12.0,30.0,1,0.3003,0.6474,1
LJ500_R061_C086,61,86,704250,9531750,4500,0,2023,5,2023-05,53,282.89,626.08,707.73,63.15,18.0,12.0,30.0,1,0.2898,0.6331,1
LJ500_R062_C077,62,77,699750,9532250,0,500,2023,5,2023-05,53,297.31,656.12,735.33,54.87,16.86,13.14,30.0,1,0.1743,0.3646,1
LJ500_R062_C078,62,78,700250,9532250,500,500,2023,5,2023-05,53,282.89,626.08,707.73,63.15,18.0,12.0,30.0,1,0.1793,0.37,1
LJ500_R062_C079,62,79,700750,9532250,1000,500,2023,5,2023-05,53,282.89,626.08,707.73,63.15,18.0,12.0,30.0,1,0.195,0.4187,1
LJ500_R062_C080,62,80,701250,9532250,1500,500,2023,5,2023-05,53,282.89,626.08,707.73,63.15,18.0,12.0,30.0,1,0.205,0.45,1
LJ500_R062_C081,62,81,701750,9532250,2000,500,2023,5,2023-05,53,282.89,626.08,707.73,63.15,18.0,12.0,30.0,1,0.3655,0.7837,1
LJ500_R062_C082,62,82,702250,9532250,2500,500,2023,5,2023-05,53,282.89,626.08,707.73,63.15,18.0,12.0,30.0,1,0.4167,0.89,1
LJ500_R062_C083,62,83,702750,9532250,3000,500,2023,5,2023-05,53,282.89,626.08,707.73,63.15,18.0,12.0,30.0,1,0.4978,0.9808,1
LJ500_R062_C084,62,84,703250,9532250,3500,500,2023,5,2023-05,53,282.89,626.08,707.73,63.15,18.0,12.0,30.0,1,0.5023,0.986,1
LJ500_R062_C085,62,85,703750,9532250,4000,500,2023,5,2023-05,53,282.89,626.08,707.73,63.15,18.0,12.0,30.0,1,0.4413,0.92,1
LJ500_R062_C086,62,86,704250,9532250,4500,500,2023,5,2023-05,53,282.89,626.08,707.73,63.15,18.0,12.0,30.0,1,0.414,0.8848,1
LJ500_R063_C077,63,77,699750,9532750,0,1000,2023,5,2023-05,53,297.37,656.25,735.44,54.83,16.85,13.15,30.0,1,0.1685,0.3526,1
LJ500_R063_C078,63,78,700250,9532750,500,1000,2023,5,2023-05,53,282.89,626.08,707.73,63.15,18.0,12.0,30.0,1,0.1693,0.3553,1
LJ500_R063_C079,63,79,700750,9532750,1000,1000,2023,5,2023-05,53,282.89,626.08,707.73,63.15,18.0,12.0,30.0,1,0.1853,0.4067,1
LJ500_R063_C080,63,80,701250,9532750,1500,1000,2023,5,2023-05,53,282.89,626.08,707.73,63.15,18.0,12.0,30.0,1,0.1956,0.4401,1
LJ500_R063_C081,63,81,701750,9532750,2000,1000,2023,5,2023-05,53,282.89,626.08,707.73,63.15,18.0,12.0,30.0,1,0.3144,0.7087,1
LJ500_R063_C082,63,82,702250,9532750,2500,1000,2023,5,2023-05,53,282.89,626.08,707.73,63.15,18.0,12.0,30.0,1,0.3524,0.7949,1
LJ500_R063_C083,63,83,702750,9532750,3000,1000,2023,5,2023-05,53,282.89,626.08,707.73,63.15,18.0,12.0,30.0,1,0.5423,1.058,1
LJ500_R063_C084,63,84,703250,9532750,3500,1000,2023,5,2023-05,53,282.89,626.08,707.73,63.15,18.0,12.0,30.0,1,0.5621,1.0924,1
LJ500_R063_C085,63,85,703750,9532750,4000,1000,2023,5,2023-05,53,282.89,626.08,707.73,63.15,18.0,12.0,30.0,1,0.5579,1.2043,1
LJ500_R063_C086,63,86,704250,9532750,4500,1000,2023,5,2023-05,53,282.89,626.08,707.73,63.15,18.0,12.0,30.0,1,0.545,1.1969,1
LJ500_R064_C077,64,77,699750,9533250,0,1500,2023,5,2023-05,53,297.43,656.37,735.55,54.8,16.85,13.15,30.0,1,0.1625,0.34,1
LJ500_R064_C078,64,78,700250,9533250,500,1500,2023,5,2023-05,53,282.89,626.08,707.73,63.15,18.0,12.0,30.0,1,0.159,0.34,1
LJ500_R064_C079,64,79,700750,9533250,1000,1500,2023,5,2023-05,53,282.89,626.08,707.73,63.15,18.0,12.0,30.0,1,0.1753,0.3944,1
LJ500_R064_C080,64,80,701250,9533250,1500,1500,2023,5,2023-05,53,282.89,626.08,707.73,63.15,18.0,12.0,30.0,1,0.186,0.43,1
LJ500_R064_C081,64,81,701750,9533250,2000,1500,2023,5,2023-05,53,282.89,626.08,707.73,63.15,18.0,12.0,30.0,1,0.2631,0.6335,1
LJ500_R064_C082,64,82,702250,9533250,2500,1500,2023,5,2023-05,53,282.89,626.08,707.73,63.15,18.0,12.0,30.0,1,0.2883,0.7,1
LJ500_R064_C083,64,83,702750,9533250,3000,1500,2023,5,2023-05,53,282.89,626.08,707.73,63.15,18.0,12.0,30.0,1,0.5858,1.1335,1
LJ500_R064_C084,64,84,703250,9533250,3500,1500,2023,5,2023-05,53,282.89,626.08,707.73,63.15,18.0,12.0,30.0,1,0.6205,1.1958,1
LJ500_R064_C085,64,85,703750,9533250,4000,1500,2023,5,2023-05,53,282.89,626.08,707.73,63.15,18.0,12.0,30.0,1,0.671,1.48,1
LJ500_R064_C086,64,86,704250,9533250,4500,1500,2023,5,2023-05,53,282.89,626.08,707.73,63.15,18.0,12.0,30.0,1,0.6707,1.4962,1
LJ500_R065_C077,65,77,699750,9533750,0,2000,2023,5,2023-05,53,297.48,656.49,735.66,54.77,16.84,13.16,30.0,1,0.1543,0.3271,1
LJ500_R065_C078,65,78,700250,9533750,500,2000,2023,5,2023-05,53,282.89,626.08,707.73,63.15,18.0,12.0,30.0,1,0.154,0.327,1
LJ500_R065_C079,65,79,700750,9533750,1000,2000,2023,5,2023-05,53,282.89,626.08,707.73,63.15,18.0,12.0,30.0,1,0.1611,0.3616,1
LJ500_R065_C080,65,80,701250,9533750,1500,2000,2023,5,2023-05,53,282.89,626.08,707.73,63.15,18.0,12.0,30.0,1,0.1658,0.3843,1
LJ500_R065_C081,65,81,701750,9533750,2000,2000,2023,5,2023-05,53,282.89,626.08,707.73,63.15,18.0,12.0,30.0,1,0.2188,0.5132,1
LJ500_R065_C082,65,82,702250,9533750,2500,2000,2023,5,2023-05,53,282.89,626.08,707.73,63.15,18.0,12.0,30.0,1,0.2362,0.5554,1
LJ500_R065_C083,65,83,702750,9533750,3000,2000,2023,5,2023-05,53,282.89,626.08,707.73,63.15,18.0,12.0,30.0,1,0.4023,0.8803,1
LJ500_R065_C084,65,84,703250,9533750,3500,2000,2023,5,2023-05,53,282.89,626.08,707.73,63.15,18.0,12.0,30.0,1,0.4243,0.9249,1
LJ500_R065_C085,65,85,703750,9533750,4000,2000,2023,5,2023-05,53,282.89,626.08,707.73,63.15,18.0,12.0,30.0,1,0.5064,1.1079,1
LJ500_R065_C086,65,86,704250,9533750,4500,2000,2023,5,2023-05,53,282.89,626.08,707.73,63.15,18.0,12.0,30.0,1,0.5349,1.1665,1
LJ500_R066_C077,66,77,699750,9534250,0,2500,2023,5,2023-05,53,297.54,656.61,735.77,54.73,16.84,13.16,30.0,1,0.1499,0.32,1
LJ500_R066_C078,66,78,700250,9534250,500,2500,2023,5,2023-05,53,282.89,626.08,707.73,63.15,18.0,12.0,30.0,1,0.1513,0.32,1
LJ500_R066_C079,66,79,700750,9534250,1000,2500,2023,5,2023-05,53,282.89,626.08,707.73,63.15,18.0,12.0,30.0,1,0.1535,0.344,1
LJ500_R066_C080,66,80,701250,9534250,1500,2500,2023,5,2023-05,53,282.89,626.08,707.73,63.15,18.0,12.0,30.0,1,0.155,0.36,1
LJ500_R066_C081,66,81,701750,9534250,2000,2500,2023,5,2023-05,53,282.89,626.08,707.73,63.15,18.0,12.0,30.0,1,0.1954,0.4499,1
LJ500_R066_C082,66,82,702250,9534250,2500,2500,2023,5,2023-05,53,282.89,626.08,707.73,63.15,18.0,12.0,30.0,1,0.209,0.48,1
LJ500_R066_C083,66,83,702750,9534250,3000,2500,2023,5,2023-05,53,282.89,626.08,707.73,63.15,18.0,12.0,30.0,1,0.3078,0.7496,1
LJ500_R066_C084,66,84,703250,9534250,3500,2500,2023,5,2023-05,53,282.89,626.08,707.73,63.15,18.0,12.0,30.0,1,0.324,0.7867,1
LJ500_R066_C085,66,85,703750,9534250,4000,2500,2023,5,2023-05,53,282.89,626.08,707.73,63.15,18.0,12.0,30.0,1,0.4233,0.92,1
LJ500_R066_C086,66,86,704250,9534250,4500,2500,2023,5,2023-05,53,282.89,626.08,707.73,63.15,18.0,12.0,30.0,1,0.4666,1.0009,1
LJ500_R067_C077,67,77,699750,9534750,0,3000,2023,5,2023-05,53,297.6,656.73,735.88,54.7,16.83,13.17,30.0,1,0.1475,0.3394,1
LJ500_R067_C078,67,78,700250,9534750,500,3000,2023,5,2023-05,53,282.89,626.08,707.73,63.15,18.0,12.0,30.0,1,0.1409,0.3039,1
LJ500_R067_C079,67,79,700750,9534750,1000,3000,2023,5,2023-05,53,282.89,626.08,707.73,63.15,18.0,12.0,30.0,1,0.1419,0.3229,1
LJ500_R067_C080,67,80,701250,9534750,1500,3000,2023,5,2023-05,53,282.89,626.08,707.73,63.15,18.0,12.0,30.0,1,0.1426,0.3357,1
LJ500_R067_C081,67,81,701750,9534750,2000,3000,2023,5,2023-05,53,282.89,626.08,707.73,63.15,18.0,12.0,30.0,1,0.1619,0.3949,1
LJ500_R067_C082,67,82,702250,9534750,2500,3000,2023,5,2023-05,53,282.89,626.08,707.73,63.15,18.0,12.0,30.0,1,0.1683,0.4149,1
LJ500_R067_C083,67,83,702750,9534750,3000,3000,2023,5,2023-05,53,282.89,626.08,707.73,63.15,18.0,12.0,30.0,1,0.1999,0.486,1
LJ500_R067_C084,67,84,703250,9534750,3500,3000,2023,5,2023-05,53,282.89,626.08,707.73,63.15,18.0,12.0,30.0,1,0.2079,0.5046,1
LJ500_R067_C085,67,85,703750,9534750,4000,3000,2023,5,2023-05,53,282.89,626.08,707.73,63.15,18.0,12.0,30.0,1,0.304,0.7393,1
LJ500_R067_C086,67,86,704250,9534750,4500,3000,2023,5,2023-05,53,282.89,626.08,707.73,63.15,18.0,12.0,30.0,1,0.3411,0.7931,1
LJ500_R068_C077,68,77,699750,9535250,0,3500,2023,5,2023-05,53,297.66,656.85,736.0,54.67,16.83,13.17,30.0,1,0.147,0.3444,1
LJ500_R068_C078,68,78,700250,9535250,500,3500,2023,5,2023-05,53,282.89,626.08,707.73,63.15,18.0,12.0,30.0,1,0.1383,0.3,1
LJ500_R068_C079,68,79,700750,9535250,1000,3500,2023,5,2023-05,53,282.89,626.08,707.73,63.15,18.0,12.0,30.0,1,0.1391,0.3178,1
LJ500_R068_C080,68,80,701250,9535250,1500,3500,2023,5,2023-05,53,282.89,626.08,707.73,63.15,18.0,12.0,30.0,1,0.1397,0.33,1
LJ500_R068_C081,68,81,701750,9535250,2000,3500,2023,5,2023-05,53,282.89,626.08,707.73,63.15,18.0,12.0,30.0,1,0.1541,0.3821,1
LJ500_R068_C082,68,82,702250,9535250,2500,3500,2023,5,2023-05,53,282.89,626.08,707.73,63.15,18.0,12.0,30.0,1,0.159,0.4,1
LJ500_R068_C083,68,83,702750,9535250,3000,3500,2023,5,2023-05,53,282.89,626.08,707.73,63.15,18.0,12.0,30.0,1,0.1757,0.4268,1
LJ500_R068_C084,68,84,703250,9535250,3500,3500,2023,5,2023-05,53,282.89,626.08,707.73,63.15,18.0,12.0,30.0,1,0.182,0.4417,1
LJ500_R068_C085,68,85,703750,9535250,4000,3500,2023,5,2023-05,53,282.89,626.08,707.73,63.15,18.0,12.0,30.0,1,0.278,0.7,1
LJ500_R068_C086,68,86,704250,9535250,4500,3500,2023,5,2023-05,53,282.89,626.08,707.73,63.15,18.0,12.0,30.0,1,0.314,0.7482,1
LJ500_R069_C077,69,77,699750,9535750,0,4000,2023,5,2023-05,53,317.94,637.89,711.99,59.51,16.44,13.56,30.0,1,0.1308,0.3093,1
LJ500_R069_C078,69,78,700250,9535750,500,4000,2023,5,2023-05,53,309.57,630.65,708.71,64.89,17.07,12.93,30.0,1,0.1265,0.2808,1
LJ500_R069_C079,69,79,700750,9535750,1000,4000,2023,5,2023-05,53,309.63,630.66,708.71,64.89,17.07,12.93,30.0,1,0.1337,0.3271,1
LJ500_R069_C080,69,80,701250,9535750,1500,4000,2023,5,2023-05,53,309.7,630.67,708.72,64.9,17.06,12.94,30.0,1,0.1387,0.359,1
LJ500_R069_C081,69,81,701750,9535750,2000,4000,2023,5,2023-05,53,309.77,630.68,708.72,64.9,17.06,12.94,30.0,1,0.1921,0.4757,1
LJ500_R069_C082,69,82,702250,9535750,2500,4000,2023,5,2023-05,53,309.83,630.69,708.72,64.91,17.06,12.94,30.0,1,0.2108,0.5165,1
LJ500_R069_C083,69,83,702750,9535750,3000,4000,2023,5,2023-05,53,309.9,630.7,708.72,64.91,17.06,12.94,30.0,1,0.1966,0.4915,1
LJ500_R069_C084,69,84,703250,9535750,3500,4000,2023,5,2023-05,53,309.97,630.72,708.73,64.91,17.06,12.94,30.0,1,0.1938,0.486,1
LJ500_R069_C085,69,85,703750,9535750,4000,4000,2023,5,2023-05,53,310.03,630.73,708.73,64.92,17.05,12.95,30.0,1,0.1678,0.4261,1
LJ500_R069_C086,69,86,704250,9535750,4500,4000,2023,5,2023-05,53,310.1,630.74,708.73,64.92,17.05,12.95,30.0,1,0.1697,0.4282,1
LJ500_R070_C077,70,77,699750,9536250,0,4500,2023,5,2023-05,53,319.52,636.44,710.13,59.86,16.41,13.59,30.0,1,0.1293,0.3099,1
LJ500_R070_C078,70,78,700250,9536250,500,4500,2023,5,2023-05,53,311.54,630.99,708.78,65.02,17.0,13.0,30.0,1,0.1246,0.28,1
LJ500_R070_C079,70,79,700750,9536250,1000,4500,2023,5,2023-05,53,311.54,630.99,708.78,65.02,17.0,13.0,30.0,1,0.1334,0.3294,1
LJ500_R070_C080,70,80,701250,9536250,1500,4500,2023,5,2023-05,53,311.54,630.99,708.78,65.02,17.0,13.0,30.0,1,0.1395,0.3637,1
LJ500_R070_C081,70,81,701750,9536250,2000,4500,2023,5,2023-05,53,311.54,630.99,708.78,65.02,17.0,13.0,30.0,1,0.1878,0.4682,1
LJ500_R070_C082,70,82,702250,9536250,2500,4500,2023,5,2023-05,53,311.54,630.99,708.78,65.02,17.0,13.0,30.0,1,0.2046,0.5047,1
LJ500_R070_C083,70,83,702750,9536250,3000,4500,2023,5,2023-05,53,311.54,630.99,708.78,65.02,17.0,13.0,30.0,1,0.189,0.4777,1
LJ500_R070_C084,70,84,703250,9536250,3500,4500,2023,5,2023-05,53,311.54,630.99,708.78,65.02,17.0,13.0,30.0,1,0.1861,0.4719,1
LJ500_R070_C085,70,85,703750,9536250,4000,4500,2023,5,2023-05,53,311.54,630.99,708.78,65.02,17.0,13.0,30.0,1,0.1638,0.4173,1
LJ500_R070_C086,70,86,704250,9536250,4500,4500,2023,5,2023-05,53,311.54,630.99,708.78,65.02,17.0,13.0,30.0,1,0.1691,0.429,1
LJ500_R061_C077,61,77,699750,9531750,0,0,2023,6,2023-06,54,20.54,317.79,676.55,13.98,29.0,2.0,31.0,1,0.3083,0.5242,1
LJ500_R061_C078,61,78,700250,9531750,500,0,2023,6,2023-06,54,22.68,305.57,648.75,15.14,29.0,2.0,31.0,1,0.3246,0.5366,1
LJ500_R061_C079,61,79,700750,9531750,1000,0,2023,6,2023-06,54,22.68,305.57,648.75,15.14,29.0,2.0,31.0,1,0.3374,0.5407,1
LJ500_R061_C080,61,80,701250,9531750,1500,0,2023,6,2023-06,54,22.68,305.57,648.75,15.14,29.0,2.0,31.0,1,0.3457,0.5434,1
LJ500_R061_C081,61,81,701750,9531750,2000,0,2023,6,2023-06,54,22.68,305.57,648.75,15.14,29.0,2.0,31.0,1,0.4524,0.7878,1
LJ500_R061_C082,61,82,702250,9531750,2500,0,2023,6,2023-06,54,22.68,305.57,648.75,15.14,29.0,2.0,31.0,1,0.4867,0.866,1
LJ500_R061_C083,61,83,702750,9531750,3000,0,2023,6,2023-06,54,22.68,305.57,648.75,15.14,29.0,2.0,31.0,1,0.5464,0.9829,1
LJ500_R061_C084,61,84,703250,9531750,3500,0,2023,6,2023-06,54,22.68,305.57,648.75,15.14,29.0,2.0,31.0,1,0.549,0.9879,1
LJ500_R061_C085,61,85,703750,9531750,4000,0,2023,6,2023-06,54,22.68,305.57,648.75,15.14,29.0,2.0,31.0,1,0.4848,0.8681,1
LJ500_R061_C086,61,86,704250,9531750,4500,0,2023,6,2023-06,54,22.68,305.57,648.75,15.14,29.0,2.0,31.0,1,0.4696,0.8448,1
LJ500_R062_C077,62,77,699750,9532250,0,500,2023,6,2023-06,54,20.53,317.84,676.66,13.97,29.0,2.0,31.0,1,0.2838,0.4938,1
LJ500_R062_C078,62,78,700250,9532250,500,500,2023,6,2023-06,54,22.68,305.57,648.75,15.14,29.0,2.0,31.0,1,0.2997,0.51,1
LJ500_R062_C079,62,79,700750,9532250,1000,500,2023,6,2023-06,54,22.68,305.57,648.75,15.14,29.0,2.0,31.0,1,0.3333,0.5344,1
LJ500_R062_C080,62,80,701250,9532250,1500,500,2023,6,2023-06,54,22.68,305.57,648.75,15.14,29.0,2.0,31.0,1,0.3548,0.55,1
LJ500_R062_C081,62,81,701750,9532250,2000,500,2023,6,2023-06,54,22.68,305.57,648.75,15.14,29.0,2.0,31.0,1,0.6036,1.0733,1
LJ500_R062_C082,62,82,702250,9532250,2500,500,2023,6,2023-06,54,22.68,305.57,648.75,15.14,29.0,2.0,31.0,1,0.6829,1.24,1
LJ500_R062_C083,62,83,702750,9532250,3000,500,2023,6,2023-06,54,22.68,305.57,648.75,15.14,29.0,2.0,31.0,1,0.7772,1.3671,1
LJ500_R062_C084,62,84,703250,9532250,3500,500,2023,6,2023-06,54,22.68,305.57,648.75,15.14,29.0,2.0,31.0,1,0.782,1.3748,1
LJ500_R062_C085,62,85,703750,9532250,4000,500,2023,6,2023-06,54,22.68,305.57,648.75,15.14,29.0,2.0,31.0,1,0.7035,1.29,1
LJ500_R062_C086,62,86,704250,9532250,4500,500,2023,6,2023-06,54,22.68,305.57,648.75,15.14,29.0,2.0,31.0,1,0.6626,1.2279,1
LJ500_R063_C077,63,77,699750,9532750,0,1000,2023,6,2023-06,54,20.53,317.89,676.77,13.97,29.0,2.0,31.0,1,0.2702,0.4852,1
LJ500_R063_C078,63,78,700250,9532750,500,1000,2023,6,2023-06,54,22.68,305.57,648.75,15.14,29.0,2.0,31.0,1,0.2822,0.4854,1
LJ500_R063_C079,63,79,700750,9532750,1000,1000,2023,6,2023-06,54,22.68,305.57,648.75,15.14,29.0,2.0,31.0,1,0.3193,0.5156,1
LJ500_R063_C080,63,80,701250,9532750,1500,1000,2023,6,2023-06,54,22.68,305.57,648.75,15.14,29.0,2.0,31.0,1,0.3433,0.5351,1
LJ500_R063_C081,63,81,701750,9532750,2000,1000,2023,6,2023-06,54,22.68,305.57,648.75,15.14,29.0,2.0,31.0,1,0.5219,0.94,1
LJ500_R063_C082,63,82,702250,9532750,2500,1000,2023,6,2023-06,54,22.68,305.57,648.75,15.14,29.0,2.0,31.0,1,0.5791,1.0698,1
LJ500_R063_C083,63,83,702750,9532750,3000,1000,2023,6,2023-06,54,22.68,305.57,648.75,15.14,29.0,2.0,31.0,1,0.7776,1.478,1
LJ500_R063_C084,63,84,703250,9532750,3500,1000,2023,6,2023-06,54,22.68,305.57,648.75,15.14,29.0,2.0,31.0,1,0.7932,1.5243,1
LJ500_R063_C085,63,85,703750,9532750,4000,1000,2023,6,2023-06,54,22.68,305.57,648.75,15.14,29.0,2.0,31.0,1,0.7014,1.5743,1
LJ500_R063_C086,63,86,704250,9532750,4500,1000,2023,6,2023-06,54,22.68,305.57,648.75,15.14,29.0,2.0,31.0,1,0.6748,1.5497,1
LJ500_R064_C077,64,77,699750,9533250,0,1500,2023,6,2023-06,54,20.52,317.94,676.88,13.96,29.0,2.0,31.0,1,0.2559,0.4764,1
LJ500_R064_C078,64,78,700250,9533250,500,1500,2023,6,2023-06,54,22.68,305.57,648.75,15.14,29.0,2.0,31.0,1,0.2642,0.46,1
LJ500_R064_C079,64,79,700750,9533250,1000,1500,2023,6,2023-06,54,22.68,305.57,648.75,15.14,29.0,2.0,31.0,1,0.3049,0.4963,1
LJ500_R064_C080,64,80,701250,9533250,1500,1500,2023,6,2023-06,54,22.68,305.57,648.75,15.14,29.0,2.0,31.0,1,0.3316,0.52,1
LJ500_R064_C081,64,81,701750,9533250,2000,1500,2023,6,2023-06,54,22.68,305.57,648.75,15.14,29.0,2.0,31.0,1,0.4401,0.8064,1
LJ500_R064_C082,64,82,702250,9533250,2500,1500,2023,6,2023-06,54,22.68,305.57,648.75,15.14,29.0,2.0,31.0,1,0.4755,0.9,1
LJ500_R064_C083,64,83,702750,9533250,3000,1500,2023,6,2023-06,54,22.68,305.57,648.75,15.14,29.0,2.0,31.0,1,0.7776,1.5864,1
LJ500_R064_C084,64,84,703250,9533250,3500,1500,2023,6,2023-06,54,22.68,305.57,648.75,15.14,29.0,2.0,31.0,1,0.8042,1.67,1
LJ500_R064_C085,64,85,703750,9533250,4000,1500,2023,6,2023-06,54,22.68,305.57,648.75,15.14,29.0,2.0,31.0,1,0.6994,1.85,1
LJ500_R064_C086,64,86,704250,9533250,4500,1500,2023,6,2023-06,54,22.68,305.57,648.75,15.14,29.0,2.0,31.0,1,0.6862,1.8581,1
LJ500_R065_C077,65,77,699750,9533750,0,2000,2023,6,2023-06,54,20.51,317.99,677.0,13.96,29.0,2.0,31.0,1,0.2431,0.4494,1
LJ500_R065_C078,65,78,700250,9533750,500,2000,2023,6,2023-06,54,22.68,305.57,648.75,15.14,29.0,2.0,31.0,1,0.2443,0.447,1
LJ500_R065_C079,65,79,700750,9533750,1000,2000,2023,6,2023-06,54,22.68,305.57,648.75,15.14,29.0,2.0,31.0,1,0.2739,0.4714,1
LJ500_R065_C080,65,80,701250,9533750,1500,2000,2023,6,2023-06,54,22.68,305.57,648.75,15.14,29.0,2.0,31.0,1,0.2933,0.4874,1
LJ500_R065_C081,65,81,701750,9533750,2000,2000,2023,6,2023-06,54,22.68,305.57,648.75,15.14,29.0,2.0,31.0,1,0.3654,0.6596,1
LJ500_R065_C082,65,82,702250,9533750,2500,2000,2023,6,2023-06,54,22.68,305.57,648.75,15.14,29.0,2.0,31.0,1,0.389,0.7159,1
LJ500_R065_C083,65,83,702750,9533750,3000,2000,2023,6,2023-06,54,22.68,305.57,648.75,15.14,29.0,2.0,31.0,1,0.5999,1.186,1
LJ500_R065_C084,65,84,703250,9533750,3500,2000,2023,6,2023-06,54,22.68,305.57,648.75,15.14,29.0,2.0,31.0,1,0.6254,1.2474,1
LJ500_R065_C085,65,85,703750,9533750,4000,2000,2023,6,2023-06,54,22.68,305.57,648.75,15.14,29.0,2.0,31.0,1,0.682,1.4579,1
LJ500_R065_C086,65,86,704250,9533750,4500,2000,2023,6,2023-06,54,22.68,305.57,648.75,15.14,29.0,2.0,31.0,1,0.6776,1.5298,1
LJ500_R066_C077,66,77,699750,9534250,0,2500,2023,6,2023-06,54,20.5,318.04,677.11,13.95,29.0,2.0,31.0,1,0.236,0.4345,1
LJ500_R066_C078,66,78,700250,9534250,500,2500,2023,6,2023-06,54,22.68,305.57,648.75,15.14,29.0,2.0,31.0,1,0.2335,0.44,1
LJ500_R066_C079,66,79,700750,9534250,1000,2500,2023,6,2023-06,54,22.68,305.57,648.75,15.14,29.0,2.0,31.0,1,0.2571,0.458,1
LJ500_R066_C080,66,80,701250,9534250,1500,2500,2023,6,2023-06,54,22.68,305.57,648.75,15.14,29.0,2.0,31.0,1,0.2729,0.47,1
LJ500_R066_C081,66,81,701750,9534250,2000,2500,2023,6,2023-06,54,22.68,305.57,648.75,15.14,29.0,2.0,31.0,1,0.3261,0.5824,1
LJ500_R066_C082,66,82,702250,9534250,2500,2500,2023,6,2023-06,54,22.68,305.57,648.75,15.14,29.0,2.0,31.0,1,0.3439,0.62,1
LJ500_R066_C083,66,83,702750,9534250,3000,2500,2023,6,2023-06,54,22.68,305.57,648.75,15.14,29.0,2.0,31.0,1,0.5082,0.9794,1
LJ500_R066_C084,66,84,703250,9534250,3500,2500,2023,6,2023-06,54,22.68,305.57,648.75,15.14,29.0,2.0,31.0,1,0.5338,1.0315,1
LJ500_R066_C085,66,85,703750,9534250,4000,2500,2023,6,2023-06,54,22.68,305.57,648.75,15.14,29.0,2.0,31.0,1,0.6732,1.26,1
LJ500_R066_C086,66,86,704250,9534250,4500,2500,2023,6,2023-06,54,22.68,305.57,648.75,15.14,29.0,2.0,31.0,1,0.6732,1.3646,1
LJ500_R067_C077,67,77,699750,9534750,0,3000,2023,6,2023-06,54,20.49,318.09,677.22,13.95,29.0,2.0,31.0,1,0.2512,0.4503,1
LJ500_R067_C078,67,78,700250,9534750,500,3000,2023,6,2023-06,54,22.68,305.57,648.75,15.14,29.0,2.0,31.0,1,0.2229,0.4159,1
LJ500_R067_C079,67,79,700750,9534750,1000,3000,2023,6,2023-06,54,22.68,305.57,648.75,15.14,29.0,2.0,31.0,1,0.2405,0.4337,1
LJ500_R067_C080,67,80,701250,9534750,1500,3000,2023,6,2023-06,54,22.68,305.57,648.75,15.14,29.0,2.0,31.0,1,0.2523,0.4457,1
LJ500_R067_C081,67,81,701750,9534750,2000,3000,2023,6,2023-06,54,22.68,305.57,648.75,15.14,29.0,2.0,31.0,1,0.2888,0.491,1
LJ500_R067_C082,67,82,702250,9534750,2500,3000,2023,6,2023-06,54,22.68,305.57,648.75,15.14,29.0,2.0,31.0,1,0.3011,0.506,1
LJ500_R067_C083,67,83,702750,9534750,3000,3000,2023,6,2023-06,54,22.68,305.57,648.75,15.14,29.0,2.0,31.0,1,0.3442,0.608,1
LJ500_R067_C084,67,84,703250,9534750,3500,3000,2023,6,2023-06,54,22.68,305.57,648.75,15.14,29.0,2.0,31.0,1,0.3551,0.6345,1
LJ500_R067_C085,67,85,703750,9534750,4000,3000,2023,6,2023-06,54,22.68,305.57,648.75,15.14,29.0,2.0,31.0,1,0.4878,0.9643,1
LJ500_R067_C086,67,86,704250,9534750,4500,3000,2023,6,2023-06,54,22.68,305.57,648.75,15.14,29.0,2.0,31.0,1,0.5271,1.0428,1
LJ500_R068_C077,68,77,699750,9535250,0,3500,2023,6,2023-06,54,20.48,318.14,677.34,13.94,29.0,2.0,31.0,1,0.255,0.4544,1
LJ500_R068_C078,68,78,700250,9535250,500,3500,2023,6,2023-06,54,22.68,305.57,648.75,15.14,29.0,2.0,31.0,1,0.2203,0.41,1
LJ500_R068_C079,68,79,700750,9535250,1000,3500,2023,6,2023-06,54,22.68,305.57,648.75,15.14,29.0,2.0,31.0,1,0.2364,0.4278,1
LJ500_R068_C080,68,80,701250,9535250,1500,3500,2023,6,2023-06,54,22.68,305.57,648.75,15.14,29.0,2.0,31.0,1,0.2474,0.44,1
LJ500_R068_C081,68,81,701750,9535250,2000,3500,2023,6,2023-06,54,22.68,305.57,648.75,15.14,29.0,2.0,31.0,1,0.2801,0.4698,1
LJ500_R068_C082,68,82,702250,9535250,2500,3500,2023,6,2023-06,54,22.68,305.57,648.75,15.14,29.0,2.0,31.0,1,0.2913,0.48,1
LJ500_R068_C083,68,83,702750,9535250,3000,3500,2023,6,2023-06,54,22.68,305.57,648.75,15.14,29.0,2.0,31.0,1,0.3074,0.5247,1
LJ500_R068_C084,68,84,703250,9535250,3500,3500,2023,6,2023-06,54,22.68,305.57,648.75,15.14,29.0,2.0,31.0,1,0.3153,0.546,1
LJ500_R068_C085,68,85,703750,9535250,4000,3500,2023,6,2023-06,54,22.68,305.57,648.75,15.14,29.0,2.0,31.0,1,0.4474,0.9,1
LJ500_R068_C086,68,86,704250,9535250,4500,3500,2023,6,2023-06,54,22.68,305.57,648.75,15.14,29.0,2.0,31.0,1,0.4952,0.9732,1
LJ500_R069_C077,69,77,699750,9535750,0,4000,2023,6,2023-06,54,17.31,335.25,655.2,11.7,29.0,2.0,31.0,1,0.2262,0.4193,1
LJ500_R069_C078,69,78,700250,9535750,500,4000,2023,6,2023-06,54,21.6,331.17,652.25,14.76,29.0,2.0,31.0,1,0.2085,0.3908,1
LJ500_R069_C079,69,79,700750,9535750,1000,4000,2023,6,2023-06,54,21.6,331.23,652.26,14.75,29.0,2.0,31.0,1,0.2386,0.4256,1
LJ500_R069_C080,69,80,701250,9535750,1500,4000,2023,6,2023-06,54,21.6,331.3,652.27,14.75,29.0,2.0,31.0,1,0.2593,0.4497,1
LJ500_R069_C081,69,81,701750,9535750,2000,4000,2023,6,2023-06,54,21.59,331.36,652.28,14.75,29.0,2.0,31.0,1,0.3188,0.6088,1
LJ500_R069_C082,69,82,702250,9535750,2500,4000,2023,6,2023-06,54,21.59,331.42,652.28,14.75,29.0,2.0,31.0,1,0.3395,0.6645,1
LJ500_R069_C083,69,83,702750,9535750,3000,4000,2023,6,2023-06,54,21.59,331.49,652.29,14.75,29.0,2.0,31.0,1,0.3213,0.6227,1
LJ500_R069_C084,69,84,703250,9535750,3500,4000,2023,6,2023-06,54,21.59,331.55,652.3,14.75,29.0,2.0,31.0,1,0.3182,0.6142,1
LJ500_R069_C085,69,85,703750,9535750,4000,4000,2023,6,2023-06,54,21.58,331.62,652.31,14.75,29.0,2.0,31.0,1,0.2966,0.5283,1
LJ500_R069_C086,69,86,704250,9535750,4500,4000,2023,6,2023-06,54,21.58,331.68,652.32,14.75,29.0,2.0,31.0,1,0.2979,0.5363,1
LJ500_R070_C077,70,77,699750,9536250,0,4500,2023,6,2023-06,54,17.05,336.57,653.49,11.51,29.0,2.0,31.0,1,0.2251,0.4181,1
LJ500_R070_C078,70,78,700250,9536250,500,4500,2023,6,2023-06,54,21.52,333.07,652.51,14.73,29.0,2.0,31.0,1,0.2067,0.3888,1
LJ500_R070_C079,70,79,700750,9536250,1000,4500,2023,6,2023-06,54,21.52,333.07,652.51,14.73,29.0,2.0,31.0,1,0.2389,0.4256,1
LJ500_R070_C080,70,80,701250,9536250,1500,4500,2023,6,2023-06,54,21.52,333.07,652.51,14.73,29.0,2.0,31.0,1,0.2612,0.4512,1
LJ500_R070_C081,70,81,701750,9536250,2000,4500,2023,6,2023-06,54,21.52,333.07,652.51,14.73,29.0,2.0,31.0,1,0.3142,0.5945,1
LJ500_R070_C082,70,82,702250,9536250,2500,4500,2023,6,2023-06,54,21.52,333.07,652.51,14.73,29.0,2.0,31.0,1,0.3327,0.6444,1
LJ500_R070_C083,70,83,702750,9536250,3000,4500,2023,6,2023-06,54,21.52,333.07,652.51,14.73,29.0,2.0,31.0,1,0.3128,0.5995,1
LJ500_R070_C084,70,84,703250,9536250,3500,4500,2023,6,2023-06,54,21.52,333.07,652.51,14.73,29.0,2.0,31.0,1,0.3094,0.5905,1
LJ500_R070_C085,70,85,703750,9536250,4000,4500,2023,6,2023-06,54,21.52,333.07,652.51,14.73,29.0,2.0,31.0,1,0.2911,0.5173,1
LJ500_R070_C086,70,86,704250,9536250,4500,4500,2023,6,2023-06,54,21.52,333.07,652.51,14.73,29.0,2.0,31.0,1,0.2972,0.5369,1
LJ500_R061_C077,61,77,699750,9531750,0,0,2023,7,2023-07,55,11.85,32.39,329.65,5.422,27.57,2.4308,30.0,1,0.4479,0.6226,1
LJ500_R061_C078,61,78,700250,9531750,500,0,2023,7,2023-07,55,13.44,36.11,319.01,4.876,27.0,3.0,30.0,1,0.4556,0.6333,1
LJ500_R061_C079,61,79,700750,9531750,1000,0,2023,7,2023-07,55,13.44,36.11,319.01,4.876,27.0,3.0,30.0,1,0.4578,0.6312,1
LJ500_R061_C080,61,80,701250,9531750,1500,0,2023,7,2023-07,55,13.44,36.11,319.01,4.876,27.0,3.0,30.0,1,0.4592,0.63,1
LJ500_R061_C081,61,81,701750,9531750,2000,0,2023,7,2023-07,55,13.44,36.11,319.01,4.876,27.0,3.0,30.0,1,0.5717,0.9345,1
LJ500_R061_C082,61,82,702250,9531750,2500,0,2023,7,2023-07,55,13.44,36.11,319.01,4.876,27.0,3.0,30.0,1,0.6082,1.0323,1
LJ500_R061_C083,61,83,702750,9531750,3000,0,2023,7,2023-07,55,13.44,36.11,319.01,4.876,27.0,3.0,30.0,1,0.7135,1.2289,1
LJ500_R061_C084,61,84,703250,9531750,3500,0,2023,7,2023-07,55,13.44,36.11,319.01,4.876,27.0,3.0,30.0,1,0.7194,1.2396,1
LJ500_R061_C085,61,85,703750,9531750,4000,0,2023,7,2023-07,55,13.44,36.11,319.01,4.876,27.0,3.0,30.0,1,0.6265,1.0645,1
LJ500_R061_C086,61,86,704250,9531750,4500,0,2023,7,2023-07,55,13.44,36.11,319.01,4.876,27.0,3.0,30.0,1,0.601,1.0124,1
LJ500_R062_C077,62,77,699750,9532250,0,500,2023,7,2023-07,55,11.85,32.38,329.69,5.4242,27.57,2.4285,30.0,1,0.4235,0.5892,1
LJ500_R062_C078,62,78,700250,9532250,500,500,2023,7,2023-07,55,13.44,36.11,319.01,4.876,27.0,3.0,30.0,1,0.4297,0.6,1
LJ500_R062_C079,62,79,700750,9532250,1000,500,2023,7,2023-07,55,13.44,36.11,319.01,4.876,27.0,3.0,30.0,1,0.4384,0.6183,1
LJ500_R062_C080,62,80,701250,9532250,1500,500,2023,7,2023-07,55,13.44,36.11,319.01,4.876,27.0,3.0,30.0,1,0.444,0.63,1
LJ500_R062_C081,62,81,701750,9532250,2000,500,2023,7,2023-07,55,13.44,36.11,319.01,4.876,27.0,3.0,30.0,1,0.8096,1.3581,1
LJ500_R062_C082,62,82,702250,9532250,2500,500,2023,7,2023-07,55,13.44,36.11,319.01,4.876,27.0,3.0,30.0,1,0.926,1.59,1
LJ500_R062_C083,62,83,702750,9532250,3000,500,2023,7,2023-07,55,13.44,36.11,319.01,4.876,27.0,3.0,30.0,1,1.1285,1.9622,1
LJ500_R062_C084,62,84,703250,9532250,3500,500,2023,7,2023-07,55,13.44,36.11,319.01,4.876,27.0,3.0,30.0,1,1.1402,1.9839,1
LJ500_R062_C085,62,85,703750,9532250,4000,500,2023,7,2023-07,55,13.44,36.11,319.01,4.876,27.0,3.0,30.0,1,0.9953,1.72,1
LJ500_R062_C086,62,86,704250,9532250,4500,500,2023,7,2023-07,55,13.44,36.11,319.01,4.876,27.0,3.0,30.0,1,0.9214,1.5752,1
LJ500_R063_C077,63,77,699750,9532750,0,1000,2023,7,2023-07,55,11.84,32.36,329.73,5.4264,27.57,2.4261,30.0,1,0.412,0.5806,1
LJ500_R063_C078,63,78,700250,9532750,500,1000,2023,7,2023-07,55,13.44,36.11,319.01,4.876,27.0,3.0,30.0,1,0.4113,0.5754,1
LJ500_R063_C079,63,79,700750,9532750,1000,1000,2023,7,2023-07,55,13.44,36.11,319.01,4.876,27.0,3.0,30.0,1,0.4258,0.5935,1
LJ500_R063_C080,63,80,701250,9532750,1500,1000,2023,7,2023-07,55,13.44,36.11,319.01,4.876,27.0,3.0,30.0,1,0.4352,0.6052,1
LJ500_R063_C081,63,81,701750,9532750,2000,1000,2023,7,2023-07,55,13.44,36.11,319.01,4.876,27.0,3.0,30.0,1,0.6703,1.1124,1
LJ500_R063_C082,63,82,702250,9532750,2500,1000,2023,7,2023-07,55,13.44,36.11,319.01,4.876,27.0,3.0,30.0,1,0.7453,1.2746,1
LJ500_R063_C083,63,83,702750,9532750,3000,1000,2023,7,2023-07,55,13.44,36.11,319.01,4.876,27.0,3.0,30.0,1,1.1751,1.9859,1
LJ500_R063_C084,63,84,703250,9532750,3500,1000,2023,7,2023-07,55,13.44,36.11,319.01,4.876,27.0,3.0,30.0,1,1.2154,2.0516,1
LJ500_R063_C085,63,85,703750,9532750,4000,1000,2023,7,2023-07,55,13.44,36.11,319.01,4.876,27.0,3.0,30.0,1,1.1311,1.8977,1
LJ500_R063_C086,63,86,704250,9532750,4500,1000,2023,7,2023-07,55,13.44,36.11,319.01,4.876,27.0,3.0,30.0,1,1.0919,1.8325,1
LJ500_R064_C077,64,77,699750,9533250,0,1500,2023,7,2023-07,55,11.83,32.35,329.78,5.4286,27.58,2.4238,30.0,1,0.4,0.5718,1
LJ500_R064_C078,64,78,700250,9533250,500,1500,2023,7,2023-07,55,13.44,36.11,319.01,4.876,27.0,3.0,30.0,1,0.3923,0.55,1
LJ500_R064_C079,64,79,700750,9533250,1000,1500,2023,7,2023-07,55,13.44,36.11,319.01,4.876,27.0,3.0,30.0,1,0.4129,0.5681,1
LJ500_R064_C080,64,80,701250,9533250,1500,1500,2023,7,2023-07,55,13.44,36.11,319.01,4.876,27.0,3.0,30.0,1,0.4263,0.58,1
LJ500_R064_C081,64,81,701750,9533250,2000,1500,2023,7,2023-07,55,13.44,36.11,319.01,4.876,27.0,3.0,30.0,1,0.5309,0.8664,1
LJ500_R064_C082,64,82,702250,9533250,2500,1500,2023,7,2023-07,55,13.44,36.11,319.01,4.876,27.0,3.0,30.0,1,0.565,0.96,1
LJ500_R064_C083,64,83,702750,9533250,3000,1500,2023,7,2023-07,55,13.44,36.11,319.01,4.876,27.0,3.0,30.0,1,1.2201,2.0077,1
LJ500_R064_C084,64,84,703250,9533250,3500,1500,2023,7,2023-07,55,13.44,36.11,319.01,4.876,27.0,3.0,30.0,1,1.2889,2.1174,1
LJ500_R064_C085,64,85,703750,9533250,4000,1500,2023,7,2023-07,55,13.44,36.11,319.01,4.876,27.0,3.0,30.0,1,1.2627,2.07,1
LJ500_R064_C086,64,86,704250,9533250,4500,1500,2023,7,2023-07,55,13.44,36.11,319.01,4.876,27.0,3.0,30.0,1,1.2551,2.0781,1
LJ500_R065_C077,65,77,699750,9533750,0,2000,2023,7,2023-07,55,11.83,32.33,329.82,5.4308,27.58,2.4215,30.0,1,0.3815,0.5507,1
LJ500_R065_C078,65,78,700250,9533750,500,2000,2023,7,2023-07,55,13.44,36.11,319.01,4.876,27.0,3.0,30.0,1,0.3811,0.55,1
LJ500_R065_C079,65,79,700750,9533750,1000,2000,2023,7,2023-07,55,13.44,36.11,319.01,4.876,27.0,3.0,30.0,1,0.3898,0.5485,1
LJ500_R065_C080,65,80,701250,9533750,1500,2000,2023,7,2023-07,55,13.44,36.11,319.01,4.876,27.0,3.0,30.0,1,0.3954,0.5474,1
LJ500_R065_C081,65,81,701750,9533750,2000,2000,2023,7,2023-07,55,13.44,36.11,319.01,4.876,27.0,3.0,30.0,1,0.4313,0.7245,1
LJ500_R065_C082,65,82,702250,9533750,2500,2000,2023,7,2023-07,55,13.44,36.11,319.01,4.876,27.0,3.0,30.0,1,0.4427,0.7825,1
LJ500_R065_C083,65,83,702750,9533750,3000,2000,2023,7,2023-07,55,13.44,36.11,319.01,4.876,27.0,3.0,30.0,1,0.8295,1.3634,1
LJ500_R065_C084,65,84,703250,9533750,3500,2000,2023,7,2023-07,55,13.44,36.11,319.01,4.876,27.0,3.0,30.0,1,0.8792,1.4418,1
LJ500_R065_C085,65,85,703750,9533750,4000,2000,2023,7,2023-07,55,13.44,36.11,319.01,4.876,27.0,3.0,30.0,1,1.0432,1.7643,1
LJ500_R065_C086,65,86,704250,9533750,4500,2000,2023,7,2023-07,55,13.44,36.11,319.01,4.876,27.0,3.0,30.0,1,1.076,1.8192,1
LJ500_R066_C077,66,77,699750,9534250,0,2500,2023,7,2023-07,55,11.82,32.32,329.86,5.4331,27.58,2.4192,30.0,1,0.3713,0.539,1
LJ500_R066_C078,66,78,700250,9534250,500,2500,2023,7,2023-07,55,13.44,36.11,319.01,4.876,27.0,3.0,30.0,1,0.375,0.55,1
LJ500_R066_C079,66,79,700750,9534250,1000,2500,2023,7,2023-07,55,13.44,36.11,319.01,4.876,27.0,3.0,30.0,1,0.3774,0.538,1
LJ500_R066_C080,66,80,701250,9534250,1500,2500,2023,7,2023-07,55,13.44,36.11,319.01,4.876,27.0,3.0,30.0,1,0.379,0.53,1
LJ500_R066_C081,66,81,701750,9534250,2000,2500,2023,7,2023-07,55,13.44,36.11,319.01,4.876,27.0,3.0,30.0,1,0.379,0.6499,1
LJ500_R066_C082,66,82,702250,9534250,2500,2500,2023,7,2023-07,55,13.44,36.11,319.01,4.876,27.0,3.0,30.0,1,0.379,0.69,1
LJ500_R066_C083,66,83,702750,9534250,3000,2500,2023,7,2023-07,55,13.44,36.11,319.01,4.876,27.0,3.0,30.0,1,0.6282,1.0314,1
LJ500_R066_C084,66,84,703250,9534250,3500,2500,2023,7,2023-07,55,13.44,36.11,319.01,4.876,27.0,3.0,30.0,1,0.6696,1.0959,1
LJ500_R066_C085,66,85,703750,9534250,4000,2500,2023,7,2023-07,55,13.44,36.11,319.01,4.876,27.0,3.0,30.0,1,0.9323,1.61,1
LJ500_R066_C086,66,86,704250,9534250,4500,2500,2023,7,2023-07,55,13.44,36.11,319.01,4.876,27.0,3.0,30.0,1,0.9858,1.689,1
LJ500_R067_C077,67,77,699750,9534750,0,3000,2023,7,2023-07,55,11.81,32.3,329.9,5.4353,27.58,2.4169,30.0,1,0.3607,0.5201,1
LJ500_R067_C078,67,78,700250,9534750,500,3000,2023,7,2023-07,55,13.44,36.11,319.01,4.876,27.0,3.0,30.0,1,0.3495,0.5178,1
LJ500_R067_C079,67,79,700750,9534750,1000,3000,2023,7,2023-07,55,13.44,36.11,319.01,4.876,27.0,3.0,30.0,1,0.3513,0.5106,1
LJ500_R067_C080,67,80,701250,9534750,1500,3000,2023,7,2023-07,55,13.44,36.11,319.01,4.876,27.0,3.0,30.0,1,0.3526,0.5057,1
LJ500_R067_C081,67,81,701750,9534750,2000,3000,2023,7,2023-07,55,13.44,36.11,319.01,4.876,27.0,3.0,30.0,1,0.366,0.5402,1
LJ500_R067_C082,67,82,702250,9534750,2500,3000,2023,7,2023-07,55,13.44,36.11,319.01,4.876,27.0,3.0,30.0,1,0.3706,0.5516,1
LJ500_R067_C083,67,83,702750,9534750,3000,3000,2023,7,2023-07,55,13.44,36.11,319.01,4.876,27.0,3.0,30.0,1,0.4079,0.6722,1
LJ500_R067_C084,67,84,703250,9534750,3500,3000,2023,7,2023-07,55,13.44,36.11,319.01,4.876,27.0,3.0,30.0,1,0.4202,0.7019,1
LJ500_R067_C085,67,85,703750,9534750,4000,3000,2023,7,2023-07,55,13.44,36.11,319.01,4.876,27.0,3.0,30.0,1,0.6005,1.0515,1
LJ500_R067_C086,67,86,704250,9534750,4500,3000,2023,7,2023-07,55,13.44,36.11,319.01,4.876,27.0,3.0,30.0,1,0.6852,1.1906,1
LJ500_R068_C077,68,77,699750,9535250,0,3500,2023,7,2023-07,55,11.81,32.29,329.95,5.4375,27.59,2.4146,30.0,1,0.3581,0.5155,1
LJ500_R068_C078,68,78,700250,9535250,500,3500,2023,7,2023-07,55,13.44,36.11,319.01,4.876,27.0,3.0,30.0,1,0.3433,0.51,1
LJ500_R068_C079,68,79,700750,9535250,1000,3500,2023,7,2023-07,55,13.44,36.11,319.01,4.876,27.0,3.0,30.0,1,0.3451,0.5041,1
LJ500_R068_C080,68,80,701250,9535250,1500,3500,2023,7,2023-07,55,13.44,36.11,319.01,4.876,27.0,3.0,30.0,1,0.3463,0.5,1
LJ500_R068_C081,68,81,701750,9535250,2000,3500,2023,7,2023-07,55,13.44,36.11,319.01,4.876,27.0,3.0,30.0,1,0.363,0.5149,1
LJ500_R068_C082,68,82,702250,9535250,2500,3500,2023,7,2023-07,55,13.44,36.11,319.01,4.876,27.0,3.0,30.0,1,0.3687,0.52,1
LJ500_R068_C083,68,83,702750,9535250,3000,3500,2023,7,2023-07,55,13.44,36.11,319.01,4.876,27.0,3.0,30.0,1,0.3585,0.5915,1
LJ500_R068_C084,68,84,703250,9535250,3500,3500,2023,7,2023-07,55,13.44,36.11,319.01,4.876,27.0,3.0,30.0,1,0.3647,0.6143,1
LJ500_R068_C085,68,85,703750,9535250,4000,3500,2023,7,2023-07,55,13.44,36.11,319.01,4.876,27.0,3.0,30.0,1,0.5283,0.93,1
LJ500_R068_C086,68,86,704250,9535250,4500,3500,2023,7,2023-07,55,13.44,36.11,319.01,4.876,27.0,3.0,30.0,1,0.6198,1.0822,1
LJ500_R069_C077,69,77,699750,9535750,0,4000,2023,7,2023-07,55,10.85,28.16,346.1,5.0587,27.59,2.4123,30.0,1,0.3214,0.4814,1
LJ500_R069_C078,69,78,700250,9535750,500,4000,2023,7,2023-07,55,13.01,34.61,344.18,4.7877,27.0,3.0,30.0,1,0.3142,0.4811,1
LJ500_R069_C079,69,79,700750,9535750,1000,4000,2023,7,2023-07,55,13.01,34.61,344.24,4.7875,27.0,3.0,30.0,1,0.3263,0.4809,1
LJ500_R069_C080,69,80,701250,9535750,1500,4000,2023,7,2023-07,55,13.01,34.61,344.31,4.7873,27.0,3.0,30.0,1,0.3347,0.4807,1
LJ500_R069_C081,69,81,701750,9535750,2000,4000,2023,7,2023-07,55,13.01,34.6,344.37,4.7871,27.0,3.0,30.0,1,0.3554,0.6537,1
LJ500_R069_C082,69,82,702250,9535750,2500,4000,2023,7,2023-07,55,13.01,34.6,344.43,4.7868,27.0,3.0,30.0,1,0.3625,0.7142,1
LJ500_R069_C083,69,83,702750,9535750,3000,4000,2023,7,2023-07,55,13.01,34.6,344.49,4.7866,27.0,3.0,30.0,1,0.3411,0.6732,1
LJ500_R069_C084,69,84,703250,9535750,3500,4000,2023,7,2023-07,55,13.0,34.59,344.56,4.7864,27.0,3.0,30.0,1,0.3384,0.665,1
LJ500_R069_C085,69,85,703750,9535750,4000,4000,2023,7,2023-07,55,13.0,34.59,344.62,4.7862,27.0,3.0,30.0,1,0.3357,0.5877,1
LJ500_R069_C086,69,86,704250,9535750,4500,4000,2023,7,2023-07,55,13.0,34.58,344.68,4.786,27.0,3.0,30.0,1,0.3357,0.5953,1
LJ500_R070_C077,70,77,699750,9536250,0,4500,2023,7,2023-07,55,10.76,27.82,347.34,5.0303,27.59,2.41,30.0,1,0.3176,0.4772,1
LJ500_R070_C078,70,78,700250,9536250,500,4500,2023,7,2023-07,55,12.98,34.5,346.05,4.7812,27.0,3.0,30.0,1,0.3096,0.4764,1
LJ500_R070_C079,70,79,700750,9536250,1000,4500,2023,7,2023-07,55,12.98,34.5,346.05,4.7812,27.0,3.0,30.0,1,0.3231,0.4814,1
LJ500_R070_C080,70,80,701250,9536250,1500,4500,2023,7,2023-07,55,12.98,34.5,346.05,4.7812,27.0,3.0,30.0,1,0.3325,0.4849,1
LJ500_R070_C081,70,81,701750,9536250,2000,4500,2023,7,2023-07,55,12.98,34.5,346.05,4.7812,27.0,3.0,30.0,1,0.3503,0.6421,1
LJ500_R070_C082,70,82,702250,9536250,2500,4500,2023,7,2023-07,55,12.98,34.5,346.05,4.7812,27.0,3.0,30.0,1,0.3565,0.697,1
LJ500_R070_C083,70,83,702750,9536250,3000,4500,2023,7,2023-07,55,12.98,34.5,346.05,4.7812,27.0,3.0,30.0,1,0.3365,0.6486,1
LJ500_R070_C084,70,84,703250,9536250,3500,4500,2023,7,2023-07,55,12.98,34.5,346.05,4.7812,27.0,3.0,30.0,1,0.3338,0.6397,1
LJ500_R070_C085,70,85,703750,9536250,4000,4500,2023,7,2023-07,55,12.98,34.5,346.05,4.7812,27.0,3.0,30.0,1,0.3281,0.5773,1
LJ500_R070_C086,70,86,704250,9536250,4500,4500,2023,7,2023-07,55,12.98,34.5,346.05,4.7812,27.0,3.0,30.0,1,0.3346,0.5937,1
LJ500_R061_C077,61,77,699750,9531750,0,0,2023,8,2023-08,56,7.7341,19.59,40.13,7.7341,30.0,1.0,31.0,1,0.4726,0.649,1
LJ500_R061_C078,61,78,700250,9531750,500,0,2023,8,2023-08,56,11.05,24.49,47.17,11.05,30.0,1.0,31.0,1,0.4837,0.6633,1
LJ500_R061_C079,61,79,700750,9531750,1000,0,2023,8,2023-08,56,11.05,24.49,47.17,11.05,30.0,1.0,31.0,1,0.486,0.6714,1
LJ500_R061_C080,61,80,701250,9531750,1500,0,2023,8,2023-08,56,11.05,24.49,47.17,11.05,30.0,1.0,31.0,1,0.4875,0.6766,1
LJ500_R061_C081,61,81,701750,9531750,2000,0,2023,8,2023-08,56,11.05,24.49,47.17,11.05,30.0,1.0,31.0,1,0.5586,0.9907,1
LJ500_R061_C082,61,82,702250,9531750,2500,0,2023,8,2023-08,56,11.05,24.49,47.17,11.05,30.0,1.0,31.0,1,0.5819,1.0923,1
LJ500_R061_C083,61,83,702750,9531750,3000,0,2023,8,2023-08,56,11.05,24.49,47.17,11.05,30.0,1.0,31.0,1,0.6591,1.3755,1
LJ500_R061_C084,61,84,703250,9531750,3500,0,2023,8,2023-08,56,11.05,24.49,47.17,11.05,30.0,1.0,31.0,1,0.6633,1.3908,1
LJ500_R061_C085,61,85,703750,9531750,4000,0,2023,8,2023-08,56,11.05,24.49,47.17,11.05,30.0,1.0,31.0,1,0.5922,1.1413,1
LJ500_R061_C086,61,86,704250,9531750,4500,0,2023,8,2023-08,56,11.05,24.49,47.17,11.05,30.0,1.0,31.0,1,0.5707,1.0842,1
LJ500_R062_C077,62,77,699750,9532250,0,500,2023,8,2023-08,56,7.7206,19.57,40.1,7.7206,30.0,1.0,31.0,1,0.4438,0.6192,1
LJ500_R062_C078,62,78,700250,9532250,500,500,2023,8,2023-08,56,11.05,24.49,47.17,11.05,30.0,1.0,31.0,1,0.4558,0.63,1
LJ500_R062_C079,62,79,700750,9532250,1000,500,2023,8,2023-08,56,11.05,24.49,47.17,11.05,30.0,1.0,31.0,1,0.4644,0.6544,1
LJ500_R062_C080,62,80,701250,9532250,1500,500,2023,8,2023-08,56,11.05,24.49,47.17,11.05,30.0,1.0,31.0,1,0.47,0.67,1
LJ500_R062_C081,62,81,701750,9532250,2000,500,2023,8,2023-08,56,11.05,24.49,47.17,11.05,30.0,1.0,31.0,1,0.7528,1.5725,1
LJ500_R062_C082,62,82,702250,9532250,2500,500,2023,8,2023-08,56,11.05,24.49,47.17,11.05,30.0,1.0,31.0,1,0.8429,1.86,1
LJ500_R062_C083,62,83,702750,9532250,3000,500,2023,8,2023-08,56,11.05,24.49,47.17,11.05,30.0,1.0,31.0,1,0.999,2.3593,1
LJ500_R062_C084,62,84,703250,9532250,3500,500,2023,8,2023-08,56,11.05,24.49,47.17,11.05,30.0,1.0,31.0,1,1.0073,2.3893,1
LJ500_R062_C085,62,85,703750,9532250,4000,500,2023,8,2023-08,56,11.05,24.49,47.17,11.05,30.0,1.0,31.0,1,0.8839,2.05,1
LJ500_R062_C086,62,86,704250,9532250,4500,500,2023,8,2023-08,56,11.05,24.49,47.17,11.05,30.0,1.0,31.0,1,0.8215,1.8845,1
LJ500_R063_C077,63,77,699750,9532750,0,1000,2023,8,2023-08,56,7.7071,19.55,40.07,7.7071,30.0,1.0,31.0,1,0.4227,0.608,1
LJ500_R063_C078,63,78,700250,9532750,500,1000,2023,8,2023-08,56,11.05,24.49,47.17,11.05,30.0,1.0,31.0,1,0.4338,0.6054,1
LJ500_R063_C079,63,79,700750,9532750,1000,1000,2023,8,2023-08,56,11.05,24.49,47.17,11.05,30.0,1.0,31.0,1,0.4503,0.6356,1
LJ500_R063_C080,63,80,701250,9532750,1500,1000,2023,8,2023-08,56,11.05,24.49,47.17,11.05,30.0,1.0,31.0,1,0.461,0.6551,1
LJ500_R063_C081,63,81,701750,9532750,2000,1000,2023,8,2023-08,56,11.05,24.49,47.17,11.05,30.0,1.0,31.0,1,0.6314,1.2723,1
LJ500_R063_C082,63,82,702250,9532750,2500,1000,2023,8,2023-08,56,11.05,24.49,47.17,11.05,30.0,1.0,31.0,1,0.6856,1.4695,1
LJ500_R063_C083,63,83,702750,9532750,3000,1000,2023,8,2023-08,56,11.05,24.49,47.17,11.05,30.0,1.0,31.0,1,1.0108,2.5622,1
LJ500_R063_C084,63,84,703250,9532750,3500,1000,2023,8,2023-08,56,11.05,24.49,47.17,11.05,30.0,1.0,31.0,1,1.0386,2.6729,1
LJ500_R063_C085,63,85,703750,9532750,4000,1000,2023,8,2023-08,56,11.05,24.49,47.17,11.05,30.0,1.0,31.0,1,0.9284,2.5933,1
LJ500_R063_C086,63,86,704250,9532750,4500,1000,2023,8,2023-08,56,11.05,24.49,47.17,11.05,30.0,1.0,31.0,1,0.891,2.5145,1
LJ500_R064_C077,64,77,699750,9533250,0,1500,2023,8,2023-08,56,7.6936,19.53,40.04,7.6936,30.0,1.0,31.0,1,0.4008,0.5964,1
LJ500_R064_C078,64,78,700250,9533250,500,1500,2023,8,2023-08,56,11.05,24.49,47.17,11.05,30.0,1.0,31.0,1,0.411,0.58,1
LJ500_R064_C079,64,79,700750,9533250,1000,1500,2023,8,2023-08,56,11.05,24.49,47.17,11.05,30.0,1.0,31.0,1,0.4357,0.6163,1
LJ500_R064_C080,64,80,701250,9533250,1500,1500,2023,8,2023-08,56,11.05,24.49,47.17,11.05,30.0,1.0,31.0,1,0.4519,0.64,1
LJ500_R064_C081,64,81,701750,9533250,2000,1500,2023,8,2023-08,56,11.05,24.49,47.17,11.05,30.0,1.0,31.0,1,0.5098,0.9716,1
LJ500_R064_C082,64,82,702250,9533250,2500,1500,2023,8,2023-08,56,11.05,24.49,47.17,11.05,30.0,1.0,31.0,1,0.5287,1.08,1
LJ500_R064_C083,64,83,702750,9533250,3000,1500,2023,8,2023-08,56,11.05,24.49,47.17,11.05,30.0,1.0,31.0,1,1.0217,2.76,1
LJ500_R064_C084,64,84,703250,9533250,3500,1500,2023,8,2023-08,56,11.05,24.49,47.17,11.05,30.0,1.0,31.0,1,1.0691,2.9495,1
LJ500_R064_C085,64,85,703750,9533250,4000,1500,2023,8,2023-08,56,11.05,24.49,47.17,11.05,30.0,1.0,31.0,1,0.9716,3.12,1
LJ500_R064_C086,64,86,704250,9533250,4500,1500,2023,8,2023-08,56,11.05,24.49,47.17,11.05,30.0,1.0,31.0,1,0.9573,3.118,1
LJ500_R065_C077,65,77,699750,9533750,0,2000,2023,8,2023-08,56,7.6801,19.51,40.01,7.6801,30.0,1.0,31.0,1,0.3827,0.5694,1
LJ500_R065_C078,65,78,700250,9533750,500,2000,2023,8,2023-08,56,11.05,24.49,47.17,11.05,30.0,1.0,31.0,1,0.3821,0.567,1
LJ500_R065_C079,65,79,700750,9533750,1000,2000,2023,8,2023-08,56,11.05,24.49,47.17,11.05,30.0,1.0,31.0,1,0.4047,0.5835,1
LJ500_R065_C080,65,80,701250,9533750,1500,2000,2023,8,2023-08,56,11.05,24.49,47.17,11.05,30.0,1.0,31.0,1,0.4195,0.5943,1
LJ500_R065_C081,65,81,701750,9533750,2000,2000,2023,8,2023-08,56,11.05,24.49,47.17,11.05,30.0,1.0,31.0,1,0.428,0.7328,1
LJ500_R065_C082,65,82,702250,9533750,2500,2000,2023,8,2023-08,56,11.05,24.49,47.17,11.05,30.0,1.0,31.0,1,0.4305,0.7776,1
LJ500_R065_C083,65,83,702750,9533750,3000,2000,2023,8,2023-08,56,11.05,24.49,47.17,11.05,30.0,1.0,31.0,1,0.726,1.7687,1
LJ500_R065_C084,65,84,703250,9533750,3500,2000,2023,8,2023-08,56,11.05,24.49,47.17,11.05,30.0,1.0,31.0,1,0.7629,1.8982,1
LJ500_R065_C085,65,85,703750,9533750,4000,2000,2023,8,2023-08,56,11.05,24.49,47.17,11.05,30.0,1.0,31.0,1,0.8685,2.3558,1
LJ500_R065_C086,65,86,704250,9533750,4500,2000,2023,8,2023-08,56,11.05,24.49,47.17,11.05,30.0,1.0,31.0,1,0.8758,2.4896,1
LJ500_R066_C077,66,77,699750,9534250,0,2500,2023,8,2023-08,56,7.6667,19.49,39.99,7.6667,30.0,1.0,31.0,1,0.3728,0.5545,1
LJ500_R066_C078,66,78,700250,9534250,500,2500,2023,8,2023-08,56,11.05,24.49,47.17,11.05,30.0,1.0,31.0,1,0.3665,0.56,1
LJ500_R066_C079,66,79,700750,9534250,1000,2500,2023,8,2023-08,56,11.05,24.49,47.17,11.05,30.0,1.0,31.0,1,0.3879,0.566,1
LJ500_R066_C080,66,80,701250,9534250,1500,2500,2023,8,2023-08,56,11.05,24.49,47.17,11.05,30.0,1.0,31.0,1,0.4023,0.57,1
LJ500_R066_C081,66,81,701750,9534250,2000,2500,2023,8,2023-08,56,11.05,24.49,47.17,11.05,30.0,1.0,31.0,1,0.3851,0.6075,1
LJ500_R066_C082,66,82,702250,9534250,2500,2500,2023,8,2023-08,56,11.05,24.49,47.17,11.05,30.0,1.0,31.0,1,0.3794,0.62,1
LJ500_R066_C083,66,83,702750,9534250,3000,2500,2023,8,2023-08,56,11.05,24.49,47.17,11.05,30.0,1.0,31.0,1,0.5736,1.258,1
LJ500_R066_C084,66,84,703250,9534250,3500,2500,2023,8,2023-08,56,11.05,24.49,47.17,11.05,30.0,1.0,31.0,1,0.6061,1.3607,1
LJ500_R066_C085,66,85,703750,9534250,4000,2500,2023,8,2023-08,56,11.05,24.49,47.17,11.05,30.0,1.0,31.0,1,0.8165,1.97,1
LJ500_R066_C086,66,86,704250,9534250,4500,2500,2023,8,2023-08,56,11.05,24.49,47.17,11.05,30.0,1.0,31.0,1,0.8349,2.1733,1
LJ500_R067_C077,67,77,699750,9534750,0,3000,2023,8,2023-08,56,7.6532,19.47,39.96,7.6532,30.0,1.0,31.0,1,0.3741,0.5534,1
LJ500_R067_C078,67,78,700250,9534750,500,3000,2023,8,2023-08,56,11.05,24.49,47.17,11.05,30.0,1.0,31.0,1,0.3488,0.5278,1
LJ500_R067_C079,67,79,700750,9534750,1000,3000,2023,8,2023-08,56,11.05,24.49,47.17,11.05,30.0,1.0,31.0,1,0.3642,0.5337,1
LJ500_R067_C080,67,80,701250,9534750,1500,3000,2023,8,2023-08,56,11.05,24.49,47.17,11.05,30.0,1.0,31.0,1,0.3746,0.5376,1
LJ500_R067_C081,67,81,701750,9534750,2000,3000,2023,8,2023-08,56,11.05,24.49,47.17,11.05,30.0,1.0,31.0,1,0.3852,0.5688,1
LJ500_R067_C082,67,82,702250,9534750,2500,3000,2023,8,2023-08,56,11.05,24.49,47.17,11.05,30.0,1.0,31.0,1,0.3888,0.5793,1
LJ500_R067_C083,67,83,702750,9534750,3000,3000,2023,8,2023-08,56,11.05,24.49,47.17,11.05,30.0,1.0,31.0,1,0.4097,0.6886,1
LJ500_R067_C084,67,84,703250,9534750,3500,3000,2023,8,2023-08,56,11.05,24.49,47.17,11.05,30.0,1.0,31.0,1,0.4174,0.7245,1
LJ500_R067_C085,67,85,703750,9534750,4000,3000,2023,8,2023-08,56,11.05,24.49,47.17,11.05,30.0,1.0,31.0,1,0.5375,1.2473,1
LJ500_R067_C086,67,86,704250,9534750,4500,3000,2023,8,2023-08,56,11.05,24.49,47.17,11.05,30.0,1.0,31.0,1,0.5995,1.4589,1
LJ500_R068_C077,68,77,699750,9535250,0,3500,2023,8,2023-08,56,7.6398,19.45,39.93,7.6398,30.0,1.0,31.0,1,0.3746,0.5533,1
LJ500_R068_C078,68,78,700250,9535250,500,3500,2023,8,2023-08,56,11.05,24.49,47.17,11.05,30.0,1.0,31.0,1,0.3445,0.52,1
LJ500_R068_C079,68,79,700750,9535250,1000,3500,2023,8,2023-08,56,11.05,24.49,47.17,11.05,30.0,1.0,31.0,1,0.3585,0.5259,1
LJ500_R068_C080,68,80,701250,9535250,1500,3500,2023,8,2023-08,56,11.05,24.49,47.17,11.05,30.0,1.0,31.0,1,0.3681,0.53,1
LJ500_R068_C081,68,81,701750,9535250,2000,3500,2023,8,2023-08,56,11.05,24.49,47.17,11.05,30.0,1.0,31.0,1,0.3851,0.5598,1
LJ500_R068_C082,68,82,702250,9535250,2500,3500,2023,8,2023-08,56,11.05,24.49,47.17,11.05,30.0,1.0,31.0,1,0.391,0.57,1
LJ500_R068_C083,68,83,702750,9535250,3000,3500,2023,8,2023-08,56,11.05,24.49,47.17,11.05,30.0,1.0,31.0,1,0.3731,0.5611,1
LJ500_R068_C084,68,84,703250,9535250,3500,3500,2023,8,2023-08,56,11.05,24.49,47.17,11.05,30.0,1.0,31.0,1,0.3755,0.5829,1
LJ500_R068_C085,68,85,703750,9535250,4000,3500,2023,8,2023-08,56,11.05,24.49,47.17,11.05,30.0,1.0,31.0,1,0.4768,1.09,1
LJ500_R068_C086,68,86,704250,9535250,4500,3500,2023,8,2023-08,56,11.05,24.49,47.17,11.05,30.0,1.0,31.0,1,0.5483,1.3039,1
LJ500_R069_C077,69,77,699750,9535750,0,4000,2023,8,2023-08,56,5.8268,16.67,33.99,5.8268,30.0,1.0,31.0,1,0.3382,0.499,1
LJ500_R069_C078,69,78,700250,9535750,500,4000,2023,8,2023-08,56,10.47,23.48,45.08,10.47,30.0,1.0,31.0,1,0.3216,0.4815,1
LJ500_R069_C079,69,79,700750,9535750,1000,4000,2023,8,2023-08,56,10.47,23.48,45.08,10.47,30.0,1.0,31.0,1,0.3443,0.5045,1
LJ500_R069_C080,69,80,701250,9535750,1500,4000,2023,8,2023-08,56,10.46,23.47,45.07,10.46,30.0,1.0,31.0,1,0.36,0.5203,1
LJ500_R069_C081,69,81,701750,9535750,2000,4000,2023,8,2023-08,56,10.46,23.47,45.07,10.46,30.0,1.0,31.0,1,0.3523,0.6435,1
LJ500_R069_C082,69,82,702250,9535750,2500,4000,2023,8,2023-08,56,10.46,23.47,45.06,10.46,30.0,1.0,31.0,1,0.3496,0.6865,1
LJ500_R069_C083,69,83,702750,9535750,3000,4000,2023,8,2023-08,56,10.46,23.47,45.05,10.46,30.0,1.0,31.0,1,0.3336,0.6171,1
LJ500_R069_C084,69,84,703250,9535750,3500,4000,2023,8,2023-08,56,10.46,23.46,45.05,10.46,30.0,1.0,31.0,1,0.3321,0.6061,1
LJ500_R069_C085,69,85,703750,9535750,4000,4000,2023,8,2023-08,56,10.46,23.46,45.04,10.46,30.0,1.0,31.0,1,0.343,0.5423,1
LJ500_R069_C086,69,86,704250,9535750,4500,4000,2023,8,2023-08,56,10.46,23.46,45.04,10.46,30.0,1.0,31.0,1,0.3409,0.5449,1
LJ500_R070_C077,70,77,699750,9536250,0,4500,2023,8,2023-08,56,5.6696,16.43,33.48,5.6696,30.0,1.0,31.0,1,0.3347,0.4957,1
LJ500_R070_C078,70,78,700250,9536250,500,4500,2023,8,2023-08,56,10.42,23.4,44.93,10.42,30.0,1.0,31.0,1,0.3177,0.4776,1
LJ500_R070_C079,70,79,700750,9536250,1000,4500,2023,8,2023-08,56,10.42,23.4,44.93,10.42,30.0,1.0,31.0,1,0.3411,0.5026,1
LJ500_R070_C080,70,80,701250,9536250,1500,4500,2023,8,2023-08,56,10.42,23.4,44.93,10.42,30.0,1.0,31.0,1,0.3573,0.52,1
LJ500_R070_C081,70,81,701750,9536250,2000,4500,2023,8,2023-08,56,10.42,23.4,44.93,10.42,30.0,1.0,31.0,1,0.3494,0.629,1
LJ500_R070_C082,70,82,702250,9536250,2500,4500,2023,8,2023-08,56,10.42,23.4,44.93,10.42,30.0,1.0,31.0,1,0.3466,0.667,1
LJ500_R070_C083,70,83,702750,9536250,3000,4500,2023,8,2023-08,56,10.42,23.4,44.93,10.42,30.0,1.0,31.0,1,0.332,0.6024,1
LJ500_R070_C084,70,84,703250,9536250,3500,4500,2023,8,2023-08,56,10.42,23.4,44.93,10.42,30.0,1.0,31.0,1,0.3304,0.5915,1
LJ500_R070_C085,70,85,703750,9536250,4000,4500,2023,8,2023-08,56,10.42,23.4,44.93,10.42,30.0,1.0,31.0,1,0.3367,0.526,1
LJ500_R070_C086,70,86,704250,9536250,4500,4500,2023,8,2023-08,56,10.42,23.4,44.93,10.42,30.0,1.0,31.0,1,0.3392,0.5476,1
LJ500_R061_C077,61,77,699750,9531750,0,0,2023,9,2023-09,57,16.52,24.25,36.1,10.77,28.57,2.4308,31.0,1,0.4383,0.6329,1
LJ500_R061_C078,61,78,700250,9531750,500,0,2023,9,2023-09,57,21.82,32.87,46.31,14.0,28.0,3.0,31.0,1,0.4438,0.64,1
LJ500_R061_C079,61,79,700750,9531750,1000,0,2023,9,2023-09,57,21.82,32.87,46.31,14.0,28.0,3.0,31.0,1,0.4416,0.6358,1
LJ500_R061_C080,61,80,701250,9531750,1500,0,2023,9,2023-09,57,21.82,32.87,46.31,14.0,28.0,3.0,31.0,1,0.4401,0.6332,1
LJ500_R061_C081,61,81,701750,9531750,2000,0,2023,9,2023-09,57,21.82,32.87,46.31,14.0,28.0,3.0,31.0,1,0.474,0.7356,1
LJ500_R061_C082,61,82,702250,9531750,2500,0,2023,9,2023-09,57,21.82,32.87,46.31,14.0,28.0,3.0,31.0,1,0.4854,0.7691,1
LJ500_R061_C083,61,83,702750,9531750,3000,0,2023,9,2023-09,57,21.82,32.87,46.31,14.0,28.0,3.0,31.0,1,0.5467,0.8716,1
LJ500_R061_C084,61,84,703250,9531750,3500,0,2023,9,2023-09,57,21.82,32.87,46.31,14.0,28.0,3.0,31.0,1,0.5503,0.8769,1
LJ500_R061_C085,61,85,703750,9531750,4000,0,2023,9,2023-09,57,21.82,32.87,46.31,14.0,28.0,3.0,31.0,1,0.4976,0.7811,1
LJ500_R061_C086,61,86,704250,9531750,4500,0,2023,9,2023-09,57,21.82,32.87,46.31,14.0,28.0,3.0,31.0,1,0.4804,0.7546,1
LJ500_R062_C077,62,77,699750,9532250,0,500,2023,9,2023-09,57,16.5,24.22,36.06,10.75,28.57,2.4285,31.0,1,0.4188,0.6092,1
LJ500_R062_C078,62,78,700250,9532250,500,500,2023,9,2023-09,57,21.82,32.87,46.31,14.0,28.0,3.0,31.0,1,0.4258,0.62,1
LJ500_R062_C079,62,79,700750,9532250,1000,500,2023,9,2023-09,57,21.82,32.87,46.31,14.0,28.0,3.0,31.0,1,0.4181,0.62,1
LJ500_R062_C080,62,80,701250,9532250,1500,500,2023,9,2023-09,57,21.82,32.87,46.31,14.0,28.0,3.0,31.0,1,0.4132,0.62,1
LJ500_R062_C081,62,81,701750,9532250,2000,500,2023,9,2023-09,57,21.82,32.87,46.31,14.0,28.0,3.0,31.0,1,0.6224,1.0068,1
LJ500_R062_C082,62,82,702250,9532250,2500,500,2023,9,2023-09,57,21.82,32.87,46.31,14.0,28.0,3.0,31.0,1,0.689,1.13,1
LJ500_R062_C083,62,83,702750,9532250,3000,500,2023,9,2023-09,57,21.82,32.87,46.31,14.0,28.0,3.0,31.0,1,0.8214,1.2843,1
LJ500_R062_C084,62,84,703250,9532250,3500,500,2023,9,2023-09,57,21.82,32.87,46.31,14.0,28.0,3.0,31.0,1,0.8285,1.2937,1
LJ500_R062_C085,62,85,703750,9532250,4000,500,2023,9,2023-09,57,21.82,32.87,46.31,14.0,28.0,3.0,31.0,1,0.7252,1.19,1
LJ500_R062_C086,62,86,704250,9532250,4500,500,2023,9,2023-09,57,21.82,32.87,46.31,14.0,28.0,3.0,31.0,1,0.674,1.1155,1
LJ500_R063_C077,63,77,699750,9532750,0,1000,2023,9,2023-09,57,16.48,24.18,36.02,10.74,28.57,2.4261,31.0,1,0.4014,0.6029,1
LJ500_R063_C078,63,78,700250,9532750,500,1000,2023,9,2023-09,57,21.82,32.87,46.31,14.0,28.0,3.0,31.0,1,0.4107,0.6003,1
LJ500_R063_C079,63,79,700750,9532750,1000,1000,2023,9,2023-09,57,21.82,32.87,46.31,14.0,28.0,3.0,31.0,1,0.4102,0.6092,1
LJ500_R063_C080,63,80,701250,9532750,1500,1000,2023,9,2023-09,57,21.82,32.87,46.31,14.0,28.0,3.0,31.0,1,0.4099,0.615,1
LJ500_R063_C081,63,81,701750,9532750,2000,1000,2023,9,2023-09,57,21.82,32.87,46.31,14.0,28.0,3.0,31.0,1,0.5253,0.8612,1
LJ500_R063_C082,63,82,702250,9532750,2500,1000,2023,9,2023-09,57,21.82,32.87,46.31,14.0,28.0,3.0,31.0,1,0.5619,0.9397,1
LJ500_R063_C083,63,83,702750,9532750,3000,1000,2023,9,2023-09,57,21.82,32.87,46.31,14.0,28.0,3.0,31.0,1,0.8367,1.3387,1
LJ500_R063_C084,63,84,703250,9532750,3500,1000,2023,9,2023-09,57,21.82,32.87,46.31,14.0,28.0,3.0,31.0,1,0.8604,1.3867,1
LJ500_R063_C085,63,85,703750,9532750,4000,1000,2023,9,2023-09,57,21.82,32.87,46.31,14.0,28.0,3.0,31.0,1,0.7712,1.4896,1
LJ500_R063_C086,63,86,704250,9532750,4500,1000,2023,9,2023-09,57,21.82,32.87,46.31,14.0,28.0,3.0,31.0,1,0.7396,1.4601,1
LJ500_R064_C077,64,77,699750,9533250,0,1500,2023,9,2023-09,57,16.45,24.15,35.98,10.73,28.58,2.4238,31.0,1,0.3832,0.5964,1
LJ500_R064_C078,64,78,700250,9533250,500,1500,2023,9,2023-09,57,21.82,32.87,46.31,14.0,28.0,3.0,31.0,1,0.3952,0.58,1
LJ500_R064_C079,64,79,700750,9533250,1000,1500,2023,9,2023-09,57,21.82,32.87,46.31,14.0,28.0,3.0,31.0,1,0.402,0.5981,1
LJ500_R064_C080,64,80,701250,9533250,1500,1500,2023,9,2023-09,57,21.82,32.87,46.31,14.0,28.0,3.0,31.0,1,0.4065,0.61,1
LJ500_R064_C081,64,81,701750,9533250,2000,1500,2023,9,2023-09,57,21.82,32.87,46.31,14.0,28.0,3.0,31.0,1,0.4281,0.7155,1
LJ500_R064_C082,64,82,702250,9533250,2500,1500,2023,9,2023-09,57,21.82,32.87,46.31,14.0,28.0,3.0,31.0,1,0.4352,0.75,1
LJ500_R064_C083,64,83,702750,9533250,3000,1500,2023,9,2023-09,57,21.82,32.87,46.31,14.0,28.0,3.0,31.0,1,0.8512,1.3913,1
LJ500_R064_C084,64,84,703250,9533250,3500,1500,2023,9,2023-09,57,21.82,32.87,46.31,14.0,28.0,3.0,31.0,1,0.8916,1.4769,1
LJ500_R064_C085,64,85,703750,9533250,4000,1500,2023,9,2023-09,57,21.82,32.87,46.31,14.0,28.0,3.0,31.0,1,0.8158,1.78,1
LJ500_R064_C086,64,86,704250,9533250,4500,1500,2023,9,2023-09,57,21.82,32.87,46.31,14.0,28.0,3.0,31.0,1,0.8022,1.7901,1
LJ500_R065_C077,65,77,699750,9533750,0,2000,2023,9,2023-09,57,16.43,24.11,35.94,10.71,28.58,2.4215,31.0,1,0.3704,0.5664,1
LJ500_R065_C078,65,78,700250,9533750,500,2000,2023,9,2023-09,57,21.82,32.87,46.31,14.0,28.0,3.0,31.0,1,0.3713,0.5606,1
LJ500_R065_C079,65,79,700750,9533750,1000,2000,2023,9,2023-09,57,21.82,32.87,46.31,14.0,28.0,3.0,31.0,1,0.3833,0.5707,1
LJ500_R065_C080,65,80,701250,9533750,1500,2000,2023,9,2023-09,57,21.82,32.87,46.31,14.0,28.0,3.0,31.0,1,0.3913,0.5774,1
LJ500_R065_C081,65,81,701750,9533750,2000,2000,2023,9,2023-09,57,21.82,32.87,46.31,14.0,28.0,3.0,31.0,1,0.3691,0.5938,1
LJ500_R065_C082,65,82,702250,9533750,2500,2000,2023,9,2023-09,57,21.82,32.87,46.31,14.0,28.0,3.0,31.0,1,0.3616,0.5988,1
LJ500_R065_C083,65,83,702750,9533750,3000,2000,2023,9,2023-09,57,21.82,32.87,46.31,14.0,28.0,3.0,31.0,1,0.599,1.018,1
LJ500_R065_C084,65,84,703250,9533750,3500,2000,2023,9,2023-09,57,21.82,32.87,46.31,14.0,28.0,3.0,31.0,1,0.6289,1.0772,1
LJ500_R065_C085,65,85,703750,9533750,4000,2000,2023,9,2023-09,57,21.82,32.87,46.31,14.0,28.0,3.0,31.0,1,0.7204,1.3481,1
LJ500_R065_C086,65,86,704250,9533750,4500,2000,2023,9,2023-09,57,21.82,32.87,46.31,14.0,28.0,3.0,31.0,1,0.7279,1.4138,1
LJ500_R066_C077,66,77,699750,9534250,0,2500,2023,9,2023-09,57,16.41,24.08,35.9,10.7,28.58,2.4192,31.0,1,0.3634,0.55,1
LJ500_R066_C078,66,78,700250,9534250,500,2500,2023,9,2023-09,57,21.82,32.87,46.31,14.0,28.0,3.0,31.0,1,0.3584,0.55,1
LJ500_R066_C079,66,79,700750,9534250,1000,2500,2023,9,2023-09,57,21.82,32.87,46.31,14.0,28.0,3.0,31.0,1,0.3733,0.556,1
LJ500_R066_C080,66,80,701250,9534250,1500,2500,2023,9,2023-09,57,21.82,32.87,46.31,14.0,28.0,3.0,31.0,1,0.3832,0.56,1
LJ500_R066_C081,66,81,701750,9534250,2000,2500,2023,9,2023-09,57,21.82,32.87,46.31,14.0,28.0,3.0,31.0,1,0.3383,0.53,1
LJ500_R066_C082,66,82,702250,9534250,2500,2500,2023,9,2023-09,57,21.82,32.87,46.31,14.0,28.0,3.0,31.0,1,0.3232,0.52,1
LJ500_R066_C083,66,83,702750,9534250,3000,2500,2023,9,2023-09,57,21.82,32.87,46.31,14.0,28.0,3.0,31.0,1,0.469,0.8255,1
LJ500_R066_C084,66,84,703250,9534250,3500,2500,2023,9,2023-09,57,21.82,32.87,46.31,14.0,28.0,3.0,31.0,1,0.4944,0.873,1
LJ500_R066_C085,66,85,703750,9534250,4000,2500,2023,9,2023-09,57,21.82,32.87,46.31,14.0,28.0,3.0,31.0,1,0.6723,1.13,1
LJ500_R066_C086,66,86,704250,9534250,4500,2500,2023,9,2023-09,57,21.82,32.87,46.31,14.0,28.0,3.0,31.0,1,0.6905,1.2248,1
LJ500_R067_C077,67,77,699750,9534750,0,3000,2023,9,2023-09,57,16.39,24.04,35.86,10.69,28.58,2.4169,31.0,1,0.3584,0.54,1
LJ500_R067_C078,67,78,700250,9534750,500,3000,2023,9,2023-09,57,21.82,32.87,46.31,14.0,28.0,3.0,31.0,1,0.3457,0.5178,1
LJ500_R067_C079,67,79,700750,9534750,1000,3000,2023,9,2023-09,57,21.82,32.87,46.31,14.0,28.0,3.0,31.0,1,0.356,0.5285,1
LJ500_R067_C080,67,80,701250,9534750,1500,3000,2023,9,2023-09,57,21.82,32.87,46.31,14.0,28.0,3.0,31.0,1,0.3629,0.5357,1
LJ500_R067_C081,67,81,701750,9534750,2000,3000,2023,9,2023-09,57,21.82,32.87,46.31,14.0,28.0,3.0,31.0,1,0.3577,0.5422,1
LJ500_R067_C082,67,82,702250,9534750,2500,3000,2023,9,2023-09,57,21.82,32.87,46.31,14.0,28.0,3.0,31.0,1,0.3561,0.5444,1
LJ500_R067_C083,67,83,702750,9534750,3000,3000,2023,9,2023-09,57,21.82,32.87,46.31,14.0,28.0,3.0,31.0,1,0.3576,0.5785,1
LJ500_R067_C084,67,84,703250,9534750,3500,3000,2023,9,2023-09,57,21.82,32.87,46.31,14.0,28.0,3.0,31.0,1,0.3612,0.5913,1
LJ500_R067_C085,67,85,703750,9534750,4000,3000,2023,9,2023-09,57,21.82,32.87,46.31,14.0,28.0,3.0,31.0,1,0.4399,0.7933,1
LJ500_R067_C086,67,86,704250,9534750,4500,3000,2023,9,2023-09,57,21.82,32.87,46.31,14.0,28.0,3.0,31.0,1,0.4931,0.8779,1
LJ500_R068_C077,68,77,699750,9535250,0,3500,2023,9,2023-09,57,16.37,24.01,35.81,10.68,28.59,2.4146,31.0,1,0.3572,0.5377,1
LJ500_R068_C078,68,78,700250,9535250,500,3500,2023,9,2023-09,57,21.82,32.87,46.31,14.0,28.0,3.0,31.0,1,0.3426,0.51,1
LJ500_R068_C079,68,79,700750,9535250,1000,3500,2023,9,2023-09,57,21.82,32.87,46.31,14.0,28.0,3.0,31.0,1,0.3518,0.5219,1
LJ500_R068_C080,68,80,701250,9535250,1500,3500,2023,9,2023-09,57,21.82,32.87,46.31,14.0,28.0,3.0,31.0,1,0.3581,0.53,1
LJ500_R068_C081,68,81,701750,9535250,2000,3500,2023,9,2023-09,57,21.82,32.87,46.31,14.0,28.0,3.0,31.0,1,0.3621,0.5449,1
LJ500_R068_C082,68,82,702250,9535250,2500,3500,2023,9,2023-09,57,21.82,32.87,46.31,14.0,28.0,3.0,31.0,1,0.3635,0.55,1
LJ500_R068_C083,68,83,702750,9535250,3000,3500,2023,9,2023-09,57,21.82,32.87,46.31,14.0,28.0,3.0,31.0,1,0.3327,0.5232,1
LJ500_R068_C084,68,84,703250,9535250,3500,3500,2023,9,2023-09,57,21.82,32.87,46.31,14.0,28.0,3.0,31.0,1,0.3316,0.5287,1
LJ500_R068_C085,68,85,703750,9535250,4000,3500,2023,9,2023-09,57,21.82,32.87,46.31,14.0,28.0,3.0,31.0,1,0.3894,0.72,1
LJ500_R068_C086,68,86,704250,9535250,4500,3500,2023,9,2023-09,57,21.82,32.87,46.31,14.0,28.0,3.0,31.0,1,0.4501,0.8029,1
LJ500_R069_C077,69,77,699750,9535750,0,4000,2023,9,2023-09,57,16.51,22.33,33.18,10.56,28.59,2.4123,31.0,1,0.3326,0.5026,1
LJ500_R069_C078,69,78,700250,9535750,500,4000,2023,9,2023-09,57,23.68,34.14,47.15,14.44,28.0,3.0,31.0,1,0.3249,0.4908,1
LJ500_R069_C079,69,79,700750,9535750,1000,4000,2023,9,2023-09,57,23.68,34.15,47.16,14.44,28.0,3.0,31.0,1,0.3353,0.5083,1
LJ500_R069_C080,69,80,701250,9535750,1500,4000,2023,9,2023-09,57,23.68,34.15,47.16,14.44,28.0,3.0,31.0,1,0.3425,0.5203,1
LJ500_R069_C081,69,81,701750,9535750,2000,4000,2023,9,2023-09,57,23.69,34.15,47.16,14.45,28.0,3.0,31.0,1,0.3048,0.5136,1
LJ500_R069_C082,69,82,702250,9535750,2500,4000,2023,9,2023-09,57,23.69,34.15,47.16,14.45,28.0,3.0,31.0,1,0.2915,0.5112,1
LJ500_R069_C083,69,83,702750,9535750,3000,4000,2023,9,2023-09,57,23.7,34.16,47.16,14.45,28.0,3.0,31.0,1,0.2816,0.4843,1
LJ500_R069_C084,69,84,703250,9535750,3500,4000,2023,9,2023-09,57,23.7,34.16,47.17,14.45,28.0,3.0,31.0,1,0.2814,0.4816,1
LJ500_R069_C085,69,85,703750,9535750,4000,4000,2023,9,2023-09,57,23.71,34.16,47.17,14.45,28.0,3.0,31.0,1,0.308,0.495,1
LJ500_R069_C086,69,86,704250,9535750,4500,4000,2023,9,2023-09,57,23.71,34.17,47.17,14.45,28.0,3.0,31.0,1,0.3047,0.4904,1
LJ500_R070_C077,70,77,699750,9536250,0,4500,2023,9,2023-09,57,16.49,22.16,32.92,10.53,28.59,2.41,31.0,1,0.3294,0.499,1
LJ500_R070_C078,70,78,700250,9536250,500,4500,2023,9,2023-09,57,23.81,34.24,47.22,14.47,28.0,3.0,31.0,1,0.3217,0.4864,1
LJ500_R070_C079,70,79,700750,9536250,1000,4500,2023,9,2023-09,57,23.81,34.24,47.22,14.47,28.0,3.0,31.0,1,0.3315,0.5055,1
LJ500_R070_C080,70,80,701250,9536250,1500,4500,2023,9,2023-09,57,23.81,34.24,47.22,14.47,28.0,3.0,31.0,1,0.3383,0.5188,1
LJ500_R070_C081,70,81,701750,9536250,2000,4500,2023,9,2023-09,57,23.81,34.24,47.22,14.47,28.0,3.0,31.0,1,0.3036,0.5113,1
LJ500_R070_C082,70,82,702250,9536250,2500,4500,2023,9,2023-09,57,23.81,34.24,47.22,14.47,28.0,3.0,31.0,1,0.2914,0.5087,1
LJ500_R070_C083,70,83,702750,9536250,3000,4500,2023,9,2023-09,57,23.81,34.24,47.22,14.47,28.0,3.0,31.0,1,0.2847,0.4843,1
LJ500_R070_C084,70,84,703250,9536250,3500,4500,2023,9,2023-09,57,23.81,34.24,47.22,14.47,28.0,3.0,31.0,1,0.2848,0.4816,1
LJ500_R070_C085,70,85,703750,9536250,4000,4500,2023,9,2023-09,57,23.81,34.24,47.22,14.47,28.0,3.0,31.0,1,0.3038,0.4873,1
LJ500_R070_C086,70,86,704250,9536250,4500,4500,2023,9,2023-09,57,23.81,34.24,47.22,14.47,28.0,3.0,31.0,1,0.3036,0.4912,1
LJ500_R061_C077,61,77,699750,9531750,0,0,2023,10,2023-10,58,12.36,28.88,36.61,5.0927,27.57,2.4308,30.0,1,0.5018,0.6457,1
LJ500_R061_C078,61,78,700250,9531750,500,0,2023,10,2023-10,58,15.56,37.38,48.43,5.2553,27.0,3.0,30.0,1,0.5141,0.66,1
LJ500_R061_C079,61,79,700750,9531750,1000,0,2023,10,2023-10,58,15.56,37.38,48.43,5.2553,27.0,3.0,30.0,1,0.5132,0.662,1
LJ500_R061_C080,61,80,701250,9531750,1500,0,2023,10,2023-10,58,15.56,37.38,48.43,5.2553,27.0,3.0,30.0,1,0.5126,0.6632,1
LJ500_R061_C081,61,81,701750,9531750,2000,0,2023,10,2023-10,58,15.56,37.38,48.43,5.2553,27.0,3.0,30.0,1,0.564,0.8639,1
LJ500_R061_C082,61,82,702250,9531750,2500,0,2023,10,2023-10,58,15.56,37.38,48.43,5.2553,27.0,3.0,30.0,1,0.581,0.9282,1
LJ500_R061_C083,61,83,702750,9531750,3000,0,2023,10,2023-10,58,15.56,37.38,48.43,5.2553,27.0,3.0,30.0,1,0.6368,1.0553,1
LJ500_R061_C084,61,84,703250,9531750,3500,0,2023,10,2023-10,58,15.56,37.38,48.43,5.2553,27.0,3.0,30.0,1,0.6397,1.0606,1
LJ500_R061_C085,61,85,703750,9531750,4000,0,2023,10,2023-10,58,15.56,37.38,48.43,5.2553,27.0,3.0,30.0,1,0.5852,0.9265,1
LJ500_R061_C086,61,86,704250,9531750,4500,0,2023,10,2023-10,58,15.56,37.38,48.43,5.2553,27.0,3.0,30.0,1,0.5693,0.9037,1
LJ500_R062_C077,62,77,699750,9532250,0,500,2023,10,2023-10,58,12.35,28.84,36.56,5.0921,27.57,2.4285,30.0,1,0.4784,0.6184,1
LJ500_R062_C078,62,78,700250,9532250,500,500,2023,10,2023-10,58,15.56,37.38,48.43,5.2553,27.0,3.0,30.0,1,0.4957,0.64,1
LJ500_R062_C079,62,79,700750,9532250,1000,500,2023,10,2023-10,58,15.56,37.38,48.43,5.2553,27.0,3.0,30.0,1,0.4932,0.6461,1
LJ500_R062_C080,62,80,701250,9532250,1500,500,2023,10,2023-10,58,15.56,37.38,48.43,5.2553,27.0,3.0,30.0,1,0.4917,0.65,1
LJ500_R062_C081,62,81,701750,9532250,2000,500,2023,10,2023-10,58,15.56,37.38,48.43,5.2553,27.0,3.0,30.0,1,0.7172,1.0899,1
LJ500_R062_C082,62,82,702250,9532250,2500,500,2023,10,2023-10,58,15.56,37.38,48.43,5.2553,27.0,3.0,30.0,1,0.789,1.23,1
LJ500_R062_C083,62,83,702750,9532250,3000,500,2023,10,2023-10,58,15.56,37.38,48.43,5.2553,27.0,3.0,30.0,1,0.8883,1.4388,1
LJ500_R062_C084,62,84,703250,9532250,3500,500,2023,10,2023-10,58,15.56,37.38,48.43,5.2553,27.0,3.0,30.0,1,0.8936,1.4502,1
LJ500_R062_C085,62,85,703750,9532250,4000,500,2023,10,2023-10,58,15.56,37.38,48.43,5.2553,27.0,3.0,30.0,1,0.815,1.29,1
LJ500_R062_C086,62,86,704250,9532250,4500,500,2023,10,2023-10,58,15.56,37.38,48.43,5.2553,27.0,3.0,30.0,1,0.7685,1.23,1
LJ500_R063_C077,63,77,699750,9532750,0,1000,2023,10,2023-10,58,12.33,28.81,36.52,5.0914,27.57,2.4261,30.0,1,0.4528,0.5854,1
LJ500_R063_C078,63,78,700250,9532750,500,1000,2023,10,2023-10,58,15.56,37.38,48.43,5.2553,27.0,3.0,30.0,1,0.4773,0.6203,1
LJ500_R063_C079,63,79,700750,9532750,1000,1000,2023,10,2023-10,58,15.56,37.38,48.43,5.2553,27.0,3.0,30.0,1,0.4846,0.6323,1
LJ500_R063_C080,63,80,701250,9532750,1500,1000,2023,10,2023-10,58,15.56,37.38,48.43,5.2553,27.0,3.0,30.0,1,0.4894,0.6401,1
LJ500_R063_C081,63,81,701750,9532750,2000,1000,2023,10,2023-10,58,15.56,37.38,48.43,5.2553,27.0,3.0,30.0,1,0.6255,0.9806,1
LJ500_R063_C082,63,82,702250,9532750,2500,1000,2023,10,2023-10,58,15.56,37.38,48.43,5.2553,27.0,3.0,30.0,1,0.6688,1.0898,1
LJ500_R063_C083,63,83,702750,9532750,3000,1000,2023,10,2023-10,58,15.56,37.38,48.43,5.2553,27.0,3.0,30.0,1,0.8624,1.4249,1
LJ500_R063_C084,63,84,703250,9532750,3500,1000,2023,10,2023-10,58,15.56,37.38,48.43,5.2553,27.0,3.0,30.0,1,0.8754,1.4529,1
LJ500_R063_C085,63,85,703750,9532750,4000,1000,2023,10,2023-10,58,15.56,37.38,48.43,5.2553,27.0,3.0,30.0,1,0.7505,1.3306,1
LJ500_R063_C086,63,86,704250,9532750,4500,1000,2023,10,2023-10,58,15.56,37.38,48.43,5.2553,27.0,3.0,30.0,1,0.7175,1.2955,1
LJ500_R064_C077,64,77,699750,9533250,0,1500,2023,10,2023-10,58,12.32,28.77,36.47,5.0907,27.58,2.4238,30.0,1,0.426,0.5509,1
LJ500_R064_C078,64,78,700250,9533250,500,1500,2023,10,2023-10,58,15.56,37.38,48.43,5.2553,27.0,3.0,30.0,1,0.4583,0.6,1
LJ500_R064_C079,64,79,700750,9533250,1000,1500,2023,10,2023-10,58,15.56,37.38,48.43,5.2553,27.0,3.0,30.0,1,0.4757,0.6181,1
LJ500_R064_C080,64,80,701250,9533250,1500,1500,2023,10,2023-10,58,15.56,37.38,48.43,5.2553,27.0,3.0,30.0,1,0.487,0.63,1
LJ500_R064_C081,64,81,701750,9533250,2000,1500,2023,10,2023-10,58,15.56,37.38,48.43,5.2553,27.0,3.0,30.0,1,0.5337,0.8712,1
LJ500_R064_C082,64,82,702250,9533250,2500,1500,2023,10,2023-10,58,15.56,37.38,48.43,5.2553,27.0,3.0,30.0,1,0.549,0.95,1
LJ500_R064_C083,64,83,702750,9533250,3000,1500,2023,10,2023-10,58,15.56,37.38,48.43,5.2553,27.0,3.0,30.0,1,0.8365,1.4106,1
LJ500_R064_C084,64,84,703250,9533250,3500,1500,2023,10,2023-10,58,15.56,37.38,48.43,5.2553,27.0,3.0,30.0,1,0.8579,1.4553,1
LJ500_R064_C085,64,85,703750,9533250,4000,1500,2023,10,2023-10,58,15.56,37.38,48.43,5.2553,27.0,3.0,30.0,1,0.688,1.37,1
LJ500_R064_C086,64,86,704250,9533250,4500,1500,2023,10,2023-10,58,15.56,37.38,48.43,5.2553,27.0,3.0,30.0,1,0.6683,1.3579,1
LJ500_R065_C077,65,77,699750,9533750,0,2000,2023,10,2023-10,58,12.31,28.74,36.42,5.0901,27.58,2.4215,30.0,1,0.4165,0.5386,1
LJ500_R065_C078,65,78,700250,9533750,500,2000,2023,10,2023-10,58,15.56,37.38,48.43,5.2553,27.0,3.0,30.0,1,0.4203,0.5417,1
LJ500_R065_C079,65,79,700750,9533750,1000,2000,2023,10,2023-10,58,15.56,37.38,48.43,5.2553,27.0,3.0,30.0,1,0.4513,0.5869,1
LJ500_R065_C080,65,80,701250,9533750,1500,2000,2023,10,2023-10,58,15.56,37.38,48.43,5.2553,27.0,3.0,30.0,1,0.4718,0.6169,1
LJ500_R065_C081,65,81,701750,9533750,2000,2000,2023,10,2023-10,58,15.56,37.38,48.43,5.2553,27.0,3.0,30.0,1,0.4669,0.7491,1
LJ500_R065_C082,65,82,702250,9533750,2500,2000,2023,10,2023-10,58,15.56,37.38,48.43,5.2553,27.0,3.0,30.0,1,0.4651,0.7922,1
LJ500_R065_C083,65,83,702750,9533750,3000,2000,2023,10,2023-10,58,15.56,37.38,48.43,5.2553,27.0,3.0,30.0,1,0.6715,1.1382,1
LJ500_R065_C084,65,84,703250,9533750,3500,2000,2023,10,2023-10,58,15.56,37.38,48.43,5.2553,27.0,3.0,30.0,1,0.696,1.1794,1
LJ500_R065_C085,65,85,703750,9533750,4000,2000,2023,10,2023-10,58,15.56,37.38,48.43,5.2553,27.0,3.0,30.0,1,0.742,1.257,1
LJ500_R065_C086,65,86,704250,9533750,4500,2000,2023,10,2023-10,58,15.56,37.38,48.43,5.2553,27.0,3.0,30.0,1,0.7206,1.2699,1
LJ500_R066_C077,66,77,699750,9534250,0,2500,2023,10,2023-10,58,12.3,28.71,36.37,5.0894,27.58,2.4192,30.0,1,0.4114,0.532,1
LJ500_R066_C078,66,78,700250,9534250,500,2500,2023,10,2023-10,58,15.56,37.38,48.43,5.2553,27.0,3.0,30.0,1,0.3997,0.51,1
LJ500_R066_C079,66,79,700750,9534250,1000,2500,2023,10,2023-10,58,15.56,37.38,48.43,5.2553,27.0,3.0,30.0,1,0.438,0.57,1
LJ500_R066_C080,66,80,701250,9534250,1500,2500,2023,10,2023-10,58,15.56,37.38,48.43,5.2553,27.0,3.0,30.0,1,0.4637,0.61,1
LJ500_R066_C081,66,81,701750,9534250,2000,2500,2023,10,2023-10,58,15.56,37.38,48.43,5.2553,27.0,3.0,30.0,1,0.432,0.6849,1
LJ500_R066_C082,66,82,702250,9534250,2500,2500,2023,10,2023-10,58,15.56,37.38,48.43,5.2553,27.0,3.0,30.0,1,0.4213,0.71,1
LJ500_R066_C083,66,83,702750,9534250,3000,2500,2023,10,2023-10,58,15.56,37.38,48.43,5.2553,27.0,3.0,30.0,1,0.5864,0.9975,1
LJ500_R066_C084,66,84,703250,9534250,3500,2500,2023,10,2023-10,58,15.56,37.38,48.43,5.2553,27.0,3.0,30.0,1,0.6129,1.0382,1
LJ500_R066_C085,66,85,703750,9534250,4000,2500,2023,10,2023-10,58,15.56,37.38,48.43,5.2553,27.0,3.0,30.0,1,0.7693,1.2,1
LJ500_R066_C086,66,86,704250,9534250,4500,2500,2023,10,2023-10,58,15.56,37.38,48.43,5.2553,27.0,3.0,30.0,1,0.747,1.2257,1
LJ500_R067_C077,67,77,699750,9534750,0,3000,2023,10,2023-10,58,12.28,28.67,36.32,5.0888,27.58,2.4169,30.0,1,0.4236,0.5623,1
LJ500_R067_C078,67,78,700250,9534750,500,3000,2023,10,2023-10,58,15.56,37.38,48.43,5.2553,27.0,3.0,30.0,1,0.3962,0.518,1
LJ500_R067_C079,67,79,700750,9534750,1000,3000,2023,10,2023-10,58,15.56,37.38,48.43,5.2553,27.0,3.0,30.0,1,0.4249,0.5633,1
LJ500_R067_C080,67,80,701250,9534750,1500,3000,2023,10,2023-10,58,15.56,37.38,48.43,5.2553,27.0,3.0,30.0,1,0.4442,0.5938,1
LJ500_R067_C081,67,81,701750,9534750,2000,3000,2023,10,2023-10,58,15.56,37.38,48.43,5.2553,27.0,3.0,30.0,1,0.4451,0.6139,1
LJ500_R067_C082,67,82,702250,9534750,2500,3000,2023,10,2023-10,58,15.56,37.38,48.43,5.2553,27.0,3.0,30.0,1,0.4455,0.6204,1
LJ500_R067_C083,67,83,702750,9534750,3000,3000,2023,10,2023-10,58,15.56,37.38,48.43,5.2553,27.0,3.0,30.0,1,0.4533,0.6947,1
LJ500_R067_C084,67,84,703250,9534750,3500,3000,2023,10,2023-10,58,15.56,37.38,48.43,5.2553,27.0,3.0,30.0,1,0.4585,0.7143,1
LJ500_R067_C085,67,85,703750,9534750,4000,3000,2023,10,2023-10,58,15.56,37.38,48.43,5.2553,27.0,3.0,30.0,1,0.5558,0.9618,1
LJ500_R067_C086,67,86,704250,9534750,4500,3000,2023,10,2023-10,58,15.56,37.38,48.43,5.2553,27.0,3.0,30.0,1,0.595,1.0218,1
LJ500_R068_C077,68,77,699750,9535250,0,3500,2023,10,2023-10,58,12.27,28.64,36.28,5.0881,27.59,2.4146,30.0,1,0.4268,0.5699,1
LJ500_R068_C078,68,78,700250,9535250,500,3500,2023,10,2023-10,58,15.56,37.38,48.43,5.2553,27.0,3.0,30.0,1,0.3953,0.52,1
LJ500_R068_C079,68,79,700750,9535250,1000,3500,2023,10,2023-10,58,15.56,37.38,48.43,5.2553,27.0,3.0,30.0,1,0.4217,0.5616,1
LJ500_R068_C080,68,80,701250,9535250,1500,3500,2023,10,2023-10,58,15.56,37.38,48.43,5.2553,27.0,3.0,30.0,1,0.4397,0.59,1
LJ500_R068_C081,68,81,701750,9535250,2000,3500,2023,10,2023-10,58,15.56,37.38,48.43,5.2553,27.0,3.0,30.0,1,0.4481,0.5974,1
LJ500_R068_C082,68,82,702250,9535250,2500,3500,2023,10,2023-10,58,15.56,37.38,48.43,5.2553,27.0,3.0,30.0,1,0.451,0.6,1
LJ500_R068_C083,68,83,702750,9535250,3000,3500,2023,10,2023-10,58,15.56,37.38,48.43,5.2553,27.0,3.0,30.0,1,0.4236,0.6268,1
LJ500_R068_C084,68,84,703250,9535250,3500,3500,2023,10,2023-10,58,15.56,37.38,48.43,5.2553,27.0,3.0,30.0,1,0.4242,0.6421,1
LJ500_R068_C085,68,85,703750,9535250,4000,3500,2023,10,2023-10,58,15.56,37.38,48.43,5.2553,27.0,3.0,30.0,1,0.5093,0.91,1
LJ500_R068_C086,68,86,704250,9535250,4500,3500,2023,10,2023-10,58,15.56,37.38,48.43,5.2553,27.0,3.0,30.0,1,0.5618,0.9774,1
LJ500_R069_C077,69,77,699750,9535750,0,4000,2023,10,2023-10,58,11.63,28.14,33.96,3.3445,26.11,3.8866,30.0,1,0.4086,0.5637,1
LJ500_R069_C078,69,78,700250,9535750,500,4000,2023,10,2023-10,58,15.38,39.05,49.52,4.2298,26.07,3.931,30.0,1,0.3902,0.5296,1
LJ500_R069_C079,69,79,700750,9535750,1000,4000,2023,10,2023-10,58,15.38,39.06,49.52,4.2272,26.07,3.9333,30.0,1,0.4161,0.5654,1
LJ500_R069_C080,69,80,701250,9535750,1500,4000,2023,10,2023-10,58,15.38,39.06,49.52,4.2247,26.06,3.9356,30.0,1,0.4339,0.59,1
LJ500_R069_C081,69,81,701750,9535750,2000,4000,2023,10,2023-10,58,15.38,39.06,49.53,4.2221,26.06,3.9379,30.0,1,0.4106,0.6981,1
LJ500_R069_C082,69,82,702250,9535750,2500,4000,2023,10,2023-10,58,15.37,39.07,49.53,4.2196,26.06,3.9403,30.0,1,0.4024,0.7359,1
LJ500_R069_C083,69,83,702750,9535750,3000,4000,2023,10,2023-10,58,15.37,39.07,49.53,4.217,26.06,3.9426,30.0,1,0.3883,0.6936,1
LJ500_R069_C084,69,84,703250,9535750,3500,4000,2023,10,2023-10,58,15.37,39.08,49.53,4.2144,26.06,3.9449,30.0,1,0.3872,0.6856,1
LJ500_R069_C085,69,85,703750,9535750,4000,4000,2023,10,2023-10,58,15.37,39.08,49.54,4.2118,26.05,3.9473,30.0,1,0.4037,0.6166,1
LJ500_R069_C086,69,86,704250,9535750,4500,4000,2023,10,2023-10,58,15.37,39.09,49.54,4.2092,26.05,3.9496,30.0,1,0.4004,0.6209,1
LJ500_R070_C077,70,77,699750,9536250,0,4500,2023,10,2023-10,58,11.57,28.06,33.73,3.2066,26.0,4.0,30.0,1,0.407,0.5629,1
LJ500_R070_C078,70,78,700250,9536250,500,4500,2023,10,2023-10,58,15.36,39.18,49.6,4.1538,26.0,4.0,30.0,1,0.3891,0.53,1
LJ500_R070_C079,70,79,700750,9536250,1000,4500,2023,10,2023-10,58,15.36,39.18,49.6,4.1538,26.0,4.0,30.0,1,0.4139,0.5633,1
LJ500_R070_C080,70,80,701250,9536250,1500,4500,2023,10,2023-10,58,15.36,39.18,49.6,4.1538,26.0,4.0,30.0,1,0.431,0.5863,1
LJ500_R070_C081,70,81,701750,9536250,2000,4500,2023,10,2023-10,58,15.36,39.18,49.6,4.1538,26.0,4.0,30.0,1,0.4092,0.6833,1
LJ500_R070_C082,70,82,702250,9536250,2500,4500,2023,10,2023-10,58,15.36,39.18,49.6,4.1538,26.0,4.0,30.0,1,0.4016,0.717,1
LJ500_R070_C083,70,83,702750,9536250,3000,4500,2023,10,2023-10,58,15.36,39.18,49.6,4.1538,26.0,4.0,30.0,1,0.3908,0.6779,1
LJ500_R070_C084,70,84,703250,9536250,3500,4500,2023,10,2023-10,58,15.36,39.18,49.6,4.1538,26.0,4.0,30.0,1,0.3898,0.6702,1
LJ500_R070_C085,70,85,703750,9536250,4000,4500,2023,10,2023-10,58,15.36,39.18,49.6,4.1538,26.0,4.0,30.0,1,0.3992,0.606,1
LJ500_R070_C086,70,86,704250,9536250,4500,4500,2023,10,2023-10,58,15.36,39.18,49.6,4.1538,26.0,4.0,30.0,1,0.3998,0.6192,1
LJ500_R061_C077,61,77,699750,9531750,0,0,2023,11,2023-11,59,72.9,85.26,101.78,11.7,18.0,13.0,31.0,1,0.4069,0.7454,1
LJ500_R061_C078,61,78,700250,9531750,500,0,2023,11,2023-11,59,81.65,97.21,119.02,13.06,18.0,13.0,31.0,1,0.408,0.74,1
LJ500_R061_C079,61,79,700750,9531750,1000,0,2023,11,2023-11,59,81.65,97.21,119.02,13.06,18.0,13.0,31.0,1,0.4031,0.7175,1
LJ500_R061_C080,61,80,701250,9531750,1500,0,2023,11,2023-11,59,81.65,97.21,119.02,13.06,18.0,13.0,31.0,1,0.4,0.703,1
LJ500_R061_C081,61,81,701750,9531750,2000,0,2023,11,2023-11,59,81.65,97.21,119.02,13.06,18.0,13.0,31.0,1,0.4419,0.817,1
LJ500_R061_C082,61,82,702250,9531750,2500,0,2023,11,2023-11,59,81.65,97.21,119.02,13.06,18.0,13.0,31.0,1,0.4557,0.8538,1
LJ500_R061_C083,61,83,702750,9531750,3000,0,2023,11,2023-11,59,81.65,97.21,119.02,13.06,18.0,13.0,31.0,1,0.5014,0.9817,1
LJ500_R061_C084,61,84,703250,9531750,3500,0,2023,11,2023-11,59,81.65,97.21,119.02,13.06,18.0,13.0,31.0,1,0.5034,0.988,1
LJ500_R061_C085,61,85,703750,9531750,4000,0,2023,11,2023-11,59,81.65,97.21,119.02,13.06,18.0,13.0,31.0,1,0.4534,0.869,1
LJ500_R061_C086,61,86,704250,9531750,4500,0,2023,11,2023-11,59,81.65,97.21,119.02,13.06,18.0,13.0,31.0,1,0.4404,0.8459,1
LJ500_R062_C077,62,77,699750,9532250,0,500,2023,11,2023-11,59,72.87,85.22,101.71,11.69,18.0,13.0,31.0,1,0.3953,0.7346,1
LJ500_R062_C078,62,78,700250,9532250,500,500,2023,11,2023-11,59,81.65,97.21,119.02,13.06,18.0,13.0,31.0,1,0.3997,0.74,1
LJ500_R062_C079,62,79,700750,9532250,1000,500,2023,11,2023-11,59,81.65,97.21,119.02,13.06,18.0,13.0,31.0,1,0.3899,0.6974,1
LJ500_R062_C080,62,80,701250,9532250,1500,500,2023,11,2023-11,59,81.65,97.21,119.02,13.06,18.0,13.0,31.0,1,0.3835,0.67,1
LJ500_R062_C081,62,81,701750,9532250,2000,500,2023,11,2023-11,59,81.65,97.21,119.02,13.06,18.0,13.0,31.0,1,0.5497,0.9885,1
LJ500_R062_C082,62,82,702250,9532250,2500,500,2023,11,2023-11,59,81.65,97.21,119.02,13.06,18.0,13.0,31.0,1,0.6026,1.09,1
LJ500_R062_C083,62,83,702750,9532250,3000,500,2023,11,2023-11,59,81.65,97.21,119.02,13.06,18.0,13.0,31.0,1,0.6907,1.3533,1
LJ500_R062_C084,62,84,703250,9532250,3500,500,2023,11,2023-11,59,81.65,97.21,119.02,13.06,18.0,13.0,31.0,1,0.6953,1.3697,1
LJ500_R062_C085,62,85,703750,9532250,4000,500,2023,11,2023-11,59,81.65,97.21,119.02,13.06,18.0,13.0,31.0,1,0.6226,1.2,1
LJ500_R062_C086,62,86,704250,9532250,4500,500,2023,11,2023-11,59,81.65,97.21,119.02,13.06,18.0,13.0,31.0,1,0.5872,1.1359,1
LJ500_R063_C077,63,77,699750,9532750,0,1000,2023,11,2023-11,59,72.83,85.17,101.64,11.69,18.0,13.0,31.0,1,0.3806,0.7062,1
LJ500_R063_C078,63,78,700250,9532750,500,1000,2023,11,2023-11,59,81.65,97.21,119.02,13.06,18.0,13.0,31.0,1,0.391,0.7302,1
LJ500_R063_C079,63,79,700750,9532750,1000,1000,2023,11,2023-11,59,81.65,97.21,119.02,13.06,18.0,13.0,31.0,1,0.3853,0.6937,1
LJ500_R063_C080,63,80,701250,9532750,1500,1000,2023,11,2023-11,59,81.65,97.21,119.02,13.06,18.0,13.0,31.0,1,0.3816,0.67,1
LJ500_R063_C081,63,81,701750,9532750,2000,1000,2023,11,2023-11,59,81.65,97.21,119.02,13.06,18.0,13.0,31.0,1,0.4872,0.9009,1
LJ500_R063_C082,63,82,702250,9532750,2500,1000,2023,11,2023-11,59,81.65,97.21,119.02,13.06,18.0,13.0,31.0,1,0.5209,0.9748,1
LJ500_R063_C083,63,83,702750,9532750,3000,1000,2023,11,2023-11,59,81.65,97.21,119.02,13.06,18.0,13.0,31.0,1,0.718,1.4464,1
LJ500_R063_C084,63,84,703250,9532750,3500,1000,2023,11,2023-11,59,81.65,97.21,119.02,13.06,18.0,13.0,31.0,1,0.7368,1.4913,1
LJ500_R063_C085,63,85,703750,9532750,4000,1000,2023,11,2023-11,59,81.65,97.21,119.02,13.06,18.0,13.0,31.0,1,0.7028,1.4082,1
LJ500_R063_C086,63,86,704250,9532750,4500,1000,2023,11,2023-11,59,81.65,97.21,119.02,13.06,18.0,13.0,31.0,1,0.683,1.3801,1
LJ500_R064_C077,64,77,699750,9533250,0,1500,2023,11,2023-11,59,72.8,85.12,101.57,11.68,18.0,13.0,31.0,1,0.3652,0.6764,1
LJ500_R064_C078,64,78,700250,9533250,500,1500,2023,11,2023-11,59,81.65,97.21,119.02,13.06,18.0,13.0,31.0,1,0.3819,0.72,1
LJ500_R064_C079,64,79,700750,9533250,1000,1500,2023,11,2023-11,59,81.65,97.21,119.02,13.06,18.0,13.0,31.0,1,0.3806,0.6898,1
LJ500_R064_C080,64,80,701250,9533250,1500,1500,2023,11,2023-11,59,81.65,97.21,119.02,13.06,18.0,13.0,31.0,1,0.3797,0.67,1
LJ500_R064_C081,64,81,701750,9533250,2000,1500,2023,11,2023-11,59,81.65,97.21,119.02,13.06,18.0,13.0,31.0,1,0.4247,0.8132,1
LJ500_R064_C082,64,82,702250,9533250,2500,1500,2023,11,2023-11,59,81.65,97.21,119.02,13.06,18.0,13.0,31.0,1,0.4394,0.86,1
LJ500_R064_C083,64,83,702750,9533250,3000,1500,2023,11,2023-11,59,81.65,97.21,119.02,13.06,18.0,13.0,31.0,1,0.7444,1.5374,1
LJ500_R064_C084,64,84,703250,9533250,3500,1500,2023,11,2023-11,59,81.65,97.21,119.02,13.06,18.0,13.0,31.0,1,0.7773,1.61,1
LJ500_R064_C085,64,85,703750,9533250,4000,1500,2023,11,2023-11,59,81.65,97.21,119.02,13.06,18.0,13.0,31.0,1,0.7806,1.61,1
LJ500_R064_C086,64,86,704250,9533250,4500,1500,2023,11,2023-11,59,81.65,97.21,119.02,13.06,18.0,13.0,31.0,1,0.7747,1.614,1
LJ500_R065_C077,65,77,699750,9533750,0,2000,2023,11,2023-11,59,72.76,85.07,101.5,11.67,18.0,13.0,31.0,1,0.3583,0.6705,1
LJ500_R065_C078,65,78,700250,9533750,500,2000,2023,11,2023-11,59,81.65,97.21,119.02,13.06,18.0,13.0,31.0,1,0.3594,0.6681,1
LJ500_R065_C079,65,79,700750,9533750,1000,2000,2023,11,2023-11,59,81.65,97.21,119.02,13.06,18.0,13.0,31.0,1,0.3688,0.6809,1
LJ500_R065_C080,65,80,701250,9533750,1500,2000,2023,11,2023-11,59,81.65,97.21,119.02,13.06,18.0,13.0,31.0,1,0.375,0.6896,1
LJ500_R065_C081,65,81,701750,9533750,2000,2000,2023,11,2023-11,59,81.65,97.21,119.02,13.06,18.0,13.0,31.0,1,0.3803,0.7291,1
LJ500_R065_C082,65,82,702250,9533750,2500,2000,2023,11,2023-11,59,81.65,97.21,119.02,13.06,18.0,13.0,31.0,1,0.3819,0.7417,1
LJ500_R065_C083,65,83,702750,9533750,3000,2000,2023,11,2023-11,59,81.65,97.21,119.02,13.06,18.0,13.0,31.0,1,0.559,1.1079,1
LJ500_R065_C084,65,84,703250,9533750,3500,2000,2023,11,2023-11,59,81.65,97.21,119.02,13.06,18.0,13.0,31.0,1,0.582,1.1544,1
LJ500_R065_C085,65,85,703750,9533750,4000,2000,2023,11,2023-11,59,81.65,97.21,119.02,13.06,18.0,13.0,31.0,1,0.6612,1.3043,1
LJ500_R065_C086,65,86,704250,9533750,4500,2000,2023,11,2023-11,59,81.65,97.21,119.02,13.06,18.0,13.0,31.0,1,0.6779,1.3605,1
LJ500_R066_C077,66,77,699750,9534250,0,2500,2023,11,2023-11,59,72.73,85.02,101.43,11.67,18.0,13.0,31.0,1,0.3545,0.6675,1
LJ500_R066_C078,66,78,700250,9534250,500,2500,2023,11,2023-11,59,81.65,97.21,119.02,13.06,18.0,13.0,31.0,1,0.3471,0.64,1
LJ500_R066_C079,66,79,700750,9534250,1000,2500,2023,11,2023-11,59,81.65,97.21,119.02,13.06,18.0,13.0,31.0,1,0.3624,0.676,1
LJ500_R066_C080,66,80,701250,9534250,1500,2500,2023,11,2023-11,59,81.65,97.21,119.02,13.06,18.0,13.0,31.0,1,0.3726,0.7,1
LJ500_R066_C081,66,81,701750,9534250,2000,2500,2023,11,2023-11,59,81.65,97.21,119.02,13.06,18.0,13.0,31.0,1,0.3571,0.685,1
LJ500_R066_C082,66,82,702250,9534250,2500,2500,2023,11,2023-11,59,81.65,97.21,119.02,13.06,18.0,13.0,31.0,1,0.3519,0.68,1
LJ500_R066_C083,66,83,702750,9534250,3000,2500,2023,11,2023-11,59,81.65,97.21,119.02,13.06,18.0,13.0,31.0,1,0.4635,0.8867,1
LJ500_R066_C084,66,84,703250,9534250,3500,2500,2023,11,2023-11,59,81.65,97.21,119.02,13.06,18.0,13.0,31.0,1,0.4821,0.9215,1
LJ500_R066_C085,66,85,703750,9534250,4000,2500,2023,11,2023-11,59,81.65,97.21,119.02,13.06,18.0,13.0,31.0,1,0.601,1.15,1
LJ500_R066_C086,66,86,704250,9534250,4500,2500,2023,11,2023-11,59,81.65,97.21,119.02,13.06,18.0,13.0,31.0,1,0.6291,1.2329,1
LJ500_R067_C077,67,77,699750,9534750,0,3000,2023,11,2023-11,59,72.69,84.97,101.36,11.66,18.0,13.0,31.0,1,0.3548,0.6668,1
LJ500_R067_C078,67,78,700250,9534750,500,3000,2023,11,2023-11,59,81.65,97.21,119.02,13.06,18.0,13.0,31.0,1,0.3411,0.648,1
LJ500_R067_C079,67,79,700750,9534750,1000,3000,2023,11,2023-11,59,81.65,97.21,119.02,13.06,18.0,13.0,31.0,1,0.3529,0.6694,1
LJ500_R067_C080,67,80,701250,9534750,1500,3000,2023,11,2023-11,59,81.65,97.21,119.02,13.06,18.0,13.0,31.0,1,0.3608,0.6838,1
LJ500_R067_C081,67,81,701750,9534750,2000,3000,2023,11,2023-11,59,81.65,97.21,119.02,13.06,18.0,13.0,31.0,1,0.3587,0.6567,1
LJ500_R067_C082,67,82,702250,9534750,2500,3000,2023,11,2023-11,59,81.65,97.21,119.02,13.06,18.0,13.0,31.0,1,0.358,0.6474,1
LJ500_R067_C083,67,83,702750,9534750,3000,3000,2023,11,2023-11,59,81.65,97.21,119.02,13.06,18.0,13.0,31.0,1,0.3652,0.6705,1
LJ500_R067_C084,67,84,703250,9534750,3500,3000,2023,11,2023-11,59,81.65,97.21,119.02,13.06,18.0,13.0,31.0,1,0.3695,0.6816,1
LJ500_R067_C085,67,85,703750,9534750,4000,3000,2023,11,2023-11,59,81.65,97.21,119.02,13.06,18.0,13.0,31.0,1,0.4484,0.8708,1
LJ500_R067_C086,67,86,704250,9534750,4500,3000,2023,11,2023-11,59,81.65,97.21,119.02,13.06,18.0,13.0,31.0,1,0.4878,0.9615,1
LJ500_R068_C077,68,77,699750,9535250,0,3500,2023,11,2023-11,59,72.65,84.92,101.29,11.66,18.0,13.0,31.0,1,0.3549,0.6666,1
LJ500_R068_C078,68,78,700250,9535250,500,3500,2023,11,2023-11,59,81.65,97.21,119.02,13.06,18.0,13.0,31.0,1,0.3397,0.65,1
LJ500_R068_C079,68,79,700750,9535250,1000,3500,2023,11,2023-11,59,81.65,97.21,119.02,13.06,18.0,13.0,31.0,1,0.3506,0.6678,1
LJ500_R068_C080,68,80,701250,9535250,1500,3500,2023,11,2023-11,59,81.65,97.21,119.02,13.06,18.0,13.0,31.0,1,0.3581,0.68,1
LJ500_R068_C081,68,81,701750,9535250,2000,3500,2023,11,2023-11,59,81.65,97.21,119.02,13.06,18.0,13.0,31.0,1,0.359,0.6502,1
LJ500_R068_C082,68,82,702250,9535250,2500,3500,2023,11,2023-11,59,81.65,97.21,119.02,13.06,18.0,13.0,31.0,1,0.3594,0.64,1
LJ500_R068_C083,68,83,702750,9535250,3000,3500,2023,11,2023-11,59,81.65,97.21,119.02,13.06,18.0,13.0,31.0,1,0.3432,0.6221,1
LJ500_R068_C084,68,84,703250,9535250,3500,3500,2023,11,2023-11,59,81.65,97.21,119.02,13.06,18.0,13.0,31.0,1,0.3445,0.6282,1
LJ500_R068_C085,68,85,703750,9535250,4000,3500,2023,11,2023-11,59,81.65,97.21,119.02,13.06,18.0,13.0,31.0,1,0.4152,0.81,1
LJ500_R068_C086,68,86,704250,9535250,4500,3500,2023,11,2023-11,59,81.65,97.21,119.02,13.06,18.0,13.0,31.0,1,0.4571,0.9025,1
LJ500_R069_C077,69,77,699750,9535750,0,4000,2023,11,2023-11,59,69.89,81.52,98.02,10.0,18.55,12.45,31.0,1,0.3463,0.6763,1
LJ500_R069_C078,69,78,700250,9535750,500,4000,2023,11,2023-11,59,80.97,96.35,120.02,10.57,18.0,13.0,31.0,1,0.3366,0.6596,1
LJ500_R069_C079,69,79,700750,9535750,1000,4000,2023,11,2023-11,59,80.97,96.35,120.03,10.56,18.0,13.0,31.0,1,0.3467,0.6546,1
LJ500_R069_C080,69,80,701250,9535750,1500,4000,2023,11,2023-11,59,80.97,96.35,120.03,10.56,18.0,13.0,31.0,1,0.3537,0.651,1
LJ500_R069_C081,69,81,701750,9535750,2000,4000,2023,11,2023-11,59,80.97,96.34,120.03,10.55,18.0,13.0,31.0,1,0.3495,0.6788,1
LJ500_R069_C082,69,82,702250,9535750,2500,4000,2023,11,2023-11,59,80.97,96.34,120.03,10.54,18.0,13.0,31.0,1,0.3481,0.6886,1
LJ500_R069_C083,69,83,702750,9535750,3000,4000,2023,11,2023-11,59,80.96,96.34,120.04,10.54,18.0,13.0,31.0,1,0.3317,0.6535,1
LJ500_R069_C084,69,84,703250,9535750,3500,4000,2023,11,2023-11,59,80.96,96.34,120.04,10.53,18.0,13.0,31.0,1,0.3296,0.6471,1
LJ500_R069_C085,69,85,703750,9535750,4000,4000,2023,11,2023-11,59,80.96,96.33,120.04,10.52,18.0,13.0,31.0,1,0.3293,0.5948,1
LJ500_R069_C086,69,86,704250,9535750,4500,4000,2023,11,2023-11,59,80.96,96.33,120.04,10.52,18.0,13.0,31.0,1,0.3274,0.5979,1
LJ500_R070_C077,70,77,699750,9536250,0,4500,2023,11,2023-11,59,69.63,81.2,97.69,9.8727,18.59,12.41,31.0,1,0.3454,0.6742,1
LJ500_R070_C078,70,78,700250,9536250,500,4500,2023,11,2023-11,59,80.92,96.29,120.1,10.38,18.0,13.0,31.0,1,0.3358,0.66,1
LJ500_R070_C079,70,79,700750,9536250,1000,4500,2023,11,2023-11,59,80.92,96.29,120.1,10.38,18.0,13.0,31.0,1,0.3455,0.6512,1
LJ500_R070_C080,70,80,701250,9536250,1500,4500,2023,11,2023-11,59,80.92,96.29,120.1,10.38,18.0,13.0,31.0,1,0.3522,0.6451,1
LJ500_R070_C081,70,81,701750,9536250,2000,4500,2023,11,2023-11,59,80.92,96.29,120.1,10.38,18.0,13.0,31.0,1,0.3478,0.669,1
LJ500_R070_C082,70,82,702250,9536250,2500,4500,2023,11,2023-11,59,80.92,96.29,120.1,10.38,18.0,13.0,31.0,1,0.3463,0.6772,1
LJ500_R070_C083,70,83,702750,9536250,3000,4500,2023,11,2023-11,59,80.92,96.29,120.1,10.38,18.0,13.0,31.0,1,0.3321,0.6472,1
LJ500_R070_C084,70,84,703250,9536250,3500,4500,2023,11,2023-11,59,80.92,96.29,120.1,10.38,18.0,13.0,31.0,1,0.3302,0.6412,1
LJ500_R070_C085,70,85,703750,9536250,4000,4500,2023,11,2023-11,59,80.92,96.29,120.1,10.38,18.0,13.0,31.0,1,0.3263,0.5873,1
LJ500_R070_C086,70,86,704250,9536250,4500,4500,2023,11,2023-11,59,80.92,96.29,120.1,10.38,18.0,13.0,31.0,1,0.3273,0.5961,1
LJ500_R061_C077,61,77,699750,9531750,0,0,2023,12,2023-12,60,77.42,150.32,162.68,19.02,21.0,9.0,30.0,1,0.3078,0.6775,1
LJ500_R061_C078,61,78,700250,9531750,500,0,2023,12,2023-12,60,79.34,160.99,176.55,17.63,21.0,9.0,30.0,1,0.3182,0.7133,1
LJ500_R061_C079,61,79,700750,9531750,1000,0,2023,12,2023-12,60,79.34,160.99,176.55,17.63,21.0,9.0,30.0,1,0.3273,0.7357,1
LJ500_R061_C080,61,80,701250,9531750,1500,0,2023,12,2023-12,60,79.34,160.99,176.55,17.63,21.0,9.0,30.0,1,0.3332,0.7502,1
LJ500_R061_C081,61,81,701750,9531750,2000,0,2023,12,2023-12,60,79.34,160.99,176.55,17.63,21.0,9.0,30.0,1,0.4684,0.931,1
LJ500_R061_C082,61,82,702250,9531750,2500,0,2023,12,2023-12,60,79.34,160.99,176.55,17.63,21.0,9.0,30.0,1,0.5116,0.9891,1
LJ500_R061_C083,61,83,702750,9531750,3000,0,2023,12,2023-12,60,79.34,160.99,176.55,17.63,21.0,9.0,30.0,1,0.5709,1.0667,1
LJ500_R061_C084,61,84,703250,9531750,3500,0,2023,12,2023-12,60,79.34,160.99,176.55,17.63,21.0,9.0,30.0,1,0.573,1.0707,1
LJ500_R061_C085,61,85,703750,9531750,4000,0,2023,12,2023-12,60,79.34,160.99,176.55,17.63,21.0,9.0,30.0,1,0.5038,0.9941,1
LJ500_R061_C086,61,86,704250,9531750,4500,0,2023,12,2023-12,60,79.34,160.99,176.55,17.63,21.0,9.0,30.0,1,0.4891,0.967,1
LJ500_R062_C077,62,77,699750,9532250,0,500,2023,12,2023-12,60,77.41,150.28,162.63,19.02,21.0,9.0,30.0,1,0.29,0.6368,1
LJ500_R062_C078,62,78,700250,9532250,500,500,2023,12,2023-12,60,79.34,160.99,176.55,17.63,21.0,9.0,30.0,1,0.3013,0.68,1
LJ500_R062_C079,62,79,700750,9532250,1000,500,2023,12,2023-12,60,79.34,160.99,176.55,17.63,21.0,9.0,30.0,1,0.3269,0.7348,1
LJ500_R062_C080,62,80,701250,9532250,1500,500,2023,12,2023-12,60,79.34,160.99,176.55,17.63,21.0,9.0,30.0,1,0.3433,0.77,1
LJ500_R062_C081,62,81,701750,9532250,2000,500,2023,12,2023-12,60,79.34,160.99,176.55,17.63,21.0,9.0,30.0,1,0.6252,1.2099,1
LJ500_R062_C082,62,82,702250,9532250,2500,500,2023,12,2023-12,60,79.34,160.99,176.55,17.63,21.0,9.0,30.0,1,0.715,1.35,1
LJ500_R062_C083,62,83,702750,9532250,3000,500,2023,12,2023-12,60,79.34,160.99,176.55,17.63,21.0,9.0,30.0,1,0.7849,1.4499,1
LJ500_R062_C084,62,84,703250,9532250,3500,500,2023,12,2023-12,60,79.34,160.99,176.55,17.63,21.0,9.0,30.0,1,0.7886,1.456,1
LJ500_R062_C085,62,85,703750,9532250,4000,500,2023,12,2023-12,60,79.34,160.99,176.55,17.63,21.0,9.0,30.0,1,0.7327,1.39,1
LJ500_R062_C086,62,86,704250,9532250,4500,500,2023,12,2023-12,60,79.34,160.99,176.55,17.63,21.0,9.0,30.0,1,0.6945,1.3176,1
LJ500_R063_C077,63,77,699750,9532750,0,1000,2023,12,2023-12,60,77.41,150.24,162.57,19.03,21.0,9.0,30.0,1,0.2762,0.6023,1
LJ500_R063_C078,63,78,700250,9532750,500,1000,2023,12,2023-12,60,79.34,160.99,176.55,17.63,21.0,9.0,30.0,1,0.2897,0.6456,1
LJ500_R063_C079,63,79,700750,9532750,1000,1000,2023,12,2023-12,60,79.34,160.99,176.55,17.63,21.0,9.0,30.0,1,0.3168,0.715,1
LJ500_R063_C080,63,80,701250,9532750,1500,1000,2023,12,2023-12,60,79.34,160.99,176.55,17.63,21.0,9.0,30.0,1,0.3344,0.7601,1
LJ500_R063_C081,63,81,701750,9532750,2000,1000,2023,12,2023-12,60,79.34,160.99,176.55,17.63,21.0,9.0,30.0,1,0.5487,1.0629,1
LJ500_R063_C082,63,82,702250,9532750,2500,1000,2023,12,2023-12,60,79.34,160.99,176.55,17.63,21.0,9.0,30.0,1,0.6174,1.1597,1
LJ500_R063_C083,63,83,702750,9532750,3000,1000,2023,12,2023-12,60,79.34,160.99,176.55,17.63,21.0,9.0,30.0,1,0.7593,1.4224,1
LJ500_R063_C084,63,84,703250,9532750,3500,1000,2023,12,2023-12,60,79.34,160.99,176.55,17.63,21.0,9.0,30.0,1,0.7674,1.4449,1
LJ500_R063_C085,63,85,703750,9532750,4000,1000,2023,12,2023-12,60,79.34,160.99,176.55,17.63,21.0,9.0,30.0,1,0.6511,1.3595,1
LJ500_R063_C086,63,86,704250,9532750,4500,1000,2023,12,2023-12,60,79.34,160.99,176.55,17.63,21.0,9.0,30.0,1,0.6243,1.317,1
LJ500_R064_C077,64,77,699750,9533250,0,1500,2023,12,2023-12,60,77.4,150.19,162.52,19.04,21.0,9.0,30.0,1,0.2619,0.5664,1
LJ500_R064_C078,64,78,700250,9533250,500,1500,2023,12,2023-12,60,79.34,160.99,176.55,17.63,21.0,9.0,30.0,1,0.2777,0.61,1
LJ500_R064_C079,64,79,700750,9533250,1000,1500,2023,12,2023-12,60,79.34,160.99,176.55,17.63,21.0,9.0,30.0,1,0.3065,0.6946,1
LJ500_R064_C080,64,80,701250,9533250,1500,1500,2023,12,2023-12,60,79.34,160.99,176.55,17.63,21.0,9.0,30.0,1,0.3253,0.75,1
LJ500_R064_C081,64,81,701750,9533250,2000,1500,2023,12,2023-12,60,79.34,160.99,176.55,17.63,21.0,9.0,30.0,1,0.4721,0.9158,1
LJ500_R064_C082,64,82,702250,9533250,2500,1500,2023,12,2023-12,60,79.34,160.99,176.55,17.63,21.0,9.0,30.0,1,0.52,0.97,1
LJ500_R064_C083,64,83,702750,9533250,3000,1500,2023,12,2023-12,60,79.34,160.99,176.55,17.63,21.0,9.0,30.0,1,0.7338,1.3945,1
LJ500_R064_C084,64,84,703250,9533250,3500,1500,2023,12,2023-12,60,79.34,160.99,176.55,17.63,21.0,9.0,30.0,1,0.7469,1.4342,1
LJ500_R064_C085,64,85,703750,9533250,4000,1500,2023,12,2023-12,60,79.34,160.99,176.55,17.63,21.0,9.0,30.0,1,0.572,1.33,1
LJ500_R064_C086,64,86,704250,9533250,4500,1500,2023,12,2023-12,60,79.34,160.99,176.55,17.63,21.0,9.0,30.0,1,0.5566,1.3159,1
LJ500_R065_C077,65,77,699750,9533750,0,2000,2023,12,2023-12,60,77.39,150.15,162.46,19.04,21.0,9.0,30.0,1,0.253,0.5505,1
LJ500_R065_C078,65,78,700250,9533750,500,2000,2023,12,2023-12,60,79.34,160.99,176.55,17.63,21.0,9.0,30.0,1,0.2545,0.5517,1
LJ500_R065_C079,65,79,700750,9533750,1000,2000,2023,12,2023-12,60,79.34,160.99,176.55,17.63,21.0,9.0,30.0,1,0.2805,0.6357,1
LJ500_R065_C080,65,80,701250,9533750,1500,2000,2023,12,2023-12,60,79.34,160.99,176.55,17.63,21.0,9.0,30.0,1,0.2977,0.6912,1
LJ500_R065_C081,65,81,701750,9533750,2000,2000,2023,12,2023-12,60,79.34,160.99,176.55,17.63,21.0,9.0,30.0,1,0.3922,0.7973,1
LJ500_R065_C082,65,82,702250,9533750,2500,2000,2023,12,2023-12,60,79.34,160.99,176.55,17.63,21.0,9.0,30.0,1,0.4231,0.8319,1
LJ500_R065_C083,65,83,702750,9533750,3000,2000,2023,12,2023-12,60,79.34,160.99,176.55,17.63,21.0,9.0,30.0,1,0.616,1.1717,1
LJ500_R065_C084,65,84,703250,9533750,3500,2000,2023,12,2023-12,60,79.34,160.99,176.55,17.63,21.0,9.0,30.0,1,0.6381,1.215,1
LJ500_R065_C085,65,85,703750,9533750,4000,2000,2023,12,2023-12,60,79.34,160.99,176.55,17.63,21.0,9.0,30.0,1,0.6633,1.3433,1
LJ500_R065_C086,65,86,704250,9533750,4500,2000,2023,12,2023-12,60,79.34,160.99,176.55,17.63,21.0,9.0,30.0,1,0.6388,1.332,1
LJ500_R066_C077,66,77,699750,9534250,0,2500,2023,12,2023-12,60,77.38,150.11,162.4,19.05,21.0,9.0,30.0,1,0.2482,0.542,1
LJ500_R066_C078,66,78,700250,9534250,500,2500,2023,12,2023-12,60,79.34,160.99,176.55,17.63,21.0,9.0,30.0,1,0.242,0.52,1
LJ500_R066_C079,66,79,700750,9534250,1000,2500,2023,12,2023-12,60,79.34,160.99,176.55,17.63,21.0,9.0,30.0,1,0.2666,0.6039,1
LJ500_R066_C080,66,80,701250,9534250,1500,2500,2023,12,2023-12,60,79.34,160.99,176.55,17.63,21.0,9.0,30.0,1,0.283,0.66,1
LJ500_R066_C081,66,81,701750,9534250,2000,2500,2023,12,2023-12,60,79.34,160.99,176.55,17.63,21.0,9.0,30.0,1,0.3502,0.7349,1
LJ500_R066_C082,66,82,702250,9534250,2500,2500,2023,12,2023-12,60,79.34,160.99,176.55,17.63,21.0,9.0,30.0,1,0.3727,0.76,1
LJ500_R066_C083,66,83,702750,9534250,3000,2500,2023,12,2023-12,60,79.34,160.99,176.55,17.63,21.0,9.0,30.0,1,0.5551,1.0565,1
LJ500_R066_C084,66,84,703250,9534250,3500,2500,2023,12,2023-12,60,79.34,160.99,176.55,17.63,21.0,9.0,30.0,1,0.5821,1.1025,1
LJ500_R066_C085,66,85,703750,9534250,4000,2500,2023,12,2023-12,60,79.34,160.99,176.55,17.63,21.0,9.0,30.0,1,0.7093,1.35,1
LJ500_R066_C086,66,86,704250,9534250,4500,2500,2023,12,2023-12,60,79.34,160.99,176.55,17.63,21.0,9.0,30.0,1,0.6801,1.3401,1
LJ500_R067_C077,67,77,699750,9534750,0,3000,2023,12,2023-12,60,77.37,150.06,162.35,19.05,21.0,9.0,30.0,1,0.2631,0.6077,1
LJ500_R067_C078,67,78,700250,9534750,500,3000,2023,12,2023-12,60,79.34,160.99,176.55,17.63,21.0,9.0,30.0,1,0.2385,0.528,1
LJ500_R067_C079,67,79,700750,9534750,1000,3000,2023,12,2023-12,60,79.34,160.99,176.55,17.63,21.0,9.0,30.0,1,0.2574,0.5924,1
LJ500_R067_C080,67,80,701250,9534750,1500,3000,2023,12,2023-12,60,79.34,160.99,176.55,17.63,21.0,9.0,30.0,1,0.27,0.6357,1
LJ500_R067_C081,67,81,701750,9534750,2000,3000,2023,12,2023-12,60,79.34,160.99,176.55,17.63,21.0,9.0,30.0,1,0.303,0.6921,1
LJ500_R067_C082,67,82,702250,9534750,2500,3000,2023,12,2023-12,60,79.34,160.99,176.55,17.63,21.0,9.0,30.0,1,0.314,0.7111,1
LJ500_R067_C083,67,83,702750,9534750,3000,3000,2023,12,2023-12,60,79.34,160.99,176.55,17.63,21.0,9.0,30.0,1,0.3641,0.7872,1
LJ500_R067_C084,67,84,703250,9534750,3500,3000,2023,12,2023-12,60,79.34,160.99,176.55,17.63,21.0,9.0,30.0,1,0.3769,0.8063,1
LJ500_R067_C085,67,85,703750,9534750,4000,3000,2023,12,2023-12,60,79.34,160.99,176.55,17.63,21.0,9.0,30.0,1,0.5355,1.0379,1
LJ500_R067_C086,67,86,704250,9534750,4500,3000,2023,12,2023-12,60,79.34,160.99,176.55,17.63,21.0,9.0,30.0,1,0.5659,1.0963,1
LJ500_R068_C077,68,77,699750,9535250,0,3500,2023,12,2023-12,60,77.37,150.02,162.29,19.06,21.0,9.0,30.0,1,0.2669,0.6243,1
LJ500_R068_C078,68,78,700250,9535250,500,3500,2023,12,2023-12,60,79.34,160.99,176.55,17.63,21.0,9.0,30.0,1,0.2377,0.53,1
LJ500_R068_C079,68,79,700750,9535250,1000,3500,2023,12,2023-12,60,79.34,160.99,176.55,17.63,21.0,9.0,30.0,1,0.2551,0.5895,1
LJ500_R068_C080,68,80,701250,9535250,1500,3500,2023,12,2023-12,60,79.34,160.99,176.55,17.63,21.0,9.0,30.0,1,0.267,0.63,1
LJ500_R068_C081,68,81,701750,9535250,2000,3500,2023,12,2023-12,60,79.34,160.99,176.55,17.63,21.0,9.0,30.0,1,0.2921,0.6821,1
LJ500_R068_C082,68,82,702250,9535250,2500,3500,2023,12,2023-12,60,79.34,160.99,176.55,17.63,21.0,9.0,30.0,1,0.3007,0.7,1
LJ500_R068_C083,68,83,702750,9535250,3000,3500,2023,12,2023-12,60,79.34,160.99,176.55,17.63,21.0,9.0,30.0,1,0.3212,0.7268,1
LJ500_R068_C084,68,84,703250,9535250,3500,3500,2023,12,2023-12,60,79.34,160.99,176.55,17.63,21.0,9.0,30.0,1,0.3312,0.7404,1
LJ500_R068_C085,68,85,703750,9535250,4000,3500,2023,12,2023-12,60,79.34,160.99,176.55,17.63,21.0,9.0,30.0,1,0.4977,0.97,1
LJ500_R068_C086,68,86,704250,9535250,4500,3500,2023,12,2023-12,60,79.34,160.99,176.55,17.63,21.0,9.0,30.0,1,0.5408,1.0432,1
LJ500_R069_C077,69,77,699750,9535750,0,4000,2023,12,2023-12,60,75.85,145.74,157.37,16.83,20.07,9.9287,30.0,1,0.2485,0.5915,1
LJ500_R069_C078,69,78,700250,9535750,500,4000,2023,12,2023-12,60,78.49,159.46,174.84,18.77,20.07,9.931,30.0,1,0.2329,0.5396,1
LJ500_R069_C079,69,79,700750,9535750,1000,4000,2023,12,2023-12,60,78.49,159.46,174.83,18.77,20.07,9.9333,30.0,1,0.2594,0.6161,1
LJ500_R069_C080,69,80,701250,9535750,1500,4000,2023,12,2023-12,60,78.49,159.45,174.83,18.77,20.06,9.9356,30.0,1,0.2776,0.6687,1
LJ500_R069_C081,69,81,701750,9535750,2000,4000,2023,12,2023-12,60,78.48,159.45,174.83,18.78,20.06,9.9379,30.0,1,0.3575,0.7495,1
LJ500_R069_C082,69,82,702250,9535750,2500,4000,2023,12,2023-12,60,78.48,159.45,174.82,18.78,20.06,9.9403,30.0,1,0.3855,0.7777,1
LJ500_R069_C083,69,83,702750,9535750,3000,4000,2023,12,2023-12,60,78.48,159.44,174.82,18.78,20.06,9.9426,30.0,1,0.3596,0.7439,1
LJ500_R069_C084,69,84,703250,9535750,3500,4000,2023,12,2023-12,60,78.48,159.44,174.81,18.79,20.06,9.9449,30.0,1,0.3549,0.7384,1
LJ500_R069_C085,69,85,703750,9535750,4000,4000,2023,12,2023-12,60,78.47,159.44,174.81,18.79,20.05,9.9473,30.0,1,0.3157,0.7059,1
LJ500_R069_C086,69,86,704250,9535750,4500,4000,2023,12,2023-12,60,78.47,159.43,174.8,18.79,20.05,9.9496,30.0,1,0.3179,0.7066,1
LJ500_R070_C077,70,77,699750,9536250,0,4500,2023,12,2023-12,60,75.72,145.36,156.92,16.65,20.0,10.0,30.0,1,0.2481,0.5923,1
LJ500_R070_C078,70,78,700250,9536250,500,4500,2023,12,2023-12,60,78.43,159.35,174.71,18.85,20.0,10.0,30.0,1,0.2322,0.54,1
LJ500_R070_C079,70,79,700750,9536250,1000,4500,2023,12,2023-12,60,78.43,159.35,174.71,18.85,20.0,10.0,30.0,1,0.2602,0.6189,1
LJ500_R070_C080,70,80,701250,9536250,1500,4500,2023,12,2023-12,60,78.43,159.35,174.71,18.85,20.0,10.0,30.0,1,0.2798,0.6737,1
LJ500_R070_C081,70,81,701750,9536250,2000,4500,2023,12,2023-12,60,78.43,159.35,174.71,18.85,20.0,10.0,30.0,1,0.3515,0.7449,1
LJ500_R070_C082,70,82,702250,9536250,2500,4500,2023,12,2023-12,60,78.43,159.35,174.71,18.85,20.0,10.0,30.0,1,0.3765,0.7698,1
LJ500_R070_C083,70,83,702750,9536250,3000,4500,2023,12,2023-12,60,78.43,159.35,174.71,18.85,20.0,10.0,30.0,1,0.3499,0.7329,1
LJ500_R070_C084,70,84,703250,9536250,3500,4500,2023,12,2023-12,60,78.43,159.35,174.71,18.85,20.0,10.0,30.0,1,0.345,0.7269,1
LJ500_R070_C085,70,85,703750,9536250,4000,4500,2023,12,2023-12,60,78.43,159.35,174.71,18.85,20.0,10.0,30.0,1,0.3103,0.6987,1
LJ500_R070_C086,70,86,704250,9536250,4500,4500,2023,12,2023-12,60,78.43,159.35,174.71,18.85,20.0,10.0,30.0,1,0.3181,0.7084,1
LJ500_R061_C077,61,77,699750,9531750,0,0,2024,1,2024-01,61,78.67,156.09,229.0,26.51,25.0,6.0,31.0,1,0.2443,0.5106,1
LJ500_R061_C078,61,78,700250,9531750,500,0,2024,1,2024-01,61,81.62,160.97,242.61,28.24,25.0,6.0,31.0,1,0.2585,0.5266,1
LJ500_R061_C079,61,79,700750,9531750,1000,0,2024,1,2024-01,61,81.62,160.97,242.61,28.24,25.0,6.0,31.0,1,0.2757,0.543,1
LJ500_R061_C080,61,80,701250,9531750,1500,0,2024,1,2024-01,61,81.62,160.97,242.61,28.24,25.0,6.0,31.0,1,0.2867,0.5536,1
LJ500_R061_C081,61,81,701750,9531750,2000,0,2024,1,2024-01,61,81.62,160.97,242.61,28.24,25.0,6.0,31.0,1,0.4878,0.9203,1
LJ500_R061_C082,61,82,702250,9531750,2500,0,2024,1,2024-01,61,81.62,160.97,242.61,28.24,25.0,6.0,31.0,1,0.552,1.0373,1
LJ500_R061_C083,61,83,702750,9531750,3000,0,2024,1,2024-01,61,81.62,160.97,242.61,28.24,25.0,6.0,31.0,1,0.6389,1.1814,1
LJ500_R061_C084,61,84,703250,9531750,3500,0,2024,1,2024-01,61,81.62,160.97,242.61,28.24,25.0,6.0,31.0,1,0.6425,1.187,1
LJ500_R061_C085,61,85,703750,9531750,4000,0,2024,1,2024-01,61,81.62,160.97,242.61,28.24,25.0,6.0,31.0,1,0.5521,1.0308,1
LJ500_R061_C086,61,86,704250,9531750,4500,0,2024,1,2024-01,61,81.62,160.97,242.61,28.24,25.0,6.0,31.0,1,0.5348,1.0021,1
LJ500_R062_C077,62,77,699750,9532250,0,500,2024,1,2024-01,61,78.66,156.07,228.94,26.5,25.0,6.0,31.0,1,0.2265,0.4838,1
LJ500_R062_C078,62,78,700250,9532250,500,500,2024,1,2024-01,61,81.62,160.97,242.61,28.24,25.0,6.0,31.0,1,0.2413,0.5,1
LJ500_R062_C079,62,79,700750,9532250,1000,500,2024,1,2024-01,61,81.62,160.97,242.61,28.24,25.0,6.0,31.0,1,0.2812,0.5487,1
LJ500_R062_C080,62,80,701250,9532250,1500,500,2024,1,2024-01,61,81.62,160.97,242.61,28.24,25.0,6.0,31.0,1,0.3068,0.58,1
LJ500_R062_C081,62,81,701750,9532250,2000,500,2024,1,2024-01,61,81.62,160.97,242.61,28.24,25.0,6.0,31.0,1,0.6977,1.2702,1
LJ500_R062_C082,62,82,702250,9532250,2500,500,2024,1,2024-01,61,81.62,160.97,242.61,28.24,25.0,6.0,31.0,1,0.8223,1.49,1
LJ500_R062_C083,62,83,702750,9532250,3000,500,2024,1,2024-01,61,81.62,160.97,242.61,28.24,25.0,6.0,31.0,1,0.9139,1.6262,1
LJ500_R062_C084,62,84,703250,9532250,3500,500,2024,1,2024-01,61,81.62,160.97,242.61,28.24,25.0,6.0,31.0,1,0.9196,1.6348,1
LJ500_R062_C085,62,85,703750,9532250,4000,500,2024,1,2024-01,61,81.62,160.97,242.61,28.24,25.0,6.0,31.0,1,0.8603,1.55,1
LJ500_R062_C086,62,86,704250,9532250,4500,500,2024,1,2024-01,61,81.62,160.97,242.61,28.24,25.0,6.0,31.0,1,0.8149,1.4797,1
LJ500_R063_C077,63,77,699750,9532750,0,1000,2024,1,2024-01,61,78.65,156.05,228.89,26.49,25.0,6.0,31.0,1,0.2163,0.4664,1
LJ500_R063_C078,63,78,700250,9532750,500,1000,2024,1,2024-01,61,81.62,160.97,242.61,28.24,25.0,6.0,31.0,1,0.2281,0.4853,1
LJ500_R063_C079,63,79,700750,9532750,1000,1000,2024,1,2024-01,61,81.62,160.97,242.61,28.24,25.0,6.0,31.0,1,0.2682,0.5307,1
LJ500_R063_C080,63,80,701250,9532750,1500,1000,2024,1,2024-01,61,81.62,160.97,242.61,28.24,25.0,6.0,31.0,1,0.2941,0.5602,1
LJ500_R063_C081,63,81,701750,9532750,2000,1000,2024,1,2024-01,61,81.62,160.97,242.61,28.24,25.0,6.0,31.0,1,0.6029,1.1162,1
LJ500_R063_C082,63,82,702250,9532750,2500,1000,2024,1,2024-01,61,81.62,160.97,242.61,28.24,25.0,6.0,31.0,1,0.7019,1.2947,1
LJ500_R063_C083,63,83,702750,9532750,3000,1000,2024,1,2024-01,61,81.62,160.97,242.61,28.24,25.0,6.0,31.0,1,0.8759,1.5663,1
LJ500_R063_C084,63,84,703250,9532750,3500,1000,2024,1,2024-01,61,81.62,160.97,242.61,28.24,25.0,6.0,31.0,1,0.8861,1.5807,1
LJ500_R063_C085,63,85,703750,9532750,4000,1000,2024,1,2024-01,61,81.62,160.97,242.61,28.24,25.0,6.0,31.0,1,0.7491,1.3418,1
LJ500_R063_C086,63,86,704250,9532750,4500,1000,2024,1,2024-01,61,81.62,160.97,242.61,28.24,25.0,6.0,31.0,1,0.7153,1.3005,1
LJ500_R064_C077,64,77,699750,9533250,0,1500,2024,1,2024-01,61,78.64,156.03,228.83,26.49,25.0,6.0,31.0,1,0.2057,0.4482,1
LJ500_R064_C078,64,78,700250,9533250,500,1500,2024,1,2024-01,61,81.62,160.97,242.61,28.24,25.0,6.0,31.0,1,0.2145,0.47,1
LJ500_R064_C079,64,79,700750,9533250,1000,1500,2024,1,2024-01,61,81.62,160.97,242.61,28.24,25.0,6.0,31.0,1,0.2549,0.5123,1
LJ500_R064_C080,64,80,701250,9533250,1500,1500,2024,1,2024-01,61,81.62,160.97,242.61,28.24,25.0,6.0,31.0,1,0.2813,0.54,1
LJ500_R064_C081,64,81,701750,9533250,2000,1500,2024,1,2024-01,61,81.62,160.97,242.61,28.24,25.0,6.0,31.0,1,0.5079,0.9621,1
LJ500_R064_C082,64,82,702250,9533250,2500,1500,2024,1,2024-01,61,81.62,160.97,242.61,28.24,25.0,6.0,31.0,1,0.5819,1.1,1
LJ500_R064_C083,64,83,702750,9533250,3000,1500,2024,1,2024-01,61,81.62,160.97,242.61,28.24,25.0,6.0,31.0,1,0.838,1.5064,1
LJ500_R064_C084,64,84,703250,9533250,3500,1500,2024,1,2024-01,61,81.62,160.97,242.61,28.24,25.0,6.0,31.0,1,0.8537,1.5284,1
LJ500_R064_C085,64,85,703750,9533250,4000,1500,2024,1,2024-01,61,81.62,160.97,242.61,28.24,25.0,6.0,31.0,1,0.6413,1.14,1
LJ500_R064_C086,64,86,704250,9533250,4500,1500,2024,1,2024-01,61,81.62,160.97,242.61,28.24,25.0,6.0,31.0,1,0.6193,1.1279,1
LJ500_R065_C077,65,77,699750,9533750,0,2000,2024,1,2024-01,61,78.62,156.01,228.77,26.48,25.0,6.0,31.0,1,0.1961,0.4306,1
LJ500_R065_C078,65,78,700250,9533750,500,2000,2024,1,2024-01,61,81.62,160.97,242.61,28.24,25.0,6.0,31.0,1,0.1986,0.4311,1
LJ500_R065_C079,65,79,700750,9533750,1000,2000,2024,1,2024-01,61,81.62,160.97,242.61,28.24,25.0,6.0,31.0,1,0.2279,0.4653,1
LJ500_R065_C080,65,80,701250,9533750,1500,2000,2024,1,2024-01,61,81.62,160.97,242.61,28.24,25.0,6.0,31.0,1,0.2472,0.4878,1
LJ500_R065_C081,65,81,701750,9533750,2000,2000,2024,1,2024-01,61,81.62,160.97,242.61,28.24,25.0,6.0,31.0,1,0.3969,0.7706,1
LJ500_R065_C082,65,82,702250,9533750,2500,2000,2024,1,2024-01,61,81.62,160.97,242.61,28.24,25.0,6.0,31.0,1,0.446,0.8633,1
LJ500_R065_C083,65,83,702750,9533750,3000,2000,2024,1,2024-01,61,81.62,160.97,242.61,28.24,25.0,6.0,31.0,1,0.7044,1.3035,1
LJ500_R065_C084,65,84,703250,9533750,3500,2000,2024,1,2024-01,61,81.62,160.97,242.61,28.24,25.0,6.0,31.0,1,0.7343,1.3532,1
LJ500_R065_C085,65,85,703750,9533750,4000,2000,2024,1,2024-01,61,81.62,160.97,242.61,28.24,25.0,6.0,31.0,1,0.7727,1.3925,1
LJ500_R065_C086,65,86,704250,9533750,4500,2000,2024,1,2024-01,61,81.62,160.97,242.61,28.24,25.0,6.0,31.0,1,0.7398,1.3415,1
LJ500_R066_C077,66,77,699750,9534250,0,2500,2024,1,2024-01,61,78.61,155.99,228.72,26.47,25.0,6.0,31.0,1,0.1909,0.421,1
LJ500_R066_C078,66,78,700250,9534250,500,2500,2024,1,2024-01,61,81.62,160.97,242.61,28.24,25.0,6.0,31.0,1,0.19,0.41,1
LJ500_R066_C079,66,79,700750,9534250,1000,2500,2024,1,2024-01,61,81.62,160.97,242.61,28.24,25.0,6.0,31.0,1,0.2134,0.44,1
LJ500_R066_C080,66,80,701250,9534250,1500,2500,2024,1,2024-01,61,81.62,160.97,242.61,28.24,25.0,6.0,31.0,1,0.229,0.46,1
LJ500_R066_C081,66,81,701750,9534250,2000,2500,2024,1,2024-01,61,81.62,160.97,242.61,28.24,25.0,6.0,31.0,1,0.3385,0.6697,1
LJ500_R066_C082,66,82,702250,9534250,2500,2500,2024,1,2024-01,61,81.62,160.97,242.61,28.24,25.0,6.0,31.0,1,0.3752,0.74,1
LJ500_R066_C083,66,83,702750,9534250,3000,2500,2024,1,2024-01,61,81.62,160.97,242.61,28.24,25.0,6.0,31.0,1,0.6352,1.1982,1
LJ500_R066_C084,66,84,703250,9534250,3500,2500,2024,1,2024-01,61,81.62,160.97,242.61,28.24,25.0,6.0,31.0,1,0.6729,1.263,1
LJ500_R066_C085,66,85,703750,9534250,4000,2500,2024,1,2024-01,61,81.62,160.97,242.61,28.24,25.0,6.0,31.0,1,0.839,1.52,1
LJ500_R066_C086,66,86,704250,9534250,4500,2500,2024,1,2024-01,61,81.62,160.97,242.61,28.24,25.0,6.0,31.0,1,0.8003,1.4489,1
LJ500_R067_C077,67,77,699750,9534750,0,3000,2024,1,2024-01,61,78.6,155.97,228.66,26.46,25.0,6.0,31.0,1,0.207,0.4352,1
LJ500_R067_C078,67,78,700250,9534750,500,3000,2024,1,2024-01,61,81.62,160.97,242.61,28.24,25.0,6.0,31.0,1,0.1832,0.402,1
LJ500_R067_C079,67,79,700750,9534750,1000,3000,2024,1,2024-01,61,81.62,160.97,242.61,28.24,25.0,6.0,31.0,1,0.202,0.427,1
LJ500_R067_C080,67,80,701250,9534750,1500,3000,2024,1,2024-01,61,81.62,160.97,242.61,28.24,25.0,6.0,31.0,1,0.2147,0.4438,1
LJ500_R067_C081,67,81,701750,9534750,2000,3000,2024,1,2024-01,61,81.62,160.97,242.61,28.24,25.0,6.0,31.0,1,0.2621,0.5195,1
LJ500_R067_C082,67,82,702250,9534750,2500,3000,2024,1,2024-01,61,81.62,160.97,242.61,28.24,25.0,6.0,31.0,1,0.278,0.5446,1
LJ500_R067_C083,67,83,702750,9534750,3000,3000,2024,1,2024-01,61,81.62,160.97,242.61,28.24,25.0,6.0,31.0,1,0.3609,0.6937,1
LJ500_R067_C084,67,84,703250,9534750,3500,3000,2024,1,2024-01,61,81.62,160.97,242.61,28.24,25.0,6.0,31.0,1,0.3813,0.7308,1
LJ500_R067_C085,67,85,703750,9534750,4000,3000,2024,1,2024-01,61,81.62,160.97,242.61,28.24,25.0,6.0,31.0,1,0.6236,1.1751,1
LJ500_R067_C086,67,86,704250,9534750,4500,3000,2024,1,2024-01,61,81.62,160.97,242.61,28.24,25.0,6.0,31.0,1,0.6623,1.234,1
LJ500_R068_C077,68,77,699750,9535250,0,3500,2024,1,2024-01,61,78.59,155.95,228.61,26.46,25.0,6.0,31.0,1,0.2111,0.4388,1
LJ500_R068_C078,68,78,700250,9535250,500,3500,2024,1,2024-01,61,81.62,160.97,242.61,28.24,25.0,6.0,31.0,1,0.1816,0.4,1
LJ500_R068_C079,68,79,700750,9535250,1000,3500,2024,1,2024-01,61,81.62,160.97,242.61,28.24,25.0,6.0,31.0,1,0.1993,0.4238,1
LJ500_R068_C080,68,80,701250,9535250,1500,3500,2024,1,2024-01,61,81.62,160.97,242.61,28.24,25.0,6.0,31.0,1,0.2113,0.44,1
LJ500_R068_C081,68,81,701750,9535250,2000,3500,2024,1,2024-01,61,81.62,160.97,242.61,28.24,25.0,6.0,31.0,1,0.2444,0.4847,1
LJ500_R068_C082,68,82,702250,9535250,2500,3500,2024,1,2024-01,61,81.62,160.97,242.61,28.24,25.0,6.0,31.0,1,0.2558,0.5,1
LJ500_R068_C083,68,83,702750,9535250,3000,3500,2024,1,2024-01,61,81.62,160.97,242.61,28.24,25.0,6.0,31.0,1,0.2993,0.5804,1
LJ500_R068_C084,68,84,703250,9535250,3500,3500,2024,1,2024-01,61,81.62,160.97,242.61,28.24,25.0,6.0,31.0,1,0.3163,0.6121,1
LJ500_R068_C085,68,85,703750,9535250,4000,3500,2024,1,2024-01,61,81.62,160.97,242.61,28.24,25.0,6.0,31.0,1,0.5768,1.1,1
LJ500_R068_C086,68,86,704250,9535250,4500,3500,2024,1,2024-01,61,81.62,160.97,242.61,28.24,25.0,6.0,31.0,1,0.632,1.1867,1
LJ500_R069_C077,69,77,699750,9535750,0,4000,2024,1,2024-01,61,72.96,148.81,218.7,22.99,24.07,6.9287,31.0,1,0.1897,0.408,1
LJ500_R069_C078,69,78,700250,9535750,500,4000,2024,1,2024-01,61,76.96,155.45,236.42,22.07,24.07,6.931,31.0,1,0.176,0.3904,1
LJ500_R069_C079,69,79,700750,9535750,1000,4000,2024,1,2024-01,61,76.94,155.43,236.4,22.05,24.07,6.9333,31.0,1,0.2052,0.4255,1
LJ500_R069_C080,69,80,701250,9535750,1500,4000,2024,1,2024-01,61,76.93,155.42,236.39,22.03,24.06,6.9356,31.0,1,0.2253,0.4497,1
LJ500_R069_C081,69,81,701750,9535750,2000,4000,2024,1,2024-01,61,76.92,155.4,236.37,22.02,24.06,6.9379,31.0,1,0.36,0.7099,1
LJ500_R069_C082,69,82,702250,9535750,2500,4000,2024,1,2024-01,61,76.91,155.39,236.36,22.0,24.06,6.9403,31.0,1,0.4071,0.801,1
LJ500_R069_C083,69,83,702750,9535750,3000,4000,2024,1,2024-01,61,76.9,155.38,236.34,21.99,24.06,6.9426,31.0,1,0.3742,0.7344,1
LJ500_R069_C084,69,84,703250,9535750,3500,4000,2024,1,2024-01,61,76.89,155.36,236.33,21.97,24.06,6.9449,31.0,1,0.3675,0.7207,1
LJ500_R069_C085,69,85,703750,9535750,4000,4000,2024,1,2024-01,61,76.87,155.35,236.31,21.96,24.05,6.9473,31.0,1,0.3004,0.5816,1
LJ500_R069_C086,69,86,704250,9535750,4500,4000,2024,1,2024-01,61,76.86,155.34,236.29,21.94,24.05,6.9496,31.0,1,0.3062,0.5932,1
LJ500_R070_C077,70,77,699750,9536250,0,4500,2024,1,2024-01,61,72.51,148.24,217.87,22.73,24.0,7.0,31.0,1,0.1896,0.407,1
LJ500_R070_C078,70,78,700250,9536250,500,4500,2024,1,2024-01,61,76.61,155.04,235.96,21.61,24.0,7.0,31.0,1,0.1753,0.3876,1
LJ500_R070_C079,70,79,700750,9536250,1000,4500,2024,1,2024-01,61,76.61,155.04,235.96,21.61,24.0,7.0,31.0,1,0.2069,0.4287,1
LJ500_R070_C080,70,80,701250,9536250,1500,4500,2024,1,2024-01,61,76.61,155.04,235.96,21.61,24.0,7.0,31.0,1,0.2289,0.4574,1
LJ500_R070_C081,70,81,701750,9536250,2000,4500,2024,1,2024-01,61,76.61,155.04,235.96,21.61,24.0,7.0,31.0,1,0.3503,0.6922,1
LJ500_R070_C082,70,82,702250,9536250,2500,4500,2024,1,2024-01,61,76.61,155.04,235.96,21.61,24.0,7.0,31.0,1,0.3926,0.7742,1
LJ500_R070_C083,70,83,702750,9536250,3000,4500,2024,1,2024-01,61,76.61,155.04,235.96,21.61,24.0,7.0,31.0,1,0.358,0.7036,1
LJ500_R070_C084,70,84,703250,9536250,3500,4500,2024,1,2024-01,61,76.61,155.04,235.96,21.61,24.0,7.0,31.0,1,0.3511,0.6893,1
LJ500_R070_C085,70,85,703750,9536250,4000,4500,2024,1,2024-01,61,76.61,155.04,235.96,21.61,24.0,7.0,31.0,1,0.2927,0.5673,1
LJ500_R070_C086,70,86,704250,9536250,4500,4500,2024,1,2024-01,61,76.61,155.04,235.96,21.61,24.0,7.0,31.0,1,0.307,0.5948,1
LJ500_R061_C077,61,77,699750,9531750,0,0,2024,2,2024-02,62,76.18,154.85,232.28,19.92,22.0,9.0,31.0,1,0.1807,0.3352,1
LJ500_R061_C078,61,78,700250,9531750,500,0,2024,2,2024-02,62,73.15,154.77,234.12,18.45,22.0,9.0,31.0,1,0.1988,0.3566,1
LJ500_R061_C079,61,79,700750,9531750,1000,0,2024,2,2024-02,62,73.15,154.77,234.12,18.45,22.0,9.0,31.0,1,0.221,0.4017,1
LJ500_R061_C080,61,80,701250,9531750,1500,0,2024,2,2024-02,62,73.15,154.77,234.12,18.45,22.0,9.0,31.0,1,0.2354,0.4307,1
LJ500_R061_C081,61,81,701750,9531750,2000,0,2024,2,2024-02,62,73.15,154.77,234.12,18.45,22.0,9.0,31.0,1,0.4346,0.8815,1
LJ500_R061_C082,61,82,702250,9531750,2500,0,2024,2,2024-02,62,73.15,154.77,234.12,18.45,22.0,9.0,31.0,1,0.498,1.0251,1
LJ500_R061_C083,61,83,702750,9531750,3000,0,2024,2,2024-02,62,73.15,154.77,234.12,18.45,22.0,9.0,31.0,1,0.5673,1.1908,1
LJ500_R061_C084,61,84,703250,9531750,3500,0,2024,2,2024-02,62,73.15,154.77,234.12,18.45,22.0,9.0,31.0,1,0.5698,1.198,1
LJ500_R061_C085,61,85,703750,9531750,4000,0,2024,2,2024-02,62,73.15,154.77,234.12,18.45,22.0,9.0,31.0,1,0.4904,1.0299,1
LJ500_R061_C086,61,86,704250,9531750,4500,0,2024,2,2024-02,62,73.15,154.77,234.12,18.45,22.0,9.0,31.0,1,0.4751,0.9963,1
LJ500_R062_C077,62,77,699750,9532250,0,500,2024,2,2024-02,62,76.2,154.86,232.27,19.93,22.0,9.0,31.0,1,0.16,0.31,1
LJ500_R062_C078,62,78,700250,9532250,500,500,2024,2,2024-02,62,73.15,154.77,234.12,18.45,22.0,9.0,31.0,1,0.1752,0.31,1
LJ500_R062_C079,62,79,700750,9532250,1000,500,2024,2,2024-02,62,73.15,154.77,234.12,18.45,22.0,9.0,31.0,1,0.2327,0.4318,1
LJ500_R062_C080,62,80,701250,9532250,1500,500,2024,2,2024-02,62,73.15,154.77,234.12,18.45,22.0,9.0,31.0,1,0.2697,0.51,1
LJ500_R062_C081,62,81,701750,9532250,2000,500,2024,2,2024-02,62,73.15,154.77,234.12,18.45,22.0,9.0,31.0,1,0.6244,1.2987,1
LJ500_R062_C082,62,82,702250,9532250,2500,500,2024,2,2024-02,62,73.15,154.77,234.12,18.45,22.0,9.0,31.0,1,0.7374,1.55,1
LJ500_R062_C083,62,83,702750,9532250,3000,500,2024,2,2024-02,62,73.15,154.77,234.12,18.45,22.0,9.0,31.0,1,0.8039,1.7134,1
LJ500_R062_C084,62,84,703250,9532250,3500,500,2024,2,2024-02,62,73.15,154.77,234.12,18.45,22.0,9.0,31.0,1,0.8074,1.7248,1
LJ500_R062_C085,62,85,703750,9532250,4000,500,2024,2,2024-02,62,73.15,154.77,234.12,18.45,22.0,9.0,31.0,1,0.7542,1.64,1
LJ500_R062_C086,62,86,704250,9532250,4500,500,2024,2,2024-02,62,73.15,154.77,234.12,18.45,22.0,9.0,31.0,1,0.7146,1.551,1
LJ500_R063_C077,63,77,699750,9532750,0,1000,2024,2,2024-02,62,76.21,154.86,232.26,19.93,22.0,9.0,31.0,1,0.1536,0.3135,1
LJ500_R063_C078,63,78,700250,9532750,500,1000,2024,2,2024-02,62,73.15,154.77,234.12,18.45,22.0,9.0,31.0,1,0.1604,0.3002,1
LJ500_R063_C079,63,79,700750,9532750,1000,1000,2024,2,2024-02,62,73.15,154.77,234.12,18.45,22.0,9.0,31.0,1,0.2168,0.4065,1
LJ500_R063_C080,63,80,701250,9532750,1500,1000,2024,2,2024-02,62,73.15,154.77,234.12,18.45,22.0,9.0,31.0,1,0.2534,0.4753,1
LJ500_R063_C081,63,81,701750,9532750,2000,1000,2024,2,2024-02,62,73.15,154.77,234.12,18.45,22.0,9.0,31.0,1,0.5379,1.1183,1
LJ500_R063_C082,63,82,702250,9532750,2500,1000,2024,2,2024-02,62,73.15,154.77,234.12,18.45,22.0,9.0,31.0,1,0.6292,1.3247,1
LJ500_R063_C083,63,83,702750,9532750,3000,1000,2024,2,2024-02,62,73.15,154.77,234.12,18.45,22.0,9.0,31.0,1,0.7472,1.5367,1
LJ500_R063_C084,63,84,703250,9532750,3500,1000,2024,2,2024-02,62,73.15,154.77,234.12,18.45,22.0,9.0,31.0,1,0.7508,1.5438,1
LJ500_R063_C085,63,85,703750,9532750,4000,1000,2024,2,2024-02,62,73.15,154.77,234.12,18.45,22.0,9.0,31.0,1,0.6037,1.2947,1
LJ500_R063_C086,63,86,704250,9532750,4500,1000,2024,2,2024-02,62,73.15,154.77,234.12,18.45,22.0,9.0,31.0,1,0.5782,1.2615,1
LJ500_R064_C077,64,77,699750,9533250,0,1500,2024,2,2024-02,62,76.22,154.86,232.25,19.94,22.0,9.0,31.0,1,0.1469,0.3173,1
LJ500_R064_C078,64,78,700250,9533250,500,1500,2024,2,2024-02,62,73.15,154.77,234.12,18.45,22.0,9.0,31.0,1,0.1452,0.29,1
LJ500_R064_C079,64,79,700750,9533250,1000,1500,2024,2,2024-02,62,73.15,154.77,234.12,18.45,22.0,9.0,31.0,1,0.2005,0.3806,1
LJ500_R064_C080,64,80,701250,9533250,1500,1500,2024,2,2024-02,62,73.15,154.77,234.12,18.45,22.0,9.0,31.0,1,0.2368,0.44,1
LJ500_R064_C081,64,81,701750,9533250,2000,1500,2024,2,2024-02,62,73.15,154.77,234.12,18.45,22.0,9.0,31.0,1,0.4512,0.9375,1
LJ500_R064_C082,64,82,702250,9533250,2500,1500,2024,2,2024-02,62,73.15,154.77,234.12,18.45,22.0,9.0,31.0,1,0.5213,1.1,1
LJ500_R064_C083,64,83,702750,9533250,3000,1500,2024,2,2024-02,62,73.15,154.77,234.12,18.45,22.0,9.0,31.0,1,0.6909,1.3619,1
LJ500_R064_C084,64,84,703250,9533250,3500,1500,2024,2,2024-02,62,73.15,154.77,234.12,18.45,22.0,9.0,31.0,1,0.6958,1.3674,1
LJ500_R064_C085,64,85,703750,9533250,4000,1500,2024,2,2024-02,62,73.15,154.77,234.12,18.45,22.0,9.0,31.0,1,0.4577,0.96,1
LJ500_R064_C086,64,86,704250,9533250,4500,1500,2024,2,2024-02,62,73.15,154.77,234.12,18.45,22.0,9.0,31.0,1,0.447,0.9822,1
LJ500_R065_C077,65,77,699750,9533750,0,2000,2024,2,2024-02,62,76.23,154.86,232.25,19.95,22.0,9.0,31.0,1,0.1373,0.3191,1
LJ500_R065_C078,65,78,700250,9533750,500,2000,2024,2,2024-02,62,73.15,154.77,234.12,18.45,22.0,9.0,31.0,1,0.1391,0.3094,1
LJ500_R065_C079,65,79,700750,9533750,1000,2000,2024,2,2024-02,62,73.15,154.77,234.12,18.45,22.0,9.0,31.0,1,0.1706,0.3293,1
LJ500_R065_C080,65,80,701250,9533750,1500,2000,2024,2,2024-02,62,73.15,154.77,234.12,18.45,22.0,9.0,31.0,1,0.1913,0.3421,1
LJ500_R065_C081,65,81,701750,9533750,2000,2000,2024,2,2024-02,62,73.15,154.77,234.12,18.45,22.0,9.0,31.0,1,0.3532,0.7195,1
LJ500_R065_C082,65,82,702250,9533750,2500,2000,2024,2,2024-02,62,73.15,154.77,234.12,18.45,22.0,9.0,31.0,1,0.4063,0.8436,1
LJ500_R065_C083,65,83,702750,9533750,3000,2000,2024,2,2024-02,62,73.15,154.77,234.12,18.45,22.0,9.0,31.0,1,0.6121,1.2525,1
LJ500_R065_C084,65,84,703250,9533750,3500,2000,2024,2,2024-02,62,73.15,154.77,234.12,18.45,22.0,9.0,31.0,1,0.6349,1.3012,1
LJ500_R065_C085,65,85,703750,9533750,4000,2000,2024,2,2024-02,62,73.15,154.77,234.12,18.45,22.0,9.0,31.0,1,0.6447,1.3786,1
LJ500_R065_C086,65,86,704250,9533750,4500,2000,2024,2,2024-02,62,73.15,154.77,234.12,18.45,22.0,9.0,31.0,1,0.604,1.2969,1
LJ500_R066_C077,66,77,699750,9534250,0,2500,2024,2,2024-02,62,76.24,154.86,232.24,19.95,22.0,9.0,31.0,1,0.1321,0.32,1
LJ500_R066_C078,66,78,700250,9534250,500,2500,2024,2,2024-02,62,73.15,154.77,234.12,18.45,22.0,9.0,31.0,1,0.1358,0.32,1
LJ500_R066_C079,66,79,700750,9534250,1000,2500,2024,2,2024-02,62,73.15,154.77,234.12,18.45,22.0,9.0,31.0,1,0.1546,0.302,1
LJ500_R066_C080,66,80,701250,9534250,1500,2500,2024,2,2024-02,62,73.15,154.77,234.12,18.45,22.0,9.0,31.0,1,0.1671,0.29,1
LJ500_R066_C081,66,81,701750,9534250,2000,2500,2024,2,2024-02,62,73.15,154.77,234.12,18.45,22.0,9.0,31.0,1,0.3014,0.6046,1
LJ500_R066_C082,66,82,702250,9534250,2500,2500,2024,2,2024-02,62,73.15,154.77,234.12,18.45,22.0,9.0,31.0,1,0.3465,0.71,1
LJ500_R066_C083,66,83,702750,9534250,3000,2500,2024,2,2024-02,62,73.15,154.77,234.12,18.45,22.0,9.0,31.0,1,0.5711,1.1952,1
LJ500_R066_C084,66,84,703250,9534250,3500,2500,2024,2,2024-02,62,73.15,154.77,234.12,18.45,22.0,9.0,31.0,1,0.6033,1.2663,1
LJ500_R066_C085,66,85,703750,9534250,4000,2500,2024,2,2024-02,62,73.15,154.77,234.12,18.45,22.0,9.0,31.0,1,0.739,1.59,1
LJ500_R066_C086,66,86,704250,9534250,4500,2500,2024,2,2024-02,62,73.15,154.77,234.12,18.45,22.0,9.0,31.0,1,0.6831,1.4558,1
LJ500_R067_C077,67,77,699750,9534750,0,3000,2024,2,2024-02,62,76.26,154.86,232.23,19.96,22.0,9.0,31.0,1,0.1536,0.3341,1
LJ500_R067_C078,67,78,700250,9534750,500,3000,2024,2,2024-02,62,73.15,154.77,234.12,18.45,22.0,9.0,31.0,1,0.1254,0.312,1
LJ500_R067_C079,67,79,700750,9534750,1000,3000,2024,2,2024-02,62,73.15,154.77,234.12,18.45,22.0,9.0,31.0,1,0.1407,0.2844,1
LJ500_R067_C080,67,80,701250,9534750,1500,3000,2024,2,2024-02,62,73.15,154.77,234.12,18.45,22.0,9.0,31.0,1,0.1509,0.2657,1
LJ500_R067_C081,67,81,701750,9534750,2000,3000,2024,2,2024-02,62,73.15,154.77,234.12,18.45,22.0,9.0,31.0,1,0.2134,0.4034,1
LJ500_R067_C082,67,82,702250,9534750,2500,3000,2024,2,2024-02,62,73.15,154.77,234.12,18.45,22.0,9.0,31.0,1,0.2343,0.4494,1
LJ500_R067_C083,67,83,702750,9534750,3000,3000,2024,2,2024-02,62,73.15,154.77,234.12,18.45,22.0,9.0,31.0,1,0.3235,0.6472,1
LJ500_R067_C084,67,84,703250,9534750,3500,3000,2024,2,2024-02,62,73.15,154.77,234.12,18.45,22.0,9.0,31.0,1,0.3432,0.6926,1
LJ500_R067_C085,67,85,703750,9534750,4000,3000,2024,2,2024-02,62,73.15,154.77,234.12,18.45,22.0,9.0,31.0,1,0.5552,1.1958,1
LJ500_R067_C086,67,86,704250,9534750,4500,3000,2024,2,2024-02,62,73.15,154.77,234.12,18.45,22.0,9.0,31.0,1,0.5828,1.2516,1
LJ500_R068_C077,68,77,699750,9535250,0,3500,2024,2,2024-02,62,76.27,154.86,232.22,19.96,22.0,9.0,31.0,1,0.159,0.3377,1
LJ500_R068_C078,68,78,700250,9535250,500,3500,2024,2,2024-02,62,73.15,154.77,234.12,18.45,22.0,9.0,31.0,1,0.1229,0.31,1
LJ500_R068_C079,68,79,700750,9535250,1000,3500,2024,2,2024-02,62,73.15,154.77,234.12,18.45,22.0,9.0,31.0,1,0.1373,0.2803,1
LJ500_R068_C080,68,80,701250,9535250,1500,3500,2024,2,2024-02,62,73.15,154.77,234.12,18.45,22.0,9.0,31.0,1,0.1471,0.26,1
LJ500_R068_C081,68,81,701750,9535250,2000,3500,2024,2,2024-02,62,73.15,154.77,234.12,18.45,22.0,9.0,31.0,1,0.193,0.3568,1
LJ500_R068_C082,68,82,702250,9535250,2500,3500,2024,2,2024-02,62,73.15,154.77,234.12,18.45,22.0,9.0,31.0,1,0.2087,0.39,1
LJ500_R068_C083,68,83,702750,9535250,3000,3500,2024,2,2024-02,62,73.15,154.77,234.12,18.45,22.0,9.0,31.0,1,0.2678,0.5241,1
LJ500_R068_C084,68,84,703250,9535250,3500,3500,2024,2,2024-02,62,73.15,154.77,234.12,18.45,22.0,9.0,31.0,1,0.2852,0.5647,1
LJ500_R068_C085,68,85,703750,9535250,4000,3500,2024,2,2024-02,62,73.15,154.77,234.12,18.45,22.0,9.0,31.0,1,0.5152,1.11,1
LJ500_R068_C086,68,86,704250,9535250,4500,3500,2024,2,2024-02,62,73.15,154.77,234.12,18.45,22.0,9.0,31.0,1,0.5607,1.2063,1
LJ500_R069_C077,69,77,699750,9535750,0,4000,2024,2,2024-02,62,69.54,142.5,218.35,16.85,22.0,9.0,31.0,1,0.1303,0.2909,1
LJ500_R069_C078,69,78,700250,9535750,500,4000,2024,2,2024-02,62,68.44,145.39,223.88,15.98,22.0,9.0,31.0,1,0.1145,0.3004,1
LJ500_R069_C079,69,79,700750,9535750,1000,4000,2024,2,2024-02,62,68.43,145.37,223.86,15.98,22.0,9.0,31.0,1,0.1489,0.3107,1
LJ500_R069_C080,69,80,701250,9535750,1500,4000,2024,2,2024-02,62,68.41,145.35,223.83,15.97,22.0,9.0,31.0,1,0.1727,0.318,1
LJ500_R069_C081,69,81,701750,9535750,2000,4000,2024,2,2024-02,62,68.4,145.32,223.81,15.97,22.0,9.0,31.0,1,0.3235,0.6735,1
LJ500_R069_C082,69,82,702250,9535750,2500,4000,2024,2,2024-02,62,68.39,145.3,223.78,15.96,22.0,9.0,31.0,1,0.3763,0.7978,1
LJ500_R069_C083,69,83,702750,9535750,3000,4000,2024,2,2024-02,62,68.38,145.28,223.76,15.95,22.0,9.0,31.0,1,0.3469,0.7329,1
LJ500_R069_C084,69,84,703250,9535750,3500,4000,2024,2,2024-02,62,68.37,145.25,223.73,15.95,22.0,9.0,31.0,1,0.3405,0.7184,1
LJ500_R069_C085,69,85,703750,9535750,4000,4000,2024,2,2024-02,62,68.36,145.23,223.7,15.94,22.0,9.0,31.0,1,0.2713,0.5525,1
LJ500_R069_C086,69,86,704250,9535750,4500,4000,2024,2,2024-02,62,68.34,145.21,223.68,15.94,22.0,9.0,31.0,1,0.2771,0.5679,1
LJ500_R070_C077,70,77,699750,9536250,0,4500,2024,2,2024-02,62,69.03,141.54,217.27,16.62,22.0,9.0,31.0,1,0.1307,0.2909,1
LJ500_R070_C078,70,78,700250,9536250,500,4500,2024,2,2024-02,62,68.09,144.7,223.13,15.8,22.0,9.0,31.0,1,0.1135,0.2988,1
LJ500_R070_C079,70,79,700750,9536250,1000,4500,2024,2,2024-02,62,68.09,144.7,223.13,15.8,22.0,9.0,31.0,1,0.1519,0.3178,1
LJ500_R070_C080,70,80,701250,9536250,1500,4500,2024,2,2024-02,62,68.09,144.7,223.13,15.8,22.0,9.0,31.0,1,0.1787,0.3311,1
LJ500_R070_C081,70,81,701750,9536250,2000,4500,2024,2,2024-02,62,68.09,144.7,223.13,15.8,22.0,9.0,31.0,1,0.3147,0.652,1
LJ500_R070_C082,70,82,702250,9536250,2500,4500,2024,2,2024-02,62,68.09,144.7,223.13,15.8,22.0,9.0,31.0,1,0.3622,0.764,1
LJ500_R070_C083,70,83,702750,9536250,3000,4500,2024,2,2024-02,62,68.09,144.7,223.13,15.8,22.0,9.0,31.0,1,0.3279,0.6874,1
LJ500_R070_C084,70,84,703250,9536250,3500,4500,2024,2,2024-02,62,68.09,144.7,223.13,15.8,22.0,9.0,31.0,1,0.321,0.6716,1
LJ500_R070_C085,70,85,703750,9536250,4000,4500,2024,2,2024-02,62,68.09,144.7,223.13,15.8,22.0,9.0,31.0,1,0.2643,0.5373,1
LJ500_R070_C086,70,86,704250,9536250,4500,4500,2024,2,2024-02,62,68.09,144.7,223.13,15.8,22.0,9.0,31.0,1,0.2776,0.5691,1
LJ500_R061_C077,61,77,699750,9531750,0,0,2024,3,2024-03,63,92.79,168.97,247.64,26.84,24.0,5.0,29.0,1,0.2392,0.5013,1
LJ500_R061_C078,61,78,700250,9531750,500,0,2024,3,2024-03,63,92.57,165.72,247.34,27.55,24.0,5.0,29.0,1,0.2412,0.5066,1
LJ500_R061_C079,61,79,700750,9531750,1000,0,2024,3,2024-03,63,92.57,165.72,247.34,27.55,24.0,5.0,29.0,1,0.2451,0.5271,1
LJ500_R061_C080,61,80,701250,9531750,1500,0,2024,3,2024-03,63,92.57,165.72,247.34,27.55,24.0,5.0,29.0,1,0.2476,0.5402,1
LJ500_R061_C081,61,81,701750,9531750,2000,0,2024,3,2024-03,63,92.57,165.72,247.34,27.55,24.0,5.0,29.0,1,0.3689,0.8464,1
LJ500_R061_C082,61,82,702250,9531750,2500,0,2024,3,2024-03,63,92.57,165.72,247.34,27.55,24.0,5.0,29.0,1,0.4079,0.9445,1
LJ500_R061_C083,61,83,702750,9531750,3000,0,2024,3,2024-03,63,92.57,165.72,247.34,27.55,24.0,5.0,29.0,1,0.4859,1.0694,1
LJ500_R061_C084,61,84,703250,9531750,3500,0,2024,3,2024-03,63,92.57,165.72,247.34,27.55,24.0,5.0,29.0,1,0.4899,1.0771,1
LJ500_R061_C085,61,85,703750,9531750,4000,0,2024,3,2024-03,63,92.57,165.72,247.34,27.55,24.0,5.0,29.0,1,0.4185,0.9753,1
LJ500_R061_C086,61,86,704250,9531750,4500,0,2024,3,2024-03,63,92.57,165.72,247.34,27.55,24.0,5.0,29.0,1,0.4016,0.9391,1
LJ500_R062_C077,62,77,699750,9532250,0,500,2024,3,2024-03,63,92.79,168.98,247.64,26.83,24.0,5.0,29.0,1,0.2295,0.4854,1
LJ500_R062_C078,62,78,700250,9532250,500,500,2024,3,2024-03,63,92.57,165.72,247.34,27.55,24.0,5.0,29.0,1,0.2293,0.48,1
LJ500_R062_C079,62,79,700750,9532250,1000,500,2024,3,2024-03,63,92.57,165.72,247.34,27.55,24.0,5.0,29.0,1,0.24,0.5287,1
LJ500_R062_C080,62,80,701250,9532250,1500,500,2024,3,2024-03,63,92.57,165.72,247.34,27.55,24.0,5.0,29.0,1,0.2469,0.56,1
LJ500_R062_C081,62,81,701750,9532250,2000,500,2024,3,2024-03,63,92.57,165.72,247.34,27.55,24.0,5.0,29.0,1,0.5416,1.2198,1
LJ500_R062_C082,62,82,702250,9532250,2500,500,2024,3,2024-03,63,92.57,165.72,247.34,27.55,24.0,5.0,29.0,1,0.6355,1.43,1
LJ500_R062_C083,62,83,702750,9532250,3000,500,2024,3,2024-03,63,92.57,165.72,247.34,27.55,24.0,5.0,29.0,1,0.7567,1.6479,1
LJ500_R062_C084,62,84,703250,9532250,3500,500,2024,3,2024-03,63,92.57,165.72,247.34,27.55,24.0,5.0,29.0,1,0.7641,1.6625,1
LJ500_R062_C085,62,85,703750,9532250,4000,500,2024,3,2024-03,63,92.57,165.72,247.34,27.55,24.0,5.0,29.0,1,0.6848,1.54,1
LJ500_R062_C086,62,86,704250,9532250,4500,500,2024,3,2024-03,63,92.57,165.72,247.34,27.55,24.0,5.0,29.0,1,0.6376,1.4366,1
LJ500_R063_C077,63,77,699750,9532750,0,1000,2024,3,2024-03,63,92.79,169.0,247.65,26.83,24.0,5.0,29.0,1,0.2272,0.4916,1
LJ500_R063_C078,63,78,700250,9532750,500,1000,2024,3,2024-03,63,92.57,165.72,247.34,27.55,24.0,5.0,29.0,1,0.2222,0.4702,1
LJ500_R063_C079,63,79,700750,9532750,1000,1000,2024,3,2024-03,63,92.57,165.72,247.34,27.55,24.0,5.0,29.0,1,0.2318,0.5097,1
LJ500_R063_C080,63,80,701250,9532750,1500,1000,2024,3,2024-03,63,92.57,165.72,247.34,27.55,24.0,5.0,29.0,1,0.238,0.5352,1
LJ500_R063_C081,63,81,701750,9532750,2000,1000,2024,3,2024-03,63,92.57,165.72,247.34,27.55,24.0,5.0,29.0,1,0.4502,1.0045,1
LJ500_R063_C082,63,82,702250,9532750,2500,1000,2024,3,2024-03,63,92.57,165.72,247.34,27.55,24.0,5.0,29.0,1,0.5181,1.1546,1
LJ500_R063_C083,63,83,702750,9532750,3000,1000,2024,3,2024-03,63,92.57,165.72,247.34,27.55,24.0,5.0,29.0,1,0.7643,1.53,1
LJ500_R063_C084,63,84,703250,9532750,3500,1000,2024,3,2024-03,63,92.57,165.72,247.34,27.55,24.0,5.0,29.0,1,0.7852,1.572,1
LJ500_R063_C085,63,85,703750,9532750,4000,1000,2024,3,2024-03,63,92.57,165.72,247.34,27.55,24.0,5.0,29.0,1,0.6995,1.6263,1
LJ500_R063_C086,63,86,704250,9532750,4500,1000,2024,3,2024-03,63,92.57,165.72,247.34,27.55,24.0,5.0,29.0,1,0.6714,1.5849,1
LJ500_R064_C077,64,77,699750,9533250,0,1500,2024,3,2024-03,63,92.79,169.01,247.65,26.83,24.0,5.0,29.0,1,0.2248,0.4982,1
LJ500_R064_C078,64,78,700250,9533250,500,1500,2024,3,2024-03,63,92.57,165.72,247.34,27.55,24.0,5.0,29.0,1,0.2148,0.46,1
LJ500_R064_C079,64,79,700750,9533250,1000,1500,2024,3,2024-03,63,92.57,165.72,247.34,27.55,24.0,5.0,29.0,1,0.2234,0.4902,1
LJ500_R064_C080,64,80,701250,9533250,1500,1500,2024,3,2024-03,63,92.57,165.72,247.34,27.55,24.0,5.0,29.0,1,0.229,0.51,1
LJ500_R064_C081,64,81,701750,9533250,2000,1500,2024,3,2024-03,63,92.57,165.72,247.34,27.55,24.0,5.0,29.0,1,0.3587,0.7889,1
LJ500_R064_C082,64,82,702250,9533250,2500,1500,2024,3,2024-03,63,92.57,165.72,247.34,27.55,24.0,5.0,29.0,1,0.401,0.88,1
LJ500_R064_C083,64,83,702750,9533250,3000,1500,2024,3,2024-03,63,92.57,165.72,247.34,27.55,24.0,5.0,29.0,1,0.7713,1.4129,1
LJ500_R064_C084,64,84,703250,9533250,3500,1500,2024,3,2024-03,63,92.57,165.72,247.34,27.55,24.0,5.0,29.0,1,0.8059,1.4826,1
LJ500_R064_C085,64,85,703750,9533250,4000,1500,2024,3,2024-03,63,92.57,165.72,247.34,27.55,24.0,5.0,29.0,1,0.7138,1.71,1
LJ500_R064_C086,64,86,704250,9533250,4500,1500,2024,3,2024-03,63,92.57,165.72,247.34,27.55,24.0,5.0,29.0,1,0.7035,1.7262,1
LJ500_R065_C077,65,77,699750,9533750,0,2000,2024,3,2024-03,63,92.79,169.02,247.65,26.83,24.0,5.0,29.0,1,0.2149,0.4759,1
LJ500_R065_C078,65,78,700250,9533750,500,2000,2024,3,2024-03,63,92.57,165.72,247.34,27.55,24.0,5.0,29.0,1,0.2137,0.473,1
LJ500_R065_C079,65,79,700750,9533750,1000,2000,2024,3,2024-03,63,92.57,165.72,247.34,27.55,24.0,5.0,29.0,1,0.213,0.4679,1
LJ500_R065_C080,65,80,701250,9533750,1500,2000,2024,3,2024-03,63,92.57,165.72,247.34,27.55,24.0,5.0,29.0,1,0.2125,0.4643,1
LJ500_R065_C081,65,81,701750,9533750,2000,2000,2024,3,2024-03,63,92.57,165.72,247.34,27.55,24.0,5.0,29.0,1,0.2791,0.6437,1
LJ500_R065_C082,65,82,702250,9533750,2500,2000,2024,3,2024-03,63,92.57,165.72,247.34,27.55,24.0,5.0,29.0,1,0.3008,0.7025,1
LJ500_R065_C083,65,83,702750,9533750,3000,2000,2024,3,2024-03,63,92.57,165.72,247.34,27.55,24.0,5.0,29.0,1,0.559,1.1621,1
LJ500_R065_C084,65,84,703250,9533750,3500,2000,2024,3,2024-03,63,92.57,165.72,247.34,27.55,24.0,5.0,29.0,1,0.591,1.2288,1
LJ500_R065_C085,65,85,703750,9533750,4000,2000,2024,3,2024-03,63,92.57,165.72,247.34,27.55,24.0,5.0,29.0,1,0.6753,1.5505,1
LJ500_R065_C086,65,86,704250,9533750,4500,2000,2024,3,2024-03,63,92.57,165.72,247.34,27.55,24.0,5.0,29.0,1,0.6781,1.5792,1
LJ500_R066_C077,66,77,699750,9534250,0,2500,2024,3,2024-03,63,92.79,169.04,247.65,26.82,24.0,5.0,29.0,1,0.2095,0.4635,1
LJ500_R066_C078,66,78,700250,9534250,500,2500,2024,3,2024-03,63,92.57,165.72,247.34,27.55,24.0,5.0,29.0,1,0.2131,0.48,1
LJ500_R066_C079,66,79,700750,9534250,1000,2500,2024,3,2024-03,63,92.57,165.72,247.34,27.55,24.0,5.0,29.0,1,0.2075,0.456,1
LJ500_R066_C080,66,80,701250,9534250,1500,2500,2024,3,2024-03,63,92.57,165.72,247.34,27.55,24.0,5.0,29.0,1,0.2038,0.44,1
LJ500_R066_C081,66,81,701750,9534250,2000,2500,2024,3,2024-03,63,92.57,165.72,247.34,27.55,24.0,5.0,29.0,1,0.2374,0.5673,1
LJ500_R066_C082,66,82,702250,9534250,2500,2500,2024,3,2024-03,63,92.57,165.72,247.34,27.55,24.0,5.0,29.0,1,0.2486,0.61,1
LJ500_R066_C083,66,83,702750,9534250,3000,2500,2024,3,2024-03,63,92.57,165.72,247.34,27.55,24.0,5.0,29.0,1,0.4494,1.0323,1
LJ500_R066_C084,66,84,703250,9534250,3500,2500,2024,3,2024-03,63,92.57,165.72,247.34,27.55,24.0,5.0,29.0,1,0.4809,1.0987,1
LJ500_R066_C085,66,85,703750,9534250,4000,2500,2024,3,2024-03,63,92.57,165.72,247.34,27.55,24.0,5.0,29.0,1,0.6559,1.47,1
LJ500_R066_C086,66,86,704250,9534250,4500,2500,2024,3,2024-03,63,92.57,165.72,247.34,27.55,24.0,5.0,29.0,1,0.6653,1.5055,1
LJ500_R067_C077,67,77,699750,9534750,0,3000,2024,3,2024-03,63,92.79,169.05,247.65,26.82,24.0,5.0,29.0,1,0.1989,0.4394,1
LJ500_R067_C078,67,78,700250,9534750,500,3000,2024,3,2024-03,63,92.57,165.72,247.34,27.55,24.0,5.0,29.0,1,0.1992,0.4559,1
LJ500_R067_C079,67,79,700750,9534750,1000,3000,2024,3,2024-03,63,92.57,165.72,247.34,27.55,24.0,5.0,29.0,1,0.1948,0.4367,1
LJ500_R067_C080,67,80,701250,9534750,1500,3000,2024,3,2024-03,63,92.57,165.72,247.34,27.55,24.0,5.0,29.0,1,0.1918,0.4238,1
LJ500_R067_C081,67,81,701750,9534750,2000,3000,2024,3,2024-03,63,92.57,165.72,247.34,27.55,24.0,5.0,29.0,1,0.2045,0.4658,1
LJ500_R067_C082,67,82,702250,9534750,2500,3000,2024,3,2024-03,63,92.57,165.72,247.34,27.55,24.0,5.0,29.0,1,0.2088,0.4797,1
LJ500_R067_C083,67,83,702750,9534750,3000,3000,2024,3,2024-03,63,92.57,165.72,247.34,27.55,24.0,5.0,29.0,1,0.2535,0.6079,1
LJ500_R067_C084,67,84,703250,9534750,3500,3000,2024,3,2024-03,63,92.57,165.72,247.34,27.55,24.0,5.0,29.0,1,0.2661,0.6384,1
LJ500_R067_C085,67,85,703750,9534750,4000,3000,2024,3,2024-03,63,92.57,165.72,247.34,27.55,24.0,5.0,29.0,1,0.4352,0.9937,1
LJ500_R067_C086,67,86,704250,9534750,4500,3000,2024,3,2024-03,63,92.57,165.72,247.34,27.55,24.0,5.0,29.0,1,0.4868,1.1013,1
LJ500_R068_C077,68,77,699750,9535250,0,3500,2024,3,2024-03,63,92.79,169.06,247.65,26.82,24.0,5.0,29.0,1,0.1962,0.4334,1
LJ500_R068_C078,68,78,700250,9535250,500,3500,2024,3,2024-03,63,92.57,165.72,247.34,27.55,24.0,5.0,29.0,1,0.1959,0.45,1
LJ500_R068_C079,68,79,700750,9535250,1000,3500,2024,3,2024-03,63,92.57,165.72,247.34,27.55,24.0,5.0,29.0,1,0.1918,0.4322,1
LJ500_R068_C080,68,80,701250,9535250,1500,3500,2024,3,2024-03,63,92.57,165.72,247.34,27.55,24.0,5.0,29.0,1,0.189,0.42,1
LJ500_R068_C081,68,81,701750,9535250,2000,3500,2024,3,2024-03,63,92.57,165.72,247.34,27.55,24.0,5.0,29.0,1,0.1969,0.4423,1
LJ500_R068_C082,68,82,702250,9535250,2500,3500,2024,3,2024-03,63,92.57,165.72,247.34,27.55,24.0,5.0,29.0,1,0.1997,0.45,1
LJ500_R068_C083,68,83,702750,9535250,3000,3500,2024,3,2024-03,63,92.57,165.72,247.34,27.55,24.0,5.0,29.0,1,0.2095,0.5126,1
LJ500_R068_C084,68,84,703250,9535250,3500,3500,2024,3,2024-03,63,92.57,165.72,247.34,27.55,24.0,5.0,29.0,1,0.2183,0.536,1
LJ500_R068_C085,68,85,703750,9535250,4000,3500,2024,3,2024-03,63,92.57,165.72,247.34,27.55,24.0,5.0,29.0,1,0.3872,0.89,1
LJ500_R068_C086,68,86,704250,9535250,4500,3500,2024,3,2024-03,63,92.57,165.72,247.34,27.55,24.0,5.0,29.0,1,0.4479,1.0133,1
LJ500_R069_C077,69,77,699750,9535750,0,4000,2024,3,2024-03,63,84.48,154.02,226.98,22.75,23.07,5.9287,29.0,1,0.1789,0.429,1
LJ500_R069_C078,69,78,700250,9535750,500,4000,2024,3,2024-03,63,87.61,156.05,233.01,22.7,23.07,5.931,29.0,1,0.1803,0.4404,1
LJ500_R069_C079,69,79,700750,9535750,1000,4000,2024,3,2024-03,63,87.6,156.03,232.97,22.69,23.07,5.9333,29.0,1,0.1803,0.4169,1
LJ500_R069_C080,69,80,701250,9535750,1500,4000,2024,3,2024-03,63,87.59,156.0,232.94,22.67,23.06,5.9356,29.0,1,0.1803,0.4007,1
LJ500_R069_C081,69,81,701750,9535750,2000,4000,2024,3,2024-03,63,87.57,155.98,232.9,22.66,23.06,5.9379,29.0,1,0.2346,0.5451,1
LJ500_R069_C082,69,82,702250,9535750,2500,4000,2024,3,2024-03,63,87.56,155.95,232.86,22.65,23.06,5.9403,29.0,1,0.2536,0.5957,1
LJ500_R069_C083,69,83,702750,9535750,3000,4000,2024,3,2024-03,63,87.55,155.93,232.83,22.64,23.06,5.9426,29.0,1,0.2333,0.5803,1
LJ500_R069_C084,69,84,703250,9535750,3500,4000,2024,3,2024-03,63,87.54,155.91,232.79,22.63,23.06,5.9449,29.0,1,0.2297,0.5757,1
LJ500_R069_C085,69,85,703750,9535750,4000,4000,2024,3,2024-03,63,87.53,155.88,232.76,22.61,23.05,5.9473,29.0,1,0.2014,0.5086,1
LJ500_R069_C086,69,86,704250,9535750,4500,4000,2024,3,2024-03,63,87.51,155.86,232.72,22.6,23.05,5.9496,29.0,1,0.2043,0.5174,1
LJ500_R070_C077,70,77,699750,9536250,0,4500,2024,3,2024-03,63,83.82,152.85,225.37,22.43,23.0,6.0,29.0,1,0.1769,0.4283,1
LJ500_R070_C078,70,78,700250,9536250,500,4500,2024,3,2024-03,63,87.24,155.33,231.94,22.34,23.0,6.0,29.0,1,0.1778,0.4388,1
LJ500_R070_C079,70,79,700750,9536250,1000,4500,2024,3,2024-03,63,87.24,155.33,231.94,22.34,23.0,6.0,29.0,1,0.1788,0.4166,1
LJ500_R070_C080,70,80,701250,9536250,1500,4500,2024,3,2024-03,63,87.24,155.33,231.94,22.34,23.0,6.0,29.0,1,0.1795,0.4012,1
LJ500_R070_C081,70,81,701750,9536250,2000,4500,2024,3,2024-03,63,87.24,155.33,231.94,22.34,23.0,6.0,29.0,1,0.2283,0.5325,1
LJ500_R070_C082,70,82,702250,9536250,2500,4500,2024,3,2024-03,63,87.24,155.33,231.94,22.34,23.0,6.0,29.0,1,0.2453,0.5783,1
LJ500_R070_C083,70,83,702750,9536250,3000,4500,2024,3,2024-03,63,87.24,155.33,231.94,22.34,23.0,6.0,29.0,1,0.2258,0.5578,1
LJ500_R070_C084,70,84,703250,9536250,3500,4500,2024,3,2024-03,63,87.24,155.33,231.94,22.34,23.0,6.0,29.0,1,0.2222,0.5525,1
LJ500_R070_C085,70,85,703750,9536250,4000,4500,2024,3,2024-03,63,87.24,155.33,231.94,22.34,23.0,6.0,29.0,1,0.1957,0.496,1
LJ500_R070_C086,70,86,704250,9536250,4500,4500,2024,3,2024-03,63,87.24,155.33,231.94,22.34,23.0,6.0,29.0,1,0.2045,0.5179,1
LJ500_R061_C077,61,77,699750,9531750,0,0,2024,4,2024-04,64,112.43,205.22,281.4,48.03,26.0,5.0,31.0,1,0.1707,0.3503,1
LJ500_R061_C078,61,78,700250,9531750,500,0,2024,4,2024-04,64,113.48,206.04,279.2,44.51,26.0,5.0,31.0,1,0.176,0.3467,1
LJ500_R061_C079,61,79,700750,9531750,1000,0,2024,4,2024-04,64,113.48,206.04,279.2,44.51,26.0,5.0,31.0,1,0.1828,0.3713,1
LJ500_R061_C080,61,80,701250,9531750,1500,0,2024,4,2024-04,64,113.48,206.04,279.2,44.51,26.0,5.0,31.0,1,0.1872,0.3871,1
LJ500_R061_C081,61,81,701750,9531750,2000,0,2024,4,2024-04,64,113.48,206.04,279.2,44.51,26.0,5.0,31.0,1,0.3371,0.7,1
LJ500_R061_C082,61,82,702250,9531750,2500,0,2024,4,2024-04,64,113.48,206.04,279.2,44.51,26.0,5.0,31.0,1,0.3852,0.7998,1
LJ500_R061_C083,61,83,702750,9531750,3000,0,2024,4,2024-04,64,113.48,206.04,279.2,44.51,26.0,5.0,31.0,1,0.4592,0.9398,1
LJ500_R061_C084,61,84,703250,9531750,3500,0,2024,4,2024-04,64,113.48,206.04,279.2,44.51,26.0,5.0,31.0,1,0.4623,0.947,1
LJ500_R061_C085,61,85,703750,9531750,4000,0,2024,4,2024-04,64,113.48,206.04,279.2,44.51,26.0,5.0,31.0,1,0.3831,0.8167,1
LJ500_R061_C086,61,86,704250,9531750,4500,0,2024,4,2024-04,64,113.48,206.04,279.2,44.51,26.0,5.0,31.0,1,0.3665,0.782,1
LJ500_R062_C077,62,77,699750,9532250,0,500,2024,4,2024-04,64,112.42,205.21,281.41,48.04,26.0,5.0,31.0,1,0.1584,0.3508,1
LJ500_R062_C078,62,78,700250,9532250,500,500,2024,4,2024-04,64,113.48,206.04,279.2,44.51,26.0,5.0,31.0,1,0.1623,0.34,1
LJ500_R062_C079,62,79,700750,9532250,1000,500,2024,4,2024-04,64,113.48,206.04,279.2,44.51,26.0,5.0,31.0,1,0.1821,0.4009,1
LJ500_R062_C080,62,80,701250,9532250,1500,500,2024,4,2024-04,64,113.48,206.04,279.2,44.51,26.0,5.0,31.0,1,0.1948,0.44,1
LJ500_R062_C081,62,81,701750,9532250,2000,500,2024,4,2024-04,64,113.48,206.04,279.2,44.51,26.0,5.0,31.0,1,0.517,1.0164,1
LJ500_R062_C082,62,82,702250,9532250,2500,500,2024,4,2024-04,64,113.48,206.04,279.2,44.51,26.0,5.0,31.0,1,0.6197,1.2,1
LJ500_R062_C083,62,83,702750,9532250,3000,500,2024,4,2024-04,64,113.48,206.04,279.2,44.51,26.0,5.0,31.0,1,0.719,1.4451,1
LJ500_R062_C084,62,84,703250,9532250,3500,500,2024,4,2024-04,64,113.48,206.04,279.2,44.51,26.0,5.0,31.0,1,0.7247,1.4608,1
LJ500_R062_C085,62,85,703750,9532250,4000,500,2024,4,2024-04,64,113.48,206.04,279.2,44.51,26.0,5.0,31.0,1,0.6532,1.31,1
LJ500_R062_C086,62,86,704250,9532250,4500,500,2024,4,2024-04,64,113.48,206.04,279.2,44.51,26.0,5.0,31.0,1,0.6091,1.219,1
LJ500_R063_C077,63,77,699750,9532750,0,1000,2024,4,2024-04,64,112.42,205.21,281.42,48.05,26.0,5.0,31.0,1,0.1553,0.3482,1
LJ500_R063_C078,63,78,700250,9532750,500,1000,2024,4,2024-04,64,113.48,206.04,279.2,44.51,26.0,5.0,31.0,1,0.1548,0.34,1
LJ500_R063_C079,63,79,700750,9532750,1000,1000,2024,4,2024-04,64,113.48,206.04,279.2,44.51,26.0,5.0,31.0,1,0.1737,0.3827,1
LJ500_R063_C080,63,80,701250,9532750,1500,1000,2024,4,2024-04,64,113.48,206.04,279.2,44.51,26.0,5.0,31.0,1,0.1859,0.4102,1
LJ500_R063_C081,63,81,701750,9532750,2000,1000,2024,4,2024-04,64,113.48,206.04,279.2,44.51,26.0,5.0,31.0,1,0.4309,0.8529,1
LJ500_R063_C082,63,82,702250,9532750,2500,1000,2024,4,2024-04,64,113.48,206.04,279.2,44.51,26.0,5.0,31.0,1,0.5094,0.9947,1
LJ500_R063_C083,63,83,702750,9532750,3000,1000,2024,4,2024-04,64,113.48,206.04,279.2,44.51,26.0,5.0,31.0,1,0.7086,1.4614,1
LJ500_R063_C084,63,84,703250,9532750,3500,1000,2024,4,2024-04,64,113.48,206.04,279.2,44.51,26.0,5.0,31.0,1,0.7234,1.5082,1
LJ500_R063_C085,63,85,703750,9532750,4000,1000,2024,4,2024-04,64,113.48,206.04,279.2,44.51,26.0,5.0,31.0,1,0.618,1.4725,1
LJ500_R063_C086,63,86,704250,9532750,4500,1000,2024,4,2024-04,64,113.48,206.04,279.2,44.51,26.0,5.0,31.0,1,0.5893,1.427,1
LJ500_R064_C077,64,77,699750,9533250,0,1500,2024,4,2024-04,64,112.41,205.21,281.43,48.07,26.0,5.0,31.0,1,0.152,0.3455,1
LJ500_R064_C078,64,78,700250,9533250,500,1500,2024,4,2024-04,64,113.48,206.04,279.2,44.51,26.0,5.0,31.0,1,0.1471,0.34,1
LJ500_R064_C079,64,79,700750,9533250,1000,1500,2024,4,2024-04,64,113.48,206.04,279.2,44.51,26.0,5.0,31.0,1,0.165,0.3642,1
LJ500_R064_C080,64,80,701250,9533250,1500,1500,2024,4,2024-04,64,113.48,206.04,279.2,44.51,26.0,5.0,31.0,1,0.1768,0.38,1
LJ500_R064_C081,64,81,701750,9533250,2000,1500,2024,4,2024-04,64,113.48,206.04,279.2,44.51,26.0,5.0,31.0,1,0.3445,0.689,1
LJ500_R064_C082,64,82,702250,9533250,2500,1500,2024,4,2024-04,64,113.48,206.04,279.2,44.51,26.0,5.0,31.0,1,0.3994,0.79,1
LJ500_R064_C083,64,83,702750,9533250,3000,1500,2024,4,2024-04,64,113.48,206.04,279.2,44.51,26.0,5.0,31.0,1,0.698,1.4764,1
LJ500_R064_C084,64,84,703250,9533250,3500,1500,2024,4,2024-04,64,113.48,206.04,279.2,44.51,26.0,5.0,31.0,1,0.7223,1.5542,1
LJ500_R064_C085,64,85,703750,9533250,4000,1500,2024,4,2024-04,64,113.48,206.04,279.2,44.51,26.0,5.0,31.0,1,0.5839,1.63,1
LJ500_R064_C086,64,86,704250,9533250,4500,1500,2024,4,2024-04,64,113.48,206.04,279.2,44.51,26.0,5.0,31.0,1,0.57,1.626,1
LJ500_R065_C077,65,77,699750,9533750,0,2000,2024,4,2024-04,64,112.41,205.2,281.43,48.08,26.0,5.0,31.0,1,0.1448,0.3419,1
LJ500_R065_C078,65,78,700250,9533750,500,2000,2024,4,2024-04,64,113.48,206.04,279.2,44.51,26.0,5.0,31.0,1,0.1442,0.34,1
LJ500_R065_C079,65,79,700750,9533750,1000,2000,2024,4,2024-04,64,113.48,206.04,279.2,44.51,26.0,5.0,31.0,1,0.1512,0.3367,1
LJ500_R065_C080,65,80,701250,9533750,1500,2000,2024,4,2024-04,64,113.48,206.04,279.2,44.51,26.0,5.0,31.0,1,0.1557,0.3343,1
LJ500_R065_C081,65,81,701750,9533750,2000,2000,2024,4,2024-04,64,113.48,206.04,279.2,44.51,26.0,5.0,31.0,1,0.2562,0.5487,1
LJ500_R065_C082,65,82,702250,9533750,2500,2000,2024,4,2024-04,64,113.48,206.04,279.2,44.51,26.0,5.0,31.0,1,0.2891,0.6191,1
LJ500_R065_C083,65,83,702750,9533750,3000,2000,2024,4,2024-04,64,113.48,206.04,279.2,44.51,26.0,5.0,31.0,1,0.5313,1.0951,1
LJ500_R065_C084,65,84,703250,9533750,3500,2000,2024,4,2024-04,64,113.48,206.04,279.2,44.51,26.0,5.0,31.0,1,0.5603,1.1587,1
LJ500_R065_C085,65,85,703750,9533750,4000,2000,2024,4,2024-04,64,113.48,206.04,279.2,44.51,26.0,5.0,31.0,1,0.6158,1.3974,1
LJ500_R065_C086,65,86,704250,9533750,4500,2000,2024,4,2024-04,64,113.48,206.04,279.2,44.51,26.0,5.0,31.0,1,0.6036,1.4392,1
LJ500_R066_C077,66,77,699750,9534250,0,2500,2024,4,2024-04,64,112.41,205.2,281.44,48.1,26.0,5.0,31.0,1,0.1408,0.34,1
LJ500_R066_C078,66,78,700250,9534250,500,2500,2024,4,2024-04,64,113.48,206.04,279.2,44.51,26.0,5.0,31.0,1,0.1426,0.34,1
LJ500_R066_C079,66,79,700750,9534250,1000,2500,2024,4,2024-04,64,113.48,206.04,279.2,44.51,26.0,5.0,31.0,1,0.1437,0.322,1
LJ500_R066_C080,66,80,701250,9534250,1500,2500,2024,4,2024-04,64,113.48,206.04,279.2,44.51,26.0,5.0,31.0,1,0.1445,0.31,1
LJ500_R066_C081,66,81,701750,9534250,2000,2500,2024,4,2024-04,64,113.48,206.04,279.2,44.51,26.0,5.0,31.0,1,0.2098,0.4748,1
LJ500_R066_C082,66,82,702250,9534250,2500,2500,2024,4,2024-04,64,113.48,206.04,279.2,44.51,26.0,5.0,31.0,1,0.2316,0.53,1
LJ500_R066_C083,66,83,702750,9534250,3000,2500,2024,4,2024-04,64,113.48,206.04,279.2,44.51,26.0,5.0,31.0,1,0.4452,0.8984,1
LJ500_R066_C084,66,84,703250,9534250,3500,2500,2024,4,2024-04,64,113.48,206.04,279.2,44.51,26.0,5.0,31.0,1,0.4772,0.9563,1
LJ500_R066_C085,66,85,703750,9534250,4000,2500,2024,4,2024-04,64,113.48,206.04,279.2,44.51,26.0,5.0,31.0,1,0.6319,1.28,1
LJ500_R066_C086,66,86,704250,9534250,4500,2500,2024,4,2024-04,64,113.48,206.04,279.2,44.51,26.0,5.0,31.0,1,0.6205,1.3451,1
LJ500_R067_C077,67,77,699750,9534750,0,3000,2024,4,2024-04,64,112.4,205.2,281.45,48.11,26.0,5.0,31.0,1,0.1433,0.3142,1
LJ500_R067_C078,67,78,700250,9534750,500,3000,2024,4,2024-04,64,113.48,206.04,279.2,44.51,26.0,5.0,31.0,1,0.1335,0.332,1
LJ500_R067_C079,67,79,700750,9534750,1000,3000,2024,4,2024-04,64,113.48,206.04,279.2,44.51,26.0,5.0,31.0,1,0.1338,0.314,1
LJ500_R067_C080,67,80,701250,9534750,1500,3000,2024,4,2024-04,64,113.48,206.04,279.2,44.51,26.0,5.0,31.0,1,0.1341,0.3019,1
LJ500_R067_C081,67,81,701750,9534750,2000,3000,2024,4,2024-04,64,113.48,206.04,279.2,44.51,26.0,5.0,31.0,1,0.1592,0.3449,1
LJ500_R067_C082,67,82,702250,9534750,2500,3000,2024,4,2024-04,64,113.48,206.04,279.2,44.51,26.0,5.0,31.0,1,0.1675,0.359,1
LJ500_R067_C083,67,83,702750,9534750,3000,3000,2024,4,2024-04,64,113.48,206.04,279.2,44.51,26.0,5.0,31.0,1,0.2241,0.4991,1
LJ500_R067_C084,67,84,703250,9534750,3500,3000,2024,4,2024-04,64,113.48,206.04,279.2,44.51,26.0,5.0,31.0,1,0.2393,0.5312,1
LJ500_R067_C085,67,85,703750,9534750,4000,3000,2024,4,2024-04,64,113.48,206.04,279.2,44.51,26.0,5.0,31.0,1,0.4332,0.8858,1
LJ500_R067_C086,67,86,704250,9534750,4500,3000,2024,4,2024-04,64,113.48,206.04,279.2,44.51,26.0,5.0,31.0,1,0.4747,0.9924,1
LJ500_R068_C077,68,77,699750,9535250,0,3500,2024,4,2024-04,64,112.4,205.19,281.46,48.13,26.0,5.0,31.0,1,0.144,0.3078,1
LJ500_R068_C078,68,78,700250,9535250,500,3500,2024,4,2024-04,64,113.48,206.04,279.2,44.51,26.0,5.0,31.0,1,0.1313,0.33,1
LJ500_R068_C079,68,79,700750,9535250,1000,3500,2024,4,2024-04,64,113.48,206.04,279.2,44.51,26.0,5.0,31.0,1,0.1315,0.3122,1
LJ500_R068_C080,68,80,701250,9535250,1500,3500,2024,4,2024-04,64,113.48,206.04,279.2,44.51,26.0,5.0,31.0,1,0.1316,0.3,1
LJ500_R068_C081,68,81,701750,9535250,2000,3500,2024,4,2024-04,64,113.48,206.04,279.2,44.51,26.0,5.0,31.0,1,0.1475,0.3149,1
LJ500_R068_C082,68,82,702250,9535250,2500,3500,2024,4,2024-04,64,113.48,206.04,279.2,44.51,26.0,5.0,31.0,1,0.1529,0.32,1
LJ500_R068_C083,68,83,702750,9535250,3000,3500,2024,4,2024-04,64,113.48,206.04,279.2,44.51,26.0,5.0,31.0,1,0.1745,0.4094,1
LJ500_R068_C084,68,84,703250,9535250,3500,3500,2024,4,2024-04,64,113.48,206.04,279.2,44.51,26.0,5.0,31.0,1,0.1863,0.4364,1
LJ500_R068_C085,68,85,703750,9535250,4000,3500,2024,4,2024-04,64,113.48,206.04,279.2,44.51,26.0,5.0,31.0,1,0.39,0.8,1
LJ500_R068_C086,68,86,704250,9535250,4500,3500,2024,4,2024-04,64,113.48,206.04,279.2,44.51,26.0,5.0,31.0,1,0.4428,0.9156,1
LJ500_R069_C077,69,77,699750,9535750,0,4000,2024,4,2024-04,64,108.94,193.42,262.96,51.99,26.16,4.8375,31.0,1,0.127,0.2939,1
LJ500_R069_C078,69,78,700250,9535750,500,4000,2024,4,2024-04,64,113.37,200.98,269.42,45.6,25.07,5.931,31.0,1,0.1223,0.3108,1
LJ500_R069_C079,69,79,700750,9535750,1000,4000,2024,4,2024-04,64,113.37,200.97,269.4,45.6,25.07,5.9333,31.0,1,0.1317,0.2872,1
LJ500_R069_C080,69,80,701250,9535750,1500,4000,2024,4,2024-04,64,113.37,200.96,269.37,45.6,25.06,5.9356,31.0,1,0.1382,0.271,1
LJ500_R069_C081,69,81,701750,9535750,2000,4000,2024,4,2024-04,64,113.37,200.94,269.35,45.61,25.06,5.9379,31.0,1,0.2245,0.4799,1
LJ500_R069_C082,69,82,702250,9535750,2500,4000,2024,4,2024-04,64,113.37,200.93,269.32,45.61,25.06,5.9403,31.0,1,0.2547,0.5531,1
LJ500_R069_C083,69,83,702750,9535750,3000,4000,2024,4,2024-04,64,113.37,200.92,269.3,45.61,25.06,5.9426,31.0,1,0.227,0.5039,1
LJ500_R069_C084,69,84,703250,9535750,3500,4000,2024,4,2024-04,64,113.37,200.91,269.27,45.61,25.06,5.9449,31.0,1,0.2216,0.494,1
LJ500_R069_C085,69,85,703750,9535750,4000,4000,2024,4,2024-04,64,113.37,200.89,269.25,45.62,25.05,5.9473,31.0,1,0.1723,0.399,1
LJ500_R069_C086,69,86,704250,9535750,4500,4000,2024,4,2024-04,64,113.37,200.88,269.22,45.62,25.05,5.9496,31.0,1,0.1757,0.4076,1
LJ500_R070_C077,70,77,699750,9536250,0,4500,2024,4,2024-04,64,108.65,192.48,261.51,52.31,26.18,4.82,31.0,1,0.1263,0.2922,1
LJ500_R070_C078,70,78,700250,9536250,500,4500,2024,4,2024-04,64,113.36,200.61,268.7,45.68,25.0,6.0,31.0,1,0.1209,0.3076,1
LJ500_R070_C079,70,79,700750,9536250,1000,4500,2024,4,2024-04,64,113.36,200.61,268.7,45.68,25.0,6.0,31.0,1,0.132,0.289,1
LJ500_R070_C080,70,80,701250,9536250,1500,4500,2024,4,2024-04,64,113.36,200.61,268.7,45.68,25.0,6.0,31.0,1,0.1398,0.2762,1
LJ500_R070_C081,70,81,701750,9536250,2000,4500,2024,4,2024-04,64,113.36,200.61,268.7,45.68,25.0,6.0,31.0,1,0.2171,0.4657,1
LJ500_R070_C082,70,82,702250,9536250,2500,4500,2024,4,2024-04,64,113.36,200.61,268.7,45.68,25.0,6.0,31.0,1,0.244,0.5319,1
LJ500_R070_C083,70,83,702750,9536250,3000,4500,2024,4,2024-04,64,113.36,200.61,268.7,45.68,25.0,6.0,31.0,1,0.216,0.4757,1
LJ500_R070_C084,70,84,703250,9536250,3500,4500,2024,4,2024-04,64,113.36,200.61,268.7,45.68,25.0,6.0,31.0,1,0.2105,0.4651,1
LJ500_R070_C085,70,85,703750,9536250,4000,4500,2024,4,2024-04,64,113.36,200.61,268.7,45.68,25.0,6.0,31.0,1,0.1659,0.3873,1
LJ500_R070_C086,70,86,704250,9536250,4500,4500,2024,4,2024-04,64,113.36,200.61,268.7,45.68,25.0,6.0,31.0,1,0.1762,0.4087,1
LJ500_R061_C077,61,77,699750,9531750,0,0,2024,5,2024-05,65,53.68,166.1,258.89,20.22,23.0,7.0,30.0,1,0.1499,0.3408,1
LJ500_R061_C078,61,78,700250,9531750,500,0,2024,5,2024-05,65,55.18,168.66,261.23,25.39,23.0,7.0,30.0,1,0.1589,0.3533,1
LJ500_R061_C079,61,79,700750,9531750,1000,0,2024,5,2024-05,65,55.18,168.66,261.23,25.39,23.0,7.0,30.0,1,0.1692,0.3903,1
LJ500_R061_C080,61,80,701250,9531750,1500,0,2024,5,2024-05,65,55.18,168.66,261.23,25.39,23.0,7.0,30.0,1,0.1758,0.4141,1
LJ500_R061_C081,61,81,701750,9531750,2000,0,2024,5,2024-05,65,55.18,168.66,261.23,25.39,23.0,7.0,30.0,1,0.3296,0.7721,1
LJ500_R061_C082,61,82,702250,9531750,2500,0,2024,5,2024-05,65,55.18,168.66,261.23,25.39,23.0,7.0,30.0,1,0.3788,0.886,1
LJ500_R061_C083,61,83,702750,9531750,3000,0,2024,5,2024-05,65,55.18,168.66,261.23,25.39,23.0,7.0,30.0,1,0.4493,1.0249,1
LJ500_R061_C084,61,84,703250,9531750,3500,0,2024,5,2024-05,65,55.18,168.66,261.23,25.39,23.0,7.0,30.0,1,0.4521,1.0307,1
LJ500_R061_C085,61,85,703750,9531750,4000,0,2024,5,2024-05,65,55.18,168.66,261.23,25.39,23.0,7.0,30.0,1,0.3753,0.8857,1
LJ500_R061_C086,61,86,704250,9531750,4500,0,2024,5,2024-05,65,55.18,168.66,261.23,25.39,23.0,7.0,30.0,1,0.3596,0.8538,1
LJ500_R062_C077,62,77,699750,9532250,0,500,2024,5,2024-05,65,53.67,166.09,258.88,20.19,23.0,7.0,30.0,1,0.1372,0.3238,1
LJ500_R062_C078,62,78,700250,9532250,500,500,2024,5,2024-05,65,55.18,168.66,261.23,25.39,23.0,7.0,30.0,1,0.1453,0.34,1
LJ500_R062_C079,62,79,700750,9532250,1000,500,2024,5,2024-05,65,55.18,168.66,261.23,25.39,23.0,7.0,30.0,1,0.1715,0.4374,1
LJ500_R062_C080,62,80,701250,9532250,1500,500,2024,5,2024-05,65,55.18,168.66,261.23,25.39,23.0,7.0,30.0,1,0.1883,0.5,1
LJ500_R062_C081,62,81,701750,9532250,2000,500,2024,5,2024-05,65,55.18,168.66,261.23,25.39,23.0,7.0,30.0,1,0.497,1.0764,1
LJ500_R062_C082,62,82,702250,9532250,2500,500,2024,5,2024-05,65,55.18,168.66,261.23,25.39,23.0,7.0,30.0,1,0.5953,1.26,1
LJ500_R062_C083,62,83,702750,9532250,3000,500,2024,5,2024-05,65,55.18,168.66,261.23,25.39,23.0,7.0,30.0,1,0.6928,1.4507,1
LJ500_R062_C084,62,84,703250,9532250,3500,500,2024,5,2024-05,65,55.18,168.66,261.23,25.39,23.0,7.0,30.0,1,0.698,1.4625,1
LJ500_R062_C085,62,85,703750,9532250,4000,500,2024,5,2024-05,65,55.18,168.66,261.23,25.39,23.0,7.0,30.0,1,0.6213,1.34,1
LJ500_R062_C086,62,86,704250,9532250,4500,500,2024,5,2024-05,65,55.18,168.66,261.23,25.39,23.0,7.0,30.0,1,0.5792,1.2614,1
LJ500_R063_C077,63,77,699750,9532750,0,1000,2024,5,2024-05,65,53.67,166.08,258.87,20.17,23.0,7.0,30.0,1,0.1315,0.3197,1
LJ500_R063_C078,63,78,700250,9532750,500,1000,2024,5,2024-05,65,55.18,168.66,261.23,25.39,23.0,7.0,30.0,1,0.1367,0.3253,1
LJ500_R063_C079,63,79,700750,9532750,1000,1000,2024,5,2024-05,65,55.18,168.66,261.23,25.39,23.0,7.0,30.0,1,0.162,0.4073,1
LJ500_R063_C080,63,80,701250,9532750,1500,1000,2024,5,2024-05,65,55.18,168.66,261.23,25.39,23.0,7.0,30.0,1,0.1784,0.4603,1
LJ500_R063_C081,63,81,701750,9532750,2000,1000,2024,5,2024-05,65,55.18,168.66,261.23,25.39,23.0,7.0,30.0,1,0.4154,0.9368,1
LJ500_R063_C082,63,82,702250,9532750,2500,1000,2024,5,2024-05,65,55.18,168.66,261.23,25.39,23.0,7.0,30.0,1,0.4914,1.0898,1
LJ500_R063_C083,63,83,702750,9532750,3000,1000,2024,5,2024-05,65,55.18,168.66,261.23,25.39,23.0,7.0,30.0,1,0.6975,1.4112,1
LJ500_R063_C084,63,84,703250,9532750,3500,1000,2024,5,2024-05,65,55.18,168.66,261.23,25.39,23.0,7.0,30.0,1,0.7138,1.4373,1
LJ500_R063_C085,63,85,703750,9532750,4000,1000,2024,5,2024-05,65,55.18,168.66,261.23,25.39,23.0,7.0,30.0,1,0.6208,1.3095,1
LJ500_R063_C086,63,86,704250,9532750,4500,1000,2024,5,2024-05,65,55.18,168.66,261.23,25.39,23.0,7.0,30.0,1,0.5947,1.2744,1
LJ500_R064_C077,64,77,699750,9533250,0,1500,2024,5,2024-05,65,53.66,166.07,258.86,20.15,23.0,7.0,30.0,1,0.1255,0.3155,1
LJ500_R064_C078,64,78,700250,9533250,500,1500,2024,5,2024-05,65,55.18,168.66,261.23,25.39,23.0,7.0,30.0,1,0.1277,0.31,1
LJ500_R064_C079,64,79,700750,9533250,1000,1500,2024,5,2024-05,65,55.18,168.66,261.23,25.39,23.0,7.0,30.0,1,0.1522,0.3765,1
LJ500_R064_C080,64,80,701250,9533250,1500,1500,2024,5,2024-05,65,55.18,168.66,261.23,25.39,23.0,7.0,30.0,1,0.1683,0.42,1
LJ500_R064_C081,64,81,701750,9533250,2000,1500,2024,5,2024-05,65,55.18,168.66,261.23,25.39,23.0,7.0,30.0,1,0.3337,0.7969,1
LJ500_R064_C082,64,82,702250,9533250,2500,1500,2024,5,2024-05,65,55.18,168.66,261.23,25.39,23.0,7.0,30.0,1,0.3877,0.92,1
LJ500_R064_C083,64,83,702750,9533250,3000,1500,2024,5,2024-05,65,55.18,168.66,261.23,25.39,23.0,7.0,30.0,1,0.7017,1.3716,1
LJ500_R064_C084,64,84,703250,9533250,3500,1500,2024,5,2024-05,65,55.18,168.66,261.23,25.39,23.0,7.0,30.0,1,0.7293,1.4126,1
LJ500_R064_C085,64,85,703750,9533250,4000,1500,2024,5,2024-05,65,55.18,168.66,261.23,25.39,23.0,7.0,30.0,1,0.6203,1.28,1
LJ500_R064_C086,64,86,704250,9533250,4500,1500,2024,5,2024-05,65,55.18,168.66,261.23,25.39,23.0,7.0,30.0,1,0.6092,1.2861,1
LJ500_R065_C077,65,77,699750,9533750,0,2000,2024,5,2024-05,65,53.65,166.06,258.85,20.13,23.0,7.0,30.0,1,0.1186,0.2955,1
LJ500_R065_C078,65,78,700250,9533750,500,2000,2024,5,2024-05,65,55.18,168.66,261.23,25.39,23.0,7.0,30.0,1,0.119,0.297,1
LJ500_R065_C079,65,79,700750,9533750,1000,2000,2024,5,2024-05,65,55.18,168.66,261.23,25.39,23.0,7.0,30.0,1,0.1356,0.3319,1
LJ500_R065_C080,65,80,701250,9533750,1500,2000,2024,5,2024-05,65,55.18,168.66,261.23,25.39,23.0,7.0,30.0,1,0.1466,0.3547,1
LJ500_R065_C081,65,81,701750,9533750,2000,2000,2024,5,2024-05,65,55.18,168.66,261.23,25.39,23.0,7.0,30.0,1,0.2521,0.6416,1
LJ500_R065_C082,65,82,702250,9533750,2500,2000,2024,5,2024-05,65,55.18,168.66,261.23,25.39,23.0,7.0,30.0,1,0.2866,0.7359,1
LJ500_R065_C083,65,83,702750,9533750,3000,2000,2024,5,2024-05,65,55.18,168.66,261.23,25.39,23.0,7.0,30.0,1,0.5191,1.1084,1
LJ500_R065_C084,65,84,703250,9533750,3500,2000,2024,5,2024-05,65,55.18,168.66,261.23,25.39,23.0,7.0,30.0,1,0.5472,1.156,1
LJ500_R065_C085,65,85,703750,9533750,4000,2000,2024,5,2024-05,65,55.18,168.66,261.23,25.39,23.0,7.0,30.0,1,0.6101,1.2999,1
LJ500_R065_C086,65,86,704250,9533750,4500,2000,2024,5,2024-05,65,55.18,168.66,261.23,25.39,23.0,7.0,30.0,1,0.6063,1.2927,1
LJ500_R066_C077,66,77,699750,9534250,0,2500,2024,5,2024-05,65,53.65,166.05,258.85,20.11,23.0,7.0,30.0,1,0.1149,0.2845,1
LJ500_R066_C078,66,78,700250,9534250,500,2500,2024,5,2024-05,65,55.18,168.66,261.23,25.39,23.0,7.0,30.0,1,0.1143,0.29,1
LJ500_R066_C079,66,79,700750,9534250,1000,2500,2024,5,2024-05,65,55.18,168.66,261.23,25.39,23.0,7.0,30.0,1,0.1267,0.308,1
LJ500_R066_C080,66,80,701250,9534250,1500,2500,2024,5,2024-05,65,55.18,168.66,261.23,25.39,23.0,7.0,30.0,1,0.135,0.32,1
LJ500_R066_C081,66,81,701750,9534250,2000,2500,2024,5,2024-05,65,55.18,168.66,261.23,25.39,23.0,7.0,30.0,1,0.2092,0.5597,1
LJ500_R066_C082,66,82,702250,9534250,2500,2500,2024,5,2024-05,65,55.18,168.66,261.23,25.39,23.0,7.0,30.0,1,0.234,0.64,1
LJ500_R066_C083,66,83,702750,9534250,3000,2500,2024,5,2024-05,65,55.18,168.66,261.23,25.39,23.0,7.0,30.0,1,0.4248,0.9725,1
LJ500_R066_C084,66,84,703250,9534250,3500,2500,2024,5,2024-05,65,55.18,168.66,261.23,25.39,23.0,7.0,30.0,1,0.4539,1.0244,1
LJ500_R066_C085,66,85,703750,9534250,4000,2500,2024,5,2024-05,65,55.18,168.66,261.23,25.39,23.0,7.0,30.0,1,0.605,1.31,1
LJ500_R066_C086,66,86,704250,9534250,4500,2500,2024,5,2024-05,65,55.18,168.66,261.23,25.39,23.0,7.0,30.0,1,0.6048,1.2962,1
LJ500_R067_C077,67,77,699750,9534750,0,3000,2024,5,2024-05,65,53.64,166.04,258.84,20.09,23.0,7.0,30.0,1,0.1246,0.2914,1
LJ500_R067_C078,67,78,700250,9534750,500,3000,2024,5,2024-05,65,55.18,168.66,261.23,25.39,23.0,7.0,30.0,1,0.1106,0.2659,1
LJ500_R067_C079,67,79,700750,9534750,1000,3000,2024,5,2024-05,65,55.18,168.66,261.23,25.39,23.0,7.0,30.0,1,0.1195,0.2885,1
LJ500_R067_C080,67,80,701250,9534750,1500,3000,2024,5,2024-05,65,55.18,168.66,261.23,25.39,23.0,7.0,30.0,1,0.1256,0.3038,1
LJ500_R067_C081,67,81,701750,9534750,2000,3000,2024,5,2024-05,65,55.18,168.66,261.23,25.39,23.0,7.0,30.0,1,0.1548,0.3851,1
LJ500_R067_C082,67,82,702250,9534750,2500,3000,2024,5,2024-05,65,55.18,168.66,261.23,25.39,23.0,7.0,30.0,1,0.1645,0.412,1
LJ500_R067_C083,67,83,702750,9534750,3000,3000,2024,5,2024-05,65,55.18,168.66,261.23,25.39,23.0,7.0,30.0,1,0.2212,0.5746,1
LJ500_R067_C084,67,84,703250,9534750,3500,3000,2024,5,2024-05,65,55.18,168.66,261.23,25.39,23.0,7.0,30.0,1,0.2356,0.6094,1
LJ500_R067_C085,67,85,703750,9534750,4000,3000,2024,5,2024-05,65,55.18,168.66,261.23,25.39,23.0,7.0,30.0,1,0.4134,0.9651,1
LJ500_R067_C086,67,86,704250,9534750,4500,3000,2024,5,2024-05,65,55.18,168.66,261.23,25.39,23.0,7.0,30.0,1,0.456,1.0404,1
LJ500_R068_C077,68,77,699750,9535250,0,3500,2024,5,2024-05,65,53.63,166.03,258.83,20.07,23.0,7.0,30.0,1,0.127,0.2933,1
LJ500_R068_C078,68,78,700250,9535250,500,3500,2024,5,2024-05,65,55.18,168.66,261.23,25.39,23.0,7.0,30.0,1,0.1097,0.26,1
LJ500_R068_C079,68,79,700750,9535250,1000,3500,2024,5,2024-05,65,55.18,168.66,261.23,25.39,23.0,7.0,30.0,1,0.1178,0.2838,1
LJ500_R068_C080,68,80,701250,9535250,1500,3500,2024,5,2024-05,65,55.18,168.66,261.23,25.39,23.0,7.0,30.0,1,0.1233,0.3,1
LJ500_R068_C081,68,81,701750,9535250,2000,3500,2024,5,2024-05,65,55.18,168.66,261.23,25.39,23.0,7.0,30.0,1,0.1422,0.3447,1
LJ500_R068_C082,68,82,702250,9535250,2500,3500,2024,5,2024-05,65,55.18,168.66,261.23,25.39,23.0,7.0,30.0,1,0.1487,0.36,1
LJ500_R068_C083,68,83,702750,9535250,3000,3500,2024,5,2024-05,65,55.18,168.66,261.23,25.39,23.0,7.0,30.0,1,0.1755,0.4851,1
LJ500_R068_C084,68,84,703250,9535250,3500,3500,2024,5,2024-05,65,55.18,168.66,261.23,25.39,23.0,7.0,30.0,1,0.187,0.5169,1
LJ500_R068_C085,68,85,703750,9535250,4000,3500,2024,5,2024-05,65,55.18,168.66,261.23,25.39,23.0,7.0,30.0,1,0.3717,0.89,1
LJ500_R068_C086,68,86,704250,9535250,4500,3500,2024,5,2024-05,65,55.18,168.66,261.23,25.39,23.0,7.0,30.0,1,0.4235,0.9844,1
LJ500_R069_C077,69,77,699750,9535750,0,4000,2024,5,2024-05,65,53.42,162.36,246.84,16.2,23.93,6.0713,30.0,1,0.1132,0.2774,1
LJ500_R069_C078,69,78,700250,9535750,500,4000,2024,5,2024-05,65,55.57,168.94,256.55,16.96,23.93,6.069,30.0,1,0.1049,0.26,1
LJ500_R069_C079,69,79,700750,9535750,1000,4000,2024,5,2024-05,65,55.57,168.94,256.54,16.94,23.93,6.0667,30.0,1,0.1196,0.2894,1
LJ500_R069_C080,69,80,701250,9535750,1500,4000,2024,5,2024-05,65,55.57,168.94,256.53,16.91,23.94,6.0644,30.0,1,0.1298,0.3097,1
LJ500_R069_C081,69,81,701750,9535750,2000,4000,2024,5,2024-05,65,55.57,168.94,256.52,16.89,23.94,6.0621,30.0,1,0.221,0.5843,1
LJ500_R069_C082,69,82,702250,9535750,2500,4000,2024,5,2024-05,65,55.57,168.94,256.5,16.87,23.94,6.0597,30.0,1,0.2529,0.6804,1
LJ500_R069_C083,69,83,702750,9535750,3000,4000,2024,5,2024-05,65,55.57,168.94,256.49,16.85,23.94,6.0574,30.0,1,0.2272,0.6238,1
LJ500_R069_C084,69,84,703250,9535750,3500,4000,2024,5,2024-05,65,55.57,168.94,256.48,16.83,23.94,6.0551,30.0,1,0.2222,0.6115,1
LJ500_R069_C085,69,85,703750,9535750,4000,4000,2024,5,2024-05,65,55.57,168.94,256.47,16.81,23.95,6.0527,30.0,1,0.1744,0.4792,1
LJ500_R069_C086,69,86,704250,9535750,4500,4000,2024,5,2024-05,65,55.58,168.94,256.46,16.79,23.95,6.0504,30.0,1,0.1782,0.4893,1
LJ500_R070_C077,70,77,699750,9536250,0,4500,2024,5,2024-05,65,53.39,162.05,245.87,15.91,24.0,6.0,30.0,1,0.113,0.2768,1
LJ500_R070_C078,70,78,700250,9536250,500,4500,2024,5,2024-05,65,55.6,168.96,256.2,16.33,24.0,6.0,30.0,1,0.1043,0.26,1
LJ500_R070_C079,70,79,700750,9536250,1000,4500,2024,5,2024-05,65,55.6,168.96,256.2,16.33,24.0,6.0,30.0,1,0.1205,0.2945,1
LJ500_R070_C080,70,80,701250,9536250,1500,4500,2024,5,2024-05,65,55.6,168.96,256.2,16.33,24.0,6.0,30.0,1,0.1317,0.3186,1
LJ500_R070_C081,70,81,701750,9536250,2000,4500,2024,5,2024-05,65,55.6,168.96,256.2,16.33,24.0,6.0,30.0,1,0.2139,0.5674,1
LJ500_R070_C082,70,82,702250,9536250,2500,4500,2024,5,2024-05,65,55.6,168.96,256.2,16.33,24.0,6.0,30.0,1,0.2425,0.6542,1
LJ500_R070_C083,70,83,702750,9536250,3000,4500,2024,5,2024-05,65,55.6,168.96,256.2,16.33,24.0,6.0,30.0,1,0.2161,0.5867,1
LJ500_R070_C084,70,84,703250,9536250,3500,4500,2024,5,2024-05,65,55.6,168.96,256.2,16.33,24.0,6.0,30.0,1,0.211,0.5733,1
LJ500_R070_C085,70,85,703750,9536250,4000,4500,2024,5,2024-05,65,55.6,168.96,256.2,16.33,24.0,6.0,30.0,1,0.1687,0.4673,1
LJ500_R070_C086,70,86,704250,9536250,4500,4500,2024,5,2024-05,65,55.6,168.96,256.2,16.33,24.0,6.0,30.0,1,0.1785,0.4891,1
LJ500_R061_C077,61,77,699750,9531750,0,0,2024,6,2024-06,66,21.09,74.77,187.19,13.51,28.14,2.8616,31.0,1,0.3397,0.5559,1
LJ500_R061_C078,61,78,700250,9531750,500,0,2024,6,2024-06,66,23.77,78.96,192.44,15.12,27.0,4.0,31.0,1,0.3441,0.5666,1
LJ500_R061_C079,61,79,700750,9531750,1000,0,2024,6,2024-06,66,23.77,78.96,192.44,15.12,27.0,4.0,31.0,1,0.343,0.5748,1
LJ500_R061_C080,61,80,701250,9531750,1500,0,2024,6,2024-06,66,23.77,78.96,192.44,15.12,27.0,4.0,31.0,1,0.3422,0.58,1
LJ500_R061_C081,61,81,701750,9531750,2000,0,2024,6,2024-06,66,23.77,78.96,192.44,15.12,27.0,4.0,31.0,1,0.4245,0.7539,1
LJ500_R061_C082,61,82,702250,9531750,2500,0,2024,6,2024-06,66,23.77,78.96,192.44,15.12,27.0,4.0,31.0,1,0.4512,0.8101,1
LJ500_R061_C083,61,83,702750,9531750,3000,0,2024,6,2024-06,66,23.77,78.96,192.44,15.12,27.0,4.0,31.0,1,0.5251,0.9117,1
LJ500_R061_C084,61,84,703250,9531750,3500,0,2024,6,2024-06,66,23.77,78.96,192.44,15.12,27.0,4.0,31.0,1,0.5289,0.9184,1
LJ500_R061_C085,61,85,703750,9531750,4000,0,2024,6,2024-06,66,23.77,78.96,192.44,15.12,27.0,4.0,31.0,1,0.4577,0.8367,1
LJ500_R061_C086,61,86,704250,9531750,4500,0,2024,6,2024-06,66,23.77,78.96,192.44,15.12,27.0,4.0,31.0,1,0.439,0.8017,1
LJ500_R062_C077,62,77,699750,9532250,0,500,2024,6,2024-06,66,21.08,74.75,187.17,13.51,28.14,2.8569,31.0,1,0.3239,0.54,1
LJ500_R062_C078,62,78,700250,9532250,500,500,2024,6,2024-06,66,23.77,78.96,192.44,15.12,27.0,4.0,31.0,1,0.3284,0.54,1
LJ500_R062_C079,62,79,700750,9532250,1000,500,2024,6,2024-06,66,23.77,78.96,192.44,15.12,27.0,4.0,31.0,1,0.3288,0.5644,1
LJ500_R062_C080,62,80,701250,9532250,1500,500,2024,6,2024-06,66,23.77,78.96,192.44,15.12,27.0,4.0,31.0,1,0.329,0.58,1
LJ500_R062_C081,62,81,701750,9532250,2000,500,2024,6,2024-06,66,23.77,78.96,192.44,15.12,27.0,4.0,31.0,1,0.5957,1.073,1
LJ500_R062_C082,62,82,702250,9532250,2500,500,2024,6,2024-06,66,23.77,78.96,192.44,15.12,27.0,4.0,31.0,1,0.6806,1.23,1
LJ500_R062_C083,62,83,702750,9532250,3000,500,2024,6,2024-06,66,23.77,78.96,192.44,15.12,27.0,4.0,31.0,1,0.8189,1.4842,1
LJ500_R062_C084,62,84,703250,9532250,3500,500,2024,6,2024-06,66,23.77,78.96,192.44,15.12,27.0,4.0,31.0,1,0.8265,1.4997,1
LJ500_R062_C085,62,85,703750,9532250,4000,500,2024,6,2024-06,66,23.77,78.96,192.44,15.12,27.0,4.0,31.0,1,0.7213,1.33,1
LJ500_R062_C086,62,86,704250,9532250,4500,500,2024,6,2024-06,66,23.77,78.96,192.44,15.12,27.0,4.0,31.0,1,0.6691,1.2307,1
LJ500_R063_C077,63,77,699750,9532750,0,1000,2024,6,2024-06,66,21.07,74.73,187.15,13.5,28.15,2.8523,31.0,1,0.3129,0.5386,1
LJ500_R063_C078,63,78,700250,9532750,500,1000,2024,6,2024-06,66,23.77,78.96,192.44,15.12,27.0,4.0,31.0,1,0.3171,0.5253,1
LJ500_R063_C079,63,79,700750,9532750,1000,1000,2024,6,2024-06,66,23.77,78.96,192.44,15.12,27.0,4.0,31.0,1,0.3217,0.5524,1
LJ500_R063_C080,63,80,701250,9532750,1500,1000,2024,6,2024-06,66,23.77,78.96,192.44,15.12,27.0,4.0,31.0,1,0.3247,0.5701,1
LJ500_R063_C081,63,81,701750,9532750,2000,1000,2024,6,2024-06,66,23.77,78.96,192.44,15.12,27.0,4.0,31.0,1,0.4982,0.8844,1
LJ500_R063_C082,63,82,702250,9532750,2500,1000,2024,6,2024-06,66,23.77,78.96,192.44,15.12,27.0,4.0,31.0,1,0.5535,0.9847,1
LJ500_R063_C083,63,83,702750,9532750,3000,1000,2024,6,2024-06,66,23.77,78.96,192.44,15.12,27.0,4.0,31.0,1,0.8546,1.5604,1
LJ500_R063_C084,63,84,703250,9532750,3500,1000,2024,6,2024-06,66,23.77,78.96,192.44,15.12,27.0,4.0,31.0,1,0.8828,1.622,1
LJ500_R063_C085,63,85,703750,9532750,4000,1000,2024,6,2024-06,66,23.77,78.96,192.44,15.12,27.0,4.0,31.0,1,0.8219,1.6397,1
LJ500_R063_C086,63,86,704250,9532750,4500,1000,2024,6,2024-06,66,23.77,78.96,192.44,15.12,27.0,4.0,31.0,1,0.793,1.5961,1
LJ500_R064_C077,64,77,699750,9533250,0,1500,2024,6,2024-06,66,21.06,74.72,187.13,13.5,28.15,2.8477,31.0,1,0.3014,0.5373,1
LJ500_R064_C078,64,78,700250,9533250,500,1500,2024,6,2024-06,66,23.77,78.96,192.44,15.12,27.0,4.0,31.0,1,0.3055,0.51,1
LJ500_R064_C079,64,79,700750,9533250,1000,1500,2024,6,2024-06,66,23.77,78.96,192.44,15.12,27.0,4.0,31.0,1,0.3145,0.5402,1
LJ500_R064_C080,64,80,701250,9533250,1500,1500,2024,6,2024-06,66,23.77,78.96,192.44,15.12,27.0,4.0,31.0,1,0.3203,0.56,1
LJ500_R064_C081,64,81,701750,9533250,2000,1500,2024,6,2024-06,66,23.77,78.96,192.44,15.12,27.0,4.0,31.0,1,0.4006,0.6957,1
LJ500_R064_C082,64,82,702250,9533250,2500,1500,2024,6,2024-06,66,23.77,78.96,192.44,15.12,27.0,4.0,31.0,1,0.4268,0.74,1
LJ500_R064_C083,64,83,702750,9533250,3000,1500,2024,6,2024-06,66,23.77,78.96,192.44,15.12,27.0,4.0,31.0,1,0.8892,1.6342,1
LJ500_R064_C084,64,84,703250,9533250,3500,1500,2024,6,2024-06,66,23.77,78.96,192.44,15.12,27.0,4.0,31.0,1,0.9377,1.7411,1
LJ500_R064_C085,64,85,703750,9533250,4000,1500,2024,6,2024-06,66,23.77,78.96,192.44,15.12,27.0,4.0,31.0,1,0.9194,1.94,1
LJ500_R064_C086,64,86,704250,9533250,4500,1500,2024,6,2024-06,66,23.77,78.96,192.44,15.12,27.0,4.0,31.0,1,0.9115,1.9461,1
LJ500_R065_C077,65,77,699750,9533750,0,2000,2024,6,2024-06,66,21.05,74.7,187.11,13.49,28.16,2.843,31.0,1,0.2906,0.5191,1
LJ500_R065_C078,65,78,700250,9533750,500,2000,2024,6,2024-06,66,23.77,78.96,192.44,15.12,27.0,4.0,31.0,1,0.29,0.5165,1
LJ500_R065_C079,65,79,700750,9533750,1000,2000,2024,6,2024-06,66,23.77,78.96,192.44,15.12,27.0,4.0,31.0,1,0.2989,0.5192,1
LJ500_R065_C080,65,80,701250,9533750,1500,2000,2024,6,2024-06,66,23.77,78.96,192.44,15.12,27.0,4.0,31.0,1,0.3047,0.5208,1
LJ500_R065_C081,65,81,701750,9533750,2000,2000,2024,6,2024-06,66,23.77,78.96,192.44,15.12,27.0,4.0,31.0,1,0.3278,0.587,1
LJ500_R065_C082,65,82,702250,9533750,2500,2000,2024,6,2024-06,66,23.77,78.96,192.44,15.12,27.0,4.0,31.0,1,0.3352,0.6085,1
LJ500_R065_C083,65,83,702750,9533750,3000,2000,2024,6,2024-06,66,23.77,78.96,192.44,15.12,27.0,4.0,31.0,1,0.6118,1.1255,1
LJ500_R065_C084,65,84,703250,9533750,3500,2000,2024,6,2024-06,66,23.77,78.96,192.44,15.12,27.0,4.0,31.0,1,0.6473,1.1963,1
LJ500_R065_C085,65,85,703750,9533750,4000,2000,2024,6,2024-06,66,23.77,78.96,192.44,15.12,27.0,4.0,31.0,1,0.7624,1.4948,1
LJ500_R065_C086,65,86,704250,9533750,4500,2000,2024,6,2024-06,66,23.77,78.96,192.44,15.12,27.0,4.0,31.0,1,0.7854,1.5711,1
LJ500_R066_C077,66,77,699750,9534250,0,2500,2024,6,2024-06,66,21.04,74.68,187.09,13.48,28.16,2.8384,31.0,1,0.2846,0.509,1
LJ500_R066_C078,66,78,700250,9534250,500,2500,2024,6,2024-06,66,23.77,78.96,192.44,15.12,27.0,4.0,31.0,1,0.2816,0.52,1
LJ500_R066_C079,66,79,700750,9534250,1000,2500,2024,6,2024-06,66,23.77,78.96,192.44,15.12,27.0,4.0,31.0,1,0.2905,0.508,1
LJ500_R066_C080,66,80,701250,9534250,1500,2500,2024,6,2024-06,66,23.77,78.96,192.44,15.12,27.0,4.0,31.0,1,0.2965,0.5,1
LJ500_R066_C081,66,81,701750,9534250,2000,2500,2024,6,2024-06,66,23.77,78.96,192.44,15.12,27.0,4.0,31.0,1,0.2897,0.53,1
LJ500_R066_C082,66,82,702250,9534250,2500,2500,2024,6,2024-06,66,23.77,78.96,192.44,15.12,27.0,4.0,31.0,1,0.2874,0.54,1
LJ500_R066_C083,66,83,702750,9534250,3000,2500,2024,6,2024-06,66,23.77,78.96,192.44,15.12,27.0,4.0,31.0,1,0.4689,0.8635,1
LJ500_R066_C084,66,84,703250,9534250,3500,2500,2024,6,2024-06,66,23.77,78.96,192.44,15.12,27.0,4.0,31.0,1,0.4987,0.9177,1
LJ500_R066_C085,66,85,703750,9534250,4000,2500,2024,6,2024-06,66,23.77,78.96,192.44,15.12,27.0,4.0,31.0,1,0.6832,1.27,1
LJ500_R066_C086,66,86,704250,9534250,4500,2500,2024,6,2024-06,66,23.77,78.96,192.44,15.12,27.0,4.0,31.0,1,0.7219,1.3825,1
LJ500_R067_C077,67,77,699750,9534750,0,3000,2024,6,2024-06,66,21.02,74.67,187.07,13.48,28.17,2.8338,31.0,1,0.2824,0.4946,1
LJ500_R067_C078,67,78,700250,9534750,500,3000,2024,6,2024-06,66,23.77,78.96,192.44,15.12,27.0,4.0,31.0,1,0.2715,0.4878,1
LJ500_R067_C079,67,79,700750,9534750,1000,3000,2024,6,2024-06,66,23.77,78.96,192.44,15.12,27.0,4.0,31.0,1,0.2774,0.4806,1
LJ500_R067_C080,67,80,701250,9534750,1500,3000,2024,6,2024-06,66,23.77,78.96,192.44,15.12,27.0,4.0,31.0,1,0.2813,0.4757,1
LJ500_R067_C081,67,81,701750,9534750,2000,3000,2024,6,2024-06,66,23.77,78.96,192.44,15.12,27.0,4.0,31.0,1,0.2843,0.4994,1
LJ500_R067_C082,67,82,702250,9534750,2500,3000,2024,6,2024-06,66,23.77,78.96,192.44,15.12,27.0,4.0,31.0,1,0.2853,0.5074,1
LJ500_R067_C083,67,83,702750,9534750,3000,3000,2024,6,2024-06,66,23.77,78.96,192.44,15.12,27.0,4.0,31.0,1,0.3074,0.5738,1
LJ500_R067_C084,67,84,703250,9534750,3500,3000,2024,6,2024-06,66,23.77,78.96,192.44,15.12,27.0,4.0,31.0,1,0.3158,0.5919,1
LJ500_R067_C085,67,85,703750,9534750,4000,3000,2024,6,2024-06,66,23.77,78.96,192.44,15.12,27.0,4.0,31.0,1,0.4469,0.8265,1
LJ500_R067_C086,67,86,704250,9534750,4500,3000,2024,6,2024-06,66,23.77,78.96,192.44,15.12,27.0,4.0,31.0,1,0.5074,0.946,1
LJ500_R068_C077,68,77,699750,9535250,0,3500,2024,6,2024-06,66,21.01,74.65,187.05,13.47,28.17,2.8292,31.0,1,0.2819,0.4911,1
LJ500_R068_C078,68,78,700250,9535250,500,3500,2024,6,2024-06,66,23.77,78.96,192.44,15.12,27.0,4.0,31.0,1,0.269,0.48,1
LJ500_R068_C079,68,79,700750,9535250,1000,3500,2024,6,2024-06,66,23.77,78.96,192.44,15.12,27.0,4.0,31.0,1,0.2742,0.4741,1
LJ500_R068_C080,68,80,701250,9535250,1500,3500,2024,6,2024-06,66,23.77,78.96,192.44,15.12,27.0,4.0,31.0,1,0.2777,0.47,1
LJ500_R068_C081,68,81,701750,9535250,2000,3500,2024,6,2024-06,66,23.77,78.96,192.44,15.12,27.0,4.0,31.0,1,0.283,0.4923,1
LJ500_R068_C082,68,82,702250,9535250,2500,3500,2024,6,2024-06,66,23.77,78.96,192.44,15.12,27.0,4.0,31.0,1,0.2848,0.5,1
LJ500_R068_C083,68,83,702750,9535250,3000,3500,2024,6,2024-06,66,23.77,78.96,192.44,15.12,27.0,4.0,31.0,1,0.2713,0.5089,1
LJ500_R068_C084,68,84,703250,9535250,3500,3500,2024,6,2024-06,66,23.77,78.96,192.44,15.12,27.0,4.0,31.0,1,0.2751,0.5195,1
LJ500_R068_C085,68,85,703750,9535250,4000,3500,2024,6,2024-06,66,23.77,78.96,192.44,15.12,27.0,4.0,31.0,1,0.3955,0.73,1
LJ500_R068_C086,68,86,704250,9535250,4500,3500,2024,6,2024-06,66,23.77,78.96,192.44,15.12,27.0,4.0,31.0,1,0.4607,0.8514,1
LJ500_R069_C077,69,77,699750,9535750,0,4000,2024,6,2024-06,66,17.19,70.61,179.55,10.1,28.01,2.9871,31.0,1,0.2625,0.4528,1
LJ500_R069_C078,69,78,700250,9535750,500,4000,2024,6,2024-06,66,21.66,77.22,190.59,14.77,27.93,3.069,31.0,1,0.2554,0.4415,1
LJ500_R069_C079,69,79,700750,9535750,1000,4000,2024,6,2024-06,66,21.65,77.22,190.59,14.77,27.93,3.0667,31.0,1,0.2635,0.4584,1
LJ500_R069_C080,69,80,701250,9535750,1500,4000,2024,6,2024-06,66,21.64,77.21,190.58,14.77,27.94,3.0644,31.0,1,0.269,0.47,1
LJ500_R069_C081,69,81,701750,9535750,2000,4000,2024,6,2024-06,66,21.64,77.21,190.58,14.77,27.94,3.0621,31.0,1,0.2761,0.4923,1
LJ500_R069_C082,69,82,702250,9535750,2500,4000,2024,6,2024-06,66,21.63,77.21,190.58,14.77,27.94,3.0597,31.0,1,0.2786,0.5,1
LJ500_R069_C083,69,83,702750,9535750,3000,4000,2024,6,2024-06,66,21.63,77.2,190.57,14.77,27.94,3.0574,31.0,1,0.26,0.4829,1
LJ500_R069_C084,69,84,703250,9535750,3500,4000,2024,6,2024-06,66,21.62,77.2,190.57,14.77,27.94,3.0551,31.0,1,0.2575,0.4809,1
LJ500_R069_C085,69,85,703750,9535750,4000,4000,2024,6,2024-06,66,21.62,77.19,190.56,14.77,27.95,3.0527,31.0,1,0.2519,0.4855,1
LJ500_R069_C086,69,86,704250,9535750,4500,4000,2024,6,2024-06,66,21.61,77.19,190.56,14.77,27.95,3.0504,31.0,1,0.2512,0.4834,1
LJ500_R070_C077,70,77,699750,9536250,0,4500,2024,6,2024-06,66,16.88,70.27,178.93,9.8261,28.0,3.0,31.0,1,0.2602,0.4496,1
LJ500_R070_C078,70,78,700250,9536250,500,4500,2024,6,2024-06,66,21.5,77.09,190.46,14.75,28.0,3.0,31.0,1,0.2531,0.4364,1
LJ500_R070_C079,70,79,700750,9536250,1000,4500,2024,6,2024-06,66,21.5,77.09,190.46,14.75,28.0,3.0,31.0,1,0.2612,0.4562,1
LJ500_R070_C080,70,80,701250,9536250,1500,4500,2024,6,2024-06,66,21.5,77.09,190.46,14.75,28.0,3.0,31.0,1,0.2669,0.47,1
LJ500_R070_C081,70,81,701750,9536250,2000,4500,2024,6,2024-06,66,21.5,77.09,190.46,14.75,28.0,3.0,31.0,1,0.2726,0.4894,1
LJ500_R070_C082,70,82,702250,9536250,2500,4500,2024,6,2024-06,66,21.5,77.09,190.46,14.75,28.0,3.0,31.0,1,0.2746,0.4962,1
LJ500_R070_C083,70,83,702750,9536250,3000,4500,2024,6,2024-06,66,21.5,77.09,190.46,14.75,28.0,3.0,31.0,1,0.2583,0.4783,1
LJ500_R070_C084,70,84,703250,9536250,3500,4500,2024,6,2024-06,66,21.5,77.09,190.46,14.75,28.0,3.0,31.0,1,0.2559,0.476,1
LJ500_R070_C085,70,85,703750,9536250,4000,4500,2024,6,2024-06,66,21.5,77.09,190.46,14.75,28.0,3.0,31.0,1,0.2471,0.476,1
LJ500_R070_C086,70,86,704250,9536250,4500,4500,2024,6,2024-06,66,21.5,77.09,190.46,14.75,28.0,3.0,31.0,1,0.2512,0.4837,1
LJ500_R061_C077,61,77,699750,9531750,0,0,2024,7,2024-07,67,17.76,38.85,92.52,7.8248,24.0,6.0,30.0,1,0.5022,0.6887,1
LJ500_R061_C078,61,78,700250,9531750,500,0,2024,7,2024-07,67,19.65,43.43,98.61,8.2661,24.0,6.0,30.0,1,0.5065,0.6833,1
LJ500_R061_C079,61,79,700750,9531750,1000,0,2024,7,2024-07,67,19.65,43.43,98.61,8.2661,24.0,6.0,30.0,1,0.5037,0.6894,1
LJ500_R061_C080,61,80,701250,9531750,1500,0,2024,7,2024-07,67,19.65,43.43,98.61,8.2661,24.0,6.0,30.0,1,0.5018,0.6934,1
LJ500_R061_C081,61,81,701750,9531750,2000,0,2024,7,2024-07,67,19.65,43.43,98.61,8.2661,24.0,6.0,30.0,1,0.5405,0.8307,1
LJ500_R061_C082,61,82,702250,9531750,2500,0,2024,7,2024-07,67,19.65,43.43,98.61,8.2661,24.0,6.0,30.0,1,0.5534,0.8751,1
LJ500_R061_C083,61,83,702750,9531750,3000,0,2024,7,2024-07,67,19.65,43.43,98.61,8.2661,24.0,6.0,30.0,1,0.6054,0.9577,1
LJ500_R061_C084,61,84,703250,9531750,3500,0,2024,7,2024-07,67,19.65,43.43,98.61,8.2661,24.0,6.0,30.0,1,0.6079,0.962,1
LJ500_R061_C085,61,85,703750,9531750,4000,0,2024,7,2024-07,67,19.65,43.43,98.61,8.2661,24.0,6.0,30.0,1,0.5549,0.876,1
LJ500_R061_C086,61,86,704250,9531750,4500,0,2024,7,2024-07,67,19.65,43.43,98.61,8.2661,24.0,6.0,30.0,1,0.5386,0.8523,1
LJ500_R062_C077,62,77,699750,9532250,0,500,2024,7,2024-07,67,17.75,38.83,92.5,7.823,24.0,6.0,30.0,1,0.4836,0.6754,1
LJ500_R062_C078,62,78,700250,9532250,500,500,2024,7,2024-07,67,19.65,43.43,98.61,8.2661,24.0,6.0,30.0,1,0.4883,0.67,1
LJ500_R062_C079,62,79,700750,9532250,1000,500,2024,7,2024-07,67,19.65,43.43,98.61,8.2661,24.0,6.0,30.0,1,0.4845,0.6883,1
LJ500_R062_C080,62,80,701250,9532250,1500,500,2024,7,2024-07,67,19.65,43.43,98.61,8.2661,24.0,6.0,30.0,1,0.482,0.7,1
LJ500_R062_C081,62,81,701750,9532250,2000,500,2024,7,2024-07,67,19.65,43.43,98.61,8.2661,24.0,6.0,30.0,1,0.6794,1.0716,1
LJ500_R062_C082,62,82,702250,9532250,2500,500,2024,7,2024-07,67,19.65,43.43,98.61,8.2661,24.0,6.0,30.0,1,0.7423,1.19,1
LJ500_R062_C083,62,83,702750,9532250,3000,500,2024,7,2024-07,67,19.65,43.43,98.61,8.2661,24.0,6.0,30.0,1,0.8525,1.4079,1
LJ500_R062_C084,62,84,703250,9532250,3500,500,2024,7,2024-07,67,19.65,43.43,98.61,8.2661,24.0,6.0,30.0,1,0.8579,1.4179,1
LJ500_R062_C085,62,85,703750,9532250,4000,500,2024,7,2024-07,67,19.65,43.43,98.61,8.2661,24.0,6.0,30.0,1,0.7637,1.22,1
LJ500_R062_C086,62,86,704250,9532250,4500,500,2024,7,2024-07,67,19.65,43.43,98.61,8.2661,24.0,6.0,30.0,1,0.7176,1.1538,1
LJ500_R063_C077,63,77,699750,9532750,0,1000,2024,7,2024-07,67,17.74,38.81,92.47,7.8212,24.0,6.0,30.0,1,0.4695,0.6656,1
LJ500_R063_C078,63,78,700250,9532750,500,1000,2024,7,2024-07,67,19.65,43.43,98.61,8.2661,24.0,6.0,30.0,1,0.4738,0.6602,1
LJ500_R063_C079,63,79,700750,9532750,1000,1000,2024,7,2024-07,67,19.65,43.43,98.61,8.2661,24.0,6.0,30.0,1,0.4759,0.6753,1
LJ500_R063_C080,63,80,701250,9532750,1500,1000,2024,7,2024-07,67,19.65,43.43,98.61,8.2661,24.0,6.0,30.0,1,0.4774,0.6851,1
LJ500_R063_C081,63,81,701750,9532750,2000,1000,2024,7,2024-07,67,19.65,43.43,98.61,8.2661,24.0,6.0,30.0,1,0.5904,0.9312,1
LJ500_R063_C082,63,82,702250,9532750,2500,1000,2024,7,2024-07,67,19.65,43.43,98.61,8.2661,24.0,6.0,30.0,1,0.6263,1.0098,1
LJ500_R063_C083,63,83,702750,9532750,3000,1000,2024,7,2024-07,67,19.65,43.43,98.61,8.2661,24.0,6.0,30.0,1,0.8563,1.4539,1
LJ500_R063_C084,63,84,703250,9532750,3500,1000,2024,7,2024-07,67,19.65,43.43,98.61,8.2661,24.0,6.0,30.0,1,0.8747,1.4922,1
LJ500_R063_C085,63,85,703750,9532750,4000,1000,2024,7,2024-07,67,19.65,43.43,98.61,8.2661,24.0,6.0,30.0,1,0.7753,1.3469,1
LJ500_R063_C086,63,86,704250,9532750,4500,1000,2024,7,2024-07,67,19.65,43.43,98.61,8.2661,24.0,6.0,30.0,1,0.7455,1.3206,1
LJ500_R064_C077,64,77,699750,9533250,0,1500,2024,7,2024-07,67,17.73,38.79,92.45,7.8194,24.0,6.0,30.0,1,0.4547,0.6555,1
LJ500_R064_C078,64,78,700250,9533250,500,1500,2024,7,2024-07,67,19.65,43.43,98.61,8.2661,24.0,6.0,30.0,1,0.4587,0.65,1
LJ500_R064_C079,64,79,700750,9533250,1000,1500,2024,7,2024-07,67,19.65,43.43,98.61,8.2661,24.0,6.0,30.0,1,0.4671,0.6621,1
LJ500_R064_C080,64,80,701250,9533250,1500,1500,2024,7,2024-07,67,19.65,43.43,98.61,8.2661,24.0,6.0,30.0,1,0.4727,0.67,1
LJ500_R064_C081,64,81,701750,9533250,2000,1500,2024,7,2024-07,67,19.65,43.43,98.61,8.2661,24.0,6.0,30.0,1,0.5013,0.7906,1
LJ500_R064_C082,64,82,702250,9533250,2500,1500,2024,7,2024-07,67,19.65,43.43,98.61,8.2661,24.0,6.0,30.0,1,0.5107,0.83,1
LJ500_R064_C083,64,83,702750,9533250,3000,1500,2024,7,2024-07,67,19.65,43.43,98.61,8.2661,24.0,6.0,30.0,1,0.8596,1.4984,1
LJ500_R064_C084,64,84,703250,9533250,3500,1500,2024,7,2024-07,67,19.65,43.43,98.61,8.2661,24.0,6.0,30.0,1,0.8912,1.5647,1
LJ500_R064_C085,64,85,703750,9533250,4000,1500,2024,7,2024-07,67,19.65,43.43,98.61,8.2661,24.0,6.0,30.0,1,0.7867,1.47,1
LJ500_R064_C086,64,86,704250,9533250,4500,1500,2024,7,2024-07,67,19.65,43.43,98.61,8.2661,24.0,6.0,30.0,1,0.772,1.4801,1
LJ500_R065_C077,65,77,699750,9533750,0,2000,2024,7,2024-07,67,17.73,38.77,92.43,7.8177,24.0,6.0,30.0,1,0.4415,0.6426,1
LJ500_R065_C078,65,78,700250,9533750,500,2000,2024,7,2024-07,67,19.65,43.43,98.61,8.2661,24.0,6.0,30.0,1,0.4394,0.637,1
LJ500_R065_C079,65,79,700750,9533750,1000,2000,2024,7,2024-07,67,19.65,43.43,98.61,8.2661,24.0,6.0,30.0,1,0.4486,0.6334,1
LJ500_R065_C080,65,80,701250,9533750,1500,2000,2024,7,2024-07,67,19.65,43.43,98.61,8.2661,24.0,6.0,30.0,1,0.4546,0.6308,1
LJ500_R065_C081,65,81,701750,9533750,2000,2000,2024,7,2024-07,67,19.65,43.43,98.61,8.2661,24.0,6.0,30.0,1,0.4429,0.6968,1
LJ500_R065_C082,65,82,702250,9533750,2500,2000,2024,7,2024-07,67,19.65,43.43,98.61,8.2661,24.0,6.0,30.0,1,0.4388,0.7182,1
LJ500_R065_C083,65,83,702750,9533750,3000,2000,2024,7,2024-07,67,19.65,43.43,98.61,8.2661,24.0,6.0,30.0,1,0.6491,1.1111,1
LJ500_R065_C084,65,84,703250,9533750,3500,2000,2024,7,2024-07,67,19.65,43.43,98.61,8.2661,24.0,6.0,30.0,1,0.6749,1.1584,1
LJ500_R065_C085,65,85,703750,9533750,4000,2000,2024,7,2024-07,67,19.65,43.43,98.61,8.2661,24.0,6.0,30.0,1,0.7406,1.264,1
LJ500_R065_C086,65,86,704250,9533750,4500,2000,2024,7,2024-07,67,19.65,43.43,98.61,8.2661,24.0,6.0,30.0,1,0.7389,1.2959,1
LJ500_R066_C077,66,77,699750,9534250,0,2500,2024,7,2024-07,67,17.72,38.75,92.4,7.8159,24.0,6.0,30.0,1,0.4343,0.6355,1
LJ500_R066_C078,66,78,700250,9534250,500,2500,2024,7,2024-07,67,19.65,43.43,98.61,8.2661,24.0,6.0,30.0,1,0.429,0.63,1
LJ500_R066_C079,66,79,700750,9534250,1000,2500,2024,7,2024-07,67,19.65,43.43,98.61,8.2661,24.0,6.0,30.0,1,0.4386,0.618,1
LJ500_R066_C080,66,80,701250,9534250,1500,2500,2024,7,2024-07,67,19.65,43.43,98.61,8.2661,24.0,6.0,30.0,1,0.445,0.61,1
LJ500_R066_C081,66,81,701750,9534250,2000,2500,2024,7,2024-07,67,19.65,43.43,98.61,8.2661,24.0,6.0,30.0,1,0.4123,0.6475,1
LJ500_R066_C082,66,82,702250,9534250,2500,2500,2024,7,2024-07,67,19.65,43.43,98.61,8.2661,24.0,6.0,30.0,1,0.4013,0.66,1
LJ500_R066_C083,66,83,702750,9534250,3000,2500,2024,7,2024-07,67,19.65,43.43,98.61,8.2661,24.0,6.0,30.0,1,0.5406,0.9116,1
LJ500_R066_C084,66,84,703250,9534250,3500,2500,2024,7,2024-07,67,19.65,43.43,98.61,8.2661,24.0,6.0,30.0,1,0.5641,0.9506,1
LJ500_R066_C085,66,85,703750,9534250,4000,2500,2024,7,2024-07,67,19.65,43.43,98.61,8.2661,24.0,6.0,30.0,1,0.7173,1.16,1
LJ500_R066_C086,66,86,704250,9534250,4500,2500,2024,7,2024-07,67,19.65,43.43,98.61,8.2661,24.0,6.0,30.0,1,0.7223,1.2034,1
LJ500_R067_C077,67,77,699750,9534750,0,3000,2024,7,2024-07,67,17.71,38.74,92.38,7.8141,24.0,6.0,30.0,1,0.4286,0.6203,1
LJ500_R067_C078,67,78,700250,9534750,500,3000,2024,7,2024-07,67,19.65,43.43,98.61,8.2661,24.0,6.0,30.0,1,0.4142,0.6059,1
LJ500_R067_C079,67,79,700750,9534750,1000,3000,2024,7,2024-07,67,19.65,43.43,98.61,8.2661,24.0,6.0,30.0,1,0.4205,0.5987,1
LJ500_R067_C080,67,80,701250,9534750,1500,3000,2024,7,2024-07,67,19.65,43.43,98.61,8.2661,24.0,6.0,30.0,1,0.4248,0.5938,1
LJ500_R067_C081,67,81,701750,9534750,2000,3000,2024,7,2024-07,67,19.65,43.43,98.61,8.2661,24.0,6.0,30.0,1,0.4222,0.619,1
LJ500_R067_C082,67,82,702250,9534750,2500,3000,2024,7,2024-07,67,19.65,43.43,98.61,8.2661,24.0,6.0,30.0,1,0.4214,0.6274,1
LJ500_R067_C083,67,83,702750,9534750,3000,3000,2024,7,2024-07,67,19.65,43.43,98.61,8.2661,24.0,6.0,30.0,1,0.4255,0.6807,1
LJ500_R067_C084,67,84,703250,9534750,3500,3000,2024,7,2024-07,67,19.65,43.43,98.61,8.2661,24.0,6.0,30.0,1,0.4294,0.6939,1
LJ500_R067_C085,67,85,703750,9534750,4000,3000,2024,7,2024-07,67,19.65,43.43,98.61,8.2661,24.0,6.0,30.0,1,0.5082,0.8561,1
LJ500_R067_C086,67,86,704250,9534750,4500,3000,2024,7,2024-07,67,19.65,43.43,98.61,8.2661,24.0,6.0,30.0,1,0.5525,0.9319,1
LJ500_R068_C077,68,77,699750,9535250,0,3500,2024,7,2024-07,67,17.7,38.72,92.35,7.8123,24.0,6.0,30.0,1,0.4273,0.6166,1
LJ500_R068_C078,68,78,700250,9535250,500,3500,2024,7,2024-07,67,19.65,43.43,98.61,8.2661,24.0,6.0,30.0,1,0.4107,0.6,1
LJ500_R068_C079,68,79,700750,9535250,1000,3500,2024,7,2024-07,67,19.65,43.43,98.61,8.2661,24.0,6.0,30.0,1,0.4162,0.5941,1
LJ500_R068_C080,68,80,701250,9535250,1500,3500,2024,7,2024-07,67,19.65,43.43,98.61,8.2661,24.0,6.0,30.0,1,0.42,0.59,1
LJ500_R068_C081,68,81,701750,9535250,2000,3500,2024,7,2024-07,67,19.65,43.43,98.61,8.2661,24.0,6.0,30.0,1,0.4245,0.6123,1
LJ500_R068_C082,68,82,702250,9535250,2500,3500,2024,7,2024-07,67,19.65,43.43,98.61,8.2661,24.0,6.0,30.0,1,0.426,0.62,1
LJ500_R068_C083,68,83,702750,9535250,3000,3500,2024,7,2024-07,67,19.65,43.43,98.61,8.2661,24.0,6.0,30.0,1,0.3998,0.6289,1
LJ500_R068_C084,68,84,703250,9535250,3500,3500,2024,7,2024-07,67,19.65,43.43,98.61,8.2661,24.0,6.0,30.0,1,0.3995,0.6369,1
LJ500_R068_C085,68,85,703750,9535250,4000,3500,2024,7,2024-07,67,19.65,43.43,98.61,8.2661,24.0,6.0,30.0,1,0.4627,0.79,1
LJ500_R068_C086,68,86,704250,9535250,4500,3500,2024,7,2024-07,67,19.65,43.43,98.61,8.2661,24.0,6.0,30.0,1,0.5155,0.8729,1
LJ500_R069_C077,69,77,699750,9535750,0,4000,2024,7,2024-07,67,16.22,33.42,86.84,7.5059,24.0,6.0,30.0,1,0.4026,0.5868,1
LJ500_R069_C078,69,78,700250,9535750,500,4000,2024,7,2024-07,67,19.73,41.38,96.95,9.4465,24.0,6.0,30.0,1,0.3924,0.5808,1
LJ500_R069_C079,69,79,700750,9535750,1000,4000,2024,7,2024-07,67,19.73,41.38,96.95,9.4494,24.0,6.0,30.0,1,0.4017,0.5862,1
LJ500_R069_C080,69,80,701250,9535750,1500,4000,2024,7,2024-07,67,19.73,41.37,96.94,9.4524,24.0,6.0,30.0,1,0.4081,0.59,1
LJ500_R069_C081,69,81,701750,9535750,2000,4000,2024,7,2024-07,67,19.73,41.37,96.94,9.4553,24.0,6.0,30.0,1,0.3823,0.6195,1
LJ500_R069_C082,69,82,702250,9535750,2500,4000,2024,7,2024-07,67,19.73,41.36,96.93,9.4583,24.0,6.0,30.0,1,0.3732,0.6297,1
LJ500_R069_C083,69,83,702750,9535750,3000,4000,2024,7,2024-07,67,19.73,41.36,96.93,9.4612,24.0,6.0,30.0,1,0.3608,0.6213,1
LJ500_R069_C084,69,84,703250,9535750,3500,4000,2024,7,2024-07,67,19.73,41.35,96.93,9.4642,24.0,6.0,30.0,1,0.3598,0.6196,1
LJ500_R069_C085,69,85,703750,9535750,4000,4000,2024,7,2024-07,67,19.73,41.35,96.92,9.4672,24.0,6.0,30.0,1,0.373,0.6042,1
LJ500_R069_C086,69,86,704250,9535750,4500,4000,2024,7,2024-07,67,19.73,41.34,96.92,9.4701,24.0,6.0,30.0,1,0.37,0.6053,1
LJ500_R070_C077,70,77,699750,9536250,0,4500,2024,7,2024-07,67,16.1,32.98,86.37,7.4739,24.0,6.0,30.0,1,0.3996,0.5834,1
LJ500_R070_C078,70,78,700250,9536250,500,4500,2024,7,2024-07,67,19.73,41.23,96.83,9.534,24.0,6.0,30.0,1,0.3893,0.5764,1
LJ500_R070_C079,70,79,700750,9536250,1000,4500,2024,7,2024-07,67,19.73,41.23,96.83,9.534,24.0,6.0,30.0,1,0.3986,0.5844,1
LJ500_R070_C080,70,80,701250,9536250,1500,4500,2024,7,2024-07,67,19.73,41.23,96.83,9.534,24.0,6.0,30.0,1,0.405,0.59,1
LJ500_R070_C081,70,81,701750,9536250,2000,4500,2024,7,2024-07,67,19.73,41.23,96.83,9.534,24.0,6.0,30.0,1,0.3807,0.6159,1
LJ500_R070_C082,70,82,702250,9536250,2500,4500,2024,7,2024-07,67,19.73,41.23,96.83,9.534,24.0,6.0,30.0,1,0.3722,0.6249,1
LJ500_R070_C083,70,83,702750,9536250,3000,4500,2024,7,2024-07,67,19.73,41.23,96.83,9.534,24.0,6.0,30.0,1,0.3618,0.6124,1
LJ500_R070_C084,70,84,703250,9536250,3500,4500,2024,7,2024-07,67,19.73,41.23,96.83,9.534,24.0,6.0,30.0,1,0.3609,0.6102,1
LJ500_R070_C085,70,85,703750,9536250,4000,4500,2024,7,2024-07,67,19.73,41.23,96.83,9.534,24.0,6.0,30.0,1,0.3685,0.5973,1
LJ500_R070_C086,70,86,704250,9536250,4500,4500,2024,7,2024-07,67,19.73,41.23,96.83,9.534,24.0,6.0,30.0,1,0.3687,0.6047,1
LJ500_R061_C077,61,77,699750,9531750,0,0,2024,8,2024-08,68,7.3688,25.13,46.22,7.3688,30.0,1.0,31.0,1,0.5778,0.6905,1
LJ500_R061_C078,61,78,700250,9531750,500,0,2024,8,2024-08,68,10.2,29.86,53.63,10.2,30.0,1.0,31.0,1,0.5814,0.6833,1
LJ500_R061_C079,61,79,700750,9531750,1000,0,2024,8,2024-08,68,10.2,29.86,53.63,10.2,30.0,1.0,31.0,1,0.5767,0.6772,1
LJ500_R061_C080,61,80,701250,9531750,1500,0,2024,8,2024-08,68,10.2,29.86,53.63,10.2,30.0,1.0,31.0,1,0.5737,0.6732,1
LJ500_R061_C081,61,81,701750,9531750,2000,0,2024,8,2024-08,68,10.2,29.86,53.63,10.2,30.0,1.0,31.0,1,0.6141,0.8418,1
LJ500_R061_C082,61,82,702250,9531750,2500,0,2024,8,2024-08,68,10.2,29.86,53.63,10.2,30.0,1.0,31.0,1,0.628,0.8963,1
LJ500_R061_C083,61,83,702750,9531750,3000,0,2024,8,2024-08,68,10.2,29.86,53.63,10.2,30.0,1.0,31.0,1,0.721,1.05,1
LJ500_R061_C084,61,84,703250,9531750,3500,0,2024,8,2024-08,68,10.2,29.86,53.63,10.2,30.0,1.0,31.0,1,0.7268,1.0581,1
LJ500_R061_C085,61,85,703750,9531750,4000,0,2024,8,2024-08,68,10.2,29.86,53.63,10.2,30.0,1.0,31.0,1,0.651,0.9162,1
LJ500_R061_C086,61,86,704250,9531750,4500,0,2024,8,2024-08,68,10.2,29.86,53.63,10.2,30.0,1.0,31.0,1,0.6251,0.8819,1
LJ500_R062_C077,62,77,699750,9532250,0,500,2024,8,2024-08,68,7.3572,25.11,46.19,7.3572,30.0,1.0,31.0,1,0.5546,0.67,1
LJ500_R062_C078,62,78,700250,9532250,500,500,2024,8,2024-08,68,10.2,29.86,53.63,10.2,30.0,1.0,31.0,1,0.5558,0.67,1
LJ500_R062_C079,62,79,700750,9532250,1000,500,2024,8,2024-08,68,10.2,29.86,53.63,10.2,30.0,1.0,31.0,1,0.5481,0.6639,1
LJ500_R062_C080,62,80,701250,9532250,1500,500,2024,8,2024-08,68,10.2,29.86,53.63,10.2,30.0,1.0,31.0,1,0.5432,0.66,1
LJ500_R062_C081,62,81,701750,9532250,2000,500,2024,8,2024-08,68,10.2,29.86,53.63,10.2,30.0,1.0,31.0,1,0.8375,1.1378,1
LJ500_R062_C082,62,82,702250,9532250,2500,500,2024,8,2024-08,68,10.2,29.86,53.63,10.2,30.0,1.0,31.0,1,0.9313,1.29,1
LJ500_R062_C083,62,83,702750,9532250,3000,500,2024,8,2024-08,68,10.2,29.86,53.63,10.2,30.0,1.0,31.0,1,1.1474,1.6259,1
LJ500_R062_C084,62,84,703250,9532250,3500,500,2024,8,2024-08,68,10.2,29.86,53.63,10.2,30.0,1.0,31.0,1,1.1594,1.6445,1
LJ500_R062_C085,62,85,703750,9532250,4000,500,2024,8,2024-08,68,10.2,29.86,53.63,10.2,30.0,1.0,31.0,1,0.9965,1.39,1
LJ500_R062_C086,62,86,704250,9532250,4500,500,2024,8,2024-08,68,10.2,29.86,53.63,10.2,30.0,1.0,31.0,1,0.9183,1.2928,1
LJ500_R063_C077,63,77,699750,9532750,0,1000,2024,8,2024-08,68,7.3457,25.09,46.16,7.3457,30.0,1.0,31.0,1,0.5445,0.658,1
LJ500_R063_C078,63,78,700250,9532750,500,1000,2024,8,2024-08,68,10.2,29.86,53.63,10.2,30.0,1.0,31.0,1,0.5377,0.6553,1
LJ500_R063_C079,63,79,700750,9532750,1000,1000,2024,8,2024-08,68,10.2,29.86,53.63,10.2,30.0,1.0,31.0,1,0.5387,0.6551,1
LJ500_R063_C080,63,80,701250,9532750,1500,1000,2024,8,2024-08,68,10.2,29.86,53.63,10.2,30.0,1.0,31.0,1,0.5394,0.655,1
LJ500_R063_C081,63,81,701750,9532750,2000,1000,2024,8,2024-08,68,10.2,29.86,53.63,10.2,30.0,1.0,31.0,1,0.6927,0.9581,1
LJ500_R063_C082,63,82,702250,9532750,2500,1000,2024,8,2024-08,68,10.2,29.86,53.63,10.2,30.0,1.0,31.0,1,0.7412,1.0547,1
LJ500_R063_C083,63,83,702750,9532750,3000,1000,2024,8,2024-08,68,10.2,29.86,53.63,10.2,30.0,1.0,31.0,1,1.1918,1.7347,1
LJ500_R063_C084,63,84,703250,9532750,3500,1000,2024,8,2024-08,68,10.2,29.86,53.63,10.2,30.0,1.0,31.0,1,1.2333,1.8036,1
LJ500_R063_C085,63,85,703750,9532750,4000,1000,2024,8,2024-08,68,10.2,29.86,53.63,10.2,30.0,1.0,31.0,1,1.1324,1.7556,1
LJ500_R063_C086,63,86,704250,9532750,4500,1000,2024,8,2024-08,68,10.2,29.86,53.63,10.2,30.0,1.0,31.0,1,1.0889,1.7101,1
LJ500_R064_C077,64,77,699750,9533250,0,1500,2024,8,2024-08,68,7.3342,25.07,46.13,7.3342,30.0,1.0,31.0,1,0.534,0.6455,1
LJ500_R064_C078,64,78,700250,9533250,500,1500,2024,8,2024-08,68,10.2,29.86,53.63,10.2,30.0,1.0,31.0,1,0.519,0.64,1
LJ500_R064_C079,64,79,700750,9533250,1000,1500,2024,8,2024-08,68,10.2,29.86,53.63,10.2,30.0,1.0,31.0,1,0.529,0.646,1
LJ500_R064_C080,64,80,701250,9533250,1500,1500,2024,8,2024-08,68,10.2,29.86,53.63,10.2,30.0,1.0,31.0,1,0.5355,0.65,1
LJ500_R064_C081,64,81,701750,9533250,2000,1500,2024,8,2024-08,68,10.2,29.86,53.63,10.2,30.0,1.0,31.0,1,0.5476,0.7781,1
LJ500_R064_C082,64,82,702250,9533250,2500,1500,2024,8,2024-08,68,10.2,29.86,53.63,10.2,30.0,1.0,31.0,1,0.5516,0.82,1
LJ500_R064_C083,64,83,702750,9533250,3000,1500,2024,8,2024-08,68,10.2,29.86,53.63,10.2,30.0,1.0,31.0,1,1.2346,1.8406,1
LJ500_R064_C084,64,84,703250,9533250,3500,1500,2024,8,2024-08,68,10.2,29.86,53.63,10.2,30.0,1.0,31.0,1,1.3054,1.9584,1
LJ500_R064_C085,64,85,703750,9533250,4000,1500,2024,8,2024-08,68,10.2,29.86,53.63,10.2,30.0,1.0,31.0,1,1.2642,2.11,1
LJ500_R064_C086,64,86,704250,9533250,4500,1500,2024,8,2024-08,68,10.2,29.86,53.63,10.2,30.0,1.0,31.0,1,1.2521,2.11,1
LJ500_R065_C077,65,77,699750,9533750,0,2000,2024,8,2024-08,68,7.3227,25.05,46.1,7.3227,30.0,1.0,31.0,1,0.5141,0.6196,1
LJ500_R065_C078,65,78,700250,9533750,500,2000,2024,8,2024-08,68,10.2,29.86,53.63,10.2,30.0,1.0,31.0,1,0.5105,0.6141,1
LJ500_R065_C079,65,79,700750,9533750,1000,2000,2024,8,2024-08,68,10.2,29.86,53.63,10.2,30.0,1.0,31.0,1,0.5095,0.6161,1
LJ500_R065_C080,65,80,701250,9533750,1500,2000,2024,8,2024-08,68,10.2,29.86,53.63,10.2,30.0,1.0,31.0,1,0.5087,0.6174,1
LJ500_R065_C081,65,81,701750,9533750,2000,2000,2024,8,2024-08,68,10.2,29.86,53.63,10.2,30.0,1.0,31.0,1,0.4698,0.681,1
LJ500_R065_C082,65,82,702250,9533750,2500,2000,2024,8,2024-08,68,10.2,29.86,53.63,10.2,30.0,1.0,31.0,1,0.4566,0.7017,1
LJ500_R065_C083,65,83,702750,9533750,3000,2000,2024,8,2024-08,68,10.2,29.86,53.63,10.2,30.0,1.0,31.0,1,0.8233,1.2319,1
LJ500_R065_C084,65,84,703250,9533750,3500,2000,2024,8,2024-08,68,10.2,29.86,53.63,10.2,30.0,1.0,31.0,1,0.8707,1.3022,1
LJ500_R065_C085,65,85,703750,9533750,4000,2000,2024,8,2024-08,68,10.2,29.86,53.63,10.2,30.0,1.0,31.0,1,1.0353,1.5717,1
LJ500_R065_C086,65,86,704250,9533750,4500,2000,2024,8,2024-08,68,10.2,29.86,53.63,10.2,30.0,1.0,31.0,1,1.0661,1.6657,1
LJ500_R066_C077,66,77,699750,9534250,0,2500,2024,8,2024-08,68,7.3112,25.03,46.06,7.3112,30.0,1.0,31.0,1,0.5031,0.6055,1
LJ500_R066_C078,66,78,700250,9534250,500,2500,2024,8,2024-08,68,10.2,29.86,53.63,10.2,30.0,1.0,31.0,1,0.5058,0.6,1
LJ500_R066_C079,66,79,700750,9534250,1000,2500,2024,8,2024-08,68,10.2,29.86,53.63,10.2,30.0,1.0,31.0,1,0.499,0.6,1
LJ500_R066_C080,66,80,701250,9534250,1500,2500,2024,8,2024-08,68,10.2,29.86,53.63,10.2,30.0,1.0,31.0,1,0.4945,0.6,1
LJ500_R066_C081,66,81,701750,9534250,2000,2500,2024,8,2024-08,68,10.2,29.86,53.63,10.2,30.0,1.0,31.0,1,0.429,0.63,1
LJ500_R066_C082,66,82,702250,9534250,2500,2500,2024,8,2024-08,68,10.2,29.86,53.63,10.2,30.0,1.0,31.0,1,0.4071,0.64,1
LJ500_R066_C083,66,83,702750,9534250,3000,2500,2024,8,2024-08,68,10.2,29.86,53.63,10.2,30.0,1.0,31.0,1,0.6114,0.9185,1
LJ500_R066_C084,66,84,703250,9534250,3500,2500,2024,8,2024-08,68,10.2,29.86,53.63,10.2,30.0,1.0,31.0,1,0.6482,0.9668,1
LJ500_R066_C085,66,85,703750,9534250,4000,2500,2024,8,2024-08,68,10.2,29.86,53.63,10.2,30.0,1.0,31.0,1,0.9197,1.3,1
LJ500_R066_C086,66,86,704250,9534250,4500,2500,2024,8,2024-08,68,10.2,29.86,53.63,10.2,30.0,1.0,31.0,1,0.9725,1.4421,1
LJ500_R067_C077,67,77,699750,9534750,0,3000,2024,8,2024-08,68,7.2997,25.01,46.03,7.2997,30.0,1.0,31.0,1,0.4872,0.5859,1
LJ500_R067_C078,67,78,700250,9534750,500,3000,2024,8,2024-08,68,10.2,29.86,53.63,10.2,30.0,1.0,31.0,1,0.4772,0.5759,1
LJ500_R067_C079,67,79,700750,9534750,1000,3000,2024,8,2024-08,68,10.2,29.86,53.63,10.2,30.0,1.0,31.0,1,0.471,0.5758,1
LJ500_R067_C080,67,80,701250,9534750,1500,3000,2024,8,2024-08,68,10.2,29.86,53.63,10.2,30.0,1.0,31.0,1,0.4668,0.5757,1
LJ500_R067_C081,67,81,701750,9534750,2000,3000,2024,8,2024-08,68,10.2,29.86,53.63,10.2,30.0,1.0,31.0,1,0.4625,0.5813,1
LJ500_R067_C082,67,82,702250,9534750,2500,3000,2024,8,2024-08,68,10.2,29.86,53.63,10.2,30.0,1.0,31.0,1,0.4612,0.583,1
LJ500_R067_C083,67,83,702750,9534750,3000,3000,2024,8,2024-08,68,10.2,29.86,53.63,10.2,30.0,1.0,31.0,1,0.4648,0.6558,1
LJ500_R067_C084,67,84,703250,9534750,3500,3000,2024,8,2024-08,68,10.2,29.86,53.63,10.2,30.0,1.0,31.0,1,0.4698,0.6741,1
LJ500_R067_C085,67,85,703750,9534750,4000,3000,2024,8,2024-08,68,10.2,29.86,53.63,10.2,30.0,1.0,31.0,1,0.575,0.8976,1
LJ500_R067_C086,67,86,704250,9534750,4500,3000,2024,8,2024-08,68,10.2,29.86,53.63,10.2,30.0,1.0,31.0,1,0.6602,1.0208,1
LJ500_R068_C077,68,77,699750,9535250,0,3500,2024,8,2024-08,68,7.2882,24.99,46.0,7.2882,30.0,1.0,31.0,1,0.4834,0.5811,1
LJ500_R068_C078,68,78,700250,9535250,500,3500,2024,8,2024-08,68,10.2,29.86,53.63,10.2,30.0,1.0,31.0,1,0.4703,0.57,1
LJ500_R068_C079,68,79,700750,9535250,1000,3500,2024,8,2024-08,68,10.2,29.86,53.63,10.2,30.0,1.0,31.0,1,0.4644,0.57,1
LJ500_R068_C080,68,80,701250,9535250,1500,3500,2024,8,2024-08,68,10.2,29.86,53.63,10.2,30.0,1.0,31.0,1,0.4603,0.57,1
LJ500_R068_C081,68,81,701750,9535250,2000,3500,2024,8,2024-08,68,10.2,29.86,53.63,10.2,30.0,1.0,31.0,1,0.4702,0.57,1
LJ500_R068_C082,68,82,702250,9535250,2500,3500,2024,8,2024-08,68,10.2,29.86,53.63,10.2,30.0,1.0,31.0,1,0.4735,0.57,1
LJ500_R068_C083,68,83,702750,9535250,3000,3500,2024,8,2024-08,68,10.2,29.86,53.63,10.2,30.0,1.0,31.0,1,0.432,0.5968,1
LJ500_R068_C084,68,84,703250,9535250,3500,3500,2024,8,2024-08,68,10.2,29.86,53.63,10.2,30.0,1.0,31.0,1,0.4303,0.6091,1
LJ500_R068_C085,68,85,703750,9535250,4000,3500,2024,8,2024-08,68,10.2,29.86,53.63,10.2,30.0,1.0,31.0,1,0.5,0.81,1
LJ500_R068_C086,68,86,704250,9535250,4500,3500,2024,8,2024-08,68,10.2,29.86,53.63,10.2,30.0,1.0,31.0,1,0.5924,0.9295,1
LJ500_R069_C077,69,77,699750,9535750,0,4000,2024,8,2024-08,68,5.3092,21.53,38.73,5.3092,30.0,1.0,31.0,1,0.4438,0.5524,1
LJ500_R069_C078,69,78,700250,9535750,500,4000,2024,8,2024-08,68,10.17,29.9,51.56,10.17,30.0,1.0,31.0,1,0.4353,0.5411,1
LJ500_R069_C079,69,79,700750,9535750,1000,4000,2024,8,2024-08,68,10.17,29.9,51.55,10.17,30.0,1.0,31.0,1,0.4414,0.5354,1
LJ500_R069_C080,69,80,701250,9535750,1500,4000,2024,8,2024-08,68,10.17,29.9,51.55,10.17,30.0,1.0,31.0,1,0.4457,0.5313,1
LJ500_R069_C081,69,81,701750,9535750,2000,4000,2024,8,2024-08,68,10.17,29.9,51.54,10.17,30.0,1.0,31.0,1,0.388,0.6175,1
LJ500_R069_C082,69,82,702250,9535750,2500,4000,2024,8,2024-08,68,10.17,29.9,51.54,10.17,30.0,1.0,31.0,1,0.3677,0.6477,1
LJ500_R069_C083,69,83,702750,9535750,3000,4000,2024,8,2024-08,68,10.17,29.9,51.53,10.17,30.0,1.0,31.0,1,0.3565,0.6225,1
LJ500_R069_C084,69,84,703250,9535750,3500,4000,2024,8,2024-08,68,10.17,29.9,51.53,10.17,30.0,1.0,31.0,1,0.3568,0.6181,1
LJ500_R069_C085,69,85,703750,9535750,4000,4000,2024,8,2024-08,68,10.17,29.9,51.52,10.17,30.0,1.0,31.0,1,0.3975,0.585,1
LJ500_R069_C086,69,86,704250,9535750,4500,4000,2024,8,2024-08,68,10.17,29.9,51.52,10.17,30.0,1.0,31.0,1,0.3928,0.5867,1
LJ500_R070_C077,70,77,699750,9536250,0,4500,2024,8,2024-08,68,5.1377,21.23,38.12,5.1377,30.0,1.0,31.0,1,0.4393,0.547,1
LJ500_R070_C078,70,78,700250,9536250,500,4500,2024,8,2024-08,68,10.17,29.9,51.4,10.17,30.0,1.0,31.0,1,0.4299,0.5364,1
LJ500_R070_C079,70,79,700750,9536250,1000,4500,2024,8,2024-08,68,10.17,29.9,51.4,10.17,30.0,1.0,31.0,1,0.437,0.5348,1
LJ500_R070_C080,70,80,701250,9536250,1500,4500,2024,8,2024-08,68,10.17,29.9,51.4,10.17,30.0,1.0,31.0,1,0.4419,0.5337,1
LJ500_R070_C081,70,81,701750,9536250,2000,4500,2024,8,2024-08,68,10.17,29.9,51.4,10.17,30.0,1.0,31.0,1,0.3882,0.6114,1
LJ500_R070_C082,70,82,702250,9536250,2500,4500,2024,8,2024-08,68,10.17,29.9,51.4,10.17,30.0,1.0,31.0,1,0.3695,0.6385,1
LJ500_R070_C083,70,83,702750,9536250,3000,4500,2024,8,2024-08,68,10.17,29.9,51.4,10.17,30.0,1.0,31.0,1,0.3609,0.6105,1
LJ500_R070_C084,70,84,703250,9536250,3500,4500,2024,8,2024-08,68,10.17,29.9,51.4,10.17,30.0,1.0,31.0,1,0.3612,0.6056,1
LJ500_R070_C085,70,85,703750,9536250,4000,4500,2024,8,2024-08,68,10.17,29.9,51.4,10.17,30.0,1.0,31.0,1,0.3921,0.5773,1
LJ500_R070_C086,70,86,704250,9536250,4500,4500,2024,8,2024-08,68,10.17,29.9,51.4,10.17,30.0,1.0,31.0,1,0.3914,0.5871,1
LJ500_R061_C077,61,77,699750,9531750,0,0,2024,9,2024-09,69,11.5,18.87,36.63,5.0186,27.0,4.0,31.0,1,0.5888,0.8098,1
LJ500_R061_C078,61,78,700250,9531750,500,0,2024,9,2024-09,69,12.74,22.94,42.6,5.6074,27.0,4.0,31.0,1,0.5952,0.8133,1
LJ500_R061_C079,61,79,700750,9531750,1000,0,2024,9,2024-09,69,12.74,22.94,42.6,5.6074,27.0,4.0,31.0,1,0.5923,0.805,1
LJ500_R061_C080,61,80,701250,9531750,1500,0,2024,9,2024-09,69,12.74,22.94,42.6,5.6074,27.0,4.0,31.0,1,0.5904,0.7996,1
LJ500_R061_C081,61,81,701750,9531750,2000,0,2024,9,2024-09,69,12.74,22.94,42.6,5.6074,27.0,4.0,31.0,1,0.6102,0.8713,1
LJ500_R061_C082,61,82,702250,9531750,2500,0,2024,9,2024-09,69,12.74,22.94,42.6,5.6074,27.0,4.0,31.0,1,0.6172,0.8951,1
LJ500_R061_C083,61,83,702750,9531750,3000,0,2024,9,2024-09,69,12.74,22.94,42.6,5.6074,27.0,4.0,31.0,1,0.6705,0.984,1
LJ500_R061_C084,61,84,703250,9531750,3500,0,2024,9,2024-09,69,12.74,22.94,42.6,5.6074,27.0,4.0,31.0,1,0.6735,0.9898,1
LJ500_R061_C085,61,85,703750,9531750,4000,0,2024,9,2024-09,69,12.74,22.94,42.6,5.6074,27.0,4.0,31.0,1,0.6246,0.9171,1
LJ500_R061_C086,61,86,704250,9531750,4500,0,2024,9,2024-09,69,12.74,22.94,42.6,5.6074,27.0,4.0,31.0,1,0.6071,0.8861,1
LJ500_R062_C077,62,77,699750,9532250,0,500,2024,9,2024-09,69,11.5,18.86,36.61,5.0162,27.0,4.0,31.0,1,0.5672,0.7892,1
LJ500_R062_C078,62,78,700250,9532250,500,500,2024,9,2024-09,69,12.74,22.94,42.6,5.6074,27.0,4.0,31.0,1,0.5748,0.8,1
LJ500_R062_C079,62,79,700750,9532250,1000,500,2024,9,2024-09,69,12.74,22.94,42.6,5.6074,27.0,4.0,31.0,1,0.5699,0.7756,1
LJ500_R062_C080,62,80,701250,9532250,1500,500,2024,9,2024-09,69,12.74,22.94,42.6,5.6074,27.0,4.0,31.0,1,0.5668,0.76,1
LJ500_R062_C081,62,81,701750,9532250,2000,500,2024,9,2024-09,69,12.74,22.94,42.6,5.6074,27.0,4.0,31.0,1,0.7578,1.1013,1
LJ500_R062_C082,62,82,702250,9532250,2500,500,2024,9,2024-09,69,12.74,22.94,42.6,5.6074,27.0,4.0,31.0,1,0.8187,1.21,1
LJ500_R062_C083,62,83,702750,9532250,3000,500,2024,9,2024-09,69,12.74,22.94,42.6,5.6074,27.0,4.0,31.0,1,0.9446,1.4461,1
LJ500_R062_C084,62,84,703250,9532250,3500,500,2024,9,2024-09,69,12.74,22.94,42.6,5.6074,27.0,4.0,31.0,1,0.951,1.4602,1
LJ500_R062_C085,62,85,703750,9532250,4000,500,2024,9,2024-09,69,12.74,22.94,42.6,5.6074,27.0,4.0,31.0,1,0.8455,1.3,1
LJ500_R062_C086,62,86,704250,9532250,4500,500,2024,9,2024-09,69,12.74,22.94,42.6,5.6074,27.0,4.0,31.0,1,0.7932,1.2131,1
LJ500_R063_C077,63,77,699750,9532750,0,1000,2024,9,2024-09,69,11.49,18.84,36.58,5.0138,27.0,4.0,31.0,1,0.5503,0.759,1
LJ500_R063_C078,63,78,700250,9532750,500,1000,2024,9,2024-09,69,12.74,22.94,42.6,5.6074,27.0,4.0,31.0,1,0.5577,0.7803,1
LJ500_R063_C079,63,79,700750,9532750,1000,1000,2024,9,2024-09,69,12.74,22.94,42.6,5.6074,27.0,4.0,31.0,1,0.5614,0.768,1
LJ500_R063_C080,63,80,701250,9532750,1500,1000,2024,9,2024-09,69,12.74,22.94,42.6,5.6074,27.0,4.0,31.0,1,0.5639,0.76,1
LJ500_R063_C081,63,81,701750,9532750,2000,1000,2024,9,2024-09,69,12.74,22.94,42.6,5.6074,27.0,4.0,31.0,1,0.6587,0.9383,1
LJ500_R063_C082,63,82,702250,9532750,2500,1000,2024,9,2024-09,69,12.74,22.94,42.6,5.6074,27.0,4.0,31.0,1,0.6887,0.9947,1
LJ500_R063_C083,63,83,702750,9532750,3000,1000,2024,9,2024-09,69,12.74,22.94,42.6,5.6074,27.0,4.0,31.0,1,0.9462,1.475,1
LJ500_R063_C084,63,84,703250,9532750,3500,1000,2024,9,2024-09,69,12.74,22.94,42.6,5.6074,27.0,4.0,31.0,1,0.9669,1.5206,1
LJ500_R063_C085,63,85,703750,9532750,4000,1000,2024,9,2024-09,69,12.74,22.94,42.6,5.6074,27.0,4.0,31.0,1,0.8583,1.4371,1
LJ500_R063_C086,63,86,704250,9532750,4500,1000,2024,9,2024-09,69,12.74,22.94,42.6,5.6074,27.0,4.0,31.0,1,0.8257,1.3904,1
LJ500_R064_C077,64,77,699750,9533250,0,1500,2024,9,2024-09,69,11.49,18.82,36.56,5.0114,27.0,4.0,31.0,1,0.5326,0.7273,1
LJ500_R064_C078,64,78,700250,9533250,500,1500,2024,9,2024-09,69,12.74,22.94,42.6,5.6074,27.0,4.0,31.0,1,0.54,0.76,1
LJ500_R064_C079,64,79,700750,9533250,1000,1500,2024,9,2024-09,69,12.74,22.94,42.6,5.6074,27.0,4.0,31.0,1,0.5527,0.76,1
LJ500_R064_C080,64,80,701250,9533250,1500,1500,2024,9,2024-09,69,12.74,22.94,42.6,5.6074,27.0,4.0,31.0,1,0.561,0.76,1
LJ500_R064_C081,64,81,701750,9533250,2000,1500,2024,9,2024-09,69,12.74,22.94,42.6,5.6074,27.0,4.0,31.0,1,0.5595,0.7751,1
LJ500_R064_C082,64,82,702250,9533250,2500,1500,2024,9,2024-09,69,12.74,22.94,42.6,5.6074,27.0,4.0,31.0,1,0.559,0.78,1
LJ500_R064_C083,64,83,702750,9533250,3000,1500,2024,9,2024-09,69,12.74,22.94,42.6,5.6074,27.0,4.0,31.0,1,0.9471,1.5026,1
LJ500_R064_C084,64,84,703250,9533250,3500,1500,2024,9,2024-09,69,12.74,22.94,42.6,5.6074,27.0,4.0,31.0,1,0.9825,1.5795,1
LJ500_R064_C085,64,85,703750,9533250,4000,1500,2024,9,2024-09,69,12.74,22.94,42.6,5.6074,27.0,4.0,31.0,1,0.8706,1.57,1
LJ500_R064_C086,64,86,704250,9533250,4500,1500,2024,9,2024-09,69,12.74,22.94,42.6,5.6074,27.0,4.0,31.0,1,0.8566,1.5599,1
LJ500_R065_C077,65,77,699750,9533750,0,2000,2024,9,2024-09,69,11.48,18.81,36.53,5.009,27.0,4.0,31.0,1,0.5182,0.7167,1
LJ500_R065_C078,65,78,700250,9533750,500,2000,2024,9,2024-09,69,12.74,22.94,42.6,5.6074,27.0,4.0,31.0,1,0.517,0.7211,1
LJ500_R065_C079,65,79,700750,9533750,1000,2000,2024,9,2024-09,69,12.74,22.94,42.6,5.6074,27.0,4.0,31.0,1,0.5312,0.7405,1
LJ500_R065_C080,65,80,701250,9533750,1500,2000,2024,9,2024-09,69,12.74,22.94,42.6,5.6074,27.0,4.0,31.0,1,0.5405,0.7535,1
LJ500_R065_C081,65,81,701750,9533750,2000,2000,2024,9,2024-09,69,12.74,22.94,42.6,5.6074,27.0,4.0,31.0,1,0.5044,0.7291,1
LJ500_R065_C082,65,82,702250,9533750,2500,2000,2024,9,2024-09,69,12.74,22.94,42.6,5.6074,27.0,4.0,31.0,1,0.4922,0.7208,1
LJ500_R065_C083,65,83,702750,9533750,3000,2000,2024,9,2024-09,69,12.74,22.94,42.6,5.6074,27.0,4.0,31.0,1,0.7133,1.0967,1
LJ500_R065_C084,65,84,703250,9533750,3500,2000,2024,9,2024-09,69,12.74,22.94,42.6,5.6074,27.0,4.0,31.0,1,0.7406,1.1474,1
LJ500_R065_C085,65,85,703750,9533750,4000,2000,2024,9,2024-09,69,12.74,22.94,42.6,5.6074,27.0,4.0,31.0,1,0.8162,1.3574,1
LJ500_R065_C086,65,86,704250,9533750,4500,2000,2024,9,2024-09,69,12.74,22.94,42.6,5.6074,27.0,4.0,31.0,1,0.8154,1.3826,1
LJ500_R066_C077,66,77,699750,9534250,0,2500,2024,9,2024-09,69,11.48,18.79,36.51,5.0066,27.0,4.0,31.0,1,0.5104,0.711,1
LJ500_R066_C078,66,78,700250,9534250,500,2500,2024,9,2024-09,69,12.74,22.94,42.6,5.6074,27.0,4.0,31.0,1,0.5045,0.7,1
LJ500_R066_C079,66,79,700750,9534250,1000,2500,2024,9,2024-09,69,12.74,22.94,42.6,5.6074,27.0,4.0,31.0,1,0.5196,0.73,1
LJ500_R066_C080,66,80,701250,9534250,1500,2500,2024,9,2024-09,69,12.74,22.94,42.6,5.6074,27.0,4.0,31.0,1,0.5297,0.75,1
LJ500_R066_C081,66,81,701750,9534250,2000,2500,2024,9,2024-09,69,12.74,22.94,42.6,5.6074,27.0,4.0,31.0,1,0.4756,0.7051,1
LJ500_R066_C082,66,82,702250,9534250,2500,2500,2024,9,2024-09,69,12.74,22.94,42.6,5.6074,27.0,4.0,31.0,1,0.4574,0.69,1
LJ500_R066_C083,66,83,702750,9534250,3000,2500,2024,9,2024-09,69,12.74,22.94,42.6,5.6074,27.0,4.0,31.0,1,0.5928,0.8877,1
LJ500_R066_C084,66,84,703250,9534250,3500,2500,2024,9,2024-09,69,12.74,22.94,42.6,5.6074,27.0,4.0,31.0,1,0.6167,0.9263,1
LJ500_R066_C085,66,85,703750,9534250,4000,2500,2024,9,2024-09,69,12.74,22.94,42.6,5.6074,27.0,4.0,31.0,1,0.7887,1.25,1
LJ500_R066_C086,66,86,704250,9534250,4500,2500,2024,9,2024-09,69,12.74,22.94,42.6,5.6074,27.0,4.0,31.0,1,0.7946,1.2934,1
LJ500_R067_C077,67,77,699750,9534750,0,3000,2024,9,2024-09,69,11.47,18.77,36.48,5.0042,27.0,4.0,31.0,1,0.5078,0.7119,1
LJ500_R067_C078,67,78,700250,9534750,500,3000,2024,9,2024-09,69,12.74,22.94,42.6,5.6074,27.0,4.0,31.0,1,0.4897,0.692,1
LJ500_R067_C079,67,79,700750,9534750,1000,3000,2024,9,2024-09,69,12.74,22.94,42.6,5.6074,27.0,4.0,31.0,1,0.4999,0.717,1
LJ500_R067_C080,67,80,701250,9534750,1500,3000,2024,9,2024-09,69,12.74,22.94,42.6,5.6074,27.0,4.0,31.0,1,0.5067,0.7338,1
LJ500_R067_C081,67,81,701750,9534750,2000,3000,2024,9,2024-09,69,12.74,22.94,42.6,5.6074,27.0,4.0,31.0,1,0.5035,0.7193,1
LJ500_R067_C082,67,82,702250,9534750,2500,3000,2024,9,2024-09,69,12.74,22.94,42.6,5.6074,27.0,4.0,31.0,1,0.5026,0.7144,1
LJ500_R067_C083,67,83,702750,9534750,3000,3000,2024,9,2024-09,69,12.74,22.94,42.6,5.6074,27.0,4.0,31.0,1,0.4975,0.7214,1
LJ500_R067_C084,67,84,703250,9534750,3500,3000,2024,9,2024-09,69,12.74,22.94,42.6,5.6074,27.0,4.0,31.0,1,0.4994,0.7278,1
LJ500_R067_C085,67,85,703750,9534750,4000,3000,2024,9,2024-09,69,12.74,22.94,42.6,5.6074,27.0,4.0,31.0,1,0.5566,0.8558,1
LJ500_R067_C086,67,86,704250,9534750,4500,3000,2024,9,2024-09,69,12.74,22.94,42.6,5.6074,27.0,4.0,31.0,1,0.606,0.9538,1
LJ500_R068_C077,68,77,699750,9535250,0,3500,2024,9,2024-09,69,11.47,18.76,36.46,5.0019,27.0,4.0,31.0,1,0.5072,0.7122,1
LJ500_R068_C078,68,78,700250,9535250,500,3500,2024,9,2024-09,69,12.74,22.94,42.6,5.6074,27.0,4.0,31.0,1,0.4861,0.69,1
LJ500_R068_C079,68,79,700750,9535250,1000,3500,2024,9,2024-09,69,12.74,22.94,42.6,5.6074,27.0,4.0,31.0,1,0.4951,0.7138,1
LJ500_R068_C080,68,80,701250,9535250,1500,3500,2024,9,2024-09,69,12.74,22.94,42.6,5.6074,27.0,4.0,31.0,1,0.5013,0.73,1
LJ500_R068_C081,68,81,701750,9535250,2000,3500,2024,9,2024-09,69,12.74,22.94,42.6,5.6074,27.0,4.0,31.0,1,0.5099,0.7226,1
LJ500_R068_C082,68,82,702250,9535250,2500,3500,2024,9,2024-09,69,12.74,22.94,42.6,5.6074,27.0,4.0,31.0,1,0.5129,0.72,1
LJ500_R068_C083,68,83,702750,9535250,3000,3500,2024,9,2024-09,69,12.74,22.94,42.6,5.6074,27.0,4.0,31.0,1,0.4763,0.6842,1
LJ500_R068_C084,68,84,703250,9535250,3500,3500,2024,9,2024-09,69,12.74,22.94,42.6,5.6074,27.0,4.0,31.0,1,0.4734,0.6839,1
LJ500_R068_C085,68,85,703750,9535250,4000,3500,2024,9,2024-09,69,12.74,22.94,42.6,5.6074,27.0,4.0,31.0,1,0.5061,0.77,1
LJ500_R068_C086,68,86,704250,9535250,4500,3500,2024,9,2024-09,69,12.74,22.94,42.6,5.6074,27.0,4.0,31.0,1,0.5649,0.8798,1
LJ500_R069_C077,69,77,699750,9535750,0,4000,2024,9,2024-09,69,11.28,16.59,32.82,4.2676,26.78,4.2206,31.0,1,0.479,0.692,1
LJ500_R069_C078,69,78,700250,9535750,500,4000,2024,9,2024-09,69,13.88,24.05,43.78,4.718,25.14,5.862,31.0,1,0.4669,0.6804,1
LJ500_R069_C079,69,79,700750,9535750,1000,4000,2024,9,2024-09,69,13.88,24.05,43.78,4.7158,25.13,5.8666,31.0,1,0.4814,0.6926,1
LJ500_R069_C080,69,80,701250,9535750,1500,4000,2024,9,2024-09,69,13.88,24.05,43.78,4.7136,25.13,5.8712,31.0,1,0.4913,0.701,1
LJ500_R069_C081,69,81,701750,9535750,2000,4000,2024,9,2024-09,69,13.88,24.06,43.79,4.7114,25.12,5.8759,31.0,1,0.4394,0.6791,1
LJ500_R069_C082,69,82,702250,9535750,2500,4000,2024,9,2024-09,69,13.89,24.06,43.79,4.7092,25.12,5.8805,31.0,1,0.4211,0.6714,1
LJ500_R069_C083,69,83,702750,9535750,3000,4000,2024,9,2024-09,69,13.89,24.06,43.79,4.707,25.11,5.8852,31.0,1,0.4127,0.653,1
LJ500_R069_C084,69,84,703250,9535750,3500,4000,2024,9,2024-09,69,13.89,24.07,43.79,4.7047,25.11,5.8899,31.0,1,0.4129,0.6508,1
LJ500_R069_C085,69,85,703750,9535750,4000,4000,2024,9,2024-09,69,13.89,24.07,43.8,4.7025,25.11,5.8945,31.0,1,0.4456,0.6526,1
LJ500_R069_C086,69,86,704250,9535750,4500,4000,2024,9,2024-09,69,13.9,24.07,43.8,4.7002,25.1,5.8992,31.0,1,0.4408,0.6506,1
LJ500_R070_C077,70,77,699750,9536250,0,4500,2024,9,2024-09,69,11.26,16.39,32.49,4.2098,26.77,4.23,31.0,1,0.476,0.6895,1
LJ500_R070_C078,70,78,700250,9536250,500,4500,2024,9,2024-09,69,13.96,24.13,43.86,4.6521,25.0,6.0,31.0,1,0.4636,0.6776,1
LJ500_R070_C079,70,79,700750,9536250,1000,4500,2024,9,2024-09,69,13.96,24.13,43.86,4.6521,25.0,6.0,31.0,1,0.4781,0.6894,1
LJ500_R070_C080,70,80,701250,9536250,1500,4500,2024,9,2024-09,69,13.96,24.13,43.86,4.6521,25.0,6.0,31.0,1,0.4881,0.6975,1
LJ500_R070_C081,70,81,701750,9536250,2000,4500,2024,9,2024-09,69,13.96,24.13,43.86,4.6521,25.0,6.0,31.0,1,0.44,0.6772,1
LJ500_R070_C082,70,82,702250,9536250,2500,4500,2024,9,2024-09,69,13.96,24.13,43.86,4.6521,25.0,6.0,31.0,1,0.4232,0.67,1
LJ500_R070_C083,70,83,702750,9536250,3000,4500,2024,9,2024-09,69,13.96,24.13,43.86,4.6521,25.0,6.0,31.0,1,0.4171,0.6534,1
LJ500_R070_C084,70,84,703250,9536250,3500,4500,2024,9,2024-09,69,13.96,24.13,43.86,4.6521,25.0,6.0,31.0,1,0.4174,0.6512,1
LJ500_R070_C085,70,85,703750,9536250,4000,4500,2024,9,2024-09,69,13.96,24.13,43.86,4.6521,25.0,6.0,31.0,1,0.4419,0.6487,1
LJ500_R070_C086,70,86,704250,9536250,4500,4500,2024,9,2024-09,69,13.96,24.13,43.86,4.6521,25.0,6.0,31.0,1,0.4397,0.6516,1
LJ500_R061_C077,61,77,699750,9531750,0,0,2024,10,2024-10,70,19.25,30.76,38.12,12.91,27.14,2.8616,30.0,1,0.5734,0.847,1
LJ500_R061_C078,61,78,700250,9531750,500,0,2024,10,2024-10,70,23.16,35.9,46.1,15.44,26.0,4.0,30.0,1,0.5806,0.8666,1
LJ500_R061_C079,61,79,700750,9531750,1000,0,2024,10,2024-10,70,23.16,35.9,46.1,15.44,26.0,4.0,30.0,1,0.5749,0.8706,1
LJ500_R061_C080,61,80,701250,9531750,1500,0,2024,10,2024-10,70,23.16,35.9,46.1,15.44,26.0,4.0,30.0,1,0.5712,0.8732,1
LJ500_R061_C081,61,81,701750,9531750,2000,0,2024,10,2024-10,70,23.16,35.9,46.1,15.44,26.0,4.0,30.0,1,0.5844,0.9396,1
LJ500_R061_C082,61,82,702250,9531750,2500,0,2024,10,2024-10,70,23.16,35.9,46.1,15.44,26.0,4.0,30.0,1,0.5893,0.9616,1
LJ500_R061_C083,61,83,702750,9531750,3000,0,2024,10,2024-10,70,23.16,35.9,46.1,15.44,26.0,4.0,30.0,1,0.6388,1.0394,1
LJ500_R061_C084,61,84,703250,9531750,3500,0,2024,10,2024-10,70,23.16,35.9,46.1,15.44,26.0,4.0,30.0,1,0.6413,1.0447,1
LJ500_R061_C085,61,85,703750,9531750,4000,0,2024,10,2024-10,70,23.16,35.9,46.1,15.44,26.0,4.0,30.0,1,0.5902,0.9806,1
LJ500_R061_C086,61,86,704250,9531750,4500,0,2024,10,2024-10,70,23.16,35.9,46.1,15.44,26.0,4.0,30.0,1,0.5733,0.9459,1
LJ500_R062_C077,62,77,699750,9532250,0,500,2024,10,2024-10,70,19.23,30.73,38.09,12.9,27.14,2.8569,30.0,1,0.5494,0.813,1
LJ500_R062_C078,62,78,700250,9532250,500,500,2024,10,2024-10,70,23.16,35.9,46.1,15.44,26.0,4.0,30.0,1,0.5613,0.84,1
LJ500_R062_C079,62,79,700750,9532250,1000,500,2024,10,2024-10,70,23.16,35.9,46.1,15.44,26.0,4.0,30.0,1,0.5481,0.8522,1
LJ500_R062_C080,62,80,701250,9532250,1500,500,2024,10,2024-10,70,23.16,35.9,46.1,15.44,26.0,4.0,30.0,1,0.5397,0.86,1
LJ500_R062_C081,62,81,701750,9532250,2000,500,2024,10,2024-10,70,23.16,35.9,46.1,15.44,26.0,4.0,30.0,1,0.7257,1.1709,1
LJ500_R062_C082,62,82,702250,9532250,2500,500,2024,10,2024-10,70,23.16,35.9,46.1,15.44,26.0,4.0,30.0,1,0.785,1.27,1
LJ500_R062_C083,62,83,702750,9532250,3000,500,2024,10,2024-10,70,23.16,35.9,46.1,15.44,26.0,4.0,30.0,1,0.8909,1.5424,1
LJ500_R062_C084,62,84,703250,9532250,3500,500,2024,10,2024-10,70,23.16,35.9,46.1,15.44,26.0,4.0,30.0,1,0.8959,1.5585,1
LJ500_R062_C085,62,85,703750,9532250,4000,500,2024,10,2024-10,70,23.16,35.9,46.1,15.44,26.0,4.0,30.0,1,0.802,1.37,1
LJ500_R062_C086,62,86,704250,9532250,4500,500,2024,10,2024-10,70,23.16,35.9,46.1,15.44,26.0,4.0,30.0,1,0.7535,1.2728,1
LJ500_R063_C077,63,77,699750,9532750,0,1000,2024,10,2024-10,70,19.22,30.71,38.06,12.89,27.15,2.8523,30.0,1,0.5247,0.7676,1
LJ500_R063_C078,63,78,700250,9532750,500,1000,2024,10,2024-10,70,23.16,35.9,46.1,15.44,26.0,4.0,30.0,1,0.5428,0.8105,1
LJ500_R063_C079,63,79,700750,9532750,1000,1000,2024,10,2024-10,70,23.16,35.9,46.1,15.44,26.0,4.0,30.0,1,0.5402,0.8375,1
LJ500_R063_C080,63,80,701250,9532750,1500,1000,2024,10,2024-10,70,23.16,35.9,46.1,15.44,26.0,4.0,30.0,1,0.5385,0.855,1
LJ500_R063_C081,63,81,701750,9532750,2000,1000,2024,10,2024-10,70,23.16,35.9,46.1,15.44,26.0,4.0,30.0,1,0.6328,0.9917,1
LJ500_R063_C082,63,82,702250,9532750,2500,1000,2024,10,2024-10,70,23.16,35.9,46.1,15.44,26.0,4.0,30.0,1,0.6627,1.0347,1
LJ500_R063_C083,63,83,702750,9532750,3000,1000,2024,10,2024-10,70,23.16,35.9,46.1,15.44,26.0,4.0,30.0,1,0.8831,1.5602,1
LJ500_R063_C084,63,84,703250,9532750,3500,1000,2024,10,2024-10,70,23.16,35.9,46.1,15.44,26.0,4.0,30.0,1,0.9003,1.6053,1
LJ500_R063_C085,63,85,703750,9532750,4000,1000,2024,10,2024-10,70,23.16,35.9,46.1,15.44,26.0,4.0,30.0,1,0.7981,1.4309,1
LJ500_R063_C086,63,86,704250,9532750,4500,1000,2024,10,2024-10,70,23.16,35.9,46.1,15.44,26.0,4.0,30.0,1,0.7667,1.3737,1
LJ500_R064_C077,64,77,699750,9533250,0,1500,2024,10,2024-10,70,19.2,30.69,38.03,12.88,27.15,2.8477,30.0,1,0.4988,0.72,1
LJ500_R064_C078,64,78,700250,9533250,500,1500,2024,10,2024-10,70,23.16,35.9,46.1,15.44,26.0,4.0,30.0,1,0.5237,0.78,1
LJ500_R064_C079,64,79,700750,9533250,1000,1500,2024,10,2024-10,70,23.16,35.9,46.1,15.44,26.0,4.0,30.0,1,0.5319,0.8223,1
LJ500_R064_C080,64,80,701250,9533250,1500,1500,2024,10,2024-10,70,23.16,35.9,46.1,15.44,26.0,4.0,30.0,1,0.5373,0.85,1
LJ500_R064_C081,64,81,701750,9533250,2000,1500,2024,10,2024-10,70,23.16,35.9,46.1,15.44,26.0,4.0,30.0,1,0.5398,0.8123,1
LJ500_R064_C082,64,82,702250,9533250,2500,1500,2024,10,2024-10,70,23.16,35.9,46.1,15.44,26.0,4.0,30.0,1,0.5407,0.8,1
LJ500_R064_C083,64,83,702750,9533250,3000,1500,2024,10,2024-10,70,23.16,35.9,46.1,15.44,26.0,4.0,30.0,1,0.8749,1.5768,1
LJ500_R064_C084,64,84,703250,9533250,3500,1500,2024,10,2024-10,70,23.16,35.9,46.1,15.44,26.0,4.0,30.0,1,0.9045,1.651,1
LJ500_R064_C085,64,85,703750,9533250,4000,1500,2024,10,2024-10,70,23.16,35.9,46.1,15.44,26.0,4.0,30.0,1,0.7943,1.49,1
LJ500_R064_C086,64,86,704250,9533250,4500,1500,2024,10,2024-10,70,23.16,35.9,46.1,15.44,26.0,4.0,30.0,1,0.779,1.4698,1
LJ500_R065_C077,65,77,699750,9533750,0,2000,2024,10,2024-10,70,19.19,30.67,37.99,12.87,27.16,2.843,30.0,1,0.4862,0.7088,1
LJ500_R065_C078,65,78,700250,9533750,500,2000,2024,10,2024-10,70,23.16,35.9,46.1,15.44,26.0,4.0,30.0,1,0.4863,0.7087,1
LJ500_R065_C079,65,79,700750,9533750,1000,2000,2024,10,2024-10,70,23.16,35.9,46.1,15.44,26.0,4.0,30.0,1,0.5095,0.778,1
LJ500_R065_C080,65,80,701250,9533750,1500,2000,2024,10,2024-10,70,23.16,35.9,46.1,15.44,26.0,4.0,30.0,1,0.5249,0.8239,1
LJ500_R065_C081,65,81,701750,9533750,2000,2000,2024,10,2024-10,70,23.16,35.9,46.1,15.44,26.0,4.0,30.0,1,0.4831,0.7813,1
LJ500_R065_C082,65,82,702250,9533750,2500,2000,2024,10,2024-10,70,23.16,35.9,46.1,15.44,26.0,4.0,30.0,1,0.469,0.7671,1
LJ500_R065_C083,65,83,702750,9533750,3000,2000,2024,10,2024-10,70,23.16,35.9,46.1,15.44,26.0,4.0,30.0,1,0.6719,1.1317,1
LJ500_R065_C084,65,84,703250,9533750,3500,2000,2024,10,2024-10,70,23.16,35.9,46.1,15.44,26.0,4.0,30.0,1,0.6968,1.1793,1
LJ500_R065_C085,65,85,703750,9533750,4000,2000,2024,10,2024-10,70,23.16,35.9,46.1,15.44,26.0,4.0,30.0,1,0.7609,1.3571,1
LJ500_R065_C086,65,86,704250,9533750,4500,2000,2024,10,2024-10,70,23.16,35.9,46.1,15.44,26.0,4.0,30.0,1,0.7551,1.3699,1
LJ500_R066_C077,66,77,699750,9534250,0,2500,2024,10,2024-10,70,19.17,30.65,37.96,12.86,27.16,2.8384,30.0,1,0.4794,0.703,1
LJ500_R066_C078,66,78,700250,9534250,500,2500,2024,10,2024-10,70,23.16,35.9,46.1,15.44,26.0,4.0,30.0,1,0.466,0.67,1
LJ500_R066_C079,66,79,700750,9534250,1000,2500,2024,10,2024-10,70,23.16,35.9,46.1,15.44,26.0,4.0,30.0,1,0.4974,0.7539,1
LJ500_R066_C080,66,80,701250,9534250,1500,2500,2024,10,2024-10,70,23.16,35.9,46.1,15.44,26.0,4.0,30.0,1,0.5183,0.81,1
LJ500_R066_C081,66,81,701750,9534250,2000,2500,2024,10,2024-10,70,23.16,35.9,46.1,15.44,26.0,4.0,30.0,1,0.4534,0.7651,1
LJ500_R066_C082,66,82,702250,9534250,2500,2500,2024,10,2024-10,70,23.16,35.9,46.1,15.44,26.0,4.0,30.0,1,0.4317,0.75,1
LJ500_R066_C083,66,83,702750,9534250,3000,2500,2024,10,2024-10,70,23.16,35.9,46.1,15.44,26.0,4.0,30.0,1,0.5673,0.9027,1
LJ500_R066_C084,66,84,703250,9534250,3500,2500,2024,10,2024-10,70,23.16,35.9,46.1,15.44,26.0,4.0,30.0,1,0.5904,0.9377,1
LJ500_R066_C085,66,85,703750,9534250,4000,2500,2024,10,2024-10,70,23.16,35.9,46.1,15.44,26.0,4.0,30.0,1,0.744,1.29,1
LJ500_R066_C086,66,86,704250,9534250,4500,2500,2024,10,2024-10,70,23.16,35.9,46.1,15.44,26.0,4.0,30.0,1,0.7431,1.3196,1
LJ500_R067_C077,67,77,699750,9534750,0,3000,2024,10,2024-10,70,19.16,30.63,37.93,12.85,27.17,2.8338,30.0,1,0.4828,0.7546,1
LJ500_R067_C078,67,78,700250,9534750,500,3000,2024,10,2024-10,70,23.16,35.9,46.1,15.44,26.0,4.0,30.0,1,0.4574,0.6861,1
LJ500_R067_C079,67,79,700750,9534750,1000,3000,2024,10,2024-10,70,23.16,35.9,46.1,15.44,26.0,4.0,30.0,1,0.4801,0.7457,1
LJ500_R067_C080,67,80,701250,9534750,1500,3000,2024,10,2024-10,70,23.16,35.9,46.1,15.44,26.0,4.0,30.0,1,0.4954,0.7857,1
LJ500_R067_C081,67,81,701750,9534750,2000,3000,2024,10,2024-10,70,23.16,35.9,46.1,15.44,26.0,4.0,30.0,1,0.4854,0.7954,1
LJ500_R067_C082,67,82,702250,9534750,2500,3000,2024,10,2024-10,70,23.16,35.9,46.1,15.44,26.0,4.0,30.0,1,0.4822,0.7989,1
LJ500_R067_C083,67,83,702750,9534750,3000,3000,2024,10,2024-10,70,23.16,35.9,46.1,15.44,26.0,4.0,30.0,1,0.4698,0.7904,1
LJ500_R067_C084,67,84,703250,9534750,3500,3000,2024,10,2024-10,70,23.16,35.9,46.1,15.44,26.0,4.0,30.0,1,0.4709,0.7924,1
LJ500_R067_C085,67,85,703750,9534750,4000,3000,2024,10,2024-10,70,23.16,35.9,46.1,15.44,26.0,4.0,30.0,1,0.5296,0.8629,1
LJ500_R067_C086,67,86,704250,9534750,4500,3000,2024,10,2024-10,70,23.16,35.9,46.1,15.44,26.0,4.0,30.0,1,0.5722,0.9649,1
LJ500_R068_C077,68,77,699750,9535250,0,3500,2024,10,2024-10,70,19.14,30.61,37.9,12.84,27.17,2.8292,30.0,1,0.4838,0.7676,1
LJ500_R068_C078,68,78,700250,9535250,500,3500,2024,10,2024-10,70,23.16,35.9,46.1,15.44,26.0,4.0,30.0,1,0.4553,0.69,1
LJ500_R068_C079,68,79,700750,9535250,1000,3500,2024,10,2024-10,70,23.16,35.9,46.1,15.44,26.0,4.0,30.0,1,0.476,0.7435,1
LJ500_R068_C080,68,80,701250,9535250,1500,3500,2024,10,2024-10,70,23.16,35.9,46.1,15.44,26.0,4.0,30.0,1,0.49,0.78,1
LJ500_R068_C081,68,81,701750,9535250,2000,3500,2024,10,2024-10,70,23.16,35.9,46.1,15.44,26.0,4.0,30.0,1,0.4927,0.8023,1
LJ500_R068_C082,68,82,702250,9535250,2500,3500,2024,10,2024-10,70,23.16,35.9,46.1,15.44,26.0,4.0,30.0,1,0.4937,0.81,1
LJ500_R068_C083,68,83,702750,9535250,3000,3500,2024,10,2024-10,70,23.16,35.9,46.1,15.44,26.0,4.0,30.0,1,0.4481,0.7653,1
LJ500_R068_C084,68,84,703250,9535250,3500,3500,2024,10,2024-10,70,23.16,35.9,46.1,15.44,26.0,4.0,30.0,1,0.4444,0.7604,1
LJ500_R068_C085,68,85,703750,9535250,4000,3500,2024,10,2024-10,70,23.16,35.9,46.1,15.44,26.0,4.0,30.0,1,0.483,0.77,1
LJ500_R068_C086,68,86,704250,9535250,4500,3500,2024,10,2024-10,70,23.16,35.9,46.1,15.44,26.0,4.0,30.0,1,0.5349,0.8875,1
LJ500_R069_C077,69,77,699750,9535750,0,4000,2024,10,2024-10,70,17.15,28.43,33.74,11.0,27.56,2.4415,30.0,1,0.4624,0.7455,1
LJ500_R069_C078,69,78,700250,9535750,500,4000,2024,10,2024-10,70,22.9,36.77,46.95,15.43,26.93,3.069,30.0,1,0.4454,0.6996,1
LJ500_R069_C079,69,79,700750,9535750,1000,4000,2024,10,2024-10,70,22.9,36.78,46.95,15.43,26.93,3.0667,30.0,1,0.4648,0.753,1
LJ500_R069_C080,69,80,701250,9535750,1500,4000,2024,10,2024-10,70,22.9,36.78,46.95,15.43,26.94,3.0644,30.0,1,0.4781,0.7897,1
LJ500_R069_C081,69,81,701750,9535750,2000,4000,2024,10,2024-10,70,22.9,36.78,46.95,15.43,26.94,3.0621,30.0,1,0.418,0.7257,1
LJ500_R069_C082,69,82,702250,9535750,2500,4000,2024,10,2024-10,70,22.9,36.78,46.96,15.43,26.94,3.0597,30.0,1,0.3969,0.7032,1
LJ500_R069_C083,69,83,702750,9535750,3000,4000,2024,10,2024-10,70,22.9,36.79,46.96,15.43,26.94,3.0574,30.0,1,0.385,0.6931,1
LJ500_R069_C084,69,84,703250,9535750,3500,4000,2024,10,2024-10,70,22.9,36.79,46.96,15.43,26.94,3.0551,30.0,1,0.3849,0.6933,1
LJ500_R069_C085,69,85,703750,9535750,4000,4000,2024,10,2024-10,70,22.89,36.79,46.96,15.43,26.95,3.0527,30.0,1,0.4178,0.7309,1
LJ500_R069_C086,69,86,704250,9535750,4500,4000,2024,10,2024-10,70,22.89,36.79,46.96,15.43,26.95,3.0504,30.0,1,0.4122,0.7236,1
LJ500_R070_C077,70,77,699750,9536250,0,4500,2024,10,2024-10,70,16.97,28.23,33.36,10.84,27.59,2.41,30.0,1,0.4599,0.7454,1
LJ500_R070_C078,70,78,700250,9536250,500,4500,2024,10,2024-10,70,22.88,36.84,47.01,15.43,27.0,3.0,30.0,1,0.4432,0.7,1
LJ500_R070_C079,70,79,700750,9536250,1000,4500,2024,10,2024-10,70,22.88,36.84,47.01,15.43,27.0,3.0,30.0,1,0.4612,0.7524,1
LJ500_R070_C080,70,80,701250,9536250,1500,4500,2024,10,2024-10,70,22.88,36.84,47.01,15.43,27.0,3.0,30.0,1,0.4737,0.7888,1
LJ500_R070_C081,70,81,701750,9536250,2000,4500,2024,10,2024-10,70,22.88,36.84,47.01,15.43,27.0,3.0,30.0,1,0.4182,0.7287,1
LJ500_R070_C082,70,82,702250,9536250,2500,4500,2024,10,2024-10,70,22.88,36.84,47.01,15.43,27.0,3.0,30.0,1,0.3988,0.7077,1
LJ500_R070_C083,70,83,702750,9536250,3000,4500,2024,10,2024-10,70,22.88,36.84,47.01,15.43,27.0,3.0,30.0,1,0.3911,0.6989,1
LJ500_R070_C084,70,84,703250,9536250,3500,4500,2024,10,2024-10,70,22.88,36.84,47.01,15.43,27.0,3.0,30.0,1,0.3912,0.6991,1
LJ500_R070_C085,70,85,703750,9536250,4000,4500,2024,10,2024-10,70,22.88,36.84,47.01,15.43,27.0,3.0,30.0,1,0.4139,0.7273,1
LJ500_R070_C086,70,86,704250,9536250,4500,4500,2024,10,2024-10,70,22.88,36.84,47.01,15.43,27.0,3.0,30.0,1,0.4109,0.7233,1
LJ500_R061_C077,61,77,699750,9531750,0,0,2024,11,2024-11,71,46.13,65.38,76.88,12.02,23.0,8.0,31.0,1,0.3701,0.6957,1
LJ500_R061_C078,61,78,700250,9531750,500,0,2024,11,2024-11,71,51.28,74.44,87.18,13.78,23.0,8.0,31.0,1,0.3771,0.71,1
LJ500_R061_C079,61,79,700750,9531750,1000,0,2024,11,2024-11,71,51.28,74.44,87.18,13.78,23.0,8.0,31.0,1,0.3804,0.712,1
LJ500_R061_C080,61,80,701250,9531750,1500,0,2024,11,2024-11,71,51.28,74.44,87.18,13.78,23.0,8.0,31.0,1,0.3825,0.7132,1
LJ500_R061_C081,61,81,701750,9531750,2000,0,2024,11,2024-11,71,51.28,74.44,87.18,13.78,23.0,8.0,31.0,1,0.4589,0.9416,1
LJ500_R061_C082,61,82,702250,9531750,2500,0,2024,11,2024-11,71,51.28,74.44,87.18,13.78,23.0,8.0,31.0,1,0.4836,1.0144,1
LJ500_R061_C083,61,83,702750,9531750,3000,0,2024,11,2024-11,71,51.28,74.44,87.18,13.78,23.0,8.0,31.0,1,0.5325,1.0781,1
LJ500_R061_C084,61,84,703250,9531750,3500,0,2024,11,2024-11,71,51.28,74.44,87.18,13.78,23.0,8.0,31.0,1,0.5345,1.0785,1
LJ500_R061_C085,61,85,703750,9531750,4000,0,2024,11,2024-11,71,51.28,74.44,87.18,13.78,23.0,8.0,31.0,1,0.4795,0.9779,1
LJ500_R061_C086,61,86,704250,9531750,4500,0,2024,11,2024-11,71,51.28,74.44,87.18,13.78,23.0,8.0,31.0,1,0.4666,0.9603,1
LJ500_R062_C077,62,77,699750,9532250,0,500,2024,11,2024-11,71,46.11,65.34,76.84,12.01,23.0,8.0,31.0,1,0.3551,0.6684,1
LJ500_R062_C078,62,78,700250,9532250,500,500,2024,11,2024-11,71,51.28,74.44,87.18,13.78,23.0,8.0,31.0,1,0.3648,0.69,1
LJ500_R062_C079,62,79,700750,9532250,1000,500,2024,11,2024-11,71,51.28,74.44,87.18,13.78,23.0,8.0,31.0,1,0.3721,0.6961,1
LJ500_R062_C080,62,80,701250,9532250,1500,500,2024,11,2024-11,71,51.28,74.44,87.18,13.78,23.0,8.0,31.0,1,0.3768,0.7,1
LJ500_R062_C081,62,81,701750,9532250,2000,500,2024,11,2024-11,71,51.28,74.44,87.18,13.78,23.0,8.0,31.0,1,0.5867,1.1475,1
LJ500_R062_C082,62,82,702250,9532250,2500,500,2024,11,2024-11,71,51.28,74.44,87.18,13.78,23.0,8.0,31.0,1,0.6535,1.29,1
LJ500_R062_C083,62,83,702750,9532250,3000,500,2024,11,2024-11,71,51.28,74.44,87.18,13.78,23.0,8.0,31.0,1,0.7335,1.2991,1
LJ500_R062_C084,62,84,703250,9532250,3500,500,2024,11,2024-11,71,51.28,74.44,87.18,13.78,23.0,8.0,31.0,1,0.7374,1.2983,1
LJ500_R062_C085,62,85,703750,9532250,4000,500,2024,11,2024-11,71,51.28,74.44,87.18,13.78,23.0,8.0,31.0,1,0.6684,1.27,1
LJ500_R062_C086,62,86,704250,9532250,4500,500,2024,11,2024-11,71,51.28,74.44,87.18,13.78,23.0,8.0,31.0,1,0.6327,1.2328,1
LJ500_R063_C077,63,77,699750,9532750,0,1000,2024,11,2024-11,71,46.09,65.31,76.8,12.01,23.0,8.0,31.0,1,0.3396,0.6381,1
LJ500_R063_C078,63,78,700250,9532750,500,1000,2024,11,2024-11,71,51.28,74.44,87.18,13.78,23.0,8.0,31.0,1,0.3533,0.6703,1
LJ500_R063_C079,63,79,700750,9532750,1000,1000,2024,11,2024-11,71,51.28,74.44,87.18,13.78,23.0,8.0,31.0,1,0.364,0.6823,1
LJ500_R063_C080,63,80,701250,9532750,1500,1000,2024,11,2024-11,71,51.28,74.44,87.18,13.78,23.0,8.0,31.0,1,0.371,0.6901,1
LJ500_R063_C081,63,81,701750,9532750,2000,1000,2024,11,2024-11,71,51.28,74.44,87.18,13.78,23.0,8.0,31.0,1,0.5146,1.0608,1
LJ500_R063_C082,63,82,702250,9532750,2500,1000,2024,11,2024-11,71,51.28,74.44,87.18,13.78,23.0,8.0,31.0,1,0.5605,1.1799,1
LJ500_R063_C083,63,83,702750,9532750,3000,1000,2024,11,2024-11,71,51.28,74.44,87.18,13.78,23.0,8.0,31.0,1,0.7334,1.284,1
LJ500_R063_C084,63,84,703250,9532750,3500,1000,2024,11,2024-11,71,51.28,74.44,87.18,13.78,23.0,8.0,31.0,1,0.7469,1.2996,1
LJ500_R063_C085,63,85,703750,9532750,4000,1000,2024,11,2024-11,71,51.28,74.44,87.18,13.78,23.0,8.0,31.0,1,0.6674,1.3817,1
LJ500_R063_C086,63,86,704250,9532750,4500,1000,2024,11,2024-11,71,51.28,74.44,87.18,13.78,23.0,8.0,31.0,1,0.6459,1.3715,1
LJ500_R064_C077,64,77,699750,9533250,0,1500,2024,11,2024-11,71,46.07,65.27,76.76,12.0,23.0,8.0,31.0,1,0.3234,0.6064,1
LJ500_R064_C078,64,78,700250,9533250,500,1500,2024,11,2024-11,71,51.28,74.44,87.18,13.78,23.0,8.0,31.0,1,0.3413,0.65,1
LJ500_R064_C079,64,79,700750,9533250,1000,1500,2024,11,2024-11,71,51.28,74.44,87.18,13.78,23.0,8.0,31.0,1,0.3557,0.6681,1
LJ500_R064_C080,64,80,701250,9533250,1500,1500,2024,11,2024-11,71,51.28,74.44,87.18,13.78,23.0,8.0,31.0,1,0.3652,0.68,1
LJ500_R064_C081,64,81,701750,9533250,2000,1500,2024,11,2024-11,71,51.28,74.44,87.18,13.78,23.0,8.0,31.0,1,0.4425,0.974,1
LJ500_R064_C082,64,82,702250,9533250,2500,1500,2024,11,2024-11,71,51.28,74.44,87.18,13.78,23.0,8.0,31.0,1,0.4677,1.07,1
LJ500_R064_C083,64,83,702750,9533250,3000,1500,2024,11,2024-11,71,51.28,74.44,87.18,13.78,23.0,8.0,31.0,1,0.7329,1.2687,1
LJ500_R064_C084,64,84,703250,9533250,3500,1500,2024,11,2024-11,71,51.28,74.44,87.18,13.78,23.0,8.0,31.0,1,0.7563,1.3005,1
LJ500_R064_C085,64,85,703750,9533250,4000,1500,2024,11,2024-11,71,51.28,74.44,87.18,13.78,23.0,8.0,31.0,1,0.6665,1.49,1
LJ500_R064_C086,64,86,704250,9533250,4500,1500,2024,11,2024-11,71,51.28,74.44,87.18,13.78,23.0,8.0,31.0,1,0.6584,1.5041,1
LJ500_R065_C077,65,77,699750,9533750,0,2000,2024,11,2024-11,71,46.05,65.23,76.72,11.99,23.0,8.0,31.0,1,0.3167,0.597,1
LJ500_R065_C078,65,78,700250,9533750,500,2000,2024,11,2024-11,71,51.28,74.44,87.18,13.78,23.0,8.0,31.0,1,0.3179,0.5981,1
LJ500_R065_C079,65,79,700750,9533750,1000,2000,2024,11,2024-11,71,51.28,74.44,87.18,13.78,23.0,8.0,31.0,1,0.3368,0.6395,1
LJ500_R065_C080,65,80,701250,9533750,1500,2000,2024,11,2024-11,71,51.28,74.44,87.18,13.78,23.0,8.0,31.0,1,0.3494,0.6669,1
LJ500_R065_C081,65,81,701750,9533750,2000,2000,2024,11,2024-11,71,51.28,74.44,87.18,13.78,23.0,8.0,31.0,1,0.3821,0.8517,1
LJ500_R065_C082,65,82,702250,9533750,2500,2000,2024,11,2024-11,71,51.28,74.44,87.18,13.78,23.0,8.0,31.0,1,0.3927,0.9122,1
LJ500_R065_C083,65,83,702750,9533750,3000,2000,2024,11,2024-11,71,51.28,74.44,87.18,13.78,23.0,8.0,31.0,1,0.5794,1.1693,1
LJ500_R065_C084,65,84,703250,9533750,3500,2000,2024,11,2024-11,71,51.28,74.44,87.18,13.78,23.0,8.0,31.0,1,0.602,1.2047,1
LJ500_R065_C085,65,85,703750,9533750,4000,2000,2024,11,2024-11,71,51.28,74.44,87.18,13.78,23.0,8.0,31.0,1,0.6521,1.3438,1
LJ500_R065_C086,65,86,704250,9533750,4500,2000,2024,11,2024-11,71,51.28,74.44,87.18,13.78,23.0,8.0,31.0,1,0.6488,1.3679,1
LJ500_R066_C077,66,77,699750,9534250,0,2500,2024,11,2024-11,71,46.03,65.2,76.68,11.98,23.0,8.0,31.0,1,0.3131,0.592,1
LJ500_R066_C078,66,78,700250,9534250,500,2500,2024,11,2024-11,71,51.28,74.44,87.18,13.78,23.0,8.0,31.0,1,0.3052,0.57,1
LJ500_R066_C079,66,79,700750,9534250,1000,2500,2024,11,2024-11,71,51.28,74.44,87.18,13.78,23.0,8.0,31.0,1,0.3266,0.624,1
LJ500_R066_C080,66,80,701250,9534250,1500,2500,2024,11,2024-11,71,51.28,74.44,87.18,13.78,23.0,8.0,31.0,1,0.341,0.66,1
LJ500_R066_C081,66,81,701750,9534250,2000,2500,2024,11,2024-11,71,51.28,74.44,87.18,13.78,23.0,8.0,31.0,1,0.3504,0.7873,1
LJ500_R066_C082,66,82,702250,9534250,2500,2500,2024,11,2024-11,71,51.28,74.44,87.18,13.78,23.0,8.0,31.0,1,0.3535,0.83,1
LJ500_R066_C083,66,83,702750,9534250,3000,2500,2024,11,2024-11,71,51.28,74.44,87.18,13.78,23.0,8.0,31.0,1,0.5002,1.1175,1
LJ500_R066_C084,66,84,703250,9534250,3500,2500,2024,11,2024-11,71,51.28,74.44,87.18,13.78,23.0,8.0,31.0,1,0.5229,1.1558,1
LJ500_R066_C085,66,85,703750,9534250,4000,2500,2024,11,2024-11,71,51.28,74.44,87.18,13.78,23.0,8.0,31.0,1,0.6448,1.27,1
LJ500_R066_C086,66,86,704250,9534250,4500,2500,2024,11,2024-11,71,51.28,74.44,87.18,13.78,23.0,8.0,31.0,1,0.6439,1.2996,1
LJ500_R067_C077,67,77,699750,9534750,0,3000,2024,11,2024-11,71,46.0,65.16,76.63,11.98,23.0,8.0,31.0,1,0.3197,0.6134,1
LJ500_R067_C078,67,78,700250,9534750,500,3000,2024,11,2024-11,71,51.28,74.44,87.18,13.78,23.0,8.0,31.0,1,0.3013,0.578,1
LJ500_R067_C079,67,79,700750,9534750,1000,3000,2024,11,2024-11,71,51.28,74.44,87.18,13.78,23.0,8.0,31.0,1,0.3178,0.6125,1
LJ500_R067_C080,67,80,701250,9534750,1500,3000,2024,11,2024-11,71,51.28,74.44,87.18,13.78,23.0,8.0,31.0,1,0.329,0.6357,1
LJ500_R067_C081,67,81,701750,9534750,2000,3000,2024,11,2024-11,71,51.28,74.44,87.18,13.78,23.0,8.0,31.0,1,0.3381,0.6656,1
LJ500_R067_C082,67,82,702250,9534750,2500,3000,2024,11,2024-11,71,51.28,74.44,87.18,13.78,23.0,8.0,31.0,1,0.3412,0.6753,1
LJ500_R067_C083,67,83,702750,9534750,3000,3000,2024,11,2024-11,71,51.28,74.44,87.18,13.78,23.0,8.0,31.0,1,0.3626,0.7714,1
LJ500_R067_C084,67,84,703250,9534750,3500,3000,2024,11,2024-11,71,51.28,74.44,87.18,13.78,23.0,8.0,31.0,1,0.3699,0.7955,1
LJ500_R067_C085,67,85,703750,9534750,4000,3000,2024,11,2024-11,71,51.28,74.44,87.18,13.78,23.0,8.0,31.0,1,0.479,1.0893,1
LJ500_R067_C086,67,86,704250,9534750,4500,3000,2024,11,2024-11,71,51.28,74.44,87.18,13.78,23.0,8.0,31.0,1,0.5137,1.1213,1
LJ500_R068_C077,68,77,699750,9535250,0,3500,2024,11,2024-11,71,45.98,65.12,76.59,11.97,23.0,8.0,31.0,1,0.3214,0.6188,1
LJ500_R068_C078,68,78,700250,9535250,500,3500,2024,11,2024-11,71,51.28,74.44,87.18,13.78,23.0,8.0,31.0,1,0.3003,0.58,1
LJ500_R068_C079,68,79,700750,9535250,1000,3500,2024,11,2024-11,71,51.28,74.44,87.18,13.78,23.0,8.0,31.0,1,0.3157,0.6097,1
LJ500_R068_C080,68,80,701250,9535250,1500,3500,2024,11,2024-11,71,51.28,74.44,87.18,13.78,23.0,8.0,31.0,1,0.3261,0.63,1
LJ500_R068_C081,68,81,701750,9535250,2000,3500,2024,11,2024-11,71,51.28,74.44,87.18,13.78,23.0,8.0,31.0,1,0.3353,0.6374,1
LJ500_R068_C082,68,82,702250,9535250,2500,3500,2024,11,2024-11,71,51.28,74.44,87.18,13.78,23.0,8.0,31.0,1,0.3384,0.64,1
LJ500_R068_C083,68,83,702750,9535250,3000,3500,2024,11,2024-11,71,51.28,74.44,87.18,13.78,23.0,8.0,31.0,1,0.3318,0.6936,1
LJ500_R068_C084,68,84,703250,9535250,3500,3500,2024,11,2024-11,71,51.28,74.44,87.18,13.78,23.0,8.0,31.0,1,0.3358,0.7151,1
LJ500_R068_C085,68,85,703750,9535250,4000,3500,2024,11,2024-11,71,51.28,74.44,87.18,13.78,23.0,8.0,31.0,1,0.4429,1.05,1
LJ500_R068_C086,68,86,704250,9535250,4500,3500,2024,11,2024-11,71,51.28,74.44,87.18,13.78,23.0,8.0,31.0,1,0.4852,1.0828,1
LJ500_R069_C077,69,77,699750,9535750,0,4000,2024,11,2024-11,71,43.02,60.16,71.45,10.75,23.55,7.4544,31.0,1,0.3091,0.603,1
LJ500_R069_C078,69,78,700250,9535750,500,4000,2024,11,2024-11,71,50.22,73.12,86.99,12.45,23.0,8.0,31.0,1,0.2975,0.58,1
LJ500_R069_C079,69,79,700750,9535750,1000,4000,2024,11,2024-11,71,50.22,73.12,86.99,12.45,23.0,8.0,31.0,1,0.3124,0.6096,1
LJ500_R069_C080,69,80,701250,9535750,1500,4000,2024,11,2024-11,71,50.21,73.11,86.99,12.44,23.0,8.0,31.0,1,0.3227,0.63,1
LJ500_R069_C081,69,81,701750,9535750,2000,4000,2024,11,2024-11,71,50.21,73.11,86.99,12.44,23.0,8.0,31.0,1,0.3411,0.81,1
LJ500_R069_C082,69,82,702250,9535750,2500,4000,2024,11,2024-11,71,50.21,73.11,86.99,12.44,23.0,8.0,31.0,1,0.3475,0.8731,1
LJ500_R069_C083,69,83,702750,9535750,3000,4000,2024,11,2024-11,71,50.21,73.1,86.99,12.43,23.0,8.0,31.0,1,0.3291,0.823,1
LJ500_R069_C084,69,84,703250,9535750,3500,4000,2024,11,2024-11,71,50.2,73.1,86.99,12.43,23.0,8.0,31.0,1,0.3265,0.8114,1
LJ500_R069_C085,69,85,703750,9535750,4000,4000,2024,11,2024-11,71,50.2,73.1,86.99,12.43,23.0,8.0,31.0,1,0.3173,0.6783,1
LJ500_R069_C086,69,86,704250,9535750,4500,4000,2024,11,2024-11,71,50.2,73.09,86.99,12.42,23.0,8.0,31.0,1,0.3168,0.6874,1
LJ500_R070_C077,70,77,699750,9536250,0,4500,2024,11,2024-11,71,42.76,59.73,70.99,10.65,23.59,7.41,31.0,1,0.3079,0.6012,1
LJ500_R070_C078,70,78,700250,9536250,500,4500,2024,11,2024-11,71,50.14,73.02,86.98,12.35,23.0,8.0,31.0,1,0.2966,0.5788,1
LJ500_R070_C079,70,79,700750,9536250,1000,4500,2024,11,2024-11,71,50.14,73.02,86.98,12.35,23.0,8.0,31.0,1,0.3114,0.6069,1
LJ500_R070_C080,70,80,701250,9536250,1500,4500,2024,11,2024-11,71,50.14,73.02,86.98,12.35,23.0,8.0,31.0,1,0.3217,0.6263,1
LJ500_R070_C081,70,81,701750,9536250,2000,4500,2024,11,2024-11,71,50.14,73.02,86.98,12.35,23.0,8.0,31.0,1,0.3376,0.7898,1
LJ500_R070_C082,70,82,702250,9536250,2500,4500,2024,11,2024-11,71,50.14,73.02,86.98,12.35,23.0,8.0,31.0,1,0.3431,0.8468,1
LJ500_R070_C083,70,83,702750,9536250,3000,4500,2024,11,2024-11,71,50.14,73.02,86.98,12.35,23.0,8.0,31.0,1,0.3266,0.7974,1
LJ500_R070_C084,70,84,703250,9536250,3500,4500,2024,11,2024-11,71,50.14,73.02,86.98,12.35,23.0,8.0,31.0,1,0.3241,0.7861,1
LJ500_R070_C085,70,85,703750,9536250,4000,4500,2024,11,2024-11,71,50.14,73.02,86.98,12.35,23.0,8.0,31.0,1,0.3128,0.6673,1
LJ500_R070_C086,70,86,704250,9536250,4500,4500,2024,11,2024-11,71,50.14,73.02,86.98,12.35,23.0,8.0,31.0,1,0.3165,0.6875,1
LJ500_R061_C077,61,77,699750,9531750,0,0,2024,12,2024-12,72,111.06,157.19,176.44,24.5,17.71,12.29,30.0,1,0.1278,0.3903,1
LJ500_R061_C078,61,78,700250,9531750,500,0,2024,12,2024-12,72,115.82,167.1,190.26,24.58,16.0,14.0,30.0,1,0.1312,0.4332,1
LJ500_R061_C079,61,79,700750,9531750,1000,0,2024,12,2024-12,72,115.82,167.1,190.26,24.58,16.0,14.0,30.0,1,0.1395,0.4905,1
LJ500_R061_C080,61,80,701250,9531750,1500,0,2024,12,2024-12,72,115.82,167.1,190.26,24.58,16.0,14.0,30.0,1,0.1448,0.5273,1
LJ500_R061_C081,61,81,701750,9531750,2000,0,2024,12,2024-12,72,115.82,167.1,190.26,24.58,16.0,14.0,30.0,1,0.2478,0.8961,1
LJ500_R061_C082,61,82,702250,9531750,2500,0,2024,12,2024-12,72,115.82,167.1,190.26,24.58,16.0,14.0,30.0,1,0.2807,1.0135,1
LJ500_R061_C083,61,83,702750,9531750,3000,0,2024,12,2024-12,72,115.82,167.1,190.26,24.58,16.0,14.0,30.0,1,0.33,1.1295,1
LJ500_R061_C084,61,84,703250,9531750,3500,0,2024,12,2024-12,72,115.82,167.1,190.26,24.58,16.0,14.0,30.0,1,0.3324,1.1335,1
LJ500_R061_C085,61,85,703750,9531750,4000,0,2024,12,2024-12,72,115.82,167.1,190.26,24.58,16.0,14.0,30.0,1,0.286,0.9997,1
LJ500_R061_C086,61,86,704250,9531750,4500,0,2024,12,2024-12,72,115.82,167.1,190.26,24.58,16.0,14.0,30.0,1,0.2758,0.9738,1
LJ500_R062_C077,62,77,699750,9532250,0,500,2024,12,2024-12,72,111.04,157.15,176.38,24.5,17.71,12.29,30.0,1,0.1218,0.3584,1
LJ500_R062_C078,62,78,700250,9532250,500,500,2024,12,2024-12,72,115.82,167.1,190.26,24.58,16.0,14.0,30.0,1,0.1243,0.38,1
LJ500_R062_C079,62,79,700750,9532250,1000,500,2024,12,2024-12,72,115.82,167.1,190.26,24.58,16.0,14.0,30.0,1,0.1456,0.514,1
LJ500_R062_C080,62,80,701250,9532250,1500,500,2024,12,2024-12,72,115.82,167.1,190.26,24.58,16.0,14.0,30.0,1,0.1593,0.6,1
LJ500_R062_C081,62,81,701750,9532250,2000,500,2024,12,2024-12,72,115.82,167.1,190.26,24.58,16.0,14.0,30.0,1,0.3469,1.2371,1
LJ500_R062_C082,62,82,702250,9532250,2500,500,2024,12,2024-12,72,115.82,167.1,190.26,24.58,16.0,14.0,30.0,1,0.4067,1.44,1
LJ500_R062_C083,62,83,702750,9532250,3000,500,2024,12,2024-12,72,115.82,167.1,190.26,24.58,16.0,14.0,30.0,1,0.4875,1.5126,1
LJ500_R062_C084,62,84,703250,9532250,3500,500,2024,12,2024-12,72,115.82,167.1,190.26,24.58,16.0,14.0,30.0,1,0.4923,1.5177,1
LJ500_R062_C085,62,85,703750,9532250,4000,500,2024,12,2024-12,72,115.82,167.1,190.26,24.58,16.0,14.0,30.0,1,0.4377,1.48,1
LJ500_R062_C086,62,86,704250,9532250,4500,500,2024,12,2024-12,72,115.82,167.1,190.26,24.58,16.0,14.0,30.0,1,0.4107,1.4138,1
LJ500_R063_C077,63,77,699750,9532750,0,1000,2024,12,2024-12,72,111.02,157.11,176.33,24.5,17.72,12.28,30.0,1,0.1231,0.3484,1
LJ500_R063_C078,63,78,700250,9532750,500,1000,2024,12,2024-12,72,115.82,167.1,190.26,24.58,16.0,14.0,30.0,1,0.1201,0.3407,1
LJ500_R063_C079,63,79,700750,9532750,1000,1000,2024,12,2024-12,72,115.82,167.1,190.26,24.58,16.0,14.0,30.0,1,0.1399,0.4799,1
LJ500_R063_C080,63,80,701250,9532750,1500,1000,2024,12,2024-12,72,115.82,167.1,190.26,24.58,16.0,14.0,30.0,1,0.1527,0.5702,1
LJ500_R063_C081,63,81,701750,9532750,2000,1000,2024,12,2024-12,72,115.82,167.1,190.26,24.58,16.0,14.0,30.0,1,0.2988,1.0922,1
LJ500_R063_C082,63,82,702250,9532750,2500,1000,2024,12,2024-12,72,115.82,167.1,190.26,24.58,16.0,14.0,30.0,1,0.3456,1.2598,1
LJ500_R063_C083,63,83,702750,9532750,3000,1000,2024,12,2024-12,72,115.82,167.1,190.26,24.58,16.0,14.0,30.0,1,0.4981,1.3541,1
LJ500_R063_C084,63,84,703250,9532750,3500,1000,2024,12,2024-12,72,115.82,167.1,190.26,24.58,16.0,14.0,30.0,1,0.5111,1.3529,1
LJ500_R063_C085,63,85,703750,9532750,4000,1000,2024,12,2024-12,72,115.82,167.1,190.26,24.58,16.0,14.0,30.0,1,0.4588,1.1703,1
LJ500_R063_C086,63,86,704250,9532750,4500,1000,2024,12,2024-12,72,115.82,167.1,190.26,24.58,16.0,14.0,30.0,1,0.4426,1.1315,1
LJ500_R064_C077,64,77,699750,9533250,0,1500,2024,12,2024-12,72,111.0,157.07,176.27,24.5,17.73,12.27,30.0,1,0.1246,0.3382,1
LJ500_R064_C078,64,78,700250,9533250,500,1500,2024,12,2024-12,72,115.82,167.1,190.26,24.58,16.0,14.0,30.0,1,0.1157,0.3,1
LJ500_R064_C079,64,79,700750,9533250,1000,1500,2024,12,2024-12,72,115.82,167.1,190.26,24.58,16.0,14.0,30.0,1,0.134,0.445,1
LJ500_R064_C080,64,80,701250,9533250,1500,1500,2024,12,2024-12,72,115.82,167.1,190.26,24.58,16.0,14.0,30.0,1,0.146,0.54,1
LJ500_R064_C081,64,81,701750,9533250,2000,1500,2024,12,2024-12,72,115.82,167.1,190.26,24.58,16.0,14.0,30.0,1,0.2505,0.947,1
LJ500_R064_C082,64,82,702250,9533250,2500,1500,2024,12,2024-12,72,115.82,167.1,190.26,24.58,16.0,14.0,30.0,1,0.2847,1.08,1
LJ500_R064_C083,64,83,702750,9533250,3000,1500,2024,12,2024-12,72,115.82,167.1,190.26,24.58,16.0,14.0,30.0,1,0.5084,1.1974,1
LJ500_R064_C084,64,84,703250,9533250,3500,1500,2024,12,2024-12,72,115.82,167.1,190.26,24.58,16.0,14.0,30.0,1,0.5295,1.1921,1
LJ500_R064_C085,64,85,703750,9533250,4000,1500,2024,12,2024-12,72,115.82,167.1,190.26,24.58,16.0,14.0,30.0,1,0.4793,0.87,1
LJ500_R064_C086,64,86,704250,9533250,4500,1500,2024,12,2024-12,72,115.82,167.1,190.26,24.58,16.0,14.0,30.0,1,0.473,0.8599,1
LJ500_R065_C077,65,77,699750,9533750,0,2000,2024,12,2024-12,72,110.98,157.03,176.22,24.5,17.74,12.26,30.0,1,0.1154,0.3294,1
LJ500_R065_C078,65,78,700250,9533750,500,2000,2024,12,2024-12,72,115.82,167.1,190.26,24.58,16.0,14.0,30.0,1,0.1131,0.3194,1
LJ500_R065_C079,65,79,700750,9533750,1000,2000,2024,12,2024-12,72,115.82,167.1,190.26,24.58,16.0,14.0,30.0,1,0.1231,0.3857,1
LJ500_R065_C080,65,80,701250,9533750,1500,2000,2024,12,2024-12,72,115.82,167.1,190.26,24.58,16.0,14.0,30.0,1,0.1297,0.429,1
LJ500_R065_C081,65,81,701750,9533750,2000,2000,2024,12,2024-12,72,115.82,167.1,190.26,24.58,16.0,14.0,30.0,1,0.2074,0.7507,1
LJ500_R065_C082,65,82,702250,9533750,2500,2000,2024,12,2024-12,72,115.82,167.1,190.26,24.58,16.0,14.0,30.0,1,0.2329,0.8565,1
LJ500_R065_C083,65,83,702750,9533750,3000,2000,2024,12,2024-12,72,115.82,167.1,190.26,24.58,16.0,14.0,30.0,1,0.3761,1.1808,1
LJ500_R065_C084,65,84,703250,9533750,3500,2000,2024,12,2024-12,72,115.82,167.1,190.26,24.58,16.0,14.0,30.0,1,0.3936,1.2184,1
LJ500_R065_C085,65,85,703750,9533750,4000,2000,2024,12,2024-12,72,115.82,167.1,190.26,24.58,16.0,14.0,30.0,1,0.4384,1.2554,1
LJ500_R065_C086,65,86,704250,9533750,4500,2000,2024,12,2024-12,72,115.82,167.1,190.26,24.58,16.0,14.0,30.0,1,0.4428,1.1776,1
LJ500_R066_C077,66,77,699750,9534250,0,2500,2024,12,2024-12,72,110.96,156.99,176.16,24.5,17.74,12.26,30.0,1,0.1104,0.3245,1
LJ500_R066_C078,66,78,700250,9534250,500,2500,2024,12,2024-12,72,115.82,167.1,190.26,24.58,16.0,14.0,30.0,1,0.1117,0.33,1
LJ500_R066_C079,66,79,700750,9534250,1000,2500,2024,12,2024-12,72,115.82,167.1,190.26,24.58,16.0,14.0,30.0,1,0.1173,0.354,1
LJ500_R066_C080,66,80,701250,9534250,1500,2500,2024,12,2024-12,72,115.82,167.1,190.26,24.58,16.0,14.0,30.0,1,0.121,0.37,1
LJ500_R066_C081,66,81,701750,9534250,2000,2500,2024,12,2024-12,72,115.82,167.1,190.26,24.58,16.0,14.0,30.0,1,0.1847,0.6472,1
LJ500_R066_C082,66,82,702250,9534250,2500,2500,2024,12,2024-12,72,115.82,167.1,190.26,24.58,16.0,14.0,30.0,1,0.206,0.74,1
LJ500_R066_C083,66,83,702750,9534250,3000,2500,2024,12,2024-12,72,115.82,167.1,190.26,24.58,16.0,14.0,30.0,1,0.3078,1.1713,1
LJ500_R066_C084,66,84,703250,9534250,3500,2500,2024,12,2024-12,72,115.82,167.1,190.26,24.58,16.0,14.0,30.0,1,0.3241,1.231,1
LJ500_R066_C085,66,85,703750,9534250,4000,2500,2024,12,2024-12,72,115.82,167.1,190.26,24.58,16.0,14.0,30.0,1,0.4177,1.45,1
LJ500_R066_C086,66,86,704250,9534250,4500,2500,2024,12,2024-12,72,115.82,167.1,190.26,24.58,16.0,14.0,30.0,1,0.4275,1.3375,1
LJ500_R067_C077,67,77,699750,9534750,0,3000,2024,12,2024-12,72,110.94,156.95,176.1,24.5,17.75,12.25,30.0,1,0.1156,0.358,1
LJ500_R067_C078,67,78,700250,9534750,500,3000,2024,12,2024-12,72,115.82,167.1,190.26,24.58,16.0,14.0,30.0,1,0.1039,0.3059,1
LJ500_R067_C079,67,79,700750,9534750,1000,3000,2024,12,2024-12,72,115.82,167.1,190.26,24.58,16.0,14.0,30.0,1,0.1109,0.32,1
LJ500_R067_C080,67,80,701250,9534750,1500,3000,2024,12,2024-12,72,115.82,167.1,190.26,24.58,16.0,14.0,30.0,1,0.1156,0.3295,1
LJ500_R067_C081,67,81,701750,9534750,2000,3000,2024,12,2024-12,72,115.82,167.1,190.26,24.58,16.0,14.0,30.0,1,0.1429,0.4784,1
LJ500_R067_C082,67,82,702250,9534750,2500,3000,2024,12,2024-12,72,115.82,167.1,190.26,24.58,16.0,14.0,30.0,1,0.152,0.5283,1
LJ500_R067_C083,67,83,702750,9534750,3000,3000,2024,12,2024-12,72,115.82,167.1,190.26,24.58,16.0,14.0,30.0,1,0.1934,0.7017,1
LJ500_R067_C084,67,84,703250,9534750,3500,3000,2024,12,2024-12,72,115.82,167.1,190.26,24.58,16.0,14.0,30.0,1,0.2029,0.7395,1
LJ500_R067_C085,67,85,703750,9534750,4000,3000,2024,12,2024-12,72,115.82,167.1,190.26,24.58,16.0,14.0,30.0,1,0.3073,1.1379,1
LJ500_R067_C086,67,86,704250,9534750,4500,3000,2024,12,2024-12,72,115.82,167.1,190.26,24.58,16.0,14.0,30.0,1,0.3348,1.1736,1
LJ500_R068_C077,68,77,699750,9535250,0,3500,2024,12,2024-12,72,110.92,156.91,176.05,24.5,17.76,12.24,30.0,1,0.117,0.3665,1
LJ500_R068_C078,68,78,700250,9535250,500,3500,2024,12,2024-12,72,115.82,167.1,190.26,24.58,16.0,14.0,30.0,1,0.102,0.3,1
LJ500_R068_C079,68,79,700750,9535250,1000,3500,2024,12,2024-12,72,115.82,167.1,190.26,24.58,16.0,14.0,30.0,1,0.1093,0.3119,1
LJ500_R068_C080,68,80,701250,9535250,1500,3500,2024,12,2024-12,72,115.82,167.1,190.26,24.58,16.0,14.0,30.0,1,0.1143,0.32,1
LJ500_R068_C081,68,81,701750,9535250,2000,3500,2024,12,2024-12,72,115.82,167.1,190.26,24.58,16.0,14.0,30.0,1,0.1332,0.4391,1
LJ500_R068_C082,68,82,702250,9535250,2500,3500,2024,12,2024-12,72,115.82,167.1,190.26,24.58,16.0,14.0,30.0,1,0.1397,0.48,1
LJ500_R068_C083,68,83,702750,9535250,3000,3500,2024,12,2024-12,72,115.82,167.1,190.26,24.58,16.0,14.0,30.0,1,0.1677,0.5962,1
LJ500_R068_C084,68,84,703250,9535250,3500,3500,2024,12,2024-12,72,115.82,167.1,190.26,24.58,16.0,14.0,30.0,1,0.1759,0.6299,1
LJ500_R068_C085,68,85,703750,9535250,4000,3500,2024,12,2024-12,72,115.82,167.1,190.26,24.58,16.0,14.0,30.0,1,0.2833,1.07,1
LJ500_R068_C086,68,86,704250,9535250,4500,3500,2024,12,2024-12,72,115.82,167.1,190.26,24.58,16.0,14.0,30.0,1,0.3145,1.1374,1
LJ500_R069_C077,69,77,699750,9535750,0,4000,2024,12,2024-12,72,110.01,153.03,170.17,24.4,16.67,13.33,30.0,1,0.109,0.2953,1
LJ500_R069_C078,69,78,700250,9535750,500,4000,2024,12,2024-12,72,117.35,167.57,190.47,26.03,16.0,14.0,30.0,1,0.1007,0.2711,1
LJ500_R069_C079,69,79,700750,9535750,1000,4000,2024,12,2024-12,72,117.35,167.57,190.47,26.03,16.0,14.0,30.0,1,0.1166,0.3458,1
LJ500_R069_C080,69,80,701250,9535750,1500,4000,2024,12,2024-12,72,117.36,167.57,190.47,26.04,16.0,14.0,30.0,1,0.1275,0.3973,1
LJ500_R069_C081,69,81,701750,9535750,2000,4000,2024,12,2024-12,72,117.36,167.57,190.47,26.04,16.0,14.0,30.0,1,0.1965,0.696,1
LJ500_R069_C082,69,82,702250,9535750,2500,4000,2024,12,2024-12,72,117.37,167.57,190.47,26.05,16.0,14.0,30.0,1,0.2206,0.8004,1
LJ500_R069_C083,69,83,702750,9535750,3000,4000,2024,12,2024-12,72,117.37,167.58,190.47,26.05,16.0,14.0,30.0,1,0.2071,0.7349,1
LJ500_R069_C084,69,84,703250,9535750,3500,4000,2024,12,2024-12,72,117.37,167.58,190.47,26.05,16.0,14.0,30.0,1,0.2041,0.7219,1
LJ500_R069_C085,69,85,703750,9535750,4000,4000,2024,12,2024-12,72,117.38,167.58,190.47,26.06,16.0,14.0,30.0,1,0.1728,0.6005,1
LJ500_R069_C086,69,86,704250,9535750,4500,4000,2024,12,2024-12,72,117.38,167.58,190.47,26.06,16.0,14.0,30.0,1,0.176,0.61,1
LJ500_R070_C077,70,77,699750,9536250,0,4500,2024,12,2024-12,72,109.91,152.67,169.64,24.39,16.59,13.41,30.0,1,0.1096,0.2954,1
LJ500_R070_C078,70,78,700250,9536250,500,4500,2024,12,2024-12,72,117.46,167.6,190.48,26.14,16.0,14.0,30.0,1,0.1007,0.2664,1
LJ500_R070_C079,70,79,700750,9536250,1000,4500,2024,12,2024-12,72,117.46,167.6,190.48,26.14,16.0,14.0,30.0,1,0.1184,0.3517,1
LJ500_R070_C080,70,80,701250,9536250,1500,4500,2024,12,2024-12,72,117.46,167.6,190.48,26.14,16.0,14.0,30.0,1,0.1307,0.4111,1
LJ500_R070_C081,70,81,701750,9536250,2000,4500,2024,12,2024-12,72,117.46,167.6,190.48,26.14,16.0,14.0,30.0,1,0.1928,0.6793,1
LJ500_R070_C082,70,82,702250,9536250,2500,4500,2024,12,2024-12,72,117.46,167.6,190.48,26.14,16.0,14.0,30.0,1,0.2144,0.7729,1
LJ500_R070_C083,70,83,702750,9536250,3000,4500,2024,12,2024-12,72,117.46,167.6,190.48,26.14,16.0,14.0,30.0,1,0.1991,0.6988,1
LJ500_R070_C084,70,84,703250,9536250,3500,4500,2024,12,2024-12,72,117.46,167.6,190.48,26.14,16.0,14.0,30.0,1,0.196,0.6849,1
LJ500_R070_C085,70,85,703750,9536250,4000,4500,2024,12,2024-12,72,117.46,167.6,190.48,26.14,16.0,14.0,30.0,1,0.1698,0.586,1
LJ500_R070_C086,70,86,704250,9536250,4500,4500,2024,12,2024-12,72,117.46,167.6,190.48,26.14,16.0,14.0,30.0,1,0.1762,0.6105,1
