cell_id,fila,columna,centro_x_m,centro_y_m,x_local_m,y_local_m,anio,mes,anio_mes,t_mes,chirps_precipitacion_acumulada_t1_mm,chirps_precipitacion_acumulada_prev2m_mm,chirps_precipitacion_acumulada_prev3m_mm,chirps_precipitacion_maxima_diaria_t1_mm,chirps_dias_secos_t1,chirps_dias_humedos_t1,chirps_dias_validos_t1,chirps_historia_3m_completa,chelsa_sfcwind_media_t1_ms,chelsa_sfcwind_maxima_t1_ms,chelsa_historia_3m_completa
LJ500_R142_C033,142,33,677750,9572250,0,0,2019,1,2019-01,1,45.16,78.13,115.75,11.21,25.68,5.3201,31.0,1,0.4806,1.0553,1
LJ500_R142_C034,142,34,678250,9572250,500,0,2019,1,2019-01,1,42.53,75.03,114.1,11.0,26.0,5.0,31.0,1,0.4822,1.0595,1
LJ500_R142_C035,142,35,678750,9572250,1000,0,2019,1,2019-01,1,42.53,75.03,114.1,11.0,26.0,5.0,31.0,1,0.3842,0.858,1
LJ500_R142_C036,142,36,679250,9572250,1500,0,2019,1,2019-01,1,42.53,75.03,114.1,11.0,26.0,5.0,31.0,1,0.3675,0.8237,1
LJ500_R142_C037,142,37,679750,9572250,2000,0,2019,1,2019-01,1,42.53,75.03,114.1,11.0,26.0,5.0,31.0,1,0.2946,0.6761,1
LJ500_R142_C038,142,38,680250,9572250,2500,0,2019,1,2019-01,1,42.53,75.03,114.1,11.0,26.0,5.0,31.0,1,0.3183,0.7258,1
LJ500_R142_C039,142,39,680750,9572250,3000,0,2019,1,2019-01,1,42.53,75.03,114.1,11.0,26.0,5.0,31.0,1,0.4454,0.9916,1
LJ500_R142_C040,142,40,681250,9572250,3500,0,2019,1,2019-01,1,42.53,75.03,114.1,11.0,26.0,5.0,31.0,1,0.4498,1.0312,1
LJ500_R142_C041,142,41,681750,9572250,4000,0,2019,1,2019-01,1,42.53,75.03,114.1,11.0,26.0,5.0,31.0,1,0.4597,1.1212,1
LJ500_R142_C042,142,42,682250,9572250,4500,0,2019,1,2019-01,1,42.53,75.03,114.1,11.0,26.0,5.0,31.0,1,0.4546,1.1078,1
LJ500_R143_C033,143,33,677750,9572750,0,500,2019,1,2019-01,1,45.18,78.15,115.76,11.21,25.68,5.322,31.0,1,0.4491,0.9953,1
LJ500_R143_C034,143,34,678250,9572750,500,500,2019,1,2019-01,1,42.53,75.03,114.1,11.0,26.0,5.0,31.0,1,0.4239,0.94,1
LJ500_R143_C035,143,35,678750,9572750,1000,500,2019,1,2019-01,1,42.53,75.03,114.1,11.0,26.0,5.0,31.0,1,0.3373,0.7684,1
LJ500_R143_C036,143,36,679250,9572750,1500,500,2019,1,2019-01,1,42.53,75.03,114.1,11.0,26.0,5.0,31.0,1,0.3228,0.7398,1
LJ500_R143_C037,143,37,679750,9572750,2000,500,2019,1,2019-01,1,42.53,75.03,114.1,11.0,26.0,5.0,31.0,1,0.3074,0.71,1
LJ500_R143_C038,143,38,680250,9572750,2500,500,2019,1,2019-01,1,42.53,75.03,114.1,11.0,26.0,5.0,31.0,1,0.3285,0.7551,1
LJ500_R143_C039,143,39,680750,9572750,3000,500,2019,1,2019-01,1,42.53,75.03,114.1,11.0,26.0,5.0,31.0,1,0.4432,1.0,1
LJ500_R143_C040,143,40,681250,9572750,3500,500,2019,1,2019-01,1,42.53,75.03,114.1,11.0,26.0,5.0,31.0,1,0.4276,1.0548,1
LJ500_R143_C041,143,41,681750,9572750,4000,500,2019,1,2019-01,1,42.53,75.03,114.1,11.0,26.0,5.0,31.0,1,0.3919,1.18,1
LJ500_R143_C042,143,42,682250,9572750,4500,500,2019,1,2019-01,1,42.53,75.03,114.1,11.0,26.0,5.0,31.0,1,0.3962,1.1437,1
LJ500_R144_C033,144,33,677750,9573250,0,1000,2019,1,2019-01,1,45.19,78.17,115.77,11.21,25.68,5.3238,31.0,1,0.4409,0.9813,1
LJ500_R144_C034,144,34,678250,9573250,500,1000,2019,1,2019-01,1,42.53,75.03,114.1,11.0,26.0,5.0,31.0,1,0.4174,0.9309,1
LJ500_R144_C035,144,35,678750,9573250,1000,1000,2019,1,2019-01,1,42.53,75.03,114.1,11.0,26.0,5.0,31.0,1,0.3468,0.791,1
LJ500_R144_C036,144,36,679250,9573250,1500,1000,2019,1,2019-01,1,42.53,75.03,114.1,11.0,26.0,5.0,31.0,1,0.3349,0.7674,1
LJ500_R144_C037,144,37,679750,9573250,2000,1000,2019,1,2019-01,1,42.53,75.03,114.1,11.0,26.0,5.0,31.0,1,0.3105,0.7193,1
LJ500_R144_C038,144,38,680250,9573250,2500,1000,2019,1,2019-01,1,42.53,75.03,114.1,11.0,26.0,5.0,31.0,1,0.3282,0.7563,1
LJ500_R144_C039,144,39,680750,9573250,3000,1000,2019,1,2019-01,1,42.53,75.03,114.1,11.0,26.0,5.0,31.0,1,0.4256,0.9593,1
LJ500_R144_C040,144,40,681250,9573250,3500,1000,2019,1,2019-01,1,42.53,75.03,114.1,11.0,26.0,5.0,31.0,1,0.4228,1.0202,1
LJ500_R144_C041,144,41,681750,9573250,4000,1000,2019,1,2019-01,1,42.53,75.03,114.1,11.0,26.0,5.0,31.0,1,0.4169,1.161,1
LJ500_R144_C042,144,42,682250,9573250,4500,1000,2019,1,2019-01,1,42.53,75.03,114.1,11.0,26.0,5.0,31.0,1,0.4221,1.1233,1
LJ500_R145_C033,145,33,677750,9573750,0,1500,2019,1,2019-01,1,45.21,78.19,115.78,11.21,25.67,5.3257,31.0,1,0.4215,0.9483,1
LJ500_R145_C034,145,34,678250,9573750,500,1500,2019,1,2019-01,1,42.53,75.03,114.1,11.0,26.0,5.0,31.0,1,0.4026,0.91,1
LJ500_R145_C035,145,35,678750,9573750,1000,1500,2019,1,2019-01,1,42.53,75.03,114.1,11.0,26.0,5.0,31.0,1,0.3681,0.8417,1
LJ500_R145_C036,145,36,679250,9573750,1500,1500,2019,1,2019-01,1,42.53,75.03,114.1,11.0,26.0,5.0,31.0,1,0.3621,0.8297,1
LJ500_R145_C037,145,37,679750,9573750,2000,1500,2019,1,2019-01,1,42.53,75.03,114.1,11.0,26.0,5.0,31.0,1,0.3174,0.74,1
LJ500_R145_C038,145,38,680250,9573750,2500,1500,2019,1,2019-01,1,42.53,75.03,114.1,11.0,26.0,5.0,31.0,1,0.3279,0.7597,1
LJ500_R145_C039,145,39,680750,9573750,3000,1500,2019,1,2019-01,1,42.53,75.03,114.1,11.0,26.0,5.0,31.0,1,0.3868,0.87,1
LJ500_R145_C040,145,40,681250,9573750,3500,1500,2019,1,2019-01,1,42.53,75.03,114.1,11.0,26.0,5.0,31.0,1,0.412,0.9451,1
LJ500_R145_C041,145,41,681750,9573750,4000,1500,2019,1,2019-01,1,42.53,75.03,114.1,11.0,26.0,5.0,31.0,1,0.4706,1.12,1
LJ500_R145_C042,145,42,682250,9573750,4500,1500,2019,1,2019-01,1,42.53,75.03,114.1,11.0,26.0,5.0,31.0,1,0.4776,1.0796,1
LJ500_R146_C033,146,33,677750,9574250,0,2000,2019,1,2019-01,1,51.75,84.85,122.24,11.29,24.96,6.0429,31.0,1,0.455,1.0239,1
LJ500_R146_C034,146,34,678250,9574250,500,2000,2019,1,2019-01,1,49.9,82.89,121.87,11.0,25.14,5.8592,31.0,1,0.4437,1.0021,1
LJ500_R146_C035,146,35,678750,9574250,1000,2000,2019,1,2019-01,1,49.93,82.93,121.91,11.0,25.14,5.863,31.0,1,0.3977,0.9067,1
LJ500_R146_C036,146,36,679250,9574250,1500,2000,2019,1,2019-01,1,49.96,82.96,121.94,11.0,25.13,5.8667,31.0,1,0.3898,0.8902,1
LJ500_R146_C037,146,37,679750,9574250,2000,2000,2019,1,2019-01,1,49.99,83.0,121.98,11.0,25.13,5.8705,31.0,1,0.3446,0.7959,1
LJ500_R146_C038,146,38,680250,9574250,2500,2000,2019,1,2019-01,1,50.03,83.03,122.01,11.0,25.13,5.8743,31.0,1,0.347,0.8002,1
LJ500_R146_C039,146,39,680750,9574250,3000,2000,2019,1,2019-01,1,50.06,83.07,122.04,11.0,25.12,5.8781,31.0,1,0.3593,0.823,1
LJ500_R146_C040,146,40,681250,9574250,3500,2000,2019,1,2019-01,1,50.09,83.1,122.08,11.0,25.12,5.882,31.0,1,0.3907,0.9031,1
LJ500_R146_C041,146,41,681750,9574250,4000,2000,2019,1,2019-01,1,50.13,83.14,122.11,11.0,25.11,5.8858,31.0,1,0.4647,1.0916,1
LJ500_R146_C042,146,42,682250,9574250,4500,2000,2019,1,2019-01,1,50.16,83.17,122.15,11.0,25.11,5.8896,31.0,1,0.4588,1.0767,1
LJ500_R147_C033,147,33,677750,9574750,0,2500,2019,1,2019-01,1,60.48,93.75,130.86,11.4,24.0,7.0,31.0,1,0.4944,1.113,1
LJ500_R147_C034,147,34,678250,9574750,500,2500,2019,1,2019-01,1,59.68,93.33,132.2,11.01,24.0,7.0,31.0,1,0.4919,1.11,1
LJ500_R147_C035,147,35,678750,9574750,1000,2500,2019,1,2019-01,1,59.68,93.33,132.2,11.01,24.0,7.0,31.0,1,0.4321,0.9825,1
LJ500_R147_C036,147,36,679250,9574750,1500,2500,2019,1,2019-01,1,59.68,93.33,132.2,11.01,24.0,7.0,31.0,1,0.4216,0.96,1
LJ500_R147_C037,147,37,679750,9574750,2000,2500,2019,1,2019-01,1,59.68,93.33,132.2,11.01,24.0,7.0,31.0,1,0.3758,0.8601,1
LJ500_R147_C038,147,38,680250,9574750,2500,2500,2019,1,2019-01,1,59.68,93.33,132.2,11.01,24.0,7.0,31.0,1,0.3688,0.8467,1
LJ500_R147_C039,147,39,680750,9574750,3000,2500,2019,1,2019-01,1,59.68,93.33,132.2,11.01,24.0,7.0,31.0,1,0.3284,0.77,1
LJ500_R147_C040,147,40,681250,9574750,3500,2500,2019,1,2019-01,1,59.68,93.33,132.2,11.01,24.0,7.0,31.0,1,0.3669,0.8561,1
LJ500_R147_C041,147,41,681750,9574750,4000,2500,2019,1,2019-01,1,59.68,93.33,132.2,11.01,24.0,7.0,31.0,1,0.4581,1.06,1
LJ500_R147_C042,147,42,682250,9574750,4500,2500,2019,1,2019-01,1,59.68,93.33,132.2,11.01,24.0,7.0,31.0,1,0.4381,1.0734,1
LJ500_R148_C033,148,33,677750,9575250,0,3000,2019,1,2019-01,1,60.49,93.75,130.85,11.41,24.0,7.0,31.0,1,0.4874,1.108,1
LJ500_R148_C034,148,34,678250,9575250,500,3000,2019,1,2019-01,1,59.68,93.33,132.2,11.01,24.0,7.0,31.0,1,0.4993,1.1347,1
LJ500_R148_C035,148,35,678750,9575250,1000,3000,2019,1,2019-01,1,59.68,93.33,132.2,11.01,24.0,7.0,31.0,1,0.4415,1.0075,1
LJ500_R148_C036,148,36,679250,9575250,1500,3000,2019,1,2019-01,1,59.68,93.33,132.2,11.01,24.0,7.0,31.0,1,0.4312,0.9848,1
LJ500_R148_C037,148,37,679750,9575250,2000,3000,2019,1,2019-01,1,59.68,93.33,132.2,11.01,24.0,7.0,31.0,1,0.397,0.91,1
LJ500_R148_C038,148,38,680250,9575250,2500,3000,2019,1,2019-01,1,59.68,93.33,132.2,11.01,24.0,7.0,31.0,1,0.3885,0.8932,1
LJ500_R148_C039,148,39,680750,9575250,3000,3000,2019,1,2019-01,1,59.68,93.33,132.2,11.01,24.0,7.0,31.0,1,0.3391,0.7951,1
LJ500_R148_C040,148,40,681250,9575250,3500,3000,2019,1,2019-01,1,59.68,93.33,132.2,11.01,24.0,7.0,31.0,1,0.3576,0.8343,1
LJ500_R148_C041,148,41,681750,9575250,4000,3000,2019,1,2019-01,1,59.68,93.33,132.2,11.01,24.0,7.0,31.0,1,0.4015,0.9276,1
LJ500_R148_C042,148,42,682250,9575250,4500,3000,2019,1,2019-01,1,59.68,93.33,132.2,11.01,24.0,7.0,31.0,1,0.4104,0.9713,1
LJ500_R149_C033,149,33,677750,9575750,0,3500,2019,1,2019-01,1,60.49,93.75,130.85,11.41,24.0,7.0,31.0,1,0.4828,1.1047,1
LJ500_R149_C034,149,34,678250,9575750,500,3500,2019,1,2019-01,1,59.68,93.33,132.2,11.01,24.0,7.0,31.0,1,0.5039,1.15,1
LJ500_R149_C035,149,35,678750,9575750,1000,3500,2019,1,2019-01,1,59.68,93.33,132.2,11.01,24.0,7.0,31.0,1,0.4473,1.023,1
LJ500_R149_C036,149,36,679250,9575750,1500,3500,2019,1,2019-01,1,59.68,93.33,132.2,11.01,24.0,7.0,31.0,1,0.4371,1.0,1
LJ500_R149_C037,149,37,679750,9575750,2000,3500,2019,1,2019-01,1,59.68,93.33,132.2,11.01,24.0,7.0,31.0,1,0.4098,0.9403,1
LJ500_R149_C038,149,38,680250,9575750,2500,3500,2019,1,2019-01,1,59.68,93.33,132.2,11.01,24.0,7.0,31.0,1,0.4004,0.9213,1
LJ500_R149_C039,149,39,680750,9575750,3000,3500,2019,1,2019-01,1,59.68,93.33,132.2,11.01,24.0,7.0,31.0,1,0.3455,0.81,1
LJ500_R149_C040,149,40,681250,9575750,3500,3500,2019,1,2019-01,1,59.68,93.33,132.2,11.01,24.0,7.0,31.0,1,0.3522,0.8217,1
LJ500_R149_C041,149,41,681750,9575750,4000,3500,2019,1,2019-01,1,59.68,93.33,132.2,11.01,24.0,7.0,31.0,1,0.3684,0.85,1
LJ500_R149_C042,149,42,682250,9575750,4500,3500,2019,1,2019-01,1,59.68,93.33,132.2,11.01,24.0,7.0,31.0,1,0.3942,0.9118,1
LJ500_R150_C033,150,33,677750,9576250,0,4000,2019,1,2019-01,1,60.5,93.75,130.84,11.41,24.0,7.0,31.0,1,0.4988,1.1699,1
LJ500_R150_C034,150,34,678250,9576250,500,4000,2019,1,2019-01,1,59.68,93.33,132.2,11.01,24.0,7.0,31.0,1,0.5204,1.2274,1
LJ500_R150_C035,150,35,678750,9576250,1000,4000,2019,1,2019-01,1,59.68,93.33,132.2,11.01,24.0,7.0,31.0,1,0.4617,1.0681,1
LJ500_R150_C036,150,36,679250,9576250,1500,4000,2019,1,2019-01,1,59.68,93.33,132.2,11.01,24.0,7.0,31.0,1,0.4509,1.0389,1
LJ500_R150_C037,150,37,679750,9576250,2000,4000,2019,1,2019-01,1,59.68,93.33,132.2,11.01,24.0,7.0,31.0,1,0.4704,1.1034,1
LJ500_R150_C038,150,38,680250,9576250,2500,4000,2019,1,2019-01,1,59.68,93.33,132.2,11.01,24.0,7.0,31.0,1,0.4646,1.0891,1
LJ500_R150_C039,150,39,680750,9576250,3000,4000,2019,1,2019-01,1,59.68,93.33,132.2,11.01,24.0,7.0,31.0,1,0.4282,0.9981,1
LJ500_R150_C040,150,40,681250,9576250,3500,4000,2019,1,2019-01,1,59.68,93.33,132.2,11.01,24.0,7.0,31.0,1,0.4104,0.9553,1
LJ500_R150_C041,150,41,681750,9576250,4000,4000,2019,1,2019-01,1,59.68,93.33,132.2,11.01,24.0,7.0,31.0,1,0.3666,0.85,1
LJ500_R150_C042,150,42,682250,9576250,4500,4000,2019,1,2019-01,1,59.68,93.33,132.2,11.01,24.0,7.0,31.0,1,0.3831,0.8873,1
LJ500_R151_C033,151,33,677750,9576750,0,4500,2019,1,2019-01,1,60.5,93.76,130.83,11.41,24.0,7.0,31.0,1,0.5034,1.1888,1
LJ500_R151_C034,151,34,678250,9576750,500,4500,2019,1,2019-01,1,59.68,93.33,132.2,11.01,24.0,7.0,31.0,1,0.5252,1.25,1
LJ500_R151_C035,151,35,678750,9576750,1000,4500,2019,1,2019-01,1,59.68,93.33,132.2,11.01,24.0,7.0,31.0,1,0.4659,1.0814,1
LJ500_R151_C036,151,36,679250,9576750,1500,4500,2019,1,2019-01,1,59.68,93.33,132.2,11.01,24.0,7.0,31.0,1,0.4548,1.05,1
LJ500_R151_C037,151,37,679750,9576750,2000,4500,2019,1,2019-01,1,59.68,93.33,132.2,11.01,24.0,7.0,31.0,1,0.4875,1.1492,1
LJ500_R151_C038,151,38,680250,9576750,2500,4500,2019,1,2019-01,1,59.68,93.33,132.2,11.01,24.0,7.0,31.0,1,0.4826,1.136,1
LJ500_R151_C039,151,39,680750,9576750,3000,4500,2019,1,2019-01,1,59.68,93.33,132.2,11.01,24.0,7.0,31.0,1,0.451,1.05,1
LJ500_R151_C040,151,40,681250,9576750,3500,4500,2019,1,2019-01,1,59.68,93.33,132.2,11.01,24.0,7.0,31.0,1,0.4264,0.9922,1
LJ500_R151_C041,151,41,681750,9576750,4000,4500,2019,1,2019-01,1,59.68,93.33,132.2,11.01,24.0,7.0,31.0,1,0.3661,0.85,1
LJ500_R151_C042,151,42,682250,9576750,4500,4500,2019,1,2019-01,1,59.68,93.33,132.2,11.01,24.0,7.0,31.0,1,0.3801,0.8807,1
LJ500_R142_C033,142,33,677750,9572250,0,0,2019,2,2019-02,2,81.55,126.71,159.68,37.69,27.68,3.3201,31.0,1,0.4805,0.9929,1
LJ500_R142_C034,142,34,678250,9572250,500,0,2019,2,2019-02,2,79.98,122.51,155.01,39.99,28.0,3.0,31.0,1,0.4774,0.991,1
LJ500_R142_C035,142,35,678750,9572250,1000,0,2019,2,2019-02,2,79.98,122.51,155.01,39.99,28.0,3.0,31.0,1,0.4133,0.7869,1
LJ500_R142_C036,142,36,679250,9572250,1500,0,2019,2,2019-02,2,79.98,122.51,155.01,39.99,28.0,3.0,31.0,1,0.4024,0.7522,1
LJ500_R142_C037,142,37,679750,9572250,2000,0,2019,2,2019-02,2,79.98,122.51,155.01,39.99,28.0,3.0,31.0,1,0.3488,0.6115,1
LJ500_R142_C038,142,38,680250,9572250,2500,0,2019,2,2019-02,2,79.98,122.51,155.01,39.99,28.0,3.0,31.0,1,0.3618,0.6567,1
LJ500_R142_C039,142,39,680750,9572250,3000,0,2019,2,2019-02,2,79.98,122.51,155.01,39.99,28.0,3.0,31.0,1,0.4312,0.8984,1
LJ500_R142_C040,142,40,681250,9572250,3500,0,2019,2,2019-02,2,79.98,122.51,155.01,39.99,28.0,3.0,31.0,1,0.4291,0.9212,1
LJ500_R142_C041,142,41,681750,9572250,4000,0,2019,2,2019-02,2,79.98,122.51,155.01,39.99,28.0,3.0,31.0,1,0.4244,0.9731,1
LJ500_R142_C042,142,42,682250,9572250,4500,0,2019,2,2019-02,2,79.98,122.51,155.01,39.99,28.0,3.0,31.0,1,0.4265,1.0164,1
LJ500_R143_C033,143,33,677750,9572750,0,500,2019,2,2019-02,2,81.56,126.74,159.71,37.68,27.68,3.322,31.0,1,0.4615,0.9266,1
LJ500_R143_C034,143,34,678250,9572750,500,500,2019,2,2019-02,2,79.98,122.51,155.01,39.99,28.0,3.0,31.0,1,0.4471,0.88,1
LJ500_R143_C035,143,35,678750,9572750,1000,500,2019,2,2019-02,2,79.98,122.51,155.01,39.99,28.0,3.0,31.0,1,0.3884,0.6913,1
LJ500_R143_C036,143,36,679250,9572750,1500,500,2019,2,2019-02,2,79.98,122.51,155.01,39.99,28.0,3.0,31.0,1,0.3786,0.6597,1
LJ500_R143_C037,143,37,679750,9572750,2000,500,2019,2,2019-02,2,79.98,122.51,155.01,39.99,28.0,3.0,31.0,1,0.3581,0.62,1
LJ500_R143_C038,143,38,680250,9572750,2500,500,2019,2,2019-02,2,79.98,122.51,155.01,39.99,28.0,3.0,31.0,1,0.3691,0.662,1
LJ500_R143_C039,143,39,680750,9572750,3000,500,2019,2,2019-02,2,79.98,122.51,155.01,39.99,28.0,3.0,31.0,1,0.4287,0.89,1
LJ500_R143_C040,143,40,681250,9572750,3500,500,2019,2,2019-02,2,79.98,122.51,155.01,39.99,28.0,3.0,31.0,1,0.432,0.9844,1
LJ500_R143_C041,143,41,681750,9572750,4000,500,2019,2,2019-02,2,79.98,122.51,155.01,39.99,28.0,3.0,31.0,1,0.4394,1.2,1
LJ500_R143_C042,143,42,682250,9572750,4500,500,2019,2,2019-02,2,79.98,122.51,155.01,39.99,28.0,3.0,31.0,1,0.4873,1.4629,1
LJ500_R144_C033,144,33,677750,9573250,0,1000,2019,2,2019-02,2,81.57,126.76,159.74,37.66,27.68,3.3238,31.0,1,0.4568,0.9079,1
LJ500_R144_C034,144,34,678250,9573250,500,1000,2019,2,2019-02,2,79.98,122.51,155.01,39.99,28.0,3.0,31.0,1,0.4421,0.8618,1
LJ500_R144_C035,144,35,678750,9573250,1000,1000,2019,2,2019-02,2,79.98,122.51,155.01,39.99,28.0,3.0,31.0,1,0.3928,0.7047,1
LJ500_R144_C036,144,36,679250,9573250,1500,1000,2019,2,2019-02,2,79.98,122.51,155.01,39.99,28.0,3.0,31.0,1,0.3844,0.6782,1
LJ500_R144_C037,144,37,679750,9573250,2000,1000,2019,2,2019-02,2,79.98,122.51,155.01,39.99,28.0,3.0,31.0,1,0.3599,0.62,1
LJ500_R144_C038,144,38,680250,9573250,2500,1000,2019,2,2019-02,2,79.98,122.51,155.01,39.99,28.0,3.0,31.0,1,0.3688,0.6562,1
LJ500_R144_C039,144,39,680750,9573250,3000,1000,2019,2,2019-02,2,79.98,122.51,155.01,39.99,28.0,3.0,31.0,1,0.4178,0.8556,1
LJ500_R144_C040,144,40,681250,9573250,3500,1000,2019,2,2019-02,2,79.98,122.51,155.01,39.99,28.0,3.0,31.0,1,0.4223,0.9358,1
LJ500_R144_C041,144,41,681750,9573250,4000,1000,2019,2,2019-02,2,79.98,122.51,155.01,39.99,28.0,3.0,31.0,1,0.4327,1.1208,1
LJ500_R144_C042,144,42,682250,9573250,4500,1000,2019,2,2019-02,2,79.98,122.51,155.01,39.99,28.0,3.0,31.0,1,0.5051,1.5015,1
LJ500_R145_C033,145,33,677750,9573750,0,1500,2019,2,2019-02,2,81.58,126.79,159.77,37.65,27.67,3.3257,31.0,1,0.4458,0.8642,1
LJ500_R145_C034,145,34,678250,9573750,500,1500,2019,2,2019-02,2,79.98,122.51,155.01,39.99,28.0,3.0,31.0,1,0.4306,0.82,1
LJ500_R145_C035,145,35,678750,9573750,1000,1500,2019,2,2019-02,2,79.98,122.51,155.01,39.99,28.0,3.0,31.0,1,0.4025,0.7346,1
LJ500_R145_C036,145,36,679250,9573750,1500,1500,2019,2,2019-02,2,79.98,122.51,155.01,39.99,28.0,3.0,31.0,1,0.3976,0.7197,1
LJ500_R145_C037,145,37,679750,9573750,2000,1500,2019,2,2019-02,2,79.98,122.51,155.01,39.99,28.0,3.0,31.0,1,0.3639,0.62,1
LJ500_R145_C038,145,38,680250,9573750,2500,1500,2019,2,2019-02,2,79.98,122.51,155.01,39.99,28.0,3.0,31.0,1,0.3684,0.6443,1
LJ500_R145_C039,145,39,680750,9573750,3000,1500,2019,2,2019-02,2,79.98,122.51,155.01,39.99,28.0,3.0,31.0,1,0.3939,0.78,1
LJ500_R145_C040,145,40,681250,9573750,3500,1500,2019,2,2019-02,2,79.98,122.51,155.01,39.99,28.0,3.0,31.0,1,0.4012,0.8311,1
LJ500_R145_C041,145,41,681750,9573750,4000,1500,2019,2,2019-02,2,79.98,122.51,155.01,39.99,28.0,3.0,31.0,1,0.4184,0.95,1
LJ500_R145_C042,145,42,682250,9573750,4500,1500,2019,2,2019-02,2,79.98,122.51,155.01,39.99,28.0,3.0,31.0,1,0.5429,1.5837,1
LJ500_R146_C033,146,33,677750,9574250,0,2000,2019,2,2019-02,2,92.22,143.96,177.07,47.89,27.96,3.04,31.0,1,0.4607,0.9248,1
LJ500_R146_C034,146,34,678250,9574250,500,2000,2019,2,2019-02,2,92.79,142.69,175.68,54.26,28.43,2.5704,31.0,1,0.4504,0.8983,1
LJ500_R146_C035,146,35,678750,9574250,1000,2000,2019,2,2019-02,2,92.84,142.77,175.77,54.32,28.43,2.5685,31.0,1,0.4198,0.8016,1
LJ500_R146_C036,146,36,679250,9574250,1500,2000,2019,2,2019-02,2,92.9,142.86,175.86,54.38,28.43,2.5666,31.0,1,0.4145,0.7849,1
LJ500_R146_C037,146,37,679750,9574250,2000,2000,2019,2,2019-02,2,92.96,142.95,175.95,54.44,28.44,2.5647,31.0,1,0.3779,0.6806,1
LJ500_R146_C038,146,38,680250,9574250,2500,2000,2019,2,2019-02,2,93.01,143.04,176.04,54.51,28.44,2.5628,31.0,1,0.3777,0.6852,1
LJ500_R146_C039,146,39,680750,9574250,3000,2000,2019,2,2019-02,2,93.07,143.13,176.14,54.57,28.44,2.5609,31.0,1,0.3761,0.7095,1
LJ500_R146_C040,146,40,681250,9574250,3500,2000,2019,2,2019-02,2,93.13,143.22,176.23,54.63,28.44,2.559,31.0,1,0.3889,0.7727,1
LJ500_R146_C041,146,41,681750,9574250,4000,2000,2019,2,2019-02,2,93.18,143.31,176.32,54.7,28.44,2.5571,31.0,1,0.4192,0.9216,1
LJ500_R146_C042,146,42,682250,9574250,4500,2000,2019,2,2019-02,2,93.24,143.4,176.41,54.76,28.44,2.5552,31.0,1,0.5185,1.4694,1
LJ500_R147_C033,147,33,677750,9574750,0,2500,2019,2,2019-02,2,106.42,166.9,200.16,61.54,28.34,2.659,31.0,1,0.4784,0.996,1
LJ500_R147_C034,147,34,678250,9574750,500,2500,2019,2,2019-02,2,109.79,169.47,203.13,73.19,29.0,2.0,31.0,1,0.4735,0.99,1
LJ500_R147_C035,147,35,678750,9574750,1000,2500,2019,2,2019-02,2,109.79,169.47,203.13,73.19,29.0,2.0,31.0,1,0.4398,0.8795,1
LJ500_R147_C036,147,36,679250,9574750,1500,2500,2019,2,2019-02,2,109.79,169.47,203.13,73.19,29.0,2.0,31.0,1,0.4339,0.86,1
LJ500_R147_C037,147,37,679750,9574750,2000,2500,2019,2,2019-02,2,109.79,169.47,203.13,73.19,29.0,2.0,31.0,1,0.3939,0.7501,1
LJ500_R147_C038,147,38,680250,9574750,2500,2500,2019,2,2019-02,2,109.79,169.47,203.13,73.19,29.0,2.0,31.0,1,0.3883,0.7322,1
LJ500_R147_C039,147,39,680750,9574750,3000,2500,2019,2,2019-02,2,109.79,169.47,203.13,73.19,29.0,2.0,31.0,1,0.3561,0.63,1
LJ500_R147_C040,147,40,681250,9574750,3500,2500,2019,2,2019-02,2,109.79,169.47,203.13,73.19,29.0,2.0,31.0,1,0.3751,0.7072,1
LJ500_R147_C041,147,41,681750,9574750,4000,2500,2019,2,2019-02,2,109.79,169.47,203.13,73.19,29.0,2.0,31.0,1,0.42,0.89,1
LJ500_R147_C042,147,42,682250,9574750,4500,2500,2019,2,2019-02,2,109.79,169.47,203.13,73.19,29.0,2.0,31.0,1,0.4919,1.3445,1
LJ500_R148_C033,148,33,677750,9575250,0,3000,2019,2,2019-02,2,106.4,166.88,200.15,61.47,28.34,2.6627,31.0,1,0.4727,0.9695,1
LJ500_R148_C034,148,34,678250,9575250,500,3000,2019,2,2019-02,2,109.79,169.47,203.13,73.19,29.0,2.0,31.0,1,0.4733,0.9838,1
LJ500_R148_C035,148,35,678750,9575250,1000,3000,2019,2,2019-02,2,109.79,169.47,203.13,73.19,29.0,2.0,31.0,1,0.4444,0.8998,1
LJ500_R148_C036,148,36,679250,9575250,1500,3000,2019,2,2019-02,2,109.79,169.47,203.13,73.19,29.0,2.0,31.0,1,0.4393,0.8848,1
LJ500_R148_C037,148,37,679750,9575250,2000,3000,2019,2,2019-02,2,109.79,169.47,203.13,73.19,29.0,2.0,31.0,1,0.4084,0.8001,1
LJ500_R148_C038,148,38,680250,9575250,2500,3000,2019,2,2019-02,2,109.79,169.47,203.13,73.19,29.0,2.0,31.0,1,0.4017,0.7788,1
LJ500_R148_C039,148,39,680750,9575250,3000,3000,2019,2,2019-02,2,109.79,169.47,203.13,73.19,29.0,2.0,31.0,1,0.3626,0.6551,1
LJ500_R148_C040,148,40,681250,9575250,3500,3000,2019,2,2019-02,2,109.79,169.47,203.13,73.19,29.0,2.0,31.0,1,0.3707,0.6947,1
LJ500_R148_C041,148,41,681750,9575250,4000,3000,2019,2,2019-02,2,109.79,169.47,203.13,73.19,29.0,2.0,31.0,1,0.3901,0.7891,1
LJ500_R148_C042,148,42,682250,9575250,4500,3000,2019,2,2019-02,2,109.79,169.47,203.13,73.19,29.0,2.0,31.0,1,0.4236,0.9831,1
LJ500_R149_C033,149,33,677750,9575750,0,3500,2019,2,2019-02,2,106.38,166.87,200.13,61.41,28.33,2.6664,31.0,1,0.4691,0.9528,1
LJ500_R149_C034,149,34,678250,9575750,500,3500,2019,2,2019-02,2,109.79,169.47,203.13,73.19,29.0,2.0,31.0,1,0.4732,0.98,1
LJ500_R149_C035,149,35,678750,9575750,1000,3500,2019,2,2019-02,2,109.79,169.47,203.13,73.19,29.0,2.0,31.0,1,0.4473,0.9123,1
LJ500_R149_C036,149,36,679250,9575750,1500,3500,2019,2,2019-02,2,109.79,169.47,203.13,73.19,29.0,2.0,31.0,1,0.4426,0.9,1
LJ500_R149_C037,149,37,679750,9575750,2000,3500,2019,2,2019-02,2,109.79,169.47,203.13,73.19,29.0,2.0,31.0,1,0.4172,0.8303,1
LJ500_R149_C038,149,38,680250,9575750,2500,3500,2019,2,2019-02,2,109.79,169.47,203.13,73.19,29.0,2.0,31.0,1,0.4098,0.8069,1
LJ500_R149_C039,149,39,680750,9575750,3000,3500,2019,2,2019-02,2,109.79,169.47,203.13,73.19,29.0,2.0,31.0,1,0.3665,0.67,1
LJ500_R149_C040,149,40,681250,9575750,3500,3500,2019,2,2019-02,2,109.79,169.47,203.13,73.19,29.0,2.0,31.0,1,0.3682,0.6876,1
LJ500_R149_C041,149,41,681750,9575750,4000,3500,2019,2,2019-02,2,109.79,169.47,203.13,73.19,29.0,2.0,31.0,1,0.3726,0.73,1
LJ500_R149_C042,149,42,682250,9575750,4500,3500,2019,2,2019-02,2,109.79,169.47,203.13,73.19,29.0,2.0,31.0,1,0.3841,0.7742,1
LJ500_R150_C033,150,33,677750,9576250,0,4000,2019,2,2019-02,2,106.36,166.86,200.11,61.34,28.33,2.6702,31.0,1,0.4691,0.9859,1
LJ500_R150_C034,150,34,678250,9576250,500,4000,2019,2,2019-02,2,109.79,169.47,203.13,73.19,29.0,2.0,31.0,1,0.4697,1.011,1
LJ500_R150_C035,150,35,678750,9576250,1000,4000,2019,2,2019-02,2,109.79,169.47,203.13,73.19,29.0,2.0,31.0,1,0.45,0.9304,1
LJ500_R150_C036,150,36,679250,9576250,1500,4000,2019,2,2019-02,2,109.79,169.47,203.13,73.19,29.0,2.0,31.0,1,0.4463,0.9156,1
LJ500_R150_C037,150,37,679750,9576250,2000,4000,2019,2,2019-02,2,109.79,169.47,203.13,73.19,29.0,2.0,31.0,1,0.436,0.9235,1
LJ500_R150_C038,150,38,680250,9576250,2500,4000,2019,2,2019-02,2,109.79,169.47,203.13,73.19,29.0,2.0,31.0,1,0.4324,0.9089,1
LJ500_R150_C039,150,39,680750,9576250,3000,4000,2019,2,2019-02,2,109.79,169.47,203.13,73.19,29.0,2.0,31.0,1,0.4104,0.8189,1
LJ500_R150_C040,150,40,681250,9576250,3500,4000,2019,2,2019-02,2,109.79,169.47,203.13,73.19,29.0,2.0,31.0,1,0.3989,0.791,1
LJ500_R150_C041,150,41,681750,9576250,4000,4000,2019,2,2019-02,2,109.79,169.47,203.13,73.19,29.0,2.0,31.0,1,0.3705,0.7221,1
LJ500_R150_C042,150,42,682250,9576250,4500,4000,2019,2,2019-02,2,109.79,169.47,203.13,73.19,29.0,2.0,31.0,1,0.3776,0.7487,1
LJ500_R151_C033,151,33,677750,9576750,0,4500,2019,2,2019-02,2,106.34,166.84,200.1,61.28,28.33,2.6739,31.0,1,0.4691,0.9955,1
LJ500_R151_C034,151,34,678250,9576750,500,4500,2019,2,2019-02,2,109.79,169.47,203.13,73.19,29.0,2.0,31.0,1,0.4687,1.02,1
LJ500_R151_C035,151,35,678750,9576750,1000,4500,2019,2,2019-02,2,109.79,169.47,203.13,73.19,29.0,2.0,31.0,1,0.4508,0.9357,1
LJ500_R151_C036,151,36,679250,9576750,1500,4500,2019,2,2019-02,2,109.79,169.47,203.13,73.19,29.0,2.0,31.0,1,0.4474,0.92,1
LJ500_R151_C037,151,37,679750,9576750,2000,4500,2019,2,2019-02,2,109.79,169.47,203.13,73.19,29.0,2.0,31.0,1,0.4413,0.9497,1
LJ500_R151_C038,151,38,680250,9576750,2500,4500,2019,2,2019-02,2,109.79,169.47,203.13,73.19,29.0,2.0,31.0,1,0.4387,0.9374,1
LJ500_R151_C039,151,39,680750,9576750,3000,4500,2019,2,2019-02,2,109.79,169.47,203.13,73.19,29.0,2.0,31.0,1,0.4226,0.86,1
LJ500_R151_C040,151,40,681250,9576750,3500,4500,2019,2,2019-02,2,109.79,169.47,203.13,73.19,29.0,2.0,31.0,1,0.4074,0.8195,1
LJ500_R151_C041,151,41,681750,9576750,4000,4500,2019,2,2019-02,2,109.79,169.47,203.13,73.19,29.0,2.0,31.0,1,0.37,0.72,1
LJ500_R151_C042,151,42,682250,9576750,4500,4500,2019,2,2019-02,2,109.79,169.47,203.13,73.19,29.0,2.0,31.0,1,0.3758,0.7419,1
LJ500_R142_C033,142,33,677750,9572250,0,0,2019,3,2019-03,3,111.92,193.47,238.63,67.76,25.32,2.6799,28.0,1,0.4423,1.2156,1
LJ500_R142_C034,142,34,678250,9572250,500,0,2019,3,2019-03,3,105.14,185.12,227.65,62.71,25.0,3.0,28.0,1,0.4432,1.2122,1
LJ500_R142_C035,142,35,678750,9572250,1000,0,2019,3,2019-03,3,105.14,185.12,227.65,62.71,25.0,3.0,28.0,1,0.3855,0.9084,1
LJ500_R142_C036,142,36,679250,9572250,1500,0,2019,3,2019-03,3,105.14,185.12,227.65,62.71,25.0,3.0,28.0,1,0.3757,0.8563,1
LJ500_R142_C037,142,37,679750,9572250,2000,0,2019,3,2019-03,3,105.14,185.12,227.65,62.71,25.0,3.0,28.0,1,0.3302,0.6146,1
LJ500_R142_C038,142,38,680250,9572250,2500,0,2019,3,2019-03,3,105.14,185.12,227.65,62.71,25.0,3.0,28.0,1,0.3422,0.6892,1
LJ500_R142_C039,142,39,680750,9572250,3000,0,2019,3,2019-03,3,105.14,185.12,227.65,62.71,25.0,3.0,28.0,1,0.4064,1.0884,1
LJ500_R142_C040,142,40,681250,9572250,3500,0,2019,3,2019-03,3,105.14,185.12,227.65,62.71,25.0,3.0,28.0,1,0.4274,1.096,1
LJ500_R142_C041,142,41,681750,9572250,4000,0,2019,3,2019-03,3,105.14,185.12,227.65,62.71,25.0,3.0,28.0,1,0.4749,1.1132,1
LJ500_R142_C042,142,42,682250,9572250,4500,0,2019,3,2019-03,3,105.14,185.12,227.65,62.71,25.0,3.0,28.0,1,0.4714,1.1033,1
LJ500_R143_C033,143,33,677750,9572750,0,500,2019,3,2019-03,3,111.96,193.52,238.7,67.79,25.32,2.678,28.0,1,0.4231,1.1228,1
LJ500_R143_C034,143,34,678250,9572750,500,500,2019,3,2019-03,3,105.14,185.12,227.65,62.71,25.0,3.0,28.0,1,0.4054,1.05,1
LJ500_R143_C035,143,35,678750,9572750,1000,500,2019,3,2019-03,3,105.14,185.12,227.65,62.71,25.0,3.0,28.0,1,0.3631,0.7326,1
LJ500_R143_C036,143,36,679250,9572750,1500,500,2019,3,2019-03,3,105.14,185.12,227.65,62.71,25.0,3.0,28.0,1,0.356,0.6797,1
LJ500_R143_C037,143,37,679750,9572750,2000,500,2019,3,2019-03,3,105.14,185.12,227.65,62.71,25.0,3.0,28.0,1,0.3411,0.64,1
LJ500_R143_C038,143,38,680250,9572750,2500,500,2019,3,2019-03,3,105.14,185.12,227.65,62.71,25.0,3.0,28.0,1,0.3509,0.7085,1
LJ500_R143_C039,143,39,680750,9572750,3000,500,2019,3,2019-03,3,105.14,185.12,227.65,62.71,25.0,3.0,28.0,1,0.4043,1.08,1
LJ500_R143_C040,143,40,681250,9572750,3500,500,2019,3,2019-03,3,105.14,185.12,227.65,62.71,25.0,3.0,28.0,1,0.4279,1.0952,1
LJ500_R143_C041,143,41,681750,9572750,4000,500,2019,3,2019-03,3,105.14,185.12,227.65,62.71,25.0,3.0,28.0,1,0.4818,1.13,1
LJ500_R143_C042,143,42,682250,9572750,4500,500,2019,3,2019-03,3,105.14,185.12,227.65,62.71,25.0,3.0,28.0,1,0.4743,1.1391,1
LJ500_R144_C033,144,33,677750,9573250,0,1000,2019,3,2019-03,3,112.0,193.57,238.76,67.82,25.32,2.6762,28.0,1,0.4188,1.0965,1
LJ500_R144_C034,144,34,678250,9573250,500,1000,2019,3,2019-03,3,105.14,185.12,227.65,62.71,25.0,3.0,28.0,1,0.4035,1.0257,1
LJ500_R144_C035,144,35,678750,9573250,1000,1000,2019,3,2019-03,3,105.14,185.12,227.65,62.71,25.0,3.0,28.0,1,0.3679,0.7637,1
LJ500_R144_C036,144,36,679250,9573250,1500,1000,2019,3,2019-03,3,105.14,185.12,227.65,62.71,25.0,3.0,28.0,1,0.3619,0.7196,1
LJ500_R144_C037,144,37,679750,9573250,2000,1000,2019,3,2019-03,3,105.14,185.12,227.65,62.71,25.0,3.0,28.0,1,0.3433,0.6493,1
LJ500_R144_C038,144,38,680250,9573250,2500,1000,2019,3,2019-03,3,105.14,185.12,227.65,62.71,25.0,3.0,28.0,1,0.3509,0.7079,1
LJ500_R144_C039,144,39,680750,9573250,3000,1000,2019,3,2019-03,3,105.14,185.12,227.65,62.71,25.0,3.0,28.0,1,0.3926,1.0299,1
LJ500_R144_C040,144,40,681250,9573250,3500,1000,2019,3,2019-03,3,105.14,185.12,227.65,62.71,25.0,3.0,28.0,1,0.4185,1.0571,1
LJ500_R144_C041,144,41,681750,9573250,4000,1000,2019,3,2019-03,3,105.14,185.12,227.65,62.71,25.0,3.0,28.0,1,0.4786,1.1205,1
LJ500_R144_C042,144,42,682250,9573250,4500,1000,2019,3,2019-03,3,105.14,185.12,227.65,62.71,25.0,3.0,28.0,1,0.4755,1.1323,1
LJ500_R145_C033,145,33,677750,9573750,0,1500,2019,3,2019-03,3,112.04,193.62,238.83,67.85,25.33,2.6743,28.0,1,0.4087,1.0349,1
LJ500_R145_C034,145,34,678250,9573750,500,1500,2019,3,2019-03,3,105.14,185.12,227.65,62.71,25.0,3.0,28.0,1,0.3993,0.97,1
LJ500_R145_C035,145,35,678750,9573750,1000,1500,2019,3,2019-03,3,105.14,185.12,227.65,62.71,25.0,3.0,28.0,1,0.3788,0.8333,1
LJ500_R145_C036,145,36,679250,9573750,1500,1500,2019,3,2019-03,3,105.14,185.12,227.65,62.71,25.0,3.0,28.0,1,0.3753,0.8096,1
LJ500_R145_C037,145,37,679750,9573750,2000,1500,2019,3,2019-03,3,105.14,185.12,227.65,62.71,25.0,3.0,28.0,1,0.3482,0.67,1
LJ500_R145_C038,145,38,680250,9573750,2500,1500,2019,3,2019-03,3,105.14,185.12,227.65,62.71,25.0,3.0,28.0,1,0.351,0.7079,1
LJ500_R145_C039,145,39,680750,9573750,3000,1500,2019,3,2019-03,3,105.14,185.12,227.65,62.71,25.0,3.0,28.0,1,0.3668,0.92,1
LJ500_R145_C040,145,40,681250,9573750,3500,1500,2019,3,2019-03,3,105.14,185.12,227.65,62.71,25.0,3.0,28.0,1,0.3983,0.9741,1
LJ500_R145_C041,145,41,681750,9573750,4000,1500,2019,3,2019-03,3,105.14,185.12,227.65,62.71,25.0,3.0,28.0,1,0.4718,1.1,1
LJ500_R145_C042,145,42,682250,9573750,4500,1500,2019,3,2019-03,3,105.14,185.12,227.65,62.71,25.0,3.0,28.0,1,0.4779,1.118,1
LJ500_R146_C033,146,33,677750,9574250,0,2000,2019,3,2019-03,3,121.87,214.08,265.83,66.88,24.77,3.233,28.0,1,0.4279,1.13,1
LJ500_R146_C034,146,34,678250,9574250,500,2000,2019,3,2019-03,3,115.52,208.31,258.2,68.11,25.0,3.0,28.0,1,0.422,1.0897,1
LJ500_R146_C035,146,35,678750,9574250,1000,2000,2019,3,2019-03,3,115.56,208.41,258.34,68.14,25.0,3.0,28.0,1,0.3901,0.942,1
LJ500_R146_C036,146,36,679250,9574250,1500,2000,2019,3,2019-03,3,115.61,208.51,258.47,68.16,25.0,3.0,28.0,1,0.3846,0.9166,1
LJ500_R146_C037,146,37,679750,9574250,2000,2000,2019,3,2019-03,3,115.65,208.61,258.61,68.19,25.0,3.0,28.0,1,0.3587,0.7586,1
LJ500_R146_C038,146,38,680250,9574250,2500,2000,2019,3,2019-03,3,115.7,208.71,258.74,68.21,25.0,3.0,28.0,1,0.3586,0.7663,1
LJ500_R146_C039,146,39,680750,9574250,3000,2000,2019,3,2019-03,3,115.75,208.82,258.88,68.23,25.0,3.0,28.0,1,0.3576,0.8072,1
LJ500_R146_C040,146,40,681250,9574250,3500,2000,2019,3,2019-03,3,115.79,208.92,259.01,68.26,25.0,3.0,28.0,1,0.3866,0.8901,1
LJ500_R146_C041,146,41,681750,9574250,4000,2000,2019,3,2019-03,3,115.84,209.02,259.15,68.28,25.0,3.0,28.0,1,0.4547,1.0858,1
LJ500_R146_C042,146,42,682250,9574250,4500,2000,2019,3,2019-03,3,115.88,209.13,259.29,68.31,25.0,3.0,28.0,1,0.4651,1.1079,1
LJ500_R147_C033,147,33,677750,9574750,0,2500,2019,3,2019-03,3,135.0,241.41,301.9,65.49,24.01,3.9884,28.0,1,0.4505,1.2419,1
LJ500_R147_C034,147,34,678250,9574750,500,2500,2019,3,2019-03,3,129.3,239.09,298.77,75.29,25.0,3.0,28.0,1,0.4486,1.23,1
LJ500_R147_C035,147,35,678750,9574750,1000,2500,2019,3,2019-03,3,129.3,239.09,298.77,75.29,25.0,3.0,28.0,1,0.4033,1.0684,1
LJ500_R147_C036,147,36,679250,9574750,1500,2500,2019,3,2019-03,3,129.3,239.09,298.77,75.29,25.0,3.0,28.0,1,0.3954,1.04,1
LJ500_R147_C037,147,37,679750,9574750,2000,2500,2019,3,2019-03,3,129.3,239.09,298.77,75.29,25.0,3.0,28.0,1,0.3707,0.8602,1
LJ500_R147_C038,147,38,680250,9574750,2500,2500,2019,3,2019-03,3,129.3,239.09,298.77,75.29,25.0,3.0,28.0,1,0.3672,0.8334,1
LJ500_R147_C039,147,39,680750,9574750,3000,2500,2019,3,2019-03,3,129.3,239.09,298.77,75.29,25.0,3.0,28.0,1,0.3471,0.68,1
LJ500_R147_C040,147,40,681250,9574750,3500,2500,2019,3,2019-03,3,129.3,239.09,298.77,75.29,25.0,3.0,28.0,1,0.3734,0.7957,1
LJ500_R147_C041,147,41,681750,9574750,4000,2500,2019,3,2019-03,3,129.3,239.09,298.77,75.29,25.0,3.0,28.0,1,0.4357,1.07,1
LJ500_R147_C042,147,42,682250,9574750,4500,2500,2019,3,2019-03,3,129.3,239.09,298.77,75.29,25.0,3.0,28.0,1,0.451,1.0967,1
LJ500_R148_C033,148,33,677750,9575250,0,3000,2019,3,2019-03,3,135.03,241.43,301.91,65.44,24.01,3.994,28.0,1,0.4506,1.2198,1
LJ500_R148_C034,148,34,678250,9575250,500,3000,2019,3,2019-03,3,129.3,239.09,298.77,75.29,25.0,3.0,28.0,1,0.4589,1.2485,1
LJ500_R148_C035,148,35,678750,9575250,1000,3000,2019,3,2019-03,3,129.3,239.09,298.77,75.29,25.0,3.0,28.0,1,0.4084,1.0979,1
LJ500_R148_C036,148,36,679250,9575250,1500,3000,2019,3,2019-03,3,129.3,239.09,298.77,75.29,25.0,3.0,28.0,1,0.3994,1.0711,1
LJ500_R148_C037,148,37,679750,9575250,2000,3000,2019,3,2019-03,3,129.3,239.09,298.77,75.29,25.0,3.0,28.0,1,0.3781,0.9413,1
LJ500_R148_C038,148,38,680250,9575250,2500,3000,2019,3,2019-03,3,129.3,239.09,298.77,75.29,25.0,3.0,28.0,1,0.3742,0.9086,1
LJ500_R148_C039,148,39,680750,9575250,3000,3000,2019,3,2019-03,3,129.3,239.09,298.77,75.29,25.0,3.0,28.0,1,0.3514,0.7176,1
LJ500_R148_C040,148,40,681250,9575250,3500,3000,2019,3,2019-03,3,129.3,239.09,298.77,75.29,25.0,3.0,28.0,1,0.3606,0.7808,1
LJ500_R148_C041,148,41,681750,9575250,4000,3000,2019,3,2019-03,3,129.3,239.09,298.77,75.29,25.0,3.0,28.0,1,0.3823,0.9312,1
LJ500_R148_C042,148,42,682250,9575250,4500,3000,2019,3,2019-03,3,129.3,239.09,298.77,75.29,25.0,3.0,28.0,1,0.4009,0.9771,1
LJ500_R149_C033,149,33,677750,9575750,0,3500,2019,3,2019-03,3,135.06,241.44,301.93,65.38,24.0,3.9997,28.0,1,0.4506,1.2056,1
LJ500_R149_C034,149,34,678250,9575750,500,3500,2019,3,2019-03,3,129.3,239.09,298.77,75.29,25.0,3.0,28.0,1,0.4654,1.26,1
LJ500_R149_C035,149,35,678750,9575750,1000,3500,2019,3,2019-03,3,129.3,239.09,298.77,75.29,25.0,3.0,28.0,1,0.4115,1.1161,1
LJ500_R149_C036,149,36,679250,9575750,1500,3500,2019,3,2019-03,3,129.3,239.09,298.77,75.29,25.0,3.0,28.0,1,0.4018,1.09,1
LJ500_R149_C037,149,37,679750,9575750,2000,3500,2019,3,2019-03,3,129.3,239.09,298.77,75.29,25.0,3.0,28.0,1,0.3826,0.9905,1
LJ500_R149_C038,149,38,680250,9575750,2500,3500,2019,3,2019-03,3,129.3,239.09,298.77,75.29,25.0,3.0,28.0,1,0.3784,0.954,1
LJ500_R149_C039,149,39,680750,9575750,3000,3500,2019,3,2019-03,3,129.3,239.09,298.77,75.29,25.0,3.0,28.0,1,0.3539,0.74,1
LJ500_R149_C040,149,40,681250,9575750,3500,3500,2019,3,2019-03,3,129.3,239.09,298.77,75.29,25.0,3.0,28.0,1,0.3531,0.7722,1
LJ500_R149_C041,149,41,681750,9575750,4000,3500,2019,3,2019-03,3,129.3,239.09,298.77,75.29,25.0,3.0,28.0,1,0.3511,0.85,1
LJ500_R149_C042,149,42,682250,9575750,4500,3500,2019,3,2019-03,3,129.3,239.09,298.77,75.29,25.0,3.0,28.0,1,0.3717,0.9074,1
LJ500_R150_C033,150,33,677750,9576250,0,4000,2019,3,2019-03,3,135.09,241.45,301.95,65.33,23.99,4.0053,28.0,1,0.4749,1.2486,1
LJ500_R150_C034,150,34,678250,9576250,500,4000,2019,3,2019-03,3,129.3,239.09,298.77,75.29,25.0,3.0,28.0,1,0.4991,1.2987,1
LJ500_R150_C035,150,35,678750,9576250,1000,4000,2019,3,2019-03,3,129.3,239.09,298.77,75.29,25.0,3.0,28.0,1,0.4242,1.1487,1
LJ500_R150_C036,150,36,679250,9576250,1500,4000,2019,3,2019-03,3,129.3,239.09,298.77,75.29,25.0,3.0,28.0,1,0.4104,1.1211,1
LJ500_R150_C037,150,37,679750,9576250,2000,4000,2019,3,2019-03,3,129.3,239.09,298.77,75.29,25.0,3.0,28.0,1,0.4485,1.1303,1
LJ500_R150_C038,150,38,680250,9576250,2500,4000,2019,3,2019-03,3,129.3,239.09,298.77,75.29,25.0,3.0,28.0,1,0.4426,1.1119,1
LJ500_R150_C039,150,39,680750,9576250,3000,4000,2019,3,2019-03,3,129.3,239.09,298.77,75.29,25.0,3.0,28.0,1,0.4046,0.9987,1
LJ500_R150_C040,150,40,681250,9576250,3500,4000,2019,3,2019-03,3,129.3,239.09,298.77,75.29,25.0,3.0,28.0,1,0.3887,0.9513,1
LJ500_R150_C041,150,41,681750,9576250,4000,4000,2019,3,2019-03,3,129.3,239.09,298.77,75.29,25.0,3.0,28.0,1,0.3497,0.8342,1
LJ500_R150_C042,150,42,682250,9576250,4500,4000,2019,3,2019-03,3,129.3,239.09,298.77,75.29,25.0,3.0,28.0,1,0.3594,0.8775,1
LJ500_R151_C033,151,33,677750,9576750,0,4500,2019,3,2019-03,3,135.13,241.47,301.97,65.27,23.99,4.0109,28.0,1,0.4819,1.261,1
LJ500_R151_C034,151,34,678250,9576750,500,4500,2019,3,2019-03,3,129.3,239.09,298.77,75.29,25.0,3.0,28.0,1,0.5089,1.31,1
LJ500_R151_C035,151,35,678750,9576750,1000,4500,2019,3,2019-03,3,129.3,239.09,298.77,75.29,25.0,3.0,28.0,1,0.428,1.1583,1
LJ500_R151_C036,151,36,679250,9576750,1500,4500,2019,3,2019-03,3,129.3,239.09,298.77,75.29,25.0,3.0,28.0,1,0.4129,1.13,1
LJ500_R151_C037,151,37,679750,9576750,2000,4500,2019,3,2019-03,3,129.3,239.09,298.77,75.29,25.0,3.0,28.0,1,0.467,1.1697,1
LJ500_R151_C038,151,38,680250,9576750,2500,4500,2019,3,2019-03,3,129.3,239.09,298.77,75.29,25.0,3.0,28.0,1,0.4606,1.156,1
LJ500_R151_C039,151,39,680750,9576750,3000,4500,2019,3,2019-03,3,129.3,239.09,298.77,75.29,25.0,3.0,28.0,1,0.4186,1.07,1
LJ500_R151_C040,151,40,681250,9576750,3500,4500,2019,3,2019-03,3,129.3,239.09,298.77,75.29,25.0,3.0,28.0,1,0.3985,1.0006,1
LJ500_R151_C041,151,41,681750,9576750,4000,4500,2019,3,2019-03,3,129.3,239.09,298.77,75.29,25.0,3.0,28.0,1,0.3493,0.83,1
LJ500_R151_C042,151,42,682250,9576750,4500,4500,2019,3,2019-03,3,129.3,239.09,298.77,75.29,25.0,3.0,28.0,1,0.3562,0.8694,1
LJ500_R142_C033,142,33,677750,9572250,0,0,2019,4,2019-04,4,100.3,212.22,293.77,21.88,24.0,7.0,31.0,1,0.3768,0.7836,1
LJ500_R142_C034,142,34,678250,9572250,500,0,2019,4,2019-04,4,88.53,193.67,273.65,18.82,24.0,7.0,31.0,1,0.3774,0.7854,1
LJ500_R142_C035,142,35,678750,9572250,1000,0,2019,4,2019-04,4,88.53,193.67,273.65,18.82,24.0,7.0,31.0,1,0.3325,0.675,1
LJ500_R142_C036,142,36,679250,9572250,1500,0,2019,4,2019-04,4,88.53,193.67,273.65,18.82,24.0,7.0,31.0,1,0.3248,0.6565,1
LJ500_R142_C037,142,37,679750,9572250,2000,0,2019,4,2019-04,4,88.53,193.67,273.65,18.82,24.0,7.0,31.0,1,0.2854,0.6015,1
LJ500_R142_C038,142,38,680250,9572250,2500,0,2019,4,2019-04,4,88.53,193.67,273.65,18.82,24.0,7.0,31.0,1,0.2962,0.6233,1
LJ500_R142_C039,142,39,680750,9572250,3000,0,2019,4,2019-04,4,88.53,193.67,273.65,18.82,24.0,7.0,31.0,1,0.3539,0.74,1
LJ500_R142_C040,142,40,681250,9572250,3500,0,2019,4,2019-04,4,88.53,193.67,273.65,18.82,24.0,7.0,31.0,1,0.3733,0.7771,1
LJ500_R142_C041,142,41,681750,9572250,4000,0,2019,4,2019-04,4,88.53,193.67,273.65,18.82,24.0,7.0,31.0,1,0.4175,0.8612,1
LJ500_R142_C042,142,42,682250,9572250,4500,0,2019,4,2019-04,4,88.53,193.67,273.65,18.82,24.0,7.0,31.0,1,0.4159,0.8627,1
LJ500_R143_C033,143,33,677750,9572750,0,500,2019,4,2019-04,4,100.37,212.33,293.89,21.9,24.0,7.0,31.0,1,0.3636,0.7378,1
LJ500_R143_C034,143,34,678250,9572750,500,500,2019,4,2019-04,4,88.53,193.67,273.65,18.82,24.0,7.0,31.0,1,0.351,0.7,1
LJ500_R143_C035,143,35,678750,9572750,1000,500,2019,4,2019-04,4,88.53,193.67,273.65,18.82,24.0,7.0,31.0,1,0.3147,0.6485,1
LJ500_R143_C036,143,36,679250,9572750,1500,500,2019,4,2019-04,4,88.53,193.67,273.65,18.82,24.0,7.0,31.0,1,0.3086,0.6398,1
LJ500_R143_C037,143,37,679750,9572750,2000,500,2019,4,2019-04,4,88.53,193.67,273.65,18.82,24.0,7.0,31.0,1,0.2942,0.61,1
LJ500_R143_C038,143,38,680250,9572750,2500,500,2019,4,2019-04,4,88.53,193.67,273.65,18.82,24.0,7.0,31.0,1,0.3035,0.6302,1
LJ500_R143_C039,143,39,680750,9572750,3000,500,2019,4,2019-04,4,88.53,193.67,273.65,18.82,24.0,7.0,31.0,1,0.3539,0.74,1
LJ500_R143_C040,143,40,681250,9572750,3500,500,2019,4,2019-04,4,88.53,193.67,273.65,18.82,24.0,7.0,31.0,1,0.3759,0.7948,1
LJ500_R143_C041,143,41,681750,9572750,4000,500,2019,4,2019-04,4,88.53,193.67,273.65,18.82,24.0,7.0,31.0,1,0.4261,0.92,1
LJ500_R143_C042,143,42,682250,9572750,4500,500,2019,4,2019-04,4,88.53,193.67,273.65,18.82,24.0,7.0,31.0,1,0.4182,0.9517,1
LJ500_R144_C033,144,33,677750,9573250,0,1000,2019,4,2019-04,4,100.44,212.44,294.01,21.92,24.0,7.0,31.0,1,0.3607,0.7306,1
LJ500_R144_C034,144,34,678250,9573250,500,1000,2019,4,2019-04,4,88.53,193.67,273.65,18.82,24.0,7.0,31.0,1,0.3494,0.697,1
LJ500_R144_C035,144,35,678750,9573250,1000,1000,2019,4,2019-04,4,88.53,193.67,273.65,18.82,24.0,7.0,31.0,1,0.3194,0.6508,1
LJ500_R144_C036,144,36,679250,9573250,1500,1000,2019,4,2019-04,4,88.53,193.67,273.65,18.82,24.0,7.0,31.0,1,0.3143,0.6429,1
LJ500_R144_C037,144,37,679750,9573250,2000,1000,2019,4,2019-04,4,88.53,193.67,273.65,18.82,24.0,7.0,31.0,1,0.2965,0.6131,1
LJ500_R144_C038,144,38,680250,9573250,2500,1000,2019,4,2019-04,4,88.53,193.67,273.65,18.82,24.0,7.0,31.0,1,0.3037,0.6283,1
LJ500_R144_C039,144,39,680750,9573250,3000,1000,2019,4,2019-04,4,88.53,193.67,273.65,18.82,24.0,7.0,31.0,1,0.343,0.7118,1
LJ500_R144_C040,144,40,681250,9573250,3500,1000,2019,4,2019-04,4,88.53,193.67,273.65,18.82,24.0,7.0,31.0,1,0.367,0.768,1
LJ500_R144_C041,144,41,681750,9573250,4000,1000,2019,4,2019-04,4,88.53,193.67,273.65,18.82,24.0,7.0,31.0,1,0.4226,0.8978,1
LJ500_R144_C042,144,42,682250,9573250,4500,1000,2019,4,2019-04,4,88.53,193.67,273.65,18.82,24.0,7.0,31.0,1,0.4172,0.948,1
LJ500_R145_C033,145,33,677750,9573750,0,1500,2019,4,2019-04,4,100.51,212.55,294.13,21.93,24.0,7.0,31.0,1,0.3537,0.7136,1
LJ500_R145_C034,145,34,678250,9573750,500,1500,2019,4,2019-04,4,88.53,193.67,273.65,18.82,24.0,7.0,31.0,1,0.3458,0.69,1
LJ500_R145_C035,145,35,678750,9573750,1000,1500,2019,4,2019-04,4,88.53,193.67,273.65,18.82,24.0,7.0,31.0,1,0.3298,0.6558,1
LJ500_R145_C036,145,36,679250,9573750,1500,1500,2019,4,2019-04,4,88.53,193.67,273.65,18.82,24.0,7.0,31.0,1,0.327,0.6499,1
LJ500_R145_C037,145,37,679750,9573750,2000,1500,2019,4,2019-04,4,88.53,193.67,273.65,18.82,24.0,7.0,31.0,1,0.3016,0.62,1
LJ500_R145_C038,145,38,680250,9573750,2500,1500,2019,4,2019-04,4,88.53,193.67,273.65,18.82,24.0,7.0,31.0,1,0.3043,0.6246,1
LJ500_R145_C039,145,39,680750,9573750,3000,1500,2019,4,2019-04,4,88.53,193.67,273.65,18.82,24.0,7.0,31.0,1,0.319,0.65,1
LJ500_R145_C040,145,40,681250,9573750,3500,1500,2019,4,2019-04,4,88.53,193.67,273.65,18.82,24.0,7.0,31.0,1,0.3478,0.7101,1
LJ500_R145_C041,145,41,681750,9573750,4000,1500,2019,4,2019-04,4,88.53,193.67,273.65,18.82,24.0,7.0,31.0,1,0.4148,0.85,1
LJ500_R145_C042,145,42,682250,9573750,4500,1500,2019,4,2019-04,4,88.53,193.67,273.65,18.82,24.0,7.0,31.0,1,0.415,0.9399,1
LJ500_R146_C033,146,33,677750,9574250,0,2000,2019,4,2019-04,4,107.1,228.97,321.18,28.91,24.14,6.8599,31.0,1,0.3686,0.7592,1
LJ500_R146_C034,146,34,678250,9574250,500,2000,2019,4,2019-04,4,97.22,212.74,305.53,22.0,24.0,7.0,31.0,1,0.3638,0.7452,1
LJ500_R146_C035,146,35,678750,9574250,1000,2000,2019,4,2019-04,4,97.26,212.82,305.67,22.02,24.0,7.0,31.0,1,0.3403,0.6878,1
LJ500_R146_C036,146,36,679250,9574250,1500,2000,2019,4,2019-04,4,97.3,212.91,305.81,22.03,24.0,7.0,31.0,1,0.3362,0.6778,1
LJ500_R146_C037,146,37,679750,9574250,2000,2000,2019,4,2019-04,4,97.34,212.99,305.95,22.04,24.0,7.0,31.0,1,0.3121,0.6293,1
LJ500_R146_C038,146,38,680250,9574250,2500,2000,2019,4,2019-04,4,97.37,213.07,306.09,22.06,24.0,7.0,31.0,1,0.3119,0.6283,1
LJ500_R146_C039,146,39,680750,9574250,3000,2000,2019,4,2019-04,4,97.41,213.16,306.23,22.07,24.0,7.0,31.0,1,0.3102,0.6218,1
LJ500_R146_C040,146,40,681250,9574250,3500,2000,2019,4,2019-04,4,97.45,213.24,306.37,22.09,24.0,7.0,31.0,1,0.3371,0.6828,1
LJ500_R146_C041,146,41,681750,9574250,4000,2000,2019,4,2019-04,4,97.49,213.33,306.51,22.1,24.0,7.0,31.0,1,0.4002,0.8263,1
LJ500_R146_C042,146,42,682250,9574250,4500,2000,2019,4,2019-04,4,97.53,213.41,306.66,22.11,24.0,7.0,31.0,1,0.4053,0.92,1
LJ500_R147_C033,147,33,677750,9574750,0,2500,2019,4,2019-04,4,115.87,250.87,357.28,38.28,24.33,6.6705,31.0,1,0.3861,0.813,1
LJ500_R147_C034,147,34,678250,9574750,500,2500,2019,4,2019-04,4,108.76,238.06,347.85,26.23,24.0,7.0,31.0,1,0.3848,0.81,1
LJ500_R147_C035,147,35,678750,9574750,1000,2500,2019,4,2019-04,4,108.76,238.06,347.85,26.23,24.0,7.0,31.0,1,0.3525,0.725,1
LJ500_R147_C036,147,36,679250,9574750,1500,2500,2019,4,2019-04,4,108.76,238.06,347.85,26.23,24.0,7.0,31.0,1,0.3468,0.71,1
LJ500_R147_C037,147,37,679750,9574750,2000,2500,2019,4,2019-04,4,108.76,238.06,347.85,26.23,24.0,7.0,31.0,1,0.3242,0.6401,1
LJ500_R147_C038,147,38,680250,9574750,2500,2500,2019,4,2019-04,4,108.76,238.06,347.85,26.23,24.0,7.0,31.0,1,0.3207,0.6326,1
LJ500_R147_C039,147,39,680750,9574750,3000,2500,2019,4,2019-04,4,108.76,238.06,347.85,26.23,24.0,7.0,31.0,1,0.3003,0.59,1
LJ500_R147_C040,147,40,681250,9574750,3500,2500,2019,4,2019-04,4,108.76,238.06,347.85,26.23,24.0,7.0,31.0,1,0.3251,0.6523,1
LJ500_R147_C041,147,41,681750,9574750,4000,2500,2019,4,2019-04,4,108.76,238.06,347.85,26.23,24.0,7.0,31.0,1,0.3839,0.8,1
LJ500_R147_C042,147,42,682250,9574750,4500,2500,2019,4,2019-04,4,108.76,238.06,347.85,26.23,24.0,7.0,31.0,1,0.3945,0.898,1
LJ500_R148_C033,148,33,677750,9575250,0,3000,2019,4,2019-04,4,115.91,250.94,357.34,38.35,24.33,6.6687,31.0,1,0.3867,0.8093,1
LJ500_R148_C034,148,34,678250,9575250,500,3000,2019,4,2019-04,4,108.76,238.06,347.85,26.23,24.0,7.0,31.0,1,0.392,0.8285,1
LJ500_R148_C035,148,35,678750,9575250,1000,3000,2019,4,2019-04,4,108.76,238.06,347.85,26.23,24.0,7.0,31.0,1,0.3563,0.7385,1
LJ500_R148_C036,148,36,679250,9575250,1500,3000,2019,4,2019-04,4,108.76,238.06,347.85,26.23,24.0,7.0,31.0,1,0.35,0.7224,1
LJ500_R148_C037,148,37,679750,9575250,2000,3000,2019,4,2019-04,4,108.76,238.06,347.85,26.23,24.0,7.0,31.0,1,0.3319,0.6713,1
LJ500_R148_C038,148,38,680250,9575250,2500,3000,2019,4,2019-04,4,108.76,238.06,347.85,26.23,24.0,7.0,31.0,1,0.3281,0.6603,1
LJ500_R148_C039,148,39,680750,9575250,3000,3000,2019,4,2019-04,4,108.76,238.06,347.85,26.23,24.0,7.0,31.0,1,0.3064,0.5963,1
LJ500_R148_C040,148,40,681250,9575250,3500,3000,2019,4,2019-04,4,108.76,238.06,347.85,26.23,24.0,7.0,31.0,1,0.3154,0.6248,1
LJ500_R148_C041,148,41,681750,9575250,4000,3000,2019,4,2019-04,4,108.76,238.06,347.85,26.23,24.0,7.0,31.0,1,0.3369,0.6928,1
LJ500_R148_C042,148,42,682250,9575250,4500,3000,2019,4,2019-04,4,108.76,238.06,347.85,26.23,24.0,7.0,31.0,1,0.3543,0.7592,1
LJ500_R149_C033,149,33,677750,9575750,0,3500,2019,4,2019-04,4,115.95,251.01,357.39,38.42,24.33,6.6668,31.0,1,0.387,0.8067,1
LJ500_R149_C034,149,34,678250,9575750,500,3500,2019,4,2019-04,4,108.76,238.06,347.85,26.23,24.0,7.0,31.0,1,0.3965,0.84,1
LJ500_R149_C035,149,35,678750,9575750,1000,3500,2019,4,2019-04,4,108.76,238.06,347.85,26.23,24.0,7.0,31.0,1,0.3588,0.7469,1
LJ500_R149_C036,149,36,679250,9575750,1500,3500,2019,4,2019-04,4,108.76,238.06,347.85,26.23,24.0,7.0,31.0,1,0.3519,0.73,1
LJ500_R149_C037,149,37,679750,9575750,2000,3500,2019,4,2019-04,4,108.76,238.06,347.85,26.23,24.0,7.0,31.0,1,0.3365,0.6902,1
LJ500_R149_C038,149,38,680250,9575750,2500,3500,2019,4,2019-04,4,108.76,238.06,347.85,26.23,24.0,7.0,31.0,1,0.3326,0.677,1
LJ500_R149_C039,149,39,680750,9575750,3000,3500,2019,4,2019-04,4,108.76,238.06,347.85,26.23,24.0,7.0,31.0,1,0.31,0.6,1
LJ500_R149_C040,149,40,681250,9575750,3500,3500,2019,4,2019-04,4,108.76,238.06,347.85,26.23,24.0,7.0,31.0,1,0.3098,0.6088,1
LJ500_R149_C041,149,41,681750,9575750,4000,3500,2019,4,2019-04,4,108.76,238.06,347.85,26.23,24.0,7.0,31.0,1,0.3094,0.63,1
LJ500_R149_C042,149,42,682250,9575750,4500,3500,2019,4,2019-04,4,108.76,238.06,347.85,26.23,24.0,7.0,31.0,1,0.3309,0.6786,1
LJ500_R150_C033,150,33,677750,9576250,0,4000,2019,4,2019-04,4,115.99,251.09,357.45,38.49,24.34,6.6649,31.0,1,0.4054,0.8512,1
LJ500_R150_C034,150,34,678250,9576250,500,4000,2019,4,2019-04,4,108.76,238.06,347.85,26.23,24.0,7.0,31.0,1,0.4209,0.8942,1
LJ500_R150_C035,150,35,678750,9576250,1000,4000,2019,4,2019-04,4,108.76,238.06,347.85,26.23,24.0,7.0,31.0,1,0.3692,0.7752,1
LJ500_R150_C036,150,36,679250,9576250,1500,4000,2019,4,2019-04,4,108.76,238.06,347.85,26.23,24.0,7.0,31.0,1,0.3597,0.7533,1
LJ500_R150_C037,150,37,679750,9576250,2000,4000,2019,4,2019-04,4,108.76,238.06,347.85,26.23,24.0,7.0,31.0,1,0.3873,0.8144,1
LJ500_R150_C038,150,38,680250,9576250,2500,4000,2019,4,2019-04,4,108.76,238.06,347.85,26.23,24.0,7.0,31.0,1,0.383,0.8045,1
LJ500_R150_C039,150,39,680750,9576250,3000,4000,2019,4,2019-04,4,108.76,238.06,347.85,26.23,24.0,7.0,31.0,1,0.3548,0.7411,1
LJ500_R150_C040,150,40,681250,9576250,3500,4000,2019,4,2019-04,4,108.76,238.06,347.85,26.23,24.0,7.0,31.0,1,0.3418,0.709,1
LJ500_R150_C041,150,41,681750,9576250,4000,4000,2019,4,2019-04,4,108.76,238.06,347.85,26.23,24.0,7.0,31.0,1,0.3099,0.63,1
LJ500_R150_C042,150,42,682250,9576250,4500,4000,2019,4,2019-04,4,108.76,238.06,347.85,26.23,24.0,7.0,31.0,1,0.32,0.6575,1
LJ500_R151_C033,151,33,677750,9576750,0,4500,2019,4,2019-04,4,116.03,251.16,357.5,38.56,24.34,6.663,31.0,1,0.4107,0.8641,1
LJ500_R151_C034,151,34,678250,9576750,500,4500,2019,4,2019-04,4,108.76,238.06,347.85,26.23,24.0,7.0,31.0,1,0.4281,0.91,1
LJ500_R151_C035,151,35,678750,9576750,1000,4500,2019,4,2019-04,4,108.76,238.06,347.85,26.23,24.0,7.0,31.0,1,0.3723,0.7836,1
LJ500_R151_C036,151,36,679250,9576750,1500,4500,2019,4,2019-04,4,108.76,238.06,347.85,26.23,24.0,7.0,31.0,1,0.3619,0.76,1
LJ500_R151_C037,151,37,679750,9576750,2000,4500,2019,4,2019-04,4,108.76,238.06,347.85,26.23,24.0,7.0,31.0,1,0.4016,0.8492,1
LJ500_R151_C038,151,38,680250,9576750,2500,4500,2019,4,2019-04,4,108.76,238.06,347.85,26.23,24.0,7.0,31.0,1,0.397,0.8402,1
LJ500_R151_C039,151,39,680750,9576750,3000,4500,2019,4,2019-04,4,108.76,238.06,347.85,26.23,24.0,7.0,31.0,1,0.3671,0.78,1
LJ500_R151_C040,151,40,681250,9576750,3500,4500,2019,4,2019-04,4,108.76,238.06,347.85,26.23,24.0,7.0,31.0,1,0.3506,0.7366,1
LJ500_R151_C041,151,41,681750,9576750,4000,4500,2019,4,2019-04,4,108.76,238.06,347.85,26.23,24.0,7.0,31.0,1,0.31,0.63,1
LJ500_R151_C042,151,42,682250,9576750,4500,4500,2019,4,2019-04,4,108.76,238.06,347.85,26.23,24.0,7.0,31.0,1,0.3171,0.6519,1
LJ500_R142_C033,142,33,677750,9572250,0,0,2019,5,2019-05,5,69.61,169.91,281.83,41.31,23.0,7.0,30.0,1,0.43,0.9234,1
LJ500_R142_C034,142,34,678250,9572250,500,0,2019,5,2019-05,5,66.37,154.9,260.04,39.79,23.0,7.0,30.0,1,0.429,0.9183,1
LJ500_R142_C035,142,35,678750,9572250,1000,0,2019,5,2019-05,5,66.37,154.9,260.04,39.79,23.0,7.0,30.0,1,0.3697,0.7892,1
LJ500_R142_C036,142,36,679250,9572250,1500,0,2019,5,2019-05,5,66.37,154.9,260.04,39.79,23.0,7.0,30.0,1,0.3595,0.7669,1
LJ500_R142_C037,142,37,679750,9572250,2000,0,2019,5,2019-05,5,66.37,154.9,260.04,39.79,23.0,7.0,30.0,1,0.3051,0.6461,1
LJ500_R142_C038,142,38,680250,9572250,2500,0,2019,5,2019-05,5,66.37,154.9,260.04,39.79,23.0,7.0,30.0,1,0.3187,0.6751,1
LJ500_R142_C039,142,39,680750,9572250,3000,0,2019,5,2019-05,5,66.37,154.9,260.04,39.79,23.0,7.0,30.0,1,0.3912,0.83,1
LJ500_R142_C040,142,40,681250,9572250,3500,0,2019,5,2019-05,5,66.37,154.9,260.04,39.79,23.0,7.0,30.0,1,0.4006,0.8305,1
LJ500_R142_C041,142,41,681750,9572250,4000,0,2019,5,2019-05,5,66.37,154.9,260.04,39.79,23.0,7.0,30.0,1,0.4217,0.8316,1
LJ500_R142_C042,142,42,682250,9572250,4500,0,2019,5,2019-05,5,66.37,154.9,260.04,39.79,23.0,7.0,30.0,1,0.4173,0.8249,1
LJ500_R143_C033,143,33,677750,9572750,0,500,2019,5,2019-05,5,69.63,170.0,281.96,41.32,23.0,7.0,30.0,1,0.4111,0.8849,1
LJ500_R143_C034,143,34,678250,9572750,500,500,2019,5,2019-05,5,66.37,154.9,260.04,39.79,23.0,7.0,30.0,1,0.3943,0.85,1
LJ500_R143_C035,143,35,678750,9572750,1000,500,2019,5,2019-05,5,66.37,154.9,260.04,39.79,23.0,7.0,30.0,1,0.3434,0.7213,1
LJ500_R143_C036,143,36,679250,9572750,1500,500,2019,5,2019-05,5,66.37,154.9,260.04,39.79,23.0,7.0,30.0,1,0.3349,0.6999,1
LJ500_R143_C037,143,37,679750,9572750,2000,500,2019,5,2019-05,5,66.37,154.9,260.04,39.79,23.0,7.0,30.0,1,0.317,0.68,1
LJ500_R143_C038,143,38,680250,9572750,2500,500,2019,5,2019-05,5,66.37,154.9,260.04,39.79,23.0,7.0,30.0,1,0.3285,0.7033,1
LJ500_R143_C039,143,39,680750,9572750,3000,500,2019,5,2019-05,5,66.37,154.9,260.04,39.79,23.0,7.0,30.0,1,0.3907,0.83,1
LJ500_R143_C040,143,40,681250,9572750,3500,500,2019,5,2019-05,5,66.37,154.9,260.04,39.79,23.0,7.0,30.0,1,0.4007,0.833,1
LJ500_R143_C041,143,41,681750,9572750,4000,500,2019,5,2019-05,5,66.37,154.9,260.04,39.79,23.0,7.0,30.0,1,0.4237,0.84,1
LJ500_R143_C042,143,42,682250,9572750,4500,500,2019,5,2019-05,5,66.37,154.9,260.04,39.79,23.0,7.0,30.0,1,0.4187,0.8219,1
LJ500_R144_C033,144,33,677750,9573250,0,1000,2019,5,2019-05,5,69.65,170.09,282.09,41.33,23.0,7.0,30.0,1,0.4076,0.8752,1
LJ500_R144_C034,144,34,678250,9573250,500,1000,2019,5,2019-05,5,66.37,154.9,260.04,39.79,23.0,7.0,30.0,1,0.3924,0.8409,1
LJ500_R144_C035,144,35,678750,9573250,1000,1000,2019,5,2019-05,5,66.37,154.9,260.04,39.79,23.0,7.0,30.0,1,0.35,0.7386,1
LJ500_R144_C036,144,36,679250,9573250,1500,1000,2019,5,2019-05,5,66.37,154.9,260.04,39.79,23.0,7.0,30.0,1,0.3428,0.7213,1
LJ500_R144_C037,144,37,679750,9573250,2000,1000,2019,5,2019-05,5,66.37,154.9,260.04,39.79,23.0,7.0,30.0,1,0.3199,0.6862,1
LJ500_R144_C038,144,38,680250,9573250,2500,1000,2019,5,2019-05,5,66.37,154.9,260.04,39.79,23.0,7.0,30.0,1,0.3289,0.705,1
LJ500_R144_C039,144,39,680750,9573250,3000,1000,2019,5,2019-05,5,66.37,154.9,260.04,39.79,23.0,7.0,30.0,1,0.3783,0.8081,1
LJ500_R144_C040,144,40,681250,9573250,3500,1000,2019,5,2019-05,5,66.37,154.9,260.04,39.79,23.0,7.0,30.0,1,0.3918,0.8167,1
LJ500_R144_C041,144,41,681750,9573250,4000,1000,2019,5,2019-05,5,66.37,154.9,260.04,39.79,23.0,7.0,30.0,1,0.4231,0.8368,1
LJ500_R144_C042,144,42,682250,9573250,4500,1000,2019,5,2019-05,5,66.37,154.9,260.04,39.79,23.0,7.0,30.0,1,0.4211,0.8605,1
LJ500_R145_C033,145,33,677750,9573750,0,1500,2019,5,2019-05,5,69.67,170.18,282.22,41.34,23.0,7.0,30.0,1,0.3994,0.8524,1
LJ500_R145_C034,145,34,678250,9573750,500,1500,2019,5,2019-05,5,66.37,154.9,260.04,39.79,23.0,7.0,30.0,1,0.388,0.82,1
LJ500_R145_C035,145,35,678750,9573750,1000,1500,2019,5,2019-05,5,66.37,154.9,260.04,39.79,23.0,7.0,30.0,1,0.3647,0.7773,1
LJ500_R145_C036,145,36,679250,9573750,1500,1500,2019,5,2019-05,5,66.37,154.9,260.04,39.79,23.0,7.0,30.0,1,0.3606,0.7698,1
LJ500_R145_C037,145,37,679750,9573750,2000,1500,2019,5,2019-05,5,66.37,154.9,260.04,39.79,23.0,7.0,30.0,1,0.3263,0.7,1
LJ500_R145_C038,145,38,680250,9573750,2500,1500,2019,5,2019-05,5,66.37,154.9,260.04,39.79,23.0,7.0,30.0,1,0.3301,0.7091,1
LJ500_R145_C039,145,39,680750,9573750,3000,1500,2019,5,2019-05,5,66.37,154.9,260.04,39.79,23.0,7.0,30.0,1,0.351,0.76,1
LJ500_R145_C040,145,40,681250,9573750,3500,1500,2019,5,2019-05,5,66.37,154.9,260.04,39.79,23.0,7.0,30.0,1,0.3723,0.781,1
LJ500_R145_C041,145,41,681750,9573750,4000,1500,2019,5,2019-05,5,66.37,154.9,260.04,39.79,23.0,7.0,30.0,1,0.422,0.83,1
LJ500_R145_C042,145,42,682250,9573750,4500,1500,2019,5,2019-05,5,66.37,154.9,260.04,39.79,23.0,7.0,30.0,1,0.4263,0.9424,1
LJ500_R146_C033,146,33,677750,9574250,0,2000,2019,5,2019-05,5,73.59,180.69,302.56,48.16,23.43,6.5723,30.0,1,0.4174,0.8922,1
LJ500_R146_C034,146,34,678250,9574250,500,2000,2019,5,2019-05,5,71.16,168.38,283.9,47.1,23.43,6.5704,30.0,1,0.4101,0.8706,1
LJ500_R146_C035,146,35,678750,9574250,1000,2000,2019,5,2019-05,5,71.18,168.44,284.01,47.13,23.43,6.5685,30.0,1,0.3793,0.8125,1
LJ500_R146_C036,146,36,679250,9574250,1500,2000,2019,5,2019-05,5,71.21,168.5,284.11,47.16,23.43,6.5666,30.0,1,0.3739,0.8024,1
LJ500_R146_C037,146,37,679750,9574250,2000,2000,2019,5,2019-05,5,71.23,168.56,284.22,47.2,23.44,6.5647,30.0,1,0.3406,0.7326,1
LJ500_R146_C038,146,38,680250,9574250,2500,2000,2019,5,2019-05,5,71.25,168.62,284.32,47.23,23.44,6.5628,30.0,1,0.3406,0.734,1
LJ500_R146_C039,146,39,680750,9574250,3000,2000,2019,5,2019-05,5,71.27,168.68,284.43,47.26,23.44,6.5609,30.0,1,0.3397,0.7412,1
LJ500_R146_C040,146,40,681250,9574250,3500,2000,2019,5,2019-05,5,71.29,168.74,284.53,47.29,23.44,6.559,30.0,1,0.3619,0.7663,1
LJ500_R146_C041,146,41,681750,9574250,4000,2000,2019,5,2019-05,5,71.31,168.8,284.64,47.33,23.44,6.5571,30.0,1,0.4139,0.8253,1
LJ500_R146_C042,146,42,682250,9574250,4500,2000,2019,5,2019-05,5,71.33,168.86,284.75,47.36,23.44,6.5552,30.0,1,0.4198,0.886,1
LJ500_R147_C033,147,33,677750,9574750,0,2500,2019,5,2019-05,5,78.81,194.68,329.68,57.27,24.0,6.0,30.0,1,0.4386,0.939,1
LJ500_R147_C034,147,34,678250,9574750,500,2500,2019,5,2019-05,5,77.53,186.29,315.59,56.81,24.0,6.0,30.0,1,0.436,0.93,1
LJ500_R147_C035,147,35,678750,9574750,1000,2500,2019,5,2019-05,5,77.53,186.29,315.59,56.81,24.0,6.0,30.0,1,0.3963,0.8535,1
LJ500_R147_C036,147,36,679250,9574750,1500,2500,2019,5,2019-05,5,77.53,186.29,315.59,56.81,24.0,6.0,30.0,1,0.3893,0.84,1
LJ500_R147_C037,147,37,679750,9574750,2000,2500,2019,5,2019-05,5,77.53,186.29,315.59,56.81,24.0,6.0,30.0,1,0.357,0.7701,1
LJ500_R147_C038,147,38,680250,9574750,2500,2500,2019,5,2019-05,5,77.53,186.29,315.59,56.81,24.0,6.0,30.0,1,0.3526,0.7626,1
LJ500_R147_C039,147,39,680750,9574750,3000,2500,2019,5,2019-05,5,77.53,186.29,315.59,56.81,24.0,6.0,30.0,1,0.327,0.72,1
LJ500_R147_C040,147,40,681250,9574750,3500,2500,2019,5,2019-05,5,77.53,186.29,315.59,56.81,24.0,6.0,30.0,1,0.3501,0.7497,1
LJ500_R147_C041,147,41,681750,9574750,4000,2500,2019,5,2019-05,5,77.53,186.29,315.59,56.81,24.0,6.0,30.0,1,0.405,0.82,1
LJ500_R147_C042,147,42,682250,9574750,4500,2500,2019,5,2019-05,5,77.53,186.29,315.59,56.81,24.0,6.0,30.0,1,0.4126,0.8245,1
LJ500_R148_C033,148,33,677750,9575250,0,3000,2019,5,2019-05,5,78.82,194.73,329.76,57.27,24.0,6.0,30.0,1,0.4365,0.9304,1
LJ500_R148_C034,148,34,678250,9575250,500,3000,2019,5,2019-05,5,77.53,186.29,315.59,56.81,24.0,6.0,30.0,1,0.4411,0.9362,1
LJ500_R148_C035,148,35,678750,9575250,1000,3000,2019,5,2019-05,5,77.53,186.29,315.59,56.81,24.0,6.0,30.0,1,0.4016,0.8651,1
LJ500_R148_C036,148,36,679250,9575250,1500,3000,2019,5,2019-05,5,77.53,186.29,315.59,56.81,24.0,6.0,30.0,1,0.3945,0.8524,1
LJ500_R148_C037,148,37,679750,9575250,2000,3000,2019,5,2019-05,5,77.53,186.29,315.59,56.81,24.0,6.0,30.0,1,0.3683,0.7951,1
LJ500_R148_C038,148,38,680250,9575250,2500,3000,2019,5,2019-05,5,77.53,186.29,315.59,56.81,24.0,6.0,30.0,1,0.3632,0.7868,1
LJ500_R148_C039,148,39,680750,9575250,3000,3000,2019,5,2019-05,5,77.53,186.29,315.59,56.81,24.0,6.0,30.0,1,0.3335,0.7388,1
LJ500_R148_C040,148,40,681250,9575250,3500,3000,2019,5,2019-05,5,77.53,186.29,315.59,56.81,24.0,6.0,30.0,1,0.342,0.748,1
LJ500_R148_C041,148,41,681750,9575250,4000,3000,2019,5,2019-05,5,77.53,186.29,315.59,56.81,24.0,6.0,30.0,1,0.3623,0.7695,1
LJ500_R148_C042,148,42,682250,9575250,4500,3000,2019,5,2019-05,5,77.53,186.29,315.59,56.81,24.0,6.0,30.0,1,0.3765,0.7822,1
LJ500_R149_C033,149,33,677750,9575750,0,3500,2019,5,2019-05,5,78.83,194.78,329.84,57.27,24.0,6.0,30.0,1,0.4352,0.9249,1
LJ500_R149_C034,149,34,678250,9575750,500,3500,2019,5,2019-05,5,77.53,186.29,315.59,56.81,24.0,6.0,30.0,1,0.4443,0.94,1
LJ500_R149_C035,149,35,678750,9575750,1000,3500,2019,5,2019-05,5,77.53,186.29,315.59,56.81,24.0,6.0,30.0,1,0.4048,0.8723,1
LJ500_R149_C036,149,36,679250,9575750,1500,3500,2019,5,2019-05,5,77.53,186.29,315.59,56.81,24.0,6.0,30.0,1,0.3977,0.86,1
LJ500_R149_C037,149,37,679750,9575750,2000,3500,2019,5,2019-05,5,77.53,186.29,315.59,56.81,24.0,6.0,30.0,1,0.3751,0.8102,1
LJ500_R149_C038,149,38,680250,9575750,2500,3500,2019,5,2019-05,5,77.53,186.29,315.59,56.81,24.0,6.0,30.0,1,0.3696,0.8014,1
LJ500_R149_C039,149,39,680750,9575750,3000,3500,2019,5,2019-05,5,77.53,186.29,315.59,56.81,24.0,6.0,30.0,1,0.3373,0.75,1
LJ500_R149_C040,149,40,681250,9575750,3500,3500,2019,5,2019-05,5,77.53,186.29,315.59,56.81,24.0,6.0,30.0,1,0.3373,0.7471,1
LJ500_R149_C041,149,41,681750,9575750,4000,3500,2019,5,2019-05,5,77.53,186.29,315.59,56.81,24.0,6.0,30.0,1,0.3373,0.74,1
LJ500_R149_C042,149,42,682250,9575750,4500,3500,2019,5,2019-05,5,77.53,186.29,315.59,56.81,24.0,6.0,30.0,1,0.3554,0.7577,1
LJ500_R150_C033,150,33,677750,9576250,0,4000,2019,5,2019-05,5,78.84,194.83,329.92,57.27,24.0,6.0,30.0,1,0.4452,0.9318,1
LJ500_R150_C034,150,34,678250,9576250,500,4000,2019,5,2019-05,5,77.53,186.29,315.59,56.81,24.0,6.0,30.0,1,0.4562,0.94,1
LJ500_R150_C035,150,35,678750,9576250,1000,4000,2019,5,2019-05,5,77.53,186.29,315.59,56.81,24.0,6.0,30.0,1,0.4129,0.8855,1
LJ500_R150_C036,150,36,679250,9576250,1500,4000,2019,5,2019-05,5,77.53,186.29,315.59,56.81,24.0,6.0,30.0,1,0.4049,0.8756,1
LJ500_R150_C037,150,37,679750,9576250,2000,4000,2019,5,2019-05,5,77.53,186.29,315.59,56.81,24.0,6.0,30.0,1,0.4199,0.8647,1
LJ500_R150_C038,150,38,680250,9576250,2500,4000,2019,5,2019-05,5,77.53,186.29,315.59,56.81,24.0,6.0,30.0,1,0.4155,0.8584,1
LJ500_R150_C039,150,39,680750,9576250,3000,4000,2019,5,2019-05,5,77.53,186.29,315.59,56.81,24.0,6.0,30.0,1,0.388,0.8205,1
LJ500_R150_C040,150,40,681250,9576250,3500,4000,2019,5,2019-05,5,77.53,186.29,315.59,56.81,24.0,6.0,30.0,1,0.3734,0.7972,1
LJ500_R150_C041,150,41,681750,9576250,4000,4000,2019,5,2019-05,5,77.53,186.29,315.59,56.81,24.0,6.0,30.0,1,0.3373,0.74,1
LJ500_R150_C042,150,42,682250,9576250,4500,4000,2019,5,2019-05,5,77.53,186.29,315.59,56.81,24.0,6.0,30.0,1,0.3469,0.7472,1
LJ500_R151_C033,151,33,677750,9576750,0,4500,2019,5,2019-05,5,78.84,194.88,330.0,57.28,24.0,6.0,30.0,1,0.4481,0.9339,1
LJ500_R151_C034,151,34,678250,9576750,500,4500,2019,5,2019-05,5,77.53,186.29,315.59,56.81,24.0,6.0,30.0,1,0.4597,0.94,1
LJ500_R151_C035,151,35,678750,9576750,1000,4500,2019,5,2019-05,5,77.53,186.29,315.59,56.81,24.0,6.0,30.0,1,0.4153,0.8894,1
LJ500_R151_C036,151,36,679250,9576750,1500,4500,2019,5,2019-05,5,77.53,186.29,315.59,56.81,24.0,6.0,30.0,1,0.407,0.88,1
LJ500_R151_C037,151,37,679750,9576750,2000,4500,2019,5,2019-05,5,77.53,186.29,315.59,56.81,24.0,6.0,30.0,1,0.4325,0.88,1
LJ500_R151_C038,151,38,680250,9576750,2500,4500,2019,5,2019-05,5,77.53,186.29,315.59,56.81,24.0,6.0,30.0,1,0.4284,0.8744,1
LJ500_R151_C039,151,39,680750,9576750,3000,4500,2019,5,2019-05,5,77.53,186.29,315.59,56.81,24.0,6.0,30.0,1,0.402,0.84,1
LJ500_R151_C040,151,40,681250,9576750,3500,4500,2019,5,2019-05,5,77.53,186.29,315.59,56.81,24.0,6.0,30.0,1,0.3833,0.8111,1
LJ500_R151_C041,151,41,681750,9576750,4000,4500,2019,5,2019-05,5,77.53,186.29,315.59,56.81,24.0,6.0,30.0,1,0.3373,0.74,1
LJ500_R151_C042,151,42,682250,9576750,4500,4500,2019,5,2019-05,5,77.53,186.29,315.59,56.81,24.0,6.0,30.0,1,0.3446,0.7444,1
LJ500_R142_C033,142,33,677750,9572250,0,0,2019,6,2019-06,6,14.23,83.84,184.14,5.776,28.0,3.0,31.0,1,0.5521,0.979,1
LJ500_R142_C034,142,34,678250,9572250,500,0,2019,6,2019-06,6,14.0,80.37,168.9,5.5962,28.0,3.0,31.0,1,0.5487,0.96,1
LJ500_R142_C035,142,35,678750,9572250,1000,0,2019,6,2019-06,6,14.0,80.37,168.9,5.5962,28.0,3.0,31.0,1,0.4735,0.8712,1
LJ500_R142_C036,142,36,679250,9572250,1500,0,2019,6,2019-06,6,14.0,80.37,168.9,5.5962,28.0,3.0,31.0,1,0.4606,0.8551,1
LJ500_R142_C037,142,37,679750,9572250,2000,0,2019,6,2019-06,6,14.0,80.37,168.9,5.5962,28.0,3.0,31.0,1,0.3903,0.6946,1
LJ500_R142_C038,142,38,680250,9572250,2500,0,2019,6,2019-06,6,14.0,80.37,168.9,5.5962,28.0,3.0,31.0,1,0.4057,0.7218,1
LJ500_R142_C039,142,39,680750,9572250,3000,0,2019,6,2019-06,6,14.0,80.37,168.9,5.5962,28.0,3.0,31.0,1,0.488,0.8669,1
LJ500_R142_C040,142,40,681250,9572250,3500,0,2019,6,2019-06,6,14.0,80.37,168.9,5.5962,28.0,3.0,31.0,1,0.4944,0.9225,1
LJ500_R142_C041,142,41,681750,9572250,4000,0,2019,6,2019-06,6,14.0,80.37,168.9,5.5962,28.0,3.0,31.0,1,0.5087,1.0484,1
LJ500_R142_C042,142,42,682250,9572250,4500,0,2019,6,2019-06,6,14.0,80.37,168.9,5.5962,28.0,3.0,31.0,1,0.5017,1.058,1
LJ500_R143_C033,143,33,677750,9572750,0,500,2019,6,2019-06,6,14.23,83.86,184.23,5.777,28.0,3.0,31.0,1,0.5314,0.9716,1
LJ500_R143_C034,143,34,678250,9572750,500,500,2019,6,2019-06,6,14.0,80.37,168.9,5.5962,28.0,3.0,31.0,1,0.5126,0.96,1
LJ500_R143_C035,143,35,678750,9572750,1000,500,2019,6,2019-06,6,14.0,80.37,168.9,5.5962,28.0,3.0,31.0,1,0.4401,0.8056,1
LJ500_R143_C036,143,36,679250,9572750,1500,500,2019,6,2019-06,6,14.0,80.37,168.9,5.5962,28.0,3.0,31.0,1,0.4279,0.7796,1
LJ500_R143_C037,143,37,679750,9572750,2000,500,2019,6,2019-06,6,14.0,80.37,168.9,5.5962,28.0,3.0,31.0,1,0.4029,0.72,1
LJ500_R143_C038,143,38,680250,9572750,2500,500,2019,6,2019-06,6,14.0,80.37,168.9,5.5962,28.0,3.0,31.0,1,0.4159,0.7402,1
LJ500_R143_C039,143,39,680750,9572750,3000,500,2019,6,2019-06,6,14.0,80.37,168.9,5.5962,28.0,3.0,31.0,1,0.4861,0.85,1
LJ500_R143_C040,143,40,681250,9572750,3500,500,2019,6,2019-06,6,14.0,80.37,168.9,5.5962,28.0,3.0,31.0,1,0.4998,0.9078,1
LJ500_R143_C041,143,41,681750,9572750,4000,500,2019,6,2019-06,6,14.0,80.37,168.9,5.5962,28.0,3.0,31.0,1,0.531,1.04,1
LJ500_R143_C042,143,42,682250,9572750,4500,500,2019,6,2019-06,6,14.0,80.37,168.9,5.5962,28.0,3.0,31.0,1,0.5257,1.0989,1
LJ500_R144_C033,144,33,677750,9573250,0,1000,2019,6,2019-06,6,14.23,83.88,184.32,5.7781,28.0,3.0,31.0,1,0.526,0.9671,1
LJ500_R144_C034,144,34,678250,9573250,500,1000,2019,6,2019-06,6,14.0,80.37,168.9,5.5962,28.0,3.0,31.0,1,0.5078,0.9509,1
LJ500_R144_C035,144,35,678750,9573250,1000,1000,2019,6,2019-06,6,14.0,80.37,168.9,5.5962,28.0,3.0,31.0,1,0.4478,0.8229,1
LJ500_R144_C036,144,36,679250,9573250,1500,1000,2019,6,2019-06,6,14.0,80.37,168.9,5.5962,28.0,3.0,31.0,1,0.4376,0.8011,1
LJ500_R144_C037,144,37,679750,9573250,2000,1000,2019,6,2019-06,6,14.0,80.37,168.9,5.5962,28.0,3.0,31.0,1,0.406,0.7262,1
LJ500_R144_C038,144,38,680250,9573250,2500,1000,2019,6,2019-06,6,14.0,80.37,168.9,5.5962,28.0,3.0,31.0,1,0.4164,0.7433,1
LJ500_R144_C039,144,39,680750,9573250,3000,1000,2019,6,2019-06,6,14.0,80.37,168.9,5.5962,28.0,3.0,31.0,1,0.4738,0.8375,1
LJ500_R144_C040,144,40,681250,9573250,3500,1000,2019,6,2019-06,6,14.0,80.37,168.9,5.5962,28.0,3.0,31.0,1,0.4886,0.8987,1
LJ500_R144_C041,144,41,681750,9573250,4000,1000,2019,6,2019-06,6,14.0,80.37,168.9,5.5962,28.0,3.0,31.0,1,0.5229,1.04,1
LJ500_R144_C042,144,42,682250,9573250,4500,1000,2019,6,2019-06,6,14.0,80.37,168.9,5.5962,28.0,3.0,31.0,1,0.5236,1.1835,1
LJ500_R145_C033,145,33,677750,9573750,0,1500,2019,6,2019-06,6,14.23,83.9,184.41,5.7791,28.0,3.0,31.0,1,0.5133,0.9565,1
LJ500_R145_C034,145,34,678250,9573750,500,1500,2019,6,2019-06,6,14.0,80.37,168.9,5.5962,28.0,3.0,31.0,1,0.4968,0.93,1
LJ500_R145_C035,145,35,678750,9573750,1000,1500,2019,6,2019-06,6,14.0,80.37,168.9,5.5962,28.0,3.0,31.0,1,0.4651,0.8617,1
LJ500_R145_C036,145,36,679250,9573750,1500,1500,2019,6,2019-06,6,14.0,80.37,168.9,5.5962,28.0,3.0,31.0,1,0.4595,0.8497,1
LJ500_R145_C037,145,37,679750,9573750,2000,1500,2019,6,2019-06,6,14.0,80.37,168.9,5.5962,28.0,3.0,31.0,1,0.4129,0.74,1
LJ500_R145_C038,145,38,680250,9573750,2500,1500,2019,6,2019-06,6,14.0,80.37,168.9,5.5962,28.0,3.0,31.0,1,0.418,0.7506,1
LJ500_R145_C039,145,39,680750,9573750,3000,1500,2019,6,2019-06,6,14.0,80.37,168.9,5.5962,28.0,3.0,31.0,1,0.4468,0.81,1
LJ500_R145_C040,145,40,681250,9573750,3500,1500,2019,6,2019-06,6,14.0,80.37,168.9,5.5962,28.0,3.0,31.0,1,0.4644,0.8791,1
LJ500_R145_C041,145,41,681750,9573750,4000,1500,2019,6,2019-06,6,14.0,80.37,168.9,5.5962,28.0,3.0,31.0,1,0.5055,1.04,1
LJ500_R145_C042,145,42,682250,9573750,4500,1500,2019,6,2019-06,6,14.0,80.37,168.9,5.5962,28.0,3.0,31.0,1,0.5191,1.3636,1
LJ500_R146_C033,146,33,677750,9574250,0,2000,2019,6,2019-06,6,16.9,90.49,197.59,6.8504,28.0,3.0,31.0,1,0.5332,0.9526,1
LJ500_R146_C034,146,34,678250,9574250,500,2000,2019,6,2019-06,6,17.25,88.41,185.63,6.9289,28.0,3.0,31.0,1,0.522,0.93,1
LJ500_R146_C035,146,35,678750,9574250,1000,2000,2019,6,2019-06,6,17.26,88.45,185.71,6.9348,28.0,3.0,31.0,1,0.4831,0.8855,1
LJ500_R146_C036,146,36,679250,9574250,1500,2000,2019,6,2019-06,6,17.28,88.48,185.78,6.9407,28.0,3.0,31.0,1,0.4764,0.8777,1
LJ500_R146_C037,146,37,679750,9574250,2000,2000,2019,6,2019-06,6,17.29,88.52,185.85,6.9465,28.0,3.0,31.0,1,0.4318,0.7819,1
LJ500_R146_C038,146,38,680250,9574250,2500,2000,2019,6,2019-06,6,17.31,88.55,185.93,6.9524,28.0,3.0,31.0,1,0.4316,0.7807,1
LJ500_R146_C039,146,39,680750,9574250,3000,2000,2019,6,2019-06,6,17.32,88.59,186.0,6.9583,28.0,3.0,31.0,1,0.4299,0.7724,1
LJ500_R146_C040,146,40,681250,9574250,3500,2000,2019,6,2019-06,6,17.34,88.63,186.08,6.9643,28.0,3.0,31.0,1,0.4501,0.8367,1
LJ500_R146_C041,146,41,681750,9574250,4000,2000,2019,6,2019-06,6,17.35,88.66,186.15,6.9702,28.0,3.0,31.0,1,0.4977,0.9879,1
LJ500_R146_C042,146,42,682250,9574250,4500,2000,2019,6,2019-06,6,17.36,88.7,186.23,6.9762,28.0,3.0,31.0,1,0.514,1.2375,1
LJ500_R147_C033,147,33,677750,9574750,0,2500,2019,6,2019-06,6,20.46,99.28,215.15,8.28,28.0,3.0,31.0,1,0.5566,0.9479,1
LJ500_R147_C034,147,34,678250,9574750,500,2500,2019,6,2019-06,6,21.57,99.09,207.85,8.6985,28.0,3.0,31.0,1,0.5516,0.93,1
LJ500_R147_C035,147,35,678750,9574750,1000,2500,2019,6,2019-06,6,21.57,99.09,207.85,8.6985,28.0,3.0,31.0,1,0.5042,0.913,1
LJ500_R147_C036,147,36,679250,9574750,1500,2500,2019,6,2019-06,6,21.57,99.09,207.85,8.6985,28.0,3.0,31.0,1,0.4958,0.91,1
LJ500_R147_C037,147,37,679750,9574750,2000,2500,2019,6,2019-06,6,21.57,99.09,207.85,8.6985,28.0,3.0,31.0,1,0.4536,0.8301,1
LJ500_R147_C038,147,38,680250,9574750,2500,2500,2019,6,2019-06,6,21.57,99.09,207.85,8.6985,28.0,3.0,31.0,1,0.4472,0.8152,1
LJ500_R147_C039,147,39,680750,9574750,3000,2500,2019,6,2019-06,6,21.57,99.09,207.85,8.6985,28.0,3.0,31.0,1,0.411,0.73,1
LJ500_R147_C040,147,40,681250,9574750,3500,2500,2019,6,2019-06,6,21.57,99.09,207.85,8.6985,28.0,3.0,31.0,1,0.4341,0.7894,1
LJ500_R147_C041,147,41,681750,9574750,4000,2500,2019,6,2019-06,6,21.57,99.09,207.85,8.6985,28.0,3.0,31.0,1,0.489,0.93,1
LJ500_R147_C042,147,42,682250,9574750,4500,2500,2019,6,2019-06,6,21.57,99.09,207.85,8.6985,28.0,3.0,31.0,1,0.5084,1.0993,1
LJ500_R148_C033,148,33,677750,9575250,0,3000,2019,6,2019-06,6,20.46,99.28,215.19,8.2777,28.0,3.0,31.0,1,0.5519,0.9523,1
LJ500_R148_C034,148,34,678250,9575250,500,3000,2019,6,2019-06,6,21.57,99.09,207.85,8.6985,28.0,3.0,31.0,1,0.5546,0.9362,1
LJ500_R148_C035,148,35,678750,9575250,1000,3000,2019,6,2019-06,6,21.57,99.09,207.85,8.6985,28.0,3.0,31.0,1,0.5096,0.9087,1
LJ500_R148_C036,148,36,679250,9575250,1500,3000,2019,6,2019-06,6,21.57,99.09,207.85,8.6985,28.0,3.0,31.0,1,0.5016,0.9038,1
LJ500_R148_C037,148,37,679750,9575250,2000,3000,2019,6,2019-06,6,21.57,99.09,207.85,8.6985,28.0,3.0,31.0,1,0.4665,0.8426,1
LJ500_R148_C038,148,38,680250,9575250,2500,3000,2019,6,2019-06,6,21.57,99.09,207.85,8.6985,28.0,3.0,31.0,1,0.4594,0.8279,1
LJ500_R148_C039,148,39,680750,9575250,3000,3000,2019,6,2019-06,6,21.57,99.09,207.85,8.6985,28.0,3.0,31.0,1,0.4182,0.7425,1
LJ500_R148_C040,148,40,681250,9575250,3500,3000,2019,6,2019-06,6,21.57,99.09,207.85,8.6985,28.0,3.0,31.0,1,0.4267,0.7645,1
LJ500_R148_C041,148,41,681750,9575250,4000,3000,2019,6,2019-06,6,21.57,99.09,207.85,8.6985,28.0,3.0,31.0,1,0.4467,0.8165,1
LJ500_R148_C042,148,42,682250,9575250,4500,3000,2019,6,2019-06,6,21.57,99.09,207.85,8.6985,28.0,3.0,31.0,1,0.4627,0.9005,1
LJ500_R149_C033,149,33,677750,9575750,0,3500,2019,6,2019-06,6,20.45,99.28,215.23,8.2753,28.0,3.0,31.0,1,0.5489,0.9551,1
LJ500_R149_C034,149,34,678250,9575750,500,3500,2019,6,2019-06,6,21.57,99.09,207.85,8.6985,28.0,3.0,31.0,1,0.5565,0.94,1
LJ500_R149_C035,149,35,678750,9575750,1000,3500,2019,6,2019-06,6,21.57,99.09,207.85,8.6985,28.0,3.0,31.0,1,0.513,0.9061,1
LJ500_R149_C036,149,36,679250,9575750,1500,3500,2019,6,2019-06,6,21.57,99.09,207.85,8.6985,28.0,3.0,31.0,1,0.5052,0.9,1
LJ500_R149_C037,149,37,679750,9575750,2000,3500,2019,6,2019-06,6,21.57,99.09,207.85,8.6985,28.0,3.0,31.0,1,0.4743,0.8502,1
LJ500_R149_C038,149,38,680250,9575750,2500,3500,2019,6,2019-06,6,21.57,99.09,207.85,8.6985,28.0,3.0,31.0,1,0.4668,0.8356,1
LJ500_R149_C039,149,39,680750,9575750,3000,3500,2019,6,2019-06,6,21.57,99.09,207.85,8.6985,28.0,3.0,31.0,1,0.4226,0.75,1
LJ500_R149_C040,149,40,681250,9575750,3500,3500,2019,6,2019-06,6,21.57,99.09,207.85,8.6985,28.0,3.0,31.0,1,0.4224,0.75,1
LJ500_R149_C041,149,41,681750,9575750,4000,3500,2019,6,2019-06,6,21.57,99.09,207.85,8.6985,28.0,3.0,31.0,1,0.4219,0.75,1
LJ500_R149_C042,149,42,682250,9575750,4500,3500,2019,6,2019-06,6,21.57,99.09,207.85,8.6985,28.0,3.0,31.0,1,0.4362,0.7853,1
LJ500_R150_C033,150,33,677750,9576250,0,4000,2019,6,2019-06,6,20.44,99.28,215.27,8.2729,28.0,3.0,31.0,1,0.5592,1.009,1
LJ500_R150_C034,150,34,678250,9576250,500,4000,2019,6,2019-06,6,21.57,99.09,207.85,8.6985,28.0,3.0,31.0,1,0.5674,1.0174,1
LJ500_R150_C035,150,35,678750,9576250,1000,4000,2019,6,2019-06,6,21.57,99.09,207.85,8.6985,28.0,3.0,31.0,1,0.5212,0.9117,1
LJ500_R150_C036,150,36,679250,9576250,1500,4000,2019,6,2019-06,6,21.57,99.09,207.85,8.6985,28.0,3.0,31.0,1,0.5127,0.8922,1
LJ500_R150_C037,150,37,679750,9576250,2000,4000,2019,6,2019-06,6,21.57,99.09,207.85,8.6985,28.0,3.0,31.0,1,0.5167,0.9433,1
LJ500_R150_C038,150,38,680250,9576250,2500,4000,2019,6,2019-06,6,21.57,99.09,207.85,8.6985,28.0,3.0,31.0,1,0.511,0.9274,1
LJ500_R150_C039,150,39,680750,9576250,3000,4000,2019,6,2019-06,6,21.57,99.09,207.85,8.6985,28.0,3.0,31.0,1,0.4759,0.8284,1
LJ500_R150_C040,150,40,681250,9576250,3500,4000,2019,6,2019-06,6,21.57,99.09,207.85,8.6985,28.0,3.0,31.0,1,0.4598,0.8034,1
LJ500_R150_C041,150,41,681750,9576250,4000,4000,2019,6,2019-06,6,21.57,99.09,207.85,8.6985,28.0,3.0,31.0,1,0.4202,0.7421,1
LJ500_R150_C042,150,42,682250,9576250,4500,4000,2019,6,2019-06,6,21.57,99.09,207.85,8.6985,28.0,3.0,31.0,1,0.4259,0.7426,1
LJ500_R151_C033,151,33,677750,9576750,0,4500,2019,6,2019-06,6,20.44,99.28,215.31,8.2705,28.0,3.0,31.0,1,0.5622,1.0247,1
LJ500_R151_C034,151,34,678250,9576750,500,4500,2019,6,2019-06,6,21.57,99.09,207.85,8.6985,28.0,3.0,31.0,1,0.5706,1.04,1
LJ500_R151_C035,151,35,678750,9576750,1000,4500,2019,6,2019-06,6,21.57,99.09,207.85,8.6985,28.0,3.0,31.0,1,0.5236,0.9136,1
LJ500_R151_C036,151,36,679250,9576750,1500,4500,2019,6,2019-06,6,21.57,99.09,207.85,8.6985,28.0,3.0,31.0,1,0.5148,0.89,1
LJ500_R151_C037,151,37,679750,9576750,2000,4500,2019,6,2019-06,6,21.57,99.09,207.85,8.6985,28.0,3.0,31.0,1,0.5286,0.9693,1
LJ500_R151_C038,151,38,680250,9576750,2500,4500,2019,6,2019-06,6,21.57,99.09,207.85,8.6985,28.0,3.0,31.0,1,0.5234,0.9532,1
LJ500_R151_C039,151,39,680750,9576750,3000,4500,2019,6,2019-06,6,21.57,99.09,207.85,8.6985,28.0,3.0,31.0,1,0.4906,0.85,1
LJ500_R151_C040,151,40,681250,9576750,3500,4500,2019,6,2019-06,6,21.57,99.09,207.85,8.6985,28.0,3.0,31.0,1,0.4701,0.8182,1
LJ500_R151_C041,151,41,681750,9576750,4000,4500,2019,6,2019-06,6,21.57,99.09,207.85,8.6985,28.0,3.0,31.0,1,0.4197,0.74,1
LJ500_R151_C042,151,42,682250,9576750,4500,4500,2019,6,2019-06,6,21.57,99.09,207.85,8.6985,28.0,3.0,31.0,1,0.4232,0.7312,1
LJ500_R142_C033,142,33,677750,9572250,0,0,2019,7,2019-07,7,6.9075,21.14,90.75,4.3172,28.68,1.3201,30.0,1,0.6266,1.3276,1
LJ500_R142_C034,142,34,678250,9572250,500,0,2019,7,2019-07,7,8.0261,22.02,88.39,5.4857,29.0,1.0,30.0,1,0.6155,1.3029,1
LJ500_R142_C035,142,35,678750,9572250,1000,0,2019,7,2019-07,7,8.0261,22.02,88.39,5.4857,29.0,1.0,30.0,1,0.5632,1.2485,1
LJ500_R142_C036,142,36,679250,9572250,1500,0,2019,7,2019-07,7,8.0261,22.02,88.39,5.4857,29.0,1.0,30.0,1,0.554,1.2381,1
LJ500_R142_C037,142,37,679750,9572250,2000,0,2019,7,2019-07,7,8.0261,22.02,88.39,5.4857,29.0,1.0,30.0,1,0.4831,1.083,1
LJ500_R142_C038,142,38,680250,9572250,2500,0,2019,7,2019-07,7,8.0261,22.02,88.39,5.4857,29.0,1.0,30.0,1,0.4862,1.0866,1
LJ500_R142_C039,142,39,680750,9572250,3000,0,2019,7,2019-07,7,8.0261,22.02,88.39,5.4857,29.0,1.0,30.0,1,0.5027,1.1053,1
LJ500_R142_C040,142,40,681250,9572250,3500,0,2019,7,2019-07,7,8.0261,22.02,88.39,5.4857,29.0,1.0,30.0,1,0.4882,1.0376,1
LJ500_R142_C041,142,41,681750,9572250,4000,0,2019,7,2019-07,7,8.0261,22.02,88.39,5.4857,29.0,1.0,30.0,1,0.4554,0.8847,1
LJ500_R142_C042,142,42,682250,9572250,4500,0,2019,7,2019-07,7,8.0261,22.02,88.39,5.4857,29.0,1.0,30.0,1,0.4455,0.9007,1
LJ500_R143_C033,143,33,677750,9572750,0,500,2019,7,2019-07,7,6.9009,21.13,90.76,4.3103,28.68,1.322,30.0,1,0.6199,1.32,1
LJ500_R143_C034,143,34,678250,9572750,500,500,2019,7,2019-07,7,8.0261,22.02,88.39,5.4857,29.0,1.0,30.0,1,0.609,1.32,1
LJ500_R143_C035,143,35,678750,9572750,1000,500,2019,7,2019-07,7,8.0261,22.02,88.39,5.4857,29.0,1.0,30.0,1,0.5444,1.1999,1
LJ500_R143_C036,143,36,679250,9572750,1500,500,2019,7,2019-07,7,8.0261,22.02,88.39,5.4857,29.0,1.0,30.0,1,0.5334,1.1795,1
LJ500_R143_C037,143,37,679750,9572750,2000,500,2019,7,2019-07,7,8.0261,22.02,88.39,5.4857,29.0,1.0,30.0,1,0.495,1.1,1
LJ500_R143_C038,143,38,680250,9572750,2500,500,2019,7,2019-07,7,8.0261,22.02,88.39,5.4857,29.0,1.0,30.0,1,0.4954,1.0969,1
LJ500_R143_C039,143,39,680750,9572750,3000,500,2019,7,2019-07,7,8.0261,22.02,88.39,5.4857,29.0,1.0,30.0,1,0.4977,1.08,1
LJ500_R143_C040,143,40,681250,9572750,3500,500,2019,7,2019-07,7,8.0261,22.02,88.39,5.4857,29.0,1.0,30.0,1,0.4795,1.0922,1
LJ500_R143_C041,143,41,681750,9572750,4000,500,2019,7,2019-07,7,8.0261,22.02,88.39,5.4857,29.0,1.0,30.0,1,0.438,1.12,1
LJ500_R143_C042,143,42,682250,9572750,4500,500,2019,7,2019-07,7,8.0261,22.02,88.39,5.4857,29.0,1.0,30.0,1,0.4404,1.3557,1
LJ500_R144_C033,144,33,677750,9573250,0,1000,2019,7,2019-07,7,6.8944,21.13,90.78,4.3034,28.68,1.3238,30.0,1,0.6184,1.3193,1
LJ500_R144_C034,144,34,678250,9573250,500,1000,2019,7,2019-07,7,8.0261,22.02,88.39,5.4857,29.0,1.0,30.0,1,0.6065,1.3139,1
LJ500_R144_C035,144,35,678750,9573250,1000,1000,2019,7,2019-07,7,8.0261,22.02,88.39,5.4857,29.0,1.0,30.0,1,0.5495,1.2071,1
LJ500_R144_C036,144,36,679250,9573250,1500,1000,2019,7,2019-07,7,8.0261,22.02,88.39,5.4857,29.0,1.0,30.0,1,0.5398,1.1888,1
LJ500_R144_C037,144,37,679750,9573250,2000,1000,2019,7,2019-07,7,8.0261,22.02,88.39,5.4857,29.0,1.0,30.0,1,0.4977,1.1031,1
LJ500_R144_C038,144,38,680250,9573250,2500,1000,2019,7,2019-07,7,8.0261,22.02,88.39,5.4857,29.0,1.0,30.0,1,0.4976,1.101,1
LJ500_R144_C039,144,39,680750,9573250,3000,1000,2019,7,2019-07,7,8.0261,22.02,88.39,5.4857,29.0,1.0,30.0,1,0.4974,1.0894,1
LJ500_R144_C040,144,40,681250,9573250,3500,1000,2019,7,2019-07,7,8.0261,22.02,88.39,5.4857,29.0,1.0,30.0,1,0.4798,1.0692,1
LJ500_R144_C041,144,41,681750,9573250,4000,1000,2019,7,2019-07,7,8.0261,22.02,88.39,5.4857,29.0,1.0,30.0,1,0.4395,1.0218,1
LJ500_R144_C042,144,42,682250,9573250,4500,1000,2019,7,2019-07,7,8.0261,22.02,88.39,5.4857,29.0,1.0,30.0,1,0.4549,1.3753,1
LJ500_R145_C033,145,33,677750,9573750,0,1500,2019,7,2019-07,7,6.8878,21.12,90.79,4.2966,28.67,1.3257,30.0,1,0.6148,1.3177,1
LJ500_R145_C034,145,34,678250,9573750,500,1500,2019,7,2019-07,7,8.0261,22.02,88.39,5.4857,29.0,1.0,30.0,1,0.6007,1.3,1
LJ500_R145_C035,145,35,678750,9573750,1000,1500,2019,7,2019-07,7,8.0261,22.02,88.39,5.4857,29.0,1.0,30.0,1,0.5611,1.2231,1
LJ500_R145_C036,145,36,679250,9573750,1500,1500,2019,7,2019-07,7,8.0261,22.02,88.39,5.4857,29.0,1.0,30.0,1,0.5542,1.2097,1
LJ500_R145_C037,145,37,679750,9573750,2000,1500,2019,7,2019-07,7,8.0261,22.02,88.39,5.4857,29.0,1.0,30.0,1,0.5037,1.11,1
LJ500_R145_C038,145,38,680250,9573750,2500,1500,2019,7,2019-07,7,8.0261,22.02,88.39,5.4857,29.0,1.0,30.0,1,0.5026,1.11,1
LJ500_R145_C039,145,39,680750,9573750,3000,1500,2019,7,2019-07,7,8.0261,22.02,88.39,5.4857,29.0,1.0,30.0,1,0.4967,1.11,1
LJ500_R145_C040,145,40,681250,9573750,3500,1500,2019,7,2019-07,7,8.0261,22.02,88.39,5.4857,29.0,1.0,30.0,1,0.4804,1.0198,1
LJ500_R145_C041,145,41,681750,9573750,4000,1500,2019,7,2019-07,7,8.0261,22.02,88.39,5.4857,29.0,1.0,30.0,1,0.4427,0.81,1
LJ500_R145_C042,145,42,682250,9573750,4500,1500,2019,7,2019-07,7,8.0261,22.02,88.39,5.4857,29.0,1.0,30.0,1,0.4858,1.4167,1
LJ500_R146_C033,146,33,677750,9574250,0,2000,2019,7,2019-07,7,8.2274,25.13,98.72,5.287,28.1,1.9028,30.0,1,0.6102,1.2701,1
LJ500_R146_C034,146,34,678250,9574250,500,2000,2019,7,2019-07,7,9.8305,27.08,98.24,6.6407,28.14,1.8592,30.0,1,0.5965,1.2494,1
LJ500_R146_C035,146,35,678750,9574250,1000,2000,2019,7,2019-07,7,9.8384,27.1,98.29,6.6457,28.14,1.863,30.0,1,0.5665,1.2158,1
LJ500_R146_C036,146,36,679250,9574250,1500,2000,2019,7,2019-07,7,9.8463,27.12,98.33,6.6508,28.13,1.8667,30.0,1,0.5612,1.2099,1
LJ500_R146_C037,146,37,679750,9574250,2000,2000,2019,7,2019-07,7,9.8543,27.15,98.37,6.6559,28.13,1.8705,30.0,1,0.513,1.124,1
LJ500_R146_C038,146,38,680250,9574250,2500,2000,2019,7,2019-07,7,9.8622,27.17,98.42,6.661,28.13,1.8743,30.0,1,0.5092,1.1177,1
LJ500_R146_C039,146,39,680750,9574250,3000,2000,2019,7,2019-07,7,9.8702,27.19,98.46,6.6661,28.12,1.8781,30.0,1,0.4871,1.0818,1
LJ500_R146_C040,146,40,681250,9574250,3500,2000,2019,7,2019-07,7,9.8783,27.21,98.5,6.6713,28.12,1.882,30.0,1,0.472,1.0062,1
LJ500_R146_C041,146,41,681750,9574250,4000,2000,2019,7,2019-07,7,9.8863,27.24,98.55,6.6764,28.11,1.8858,30.0,1,0.4365,0.8289,1
LJ500_R146_C042,146,42,682250,9574250,4500,2000,2019,7,2019-07,7,9.8944,27.26,98.59,6.6816,28.11,1.8896,30.0,1,0.4661,1.3459,1
LJ500_R147_C033,147,33,677750,9574750,0,2500,2019,7,2019-07,7,10.02,30.48,109.29,6.6126,27.33,2.6705,30.0,1,0.6047,1.2139,1
LJ500_R147_C034,147,34,678250,9574750,500,2500,2019,7,2019-07,7,12.23,33.79,111.32,8.1742,27.0,3.0,30.0,1,0.5917,1.19,1
LJ500_R147_C035,147,35,678750,9574750,1000,2500,2019,7,2019-07,7,12.23,33.79,111.32,8.1742,27.0,3.0,30.0,1,0.5727,1.207,1
LJ500_R147_C036,147,36,679250,9574750,1500,2500,2019,7,2019-07,7,12.23,33.79,111.32,8.1742,27.0,3.0,30.0,1,0.5693,1.21,1
LJ500_R147_C037,147,37,679750,9574750,2000,2500,2019,7,2019-07,7,12.23,33.79,111.32,8.1742,27.0,3.0,30.0,1,0.5237,1.1401,1
LJ500_R147_C038,147,38,680250,9574750,2500,2500,2019,7,2019-07,7,12.23,33.79,111.32,8.1742,27.0,3.0,30.0,1,0.5167,1.1267,1
LJ500_R147_C039,147,39,680750,9574750,3000,2500,2019,7,2019-07,7,12.23,33.79,111.32,8.1742,27.0,3.0,30.0,1,0.4763,1.05,1
LJ500_R147_C040,147,40,681250,9574750,3500,2500,2019,7,2019-07,7,12.23,33.79,111.32,8.1742,27.0,3.0,30.0,1,0.4625,0.9906,1
LJ500_R147_C041,147,41,681750,9574750,4000,2500,2019,7,2019-07,7,12.23,33.79,111.32,8.1742,27.0,3.0,30.0,1,0.4297,0.85,1
LJ500_R147_C042,147,42,682250,9574750,4500,2500,2019,7,2019-07,7,12.23,33.79,111.32,8.1742,27.0,3.0,30.0,1,0.4445,1.2688,1
LJ500_R148_C033,148,33,677750,9575250,0,3000,2019,7,2019-07,7,10.0,30.46,109.28,6.6037,27.33,2.6687,30.0,1,0.5953,1.1845,1
LJ500_R148_C034,148,34,678250,9575250,500,3000,2019,7,2019-07,7,12.23,33.79,111.32,8.1742,27.0,3.0,30.0,1,0.5773,1.1344,1
LJ500_R148_C035,148,35,678750,9575250,1000,3000,2019,7,2019-07,7,12.23,33.79,111.32,8.1742,27.0,3.0,30.0,1,0.5681,1.1775,1
LJ500_R148_C036,148,36,679250,9575250,1500,3000,2019,7,2019-07,7,12.23,33.79,111.32,8.1742,27.0,3.0,30.0,1,0.5664,1.1852,1
LJ500_R148_C037,148,37,679750,9575250,2000,3000,2019,7,2019-07,7,12.23,33.79,111.32,8.1742,27.0,3.0,30.0,1,0.5265,1.1277,1
LJ500_R148_C038,148,38,680250,9575250,2500,3000,2019,7,2019-07,7,12.23,33.79,111.32,8.1742,27.0,3.0,30.0,1,0.5196,1.1162,1
LJ500_R148_C039,148,39,680750,9575250,3000,3000,2019,7,2019-07,7,12.23,33.79,111.32,8.1742,27.0,3.0,30.0,1,0.4799,1.05,1
LJ500_R148_C040,148,40,681250,9575250,3500,3000,2019,7,2019-07,7,12.23,33.79,111.32,8.1742,27.0,3.0,30.0,1,0.4695,1.0188,1
LJ500_R148_C041,148,41,681750,9575250,4000,3000,2019,7,2019-07,7,12.23,33.79,111.32,8.1742,27.0,3.0,30.0,1,0.4448,0.9446,1
LJ500_R148_C042,148,42,682250,9575250,4500,3000,2019,7,2019-07,7,12.23,33.79,111.32,8.1742,27.0,3.0,30.0,1,0.4322,1.0504,1
LJ500_R149_C033,149,33,677750,9575750,0,3500,2019,7,2019-07,7,9.9911,30.44,109.27,6.5949,27.33,2.6668,30.0,1,0.5895,1.1665,1
LJ500_R149_C034,149,34,678250,9575750,500,3500,2019,7,2019-07,7,12.23,33.79,111.32,8.1742,27.0,3.0,30.0,1,0.5683,1.1,1
LJ500_R149_C035,149,35,678750,9575750,1000,3500,2019,7,2019-07,7,12.23,33.79,111.32,8.1742,27.0,3.0,30.0,1,0.5652,1.1593,1
LJ500_R149_C036,149,36,679250,9575750,1500,3500,2019,7,2019-07,7,12.23,33.79,111.32,8.1742,27.0,3.0,30.0,1,0.5647,1.17,1
LJ500_R149_C037,149,37,679750,9575750,2000,3500,2019,7,2019-07,7,12.23,33.79,111.32,8.1742,27.0,3.0,30.0,1,0.5282,1.1202,1
LJ500_R149_C038,149,38,680250,9575750,2500,3500,2019,7,2019-07,7,12.23,33.79,111.32,8.1742,27.0,3.0,30.0,1,0.5214,1.1099,1
LJ500_R149_C039,149,39,680750,9575750,3000,3500,2019,7,2019-07,7,12.23,33.79,111.32,8.1742,27.0,3.0,30.0,1,0.482,1.05,1
LJ500_R149_C040,149,40,681250,9575750,3500,3500,2019,7,2019-07,7,12.23,33.79,111.32,8.1742,27.0,3.0,30.0,1,0.4737,1.0354,1
LJ500_R149_C041,149,41,681750,9575750,4000,3500,2019,7,2019-07,7,12.23,33.79,111.32,8.1742,27.0,3.0,30.0,1,0.4537,1.0,1
LJ500_R149_C042,149,42,682250,9575750,4500,3500,2019,7,2019-07,7,12.23,33.79,111.32,8.1742,27.0,3.0,30.0,1,0.4252,0.9249,1
LJ500_R150_C033,150,33,677750,9576250,0,4000,2019,7,2019-07,7,9.9786,30.42,109.26,6.586,27.34,2.6649,30.0,1,0.5671,1.136,1
LJ500_R150_C034,150,34,678250,9576250,500,4000,2019,7,2019-07,7,12.23,33.79,111.32,8.1742,27.0,3.0,30.0,1,0.5371,1.069,1
LJ500_R150_C035,150,35,678750,9576250,1000,4000,2019,7,2019-07,7,12.23,33.79,111.32,8.1742,27.0,3.0,30.0,1,0.5516,1.115,1
LJ500_R150_C036,150,36,679250,9576250,1500,4000,2019,7,2019-07,7,12.23,33.79,111.32,8.1742,27.0,3.0,30.0,1,0.5543,1.1233,1
LJ500_R150_C037,150,37,679750,9576250,2000,4000,2019,7,2019-07,7,12.23,33.79,111.32,8.1742,27.0,3.0,30.0,1,0.4853,0.9573,1
LJ500_R150_C038,150,38,680250,9576250,2500,4000,2019,7,2019-07,7,12.23,33.79,111.32,8.1742,27.0,3.0,30.0,1,0.4813,0.9536,1
LJ500_R150_C039,150,39,680750,9576250,3000,4000,2019,7,2019-07,7,12.23,33.79,111.32,8.1742,27.0,3.0,30.0,1,0.4606,0.9403,1
LJ500_R150_C040,150,40,681250,9576250,3500,4000,2019,7,2019-07,7,12.23,33.79,111.32,8.1742,27.0,3.0,30.0,1,0.4577,0.9529,1
LJ500_R150_C041,150,41,681750,9576250,4000,4000,2019,7,2019-07,7,12.23,33.79,111.32,8.1742,27.0,3.0,30.0,1,0.4508,0.9842,1
LJ500_R150_C042,150,42,682250,9576250,4500,4000,2019,7,2019-07,7,12.23,33.79,111.32,8.1742,27.0,3.0,30.0,1,0.429,0.9303,1
LJ500_R151_C033,151,33,677750,9576750,0,4500,2019,7,2019-07,7,9.966,30.4,109.25,6.5772,27.34,2.663,30.0,1,0.5606,1.1273,1
LJ500_R151_C034,151,34,678250,9576750,500,4500,2019,7,2019-07,7,12.23,33.79,111.32,8.1742,27.0,3.0,30.0,1,0.528,1.06,1
LJ500_R151_C035,151,35,678750,9576750,1000,4500,2019,7,2019-07,7,12.23,33.79,111.32,8.1742,27.0,3.0,30.0,1,0.5477,1.1021,1
LJ500_R151_C036,151,36,679250,9576750,1500,4500,2019,7,2019-07,7,12.23,33.79,111.32,8.1742,27.0,3.0,30.0,1,0.5513,1.11,1
LJ500_R151_C037,151,37,679750,9576750,2000,4500,2019,7,2019-07,7,12.23,33.79,111.32,8.1742,27.0,3.0,30.0,1,0.4733,0.9117,1
LJ500_R151_C038,151,38,680250,9576750,2500,4500,2019,7,2019-07,7,12.23,33.79,111.32,8.1742,27.0,3.0,30.0,1,0.4701,0.91,1
LJ500_R151_C039,151,39,680750,9576750,3000,4500,2019,7,2019-07,7,12.23,33.79,111.32,8.1742,27.0,3.0,30.0,1,0.4547,0.91,1
LJ500_R151_C040,151,40,681250,9576750,3500,4500,2019,7,2019-07,7,12.23,33.79,111.32,8.1742,27.0,3.0,30.0,1,0.4533,0.9302,1
LJ500_R151_C041,151,41,681750,9576750,4000,4500,2019,7,2019-07,7,12.23,33.79,111.32,8.1742,27.0,3.0,30.0,1,0.45,0.98,1
LJ500_R151_C042,151,42,682250,9576750,4500,4500,2019,7,2019-07,7,12.23,33.79,111.32,8.1742,27.0,3.0,30.0,1,0.43,0.9318,1
LJ500_R142_C033,142,33,677750,9572250,0,0,2019,8,2019-08,8,0.0,6.9075,21.14,0.0,31.0,0.0,31.0,1,0.7446,1.3463,1
LJ500_R142_C034,142,34,678250,9572250,500,0,2019,8,2019-08,8,0.0,8.0261,22.02,0.0,31.0,0.0,31.0,1,0.7347,1.3256,1
LJ500_R142_C035,142,35,678750,9572250,1000,0,2019,8,2019-08,8,0.0,8.0261,22.02,0.0,31.0,0.0,31.0,1,0.6381,1.2061,1
LJ500_R142_C036,142,36,679250,9572250,1500,0,2019,8,2019-08,8,0.0,8.0261,22.02,0.0,31.0,0.0,31.0,1,0.6211,1.1848,1
LJ500_R142_C037,142,37,679750,9572250,2000,0,2019,8,2019-08,8,0.0,8.0261,22.02,0.0,31.0,0.0,31.0,1,0.4981,0.9961,1
LJ500_R142_C038,142,38,680250,9572250,2500,0,2019,8,2019-08,8,0.0,8.0261,22.02,0.0,31.0,0.0,31.0,1,0.5183,1.017,1
LJ500_R142_C039,142,39,680750,9572250,3000,0,2019,8,2019-08,8,0.0,8.0261,22.02,0.0,31.0,0.0,31.0,1,0.6261,1.1284,1
LJ500_R142_C040,142,40,681250,9572250,3500,0,2019,8,2019-08,8,0.0,8.0261,22.02,0.0,31.0,0.0,31.0,1,0.5938,1.1009,1
LJ500_R142_C041,142,41,681750,9572250,4000,0,2019,8,2019-08,8,0.0,8.0261,22.02,0.0,31.0,0.0,31.0,1,0.5204,1.0394,1
LJ500_R142_C042,142,42,682250,9572250,4500,0,2019,8,2019-08,8,0.0,8.0261,22.02,0.0,31.0,0.0,31.0,1,0.5077,1.0706,1
LJ500_R143_C033,143,33,677750,9572750,0,500,2019,8,2019-08,8,0.0,6.9009,21.13,0.0,31.0,0.0,31.0,1,0.723,1.3233,1
LJ500_R143_C034,143,34,678250,9572750,500,500,2019,8,2019-08,8,0.0,8.0261,22.02,0.0,31.0,0.0,31.0,1,0.7035,1.3,1
LJ500_R143_C035,143,35,678750,9572750,1000,500,2019,8,2019-08,8,0.0,8.0261,22.02,0.0,31.0,0.0,31.0,1,0.5818,1.137,1
LJ500_R143_C036,143,36,679250,9572750,1500,500,2019,8,2019-08,8,0.0,8.0261,22.02,0.0,31.0,0.0,31.0,1,0.5613,1.1095,1
LJ500_R143_C037,143,37,679750,9572750,2000,500,2019,8,2019-08,8,0.0,8.0261,22.02,0.0,31.0,0.0,31.0,1,0.5197,1.03,1
LJ500_R143_C038,143,38,680250,9572750,2500,500,2019,8,2019-08,8,0.0,8.0261,22.02,0.0,31.0,0.0,31.0,1,0.5357,1.044,1
LJ500_R143_C039,143,39,680750,9572750,3000,500,2019,8,2019-08,8,0.0,8.0261,22.02,0.0,31.0,0.0,31.0,1,0.6226,1.12,1
LJ500_R143_C040,143,40,681250,9572750,3500,500,2019,8,2019-08,8,0.0,8.0261,22.02,0.0,31.0,0.0,31.0,1,0.5555,1.2387,1
LJ500_R143_C041,143,41,681750,9572750,4000,500,2019,8,2019-08,8,0.0,8.0261,22.02,0.0,31.0,0.0,31.0,1,0.4023,1.51,1
LJ500_R143_C042,143,42,682250,9572750,4500,500,2019,8,2019-08,8,0.0,8.0261,22.02,0.0,31.0,0.0,31.0,1,0.4159,1.859,1
LJ500_R144_C033,144,33,677750,9573250,0,1000,2019,8,2019-08,8,0.0,6.8944,21.13,0.0,31.0,0.0,31.0,1,0.7173,1.317,1
LJ500_R144_C034,144,34,678250,9573250,500,1000,2019,8,2019-08,8,0.0,8.0261,22.02,0.0,31.0,0.0,31.0,1,0.6965,1.2909,1
LJ500_R144_C035,144,35,678750,9573250,1000,1000,2019,8,2019-08,8,0.0,8.0261,22.02,0.0,31.0,0.0,31.0,1,0.5947,1.1517,1
LJ500_R144_C036,144,36,679250,9573250,1500,1000,2019,8,2019-08,8,0.0,8.0261,22.02,0.0,31.0,0.0,31.0,1,0.5774,1.128,1
LJ500_R144_C037,144,37,679750,9573250,2000,1000,2019,8,2019-08,8,0.0,8.0261,22.02,0.0,31.0,0.0,31.0,1,0.5245,1.0393,1
LJ500_R144_C038,144,38,680250,9573250,2500,1000,2019,8,2019-08,8,0.0,8.0261,22.02,0.0,31.0,0.0,31.0,1,0.5381,1.0503,1
LJ500_R144_C039,144,39,680750,9573250,3000,1000,2019,8,2019-08,8,0.0,8.0261,22.02,0.0,31.0,0.0,31.0,1,0.613,1.1106,1
LJ500_R144_C040,144,40,681250,9573250,3500,1000,2019,8,2019-08,8,0.0,8.0261,22.02,0.0,31.0,0.0,31.0,1,0.5612,1.1752,1
LJ500_R144_C041,144,41,681750,9573250,4000,1000,2019,8,2019-08,8,0.0,8.0261,22.02,0.0,31.0,0.0,31.0,1,0.4422,1.3231,1
LJ500_R144_C042,144,42,682250,9573250,4500,1000,2019,8,2019-08,8,0.0,8.0261,22.02,0.0,31.0,0.0,31.0,1,0.4591,1.8637,1
LJ500_R145_C033,145,33,677750,9573750,0,1500,2019,8,2019-08,8,0.0,6.8878,21.12,0.0,31.0,0.0,31.0,1,0.7041,1.3024,1
LJ500_R145_C034,145,34,678250,9573750,500,1500,2019,8,2019-08,8,0.0,8.0261,22.02,0.0,31.0,0.0,31.0,1,0.6803,1.27,1
LJ500_R145_C035,145,35,678750,9573750,1000,1500,2019,8,2019-08,8,0.0,8.0261,22.02,0.0,31.0,0.0,31.0,1,0.6236,1.1846,1
LJ500_R145_C036,145,36,679250,9573750,1500,1500,2019,8,2019-08,8,0.0,8.0261,22.02,0.0,31.0,0.0,31.0,1,0.6136,1.1697,1
LJ500_R145_C037,145,37,679750,9573750,2000,1500,2019,8,2019-08,8,0.0,8.0261,22.02,0.0,31.0,0.0,31.0,1,0.5352,1.06,1
LJ500_R145_C038,145,38,680250,9573750,2500,1500,2019,8,2019-08,8,0.0,8.0261,22.02,0.0,31.0,0.0,31.0,1,0.5438,1.0646,1
LJ500_R145_C039,145,39,680750,9573750,3000,1500,2019,8,2019-08,8,0.0,8.0261,22.02,0.0,31.0,0.0,31.0,1,0.5919,1.09,1
LJ500_R145_C040,145,40,681250,9573750,3500,1500,2019,8,2019-08,8,0.0,8.0261,22.02,0.0,31.0,0.0,31.0,1,0.5728,1.0389,1
LJ500_R145_C041,145,41,681750,9573750,4000,1500,2019,8,2019-08,8,0.0,8.0261,22.02,0.0,31.0,0.0,31.0,1,0.5284,0.92,1
LJ500_R145_C042,145,42,682250,9573750,4500,1500,2019,8,2019-08,8,0.0,8.0261,22.02,0.0,31.0,0.0,31.0,1,0.5516,1.8728,1
LJ500_R146_C033,146,33,677750,9574250,0,2000,2019,8,2019-08,8,0.0,8.2274,25.13,0.0,31.0,0.0,31.0,1,0.7177,1.3064,1
LJ500_R146_C034,146,34,678250,9574250,500,2000,2019,8,2019-08,8,0.0,9.8305,27.08,0.0,31.0,0.0,31.0,1,0.6993,1.2792,1
LJ500_R146_C035,146,35,678750,9574250,1000,2000,2019,8,2019-08,8,0.0,9.8384,27.1,0.0,31.0,0.0,31.0,1,0.6495,1.2098,1
LJ500_R146_C036,146,36,679250,9574250,1500,2000,2019,8,2019-08,8,0.0,9.8463,27.12,0.0,31.0,0.0,31.0,1,0.6409,1.1977,1
LJ500_R146_C037,146,37,679750,9574250,2000,2000,2019,8,2019-08,8,0.0,9.8543,27.15,0.0,31.0,0.0,31.0,1,0.5663,1.0926,1
LJ500_R146_C038,146,38,680250,9574250,2500,2000,2019,8,2019-08,8,0.0,9.8622,27.17,0.0,31.0,0.0,31.0,1,0.5654,1.0875,1
LJ500_R146_C039,146,39,680750,9574250,3000,2000,2019,8,2019-08,8,0.0,9.8702,27.19,0.0,31.0,0.0,31.0,1,0.5597,1.0571,1
LJ500_R146_C040,146,40,681250,9574250,3500,2000,2019,8,2019-08,8,0.0,9.8783,27.21,0.0,31.0,0.0,31.0,1,0.5526,1.0245,1
LJ500_R146_C041,146,41,681750,9574250,4000,2000,2019,8,2019-08,8,0.0,9.8863,27.24,0.0,31.0,0.0,31.0,1,0.5365,0.9484,1
LJ500_R146_C042,146,42,682250,9574250,4500,2000,2019,8,2019-08,8,0.0,9.8944,27.26,0.0,31.0,0.0,31.0,1,0.5311,1.7567,1
LJ500_R147_C033,147,33,677750,9574750,0,2500,2019,8,2019-08,8,0.0,10.02,30.48,0.0,31.0,0.0,31.0,1,0.7337,1.3109,1
LJ500_R147_C034,147,34,678250,9574750,500,2500,2019,8,2019-08,8,0.0,12.23,33.79,0.0,31.0,0.0,31.0,1,0.7216,1.29,1
LJ500_R147_C035,147,35,678750,9574750,1000,2500,2019,8,2019-08,8,0.0,12.23,33.79,0.0,31.0,0.0,31.0,1,0.6796,1.239,1
LJ500_R147_C036,147,36,679250,9574750,1500,2500,2019,8,2019-08,8,0.0,12.23,33.79,0.0,31.0,0.0,31.0,1,0.6723,1.23,1
LJ500_R147_C037,147,37,679750,9574750,2000,2500,2019,8,2019-08,8,0.0,12.23,33.79,0.0,31.0,0.0,31.0,1,0.602,1.1301,1
LJ500_R147_C038,147,38,680250,9574750,2500,2500,2019,8,2019-08,8,0.0,12.23,33.79,0.0,31.0,0.0,31.0,1,0.5903,1.1137,1
LJ500_R147_C039,147,39,680750,9574750,3000,2500,2019,8,2019-08,8,0.0,12.23,33.79,0.0,31.0,0.0,31.0,1,0.5232,1.02,1
LJ500_R147_C040,147,40,681250,9574750,3500,2500,2019,8,2019-08,8,0.0,12.23,33.79,0.0,31.0,0.0,31.0,1,0.5298,1.0081,1
LJ500_R147_C041,147,41,681750,9574750,4000,2500,2019,8,2019-08,8,0.0,12.23,33.79,0.0,31.0,0.0,31.0,1,0.5455,0.98,1
LJ500_R147_C042,147,42,682250,9574750,4500,2500,2019,8,2019-08,8,0.0,12.23,33.79,0.0,31.0,0.0,31.0,1,0.5088,1.6305,1
LJ500_R148_C033,148,33,677750,9575250,0,3000,2019,8,2019-08,8,0.0,10.0,30.46,0.0,31.0,0.0,31.0,1,0.7208,1.292,1
LJ500_R148_C034,148,34,678250,9575250,500,3000,2019,8,2019-08,8,0.0,12.23,33.79,0.0,31.0,0.0,31.0,1,0.7101,1.2653,1
LJ500_R148_C035,148,35,678750,9575250,1000,3000,2019,8,2019-08,8,0.0,12.23,33.79,0.0,31.0,0.0,31.0,1,0.6815,1.2353,1
LJ500_R148_C036,148,36,679250,9575250,1500,3000,2019,8,2019-08,8,0.0,12.23,33.79,0.0,31.0,0.0,31.0,1,0.6765,1.23,1
LJ500_R148_C037,148,37,679750,9575250,2000,3000,2019,8,2019-08,8,0.0,12.23,33.79,0.0,31.0,0.0,31.0,1,0.622,1.1427,1
LJ500_R148_C038,148,38,680250,9575250,2500,3000,2019,8,2019-08,8,0.0,12.23,33.79,0.0,31.0,0.0,31.0,1,0.6093,1.1264,1
LJ500_R148_C039,148,39,680750,9575250,3000,3000,2019,8,2019-08,8,0.0,12.23,33.79,0.0,31.0,0.0,31.0,1,0.5358,1.0325,1
LJ500_R148_C040,148,40,681250,9575250,3500,3000,2019,8,2019-08,8,0.0,12.23,33.79,0.0,31.0,0.0,31.0,1,0.5388,1.0226,1
LJ500_R148_C041,148,41,681750,9575250,4000,3000,2019,8,2019-08,8,0.0,12.23,33.79,0.0,31.0,0.0,31.0,1,0.5459,0.9989,1
LJ500_R148_C042,148,42,682250,9575250,4500,3000,2019,8,2019-08,8,0.0,12.23,33.79,0.0,31.0,0.0,31.0,1,0.5253,1.2145,1
LJ500_R149_C033,149,33,677750,9575750,0,3500,2019,8,2019-08,8,0.0,9.9911,30.44,0.0,31.0,0.0,31.0,1,0.7127,1.2802,1
LJ500_R149_C034,149,34,678250,9575750,500,3500,2019,8,2019-08,8,0.0,12.23,33.79,0.0,31.0,0.0,31.0,1,0.7029,1.25,1
LJ500_R149_C035,149,35,678750,9575750,1000,3500,2019,8,2019-08,8,0.0,12.23,33.79,0.0,31.0,0.0,31.0,1,0.6827,1.2331,1
LJ500_R149_C036,149,36,679250,9575750,1500,3500,2019,8,2019-08,8,0.0,12.23,33.79,0.0,31.0,0.0,31.0,1,0.679,1.23,1
LJ500_R149_C037,149,37,679750,9575750,2000,3500,2019,8,2019-08,8,0.0,12.23,33.79,0.0,31.0,0.0,31.0,1,0.6341,1.1504,1
LJ500_R149_C038,149,38,680250,9575750,2500,3500,2019,8,2019-08,8,0.0,12.23,33.79,0.0,31.0,0.0,31.0,1,0.6208,1.1341,1
LJ500_R149_C039,149,39,680750,9575750,3000,3500,2019,8,2019-08,8,0.0,12.23,33.79,0.0,31.0,0.0,31.0,1,0.5432,1.04,1
LJ500_R149_C040,149,40,681250,9575750,3500,3500,2019,8,2019-08,8,0.0,12.23,33.79,0.0,31.0,0.0,31.0,1,0.5441,1.0312,1
LJ500_R149_C041,149,41,681750,9575750,4000,3500,2019,8,2019-08,8,0.0,12.23,33.79,0.0,31.0,0.0,31.0,1,0.5461,1.01,1
LJ500_R149_C042,149,42,682250,9575750,4500,3500,2019,8,2019-08,8,0.0,12.23,33.79,0.0,31.0,0.0,31.0,1,0.5349,0.9747,1
LJ500_R150_C033,150,33,677750,9576250,0,4000,2019,8,2019-08,8,0.0,9.9786,30.42,0.0,31.0,0.0,31.0,1,0.6824,1.2159,1
LJ500_R150_C034,150,34,678250,9576250,500,4000,2019,8,2019-08,8,0.0,12.23,33.79,0.0,31.0,0.0,31.0,1,0.6557,1.1571,1
LJ500_R150_C035,150,35,678750,9576250,1000,4000,2019,8,2019-08,8,0.0,12.23,33.79,0.0,31.0,0.0,31.0,1,0.6735,1.2055,1
LJ500_R150_C036,150,36,679250,9576250,1500,4000,2019,8,2019-08,8,0.0,12.23,33.79,0.0,31.0,0.0,31.0,1,0.6768,1.2144,1
LJ500_R150_C037,150,37,679750,9576250,2000,4000,2019,8,2019-08,8,0.0,12.23,33.79,0.0,31.0,0.0,31.0,1,0.6007,1.0729,1
LJ500_R150_C038,150,38,680250,9576250,2500,4000,2019,8,2019-08,8,0.0,12.23,33.79,0.0,31.0,0.0,31.0,1,0.597,1.0673,1
LJ500_R150_C039,150,39,680750,9576250,3000,4000,2019,8,2019-08,8,0.0,12.23,33.79,0.0,31.0,0.0,31.0,1,0.5789,1.04,1
LJ500_R150_C040,150,40,681250,9576250,3500,4000,2019,8,2019-08,8,0.0,12.23,33.79,0.0,31.0,0.0,31.0,1,0.5683,1.029,1
LJ500_R150_C041,150,41,681750,9576250,4000,4000,2019,8,2019-08,8,0.0,12.23,33.79,0.0,31.0,0.0,31.0,1,0.5423,1.0021,1
LJ500_R150_C042,150,42,682250,9576250,4500,4000,2019,8,2019-08,8,0.0,12.23,33.79,0.0,31.0,0.0,31.0,1,0.5346,0.9739,1
LJ500_R151_C033,151,33,677750,9576750,0,4500,2019,8,2019-08,8,0.0,9.966,30.4,0.0,31.0,0.0,31.0,1,0.6736,1.1973,1
LJ500_R151_C034,151,34,678250,9576750,500,4500,2019,8,2019-08,8,0.0,12.23,33.79,0.0,31.0,0.0,31.0,1,0.6419,1.13,1
LJ500_R151_C035,151,35,678750,9576750,1000,4500,2019,8,2019-08,8,0.0,12.23,33.79,0.0,31.0,0.0,31.0,1,0.6708,1.1974,1
LJ500_R151_C036,151,36,679250,9576750,1500,4500,2019,8,2019-08,8,0.0,12.23,33.79,0.0,31.0,0.0,31.0,1,0.6761,1.21,1
LJ500_R151_C037,151,37,679750,9576750,2000,4500,2019,8,2019-08,8,0.0,12.23,33.79,0.0,31.0,0.0,31.0,1,0.5914,1.0513,1
LJ500_R151_C038,151,38,680250,9576750,2500,4500,2019,8,2019-08,8,0.0,12.23,33.79,0.0,31.0,0.0,31.0,1,0.5904,1.0486,1
LJ500_R151_C039,151,39,680750,9576750,3000,4500,2019,8,2019-08,8,0.0,12.23,33.79,0.0,31.0,0.0,31.0,1,0.5887,1.04,1
LJ500_R151_C040,151,40,681250,9576750,3500,4500,2019,8,2019-08,8,0.0,12.23,33.79,0.0,31.0,0.0,31.0,1,0.575,1.0284,1
LJ500_R151_C041,151,41,681750,9576750,4000,4500,2019,8,2019-08,8,0.0,12.23,33.79,0.0,31.0,0.0,31.0,1,0.5413,1.0,1
LJ500_R151_C042,151,42,682250,9576750,4500,4500,2019,8,2019-08,8,0.0,12.23,33.79,0.0,31.0,0.0,31.0,1,0.5345,0.9737,1
LJ500_R142_C033,142,33,677750,9572250,0,0,2019,9,2019-09,9,3.8598,3.8598,10.77,2.4082,29.64,1.3598,31.0,1,0.707,1.3656,1
LJ500_R142_C034,142,34,678250,9572250,500,0,2019,9,2019-09,9,5.6768,5.6768,13.7,3.5419,29.0,2.0,31.0,1,0.6902,1.3622,1
LJ500_R142_C035,142,35,678750,9572250,1000,0,2019,9,2019-09,9,5.6768,5.6768,13.7,3.5419,29.0,2.0,31.0,1,0.6365,1.1033,1
LJ500_R142_C036,142,36,679250,9572250,1500,0,2019,9,2019-09,9,5.6768,5.6768,13.7,3.5419,29.0,2.0,31.0,1,0.6268,1.0596,1
LJ500_R142_C037,142,37,679750,9572250,2000,0,2019,9,2019-09,9,5.6768,5.6768,13.7,3.5419,29.0,2.0,31.0,1,0.5217,0.9061,1
LJ500_R142_C038,142,38,680250,9572250,2500,0,2019,9,2019-09,9,5.6768,5.6768,13.7,3.5419,29.0,2.0,31.0,1,0.5267,0.9506,1
LJ500_R142_C039,142,39,680750,9572250,3000,0,2019,9,2019-09,9,5.6768,5.6768,13.7,3.5419,29.0,2.0,31.0,1,0.5531,1.1884,1
LJ500_R142_C040,142,40,681250,9572250,3500,0,2019,9,2019-09,9,5.6768,5.6768,13.7,3.5419,29.0,2.0,31.0,1,0.5036,1.2095,1
LJ500_R142_C041,142,41,681750,9572250,4000,0,2019,9,2019-09,9,5.6768,5.6768,13.7,3.5419,29.0,2.0,31.0,1,0.3915,1.2576,1
LJ500_R142_C042,142,42,682250,9572250,4500,0,2019,9,2019-09,9,5.6768,5.6768,13.7,3.5419,29.0,2.0,31.0,1,0.3873,1.2666,1
LJ500_R143_C033,143,33,677750,9572750,0,500,2019,9,2019-09,9,3.8491,3.8491,10.75,2.4015,29.64,1.3561,31.0,1,0.7062,1.2728,1
LJ500_R143_C034,143,34,678250,9572750,500,500,2019,9,2019-09,9,5.6768,5.6768,13.7,3.5419,29.0,2.0,31.0,1,0.6987,1.2,1
LJ500_R143_C035,143,35,678750,9572750,1000,500,2019,9,2019-09,9,5.6768,5.6768,13.7,3.5419,29.0,2.0,31.0,1,0.6046,1.037,1
LJ500_R143_C036,143,36,679250,9572750,1500,500,2019,9,2019-09,9,5.6768,5.6768,13.7,3.5419,29.0,2.0,31.0,1,0.5887,1.0095,1
LJ500_R143_C037,143,37,679750,9572750,2000,500,2019,9,2019-09,9,5.6768,5.6768,13.7,3.5419,29.0,2.0,31.0,1,0.54,0.94,1
LJ500_R143_C038,143,38,680250,9572750,2500,500,2019,9,2019-09,9,5.6768,5.6768,13.7,3.5419,29.0,2.0,31.0,1,0.5414,0.9773,1
LJ500_R143_C039,143,39,680750,9572750,3000,500,2019,9,2019-09,9,5.6768,5.6768,13.7,3.5419,29.0,2.0,31.0,1,0.549,1.18,1
LJ500_R143_C040,143,40,681250,9572750,3500,500,2019,9,2019-09,9,5.6768,5.6768,13.7,3.5419,29.0,2.0,31.0,1,0.5148,1.2318,1
LJ500_R143_C041,143,41,681750,9572750,4000,500,2019,9,2019-09,9,5.6768,5.6768,13.7,3.5419,29.0,2.0,31.0,1,0.4365,1.35,1
LJ500_R143_C042,143,42,682250,9572750,4500,500,2019,9,2019-09,9,5.6768,5.6768,13.7,3.5419,29.0,2.0,31.0,1,0.5084,1.5449,1
LJ500_R144_C033,144,33,677750,9573250,0,1000,2019,9,2019-09,9,3.8384,3.8384,10.73,2.3949,29.65,1.3523,31.0,1,0.7056,1.2529,1
LJ500_R144_C034,144,34,678250,9573250,500,1000,2019,9,2019-09,9,5.6768,5.6768,13.7,3.5419,29.0,2.0,31.0,1,0.6949,1.1848,1
LJ500_R144_C035,144,35,678750,9573250,1000,1000,2019,9,2019-09,9,5.6768,5.6768,13.7,3.5419,29.0,2.0,31.0,1,0.6135,1.0404,1
LJ500_R144_C036,144,36,679250,9573250,1500,1000,2019,9,2019-09,9,5.6768,5.6768,13.7,3.5419,29.0,2.0,31.0,1,0.5996,1.0158,1
LJ500_R144_C037,144,37,679750,9573250,2000,1000,2019,9,2019-09,9,5.6768,5.6768,13.7,3.5419,29.0,2.0,31.0,1,0.5438,0.9462,1
LJ500_R144_C038,144,38,680250,9573250,2500,1000,2019,9,2019-09,9,5.6768,5.6768,13.7,3.5419,29.0,2.0,31.0,1,0.5453,0.975,1
LJ500_R144_C039,144,39,680750,9573250,3000,1000,2019,9,2019-09,9,5.6768,5.6768,13.7,3.5419,29.0,2.0,31.0,1,0.5536,1.1331,1
LJ500_R144_C040,144,40,681250,9573250,3500,1000,2019,9,2019-09,9,5.6768,5.6768,13.7,3.5419,29.0,2.0,31.0,1,0.5122,1.1823,1
LJ500_R144_C041,144,41,681750,9573250,4000,1000,2019,9,2019-09,9,5.6768,5.6768,13.7,3.5419,29.0,2.0,31.0,1,0.4167,1.2962,1
LJ500_R144_C042,144,42,682250,9573250,4500,1000,2019,9,2019-09,9,5.6768,5.6768,13.7,3.5419,29.0,2.0,31.0,1,0.5321,1.5848,1
LJ500_R145_C033,145,33,677750,9573750,0,1500,2019,9,2019-09,9,3.8277,3.8277,10.72,2.3882,29.65,1.3485,31.0,1,0.704,1.206,1
LJ500_R145_C034,145,34,678250,9573750,500,1500,2019,9,2019-09,9,5.6768,5.6768,13.7,3.5419,29.0,2.0,31.0,1,0.6861,1.15,1
LJ500_R145_C035,145,35,678750,9573750,1000,1500,2019,9,2019-09,9,5.6768,5.6768,13.7,3.5419,29.0,2.0,31.0,1,0.6332,1.0475,1
LJ500_R145_C036,145,36,679250,9573750,1500,1500,2019,9,2019-09,9,5.6768,5.6768,13.7,3.5419,29.0,2.0,31.0,1,0.624,1.0298,1
LJ500_R145_C037,145,37,679750,9573750,2000,1500,2019,9,2019-09,9,5.6768,5.6768,13.7,3.5419,29.0,2.0,31.0,1,0.5523,0.96,1
LJ500_R145_C038,145,38,680250,9573750,2500,1500,2019,9,2019-09,9,5.6768,5.6768,13.7,3.5419,29.0,2.0,31.0,1,0.554,0.9706,1
LJ500_R145_C039,145,39,680750,9573750,3000,1500,2019,9,2019-09,9,5.6768,5.6768,13.7,3.5419,29.0,2.0,31.0,1,0.5635,1.03,1
LJ500_R145_C040,145,40,681250,9573750,3500,1500,2019,9,2019-09,9,5.6768,5.6768,13.7,3.5419,29.0,2.0,31.0,1,0.5066,1.0751,1
LJ500_R145_C041,145,41,681750,9573750,4000,1500,2019,9,2019-09,9,5.6768,5.6768,13.7,3.5419,29.0,2.0,31.0,1,0.3742,1.18,1
LJ500_R145_C042,145,42,682250,9573750,4500,1500,2019,9,2019-09,9,5.6768,5.6768,13.7,3.5419,29.0,2.0,31.0,1,0.5825,1.6699,1
LJ500_R146_C033,146,33,677750,9574250,0,2000,2019,9,2019-09,9,4.6446,4.6446,12.87,2.9153,29.66,1.3448,31.0,1,0.6945,1.2836,1
LJ500_R146_C034,146,34,678250,9574250,500,2000,2019,9,2019-09,9,6.913,6.913,16.74,4.3392,29.0,2.0,31.0,1,0.6769,1.2467,1
LJ500_R146_C035,146,35,678750,9574250,1000,2000,2019,9,2019-09,9,6.9184,6.9184,16.76,4.3427,29.0,2.0,31.0,1,0.6435,1.1172,1
LJ500_R146_C036,146,36,679250,9574250,1500,2000,2019,9,2019-09,9,6.9239,6.9239,16.77,4.3462,29.0,2.0,31.0,1,0.6377,1.0949,1
LJ500_R146_C037,146,37,679750,9574250,2000,2000,2019,9,2019-09,9,6.9293,6.9293,16.78,4.3498,29.0,2.0,31.0,1,0.5709,0.988,1
LJ500_R146_C038,146,38,680250,9574250,2500,2000,2019,9,2019-09,9,6.9348,6.9348,16.8,4.3533,29.0,2.0,31.0,1,0.5671,0.9853,1
LJ500_R146_C039,146,39,680750,9574250,3000,2000,2019,9,2019-09,9,6.9403,6.9403,16.81,4.3568,29.0,2.0,31.0,1,0.5449,0.9689,1
LJ500_R146_C040,146,40,681250,9574250,3500,2000,2019,9,2019-09,9,6.9458,6.9458,16.82,4.3604,29.0,2.0,31.0,1,0.5022,1.0247,1
LJ500_R146_C041,146,41,681750,9574250,4000,2000,2019,9,2019-09,9,6.9513,6.9513,16.84,4.3639,29.0,2.0,31.0,1,0.4022,1.1563,1
LJ500_R146_C042,146,42,682250,9574250,4500,2000,2019,9,2019-09,9,6.9568,6.9568,16.85,4.3675,29.0,2.0,31.0,1,0.5593,1.5993,1
LJ500_R147_C033,147,33,677750,9574750,0,2500,2019,9,2019-09,9,5.7359,5.7359,15.75,3.6194,29.66,1.341,31.0,1,0.6832,1.3749,1
LJ500_R147_C034,147,34,678250,9574750,500,2500,2019,9,2019-09,9,8.5543,8.5543,20.78,5.3979,29.0,2.0,31.0,1,0.6661,1.36,1
LJ500_R147_C035,147,35,678750,9574750,1000,2500,2019,9,2019-09,9,8.5543,8.5543,20.78,5.3979,29.0,2.0,31.0,1,0.6554,1.1984,1
LJ500_R147_C036,147,36,679250,9574750,1500,2500,2019,9,2019-09,9,8.5543,8.5543,20.78,5.3979,29.0,2.0,31.0,1,0.6535,1.17,1
LJ500_R147_C037,147,37,679750,9574750,2000,2500,2019,9,2019-09,9,8.5543,8.5543,20.78,5.3979,29.0,2.0,31.0,1,0.5923,1.0201,1
LJ500_R147_C038,147,38,680250,9574750,2500,2500,2019,9,2019-09,9,8.5543,8.5543,20.78,5.3979,29.0,2.0,31.0,1,0.5821,1.0022,1
LJ500_R147_C039,147,39,680750,9574750,3000,2500,2019,9,2019-09,9,8.5543,8.5543,20.78,5.3979,29.0,2.0,31.0,1,0.5239,0.9,1
LJ500_R147_C040,147,40,681250,9574750,3500,2500,2019,9,2019-09,9,8.5543,8.5543,20.78,5.3979,29.0,2.0,31.0,1,0.497,0.9683,1
LJ500_R147_C041,147,41,681750,9574750,4000,2500,2019,9,2019-09,9,8.5543,8.5543,20.78,5.3979,29.0,2.0,31.0,1,0.4332,1.13,1
LJ500_R147_C042,147,42,682250,9574750,4500,2500,2019,9,2019-09,9,8.5543,8.5543,20.78,5.3979,29.0,2.0,31.0,1,0.5343,1.5221,1
LJ500_R148_C033,148,33,677750,9575250,0,3000,2019,9,2019-09,9,5.7199,5.7199,15.72,3.6093,29.66,1.3373,31.0,1,0.6695,1.3497,1
LJ500_R148_C034,148,34,678250,9575250,500,3000,2019,9,2019-09,9,8.5543,8.5543,20.78,5.3979,29.0,2.0,31.0,1,0.6426,1.3662,1
LJ500_R148_C035,148,35,678750,9575250,1000,3000,2019,9,2019-09,9,8.5543,8.5543,20.78,5.3979,29.0,2.0,31.0,1,0.65,1.2208,1
LJ500_R148_C036,148,36,679250,9575250,1500,3000,2019,9,2019-09,9,8.5543,8.5543,20.78,5.3979,29.0,2.0,31.0,1,0.6513,1.1948,1
LJ500_R148_C037,148,37,679750,9575250,2000,3000,2019,9,2019-09,9,8.5543,8.5543,20.78,5.3979,29.0,2.0,31.0,1,0.6008,1.0764,1
LJ500_R148_C038,148,38,680250,9575250,2500,3000,2019,9,2019-09,9,8.5543,8.5543,20.78,5.3979,29.0,2.0,31.0,1,0.5904,1.0514,1
LJ500_R148_C039,148,39,680750,9575250,3000,3000,2019,9,2019-09,9,8.5543,8.5543,20.78,5.3979,29.0,2.0,31.0,1,0.5297,0.9063,1
LJ500_R148_C040,148,40,681250,9575250,3500,3000,2019,9,2019-09,9,8.5543,8.5543,20.78,5.3979,29.0,2.0,31.0,1,0.5159,0.9389,1
LJ500_R148_C041,148,41,681750,9575250,4000,3000,2019,9,2019-09,9,8.5543,8.5543,20.78,5.3979,29.0,2.0,31.0,1,0.4829,1.0165,1
LJ500_R148_C042,148,42,682250,9575250,4500,3000,2019,9,2019-09,9,8.5543,8.5543,20.78,5.3979,29.0,2.0,31.0,1,0.4951,1.182,1
LJ500_R149_C033,149,33,677750,9575750,0,3500,2019,9,2019-09,9,5.7039,5.7039,15.69,3.5992,29.67,1.3336,31.0,1,0.661,1.3337,1
LJ500_R149_C034,149,34,678250,9575750,500,3500,2019,9,2019-09,9,8.5543,8.5543,20.78,5.3979,29.0,2.0,31.0,1,0.6281,1.37,1
LJ500_R149_C035,149,35,678750,9575750,1000,3500,2019,9,2019-09,9,8.5543,8.5543,20.78,5.3979,29.0,2.0,31.0,1,0.6466,1.2346,1
LJ500_R149_C036,149,36,679250,9575750,1500,3500,2019,9,2019-09,9,8.5543,8.5543,20.78,5.3979,29.0,2.0,31.0,1,0.65,1.21,1
LJ500_R149_C037,149,37,679750,9575750,2000,3500,2019,9,2019-09,9,8.5543,8.5543,20.78,5.3979,29.0,2.0,31.0,1,0.606,1.1105,1
LJ500_R149_C038,149,38,680250,9575750,2500,3500,2019,9,2019-09,9,8.5543,8.5543,20.78,5.3979,29.0,2.0,31.0,1,0.5953,1.0812,1
LJ500_R149_C039,149,39,680750,9575750,3000,3500,2019,9,2019-09,9,8.5543,8.5543,20.78,5.3979,29.0,2.0,31.0,1,0.5332,0.91,1
LJ500_R149_C040,149,40,681250,9575750,3500,3500,2019,9,2019-09,9,8.5543,8.5543,20.78,5.3979,29.0,2.0,31.0,1,0.527,0.9217,1
LJ500_R149_C041,149,41,681750,9575750,4000,3500,2019,9,2019-09,9,8.5543,8.5543,20.78,5.3979,29.0,2.0,31.0,1,0.5119,0.95,1
LJ500_R149_C042,149,42,682250,9575750,4500,3500,2019,9,2019-09,9,8.5543,8.5543,20.78,5.3979,29.0,2.0,31.0,1,0.4728,0.9853,1
LJ500_R150_C033,150,33,677750,9576250,0,4000,2019,9,2019-09,9,5.6879,5.6879,15.67,3.5891,29.67,1.3298,31.0,1,0.6059,1.356,1
LJ500_R150_C034,150,34,678250,9576250,500,4000,2019,9,2019-09,9,8.5543,8.5543,20.78,5.3979,29.0,2.0,31.0,1,0.5489,1.3855,1
LJ500_R150_C035,150,35,678750,9576250,1000,4000,2019,9,2019-09,9,8.5543,8.5543,20.78,5.3979,29.0,2.0,31.0,1,0.6218,1.2569,1
LJ500_R150_C036,150,36,679250,9576250,1500,4000,2019,9,2019-09,9,8.5543,8.5543,20.78,5.3979,29.0,2.0,31.0,1,0.6352,1.2333,1
LJ500_R150_C037,150,37,679750,9576250,2000,4000,2019,9,2019-09,9,8.5543,8.5543,20.78,5.3979,29.0,2.0,31.0,1,0.5108,1.2038,1
LJ500_R150_C038,150,38,680250,9576250,2500,4000,2019,9,2019-09,9,8.5543,8.5543,20.78,5.3979,29.0,2.0,31.0,1,0.5096,1.1876,1
LJ500_R150_C039,150,39,680750,9576250,3000,4000,2019,9,2019-09,9,8.5543,8.5543,20.78,5.3979,29.0,2.0,31.0,1,0.509,1.0903,1
LJ500_R150_C040,150,40,681250,9576250,3500,4000,2019,9,2019-09,9,8.5543,8.5543,20.78,5.3979,29.0,2.0,31.0,1,0.5088,1.0475,1
LJ500_R150_C041,150,41,681750,9576250,4000,4000,2019,9,2019-09,9,8.5543,8.5543,20.78,5.3979,29.0,2.0,31.0,1,0.5086,0.9421,1
LJ500_R150_C042,150,42,682250,9576250,4500,4000,2019,9,2019-09,9,8.5543,8.5543,20.78,5.3979,29.0,2.0,31.0,1,0.4814,0.9634,1
LJ500_R151_C033,151,33,677750,9576750,0,4500,2019,9,2019-09,9,5.6719,5.6719,15.64,3.5791,29.67,1.3261,31.0,1,0.5901,1.3625,1
LJ500_R151_C034,151,34,678250,9576750,500,4500,2019,9,2019-09,9,8.5543,8.5543,20.78,5.3979,29.0,2.0,31.0,1,0.5258,1.39,1
LJ500_R151_C035,151,35,678750,9576750,1000,4500,2019,9,2019-09,9,8.5543,8.5543,20.78,5.3979,29.0,2.0,31.0,1,0.6144,1.2636,1
LJ500_R151_C036,151,36,679250,9576750,1500,4500,2019,9,2019-09,9,8.5543,8.5543,20.78,5.3979,29.0,2.0,31.0,1,0.631,1.24,1
LJ500_R151_C037,151,37,679750,9576750,2000,4500,2019,9,2019-09,9,8.5543,8.5543,20.78,5.3979,29.0,2.0,31.0,1,0.4842,1.2301,1
LJ500_R151_C038,151,38,680250,9576750,2500,4500,2019,9,2019-09,9,8.5543,8.5543,20.78,5.3979,29.0,2.0,31.0,1,0.4856,1.2174,1
LJ500_R151_C039,151,39,680750,9576750,3000,4500,2019,9,2019-09,9,8.5543,8.5543,20.78,5.3979,29.0,2.0,31.0,1,0.5023,1.14,1
LJ500_R151_C040,151,40,681250,9576750,3500,4500,2019,9,2019-09,9,8.5543,8.5543,20.78,5.3979,29.0,2.0,31.0,1,0.5038,1.0822,1
LJ500_R151_C041,151,41,681750,9576750,4000,4500,2019,9,2019-09,9,8.5543,8.5543,20.78,5.3979,29.0,2.0,31.0,1,0.5077,0.94,1
LJ500_R151_C042,151,42,682250,9576750,4500,4500,2019,9,2019-09,9,8.5543,8.5543,20.78,5.3979,29.0,2.0,31.0,1,0.4837,0.9575,1
LJ500_R142_C033,142,33,677750,9572250,0,0,2019,10,2019-10,10,16.3,20.16,20.16,9.0553,27.32,2.6799,30.0,1,0.4969,0.94,1
LJ500_R142_C034,142,34,678250,9572250,500,0,2019,10,2019-10,10,16.71,22.39,22.39,8.5777,27.0,3.0,30.0,1,0.4963,0.9341,1
LJ500_R142_C035,142,35,678750,9572250,1000,0,2019,10,2019-10,10,16.71,22.39,22.39,8.5777,27.0,3.0,30.0,1,0.3749,0.8554,1
LJ500_R142_C036,142,36,679250,9572250,1500,0,2019,10,2019-10,10,16.71,22.39,22.39,8.5777,27.0,3.0,30.0,1,0.3541,0.8416,1
LJ500_R142_C037,142,37,679750,9572250,2000,0,2019,10,2019-10,10,16.71,22.39,22.39,8.5777,27.0,3.0,30.0,1,0.2539,0.7346,1
LJ500_R142_C038,142,38,680250,9572250,2500,0,2019,10,2019-10,10,16.71,22.39,22.39,8.5777,27.0,3.0,30.0,1,0.2825,0.7544,1
LJ500_R142_C039,142,39,680750,9572250,3000,0,2019,10,2019-10,10,16.71,22.39,22.39,8.5777,27.0,3.0,30.0,1,0.4352,0.86,1
LJ500_R142_C040,142,40,681250,9572250,3500,0,2019,10,2019-10,10,16.71,22.39,22.39,8.5777,27.0,3.0,30.0,1,0.435,0.8976,1
LJ500_R142_C041,142,41,681750,9572250,4000,0,2019,10,2019-10,10,16.71,22.39,22.39,8.5777,27.0,3.0,30.0,1,0.4344,0.9828,1
LJ500_R142_C042,142,42,682250,9572250,4500,0,2019,10,2019-10,10,16.71,22.39,22.39,8.5777,27.0,3.0,30.0,1,0.4277,0.9738,1
LJ500_R143_C033,143,33,677750,9572750,0,500,2019,10,2019-10,10,16.3,20.15,20.15,9.0581,27.32,2.678,30.0,1,0.4656,0.9233,1
LJ500_R143_C034,143,34,678250,9572750,500,500,2019,10,2019-10,10,16.71,22.39,22.39,8.5777,27.0,3.0,30.0,1,0.4357,0.9,1
LJ500_R143_C035,143,35,678750,9572750,1000,500,2019,10,2019-10,10,16.71,22.39,22.39,8.5777,27.0,3.0,30.0,1,0.3179,0.8142,1
LJ500_R143_C036,143,36,679250,9572750,1500,500,2019,10,2019-10,10,16.71,22.39,22.39,8.5777,27.0,3.0,30.0,1,0.2982,0.7997,1
LJ500_R143_C037,143,37,679750,9572750,2000,500,2019,10,2019-10,10,16.71,22.39,22.39,8.5777,27.0,3.0,30.0,1,0.2757,0.76,1
LJ500_R143_C038,143,38,680250,9572750,2500,500,2019,10,2019-10,10,16.71,22.39,22.39,8.5777,27.0,3.0,30.0,1,0.301,0.7756,1
LJ500_R143_C039,143,39,680750,9572750,3000,500,2019,10,2019-10,10,16.71,22.39,22.39,8.5777,27.0,3.0,30.0,1,0.4383,0.86,1
LJ500_R143_C040,143,40,681250,9572750,3500,500,2019,10,2019-10,10,16.71,22.39,22.39,8.5777,27.0,3.0,30.0,1,0.4351,0.9178,1
LJ500_R143_C041,143,41,681750,9572750,4000,500,2019,10,2019-10,10,16.71,22.39,22.39,8.5777,27.0,3.0,30.0,1,0.4277,1.05,1
LJ500_R143_C042,143,42,682250,9572750,4500,500,2019,10,2019-10,10,16.71,22.39,22.39,8.5777,27.0,3.0,30.0,1,0.4379,1.0409,1
LJ500_R144_C033,144,33,677750,9573250,0,1000,2019,10,2019-10,10,16.29,20.13,20.13,9.0609,27.32,2.6762,30.0,1,0.4582,0.9178,1
LJ500_R144_C034,144,34,678250,9573250,500,1000,2019,10,2019-10,10,16.71,22.39,22.39,8.5777,27.0,3.0,30.0,1,0.4294,0.897,1
LJ500_R144_C035,144,35,678750,9573250,1000,1000,2019,10,2019-10,10,16.71,22.39,22.39,8.5777,27.0,3.0,30.0,1,0.3332,0.8244,1
LJ500_R144_C036,144,36,679250,9573250,1500,1000,2019,10,2019-10,10,16.71,22.39,22.39,8.5777,27.0,3.0,30.0,1,0.317,0.8121,1
LJ500_R144_C037,144,37,679750,9573250,2000,1000,2019,10,2019-10,10,16.71,22.39,22.39,8.5777,27.0,3.0,30.0,1,0.2815,0.7631,1
LJ500_R144_C038,144,38,680250,9573250,2500,1000,2019,10,2019-10,10,16.71,22.39,22.39,8.5777,27.0,3.0,30.0,1,0.3029,0.7742,1
LJ500_R144_C039,144,39,680750,9573250,3000,1000,2019,10,2019-10,10,16.71,22.39,22.39,8.5777,27.0,3.0,30.0,1,0.4199,0.835,1
LJ500_R144_C040,144,40,681250,9573250,3500,1000,2019,10,2019-10,10,16.71,22.39,22.39,8.5777,27.0,3.0,30.0,1,0.4239,0.8913,1
LJ500_R144_C041,144,41,681750,9573250,4000,1000,2019,10,2019-10,10,16.71,22.39,22.39,8.5777,27.0,3.0,30.0,1,0.4335,1.0215,1
LJ500_R144_C042,144,42,682250,9573250,4500,1000,2019,10,2019-10,10,16.71,22.39,22.39,8.5777,27.0,3.0,30.0,1,0.4587,1.1,1
LJ500_R145_C033,145,33,677750,9573750,0,1500,2019,10,2019-10,10,16.29,20.12,20.12,9.0637,27.33,2.6743,30.0,1,0.4405,0.9047,1
LJ500_R145_C034,145,34,678250,9573750,500,1500,2019,10,2019-10,10,16.71,22.39,22.39,8.5777,27.0,3.0,30.0,1,0.415,0.89,1
LJ500_R145_C035,145,35,678750,9573750,1000,1500,2019,10,2019-10,10,16.71,22.39,22.39,8.5777,27.0,3.0,30.0,1,0.3677,0.8473,1
LJ500_R145_C036,145,36,679250,9573750,1500,1500,2019,10,2019-10,10,16.71,22.39,22.39,8.5777,27.0,3.0,30.0,1,0.3595,0.8398,1
LJ500_R145_C037,145,37,679750,9573750,2000,1500,2019,10,2019-10,10,16.71,22.39,22.39,8.5777,27.0,3.0,30.0,1,0.2947,0.77,1
LJ500_R145_C038,145,38,680250,9573750,2500,1500,2019,10,2019-10,10,16.71,22.39,22.39,8.5777,27.0,3.0,30.0,1,0.3075,0.7715,1
LJ500_R145_C039,145,39,680750,9573750,3000,1500,2019,10,2019-10,10,16.71,22.39,22.39,8.5777,27.0,3.0,30.0,1,0.3793,0.78,1
LJ500_R145_C040,145,40,681250,9573750,3500,1500,2019,10,2019-10,10,16.71,22.39,22.39,8.5777,27.0,3.0,30.0,1,0.3994,0.8341,1
LJ500_R145_C041,145,41,681750,9573750,4000,1500,2019,10,2019-10,10,16.71,22.39,22.39,8.5777,27.0,3.0,30.0,1,0.446,0.96,1
LJ500_R145_C042,145,42,682250,9573750,4500,1500,2019,10,2019-10,10,16.71,22.39,22.39,8.5777,27.0,3.0,30.0,1,0.5031,1.2252,1
LJ500_R146_C033,146,33,677750,9574250,0,2000,2019,10,2019-10,10,17.31,21.95,21.95,9.6065,27.05,2.9527,30.0,1,0.4819,0.942,1
LJ500_R146_C034,146,34,678250,9574250,500,2000,2019,10,2019-10,10,17.75,24.66,24.66,9.5249,27.0,3.0,30.0,1,0.466,0.9314,1
LJ500_R146_C035,146,35,678750,9574250,1000,2000,2019,10,2019-10,10,17.75,24.67,24.67,9.5291,27.0,3.0,30.0,1,0.4078,0.8575,1
LJ500_R146_C036,146,36,679250,9574250,1500,2000,2019,10,2019-10,10,17.75,24.68,24.68,9.5333,27.0,3.0,30.0,1,0.3978,0.8446,1
LJ500_R146_C037,146,37,679750,9574250,2000,2000,2019,10,2019-10,10,17.76,24.69,24.69,9.5374,27.0,3.0,30.0,1,0.3324,0.7886,1
LJ500_R146_C038,146,38,680250,9574250,2500,2000,2019,10,2019-10,10,17.76,24.7,24.7,9.5416,27.0,3.0,30.0,1,0.3346,0.7853,1
LJ500_R146_C039,146,39,680750,9574250,3000,2000,2019,10,2019-10,10,17.77,24.71,24.71,9.5458,27.0,3.0,30.0,1,0.3461,0.7659,1
LJ500_R146_C040,146,40,681250,9574250,3500,2000,2019,10,2019-10,10,17.77,24.72,24.72,9.55,27.0,3.0,30.0,1,0.3759,0.8154,1
LJ500_R146_C041,146,41,681750,9574250,4000,2000,2019,10,2019-10,10,17.78,24.73,24.73,9.5543,27.0,3.0,30.0,1,0.4462,0.9316,1
LJ500_R146_C042,146,42,682250,9574250,4500,2000,2019,10,2019-10,10,17.78,24.74,24.74,9.5585,27.0,3.0,30.0,1,0.4831,1.1231,1
LJ500_R147_C033,147,33,677750,9574750,0,2500,2019,10,2019-10,10,18.66,24.4,24.4,10.33,26.67,3.3295,30.0,1,0.5306,0.986,1
LJ500_R147_C034,147,34,678250,9574750,500,2500,2019,10,2019-10,10,19.12,27.67,27.67,10.78,27.0,3.0,30.0,1,0.5257,0.98,1
LJ500_R147_C035,147,35,678750,9574750,1000,2500,2019,10,2019-10,10,19.12,27.67,27.67,10.78,27.0,3.0,30.0,1,0.4545,0.8695,1
LJ500_R147_C036,147,36,679250,9574750,1500,2500,2019,10,2019-10,10,19.12,27.67,27.67,10.78,27.0,3.0,30.0,1,0.442,0.85,1
LJ500_R147_C037,147,37,679750,9574750,2000,2500,2019,10,2019-10,10,19.12,27.67,27.67,10.78,27.0,3.0,30.0,1,0.3757,0.81,1
LJ500_R147_C038,147,38,680250,9574750,2500,2500,2019,10,2019-10,10,19.12,27.67,27.67,10.78,27.0,3.0,30.0,1,0.3658,0.8011,1
LJ500_R147_C039,147,39,680750,9574750,3000,2500,2019,10,2019-10,10,19.12,27.67,27.67,10.78,27.0,3.0,30.0,1,0.3087,0.75,1
LJ500_R147_C040,147,40,681250,9574750,3500,2500,2019,10,2019-10,10,19.12,27.67,27.67,10.78,27.0,3.0,30.0,1,0.3495,0.7945,1
LJ500_R147_C041,147,41,681750,9574750,4000,2500,2019,10,2019-10,10,19.12,27.67,27.67,10.78,27.0,3.0,30.0,1,0.4463,0.9,1
LJ500_R147_C042,147,42,682250,9574750,4500,2500,2019,10,2019-10,10,19.12,27.67,27.67,10.78,27.0,3.0,30.0,1,0.4613,1.0114,1
LJ500_R148_C033,148,33,677750,9575250,0,3000,2019,10,2019-10,10,18.66,24.38,24.38,10.32,26.67,3.3313,30.0,1,0.5251,0.9927,1
LJ500_R148_C034,148,34,678250,9575250,500,3000,2019,10,2019-10,10,19.12,27.67,27.67,10.78,27.0,3.0,30.0,1,0.5347,1.0109,1
LJ500_R148_C035,148,35,678750,9575250,1000,3000,2019,10,2019-10,10,19.12,27.67,27.67,10.78,27.0,3.0,30.0,1,0.4709,0.8902,1
LJ500_R148_C036,148,36,679250,9575250,1500,3000,2019,10,2019-10,10,19.12,27.67,27.67,10.78,27.0,3.0,30.0,1,0.4596,0.8686,1
LJ500_R148_C037,148,37,679750,9575250,2000,3000,2019,10,2019-10,10,19.12,27.67,27.67,10.78,27.0,3.0,30.0,1,0.4092,0.8164,1
LJ500_R148_C038,148,38,680250,9575250,2500,3000,2019,10,2019-10,10,19.12,27.67,27.67,10.78,27.0,3.0,30.0,1,0.3972,0.8075,1
LJ500_R148_C039,148,39,680750,9575250,3000,3000,2019,10,2019-10,10,19.12,27.67,27.67,10.78,27.0,3.0,30.0,1,0.3273,0.7563,1
LJ500_R148_C040,148,40,681250,9575250,3500,3000,2019,10,2019-10,10,19.12,27.67,27.67,10.78,27.0,3.0,30.0,1,0.3471,0.7671,1
LJ500_R148_C041,148,41,681750,9575250,4000,3000,2019,10,2019-10,10,19.12,27.67,27.67,10.78,27.0,3.0,30.0,1,0.3944,0.7928,1
LJ500_R148_C042,148,42,682250,9575250,4500,3000,2019,10,2019-10,10,19.12,27.67,27.67,10.78,27.0,3.0,30.0,1,0.4142,0.8641,1
LJ500_R149_C033,149,33,677750,9575750,0,3500,2019,10,2019-10,10,18.66,24.36,24.36,10.32,26.67,3.3332,30.0,1,0.5215,0.9967,1
LJ500_R149_C034,149,34,678250,9575750,500,3500,2019,10,2019-10,10,19.12,27.67,27.67,10.78,27.0,3.0,30.0,1,0.5403,1.03,1
LJ500_R149_C035,149,35,678750,9575750,1000,3500,2019,10,2019-10,10,19.12,27.67,27.67,10.78,27.0,3.0,30.0,1,0.4811,0.903,1
LJ500_R149_C036,149,36,679250,9575750,1500,3500,2019,10,2019-10,10,19.12,27.67,27.67,10.78,27.0,3.0,30.0,1,0.4703,0.88,1
LJ500_R149_C037,149,37,679750,9575750,2000,3500,2019,10,2019-10,10,19.12,27.67,27.67,10.78,27.0,3.0,30.0,1,0.4295,0.8203,1
LJ500_R149_C038,149,38,680250,9575750,2500,3500,2019,10,2019-10,10,19.12,27.67,27.67,10.78,27.0,3.0,30.0,1,0.4162,0.8114,1
LJ500_R149_C039,149,39,680750,9575750,3000,3500,2019,10,2019-10,10,19.12,27.67,27.67,10.78,27.0,3.0,30.0,1,0.3383,0.76,1
LJ500_R149_C040,149,40,681250,9575750,3500,3500,2019,10,2019-10,10,19.12,27.67,27.67,10.78,27.0,3.0,30.0,1,0.3459,0.7512,1
LJ500_R149_C041,149,41,681750,9575750,4000,3500,2019,10,2019-10,10,19.12,27.67,27.67,10.78,27.0,3.0,30.0,1,0.364,0.73,1
LJ500_R149_C042,149,42,682250,9575750,4500,3500,2019,10,2019-10,10,19.12,27.67,27.67,10.78,27.0,3.0,30.0,1,0.3868,0.7786,1
LJ500_R150_C033,150,33,677750,9576250,0,4000,2019,10,2019-10,10,18.66,24.34,24.34,10.32,26.66,3.3351,30.0,1,0.5381,1.055,1
LJ500_R150_C034,150,34,678250,9576250,500,4000,2019,10,2019-10,10,19.12,27.67,27.67,10.78,27.0,3.0,30.0,1,0.5538,1.1074,1
LJ500_R150_C035,150,35,678750,9576250,1000,4000,2019,10,2019-10,10,19.12,27.67,27.67,10.78,27.0,3.0,30.0,1,0.4984,0.9547,1
LJ500_R150_C036,150,36,679250,9576250,1500,4000,2019,10,2019-10,10,19.12,27.67,27.67,10.78,27.0,3.0,30.0,1,0.4882,0.9267,1
LJ500_R150_C037,150,37,679750,9576250,2000,4000,2019,10,2019-10,10,19.12,27.67,27.67,10.78,27.0,3.0,30.0,1,0.4899,0.9834,1
LJ500_R150_C038,150,38,680250,9576250,2500,4000,2019,10,2019-10,10,19.12,27.67,27.67,10.78,27.0,3.0,30.0,1,0.4829,0.9712,1
LJ500_R150_C039,150,39,680750,9576250,3000,4000,2019,10,2019-10,10,19.12,27.67,27.67,10.78,27.0,3.0,30.0,1,0.4397,0.8933,1
LJ500_R150_C040,150,40,681250,9576250,3500,4000,2019,10,2019-10,10,19.12,27.67,27.67,10.78,27.0,3.0,30.0,1,0.4182,0.846,1
LJ500_R150_C041,150,41,681750,9576250,4000,4000,2019,10,2019-10,10,19.12,27.67,27.67,10.78,27.0,3.0,30.0,1,0.3653,0.73,1
LJ500_R150_C042,150,42,682250,9576250,4500,4000,2019,10,2019-10,10,19.12,27.67,27.67,10.78,27.0,3.0,30.0,1,0.3804,0.761,1
LJ500_R151_C033,151,33,677750,9576750,0,4500,2019,10,2019-10,10,18.65,24.33,24.33,10.32,26.66,3.337,30.0,1,0.543,1.0719,1
LJ500_R151_C034,151,34,678250,9576750,500,4500,2019,10,2019-10,10,19.12,27.67,27.67,10.78,27.0,3.0,30.0,1,0.5577,1.13,1
LJ500_R151_C035,151,35,678750,9576750,1000,4500,2019,10,2019-10,10,19.12,27.67,27.67,10.78,27.0,3.0,30.0,1,0.5034,0.9699,1
LJ500_R151_C036,151,36,679250,9576750,1500,4500,2019,10,2019-10,10,19.12,27.67,27.67,10.78,27.0,3.0,30.0,1,0.4933,0.94,1
LJ500_R151_C037,151,37,679750,9576750,2000,4500,2019,10,2019-10,10,19.12,27.67,27.67,10.78,27.0,3.0,30.0,1,0.5069,1.0292,1
LJ500_R151_C038,151,38,680250,9576750,2500,4500,2019,10,2019-10,10,19.12,27.67,27.67,10.78,27.0,3.0,30.0,1,0.5015,1.016,1
LJ500_R151_C039,151,39,680750,9576750,3000,4500,2019,10,2019-10,10,19.12,27.67,27.67,10.78,27.0,3.0,30.0,1,0.4677,0.93,1
LJ500_R151_C040,151,40,681250,9576750,3500,4500,2019,10,2019-10,10,19.12,27.67,27.67,10.78,27.0,3.0,30.0,1,0.4382,0.8722,1
LJ500_R151_C041,151,41,681750,9576750,4000,4500,2019,10,2019-10,10,19.12,27.67,27.67,10.78,27.0,3.0,30.0,1,0.3657,0.73,1
LJ500_R151_C042,151,42,682250,9576750,4500,4500,2019,10,2019-10,10,19.12,27.67,27.67,10.78,27.0,3.0,30.0,1,0.3787,0.7563,1
LJ500_R142_C033,142,33,677750,9572250,0,0,2019,11,2019-11,11,55.58,71.88,75.74,14.56,25.0,6.0,31.0,1,0.5817,1.0568,1
LJ500_R142_C034,142,34,678250,9572250,500,0,2019,11,2019-11,11,57.19,73.9,79.58,14.76,25.0,6.0,31.0,1,0.5872,1.058,1
LJ500_R142_C035,142,35,678750,9572250,1000,0,2019,11,2019-11,11,57.19,73.9,79.58,14.76,25.0,6.0,31.0,1,0.4235,0.8256,1
LJ500_R142_C036,142,36,679250,9572250,1500,0,2019,11,2019-11,11,57.19,73.9,79.58,14.76,25.0,6.0,31.0,1,0.3956,0.7857,1
LJ500_R142_C037,142,37,679750,9572250,2000,0,2019,11,2019-11,11,57.19,73.9,79.58,14.76,25.0,6.0,31.0,1,0.2779,0.5876,1
LJ500_R142_C038,142,38,680250,9572250,2500,0,2019,11,2019-11,11,57.19,73.9,79.58,14.76,25.0,6.0,31.0,1,0.3209,0.6463,1
LJ500_R142_C039,142,39,680750,9572250,3000,0,2019,11,2019-11,11,57.19,73.9,79.58,14.76,25.0,6.0,31.0,1,0.5509,0.96,1
LJ500_R142_C040,142,40,681250,9572250,3500,0,2019,11,2019-11,11,57.19,73.9,79.58,14.76,25.0,6.0,31.0,1,0.5911,1.0142,1
LJ500_R142_C041,142,41,681750,9572250,4000,0,2019,11,2019-11,11,57.19,73.9,79.58,14.76,25.0,6.0,31.0,1,0.6821,1.1375,1
LJ500_R142_C042,142,42,682250,9572250,4500,0,2019,11,2019-11,11,57.19,73.9,79.58,14.76,25.0,6.0,31.0,1,0.6752,1.1486,1
LJ500_R143_C033,143,33,677750,9572750,0,500,2019,11,2019-11,11,55.57,71.87,75.72,14.56,25.0,6.0,31.0,1,0.5321,0.9882,1
LJ500_R143_C034,143,34,678250,9572750,500,500,2019,11,2019-11,11,57.19,73.9,79.58,14.76,25.0,6.0,31.0,1,0.4897,0.93,1
LJ500_R143_C035,143,35,678750,9572750,1000,500,2019,11,2019-11,11,57.19,73.9,79.58,14.76,25.0,6.0,31.0,1,0.3419,0.6984,1
LJ500_R143_C036,143,36,679250,9572750,1500,500,2019,11,2019-11,11,57.19,73.9,79.58,14.76,25.0,6.0,31.0,1,0.3173,0.6598,1
LJ500_R143_C037,143,37,679750,9572750,2000,500,2019,11,2019-11,11,57.19,73.9,79.58,14.76,25.0,6.0,31.0,1,0.3003,0.63,1
LJ500_R143_C038,143,38,680250,9572750,2500,500,2019,11,2019-11,11,57.19,73.9,79.58,14.76,25.0,6.0,31.0,1,0.3398,0.6813,1
LJ500_R143_C039,143,39,680750,9572750,3000,500,2019,11,2019-11,11,57.19,73.9,79.58,14.76,25.0,6.0,31.0,1,0.5542,0.96,1
LJ500_R143_C040,143,40,681250,9572750,3500,500,2019,11,2019-11,11,57.19,73.9,79.58,14.76,25.0,6.0,31.0,1,0.6111,1.1061,1
LJ500_R143_C041,143,41,681750,9572750,4000,500,2019,11,2019-11,11,57.19,73.9,79.58,14.76,25.0,6.0,31.0,1,0.741,1.44,1
LJ500_R143_C042,143,42,682250,9572750,4500,500,2019,11,2019-11,11,57.19,73.9,79.58,14.76,25.0,6.0,31.0,1,0.7189,1.4808,1
LJ500_R144_C033,144,33,677750,9573250,0,1000,2019,11,2019-11,11,55.56,71.86,75.69,14.56,25.0,6.0,31.0,1,0.5192,0.97,1
LJ500_R144_C034,144,34,678250,9573250,500,1000,2019,11,2019-11,11,57.19,73.9,79.58,14.76,25.0,6.0,31.0,1,0.48,0.9148,1
LJ500_R144_C035,144,35,678750,9573250,1000,1000,2019,11,2019-11,11,57.19,73.9,79.58,14.76,25.0,6.0,31.0,1,0.3608,0.728,1
LJ500_R144_C036,144,36,679250,9573250,1500,1000,2019,11,2019-11,11,57.19,73.9,79.58,14.76,25.0,6.0,31.0,1,0.3407,0.6966,1
LJ500_R144_C037,144,37,679750,9573250,2000,1000,2019,11,2019-11,11,57.19,73.9,79.58,14.76,25.0,6.0,31.0,1,0.3068,0.6393,1
LJ500_R144_C038,144,38,680250,9573250,2500,1000,2019,11,2019-11,11,57.19,73.9,79.58,14.76,25.0,6.0,31.0,1,0.3401,0.6819,1
LJ500_R144_C039,144,39,680750,9573250,3000,1000,2019,11,2019-11,11,57.19,73.9,79.58,14.76,25.0,6.0,31.0,1,0.5227,0.9162,1
LJ500_R144_C040,144,40,681250,9573250,3500,1000,2019,11,2019-11,11,57.19,73.9,79.58,14.76,25.0,6.0,31.0,1,0.5827,1.044,1
LJ500_R144_C041,144,41,681750,9573250,4000,1000,2019,11,2019-11,11,57.19,73.9,79.58,14.76,25.0,6.0,31.0,1,0.7215,1.3387,1
LJ500_R144_C042,144,42,682250,9573250,4500,1000,2019,11,2019-11,11,57.19,73.9,79.58,14.76,25.0,6.0,31.0,1,0.699,1.4405,1
LJ500_R145_C033,145,33,677750,9573750,0,1500,2019,11,2019-11,11,55.55,71.84,75.67,14.56,25.0,6.0,31.0,1,0.4889,0.9272,1
LJ500_R145_C034,145,34,678250,9573750,500,1500,2019,11,2019-11,11,57.19,73.9,79.58,14.76,25.0,6.0,31.0,1,0.4577,0.88,1
LJ500_R145_C035,145,35,678750,9573750,1000,1500,2019,11,2019-11,11,57.19,73.9,79.58,14.76,25.0,6.0,31.0,1,0.4032,0.7946,1
LJ500_R145_C036,145,36,679250,9573750,1500,1500,2019,11,2019-11,11,57.19,73.9,79.58,14.76,25.0,6.0,31.0,1,0.3937,0.7796,1
LJ500_R145_C037,145,37,679750,9573750,2000,1500,2019,11,2019-11,11,57.19,73.9,79.58,14.76,25.0,6.0,31.0,1,0.3213,0.66,1
LJ500_R145_C038,145,38,680250,9573750,2500,1500,2019,11,2019-11,11,57.19,73.9,79.58,14.76,25.0,6.0,31.0,1,0.3414,0.6843,1
LJ500_R145_C039,145,39,680750,9573750,3000,1500,2019,11,2019-11,11,57.19,73.9,79.58,14.76,25.0,6.0,31.0,1,0.4535,0.82,1
LJ500_R145_C040,145,40,681250,9573750,3500,1500,2019,11,2019-11,11,57.19,73.9,79.58,14.76,25.0,6.0,31.0,1,0.5214,0.9102,1
LJ500_R145_C041,145,41,681750,9573750,4000,1500,2019,11,2019-11,11,57.19,73.9,79.58,14.76,25.0,6.0,31.0,1,0.6794,1.12,1
LJ500_R145_C042,145,42,682250,9573750,4500,1500,2019,11,2019-11,11,57.19,73.9,79.58,14.76,25.0,6.0,31.0,1,0.6563,1.3537,1
LJ500_R146_C033,146,33,677750,9574250,0,2000,2019,11,2019-11,11,55.33,72.63,77.28,13.6,24.86,6.1401,31.0,1,0.5532,1.0015,1
LJ500_R146_C034,146,34,678250,9574250,500,2000,2019,11,2019-11,11,57.23,74.97,81.89,14.29,25.0,6.0,31.0,1,0.5363,0.9721,1
LJ500_R146_C035,146,35,678750,9574250,1000,2000,2019,11,2019-11,11,57.23,74.98,81.9,14.29,25.0,6.0,31.0,1,0.4592,0.8636,1
LJ500_R146_C036,146,36,679250,9574250,1500,2000,2019,11,2019-11,11,57.23,74.98,81.91,14.28,25.0,6.0,31.0,1,0.4459,0.8449,1
LJ500_R146_C037,146,37,679750,9574250,2000,2000,2019,11,2019-11,11,57.23,74.99,81.92,14.28,25.0,6.0,31.0,1,0.3729,0.7299,1
LJ500_R146_C038,146,38,680250,9574250,2500,2000,2019,11,2019-11,11,57.23,74.99,81.93,14.28,25.0,6.0,31.0,1,0.3783,0.7346,1
LJ500_R146_C039,146,39,680750,9574250,3000,2000,2019,11,2019-11,11,57.23,75.0,81.94,14.28,25.0,6.0,31.0,1,0.4073,0.7589,1
LJ500_R146_C040,146,40,681250,9574250,3500,2000,2019,11,2019-11,11,57.23,75.0,81.95,14.28,25.0,6.0,31.0,1,0.4807,0.8483,1
LJ500_R146_C041,146,41,681750,9574250,4000,2000,2019,11,2019-11,11,57.23,75.01,81.96,14.27,25.0,6.0,31.0,1,0.6532,1.0584,1
LJ500_R146_C042,146,42,682250,9574250,4500,2000,2019,11,2019-11,11,57.23,75.01,81.97,14.27,25.0,6.0,31.0,1,0.6547,1.31,1
LJ500_R147_C033,147,33,677750,9574750,0,2500,2019,11,2019-11,11,55.03,73.69,79.43,12.33,24.67,6.3295,31.0,1,0.6289,1.089,1
LJ500_R147_C034,147,34,678250,9574750,500,2500,2019,11,2019-11,11,57.28,76.4,84.95,13.66,25.0,6.0,31.0,1,0.6284,1.08,1
LJ500_R147_C035,147,35,678750,9574750,1000,2500,2019,11,2019-11,11,57.28,76.4,84.95,13.66,25.0,6.0,31.0,1,0.5244,0.944,1
LJ500_R147_C036,147,36,679250,9574750,1500,2500,2019,11,2019-11,11,57.28,76.4,84.95,13.66,25.0,6.0,31.0,1,0.5061,0.92,1
LJ500_R147_C037,147,37,679750,9574750,2000,2500,2019,11,2019-11,11,57.28,76.4,84.95,13.66,25.0,6.0,31.0,1,0.432,0.8101,1
LJ500_R147_C038,147,38,680250,9574750,2500,2500,2019,11,2019-11,11,57.28,76.4,84.95,13.66,25.0,6.0,31.0,1,0.4206,0.7922,1
LJ500_R147_C039,147,39,680750,9574750,3000,2500,2019,11,2019-11,11,57.28,76.4,84.95,13.66,25.0,6.0,31.0,1,0.3552,0.69,1
LJ500_R147_C040,147,40,681250,9574750,3500,2500,2019,11,2019-11,11,57.28,76.4,84.95,13.66,25.0,6.0,31.0,1,0.435,0.779,1
LJ500_R147_C041,147,41,681750,9574750,4000,2500,2019,11,2019-11,11,57.28,76.4,84.95,13.66,25.0,6.0,31.0,1,0.6242,0.99,1
LJ500_R147_C042,147,42,682250,9574750,4500,2500,2019,11,2019-11,11,57.28,76.4,84.95,13.66,25.0,6.0,31.0,1,0.6527,1.2618,1
LJ500_R148_C033,148,33,677750,9575250,0,3000,2019,11,2019-11,11,55.01,73.67,79.39,12.32,24.67,6.3313,31.0,1,0.6239,1.076,1
LJ500_R148_C034,148,34,678250,9575250,500,3000,2019,11,2019-11,11,57.28,76.4,84.95,13.66,25.0,6.0,31.0,1,0.6503,1.0985,1
LJ500_R148_C035,148,35,678750,9575250,1000,3000,2019,11,2019-11,11,57.28,76.4,84.95,13.66,25.0,6.0,31.0,1,0.5485,0.9681,1
LJ500_R148_C036,148,36,679250,9575250,1500,3000,2019,11,2019-11,11,57.28,76.4,84.95,13.66,25.0,6.0,31.0,1,0.5304,0.9448,1
LJ500_R148_C037,148,37,679750,9575250,2000,3000,2019,11,2019-11,11,57.28,76.4,84.95,13.66,25.0,6.0,31.0,1,0.4759,0.8601,1
LJ500_R148_C038,148,38,680250,9575250,2500,3000,2019,11,2019-11,11,57.28,76.4,84.95,13.66,25.0,6.0,31.0,1,0.4617,0.8397,1
LJ500_R148_C039,148,39,680750,9575250,3000,3000,2019,11,2019-11,11,57.28,76.4,84.95,13.66,25.0,6.0,31.0,1,0.3786,0.7213,1
LJ500_R148_C040,148,40,681250,9575250,3500,3000,2019,11,2019-11,11,57.28,76.4,84.95,13.66,25.0,6.0,31.0,1,0.4173,0.7617,1
LJ500_R148_C041,148,41,681750,9575250,4000,3000,2019,11,2019-11,11,57.28,76.4,84.95,13.66,25.0,6.0,31.0,1,0.5092,0.8576,1
LJ500_R148_C042,148,42,682250,9575250,4500,3000,2019,11,2019-11,11,57.28,76.4,84.95,13.66,25.0,6.0,31.0,1,0.5553,0.9903,1
LJ500_R149_C033,149,33,677750,9575750,0,3500,2019,11,2019-11,11,55.0,73.66,79.36,12.31,24.67,6.3332,31.0,1,0.6205,1.0677,1
LJ500_R149_C034,149,34,678250,9575750,500,3500,2019,11,2019-11,11,57.28,76.4,84.95,13.66,25.0,6.0,31.0,1,0.6639,1.11,1
LJ500_R149_C035,149,35,678750,9575750,1000,3500,2019,11,2019-11,11,57.28,76.4,84.95,13.66,25.0,6.0,31.0,1,0.5634,0.983,1
LJ500_R149_C036,149,36,679250,9575750,1500,3500,2019,11,2019-11,11,57.28,76.4,84.95,13.66,25.0,6.0,31.0,1,0.5452,0.96,1
LJ500_R149_C037,149,37,679750,9575750,2000,3500,2019,11,2019-11,11,57.28,76.4,84.95,13.66,25.0,6.0,31.0,1,0.5025,0.8903,1
LJ500_R149_C038,149,38,680250,9575750,2500,3500,2019,11,2019-11,11,57.28,76.4,84.95,13.66,25.0,6.0,31.0,1,0.4864,0.8684,1
LJ500_R149_C039,149,39,680750,9575750,3000,3500,2019,11,2019-11,11,57.28,76.4,84.95,13.66,25.0,6.0,31.0,1,0.3926,0.74,1
LJ500_R149_C040,149,40,681250,9575750,3500,3500,2019,11,2019-11,11,57.28,76.4,84.95,13.66,25.0,6.0,31.0,1,0.407,0.7517,1
LJ500_R149_C041,149,41,681750,9575750,4000,3500,2019,11,2019-11,11,57.28,76.4,84.95,13.66,25.0,6.0,31.0,1,0.4419,0.78,1
LJ500_R149_C042,149,42,682250,9575750,4500,3500,2019,11,2019-11,11,57.28,76.4,84.95,13.66,25.0,6.0,31.0,1,0.4986,0.833,1
LJ500_R150_C033,150,33,677750,9576250,0,4000,2019,11,2019-11,11,54.99,73.64,79.33,12.3,24.66,6.3351,31.0,1,0.6764,1.1437,1
LJ500_R150_C034,150,34,678250,9576250,500,4000,2019,11,2019-11,11,57.28,76.4,84.95,13.66,25.0,6.0,31.0,1,0.7301,1.2029,1
LJ500_R150_C035,150,35,678750,9576250,1000,4000,2019,11,2019-11,11,57.28,76.4,84.95,13.66,25.0,6.0,31.0,1,0.5997,1.024,1
LJ500_R150_C036,150,36,679250,9576250,1500,4000,2019,11,2019-11,11,57.28,76.4,84.95,13.66,25.0,6.0,31.0,1,0.5758,0.9911,1
LJ500_R150_C037,150,37,679750,9576250,2000,4000,2019,11,2019-11,11,57.28,76.4,84.95,13.66,25.0,6.0,31.0,1,0.6452,1.0534,1
LJ500_R150_C038,150,38,680250,9576250,2500,4000,2019,11,2019-11,11,57.28,76.4,84.95,13.66,25.0,6.0,31.0,1,0.6338,1.0351,1
LJ500_R150_C039,150,39,680750,9576250,3000,4000,2019,11,2019-11,11,57.28,76.4,84.95,13.66,25.0,6.0,31.0,1,0.5607,0.9203,1
LJ500_R150_C040,150,40,681250,9576250,3500,4000,2019,11,2019-11,11,57.28,76.4,84.95,13.66,25.0,6.0,31.0,1,0.5272,0.8798,1
LJ500_R150_C041,150,41,681750,9576250,4000,4000,2019,11,2019-11,11,57.28,76.4,84.95,13.66,25.0,6.0,31.0,1,0.4445,0.78,1
LJ500_R150_C042,150,42,682250,9576250,4500,4000,2019,11,2019-11,11,57.28,76.4,84.95,13.66,25.0,6.0,31.0,1,0.4806,0.8085,1
LJ500_R151_C033,151,33,677750,9576750,0,4500,2019,11,2019-11,11,54.98,73.63,79.3,12.3,24.66,6.337,31.0,1,0.6926,1.1657,1
LJ500_R151_C034,151,34,678250,9576750,500,4500,2019,11,2019-11,11,57.28,76.4,84.95,13.66,25.0,6.0,31.0,1,0.7494,1.23,1
LJ500_R151_C035,151,35,678750,9576750,1000,4500,2019,11,2019-11,11,57.28,76.4,84.95,13.66,25.0,6.0,31.0,1,0.6104,1.0362,1
LJ500_R151_C036,151,36,679250,9576750,1500,4500,2019,11,2019-11,11,57.28,76.4,84.95,13.66,25.0,6.0,31.0,1,0.5845,1.0,1
LJ500_R151_C037,151,37,679750,9576750,2000,4500,2019,11,2019-11,11,57.28,76.4,84.95,13.66,25.0,6.0,31.0,1,0.6853,1.0992,1
LJ500_R151_C038,151,38,680250,9576750,2500,4500,2019,11,2019-11,11,57.28,76.4,84.95,13.66,25.0,6.0,31.0,1,0.675,1.0818,1
LJ500_R151_C039,151,39,680750,9576750,3000,4500,2019,11,2019-11,11,57.28,76.4,84.95,13.66,25.0,6.0,31.0,1,0.6071,0.97,1
LJ500_R151_C040,151,40,681250,9576750,3500,4500,2019,11,2019-11,11,57.28,76.4,84.95,13.66,25.0,6.0,31.0,1,0.5603,0.9151,1
LJ500_R151_C041,151,41,681750,9576750,4000,4500,2019,11,2019-11,11,57.28,76.4,84.95,13.66,25.0,6.0,31.0,1,0.4452,0.78,1
LJ500_R151_C042,151,42,682250,9576750,4500,4500,2019,11,2019-11,11,57.28,76.4,84.95,13.66,25.0,6.0,31.0,1,0.4757,0.8019,1
LJ500_R142_C033,142,33,677750,9572250,0,0,2019,12,2019-12,12,24.78,80.36,96.66,13.23,26.0,4.0,30.0,1,0.5172,0.9309,1
LJ500_R142_C034,142,34,678250,9572250,500,0,2019,12,2019-12,12,23.66,80.85,97.56,12.7,26.0,4.0,30.0,1,0.5223,0.9437,1
LJ500_R142_C035,142,35,678750,9572250,1000,0,2019,12,2019-12,12,23.66,80.85,97.56,12.7,26.0,4.0,30.0,1,0.4023,0.7077,1
LJ500_R142_C036,142,36,679250,9572250,1500,0,2019,12,2019-12,12,23.66,80.85,97.56,12.7,26.0,4.0,30.0,1,0.3816,0.6675,1
LJ500_R142_C037,142,37,679750,9572250,2000,0,2019,12,2019-12,12,23.66,80.85,97.56,12.7,26.0,4.0,30.0,1,0.2759,0.5046,1
LJ500_R142_C038,142,38,680250,9572250,2500,0,2019,12,2019-12,12,23.66,80.85,97.56,12.7,26.0,4.0,30.0,1,0.3111,0.5656,1
LJ500_R142_C039,142,39,680750,9572250,3000,0,2019,12,2019-12,12,23.66,80.85,97.56,12.7,26.0,4.0,30.0,1,0.4991,0.8916,1
LJ500_R142_C040,142,40,681250,9572250,3500,0,2019,12,2019-12,12,23.66,80.85,97.56,12.7,26.0,4.0,30.0,1,0.5274,0.9672,1
LJ500_R142_C041,142,41,681750,9572250,4000,0,2019,12,2019-12,12,23.66,80.85,97.56,12.7,26.0,4.0,30.0,1,0.5916,1.1391,1
LJ500_R142_C042,142,42,682250,9572250,4500,0,2019,12,2019-12,12,23.66,80.85,97.56,12.7,26.0,4.0,30.0,1,0.5907,1.1432,1
LJ500_R143_C033,143,33,677750,9572750,0,500,2019,12,2019-12,12,24.79,80.36,96.65,13.24,26.0,4.0,30.0,1,0.479,0.854,1
LJ500_R143_C034,143,34,678250,9572750,500,500,2019,12,2019-12,12,23.66,80.85,97.56,12.7,26.0,4.0,30.0,1,0.4483,0.79,1
LJ500_R143_C035,143,35,678750,9572750,1000,500,2019,12,2019-12,12,23.66,80.85,97.56,12.7,26.0,4.0,30.0,1,0.3234,0.5841,1
LJ500_R143_C036,143,36,679250,9572750,1500,500,2019,12,2019-12,12,23.66,80.85,97.56,12.7,26.0,4.0,30.0,1,0.3026,0.5499,1
LJ500_R143_C037,143,37,679750,9572750,2000,500,2019,12,2019-12,12,23.66,80.85,97.56,12.7,26.0,4.0,30.0,1,0.2973,0.53,1
LJ500_R143_C038,143,38,680250,9572750,2500,500,2019,12,2019-12,12,23.66,80.85,97.56,12.7,26.0,4.0,30.0,1,0.3291,0.5876,1
LJ500_R143_C039,143,39,680750,9572750,3000,500,2019,12,2019-12,12,23.66,80.85,97.56,12.7,26.0,4.0,30.0,1,0.5017,0.9,1
LJ500_R143_C040,143,40,681250,9572750,3500,500,2019,12,2019-12,12,23.66,80.85,97.56,12.7,26.0,4.0,30.0,1,0.5445,1.0674,1
LJ500_R143_C041,143,41,681750,9572750,4000,500,2019,12,2019-12,12,23.66,80.85,97.56,12.7,26.0,4.0,30.0,1,0.6423,1.45,1
LJ500_R143_C042,143,42,682250,9572750,4500,500,2019,12,2019-12,12,23.66,80.85,97.56,12.7,26.0,4.0,30.0,1,0.6493,1.518,1
LJ500_R144_C033,144,33,677750,9573250,0,1000,2019,12,2019-12,12,24.79,80.35,96.65,13.24,26.0,4.0,30.0,1,0.4681,0.8323,1
LJ500_R144_C034,144,34,678250,9573250,500,1000,2019,12,2019-12,12,23.66,80.85,97.56,12.7,26.0,4.0,30.0,1,0.44,0.7748,1
LJ500_R144_C035,144,35,678750,9573250,1000,1000,2019,12,2019-12,12,23.66,80.85,97.56,12.7,26.0,4.0,30.0,1,0.3414,0.6085,1
LJ500_R144_C036,144,36,679250,9573250,1500,1000,2019,12,2019-12,12,23.66,80.85,97.56,12.7,26.0,4.0,30.0,1,0.3249,0.5805,1
LJ500_R144_C037,144,37,679750,9573250,2000,1000,2019,12,2019-12,12,23.66,80.85,97.56,12.7,26.0,4.0,30.0,1,0.303,0.5362,1
LJ500_R144_C038,144,38,680250,9573250,2500,1000,2019,12,2019-12,12,23.66,80.85,97.56,12.7,26.0,4.0,30.0,1,0.3302,0.5831,1
LJ500_R144_C039,144,39,680750,9573250,3000,1000,2019,12,2019-12,12,23.66,80.85,97.56,12.7,26.0,4.0,30.0,1,0.4793,0.8406,1
LJ500_R144_C040,144,40,681250,9573250,3500,1000,2019,12,2019-12,12,23.66,80.85,97.56,12.7,26.0,4.0,30.0,1,0.5236,0.9904,1
LJ500_R144_C041,144,41,681750,9573250,4000,1000,2019,12,2019-12,12,23.66,80.85,97.56,12.7,26.0,4.0,30.0,1,0.626,1.336,1
LJ500_R144_C042,144,42,682250,9573250,4500,1000,2019,12,2019-12,12,23.66,80.85,97.56,12.7,26.0,4.0,30.0,1,0.6441,1.4792,1
LJ500_R145_C033,145,33,677750,9573750,0,1500,2019,12,2019-12,12,24.8,80.35,96.64,13.24,26.0,4.0,30.0,1,0.4424,0.7813,1
LJ500_R145_C034,145,34,678250,9573750,500,1500,2019,12,2019-12,12,23.66,80.85,97.56,12.7,26.0,4.0,30.0,1,0.421,0.74,1
LJ500_R145_C035,145,35,678750,9573750,1000,1500,2019,12,2019-12,12,23.66,80.85,97.56,12.7,26.0,4.0,30.0,1,0.382,0.6631,1
LJ500_R145_C036,145,36,679250,9573750,1500,1500,2019,12,2019-12,12,23.66,80.85,97.56,12.7,26.0,4.0,30.0,1,0.3752,0.6497,1
LJ500_R145_C037,145,37,679750,9573750,2000,1500,2019,12,2019-12,12,23.66,80.85,97.56,12.7,26.0,4.0,30.0,1,0.3157,0.55,1
LJ500_R145_C038,145,38,680250,9573750,2500,1500,2019,12,2019-12,12,23.66,80.85,97.56,12.7,26.0,4.0,30.0,1,0.3331,0.5743,1
LJ500_R145_C039,145,39,680750,9573750,3000,1500,2019,12,2019-12,12,23.66,80.85,97.56,12.7,26.0,4.0,30.0,1,0.4303,0.71,1
LJ500_R145_C040,145,40,681250,9573750,3500,1500,2019,12,2019-12,12,23.66,80.85,97.56,12.7,26.0,4.0,30.0,1,0.4785,0.8242,1
LJ500_R145_C041,145,41,681750,9573750,4000,1500,2019,12,2019-12,12,23.66,80.85,97.56,12.7,26.0,4.0,30.0,1,0.5907,1.09,1
LJ500_R145_C042,145,42,682250,9573750,4500,1500,2019,12,2019-12,12,23.66,80.85,97.56,12.7,26.0,4.0,30.0,1,0.6328,1.3956,1
LJ500_R146_C033,146,33,677750,9574250,0,2000,2019,12,2019-12,12,25.62,80.94,98.25,12.94,25.57,4.4277,30.0,1,0.4899,0.8817,1
LJ500_R146_C034,146,34,678250,9574250,500,2000,2019,12,2019-12,12,24.84,82.07,99.82,12.64,25.57,4.4296,30.0,1,0.479,0.8597,1
LJ500_R146_C035,146,35,678750,9574250,1000,2000,2019,12,2019-12,12,24.85,82.08,99.83,12.64,25.57,4.4315,30.0,1,0.4233,0.7362,1
LJ500_R146_C036,146,36,679250,9574250,1500,2000,2019,12,2019-12,12,24.85,82.08,99.84,12.64,25.57,4.4334,30.0,1,0.4136,0.7149,1
LJ500_R146_C037,146,37,679750,9574250,2000,2000,2019,12,2019-12,12,24.86,82.09,99.85,12.64,25.56,4.4353,30.0,1,0.3592,0.6106,1
LJ500_R146_C038,146,38,680250,9574250,2500,2000,2019,12,2019-12,12,24.86,82.09,99.86,12.64,25.56,4.4372,30.0,1,0.3646,0.6166,1
LJ500_R146_C039,146,39,680750,9574250,3000,2000,2019,12,2019-12,12,24.87,82.1,99.87,12.64,25.56,4.4391,30.0,1,0.3938,0.6489,1
LJ500_R146_C040,146,40,681250,9574250,3500,2000,2019,12,2019-12,12,24.87,82.1,99.88,12.64,25.56,4.441,30.0,1,0.4471,0.7678,1
LJ500_R146_C041,146,41,681750,9574250,4000,2000,2019,12,2019-12,12,24.88,82.11,99.89,12.64,25.56,4.4429,30.0,1,0.5725,1.0474,1
LJ500_R146_C042,146,42,682250,9574250,4500,2000,2019,12,2019-12,12,24.89,82.12,99.9,12.64,25.56,4.4448,30.0,1,0.6202,1.3472,1
LJ500_R147_C033,147,33,677750,9574750,0,2500,2019,12,2019-12,12,26.7,81.73,100.39,12.52,25.0,5.0,30.0,1,0.5459,1.0,1
LJ500_R147_C034,147,34,678250,9574750,500,2500,2019,12,2019-12,12,26.42,83.7,102.82,12.56,25.0,5.0,30.0,1,0.547,1.0,1
LJ500_R147_C035,147,35,678750,9574750,1000,2500,2019,12,2019-12,12,26.42,83.7,102.82,12.56,25.0,5.0,30.0,1,0.4713,0.8214,1
LJ500_R147_C036,147,36,679250,9574750,1500,2500,2019,12,2019-12,12,26.42,83.7,102.82,12.56,25.0,5.0,30.0,1,0.458,0.79,1
LJ500_R147_C037,147,37,679750,9574750,2000,2500,2019,12,2019-12,12,26.42,83.7,102.82,12.56,25.0,5.0,30.0,1,0.409,0.6801,1
LJ500_R147_C038,147,38,680250,9574750,2500,2500,2019,12,2019-12,12,26.42,83.7,102.82,12.56,25.0,5.0,30.0,1,0.4007,0.6652,1
LJ500_R147_C039,147,39,680750,9574750,3000,2500,2019,12,2019-12,12,26.42,83.7,102.82,12.56,25.0,5.0,30.0,1,0.3527,0.58,1
LJ500_R147_C040,147,40,681250,9574750,3500,2500,2019,12,2019-12,12,26.42,83.7,102.82,12.56,25.0,5.0,30.0,1,0.4119,0.7046,1
LJ500_R147_C041,147,41,681750,9574750,4000,2500,2019,12,2019-12,12,26.42,83.7,102.82,12.56,25.0,5.0,30.0,1,0.5523,1.0,1
LJ500_R147_C042,147,42,682250,9574750,4500,2500,2019,12,2019-12,12,26.42,83.7,102.82,12.56,25.0,5.0,30.0,1,0.6064,1.2941,1
LJ500_R148_C033,148,33,677750,9575250,0,3000,2019,12,2019-12,12,26.71,81.72,100.38,12.52,25.0,5.0,30.0,1,0.5402,0.9907,1
LJ500_R148_C034,148,34,678250,9575250,500,3000,2019,12,2019-12,12,26.42,83.7,102.82,12.56,25.0,5.0,30.0,1,0.5618,1.037,1
LJ500_R148_C035,148,35,678750,9575250,1000,3000,2019,12,2019-12,12,26.42,83.7,102.82,12.56,25.0,5.0,30.0,1,0.4857,0.8642,1
LJ500_R148_C036,148,36,679250,9575250,1500,3000,2019,12,2019-12,12,26.42,83.7,102.82,12.56,25.0,5.0,30.0,1,0.4721,0.8335,1
LJ500_R148_C037,148,37,679750,9575250,2000,3000,2019,12,2019-12,12,26.42,83.7,102.82,12.56,25.0,5.0,30.0,1,0.4375,0.7488,1
LJ500_R148_C038,148,38,680250,9575250,2500,3000,2019,12,2019-12,12,26.42,83.7,102.82,12.56,25.0,5.0,30.0,1,0.4279,0.7278,1
LJ500_R148_C039,148,39,680750,9575250,3000,3000,2019,12,2019-12,12,26.42,83.7,102.82,12.56,25.0,5.0,30.0,1,0.3713,0.6051,1
LJ500_R148_C040,148,40,681250,9575250,3500,3000,2019,12,2019-12,12,26.42,83.7,102.82,12.56,25.0,5.0,30.0,1,0.4007,0.666,1
LJ500_R148_C041,148,41,681750,9575250,4000,3000,2019,12,2019-12,12,26.42,83.7,102.82,12.56,25.0,5.0,30.0,1,0.4708,0.8108,1
LJ500_R148_C042,148,42,682250,9575250,4500,3000,2019,12,2019-12,12,26.42,83.7,102.82,12.56,25.0,5.0,30.0,1,0.516,0.9795,1
LJ500_R149_C033,149,33,677750,9575750,0,3500,2019,12,2019-12,12,26.71,81.71,100.37,12.52,25.0,5.0,30.0,1,0.5364,0.9844,1
LJ500_R149_C034,149,34,678250,9575750,500,3500,2019,12,2019-12,12,26.42,83.7,102.82,12.56,25.0,5.0,30.0,1,0.571,1.06,1
LJ500_R149_C035,149,35,678750,9575750,1000,3500,2019,12,2019-12,12,26.42,83.7,102.82,12.56,25.0,5.0,30.0,1,0.4945,0.8907,1
LJ500_R149_C036,149,36,679250,9575750,1500,3500,2019,12,2019-12,12,26.42,83.7,102.82,12.56,25.0,5.0,30.0,1,0.4807,0.86,1
LJ500_R149_C037,149,37,679750,9575750,2000,3500,2019,12,2019-12,12,26.42,83.7,102.82,12.56,25.0,5.0,30.0,1,0.4548,0.7903,1
LJ500_R149_C038,149,38,680250,9575750,2500,3500,2019,12,2019-12,12,26.42,83.7,102.82,12.56,25.0,5.0,30.0,1,0.4442,0.7655,1
LJ500_R149_C039,149,39,680750,9575750,3000,3500,2019,12,2019-12,12,26.42,83.7,102.82,12.56,25.0,5.0,30.0,1,0.3823,0.62,1
LJ500_R149_C040,149,40,681250,9575750,3500,3500,2019,12,2019-12,12,26.42,83.7,102.82,12.56,25.0,5.0,30.0,1,0.3942,0.6434,1
LJ500_R149_C041,149,41,681750,9575750,4000,3500,2019,12,2019-12,12,26.42,83.7,102.82,12.56,25.0,5.0,30.0,1,0.423,0.7,1
LJ500_R149_C042,149,42,682250,9575750,4500,3500,2019,12,2019-12,12,26.42,83.7,102.82,12.56,25.0,5.0,30.0,1,0.4635,0.7972,1
LJ500_R150_C033,150,33,677750,9576250,0,4000,2019,12,2019-12,12,26.71,81.7,100.35,12.52,25.0,5.0,30.0,1,0.5761,1.0733,1
LJ500_R150_C034,150,34,678250,9576250,500,4000,2019,12,2019-12,12,26.42,83.7,102.82,12.56,25.0,5.0,30.0,1,0.6188,1.1684,1
LJ500_R150_C035,150,35,678750,9576250,1000,4000,2019,12,2019-12,12,26.42,83.7,102.82,12.56,25.0,5.0,30.0,1,0.5207,0.9539,1
LJ500_R150_C036,150,36,679250,9576250,1500,4000,2019,12,2019-12,12,26.42,83.7,102.82,12.56,25.0,5.0,30.0,1,0.5027,0.9145,1
LJ500_R150_C037,150,37,679750,9576250,2000,4000,2019,12,2019-12,12,26.42,83.7,102.82,12.56,25.0,5.0,30.0,1,0.5614,1.0233,1
LJ500_R150_C038,150,38,680250,9576250,2500,4000,2019,12,2019-12,12,26.42,83.7,102.82,12.56,25.0,5.0,30.0,1,0.5535,1.006,1
LJ500_R150_C039,150,39,680750,9576250,3000,4000,2019,12,2019-12,12,26.42,83.7,102.82,12.56,25.0,5.0,30.0,1,0.5025,0.8944,1
LJ500_R150_C040,150,40,681250,9576250,3500,4000,2019,12,2019-12,12,26.42,83.7,102.82,12.56,25.0,5.0,30.0,1,0.4794,0.8382,1
LJ500_R150_C041,150,41,681750,9576250,4000,4000,2019,12,2019-12,12,26.42,83.7,102.82,12.56,25.0,5.0,30.0,1,0.4222,0.7,1
LJ500_R150_C042,150,42,682250,9576250,4500,4000,2019,12,2019-12,12,26.42,83.7,102.82,12.56,25.0,5.0,30.0,1,0.4476,0.7655,1
LJ500_R151_C033,151,33,677750,9576750,0,4500,2019,12,2019-12,12,26.71,81.69,100.34,12.52,25.0,5.0,30.0,1,0.5876,1.099,1
LJ500_R151_C034,151,34,678250,9576750,500,4500,2019,12,2019-12,12,26.42,83.7,102.82,12.56,25.0,5.0,30.0,1,0.6327,1.2,1
LJ500_R151_C035,151,35,678750,9576750,1000,4500,2019,12,2019-12,12,26.42,83.7,102.82,12.56,25.0,5.0,30.0,1,0.5284,0.9724,1
LJ500_R151_C036,151,36,679250,9576750,1500,4500,2019,12,2019-12,12,26.42,83.7,102.82,12.56,25.0,5.0,30.0,1,0.509,0.93,1
LJ500_R151_C037,151,37,679750,9576750,2000,4500,2019,12,2019-12,12,26.42,83.7,102.82,12.56,25.0,5.0,30.0,1,0.5913,1.0887,1
LJ500_R151_C038,151,38,680250,9576750,2500,4500,2019,12,2019-12,12,26.42,83.7,102.82,12.56,25.0,5.0,30.0,1,0.5841,1.0732,1
LJ500_R151_C039,151,39,680750,9576750,3000,4500,2019,12,2019-12,12,26.42,83.7,102.82,12.56,25.0,5.0,30.0,1,0.5357,0.97,1
LJ500_R151_C040,151,40,681250,9576750,3500,4500,2019,12,2019-12,12,26.42,83.7,102.82,12.56,25.0,5.0,30.0,1,0.5028,0.8919,1
LJ500_R151_C041,151,41,681750,9576750,4000,4500,2019,12,2019-12,12,26.42,83.7,102.82,12.56,25.0,5.0,30.0,1,0.422,0.7,1
LJ500_R151_C042,151,42,682250,9576750,4500,4500,2019,12,2019-12,12,26.42,83.7,102.82,12.56,25.0,5.0,30.0,1,0.4433,0.7569,1
LJ500_R142_C033,142,33,677750,9572250,0,0,2020,1,2020-01,13,78.83,103.61,159.19,20.55,26.0,5.0,31.0,1,0.5768,1.117,1
LJ500_R142_C034,142,34,678250,9572250,500,0,2020,1,2020-01,13,73.46,97.12,154.31,17.87,26.0,5.0,31.0,1,0.5824,1.1322,1
LJ500_R142_C035,142,35,678750,9572250,1000,0,2020,1,2020-01,13,73.46,97.12,154.31,17.87,26.0,5.0,31.0,1,0.4456,0.9344,1
LJ500_R142_C036,142,36,679250,9572250,1500,0,2020,1,2020-01,13,73.46,97.12,154.31,17.87,26.0,5.0,31.0,1,0.4222,0.9008,1
LJ500_R142_C037,142,37,679750,9572250,2000,0,2020,1,2020-01,13,73.46,97.12,154.31,17.87,26.0,5.0,31.0,1,0.3196,0.7646,1
LJ500_R142_C038,142,38,680250,9572250,2500,0,2020,1,2020-01,13,73.46,97.12,154.31,17.87,26.0,5.0,31.0,1,0.3577,0.8222,1
LJ500_R142_C039,142,39,680750,9572250,3000,0,2020,1,2020-01,13,73.46,97.12,154.31,17.87,26.0,5.0,31.0,1,0.5612,1.13,1
LJ500_R142_C040,142,40,681250,9572250,3500,0,2020,1,2020-01,13,73.46,97.12,154.31,17.87,26.0,5.0,31.0,1,0.5906,1.2911,1
LJ500_R142_C041,142,41,681750,9572250,4000,0,2020,1,2020-01,13,73.46,97.12,154.31,17.87,26.0,5.0,31.0,1,0.6572,1.6567,1
LJ500_R142_C042,142,42,682250,9572250,4500,0,2020,1,2020-01,13,73.46,97.12,154.31,17.87,26.0,5.0,31.0,1,0.6529,1.6786,1
LJ500_R143_C033,143,33,677750,9572750,0,500,2020,1,2020-01,13,78.86,103.65,159.22,20.57,26.0,5.0,31.0,1,0.5284,1.034,1
LJ500_R143_C034,143,34,678250,9572750,500,500,2020,1,2020-01,13,73.46,97.12,154.31,17.87,26.0,5.0,31.0,1,0.4929,0.97,1
LJ500_R143_C035,143,35,678750,9572750,1000,500,2020,1,2020-01,13,73.46,97.12,154.31,17.87,26.0,5.0,31.0,1,0.3714,0.8242,1
LJ500_R143_C036,143,36,679250,9572750,1500,500,2020,1,2020-01,13,73.46,97.12,154.31,17.87,26.0,5.0,31.0,1,0.3512,0.7999,1
LJ500_R143_C037,143,37,679750,9572750,2000,500,2020,1,2020-01,13,73.46,97.12,154.31,17.87,26.0,5.0,31.0,1,0.339,0.79,1
LJ500_R143_C038,143,38,680250,9572750,2500,500,2020,1,2020-01,13,73.46,97.12,154.31,17.87,26.0,5.0,31.0,1,0.3736,0.8429,1
LJ500_R143_C039,143,39,680750,9572750,3000,500,2020,1,2020-01,13,73.46,97.12,154.31,17.87,26.0,5.0,31.0,1,0.561,1.13,1
LJ500_R143_C040,143,40,681250,9572750,3500,500,2020,1,2020-01,13,73.46,97.12,154.31,17.87,26.0,5.0,31.0,1,0.5955,1.4131,1
LJ500_R143_C041,143,41,681750,9572750,4000,500,2020,1,2020-01,13,73.46,97.12,154.31,17.87,26.0,5.0,31.0,1,0.6745,2.06,1
LJ500_R143_C042,143,42,682250,9572750,4500,500,2020,1,2020-01,13,73.46,97.12,154.31,17.87,26.0,5.0,31.0,1,0.6536,2.1189,1
LJ500_R144_C033,144,33,677750,9573250,0,1000,2020,1,2020-01,13,78.89,103.68,159.24,20.58,26.0,5.0,31.0,1,0.5164,1.0127,1
LJ500_R144_C034,144,34,678250,9573250,500,1000,2020,1,2020-01,13,73.46,97.12,154.31,17.87,26.0,5.0,31.0,1,0.4838,0.9579,1
LJ500_R144_C035,144,35,678750,9573250,1000,1000,2020,1,2020-01,13,73.46,97.12,154.31,17.87,26.0,5.0,31.0,1,0.3865,0.8436,1
LJ500_R144_C036,144,36,679250,9573250,1500,1000,2020,1,2020-01,13,73.46,97.12,154.31,17.87,26.0,5.0,31.0,1,0.3702,0.8244,1
LJ500_R144_C037,144,37,679750,9573250,2000,1000,2020,1,2020-01,13,73.46,97.12,154.31,17.87,26.0,5.0,31.0,1,0.344,0.7931,1
LJ500_R144_C038,144,38,680250,9573250,2500,1000,2020,1,2020-01,13,73.46,97.12,154.31,17.87,26.0,5.0,31.0,1,0.373,0.8358,1
LJ500_R144_C039,144,39,680750,9573250,3000,1000,2020,1,2020-01,13,73.46,97.12,154.31,17.87,26.0,5.0,31.0,1,0.532,1.0706,1
LJ500_R144_C040,144,40,681250,9573250,3500,1000,2020,1,2020-01,13,73.46,97.12,154.31,17.87,26.0,5.0,31.0,1,0.5729,1.322,1
LJ500_R144_C041,144,41,681750,9573250,4000,1000,2020,1,2020-01,13,73.46,97.12,154.31,17.87,26.0,5.0,31.0,1,0.6675,1.9016,1
LJ500_R144_C042,144,42,682250,9573250,4500,1000,2020,1,2020-01,13,73.46,97.12,154.31,17.87,26.0,5.0,31.0,1,0.6435,2.0428,1
LJ500_R145_C033,145,33,677750,9573750,0,1500,2020,1,2020-01,13,78.92,103.72,159.27,20.6,26.0,5.0,31.0,1,0.4883,0.9624,1
LJ500_R145_C034,145,34,678250,9573750,500,1500,2020,1,2020-01,13,73.46,97.12,154.31,17.87,26.0,5.0,31.0,1,0.4629,0.93,1
LJ500_R145_C035,145,35,678750,9573750,1000,1500,2020,1,2020-01,13,73.46,97.12,154.31,17.87,26.0,5.0,31.0,1,0.4205,0.8873,1
LJ500_R145_C036,145,36,679250,9573750,1500,1500,2020,1,2020-01,13,73.46,97.12,154.31,17.87,26.0,5.0,31.0,1,0.4131,0.8798,1
LJ500_R145_C037,145,37,679750,9573750,2000,1500,2020,1,2020-01,13,73.46,97.12,154.31,17.87,26.0,5.0,31.0,1,0.3552,0.8,1
LJ500_R145_C038,145,38,680250,9573750,2500,1500,2020,1,2020-01,13,73.46,97.12,154.31,17.87,26.0,5.0,31.0,1,0.3723,0.8212,1
LJ500_R145_C039,145,39,680750,9573750,3000,1500,2020,1,2020-01,13,73.46,97.12,154.31,17.87,26.0,5.0,31.0,1,0.4684,0.94,1
LJ500_R145_C040,145,40,681250,9573750,3500,1500,2020,1,2020-01,13,73.46,97.12,154.31,17.87,26.0,5.0,31.0,1,0.5237,1.1264,1
LJ500_R145_C041,145,41,681750,9573750,4000,1500,2020,1,2020-01,13,73.46,97.12,154.31,17.87,26.0,5.0,31.0,1,0.6523,1.56,1
LJ500_R145_C042,145,42,682250,9573750,4500,1500,2020,1,2020-01,13,73.46,97.12,154.31,17.87,26.0,5.0,31.0,1,0.622,1.8791,1
LJ500_R146_C033,146,33,677750,9574250,0,2000,2020,1,2020-01,13,90.17,115.79,171.12,25.43,26.29,4.7124,31.0,1,0.54,1.0536,1
LJ500_R146_C034,146,34,678250,9574250,500,2000,2020,1,2020-01,13,86.06,110.9,168.13,22.49,26.43,4.5704,31.0,1,0.5269,1.0405,1
LJ500_R146_C035,146,35,678750,9574250,1000,2000,2020,1,2020-01,13,86.11,110.96,168.19,22.51,26.43,4.5685,31.0,1,0.4648,0.9393,1
LJ500_R146_C036,146,36,679250,9574250,1500,2000,2020,1,2020-01,13,86.17,111.02,168.25,22.53,26.43,4.5666,31.0,1,0.454,0.9217,1
LJ500_R146_C037,146,37,679750,9574250,2000,2000,2020,1,2020-01,13,86.22,111.08,168.31,22.56,26.44,4.5647,31.0,1,0.3956,0.8466,1
LJ500_R146_C038,146,38,680250,9574250,2500,2000,2020,1,2020-01,13,86.28,111.14,168.37,22.58,26.44,4.5628,31.0,1,0.4007,0.8531,1
LJ500_R146_C039,146,39,680750,9574250,3000,2000,2020,1,2020-01,13,86.33,111.2,168.43,22.6,26.44,4.5609,31.0,1,0.4282,0.8883,1
LJ500_R146_C040,146,40,681250,9574250,3500,2000,2020,1,2020-01,13,86.39,111.26,168.49,22.62,26.44,4.559,31.0,1,0.4889,1.0564,1
LJ500_R146_C041,146,41,681750,9574250,4000,2000,2020,1,2020-01,13,86.44,111.32,168.56,22.64,26.44,4.5571,31.0,1,0.6318,1.4511,1
LJ500_R146_C042,146,42,682250,9574250,4500,2000,2020,1,2020-01,13,86.5,111.39,168.62,22.66,26.44,4.5552,31.0,1,0.6182,1.8066,1
LJ500_R147_C033,147,33,677750,9574750,0,2500,2020,1,2020-01,13,105.2,131.9,186.93,31.89,26.67,4.3295,31.0,1,0.6008,1.161,1
LJ500_R147_C034,147,34,678250,9574750,500,2500,2020,1,2020-01,13,102.77,129.19,186.47,28.64,27.0,4.0,31.0,1,0.6019,1.17,1
LJ500_R147_C035,147,35,678750,9574750,1000,2500,2020,1,2020-01,13,102.77,129.19,186.47,28.64,27.0,4.0,31.0,1,0.5164,0.9999,1
LJ500_R147_C036,147,36,679250,9574750,1500,2500,2020,1,2020-01,13,102.77,129.19,186.47,28.64,27.0,4.0,31.0,1,0.5013,0.97,1
LJ500_R147_C037,147,37,679750,9574750,2000,2500,2020,1,2020-01,13,102.77,129.19,186.47,28.64,27.0,4.0,31.0,1,0.442,0.9001,1
LJ500_R147_C038,147,38,680250,9574750,2500,2500,2020,1,2020-01,13,102.77,129.19,186.47,28.64,27.0,4.0,31.0,1,0.4332,0.8896,1
LJ500_R147_C039,147,39,680750,9574750,3000,2500,2020,1,2020-01,13,102.77,129.19,186.47,28.64,27.0,4.0,31.0,1,0.3829,0.83,1
LJ500_R147_C040,147,40,681250,9574750,3500,2500,2020,1,2020-01,13,102.77,129.19,186.47,28.64,27.0,4.0,31.0,1,0.45,0.9784,1
LJ500_R147_C041,147,41,681750,9574750,4000,2500,2020,1,2020-01,13,102.77,129.19,186.47,28.64,27.0,4.0,31.0,1,0.609,1.33,1
LJ500_R147_C042,147,42,682250,9574750,4500,2500,2020,1,2020-01,13,102.77,129.19,186.47,28.64,27.0,4.0,31.0,1,0.6139,1.7266,1
LJ500_R148_C033,148,33,677750,9575250,0,3000,2020,1,2020-01,13,105.21,131.92,186.93,31.91,26.67,4.3313,31.0,1,0.5927,1.1621,1
LJ500_R148_C034,148,34,678250,9575250,500,3000,2020,1,2020-01,13,102.77,129.19,186.47,28.64,27.0,4.0,31.0,1,0.6159,1.2194,1
LJ500_R148_C035,148,35,678750,9575250,1000,3000,2020,1,2020-01,13,102.77,129.19,186.47,28.64,27.0,4.0,31.0,1,0.5326,1.0288,1
LJ500_R148_C036,148,36,679250,9575250,1500,3000,2020,1,2020-01,13,102.77,129.19,186.47,28.64,27.0,4.0,31.0,1,0.5177,0.9948,1
LJ500_R148_C037,148,37,679750,9575250,2000,3000,2020,1,2020-01,13,102.77,129.19,186.47,28.64,27.0,4.0,31.0,1,0.4754,0.9375,1
LJ500_R148_C038,148,38,680250,9575250,2500,3000,2020,1,2020-01,13,102.77,129.19,186.47,28.64,27.0,4.0,31.0,1,0.4643,0.9245,1
LJ500_R148_C039,148,39,680750,9575250,3000,3000,2020,1,2020-01,13,102.77,129.19,186.47,28.64,27.0,4.0,31.0,1,0.3997,0.8488,1
LJ500_R148_C040,148,40,681250,9575250,3500,3000,2020,1,2020-01,13,102.77,129.19,186.47,28.64,27.0,4.0,31.0,1,0.4329,0.9129,1
LJ500_R148_C041,148,41,681750,9575250,4000,3000,2020,1,2020-01,13,102.77,129.19,186.47,28.64,27.0,4.0,31.0,1,0.5118,1.0651,1
LJ500_R148_C042,148,42,682250,9575250,4500,3000,2020,1,2020-01,13,102.77,129.19,186.47,28.64,27.0,4.0,31.0,1,0.5444,1.2879,1
LJ500_R149_C033,149,33,677750,9575750,0,3500,2020,1,2020-01,13,105.23,131.93,186.94,31.92,26.67,4.3332,31.0,1,0.5875,1.1623,1
LJ500_R149_C034,149,34,678250,9575750,500,3500,2020,1,2020-01,13,102.77,129.19,186.47,28.64,27.0,4.0,31.0,1,0.6245,1.25,1
LJ500_R149_C035,149,35,678750,9575750,1000,3500,2020,1,2020-01,13,102.77,129.19,186.47,28.64,27.0,4.0,31.0,1,0.5426,1.0468,1
LJ500_R149_C036,149,36,679250,9575750,1500,3500,2020,1,2020-01,13,102.77,129.19,186.47,28.64,27.0,4.0,31.0,1,0.5277,1.01,1
LJ500_R149_C037,149,37,679750,9575750,2000,3500,2020,1,2020-01,13,102.77,129.19,186.47,28.64,27.0,4.0,31.0,1,0.4956,0.9602,1
LJ500_R149_C038,149,38,680250,9575750,2500,3500,2020,1,2020-01,13,102.77,129.19,186.47,28.64,27.0,4.0,31.0,1,0.4831,0.9456,1
LJ500_R149_C039,149,39,680750,9575750,3000,3500,2020,1,2020-01,13,102.77,129.19,186.47,28.64,27.0,4.0,31.0,1,0.4097,0.86,1
LJ500_R149_C040,149,40,681250,9575750,3500,3500,2020,1,2020-01,13,102.77,129.19,186.47,28.64,27.0,4.0,31.0,1,0.4229,0.8746,1
LJ500_R149_C041,149,41,681750,9575750,4000,3500,2020,1,2020-01,13,102.77,129.19,186.47,28.64,27.0,4.0,31.0,1,0.4548,0.91,1
LJ500_R149_C042,149,42,682250,9575750,4500,3500,2020,1,2020-01,13,102.77,129.19,186.47,28.64,27.0,4.0,31.0,1,0.5039,1.0337,1
LJ500_R150_C033,150,33,677750,9576250,0,4000,2020,1,2020-01,13,105.24,131.95,186.94,31.94,26.66,4.3351,31.0,1,0.6247,1.3217,1
LJ500_R150_C034,150,34,678250,9576250,500,4000,2020,1,2020-01,13,102.77,129.19,186.47,28.64,27.0,4.0,31.0,1,0.668,1.4668,1
LJ500_R150_C035,150,35,678750,9576250,1000,4000,2020,1,2020-01,13,102.77,129.19,186.47,28.64,27.0,4.0,31.0,1,0.569,1.1204,1
LJ500_R150_C036,150,36,679250,9576250,1500,4000,2020,1,2020-01,13,102.77,129.19,186.47,28.64,27.0,4.0,31.0,1,0.5508,1.0567,1
LJ500_R150_C037,150,37,679750,9576250,2000,4000,2020,1,2020-01,13,102.77,129.19,186.47,28.64,27.0,4.0,31.0,1,0.6078,1.3016,1
LJ500_R150_C038,150,38,680250,9576250,2500,4000,2020,1,2020-01,13,102.77,129.19,186.47,28.64,27.0,4.0,31.0,1,0.5994,1.2787,1
LJ500_R150_C039,150,39,680750,9576250,3000,4000,2020,1,2020-01,13,102.77,129.19,186.47,28.64,27.0,4.0,31.0,1,0.545,1.1265,1
LJ500_R150_C040,150,40,681250,9576250,3500,4000,2020,1,2020-01,13,102.77,129.19,186.47,28.64,27.0,4.0,31.0,1,0.518,1.0617,1
LJ500_R150_C041,150,41,681750,9576250,4000,4000,2020,1,2020-01,13,102.77,129.19,186.47,28.64,27.0,4.0,31.0,1,0.4515,0.9021,1
LJ500_R150_C042,150,42,682250,9576250,4500,4000,2020,1,2020-01,13,102.77,129.19,186.47,28.64,27.0,4.0,31.0,1,0.484,0.9731,1
LJ500_R151_C033,151,33,677750,9576750,0,4500,2020,1,2020-01,13,105.25,131.97,186.94,31.96,26.66,4.337,31.0,1,0.6354,1.3678,1
LJ500_R151_C034,151,34,678250,9576750,500,4500,2020,1,2020-01,13,102.77,129.19,186.47,28.64,27.0,4.0,31.0,1,0.6806,1.53,1
LJ500_R151_C035,151,35,678750,9576750,1000,4500,2020,1,2020-01,13,102.77,129.19,186.47,28.64,27.0,4.0,31.0,1,0.5768,1.1423,1
LJ500_R151_C036,151,36,679250,9576750,1500,4500,2020,1,2020-01,13,102.77,129.19,186.47,28.64,27.0,4.0,31.0,1,0.5574,1.07,1
LJ500_R151_C037,151,37,679750,9576750,2000,4500,2020,1,2020-01,13,102.77,129.19,186.47,28.64,27.0,4.0,31.0,1,0.6393,1.3972,1
LJ500_R151_C038,151,38,680250,9576750,2500,4500,2020,1,2020-01,13,102.77,129.19,186.47,28.64,27.0,4.0,31.0,1,0.6319,1.3719,1
LJ500_R151_C039,151,39,680750,9576750,3000,4500,2020,1,2020-01,13,102.77,129.19,186.47,28.64,27.0,4.0,31.0,1,0.5823,1.2,1
LJ500_R151_C040,151,40,681250,9576750,3500,4500,2020,1,2020-01,13,102.77,129.19,186.47,28.64,27.0,4.0,31.0,1,0.5442,1.1133,1
LJ500_R151_C041,151,41,681750,9576750,4000,4500,2020,1,2020-01,13,102.77,129.19,186.47,28.64,27.0,4.0,31.0,1,0.4506,0.9,1
LJ500_R151_C042,151,42,682250,9576750,4500,4500,2020,1,2020-01,13,102.77,129.19,186.47,28.64,27.0,4.0,31.0,1,0.4786,0.9569,1
LJ500_R142_C033,142,33,677750,9572250,0,0,2020,2,2020-02,14,54.5,133.33,158.11,19.71,26.32,4.6799,31.0,1,0.5095,1.2716,1
LJ500_R142_C034,142,34,678250,9572250,500,0,2020,2,2020-02,14,54.86,128.32,151.98,19.63,26.0,5.0,31.0,1,0.5118,1.2834,1
LJ500_R142_C035,142,35,678750,9572250,1000,0,2020,2,2020-02,14,54.86,128.32,151.98,19.63,26.0,5.0,31.0,1,0.3988,0.969,1
LJ500_R142_C036,142,36,679250,9572250,1500,0,2020,2,2020-02,14,54.86,128.32,151.98,19.63,26.0,5.0,31.0,1,0.3799,0.9159,1
LJ500_R142_C037,142,37,679750,9572250,2000,0,2020,2,2020-02,14,54.86,128.32,151.98,19.63,26.0,5.0,31.0,1,0.3228,0.7315,1
LJ500_R142_C038,142,38,680250,9572250,2500,0,2020,2,2020-02,14,54.86,128.32,151.98,19.63,26.0,5.0,31.0,1,0.3475,0.8053,1
LJ500_R142_C039,142,39,680750,9572250,3000,0,2020,2,2020-02,14,54.86,128.32,151.98,19.63,26.0,5.0,31.0,1,0.4791,1.2,1
LJ500_R142_C040,142,40,681250,9572250,3500,0,2020,2,2020-02,14,54.86,128.32,151.98,19.63,26.0,5.0,31.0,1,0.5046,1.2937,1
LJ500_R142_C041,142,41,681750,9572250,4000,0,2020,2,2020-02,14,54.86,128.32,151.98,19.63,26.0,5.0,31.0,1,0.5624,1.5067,1
LJ500_R142_C042,142,42,682250,9572250,4500,0,2020,2,2020-02,14,54.86,128.32,151.98,19.63,26.0,5.0,31.0,1,0.5666,1.5162,1
LJ500_R143_C033,143,33,677750,9572750,0,500,2020,2,2020-02,14,54.5,133.36,158.14,19.71,26.32,4.678,31.0,1,0.4624,1.1573,1
LJ500_R143_C034,143,34,678250,9572750,500,500,2020,2,2020-02,14,54.86,128.32,151.98,19.63,26.0,5.0,31.0,1,0.4323,1.07,1
LJ500_R143_C035,143,35,678750,9572750,1000,500,2020,2,2020-02,14,54.86,128.32,151.98,19.63,26.0,5.0,31.0,1,0.3598,0.8298,1
LJ500_R143_C036,143,36,679250,9572750,1500,500,2020,2,2020-02,14,54.86,128.32,151.98,19.63,26.0,5.0,31.0,1,0.3476,0.7897,1
LJ500_R143_C037,143,37,679750,9572750,2000,500,2020,2,2020-02,14,54.86,128.32,151.98,19.63,26.0,5.0,31.0,1,0.3261,0.74,1
LJ500_R143_C038,143,38,680250,9572750,2500,500,2020,2,2020-02,14,54.86,128.32,151.98,19.63,26.0,5.0,31.0,1,0.3489,0.8116,1
LJ500_R143_C039,143,39,680750,9572750,3000,500,2020,2,2020-02,14,54.86,128.32,151.98,19.63,26.0,5.0,31.0,1,0.4723,1.2,1
LJ500_R143_C040,143,40,681250,9572750,3500,500,2020,2,2020-02,14,54.86,128.32,151.98,19.63,26.0,5.0,31.0,1,0.4994,1.4161,1
LJ500_R143_C041,143,41,681750,9572750,4000,500,2020,2,2020-02,14,54.86,128.32,151.98,19.63,26.0,5.0,31.0,1,0.5613,1.91,1
LJ500_R143_C042,143,42,682250,9572750,4500,500,2020,2,2020-02,14,54.86,128.32,151.98,19.63,26.0,5.0,31.0,1,0.5859,2.0097,1
LJ500_R144_C033,144,33,677750,9573250,0,1000,2020,2,2020-02,14,54.49,133.39,158.18,19.71,26.32,4.6762,31.0,1,0.4509,1.1267,1
LJ500_R144_C034,144,34,678250,9573250,500,1000,2020,2,2020-02,14,54.86,128.32,151.98,19.63,26.0,5.0,31.0,1,0.4231,1.0457,1
LJ500_R144_C035,144,35,678750,9573250,1000,1000,2020,2,2020-02,14,54.86,128.32,151.98,19.63,26.0,5.0,31.0,1,0.3625,0.8529,1
LJ500_R144_C036,144,36,679250,9573250,1500,1000,2020,2,2020-02,14,54.86,128.32,151.98,19.63,26.0,5.0,31.0,1,0.3522,0.8204,1
LJ500_R144_C037,144,37,679750,9573250,2000,1000,2020,2,2020-02,14,54.86,128.32,151.98,19.63,26.0,5.0,31.0,1,0.3262,0.7493,1
LJ500_R144_C038,144,38,680250,9573250,2500,1000,2020,2,2020-02,14,54.86,128.32,151.98,19.63,26.0,5.0,31.0,1,0.3444,0.809,1
LJ500_R144_C039,144,39,680750,9573250,3000,1000,2020,2,2020-02,14,54.86,128.32,151.98,19.63,26.0,5.0,31.0,1,0.444,1.1374,1
LJ500_R144_C040,144,40,681250,9573250,3500,1000,2020,2,2020-02,14,54.86,128.32,151.98,19.63,26.0,5.0,31.0,1,0.4775,1.3261,1
LJ500_R144_C041,144,41,681750,9573250,4000,1000,2020,2,2020-02,14,54.86,128.32,151.98,19.63,26.0,5.0,31.0,1,0.5553,1.7611,1
LJ500_R144_C042,144,42,682250,9573250,4500,1000,2020,2,2020-02,14,54.86,128.32,151.98,19.63,26.0,5.0,31.0,1,0.5963,1.9574,1
LJ500_R145_C033,145,33,677750,9573750,0,1500,2020,2,2020-02,14,54.49,133.42,158.21,19.71,26.33,4.6743,31.0,1,0.4241,1.0549,1
LJ500_R145_C034,145,34,678250,9573750,500,1500,2020,2,2020-02,14,54.86,128.32,151.98,19.63,26.0,5.0,31.0,1,0.4019,0.99,1
LJ500_R145_C035,145,35,678750,9573750,1000,1500,2020,2,2020-02,14,54.86,128.32,151.98,19.63,26.0,5.0,31.0,1,0.3683,0.9046,1
LJ500_R145_C036,145,36,679250,9573750,1500,1500,2020,2,2020-02,14,54.86,128.32,151.98,19.63,26.0,5.0,31.0,1,0.3625,0.8896,1
LJ500_R145_C037,145,37,679750,9573750,2000,1500,2020,2,2020-02,14,54.86,128.32,151.98,19.63,26.0,5.0,31.0,1,0.3265,0.77,1
LJ500_R145_C038,145,38,680250,9573750,2500,1500,2020,2,2020-02,14,54.86,128.32,151.98,19.63,26.0,5.0,31.0,1,0.3349,0.8049,1
LJ500_R145_C039,145,39,680750,9573750,3000,1500,2020,2,2020-02,14,54.86,128.32,151.98,19.63,26.0,5.0,31.0,1,0.3819,1.0,1
LJ500_R145_C040,145,40,681250,9573750,3500,1500,2020,2,2020-02,14,54.86,128.32,151.98,19.63,26.0,5.0,31.0,1,0.4301,1.1323,1
LJ500_R145_C041,145,41,681750,9573750,4000,1500,2020,2,2020-02,14,54.86,128.32,151.98,19.63,26.0,5.0,31.0,1,0.5423,1.44,1
LJ500_R145_C042,145,42,682250,9573750,4500,1500,2020,2,2020-02,14,54.86,128.32,151.98,19.63,26.0,5.0,31.0,1,0.6187,1.8445,1
LJ500_R146_C033,146,33,677750,9574250,0,2000,2020,2,2020-02,14,61.12,151.29,176.91,22.67,26.33,4.6724,31.0,1,0.4599,1.1858,1
LJ500_R146_C034,146,34,678250,9574250,500,2000,2020,2,2020-02,14,62.56,148.61,173.45,23.26,26.0,5.0,31.0,1,0.4472,1.1511,1
LJ500_R146_C035,146,35,678750,9574250,1000,2000,2020,2,2020-02,14,62.59,148.7,173.55,23.27,26.0,5.0,31.0,1,0.3961,1.0075,1
LJ500_R146_C036,146,36,679250,9574250,1500,2000,2020,2,2020-02,14,62.62,148.79,173.64,23.29,26.0,5.0,31.0,1,0.3872,0.9827,1
LJ500_R146_C037,146,37,679750,9574250,2000,2000,2020,2,2020-02,14,62.66,148.88,173.74,23.31,26.0,5.0,31.0,1,0.3427,0.8492,1
LJ500_R146_C038,146,38,680250,9574250,2500,2000,2020,2,2020-02,14,62.69,148.97,173.83,23.32,26.0,5.0,31.0,1,0.3442,0.8595,1
LJ500_R146_C039,146,39,680750,9574250,3000,2000,2020,2,2020-02,14,62.73,149.06,173.93,23.34,26.0,5.0,31.0,1,0.3521,0.9154,1
LJ500_R146_C040,146,40,681250,9574250,3500,2000,2020,2,2020-02,14,62.76,149.15,174.02,23.35,26.0,5.0,31.0,1,0.4024,1.0549,1
LJ500_R146_C041,146,41,681750,9574250,4000,2000,2020,2,2020-02,14,62.79,149.24,174.12,23.37,26.0,5.0,31.0,1,0.5207,1.3832,1
LJ500_R146_C042,146,42,682250,9574250,4500,2000,2020,2,2020-02,14,62.83,149.33,174.22,23.39,26.0,5.0,31.0,1,0.5891,1.7729,1
LJ500_R147_C033,147,33,677750,9574750,0,2500,2020,2,2020-02,14,69.96,175.16,201.87,26.61,26.33,4.6705,31.0,1,0.502,1.34,1
LJ500_R147_C034,147,34,678250,9574750,500,2500,2020,2,2020-02,14,72.78,175.55,201.97,28.07,26.0,5.0,31.0,1,0.5003,1.34,1
LJ500_R147_C035,147,35,678750,9574750,1000,2500,2020,2,2020-02,14,72.78,175.55,201.97,28.07,26.0,5.0,31.0,1,0.4285,1.1274,1
LJ500_R147_C036,147,36,679250,9574750,1500,2500,2020,2,2020-02,14,72.78,175.55,201.97,28.07,26.0,5.0,31.0,1,0.4158,1.09,1
LJ500_R147_C037,147,37,679750,9574750,2000,2500,2020,2,2020-02,14,72.78,175.55,201.97,28.07,26.0,5.0,31.0,1,0.3613,0.9401,1
LJ500_R147_C038,147,38,680250,9574750,2500,2500,2020,2,2020-02,14,72.78,175.55,201.97,28.07,26.0,5.0,31.0,1,0.3549,0.9222,1
LJ500_R147_C039,147,39,680750,9574750,3000,2500,2020,2,2020-02,14,72.78,175.55,201.97,28.07,26.0,5.0,31.0,1,0.3184,0.82,1
LJ500_R147_C040,147,40,681250,9574750,3500,2500,2020,2,2020-02,14,72.78,175.55,201.97,28.07,26.0,5.0,31.0,1,0.3713,0.9684,1
LJ500_R147_C041,147,41,681750,9574750,4000,2500,2020,2,2020-02,14,72.78,175.55,201.97,28.07,26.0,5.0,31.0,1,0.4968,1.32,1
LJ500_R147_C042,147,42,682250,9574750,4500,2500,2020,2,2020-02,14,72.78,175.55,201.97,28.07,26.0,5.0,31.0,1,0.5567,1.6943,1
LJ500_R148_C033,148,33,677750,9575250,0,3000,2020,2,2020-02,14,69.95,175.16,201.87,26.61,26.33,4.6687,31.0,1,0.4904,1.3239,1
LJ500_R148_C034,148,34,678250,9575250,500,3000,2020,2,2020-02,14,72.78,175.55,201.97,28.07,26.0,5.0,31.0,1,0.5047,1.3832,1
LJ500_R148_C035,148,35,678750,9575250,1000,3000,2020,2,2020-02,14,72.78,175.55,201.97,28.07,26.0,5.0,31.0,1,0.4378,1.1712,1
LJ500_R148_C036,148,36,679250,9575250,1500,3000,2020,2,2020-02,14,72.78,175.55,201.97,28.07,26.0,5.0,31.0,1,0.4258,1.1335,1
LJ500_R148_C037,148,37,679750,9575250,2000,3000,2020,2,2020-02,14,72.78,175.55,201.97,28.07,26.0,5.0,31.0,1,0.3845,1.0213,1
LJ500_R148_C038,148,38,680250,9575250,2500,3000,2020,2,2020-02,14,72.78,175.55,201.97,28.07,26.0,5.0,31.0,1,0.3756,0.9964,1
LJ500_R148_C039,148,39,680750,9575250,3000,3000,2020,2,2020-02,14,72.78,175.55,201.97,28.07,26.0,5.0,31.0,1,0.3238,0.8513,1
LJ500_R148_C040,148,40,681250,9575250,3500,3000,2020,2,2020-02,14,72.78,175.55,201.97,28.07,26.0,5.0,31.0,1,0.3483,0.9247,1
LJ500_R148_C041,148,41,681750,9575250,4000,3000,2020,2,2020-02,14,72.78,175.55,201.97,28.07,26.0,5.0,31.0,1,0.4064,1.0993,1
LJ500_R148_C042,148,42,682250,9575250,4500,3000,2020,2,2020-02,14,72.78,175.55,201.97,28.07,26.0,5.0,31.0,1,0.4558,1.3,1
LJ500_R149_C033,149,33,677750,9575750,0,3500,2020,2,2020-02,14,69.93,175.16,201.87,26.6,26.33,4.6668,31.0,1,0.4829,1.3133,1
LJ500_R149_C034,149,34,678250,9575750,500,3500,2020,2,2020-02,14,72.78,175.55,201.97,28.07,26.0,5.0,31.0,1,0.5074,1.41,1
LJ500_R149_C035,149,35,678750,9575750,1000,3500,2020,2,2020-02,14,72.78,175.55,201.97,28.07,26.0,5.0,31.0,1,0.4435,1.1984,1
LJ500_R149_C036,149,36,679250,9575750,1500,3500,2020,2,2020-02,14,72.78,175.55,201.97,28.07,26.0,5.0,31.0,1,0.4319,1.16,1
LJ500_R149_C037,149,37,679750,9575750,2000,3500,2020,2,2020-02,14,72.78,175.55,201.97,28.07,26.0,5.0,31.0,1,0.3985,1.0704,1
LJ500_R149_C038,149,38,680250,9575750,2500,3500,2020,2,2020-02,14,72.78,175.55,201.97,28.07,26.0,5.0,31.0,1,0.3881,1.0412,1
LJ500_R149_C039,149,39,680750,9575750,3000,3500,2020,2,2020-02,14,72.78,175.55,201.97,28.07,26.0,5.0,31.0,1,0.3271,0.87,1
LJ500_R149_C040,149,40,681250,9575750,3500,3500,2020,2,2020-02,14,72.78,175.55,201.97,28.07,26.0,5.0,31.0,1,0.3348,0.8993,1
LJ500_R149_C041,149,41,681750,9575750,4000,3500,2020,2,2020-02,14,72.78,175.55,201.97,28.07,26.0,5.0,31.0,1,0.3535,0.97,1
LJ500_R149_C042,149,42,682250,9575750,4500,3500,2020,2,2020-02,14,72.78,175.55,201.97,28.07,26.0,5.0,31.0,1,0.3972,1.0716,1
LJ500_R150_C033,150,33,677750,9576250,0,4000,2020,2,2020-02,14,69.92,175.16,201.87,26.59,26.34,4.6649,31.0,1,0.4992,1.4229,1
LJ500_R150_C034,150,34,678250,9576250,500,4000,2020,2,2020-02,14,72.78,175.55,201.97,28.07,26.0,5.0,31.0,1,0.5257,1.5417,1
LJ500_R150_C035,150,35,678750,9576250,1000,4000,2020,2,2020-02,14,72.78,175.55,201.97,28.07,26.0,5.0,31.0,1,0.4562,1.2652,1
LJ500_R150_C036,150,36,679250,9576250,1500,4000,2020,2,2020-02,14,72.78,175.55,201.97,28.07,26.0,5.0,31.0,1,0.4435,1.2145,1
LJ500_R150_C037,150,37,679750,9576250,2000,4000,2020,2,2020-02,14,72.78,175.55,201.97,28.07,26.0,5.0,31.0,1,0.4782,1.3576,1
LJ500_R150_C038,150,38,680250,9576250,2500,4000,2020,2,2020-02,14,72.78,175.55,201.97,28.07,26.0,5.0,31.0,1,0.4714,1.3353,1
LJ500_R150_C039,150,39,680750,9576250,3000,4000,2020,2,2020-02,14,72.78,175.55,201.97,28.07,26.0,5.0,31.0,1,0.4285,1.1914,1
LJ500_R150_C040,150,40,681250,9576250,3500,4000,2020,2,2020-02,14,72.78,175.55,201.97,28.07,26.0,5.0,31.0,1,0.4049,1.1252,1
LJ500_R150_C041,150,41,681750,9576250,4000,4000,2020,2,2020-02,14,72.78,175.55,201.97,28.07,26.0,5.0,31.0,1,0.3467,0.9621,1
LJ500_R150_C042,150,42,682250,9576250,4500,4000,2020,2,2020-02,14,72.78,175.55,201.97,28.07,26.0,5.0,31.0,1,0.3746,1.0285,1
LJ500_R151_C033,151,33,677750,9576750,0,4500,2020,2,2020-02,14,69.9,175.16,201.87,26.58,26.34,4.663,31.0,1,0.5038,1.4545,1
LJ500_R151_C034,151,34,678250,9576750,500,4500,2020,2,2020-02,14,72.78,175.55,201.97,28.07,26.0,5.0,31.0,1,0.531,1.58,1
LJ500_R151_C035,151,35,678750,9576750,1000,4500,2020,2,2020-02,14,72.78,175.55,201.97,28.07,26.0,5.0,31.0,1,0.46,1.285,1
LJ500_R151_C036,151,36,679250,9576750,1500,4500,2020,2,2020-02,14,72.78,175.55,201.97,28.07,26.0,5.0,31.0,1,0.4468,1.23,1
LJ500_R151_C037,151,37,679750,9576750,2000,4500,2020,2,2020-02,14,72.78,175.55,201.97,28.07,26.0,5.0,31.0,1,0.5005,1.4382,1
LJ500_R151_C038,151,38,680250,9576750,2500,4500,2020,2,2020-02,14,72.78,175.55,201.97,28.07,26.0,5.0,31.0,1,0.4947,1.4175,1
LJ500_R151_C039,151,39,680750,9576750,3000,4500,2020,2,2020-02,14,72.78,175.55,201.97,28.07,26.0,5.0,31.0,1,0.4565,1.28,1
LJ500_R151_C040,151,40,681250,9576750,3500,4500,2020,2,2020-02,14,72.78,175.55,201.97,28.07,26.0,5.0,31.0,1,0.4242,1.1875,1
LJ500_R151_C041,151,41,681750,9576750,4000,4500,2020,2,2020-02,14,72.78,175.55,201.97,28.07,26.0,5.0,31.0,1,0.3448,0.96,1
LJ500_R151_C042,151,42,682250,9576750,4500,4500,2020,2,2020-02,14,72.78,175.55,201.97,28.07,26.0,5.0,31.0,1,0.3686,1.0169,1
LJ500_R142_C033,142,33,677750,9572250,0,0,2020,3,2020-03,15,128.34,182.84,261.66,47.58,25.68,3.3201,29.0,1,0.4638,0.9075,1
LJ500_R142_C034,142,34,678250,9572250,500,0,2020,3,2020-03,15,119.88,174.74,248.2,45.76,26.0,3.0,29.0,1,0.4633,0.9039,1
LJ500_R142_C035,142,35,678750,9572250,1000,0,2020,3,2020-03,15,119.88,174.74,248.2,45.76,26.0,3.0,29.0,1,0.3853,0.7429,1
LJ500_R142_C036,142,36,679250,9572250,1500,0,2020,3,2020-03,15,119.88,174.74,248.2,45.76,26.0,3.0,29.0,1,0.3721,0.7152,1
LJ500_R142_C037,142,37,679750,9572250,2000,0,2020,3,2020-03,15,119.88,174.74,248.2,45.76,26.0,3.0,29.0,1,0.3242,0.573,1
LJ500_R142_C038,142,38,680250,9572250,2500,0,2020,3,2020-03,15,119.88,174.74,248.2,45.76,26.0,3.0,29.0,1,0.3419,0.6167,1
LJ500_R142_C039,142,39,680750,9572250,3000,0,2020,3,2020-03,15,119.88,174.74,248.2,45.76,26.0,3.0,29.0,1,0.4368,0.85,1
LJ500_R142_C040,142,40,681250,9572250,3500,0,2020,3,2020-03,15,119.88,174.74,248.2,45.76,26.0,3.0,29.0,1,0.4564,0.9129,1
LJ500_R142_C041,142,41,681750,9572250,4000,0,2020,3,2020-03,15,119.88,174.74,248.2,45.76,26.0,3.0,29.0,1,0.501,1.0556,1
LJ500_R142_C042,142,42,682250,9572250,4500,0,2020,3,2020-03,15,119.88,174.74,248.2,45.76,26.0,3.0,29.0,1,0.5055,1.0664,1
LJ500_R143_C033,143,33,677750,9572750,0,500,2020,3,2020-03,15,128.39,182.88,261.74,47.59,25.68,3.322,29.0,1,0.4324,0.8507,1
LJ500_R143_C034,143,34,678250,9572750,500,500,2020,3,2020-03,15,119.88,174.74,248.2,45.76,26.0,3.0,29.0,1,0.4124,0.81,1
LJ500_R143_C035,143,35,678750,9572750,1000,500,2020,3,2020-03,15,119.88,174.74,248.2,45.76,26.0,3.0,29.0,1,0.3568,0.6642,1
LJ500_R143_C036,143,36,679250,9572750,1500,500,2020,3,2020-03,15,119.88,174.74,248.2,45.76,26.0,3.0,29.0,1,0.3474,0.6397,1
LJ500_R143_C037,143,37,679750,9572750,2000,500,2020,3,2020-03,15,119.88,174.74,248.2,45.76,26.0,3.0,29.0,1,0.3266,0.59,1
LJ500_R143_C038,143,38,680250,9572750,2500,500,2020,3,2020-03,15,119.88,174.74,248.2,45.76,26.0,3.0,29.0,1,0.343,0.6305,1
LJ500_R143_C039,143,39,680750,9572750,3000,500,2020,3,2020-03,15,119.88,174.74,248.2,45.76,26.0,3.0,29.0,1,0.4324,0.85,1
LJ500_R143_C040,143,40,681250,9572750,3500,500,2020,3,2020-03,15,119.88,174.74,248.2,45.76,26.0,3.0,29.0,1,0.4532,0.9535,1
LJ500_R143_C041,143,41,681750,9572750,4000,500,2020,3,2020-03,15,119.88,174.74,248.2,45.76,26.0,3.0,29.0,1,0.5007,1.19,1
LJ500_R143_C042,143,42,682250,9572750,4500,500,2020,3,2020-03,15,119.88,174.74,248.2,45.76,26.0,3.0,29.0,1,0.5073,1.2081,1
LJ500_R144_C033,144,33,677750,9573250,0,1000,2020,3,2020-03,15,128.44,182.93,261.82,47.6,25.68,3.3238,29.0,1,0.4253,0.8372,1
LJ500_R144_C034,144,34,678250,9573250,500,1000,2020,3,2020-03,15,119.88,174.74,248.2,45.76,26.0,3.0,29.0,1,0.4065,0.7979,1
LJ500_R144_C035,144,35,678750,9573250,1000,1000,2020,3,2020-03,15,119.88,174.74,248.2,45.76,26.0,3.0,29.0,1,0.3592,0.6758,1
LJ500_R144_C036,144,36,679250,9573250,1500,1000,2020,3,2020-03,15,119.88,174.74,248.2,45.76,26.0,3.0,29.0,1,0.3512,0.6551,1
LJ500_R144_C037,144,37,679750,9573250,2000,1000,2020,3,2020-03,15,119.88,174.74,248.2,45.76,26.0,3.0,29.0,1,0.3263,0.5931,1
LJ500_R144_C038,144,38,680250,9573250,2500,1000,2020,3,2020-03,15,119.88,174.74,248.2,45.76,26.0,3.0,29.0,1,0.3393,0.6259,1
LJ500_R144_C039,144,39,680750,9573250,3000,1000,2020,3,2020-03,15,119.88,174.74,248.2,45.76,26.0,3.0,29.0,1,0.4108,0.8062,1
LJ500_R144_C040,144,40,681250,9573250,3500,1000,2020,3,2020-03,15,119.88,174.74,248.2,45.76,26.0,3.0,29.0,1,0.437,0.9078,1
LJ500_R144_C041,144,41,681750,9573250,4000,1000,2020,3,2020-03,15,119.88,174.74,248.2,45.76,26.0,3.0,29.0,1,0.4977,1.1425,1
LJ500_R144_C042,144,42,682250,9573250,4500,1000,2020,3,2020-03,15,119.88,174.74,248.2,45.76,26.0,3.0,29.0,1,0.5105,1.1804,1
LJ500_R145_C033,145,33,677750,9573750,0,1500,2020,3,2020-03,15,128.49,182.98,261.9,47.61,25.67,3.3257,29.0,1,0.4086,0.8054,1
LJ500_R145_C034,145,34,678250,9573750,500,1500,2020,3,2020-03,15,119.88,174.74,248.2,45.76,26.0,3.0,29.0,1,0.3928,0.77,1
LJ500_R145_C035,145,35,678750,9573750,1000,1500,2020,3,2020-03,15,119.88,174.74,248.2,45.76,26.0,3.0,29.0,1,0.3645,0.7017,1
LJ500_R145_C036,145,36,679250,9573750,1500,1500,2020,3,2020-03,15,119.88,174.74,248.2,45.76,26.0,3.0,29.0,1,0.3596,0.6897,1
LJ500_R145_C037,145,37,679750,9573750,2000,1500,2020,3,2020-03,15,119.88,174.74,248.2,45.76,26.0,3.0,29.0,1,0.3259,0.6,1
LJ500_R145_C038,145,38,680250,9573750,2500,1500,2020,3,2020-03,15,119.88,174.74,248.2,45.76,26.0,3.0,29.0,1,0.3316,0.6167,1
LJ500_R145_C039,145,39,680750,9573750,3000,1500,2020,3,2020-03,15,119.88,174.74,248.2,45.76,26.0,3.0,29.0,1,0.3634,0.71,1
LJ500_R145_C040,145,40,681250,9573750,3500,1500,2020,3,2020-03,15,119.88,174.74,248.2,45.76,26.0,3.0,29.0,1,0.4019,0.8092,1
LJ500_R145_C041,145,41,681750,9573750,4000,1500,2020,3,2020-03,15,119.88,174.74,248.2,45.76,26.0,3.0,29.0,1,0.4914,1.04,1
LJ500_R145_C042,145,42,682250,9573750,4500,1500,2020,3,2020-03,15,119.88,174.74,248.2,45.76,26.0,3.0,29.0,1,0.5173,1.1209,1
LJ500_R146_C033,146,33,677750,9574250,0,2000,2020,3,2020-03,15,144.46,205.57,295.75,51.42,25.67,3.3276,29.0,1,0.4311,0.858,1
LJ500_R146_C034,146,34,678250,9574250,500,2000,2020,3,2020-03,15,136.57,199.13,285.19,49.15,26.0,3.0,29.0,1,0.4217,0.8391,1
LJ500_R146_C035,146,35,678750,9574250,1000,2000,2020,3,2020-03,15,136.65,199.24,285.35,49.17,26.0,3.0,29.0,1,0.3835,0.7475,1
LJ500_R146_C036,146,36,679250,9574250,1500,2000,2020,3,2020-03,15,136.72,199.34,285.51,49.18,26.0,3.0,29.0,1,0.3769,0.7317,1
LJ500_R146_C037,146,37,679750,9574250,2000,2000,2020,3,2020-03,15,136.79,199.45,285.67,49.2,26.0,3.0,29.0,1,0.3382,0.6373,1
LJ500_R146_C038,146,38,680250,9574250,2500,2000,2020,3,2020-03,15,136.87,199.56,285.84,49.21,26.0,3.0,29.0,1,0.3386,0.6413,1
LJ500_R146_C039,146,39,680750,9574250,3000,2000,2020,3,2020-03,15,136.94,199.67,286.0,49.23,26.0,3.0,29.0,1,0.3401,0.663,1
LJ500_R146_C040,146,40,681250,9574250,3500,2000,2020,3,2020-03,15,137.02,199.78,286.17,49.24,26.0,3.0,29.0,1,0.3804,0.7628,1
LJ500_R146_C041,146,41,681750,9574250,4000,2000,2020,3,2020-03,15,137.09,199.89,286.33,49.26,26.0,3.0,29.0,1,0.4752,0.9974,1
LJ500_R146_C042,146,42,682250,9574250,4500,2000,2020,3,2020-03,15,137.17,199.99,286.5,49.27,26.0,3.0,29.0,1,0.5027,1.1054,1
LJ500_R147_C033,147,33,677750,9574750,0,2500,2020,3,2020-03,15,165.8,235.77,340.97,56.52,25.67,3.3295,29.0,1,0.4576,0.92,1
LJ500_R147_C034,147,34,678250,9574750,500,2500,2020,3,2020-03,15,158.73,231.51,334.29,53.65,26.0,3.0,29.0,1,0.4555,0.92,1
LJ500_R147_C035,147,35,678750,9574750,1000,2500,2020,3,2020-03,15,158.73,231.51,334.29,53.65,26.0,3.0,29.0,1,0.4057,0.801,1
LJ500_R147_C036,147,36,679250,9574750,1500,2500,2020,3,2020-03,15,158.73,231.51,334.29,53.65,26.0,3.0,29.0,1,0.3969,0.78,1
LJ500_R147_C037,147,37,679750,9574750,2000,2500,2020,3,2020-03,15,158.73,231.51,334.29,53.65,26.0,3.0,29.0,1,0.3525,0.6801,1
LJ500_R147_C038,147,38,680250,9574750,2500,2500,2020,3,2020-03,15,158.73,231.51,334.29,53.65,26.0,3.0,29.0,1,0.3467,0.6696,1
LJ500_R147_C039,147,39,680750,9574750,3000,2500,2020,3,2020-03,15,158.73,231.51,334.29,53.65,26.0,3.0,29.0,1,0.3138,0.61,1
LJ500_R147_C040,147,40,681250,9574750,3500,2500,2020,3,2020-03,15,158.73,231.51,334.29,53.65,26.0,3.0,29.0,1,0.3564,0.7109,1
LJ500_R147_C041,147,41,681750,9574750,4000,2500,2020,3,2020-03,15,158.73,231.51,334.29,53.65,26.0,3.0,29.0,1,0.4572,0.95,1
LJ500_R147_C042,147,42,682250,9574750,4500,2500,2020,3,2020-03,15,158.73,231.51,334.29,53.65,26.0,3.0,29.0,1,0.4866,1.0881,1
LJ500_R148_C033,148,33,677750,9575250,0,3000,2020,3,2020-03,15,165.84,235.79,341.01,56.54,25.67,3.3313,29.0,1,0.4498,0.9206,1
LJ500_R148_C034,148,34,678250,9575250,500,3000,2020,3,2020-03,15,158.73,231.51,334.29,53.65,26.0,3.0,29.0,1,0.4576,0.9447,1
LJ500_R148_C035,148,35,678750,9575250,1000,3000,2020,3,2020-03,15,158.73,231.51,334.29,53.65,26.0,3.0,29.0,1,0.4114,0.8155,1
LJ500_R148_C036,148,36,679250,9575250,1500,3000,2020,3,2020-03,15,158.73,231.51,334.29,53.65,26.0,3.0,29.0,1,0.4031,0.7924,1
LJ500_R148_C037,148,37,679750,9575250,2000,3000,2020,3,2020-03,15,158.73,231.51,334.29,53.65,26.0,3.0,29.0,1,0.3697,0.7238,1
LJ500_R148_C038,148,38,680250,9575250,2500,3000,2020,3,2020-03,15,158.73,231.51,334.29,53.65,26.0,3.0,29.0,1,0.3621,0.709,1
LJ500_R148_C039,148,39,680750,9575250,3000,3000,2020,3,2020-03,15,158.73,231.51,334.29,53.65,26.0,3.0,29.0,1,0.3177,0.6225,1
LJ500_R148_C040,148,40,681250,9575250,3500,3000,2020,3,2020-03,15,158.73,231.51,334.29,53.65,26.0,3.0,29.0,1,0.3366,0.6709,1
LJ500_R148_C041,148,41,681750,9575250,4000,3000,2020,3,2020-03,15,158.73,231.51,334.29,53.65,26.0,3.0,29.0,1,0.3816,0.786,1
LJ500_R148_C042,148,42,682250,9575250,4500,3000,2020,3,2020-03,15,158.73,231.51,334.29,53.65,26.0,3.0,29.0,1,0.4168,0.8922,1
LJ500_R149_C033,149,33,677750,9575750,0,3500,2020,3,2020-03,15,165.88,235.82,341.04,56.56,25.67,3.3332,29.0,1,0.4449,0.9207,1
LJ500_R149_C034,149,34,678250,9575750,500,3500,2020,3,2020-03,15,158.73,231.51,334.29,53.65,26.0,3.0,29.0,1,0.459,0.96,1
LJ500_R149_C035,149,35,678750,9575750,1000,3500,2020,3,2020-03,15,158.73,231.51,334.29,53.65,26.0,3.0,29.0,1,0.4149,0.8246,1
LJ500_R149_C036,149,36,679250,9575750,1500,3500,2020,3,2020-03,15,158.73,231.51,334.29,53.65,26.0,3.0,29.0,1,0.4069,0.8,1
LJ500_R149_C037,149,37,679750,9575750,2000,3500,2020,3,2020-03,15,158.73,231.51,334.29,53.65,26.0,3.0,29.0,1,0.3801,0.7502,1
LJ500_R149_C038,149,38,680250,9575750,2500,3500,2020,3,2020-03,15,158.73,231.51,334.29,53.65,26.0,3.0,29.0,1,0.3714,0.7327,1
LJ500_R149_C039,149,39,680750,9575750,3000,3500,2020,3,2020-03,15,158.73,231.51,334.29,53.65,26.0,3.0,29.0,1,0.32,0.63,1
LJ500_R149_C040,149,40,681250,9575750,3500,3500,2020,3,2020-03,15,158.73,231.51,334.29,53.65,26.0,3.0,29.0,1,0.3251,0.6476,1
LJ500_R149_C041,149,41,681750,9575750,4000,3500,2020,3,2020-03,15,158.73,231.51,334.29,53.65,26.0,3.0,29.0,1,0.3372,0.69,1
LJ500_R149_C042,149,42,682250,9575750,4500,3500,2020,3,2020-03,15,158.73,231.51,334.29,53.65,26.0,3.0,29.0,1,0.3762,0.7783,1
LJ500_R150_C033,150,33,677750,9576250,0,4000,2020,3,2020-03,15,165.92,235.84,341.08,56.57,25.66,3.3351,29.0,1,0.4513,0.9735,1
LJ500_R150_C034,150,34,678250,9576250,500,4000,2020,3,2020-03,15,158.73,231.51,334.29,53.65,26.0,3.0,29.0,1,0.4654,1.0297,1
LJ500_R150_C035,150,35,678750,9576250,1000,4000,2020,3,2020-03,15,158.73,231.51,334.29,53.65,26.0,3.0,29.0,1,0.4232,0.8751,1
LJ500_R150_C036,150,36,679250,9576250,1500,4000,2020,3,2020-03,15,158.73,231.51,334.29,53.65,26.0,3.0,29.0,1,0.4155,0.8467,1
LJ500_R150_C037,150,37,679750,9576250,2000,4000,2020,3,2020-03,15,158.73,231.51,334.29,53.65,26.0,3.0,29.0,1,0.4401,0.9443,1
LJ500_R150_C038,150,38,680250,9576250,2500,4000,2020,3,2020-03,15,158.73,231.51,334.29,53.65,26.0,3.0,29.0,1,0.4354,0.9318,1
LJ500_R150_C039,150,39,680750,9576250,3000,4000,2020,3,2020-03,15,158.73,231.51,334.29,53.65,26.0,3.0,29.0,1,0.4051,0.8495,1
LJ500_R150_C040,150,40,681250,9576250,3500,4000,2020,3,2020-03,15,158.73,231.51,334.29,53.65,26.0,3.0,29.0,1,0.3842,0.8034,1
LJ500_R150_C041,150,41,681750,9576250,4000,4000,2020,3,2020-03,15,158.73,231.51,334.29,53.65,26.0,3.0,29.0,1,0.3326,0.69,1
LJ500_R150_C042,150,42,682250,9576250,4500,4000,2020,3,2020-03,15,158.73,231.51,334.29,53.65,26.0,3.0,29.0,1,0.3583,0.7467,1
LJ500_R151_C033,151,33,677750,9576750,0,4500,2020,3,2020-03,15,165.96,235.86,341.12,56.59,25.66,3.337,29.0,1,0.4531,0.9888,1
LJ500_R151_C034,151,34,678250,9576750,500,4500,2020,3,2020-03,15,158.73,231.51,334.29,53.65,26.0,3.0,29.0,1,0.4672,1.05,1
LJ500_R151_C035,151,35,678750,9576750,1000,4500,2020,3,2020-03,15,158.73,231.51,334.29,53.65,26.0,3.0,29.0,1,0.4257,0.8899,1
LJ500_R151_C036,151,36,679250,9576750,1500,4500,2020,3,2020-03,15,158.73,231.51,334.29,53.65,26.0,3.0,29.0,1,0.4179,0.86,1
LJ500_R151_C037,151,37,679750,9576750,2000,4500,2020,3,2020-03,15,158.73,231.51,334.29,53.65,26.0,3.0,29.0,1,0.4569,0.9988,1
LJ500_R151_C038,151,38,680250,9576750,2500,4500,2020,3,2020-03,15,158.73,231.51,334.29,53.65,26.0,3.0,29.0,1,0.4532,0.9874,1
LJ500_R151_C039,151,39,680750,9576750,3000,4500,2020,3,2020-03,15,158.73,231.51,334.29,53.65,26.0,3.0,29.0,1,0.4286,0.91,1
LJ500_R151_C040,151,40,681250,9576750,3500,4500,2020,3,2020-03,15,158.73,231.51,334.29,53.65,26.0,3.0,29.0,1,0.4005,0.8464,1
LJ500_R151_C041,151,41,681750,9576750,4000,4500,2020,3,2020-03,15,158.73,231.51,334.29,53.65,26.0,3.0,29.0,1,0.3314,0.69,1
LJ500_R151_C042,151,42,682250,9576750,4500,4500,2020,3,2020-03,15,158.73,231.51,334.29,53.65,26.0,3.0,29.0,1,0.3534,0.7382,1
LJ500_R142_C033,142,33,677750,9572250,0,0,2020,4,2020-04,16,75.53,203.87,258.37,25.38,25.68,5.3201,31.0,1,0.4301,1.1908,1
LJ500_R142_C034,142,34,678250,9572250,500,0,2020,4,2020-04,16,68.08,187.96,242.82,25.59,26.0,5.0,31.0,1,0.4333,1.2034,1
LJ500_R142_C035,142,35,678750,9572250,1000,0,2020,4,2020-04,16,68.08,187.96,242.82,25.59,26.0,5.0,31.0,1,0.3543,0.9087,1
LJ500_R142_C036,142,36,679250,9572250,1500,0,2020,4,2020-04,16,68.08,187.96,242.82,25.59,26.0,5.0,31.0,1,0.3412,0.859,1
LJ500_R142_C037,142,37,679750,9572250,2000,0,2020,4,2020-04,16,68.08,187.96,242.82,25.59,26.0,5.0,31.0,1,0.3148,0.6946,1
LJ500_R142_C038,142,38,680250,9572250,2500,0,2020,4,2020-04,16,68.08,187.96,242.82,25.59,26.0,5.0,31.0,1,0.3303,0.7661,1
LJ500_R142_C039,142,39,680750,9572250,3000,0,2020,4,2020-04,16,68.08,187.96,242.82,25.59,26.0,5.0,31.0,1,0.413,1.1484,1
LJ500_R142_C040,142,40,681250,9572250,3500,0,2020,4,2020-04,16,68.08,187.96,242.82,25.59,26.0,5.0,31.0,1,0.4566,1.2645,1
LJ500_R142_C041,142,41,681750,9572250,4000,0,2020,4,2020-04,16,68.08,187.96,242.82,25.59,26.0,5.0,31.0,1,0.5556,1.5279,1
LJ500_R142_C042,142,42,682250,9572250,4500,0,2020,4,2020-04,16,68.08,187.96,242.82,25.59,26.0,5.0,31.0,1,0.5627,1.5435,1
LJ500_R143_C033,143,33,677750,9572750,0,500,2020,4,2020-04,16,75.57,203.96,258.46,25.38,25.68,5.322,31.0,1,0.3987,1.0715,1
LJ500_R143_C034,143,34,678250,9572750,500,500,2020,4,2020-04,16,68.08,187.96,242.82,25.59,26.0,5.0,31.0,1,0.3752,0.99,1
LJ500_R143_C035,143,35,678750,9572750,1000,500,2020,4,2020-04,16,68.08,187.96,242.82,25.59,26.0,5.0,31.0,1,0.3359,0.7841,1
LJ500_R143_C036,143,36,679250,9572750,1500,500,2020,4,2020-04,16,68.08,187.96,242.82,25.59,26.0,5.0,31.0,1,0.3293,0.7498,1
LJ500_R143_C037,143,37,679750,9572750,2000,500,2020,4,2020-04,16,68.08,187.96,242.82,25.59,26.0,5.0,31.0,1,0.3165,0.72,1
LJ500_R143_C038,143,38,680250,9572750,2500,500,2020,4,2020-04,16,68.08,187.96,242.82,25.59,26.0,5.0,31.0,1,0.3313,0.7853,1
LJ500_R143_C039,143,39,680750,9572750,3000,500,2020,4,2020-04,16,68.08,187.96,242.82,25.59,26.0,5.0,31.0,1,0.4116,1.14,1
LJ500_R143_C040,143,40,681250,9572750,3500,500,2020,4,2020-04,16,68.08,187.96,242.82,25.59,26.0,5.0,31.0,1,0.4893,1.3348,1
LJ500_R143_C041,143,41,681750,9572750,4000,500,2020,4,2020-04,16,68.08,187.96,242.82,25.59,26.0,5.0,31.0,1,0.6668,1.78,1
LJ500_R143_C042,143,42,682250,9572750,4500,500,2020,4,2020-04,16,68.08,187.96,242.82,25.59,26.0,5.0,31.0,1,0.6827,1.8253,1
LJ500_R144_C033,144,33,677750,9573250,0,1000,2020,4,2020-04,16,75.62,204.05,258.55,25.38,25.68,5.3238,31.0,1,0.3909,1.0442,1
LJ500_R144_C034,144,34,678250,9573250,500,1000,2020,4,2020-04,16,68.08,187.96,242.82,25.59,26.0,5.0,31.0,1,0.3702,0.9718,1
LJ500_R144_C035,144,35,678750,9573250,1000,1000,2020,4,2020-04,16,68.08,187.96,242.82,25.59,26.0,5.0,31.0,1,0.3368,0.8054,1
LJ500_R144_C036,144,36,679250,9573250,1500,1000,2020,4,2020-04,16,68.08,187.96,242.82,25.59,26.0,5.0,31.0,1,0.3312,0.7774,1
LJ500_R144_C037,144,37,679750,9573250,2000,1000,2020,4,2020-04,16,68.08,187.96,242.82,25.59,26.0,5.0,31.0,1,0.317,0.7262,1
LJ500_R144_C038,144,38,680250,9573250,2500,1000,2020,4,2020-04,16,68.08,187.96,242.82,25.59,26.0,5.0,31.0,1,0.3281,0.7784,1
LJ500_R144_C039,144,39,680750,9573250,3000,1000,2020,4,2020-04,16,68.08,187.96,242.82,25.59,26.0,5.0,31.0,1,0.3894,1.0649,1
LJ500_R144_C040,144,40,681250,9573250,3500,1000,2020,4,2020-04,16,68.08,187.96,242.82,25.59,26.0,5.0,31.0,1,0.46,1.2495,1
LJ500_R144_C041,144,41,681750,9573250,4000,1000,2020,4,2020-04,16,68.08,187.96,242.82,25.59,26.0,5.0,31.0,1,0.6228,1.6755,1
LJ500_R144_C042,144,42,682250,9573250,4500,1000,2020,4,2020-04,16,68.08,187.96,242.82,25.59,26.0,5.0,31.0,1,0.6603,1.7775,1
LJ500_R145_C033,145,33,677750,9573750,0,1500,2020,4,2020-04,16,75.66,204.15,258.64,25.38,25.67,5.3257,31.0,1,0.3726,0.9801,1
LJ500_R145_C034,145,34,678250,9573750,500,1500,2020,4,2020-04,16,68.08,187.96,242.82,25.59,26.0,5.0,31.0,1,0.3587,0.93,1
LJ500_R145_C035,145,35,678750,9573750,1000,1500,2020,4,2020-04,16,68.08,187.96,242.82,25.59,26.0,5.0,31.0,1,0.3389,0.8531,1
LJ500_R145_C036,145,36,679250,9573750,1500,1500,2020,4,2020-04,16,68.08,187.96,242.82,25.59,26.0,5.0,31.0,1,0.3354,0.8397,1
LJ500_R145_C037,145,37,679750,9573750,2000,1500,2020,4,2020-04,16,68.08,187.96,242.82,25.59,26.0,5.0,31.0,1,0.3181,0.74,1
LJ500_R145_C038,145,38,680250,9573750,2500,1500,2020,4,2020-04,16,68.08,187.96,242.82,25.59,26.0,5.0,31.0,1,0.3215,0.7643,1
LJ500_R145_C039,145,39,680750,9573750,3000,1500,2020,4,2020-04,16,68.08,187.96,242.82,25.59,26.0,5.0,31.0,1,0.3406,0.9,1
LJ500_R145_C040,145,40,681250,9573750,3500,1500,2020,4,2020-04,16,68.08,187.96,242.82,25.59,26.0,5.0,31.0,1,0.397,1.0653,1
LJ500_R145_C041,145,41,681750,9573750,4000,1500,2020,4,2020-04,16,68.08,187.96,242.82,25.59,26.0,5.0,31.0,1,0.5281,1.45,1
LJ500_R145_C042,145,42,682250,9573750,4500,1500,2020,4,2020-04,16,68.08,187.96,242.82,25.59,26.0,5.0,31.0,1,0.6121,1.6747,1
LJ500_R146_C033,146,33,677750,9574250,0,2000,2020,4,2020-04,16,83.28,227.74,288.85,29.71,26.24,4.7597,31.0,1,0.403,1.0889,1
LJ500_R146_C034,146,34,678250,9574250,500,2000,2020,4,2020-04,16,77.64,214.21,276.77,29.63,26.43,4.5704,31.0,1,0.3958,1.0635,1
LJ500_R146_C035,146,35,678750,9574250,1000,2000,2020,4,2020-04,16,77.68,214.33,276.92,29.65,26.43,4.5685,31.0,1,0.3574,0.9283,1
LJ500_R146_C036,146,36,679250,9574250,1500,2000,2020,4,2020-04,16,77.73,214.45,277.07,29.67,26.43,4.5666,31.0,1,0.3507,0.9049,1
LJ500_R146_C037,146,37,679750,9574250,2000,2000,2020,4,2020-04,16,77.77,214.56,277.22,29.68,26.44,4.5647,31.0,1,0.326,0.7959,1
LJ500_R146_C038,146,38,680250,9574250,2500,2000,2020,4,2020-04,16,77.81,214.68,277.37,29.7,26.44,4.5628,31.0,1,0.3261,0.8012,1
LJ500_R146_C039,146,39,680750,9574250,3000,2000,2020,4,2020-04,16,77.85,214.79,277.52,29.72,26.44,4.5609,31.0,1,0.3262,0.8295,1
LJ500_R146_C040,146,40,681250,9574250,3500,2000,2020,4,2020-04,16,77.89,214.91,277.67,29.74,26.44,4.559,31.0,1,0.3779,0.9907,1
LJ500_R146_C041,146,41,681750,9574250,4000,2000,2020,4,2020-04,16,77.94,215.03,277.82,29.76,26.44,4.5571,31.0,1,0.4992,1.3695,1
LJ500_R146_C042,146,42,682250,9574250,4500,2000,2020,4,2020-04,16,77.98,215.15,277.97,29.77,26.44,4.5552,31.0,1,0.5945,1.6184,1
LJ500_R147_C033,147,33,677750,9574750,0,2500,2020,4,2020-04,16,93.43,259.23,329.2,35.5,27.0,4.0,31.0,1,0.4388,1.217,1
LJ500_R147_C034,147,34,678250,9574750,500,2500,2020,4,2020-04,16,90.34,249.08,321.86,35.0,27.0,4.0,31.0,1,0.4394,1.22,1
LJ500_R147_C035,147,35,678750,9574750,1000,2500,2020,4,2020-04,16,90.34,249.08,321.86,35.0,27.0,4.0,31.0,1,0.379,1.0159,1
LJ500_R147_C036,147,36,679250,9574750,1500,2500,2020,4,2020-04,16,90.34,249.08,321.86,35.0,27.0,4.0,31.0,1,0.3684,0.98,1
LJ500_R147_C037,147,37,679750,9574750,2000,2500,2020,4,2020-04,16,90.34,249.08,321.86,35.0,27.0,4.0,31.0,1,0.3352,0.8601,1
LJ500_R147_C038,147,38,680250,9574750,2500,2500,2020,4,2020-04,16,90.34,249.08,321.86,35.0,27.0,4.0,31.0,1,0.3314,0.8437,1
LJ500_R147_C039,147,39,680750,9574750,3000,2500,2020,4,2020-04,16,90.34,249.08,321.86,35.0,27.0,4.0,31.0,1,0.31,0.75,1
LJ500_R147_C040,147,40,681250,9574750,3500,2500,2020,4,2020-04,16,90.34,249.08,321.86,35.0,27.0,4.0,31.0,1,0.3566,0.9073,1
LJ500_R147_C041,147,41,681750,9574750,4000,2500,2020,4,2020-04,16,90.34,249.08,321.86,35.0,27.0,4.0,31.0,1,0.4671,1.28,1
LJ500_R147_C042,147,42,682250,9574750,4500,2500,2020,4,2020-04,16,90.34,249.08,321.86,35.0,27.0,4.0,31.0,1,0.5749,1.5563,1
LJ500_R148_C033,148,33,677750,9575250,0,3000,2020,4,2020-04,16,93.45,259.29,329.24,35.5,27.0,4.0,31.0,1,0.4357,1.1978,1
LJ500_R148_C034,148,34,678250,9575250,500,3000,2020,4,2020-04,16,90.34,249.08,321.86,35.0,27.0,4.0,31.0,1,0.4507,1.2509,1
LJ500_R148_C035,148,35,678750,9575250,1000,3000,2020,4,2020-04,16,90.34,249.08,321.86,35.0,27.0,4.0,31.0,1,0.3878,1.0473,1
LJ500_R148_C036,148,36,679250,9575250,1500,3000,2020,4,2020-04,16,90.34,249.08,321.86,35.0,27.0,4.0,31.0,1,0.3766,1.0111,1
LJ500_R148_C037,148,37,679750,9575250,2000,3000,2020,4,2020-04,16,90.34,249.08,321.86,35.0,27.0,4.0,31.0,1,0.3503,0.9225,1
LJ500_R148_C038,148,38,680250,9575250,2500,3000,2020,4,2020-04,16,90.34,249.08,321.86,35.0,27.0,4.0,31.0,1,0.3449,0.9,1
LJ500_R148_C039,148,39,680750,9575250,3000,3000,2020,4,2020-04,16,90.34,249.08,321.86,35.0,27.0,4.0,31.0,1,0.3134,0.7688,1
LJ500_R148_C040,148,40,681250,9575250,3500,3000,2020,4,2020-04,16,90.34,249.08,321.86,35.0,27.0,4.0,31.0,1,0.3329,0.8399,1
LJ500_R148_C041,148,41,681750,9575250,4000,3000,2020,4,2020-04,16,90.34,249.08,321.86,35.0,27.0,4.0,31.0,1,0.379,1.0088,1
LJ500_R148_C042,148,42,682250,9575250,4500,3000,2020,4,2020-04,16,90.34,249.08,321.86,35.0,27.0,4.0,31.0,1,0.4453,1.1904,1
LJ500_R149_C033,149,33,677750,9575750,0,3500,2020,4,2020-04,16,93.46,259.35,329.28,35.51,27.0,4.0,31.0,1,0.4336,1.1854,1
LJ500_R149_C034,149,34,678250,9575750,500,3500,2020,4,2020-04,16,90.34,249.08,321.86,35.0,27.0,4.0,31.0,1,0.4577,1.27,1
LJ500_R149_C035,149,35,678750,9575750,1000,3500,2020,4,2020-04,16,90.34,249.08,321.86,35.0,27.0,4.0,31.0,1,0.3933,1.0668,1
LJ500_R149_C036,149,36,679250,9575750,1500,3500,2020,4,2020-04,16,90.34,249.08,321.86,35.0,27.0,4.0,31.0,1,0.3816,1.03,1
LJ500_R149_C037,149,37,679750,9575750,2000,3500,2020,4,2020-04,16,90.34,249.08,321.86,35.0,27.0,4.0,31.0,1,0.3595,0.9603,1
LJ500_R149_C038,149,38,680250,9575750,2500,3500,2020,4,2020-04,16,90.34,249.08,321.86,35.0,27.0,4.0,31.0,1,0.353,0.9341,1
LJ500_R149_C039,149,39,680750,9575750,3000,3500,2020,4,2020-04,16,90.34,249.08,321.86,35.0,27.0,4.0,31.0,1,0.3155,0.78,1
LJ500_R149_C040,149,40,681250,9575750,3500,3500,2020,4,2020-04,16,90.34,249.08,321.86,35.0,27.0,4.0,31.0,1,0.319,0.8005,1
LJ500_R149_C041,149,41,681750,9575750,4000,3500,2020,4,2020-04,16,90.34,249.08,321.86,35.0,27.0,4.0,31.0,1,0.3274,0.85,1
LJ500_R149_C042,149,42,682250,9575750,4500,3500,2020,4,2020-04,16,90.34,249.08,321.86,35.0,27.0,4.0,31.0,1,0.3702,0.9781,1
LJ500_R150_C033,150,33,677750,9576250,0,4000,2020,4,2020-04,16,93.48,259.4,329.32,35.51,27.0,4.0,31.0,1,0.4687,1.2903,1
LJ500_R150_C034,150,34,678250,9576250,500,4000,2020,4,2020-04,16,90.34,249.08,321.86,35.0,27.0,4.0,31.0,1,0.5052,1.4017,1
LJ500_R150_C035,150,35,678750,9576250,1000,4000,2020,4,2020-04,16,90.34,249.08,321.86,35.0,27.0,4.0,31.0,1,0.4133,1.1271,1
LJ500_R150_C036,150,36,679250,9576250,1500,4000,2020,4,2020-04,16,90.34,249.08,321.86,35.0,27.0,4.0,31.0,1,0.3964,1.0767,1
LJ500_R150_C037,150,37,679750,9576250,2000,4000,2020,4,2020-04,16,90.34,249.08,321.86,35.0,27.0,4.0,31.0,1,0.4573,1.2475,1
LJ500_R150_C038,150,38,680250,9576250,2500,4000,2020,4,2020-04,16,90.34,249.08,321.86,35.0,27.0,4.0,31.0,1,0.4505,1.2259,1
LJ500_R150_C039,150,39,680750,9576250,3000,4000,2020,4,2020-04,16,90.34,249.08,321.86,35.0,27.0,4.0,31.0,1,0.4055,1.0857,1
LJ500_R150_C040,150,40,681250,9576250,3500,4000,2020,4,2020-04,16,90.34,249.08,321.86,35.0,27.0,4.0,31.0,1,0.3824,1.013,1
LJ500_R150_C041,150,41,681750,9576250,4000,4000,2020,4,2020-04,16,90.34,249.08,321.86,35.0,27.0,4.0,31.0,1,0.3256,0.8342,1
LJ500_R150_C042,150,42,682250,9576250,4500,4000,2020,4,2020-04,16,90.34,249.08,321.86,35.0,27.0,4.0,31.0,1,0.3514,0.9166,1
LJ500_R151_C033,151,33,677750,9576750,0,4500,2020,4,2020-04,16,93.5,259.46,329.36,35.51,27.0,4.0,31.0,1,0.4789,1.3207,1
LJ500_R151_C034,151,34,678250,9576750,500,4500,2020,4,2020-04,16,90.34,249.08,321.86,35.0,27.0,4.0,31.0,1,0.519,1.44,1
LJ500_R151_C035,151,35,678750,9576750,1000,4500,2020,4,2020-04,16,90.34,249.08,321.86,35.0,27.0,4.0,31.0,1,0.4193,1.145,1
LJ500_R151_C036,151,36,679250,9576750,1500,4500,2020,4,2020-04,16,90.34,249.08,321.86,35.0,27.0,4.0,31.0,1,0.4006,1.09,1
LJ500_R151_C037,151,37,679750,9576750,2000,4500,2020,4,2020-04,16,90.34,249.08,321.86,35.0,27.0,4.0,31.0,1,0.4848,1.328,1
LJ500_R151_C038,151,38,680250,9576750,2500,4500,2020,4,2020-04,16,90.34,249.08,321.86,35.0,27.0,4.0,31.0,1,0.4777,1.3075,1
LJ500_R151_C039,151,39,680750,9576750,3000,4500,2020,4,2020-04,16,90.34,249.08,321.86,35.0,27.0,4.0,31.0,1,0.4303,1.17,1
LJ500_R151_C040,151,40,681250,9576750,3500,4500,2020,4,2020-04,16,90.34,249.08,321.86,35.0,27.0,4.0,31.0,1,0.3999,1.0717,1
LJ500_R151_C041,151,41,681750,9576750,4000,4500,2020,4,2020-04,16,90.34,249.08,321.86,35.0,27.0,4.0,31.0,1,0.3252,0.83,1
LJ500_R151_C042,151,42,682250,9576750,4500,4500,2020,4,2020-04,16,90.34,249.08,321.86,35.0,27.0,4.0,31.0,1,0.3463,0.9001,1
LJ500_R142_C033,142,33,677750,9572250,0,0,2020,5,2020-05,17,73.62,149.15,277.48,17.24,24.36,5.6402,30.0,1,0.5386,1.0043,1
LJ500_R142_C034,142,34,678250,9572250,500,0,2020,5,2020-05,17,69.74,137.81,257.7,17.06,25.0,5.0,30.0,1,0.54,1.0458,1
LJ500_R142_C035,142,35,678750,9572250,1000,0,2020,5,2020-05,17,69.74,137.81,257.7,17.06,25.0,5.0,30.0,1,0.4064,0.7188,1
LJ500_R142_C036,142,36,679250,9572250,1500,0,2020,5,2020-05,17,69.74,137.81,257.7,17.06,25.0,5.0,30.0,1,0.384,0.6648,1
LJ500_R142_C037,142,37,679750,9572250,2000,0,2020,5,2020-05,17,69.74,137.81,257.7,17.06,25.0,5.0,30.0,1,0.3209,0.583,1
LJ500_R142_C038,142,38,680250,9572250,2500,0,2020,5,2020-05,17,69.74,137.81,257.7,17.06,25.0,5.0,30.0,1,0.3437,0.628,1
LJ500_R142_C039,142,39,680750,9572250,3000,0,2020,5,2020-05,17,69.74,137.81,257.7,17.06,25.0,5.0,30.0,1,0.4659,0.8684,1
LJ500_R142_C040,142,40,681250,9572250,3500,0,2020,5,2020-05,17,69.74,137.81,257.7,17.06,25.0,5.0,30.0,1,0.4974,0.9724,1
LJ500_R142_C041,142,41,681750,9572250,4000,0,2020,5,2020-05,17,69.74,137.81,257.7,17.06,25.0,5.0,30.0,1,0.5689,1.2087,1
LJ500_R142_C042,142,42,682250,9572250,4500,0,2020,5,2020-05,17,69.74,137.81,257.7,17.06,25.0,5.0,30.0,1,0.5628,1.1892,1
LJ500_R143_C033,143,33,677750,9572750,0,500,2020,5,2020-05,17,73.64,149.21,277.6,17.24,24.36,5.6439,30.0,1,0.4926,0.8668,1
LJ500_R143_C034,143,34,678250,9572750,500,500,2020,5,2020-05,17,69.74,137.81,257.7,17.06,25.0,5.0,30.0,1,0.4523,0.73,1
LJ500_R143_C035,143,35,678750,9572750,1000,500,2020,5,2020-05,17,69.74,137.81,257.7,17.06,25.0,5.0,30.0,1,0.3643,0.6528,1
LJ500_R143_C036,143,36,679250,9572750,1500,500,2020,5,2020-05,17,69.74,137.81,257.7,17.06,25.0,5.0,30.0,1,0.3495,0.6397,1
LJ500_R143_C037,143,37,679750,9572750,2000,500,2020,5,2020-05,17,69.74,137.81,257.7,17.06,25.0,5.0,30.0,1,0.3293,0.6,1
LJ500_R143_C038,143,38,680250,9572750,2500,500,2020,5,2020-05,17,69.74,137.81,257.7,17.06,25.0,5.0,30.0,1,0.3508,0.6405,1
LJ500_R143_C039,143,39,680750,9572750,3000,500,2020,5,2020-05,17,69.74,137.81,257.7,17.06,25.0,5.0,30.0,1,0.467,0.86,1
LJ500_R143_C040,143,40,681250,9572750,3500,500,2020,5,2020-05,17,69.74,137.81,257.7,17.06,25.0,5.0,30.0,1,0.5251,1.0761,1
LJ500_R143_C041,143,41,681750,9572750,4000,500,2020,5,2020-05,17,69.74,137.81,257.7,17.06,25.0,5.0,30.0,1,0.658,1.57,1
LJ500_R143_C042,143,42,682250,9572750,4500,500,2020,5,2020-05,17,69.74,137.81,257.7,17.06,25.0,5.0,30.0,1,0.6665,1.6561,1
LJ500_R144_C033,144,33,677750,9573250,0,1000,2020,5,2020-05,17,73.66,149.28,277.72,17.24,24.35,5.6477,30.0,1,0.4814,0.8268,1
LJ500_R144_C034,144,34,678250,9573250,500,1000,2020,5,2020-05,17,69.74,137.81,257.7,17.06,25.0,5.0,30.0,1,0.4446,0.7209,1
LJ500_R144_C035,144,35,678750,9573250,1000,1000,2020,5,2020-05,17,69.74,137.81,257.7,17.06,25.0,5.0,30.0,1,0.3708,0.6569,1
LJ500_R144_C036,144,36,679250,9573250,1500,1000,2020,5,2020-05,17,69.74,137.81,257.7,17.06,25.0,5.0,30.0,1,0.3583,0.6459,1
LJ500_R144_C037,144,37,679750,9573250,2000,1000,2020,5,2020-05,17,69.74,137.81,257.7,17.06,25.0,5.0,30.0,1,0.3312,0.6031,1
LJ500_R144_C038,144,38,680250,9573250,2500,1000,2020,5,2020-05,17,69.74,137.81,257.7,17.06,25.0,5.0,30.0,1,0.348,0.6321,1
LJ500_R144_C039,144,39,680750,9573250,3000,1000,2020,5,2020-05,17,69.74,137.81,257.7,17.06,25.0,5.0,30.0,1,0.4402,0.7912,1
LJ500_R144_C040,144,40,681250,9573250,3500,1000,2020,5,2020-05,17,69.74,137.81,257.7,17.06,25.0,5.0,30.0,1,0.4957,0.9817,1
LJ500_R144_C041,144,41,681750,9573250,4000,1000,2020,5,2020-05,17,69.74,137.81,257.7,17.06,25.0,5.0,30.0,1,0.6237,1.4211,1
LJ500_R144_C042,144,42,682250,9573250,4500,1000,2020,5,2020-05,17,69.74,137.81,257.7,17.06,25.0,5.0,30.0,1,0.6518,1.6211,1
LJ500_R145_C033,145,33,677750,9573750,0,1500,2020,5,2020-05,17,73.68,149.35,277.83,17.24,24.35,5.6515,30.0,1,0.4549,0.7324,1
LJ500_R145_C034,145,34,678250,9573750,500,1500,2020,5,2020-05,17,69.74,137.81,257.7,17.06,25.0,5.0,30.0,1,0.427,0.7,1
LJ500_R145_C035,145,35,678750,9573750,1000,1500,2020,5,2020-05,17,69.74,137.81,257.7,17.06,25.0,5.0,30.0,1,0.3854,0.6658,1
LJ500_R145_C036,145,36,679250,9573750,1500,1500,2020,5,2020-05,17,69.74,137.81,257.7,17.06,25.0,5.0,30.0,1,0.3782,0.6599,1
LJ500_R145_C037,145,37,679750,9573750,2000,1500,2020,5,2020-05,17,69.74,137.81,257.7,17.06,25.0,5.0,30.0,1,0.3353,0.61,1
LJ500_R145_C038,145,38,680250,9573750,2500,1500,2020,5,2020-05,17,69.74,137.81,257.7,17.06,25.0,5.0,30.0,1,0.3423,0.6146,1
LJ500_R145_C039,145,39,680750,9573750,3000,1500,2020,5,2020-05,17,69.74,137.81,257.7,17.06,25.0,5.0,30.0,1,0.3813,0.64,1
LJ500_R145_C040,145,40,681250,9573750,3500,1500,2020,5,2020-05,17,69.74,137.81,257.7,17.06,25.0,5.0,30.0,1,0.4319,0.7783,1
LJ500_R145_C041,145,41,681750,9573750,4000,1500,2020,5,2020-05,17,69.74,137.81,257.7,17.06,25.0,5.0,30.0,1,0.5497,1.1,1
LJ500_R145_C042,145,42,682250,9573750,4500,1500,2020,5,2020-05,17,69.74,137.81,257.7,17.06,25.0,5.0,30.0,1,0.6202,1.5449,1
LJ500_R146_C033,146,33,677750,9574250,0,2000,2020,5,2020-05,17,81.92,165.19,309.65,20.72,24.48,5.5151,30.0,1,0.5056,0.9102,1
LJ500_R146_C034,146,34,678250,9574250,500,2000,2020,5,2020-05,17,79.58,157.22,293.8,19.0,25.0,5.0,30.0,1,0.4888,0.8934,1
LJ500_R146_C035,146,35,678750,9574250,1000,2000,2020,5,2020-05,17,79.62,157.31,293.95,19.01,25.0,5.0,30.0,1,0.4211,0.7144,1
LJ500_R146_C036,146,36,679250,9574250,1500,2000,2020,5,2020-05,17,79.67,157.39,294.11,19.01,25.0,5.0,30.0,1,0.4094,0.6831,1
LJ500_R146_C037,146,37,679750,9574250,2000,2000,2020,5,2020-05,17,79.71,157.48,294.27,19.02,25.0,5.0,30.0,1,0.3562,0.6193,1
LJ500_R146_C038,146,38,680250,9574250,2500,2000,2020,5,2020-05,17,79.75,157.56,294.43,19.03,25.0,5.0,30.0,1,0.3563,0.619,1
LJ500_R146_C039,146,39,680750,9574250,3000,2000,2020,5,2020-05,17,79.8,157.65,294.59,19.04,25.0,5.0,30.0,1,0.3566,0.6165,1
LJ500_R146_C040,146,40,681250,9574250,3500,2000,2020,5,2020-05,17,79.84,157.74,294.75,19.05,25.0,5.0,30.0,1,0.4071,0.7397,1
LJ500_R146_C041,146,41,681750,9574250,4000,2000,2020,5,2020-05,17,79.89,157.82,294.91,19.06,25.0,5.0,30.0,1,0.5258,1.0289,1
LJ500_R146_C042,146,42,682250,9574250,4500,2000,2020,5,2020-05,17,79.93,157.91,295.07,19.07,25.0,5.0,30.0,1,0.6014,1.4461,1
LJ500_R147_C033,147,33,677750,9574750,0,2500,2020,5,2020-05,17,92.9,186.33,352.13,25.4,24.67,5.3295,30.0,1,0.5653,1.12,1
LJ500_R147_C034,147,34,678250,9574750,500,2500,2020,5,2020-05,17,92.65,182.99,341.73,21.57,25.0,5.0,30.0,1,0.5613,1.12,1
LJ500_R147_C035,147,35,678750,9574750,1000,2500,2020,5,2020-05,17,92.65,182.99,341.73,21.57,25.0,5.0,30.0,1,0.4627,0.7714,1
LJ500_R147_C036,147,36,679250,9574750,1500,2500,2020,5,2020-05,17,92.65,182.99,341.73,21.57,25.0,5.0,30.0,1,0.4453,0.71,1
LJ500_R147_C037,147,37,679750,9574750,2000,2500,2020,5,2020-05,17,92.65,182.99,341.73,21.57,25.0,5.0,30.0,1,0.3801,0.6301,1
LJ500_R147_C038,147,38,680250,9574750,2500,2500,2020,5,2020-05,17,92.65,182.99,341.73,21.57,25.0,5.0,30.0,1,0.3724,0.6241,1
LJ500_R147_C039,147,39,680750,9574750,3000,2500,2020,5,2020-05,17,92.65,182.99,341.73,21.57,25.0,5.0,30.0,1,0.3287,0.59,1
LJ500_R147_C040,147,40,681250,9574750,3500,2500,2020,5,2020-05,17,92.65,182.99,341.73,21.57,25.0,5.0,30.0,1,0.3793,0.6968,1
LJ500_R147_C041,147,41,681750,9574750,4000,2500,2020,5,2020-05,17,92.65,182.99,341.73,21.57,25.0,5.0,30.0,1,0.4993,0.95,1
LJ500_R147_C042,147,42,682250,9574750,4500,2500,2020,5,2020-05,17,92.65,182.99,341.73,21.57,25.0,5.0,30.0,1,0.5806,1.3376,1
LJ500_R148_C033,148,33,677750,9575250,0,3000,2020,5,2020-05,17,92.9,186.35,352.19,25.42,24.67,5.3313,30.0,1,0.5582,1.0989,1
LJ500_R148_C034,148,34,678250,9575250,500,3000,2020,5,2020-05,17,92.65,182.99,341.73,21.57,25.0,5.0,30.0,1,0.577,1.1879,1
LJ500_R148_C035,148,35,678750,9575250,1000,3000,2020,5,2020-05,17,92.65,182.99,341.73,21.57,25.0,5.0,30.0,1,0.48,0.7877,1
LJ500_R148_C036,148,36,679250,9575250,1500,3000,2020,5,2020-05,17,92.65,182.99,341.73,21.57,25.0,5.0,30.0,1,0.4627,0.7162,1
LJ500_R148_C037,148,37,679750,9575250,2000,3000,2020,5,2020-05,17,92.65,182.99,341.73,21.57,25.0,5.0,30.0,1,0.4092,0.6613,1
LJ500_R148_C038,148,38,680250,9575250,2500,3000,2020,5,2020-05,17,92.65,182.99,341.73,21.57,25.0,5.0,30.0,1,0.3988,0.6518,1
LJ500_R148_C039,148,39,680750,9575250,3000,3000,2020,5,2020-05,17,92.65,182.99,341.73,21.57,25.0,5.0,30.0,1,0.3383,0.5963,1
LJ500_R148_C040,148,40,681250,9575250,3500,3000,2020,5,2020-05,17,92.65,182.99,341.73,21.57,25.0,5.0,30.0,1,0.3597,0.6394,1
LJ500_R148_C041,148,41,681750,9575250,4000,3000,2020,5,2020-05,17,92.65,182.99,341.73,21.57,25.0,5.0,30.0,1,0.4106,0.7419,1
LJ500_R148_C042,148,42,682250,9575250,4500,3000,2020,5,2020-05,17,92.65,182.99,341.73,21.57,25.0,5.0,30.0,1,0.4627,0.9307,1
LJ500_R149_C033,149,33,677750,9575750,0,3500,2020,5,2020-05,17,92.9,186.37,352.25,25.44,24.67,5.3332,30.0,1,0.5536,1.0849,1
LJ500_R149_C034,149,34,678250,9575750,500,3500,2020,5,2020-05,17,92.65,182.99,341.73,21.57,25.0,5.0,30.0,1,0.5867,1.23,1
LJ500_R149_C035,149,35,678750,9575750,1000,3500,2020,5,2020-05,17,92.65,182.99,341.73,21.57,25.0,5.0,30.0,1,0.4907,0.7983,1
LJ500_R149_C036,149,36,679250,9575750,1500,3500,2020,5,2020-05,17,92.65,182.99,341.73,21.57,25.0,5.0,30.0,1,0.4733,0.72,1
LJ500_R149_C037,149,37,679750,9575750,2000,3500,2020,5,2020-05,17,92.65,182.99,341.73,21.57,25.0,5.0,30.0,1,0.4269,0.6802,1
LJ500_R149_C038,149,38,680250,9575750,2500,3500,2020,5,2020-05,17,92.65,182.99,341.73,21.57,25.0,5.0,30.0,1,0.4148,0.6685,1
LJ500_R149_C039,149,39,680750,9575750,3000,3500,2020,5,2020-05,17,92.65,182.99,341.73,21.57,25.0,5.0,30.0,1,0.344,0.6,1
LJ500_R149_C040,149,40,681250,9575750,3500,3500,2020,5,2020-05,17,92.65,182.99,341.73,21.57,25.0,5.0,30.0,1,0.3483,0.6059,1
LJ500_R149_C041,149,41,681750,9575750,4000,3500,2020,5,2020-05,17,92.65,182.99,341.73,21.57,25.0,5.0,30.0,1,0.3587,0.62,1
LJ500_R149_C042,149,42,682250,9575750,4500,3500,2020,5,2020-05,17,92.65,182.99,341.73,21.57,25.0,5.0,30.0,1,0.3943,0.6951,1
LJ500_R150_C033,150,33,677750,9576250,0,4000,2020,5,2020-05,17,92.9,186.38,352.31,25.46,24.66,5.3351,30.0,1,0.5957,1.2177,1
LJ500_R150_C034,150,34,678250,9576250,500,4000,2020,5,2020-05,17,92.65,182.99,341.73,21.57,25.0,5.0,30.0,1,0.6373,1.4159,1
LJ500_R150_C035,150,35,678750,9576250,1000,4000,2020,5,2020-05,17,92.65,182.99,341.73,21.57,25.0,5.0,30.0,1,0.5183,0.9331,1
LJ500_R150_C036,150,36,679250,9576250,1500,4000,2020,5,2020-05,17,92.65,182.99,341.73,21.57,25.0,5.0,30.0,1,0.4964,0.8445,1
LJ500_R150_C037,150,37,679750,9576250,2000,4000,2020,5,2020-05,17,92.65,182.99,341.73,21.57,25.0,5.0,30.0,1,0.5384,1.0608,1
LJ500_R150_C038,150,38,680250,9576250,2500,4000,2020,5,2020-05,17,92.65,182.99,341.73,21.57,25.0,5.0,30.0,1,0.528,1.0329,1
LJ500_R150_C039,150,39,680750,9576250,3000,4000,2020,5,2020-05,17,92.65,182.99,341.73,21.57,25.0,5.0,30.0,1,0.4616,0.8508,1
LJ500_R150_C040,150,40,681250,9576250,3500,4000,2020,5,2020-05,17,92.65,182.99,341.73,21.57,25.0,5.0,30.0,1,0.4317,0.7841,1
LJ500_R150_C041,150,41,681750,9576250,4000,4000,2020,5,2020-05,17,92.65,182.99,341.73,21.57,25.0,5.0,30.0,1,0.3581,0.62,1
LJ500_R150_C042,150,42,682250,9576250,4500,4000,2020,5,2020-05,17,92.65,182.99,341.73,21.57,25.0,5.0,30.0,1,0.3791,0.6635,1
LJ500_R151_C033,151,33,677750,9576750,0,4500,2020,5,2020-05,17,92.91,186.4,352.37,25.48,24.66,5.337,30.0,1,0.6079,1.2558,1
LJ500_R151_C034,151,34,678250,9576750,500,4500,2020,5,2020-05,17,92.65,182.99,341.73,21.57,25.0,5.0,30.0,1,0.652,1.47,1
LJ500_R151_C035,151,35,678750,9576750,1000,4500,2020,5,2020-05,17,92.65,182.99,341.73,21.57,25.0,5.0,30.0,1,0.5264,0.9728,1
LJ500_R151_C036,151,36,679250,9576750,1500,4500,2020,5,2020-05,17,92.65,182.99,341.73,21.57,25.0,5.0,30.0,1,0.503,0.88,1
LJ500_R151_C037,151,37,679750,9576750,2000,4500,2020,5,2020-05,17,92.65,182.99,341.73,21.57,25.0,5.0,30.0,1,0.5698,1.1676,1
LJ500_R151_C038,151,38,680250,9576750,2500,4500,2020,5,2020-05,17,92.65,182.99,341.73,21.57,25.0,5.0,30.0,1,0.5596,1.1349,1
LJ500_R151_C039,151,39,680750,9576750,3000,4500,2020,5,2020-05,17,92.65,182.99,341.73,21.57,25.0,5.0,30.0,1,0.494,0.92,1
LJ500_R151_C040,151,40,681250,9576750,3500,4500,2020,5,2020-05,17,92.65,182.99,341.73,21.57,25.0,5.0,30.0,1,0.4547,0.8333,1
LJ500_R151_C041,151,41,681750,9576750,4000,4500,2020,5,2020-05,17,92.65,182.99,341.73,21.57,25.0,5.0,30.0,1,0.358,0.62,1
LJ500_R151_C042,151,42,682250,9576750,4500,4500,2020,5,2020-05,17,92.65,182.99,341.73,21.57,25.0,5.0,30.0,1,0.3751,0.655,1
LJ500_R142_C033,142,33,677750,9572250,0,0,2020,6,2020-06,18,20.32,93.93,169.46,9.8133,29.0,2.0,31.0,1,0.5803,0.8668,1
LJ500_R142_C034,142,34,678250,9572250,500,0,2020,6,2020-06,18,19.72,89.46,157.54,9.6698,29.0,2.0,31.0,1,0.576,0.868,1
LJ500_R142_C035,142,35,678750,9572250,1000,0,2020,6,2020-06,18,19.72,89.46,157.54,9.6698,29.0,2.0,31.0,1,0.4521,0.6802,1
LJ500_R142_C036,142,36,679250,9572250,1500,0,2020,6,2020-06,18,19.72,89.46,157.54,9.6698,29.0,2.0,31.0,1,0.431,0.6486,1
LJ500_R142_C037,142,37,679750,9572250,2000,0,2020,6,2020-06,18,19.72,89.46,157.54,9.6698,29.0,2.0,31.0,1,0.3347,0.55,1
LJ500_R142_C038,142,38,680250,9572250,2500,0,2020,6,2020-06,18,19.72,89.46,157.54,9.6698,29.0,2.0,31.0,1,0.3583,0.5857,1
LJ500_R142_C039,142,39,680750,9572250,3000,0,2020,6,2020-06,18,19.72,89.46,157.54,9.6698,29.0,2.0,31.0,1,0.4843,0.7769,1
LJ500_R142_C040,142,40,681250,9572250,3500,0,2020,6,2020-06,18,19.72,89.46,157.54,9.6698,29.0,2.0,31.0,1,0.494,0.822,1
LJ500_R142_C041,142,41,681750,9572250,4000,0,2020,6,2020-06,18,19.72,89.46,157.54,9.6698,29.0,2.0,31.0,1,0.516,0.9244,1
LJ500_R142_C042,142,42,682250,9572250,4500,0,2020,6,2020-06,18,19.72,89.46,157.54,9.6698,29.0,2.0,31.0,1,0.5074,0.9207,1
LJ500_R143_C033,143,33,677750,9572750,0,500,2020,6,2020-06,18,20.32,93.96,169.53,9.8142,29.0,2.0,31.0,1,0.5397,0.7982,1
LJ500_R143_C034,143,34,678250,9572750,500,500,2020,6,2020-06,18,19.72,89.46,157.54,9.6698,29.0,2.0,31.0,1,0.5074,0.74,1
LJ500_R143_C035,143,35,678750,9572750,1000,500,2020,6,2020-06,18,19.72,89.46,157.54,9.6698,29.0,2.0,31.0,1,0.3965,0.6113,1
LJ500_R143_C036,143,36,679250,9572750,1500,500,2020,6,2020-06,18,19.72,89.46,157.54,9.6698,29.0,2.0,31.0,1,0.3778,0.5897,1
LJ500_R143_C037,143,37,679750,9572750,2000,500,2020,6,2020-06,18,19.72,89.46,157.54,9.6698,29.0,2.0,31.0,1,0.3448,0.55,1
LJ500_R143_C038,143,38,680250,9572750,2500,500,2020,6,2020-06,18,19.72,89.46,157.54,9.6698,29.0,2.0,31.0,1,0.3658,0.5827,1
LJ500_R143_C039,143,39,680750,9572750,3000,500,2020,6,2020-06,18,19.72,89.46,157.54,9.6698,29.0,2.0,31.0,1,0.4794,0.76,1
LJ500_R143_C040,143,40,681250,9572750,3500,500,2020,6,2020-06,18,19.72,89.46,157.54,9.6698,29.0,2.0,31.0,1,0.4991,0.8331,1
LJ500_R143_C041,143,41,681750,9572750,4000,500,2020,6,2020-06,18,19.72,89.46,157.54,9.6698,29.0,2.0,31.0,1,0.5442,1.0,1
LJ500_R143_C042,143,42,682250,9572750,4500,500,2020,6,2020-06,18,19.72,89.46,157.54,9.6698,29.0,2.0,31.0,1,0.5493,1.0,1
LJ500_R144_C033,144,33,677750,9573250,0,1000,2020,6,2020-06,18,20.33,93.99,169.6,9.815,29.0,2.0,31.0,1,0.529,0.7782,1
LJ500_R144_C034,144,34,678250,9573250,500,1000,2020,6,2020-06,18,19.72,89.46,157.54,9.6698,29.0,2.0,31.0,1,0.4982,0.7248,1
LJ500_R144_C035,144,35,678750,9573250,1000,1000,2020,6,2020-06,18,19.72,89.46,157.54,9.6698,29.0,2.0,31.0,1,0.4051,0.6172,1
LJ500_R144_C036,144,36,679250,9573250,1500,1000,2020,6,2020-06,18,19.72,89.46,157.54,9.6698,29.0,2.0,31.0,1,0.3894,0.599,1
LJ500_R144_C037,144,37,679750,9573250,2000,1000,2020,6,2020-06,18,19.72,89.46,157.54,9.6698,29.0,2.0,31.0,1,0.347,0.55,1
LJ500_R144_C038,144,38,680250,9573250,2500,1000,2020,6,2020-06,18,19.72,89.46,157.54,9.6698,29.0,2.0,31.0,1,0.364,0.5756,1
LJ500_R144_C039,144,39,680750,9573250,3000,1000,2020,6,2020-06,18,19.72,89.46,157.54,9.6698,29.0,2.0,31.0,1,0.4572,0.7162,1
LJ500_R144_C040,144,40,681250,9573250,3500,1000,2020,6,2020-06,18,19.72,89.46,157.54,9.6698,29.0,2.0,31.0,1,0.4787,0.7895,1
LJ500_R144_C041,144,41,681750,9573250,4000,1000,2020,6,2020-06,18,19.72,89.46,157.54,9.6698,29.0,2.0,31.0,1,0.5287,0.9588,1
LJ500_R144_C042,144,42,682250,9573250,4500,1000,2020,6,2020-06,18,19.72,89.46,157.54,9.6698,29.0,2.0,31.0,1,0.5448,0.983,1
LJ500_R145_C033,145,33,677750,9573750,0,1500,2020,6,2020-06,18,20.33,94.01,169.67,9.8158,29.0,2.0,31.0,1,0.5039,0.7313,1
LJ500_R145_C034,145,34,678250,9573750,500,1500,2020,6,2020-06,18,19.72,89.46,157.54,9.6698,29.0,2.0,31.0,1,0.4771,0.69,1
LJ500_R145_C035,145,35,678750,9573750,1000,1500,2020,6,2020-06,18,19.72,89.46,157.54,9.6698,29.0,2.0,31.0,1,0.4245,0.6302,1
LJ500_R145_C036,145,36,679250,9573750,1500,1500,2020,6,2020-06,18,19.72,89.46,157.54,9.6698,29.0,2.0,31.0,1,0.4153,0.6198,1
LJ500_R145_C037,145,37,679750,9573750,2000,1500,2020,6,2020-06,18,19.72,89.46,157.54,9.6698,29.0,2.0,31.0,1,0.3519,0.55,1
LJ500_R145_C038,145,38,680250,9573750,2500,1500,2020,6,2020-06,18,19.72,89.46,157.54,9.6698,29.0,2.0,31.0,1,0.3605,0.5606,1
LJ500_R145_C039,145,39,680750,9573750,3000,1500,2020,6,2020-06,18,19.72,89.46,157.54,9.6698,29.0,2.0,31.0,1,0.4084,0.62,1
LJ500_R145_C040,145,40,681250,9573750,3500,1500,2020,6,2020-06,18,19.72,89.46,157.54,9.6698,29.0,2.0,31.0,1,0.4345,0.6951,1
LJ500_R145_C041,145,41,681750,9573750,4000,1500,2020,6,2020-06,18,19.72,89.46,157.54,9.6698,29.0,2.0,31.0,1,0.4952,0.87,1
LJ500_R145_C042,145,42,682250,9573750,4500,1500,2020,6,2020-06,18,19.72,89.46,157.54,9.6698,29.0,2.0,31.0,1,0.5352,0.9464,1
LJ500_R146_C033,146,33,677750,9574250,0,2000,2020,6,2020-06,18,23.66,105.57,188.85,14.3,27.86,3.143,31.0,1,0.5375,0.7991,1
LJ500_R146_C034,146,34,678250,9574250,500,2000,2020,6,2020-06,18,23.83,103.41,181.05,14.49,27.71,3.2888,31.0,1,0.5196,0.7729,1
LJ500_R146_C035,146,35,678750,9574250,1000,2000,2020,6,2020-06,18,23.85,103.47,181.16,14.51,27.71,3.2945,31.0,1,0.4557,0.6781,1
LJ500_R146_C036,146,36,679250,9574250,1500,2000,2020,6,2020-06,18,23.87,103.53,181.26,14.53,27.7,3.3001,31.0,1,0.4446,0.6617,1
LJ500_R146_C037,146,37,679750,9574250,2000,2000,2020,6,2020-06,18,23.88,103.59,181.36,14.55,27.69,3.3058,31.0,1,0.3773,0.5826,1
LJ500_R146_C038,146,38,680250,9574250,2500,2000,2020,6,2020-06,18,23.9,103.66,181.47,14.57,27.69,3.3115,31.0,1,0.3773,0.5834,1
LJ500_R146_C039,146,39,680750,9574250,3000,2000,2020,6,2020-06,18,23.92,103.72,181.57,14.6,27.68,3.3172,31.0,1,0.3766,0.5871,1
LJ500_R146_C040,146,40,681250,9574250,3500,2000,2020,6,2020-06,18,23.94,103.78,181.68,14.62,27.68,3.323,31.0,1,0.4083,0.6602,1
LJ500_R146_C041,146,41,681750,9574250,4000,2000,2020,6,2020-06,18,23.96,103.84,181.78,14.64,27.67,3.3287,31.0,1,0.4829,0.8321,1
LJ500_R146_C042,146,42,682250,9574250,4500,2000,2020,6,2020-06,18,23.98,103.91,181.89,14.66,27.67,3.3345,31.0,1,0.5224,0.9144,1
LJ500_R147_C033,147,33,677750,9574750,0,2500,2020,6,2020-06,18,28.1,121.0,214.43,20.29,26.33,4.6705,31.0,1,0.577,0.879,1
LJ500_R147_C034,147,34,678250,9574750,500,2500,2020,6,2020-06,18,29.28,121.93,212.27,20.89,26.0,5.0,31.0,1,0.5694,0.87,1
LJ500_R147_C035,147,35,678750,9574750,1000,2500,2020,6,2020-06,18,29.28,121.93,212.27,20.89,26.0,5.0,31.0,1,0.492,0.734,1
LJ500_R147_C036,147,36,679250,9574750,1500,2500,2020,6,2020-06,18,29.28,121.93,212.27,20.89,26.0,5.0,31.0,1,0.4784,0.71,1
LJ500_R147_C037,147,37,679750,9574750,2000,2500,2020,6,2020-06,18,29.28,121.93,212.27,20.89,26.0,5.0,31.0,1,0.4065,0.6201,1
LJ500_R147_C038,147,38,680250,9574750,2500,2500,2020,6,2020-06,18,29.28,121.93,212.27,20.89,26.0,5.0,31.0,1,0.3967,0.6096,1
LJ500_R147_C039,147,39,680750,9574750,3000,2500,2020,6,2020-06,18,29.28,121.93,212.27,20.89,26.0,5.0,31.0,1,0.3406,0.55,1
LJ500_R147_C040,147,40,681250,9574750,3500,2500,2020,6,2020-06,18,29.28,121.93,212.27,20.89,26.0,5.0,31.0,1,0.3788,0.6212,1
LJ500_R147_C041,147,41,681750,9574750,4000,2500,2020,6,2020-06,18,29.28,121.93,212.27,20.89,26.0,5.0,31.0,1,0.4694,0.79,1
LJ500_R147_C042,147,42,682250,9574750,4500,2500,2020,6,2020-06,18,29.28,121.93,212.27,20.89,26.0,5.0,31.0,1,0.5083,0.8791,1
LJ500_R148_C033,148,33,677750,9575250,0,3000,2020,6,2020-06,18,28.09,120.99,214.44,20.29,26.33,4.6687,31.0,1,0.5641,0.8642,1
LJ500_R148_C034,148,34,678250,9575250,500,3000,2020,6,2020-06,18,29.28,121.93,212.27,20.89,26.0,5.0,31.0,1,0.5707,0.8885,1
LJ500_R148_C035,148,35,678750,9575250,1000,3000,2020,6,2020-06,18,29.28,121.93,212.27,20.89,26.0,5.0,31.0,1,0.4998,0.7528,1
LJ500_R148_C036,148,36,679250,9575250,1500,3000,2020,6,2020-06,18,29.28,121.93,212.27,20.89,26.0,5.0,31.0,1,0.4872,0.7286,1
LJ500_R148_C037,148,37,679750,9575250,2000,3000,2020,6,2020-06,18,29.28,121.93,212.27,20.89,26.0,5.0,31.0,1,0.4307,0.6452,1
LJ500_R148_C038,148,38,680250,9575250,2500,3000,2020,6,2020-06,18,29.28,121.93,212.27,20.89,26.0,5.0,31.0,1,0.4187,0.633,1
LJ500_R148_C039,148,39,680750,9575250,3000,3000,2020,6,2020-06,18,29.28,121.93,212.27,20.89,26.0,5.0,31.0,1,0.3491,0.5625,1
LJ500_R148_C040,148,40,681250,9575250,3500,3000,2020,6,2020-06,18,29.28,121.93,212.27,20.89,26.0,5.0,31.0,1,0.3654,0.5889,1
LJ500_R148_C041,148,41,681750,9575250,4000,3000,2020,6,2020-06,18,29.28,121.93,212.27,20.89,26.0,5.0,31.0,1,0.404,0.6512,1
LJ500_R148_C042,148,42,682250,9575250,4500,3000,2020,6,2020-06,18,29.28,121.93,212.27,20.89,26.0,5.0,31.0,1,0.4329,0.7199,1
LJ500_R149_C033,149,33,677750,9575750,0,3500,2020,6,2020-06,18,28.09,120.99,214.45,20.28,26.33,4.6668,31.0,1,0.556,0.8547,1
LJ500_R149_C034,149,34,678250,9575750,500,3500,2020,6,2020-06,18,29.28,121.93,212.27,20.89,26.0,5.0,31.0,1,0.5716,0.9,1
LJ500_R149_C035,149,35,678750,9575750,1000,3500,2020,6,2020-06,18,29.28,121.93,212.27,20.89,26.0,5.0,31.0,1,0.5047,0.7646,1
LJ500_R149_C036,149,36,679250,9575750,1500,3500,2020,6,2020-06,18,29.28,121.93,212.27,20.89,26.0,5.0,31.0,1,0.4926,0.74,1
LJ500_R149_C037,149,37,679750,9575750,2000,3500,2020,6,2020-06,18,29.28,121.93,212.27,20.89,26.0,5.0,31.0,1,0.4454,0.6604,1
LJ500_R149_C038,149,38,680250,9575750,2500,3500,2020,6,2020-06,18,29.28,121.93,212.27,20.89,26.0,5.0,31.0,1,0.432,0.647,1
LJ500_R149_C039,149,39,680750,9575750,3000,3500,2020,6,2020-06,18,29.28,121.93,212.27,20.89,26.0,5.0,31.0,1,0.3542,0.57,1
LJ500_R149_C040,149,40,681250,9575750,3500,3500,2020,6,2020-06,18,29.28,121.93,212.27,20.89,26.0,5.0,31.0,1,0.3576,0.57,1
LJ500_R149_C041,149,41,681750,9575750,4000,3500,2020,6,2020-06,18,29.28,121.93,212.27,20.89,26.0,5.0,31.0,1,0.3658,0.57,1
LJ500_R149_C042,149,42,682250,9575750,4500,3500,2020,6,2020-06,18,29.28,121.93,212.27,20.89,26.0,5.0,31.0,1,0.389,0.6274,1
LJ500_R150_C033,150,33,677750,9576250,0,4000,2020,6,2020-06,18,28.08,120.98,214.46,20.28,26.34,4.6649,31.0,1,0.5651,0.9122,1
LJ500_R150_C034,150,34,678250,9576250,500,4000,2020,6,2020-06,18,29.28,121.93,212.27,20.89,26.0,5.0,31.0,1,0.5789,0.9697,1
LJ500_R150_C035,150,35,678750,9576250,1000,4000,2020,6,2020-06,18,29.28,121.93,212.27,20.89,26.0,5.0,31.0,1,0.5151,0.7954,1
LJ500_R150_C036,150,36,679250,9576250,1500,4000,2020,6,2020-06,18,29.28,121.93,212.27,20.89,26.0,5.0,31.0,1,0.5034,0.7633,1
LJ500_R150_C037,150,37,679750,9576250,2000,4000,2020,6,2020-06,18,29.28,121.93,212.27,20.89,26.0,5.0,31.0,1,0.503,0.8234,1
LJ500_R150_C038,150,38,680250,9576250,2500,4000,2020,6,2020-06,18,29.28,121.93,212.27,20.89,26.0,5.0,31.0,1,0.4949,0.8081,1
LJ500_R150_C039,150,39,680750,9576250,3000,4000,2020,6,2020-06,18,29.28,121.93,212.27,20.89,26.0,5.0,31.0,1,0.445,0.7111,1
LJ500_R150_C040,150,40,681250,9576250,3500,4000,2020,6,2020-06,18,29.28,121.93,212.27,20.89,26.0,5.0,31.0,1,0.4212,0.668,1
LJ500_R150_C041,150,41,681750,9576250,4000,4000,2020,6,2020-06,18,29.28,121.93,212.27,20.89,26.0,5.0,31.0,1,0.3628,0.5621,1
LJ500_R150_C042,150,42,682250,9576250,4500,4000,2020,6,2020-06,18,29.28,121.93,212.27,20.89,26.0,5.0,31.0,1,0.3757,0.595,1
LJ500_R151_C033,151,33,677750,9576750,0,4500,2020,6,2020-06,18,28.07,120.98,214.47,20.28,26.34,4.663,31.0,1,0.5677,0.9288,1
LJ500_R151_C034,151,34,678250,9576750,500,4500,2020,6,2020-06,18,29.28,121.93,212.27,20.89,26.0,5.0,31.0,1,0.581,0.99,1
LJ500_R151_C035,151,35,678750,9576750,1000,4500,2020,6,2020-06,18,29.28,121.93,212.27,20.89,26.0,5.0,31.0,1,0.5182,0.8046,1
LJ500_R151_C036,151,36,679250,9576750,1500,4500,2020,6,2020-06,18,29.28,121.93,212.27,20.89,26.0,5.0,31.0,1,0.5065,0.77,1
LJ500_R151_C037,151,37,679750,9576750,2000,4500,2020,6,2020-06,18,29.28,121.93,212.27,20.89,26.0,5.0,31.0,1,0.5192,0.8692,1
LJ500_R151_C038,151,38,680250,9576750,2500,4500,2020,6,2020-06,18,29.28,121.93,212.27,20.89,26.0,5.0,31.0,1,0.5124,0.8532,1
LJ500_R151_C039,151,39,680750,9576750,3000,4500,2020,6,2020-06,18,29.28,121.93,212.27,20.89,26.0,5.0,31.0,1,0.47,0.75,1
LJ500_R151_C040,151,40,681250,9576750,3500,4500,2020,6,2020-06,18,29.28,121.93,212.27,20.89,26.0,5.0,31.0,1,0.4388,0.6951,1
LJ500_R151_C041,151,41,681750,9576750,4000,4500,2020,6,2020-06,18,29.28,121.93,212.27,20.89,26.0,5.0,31.0,1,0.3619,0.56,1
LJ500_R151_C042,151,42,682250,9576750,4500,4500,2020,6,2020-06,18,29.28,121.93,212.27,20.89,26.0,5.0,31.0,1,0.3721,0.5863,1
LJ500_R142_C033,142,33,677750,9572250,0,0,2020,7,2020-07,19,6.0675,26.39,100.0,2.0686,28.64,1.3598,30.0,1,0.612,0.8739,1
LJ500_R142_C034,142,34,678250,9572250,500,0,2020,7,2020-07,19,7.2412,26.96,96.7,2.6071,28.0,2.0,30.0,1,0.6114,0.8654,1
LJ500_R142_C035,142,35,678750,9572250,1000,0,2020,7,2020-07,19,7.2412,26.96,96.7,2.6071,28.0,2.0,30.0,1,0.4573,0.7056,1
LJ500_R142_C036,142,36,679250,9572250,1500,0,2020,7,2020-07,19,7.2412,26.96,96.7,2.6071,28.0,2.0,30.0,1,0.431,0.6785,1
LJ500_R142_C037,142,37,679750,9572250,2000,0,2020,7,2020-07,19,7.2412,26.96,96.7,2.6071,28.0,2.0,30.0,1,0.3131,0.5715,1
LJ500_R142_C038,142,38,680250,9572250,2500,0,2020,7,2020-07,19,7.2412,26.96,96.7,2.6071,28.0,2.0,30.0,1,0.3491,0.6073,1
LJ500_R142_C039,142,39,680750,9572250,3000,0,2020,7,2020-07,19,7.2412,26.96,96.7,2.6071,28.0,2.0,30.0,1,0.5417,0.7984,1
LJ500_R142_C040,142,40,681250,9572250,3500,0,2020,7,2020-07,19,7.2412,26.96,96.7,2.6071,28.0,2.0,30.0,1,0.5551,0.8312,1
LJ500_R142_C041,142,41,681750,9572250,4000,0,2020,7,2020-07,19,7.2412,26.96,96.7,2.6071,28.0,2.0,30.0,1,0.5856,0.9056,1
LJ500_R142_C042,142,42,682250,9572250,4500,0,2020,7,2020-07,19,7.2412,26.96,96.7,2.6071,28.0,2.0,30.0,1,0.5765,0.9035,1
LJ500_R143_C033,143,33,677750,9572750,0,500,2020,7,2020-07,19,6.0606,26.38,100.02,2.0654,28.64,1.3561,30.0,1,0.5604,0.8207,1
LJ500_R143_C034,143,34,678250,9572750,500,500,2020,7,2020-07,19,7.2412,26.96,96.7,2.6071,28.0,2.0,30.0,1,0.5207,0.78,1
LJ500_R143_C035,143,35,678750,9572750,1000,500,2020,7,2020-07,19,7.2412,26.96,96.7,2.6071,28.0,2.0,30.0,1,0.3803,0.6427,1
LJ500_R143_C036,143,36,679250,9572750,1500,500,2020,7,2020-07,19,7.2412,26.96,96.7,2.6071,28.0,2.0,30.0,1,0.3568,0.6197,1
LJ500_R143_C037,143,37,679750,9572750,2000,500,2020,7,2020-07,19,7.2412,26.96,96.7,2.6071,28.0,2.0,30.0,1,0.3287,0.58,1
LJ500_R143_C038,143,38,680250,9572750,2500,500,2020,7,2020-07,19,7.2412,26.96,96.7,2.6071,28.0,2.0,30.0,1,0.3615,0.6127,1
LJ500_R143_C039,143,39,680750,9572750,3000,500,2020,7,2020-07,19,7.2412,26.96,96.7,2.6071,28.0,2.0,30.0,1,0.54,0.79,1
LJ500_R143_C040,143,40,681250,9572750,3500,500,2020,7,2020-07,19,7.2412,26.96,96.7,2.6071,28.0,2.0,30.0,1,0.5494,0.8661,1
LJ500_R143_C041,143,41,681750,9572750,4000,500,2020,7,2020-07,19,7.2412,26.96,96.7,2.6071,28.0,2.0,30.0,1,0.571,1.04,1
LJ500_R143_C042,143,42,682250,9572750,4500,500,2020,7,2020-07,19,7.2412,26.96,96.7,2.6071,28.0,2.0,30.0,1,0.5571,1.0491,1
LJ500_R144_C033,144,33,677750,9573250,0,1000,2020,7,2020-07,19,6.0537,26.38,100.04,2.0622,28.65,1.3523,30.0,1,0.5468,0.8059,1
LJ500_R144_C034,144,34,678250,9573250,500,1000,2020,7,2020-07,19,7.2412,26.96,96.7,2.6071,28.0,2.0,30.0,1,0.5088,0.7648,1
LJ500_R144_C035,144,35,678750,9573250,1000,1000,2020,7,2020-07,19,7.2412,26.96,96.7,2.6071,28.0,2.0,30.0,1,0.3937,0.6513,1
LJ500_R144_C036,144,36,679250,9573250,1500,1000,2020,7,2020-07,19,7.2412,26.96,96.7,2.6071,28.0,2.0,30.0,1,0.3742,0.6321,1
LJ500_R144_C037,144,37,679750,9573250,2000,1000,2020,7,2020-07,19,7.2412,26.96,96.7,2.6071,28.0,2.0,30.0,1,0.3326,0.5831,1
LJ500_R144_C038,144,38,680250,9573250,2500,1000,2020,7,2020-07,19,7.2412,26.96,96.7,2.6071,28.0,2.0,30.0,1,0.36,0.6097,1
LJ500_R144_C039,144,39,680750,9573250,3000,1000,2020,7,2020-07,19,7.2412,26.96,96.7,2.6071,28.0,2.0,30.0,1,0.5107,0.7556,1
LJ500_R144_C040,144,40,681250,9573250,3500,1000,2020,7,2020-07,19,7.2412,26.96,96.7,2.6071,28.0,2.0,30.0,1,0.5301,0.8262,1
LJ500_R144_C041,144,41,681750,9573250,4000,1000,2020,7,2020-07,19,7.2412,26.96,96.7,2.6071,28.0,2.0,30.0,1,0.5753,0.9893,1
LJ500_R144_C042,144,42,682250,9573250,4500,1000,2020,7,2020-07,19,7.2412,26.96,96.7,2.6071,28.0,2.0,30.0,1,0.5578,1.0196,1
LJ500_R145_C033,145,33,677750,9573750,0,1500,2020,7,2020-07,19,6.0469,26.38,100.06,2.0591,28.65,1.3485,30.0,1,0.5147,0.7713,1
LJ500_R145_C034,145,34,678250,9573750,500,1500,2020,7,2020-07,19,7.2412,26.96,96.7,2.6071,28.0,2.0,30.0,1,0.4817,0.73,1
LJ500_R145_C035,145,35,678750,9573750,1000,1500,2020,7,2020-07,19,7.2412,26.96,96.7,2.6071,28.0,2.0,30.0,1,0.4236,0.6702,1
LJ500_R145_C036,145,36,679250,9573750,1500,1500,2020,7,2020-07,19,7.2412,26.96,96.7,2.6071,28.0,2.0,30.0,1,0.4135,0.6598,1
LJ500_R145_C037,145,37,679750,9573750,2000,1500,2020,7,2020-07,19,7.2412,26.96,96.7,2.6071,28.0,2.0,30.0,1,0.3413,0.59,1
LJ500_R145_C038,145,38,680250,9573750,2500,1500,2020,7,2020-07,19,7.2412,26.96,96.7,2.6071,28.0,2.0,30.0,1,0.3573,0.6037,1
LJ500_R145_C039,145,39,680750,9573750,3000,1500,2020,7,2020-07,19,7.2412,26.96,96.7,2.6071,28.0,2.0,30.0,1,0.4463,0.68,1
LJ500_R145_C040,145,40,681250,9573750,3500,1500,2020,7,2020-07,19,7.2412,26.96,96.7,2.6071,28.0,2.0,30.0,1,0.4879,0.7401,1
LJ500_R145_C041,145,41,681750,9573750,4000,1500,2020,7,2020-07,19,7.2412,26.96,96.7,2.6071,28.0,2.0,30.0,1,0.5847,0.88,1
LJ500_R145_C042,145,42,682250,9573750,4500,1500,2020,7,2020-07,19,7.2412,26.96,96.7,2.6071,28.0,2.0,30.0,1,0.5592,0.9564,1
LJ500_R146_C033,146,33,677750,9574250,0,2000,2020,7,2020-07,19,7.4568,31.11,113.03,2.4807,27.8,2.2002,30.0,1,0.5665,0.8175,1
LJ500_R146_C034,146,34,678250,9574250,500,2000,2020,7,2020-07,19,9.0543,32.88,112.47,3.1771,27.14,2.8592,30.0,1,0.5466,0.7899,1
LJ500_R146_C035,146,35,678750,9574250,1000,2000,2020,7,2020-07,19,9.0622,32.91,112.53,3.1796,27.14,2.863,30.0,1,0.4718,0.7108,1
LJ500_R146_C036,146,36,679250,9574250,1500,2000,2020,7,2020-07,19,9.0702,32.94,112.6,3.1821,27.13,2.8667,30.0,1,0.4589,0.6971,1
LJ500_R146_C037,146,37,679750,9574250,2000,2000,2020,7,2020-07,19,9.0782,32.96,112.67,3.1846,27.13,2.8705,30.0,1,0.3809,0.6226,1
LJ500_R146_C038,146,38,680250,9574250,2500,2000,2020,7,2020-07,19,9.0862,32.99,112.74,3.1871,27.13,2.8743,30.0,1,0.384,0.625,1
LJ500_R146_C039,146,39,680750,9574250,3000,2000,2020,7,2020-07,19,9.0943,33.01,112.81,3.1896,27.12,2.8781,30.0,1,0.3998,0.6377,1
LJ500_R146_C040,146,40,681250,9574250,3500,2000,2020,7,2020-07,19,9.1023,33.04,112.88,3.1922,27.12,2.882,30.0,1,0.4508,0.7029,1
LJ500_R146_C041,146,41,681750,9574250,4000,2000,2020,7,2020-07,19,9.1104,33.07,112.95,3.1947,27.11,2.8858,30.0,1,0.5709,0.8563,1
LJ500_R146_C042,146,42,682250,9574250,4500,2000,2020,7,2020-07,19,9.1185,33.09,113.02,3.1973,27.11,2.8896,30.0,1,0.5538,0.9472,1
LJ500_R147_C033,147,33,677750,9574750,0,2500,2020,7,2020-07,19,9.3406,37.44,130.34,3.0441,26.66,3.341,30.0,1,0.6274,0.8719,1
LJ500_R147_C034,147,34,678250,9574750,500,2500,2020,7,2020-07,19,11.46,40.74,133.39,3.9338,26.0,4.0,30.0,1,0.6227,0.86,1
LJ500_R147_C035,147,35,678750,9574750,1000,2500,2020,7,2020-07,19,11.46,40.74,133.39,3.9338,26.0,4.0,30.0,1,0.528,0.758,1
LJ500_R147_C036,147,36,679250,9574750,1500,2500,2020,7,2020-07,19,11.46,40.74,133.39,3.9338,26.0,4.0,30.0,1,0.5113,0.74,1
LJ500_R147_C037,147,37,679750,9574750,2000,2500,2020,7,2020-07,19,11.46,40.74,133.39,3.9338,26.0,4.0,30.0,1,0.4264,0.6601,1
LJ500_R147_C038,147,38,680250,9574750,2500,2500,2020,7,2020-07,19,11.46,40.74,133.39,3.9338,26.0,4.0,30.0,1,0.4146,0.6496,1
LJ500_R147_C039,147,39,680750,9574750,3000,2500,2020,7,2020-07,19,11.46,40.74,133.39,3.9338,26.0,4.0,30.0,1,0.3473,0.59,1
LJ500_R147_C040,147,40,681250,9574750,3500,2500,2020,7,2020-07,19,11.46,40.74,133.39,3.9338,26.0,4.0,30.0,1,0.4092,0.6612,1
LJ500_R147_C041,147,41,681750,9574750,4000,2500,2020,7,2020-07,19,11.46,40.74,133.39,3.9338,26.0,4.0,30.0,1,0.5557,0.83,1
LJ500_R147_C042,147,42,682250,9574750,4500,2500,2020,7,2020-07,19,11.46,40.74,133.39,3.9338,26.0,4.0,30.0,1,0.5478,0.9369,1
LJ500_R148_C033,148,33,677750,9575250,0,3000,2020,7,2020-07,19,9.3285,37.42,130.32,3.039,26.66,3.3373,30.0,1,0.614,0.8751,1
LJ500_R148_C034,148,34,678250,9575250,500,3000,2020,7,2020-07,19,11.46,40.74,133.39,3.9338,26.0,4.0,30.0,1,0.6307,0.8909,1
LJ500_R148_C035,148,35,678750,9575250,1000,3000,2020,7,2020-07,19,11.46,40.74,133.39,3.9338,26.0,4.0,30.0,1,0.5429,0.7786,1
LJ500_R148_C036,148,36,679250,9575250,1500,3000,2020,7,2020-07,19,11.46,40.74,133.39,3.9338,26.0,4.0,30.0,1,0.5273,0.7586,1
LJ500_R148_C037,148,37,679750,9575250,2000,3000,2020,7,2020-07,19,11.46,40.74,133.39,3.9338,26.0,4.0,30.0,1,0.4649,0.6975,1
LJ500_R148_C038,148,38,680250,9575250,2500,3000,2020,7,2020-07,19,11.46,40.74,133.39,3.9338,26.0,4.0,30.0,1,0.4501,0.6836,1
LJ500_R148_C039,148,39,680750,9575250,3000,3000,2020,7,2020-07,19,11.46,40.74,133.39,3.9338,26.0,4.0,30.0,1,0.3638,0.6025,1
LJ500_R148_C040,148,40,681250,9575250,3500,3000,2020,7,2020-07,19,11.46,40.74,133.39,3.9338,26.0,4.0,30.0,1,0.394,0.6344,1
LJ500_R148_C041,148,41,681750,9575250,4000,3000,2020,7,2020-07,19,11.46,40.74,133.39,3.9338,26.0,4.0,30.0,1,0.4657,0.7102,1
LJ500_R148_C042,148,42,682250,9575250,4500,3000,2020,7,2020-07,19,11.46,40.74,133.39,3.9338,26.0,4.0,30.0,1,0.4887,0.7854,1
LJ500_R149_C033,149,33,677750,9575750,0,3500,2020,7,2020-07,19,9.3165,37.4,130.3,3.034,26.67,3.3336,30.0,1,0.6053,0.8767,1
LJ500_R149_C034,149,34,678250,9575750,500,3500,2020,7,2020-07,19,11.46,40.74,133.39,3.9338,26.0,4.0,30.0,1,0.6357,0.91,1
LJ500_R149_C035,149,35,678750,9575750,1000,3500,2020,7,2020-07,19,11.46,40.74,133.39,3.9338,26.0,4.0,30.0,1,0.5521,0.7915,1
LJ500_R149_C036,149,36,679250,9575750,1500,3500,2020,7,2020-07,19,11.46,40.74,133.39,3.9338,26.0,4.0,30.0,1,0.537,0.77,1
LJ500_R149_C037,149,37,679750,9575750,2000,3500,2020,7,2020-07,19,11.46,40.74,133.39,3.9338,26.0,4.0,30.0,1,0.4882,0.7202,1
LJ500_R149_C038,149,38,680250,9575750,2500,3500,2020,7,2020-07,19,11.46,40.74,133.39,3.9338,26.0,4.0,30.0,1,0.4715,0.7041,1
LJ500_R149_C039,149,39,680750,9575750,3000,3500,2020,7,2020-07,19,11.46,40.74,133.39,3.9338,26.0,4.0,30.0,1,0.3737,0.61,1
LJ500_R149_C040,149,40,681250,9575750,3500,3500,2020,7,2020-07,19,11.46,40.74,133.39,3.9338,26.0,4.0,30.0,1,0.3852,0.6188,1
LJ500_R149_C041,149,41,681750,9575750,4000,3500,2020,7,2020-07,19,11.46,40.74,133.39,3.9338,26.0,4.0,30.0,1,0.413,0.64,1
LJ500_R149_C042,149,42,682250,9575750,4500,3500,2020,7,2020-07,19,11.46,40.74,133.39,3.9338,26.0,4.0,30.0,1,0.4542,0.6974,1
LJ500_R150_C033,150,33,677750,9576250,0,4000,2020,7,2020-07,19,9.3045,37.38,130.29,3.0289,26.67,3.3298,30.0,1,0.6267,0.9481,1
LJ500_R150_C034,150,34,678250,9576250,500,4000,2020,7,2020-07,19,11.46,40.74,133.39,3.9338,26.0,4.0,30.0,1,0.655,1.0029,1
LJ500_R150_C035,150,35,678750,9576250,1000,4000,2020,7,2020-07,19,11.46,40.74,133.39,3.9338,26.0,4.0,30.0,1,0.5737,0.8259,1
LJ500_R150_C036,150,36,679250,9576250,1500,4000,2020,7,2020-07,19,11.46,40.74,133.39,3.9338,26.0,4.0,30.0,1,0.5588,0.7933,1
LJ500_R150_C037,150,37,679750,9576250,2000,4000,2020,7,2020-07,19,11.46,40.74,133.39,3.9338,26.0,4.0,30.0,1,0.5796,0.86,1
LJ500_R150_C038,150,38,680250,9576250,2500,4000,2020,7,2020-07,19,11.46,40.74,133.39,3.9338,26.0,4.0,30.0,1,0.5704,0.8462,1
LJ500_R150_C039,150,39,680750,9576250,3000,4000,2020,7,2020-07,19,11.46,40.74,133.39,3.9338,26.0,4.0,30.0,1,0.5129,0.7589,1
LJ500_R150_C040,150,40,681250,9576250,3500,4000,2020,7,2020-07,19,11.46,40.74,133.39,3.9338,26.0,4.0,30.0,1,0.483,0.7223,1
LJ500_R150_C041,150,41,681750,9576250,4000,4000,2020,7,2020-07,19,11.46,40.74,133.39,3.9338,26.0,4.0,30.0,1,0.4093,0.6321,1
LJ500_R150_C042,150,42,682250,9576250,4500,4000,2020,7,2020-07,19,11.46,40.74,133.39,3.9338,26.0,4.0,30.0,1,0.4373,0.6684,1
LJ500_R151_C033,151,33,677750,9576750,0,4500,2020,7,2020-07,19,9.2925,37.36,130.27,3.0239,26.67,3.3261,30.0,1,0.6328,0.9688,1
LJ500_R151_C034,151,34,678250,9576750,500,4500,2020,7,2020-07,19,11.46,40.74,133.39,3.9338,26.0,4.0,30.0,1,0.6607,1.03,1
LJ500_R151_C035,151,35,678750,9576750,1000,4500,2020,7,2020-07,19,11.46,40.74,133.39,3.9338,26.0,4.0,30.0,1,0.58,0.8362,1
LJ500_R151_C036,151,36,679250,9576750,1500,4500,2020,7,2020-07,19,11.46,40.74,133.39,3.9338,26.0,4.0,30.0,1,0.565,0.8,1
LJ500_R151_C037,151,37,679750,9576750,2000,4500,2020,7,2020-07,19,11.46,40.74,133.39,3.9338,26.0,4.0,30.0,1,0.6053,0.8992,1
LJ500_R151_C038,151,38,680250,9576750,2500,4500,2020,7,2020-07,19,11.46,40.74,133.39,3.9338,26.0,4.0,30.0,1,0.598,0.886,1
LJ500_R151_C039,151,39,680750,9576750,3000,4500,2020,7,2020-07,19,11.46,40.74,133.39,3.9338,26.0,4.0,30.0,1,0.5513,0.8,1
LJ500_R151_C040,151,40,681250,9576750,3500,4500,2020,7,2020-07,19,11.46,40.74,133.39,3.9338,26.0,4.0,30.0,1,0.51,0.7508,1
LJ500_R151_C041,151,41,681750,9576750,4000,4500,2020,7,2020-07,19,11.46,40.74,133.39,3.9338,26.0,4.0,30.0,1,0.4083,0.63,1
LJ500_R151_C042,151,42,682250,9576750,4500,4500,2020,7,2020-07,19,11.46,40.74,133.39,3.9338,26.0,4.0,30.0,1,0.4327,0.6607,1
LJ500_R142_C033,142,33,677750,9572250,0,0,2020,8,2020-08,20,0.0,6.0675,26.39,0.0,31.0,0.0,31.0,1,0.6694,1.0187,1
LJ500_R142_C034,142,34,678250,9572250,500,0,2020,8,2020-08,20,0.0,7.2412,26.96,0.0,31.0,0.0,31.0,1,0.6677,1.011,1
LJ500_R142_C035,142,35,678750,9572250,1000,0,2020,8,2020-08,20,0.0,7.2412,26.96,0.0,31.0,0.0,31.0,1,0.5084,0.8267,1
LJ500_R142_C036,142,36,679250,9572250,1500,0,2020,8,2020-08,20,0.0,7.2412,26.96,0.0,31.0,0.0,31.0,1,0.4811,0.7952,1
LJ500_R142_C037,142,37,679750,9572250,2000,0,2020,8,2020-08,20,0.0,7.2412,26.96,0.0,31.0,0.0,31.0,1,0.3442,0.6515,1
LJ500_R142_C038,142,38,680250,9572250,2500,0,2020,8,2020-08,20,0.0,7.2412,26.96,0.0,31.0,0.0,31.0,1,0.3826,0.6807,1
LJ500_R142_C039,142,39,680750,9572250,3000,0,2020,8,2020-08,20,0.0,7.2412,26.96,0.0,31.0,0.0,31.0,1,0.5874,0.8369,1
LJ500_R142_C040,142,40,681250,9572250,3500,0,2020,8,2020-08,20,0.0,7.2412,26.96,0.0,31.0,0.0,31.0,1,0.5919,0.9067,1
LJ500_R142_C041,142,41,681750,9572250,4000,0,2020,8,2020-08,20,0.0,7.2412,26.96,0.0,31.0,0.0,31.0,1,0.6022,1.0655,1
LJ500_R142_C042,142,42,682250,9572250,4500,0,2020,8,2020-08,20,0.0,7.2412,26.96,0.0,31.0,0.0,31.0,1,0.5894,1.0775,1
LJ500_R143_C033,143,33,677750,9572750,0,500,2020,8,2020-08,20,0.0,6.0606,26.38,0.0,31.0,0.0,31.0,1,0.6164,0.9524,1
LJ500_R143_C034,143,34,678250,9572750,500,500,2020,8,2020-08,20,0.0,7.2412,26.96,0.0,31.0,0.0,31.0,1,0.5771,0.9,1
LJ500_R143_C035,143,35,678750,9572750,1000,500,2020,8,2020-08,20,0.0,7.2412,26.96,0.0,31.0,0.0,31.0,1,0.4221,0.7456,1
LJ500_R143_C036,143,36,679250,9572750,1500,500,2020,8,2020-08,20,0.0,7.2412,26.96,0.0,31.0,0.0,31.0,1,0.3962,0.7196,1
LJ500_R143_C037,143,37,679750,9572750,2000,500,2020,8,2020-08,20,0.0,7.2412,26.96,0.0,31.0,0.0,31.0,1,0.3661,0.66,1
LJ500_R143_C038,143,38,680250,9572750,2500,500,2020,8,2020-08,20,0.0,7.2412,26.96,0.0,31.0,0.0,31.0,1,0.4,0.6849,1
LJ500_R143_C039,143,39,680750,9572750,3000,500,2020,8,2020-08,20,0.0,7.2412,26.96,0.0,31.0,0.0,31.0,1,0.5835,0.82,1
LJ500_R143_C040,143,40,681250,9572750,3500,500,2020,8,2020-08,20,0.0,7.2412,26.96,0.0,31.0,0.0,31.0,1,0.583,0.9996,1
LJ500_R143_C041,143,41,681750,9572750,4000,500,2020,8,2020-08,20,0.0,7.2412,26.96,0.0,31.0,0.0,31.0,1,0.5816,1.41,1
LJ500_R143_C042,143,42,682250,9572750,4500,500,2020,8,2020-08,20,0.0,7.2412,26.96,0.0,31.0,0.0,31.0,1,0.5623,1.4553,1
LJ500_R144_C033,144,33,677750,9573250,0,1000,2020,8,2020-08,20,0.0,6.0537,26.38,0.0,31.0,0.0,31.0,1,0.6026,0.9341,1
LJ500_R144_C034,144,34,678250,9573250,500,1000,2020,8,2020-08,20,0.0,7.2412,26.96,0.0,31.0,0.0,31.0,1,0.5648,0.8848,1
LJ500_R144_C035,144,35,678750,9573250,1000,1000,2020,8,2020-08,20,0.0,7.2412,26.96,0.0,31.0,0.0,31.0,1,0.438,0.7542,1
LJ500_R144_C036,144,36,679250,9573250,1500,1000,2020,8,2020-08,20,0.0,7.2412,26.96,0.0,31.0,0.0,31.0,1,0.4166,0.732,1
LJ500_R144_C037,144,37,679750,9573250,2000,1000,2020,8,2020-08,20,0.0,7.2412,26.96,0.0,31.0,0.0,31.0,1,0.3706,0.6631,1
LJ500_R144_C038,144,38,680250,9573250,2500,1000,2020,8,2020-08,20,0.0,7.2412,26.96,0.0,31.0,0.0,31.0,1,0.3991,0.682,1
LJ500_R144_C039,144,39,680750,9573250,3000,1000,2020,8,2020-08,20,0.0,7.2412,26.96,0.0,31.0,0.0,31.0,1,0.5557,0.7856,1
LJ500_R144_C040,144,40,681250,9573250,3500,1000,2020,8,2020-08,20,0.0,7.2412,26.96,0.0,31.0,0.0,31.0,1,0.565,0.9362,1
LJ500_R144_C041,144,41,681750,9573250,4000,1000,2020,8,2020-08,20,0.0,7.2412,26.96,0.0,31.0,0.0,31.0,1,0.587,1.2833,1
LJ500_R144_C042,144,42,682250,9573250,4500,1000,2020,8,2020-08,20,0.0,7.2412,26.96,0.0,31.0,0.0,31.0,1,0.5603,1.3953,1
LJ500_R145_C033,145,33,677750,9573750,0,1500,2020,8,2020-08,20,0.0,6.0469,26.38,0.0,31.0,0.0,31.0,1,0.5703,0.8913,1
LJ500_R145_C034,145,34,678250,9573750,500,1500,2020,8,2020-08,20,0.0,7.2412,26.96,0.0,31.0,0.0,31.0,1,0.5365,0.85,1
LJ500_R145_C035,145,35,678750,9573750,1000,1500,2020,8,2020-08,20,0.0,7.2412,26.96,0.0,31.0,0.0,31.0,1,0.4734,0.7731,1
LJ500_R145_C036,145,36,679250,9573750,1500,1500,2020,8,2020-08,20,0.0,7.2412,26.96,0.0,31.0,0.0,31.0,1,0.4623,0.7597,1
LJ500_R145_C037,145,37,679750,9573750,2000,1500,2020,8,2020-08,20,0.0,7.2412,26.96,0.0,31.0,0.0,31.0,1,0.3806,0.67,1
LJ500_R145_C038,145,38,680250,9573750,2500,1500,2020,8,2020-08,20,0.0,7.2412,26.96,0.0,31.0,0.0,31.0,1,0.3979,0.6761,1
LJ500_R145_C039,145,39,680750,9573750,3000,1500,2020,8,2020-08,20,0.0,7.2412,26.96,0.0,31.0,0.0,31.0,1,0.4945,0.71,1
LJ500_R145_C040,145,40,681250,9573750,3500,1500,2020,8,2020-08,20,0.0,7.2412,26.96,0.0,31.0,0.0,31.0,1,0.5258,0.8002,1
LJ500_R145_C041,145,41,681750,9573750,4000,1500,2020,8,2020-08,20,0.0,7.2412,26.96,0.0,31.0,0.0,31.0,1,0.5987,1.01,1
LJ500_R145_C042,145,42,682250,9573750,4500,1500,2020,8,2020-08,20,0.0,7.2412,26.96,0.0,31.0,0.0,31.0,1,0.5561,1.2662,1
LJ500_R146_C033,146,33,677750,9574250,0,2000,2020,8,2020-08,20,0.4517,7.9085,31.57,0.1368,31.0,0.0,31.0,1,0.6195,0.9389,1
LJ500_R146_C034,146,34,678250,9574250,500,2000,2020,8,2020-08,20,0.6748,9.7291,33.56,0.2044,31.0,0.0,31.0,1,0.5985,0.9099,1
LJ500_R146_C035,146,35,678750,9574250,1000,2000,2020,8,2020-08,20,0.6777,9.74,33.59,0.2053,31.0,0.0,31.0,1,0.5221,0.8098,1
LJ500_R146_C036,146,36,679250,9574250,1500,2000,2020,8,2020-08,20,0.6807,9.7509,33.62,0.2062,31.0,0.0,31.0,1,0.5089,0.7924,1
LJ500_R146_C037,146,37,679750,9574250,2000,2000,2020,8,2020-08,20,0.6837,9.7619,33.65,0.2071,31.0,0.0,31.0,1,0.4251,0.6933,1
LJ500_R146_C038,146,38,680250,9574250,2500,2000,2020,8,2020-08,20,0.6867,9.7729,33.68,0.208,31.0,0.0,31.0,1,0.4285,0.6903,1
LJ500_R146_C039,146,39,680750,9574250,3000,2000,2020,8,2020-08,20,0.6897,9.7839,33.7,0.2089,31.0,0.0,31.0,1,0.4459,0.6724,1
LJ500_R146_C040,146,40,681250,9574250,3500,2000,2020,8,2020-08,20,0.6927,9.795,33.73,0.2098,31.0,0.0,31.0,1,0.4888,0.7506,1
LJ500_R146_C041,146,41,681750,9574250,4000,2000,2020,8,2020-08,20,0.6957,9.8061,33.76,0.2107,31.0,0.0,31.0,1,0.59,0.9342,1
LJ500_R146_C042,146,42,682250,9574250,4500,2000,2020,8,2020-08,20,0.6987,9.8172,33.79,0.2116,31.0,0.0,31.0,1,0.558,1.2145,1
LJ500_R147_C033,147,33,677750,9574750,0,2500,2020,8,2020-08,20,1.0532,10.39,38.49,0.319,31.0,0.0,31.0,1,0.6775,0.9949,1
LJ500_R147_C034,147,34,678250,9574750,500,2500,2020,8,2020-08,20,1.5707,13.03,42.32,0.4757,31.0,0.0,31.0,1,0.6713,0.98,1
LJ500_R147_C035,147,35,678750,9574750,1000,2500,2020,8,2020-08,20,1.5707,13.03,42.32,0.4757,31.0,0.0,31.0,1,0.5789,0.8525,1
LJ500_R147_C036,147,36,679250,9574750,1500,2500,2020,8,2020-08,20,1.5707,13.03,42.32,0.4757,31.0,0.0,31.0,1,0.5626,0.83,1
LJ500_R147_C037,147,37,679750,9574750,2000,2500,2020,8,2020-08,20,1.5707,13.03,42.32,0.4757,31.0,0.0,31.0,1,0.4762,0.7201,1
LJ500_R147_C038,147,38,680250,9574750,2500,2500,2020,8,2020-08,20,1.5707,13.03,42.32,0.4757,31.0,0.0,31.0,1,0.4635,0.7067,1
LJ500_R147_C039,147,39,680750,9574750,3000,2500,2020,8,2020-08,20,1.5707,13.03,42.32,0.4757,31.0,0.0,31.0,1,0.391,0.63,1
LJ500_R147_C040,147,40,681250,9574750,3500,2500,2020,8,2020-08,20,1.5707,13.03,42.32,0.4757,31.0,0.0,31.0,1,0.4472,0.6953,1
LJ500_R147_C041,147,41,681750,9574750,4000,2500,2020,8,2020-08,20,1.5707,13.03,42.32,0.4757,31.0,0.0,31.0,1,0.5803,0.85,1
LJ500_R147_C042,147,42,682250,9574750,4500,2500,2020,8,2020-08,20,1.5707,13.03,42.32,0.4757,31.0,0.0,31.0,1,0.5599,1.1574,1
LJ500_R148_C033,148,33,677750,9575250,0,3000,2020,8,2020-08,20,1.0503,10.38,38.47,0.3181,31.0,0.0,31.0,1,0.6628,0.9728,1
LJ500_R148_C034,148,34,678250,9575250,500,3000,2020,8,2020-08,20,1.5707,13.03,42.32,0.4757,31.0,0.0,31.0,1,0.6767,0.98,1
LJ500_R148_C035,148,35,678750,9575250,1000,3000,2020,8,2020-08,20,1.5707,13.03,42.32,0.4757,31.0,0.0,31.0,1,0.5934,0.8632,1
LJ500_R148_C036,148,36,679250,9575250,1500,3000,2020,8,2020-08,20,1.5707,13.03,42.32,0.4757,31.0,0.0,31.0,1,0.5786,0.8424,1
LJ500_R148_C037,148,37,679750,9575250,2000,3000,2020,8,2020-08,20,1.5707,13.03,42.32,0.4757,31.0,0.0,31.0,1,0.5147,0.7514,1
LJ500_R148_C038,148,38,680250,9575250,2500,3000,2020,8,2020-08,20,1.5707,13.03,42.32,0.4757,31.0,0.0,31.0,1,0.4991,0.7345,1
LJ500_R148_C039,148,39,680750,9575250,3000,3000,2020,8,2020-08,20,1.5707,13.03,42.32,0.4757,31.0,0.0,31.0,1,0.4082,0.6363,1
LJ500_R148_C040,148,40,681250,9575250,3500,3000,2020,8,2020-08,20,1.5707,13.03,42.32,0.4757,31.0,0.0,31.0,1,0.4362,0.6659,1
LJ500_R148_C041,148,41,681750,9575250,4000,3000,2020,8,2020-08,20,1.5707,13.03,42.32,0.4757,31.0,0.0,31.0,1,0.5028,0.7365,1
LJ500_R148_C042,148,42,682250,9575250,4500,3000,2020,8,2020-08,20,1.5707,13.03,42.32,0.4757,31.0,0.0,31.0,1,0.5163,0.8767,1
LJ500_R149_C033,149,33,677750,9575750,0,3500,2020,8,2020-08,20,1.0473,10.36,38.45,0.3172,31.0,0.0,31.0,1,0.6535,0.9588,1
LJ500_R149_C034,149,34,678250,9575750,500,3500,2020,8,2020-08,20,1.5707,13.03,42.32,0.4757,31.0,0.0,31.0,1,0.68,0.98,1
LJ500_R149_C035,149,35,678750,9575750,1000,3500,2020,8,2020-08,20,1.5707,13.03,42.32,0.4757,31.0,0.0,31.0,1,0.6024,0.8699,1
LJ500_R149_C036,149,36,679250,9575750,1500,3500,2020,8,2020-08,20,1.5707,13.03,42.32,0.4757,31.0,0.0,31.0,1,0.5884,0.85,1
LJ500_R149_C037,149,37,679750,9575750,2000,3500,2020,8,2020-08,20,1.5707,13.03,42.32,0.4757,31.0,0.0,31.0,1,0.538,0.7704,1
LJ500_R149_C038,149,38,680250,9575750,2500,3500,2020,8,2020-08,20,1.5707,13.03,42.32,0.4757,31.0,0.0,31.0,1,0.5205,0.7513,1
LJ500_R149_C039,149,39,680750,9575750,3000,3500,2020,8,2020-08,20,1.5707,13.03,42.32,0.4757,31.0,0.0,31.0,1,0.4184,0.64,1
LJ500_R149_C040,149,40,681250,9575750,3500,3500,2020,8,2020-08,20,1.5707,13.03,42.32,0.4757,31.0,0.0,31.0,1,0.4298,0.6488,1
LJ500_R149_C041,149,41,681750,9575750,4000,3500,2020,8,2020-08,20,1.5707,13.03,42.32,0.4757,31.0,0.0,31.0,1,0.4574,0.67,1
LJ500_R149_C042,149,42,682250,9575750,4500,3500,2020,8,2020-08,20,1.5707,13.03,42.32,0.4757,31.0,0.0,31.0,1,0.4908,0.7142,1
LJ500_R150_C033,150,33,677750,9576250,0,4000,2020,8,2020-08,20,1.0444,10.35,38.43,0.3163,31.0,0.0,31.0,1,0.6657,1.0118,1
LJ500_R150_C034,150,34,678250,9576250,500,4000,2020,8,2020-08,20,1.5707,13.03,42.32,0.4757,31.0,0.0,31.0,1,0.6872,1.0497,1
LJ500_R150_C035,150,35,678750,9576250,1000,4000,2020,8,2020-08,20,1.5707,13.03,42.32,0.4757,31.0,0.0,31.0,1,0.6188,0.8876,1
LJ500_R150_C036,150,36,679250,9576250,1500,4000,2020,8,2020-08,20,1.5707,13.03,42.32,0.4757,31.0,0.0,31.0,1,0.6062,0.8578,1
LJ500_R150_C037,150,37,679750,9576250,2000,4000,2020,8,2020-08,20,1.5707,13.03,42.32,0.4757,31.0,0.0,31.0,1,0.6109,0.8945,1
LJ500_R150_C038,150,38,680250,9576250,2500,4000,2020,8,2020-08,20,1.5707,13.03,42.32,0.4757,31.0,0.0,31.0,1,0.6022,0.88,1
LJ500_R150_C039,150,39,680750,9576250,3000,4000,2020,8,2020-08,20,1.5707,13.03,42.32,0.4757,31.0,0.0,31.0,1,0.5489,0.7889,1
LJ500_R150_C040,150,40,681250,9576250,3500,4000,2020,8,2020-08,20,1.5707,13.03,42.32,0.4757,31.0,0.0,31.0,1,0.5211,0.7523,1
LJ500_R150_C041,150,41,681750,9576250,4000,4000,2020,8,2020-08,20,1.5707,13.03,42.32,0.4757,31.0,0.0,31.0,1,0.4528,0.6621,1
LJ500_R150_C042,150,42,682250,9576250,4500,4000,2020,8,2020-08,20,1.5707,13.03,42.32,0.4757,31.0,0.0,31.0,1,0.4762,0.6887,1
LJ500_R151_C033,151,33,677750,9576750,0,4500,2020,8,2020-08,20,1.0415,10.33,38.41,0.3154,31.0,0.0,31.0,1,0.6692,1.0272,1
LJ500_R151_C034,151,34,678250,9576750,500,4500,2020,8,2020-08,20,1.5707,13.03,42.32,0.4757,31.0,0.0,31.0,1,0.6894,1.07,1
LJ500_R151_C035,151,35,678750,9576750,1000,4500,2020,8,2020-08,20,1.5707,13.03,42.32,0.4757,31.0,0.0,31.0,1,0.6236,0.893,1
LJ500_R151_C036,151,36,679250,9576750,1500,4500,2020,8,2020-08,20,1.5707,13.03,42.32,0.4757,31.0,0.0,31.0,1,0.6113,0.86,1
LJ500_R151_C037,151,37,679750,9576750,2000,4500,2020,8,2020-08,20,1.5707,13.03,42.32,0.4757,31.0,0.0,31.0,1,0.6314,0.9294,1
LJ500_R151_C038,151,38,680250,9576750,2500,4500,2020,8,2020-08,20,1.5707,13.03,42.32,0.4757,31.0,0.0,31.0,1,0.625,0.916,1
LJ500_R151_C039,151,39,680750,9576750,3000,4500,2020,8,2020-08,20,1.5707,13.03,42.32,0.4757,31.0,0.0,31.0,1,0.5848,0.83,1
LJ500_R151_C040,151,40,681250,9576750,3500,4500,2020,8,2020-08,20,1.5707,13.03,42.32,0.4757,31.0,0.0,31.0,1,0.5463,0.7808,1
LJ500_R151_C041,151,41,681750,9576750,4000,4500,2020,8,2020-08,20,1.5707,13.03,42.32,0.4757,31.0,0.0,31.0,1,0.4516,0.66,1
LJ500_R151_C042,151,42,682250,9576750,4500,4500,2020,8,2020-08,20,1.5707,13.03,42.32,0.4757,31.0,0.0,31.0,1,0.4722,0.6819,1
LJ500_R142_C033,142,33,677750,9572250,0,0,2020,9,2020-09,21,8.6996,8.6996,14.77,5.4132,29.0,2.0,31.0,1,0.6541,1.002,1
LJ500_R142_C034,142,34,678250,9572250,500,0,2020,9,2020-09,21,10.8,10.8,18.04,6.5762,29.0,2.0,31.0,1,0.6564,0.9841,1
LJ500_R142_C035,142,35,678750,9572250,1000,0,2020,9,2020-09,21,10.8,10.8,18.04,6.5762,29.0,2.0,31.0,1,0.4742,0.8758,1
LJ500_R142_C036,142,36,679250,9572250,1500,0,2020,9,2020-09,21,10.8,10.8,18.04,6.5762,29.0,2.0,31.0,1,0.4432,0.8567,1
LJ500_R142_C037,142,37,679750,9572250,2000,0,2020,9,2020-09,21,10.8,10.8,18.04,6.5762,29.0,2.0,31.0,1,0.3115,0.7115,1
LJ500_R142_C038,142,38,680250,9572250,2500,0,2020,9,2020-09,21,10.8,10.8,18.04,6.5762,29.0,2.0,31.0,1,0.3556,0.7286,1
LJ500_R142_C039,142,39,680750,9572250,3000,0,2020,9,2020-09,21,10.8,10.8,18.04,6.5762,29.0,2.0,31.0,1,0.5911,0.82,1
LJ500_R142_C040,142,40,681250,9572250,3500,0,2020,9,2020-09,21,10.8,10.8,18.04,6.5762,29.0,2.0,31.0,1,0.6115,0.929,1
LJ500_R142_C041,142,41,681750,9572250,4000,0,2020,9,2020-09,21,10.8,10.8,18.04,6.5762,29.0,2.0,31.0,1,0.6578,1.1763,1
LJ500_R142_C042,142,42,682250,9572250,4500,0,2020,9,2020-09,21,10.8,10.8,18.04,6.5762,29.0,2.0,31.0,1,0.6499,1.1791,1
LJ500_R143_C033,143,33,677750,9572750,0,500,2020,9,2020-09,21,8.6873,8.6873,14.75,5.4063,29.0,2.0,31.0,1,0.5901,0.9704,1
LJ500_R143_C034,143,34,678250,9572750,500,500,2020,9,2020-09,21,10.8,10.8,18.04,6.5762,29.0,2.0,31.0,1,0.5416,0.95,1
LJ500_R143_C035,143,35,678750,9572750,1000,500,2020,9,2020-09,21,10.8,10.8,18.04,6.5762,29.0,2.0,31.0,1,0.3806,0.8127,1
LJ500_R143_C036,143,36,679250,9572750,1500,500,2020,9,2020-09,21,10.8,10.8,18.04,6.5762,29.0,2.0,31.0,1,0.3537,0.7895,1
LJ500_R143_C037,143,37,679750,9572750,2000,500,2020,9,2020-09,21,10.8,10.8,18.04,6.5762,29.0,2.0,31.0,1,0.329,0.72,1
LJ500_R143_C038,143,38,680250,9572750,2500,500,2020,9,2020-09,21,10.8,10.8,18.04,6.5762,29.0,2.0,31.0,1,0.3696,0.7356,1
LJ500_R143_C039,143,39,680750,9572750,3000,500,2020,9,2020-09,21,10.8,10.8,18.04,6.5762,29.0,2.0,31.0,1,0.59,0.82,1
LJ500_R143_C040,143,40,681250,9572750,3500,500,2020,9,2020-09,21,10.8,10.8,18.04,6.5762,29.0,2.0,31.0,1,0.6158,1.0027,1
LJ500_R143_C041,143,41,681750,9572750,4000,500,2020,9,2020-09,21,10.8,10.8,18.04,6.5762,29.0,2.0,31.0,1,0.6748,1.42,1
LJ500_R143_C042,143,42,682250,9572750,4500,500,2020,9,2020-09,21,10.8,10.8,18.04,6.5762,29.0,2.0,31.0,1,0.6748,1.4336,1
LJ500_R144_C033,144,33,677750,9573250,0,1000,2020,9,2020-09,21,8.6749,8.6749,14.73,5.3995,29.0,2.0,31.0,1,0.5729,0.9581,1
LJ500_R144_C034,144,34,678250,9573250,500,1000,2020,9,2020-09,21,10.8,10.8,18.04,6.5762,29.0,2.0,31.0,1,0.5273,0.9348,1
LJ500_R144_C035,144,35,678750,9573250,1000,1000,2020,9,2020-09,21,10.8,10.8,18.04,6.5762,29.0,2.0,31.0,1,0.3972,0.8161,1
LJ500_R144_C036,144,36,679250,9573250,1500,1000,2020,9,2020-09,21,10.8,10.8,18.04,6.5762,29.0,2.0,31.0,1,0.3753,0.7958,1
LJ500_R144_C037,144,37,679750,9573250,2000,1000,2020,9,2020-09,21,10.8,10.8,18.04,6.5762,29.0,2.0,31.0,1,0.3336,0.72,1
LJ500_R144_C038,144,38,680250,9573250,2500,1000,2020,9,2020-09,21,10.8,10.8,18.04,6.5762,29.0,2.0,31.0,1,0.3676,0.7325,1
LJ500_R144_C039,144,39,680750,9573250,3000,1000,2020,9,2020-09,21,10.8,10.8,18.04,6.5762,29.0,2.0,31.0,1,0.5546,0.8012,1
LJ500_R144_C040,144,40,681250,9573250,3500,1000,2020,9,2020-09,21,10.8,10.8,18.04,6.5762,29.0,2.0,31.0,1,0.5883,0.9617,1
LJ500_R144_C041,144,41,681750,9573250,4000,1000,2020,9,2020-09,21,10.8,10.8,18.04,6.5762,29.0,2.0,31.0,1,0.6666,1.3313,1
LJ500_R144_C042,144,42,682250,9573250,4500,1000,2020,9,2020-09,21,10.8,10.8,18.04,6.5762,29.0,2.0,31.0,1,0.674,1.3846,1
LJ500_R145_C033,145,33,677750,9573750,0,1500,2020,9,2020-09,21,8.6626,8.6626,14.71,5.3927,29.0,2.0,31.0,1,0.5326,0.9295,1
LJ500_R145_C034,145,34,678250,9573750,500,1500,2020,9,2020-09,21,10.8,10.8,18.04,6.5762,29.0,2.0,31.0,1,0.4945,0.9,1
LJ500_R145_C035,145,35,678750,9573750,1000,1500,2020,9,2020-09,21,10.8,10.8,18.04,6.5762,29.0,2.0,31.0,1,0.4345,0.8231,1
LJ500_R145_C036,145,36,679250,9573750,1500,1500,2020,9,2020-09,21,10.8,10.8,18.04,6.5762,29.0,2.0,31.0,1,0.424,0.8097,1
LJ500_R145_C037,145,37,679750,9573750,2000,1500,2020,9,2020-09,21,10.8,10.8,18.04,6.5762,29.0,2.0,31.0,1,0.3439,0.72,1
LJ500_R145_C038,145,38,680250,9573750,2500,1500,2020,9,2020-09,21,10.8,10.8,18.04,6.5762,29.0,2.0,31.0,1,0.364,0.7261,1
LJ500_R145_C039,145,39,680750,9573750,3000,1500,2020,9,2020-09,21,10.8,10.8,18.04,6.5762,29.0,2.0,31.0,1,0.4768,0.76,1
LJ500_R145_C040,145,40,681250,9573750,3500,1500,2020,9,2020-09,21,10.8,10.8,18.04,6.5762,29.0,2.0,31.0,1,0.5285,0.8742,1
LJ500_R145_C041,145,41,681750,9573750,4000,1500,2020,9,2020-09,21,10.8,10.8,18.04,6.5762,29.0,2.0,31.0,1,0.6487,1.14,1
LJ500_R145_C042,145,42,682250,9573750,4500,1500,2020,9,2020-09,21,10.8,10.8,18.04,6.5762,29.0,2.0,31.0,1,0.6722,1.2793,1
LJ500_R146_C033,146,33,677750,9574250,0,2000,2020,9,2020-09,21,10.05,10.5,17.96,6.2062,29.0,2.0,31.0,1,0.5995,0.9431,1
LJ500_R146_C034,146,34,678250,9574250,500,2000,2020,9,2020-09,21,12.69,13.36,22.41,7.6891,29.0,2.0,31.0,1,0.5777,0.923,1
LJ500_R146_C035,146,35,678750,9574250,1000,2000,2020,9,2020-09,21,12.69,13.37,22.43,7.694,29.0,2.0,31.0,1,0.4921,0.8425,1
LJ500_R146_C036,146,36,679250,9574250,1500,2000,2020,9,2020-09,21,12.7,13.38,22.45,7.6989,29.0,2.0,31.0,1,0.4773,0.8285,1
LJ500_R146_C037,146,37,679750,9574250,2000,2000,2020,9,2020-09,21,12.71,13.39,22.47,7.7038,29.0,2.0,31.0,1,0.3911,0.7386,1
LJ500_R146_C038,146,38,680250,9574250,2500,2000,2020,9,2020-09,21,12.72,13.41,22.49,7.7087,29.0,2.0,31.0,1,0.396,0.7356,1
LJ500_R146_C039,146,39,680750,9574250,3000,2000,2020,9,2020-09,21,12.73,13.42,22.51,7.7136,29.0,2.0,31.0,1,0.4222,0.7177,1
LJ500_R146_C040,146,40,681250,9574250,3500,2000,2020,9,2020-09,21,12.74,13.43,22.53,7.7186,29.0,2.0,31.0,1,0.4847,0.8226,1
LJ500_R146_C041,146,41,681750,9574250,4000,2000,2020,9,2020-09,21,12.74,13.44,22.55,7.7235,29.0,2.0,31.0,1,0.6317,1.0689,1
LJ500_R146_C042,146,42,682250,9574250,4500,2000,2020,9,2020-09,21,12.75,13.45,22.57,7.7285,29.0,2.0,31.0,1,0.6642,1.2436,1
LJ500_R147_C033,147,33,677750,9574750,0,2500,2020,9,2020-09,21,11.9,12.95,22.29,7.2933,29.0,2.0,31.0,1,0.6783,0.959,1
LJ500_R147_C034,147,34,678250,9574750,500,2500,2020,9,2020-09,21,15.19,16.76,28.23,9.1668,29.0,2.0,31.0,1,0.6752,0.95,1
LJ500_R147_C035,147,35,678750,9574750,1000,2500,2020,9,2020-09,21,15.19,16.76,28.23,9.1668,29.0,2.0,31.0,1,0.5591,0.865,1
LJ500_R147_C036,147,36,679250,9574750,1500,2500,2020,9,2020-09,21,15.19,16.76,28.23,9.1668,29.0,2.0,31.0,1,0.5387,0.85,1
LJ500_R147_C037,147,37,679750,9574750,2000,2500,2020,9,2020-09,21,15.19,16.76,28.23,9.1668,29.0,2.0,31.0,1,0.4452,0.7601,1
LJ500_R147_C038,147,38,680250,9574750,2500,2500,2020,9,2020-09,21,15.19,16.76,28.23,9.1668,29.0,2.0,31.0,1,0.4327,0.7467,1
LJ500_R147_C039,147,39,680750,9574750,3000,2500,2020,9,2020-09,21,15.19,16.76,28.23,9.1668,29.0,2.0,31.0,1,0.3606,0.67,1
LJ500_R147_C040,147,40,681250,9574750,3500,2500,2020,9,2020-09,21,15.19,16.76,28.23,9.1668,29.0,2.0,31.0,1,0.4355,0.765,1
LJ500_R147_C041,147,41,681750,9574750,4000,2500,2020,9,2020-09,21,15.19,16.76,28.23,9.1668,29.0,2.0,31.0,1,0.6129,0.99,1
LJ500_R147_C042,147,42,682250,9574750,4500,2500,2020,9,2020-09,21,15.19,16.76,28.23,9.1668,29.0,2.0,31.0,1,0.6553,1.2039,1
LJ500_R148_C033,148,33,677750,9575250,0,3000,2020,9,2020-09,21,11.88,12.93,22.26,7.2826,29.0,2.0,31.0,1,0.6624,0.9842,1
LJ500_R148_C034,148,34,678250,9575250,500,3000,2020,9,2020-09,21,15.19,16.76,28.23,9.1668,29.0,2.0,31.0,1,0.6877,0.9994,1
LJ500_R148_C035,148,35,678750,9575250,1000,3000,2020,9,2020-09,21,15.19,16.76,28.23,9.1668,29.0,2.0,31.0,1,0.5801,0.8674,1
LJ500_R148_C036,148,36,679250,9575250,1500,3000,2020,9,2020-09,21,15.19,16.76,28.23,9.1668,29.0,2.0,31.0,1,0.561,0.8438,1
LJ500_R148_C037,148,37,679750,9575250,2000,3000,2020,9,2020-09,21,15.19,16.76,28.23,9.1668,29.0,2.0,31.0,1,0.4924,0.7727,1
LJ500_R148_C038,148,38,680250,9575250,2500,3000,2020,9,2020-09,21,15.19,16.76,28.23,9.1668,29.0,2.0,31.0,1,0.4757,0.7575,1
LJ500_R148_C039,148,39,680750,9575250,3000,3000,2020,9,2020-09,21,15.19,16.76,28.23,9.1668,29.0,2.0,31.0,1,0.3782,0.67,1
LJ500_R148_C040,148,40,681250,9575250,3500,3000,2020,9,2020-09,21,15.19,16.76,28.23,9.1668,29.0,2.0,31.0,1,0.4161,0.7032,1
LJ500_R148_C041,148,41,681750,9575250,4000,3000,2020,9,2020-09,21,15.19,16.76,28.23,9.1668,29.0,2.0,31.0,1,0.5061,0.7819,1
LJ500_R148_C042,148,42,682250,9575250,4500,3000,2020,9,2020-09,21,15.19,16.76,28.23,9.1668,29.0,2.0,31.0,1,0.5537,0.9184,1
LJ500_R149_C033,149,33,677750,9575750,0,3500,2020,9,2020-09,21,11.86,12.91,22.23,7.272,29.0,2.0,31.0,1,0.6522,0.9998,1
LJ500_R149_C034,149,34,678250,9575750,500,3500,2020,9,2020-09,21,15.19,16.76,28.23,9.1668,29.0,2.0,31.0,1,0.6955,1.03,1
LJ500_R149_C035,149,35,678750,9575750,1000,3500,2020,9,2020-09,21,15.19,16.76,28.23,9.1668,29.0,2.0,31.0,1,0.5931,0.8692,1
LJ500_R149_C036,149,36,679250,9575750,1500,3500,2020,9,2020-09,21,15.19,16.76,28.23,9.1668,29.0,2.0,31.0,1,0.5745,0.84,1
LJ500_R149_C037,149,37,679750,9575750,2000,3500,2020,9,2020-09,21,15.19,16.76,28.23,9.1668,29.0,2.0,31.0,1,0.5209,0.7803,1
LJ500_R149_C038,149,38,680250,9575750,2500,3500,2020,9,2020-09,21,15.19,16.76,28.23,9.1668,29.0,2.0,31.0,1,0.5016,0.7641,1
LJ500_R149_C039,149,39,680750,9575750,3000,3500,2020,9,2020-09,21,15.19,16.76,28.23,9.1668,29.0,2.0,31.0,1,0.3887,0.67,1
LJ500_R149_C040,149,40,681250,9575750,3500,3500,2020,9,2020-09,21,15.19,16.76,28.23,9.1668,29.0,2.0,31.0,1,0.4048,0.6671,1
LJ500_R149_C041,149,41,681750,9575750,4000,3500,2020,9,2020-09,21,15.19,16.76,28.23,9.1668,29.0,2.0,31.0,1,0.4435,0.66,1
LJ500_R149_C042,149,42,682250,9575750,4500,3500,2020,9,2020-09,21,15.19,16.76,28.23,9.1668,29.0,2.0,31.0,1,0.4946,0.7528,1
LJ500_R150_C033,150,33,677750,9576250,0,4000,2020,9,2020-09,21,11.84,12.89,22.19,7.2613,29.0,2.0,31.0,1,0.6852,1.1155,1
LJ500_R150_C034,150,34,678250,9576250,500,4000,2020,9,2020-09,21,15.19,16.76,28.23,9.1668,29.0,2.0,31.0,1,0.728,1.2004,1
LJ500_R150_C035,150,35,678750,9576250,1000,4000,2020,9,2020-09,21,15.19,16.76,28.23,9.1668,29.0,2.0,31.0,1,0.6218,0.9026,1
LJ500_R150_C036,150,36,679250,9576250,1500,4000,2020,9,2020-09,21,15.19,16.76,28.23,9.1668,29.0,2.0,31.0,1,0.6024,0.8478,1
LJ500_R150_C037,150,37,679750,9576250,2000,4000,2020,9,2020-09,21,15.19,16.76,28.23,9.1668,29.0,2.0,31.0,1,0.6382,1.0361,1
LJ500_R150_C038,150,38,680250,9576250,2500,4000,2020,9,2020-09,21,15.19,16.76,28.23,9.1668,29.0,2.0,31.0,1,0.6274,1.0146,1
LJ500_R150_C039,150,39,680750,9576250,3000,4000,2020,9,2020-09,21,15.19,16.76,28.23,9.1668,29.0,2.0,31.0,1,0.5596,0.8738,1
LJ500_R150_C040,150,40,681250,9576250,3500,4000,2020,9,2020-09,21,15.19,16.76,28.23,9.1668,29.0,2.0,31.0,1,0.5248,0.8073,1
LJ500_R150_C041,150,41,681750,9576250,4000,4000,2020,9,2020-09,21,15.19,16.76,28.23,9.1668,29.0,2.0,31.0,1,0.439,0.6442,1
LJ500_R150_C042,150,42,682250,9576250,4500,4000,2020,9,2020-09,21,15.19,16.76,28.23,9.1668,29.0,2.0,31.0,1,0.475,0.6984,1
LJ500_R151_C033,151,33,677750,9576750,0,4500,2020,9,2020-09,21,11.82,12.87,22.16,7.2507,29.0,2.0,31.0,1,0.6947,1.149,1
LJ500_R151_C034,151,34,678250,9576750,500,4500,2020,9,2020-09,21,15.19,16.76,28.23,9.1668,29.0,2.0,31.0,1,0.7374,1.25,1
LJ500_R151_C035,151,35,678750,9576750,1000,4500,2020,9,2020-09,21,15.19,16.76,28.23,9.1668,29.0,2.0,31.0,1,0.6303,0.9129,1
LJ500_R151_C036,151,36,679250,9576750,1500,4500,2020,9,2020-09,21,15.19,16.76,28.23,9.1668,29.0,2.0,31.0,1,0.6103,0.85,1
LJ500_R151_C037,151,37,679750,9576750,2000,4500,2020,9,2020-09,21,15.19,16.76,28.23,9.1668,29.0,2.0,31.0,1,0.6711,1.1078,1
LJ500_R151_C038,151,38,680250,9576750,2500,4500,2020,9,2020-09,21,15.19,16.76,28.23,9.1668,29.0,2.0,31.0,1,0.6625,1.0847,1
LJ500_R151_C039,151,39,680750,9576750,3000,4500,2020,9,2020-09,21,15.19,16.76,28.23,9.1668,29.0,2.0,31.0,1,0.6068,0.93,1
LJ500_R151_C040,151,40,681250,9576750,3500,4500,2020,9,2020-09,21,15.19,16.76,28.23,9.1668,29.0,2.0,31.0,1,0.5579,0.8462,1
LJ500_R151_C041,151,41,681750,9576750,4000,4500,2020,9,2020-09,21,15.19,16.76,28.23,9.1668,29.0,2.0,31.0,1,0.4377,0.64,1
LJ500_R151_C042,151,42,682250,9576750,4500,4500,2020,9,2020-09,21,15.19,16.76,28.23,9.1668,29.0,2.0,31.0,1,0.4697,0.6838,1
LJ500_R142_C033,142,33,677750,9572250,0,0,2020,10,2020-10,22,14.71,23.41,23.41,6.907,25.0,5.0,30.0,1,0.5916,0.9099,1
LJ500_R142_C034,142,34,678250,9572250,500,0,2020,10,2020-10,22,15.14,25.93,25.93,7.1861,25.0,5.0,30.0,1,0.5984,0.9222,1
LJ500_R142_C035,142,35,678750,9572250,1000,0,2020,10,2020-10,22,15.14,25.93,25.93,7.1861,25.0,5.0,30.0,1,0.402,0.6681,1
LJ500_R142_C036,142,36,679250,9572250,1500,0,2020,10,2020-10,22,15.14,25.93,25.93,7.1861,25.0,5.0,30.0,1,0.3686,0.6255,1
LJ500_R142_C037,142,37,679750,9572250,2000,0,2020,10,2020-10,22,15.14,25.93,25.93,7.1861,25.0,5.0,30.0,1,0.2419,0.513,1
LJ500_R142_C038,142,38,680250,9572250,2500,0,2020,10,2020-10,22,15.14,25.93,25.93,7.1861,25.0,5.0,30.0,1,0.2917,0.5727,1
LJ500_R142_C039,142,39,680750,9572250,3000,0,2020,10,2020-10,22,15.14,25.93,25.93,7.1861,25.0,5.0,30.0,1,0.5583,0.8916,1
LJ500_R142_C040,142,40,681250,9572250,3500,0,2020,10,2020-10,22,15.14,25.93,25.93,7.1861,25.0,5.0,30.0,1,0.5887,0.9606,1
LJ500_R142_C041,142,41,681750,9572250,4000,0,2020,10,2020-10,22,15.14,25.93,25.93,7.1861,25.0,5.0,30.0,1,0.6577,1.1172,1
LJ500_R142_C042,142,42,682250,9572250,4500,0,2020,10,2020-10,22,15.14,25.93,25.93,7.1861,25.0,5.0,30.0,1,0.6496,1.1182,1
LJ500_R143_C033,143,33,677750,9572750,0,500,2020,10,2020-10,22,14.71,23.4,23.4,6.9053,25.0,5.0,30.0,1,0.524,0.8269,1
LJ500_R143_C034,143,34,678250,9572750,500,500,2020,10,2020-10,22,15.14,25.93,25.93,7.1861,25.0,5.0,30.0,1,0.4721,0.76,1
LJ500_R143_C035,143,35,678750,9572750,1000,500,2020,10,2020-10,22,15.14,25.93,25.93,7.1861,25.0,5.0,30.0,1,0.3061,0.5799,1
LJ500_R143_C036,143,36,679250,9572750,1500,500,2020,10,2020-10,22,15.14,25.93,25.93,7.1861,25.0,5.0,30.0,1,0.2785,0.5499,1
LJ500_R143_C037,143,37,679750,9572750,2000,500,2020,10,2020-10,22,15.14,25.93,25.93,7.1861,25.0,5.0,30.0,1,0.2676,0.53,1
LJ500_R143_C038,143,38,680250,9572750,2500,500,2020,10,2020-10,22,15.14,25.93,25.93,7.1861,25.0,5.0,30.0,1,0.3131,0.5876,1
LJ500_R143_C039,143,39,680750,9572750,3000,500,2020,10,2020-10,22,15.14,25.93,25.93,7.1861,25.0,5.0,30.0,1,0.5603,0.9,1
LJ500_R143_C040,143,40,681250,9572750,3500,500,2020,10,2020-10,22,15.14,25.93,25.93,7.1861,25.0,5.0,30.0,1,0.5995,1.0096,1
LJ500_R143_C041,143,41,681750,9572750,4000,500,2020,10,2020-10,22,15.14,25.93,25.93,7.1861,25.0,5.0,30.0,1,0.689,1.26,1
LJ500_R143_C042,143,42,682250,9572750,4500,500,2020,10,2020-10,22,15.14,25.93,25.93,7.1861,25.0,5.0,30.0,1,0.6705,1.2645,1
LJ500_R144_C033,144,33,677750,9573250,0,1000,2020,10,2020-10,22,14.71,23.38,23.38,6.9037,25.0,5.0,30.0,1,0.5068,0.8061,1
LJ500_R144_C034,144,34,678250,9573250,500,1000,2020,10,2020-10,22,15.14,25.93,25.93,7.1861,25.0,5.0,30.0,1,0.4586,0.7448,1
LJ500_R144_C035,144,35,678750,9573250,1000,1000,2020,10,2020-10,22,15.14,25.93,25.93,7.1861,25.0,5.0,30.0,1,0.3258,0.5963,1
LJ500_R144_C036,144,36,679250,9573250,1500,1000,2020,10,2020-10,22,15.14,25.93,25.93,7.1861,25.0,5.0,30.0,1,0.3035,0.5713,1
LJ500_R144_C037,144,37,679750,9573250,2000,1000,2020,10,2020-10,22,15.14,25.93,25.93,7.1861,25.0,5.0,30.0,1,0.2741,0.5362,1
LJ500_R144_C038,144,38,680250,9573250,2500,1000,2020,10,2020-10,22,15.14,25.93,25.93,7.1861,25.0,5.0,30.0,1,0.3124,0.584,1
LJ500_R144_C039,144,39,680750,9573250,3000,1000,2020,10,2020-10,22,15.14,25.93,25.93,7.1861,25.0,5.0,30.0,1,0.5231,0.8468,1
LJ500_R144_C040,144,40,681250,9573250,3500,1000,2020,10,2020-10,22,15.14,25.93,25.93,7.1861,25.0,5.0,30.0,1,0.5697,0.9563,1
LJ500_R144_C041,144,41,681750,9573250,4000,1000,2020,10,2020-10,22,15.14,25.93,25.93,7.1861,25.0,5.0,30.0,1,0.6775,1.2093,1
LJ500_R144_C042,144,42,682250,9573250,4500,1000,2020,10,2020-10,22,15.14,25.93,25.93,7.1861,25.0,5.0,30.0,1,0.6592,1.2423,1
LJ500_R145_C033,145,33,677750,9573750,0,1500,2020,10,2020-10,22,14.71,23.37,23.37,6.9021,25.0,5.0,30.0,1,0.4666,0.7572,1
LJ500_R145_C034,145,34,678250,9573750,500,1500,2020,10,2020-10,22,15.14,25.93,25.93,7.1861,25.0,5.0,30.0,1,0.4276,0.71,1
LJ500_R145_C035,145,35,678750,9573750,1000,1500,2020,10,2020-10,22,15.14,25.93,25.93,7.1861,25.0,5.0,30.0,1,0.3699,0.6331,1
LJ500_R145_C036,145,36,679250,9573750,1500,1500,2020,10,2020-10,22,15.14,25.93,25.93,7.1861,25.0,5.0,30.0,1,0.3598,0.6198,1
LJ500_R145_C037,145,37,679750,9573750,2000,1500,2020,10,2020-10,22,15.14,25.93,25.93,7.1861,25.0,5.0,30.0,1,0.2886,0.55,1
LJ500_R145_C038,145,38,680250,9573750,2500,1500,2020,10,2020-10,22,15.14,25.93,25.93,7.1861,25.0,5.0,30.0,1,0.3118,0.5773,1
LJ500_R145_C039,145,39,680750,9573750,3000,1500,2020,10,2020-10,22,15.14,25.93,25.93,7.1861,25.0,5.0,30.0,1,0.4414,0.73,1
LJ500_R145_C040,145,40,681250,9573750,3500,1500,2020,10,2020-10,22,15.14,25.93,25.93,7.1861,25.0,5.0,30.0,1,0.5049,0.8412,1
LJ500_R145_C041,145,41,681750,9573750,4000,1500,2020,10,2020-10,22,15.14,25.93,25.93,7.1861,25.0,5.0,30.0,1,0.6528,1.1,1
LJ500_R145_C042,145,42,682250,9573750,4500,1500,2020,10,2020-10,22,15.14,25.93,25.93,7.1861,25.0,5.0,30.0,1,0.6349,1.1944,1
LJ500_R146_C033,146,33,677750,9574250,0,2000,2020,10,2020-10,22,15.73,25.77,26.23,7.3784,25.0,5.0,30.0,1,0.5435,0.8627,1
LJ500_R146_C034,146,34,678250,9574250,500,2000,2020,10,2020-10,22,16.27,28.95,29.63,7.7727,25.0,5.0,30.0,1,0.5224,0.8389,1
LJ500_R146_C035,146,35,678750,9574250,1000,2000,2020,10,2020-10,22,16.27,28.97,29.64,7.7753,25.0,5.0,30.0,1,0.4364,0.7234,1
LJ500_R146_C036,146,36,679250,9574250,1500,2000,2020,10,2020-10,22,16.28,28.98,29.66,7.7779,25.0,5.0,30.0,1,0.4215,0.7035,1
LJ500_R146_C037,146,37,679750,9574250,2000,2000,2020,10,2020-10,22,16.28,28.99,29.68,7.7805,25.0,5.0,30.0,1,0.3418,0.6152,1
LJ500_R146_C038,146,38,680250,9574250,2500,2000,2020,10,2020-10,22,16.29,29.01,29.69,7.7831,25.0,5.0,30.0,1,0.3487,0.6229,1
LJ500_R146_C039,146,39,680750,9574250,3000,2000,2020,10,2020-10,22,16.29,29.02,29.71,7.7857,25.0,5.0,30.0,1,0.3863,0.6642,1
LJ500_R146_C040,146,40,681250,9574250,3500,2000,2020,10,2020-10,22,16.3,29.03,29.73,7.7883,25.0,5.0,30.0,1,0.4598,0.7815,1
LJ500_R146_C041,146,41,681750,9574250,4000,2000,2020,10,2020-10,22,16.3,29.05,29.74,7.7909,25.0,5.0,30.0,1,0.633,1.0574,1
LJ500_R146_C042,146,42,682250,9574250,4500,2000,2020,10,2020-10,22,16.31,29.06,29.76,7.7935,25.0,5.0,30.0,1,0.631,1.1661,1
LJ500_R147_C033,147,33,677750,9574750,0,2500,2020,10,2020-10,22,17.09,28.99,30.04,8.0149,25.0,5.0,30.0,1,0.6341,0.987,1
LJ500_R147_C034,147,34,678250,9574750,500,2500,2020,10,2020-10,22,17.77,32.96,34.53,8.5516,25.0,5.0,30.0,1,0.6334,0.99,1
LJ500_R147_C035,147,35,678750,9574750,1000,2500,2020,10,2020-10,22,17.77,32.96,34.53,8.5516,25.0,5.0,30.0,1,0.5138,0.8284,1
LJ500_R147_C036,147,36,679250,9574750,1500,2500,2020,10,2020-10,22,17.77,32.96,34.53,8.5516,25.0,5.0,30.0,1,0.4928,0.8,1
LJ500_R147_C037,147,37,679750,9574750,2000,2500,2020,10,2020-10,22,17.77,32.96,34.53,8.5516,25.0,5.0,30.0,1,0.4028,0.6901,1
LJ500_R147_C038,147,38,680250,9574750,2500,2500,2020,10,2020-10,22,17.77,32.96,34.53,8.5516,25.0,5.0,30.0,1,0.3911,0.6752,1
LJ500_R147_C039,147,39,680750,9574750,3000,2500,2020,10,2020-10,22,17.77,32.96,34.53,8.5516,25.0,5.0,30.0,1,0.3241,0.59,1
LJ500_R147_C040,147,40,681250,9574750,3500,2500,2020,10,2020-10,22,17.77,32.96,34.53,8.5516,25.0,5.0,30.0,1,0.4093,0.7146,1
LJ500_R147_C041,147,41,681750,9574750,4000,2500,2020,10,2020-10,22,17.77,32.96,34.53,8.5516,25.0,5.0,30.0,1,0.611,1.01,1
LJ500_R147_C042,147,42,682250,9574750,4500,2500,2020,10,2020-10,22,17.77,32.96,34.53,8.5516,25.0,5.0,30.0,1,0.6266,1.1348,1
LJ500_R148_C033,148,33,677750,9575250,0,3000,2020,10,2020-10,22,17.09,28.97,30.02,8.0118,25.0,5.0,30.0,1,0.6215,0.9789,1
LJ500_R148_C034,148,34,678250,9575250,500,3000,2020,10,2020-10,22,17.77,32.96,34.53,8.5516,25.0,5.0,30.0,1,0.6526,1.0209,1
LJ500_R148_C035,148,35,678750,9575250,1000,3000,2020,10,2020-10,22,17.77,32.96,34.53,8.5516,25.0,5.0,30.0,1,0.5409,0.8703,1
LJ500_R148_C036,148,36,679250,9575250,1500,3000,2020,10,2020-10,22,17.77,32.96,34.53,8.5516,25.0,5.0,30.0,1,0.521,0.8435,1
LJ500_R148_C037,148,37,679750,9575250,2000,3000,2020,10,2020-10,22,17.77,32.96,34.53,8.5516,25.0,5.0,30.0,1,0.4569,0.765,1
LJ500_R148_C038,148,38,680250,9575250,2500,3000,2020,10,2020-10,22,17.77,32.96,34.53,8.5516,25.0,5.0,30.0,1,0.4407,0.7449,1
LJ500_R148_C039,148,39,680750,9575250,3000,3000,2020,10,2020-10,22,17.77,32.96,34.53,8.5516,25.0,5.0,30.0,1,0.3462,0.6276,1
LJ500_R148_C040,148,40,681250,9575250,3500,3000,2020,10,2020-10,22,17.77,32.96,34.53,8.5516,25.0,5.0,30.0,1,0.3901,0.6885,1
LJ500_R148_C041,148,41,681750,9575250,4000,3000,2020,10,2020-10,22,17.77,32.96,34.53,8.5516,25.0,5.0,30.0,1,0.4947,0.8334,1
LJ500_R148_C042,148,42,682250,9575250,4500,3000,2020,10,2020-10,22,17.77,32.96,34.53,8.5516,25.0,5.0,30.0,1,0.5378,0.9346,1
LJ500_R149_C033,149,33,677750,9575750,0,3500,2020,10,2020-10,22,17.08,28.94,29.99,8.0088,25.0,5.0,30.0,1,0.6134,0.9735,1
LJ500_R149_C034,149,34,678250,9575750,500,3500,2020,10,2020-10,22,17.77,32.96,34.53,8.5516,25.0,5.0,30.0,1,0.6645,1.04,1
LJ500_R149_C035,149,35,678750,9575750,1000,3500,2020,10,2020-10,22,17.77,32.96,34.53,8.5516,25.0,5.0,30.0,1,0.5576,0.8961,1
LJ500_R149_C036,149,36,679250,9575750,1500,3500,2020,10,2020-10,22,17.77,32.96,34.53,8.5516,25.0,5.0,30.0,1,0.5383,0.87,1
LJ500_R149_C037,149,37,679750,9575750,2000,3500,2020,10,2020-10,22,17.77,32.96,34.53,8.5516,25.0,5.0,30.0,1,0.4895,0.8103,1
LJ500_R149_C038,149,38,680250,9575750,2500,3500,2020,10,2020-10,22,17.77,32.96,34.53,8.5516,25.0,5.0,30.0,1,0.4706,0.7869,1
LJ500_R149_C039,149,39,680750,9575750,3000,3500,2020,10,2020-10,22,17.77,32.96,34.53,8.5516,25.0,5.0,30.0,1,0.3593,0.65,1
LJ500_R149_C040,149,40,681250,9575750,3500,3500,2020,10,2020-10,22,17.77,32.96,34.53,8.5516,25.0,5.0,30.0,1,0.379,0.6734,1
LJ500_R149_C041,149,41,681750,9575750,4000,3500,2020,10,2020-10,22,17.77,32.96,34.53,8.5516,25.0,5.0,30.0,1,0.4266,0.73,1
LJ500_R149_C042,149,42,682250,9575750,4500,3500,2020,10,2020-10,22,17.77,32.96,34.53,8.5516,25.0,5.0,30.0,1,0.486,0.8183,1
LJ500_R150_C033,150,33,677750,9576250,0,4000,2020,10,2020-10,22,17.08,28.92,29.97,8.0057,25.0,5.0,30.0,1,0.659,1.054,1
LJ500_R150_C034,150,34,678250,9576250,500,4000,2020,10,2020-10,22,17.77,32.96,34.53,8.5516,25.0,5.0,30.0,1,0.7123,1.1329,1
LJ500_R150_C035,150,35,678750,9576250,1000,4000,2020,10,2020-10,22,17.77,32.96,34.53,8.5516,25.0,5.0,30.0,1,0.5943,0.9502,1
LJ500_R150_C036,150,36,679250,9576250,1500,4000,2020,10,2020-10,22,17.77,32.96,34.53,8.5516,25.0,5.0,30.0,1,0.5726,0.9167,1
LJ500_R150_C037,150,37,679750,9576250,2000,4000,2020,10,2020-10,22,17.77,32.96,34.53,8.5516,25.0,5.0,30.0,1,0.6277,1.0199,1
LJ500_R150_C038,150,38,680250,9576250,2500,4000,2020,10,2020-10,22,17.77,32.96,34.53,8.5516,25.0,5.0,30.0,1,0.6168,1.0039,1
LJ500_R150_C039,150,39,680750,9576250,3000,4000,2020,10,2020-10,22,17.77,32.96,34.53,8.5516,25.0,5.0,30.0,1,0.5472,0.9008,1
LJ500_R150_C040,150,40,681250,9576250,3500,4000,2020,10,2020-10,22,17.77,32.96,34.53,8.5516,25.0,5.0,30.0,1,0.5127,0.8515,1
LJ500_R150_C041,150,41,681750,9576250,4000,4000,2020,10,2020-10,22,17.77,32.96,34.53,8.5516,25.0,5.0,30.0,1,0.4276,0.73,1
LJ500_R150_C042,150,42,682250,9576250,4500,4000,2020,10,2020-10,22,17.77,32.96,34.53,8.5516,25.0,5.0,30.0,1,0.4694,0.7902,1
LJ500_R151_C033,151,33,677750,9576750,0,4500,2020,10,2020-10,22,17.07,28.9,29.94,8.0027,25.0,5.0,30.0,1,0.6722,1.0774,1
LJ500_R151_C034,151,34,678250,9576750,500,4500,2020,10,2020-10,22,17.77,32.96,34.53,8.5516,25.0,5.0,30.0,1,0.7262,1.16,1
LJ500_R151_C035,151,35,678750,9576750,1000,4500,2020,10,2020-10,22,17.77,32.96,34.53,8.5516,25.0,5.0,30.0,1,0.605,0.9662,1
LJ500_R151_C036,151,36,679250,9576750,1500,4500,2020,10,2020-10,22,17.77,32.96,34.53,8.5516,25.0,5.0,30.0,1,0.5824,0.93,1
LJ500_R151_C037,151,37,679750,9576750,2000,4500,2020,10,2020-10,22,17.77,32.96,34.53,8.5516,25.0,5.0,30.0,1,0.6665,1.0787,1
LJ500_R151_C038,151,38,680250,9576750,2500,4500,2020,10,2020-10,22,17.77,32.96,34.53,8.5516,25.0,5.0,30.0,1,0.6577,1.0646,1
LJ500_R151_C039,151,39,680750,9576750,3000,4500,2020,10,2020-10,22,17.77,32.96,34.53,8.5516,25.0,5.0,30.0,1,0.599,0.97,1
LJ500_R151_C040,151,40,681250,9576750,3500,4500,2020,10,2020-10,22,17.77,32.96,34.53,8.5516,25.0,5.0,30.0,1,0.5495,0.9006,1
LJ500_R151_C041,151,41,681750,9576750,4000,4500,2020,10,2020-10,22,17.77,32.96,34.53,8.5516,25.0,5.0,30.0,1,0.4279,0.73,1
LJ500_R151_C042,151,42,682250,9576750,4500,4500,2020,10,2020-10,22,17.77,32.96,34.53,8.5516,25.0,5.0,30.0,1,0.4649,0.7825,1
LJ500_R142_C033,142,33,677750,9572250,0,0,2020,11,2020-11,23,26.55,41.27,49.97,17.66,27.32,3.6799,31.0,1,0.5523,0.8995,1
LJ500_R142_C034,142,34,678250,9572250,500,0,2020,11,2020-11,23,27.15,42.29,53.09,16.26,27.0,4.0,31.0,1,0.5606,0.9122,1
LJ500_R142_C035,142,35,678750,9572250,1000,0,2020,11,2020-11,23,27.15,42.29,53.09,16.26,27.0,4.0,31.0,1,0.3879,0.6727,1
LJ500_R142_C036,142,36,679250,9572250,1500,0,2020,11,2020-11,23,27.15,42.29,53.09,16.26,27.0,4.0,31.0,1,0.3588,0.6324,1
LJ500_R142_C037,142,37,679750,9572250,2000,0,2020,11,2020-11,23,27.15,42.29,53.09,16.26,27.0,4.0,31.0,1,0.2694,0.5115,1
LJ500_R142_C038,142,38,680250,9572250,2500,0,2020,11,2020-11,23,27.15,42.29,53.09,16.26,27.0,4.0,31.0,1,0.3107,0.5696,1
LJ500_R142_C039,142,39,680750,9572250,3000,0,2020,11,2020-11,23,27.15,42.29,53.09,16.26,27.0,4.0,31.0,1,0.5314,0.88,1
LJ500_R142_C040,142,40,681250,9572250,3500,0,2020,11,2020-11,23,27.15,42.29,53.09,16.26,27.0,4.0,31.0,1,0.5711,0.96,1
LJ500_R142_C041,142,41,681750,9572250,4000,0,2020,11,2020-11,23,27.15,42.29,53.09,16.26,27.0,4.0,31.0,1,0.6611,1.1419,1
LJ500_R142_C042,142,42,682250,9572250,4500,0,2020,11,2020-11,23,27.15,42.29,53.09,16.26,27.0,4.0,31.0,1,0.6571,1.1597,1
LJ500_R143_C033,143,33,677750,9572750,0,500,2020,11,2020-11,23,26.55,41.26,49.95,17.66,27.32,3.678,31.0,1,0.4864,0.814,1
LJ500_R143_C034,143,34,678250,9572750,500,500,2020,11,2020-11,23,27.15,42.29,53.09,16.26,27.0,4.0,31.0,1,0.4365,0.75,1
LJ500_R143_C035,143,35,678750,9572750,1000,500,2020,11,2020-11,23,27.15,42.29,53.09,16.26,27.0,4.0,31.0,1,0.3183,0.5699,1
LJ500_R143_C036,143,36,679250,9572750,1500,500,2020,11,2020-11,23,27.15,42.29,53.09,16.26,27.0,4.0,31.0,1,0.2986,0.5399,1
LJ500_R143_C037,143,37,679750,9572750,2000,500,2020,11,2020-11,23,27.15,42.29,53.09,16.26,27.0,4.0,31.0,1,0.2858,0.52,1
LJ500_R143_C038,143,38,680250,9572750,2500,500,2020,11,2020-11,23,27.15,42.29,53.09,16.26,27.0,4.0,31.0,1,0.3241,0.576,1
LJ500_R143_C039,143,39,680750,9572750,3000,500,2020,11,2020-11,23,27.15,42.29,53.09,16.26,27.0,4.0,31.0,1,0.5319,0.88,1
LJ500_R143_C040,143,40,681250,9572750,3500,500,2020,11,2020-11,23,27.15,42.29,53.09,16.26,27.0,4.0,31.0,1,0.5926,1.0748,1
LJ500_R143_C041,143,41,681750,9572750,4000,500,2020,11,2020-11,23,27.15,42.29,53.09,16.26,27.0,4.0,31.0,1,0.7313,1.52,1
LJ500_R143_C042,143,42,682250,9572750,4500,500,2020,11,2020-11,23,27.15,42.29,53.09,16.26,27.0,4.0,31.0,1,0.7271,1.6243,1
LJ500_R144_C033,144,33,677750,9573250,0,1000,2020,11,2020-11,23,26.54,41.25,49.93,17.67,27.32,3.6762,31.0,1,0.4701,0.7902,1
LJ500_R144_C034,144,34,678250,9573250,500,1000,2020,11,2020-11,23,27.15,42.29,53.09,16.26,27.0,4.0,31.0,1,0.425,0.7318,1
LJ500_R144_C035,144,35,678750,9573250,1000,1000,2020,11,2020-11,23,27.15,42.29,53.09,16.26,27.0,4.0,31.0,1,0.3304,0.5859,1
LJ500_R144_C036,144,36,679250,9573250,1500,1000,2020,11,2020-11,23,27.15,42.29,53.09,16.26,27.0,4.0,31.0,1,0.3145,0.5613,1
LJ500_R144_C037,144,37,679750,9573250,2000,1000,2020,11,2020-11,23,27.15,42.29,53.09,16.26,27.0,4.0,31.0,1,0.29,0.5231,1
LJ500_R144_C038,144,38,680250,9573250,2500,1000,2020,11,2020-11,23,27.15,42.29,53.09,16.26,27.0,4.0,31.0,1,0.3216,0.5713,1
LJ500_R144_C039,144,39,680750,9573250,3000,1000,2020,11,2020-11,23,27.15,42.29,53.09,16.26,27.0,4.0,31.0,1,0.4951,0.8362,1
LJ500_R144_C040,144,40,681250,9573250,3500,1000,2020,11,2020-11,23,27.15,42.29,53.09,16.26,27.0,4.0,31.0,1,0.5581,1.0,1
LJ500_R144_C041,144,41,681750,9573250,4000,1000,2020,11,2020-11,23,27.15,42.29,53.09,16.26,27.0,4.0,31.0,1,0.7038,1.3775,1
LJ500_R144_C042,144,42,682250,9573250,4500,1000,2020,11,2020-11,23,27.15,42.29,53.09,16.26,27.0,4.0,31.0,1,0.7139,1.571,1
LJ500_R145_C033,145,33,677750,9573750,0,1500,2020,11,2020-11,23,26.54,41.25,49.91,17.68,27.33,3.6743,31.0,1,0.4317,0.7342,1
LJ500_R145_C034,145,34,678250,9573750,500,1500,2020,11,2020-11,23,27.15,42.29,53.09,16.26,27.0,4.0,31.0,1,0.3987,0.69,1
LJ500_R145_C035,145,35,678750,9573750,1000,1500,2020,11,2020-11,23,27.15,42.29,53.09,16.26,27.0,4.0,31.0,1,0.3574,0.6217,1
LJ500_R145_C036,145,36,679250,9573750,1500,1500,2020,11,2020-11,23,27.15,42.29,53.09,16.26,27.0,4.0,31.0,1,0.3502,0.6098,1
LJ500_R145_C037,145,37,679750,9573750,2000,1500,2020,11,2020-11,23,27.15,42.29,53.09,16.26,27.0,4.0,31.0,1,0.2994,0.53,1
LJ500_R145_C038,145,38,680250,9573750,2500,1500,2020,11,2020-11,23,27.15,42.29,53.09,16.26,27.0,4.0,31.0,1,0.3168,0.5619,1
LJ500_R145_C039,145,39,680750,9573750,3000,1500,2020,11,2020-11,23,27.15,42.29,53.09,16.26,27.0,4.0,31.0,1,0.4142,0.74,1
LJ500_R145_C040,145,40,681250,9573750,3500,1500,2020,11,2020-11,23,27.15,42.29,53.09,16.26,27.0,4.0,31.0,1,0.4834,0.8392,1
LJ500_R145_C041,145,41,681750,9573750,4000,1500,2020,11,2020-11,23,27.15,42.29,53.09,16.26,27.0,4.0,31.0,1,0.6445,1.07,1
LJ500_R145_C042,145,42,682250,9573750,4500,1500,2020,11,2020-11,23,27.15,42.29,53.09,16.26,27.0,4.0,31.0,1,0.6855,1.4565,1
LJ500_R146_C033,146,33,677750,9574250,0,2000,2020,11,2020-11,23,25.94,41.67,51.72,16.13,27.33,3.6724,31.0,1,0.5039,0.8241,1
LJ500_R146_C034,146,34,678250,9574250,500,2000,2020,11,2020-11,23,26.56,42.82,55.51,15.33,27.0,4.0,31.0,1,0.4866,0.8005,1
LJ500_R146_C035,146,35,678750,9574250,1000,2000,2020,11,2020-11,23,26.55,42.83,55.52,15.33,27.0,4.0,31.0,1,0.4104,0.7052,1
LJ500_R146_C036,146,36,679250,9574250,1500,2000,2020,11,2020-11,23,26.55,42.83,55.53,15.32,27.0,4.0,31.0,1,0.3973,0.6888,1
LJ500_R146_C037,146,37,679750,9574250,2000,2000,2020,11,2020-11,23,26.55,42.83,55.54,15.32,27.0,4.0,31.0,1,0.3348,0.5999,1
LJ500_R146_C038,146,38,680250,9574250,2500,2000,2020,11,2020-11,23,26.55,42.83,55.55,15.32,27.0,4.0,31.0,1,0.3401,0.61,1
LJ500_R146_C039,146,39,680750,9574250,3000,2000,2020,11,2020-11,23,26.54,42.84,55.56,15.31,27.0,4.0,31.0,1,0.3689,0.6648,1
LJ500_R146_C040,146,40,681250,9574250,3500,2000,2020,11,2020-11,23,26.54,42.84,55.57,15.31,27.0,4.0,31.0,1,0.4432,0.7715,1
LJ500_R146_C041,146,41,681750,9574250,4000,2000,2020,11,2020-11,23,26.54,42.84,55.58,15.3,27.0,4.0,31.0,1,0.6181,1.0226,1
LJ500_R146_C042,146,42,682250,9574250,4500,2000,2020,11,2020-11,23,26.53,42.84,55.59,15.3,27.0,4.0,31.0,1,0.6687,1.3966,1
LJ500_R147_C033,147,33,677750,9574750,0,2500,2020,11,2020-11,23,25.14,42.23,54.13,14.04,27.33,3.6705,31.0,1,0.5888,0.93,1
LJ500_R147_C034,147,34,678250,9574750,500,2500,2020,11,2020-11,23,25.76,43.53,58.73,14.1,27.0,4.0,31.0,1,0.5897,0.93,1
LJ500_R147_C035,147,35,678750,9574750,1000,2500,2020,11,2020-11,23,25.76,43.53,58.73,14.1,27.0,4.0,31.0,1,0.4723,0.8025,1
LJ500_R147_C036,147,36,679250,9574750,1500,2500,2020,11,2020-11,23,25.76,43.53,58.73,14.1,27.0,4.0,31.0,1,0.4516,0.78,1
LJ500_R147_C037,147,37,679750,9574750,2000,2500,2020,11,2020-11,23,25.76,43.53,58.73,14.1,27.0,4.0,31.0,1,0.3756,0.6801,1
LJ500_R147_C038,147,38,680250,9574750,2500,2500,2020,11,2020-11,23,25.76,43.53,58.73,14.1,27.0,4.0,31.0,1,0.3669,0.6652,1
LJ500_R147_C039,147,39,680750,9574750,3000,2500,2020,11,2020-11,23,25.76,43.53,58.73,14.1,27.0,4.0,31.0,1,0.3177,0.58,1
LJ500_R147_C040,147,40,681250,9574750,3500,2500,2020,11,2020-11,23,25.76,43.53,58.73,14.1,27.0,4.0,31.0,1,0.3982,0.6957,1
LJ500_R147_C041,147,41,681750,9574750,4000,2500,2020,11,2020-11,23,25.76,43.53,58.73,14.1,27.0,4.0,31.0,1,0.5887,0.97,1
LJ500_R147_C042,147,42,682250,9574750,4500,2500,2020,11,2020-11,23,25.76,43.53,58.73,14.1,27.0,4.0,31.0,1,0.6501,1.3309,1
LJ500_R148_C033,148,33,677750,9575250,0,3000,2020,11,2020-11,23,25.14,42.23,54.11,14.04,27.33,3.6687,31.0,1,0.5766,0.9158,1
LJ500_R148_C034,148,34,678250,9575250,500,3000,2020,11,2020-11,23,25.76,43.53,58.73,14.1,27.0,4.0,31.0,1,0.6096,0.9547,1
LJ500_R148_C035,148,35,678750,9575250,1000,3000,2020,11,2020-11,23,25.76,43.53,58.73,14.1,27.0,4.0,31.0,1,0.4964,0.8275,1
LJ500_R148_C036,148,36,679250,9575250,1500,3000,2020,11,2020-11,23,25.76,43.53,58.73,14.1,27.0,4.0,31.0,1,0.4763,0.8048,1
LJ500_R148_C037,148,37,679750,9575250,2000,3000,2020,11,2020-11,23,25.76,43.53,58.73,14.1,27.0,4.0,31.0,1,0.4215,0.7425,1
LJ500_R148_C038,148,38,680250,9575250,2500,3000,2020,11,2020-11,23,25.76,43.53,58.73,14.1,27.0,4.0,31.0,1,0.4086,0.7233,1
LJ500_R148_C039,148,39,680750,9575250,3000,3000,2020,11,2020-11,23,25.76,43.53,58.73,14.1,27.0,4.0,31.0,1,0.3335,0.6113,1
LJ500_R148_C040,148,40,681250,9575250,3500,3000,2020,11,2020-11,23,25.76,43.53,58.73,14.1,27.0,4.0,31.0,1,0.3736,0.6708,1
LJ500_R148_C041,148,41,681750,9575250,4000,3000,2020,11,2020-11,23,25.76,43.53,58.73,14.1,27.0,4.0,31.0,1,0.4691,0.8123,1
LJ500_R148_C042,148,42,682250,9575250,4500,3000,2020,11,2020-11,23,25.76,43.53,58.73,14.1,27.0,4.0,31.0,1,0.5296,0.9944,1
LJ500_R149_C033,149,33,677750,9575750,0,3500,2020,11,2020-11,23,25.14,42.22,54.08,14.04,27.33,3.6668,31.0,1,0.5686,0.9065,1
LJ500_R149_C034,149,34,678250,9575750,500,3500,2020,11,2020-11,23,25.76,43.53,58.73,14.1,27.0,4.0,31.0,1,0.6219,0.97,1
LJ500_R149_C035,149,35,678750,9575750,1000,3500,2020,11,2020-11,23,25.76,43.53,58.73,14.1,27.0,4.0,31.0,1,0.5113,0.843,1
LJ500_R149_C036,149,36,679250,9575750,1500,3500,2020,11,2020-11,23,25.76,43.53,58.73,14.1,27.0,4.0,31.0,1,0.4913,0.82,1
LJ500_R149_C037,149,37,679750,9575750,2000,3500,2020,11,2020-11,23,25.76,43.53,58.73,14.1,27.0,4.0,31.0,1,0.4492,0.7802,1
LJ500_R149_C038,149,38,680250,9575750,2500,3500,2020,11,2020-11,23,25.76,43.53,58.73,14.1,27.0,4.0,31.0,1,0.4337,0.7584,1
LJ500_R149_C039,149,39,680750,9575750,3000,3500,2020,11,2020-11,23,25.76,43.53,58.73,14.1,27.0,4.0,31.0,1,0.3429,0.63,1
LJ500_R149_C040,149,40,681250,9575750,3500,3500,2020,11,2020-11,23,25.76,43.53,58.73,14.1,27.0,4.0,31.0,1,0.3593,0.6564,1
LJ500_R149_C041,149,41,681750,9575750,4000,3500,2020,11,2020-11,23,25.76,43.53,58.73,14.1,27.0,4.0,31.0,1,0.399,0.72,1
LJ500_R149_C042,149,42,682250,9575750,4500,3500,2020,11,2020-11,23,25.76,43.53,58.73,14.1,27.0,4.0,31.0,1,0.4594,0.7995,1
LJ500_R150_C033,150,33,677750,9576250,0,4000,2020,11,2020-11,23,25.13,42.21,54.06,14.04,27.34,3.6649,31.0,1,0.6231,0.9847,1
LJ500_R150_C034,150,34,678250,9576250,500,4000,2020,11,2020-11,23,25.76,43.53,58.73,14.1,27.0,4.0,31.0,1,0.6851,1.0629,1
LJ500_R150_C035,150,35,678750,9576250,1000,4000,2020,11,2020-11,23,25.76,43.53,58.73,14.1,27.0,4.0,31.0,1,0.5491,0.8906,1
LJ500_R150_C036,150,36,679250,9576250,1500,4000,2020,11,2020-11,23,25.76,43.53,58.73,14.1,27.0,4.0,31.0,1,0.5242,0.8589,1
LJ500_R150_C037,150,37,679750,9576250,2000,4000,2020,11,2020-11,23,25.76,43.53,58.73,14.1,27.0,4.0,31.0,1,0.596,0.9665,1
LJ500_R150_C038,150,38,680250,9576250,2500,4000,2020,11,2020-11,23,25.76,43.53,58.73,14.1,27.0,4.0,31.0,1,0.5852,0.9519,1
LJ500_R150_C039,150,39,680750,9576250,3000,4000,2020,11,2020-11,23,25.76,43.53,58.73,14.1,27.0,4.0,31.0,1,0.5156,0.8573,1
LJ500_R150_C040,150,40,681250,9576250,3500,4000,2020,11,2020-11,23,25.76,43.53,58.73,14.1,27.0,4.0,31.0,1,0.4812,0.8177,1
LJ500_R150_C041,150,41,681750,9576250,4000,4000,2020,11,2020-11,23,25.76,43.53,58.73,14.1,27.0,4.0,31.0,1,0.3962,0.72,1
LJ500_R150_C042,150,42,682250,9576250,4500,4000,2020,11,2020-11,23,25.76,43.53,58.73,14.1,27.0,4.0,31.0,1,0.4387,0.7714,1
LJ500_R151_C033,151,33,677750,9576750,0,4500,2020,11,2020-11,23,25.13,42.2,54.03,14.04,27.34,3.663,31.0,1,0.6388,1.0074,1
LJ500_R151_C034,151,34,678250,9576750,500,4500,2020,11,2020-11,23,25.76,43.53,58.73,14.1,27.0,4.0,31.0,1,0.7035,1.09,1
LJ500_R151_C035,151,35,678750,9576750,1000,4500,2020,11,2020-11,23,25.76,43.53,58.73,14.1,27.0,4.0,31.0,1,0.5603,0.9046,1
LJ500_R151_C036,151,36,679250,9576750,1500,4500,2020,11,2020-11,23,25.76,43.53,58.73,14.1,27.0,4.0,31.0,1,0.5335,0.87,1
LJ500_R151_C037,151,37,679750,9576750,2000,4500,2020,11,2020-11,23,25.76,43.53,58.73,14.1,27.0,4.0,31.0,1,0.6372,1.0187,1
LJ500_R151_C038,151,38,680250,9576750,2500,4500,2020,11,2020-11,23,25.76,43.53,58.73,14.1,27.0,4.0,31.0,1,0.6276,1.006,1
LJ500_R151_C039,151,39,680750,9576750,3000,4500,2020,11,2020-11,23,25.76,43.53,58.73,14.1,27.0,4.0,31.0,1,0.5632,0.92,1
LJ500_R151_C040,151,40,681250,9576750,3500,4500,2020,11,2020-11,23,25.76,43.53,58.73,14.1,27.0,4.0,31.0,1,0.5147,0.8622,1
LJ500_R151_C041,151,41,681750,9576750,4000,4500,2020,11,2020-11,23,25.76,43.53,58.73,14.1,27.0,4.0,31.0,1,0.3955,0.72,1
LJ500_R151_C042,151,42,682250,9576750,4500,4500,2020,11,2020-11,23,25.76,43.53,58.73,14.1,27.0,4.0,31.0,1,0.4331,0.7638,1
LJ500_R142_C033,142,33,677750,9572250,0,0,2020,12,2020-12,24,22.03,48.58,63.3,7.7496,26.32,3.6799,30.0,1,0.4231,1.1947,1
LJ500_R142_C034,142,34,678250,9572250,500,0,2020,12,2020-12,24,22.23,49.38,64.52,7.9626,26.0,4.0,30.0,1,0.4328,1.2241,1
LJ500_R142_C035,142,35,678750,9572250,1000,0,2020,12,2020-12,24,22.23,49.38,64.52,7.9626,26.0,4.0,30.0,1,0.2877,0.7036,1
LJ500_R142_C036,142,36,679250,9572250,1500,0,2020,12,2020-12,24,22.23,49.38,64.52,7.9626,26.0,4.0,30.0,1,0.2633,0.6164,1
LJ500_R142_C037,142,37,679750,9572250,2000,0,2020,12,2020-12,24,22.23,49.38,64.52,7.9626,26.0,4.0,30.0,1,0.1912,0.383,1
LJ500_R142_C038,142,38,680250,9572250,2500,0,2020,12,2020-12,24,22.23,49.38,64.52,7.9626,26.0,4.0,30.0,1,0.2272,0.5023,1
LJ500_R142_C039,142,39,680750,9572250,3000,0,2020,12,2020-12,24,22.23,49.38,64.52,7.9626,26.0,4.0,30.0,1,0.4197,1.14,1
LJ500_R142_C040,142,40,681250,9572250,3500,0,2020,12,2020-12,24,22.23,49.38,64.52,7.9626,26.0,4.0,30.0,1,0.4742,1.2817,1
LJ500_R142_C041,142,41,681750,9572250,4000,0,2020,12,2020-12,24,22.23,49.38,64.52,7.9626,26.0,4.0,30.0,1,0.5977,1.6035,1
LJ500_R142_C042,142,42,682250,9572250,4500,0,2020,12,2020-12,24,22.23,49.38,64.52,7.9626,26.0,4.0,30.0,1,0.6,1.6032,1
LJ500_R143_C033,143,33,677750,9572750,0,500,2020,12,2020-12,24,22.03,48.58,63.29,7.7483,26.32,3.678,30.0,1,0.371,0.9913,1
LJ500_R143_C034,143,34,678250,9572750,500,500,2020,12,2020-12,24,22.23,49.38,64.52,7.9626,26.0,4.0,30.0,1,0.3263,0.84,1
LJ500_R143_C035,143,35,678750,9572750,1000,500,2020,12,2020-12,24,22.23,49.38,64.52,7.9626,26.0,4.0,30.0,1,0.2254,0.4969,1
LJ500_R143_C036,143,36,679250,9572750,1500,500,2020,12,2020-12,24,22.23,49.38,64.52,7.9626,26.0,4.0,30.0,1,0.2086,0.4397,1
LJ500_R143_C037,143,37,679750,9572750,2000,500,2020,12,2020-12,24,22.23,49.38,64.52,7.9626,26.0,4.0,30.0,1,0.2037,0.4,1
LJ500_R143_C038,143,38,680250,9572750,2500,500,2020,12,2020-12,24,22.23,49.38,64.52,7.9626,26.0,4.0,30.0,1,0.2385,0.5151,1
LJ500_R143_C039,143,39,680750,9572750,3000,500,2020,12,2020-12,24,22.23,49.38,64.52,7.9626,26.0,4.0,30.0,1,0.4273,1.14,1
LJ500_R143_C040,143,40,681250,9572750,3500,500,2020,12,2020-12,24,22.23,49.38,64.52,7.9626,26.0,4.0,30.0,1,0.5253,1.3988,1
LJ500_R143_C041,143,41,681750,9572750,4000,500,2020,12,2020-12,24,22.23,49.38,64.52,7.9626,26.0,4.0,30.0,1,0.749,1.99,1
LJ500_R143_C042,143,42,682250,9572750,4500,500,2020,12,2020-12,24,22.23,49.38,64.52,7.9626,26.0,4.0,30.0,1,0.7695,2.0535,1
LJ500_R144_C033,144,33,677750,9573250,0,1000,2020,12,2020-12,24,22.03,48.57,63.28,7.7471,26.32,3.6762,30.0,1,0.3576,0.9381,1
LJ500_R144_C034,144,34,678250,9573250,500,1000,2020,12,2020-12,24,22.23,49.38,64.52,7.9626,26.0,4.0,30.0,1,0.3178,0.8006,1
LJ500_R144_C035,144,35,678750,9573250,1000,1000,2020,12,2020-12,24,22.23,49.38,64.52,7.9626,26.0,4.0,30.0,1,0.2379,0.5232,1
LJ500_R144_C036,144,36,679250,9573250,1500,1000,2020,12,2020-12,24,22.23,49.38,64.52,7.9626,26.0,4.0,30.0,1,0.2245,0.4766,1
LJ500_R144_C037,144,37,679750,9573250,2000,1000,2020,12,2020-12,24,22.23,49.38,64.52,7.9626,26.0,4.0,30.0,1,0.2079,0.4093,1
LJ500_R144_C038,144,38,680250,9573250,2500,1000,2020,12,2020-12,24,22.23,49.38,64.52,7.9626,26.0,4.0,30.0,1,0.2369,0.5044,1
LJ500_R144_C039,144,39,680750,9573250,3000,1000,2020,12,2020-12,24,22.23,49.38,64.52,7.9626,26.0,4.0,30.0,1,0.396,1.0274,1
LJ500_R144_C040,144,40,681250,9573250,3500,1000,2020,12,2020-12,24,22.23,49.38,64.52,7.9626,26.0,4.0,30.0,1,0.4871,1.2733,1
LJ500_R144_C041,144,41,681750,9573250,4000,1000,2020,12,2020-12,24,22.23,49.38,64.52,7.9626,26.0,4.0,30.0,1,0.6972,1.8411,1
LJ500_R144_C042,144,42,682250,9573250,4500,1000,2020,12,2020-12,24,22.23,49.38,64.52,7.9626,26.0,4.0,30.0,1,0.7495,1.9984,1
LJ500_R145_C033,145,33,677750,9573750,0,1500,2020,12,2020-12,24,22.03,48.57,63.28,7.7458,26.33,3.6743,30.0,1,0.3261,0.8132,1
LJ500_R145_C034,145,34,678250,9573750,500,1500,2020,12,2020-12,24,22.23,49.38,64.52,7.9626,26.0,4.0,30.0,1,0.2983,0.71,1
LJ500_R145_C035,145,35,678750,9573750,1000,1500,2020,12,2020-12,24,22.23,49.38,64.52,7.9626,26.0,4.0,30.0,1,0.2659,0.5819,1
LJ500_R145_C036,145,36,679250,9573750,1500,1500,2020,12,2020-12,24,22.23,49.38,64.52,7.9626,26.0,4.0,30.0,1,0.2602,0.5596,1
LJ500_R145_C037,145,37,679750,9573750,2000,1500,2020,12,2020-12,24,22.23,49.38,64.52,7.9626,26.0,4.0,30.0,1,0.2173,0.43,1
LJ500_R145_C038,145,38,680250,9573750,2500,1500,2020,12,2020-12,24,22.23,49.38,64.52,7.9626,26.0,4.0,30.0,1,0.234,0.4831,1
LJ500_R145_C039,145,39,680750,9573750,3000,1500,2020,12,2020-12,24,22.23,49.38,64.52,7.9626,26.0,4.0,30.0,1,0.3273,0.78,1
LJ500_R145_C040,145,40,681250,9573750,3500,1500,2020,12,2020-12,24,22.23,49.38,64.52,7.9626,26.0,4.0,30.0,1,0.4049,1.0024,1
LJ500_R145_C041,145,41,681750,9573750,4000,1500,2020,12,2020-12,24,22.23,49.38,64.52,7.9626,26.0,4.0,30.0,1,0.5853,1.52,1
LJ500_R145_C042,145,42,682250,9573750,4500,1500,2020,12,2020-12,24,22.23,49.38,64.52,7.9626,26.0,4.0,30.0,1,0.7064,1.8795,1
LJ500_R146_C033,146,33,677750,9574250,0,2000,2020,12,2020-12,24,23.7,49.64,65.37,7.4658,25.62,4.3804,30.0,1,0.3974,1.0432,1
LJ500_R146_C034,146,34,678250,9574250,500,2000,2020,12,2020-12,24,23.76,50.32,66.58,7.6817,25.57,4.4296,30.0,1,0.3843,0.9908,1
LJ500_R146_C035,146,35,678750,9574250,1000,2000,2020,12,2020-12,24,23.77,50.32,66.59,7.6805,25.57,4.4315,30.0,1,0.3161,0.7539,1
LJ500_R146_C036,146,36,679250,9574250,1500,2000,2020,12,2020-12,24,23.77,50.32,66.6,7.6793,25.57,4.4334,30.0,1,0.3044,0.713,1
LJ500_R146_C037,146,37,679750,9574250,2000,2000,2020,12,2020-12,24,23.78,50.33,66.61,7.678,25.56,4.4353,30.0,1,0.2548,0.5419,1
LJ500_R146_C038,146,38,680250,9574250,2500,2000,2020,12,2020-12,24,23.79,50.33,66.62,7.6768,25.56,4.4372,30.0,1,0.2606,0.5584,1
LJ500_R146_C039,146,39,680750,9574250,3000,2000,2020,12,2020-12,24,23.79,50.34,66.63,7.6755,25.56,4.4391,30.0,1,0.2922,0.6484,1
LJ500_R146_C040,146,40,681250,9574250,3500,2000,2020,12,2020-12,24,23.8,50.34,66.64,7.6743,25.56,4.441,30.0,1,0.3704,0.8802,1
LJ500_R146_C041,146,41,681750,9574250,4000,2000,2020,12,2020-12,24,23.81,50.34,66.65,7.673,25.56,4.4429,30.0,1,0.5541,1.4253,1
LJ500_R146_C042,146,42,682250,9574250,4500,2000,2020,12,2020-12,24,23.81,50.35,66.66,7.6718,25.56,4.4448,30.0,1,0.6819,1.7935,1
LJ500_R147_C033,147,33,677750,9574750,0,2500,2020,12,2020-12,24,25.94,51.09,68.18,7.0917,24.67,5.3295,30.0,1,0.4814,1.314,1
LJ500_R147_C034,147,34,678250,9574750,500,2500,2020,12,2020-12,24,25.79,51.56,69.33,7.3088,25.0,5.0,30.0,1,0.485,1.32,1
LJ500_R147_C035,147,35,678750,9574750,1000,2500,2020,12,2020-12,24,25.79,51.56,69.33,7.3088,25.0,5.0,30.0,1,0.3747,0.9544,1
LJ500_R147_C036,147,36,679250,9574750,1500,2500,2020,12,2020-12,24,25.79,51.56,69.33,7.3088,25.0,5.0,30.0,1,0.3553,0.89,1
LJ500_R147_C037,147,37,679750,9574750,2000,2500,2020,12,2020-12,24,25.79,51.56,69.33,7.3088,25.0,5.0,30.0,1,0.2977,0.6702,1
LJ500_R147_C038,147,38,680250,9574750,2500,2500,2020,12,2020-12,24,25.79,51.56,69.33,7.3088,25.0,5.0,30.0,1,0.291,0.6448,1
LJ500_R147_C039,147,39,680750,9574750,3000,2500,2020,12,2020-12,24,25.79,51.56,69.33,7.3088,25.0,5.0,30.0,1,0.2527,0.5,1
LJ500_R147_C040,147,40,681250,9574750,3500,2500,2020,12,2020-12,24,25.79,51.56,69.33,7.3088,25.0,5.0,30.0,1,0.3318,0.7433,1
LJ500_R147_C041,147,41,681750,9574750,4000,2500,2020,12,2020-12,24,25.79,51.56,69.33,7.3088,25.0,5.0,30.0,1,0.5193,1.32,1
LJ500_R147_C042,147,42,682250,9574750,4500,2500,2020,12,2020-12,24,25.79,51.56,69.33,7.3088,25.0,5.0,30.0,1,0.6549,1.6987,1
LJ500_R148_C033,148,33,677750,9575250,0,3000,2020,12,2020-12,24,25.94,51.08,68.17,7.0904,24.67,5.3313,30.0,1,0.4785,1.2781,1
LJ500_R148_C034,148,34,678250,9575250,500,3000,2020,12,2020-12,24,25.79,51.56,69.33,7.3088,25.0,5.0,30.0,1,0.5148,1.3879,1
LJ500_R148_C035,148,35,678750,9575250,1000,3000,2020,12,2020-12,24,25.79,51.56,69.33,7.3088,25.0,5.0,30.0,1,0.4028,1.0286,1
LJ500_R148_C036,148,36,679250,9575250,1500,3000,2020,12,2020-12,24,25.79,51.56,69.33,7.3088,25.0,5.0,30.0,1,0.3829,0.9645,1
LJ500_R148_C037,148,37,679750,9575250,2000,3000,2020,12,2020-12,24,25.79,51.56,69.33,7.3088,25.0,5.0,30.0,1,0.3401,0.8075,1
LJ500_R148_C038,148,38,680250,9575250,2500,3000,2020,12,2020-12,24,25.79,51.56,69.33,7.3088,25.0,5.0,30.0,1,0.3297,0.769,1
LJ500_R148_C039,148,39,680750,9575250,3000,3000,2020,12,2020-12,24,25.79,51.56,69.33,7.3088,25.0,5.0,30.0,1,0.2688,0.5439,1
LJ500_R148_C040,148,40,681250,9575250,3500,3000,2020,12,2020-12,24,25.79,51.56,69.33,7.3088,25.0,5.0,30.0,1,0.3079,0.6653,1
LJ500_R148_C041,148,41,681750,9575250,4000,3000,2020,12,2020-12,24,25.79,51.56,69.33,7.3088,25.0,5.0,30.0,1,0.4012,0.9542,1
LJ500_R148_C042,148,42,682250,9575250,4500,3000,2020,12,2020-12,24,25.79,51.56,69.33,7.3088,25.0,5.0,30.0,1,0.4897,1.2039,1
LJ500_R149_C033,149,33,677750,9575750,0,3500,2020,12,2020-12,24,25.95,51.08,68.16,7.0892,24.67,5.3332,30.0,1,0.4763,1.2547,1
LJ500_R149_C034,149,34,678250,9575750,500,3500,2020,12,2020-12,24,25.79,51.56,69.33,7.3088,25.0,5.0,30.0,1,0.5333,1.43,1
LJ500_R149_C035,149,35,678750,9575750,1000,3500,2020,12,2020-12,24,25.79,51.56,69.33,7.3088,25.0,5.0,30.0,1,0.4202,1.0745,1
LJ500_R149_C036,149,36,679250,9575750,1500,3500,2020,12,2020-12,24,25.79,51.56,69.33,7.3088,25.0,5.0,30.0,1,0.3997,1.01,1
LJ500_R149_C037,149,37,679750,9575750,2000,3500,2020,12,2020-12,24,25.79,51.56,69.33,7.3088,25.0,5.0,30.0,1,0.3658,0.8906,1
LJ500_R149_C038,149,38,680250,9575750,2500,3500,2020,12,2020-12,24,25.79,51.56,69.33,7.3088,25.0,5.0,30.0,1,0.3531,0.8439,1
LJ500_R149_C039,149,39,680750,9575750,3000,3500,2020,12,2020-12,24,25.79,51.56,69.33,7.3088,25.0,5.0,30.0,1,0.2783,0.57,1
LJ500_R149_C040,149,40,681250,9575750,3500,3500,2020,12,2020-12,24,25.79,51.56,69.33,7.3088,25.0,5.0,30.0,1,0.2941,0.6198,1
LJ500_R149_C041,149,41,681750,9575750,4000,3500,2020,12,2020-12,24,25.79,51.56,69.33,7.3088,25.0,5.0,30.0,1,0.332,0.74,1
LJ500_R149_C042,149,42,682250,9575750,4500,3500,2020,12,2020-12,24,25.79,51.56,69.33,7.3088,25.0,5.0,30.0,1,0.3938,0.9167,1
LJ500_R150_C033,150,33,677750,9576250,0,4000,2020,12,2020-12,24,25.95,51.08,68.16,7.088,24.66,5.3351,30.0,1,0.5516,1.4394,1
LJ500_R150_C034,150,34,678250,9576250,500,4000,2020,12,2020-12,24,25.79,51.56,69.33,7.3088,25.0,5.0,30.0,1,0.625,1.6468,1
LJ500_R150_C035,150,35,678750,9576250,1000,4000,2020,12,2020-12,24,25.79,51.56,69.33,7.3088,25.0,5.0,30.0,1,0.4664,1.2008,1
LJ500_R150_C036,150,36,679250,9576250,1500,4000,2020,12,2020-12,24,25.79,51.56,69.33,7.3088,25.0,5.0,30.0,1,0.4373,1.1189,1
LJ500_R150_C037,150,37,679750,9576250,2000,4000,2020,12,2020-12,24,25.79,51.56,69.33,7.3088,25.0,5.0,30.0,1,0.5369,1.3564,1
LJ500_R150_C038,150,38,680250,9576250,2500,4000,2020,12,2020-12,24,25.79,51.56,69.33,7.3088,25.0,5.0,30.0,1,0.5255,1.3214,1
LJ500_R150_C039,150,39,680750,9576250,3000,4000,2020,12,2020-12,24,25.79,51.56,69.33,7.3088,25.0,5.0,30.0,1,0.451,1.0952,1
LJ500_R150_C040,150,40,681250,9576250,3500,4000,2020,12,2020-12,24,25.79,51.56,69.33,7.3088,25.0,5.0,30.0,1,0.4175,0.9904,1
LJ500_R150_C041,150,41,681750,9576250,4000,4000,2020,12,2020-12,24,25.79,51.56,69.33,7.3088,25.0,5.0,30.0,1,0.3346,0.7321,1
LJ500_R150_C042,150,42,682250,9576250,4500,4000,2020,12,2020-12,24,25.79,51.56,69.33,7.3088,25.0,5.0,30.0,1,0.3773,0.8525,1
LJ500_R151_C033,151,33,677750,9576750,0,4500,2020,12,2020-12,24,25.95,51.08,68.15,7.0867,24.66,5.337,30.0,1,0.5733,1.4927,1
LJ500_R151_C034,151,34,678250,9576750,500,4500,2020,12,2020-12,24,25.79,51.56,69.33,7.3088,25.0,5.0,30.0,1,0.6517,1.71,1
LJ500_R151_C035,151,35,678750,9576750,1000,4500,2020,12,2020-12,24,25.79,51.56,69.33,7.3088,25.0,5.0,30.0,1,0.48,1.238,1
LJ500_R151_C036,151,36,679250,9576750,1500,4500,2020,12,2020-12,24,25.79,51.56,69.33,7.3088,25.0,5.0,30.0,1,0.448,1.15,1
LJ500_R151_C037,151,37,679750,9576750,2000,4500,2020,12,2020-12,24,25.79,51.56,69.33,7.3088,25.0,5.0,30.0,1,0.5848,1.4871,1
LJ500_R151_C038,151,38,680250,9576750,2500,4500,2020,12,2020-12,24,25.79,51.56,69.33,7.3088,25.0,5.0,30.0,1,0.5737,1.4549,1
LJ500_R151_C039,151,39,680750,9576750,3000,4500,2020,12,2020-12,24,25.79,51.56,69.33,7.3088,25.0,5.0,30.0,1,0.4987,1.24,1
LJ500_R151_C040,151,40,681250,9576750,3500,4500,2020,12,2020-12,24,25.79,51.56,69.33,7.3088,25.0,5.0,30.0,1,0.4514,1.0925,1
LJ500_R151_C041,151,41,681750,9576750,4000,4500,2020,12,2020-12,24,25.79,51.56,69.33,7.3088,25.0,5.0,30.0,1,0.3353,0.73,1
LJ500_R151_C042,151,42,682250,9576750,4500,4500,2020,12,2020-12,24,25.79,51.56,69.33,7.3088,25.0,5.0,30.0,1,0.3728,0.8351,1
LJ500_R142_C033,142,33,677750,9572250,0,0,2021,1,2021-01,25,32.31,54.34,80.89,8.1535,25.64,5.3598,31.0,1,0.4516,1.2275,1
LJ500_R142_C034,142,34,678250,9572250,500,0,2021,1,2021-01,25,30.89,53.12,80.27,6.5362,25.0,6.0,31.0,1,0.4605,1.2249,1
LJ500_R142_C035,142,35,678750,9572250,1000,0,2021,1,2021-01,25,30.89,53.12,80.27,6.5362,25.0,6.0,31.0,1,0.3303,0.8551,1
LJ500_R142_C036,142,36,679250,9572250,1500,0,2021,1,2021-01,25,30.89,53.12,80.27,6.5362,25.0,6.0,31.0,1,0.3084,0.7923,1
LJ500_R142_C037,142,37,679750,9572250,2000,0,2021,1,2021-01,25,30.89,53.12,80.27,6.5362,25.0,6.0,31.0,1,0.2379,0.5476,1
LJ500_R142_C038,142,38,680250,9572250,2500,0,2021,1,2021-01,25,30.89,53.12,80.27,6.5362,25.0,6.0,31.0,1,0.2737,0.6226,1
LJ500_R142_C039,142,39,680750,9572250,3000,0,2021,1,2021-01,25,30.89,53.12,80.27,6.5362,25.0,6.0,31.0,1,0.4651,1.0231,1
LJ500_R142_C040,142,40,681250,9572250,3500,0,2021,1,2021-01,25,30.89,53.12,80.27,6.5362,25.0,6.0,31.0,1,0.5096,1.0459,1
LJ500_R142_C041,142,41,681750,9572250,4000,0,2021,1,2021-01,25,30.89,53.12,80.27,6.5362,25.0,6.0,31.0,1,0.6103,1.0979,1
LJ500_R142_C042,142,42,682250,9572250,4500,0,2021,1,2021-01,25,30.89,53.12,80.27,6.5362,25.0,6.0,31.0,1,0.617,1.0814,1
LJ500_R143_C033,143,33,677750,9572750,0,500,2021,1,2021-01,25,32.32,54.35,80.9,8.163,25.64,5.3561,31.0,1,0.4008,1.1219,1
LJ500_R143_C034,143,34,678250,9572750,500,500,2021,1,2021-01,25,30.89,53.12,80.27,6.5362,25.0,6.0,31.0,1,0.3658,1.02,1
LJ500_R143_C035,143,35,678750,9572750,1000,500,2021,1,2021-01,25,30.89,53.12,80.27,6.5362,25.0,6.0,31.0,1,0.2698,0.7026,1
LJ500_R143_C036,143,36,679250,9572750,1500,500,2021,1,2021-01,25,30.89,53.12,80.27,6.5362,25.0,6.0,31.0,1,0.2539,0.6496,1
LJ500_R143_C037,143,37,679750,9572750,2000,500,2021,1,2021-01,25,30.89,53.12,80.27,6.5362,25.0,6.0,31.0,1,0.2513,0.59,1
LJ500_R143_C038,143,38,680250,9572750,2500,500,2021,1,2021-01,25,30.89,53.12,80.27,6.5362,25.0,6.0,31.0,1,0.2845,0.66,1
LJ500_R143_C039,143,39,680750,9572750,3000,500,2021,1,2021-01,25,30.89,53.12,80.27,6.5362,25.0,6.0,31.0,1,0.4648,1.04,1
LJ500_R143_C040,143,40,681250,9572750,3500,500,2021,1,2021-01,25,30.89,53.12,80.27,6.5362,25.0,6.0,31.0,1,0.5319,1.1344,1
LJ500_R143_C041,143,41,681750,9572750,4000,500,2021,1,2021-01,25,30.89,53.12,80.27,6.5362,25.0,6.0,31.0,1,0.6852,1.35,1
LJ500_R143_C042,143,42,682250,9572750,4500,500,2021,1,2021-01,25,30.89,53.12,80.27,6.5362,25.0,6.0,31.0,1,0.6938,1.4089,1
LJ500_R144_C033,144,33,677750,9573250,0,1000,2021,1,2021-01,25,32.33,54.35,80.9,8.1726,25.65,5.3523,31.0,1,0.388,1.0952,1
LJ500_R144_C034,144,34,678250,9573250,500,1000,2021,1,2021-01,25,30.89,53.12,80.27,6.5362,25.0,6.0,31.0,1,0.3563,0.9988,1
LJ500_R144_C035,144,35,678750,9573250,1000,1000,2021,1,2021-01,25,30.89,53.12,80.27,6.5362,25.0,6.0,31.0,1,0.2808,0.7368,1
LJ500_R144_C036,144,36,679250,9573250,1500,1000,2021,1,2021-01,25,30.89,53.12,80.27,6.5362,25.0,6.0,31.0,1,0.2682,0.6926,1
LJ500_R144_C037,144,37,679750,9573250,2000,1000,2021,1,2021-01,25,30.89,53.12,80.27,6.5362,25.0,6.0,31.0,1,0.2545,0.6024,1
LJ500_R144_C038,144,38,680250,9573250,2500,1000,2021,1,2021-01,25,30.89,53.12,80.27,6.5362,25.0,6.0,31.0,1,0.282,0.6606,1
LJ500_R144_C039,144,39,680750,9573250,3000,1000,2021,1,2021-01,25,30.89,53.12,80.27,6.5362,25.0,6.0,31.0,1,0.4335,0.9806,1
LJ500_R144_C040,144,40,681250,9573250,3500,1000,2021,1,2021-01,25,30.89,53.12,80.27,6.5362,25.0,6.0,31.0,1,0.5006,1.0664,1
LJ500_R144_C041,144,41,681750,9573250,4000,1000,2021,1,2021-01,25,30.89,53.12,80.27,6.5362,25.0,6.0,31.0,1,0.6557,1.2645,1
LJ500_R144_C042,144,42,682250,9573250,4500,1000,2021,1,2021-01,25,30.89,53.12,80.27,6.5362,25.0,6.0,31.0,1,0.6759,1.3974,1
LJ500_R145_C033,145,33,677750,9573750,0,1500,2021,1,2021-01,25,32.33,54.36,80.9,8.182,25.65,5.3485,31.0,1,0.358,1.0325,1
LJ500_R145_C034,145,34,678250,9573750,500,1500,2021,1,2021-01,25,30.89,53.12,80.27,6.5362,25.0,6.0,31.0,1,0.3345,0.95,1
LJ500_R145_C035,145,35,678750,9573750,1000,1500,2021,1,2021-01,25,30.89,53.12,80.27,6.5362,25.0,6.0,31.0,1,0.3056,0.8133,1
LJ500_R145_C036,145,36,679250,9573750,1500,1500,2021,1,2021-01,25,30.89,53.12,80.27,6.5362,25.0,6.0,31.0,1,0.3005,0.7895,1
LJ500_R145_C037,145,37,679750,9573750,2000,1500,2021,1,2021-01,25,30.89,53.12,80.27,6.5362,25.0,6.0,31.0,1,0.2616,0.63,1
LJ500_R145_C038,145,38,680250,9573750,2500,1500,2021,1,2021-01,25,30.89,53.12,80.27,6.5362,25.0,6.0,31.0,1,0.2772,0.6634,1
LJ500_R145_C039,145,39,680750,9573750,3000,1500,2021,1,2021-01,25,30.89,53.12,80.27,6.5362,25.0,6.0,31.0,1,0.3645,0.85,1
LJ500_R145_C040,145,40,681250,9573750,3500,1500,2021,1,2021-01,25,30.89,53.12,80.27,6.5362,25.0,6.0,31.0,1,0.433,0.9191,1
LJ500_R145_C041,145,41,681750,9573750,4000,1500,2021,1,2021-01,25,30.89,53.12,80.27,6.5362,25.0,6.0,31.0,1,0.5923,1.08,1
LJ500_R145_C042,145,42,682250,9573750,4500,1500,2021,1,2021-01,25,30.89,53.12,80.27,6.5362,25.0,6.0,31.0,1,0.6376,1.3721,1
LJ500_R146_C033,146,33,677750,9574250,0,2000,2021,1,2021-01,25,37.93,61.63,87.57,9.0714,25.52,5.4849,31.0,1,0.4128,1.176,1
LJ500_R146_C034,146,34,678250,9574250,500,2000,2021,1,2021-01,25,37.16,60.92,87.48,7.8766,25.0,6.0,31.0,1,0.4019,1.1249,1
LJ500_R146_C035,146,35,678750,9574250,1000,2000,2021,1,2021-01,25,37.19,60.96,87.51,7.8824,25.0,6.0,31.0,1,0.3474,0.9381,1
LJ500_R146_C036,146,36,679250,9574250,1500,2000,2021,1,2021-01,25,37.22,60.99,87.54,7.8883,25.0,6.0,31.0,1,0.338,0.9059,1
LJ500_R146_C037,146,37,679750,9574250,2000,2000,2021,1,2021-01,25,37.25,61.03,87.57,7.8942,25.0,6.0,31.0,1,0.293,0.7232,1
LJ500_R146_C038,146,38,680250,9574250,2500,2000,2021,1,2021-01,25,37.27,61.06,87.61,7.9002,25.0,6.0,31.0,1,0.2984,0.7286,1
LJ500_R146_C039,146,39,680750,9574250,3000,2000,2021,1,2021-01,25,37.3,61.09,87.64,7.9061,25.0,6.0,31.0,1,0.3275,0.756,1
LJ500_R146_C040,146,40,681250,9574250,3500,2000,2021,1,2021-01,25,37.33,61.13,87.67,7.9121,25.0,6.0,31.0,1,0.3982,0.8469,1
LJ500_R146_C041,146,41,681750,9574250,4000,2000,2021,1,2021-01,25,37.36,61.16,87.7,7.9181,25.0,6.0,31.0,1,0.5644,1.0611,1
LJ500_R146_C042,146,42,682250,9574250,4500,2000,2021,1,2021-01,25,37.39,61.2,87.73,7.924,25.0,6.0,31.0,1,0.6259,1.3284,1
LJ500_R147_C033,147,33,677750,9574750,0,2500,2021,1,2021-01,25,45.4,71.34,96.49,10.25,25.33,5.6705,31.0,1,0.4773,1.3449,1
LJ500_R147_C034,147,34,678250,9574750,500,2500,2021,1,2021-01,25,45.49,71.29,97.05,9.6561,25.0,6.0,31.0,1,0.481,1.33,1
LJ500_R147_C035,147,35,678750,9574750,1000,2500,2021,1,2021-01,25,45.49,71.29,97.05,9.6561,25.0,6.0,31.0,1,0.3962,1.0834,1
LJ500_R147_C036,147,36,679250,9574750,1500,2500,2021,1,2021-01,25,45.49,71.29,97.05,9.6561,25.0,6.0,31.0,1,0.3813,1.04,1
LJ500_R147_C037,147,37,679750,9574750,2000,2500,2021,1,2021-01,25,45.49,71.29,97.05,9.6561,25.0,6.0,31.0,1,0.3291,0.8302,1
LJ500_R147_C038,147,38,680250,9574750,2500,2500,2021,1,2021-01,25,45.49,71.29,97.05,9.6561,25.0,6.0,31.0,1,0.3226,0.8034,1
LJ500_R147_C039,147,39,680750,9574750,3000,2500,2021,1,2021-01,25,45.49,71.29,97.05,9.6561,25.0,6.0,31.0,1,0.2858,0.65,1
LJ500_R147_C040,147,40,681250,9574750,3500,2500,2021,1,2021-01,25,45.49,71.29,97.05,9.6561,25.0,6.0,31.0,1,0.3593,0.7657,1
LJ500_R147_C041,147,41,681750,9574750,4000,2500,2021,1,2021-01,25,45.49,71.29,97.05,9.6561,25.0,6.0,31.0,1,0.5335,1.04,1
LJ500_R147_C042,147,42,682250,9574750,4500,2500,2021,1,2021-01,25,45.49,71.29,97.05,9.6561,25.0,6.0,31.0,1,0.6127,1.2806,1
LJ500_R148_C033,148,33,677750,9575250,0,3000,2021,1,2021-01,25,45.4,71.34,96.48,10.26,25.33,5.6687,31.0,1,0.4687,1.3222,1
LJ500_R148_C034,148,34,678250,9575250,500,3000,2021,1,2021-01,25,45.49,71.29,97.05,9.6561,25.0,6.0,31.0,1,0.4959,1.3609,1
LJ500_R148_C035,148,35,678750,9575250,1000,3000,2021,1,2021-01,25,45.49,71.29,97.05,9.6561,25.0,6.0,31.0,1,0.4143,1.1412,1
LJ500_R148_C036,148,36,679250,9575250,1500,3000,2021,1,2021-01,25,45.49,71.29,97.05,9.6561,25.0,6.0,31.0,1,0.3997,1.1021,1
LJ500_R148_C037,148,37,679750,9575250,2000,3000,2021,1,2021-01,25,45.49,71.29,97.05,9.6561,25.0,6.0,31.0,1,0.3645,0.9426,1
LJ500_R148_C038,148,38,680250,9575250,2500,3000,2021,1,2021-01,25,45.49,71.29,97.05,9.6561,25.0,6.0,31.0,1,0.3549,0.9053,1
LJ500_R148_C039,148,39,680750,9575250,3000,3000,2021,1,2021-01,25,45.49,71.29,97.05,9.6561,25.0,6.0,31.0,1,0.2987,0.6876,1
LJ500_R148_C040,148,40,681250,9575250,3500,3000,2021,1,2021-01,25,45.49,71.29,97.05,9.6561,25.0,6.0,31.0,1,0.3353,0.7471,1
LJ500_R148_C041,148,41,681750,9575250,4000,3000,2021,1,2021-01,25,45.49,71.29,97.05,9.6561,25.0,6.0,31.0,1,0.4223,0.8886,1
LJ500_R148_C042,148,42,682250,9575250,4500,3000,2021,1,2021-01,25,45.49,71.29,97.05,9.6561,25.0,6.0,31.0,1,0.4896,1.0127,1
LJ500_R149_C033,149,33,677750,9575750,0,3500,2021,1,2021-01,25,45.4,71.34,96.48,10.26,25.33,5.6668,31.0,1,0.4631,1.3075,1
LJ500_R149_C034,149,34,678250,9575750,500,3500,2021,1,2021-01,25,45.49,71.29,97.05,9.6561,25.0,6.0,31.0,1,0.5052,1.38,1
LJ500_R149_C035,149,35,678750,9575750,1000,3500,2021,1,2021-01,25,45.49,71.29,97.05,9.6561,25.0,6.0,31.0,1,0.4254,1.1768,1
LJ500_R149_C036,149,36,679250,9575750,1500,3500,2021,1,2021-01,25,45.49,71.29,97.05,9.6561,25.0,6.0,31.0,1,0.411,1.14,1
LJ500_R149_C037,149,37,679750,9575750,2000,3500,2021,1,2021-01,25,45.49,71.29,97.05,9.6561,25.0,6.0,31.0,1,0.3859,1.0106,1
LJ500_R149_C038,149,38,680250,9575750,2500,3500,2021,1,2021-01,25,45.49,71.29,97.05,9.6561,25.0,6.0,31.0,1,0.3744,0.9668,1
LJ500_R149_C039,149,39,680750,9575750,3000,3500,2021,1,2021-01,25,45.49,71.29,97.05,9.6561,25.0,6.0,31.0,1,0.3065,0.71,1
LJ500_R149_C040,149,40,681250,9575750,3500,3500,2021,1,2021-01,25,45.49,71.29,97.05,9.6561,25.0,6.0,31.0,1,0.3213,0.7364,1
LJ500_R149_C041,149,41,681750,9575750,4000,3500,2021,1,2021-01,25,45.49,71.29,97.05,9.6561,25.0,6.0,31.0,1,0.3571,0.8,1
LJ500_R149_C042,149,42,682250,9575750,4500,3500,2021,1,2021-01,25,45.49,71.29,97.05,9.6561,25.0,6.0,31.0,1,0.4179,0.8574,1
LJ500_R150_C033,150,33,677750,9576250,0,4000,2021,1,2021-01,25,45.4,71.34,96.48,10.26,25.34,5.6649,31.0,1,0.5043,1.3836,1
LJ500_R150_C034,150,34,678250,9576250,500,4000,2021,1,2021-01,25,45.49,71.29,97.05,9.6561,25.0,6.0,31.0,1,0.5536,1.4497,1
LJ500_R150_C035,150,35,678750,9576250,1000,4000,2021,1,2021-01,25,45.49,71.29,97.05,9.6561,25.0,6.0,31.0,1,0.4551,1.2406,1
LJ500_R150_C036,150,36,679250,9576250,1500,4000,2021,1,2021-01,25,45.49,71.29,97.05,9.6561,25.0,6.0,31.0,1,0.4371,1.2023,1
LJ500_R150_C037,150,37,679750,9576250,2000,4000,2021,1,2021-01,25,45.49,71.29,97.05,9.6561,25.0,6.0,31.0,1,0.5096,1.205,1
LJ500_R150_C038,150,38,680250,9576250,2500,4000,2021,1,2021-01,25,45.49,71.29,97.05,9.6561,25.0,6.0,31.0,1,0.5021,1.1806,1
LJ500_R150_C039,150,39,680750,9576250,3000,4000,2021,1,2021-01,25,45.49,71.29,97.05,9.6561,25.0,6.0,31.0,1,0.4521,1.0314,1
LJ500_R150_C040,150,40,681250,9576250,3500,4000,2021,1,2021-01,25,45.49,71.29,97.05,9.6561,25.0,6.0,31.0,1,0.4241,0.9646,1
LJ500_R150_C041,150,41,681750,9576250,4000,4000,2021,1,2021-01,25,45.49,71.29,97.05,9.6561,25.0,6.0,31.0,1,0.3551,0.8,1
LJ500_R150_C042,150,42,682250,9576250,4500,4000,2021,1,2021-01,25,45.49,71.29,97.05,9.6561,25.0,6.0,31.0,1,0.3961,0.8433,1
LJ500_R151_C033,151,33,677750,9576750,0,4500,2021,1,2021-01,25,45.4,71.34,96.48,10.27,25.34,5.663,31.0,1,0.5161,1.4057,1
LJ500_R151_C034,151,34,678250,9576750,500,4500,2021,1,2021-01,25,45.49,71.29,97.05,9.6561,25.0,6.0,31.0,1,0.5677,1.47,1
LJ500_R151_C035,151,35,678750,9576750,1000,4500,2021,1,2021-01,25,45.49,71.29,97.05,9.6561,25.0,6.0,31.0,1,0.4639,1.2593,1
LJ500_R151_C036,151,36,679250,9576750,1500,4500,2021,1,2021-01,25,45.49,71.29,97.05,9.6561,25.0,6.0,31.0,1,0.4445,1.22,1
LJ500_R151_C037,151,37,679750,9576750,2000,4500,2021,1,2021-01,25,45.49,71.29,97.05,9.6561,25.0,6.0,31.0,1,0.5443,1.2597,1
LJ500_R151_C038,151,38,680250,9576750,2500,4500,2021,1,2021-01,25,45.49,71.29,97.05,9.6561,25.0,6.0,31.0,1,0.5377,1.2404,1
LJ500_R151_C039,151,39,680750,9576750,3000,4500,2021,1,2021-01,25,45.49,71.29,97.05,9.6561,25.0,6.0,31.0,1,0.4923,1.12,1
LJ500_R151_C040,151,40,681250,9576750,3500,4500,2021,1,2021-01,25,45.49,71.29,97.05,9.6561,25.0,6.0,31.0,1,0.4524,1.0275,1
LJ500_R151_C041,151,41,681750,9576750,4000,4500,2021,1,2021-01,25,45.49,71.29,97.05,9.6561,25.0,6.0,31.0,1,0.3545,0.8,1
LJ500_R151_C042,151,42,682250,9576750,4500,4500,2021,1,2021-01,25,45.49,71.29,97.05,9.6561,25.0,6.0,31.0,1,0.3903,0.8394,1
LJ500_R142_C033,142,33,677750,9572250,0,0,2021,2,2021-02,26,22.79,55.1,77.13,8.1846,27.68,3.3201,31.0,1,0.4597,0.8342,1
LJ500_R142_C034,142,34,678250,9572250,500,0,2021,2,2021-02,26,22.57,53.46,75.68,8.7375,28.0,3.0,31.0,1,0.4638,0.8368,1
LJ500_R142_C035,142,35,678750,9572250,1000,0,2021,2,2021-02,26,22.57,53.46,75.68,8.7375,28.0,3.0,31.0,1,0.3915,0.7188,1
LJ500_R142_C036,142,36,679250,9572250,1500,0,2021,2,2021-02,26,22.57,53.46,75.68,8.7375,28.0,3.0,31.0,1,0.3794,0.6986,1
LJ500_R142_C037,142,37,679750,9572250,2000,0,2021,2,2021-02,26,22.57,53.46,75.68,8.7375,28.0,3.0,31.0,1,0.3479,0.603,1
LJ500_R142_C038,142,38,680250,9572250,2500,0,2021,2,2021-02,26,22.57,53.46,75.68,8.7375,28.0,3.0,31.0,1,0.3664,0.6388,1
LJ500_R142_C039,142,39,680750,9572250,3000,0,2021,2,2021-02,26,22.57,53.46,75.68,8.7375,28.0,3.0,31.0,1,0.4653,0.83,1
LJ500_R142_C040,142,40,681250,9572250,3500,0,2021,2,2021-02,26,22.57,53.46,75.68,8.7375,28.0,3.0,31.0,1,0.5031,0.8742,1
LJ500_R142_C041,142,41,681750,9572250,4000,0,2021,2,2021-02,26,22.57,53.46,75.68,8.7375,28.0,3.0,31.0,1,0.5888,0.9744,1
LJ500_R142_C042,142,42,682250,9572250,4500,0,2021,2,2021-02,26,22.57,53.46,75.68,8.7375,28.0,3.0,31.0,1,0.5958,0.9798,1
LJ500_R143_C033,143,33,677750,9572750,0,500,2021,2,2021-02,26,22.79,55.11,77.14,8.1814,27.68,3.322,31.0,1,0.4247,0.792,1
LJ500_R143_C034,143,34,678250,9572750,500,500,2021,2,2021-02,26,22.57,53.46,75.68,8.7375,28.0,3.0,31.0,1,0.4048,0.76,1
LJ500_R143_C035,143,35,678750,9572750,1000,500,2021,2,2021-02,26,22.57,53.46,75.68,8.7375,28.0,3.0,31.0,1,0.3708,0.6571,1
LJ500_R143_C036,143,36,679250,9572750,1500,500,2021,2,2021-02,26,22.57,53.46,75.68,8.7375,28.0,3.0,31.0,1,0.3651,0.6399,1
LJ500_R143_C037,143,37,679750,9572750,2000,500,2021,2,2021-02,26,22.57,53.46,75.68,8.7375,28.0,3.0,31.0,1,0.3487,0.62,1
LJ500_R143_C038,143,38,680250,9572750,2500,500,2021,2,2021-02,26,22.57,53.46,75.68,8.7375,28.0,3.0,31.0,1,0.3659,0.6527,1
LJ500_R143_C039,143,39,680750,9572750,3000,500,2021,2,2021-02,26,22.57,53.46,75.68,8.7375,28.0,3.0,31.0,1,0.4594,0.83,1
LJ500_R143_C040,143,40,681250,9572750,3500,500,2021,2,2021-02,26,22.57,53.46,75.68,8.7375,28.0,3.0,31.0,1,0.5108,0.897,1
LJ500_R143_C041,143,41,681750,9572750,4000,500,2021,2,2021-02,26,22.57,53.46,75.68,8.7375,28.0,3.0,31.0,1,0.6284,1.05,1
LJ500_R143_C042,143,42,682250,9572750,4500,500,2021,2,2021-02,26,22.57,53.46,75.68,8.7375,28.0,3.0,31.0,1,0.6277,1.0591,1
LJ500_R144_C033,144,33,677750,9573250,0,1000,2021,2,2021-02,26,22.79,55.12,77.15,8.1781,27.68,3.3238,31.0,1,0.4165,0.7796,1
LJ500_R144_C034,144,34,678250,9573250,500,1000,2021,2,2021-02,26,22.57,53.46,75.68,8.7375,28.0,3.0,31.0,1,0.3989,0.7509,1
LJ500_R144_C035,144,35,678750,9573250,1000,1000,2021,2,2021-02,26,22.57,53.46,75.68,8.7375,28.0,3.0,31.0,1,0.3707,0.6664,1
LJ500_R144_C036,144,36,679250,9573250,1500,1000,2021,2,2021-02,26,22.57,53.46,75.68,8.7375,28.0,3.0,31.0,1,0.3659,0.6522,1
LJ500_R144_C037,144,37,679750,9573250,2000,1000,2021,2,2021-02,26,22.57,53.46,75.68,8.7375,28.0,3.0,31.0,1,0.3488,0.6231,1
LJ500_R144_C038,144,38,680250,9573250,2500,1000,2021,2,2021-02,26,22.57,53.46,75.68,8.7375,28.0,3.0,31.0,1,0.362,0.6501,1
LJ500_R144_C039,144,39,680750,9573250,3000,1000,2021,2,2021-02,26,22.57,53.46,75.68,8.7375,28.0,3.0,31.0,1,0.4345,0.7987,1
LJ500_R144_C040,144,40,681250,9573250,3500,1000,2021,2,2021-02,26,22.57,53.46,75.68,8.7375,28.0,3.0,31.0,1,0.487,0.8651,1
LJ500_R144_C041,144,41,681750,9573250,4000,1000,2021,2,2021-02,26,22.57,53.46,75.68,8.7375,28.0,3.0,31.0,1,0.6084,1.0183,1
LJ500_R144_C042,144,42,682250,9573250,4500,1000,2021,2,2021-02,26,22.57,53.46,75.68,8.7375,28.0,3.0,31.0,1,0.611,1.0358,1
LJ500_R145_C033,145,33,677750,9573750,0,1500,2021,2,2021-02,26,22.8,55.13,77.16,8.1749,27.67,3.3257,31.0,1,0.397,0.7506,1
LJ500_R145_C034,145,34,678250,9573750,500,1500,2021,2,2021-02,26,22.57,53.46,75.68,8.7375,28.0,3.0,31.0,1,0.3852,0.73,1
LJ500_R145_C035,145,35,678750,9573750,1000,1500,2021,2,2021-02,26,22.57,53.46,75.68,8.7375,28.0,3.0,31.0,1,0.3703,0.6873,1
LJ500_R145_C036,145,36,679250,9573750,1500,1500,2021,2,2021-02,26,22.57,53.46,75.68,8.7375,28.0,3.0,31.0,1,0.3677,0.6799,1
LJ500_R145_C037,145,37,679750,9573750,2000,1500,2021,2,2021-02,26,22.57,53.46,75.68,8.7375,28.0,3.0,31.0,1,0.349,0.63,1
LJ500_R145_C038,145,38,680250,9573750,2500,1500,2021,2,2021-02,26,22.57,53.46,75.68,8.7375,28.0,3.0,31.0,1,0.3537,0.6452,1
LJ500_R145_C039,145,39,680750,9573750,3000,1500,2021,2,2021-02,26,22.57,53.46,75.68,8.7375,28.0,3.0,31.0,1,0.38,0.73,1
LJ500_R145_C040,145,40,681250,9573750,3500,1500,2021,2,2021-02,26,22.57,53.46,75.68,8.7375,28.0,3.0,31.0,1,0.4357,0.7961,1
LJ500_R145_C041,145,41,681750,9573750,4000,1500,2021,2,2021-02,26,22.57,53.46,75.68,8.7375,28.0,3.0,31.0,1,0.5652,0.95,1
LJ500_R145_C042,145,42,682250,9573750,4500,1500,2021,2,2021-02,26,22.57,53.46,75.68,8.7375,28.0,3.0,31.0,1,0.5755,0.986,1
LJ500_R146_C033,146,33,677750,9574250,0,2000,2021,2,2021-02,26,26.01,63.93,87.63,8.5846,27.38,3.6152,31.0,1,0.4221,0.7963,1
LJ500_R146_C034,146,34,678250,9574250,500,2000,2021,2,2021-02,26,26.65,63.82,87.58,9.1579,27.57,3.4296,31.0,1,0.4166,0.7852,1
LJ500_R146_C035,146,35,678750,9574250,1000,2000,2021,2,2021-02,26,26.67,63.86,87.63,9.1597,27.57,3.4315,31.0,1,0.3847,0.7271,1
LJ500_R146_C036,146,36,679250,9574250,1500,2000,2021,2,2021-02,26,26.69,63.91,87.68,9.1616,27.57,3.4334,31.0,1,0.3791,0.7171,1
LJ500_R146_C037,146,37,679750,9574250,2000,2000,2021,2,2021-02,26,26.71,63.95,87.73,9.1634,27.56,3.4353,31.0,1,0.3558,0.6626,1
LJ500_R146_C038,146,38,680250,9574250,2500,2000,2021,2,2021-02,26,26.72,64.0,87.78,9.1653,27.56,3.4372,31.0,1,0.3566,0.6665,1
LJ500_R146_C039,146,39,680750,9574250,3000,2000,2021,2,2021-02,26,26.74,64.04,87.84,9.1671,27.56,3.4391,31.0,1,0.3609,0.6877,1
LJ500_R146_C040,146,40,681250,9574250,3500,2000,2021,2,2021-02,26,26.76,64.09,87.89,9.169,27.56,3.441,31.0,1,0.4139,0.7575,1
LJ500_R146_C041,146,41,681750,9574250,4000,2000,2021,2,2021-02,26,26.78,64.14,87.94,9.1709,27.56,3.4429,31.0,1,0.5386,0.9216,1
LJ500_R146_C042,146,42,682250,9574250,4500,2000,2021,2,2021-02,26,26.8,64.18,88.0,9.1728,27.56,3.4448,31.0,1,0.5685,0.9785,1
LJ500_R147_C033,147,33,677750,9574750,0,2500,2021,2,2021-02,26,30.29,75.69,101.63,9.1337,27.0,4.0,31.0,1,0.4515,0.85,1
LJ500_R147_C034,147,34,678250,9574750,500,2500,2021,2,2021-02,26,32.08,77.57,103.37,9.716,27.0,4.0,31.0,1,0.4535,0.85,1
LJ500_R147_C035,147,35,678750,9574750,1000,2500,2021,2,2021-02,26,32.08,77.57,103.37,9.716,27.0,4.0,31.0,1,0.4014,0.7735,1
LJ500_R147_C036,147,36,679250,9574750,1500,2500,2021,2,2021-02,26,32.08,77.57,103.37,9.716,27.0,4.0,31.0,1,0.3923,0.76,1
LJ500_R147_C037,147,37,679750,9574750,2000,2500,2021,2,2021-02,26,32.08,77.57,103.37,9.716,27.0,4.0,31.0,1,0.3636,0.7001,1
LJ500_R147_C038,147,38,680250,9574750,2500,2500,2021,2,2021-02,26,32.08,77.57,103.37,9.716,27.0,4.0,31.0,1,0.36,0.6911,1
LJ500_R147_C039,147,39,680750,9574750,3000,2500,2021,2,2021-02,26,32.08,77.57,103.37,9.716,27.0,4.0,31.0,1,0.3394,0.64,1
LJ500_R147_C040,147,40,681250,9574750,3500,2500,2021,2,2021-02,26,32.08,77.57,103.37,9.716,27.0,4.0,31.0,1,0.3897,0.7142,1
LJ500_R147_C041,147,41,681750,9574750,4000,2500,2021,2,2021-02,26,32.08,77.57,103.37,9.716,27.0,4.0,31.0,1,0.509,0.89,1
LJ500_R147_C042,147,42,682250,9574750,4500,2500,2021,2,2021-02,26,32.08,77.57,103.37,9.716,27.0,4.0,31.0,1,0.5606,0.9702,1
LJ500_R148_C033,148,33,677750,9575250,0,3000,2021,2,2021-02,26,30.28,75.68,101.62,9.1304,27.0,4.0,31.0,1,0.4451,0.8401,1
LJ500_R148_C034,148,34,678250,9575250,500,3000,2021,2,2021-02,26,32.08,77.57,103.37,9.716,27.0,4.0,31.0,1,0.4595,0.8623,1
LJ500_R148_C035,148,35,678750,9575250,1000,3000,2021,2,2021-02,26,32.08,77.57,103.37,9.716,27.0,4.0,31.0,1,0.4079,0.786,1
LJ500_R148_C036,148,36,679250,9575250,1500,3000,2021,2,2021-02,26,32.08,77.57,103.37,9.716,27.0,4.0,31.0,1,0.3987,0.7724,1
LJ500_R148_C037,148,37,679750,9575250,2000,3000,2021,2,2021-02,26,32.08,77.57,103.37,9.716,27.0,4.0,31.0,1,0.3761,0.7313,1
LJ500_R148_C038,148,38,680250,9575250,2500,3000,2021,2,2021-02,26,32.08,77.57,103.37,9.716,27.0,4.0,31.0,1,0.3712,0.7198,1
LJ500_R148_C039,148,39,680750,9575250,3000,3000,2021,2,2021-02,26,32.08,77.57,103.37,9.716,27.0,4.0,31.0,1,0.3426,0.6525,1
LJ500_R148_C040,148,40,681250,9575250,3500,3000,2021,2,2021-02,26,32.08,77.57,103.37,9.716,27.0,4.0,31.0,1,0.3645,0.6892,1
LJ500_R148_C041,148,41,681750,9575250,4000,3000,2021,2,2021-02,26,32.08,77.57,103.37,9.716,27.0,4.0,31.0,1,0.4167,0.7765,1
LJ500_R148_C042,148,42,682250,9575250,4500,3000,2021,2,2021-02,26,32.08,77.57,103.37,9.716,27.0,4.0,31.0,1,0.4663,0.842,1
LJ500_R149_C033,149,33,677750,9575750,0,3500,2021,2,2021-02,26,30.27,75.67,101.61,9.1271,27.0,4.0,31.0,1,0.441,0.8337,1
LJ500_R149_C034,149,34,678250,9575750,500,3500,2021,2,2021-02,26,32.08,77.57,103.37,9.716,27.0,4.0,31.0,1,0.4632,0.87,1
LJ500_R149_C035,149,35,678750,9575750,1000,3500,2021,2,2021-02,26,32.08,77.57,103.37,9.716,27.0,4.0,31.0,1,0.4119,0.7938,1
LJ500_R149_C036,149,36,679250,9575750,1500,3500,2021,2,2021-02,26,32.08,77.57,103.37,9.716,27.0,4.0,31.0,1,0.4026,0.78,1
LJ500_R149_C037,149,37,679750,9575750,2000,3500,2021,2,2021-02,26,32.08,77.57,103.37,9.716,27.0,4.0,31.0,1,0.3836,0.7501,1
LJ500_R149_C038,149,38,680250,9575750,2500,3500,2021,2,2021-02,26,32.08,77.57,103.37,9.716,27.0,4.0,31.0,1,0.3779,0.737,1
LJ500_R149_C039,149,39,680750,9575750,3000,3500,2021,2,2021-02,26,32.08,77.57,103.37,9.716,27.0,4.0,31.0,1,0.3445,0.66,1
LJ500_R149_C040,149,40,681250,9575750,3500,3500,2021,2,2021-02,26,32.08,77.57,103.37,9.716,27.0,4.0,31.0,1,0.3498,0.6746,1
LJ500_R149_C041,149,41,681750,9575750,4000,3500,2021,2,2021-02,26,32.08,77.57,103.37,9.716,27.0,4.0,31.0,1,0.3626,0.71,1
LJ500_R149_C042,149,42,682250,9575750,4500,3500,2021,2,2021-02,26,32.08,77.57,103.37,9.716,27.0,4.0,31.0,1,0.4115,0.7674,1
LJ500_R150_C033,150,33,677750,9576250,0,4000,2021,2,2021-02,26,30.26,75.66,101.6,9.1238,27.0,4.0,31.0,1,0.4622,0.8674,1
LJ500_R150_C034,150,34,678250,9576250,500,4000,2021,2,2021-02,26,32.08,77.57,103.37,9.716,27.0,4.0,31.0,1,0.4925,0.9087,1
LJ500_R150_C035,150,35,678750,9576250,1000,4000,2021,2,2021-02,26,32.08,77.57,103.37,9.716,27.0,4.0,31.0,1,0.4242,0.8131,1
LJ500_R150_C036,150,36,679250,9576250,1500,4000,2021,2,2021-02,26,32.08,77.57,103.37,9.716,27.0,4.0,31.0,1,0.4116,0.7956,1
LJ500_R150_C037,150,37,679750,9576250,2000,4000,2021,2,2021-02,26,32.08,77.57,103.37,9.716,27.0,4.0,31.0,1,0.4695,0.8588,1
LJ500_R150_C038,150,38,680250,9576250,2500,4000,2021,2,2021-02,26,32.08,77.57,103.37,9.716,27.0,4.0,31.0,1,0.4646,0.8511,1
LJ500_R150_C039,150,39,680750,9576250,3000,4000,2021,2,2021-02,26,32.08,77.57,103.37,9.716,27.0,4.0,31.0,1,0.4318,0.8011,1
LJ500_R150_C040,150,40,681250,9576250,3500,4000,2021,2,2021-02,26,32.08,77.57,103.37,9.716,27.0,4.0,31.0,1,0.4101,0.7725,1
LJ500_R150_C041,150,41,681750,9576250,4000,4000,2021,2,2021-02,26,32.08,77.57,103.37,9.716,27.0,4.0,31.0,1,0.357,0.7021,1
LJ500_R150_C042,150,42,682250,9576250,4500,4000,2021,2,2021-02,26,32.08,77.57,103.37,9.716,27.0,4.0,31.0,1,0.3883,0.7419,1
LJ500_R151_C033,151,33,677750,9576750,0,4500,2021,2,2021-02,26,30.25,75.65,101.59,9.1205,27.0,4.0,31.0,1,0.4683,0.8772,1
LJ500_R151_C034,151,34,678250,9576750,500,4500,2021,2,2021-02,26,32.08,77.57,103.37,9.716,27.0,4.0,31.0,1,0.501,0.92,1
LJ500_R151_C035,151,35,678750,9576750,1000,4500,2021,2,2021-02,26,32.08,77.57,103.37,9.716,27.0,4.0,31.0,1,0.4278,0.8189,1
LJ500_R151_C036,151,36,679250,9576750,1500,4500,2021,2,2021-02,26,32.08,77.57,103.37,9.716,27.0,4.0,31.0,1,0.4142,0.8,1
LJ500_R151_C037,151,37,679750,9576750,2000,4500,2021,2,2021-02,26,32.08,77.57,103.37,9.716,27.0,4.0,31.0,1,0.4935,0.8892,1
LJ500_R151_C038,151,38,680250,9576750,2500,4500,2021,2,2021-02,26,32.08,77.57,103.37,9.716,27.0,4.0,31.0,1,0.4888,0.883,1
LJ500_R151_C039,151,39,680750,9576750,3000,4500,2021,2,2021-02,26,32.08,77.57,103.37,9.716,27.0,4.0,31.0,1,0.4558,0.84,1
LJ500_R151_C040,151,40,681250,9576750,3500,4500,2021,2,2021-02,26,32.08,77.57,103.37,9.716,27.0,4.0,31.0,1,0.4268,0.7995,1
LJ500_R151_C041,151,41,681750,9576750,4000,4500,2021,2,2021-02,26,32.08,77.57,103.37,9.716,27.0,4.0,31.0,1,0.3555,0.7,1
LJ500_R151_C042,151,42,682250,9576750,4500,4500,2021,2,2021-02,26,32.08,77.57,103.37,9.716,27.0,4.0,31.0,1,0.382,0.735,1
LJ500_R142_C033,142,33,677750,9572250,0,0,2021,3,2021-03,27,64.16,86.95,119.26,24.09,24.32,3.6799,28.0,1,0.4486,0.913,1
LJ500_R142_C034,142,34,678250,9572250,500,0,2021,3,2021-03,27,59.55,82.12,113.01,21.36,24.0,4.0,28.0,1,0.4539,0.918,1
LJ500_R142_C035,142,35,678750,9572250,1000,0,2021,3,2021-03,27,59.55,82.12,113.01,21.36,24.0,4.0,28.0,1,0.3552,0.7414,1
LJ500_R142_C036,142,36,679250,9572250,1500,0,2021,3,2021-03,27,59.55,82.12,113.01,21.36,24.0,4.0,28.0,1,0.3386,0.7119,1
LJ500_R142_C037,142,37,679750,9572250,2000,0,2021,3,2021-03,27,59.55,82.12,113.01,21.36,24.0,4.0,28.0,1,0.2942,0.6415,1
LJ500_R142_C038,142,38,680250,9572250,2500,0,2021,3,2021-03,27,59.55,82.12,113.01,21.36,24.0,4.0,28.0,1,0.3178,0.6757,1
LJ500_R142_C039,142,39,680750,9572250,3000,0,2021,3,2021-03,27,59.55,82.12,113.01,21.36,24.0,4.0,28.0,1,0.4443,0.8584,1
LJ500_R142_C040,142,40,681250,9572250,3500,0,2021,3,2021-03,27,59.55,82.12,113.01,21.36,24.0,4.0,28.0,1,0.4843,0.9437,1
LJ500_R142_C041,142,41,681750,9572250,4000,0,2021,3,2021-03,27,59.55,82.12,113.01,21.36,24.0,4.0,28.0,1,0.5752,1.1375,1
LJ500_R142_C042,142,42,682250,9572250,4500,0,2021,3,2021-03,27,59.55,82.12,113.01,21.36,24.0,4.0,28.0,1,0.5808,1.1516,1
LJ500_R143_C033,143,33,677750,9572750,0,500,2021,3,2021-03,27,64.18,86.98,119.29,24.1,24.32,3.678,28.0,1,0.4051,0.8395,1
LJ500_R143_C034,143,34,678250,9572750,500,500,2021,3,2021-03,27,59.55,82.12,113.01,21.36,24.0,4.0,28.0,1,0.3768,0.79,1
LJ500_R143_C035,143,35,678750,9572750,1000,500,2021,3,2021-03,27,59.55,82.12,113.01,21.36,24.0,4.0,28.0,1,0.3189,0.6871,1
LJ500_R143_C036,143,36,679250,9572750,1500,500,2021,3,2021-03,27,59.55,82.12,113.01,21.36,24.0,4.0,28.0,1,0.3092,0.6699,1
LJ500_R143_C037,143,37,679750,9572750,2000,500,2021,3,2021-03,27,59.55,82.12,113.01,21.36,24.0,4.0,28.0,1,0.2996,0.65,1
LJ500_R143_C038,143,38,680250,9572750,2500,500,2021,3,2021-03,27,59.55,82.12,113.01,21.36,24.0,4.0,28.0,1,0.3215,0.6811,1
LJ500_R143_C039,143,39,680750,9572750,3000,500,2021,3,2021-03,27,59.55,82.12,113.01,21.36,24.0,4.0,28.0,1,0.4404,0.85,1
LJ500_R143_C040,143,40,681250,9572750,3500,500,2021,3,2021-03,27,59.55,82.12,113.01,21.36,24.0,4.0,28.0,1,0.5034,1.0296,1
LJ500_R143_C041,143,41,681750,9572750,4000,500,2021,3,2021-03,27,59.55,82.12,113.01,21.36,24.0,4.0,28.0,1,0.6475,1.44,1
LJ500_R143_C042,143,42,682250,9572750,4500,500,2021,3,2021-03,27,59.55,82.12,113.01,21.36,24.0,4.0,28.0,1,0.6549,1.4989,1
LJ500_R144_C033,144,33,677750,9573250,0,1000,2021,3,2021-03,27,64.21,87.01,119.33,24.12,24.32,3.6762,28.0,1,0.3946,0.8224,1
LJ500_R144_C034,144,34,678250,9573250,500,1000,2021,3,2021-03,27,59.55,82.12,113.01,21.36,24.0,4.0,28.0,1,0.3696,0.7779,1
LJ500_R144_C035,144,35,678750,9573250,1000,1000,2021,3,2021-03,27,59.55,82.12,113.01,21.36,24.0,4.0,28.0,1,0.3225,0.6907,1
LJ500_R144_C036,144,36,679250,9573250,1500,1000,2021,3,2021-03,27,59.55,82.12,113.01,21.36,24.0,4.0,28.0,1,0.3146,0.676,1
LJ500_R144_C037,144,37,679750,9573250,2000,1000,2021,3,2021-03,27,59.55,82.12,113.01,21.36,24.0,4.0,28.0,1,0.3003,0.65,1
LJ500_R144_C038,144,38,680250,9573250,2500,1000,2021,3,2021-03,27,59.55,82.12,113.01,21.36,24.0,4.0,28.0,1,0.3177,0.6741,1
LJ500_R144_C039,144,39,680750,9573250,3000,1000,2021,3,2021-03,27,59.55,82.12,113.01,21.36,24.0,4.0,28.0,1,0.4135,0.8062,1
LJ500_R144_C040,144,40,681250,9573250,3500,1000,2021,3,2021-03,27,59.55,82.12,113.01,21.36,24.0,4.0,28.0,1,0.475,0.9625,1
LJ500_R144_C041,144,41,681750,9573250,4000,1000,2021,3,2021-03,27,59.55,82.12,113.01,21.36,24.0,4.0,28.0,1,0.6168,1.3228,1
LJ500_R144_C042,144,42,682250,9573250,4500,1000,2021,3,2021-03,27,59.55,82.12,113.01,21.36,24.0,4.0,28.0,1,0.642,1.4642,1
LJ500_R145_C033,145,33,677750,9573750,0,1500,2021,3,2021-03,27,64.24,87.03,119.37,24.13,24.33,3.6743,28.0,1,0.3702,0.7824,1
LJ500_R145_C034,145,34,678250,9573750,500,1500,2021,3,2021-03,27,59.55,82.12,113.01,21.36,24.0,4.0,28.0,1,0.3532,0.75,1
LJ500_R145_C035,145,35,678750,9573750,1000,1500,2021,3,2021-03,27,59.55,82.12,113.01,21.36,24.0,4.0,28.0,1,0.3306,0.6988,1
LJ500_R145_C036,145,36,679250,9573750,1500,1500,2021,3,2021-03,27,59.55,82.12,113.01,21.36,24.0,4.0,28.0,1,0.3267,0.6899,1
LJ500_R145_C037,145,37,679750,9573750,2000,1500,2021,3,2021-03,27,59.55,82.12,113.01,21.36,24.0,4.0,28.0,1,0.3018,0.65,1
LJ500_R145_C038,145,38,680250,9573750,2500,1500,2021,3,2021-03,27,59.55,82.12,113.01,21.36,24.0,4.0,28.0,1,0.3098,0.6591,1
LJ500_R145_C039,145,39,680750,9573750,3000,1500,2021,3,2021-03,27,59.55,82.12,113.01,21.36,24.0,4.0,28.0,1,0.3546,0.71,1
LJ500_R145_C040,145,40,681250,9573750,3500,1500,2021,3,2021-03,27,59.55,82.12,113.01,21.36,24.0,4.0,28.0,1,0.4136,0.8182,1
LJ500_R145_C041,145,41,681750,9573750,4000,1500,2021,3,2021-03,27,59.55,82.12,113.01,21.36,24.0,4.0,28.0,1,0.5507,1.07,1
LJ500_R145_C042,145,42,682250,9573750,4500,1500,2021,3,2021-03,27,59.55,82.12,113.01,21.36,24.0,4.0,28.0,1,0.614,1.3891,1
LJ500_R146_C033,146,33,677750,9574250,0,2000,2021,3,2021-03,27,71.78,97.79,135.72,27.21,24.62,3.3848,28.0,1,0.4076,0.8378,1
LJ500_R146_C034,146,34,678250,9574250,500,2000,2021,3,2021-03,27,67.46,94.11,131.27,24.68,24.43,3.5704,28.0,1,0.3993,0.8191,1
LJ500_R146_C035,146,35,678750,9574250,1000,2000,2021,3,2021-03,27,67.49,94.16,131.35,24.69,24.43,3.5685,28.0,1,0.355,0.7406,1
LJ500_R146_C036,146,36,679250,9574250,1500,2000,2021,3,2021-03,27,67.52,94.21,131.43,24.71,24.43,3.5666,28.0,1,0.3473,0.7271,1
LJ500_R146_C037,146,37,679750,9574250,2000,2000,2021,3,2021-03,27,67.56,94.27,131.51,24.72,24.44,3.5647,28.0,1,0.3164,0.6686,1
LJ500_R146_C038,146,38,680250,9574250,2500,2000,2021,3,2021-03,27,67.59,94.32,131.59,24.74,24.44,3.5628,28.0,1,0.3186,0.6693,1
LJ500_R146_C039,146,39,680750,9574250,3000,2000,2021,3,2021-03,27,67.63,94.37,131.67,24.75,24.44,3.5609,28.0,1,0.3306,0.6724,1
LJ500_R146_C040,146,40,681250,9574250,3500,2000,2021,3,2021-03,27,67.66,94.43,131.76,24.77,24.44,3.559,28.0,1,0.3883,0.7727,1
LJ500_R146_C041,146,41,681750,9574250,4000,2000,2021,3,2021-03,27,67.7,94.48,131.84,24.78,24.44,3.5571,28.0,1,0.5238,1.0084,1
LJ500_R146_C042,146,42,682250,9574250,4500,2000,2021,3,2021-03,27,67.74,94.53,131.92,24.8,24.44,3.5552,28.0,1,0.5939,1.3131,1
LJ500_R147_C033,147,33,677750,9574750,0,2500,2021,3,2021-03,27,81.87,112.15,157.55,31.31,25.0,3.0,28.0,1,0.4516,0.903,1
LJ500_R147_C034,147,34,678250,9574750,500,2500,2021,3,2021-03,27,77.95,110.03,155.52,29.09,25.0,3.0,28.0,1,0.4532,0.9,1
LJ500_R147_C035,147,35,678750,9574750,1000,2500,2021,3,2021-03,27,77.95,110.03,155.52,29.09,25.0,3.0,28.0,1,0.3834,0.7895,1
LJ500_R147_C036,147,36,679250,9574750,1500,2500,2021,3,2021-03,27,77.95,110.03,155.52,29.09,25.0,3.0,28.0,1,0.3711,0.77,1
LJ500_R147_C037,147,37,679750,9574750,2000,2500,2021,3,2021-03,27,77.95,110.03,155.52,29.09,25.0,3.0,28.0,1,0.3332,0.6901,1
LJ500_R147_C038,147,38,680250,9574750,2500,2500,2021,3,2021-03,27,77.95,110.03,155.52,29.09,25.0,3.0,28.0,1,0.3288,0.6811,1
LJ500_R147_C039,147,39,680750,9574750,3000,2500,2021,3,2021-03,27,77.95,110.03,155.52,29.09,25.0,3.0,28.0,1,0.3036,0.63,1
LJ500_R147_C040,147,40,681250,9574750,3500,2500,2021,3,2021-03,27,77.95,110.03,155.52,29.09,25.0,3.0,28.0,1,0.3601,0.722,1
LJ500_R147_C041,147,41,681750,9574750,4000,2500,2021,3,2021-03,27,77.95,110.03,155.52,29.09,25.0,3.0,28.0,1,0.4939,0.94,1
LJ500_R147_C042,147,42,682250,9574750,4500,2500,2021,3,2021-03,27,77.95,110.03,155.52,29.09,25.0,3.0,28.0,1,0.5717,1.2296,1
LJ500_R148_C033,148,33,677750,9575250,0,3000,2021,3,2021-03,27,81.89,112.17,157.57,31.32,25.0,3.0,28.0,1,0.4441,0.8962,1
LJ500_R148_C034,148,34,678250,9575250,500,3000,2021,3,2021-03,27,77.95,110.03,155.52,29.09,25.0,3.0,28.0,1,0.464,0.9247,1
LJ500_R148_C035,148,35,678750,9575250,1000,3000,2021,3,2021-03,27,77.95,110.03,155.52,29.09,25.0,3.0,28.0,1,0.3936,0.804,1
LJ500_R148_C036,148,36,679250,9575250,1500,3000,2021,3,2021-03,27,77.95,110.03,155.52,29.09,25.0,3.0,28.0,1,0.3811,0.7824,1
LJ500_R148_C037,148,37,679750,9575250,2000,3000,2021,3,2021-03,27,77.95,110.03,155.52,29.09,25.0,3.0,28.0,1,0.3529,0.7213,1
LJ500_R148_C038,148,38,680250,9575250,2500,3000,2021,3,2021-03,27,77.95,110.03,155.52,29.09,25.0,3.0,28.0,1,0.3463,0.7088,1
LJ500_R148_C039,148,39,680750,9575250,3000,3000,2021,3,2021-03,27,77.95,110.03,155.52,29.09,25.0,3.0,28.0,1,0.308,0.6363,1
LJ500_R148_C040,148,40,681250,9575250,3500,3000,2021,3,2021-03,27,77.95,110.03,155.52,29.09,25.0,3.0,28.0,1,0.3338,0.6758,1
LJ500_R148_C041,148,41,681750,9575250,4000,3000,2021,3,2021-03,27,77.95,110.03,155.52,29.09,25.0,3.0,28.0,1,0.395,0.7697,1
LJ500_R148_C042,148,42,682250,9575250,4500,3000,2021,3,2021-03,27,77.95,110.03,155.52,29.09,25.0,3.0,28.0,1,0.4552,0.9228,1
LJ500_R149_C033,149,33,677750,9575750,0,3500,2021,3,2021-03,27,81.91,112.18,157.58,31.33,25.0,3.0,28.0,1,0.4393,0.8916,1
LJ500_R149_C034,149,34,678250,9575750,500,3500,2021,3,2021-03,27,77.95,110.03,155.52,29.09,25.0,3.0,28.0,1,0.4707,0.94,1
LJ500_R149_C035,149,35,678750,9575750,1000,3500,2021,3,2021-03,27,77.95,110.03,155.52,29.09,25.0,3.0,28.0,1,0.4,0.813,1
LJ500_R149_C036,149,36,679250,9575750,1500,3500,2021,3,2021-03,27,77.95,110.03,155.52,29.09,25.0,3.0,28.0,1,0.3871,0.79,1
LJ500_R149_C037,149,37,679750,9575750,2000,3500,2021,3,2021-03,27,77.95,110.03,155.52,29.09,25.0,3.0,28.0,1,0.3647,0.7402,1
LJ500_R149_C038,149,38,680250,9575750,2500,3500,2021,3,2021-03,27,77.95,110.03,155.52,29.09,25.0,3.0,28.0,1,0.3569,0.7256,1
LJ500_R149_C039,149,39,680750,9575750,3000,3500,2021,3,2021-03,27,77.95,110.03,155.52,29.09,25.0,3.0,28.0,1,0.3107,0.64,1
LJ500_R149_C040,149,40,681250,9575750,3500,3500,2021,3,2021-03,27,77.95,110.03,155.52,29.09,25.0,3.0,28.0,1,0.3185,0.6488,1
LJ500_R149_C041,149,41,681750,9575750,4000,3500,2021,3,2021-03,27,77.95,110.03,155.52,29.09,25.0,3.0,28.0,1,0.3371,0.67,1
LJ500_R149_C042,149,42,682250,9575750,4500,3500,2021,3,2021-03,27,77.95,110.03,155.52,29.09,25.0,3.0,28.0,1,0.3875,0.7451,1
LJ500_R150_C033,150,33,677750,9576250,0,4000,2021,3,2021-03,27,81.93,112.19,157.59,31.35,25.0,3.0,28.0,1,0.4726,0.979,1
LJ500_R150_C034,150,34,678250,9576250,500,4000,2021,3,2021-03,27,77.95,110.03,155.52,29.09,25.0,3.0,28.0,1,0.5141,1.0562,1
LJ500_R150_C035,150,35,678750,9576250,1000,4000,2021,3,2021-03,27,77.95,110.03,155.52,29.09,25.0,3.0,28.0,1,0.42,0.8511,1
LJ500_R150_C036,150,36,679250,9576250,1500,4000,2021,3,2021-03,27,77.95,110.03,155.52,29.09,25.0,3.0,28.0,1,0.4027,0.8133,1
LJ500_R150_C037,150,37,679750,9576250,2000,4000,2021,3,2021-03,27,77.95,110.03,155.52,29.09,25.0,3.0,28.0,1,0.4665,0.9419,1
LJ500_R150_C038,150,38,680250,9576250,2500,4000,2021,3,2021-03,27,77.95,110.03,155.52,29.09,25.0,3.0,28.0,1,0.4599,0.9246,1
LJ500_R150_C039,150,39,680750,9576250,3000,4000,2021,3,2021-03,27,77.95,110.03,155.52,29.09,25.0,3.0,28.0,1,0.4163,0.8125,1
LJ500_R150_C040,150,40,681250,9576250,3500,4000,2021,3,2021-03,27,77.95,110.03,155.52,29.09,25.0,3.0,28.0,1,0.3923,0.769,1
LJ500_R150_C041,150,41,681750,9576250,4000,4000,2021,3,2021-03,27,77.95,110.03,155.52,29.09,25.0,3.0,28.0,1,0.3332,0.6621,1
LJ500_R150_C042,150,42,682250,9576250,4500,4000,2021,3,2021-03,27,77.95,110.03,155.52,29.09,25.0,3.0,28.0,1,0.3653,0.7056,1
LJ500_R151_C033,151,33,677750,9576750,0,4500,2021,3,2021-03,27,81.96,112.2,157.6,31.36,25.0,3.0,28.0,1,0.4822,1.0043,1
LJ500_R151_C034,151,34,678250,9576750,500,4500,2021,3,2021-03,27,77.95,110.03,155.52,29.09,25.0,3.0,28.0,1,0.5268,1.09,1
LJ500_R151_C035,151,35,678750,9576750,1000,4500,2021,3,2021-03,27,77.95,110.03,155.52,29.09,25.0,3.0,28.0,1,0.426,0.8624,1
LJ500_R151_C036,151,36,679250,9576750,1500,4500,2021,3,2021-03,27,77.95,110.03,155.52,29.09,25.0,3.0,28.0,1,0.4071,0.82,1
LJ500_R151_C037,151,37,679750,9576750,2000,4500,2021,3,2021-03,27,77.95,110.03,155.52,29.09,25.0,3.0,28.0,1,0.495,0.9985,1
LJ500_R151_C038,151,38,680250,9576750,2500,4500,2021,3,2021-03,27,77.95,110.03,155.52,29.09,25.0,3.0,28.0,1,0.4886,0.9804,1
LJ500_R151_C039,151,39,680750,9576750,3000,4500,2021,3,2021-03,27,77.95,110.03,155.52,29.09,25.0,3.0,28.0,1,0.4454,0.86,1
LJ500_R151_C040,151,40,681250,9576750,3500,4500,2021,3,2021-03,27,77.95,110.03,155.52,29.09,25.0,3.0,28.0,1,0.4126,0.8022,1
LJ500_R151_C041,151,41,681750,9576750,4000,4500,2021,3,2021-03,27,77.95,110.03,155.52,29.09,25.0,3.0,28.0,1,0.3321,0.66,1
LJ500_R151_C042,151,42,682250,9576750,4500,4500,2021,3,2021-03,27,77.95,110.03,155.52,29.09,25.0,3.0,28.0,1,0.3594,0.695,1
LJ500_R142_C033,142,33,677750,9572250,0,0,2021,4,2021-04,28,110.75,174.91,197.7,25.61,19.0,12.0,31.0,1,0.2612,0.657,1
LJ500_R142_C034,142,34,678250,9572250,500,0,2021,4,2021-04,28,96.35,155.9,178.47,22.65,19.0,12.0,31.0,1,0.2612,0.6722,1
LJ500_R142_C035,142,35,678750,9572250,1000,0,2021,4,2021-04,28,96.35,155.9,178.47,22.65,19.0,12.0,31.0,1,0.2173,0.4687,1
LJ500_R142_C036,142,36,679250,9572250,1500,0,2021,4,2021-04,28,96.35,155.9,178.47,22.65,19.0,12.0,31.0,1,0.2099,0.435,1
LJ500_R142_C037,142,37,679750,9572250,2000,0,2021,4,2021-04,28,96.35,155.9,178.47,22.65,19.0,12.0,31.0,1,0.188,0.38,1
LJ500_R142_C038,142,38,680250,9572250,2500,0,2021,4,2021-04,28,96.35,155.9,178.47,22.65,19.0,12.0,31.0,1,0.1965,0.4209,1
LJ500_R142_C039,142,39,680750,9572250,3000,0,2021,4,2021-04,28,96.35,155.9,178.47,22.65,19.0,12.0,31.0,1,0.2418,0.64,1
LJ500_R142_C040,142,40,681250,9572250,3500,0,2021,4,2021-04,28,96.35,155.9,178.47,22.65,19.0,12.0,31.0,1,0.264,0.7211,1
LJ500_R142_C041,142,41,681750,9572250,4000,0,2021,4,2021-04,28,96.35,155.9,178.47,22.65,19.0,12.0,31.0,1,0.3144,0.9051,1
LJ500_R142_C042,142,42,682250,9572250,4500,0,2021,4,2021-04,28,96.35,155.9,178.47,22.65,19.0,12.0,31.0,1,0.3218,0.9129,1
LJ500_R143_C033,143,33,677750,9572750,0,500,2021,4,2021-04,28,110.84,175.02,197.81,25.63,19.0,12.0,31.0,1,0.2446,0.574,1
LJ500_R143_C034,143,34,678250,9572750,500,500,2021,4,2021-04,28,96.35,155.9,178.47,22.65,19.0,12.0,31.0,1,0.2306,0.51,1
LJ500_R143_C035,143,35,678750,9572750,1000,500,2021,4,2021-04,28,96.35,155.9,178.47,22.65,19.0,12.0,31.0,1,0.201,0.4242,1
LJ500_R143_C036,143,36,679250,9572750,1500,500,2021,4,2021-04,28,96.35,155.9,178.47,22.65,19.0,12.0,31.0,1,0.1961,0.4098,1
LJ500_R143_C037,143,37,679750,9572750,2000,500,2021,4,2021-04,28,96.35,155.9,178.47,22.65,19.0,12.0,31.0,1,0.1894,0.38,1
LJ500_R143_C038,143,38,680250,9572750,2500,500,2021,4,2021-04,28,96.35,155.9,178.47,22.65,19.0,12.0,31.0,1,0.1974,0.4205,1
LJ500_R143_C039,143,39,680750,9572750,3000,500,2021,4,2021-04,28,96.35,155.9,178.47,22.65,19.0,12.0,31.0,1,0.2413,0.64,1
LJ500_R143_C040,143,40,681250,9572750,3500,500,2021,4,2021-04,28,96.35,155.9,178.47,22.65,19.0,12.0,31.0,1,0.283,0.777,1
LJ500_R143_C041,143,41,681750,9572750,4000,500,2021,4,2021-04,28,96.35,155.9,178.47,22.65,19.0,12.0,31.0,1,0.3784,1.09,1
LJ500_R143_C042,143,42,682250,9572750,4500,500,2021,4,2021-04,28,96.35,155.9,178.47,22.65,19.0,12.0,31.0,1,0.4008,1.1353,1
LJ500_R144_C033,144,33,677750,9573250,0,1000,2021,4,2021-04,28,110.92,175.13,197.93,25.65,19.0,12.0,31.0,1,0.2407,0.5557,1
LJ500_R144_C034,144,34,678250,9573250,500,1000,2021,4,2021-04,28,96.35,155.9,178.47,22.65,19.0,12.0,31.0,1,0.228,0.5009,1
LJ500_R144_C035,144,35,678750,9573250,1000,1000,2021,4,2021-04,28,96.35,155.9,178.47,22.65,19.0,12.0,31.0,1,0.2031,0.4283,1
LJ500_R144_C036,144,36,679250,9573250,1500,1000,2021,4,2021-04,28,96.35,155.9,178.47,22.65,19.0,12.0,31.0,1,0.1989,0.416,1
LJ500_R144_C037,144,37,679750,9573250,2000,1000,2021,4,2021-04,28,96.35,155.9,178.47,22.65,19.0,12.0,31.0,1,0.1895,0.38,1
LJ500_R144_C038,144,38,680250,9573250,2500,1000,2021,4,2021-04,28,96.35,155.9,178.47,22.65,19.0,12.0,31.0,1,0.1959,0.4138,1
LJ500_R144_C039,144,39,680750,9573250,3000,1000,2021,4,2021-04,28,96.35,155.9,178.47,22.65,19.0,12.0,31.0,1,0.2316,0.5993,1
LJ500_R144_C040,144,40,681250,9573250,3500,1000,2021,4,2021-04,28,96.35,155.9,178.47,22.65,19.0,12.0,31.0,1,0.2684,0.7257,1
LJ500_R144_C041,144,41,681750,9573250,4000,1000,2021,4,2021-04,28,96.35,155.9,178.47,22.65,19.0,12.0,31.0,1,0.3533,1.0172,1
LJ500_R144_C042,144,42,682250,9573250,4500,1000,2021,4,2021-04,28,96.35,155.9,178.47,22.65,19.0,12.0,31.0,1,0.3957,1.1093,1
LJ500_R145_C033,145,33,677750,9573750,0,1500,2021,4,2021-04,28,111.0,175.24,198.04,25.66,19.0,12.0,31.0,1,0.2314,0.5124,1
LJ500_R145_C034,145,34,678250,9573750,500,1500,2021,4,2021-04,28,96.35,155.9,178.47,22.65,19.0,12.0,31.0,1,0.2219,0.48,1
LJ500_R145_C035,145,35,678750,9573750,1000,1500,2021,4,2021-04,28,96.35,155.9,178.47,22.65,19.0,12.0,31.0,1,0.2076,0.4373,1
LJ500_R145_C036,145,36,679250,9573750,1500,1500,2021,4,2021-04,28,96.35,155.9,178.47,22.65,19.0,12.0,31.0,1,0.2051,0.4299,1
LJ500_R145_C037,145,37,679750,9573750,2000,1500,2021,4,2021-04,28,96.35,155.9,178.47,22.65,19.0,12.0,31.0,1,0.1897,0.38,1
LJ500_R145_C038,145,38,680250,9573750,2500,1500,2021,4,2021-04,28,96.35,155.9,178.47,22.65,19.0,12.0,31.0,1,0.1928,0.3997,1
LJ500_R145_C039,145,39,680750,9573750,3000,1500,2021,4,2021-04,28,96.35,155.9,178.47,22.65,19.0,12.0,31.0,1,0.2103,0.51,1
LJ500_R145_C040,145,40,681250,9573750,3500,1500,2021,4,2021-04,28,96.35,155.9,178.47,22.65,19.0,12.0,31.0,1,0.237,0.6152,1
LJ500_R145_C041,145,41,681750,9573750,4000,1500,2021,4,2021-04,28,96.35,155.9,178.47,22.65,19.0,12.0,31.0,1,0.299,0.86,1
LJ500_R145_C042,145,42,682250,9573750,4500,1500,2021,4,2021-04,28,96.35,155.9,178.47,22.65,19.0,12.0,31.0,1,0.3847,1.0532,1
LJ500_R146_C033,146,33,677750,9574250,0,2000,2021,4,2021-04,28,122.61,194.4,220.4,23.18,19.72,11.28,31.0,1,0.2487,0.5972,1
LJ500_R146_C034,146,34,678250,9574250,500,2000,2021,4,2021-04,28,109.23,176.68,203.34,20.06,19.86,11.14,31.0,1,0.2429,0.5813,1
LJ500_R146_C035,146,35,678750,9574250,1000,2000,2021,4,2021-04,28,109.28,176.77,203.44,20.05,19.86,11.14,31.0,1,0.2191,0.4997,1
LJ500_R146_C036,146,36,679250,9574250,1500,2000,2021,4,2021-04,28,109.34,176.87,203.55,20.04,19.87,11.13,31.0,1,0.215,0.4856,1
LJ500_R146_C037,146,37,679750,9574250,2000,2000,2021,4,2021-04,28,109.4,176.96,203.66,20.03,19.87,11.13,31.0,1,0.1967,0.4219,1
LJ500_R146_C038,146,38,680250,9574250,2500,2000,2021,4,2021-04,28,109.45,177.05,203.77,20.02,19.87,11.13,31.0,1,0.1972,0.4283,1
LJ500_R146_C039,146,39,680750,9574250,3000,2000,2021,4,2021-04,28,109.51,177.14,203.88,20.0,19.88,11.12,31.0,1,0.1999,0.463,1
LJ500_R146_C040,146,40,681250,9574250,3500,2000,2021,4,2021-04,28,109.57,177.23,203.99,19.99,19.88,11.12,31.0,1,0.2249,0.5645,1
LJ500_R146_C041,146,41,681750,9574250,4000,2000,2021,4,2021-04,28,109.63,177.33,204.1,19.98,19.89,11.11,31.0,1,0.2836,0.8032,1
LJ500_R146_C042,146,42,682250,9574250,4500,2000,2021,4,2021-04,28,109.68,177.42,204.22,19.97,19.89,11.11,31.0,1,0.3656,1.0081,1
LJ500_R147_C033,147,33,677750,9574750,0,2500,2021,4,2021-04,28,138.1,219.97,250.25,19.85,20.67,10.33,31.0,1,0.2691,0.697,1
LJ500_R147_C034,147,34,678250,9574750,500,2500,2021,4,2021-04,28,126.32,204.27,236.35,16.63,21.0,10.0,31.0,1,0.2674,0.7,1
LJ500_R147_C035,147,35,678750,9574750,1000,2500,2021,4,2021-04,28,126.32,204.27,236.35,16.63,21.0,10.0,31.0,1,0.2326,0.5725,1
LJ500_R147_C036,147,36,679250,9574750,1500,2500,2021,4,2021-04,28,126.32,204.27,236.35,16.63,21.0,10.0,31.0,1,0.2265,0.55,1
LJ500_R147_C037,147,37,679750,9574750,2000,2500,2021,4,2021-04,28,126.32,204.27,236.35,16.63,21.0,10.0,31.0,1,0.2049,0.4701,1
LJ500_R147_C038,147,38,680250,9574750,2500,2500,2021,4,2021-04,28,126.32,204.27,236.35,16.63,21.0,10.0,31.0,1,0.2024,0.4611,1
LJ500_R147_C039,147,39,680750,9574750,3000,2500,2021,4,2021-04,28,126.32,204.27,236.35,16.63,21.0,10.0,31.0,1,0.1881,0.41,1
LJ500_R147_C040,147,40,681250,9574750,3500,2500,2021,4,2021-04,28,126.32,204.27,236.35,16.63,21.0,10.0,31.0,1,0.2113,0.5079,1
LJ500_R147_C041,147,41,681750,9574750,4000,2500,2021,4,2021-04,28,126.32,204.27,236.35,16.63,21.0,10.0,31.0,1,0.2665,0.74,1
LJ500_R147_C042,147,42,682250,9574750,4500,2500,2021,4,2021-04,28,126.32,204.27,236.35,16.63,21.0,10.0,31.0,1,0.3446,0.9583,1
LJ500_R148_C033,148,33,677750,9575250,0,3000,2021,4,2021-04,28,138.17,220.06,250.33,19.87,20.67,10.33,31.0,1,0.2674,0.6908,1
LJ500_R148_C034,148,34,678250,9575250,500,3000,2021,4,2021-04,28,126.32,204.27,236.35,16.63,21.0,10.0,31.0,1,0.275,0.7309,1
LJ500_R148_C035,148,35,678750,9575250,1000,3000,2021,4,2021-04,28,126.32,204.27,236.35,16.63,21.0,10.0,31.0,1,0.2391,0.6037,1
LJ500_R148_C036,148,36,679250,9575250,1500,3000,2021,4,2021-04,28,126.32,204.27,236.35,16.63,21.0,10.0,31.0,1,0.2327,0.5811,1
LJ500_R148_C037,148,37,679750,9575250,2000,3000,2021,4,2021-04,28,126.32,204.27,236.35,16.63,21.0,10.0,31.0,1,0.2149,0.5262,1
LJ500_R148_C038,148,38,680250,9575250,2500,3000,2021,4,2021-04,28,126.32,204.27,236.35,16.63,21.0,10.0,31.0,1,0.2114,0.512,1
LJ500_R148_C039,148,39,680750,9575250,3000,3000,2021,4,2021-04,28,126.32,204.27,236.35,16.63,21.0,10.0,31.0,1,0.1907,0.4288,1
LJ500_R148_C040,148,40,681250,9575250,3500,3000,2021,4,2021-04,28,126.32,204.27,236.35,16.63,21.0,10.0,31.0,1,0.2008,0.4761,1
LJ500_R148_C041,148,41,681750,9575250,4000,3000,2021,4,2021-04,28,126.32,204.27,236.35,16.63,21.0,10.0,31.0,1,0.2247,0.5886,1
LJ500_R148_C042,148,42,682250,9575250,4500,3000,2021,4,2021-04,28,126.32,204.27,236.35,16.63,21.0,10.0,31.0,1,0.2667,0.7186,1
LJ500_R149_C033,149,33,677750,9575750,0,3500,2021,4,2021-04,28,138.23,220.15,250.41,19.89,20.67,10.33,31.0,1,0.2662,0.6865,1
LJ500_R149_C034,149,34,678250,9575750,500,3500,2021,4,2021-04,28,126.32,204.27,236.35,16.63,21.0,10.0,31.0,1,0.2797,0.75,1
LJ500_R149_C035,149,35,678750,9575750,1000,3500,2021,4,2021-04,28,126.32,204.27,236.35,16.63,21.0,10.0,31.0,1,0.2431,0.623,1
LJ500_R149_C036,149,36,679250,9575750,1500,3500,2021,4,2021-04,28,126.32,204.27,236.35,16.63,21.0,10.0,31.0,1,0.2365,0.6,1
LJ500_R149_C037,149,37,679750,9575750,2000,3500,2021,4,2021-04,28,126.32,204.27,236.35,16.63,21.0,10.0,31.0,1,0.221,0.5602,1
LJ500_R149_C038,149,38,680250,9575750,2500,3500,2021,4,2021-04,28,126.32,204.27,236.35,16.63,21.0,10.0,31.0,1,0.2168,0.5427,1
LJ500_R149_C039,149,39,680750,9575750,3000,3500,2021,4,2021-04,28,126.32,204.27,236.35,16.63,21.0,10.0,31.0,1,0.1923,0.44,1
LJ500_R149_C040,149,40,681250,9575750,3500,3500,2021,4,2021-04,28,126.32,204.27,236.35,16.63,21.0,10.0,31.0,1,0.1946,0.4576,1
LJ500_R149_C041,149,41,681750,9575750,4000,3500,2021,4,2021-04,28,126.32,204.27,236.35,16.63,21.0,10.0,31.0,1,0.2003,0.5,1
LJ500_R149_C042,149,42,682250,9575750,4500,3500,2021,4,2021-04,28,126.32,204.27,236.35,16.63,21.0,10.0,31.0,1,0.2216,0.5795,1
LJ500_R150_C033,150,33,677750,9576250,0,4000,2021,4,2021-04,28,138.3,220.23,250.49,19.91,20.66,10.34,31.0,1,0.2846,0.7809,1
LJ500_R150_C034,150,34,678250,9576250,500,4000,2021,4,2021-04,28,126.32,204.27,236.35,16.63,21.0,10.0,31.0,1,0.3022,0.8662,1
LJ500_R150_C035,150,35,678750,9576250,1000,4000,2021,4,2021-04,28,126.32,204.27,236.35,16.63,21.0,10.0,31.0,1,0.2539,0.6742,1
LJ500_R150_C036,150,36,679250,9576250,1500,4000,2021,4,2021-04,28,126.32,204.27,236.35,16.63,21.0,10.0,31.0,1,0.245,0.6389,1
LJ500_R150_C037,150,37,679750,9576250,2000,4000,2021,4,2021-04,28,126.32,204.27,236.35,16.63,21.0,10.0,31.0,1,0.2694,0.7465,1
LJ500_R150_C038,150,38,680250,9576250,2500,4000,2021,4,2021-04,28,126.32,204.27,236.35,16.63,21.0,10.0,31.0,1,0.2654,0.7328,1
LJ500_R150_C039,150,39,680750,9576250,3000,4000,2021,4,2021-04,28,126.32,204.27,236.35,16.63,21.0,10.0,31.0,1,0.2395,0.6438,1
LJ500_R150_C040,150,40,681250,9576250,3500,4000,2021,4,2021-04,28,126.32,204.27,236.35,16.63,21.0,10.0,31.0,1,0.2283,0.6046,1
LJ500_R150_C041,150,41,681750,9576250,4000,4000,2021,4,2021-04,28,126.32,204.27,236.35,16.63,21.0,10.0,31.0,1,0.2006,0.5079,1
LJ500_R150_C042,150,42,682250,9576250,4500,4000,2021,4,2021-04,28,126.32,204.27,236.35,16.63,21.0,10.0,31.0,1,0.2125,0.5593,1
LJ500_R151_C033,151,33,677750,9576750,0,4500,2021,4,2021-04,28,138.37,220.32,250.57,19.93,20.66,10.34,31.0,1,0.2899,0.8082,1
LJ500_R151_C034,151,34,678250,9576750,500,4500,2021,4,2021-04,28,126.32,204.27,236.35,16.63,21.0,10.0,31.0,1,0.3087,0.9,1
LJ500_R151_C035,151,35,678750,9576750,1000,4500,2021,4,2021-04,28,126.32,204.27,236.35,16.63,21.0,10.0,31.0,1,0.2571,0.6893,1
LJ500_R151_C036,151,36,679250,9576750,1500,4500,2021,4,2021-04,28,126.32,204.27,236.35,16.63,21.0,10.0,31.0,1,0.2474,0.65,1
LJ500_R151_C037,151,37,679750,9576750,2000,4500,2021,4,2021-04,28,126.32,204.27,236.35,16.63,21.0,10.0,31.0,1,0.2829,0.7987,1
LJ500_R151_C038,151,38,680250,9576750,2500,4500,2021,4,2021-04,28,126.32,204.27,236.35,16.63,21.0,10.0,31.0,1,0.2789,0.786,1
LJ500_R151_C039,151,39,680750,9576750,3000,4500,2021,4,2021-04,28,126.32,204.27,236.35,16.63,21.0,10.0,31.0,1,0.2526,0.7,1
LJ500_R151_C040,151,40,681250,9576750,3500,4500,2021,4,2021-04,28,126.32,204.27,236.35,16.63,21.0,10.0,31.0,1,0.2376,0.6451,1
LJ500_R151_C041,151,41,681750,9576750,4000,4500,2021,4,2021-04,28,126.32,204.27,236.35,16.63,21.0,10.0,31.0,1,0.2006,0.51,1
LJ500_R151_C042,151,42,682250,9576750,4500,4500,2021,4,2021-04,28,126.32,204.27,236.35,16.63,21.0,10.0,31.0,1,0.2101,0.5538,1
LJ500_R142_C033,142,33,677750,9572250,0,0,2021,5,2021-05,29,60.88,171.63,235.79,30.73,26.0,4.0,30.0,1,0.3719,0.8115,1
LJ500_R142_C034,142,34,678250,9572250,500,0,2021,5,2021-05,29,57.76,154.12,213.67,28.88,26.0,4.0,30.0,1,0.3749,0.8124,1
LJ500_R142_C035,142,35,678750,9572250,1000,0,2021,5,2021-05,29,57.76,154.12,213.67,28.88,26.0,4.0,30.0,1,0.2919,0.6317,1
LJ500_R142_C036,142,36,679250,9572250,1500,0,2021,5,2021-05,29,57.76,154.12,213.67,28.88,26.0,4.0,30.0,1,0.278,0.6007,1
LJ500_R142_C037,142,37,679750,9572250,2000,0,2021,5,2021-05,29,57.76,154.12,213.67,28.88,26.0,4.0,30.0,1,0.2363,0.4546,1
LJ500_R142_C038,142,38,680250,9572250,2500,0,2021,5,2021-05,29,57.76,154.12,213.67,28.88,26.0,4.0,30.0,1,0.2555,0.504,1
LJ500_R142_C039,142,39,680750,9572250,3000,0,2021,5,2021-05,29,57.76,154.12,213.67,28.88,26.0,4.0,30.0,1,0.3579,0.7684,1
LJ500_R142_C040,142,40,681250,9572250,3500,0,2021,5,2021-05,29,57.76,154.12,213.67,28.88,26.0,4.0,30.0,1,0.3885,0.8371,1
LJ500_R142_C041,142,41,681750,9572250,4000,0,2021,5,2021-05,29,57.76,154.12,213.67,28.88,26.0,4.0,30.0,1,0.458,0.9931,1
LJ500_R142_C042,142,42,682250,9572250,4500,0,2021,5,2021-05,29,57.76,154.12,213.67,28.88,26.0,4.0,30.0,1,0.4617,1.0064,1
LJ500_R143_C033,143,33,677750,9572750,0,500,2021,5,2021-05,29,60.9,171.73,235.92,30.74,26.0,4.0,30.0,1,0.3386,0.7537,1
LJ500_R143_C034,143,34,678250,9572750,500,500,2021,5,2021-05,29,57.76,154.12,213.67,28.88,26.0,4.0,30.0,1,0.3157,0.71,1
LJ500_R143_C035,143,35,678750,9572750,1000,500,2021,5,2021-05,29,57.76,154.12,213.67,28.88,26.0,4.0,30.0,1,0.2645,0.5299,1
LJ500_R143_C036,143,36,679250,9572750,1500,500,2021,5,2021-05,29,57.76,154.12,213.67,28.88,26.0,4.0,30.0,1,0.2559,0.4999,1
LJ500_R143_C037,143,37,679750,9572750,2000,500,2021,5,2021-05,29,57.76,154.12,213.67,28.88,26.0,4.0,30.0,1,0.24,0.48,1
LJ500_R143_C038,143,38,680250,9572750,2500,500,2021,5,2021-05,29,57.76,154.12,213.67,28.88,26.0,4.0,30.0,1,0.258,0.5236,1
LJ500_R143_C039,143,39,680750,9572750,3000,500,2021,5,2021-05,29,57.76,154.12,213.67,28.88,26.0,4.0,30.0,1,0.3557,0.76,1
LJ500_R143_C040,143,40,681250,9572750,3500,500,2021,5,2021-05,29,57.76,154.12,213.67,28.88,26.0,4.0,30.0,1,0.4017,0.9,1
LJ500_R143_C041,143,41,681750,9572750,4000,500,2021,5,2021-05,29,57.76,154.12,213.67,28.88,26.0,4.0,30.0,1,0.507,1.22,1
LJ500_R143_C042,143,42,682250,9572750,4500,500,2021,5,2021-05,29,57.76,154.12,213.67,28.88,26.0,4.0,30.0,1,0.5152,1.2517,1
LJ500_R144_C033,144,33,677750,9573250,0,1000,2021,5,2021-05,29,60.92,171.84,236.05,30.75,26.0,4.0,30.0,1,0.3304,0.7362,1
LJ500_R144_C034,144,34,678250,9573250,500,1000,2021,5,2021-05,29,57.76,154.12,213.67,28.88,26.0,4.0,30.0,1,0.3097,0.6948,1
LJ500_R144_C035,144,35,678750,9573250,1000,1000,2021,5,2021-05,29,57.76,154.12,213.67,28.88,26.0,4.0,30.0,1,0.2671,0.5516,1
LJ500_R144_C036,144,36,679250,9573250,1500,1000,2021,5,2021-05,29,57.76,154.12,213.67,28.88,26.0,4.0,30.0,1,0.2599,0.5275,1
LJ500_R144_C037,144,37,679750,9573250,2000,1000,2021,5,2021-05,29,57.76,154.12,213.67,28.88,26.0,4.0,30.0,1,0.2416,0.4862,1
LJ500_R144_C038,144,38,680250,9573250,2500,1000,2021,5,2021-05,29,57.76,154.12,213.67,28.88,26.0,4.0,30.0,1,0.2558,0.5226,1
LJ500_R144_C039,144,39,680750,9573250,3000,1000,2021,5,2021-05,29,57.76,154.12,213.67,28.88,26.0,4.0,30.0,1,0.3337,0.7225,1
LJ500_R144_C040,144,40,681250,9573250,3500,1000,2021,5,2021-05,29,57.76,154.12,213.67,28.88,26.0,4.0,30.0,1,0.3796,0.8452,1
LJ500_R144_C041,144,41,681750,9573250,4000,1000,2021,5,2021-05,29,57.76,154.12,213.67,28.88,26.0,4.0,30.0,1,0.4856,1.1282,1
LJ500_R144_C042,144,42,682250,9573250,4500,1000,2021,5,2021-05,29,57.76,154.12,213.67,28.88,26.0,4.0,30.0,1,0.502,1.2167,1
LJ500_R145_C033,145,33,677750,9573750,0,1500,2021,5,2021-05,29,60.93,171.94,236.18,30.76,26.0,4.0,30.0,1,0.3112,0.6954,1
LJ500_R145_C034,145,34,678250,9573750,500,1500,2021,5,2021-05,29,57.76,154.12,213.67,28.88,26.0,4.0,30.0,1,0.296,0.66,1
LJ500_R145_C035,145,35,678750,9573750,1000,1500,2021,5,2021-05,29,57.76,154.12,213.67,28.88,26.0,4.0,30.0,1,0.2729,0.6002,1
LJ500_R145_C036,145,36,679250,9573750,1500,1500,2021,5,2021-05,29,57.76,154.12,213.67,28.88,26.0,4.0,30.0,1,0.2689,0.5897,1
LJ500_R145_C037,145,37,679750,9573750,2000,1500,2021,5,2021-05,29,57.76,154.12,213.67,28.88,26.0,4.0,30.0,1,0.2453,0.5,1
LJ500_R145_C038,145,38,680250,9573750,2500,1500,2021,5,2021-05,29,57.76,154.12,213.67,28.88,26.0,4.0,30.0,1,0.2514,0.5212,1
LJ500_R145_C039,145,39,680750,9573750,3000,1500,2021,5,2021-05,29,57.76,154.12,213.67,28.88,26.0,4.0,30.0,1,0.2853,0.64,1
LJ500_R145_C040,145,40,681250,9573750,3500,1500,2021,5,2021-05,29,57.76,154.12,213.67,28.88,26.0,4.0,30.0,1,0.3316,0.7272,1
LJ500_R145_C041,145,41,681750,9573750,4000,1500,2021,5,2021-05,29,57.76,154.12,213.67,28.88,26.0,4.0,30.0,1,0.4393,0.93,1
LJ500_R145_C042,145,42,682250,9573750,4500,1500,2021,5,2021-05,29,57.76,154.12,213.67,28.88,26.0,4.0,30.0,1,0.4736,1.1412,1
LJ500_R146_C033,146,33,677750,9574250,0,2000,2021,5,2021-05,29,68.14,190.76,262.54,40.77,26.29,3.7124,30.0,1,0.3407,0.754,1
LJ500_R146_C034,146,34,678250,9574250,500,2000,2021,5,2021-05,29,66.16,175.39,242.85,41.16,26.43,3.5704,30.0,1,0.3327,0.7337,1
LJ500_R146_C035,146,35,678750,9574250,1000,2000,2021,5,2021-05,29,66.2,175.48,242.97,41.21,26.43,3.5685,30.0,1,0.2941,0.6546,1
LJ500_R146_C036,146,36,679250,9574250,1500,2000,2021,5,2021-05,29,66.24,175.58,243.1,41.27,26.43,3.5666,30.0,1,0.2874,0.641,1
LJ500_R146_C037,146,37,679750,9574250,2000,2000,2021,5,2021-05,29,66.27,175.67,243.23,41.32,26.44,3.5647,30.0,1,0.2573,0.5513,1
LJ500_R146_C038,146,38,680250,9574250,2500,2000,2021,5,2021-05,29,66.31,175.77,243.36,41.38,26.44,3.5628,30.0,1,0.2585,0.5564,1
LJ500_R146_C039,146,39,680750,9574250,3000,2000,2021,5,2021-05,29,66.35,175.86,243.49,41.43,26.44,3.5609,30.0,1,0.2647,0.5836,1
LJ500_R146_C040,146,40,681250,9574250,3500,2000,2021,5,2021-05,29,66.39,175.96,243.62,41.49,26.44,3.559,30.0,1,0.3106,0.6714,1
LJ500_R146_C041,146,41,681750,9574250,4000,2000,2021,5,2021-05,29,66.42,176.05,243.75,41.54,26.44,3.5571,30.0,1,0.4185,0.8779,1
LJ500_R146_C042,146,42,682250,9574250,4500,2000,2021,5,2021-05,29,66.46,176.15,243.88,41.6,26.44,3.5552,30.0,1,0.4647,1.0901,1
LJ500_R147_C033,147,33,677750,9574750,0,2500,2021,5,2021-05,29,77.77,215.87,297.74,54.14,26.67,3.3295,30.0,1,0.3755,0.823,1
LJ500_R147_C034,147,34,678250,9574750,500,2500,2021,5,2021-05,29,77.32,203.64,281.59,57.46,27.0,3.0,30.0,1,0.3757,0.82,1
LJ500_R147_C035,147,35,678750,9574750,1000,2500,2021,5,2021-05,29,77.32,203.64,281.59,57.46,27.0,3.0,30.0,1,0.3187,0.718,1
LJ500_R147_C036,147,36,679250,9574750,1500,2500,2021,5,2021-05,29,77.32,203.64,281.59,57.46,27.0,3.0,30.0,1,0.3087,0.7,1
LJ500_R147_C037,147,37,679750,9574750,2000,2500,2021,5,2021-05,29,77.32,203.64,281.59,57.46,27.0,3.0,30.0,1,0.271,0.6101,1
LJ500_R147_C038,147,38,680250,9574750,2500,2500,2021,5,2021-05,29,77.32,203.64,281.59,57.46,27.0,3.0,30.0,1,0.2666,0.5967,1
LJ500_R147_C039,147,39,680750,9574750,3000,2500,2021,5,2021-05,29,77.32,203.64,281.59,57.46,27.0,3.0,30.0,1,0.2413,0.52,1
LJ500_R147_C040,147,40,681250,9574750,3500,2500,2021,5,2021-05,29,77.32,203.64,281.59,57.46,27.0,3.0,30.0,1,0.287,0.609,1
LJ500_R147_C041,147,41,681750,9574750,4000,2500,2021,5,2021-05,29,77.32,203.64,281.59,57.46,27.0,3.0,30.0,1,0.3953,0.82,1
LJ500_R147_C042,147,42,682250,9574750,4500,2500,2021,5,2021-05,29,77.32,203.64,281.59,57.46,27.0,3.0,30.0,1,0.4547,1.0339,1
LJ500_R148_C033,148,33,677750,9575250,0,3000,2021,5,2021-05,29,77.77,215.94,297.83,54.12,26.67,3.3313,30.0,1,0.3693,0.8113,1
LJ500_R148_C034,148,34,678250,9575250,500,3000,2021,5,2021-05,29,77.32,203.64,281.59,57.46,27.0,3.0,30.0,1,0.3829,0.8323,1
LJ500_R148_C035,148,35,678750,9575250,1000,3000,2021,5,2021-05,29,77.32,203.64,281.59,57.46,27.0,3.0,30.0,1,0.3276,0.7358,1
LJ500_R148_C036,148,36,679250,9575250,1500,3000,2021,5,2021-05,29,77.32,203.64,281.59,57.46,27.0,3.0,30.0,1,0.3178,0.7186,1
LJ500_R148_C037,148,37,679750,9575250,2000,3000,2021,5,2021-05,29,77.32,203.64,281.59,57.46,27.0,3.0,30.0,1,0.2896,0.6538,1
LJ500_R148_C038,148,38,680250,9575250,2500,3000,2021,5,2021-05,29,77.32,203.64,281.59,57.46,27.0,3.0,30.0,1,0.2832,0.6379,1
LJ500_R148_C039,148,39,680750,9575250,3000,3000,2021,5,2021-05,29,77.32,203.64,281.59,57.46,27.0,3.0,30.0,1,0.2463,0.5451,1
LJ500_R148_C040,148,40,681250,9575250,3500,3000,2021,5,2021-05,29,77.32,203.64,281.59,57.46,27.0,3.0,30.0,1,0.2667,0.5854,1
LJ500_R148_C041,148,41,681750,9575250,4000,3000,2021,5,2021-05,29,77.32,203.64,281.59,57.46,27.0,3.0,30.0,1,0.315,0.6812,1
LJ500_R148_C042,148,42,682250,9575250,4500,3000,2021,5,2021-05,29,77.32,203.64,281.59,57.46,27.0,3.0,30.0,1,0.3621,0.8012,1
LJ500_R149_C033,149,33,677750,9575750,0,3500,2021,5,2021-05,29,77.77,216.01,297.92,54.1,26.67,3.3332,30.0,1,0.3654,0.8037,1
LJ500_R149_C034,149,34,678250,9575750,500,3500,2021,5,2021-05,29,77.32,203.64,281.59,57.46,27.0,3.0,30.0,1,0.3873,0.84,1
LJ500_R149_C035,149,35,678750,9575750,1000,3500,2021,5,2021-05,29,77.32,203.64,281.59,57.46,27.0,3.0,30.0,1,0.3332,0.7469,1
LJ500_R149_C036,149,36,679250,9575750,1500,3500,2021,5,2021-05,29,77.32,203.64,281.59,57.46,27.0,3.0,30.0,1,0.3233,0.73,1
LJ500_R149_C037,149,37,679750,9575750,2000,3500,2021,5,2021-05,29,77.32,203.64,281.59,57.46,27.0,3.0,30.0,1,0.3008,0.6802,1
LJ500_R149_C038,149,38,680250,9575750,2500,3500,2021,5,2021-05,29,77.32,203.64,281.59,57.46,27.0,3.0,30.0,1,0.2933,0.6627,1
LJ500_R149_C039,149,39,680750,9575750,3000,3500,2021,5,2021-05,29,77.32,203.64,281.59,57.46,27.0,3.0,30.0,1,0.2493,0.56,1
LJ500_R149_C040,149,40,681250,9575750,3500,3500,2021,5,2021-05,29,77.32,203.64,281.59,57.46,27.0,3.0,30.0,1,0.2548,0.5717,1
LJ500_R149_C041,149,41,681750,9575750,4000,3500,2021,5,2021-05,29,77.32,203.64,281.59,57.46,27.0,3.0,30.0,1,0.268,0.6,1
LJ500_R149_C042,149,42,682250,9575750,4500,3500,2021,5,2021-05,29,77.32,203.64,281.59,57.46,27.0,3.0,30.0,1,0.3083,0.6663,1
LJ500_R150_C033,150,33,677750,9576250,0,4000,2021,5,2021-05,29,77.78,216.08,298.01,54.08,26.66,3.3351,30.0,1,0.3872,0.8374,1
LJ500_R150_C034,150,34,678250,9576250,500,4000,2021,5,2021-05,29,77.32,203.64,281.59,57.46,27.0,3.0,30.0,1,0.4142,0.8787,1
LJ500_R150_C035,150,35,678750,9576250,1000,4000,2021,5,2021-05,29,77.32,203.64,281.59,57.46,27.0,3.0,30.0,1,0.3488,0.7662,1
LJ500_R150_C036,150,36,679250,9576250,1500,4000,2021,5,2021-05,29,77.32,203.64,281.59,57.46,27.0,3.0,30.0,1,0.3368,0.7456,1
LJ500_R150_C037,150,37,679750,9576250,2000,4000,2021,5,2021-05,29,77.32,203.64,281.59,57.46,27.0,3.0,30.0,1,0.3802,0.8122,1
LJ500_R150_C038,150,38,680250,9576250,2500,4000,2021,5,2021-05,29,77.32,203.64,281.59,57.46,27.0,3.0,30.0,1,0.3746,0.8003,1
LJ500_R150_C039,150,39,680750,9576250,3000,4000,2021,5,2021-05,29,77.32,203.64,281.59,57.46,27.0,3.0,30.0,1,0.3382,0.7246,1
LJ500_R150_C040,150,40,681250,9576250,3500,4000,2021,5,2021-05,29,77.32,203.64,281.59,57.46,27.0,3.0,30.0,1,0.3173,0.6863,1
LJ500_R150_C041,150,41,681750,9576250,4000,4000,2021,5,2021-05,29,77.32,203.64,281.59,57.46,27.0,3.0,30.0,1,0.2659,0.5921,1
LJ500_R150_C042,150,42,682250,9576250,4500,4000,2021,5,2021-05,29,77.32,203.64,281.59,57.46,27.0,3.0,30.0,1,0.2917,0.6338,1
LJ500_R151_C033,151,33,677750,9576750,0,4500,2021,5,2021-05,29,77.78,216.15,298.1,54.06,26.66,3.337,30.0,1,0.3935,0.8472,1
LJ500_R151_C034,151,34,678250,9576750,500,4500,2021,5,2021-05,29,77.32,203.64,281.59,57.46,27.0,3.0,30.0,1,0.422,0.89,1
LJ500_R151_C035,151,35,678750,9576750,1000,4500,2021,5,2021-05,29,77.32,203.64,281.59,57.46,27.0,3.0,30.0,1,0.3535,0.772,1
LJ500_R151_C036,151,36,679250,9576750,1500,4500,2021,5,2021-05,29,77.32,203.64,281.59,57.46,27.0,3.0,30.0,1,0.3407,0.75,1
LJ500_R151_C037,151,37,679750,9576750,2000,4500,2021,5,2021-05,29,77.32,203.64,281.59,57.46,27.0,3.0,30.0,1,0.4025,0.8492,1
LJ500_R151_C038,151,38,680250,9576750,2500,4500,2021,5,2021-05,29,77.32,203.64,281.59,57.46,27.0,3.0,30.0,1,0.3973,0.8388,1
LJ500_R151_C039,151,39,680750,9576750,3000,4500,2021,5,2021-05,29,77.32,203.64,281.59,57.46,27.0,3.0,30.0,1,0.3627,0.77,1
LJ500_R151_C040,151,40,681250,9576750,3500,4500,2021,5,2021-05,29,77.32,203.64,281.59,57.46,27.0,3.0,30.0,1,0.3345,0.718,1
LJ500_R151_C041,151,41,681750,9576750,4000,4500,2021,5,2021-05,29,77.32,203.64,281.59,57.46,27.0,3.0,30.0,1,0.2653,0.59,1
LJ500_R151_C042,151,42,682250,9576750,4500,4500,2021,5,2021-05,29,77.32,203.64,281.59,57.46,27.0,3.0,30.0,1,0.2872,0.625,1
LJ500_R142_C033,142,33,677750,9572250,0,0,2021,6,2021-06,30,16.9,77.78,188.53,7.5951,27.0,4.0,31.0,1,0.4768,0.9481,1
LJ500_R142_C034,142,34,678250,9572250,500,0,2021,6,2021-06,30,16.45,74.22,170.57,7.3163,27.0,4.0,31.0,1,0.4761,0.9483,1
LJ500_R142_C035,142,35,678750,9572250,1000,0,2021,6,2021-06,30,16.45,74.22,170.57,7.3163,27.0,4.0,31.0,1,0.3618,0.7819,1
LJ500_R142_C036,142,36,679250,9572250,1500,0,2021,6,2021-06,30,16.45,74.22,170.57,7.3163,27.0,4.0,31.0,1,0.3424,0.7527,1
LJ500_R142_C037,142,37,679750,9572250,2000,0,2021,6,2021-06,30,16.45,74.22,170.57,7.3163,27.0,4.0,31.0,1,0.2683,0.5515,1
LJ500_R142_C038,142,38,680250,9572250,2500,0,2021,6,2021-06,30,16.45,74.22,170.57,7.3163,27.0,4.0,31.0,1,0.2909,0.5972,1
LJ500_R142_C039,142,39,680750,9572250,3000,0,2021,6,2021-06,30,16.45,74.22,170.57,7.3163,27.0,4.0,31.0,1,0.4115,0.8416,1
LJ500_R142_C040,142,40,681250,9572250,3500,0,2021,6,2021-06,30,16.45,74.22,170.57,7.3163,27.0,4.0,31.0,1,0.4372,0.8693,1
LJ500_R142_C041,142,41,681750,9572250,4000,0,2021,6,2021-06,30,16.45,74.22,170.57,7.3163,27.0,4.0,31.0,1,0.4955,0.9324,1
LJ500_R142_C042,142,42,682250,9572250,4500,0,2021,6,2021-06,30,16.45,74.22,170.57,7.3163,27.0,4.0,31.0,1,0.4931,0.9369,1
LJ500_R143_C033,143,33,677750,9572750,0,500,2021,6,2021-06,30,16.9,77.8,188.64,7.5968,27.0,4.0,31.0,1,0.4396,0.912,1
LJ500_R143_C034,143,34,678250,9572750,500,500,2021,6,2021-06,30,16.45,74.22,170.57,7.3163,27.0,4.0,31.0,1,0.4081,0.88,1
LJ500_R143_C035,143,35,678750,9572750,1000,500,2021,6,2021-06,30,16.45,74.22,170.57,7.3163,27.0,4.0,31.0,1,0.314,0.6484,1
LJ500_R143_C036,143,36,679250,9572750,1500,500,2021,6,2021-06,30,16.45,74.22,170.57,7.3163,27.0,4.0,31.0,1,0.2983,0.6097,1
LJ500_R143_C037,143,37,679750,9572750,2000,500,2021,6,2021-06,30,16.45,74.22,170.57,7.3163,27.0,4.0,31.0,1,0.2787,0.56,1
LJ500_R143_C038,143,38,680250,9572750,2500,500,2021,6,2021-06,30,16.45,74.22,170.57,7.3163,27.0,4.0,31.0,1,0.2992,0.6051,1
LJ500_R143_C039,143,39,680750,9572750,3000,500,2021,6,2021-06,30,16.45,74.22,170.57,7.3163,27.0,4.0,31.0,1,0.4106,0.85,1
LJ500_R143_C040,143,40,681250,9572750,3500,500,2021,6,2021-06,30,16.45,74.22,170.57,7.3163,27.0,4.0,31.0,1,0.4566,0.9109,1
LJ500_R143_C041,143,41,681750,9572750,4000,500,2021,6,2021-06,30,16.45,74.22,170.57,7.3163,27.0,4.0,31.0,1,0.5616,1.05,1
LJ500_R143_C042,143,42,682250,9572750,4500,500,2021,6,2021-06,30,16.45,74.22,170.57,7.3163,27.0,4.0,31.0,1,0.564,1.0999,1
LJ500_R144_C033,144,33,677750,9573250,0,1000,2021,6,2021-06,30,16.91,77.82,188.74,7.5984,27.0,4.0,31.0,1,0.4302,0.9032,1
LJ500_R144_C034,144,34,678250,9573250,500,1000,2021,6,2021-06,30,16.45,74.22,170.57,7.3163,27.0,4.0,31.0,1,0.4007,0.8709,1
LJ500_R144_C035,144,35,678750,9573250,1000,1000,2021,6,2021-06,30,16.45,74.22,170.57,7.3163,27.0,4.0,31.0,1,0.3225,0.6815,1
LJ500_R144_C036,144,36,679250,9573250,1500,1000,2021,6,2021-06,30,16.45,74.22,170.57,7.3163,27.0,4.0,31.0,1,0.3093,0.6496,1
LJ500_R144_C037,144,37,679750,9573250,2000,1000,2021,6,2021-06,30,16.45,74.22,170.57,7.3163,27.0,4.0,31.0,1,0.2812,0.5724,1
LJ500_R144_C038,144,38,680250,9573250,2500,1000,2021,6,2021-06,30,16.45,74.22,170.57,7.3163,27.0,4.0,31.0,1,0.2978,0.6127,1
LJ500_R144_C039,144,39,680750,9573250,3000,1000,2021,6,2021-06,30,16.45,74.22,170.57,7.3163,27.0,4.0,31.0,1,0.3892,0.8344,1
LJ500_R144_C040,144,40,681250,9573250,3500,1000,2021,6,2021-06,30,16.45,74.22,170.57,7.3163,27.0,4.0,31.0,1,0.4334,0.8881,1
LJ500_R144_C041,144,41,681750,9573250,4000,1000,2021,6,2021-06,30,16.45,74.22,170.57,7.3163,27.0,4.0,31.0,1,0.5355,1.012,1
LJ500_R144_C042,144,42,682250,9573250,4500,1000,2021,6,2021-06,30,16.45,74.22,170.57,7.3163,27.0,4.0,31.0,1,0.5493,1.1017,1
LJ500_R145_C033,145,33,677750,9573750,0,1500,2021,6,2021-06,30,16.91,77.84,188.85,7.6001,27.0,4.0,31.0,1,0.408,0.8824,1
LJ500_R145_C034,145,34,678250,9573750,500,1500,2021,6,2021-06,30,16.45,74.22,170.57,7.3163,27.0,4.0,31.0,1,0.3839,0.85,1
LJ500_R145_C035,145,35,678750,9573750,1000,1500,2021,6,2021-06,30,16.45,74.22,170.57,7.3163,27.0,4.0,31.0,1,0.3414,0.7561,1
LJ500_R145_C036,145,36,679250,9573750,1500,1500,2021,6,2021-06,30,16.45,74.22,170.57,7.3163,27.0,4.0,31.0,1,0.3341,0.7396,1
LJ500_R145_C037,145,37,679750,9573750,2000,1500,2021,6,2021-06,30,16.45,74.22,170.57,7.3163,27.0,4.0,31.0,1,0.2868,0.6,1
LJ500_R145_C038,145,38,680250,9573750,2500,1500,2021,6,2021-06,30,16.45,74.22,170.57,7.3163,27.0,4.0,31.0,1,0.2952,0.6304,1
LJ500_R145_C039,145,39,680750,9573750,3000,1500,2021,6,2021-06,30,16.45,74.22,170.57,7.3163,27.0,4.0,31.0,1,0.3423,0.8,1
LJ500_R145_C040,145,40,681250,9573750,3500,1500,2021,6,2021-06,30,16.45,74.22,170.57,7.3163,27.0,4.0,31.0,1,0.3834,0.8391,1
LJ500_R145_C041,145,41,681750,9573750,4000,1500,2021,6,2021-06,30,16.45,74.22,170.57,7.3163,27.0,4.0,31.0,1,0.479,0.93,1
LJ500_R145_C042,145,42,682250,9573750,4500,1500,2021,6,2021-06,30,16.45,74.22,170.57,7.3163,27.0,4.0,31.0,1,0.5177,1.1053,1
LJ500_R146_C033,146,33,677750,9574250,0,2000,2021,6,2021-06,30,19.54,87.69,210.3,8.2333,27.0,4.0,31.0,1,0.4469,0.9314,1
LJ500_R146_C034,146,34,678250,9574250,500,2000,2021,6,2021-06,30,19.78,85.95,195.17,8.3625,27.0,4.0,31.0,1,0.4318,0.9099,1
LJ500_R146_C035,146,35,678750,9574250,1000,2000,2021,6,2021-06,30,19.8,86.0,195.28,8.3671,27.0,4.0,31.0,1,0.3739,0.8242,1
LJ500_R146_C036,146,36,679250,9574250,1500,2000,2021,6,2021-06,30,19.81,86.05,195.39,8.3717,27.0,4.0,31.0,1,0.3639,0.8095,1
LJ500_R146_C037,146,37,679750,9574250,2000,2000,2021,6,2021-06,30,19.83,86.1,195.5,8.3763,27.0,4.0,31.0,1,0.311,0.6932,1
LJ500_R146_C038,146,38,680250,9574250,2500,2000,2021,6,2021-06,30,19.84,86.15,195.61,8.381,27.0,4.0,31.0,1,0.3119,0.7005,1
LJ500_R146_C039,146,39,680750,9574250,3000,2000,2021,6,2021-06,30,19.86,86.21,195.72,8.3856,27.0,4.0,31.0,1,0.3166,0.7389,1
LJ500_R146_C040,146,40,681250,9574250,3500,2000,2021,6,2021-06,30,19.87,86.26,195.83,8.3903,27.0,4.0,31.0,1,0.3589,0.7902,1
LJ500_R146_C041,146,41,681750,9574250,4000,2000,2021,6,2021-06,30,19.89,86.31,195.94,8.3949,27.0,4.0,31.0,1,0.4584,0.9111,1
LJ500_R146_C042,146,42,682250,9574250,4500,2000,2021,6,2021-06,30,19.9,86.36,196.05,8.3996,27.0,4.0,31.0,1,0.5066,1.0557,1
LJ500_R147_C033,147,33,677750,9574750,0,2500,2021,6,2021-06,30,23.05,100.82,238.92,9.0746,27.0,4.0,31.0,1,0.4926,0.989,1
LJ500_R147_C034,147,34,678250,9574750,500,2500,2021,6,2021-06,30,24.2,101.52,227.84,9.7516,27.0,4.0,31.0,1,0.4881,0.98,1
LJ500_R147_C035,147,35,678750,9574750,1000,2500,2021,6,2021-06,30,24.2,101.52,227.84,9.7516,27.0,4.0,31.0,1,0.4118,0.9035,1
LJ500_R147_C036,147,36,679250,9574750,1500,2500,2021,6,2021-06,30,24.2,101.52,227.84,9.7516,27.0,4.0,31.0,1,0.3984,0.89,1
LJ500_R147_C037,147,37,679750,9574750,2000,2500,2021,6,2021-06,30,24.2,101.52,227.84,9.7516,27.0,4.0,31.0,1,0.3388,0.8001,1
LJ500_R147_C038,147,38,680250,9574750,2500,2500,2021,6,2021-06,30,24.2,101.52,227.84,9.7516,27.0,4.0,31.0,1,0.3312,0.7808,1
LJ500_R147_C039,147,39,680750,9574750,3000,2500,2021,6,2021-06,30,24.2,101.52,227.84,9.7516,27.0,4.0,31.0,1,0.2877,0.67,1
LJ500_R147_C040,147,40,681250,9574750,3500,2500,2021,6,2021-06,30,24.2,101.52,227.84,9.7516,27.0,4.0,31.0,1,0.3316,0.7353,1
LJ500_R147_C041,147,41,681750,9574750,4000,2500,2021,6,2021-06,30,24.2,101.52,227.84,9.7516,27.0,4.0,31.0,1,0.4355,0.89,1
LJ500_R147_C042,147,42,682250,9574750,4500,2500,2021,6,2021-06,30,24.2,101.52,227.84,9.7516,27.0,4.0,31.0,1,0.4943,1.0014,1
LJ500_R148_C033,148,33,677750,9575250,0,3000,2021,6,2021-06,30,23.05,100.82,238.99,9.0708,27.0,4.0,31.0,1,0.4849,0.9847,1
LJ500_R148_C034,148,34,678250,9575250,500,3000,2021,6,2021-06,30,24.2,101.52,227.84,9.7516,27.0,4.0,31.0,1,0.4974,0.9923,1
LJ500_R148_C035,148,35,678750,9575250,1000,3000,2021,6,2021-06,30,24.2,101.52,227.84,9.7516,27.0,4.0,31.0,1,0.4241,0.9213,1
LJ500_R148_C036,148,36,679250,9575250,1500,3000,2021,6,2021-06,30,24.2,101.52,227.84,9.7516,27.0,4.0,31.0,1,0.411,0.9086,1
LJ500_R148_C037,148,37,679750,9575250,2000,3000,2021,6,2021-06,30,24.2,101.52,227.84,9.7516,27.0,4.0,31.0,1,0.3642,0.8438,1
LJ500_R148_C038,148,38,680250,9575250,2500,3000,2021,6,2021-06,30,24.2,101.52,227.84,9.7516,27.0,4.0,31.0,1,0.3544,0.8238,1
LJ500_R148_C039,148,39,680750,9575250,3000,3000,2021,6,2021-06,30,24.2,101.52,227.84,9.7516,27.0,4.0,31.0,1,0.2974,0.7076,1
LJ500_R148_C040,148,40,681250,9575250,3500,3000,2021,6,2021-06,30,24.2,101.52,227.84,9.7516,27.0,4.0,31.0,1,0.317,0.7411,1
LJ500_R148_C041,148,41,681750,9575250,4000,3000,2021,6,2021-06,30,24.2,101.52,227.84,9.7516,27.0,4.0,31.0,1,0.3635,0.8206,1
LJ500_R148_C042,148,42,682250,9575250,4500,3000,2021,6,2021-06,30,24.2,101.52,227.84,9.7516,27.0,4.0,31.0,1,0.4037,0.8752,1
LJ500_R149_C033,149,33,677750,9575750,0,3500,2021,6,2021-06,30,23.04,100.81,239.05,9.0669,27.0,4.0,31.0,1,0.4799,0.9819,1
LJ500_R149_C034,149,34,678250,9575750,500,3500,2021,6,2021-06,30,24.2,101.52,227.84,9.7516,27.0,4.0,31.0,1,0.5032,1.0,1
LJ500_R149_C035,149,35,678750,9575750,1000,3500,2021,6,2021-06,30,24.2,101.52,227.84,9.7516,27.0,4.0,31.0,1,0.4317,0.9323,1
LJ500_R149_C036,149,36,679250,9575750,1500,3500,2021,6,2021-06,30,24.2,101.52,227.84,9.7516,27.0,4.0,31.0,1,0.4187,0.92,1
LJ500_R149_C037,149,37,679750,9575750,2000,3500,2021,6,2021-06,30,24.2,101.52,227.84,9.7516,27.0,4.0,31.0,1,0.3795,0.8702,1
LJ500_R149_C038,149,38,680250,9575750,2500,3500,2021,6,2021-06,30,24.2,101.52,227.84,9.7516,27.0,4.0,31.0,1,0.3684,0.8498,1
LJ500_R149_C039,149,39,680750,9575750,3000,3500,2021,6,2021-06,30,24.2,101.52,227.84,9.7516,27.0,4.0,31.0,1,0.3032,0.73,1
LJ500_R149_C040,149,40,681250,9575750,3500,3500,2021,6,2021-06,30,24.2,101.52,227.84,9.7516,27.0,4.0,31.0,1,0.3085,0.7446,1
LJ500_R149_C041,149,41,681750,9575750,4000,3500,2021,6,2021-06,30,24.2,101.52,227.84,9.7516,27.0,4.0,31.0,1,0.3213,0.78,1
LJ500_R149_C042,149,42,682250,9575750,4500,3500,2021,6,2021-06,30,24.2,101.52,227.84,9.7516,27.0,4.0,31.0,1,0.3511,0.8021,1
LJ500_R150_C033,150,33,677750,9576250,0,4000,2021,6,2021-06,30,23.03,100.81,239.11,9.0631,27.0,4.0,31.0,1,0.5064,1.0204,1
LJ500_R150_C034,150,34,678250,9576250,500,4000,2021,6,2021-06,30,24.2,101.52,227.84,9.7516,27.0,4.0,31.0,1,0.5335,1.0387,1
LJ500_R150_C035,150,35,678750,9576250,1000,4000,2021,6,2021-06,30,24.2,101.52,227.84,9.7516,27.0,4.0,31.0,1,0.4509,0.9581,1
LJ500_R150_C036,150,36,679250,9576250,1500,4000,2021,6,2021-06,30,24.2,101.52,227.84,9.7516,27.0,4.0,31.0,1,0.4358,0.9433,1
LJ500_R150_C037,150,37,679750,9576250,2000,4000,2021,6,2021-06,30,24.2,101.52,227.84,9.7516,27.0,4.0,31.0,1,0.461,0.9557,1
LJ500_R150_C038,150,38,680250,9576250,2500,4000,2021,6,2021-06,30,24.2,101.52,227.84,9.7516,27.0,4.0,31.0,1,0.4528,0.9439,1
LJ500_R150_C039,150,39,680750,9576250,3000,4000,2021,6,2021-06,30,24.2,101.52,227.84,9.7516,27.0,4.0,31.0,1,0.4016,0.8711,1
LJ500_R150_C040,150,40,681250,9576250,3500,4000,2021,6,2021-06,30,24.2,101.52,227.84,9.7516,27.0,4.0,31.0,1,0.378,0.8471,1
LJ500_R150_C041,150,41,681750,9576250,4000,4000,2021,6,2021-06,30,24.2,101.52,227.84,9.7516,27.0,4.0,31.0,1,0.32,0.7879,1
LJ500_R150_C042,150,42,682250,9576250,4500,4000,2021,6,2021-06,30,24.2,101.52,227.84,9.7516,27.0,4.0,31.0,1,0.3377,0.796,1
LJ500_R151_C033,151,33,677750,9576750,0,4500,2021,6,2021-06,30,23.03,100.81,239.17,9.0593,27.0,4.0,31.0,1,0.5141,1.0316,1
LJ500_R151_C034,151,34,678250,9576750,500,4500,2021,6,2021-06,30,24.2,101.52,227.84,9.7516,27.0,4.0,31.0,1,0.5423,1.05,1
LJ500_R151_C035,151,35,678750,9576750,1000,4500,2021,6,2021-06,30,24.2,101.52,227.84,9.7516,27.0,4.0,31.0,1,0.4566,0.9657,1
LJ500_R151_C036,151,36,679250,9576750,1500,4500,2021,6,2021-06,30,24.2,101.52,227.84,9.7516,27.0,4.0,31.0,1,0.4406,0.95,1
LJ500_R151_C037,151,37,679750,9576750,2000,4500,2021,6,2021-06,30,24.2,101.52,227.84,9.7516,27.0,4.0,31.0,1,0.4838,0.9797,1
LJ500_R151_C038,151,38,680250,9576750,2500,4500,2021,6,2021-06,30,24.2,101.52,227.84,9.7516,27.0,4.0,31.0,1,0.4764,0.9702,1
LJ500_R151_C039,151,39,680750,9576750,3000,4500,2021,6,2021-06,30,24.2,101.52,227.84,9.7516,27.0,4.0,31.0,1,0.4287,0.91,1
LJ500_R151_C040,151,40,681250,9576750,3500,4500,2021,6,2021-06,30,24.2,101.52,227.84,9.7516,27.0,4.0,31.0,1,0.3972,0.8753,1
LJ500_R151_C041,151,41,681750,9576750,4000,4500,2021,6,2021-06,30,24.2,101.52,227.84,9.7516,27.0,4.0,31.0,1,0.3197,0.79,1
LJ500_R151_C042,151,42,682250,9576750,4500,4500,2021,6,2021-06,30,24.2,101.52,227.84,9.7516,27.0,4.0,31.0,1,0.3341,0.7944,1
LJ500_R142_C033,142,33,677750,9572250,0,0,2021,7,2021-07,31,4.2817,21.18,82.06,2.4524,28.64,1.3598,30.0,1,0.5402,0.8823,1
LJ500_R142_C034,142,34,678250,9572250,500,0,2021,7,2021-07,31,6.2973,22.75,80.51,3.6069,28.0,2.0,30.0,1,0.5387,0.8795,1
LJ500_R142_C035,142,35,678750,9572250,1000,0,2021,7,2021-07,31,6.2973,22.75,80.51,3.6069,28.0,2.0,30.0,1,0.4094,0.6987,1
LJ500_R142_C036,142,36,679250,9572250,1500,0,2021,7,2021-07,31,6.2973,22.75,80.51,3.6069,28.0,2.0,30.0,1,0.3872,0.6675,1
LJ500_R142_C037,142,37,679750,9572250,2000,0,2021,7,2021-07,31,6.2973,22.75,80.51,3.6069,28.0,2.0,30.0,1,0.2705,0.4946,1
LJ500_R142_C038,142,38,680250,9572250,2500,0,2021,7,2021-07,31,6.2973,22.75,80.51,3.6069,28.0,2.0,30.0,1,0.3028,0.5425,1
LJ500_R142_C039,142,39,680750,9572250,3000,0,2021,7,2021-07,31,6.2973,22.75,80.51,3.6069,28.0,2.0,30.0,1,0.4755,0.7984,1
LJ500_R142_C040,142,40,681250,9572250,3500,0,2021,7,2021-07,31,6.2973,22.75,80.51,3.6069,28.0,2.0,30.0,1,0.4899,0.8099,1
LJ500_R142_C041,142,41,681750,9572250,4000,0,2021,7,2021-07,31,6.2973,22.75,80.51,3.6069,28.0,2.0,30.0,1,0.5225,0.8363,1
LJ500_R142_C042,142,42,682250,9572250,4500,0,2021,7,2021-07,31,6.2973,22.75,80.51,3.6069,28.0,2.0,30.0,1,0.516,0.8374,1
LJ500_R143_C033,143,33,677750,9572750,0,500,2021,7,2021-07,31,4.2698,21.17,82.07,2.4456,28.64,1.3561,30.0,1,0.4999,0.8124,1
LJ500_R143_C034,143,34,678250,9572750,500,500,2021,7,2021-07,31,6.2973,22.75,80.51,3.6069,28.0,2.0,30.0,1,0.4687,0.76,1
LJ500_R143_C035,143,35,678750,9572750,1000,500,2021,7,2021-07,31,6.2973,22.75,80.51,3.6069,28.0,2.0,30.0,1,0.336,0.5799,1
LJ500_R143_C036,143,36,679250,9572750,1500,500,2021,7,2021-07,31,6.2973,22.75,80.51,3.6069,28.0,2.0,30.0,1,0.3138,0.5498,1
LJ500_R143_C037,143,37,679750,9572750,2000,500,2021,7,2021-07,31,6.2973,22.75,80.51,3.6069,28.0,2.0,30.0,1,0.2883,0.52,1
LJ500_R143_C038,143,38,680250,9572750,2500,500,2021,7,2021-07,31,6.2973,22.75,80.51,3.6069,28.0,2.0,30.0,1,0.3173,0.562,1
LJ500_R143_C039,143,39,680750,9572750,3000,500,2021,7,2021-07,31,6.2973,22.75,80.51,3.6069,28.0,2.0,30.0,1,0.4743,0.79,1
LJ500_R143_C040,143,40,681250,9572750,3500,500,2021,7,2021-07,31,6.2973,22.75,80.51,3.6069,28.0,2.0,30.0,1,0.492,0.8783,1
LJ500_R143_C041,143,41,681750,9572750,4000,500,2021,7,2021-07,31,6.2973,22.75,80.51,3.6069,28.0,2.0,30.0,1,0.5323,1.08,1
LJ500_R143_C042,143,42,682250,9572750,4500,500,2021,7,2021-07,31,6.2973,22.75,80.51,3.6069,28.0,2.0,30.0,1,0.5227,1.1299,1
LJ500_R144_C033,144,33,677750,9573250,0,1000,2021,7,2021-07,31,4.2579,21.17,82.08,2.4388,28.65,1.3523,30.0,1,0.4891,0.7962,1
LJ500_R144_C034,144,34,678250,9573250,500,1000,2021,7,2021-07,31,6.2973,22.75,80.51,3.6069,28.0,2.0,30.0,1,0.459,0.7479,1
LJ500_R144_C035,144,35,678750,9573250,1000,1000,2021,7,2021-07,31,6.2973,22.75,80.51,3.6069,28.0,2.0,30.0,1,0.3508,0.602,1
LJ500_R144_C036,144,36,679250,9573250,1500,1000,2021,7,2021-07,31,6.2973,22.75,80.51,3.6069,28.0,2.0,30.0,1,0.3326,0.5774,1
LJ500_R144_C037,144,37,679750,9573250,2000,1000,2021,7,2021-07,31,6.2973,22.75,80.51,3.6069,28.0,2.0,30.0,1,0.2924,0.5231,1
LJ500_R144_C038,144,38,680250,9573250,2500,1000,2021,7,2021-07,31,6.2973,22.75,80.51,3.6069,28.0,2.0,30.0,1,0.3167,0.5584,1
LJ500_R144_C039,144,39,680750,9573250,3000,1000,2021,7,2021-07,31,6.2973,22.75,80.51,3.6069,28.0,2.0,30.0,1,0.4508,0.7525,1
LJ500_R144_C040,144,40,681250,9573250,3500,1000,2021,7,2021-07,31,6.2973,22.75,80.51,3.6069,28.0,2.0,30.0,1,0.4739,0.8247,1
LJ500_R144_C041,144,41,681750,9573250,4000,1000,2021,7,2021-07,31,6.2973,22.75,80.51,3.6069,28.0,2.0,30.0,1,0.5277,0.9913,1
LJ500_R144_C042,144,42,682250,9573250,4500,1000,2021,7,2021-07,31,6.2973,22.75,80.51,3.6069,28.0,2.0,30.0,1,0.5154,1.0908,1
LJ500_R145_C033,145,33,677750,9573750,0,1500,2021,7,2021-07,31,4.2461,21.16,82.09,2.432,28.65,1.3485,30.0,1,0.4637,0.7583,1
LJ500_R145_C034,145,34,678250,9573750,500,1500,2021,7,2021-07,31,6.2973,22.75,80.51,3.6069,28.0,2.0,30.0,1,0.4367,0.72,1
LJ500_R145_C035,145,35,678750,9573750,1000,1500,2021,7,2021-07,31,6.2973,22.75,80.51,3.6069,28.0,2.0,30.0,1,0.384,0.6517,1
LJ500_R145_C036,145,36,679250,9573750,1500,1500,2021,7,2021-07,31,6.2973,22.75,80.51,3.6069,28.0,2.0,30.0,1,0.3748,0.6397,1
LJ500_R145_C037,145,37,679750,9573750,2000,1500,2021,7,2021-07,31,6.2973,22.75,80.51,3.6069,28.0,2.0,30.0,1,0.3013,0.53,1
LJ500_R145_C038,145,38,680250,9573750,2500,1500,2021,7,2021-07,31,6.2973,22.75,80.51,3.6069,28.0,2.0,30.0,1,0.3162,0.5512,1
LJ500_R145_C039,145,39,680750,9573750,3000,1500,2021,7,2021-07,31,6.2973,22.75,80.51,3.6069,28.0,2.0,30.0,1,0.399,0.67,1
LJ500_R145_C040,145,40,681250,9573750,3500,1500,2021,7,2021-07,31,6.2973,22.75,80.51,3.6069,28.0,2.0,30.0,1,0.4347,0.7091,1
LJ500_R145_C041,145,41,681750,9573750,4000,1500,2021,7,2021-07,31,6.2973,22.75,80.51,3.6069,28.0,2.0,30.0,1,0.5177,0.8,1
LJ500_R145_C042,145,42,682250,9573750,4500,1500,2021,7,2021-07,31,6.2973,22.75,80.51,3.6069,28.0,2.0,30.0,1,0.4998,1.0067,1
LJ500_R146_C033,146,33,677750,9574250,0,2000,2021,7,2021-07,31,5.1397,24.68,92.83,2.9004,28.66,1.3448,30.0,1,0.5033,0.8183,1
LJ500_R146_C034,146,34,678250,9574250,500,2000,2021,7,2021-07,31,7.6499,27.43,93.6,4.3167,28.0,2.0,30.0,1,0.4865,0.7937,1
LJ500_R146_C035,146,35,678750,9574250,1000,2000,2021,7,2021-07,31,7.6559,27.45,93.65,4.3198,28.0,2.0,30.0,1,0.4238,0.6982,1
LJ500_R146_C036,146,36,679250,9574250,1500,2000,2021,7,2021-07,31,7.6618,27.47,93.71,4.323,28.0,2.0,30.0,1,0.413,0.6817,1
LJ500_R146_C037,146,37,679750,9574250,2000,2000,2021,7,2021-07,31,7.6678,27.49,93.77,4.3261,28.0,2.0,30.0,1,0.3414,0.5859,1
LJ500_R146_C038,146,38,680250,9574250,2500,2000,2021,7,2021-07,31,7.6738,27.51,93.83,4.3292,28.0,2.0,30.0,1,0.3441,0.5903,1
LJ500_R146_C039,146,39,680750,9574250,3000,2000,2021,7,2021-07,31,7.6798,27.54,93.88,4.3324,28.0,2.0,30.0,1,0.3584,0.6136,1
LJ500_R146_C040,146,40,681250,9574250,3500,2000,2021,7,2021-07,31,7.6858,27.56,93.94,4.3355,28.0,2.0,30.0,1,0.4016,0.6649,1
LJ500_R146_C041,146,41,681750,9574250,4000,2000,2021,7,2021-07,31,7.6918,27.58,94.0,4.3387,28.0,2.0,30.0,1,0.5035,0.7858,1
LJ500_R146_C042,146,42,682250,9574250,4500,2000,2021,7,2021-07,31,7.6978,27.6,94.06,4.3419,28.0,2.0,30.0,1,0.4982,0.9894,1
LJ500_R147_C033,147,33,677750,9574750,0,2500,2021,7,2021-07,31,6.3337,29.39,107.16,3.5264,28.66,1.341,30.0,1,0.5499,0.889,1
LJ500_R147_C034,147,34,678250,9574750,500,2500,2021,7,2021-07,31,9.4458,33.65,110.97,5.2592,28.0,2.0,30.0,1,0.545,0.88,1
LJ500_R147_C035,147,35,678750,9574750,1000,2500,2021,7,2021-07,31,9.4458,33.65,110.97,5.2592,28.0,2.0,30.0,1,0.4702,0.7525,1
LJ500_R147_C036,147,36,679250,9574750,1500,2500,2021,7,2021-07,31,9.4458,33.65,110.97,5.2592,28.0,2.0,30.0,1,0.457,0.73,1
LJ500_R147_C037,147,37,679750,9574750,2000,2500,2021,7,2021-07,31,9.4458,33.65,110.97,5.2592,28.0,2.0,30.0,1,0.3874,0.6501,1
LJ500_R147_C038,147,38,680250,9574750,2500,2500,2021,7,2021-07,31,9.4458,33.65,110.97,5.2592,28.0,2.0,30.0,1,0.3763,0.6352,1
LJ500_R147_C039,147,39,680750,9574750,3000,2500,2021,7,2021-07,31,9.4458,33.65,110.97,5.2592,28.0,2.0,30.0,1,0.3127,0.55,1
LJ500_R147_C040,147,40,681250,9574750,3500,2500,2021,7,2021-07,31,9.4458,33.65,110.97,5.2592,28.0,2.0,30.0,1,0.3646,0.6153,1
LJ500_R147_C041,147,41,681750,9574750,4000,2500,2021,7,2021-07,31,9.4458,33.65,110.97,5.2592,28.0,2.0,30.0,1,0.4877,0.77,1
LJ500_R147_C042,147,42,682250,9574750,4500,2500,2021,7,2021-07,31,9.4458,33.65,110.97,5.2592,28.0,2.0,30.0,1,0.4963,0.9705,1
LJ500_R148_C033,148,33,677750,9575250,0,3000,2021,7,2021-07,31,6.316,29.36,107.13,3.5166,28.66,1.3373,30.0,1,0.5404,0.8674,1
LJ500_R148_C034,148,34,678250,9575250,500,3000,2021,7,2021-07,31,9.4458,33.65,110.97,5.2592,28.0,2.0,30.0,1,0.5518,0.8862,1
LJ500_R148_C035,148,35,678750,9575250,1000,3000,2021,7,2021-07,31,9.4458,33.65,110.97,5.2592,28.0,2.0,30.0,1,0.4829,0.7747,1
LJ500_R148_C036,148,36,679250,9575250,1500,3000,2021,7,2021-07,31,9.4458,33.65,110.97,5.2592,28.0,2.0,30.0,1,0.4707,0.7548,1
LJ500_R148_C037,148,37,679750,9575250,2000,3000,2021,7,2021-07,31,9.4458,33.65,110.97,5.2592,28.0,2.0,30.0,1,0.4186,0.6814,1
LJ500_R148_C038,148,38,680250,9575250,2500,3000,2021,7,2021-07,31,9.4458,33.65,110.97,5.2592,28.0,2.0,30.0,1,0.4055,0.6657,1
LJ500_R148_C039,148,39,680750,9575250,3000,3000,2021,7,2021-07,31,9.4458,33.65,110.97,5.2592,28.0,2.0,30.0,1,0.3292,0.5751,1
LJ500_R148_C040,148,40,681250,9575250,3500,3000,2021,7,2021-07,31,9.4458,33.65,110.97,5.2592,28.0,2.0,30.0,1,0.3543,0.6048,1
LJ500_R148_C041,148,41,681750,9575250,4000,3000,2021,7,2021-07,31,9.4458,33.65,110.97,5.2592,28.0,2.0,30.0,1,0.4141,0.6754,1
LJ500_R148_C042,148,42,682250,9575250,4500,3000,2021,7,2021-07,31,9.4458,33.65,110.97,5.2592,28.0,2.0,30.0,1,0.4381,0.7793,1
LJ500_R149_C033,149,33,677750,9575750,0,3500,2021,7,2021-07,31,6.2983,29.34,107.11,3.5067,28.67,1.3336,30.0,1,0.5343,0.8537,1
LJ500_R149_C034,149,34,678250,9575750,500,3500,2021,7,2021-07,31,9.4458,33.65,110.97,5.2592,28.0,2.0,30.0,1,0.556,0.89,1
LJ500_R149_C035,149,35,678750,9575750,1000,3500,2021,7,2021-07,31,9.4458,33.65,110.97,5.2592,28.0,2.0,30.0,1,0.4908,0.7884,1
LJ500_R149_C036,149,36,679250,9575750,1500,3500,2021,7,2021-07,31,9.4458,33.65,110.97,5.2592,28.0,2.0,30.0,1,0.479,0.77,1
LJ500_R149_C037,149,37,679750,9575750,2000,3500,2021,7,2021-07,31,9.4458,33.65,110.97,5.2592,28.0,2.0,30.0,1,0.4375,0.7003,1
LJ500_R149_C038,149,38,680250,9575750,2500,3500,2021,7,2021-07,31,9.4458,33.65,110.97,5.2592,28.0,2.0,30.0,1,0.4232,0.6841,1
LJ500_R149_C039,149,39,680750,9575750,3000,3500,2021,7,2021-07,31,9.4458,33.65,110.97,5.2592,28.0,2.0,30.0,1,0.339,0.59,1
LJ500_R149_C040,149,40,681250,9575750,3500,3500,2021,7,2021-07,31,9.4458,33.65,110.97,5.2592,28.0,2.0,30.0,1,0.3484,0.5988,1
LJ500_R149_C041,149,41,681750,9575750,4000,3500,2021,7,2021-07,31,9.4458,33.65,110.97,5.2592,28.0,2.0,30.0,1,0.371,0.62,1
LJ500_R149_C042,149,42,682250,9575750,4500,3500,2021,7,2021-07,31,9.4458,33.65,110.97,5.2592,28.0,2.0,30.0,1,0.4041,0.6686,1
LJ500_R150_C033,150,33,677750,9576250,0,4000,2021,7,2021-07,31,6.2807,29.31,107.09,3.4969,28.67,1.3298,30.0,1,0.5526,0.8928,1
LJ500_R150_C034,150,34,678250,9576250,500,4000,2021,7,2021-07,31,9.4458,33.65,110.97,5.2592,28.0,2.0,30.0,1,0.5736,0.9365,1
LJ500_R150_C035,150,35,678750,9576250,1000,4000,2021,7,2021-07,31,9.4458,33.65,110.97,5.2592,28.0,2.0,30.0,1,0.5059,0.8155,1
LJ500_R150_C036,150,36,679250,9576250,1500,4000,2021,7,2021-07,31,9.4458,33.65,110.97,5.2592,28.0,2.0,30.0,1,0.4935,0.7933,1
LJ500_R150_C037,150,37,679750,9576250,2000,4000,2021,7,2021-07,31,9.4458,33.65,110.97,5.2592,28.0,2.0,30.0,1,0.5103,0.8091,1
LJ500_R150_C038,150,38,680250,9576250,2500,4000,2021,7,2021-07,31,9.4458,33.65,110.97,5.2592,28.0,2.0,30.0,1,0.5023,0.7994,1
LJ500_R150_C039,150,39,680750,9576250,3000,4000,2021,7,2021-07,31,9.4458,33.65,110.97,5.2592,28.0,2.0,30.0,1,0.4529,0.7389,1
LJ500_R150_C040,150,40,681250,9576250,3500,4000,2021,7,2021-07,31,9.4458,33.65,110.97,5.2592,28.0,2.0,30.0,1,0.4287,0.7046,1
LJ500_R150_C041,150,41,681750,9576250,4000,4000,2021,7,2021-07,31,9.4458,33.65,110.97,5.2592,28.0,2.0,30.0,1,0.3689,0.62,1
LJ500_R150_C042,150,42,682250,9576250,4500,4000,2021,7,2021-07,31,9.4458,33.65,110.97,5.2592,28.0,2.0,30.0,1,0.3901,0.651,1
LJ500_R151_C033,151,33,677750,9576750,0,4500,2021,7,2021-07,31,6.263,29.29,107.07,3.4871,28.67,1.3261,30.0,1,0.5579,0.9041,1
LJ500_R151_C034,151,34,678250,9576750,500,4500,2021,7,2021-07,31,9.4458,33.65,110.97,5.2592,28.0,2.0,30.0,1,0.5787,0.95,1
LJ500_R151_C035,151,35,678750,9576750,1000,4500,2021,7,2021-07,31,9.4458,33.65,110.97,5.2592,28.0,2.0,30.0,1,0.5104,0.8236,1
LJ500_R151_C036,151,36,679250,9576750,1500,4500,2021,7,2021-07,31,9.4458,33.65,110.97,5.2592,28.0,2.0,30.0,1,0.4977,0.8,1
LJ500_R151_C037,151,37,679750,9576750,2000,4500,2021,7,2021-07,31,9.4458,33.65,110.97,5.2592,28.0,2.0,30.0,1,0.5307,0.8397,1
LJ500_R151_C038,151,38,680250,9576750,2500,4500,2021,7,2021-07,31,9.4458,33.65,110.97,5.2592,28.0,2.0,30.0,1,0.5245,0.8316,1
LJ500_R151_C039,151,39,680750,9576750,3000,4500,2021,7,2021-07,31,9.4458,33.65,110.97,5.2592,28.0,2.0,30.0,1,0.4843,0.78,1
LJ500_R151_C040,151,40,681250,9576750,3500,4500,2021,7,2021-07,31,9.4458,33.65,110.97,5.2592,28.0,2.0,30.0,1,0.4508,0.7337,1
LJ500_R151_C041,151,41,681750,9576750,4000,4500,2021,7,2021-07,31,9.4458,33.65,110.97,5.2592,28.0,2.0,30.0,1,0.3683,0.62,1
LJ500_R151_C042,151,42,682250,9576750,4500,4500,2021,7,2021-07,31,9.4458,33.65,110.97,5.2592,28.0,2.0,30.0,1,0.3863,0.6463,1
LJ500_R142_C033,142,33,677750,9572250,0,0,2021,8,2021-08,32,0.0,4.2817,21.18,0.0,31.0,0.0,31.0,1,0.6133,0.9644,1
LJ500_R142_C034,142,34,678250,9572250,500,0,2021,8,2021-08,32,0.0,6.2973,22.75,0.0,31.0,0.0,31.0,1,0.6062,0.9498,1
LJ500_R142_C035,142,35,678750,9572250,1000,0,2021,8,2021-08,32,0.0,6.2973,22.75,0.0,31.0,0.0,31.0,1,0.4728,0.8426,1
LJ500_R142_C036,142,36,679250,9572250,1500,0,2021,8,2021-08,32,0.0,6.2973,22.75,0.0,31.0,0.0,31.0,1,0.4499,0.8237,1
LJ500_R142_C037,142,37,679750,9572250,2000,0,2021,8,2021-08,32,0.0,6.2973,22.75,0.0,31.0,0.0,31.0,1,0.3389,0.6785,1
LJ500_R142_C038,142,38,680250,9572250,2500,0,2021,8,2021-08,32,0.0,6.2973,22.75,0.0,31.0,0.0,31.0,1,0.3633,0.6989,1
LJ500_R142_C039,142,39,680750,9572250,3000,0,2021,8,2021-08,32,0.0,6.2973,22.75,0.0,31.0,0.0,31.0,1,0.4941,0.8084,1
LJ500_R142_C040,142,40,681250,9572250,3500,0,2021,8,2021-08,32,0.0,6.2973,22.75,0.0,31.0,0.0,31.0,1,0.4742,0.8292,1
LJ500_R142_C041,142,41,681750,9572250,4000,0,2021,8,2021-08,32,0.0,6.2973,22.75,0.0,31.0,0.0,31.0,1,0.4289,0.8764,1
LJ500_R142_C042,142,42,682250,9572250,4500,0,2021,8,2021-08,32,0.0,6.2973,22.75,0.0,31.0,0.0,31.0,1,0.4138,0.8728,1
LJ500_R143_C033,143,33,677750,9572750,0,500,2021,8,2021-08,32,0.0,4.2698,21.17,0.0,31.0,0.0,31.0,1,0.5689,0.922,1
LJ500_R143_C034,143,34,678250,9572750,500,500,2021,8,2021-08,32,0.0,6.2973,22.75,0.0,31.0,0.0,31.0,1,0.5352,0.89,1
LJ500_R143_C035,143,35,678750,9572750,1000,500,2021,8,2021-08,32,0.0,6.2973,22.75,0.0,31.0,0.0,31.0,1,0.4093,0.7613,1
LJ500_R143_C036,143,36,679250,9572750,1500,500,2021,8,2021-08,32,0.0,6.2973,22.75,0.0,31.0,0.0,31.0,1,0.3881,0.7395,1
LJ500_R143_C037,143,37,679750,9572750,2000,500,2021,8,2021-08,32,0.0,6.2973,22.75,0.0,31.0,0.0,31.0,1,0.3487,0.67,1
LJ500_R143_C038,143,38,680250,9572750,2500,500,2021,8,2021-08,32,0.0,6.2973,22.75,0.0,31.0,0.0,31.0,1,0.3704,0.6902,1
LJ500_R143_C039,143,39,680750,9572750,3000,500,2021,8,2021-08,32,0.0,6.2973,22.75,0.0,31.0,0.0,31.0,1,0.4884,0.8,1
LJ500_R143_C040,143,40,681250,9572750,3500,500,2021,8,2021-08,32,0.0,6.2973,22.75,0.0,31.0,0.0,31.0,1,0.4396,0.8335,1
LJ500_R143_C041,143,41,681750,9572750,4000,500,2021,8,2021-08,32,0.0,6.2973,22.75,0.0,31.0,0.0,31.0,1,0.3281,0.91,1
LJ500_R143_C042,143,42,682250,9572750,4500,500,2021,8,2021-08,32,0.0,6.2973,22.75,0.0,31.0,0.0,31.0,1,0.3186,0.8873,1
LJ500_R144_C033,144,33,677750,9573250,0,1000,2021,8,2021-08,32,0.0,4.2579,21.17,0.0,31.0,0.0,31.0,1,0.557,0.911,1
LJ500_R144_C034,144,34,678250,9573250,500,1000,2021,8,2021-08,32,0.0,6.2973,22.75,0.0,31.0,0.0,31.0,1,0.5238,0.8779,1
LJ500_R144_C035,144,35,678750,9573250,1000,1000,2021,8,2021-08,32,0.0,6.2973,22.75,0.0,31.0,0.0,31.0,1,0.4175,0.7625,1
LJ500_R144_C036,144,36,679250,9573250,1500,1000,2021,8,2021-08,32,0.0,6.2973,22.75,0.0,31.0,0.0,31.0,1,0.3994,0.7427,1
LJ500_R144_C037,144,37,679750,9573250,2000,1000,2021,8,2021-08,32,0.0,6.2973,22.75,0.0,31.0,0.0,31.0,1,0.3501,0.6638,1
LJ500_R144_C038,144,38,680250,9573250,2500,1000,2021,8,2021-08,32,0.0,6.2973,22.75,0.0,31.0,0.0,31.0,1,0.3681,0.6799,1
LJ500_R144_C039,144,39,680750,9573250,3000,1000,2021,8,2021-08,32,0.0,6.2973,22.75,0.0,31.0,0.0,31.0,1,0.4671,0.7687,1
LJ500_R144_C040,144,40,681250,9573250,3500,1000,2021,8,2021-08,32,0.0,6.2973,22.75,0.0,31.0,0.0,31.0,1,0.4351,0.8066,1
LJ500_R144_C041,144,41,681750,9573250,4000,1000,2021,8,2021-08,32,0.0,6.2973,22.75,0.0,31.0,0.0,31.0,1,0.362,0.8942,1
LJ500_R144_C042,144,42,682250,9573250,4500,1000,2021,8,2021-08,32,0.0,6.2973,22.75,0.0,31.0,0.0,31.0,1,0.3497,0.8931,1
LJ500_R145_C033,145,33,677750,9573750,0,1500,2021,8,2021-08,32,0.0,4.2461,21.16,0.0,31.0,0.0,31.0,1,0.5293,0.8854,1
LJ500_R145_C034,145,34,678250,9573750,500,1500,2021,8,2021-08,32,0.0,6.2973,22.75,0.0,31.0,0.0,31.0,1,0.4977,0.85,1
LJ500_R145_C035,145,35,678750,9573750,1000,1500,2021,8,2021-08,32,0.0,6.2973,22.75,0.0,31.0,0.0,31.0,1,0.4358,0.7646,1
LJ500_R145_C036,145,36,679250,9573750,1500,1500,2021,8,2021-08,32,0.0,6.2973,22.75,0.0,31.0,0.0,31.0,1,0.425,0.7497,1
LJ500_R145_C037,145,37,679750,9573750,2000,1500,2021,8,2021-08,32,0.0,6.2973,22.75,0.0,31.0,0.0,31.0,1,0.3532,0.65,1
LJ500_R145_C038,145,38,680250,9573750,2500,1500,2021,8,2021-08,32,0.0,6.2973,22.75,0.0,31.0,0.0,31.0,1,0.3634,0.6576,1
LJ500_R145_C039,145,39,680750,9573750,3000,1500,2021,8,2021-08,32,0.0,6.2973,22.75,0.0,31.0,0.0,31.0,1,0.4203,0.7,1
LJ500_R145_C040,145,40,681250,9573750,3500,1500,2021,8,2021-08,32,0.0,6.2973,22.75,0.0,31.0,0.0,31.0,1,0.4248,0.7481,1
LJ500_R145_C041,145,41,681750,9573750,4000,1500,2021,8,2021-08,32,0.0,6.2973,22.75,0.0,31.0,0.0,31.0,1,0.4352,0.86,1
LJ500_R145_C042,145,42,682250,9573750,4500,1500,2021,8,2021-08,32,0.0,6.2973,22.75,0.0,31.0,0.0,31.0,1,0.4163,0.9049,1
LJ500_R146_C033,146,33,677750,9574250,0,2000,2021,8,2021-08,32,0.0,5.1397,24.68,0.0,31.0,0.0,31.0,1,0.5633,0.91,1
LJ500_R146_C034,146,34,678250,9574250,500,2000,2021,8,2021-08,32,0.0,7.6499,27.43,0.0,31.0,0.0,31.0,1,0.5417,0.8868,1
LJ500_R146_C035,146,35,678750,9574250,1000,2000,2021,8,2021-08,32,0.0,7.6559,27.45,0.0,31.0,0.0,31.0,1,0.4715,0.786,1
LJ500_R146_C036,146,36,679250,9574250,1500,2000,2021,8,2021-08,32,0.0,7.6618,27.47,0.0,31.0,0.0,31.0,1,0.4594,0.7685,1
LJ500_R146_C037,146,37,679750,9574250,2000,2000,2021,8,2021-08,32,0.0,7.6678,27.49,0.0,31.0,0.0,31.0,1,0.3813,0.664,1
LJ500_R146_C038,146,38,680250,9574250,2500,2000,2021,8,2021-08,32,0.0,7.6738,27.51,0.0,31.0,0.0,31.0,1,0.3813,0.6617,1
LJ500_R146_C039,146,39,680750,9574250,3000,2000,2021,8,2021-08,32,0.0,7.6798,27.54,0.0,31.0,0.0,31.0,1,0.38,0.6483,1
LJ500_R146_C040,146,40,681250,9574250,3500,2000,2021,8,2021-08,32,0.0,7.6858,27.56,0.0,31.0,0.0,31.0,1,0.3972,0.6973,1
LJ500_R146_C041,146,41,681750,9574250,4000,2000,2021,8,2021-08,32,0.0,7.6918,27.58,0.0,31.0,0.0,31.0,1,0.4381,0.8126,1
LJ500_R146_C042,146,42,682250,9574250,4500,2000,2021,8,2021-08,32,0.0,7.6978,27.6,0.0,31.0,0.0,31.0,1,0.4054,0.8572,1
LJ500_R147_C033,147,33,677750,9574750,0,2500,2021,8,2021-08,32,0.0,6.3337,29.39,0.0,31.0,0.0,31.0,1,0.6033,0.939,1
LJ500_R147_C034,147,34,678250,9574750,500,2500,2021,8,2021-08,32,0.0,9.4458,33.65,0.0,31.0,0.0,31.0,1,0.5932,0.93,1
LJ500_R147_C035,147,35,678750,9574750,1000,2500,2021,8,2021-08,32,0.0,9.4458,33.65,0.0,31.0,0.0,31.0,1,0.5131,0.811,1
LJ500_R147_C036,147,36,679250,9574750,1500,2500,2021,8,2021-08,32,0.0,9.4458,33.65,0.0,31.0,0.0,31.0,1,0.499,0.79,1
LJ500_R147_C037,147,37,679750,9574750,2000,2500,2021,8,2021-08,32,0.0,9.4458,33.65,0.0,31.0,0.0,31.0,1,0.4136,0.6801,1
LJ500_R147_C038,147,38,680250,9574750,2500,2500,2021,8,2021-08,32,0.0,9.4458,33.65,0.0,31.0,0.0,31.0,1,0.4019,0.6667,1
LJ500_R147_C039,147,39,680750,9574750,3000,2500,2021,8,2021-08,32,0.0,9.4458,33.65,0.0,31.0,0.0,31.0,1,0.3345,0.59,1
LJ500_R147_C040,147,40,681250,9574750,3500,2500,2021,8,2021-08,32,0.0,9.4458,33.65,0.0,31.0,0.0,31.0,1,0.3662,0.6404,1
LJ500_R147_C041,147,41,681750,9574750,4000,2500,2021,8,2021-08,32,0.0,9.4458,33.65,0.0,31.0,0.0,31.0,1,0.4413,0.76,1
LJ500_R147_C042,147,42,682250,9574750,4500,2500,2021,8,2021-08,32,0.0,9.4458,33.65,0.0,31.0,0.0,31.0,1,0.3936,0.8046,1
LJ500_R148_C033,148,33,677750,9575250,0,3000,2021,8,2021-08,32,0.0,6.316,29.36,0.0,31.0,0.0,31.0,1,0.5855,0.9298,1
LJ500_R148_C034,148,34,678250,9575250,500,3000,2021,8,2021-08,32,0.0,9.4458,33.65,0.0,31.0,0.0,31.0,1,0.5892,0.93,1
LJ500_R148_C035,148,35,678750,9575250,1000,3000,2021,8,2021-08,32,0.0,9.4458,33.65,0.0,31.0,0.0,31.0,1,0.5212,0.8217,1
LJ500_R148_C036,148,36,679250,9575250,1500,3000,2021,8,2021-08,32,0.0,9.4458,33.65,0.0,31.0,0.0,31.0,1,0.5091,0.8024,1
LJ500_R148_C037,148,37,679750,9575250,2000,3000,2021,8,2021-08,32,0.0,9.4458,33.65,0.0,31.0,0.0,31.0,1,0.4431,0.7176,1
LJ500_R148_C038,148,38,680250,9575250,2500,3000,2021,8,2021-08,32,0.0,9.4458,33.65,0.0,31.0,0.0,31.0,1,0.4284,0.6998,1
LJ500_R148_C039,148,39,680750,9575250,3000,3000,2021,8,2021-08,32,0.0,9.4458,33.65,0.0,31.0,0.0,31.0,1,0.3434,0.5963,1
LJ500_R148_C040,148,40,681250,9575250,3500,3000,2021,8,2021-08,32,0.0,9.4458,33.65,0.0,31.0,0.0,31.0,1,0.3587,0.6205,1
LJ500_R148_C041,148,41,681750,9575250,4000,3000,2021,8,2021-08,32,0.0,9.4458,33.65,0.0,31.0,0.0,31.0,1,0.3949,0.678,1
LJ500_R148_C042,148,42,682250,9575250,4500,3000,2021,8,2021-08,32,0.0,9.4458,33.65,0.0,31.0,0.0,31.0,1,0.3865,0.7109,1
LJ500_R149_C033,149,33,677750,9575750,0,3500,2021,8,2021-08,32,0.0,6.2983,29.34,0.0,31.0,0.0,31.0,1,0.5742,0.924,1
LJ500_R149_C034,149,34,678250,9575750,500,3500,2021,8,2021-08,32,0.0,9.4458,33.65,0.0,31.0,0.0,31.0,1,0.5868,0.93,1
LJ500_R149_C035,149,35,678750,9575750,1000,3500,2021,8,2021-08,32,0.0,9.4458,33.65,0.0,31.0,0.0,31.0,1,0.5262,0.8284,1
LJ500_R149_C036,149,36,679250,9575750,1500,3500,2021,8,2021-08,32,0.0,9.4458,33.65,0.0,31.0,0.0,31.0,1,0.5152,0.81,1
LJ500_R149_C037,149,37,679750,9575750,2000,3500,2021,8,2021-08,32,0.0,9.4458,33.65,0.0,31.0,0.0,31.0,1,0.4609,0.7403,1
LJ500_R149_C038,149,38,680250,9575750,2500,3500,2021,8,2021-08,32,0.0,9.4458,33.65,0.0,31.0,0.0,31.0,1,0.4445,0.7198,1
LJ500_R149_C039,149,39,680750,9575750,3000,3500,2021,8,2021-08,32,0.0,9.4458,33.65,0.0,31.0,0.0,31.0,1,0.3487,0.6,1
LJ500_R149_C040,149,40,681250,9575750,3500,3500,2021,8,2021-08,32,0.0,9.4458,33.65,0.0,31.0,0.0,31.0,1,0.3543,0.6088,1
LJ500_R149_C041,149,41,681750,9575750,4000,3500,2021,8,2021-08,32,0.0,9.4458,33.65,0.0,31.0,0.0,31.0,1,0.3677,0.63,1
LJ500_R149_C042,149,42,682250,9575750,4500,3500,2021,8,2021-08,32,0.0,9.4458,33.65,0.0,31.0,0.0,31.0,1,0.3823,0.6565,1
LJ500_R150_C033,150,33,677750,9576250,0,4000,2021,8,2021-08,32,0.0,6.2807,29.31,0.0,31.0,0.0,31.0,1,0.5637,0.9263,1
LJ500_R150_C034,150,34,678250,9576250,500,4000,2021,8,2021-08,32,0.0,9.4458,33.65,0.0,31.0,0.0,31.0,1,0.5643,0.93,1
LJ500_R150_C035,150,35,678750,9576250,1000,4000,2021,8,2021-08,32,0.0,9.4458,33.65,0.0,31.0,0.0,31.0,1,0.53,0.8418,1
LJ500_R150_C036,150,36,679250,9576250,1500,4000,2021,8,2021-08,32,0.0,9.4458,33.65,0.0,31.0,0.0,31.0,1,0.5237,0.8256,1
LJ500_R150_C037,150,37,679750,9576250,2000,4000,2021,8,2021-08,32,0.0,9.4458,33.65,0.0,31.0,0.0,31.0,1,0.4888,0.8103,1
LJ500_R150_C038,150,38,680250,9576250,2500,4000,2021,8,2021-08,32,0.0,9.4458,33.65,0.0,31.0,0.0,31.0,1,0.4818,0.7994,1
LJ500_R150_C039,150,39,680750,9576250,3000,4000,2021,8,2021-08,32,0.0,9.4458,33.65,0.0,31.0,0.0,31.0,1,0.4405,0.7333,1
LJ500_R150_C040,150,40,681250,9576250,3500,4000,2021,8,2021-08,32,0.0,9.4458,33.65,0.0,31.0,0.0,31.0,1,0.4176,0.6989,1
LJ500_R150_C041,150,41,681750,9576250,4000,4000,2021,8,2021-08,32,0.0,9.4458,33.65,0.0,31.0,0.0,31.0,1,0.3611,0.6142,1
LJ500_R150_C042,150,42,682250,9576250,4500,4000,2021,8,2021-08,32,0.0,9.4458,33.65,0.0,31.0,0.0,31.0,1,0.3717,0.6336,1
LJ500_R151_C033,151,33,677750,9576750,0,4500,2021,8,2021-08,32,0.0,6.263,29.29,0.0,31.0,0.0,31.0,1,0.5606,0.9269,1
LJ500_R151_C034,151,34,678250,9576750,500,4500,2021,8,2021-08,32,0.0,9.4458,33.65,0.0,31.0,0.0,31.0,1,0.5577,0.93,1
LJ500_R151_C035,151,35,678750,9576750,1000,4500,2021,8,2021-08,32,0.0,9.4458,33.65,0.0,31.0,0.0,31.0,1,0.5311,0.8457,1
LJ500_R151_C036,151,36,679250,9576750,1500,4500,2021,8,2021-08,32,0.0,9.4458,33.65,0.0,31.0,0.0,31.0,1,0.5261,0.83,1
LJ500_R151_C037,151,37,679750,9576750,2000,4500,2021,8,2021-08,32,0.0,9.4458,33.65,0.0,31.0,0.0,31.0,1,0.4967,0.83,1
LJ500_R151_C038,151,38,680250,9576750,2500,4500,2021,8,2021-08,32,0.0,9.4458,33.65,0.0,31.0,0.0,31.0,1,0.4922,0.8216,1
LJ500_R151_C039,151,39,680750,9576750,3000,4500,2021,8,2021-08,32,0.0,9.4458,33.65,0.0,31.0,0.0,31.0,1,0.4658,0.77,1
LJ500_R151_C040,151,40,681250,9576750,3500,4500,2021,8,2021-08,32,0.0,9.4458,33.65,0.0,31.0,0.0,31.0,1,0.435,0.7237,1
LJ500_R151_C041,151,41,681750,9576750,4000,4500,2021,8,2021-08,32,0.0,9.4458,33.65,0.0,31.0,0.0,31.0,1,0.3594,0.61,1
LJ500_R151_C042,151,42,682250,9576750,4500,4500,2021,8,2021-08,32,0.0,9.4458,33.65,0.0,31.0,0.0,31.0,1,0.3688,0.6275,1
LJ500_R142_C033,142,33,677750,9572250,0,0,2021,9,2021-09,33,8.1062,8.1062,12.39,4.2166,28.0,3.0,31.0,1,0.6188,1.1166,1
LJ500_R142_C034,142,34,678250,9572250,500,0,2021,9,2021-09,33,9.5181,9.5181,15.82,4.7591,28.0,3.0,31.0,1,0.6204,1.0915,1
LJ500_R142_C035,142,35,678750,9572250,1000,0,2021,9,2021-09,33,9.5181,9.5181,15.82,4.7591,28.0,3.0,31.0,1,0.4386,1.0246,1
LJ500_R142_C036,142,36,679250,9572250,1500,0,2021,9,2021-09,33,9.5181,9.5181,15.82,4.7591,28.0,3.0,31.0,1,0.4077,1.012,1
LJ500_R142_C037,142,37,679750,9572250,2000,0,2021,9,2021-09,33,9.5181,9.5181,15.82,4.7591,28.0,3.0,31.0,1,0.2822,0.84,1
LJ500_R142_C038,142,38,680250,9572250,2500,0,2021,9,2021-09,33,9.5181,9.5181,15.82,4.7591,28.0,3.0,31.0,1,0.3239,0.8539,1
LJ500_R142_C039,142,39,680750,9572250,3000,0,2021,9,2021-09,33,9.5181,9.5181,15.82,4.7591,28.0,3.0,31.0,1,0.5467,0.9284,1
LJ500_R142_C040,142,40,681250,9572250,3500,0,2021,9,2021-09,33,9.5181,9.5181,15.82,4.7591,28.0,3.0,31.0,1,0.5702,1.0029,1
LJ500_R142_C041,142,41,681750,9572250,4000,0,2021,9,2021-09,33,9.5181,9.5181,15.82,4.7591,28.0,3.0,31.0,1,0.6236,1.1719,1
LJ500_R142_C042,142,42,682250,9572250,4500,0,2021,9,2021-09,33,9.5181,9.5181,15.82,4.7591,28.0,3.0,31.0,1,0.6131,1.1692,1
LJ500_R143_C033,143,33,677750,9572750,0,500,2021,9,2021-09,33,8.0979,8.0979,12.37,4.2134,28.0,3.0,31.0,1,0.5593,1.1029,1
LJ500_R143_C034,143,34,678250,9572750,500,500,2021,9,2021-09,33,9.5181,9.5181,15.82,4.7591,28.0,3.0,31.0,1,0.5116,1.1,1
LJ500_R143_C035,143,35,678750,9572750,1000,500,2021,9,2021-09,33,9.5181,9.5181,15.82,4.7591,28.0,3.0,31.0,1,0.3517,0.9456,1
LJ500_R143_C036,143,36,679250,9572750,1500,500,2021,9,2021-09,33,9.5181,9.5181,15.82,4.7591,28.0,3.0,31.0,1,0.325,0.9195,1
LJ500_R143_C037,143,37,679750,9572750,2000,500,2021,9,2021-09,33,9.5181,9.5181,15.82,4.7591,28.0,3.0,31.0,1,0.2997,0.84,1
LJ500_R143_C038,143,38,680250,9572750,2500,500,2021,9,2021-09,33,9.5181,9.5181,15.82,4.7591,28.0,3.0,31.0,1,0.3383,0.8524,1
LJ500_R143_C039,143,39,680750,9572750,3000,500,2021,9,2021-09,33,9.5181,9.5181,15.82,4.7591,28.0,3.0,31.0,1,0.5481,0.92,1
LJ500_R143_C040,143,40,681250,9572750,3500,500,2021,9,2021-09,33,9.5181,9.5181,15.82,4.7591,28.0,3.0,31.0,1,0.5799,1.0479,1
LJ500_R143_C041,143,41,681750,9572750,4000,500,2021,9,2021-09,33,9.5181,9.5181,15.82,4.7591,28.0,3.0,31.0,1,0.6526,1.34,1
LJ500_R143_C042,143,42,682250,9572750,4500,500,2021,9,2021-09,33,9.5181,9.5181,15.82,4.7591,28.0,3.0,31.0,1,0.6361,1.3445,1
LJ500_R144_C033,144,33,677750,9573250,0,1000,2021,9,2021-09,33,8.0896,8.0896,12.35,4.2102,28.0,3.0,31.0,1,0.544,1.0962,1
LJ500_R144_C034,144,34,678250,9573250,500,1000,2021,9,2021-09,33,9.5181,9.5181,15.82,4.7591,28.0,3.0,31.0,1,0.4991,1.0879,1
LJ500_R144_C035,144,35,678750,9573250,1000,1000,2021,9,2021-09,33,9.5181,9.5181,15.82,4.7591,28.0,3.0,31.0,1,0.3683,0.9546,1
LJ500_R144_C036,144,36,679250,9573250,1500,1000,2021,9,2021-09,33,9.5181,9.5181,15.82,4.7591,28.0,3.0,31.0,1,0.3463,0.9318,1
LJ500_R144_C037,144,37,679750,9573250,2000,1000,2021,9,2021-09,33,9.5181,9.5181,15.82,4.7591,28.0,3.0,31.0,1,0.3039,0.84,1
LJ500_R144_C038,144,38,680250,9573250,2500,1000,2021,9,2021-09,33,9.5181,9.5181,15.82,4.7591,28.0,3.0,31.0,1,0.3363,0.8499,1
LJ500_R144_C039,144,39,680750,9573250,3000,1000,2021,9,2021-09,33,9.5181,9.5181,15.82,4.7591,28.0,3.0,31.0,1,0.5143,0.9044,1
LJ500_R144_C040,144,40,681250,9573250,3500,1000,2021,9,2021-09,33,9.5181,9.5181,15.82,4.7591,28.0,3.0,31.0,1,0.5528,1.018,1
LJ500_R144_C041,144,41,681750,9573250,4000,1000,2021,9,2021-09,33,9.5181,9.5181,15.82,4.7591,28.0,3.0,31.0,1,0.6421,1.2798,1
LJ500_R144_C042,144,42,682250,9573250,4500,1000,2021,9,2021-09,33,9.5181,9.5181,15.82,4.7591,28.0,3.0,31.0,1,0.6271,1.307,1
LJ500_R145_C033,145,33,677750,9573750,0,1500,2021,9,2021-09,33,8.0813,8.0813,12.33,4.207,28.0,3.0,31.0,1,0.508,1.0806,1
LJ500_R145_C034,145,34,678250,9573750,500,1500,2021,9,2021-09,33,9.5181,9.5181,15.82,4.7591,28.0,3.0,31.0,1,0.4703,1.06,1
LJ500_R145_C035,145,35,678750,9573750,1000,1500,2021,9,2021-09,33,9.5181,9.5181,15.82,4.7591,28.0,3.0,31.0,1,0.4056,0.9746,1
LJ500_R145_C036,145,36,679250,9573750,1500,1500,2021,9,2021-09,33,9.5181,9.5181,15.82,4.7591,28.0,3.0,31.0,1,0.3943,0.9596,1
LJ500_R145_C037,145,37,679750,9573750,2000,1500,2021,9,2021-09,33,9.5181,9.5181,15.82,4.7591,28.0,3.0,31.0,1,0.3132,0.84,1
LJ500_R145_C038,145,38,680250,9573750,2500,1500,2021,9,2021-09,33,9.5181,9.5181,15.82,4.7591,28.0,3.0,31.0,1,0.3325,0.8446,1
LJ500_R145_C039,145,39,680750,9573750,3000,1500,2021,9,2021-09,33,9.5181,9.5181,15.82,4.7591,28.0,3.0,31.0,1,0.44,0.87,1
LJ500_R145_C040,145,40,681250,9573750,3500,1500,2021,9,2021-09,33,9.5181,9.5181,15.82,4.7591,28.0,3.0,31.0,1,0.4939,0.9542,1
LJ500_R145_C041,145,41,681750,9573750,4000,1500,2021,9,2021-09,33,9.5181,9.5181,15.82,4.7591,28.0,3.0,31.0,1,0.6194,1.15,1
LJ500_R145_C042,145,42,682250,9573750,4500,1500,2021,9,2021-09,33,9.5181,9.5181,15.82,4.7591,28.0,3.0,31.0,1,0.6078,1.2264,1
LJ500_R146_C033,146,33,677750,9574250,0,2000,2021,9,2021-09,33,9.267,9.267,14.41,4.8132,28.0,3.0,31.0,1,0.5727,1.0662,1
LJ500_R146_C034,146,34,678250,9574250,500,2000,2021,9,2021-09,33,11.12,11.12,18.77,5.5582,28.0,3.0,31.0,1,0.5507,1.0508,1
LJ500_R146_C035,146,35,678750,9574250,1000,2000,2021,9,2021-09,33,11.12,11.12,18.78,5.5617,28.0,3.0,31.0,1,0.4637,0.9813,1
LJ500_R146_C036,146,36,679250,9574250,1500,2000,2021,9,2021-09,33,11.13,11.13,18.79,5.5653,28.0,3.0,31.0,1,0.4486,0.9692,1
LJ500_R146_C037,146,37,679750,9574250,2000,2000,2021,9,2021-09,33,11.14,11.14,18.81,5.5688,28.0,3.0,31.0,1,0.3625,0.8633,1
LJ500_R146_C038,146,38,680250,9574250,2500,2000,2021,9,2021-09,33,11.14,11.14,18.82,5.5723,28.0,3.0,31.0,1,0.3666,0.8581,1
LJ500_R146_C039,146,39,680750,9574250,3000,2000,2021,9,2021-09,33,11.15,11.15,18.83,5.5759,28.0,3.0,31.0,1,0.3882,0.8277,1
LJ500_R146_C040,146,40,681250,9574250,3500,2000,2021,9,2021-09,33,11.16,11.16,18.84,5.5794,28.0,3.0,31.0,1,0.4518,0.9069,1
LJ500_R146_C041,146,41,681750,9574250,4000,2000,2021,9,2021-09,33,11.17,11.17,18.86,5.583,28.0,3.0,31.0,1,0.6016,1.0932,1
LJ500_R146_C042,146,42,682250,9574250,4500,2000,2021,9,2021-09,33,11.17,11.17,18.87,5.5866,28.0,3.0,31.0,1,0.6059,1.2052,1
LJ500_R147_C033,147,33,677750,9574750,0,2500,2021,9,2021-09,33,10.85,10.85,17.18,5.6229,28.0,3.0,31.0,1,0.649,1.049,1
LJ500_R147_C034,147,34,678250,9574750,500,2500,2021,9,2021-09,33,13.24,13.24,22.68,6.6194,28.0,3.0,31.0,1,0.6448,1.04,1
LJ500_R147_C035,147,35,678750,9574750,1000,2500,2021,9,2021-09,33,13.24,13.24,22.68,6.6194,28.0,3.0,31.0,1,0.5313,0.989,1
LJ500_R147_C036,147,36,679250,9574750,1500,2500,2021,9,2021-09,33,13.24,13.24,22.68,6.6194,28.0,3.0,31.0,1,0.5113,0.98,1
LJ500_R147_C037,147,37,679750,9574750,2000,2500,2021,9,2021-09,33,13.24,13.24,22.68,6.6194,28.0,3.0,31.0,1,0.4191,0.8901,1
LJ500_R147_C038,147,38,680250,9574750,2500,2500,2021,9,2021-09,33,13.24,13.24,22.68,6.6194,28.0,3.0,31.0,1,0.4058,0.8737,1
LJ500_R147_C039,147,39,680750,9574750,3000,2500,2021,9,2021-09,33,13.24,13.24,22.68,6.6194,28.0,3.0,31.0,1,0.3297,0.78,1
LJ500_R147_C040,147,40,681250,9574750,3500,2500,2021,9,2021-09,33,13.24,13.24,22.68,6.6194,28.0,3.0,31.0,1,0.4045,0.8542,1
LJ500_R147_C041,147,41,681750,9574750,4000,2500,2021,9,2021-09,33,13.24,13.24,22.68,6.6194,28.0,3.0,31.0,1,0.5819,1.03,1
LJ500_R147_C042,147,42,682250,9574750,4500,2500,2021,9,2021-09,33,13.24,13.24,22.68,6.6194,28.0,3.0,31.0,1,0.6036,1.1815,1
LJ500_R148_C033,148,33,677750,9575250,0,3000,2021,9,2021-09,33,10.84,10.84,17.15,5.6172,28.0,3.0,31.0,1,0.6373,1.0767,1
LJ500_R148_C034,148,34,678250,9575250,500,3000,2021,9,2021-09,33,13.24,13.24,22.68,6.6194,28.0,3.0,31.0,1,0.66,1.077,1
LJ500_R148_C035,148,35,678750,9575250,1000,3000,2021,9,2021-09,33,13.24,13.24,22.68,6.6194,28.0,3.0,31.0,1,0.5533,0.979,1
LJ500_R148_C036,148,36,679250,9575250,1500,3000,2021,9,2021-09,33,13.24,13.24,22.68,6.6194,28.0,3.0,31.0,1,0.5343,0.9614,1
LJ500_R148_C037,148,37,679750,9575250,2000,3000,2021,9,2021-09,33,13.24,13.24,22.68,6.6194,28.0,3.0,31.0,1,0.4664,0.8902,1
LJ500_R148_C038,148,38,680250,9575250,2500,3000,2021,9,2021-09,33,13.24,13.24,22.68,6.6194,28.0,3.0,31.0,1,0.4496,0.8748,1
LJ500_R148_C039,148,39,680750,9575250,3000,3000,2021,9,2021-09,33,13.24,13.24,22.68,6.6194,28.0,3.0,31.0,1,0.3515,0.7863,1
LJ500_R148_C040,148,40,681250,9575250,3500,3000,2021,9,2021-09,33,13.24,13.24,22.68,6.6194,28.0,3.0,31.0,1,0.3879,0.8081,1
LJ500_R148_C041,148,41,681750,9575250,4000,3000,2021,9,2021-09,33,13.24,13.24,22.68,6.6194,28.0,3.0,31.0,1,0.4745,0.8597,1
LJ500_R148_C042,148,42,682250,9575250,4500,3000,2021,9,2021-09,33,13.24,13.24,22.68,6.6194,28.0,3.0,31.0,1,0.5144,0.9623,1
LJ500_R149_C033,149,33,677750,9575750,0,3500,2021,9,2021-09,33,10.82,10.82,17.12,5.6116,28.0,3.0,31.0,1,0.6298,1.094,1
LJ500_R149_C034,149,34,678250,9575750,500,3500,2021,9,2021-09,33,13.24,13.24,22.68,6.6194,28.0,3.0,31.0,1,0.6694,1.1,1
LJ500_R149_C035,149,35,678750,9575750,1000,3500,2021,9,2021-09,33,13.24,13.24,22.68,6.6194,28.0,3.0,31.0,1,0.567,0.973,1
LJ500_R149_C036,149,36,679250,9575750,1500,3500,2021,9,2021-09,33,13.24,13.24,22.68,6.6194,28.0,3.0,31.0,1,0.5484,0.95,1
LJ500_R149_C037,149,37,679750,9575750,2000,3500,2021,9,2021-09,33,13.24,13.24,22.68,6.6194,28.0,3.0,31.0,1,0.4951,0.8903,1
LJ500_R149_C038,149,38,680250,9575750,2500,3500,2021,9,2021-09,33,13.24,13.24,22.68,6.6194,28.0,3.0,31.0,1,0.4761,0.8756,1
LJ500_R149_C039,149,39,680750,9575750,3000,3500,2021,9,2021-09,33,13.24,13.24,22.68,6.6194,28.0,3.0,31.0,1,0.3645,0.79,1
LJ500_R149_C040,149,40,681250,9575750,3500,3500,2021,9,2021-09,33,13.24,13.24,22.68,6.6194,28.0,3.0,31.0,1,0.3783,0.7812,1
LJ500_R149_C041,149,41,681750,9575750,4000,3500,2021,9,2021-09,33,13.24,13.24,22.68,6.6194,28.0,3.0,31.0,1,0.4116,0.76,1
LJ500_R149_C042,149,42,682250,9575750,4500,3500,2021,9,2021-09,33,13.24,13.24,22.68,6.6194,28.0,3.0,31.0,1,0.4623,0.8351,1
LJ500_R150_C033,150,33,677750,9576250,0,4000,2021,9,2021-09,33,10.81,10.81,17.09,5.6059,28.0,3.0,31.0,1,0.6662,1.1675,1
LJ500_R150_C034,150,34,678250,9576250,500,4000,2021,9,2021-09,33,13.24,13.24,22.68,6.6194,28.0,3.0,31.0,1,0.7071,1.2162,1
LJ500_R150_C035,150,35,678750,9576250,1000,4000,2021,9,2021-09,33,13.24,13.24,22.68,6.6194,28.0,3.0,31.0,1,0.5976,0.9914,1
LJ500_R150_C036,150,36,679250,9576250,1500,4000,2021,9,2021-09,33,13.24,13.24,22.68,6.6194,28.0,3.0,31.0,1,0.5775,0.95,1
LJ500_R150_C037,150,37,679750,9576250,2000,4000,2021,9,2021-09,33,13.24,13.24,22.68,6.6194,28.0,3.0,31.0,1,0.6166,1.0841,1
LJ500_R150_C038,150,38,680250,9576250,2500,4000,2021,9,2021-09,33,13.24,13.24,22.68,6.6194,28.0,3.0,31.0,1,0.6052,1.0668,1
LJ500_R150_C039,150,39,680750,9576250,3000,4000,2021,9,2021-09,33,13.24,13.24,22.68,6.6194,28.0,3.0,31.0,1,0.5332,0.9546,1
LJ500_R150_C040,150,40,681250,9576250,3500,4000,2021,9,2021-09,33,13.24,13.24,22.68,6.6194,28.0,3.0,31.0,1,0.4979,0.8937,1
LJ500_R150_C041,150,41,681750,9576250,4000,4000,2021,9,2021-09,33,13.24,13.24,22.68,6.6194,28.0,3.0,31.0,1,0.4109,0.7442,1
LJ500_R150_C042,150,42,682250,9576250,4500,4000,2021,9,2021-09,33,13.24,13.24,22.68,6.6194,28.0,3.0,31.0,1,0.4447,0.7912,1
LJ500_R151_C033,151,33,677750,9576750,0,4500,2021,9,2021-09,33,10.8,10.8,17.06,5.6003,28.0,3.0,31.0,1,0.6767,1.1888,1
LJ500_R151_C034,151,34,678250,9576750,500,4500,2021,9,2021-09,33,13.24,13.24,22.68,6.6194,28.0,3.0,31.0,1,0.7181,1.25,1
LJ500_R151_C035,151,35,678750,9576750,1000,4500,2021,9,2021-09,33,13.24,13.24,22.68,6.6194,28.0,3.0,31.0,1,0.6066,0.9972,1
LJ500_R151_C036,151,36,679250,9576750,1500,4500,2021,9,2021-09,33,13.24,13.24,22.68,6.6194,28.0,3.0,31.0,1,0.5858,0.95,1
LJ500_R151_C037,151,37,679750,9576750,2000,4500,2021,9,2021-09,33,13.24,13.24,22.68,6.6194,28.0,3.0,31.0,1,0.6507,1.1384,1
LJ500_R151_C038,151,38,680250,9576750,2500,4500,2021,9,2021-09,33,13.24,13.24,22.68,6.6194,28.0,3.0,31.0,1,0.6412,1.1204,1
LJ500_R151_C039,151,39,680750,9576750,3000,4500,2021,9,2021-09,33,13.24,13.24,22.68,6.6194,28.0,3.0,31.0,1,0.5797,1.0,1
LJ500_R151_C040,151,40,681250,9576750,3500,4500,2021,9,2021-09,33,13.24,13.24,22.68,6.6194,28.0,3.0,31.0,1,0.5308,0.9248,1
LJ500_R151_C041,151,41,681750,9576750,4000,4500,2021,9,2021-09,33,13.24,13.24,22.68,6.6194,28.0,3.0,31.0,1,0.4106,0.74,1
LJ500_R151_C042,151,42,682250,9576750,4500,4500,2021,9,2021-09,33,13.24,13.24,22.68,6.6194,28.0,3.0,31.0,1,0.4399,0.7794,1
LJ500_R142_C033,142,33,677750,9572250,0,0,2021,10,2021-10,34,13.8,21.9,21.9,12.7,28.68,1.3201,30.0,1,0.6771,1.1875,1
LJ500_R142_C034,142,34,678250,9572250,500,0,2021,10,2021-10,34,14.21,23.73,23.73,14.21,29.0,1.0,30.0,1,0.6816,1.1878,1
LJ500_R142_C035,142,35,678750,9572250,1000,0,2021,10,2021-10,34,14.21,23.73,23.73,14.21,29.0,1.0,30.0,1,0.4829,0.8979,1
LJ500_R142_C036,142,36,679250,9572250,1500,0,2021,10,2021-10,34,14.21,23.73,23.73,14.21,29.0,1.0,30.0,1,0.4491,0.8489,1
LJ500_R142_C037,142,37,679750,9572250,2000,0,2021,10,2021-10,34,14.21,23.73,23.73,14.21,29.0,1.0,30.0,1,0.3071,0.673,1
LJ500_R142_C038,142,38,680250,9572250,2500,0,2021,10,2021-10,34,14.21,23.73,23.73,14.21,29.0,1.0,30.0,1,0.3571,0.7259,1
LJ500_R142_C039,142,39,680750,9572250,3000,0,2021,10,2021-10,34,14.21,23.73,23.73,14.21,29.0,1.0,30.0,1,0.6242,1.0084,1
LJ500_R142_C040,142,40,681250,9572250,3500,0,2021,10,2021-10,34,14.21,23.73,23.73,14.21,29.0,1.0,30.0,1,0.6583,1.0808,1
LJ500_R142_C041,142,41,681750,9572250,4000,0,2021,10,2021-10,34,14.21,23.73,23.73,14.21,29.0,1.0,30.0,1,0.7355,1.2451,1
LJ500_R142_C042,142,42,682250,9572250,4500,0,2021,10,2021-10,34,14.21,23.73,23.73,14.21,29.0,1.0,30.0,1,0.7301,1.2591,1
LJ500_R143_C033,143,33,677750,9572750,0,500,2021,10,2021-10,34,13.8,21.89,21.89,12.69,28.68,1.322,30.0,1,0.6115,1.0815,1
LJ500_R143_C034,143,34,678250,9572750,500,500,2021,10,2021-10,34,14.21,23.73,23.73,14.21,29.0,1.0,30.0,1,0.5603,1.0,1
LJ500_R143_C035,143,35,678750,9572750,1000,500,2021,10,2021-10,34,14.21,23.73,23.73,14.21,29.0,1.0,30.0,1,0.3819,0.777,1
LJ500_R143_C036,143,36,679250,9572750,1500,500,2021,10,2021-10,34,14.21,23.73,23.73,14.21,29.0,1.0,30.0,1,0.3522,0.7397,1
LJ500_R143_C037,143,37,679750,9572750,2000,500,2021,10,2021-10,34,14.21,23.73,23.73,14.21,29.0,1.0,30.0,1,0.332,0.69,1
LJ500_R143_C038,143,38,680250,9572750,2500,500,2021,10,2021-10,34,14.21,23.73,23.73,14.21,29.0,1.0,30.0,1,0.3779,0.7382,1
LJ500_R143_C039,143,39,680750,9572750,3000,500,2021,10,2021-10,34,14.21,23.73,23.73,14.21,29.0,1.0,30.0,1,0.6273,1.0,1
LJ500_R143_C040,143,40,681250,9572750,3500,500,2021,10,2021-10,34,14.21,23.73,23.73,14.21,29.0,1.0,30.0,1,0.6877,1.1309,1
LJ500_R143_C041,143,41,681750,9572750,4000,500,2021,10,2021-10,34,14.21,23.73,23.73,14.21,29.0,1.0,30.0,1,0.8257,1.43,1
LJ500_R143_C042,143,42,682250,9572750,4500,500,2021,10,2021-10,34,14.21,23.73,23.73,14.21,29.0,1.0,30.0,1,0.8284,1.4663,1
LJ500_R144_C033,144,33,677750,9573250,0,1000,2021,10,2021-10,34,13.79,21.88,21.88,12.68,28.68,1.3238,30.0,1,0.5943,1.0538,1
LJ500_R144_C034,144,34,678250,9573250,500,1000,2021,10,2021-10,34,14.21,23.73,23.73,14.21,29.0,1.0,30.0,1,0.5463,0.9788,1
LJ500_R144_C035,144,35,678750,9573250,1000,1000,2021,10,2021-10,34,14.21,23.73,23.73,14.21,29.0,1.0,30.0,1,0.4025,0.7927,1
LJ500_R144_C036,144,36,679250,9573250,1500,1000,2021,10,2021-10,34,14.21,23.73,23.73,14.21,29.0,1.0,30.0,1,0.3784,0.7612,1
LJ500_R144_C037,144,37,679750,9573250,2000,1000,2021,10,2021-10,34,14.21,23.73,23.73,14.21,29.0,1.0,30.0,1,0.3391,0.6931,1
LJ500_R144_C038,144,38,680250,9573250,2500,1000,2021,10,2021-10,34,14.21,23.73,23.73,14.21,29.0,1.0,30.0,1,0.3777,0.7322,1
LJ500_R144_C039,144,39,680750,9573250,3000,1000,2021,10,2021-10,34,14.21,23.73,23.73,14.21,29.0,1.0,30.0,1,0.5896,0.9468,1
LJ500_R144_C040,144,40,681250,9573250,3500,1000,2021,10,2021-10,34,14.21,23.73,23.73,14.21,29.0,1.0,30.0,1,0.6507,1.0728,1
LJ500_R144_C041,144,41,681750,9573250,4000,1000,2021,10,2021-10,34,14.21,23.73,23.73,14.21,29.0,1.0,30.0,1,0.792,1.3635,1
LJ500_R144_C042,144,42,682250,9573250,4500,1000,2021,10,2021-10,34,14.21,23.73,23.73,14.21,29.0,1.0,30.0,1,0.8093,1.4682,1
LJ500_R145_C033,145,33,677750,9573750,0,1500,2021,10,2021-10,34,13.79,21.87,21.87,12.68,28.67,1.3257,30.0,1,0.5541,0.989,1
LJ500_R145_C034,145,34,678250,9573750,500,1500,2021,10,2021-10,34,14.21,23.73,23.73,14.21,29.0,1.0,30.0,1,0.514,0.93,1
LJ500_R145_C035,145,35,678750,9573750,1000,1500,2021,10,2021-10,34,14.21,23.73,23.73,14.21,29.0,1.0,30.0,1,0.4488,0.8275,1
LJ500_R145_C036,145,36,679250,9573750,1500,1500,2021,10,2021-10,34,14.21,23.73,23.73,14.21,29.0,1.0,30.0,1,0.4374,0.8097,1
LJ500_R145_C037,145,37,679750,9573750,2000,1500,2021,10,2021-10,34,14.21,23.73,23.73,14.21,29.0,1.0,30.0,1,0.355,0.7,1
LJ500_R145_C038,145,38,680250,9573750,2500,1500,2021,10,2021-10,34,14.21,23.73,23.73,14.21,29.0,1.0,30.0,1,0.378,0.7197,1
LJ500_R145_C039,145,39,680750,9573750,3000,1500,2021,10,2021-10,34,14.21,23.73,23.73,14.21,29.0,1.0,30.0,1,0.5067,0.83,1
LJ500_R145_C040,145,40,681250,9573750,3500,1500,2021,10,2021-10,34,14.21,23.73,23.73,14.21,29.0,1.0,30.0,1,0.5706,0.9472,1
LJ500_R145_C041,145,41,681750,9573750,4000,1500,2021,10,2021-10,34,14.21,23.73,23.73,14.21,29.0,1.0,30.0,1,0.7193,1.22,1
LJ500_R145_C042,145,42,682250,9573750,4500,1500,2021,10,2021-10,34,14.21,23.73,23.73,14.21,29.0,1.0,30.0,1,0.7683,1.4717,1
LJ500_R146_C033,146,33,677750,9574250,0,2000,2021,10,2021-10,34,14.05,23.32,23.32,10.72,28.1,1.9028,30.0,1,0.6289,1.09,1
LJ500_R146_C034,146,34,678250,9574250,500,2000,2021,10,2021-10,34,14.59,25.71,25.71,11.29,28.14,1.8592,30.0,1,0.6065,1.0543,1
LJ500_R146_C035,146,35,678750,9574250,1000,2000,2021,10,2021-10,34,14.59,25.72,25.72,11.27,28.14,1.863,30.0,1,0.5155,0.9014,1
LJ500_R146_C036,146,36,679250,9574250,1500,2000,2021,10,2021-10,34,14.6,25.73,25.73,11.26,28.13,1.8667,30.0,1,0.4998,0.8749,1
LJ500_R146_C037,146,37,679750,9574250,2000,2000,2021,10,2021-10,34,14.6,25.74,25.74,11.25,28.13,1.8705,30.0,1,0.4108,0.7513,1
LJ500_R146_C038,146,38,680250,9574250,2500,2000,2021,10,2021-10,34,14.6,25.74,25.74,11.23,28.13,1.8743,30.0,1,0.4168,0.7535,1
LJ500_R146_C039,146,39,680750,9574250,3000,2000,2021,10,2021-10,34,14.6,25.75,25.75,11.22,28.12,1.8781,30.0,1,0.4495,0.7642,1
LJ500_R146_C040,146,40,681250,9574250,3500,2000,2021,10,2021-10,34,14.6,25.76,25.76,11.21,28.12,1.882,30.0,1,0.5233,0.8833,1
LJ500_R146_C041,146,41,681750,9574250,4000,2000,2021,10,2021-10,34,14.6,25.77,25.77,11.2,28.11,1.8858,30.0,1,0.6969,1.1632,1
LJ500_R146_C042,146,42,682250,9574250,4500,2000,2021,10,2021-10,34,14.61,25.78,25.78,11.18,28.11,1.8896,30.0,1,0.7581,1.3816,1
LJ500_R147_C033,147,33,677750,9574750,0,2500,2021,10,2021-10,34,14.39,25.24,25.24,8.1122,27.33,2.6705,30.0,1,0.7169,1.209,1
LJ500_R147_C034,147,34,678250,9574750,500,2500,2021,10,2021-10,34,15.1,28.34,28.34,7.3998,27.0,3.0,30.0,1,0.715,1.2,1
LJ500_R147_C035,147,35,678750,9574750,1000,2500,2021,10,2021-10,34,15.1,28.34,28.34,7.3998,27.0,3.0,30.0,1,0.5931,0.9874,1
LJ500_R147_C036,147,36,679250,9574750,1500,2500,2021,10,2021-10,34,15.1,28.34,28.34,7.3998,27.0,3.0,30.0,1,0.5717,0.95,1
LJ500_R147_C037,147,37,679750,9574750,2000,2500,2021,10,2021-10,34,15.1,28.34,28.34,7.3998,27.0,3.0,30.0,1,0.4748,0.8101,1
LJ500_R147_C038,147,38,680250,9574750,2500,2500,2021,10,2021-10,34,15.1,28.34,28.34,7.3998,27.0,3.0,30.0,1,0.4614,0.7922,1
LJ500_R147_C039,147,39,680750,9574750,3000,2500,2021,10,2021-10,34,15.1,28.34,28.34,7.3998,27.0,3.0,30.0,1,0.385,0.69,1
LJ500_R147_C040,147,40,681250,9574750,3500,2500,2021,10,2021-10,34,15.1,28.34,28.34,7.3998,27.0,3.0,30.0,1,0.4702,0.8117,1
LJ500_R147_C041,147,41,681750,9574750,4000,2500,2021,10,2021-10,34,15.1,28.34,28.34,7.3998,27.0,3.0,30.0,1,0.672,1.1,1
LJ500_R147_C042,147,42,682250,9574750,4500,2500,2021,10,2021-10,34,15.1,28.34,28.34,7.3998,27.0,3.0,30.0,1,0.7467,1.2827,1
LJ500_R148_C033,148,33,677750,9575250,0,3000,2021,10,2021-10,34,14.39,25.23,25.23,8.1163,27.33,2.6687,30.0,1,0.7041,1.1856,1
LJ500_R148_C034,148,34,678250,9575250,500,3000,2021,10,2021-10,34,15.1,28.34,28.34,7.3998,27.0,3.0,30.0,1,0.7325,1.2247,1
LJ500_R148_C035,148,35,678750,9575250,1000,3000,2021,10,2021-10,34,15.1,28.34,28.34,7.3998,27.0,3.0,30.0,1,0.6192,1.0179,1
LJ500_R148_C036,148,36,679250,9575250,1500,3000,2021,10,2021-10,34,15.1,28.34,28.34,7.3998,27.0,3.0,30.0,1,0.599,0.9811,1
LJ500_R148_C037,148,37,679750,9575250,2000,3000,2021,10,2021-10,34,15.1,28.34,28.34,7.3998,27.0,3.0,30.0,1,0.5297,0.8664,1
LJ500_R148_C038,148,38,680250,9575250,2500,3000,2021,10,2021-10,34,15.1,28.34,28.34,7.3998,27.0,3.0,30.0,1,0.512,0.8433,1
LJ500_R148_C039,148,39,680750,9575250,3000,3000,2021,10,2021-10,34,15.1,28.34,28.34,7.3998,27.0,3.0,30.0,1,0.4086,0.7088,1
LJ500_R148_C040,148,40,681250,9575250,3500,3000,2021,10,2021-10,34,15.1,28.34,28.34,7.3998,27.0,3.0,30.0,1,0.4518,0.7686,1
LJ500_R148_C041,148,41,681750,9575250,4000,3000,2021,10,2021-10,34,15.1,28.34,28.34,7.3998,27.0,3.0,30.0,1,0.5547,0.9108,1
LJ500_R148_C042,148,42,682250,9575250,4500,3000,2021,10,2021-10,34,15.1,28.34,28.34,7.3998,27.0,3.0,30.0,1,0.6189,1.0388,1
LJ500_R149_C033,149,33,677750,9575750,0,3500,2021,10,2021-10,34,14.39,25.21,25.21,8.1203,27.33,2.6668,30.0,1,0.6958,1.1705,1
LJ500_R149_C034,149,34,678250,9575750,500,3500,2021,10,2021-10,34,15.1,28.34,28.34,7.3998,27.0,3.0,30.0,1,0.7433,1.24,1
LJ500_R149_C035,149,35,678750,9575750,1000,3500,2021,10,2021-10,34,15.1,28.34,28.34,7.3998,27.0,3.0,30.0,1,0.6353,1.0368,1
LJ500_R149_C036,149,36,679250,9575750,1500,3500,2021,10,2021-10,34,15.1,28.34,28.34,7.3998,27.0,3.0,30.0,1,0.6157,1.0,1
LJ500_R149_C037,149,37,679750,9575750,2000,3500,2021,10,2021-10,34,15.1,28.34,28.34,7.3998,27.0,3.0,30.0,1,0.5629,0.9005,1
LJ500_R149_C038,149,38,680250,9575750,2500,3500,2021,10,2021-10,34,15.1,28.34,28.34,7.3998,27.0,3.0,30.0,1,0.5425,0.8741,1
LJ500_R149_C039,149,39,680750,9575750,3000,3500,2021,10,2021-10,34,15.1,28.34,28.34,7.3998,27.0,3.0,30.0,1,0.4227,0.72,1
LJ500_R149_C040,149,40,681250,9575750,3500,3500,2021,10,2021-10,34,15.1,28.34,28.34,7.3998,27.0,3.0,30.0,1,0.4412,0.7434,1
LJ500_R149_C041,149,41,681750,9575750,4000,3500,2021,10,2021-10,34,15.1,28.34,28.34,7.3998,27.0,3.0,30.0,1,0.486,0.8,1
LJ500_R149_C042,149,42,682250,9575750,4500,3500,2021,10,2021-10,34,15.1,28.34,28.34,7.3998,27.0,3.0,30.0,1,0.5446,0.8972,1
LJ500_R150_C033,150,33,677750,9576250,0,4000,2021,10,2021-10,34,14.38,25.19,25.19,8.1243,27.34,2.6649,30.0,1,0.7422,1.2487,1
LJ500_R150_C034,150,34,678250,9576250,500,4000,2021,10,2021-10,34,15.1,28.34,28.34,7.3998,27.0,3.0,30.0,1,0.7934,1.3329,1
LJ500_R150_C035,150,35,678750,9576250,1000,4000,2021,10,2021-10,34,15.1,28.34,28.34,7.3998,27.0,3.0,30.0,1,0.6708,1.0845,1
LJ500_R150_C036,150,36,679250,9576250,1500,4000,2021,10,2021-10,34,15.1,28.34,28.34,7.3998,27.0,3.0,30.0,1,0.6484,1.0389,1
LJ500_R150_C037,150,37,679750,9576250,2000,4000,2021,10,2021-10,34,15.1,28.34,28.34,7.3998,27.0,3.0,30.0,1,0.6968,1.1179,1
LJ500_R150_C038,150,38,680250,9576250,2500,4000,2021,10,2021-10,34,15.1,28.34,28.34,7.3998,27.0,3.0,30.0,1,0.6854,1.1,1
LJ500_R150_C039,150,39,680750,9576250,3000,4000,2021,10,2021-10,34,15.1,28.34,28.34,7.3998,27.0,3.0,30.0,1,0.6131,0.9865,1
LJ500_R150_C040,150,40,681250,9576250,3500,4000,2021,10,2021-10,34,15.1,28.34,28.34,7.3998,27.0,3.0,30.0,1,0.5765,0.9327,1
LJ500_R150_C041,150,41,681750,9576250,4000,4000,2021,10,2021-10,34,15.1,28.34,28.34,7.3998,27.0,3.0,30.0,1,0.4863,0.8,1
LJ500_R150_C042,150,42,682250,9576250,4500,4000,2021,10,2021-10,34,15.1,28.34,28.34,7.3998,27.0,3.0,30.0,1,0.5274,0.8585,1
LJ500_R151_C033,151,33,677750,9576750,0,4500,2021,10,2021-10,34,14.38,25.17,25.17,8.1284,27.34,2.663,30.0,1,0.7557,1.2713,1
LJ500_R151_C034,151,34,678250,9576750,500,4500,2021,10,2021-10,34,15.1,28.34,28.34,7.3998,27.0,3.0,30.0,1,0.808,1.36,1
LJ500_R151_C035,151,35,678750,9576750,1000,4500,2021,10,2021-10,34,15.1,28.34,28.34,7.3998,27.0,3.0,30.0,1,0.6813,1.0987,1
LJ500_R151_C036,151,36,679250,9576750,1500,4500,2021,10,2021-10,34,15.1,28.34,28.34,7.3998,27.0,3.0,30.0,1,0.6577,1.05,1
LJ500_R151_C037,151,37,679750,9576750,2000,4500,2021,10,2021-10,34,15.1,28.34,28.34,7.3998,27.0,3.0,30.0,1,0.7343,1.1789,1
LJ500_R151_C038,151,38,680250,9576750,2500,4500,2021,10,2021-10,34,15.1,28.34,28.34,7.3998,27.0,3.0,30.0,1,0.7253,1.1632,1
LJ500_R151_C039,151,39,680750,9576750,3000,4500,2021,10,2021-10,34,15.1,28.34,28.34,7.3998,27.0,3.0,30.0,1,0.6657,1.06,1
LJ500_R151_C040,151,40,681250,9576750,3500,4500,2021,10,2021-10,34,15.1,28.34,28.34,7.3998,27.0,3.0,30.0,1,0.6138,0.9848,1
LJ500_R151_C041,151,41,681750,9576750,4000,4500,2021,10,2021-10,34,15.1,28.34,28.34,7.3998,27.0,3.0,30.0,1,0.4863,0.8,1
LJ500_R151_C042,151,42,682250,9576750,4500,4500,2021,10,2021-10,34,15.1,28.34,28.34,7.3998,27.0,3.0,30.0,1,0.5227,0.8482,1
LJ500_R142_C033,142,33,677750,9572250,0,0,2021,11,2021-11,35,40.34,54.14,62.24,9.2923,24.32,6.6799,31.0,1,0.6361,1.0667,1
LJ500_R142_C034,142,34,678250,9572250,500,0,2021,11,2021-11,35,41.71,55.92,65.44,8.6496,24.0,7.0,31.0,1,0.6433,1.0805,1
LJ500_R142_C035,142,35,678750,9572250,1000,0,2021,11,2021-11,35,41.71,55.92,65.44,8.6496,24.0,7.0,31.0,1,0.4601,0.7453,1
LJ500_R142_C036,142,36,679250,9572250,1500,0,2021,11,2021-11,35,41.71,55.92,65.44,8.6496,24.0,7.0,31.0,1,0.4288,0.6892,1
LJ500_R142_C037,142,37,679750,9572250,2000,0,2021,11,2021-11,35,41.71,55.92,65.44,8.6496,24.0,7.0,31.0,1,0.2857,0.543,1
LJ500_R142_C038,142,38,680250,9572250,2500,0,2021,11,2021-11,35,41.71,55.92,65.44,8.6496,24.0,7.0,31.0,1,0.3384,0.6198,1
LJ500_R142_C039,142,39,680750,9572250,3000,0,2021,11,2021-11,35,41.71,55.92,65.44,8.6496,24.0,7.0,31.0,1,0.6201,1.03,1
LJ500_R142_C040,142,40,681250,9572250,3500,0,2021,11,2021-11,35,41.71,55.92,65.44,8.6496,24.0,7.0,31.0,1,0.6704,1.109,1
LJ500_R142_C041,142,41,681750,9572250,4000,0,2021,11,2021-11,35,41.71,55.92,65.44,8.6496,24.0,7.0,31.0,1,0.7845,1.2883,1
LJ500_R142_C042,142,42,682250,9572250,4500,0,2021,11,2021-11,35,41.71,55.92,65.44,8.6496,24.0,7.0,31.0,1,0.786,1.2894,1
LJ500_R143_C033,143,33,677750,9572750,0,500,2021,11,2021-11,35,40.33,54.13,62.22,9.2961,24.32,6.678,31.0,1,0.5759,0.9402,1
LJ500_R143_C034,143,34,678250,9572750,500,500,2021,11,2021-11,35,41.71,55.92,65.44,8.6496,24.0,7.0,31.0,1,0.529,0.85,1
LJ500_R143_C035,143,35,678750,9572750,1000,500,2021,11,2021-11,35,41.71,55.92,65.44,8.6496,24.0,7.0,31.0,1,0.3503,0.6184,1
LJ500_R143_C036,143,36,679250,9572750,1500,500,2021,11,2021-11,35,41.71,55.92,65.44,8.6496,24.0,7.0,31.0,1,0.3206,0.5799,1
LJ500_R143_C037,143,37,679750,9572750,2000,500,2021,11,2021-11,35,41.71,55.92,65.44,8.6496,24.0,7.0,31.0,1,0.3139,0.56,1
LJ500_R143_C038,143,38,680250,9572750,2500,500,2021,11,2021-11,35,41.71,55.92,65.44,8.6496,24.0,7.0,31.0,1,0.3622,0.6331,1
LJ500_R143_C039,143,39,680750,9572750,3000,500,2021,11,2021-11,35,41.71,55.92,65.44,8.6496,24.0,7.0,31.0,1,0.6242,1.03,1
LJ500_R143_C040,143,40,681250,9572750,3500,500,2021,11,2021-11,35,41.71,55.92,65.44,8.6496,24.0,7.0,31.0,1,0.7034,1.17,1
LJ500_R143_C041,143,41,681750,9572750,4000,500,2021,11,2021-11,35,41.71,55.92,65.44,8.6496,24.0,7.0,31.0,1,0.8845,1.49,1
LJ500_R143_C042,143,42,682250,9572750,4500,500,2021,11,2021-11,35,41.71,55.92,65.44,8.6496,24.0,7.0,31.0,1,0.8876,1.5172,1
LJ500_R144_C033,144,33,677750,9573250,0,1000,2021,11,2021-11,35,40.32,54.12,62.21,9.2999,24.32,6.6762,31.0,1,0.5591,0.9066,1
LJ500_R144_C034,144,34,678250,9573250,500,1000,2021,11,2021-11,35,41.71,55.92,65.44,8.6496,24.0,7.0,31.0,1,0.5154,0.8227,1
LJ500_R144_C035,144,35,678750,9573250,1000,1000,2021,11,2021-11,35,41.71,55.92,65.44,8.6496,24.0,7.0,31.0,1,0.3739,0.6358,1
LJ500_R144_C036,144,36,679250,9573250,1500,1000,2021,11,2021-11,35,41.71,55.92,65.44,8.6496,24.0,7.0,31.0,1,0.3501,0.6044,1
LJ500_R144_C037,144,37,679750,9573250,2000,1000,2021,11,2021-11,35,41.71,55.92,65.44,8.6496,24.0,7.0,31.0,1,0.3208,0.5631,1
LJ500_R144_C038,144,38,680250,9573250,2500,1000,2021,11,2021-11,35,41.71,55.92,65.44,8.6496,24.0,7.0,31.0,1,0.3619,0.6244,1
LJ500_R144_C039,144,39,680750,9573250,3000,1000,2021,11,2021-11,35,41.71,55.92,65.44,8.6496,24.0,7.0,31.0,1,0.5877,0.9612,1
LJ500_R144_C040,144,40,681250,9573250,3500,1000,2021,11,2021-11,35,41.71,55.92,65.44,8.6496,24.0,7.0,31.0,1,0.6664,1.098,1
LJ500_R144_C041,144,41,681750,9573250,4000,1000,2021,11,2021-11,35,41.71,55.92,65.44,8.6496,24.0,7.0,31.0,1,0.8482,1.414,1
LJ500_R144_C042,144,42,682250,9573250,4500,1000,2021,11,2021-11,35,41.71,55.92,65.44,8.6496,24.0,7.0,31.0,1,0.8645,1.4953,1
LJ500_R145_C033,145,33,677750,9573750,0,1500,2021,11,2021-11,35,40.31,54.11,62.19,9.3037,24.33,6.6743,31.0,1,0.5199,0.8278,1
LJ500_R145_C034,145,34,678250,9573750,500,1500,2021,11,2021-11,35,41.71,55.92,65.44,8.6496,24.0,7.0,31.0,1,0.4842,0.76,1
LJ500_R145_C035,145,35,678750,9573750,1000,1500,2021,11,2021-11,35,41.71,55.92,65.44,8.6496,24.0,7.0,31.0,1,0.4269,0.6746,1
LJ500_R145_C036,145,36,679250,9573750,1500,1500,2021,11,2021-11,35,41.71,55.92,65.44,8.6496,24.0,7.0,31.0,1,0.4169,0.6597,1
LJ500_R145_C037,145,37,679750,9573750,2000,1500,2021,11,2021-11,35,41.71,55.92,65.44,8.6496,24.0,7.0,31.0,1,0.3365,0.57,1
LJ500_R145_C038,145,38,680250,9573750,2500,1500,2021,11,2021-11,35,41.71,55.92,65.44,8.6496,24.0,7.0,31.0,1,0.3624,0.6064,1
LJ500_R145_C039,145,39,680750,9573750,3000,1500,2021,11,2021-11,35,41.71,55.92,65.44,8.6496,24.0,7.0,31.0,1,0.5074,0.81,1
LJ500_R145_C040,145,40,681250,9573750,3500,1500,2021,11,2021-11,35,41.71,55.92,65.44,8.6496,24.0,7.0,31.0,1,0.5863,0.9423,1
LJ500_R145_C041,145,41,681750,9573750,4000,1500,2021,11,2021-11,35,41.71,55.92,65.44,8.6496,24.0,7.0,31.0,1,0.77,1.25,1
LJ500_R145_C042,145,42,682250,9573750,4500,1500,2021,11,2021-11,35,41.71,55.92,65.44,8.6496,24.0,7.0,31.0,1,0.8151,1.4477,1
LJ500_R146_C033,146,33,677750,9574250,0,2000,2021,11,2021-11,35,39.62,53.67,62.94,10.15,24.76,6.2447,31.0,1,0.5939,0.9652,1
LJ500_R146_C034,146,34,678250,9574250,500,2000,2021,11,2021-11,35,40.98,55.57,66.69,9.8454,24.43,6.5704,31.0,1,0.5755,0.9303,1
LJ500_R146_C035,146,35,678750,9574250,1000,2000,2021,11,2021-11,35,40.98,55.57,66.7,9.8506,24.43,6.5685,31.0,1,0.4929,0.7828,1
LJ500_R146_C036,146,36,679250,9574250,1500,2000,2021,11,2021-11,35,40.97,55.57,66.7,9.8559,24.43,6.5666,31.0,1,0.4787,0.7574,1
LJ500_R146_C037,146,37,679750,9574250,2000,2000,2021,11,2021-11,35,40.97,55.57,66.71,9.8611,24.44,6.5647,31.0,1,0.3979,0.6399,1
LJ500_R146_C038,146,38,680250,9574250,2500,2000,2021,11,2021-11,35,40.97,55.57,66.71,9.8664,24.44,6.5628,31.0,1,0.4061,0.651,1
LJ500_R146_C039,146,39,680750,9574250,3000,2000,2021,11,2021-11,35,40.96,55.57,66.72,9.8717,24.44,6.5609,31.0,1,0.4507,0.7113,1
LJ500_R146_C040,146,40,681250,9574250,3500,2000,2021,11,2021-11,35,40.96,55.56,66.72,9.8771,24.44,6.559,31.0,1,0.5362,0.855,1
LJ500_R146_C041,146,41,681750,9574250,4000,2000,2021,11,2021-11,35,40.96,55.56,66.73,9.8824,24.44,6.5571,31.0,1,0.7375,1.1932,1
LJ500_R146_C042,146,42,682250,9574250,4500,2000,2021,11,2021-11,35,40.95,55.56,66.73,9.8877,24.44,6.5552,31.0,1,0.8037,1.4005,1
LJ500_R147_C033,147,33,677750,9574750,0,2500,2021,11,2021-11,35,38.7,53.09,63.95,11.27,25.33,5.6705,31.0,1,0.681,1.127,1
LJ500_R147_C034,147,34,678250,9574750,500,2500,2021,11,2021-11,35,40.02,55.11,68.35,11.43,25.0,6.0,31.0,1,0.6826,1.13,1
LJ500_R147_C035,147,35,678750,9574750,1000,2500,2021,11,2021-11,35,40.02,55.11,68.35,11.43,25.0,6.0,31.0,1,0.5698,0.9089,1
LJ500_R147_C036,147,36,679250,9574750,1500,2500,2021,11,2021-11,35,40.02,55.11,68.35,11.43,25.0,6.0,31.0,1,0.55,0.87,1
LJ500_R147_C037,147,37,679750,9574750,2000,2500,2021,11,2021-11,35,40.02,55.11,68.35,11.43,25.0,6.0,31.0,1,0.4685,0.7201,1
LJ500_R147_C038,147,38,680250,9574750,2500,2500,2021,11,2021-11,35,40.02,55.11,68.35,11.43,25.0,6.0,31.0,1,0.4563,0.7022,1
LJ500_R147_C039,147,39,680750,9574750,3000,2500,2021,11,2021-11,35,40.02,55.11,68.35,11.43,25.0,6.0,31.0,1,0.3868,0.6,1
LJ500_R147_C040,147,40,681250,9574750,3500,2500,2021,11,2021-11,35,40.02,55.11,68.35,11.43,25.0,6.0,31.0,1,0.4801,0.7573,1
LJ500_R147_C041,147,41,681750,9574750,4000,2500,2021,11,2021-11,35,40.02,55.11,68.35,11.43,25.0,6.0,31.0,1,0.7013,1.13,1
LJ500_R147_C042,147,42,682250,9574750,4500,2500,2021,11,2021-11,35,40.02,55.11,68.35,11.43,25.0,6.0,31.0,1,0.791,1.3483,1
LJ500_R148_C033,148,33,677750,9575250,0,3000,2021,11,2021-11,35,38.69,53.08,63.92,11.27,25.33,5.6687,31.0,1,0.6718,1.1029,1
LJ500_R148_C034,148,34,678250,9575250,500,3000,2021,11,2021-11,35,40.02,55.11,68.35,11.43,25.0,6.0,31.0,1,0.7049,1.167,1
LJ500_R148_C035,148,35,678750,9575250,1000,3000,2021,11,2021-11,35,40.02,55.11,68.35,11.43,25.0,6.0,31.0,1,0.5954,0.9571,1
LJ500_R148_C036,148,36,679250,9575250,1500,3000,2021,11,2021-11,35,40.02,55.11,68.35,11.43,25.0,6.0,31.0,1,0.5758,0.9197,1
LJ500_R148_C037,148,37,679750,9575250,2000,3000,2021,11,2021-11,35,40.02,55.11,68.35,11.43,25.0,6.0,31.0,1,0.5192,0.8137,1
LJ500_R148_C038,148,38,680250,9575250,2500,3000,2021,11,2021-11,35,40.02,55.11,68.35,11.43,25.0,6.0,31.0,1,0.5036,0.7862,1
LJ500_R148_C039,148,39,680750,9575250,3000,3000,2021,11,2021-11,35,40.02,55.11,68.35,11.43,25.0,6.0,31.0,1,0.4123,0.6251,1
LJ500_R148_C040,148,40,681250,9575250,3500,3000,2021,11,2021-11,35,40.02,55.11,68.35,11.43,25.0,6.0,31.0,1,0.4594,0.7073,1
LJ500_R148_C041,148,41,681750,9575250,4000,3000,2021,11,2021-11,35,40.02,55.11,68.35,11.43,25.0,6.0,31.0,1,0.5715,0.903,1
LJ500_R148_C042,148,42,682250,9575250,4500,3000,2021,11,2021-11,35,40.02,55.11,68.35,11.43,25.0,6.0,31.0,1,0.6462,1.0551,1
LJ500_R149_C033,149,33,677750,9575750,0,3500,2021,11,2021-11,35,38.69,53.07,63.9,11.27,25.33,5.6668,31.0,1,0.6658,1.0872,1
LJ500_R149_C034,149,34,678250,9575750,500,3500,2021,11,2021-11,35,40.02,55.11,68.35,11.43,25.0,6.0,31.0,1,0.7187,1.19,1
LJ500_R149_C035,149,35,678750,9575750,1000,3500,2021,11,2021-11,35,40.02,55.11,68.35,11.43,25.0,6.0,31.0,1,0.6111,0.9868,1
LJ500_R149_C036,149,36,679250,9575750,1500,3500,2021,11,2021-11,35,40.02,55.11,68.35,11.43,25.0,6.0,31.0,1,0.5916,0.95,1
LJ500_R149_C037,149,37,679750,9575750,2000,3500,2021,11,2021-11,35,40.02,55.11,68.35,11.43,25.0,6.0,31.0,1,0.5499,0.8704,1
LJ500_R149_C038,149,38,680250,9575750,2500,3500,2021,11,2021-11,35,40.02,55.11,68.35,11.43,25.0,6.0,31.0,1,0.5321,0.8368,1
LJ500_R149_C039,149,39,680750,9575750,3000,3500,2021,11,2021-11,35,40.02,55.11,68.35,11.43,25.0,6.0,31.0,1,0.4274,0.64,1
LJ500_R149_C040,149,40,681250,9575750,3500,3500,2021,11,2021-11,35,40.02,55.11,68.35,11.43,25.0,6.0,31.0,1,0.4474,0.6781,1
LJ500_R149_C041,149,41,681750,9575750,4000,3500,2021,11,2021-11,35,40.02,55.11,68.35,11.43,25.0,6.0,31.0,1,0.4955,0.77,1
LJ500_R149_C042,149,42,682250,9575750,4500,3500,2021,11,2021-11,35,40.02,55.11,68.35,11.43,25.0,6.0,31.0,1,0.562,0.8848,1
LJ500_R150_C033,150,33,677750,9576250,0,4000,2021,11,2021-11,35,38.68,53.06,63.87,11.27,25.34,5.6649,31.0,1,0.7241,1.1884,1
LJ500_R150_C034,150,34,678250,9576250,500,4000,2021,11,2021-11,35,40.02,55.11,68.35,11.43,25.0,6.0,31.0,1,0.7862,1.3062,1
LJ500_R150_C035,150,35,678750,9576250,1000,4000,2021,11,2021-11,35,40.02,55.11,68.35,11.43,25.0,6.0,31.0,1,0.65,1.0513,1
LJ500_R150_C036,150,36,679250,9576250,1500,4000,2021,11,2021-11,35,40.02,55.11,68.35,11.43,25.0,6.0,31.0,1,0.625,1.0045,1
LJ500_R150_C037,150,37,679750,9576250,2000,4000,2021,11,2021-11,35,40.02,55.11,68.35,11.43,25.0,6.0,31.0,1,0.7066,1.1421,1
LJ500_R150_C038,150,38,680250,9576250,2500,4000,2021,11,2021-11,35,40.02,55.11,68.35,11.43,25.0,6.0,31.0,1,0.6949,1.121,1
LJ500_R150_C039,150,39,680750,9576250,3000,4000,2021,11,2021-11,35,40.02,55.11,68.35,11.43,25.0,6.0,31.0,1,0.6191,0.9849,1
LJ500_R150_C040,150,40,681250,9576250,3500,4000,2021,11,2021-11,35,40.02,55.11,68.35,11.43,25.0,6.0,31.0,1,0.5833,0.9206,1
LJ500_R150_C041,150,41,681750,9576250,4000,4000,2021,11,2021-11,35,40.02,55.11,68.35,11.43,25.0,6.0,31.0,1,0.495,0.7621,1
LJ500_R150_C042,150,42,682250,9576250,4500,4000,2021,11,2021-11,35,40.02,55.11,68.35,11.43,25.0,6.0,31.0,1,0.539,0.8417,1
LJ500_R151_C033,151,33,677750,9576750,0,4500,2021,11,2021-11,35,38.67,53.05,63.85,11.27,25.34,5.663,31.0,1,0.741,1.2176,1
LJ500_R151_C034,151,34,678250,9576750,500,4500,2021,11,2021-11,35,40.02,55.11,68.35,11.43,25.0,6.0,31.0,1,0.8058,1.34,1
LJ500_R151_C035,151,35,678750,9576750,1000,4500,2021,11,2021-11,35,40.02,55.11,68.35,11.43,25.0,6.0,31.0,1,0.6614,1.0703,1
LJ500_R151_C036,151,36,679250,9576750,1500,4500,2021,11,2021-11,35,40.02,55.11,68.35,11.43,25.0,6.0,31.0,1,0.6345,1.02,1
LJ500_R151_C037,151,37,679750,9576750,2000,4500,2021,11,2021-11,35,40.02,55.11,68.35,11.43,25.0,6.0,31.0,1,0.7506,1.2183,1
LJ500_R151_C038,151,38,680250,9576750,2500,4500,2021,11,2021-11,35,40.02,55.11,68.35,11.43,25.0,6.0,31.0,1,0.7404,1.2004,1
LJ500_R151_C039,151,39,680750,9576750,3000,4500,2021,11,2021-11,35,40.02,55.11,68.35,11.43,25.0,6.0,31.0,1,0.6719,1.08,1
LJ500_R151_C040,151,40,681250,9576750,3500,4500,2021,11,2021-11,35,40.02,55.11,68.35,11.43,25.0,6.0,31.0,1,0.6207,0.9875,1
LJ500_R151_C041,151,41,681750,9576750,4000,4500,2021,11,2021-11,35,40.02,55.11,68.35,11.43,25.0,6.0,31.0,1,0.4948,0.76,1
LJ500_R151_C042,151,42,682250,9576750,4500,4500,2021,11,2021-11,35,40.02,55.11,68.35,11.43,25.0,6.0,31.0,1,0.5328,0.8301,1
LJ500_R142_C033,142,33,677750,9572250,0,0,2021,12,2021-12,36,29.88,70.22,84.02,10.08,24.0,6.0,30.0,1,0.5391,1.0776,1
LJ500_R142_C034,142,34,678250,9572250,500,0,2021,12,2021-12,36,29.46,71.17,85.38,10.42,24.0,6.0,30.0,1,0.5537,1.0976,1
LJ500_R142_C035,142,35,678750,9572250,1000,0,2021,12,2021-12,36,29.46,71.17,85.38,10.42,24.0,6.0,30.0,1,0.326,0.7474,1
LJ500_R142_C036,142,36,679250,9572250,1500,0,2021,12,2021-12,36,29.46,71.17,85.38,10.42,24.0,6.0,30.0,1,0.2877,0.6881,1
LJ500_R142_C037,142,37,679750,9572250,2000,0,2021,12,2021-12,36,29.46,71.17,85.38,10.42,24.0,6.0,30.0,1,0.1718,0.4761,1
LJ500_R142_C038,142,38,680250,9572250,2500,0,2021,12,2021-12,36,29.46,71.17,85.38,10.42,24.0,6.0,30.0,1,0.2306,0.5697,1
LJ500_R142_C039,142,39,680750,9572250,3000,0,2021,12,2021-12,36,29.46,71.17,85.38,10.42,24.0,6.0,30.0,1,0.545,1.07,1
LJ500_R142_C040,142,40,681250,9572250,3500,0,2021,12,2021-12,36,29.46,71.17,85.38,10.42,24.0,6.0,30.0,1,0.6115,1.2063,1
LJ500_R142_C041,142,41,681750,9572250,4000,0,2021,12,2021-12,36,29.46,71.17,85.38,10.42,24.0,6.0,30.0,1,0.7621,1.5155,1
LJ500_R142_C042,142,42,682250,9572250,4500,0,2021,12,2021-12,36,29.46,71.17,85.38,10.42,24.0,6.0,30.0,1,0.7691,1.5335,1
LJ500_R143_C033,143,33,677750,9572750,0,500,2021,12,2021-12,36,29.89,70.22,84.01,10.08,24.0,6.0,30.0,1,0.4512,0.9489,1
LJ500_R143_C034,143,34,678250,9572750,500,500,2021,12,2021-12,36,29.46,71.17,85.38,10.42,24.0,6.0,30.0,1,0.387,0.85,1
LJ500_R143_C035,143,35,678750,9572750,1000,500,2021,12,2021-12,36,29.46,71.17,85.38,10.42,24.0,6.0,30.0,1,0.2203,0.5669,1
LJ500_R143_C036,143,36,679250,9572750,1500,500,2021,12,2021-12,36,29.46,71.17,85.38,10.42,24.0,6.0,30.0,1,0.1926,0.5199,1
LJ500_R143_C037,143,37,679750,9572750,2000,500,2021,12,2021-12,36,29.46,71.17,85.38,10.42,24.0,6.0,30.0,1,0.1893,0.51,1
LJ500_R143_C038,143,38,680250,9572750,2500,500,2021,12,2021-12,36,29.46,71.17,85.38,10.42,24.0,6.0,30.0,1,0.245,0.5971,1
LJ500_R143_C039,143,39,680750,9572750,3000,500,2021,12,2021-12,36,29.46,71.17,85.38,10.42,24.0,6.0,30.0,1,0.547,1.07,1
LJ500_R143_C040,143,40,681250,9572750,3500,500,2021,12,2021-12,36,29.46,71.17,85.38,10.42,24.0,6.0,30.0,1,0.6602,1.3105,1
LJ500_R143_C041,143,41,681750,9572750,4000,500,2021,12,2021-12,36,29.46,71.17,85.38,10.42,24.0,6.0,30.0,1,0.919,1.86,1
LJ500_R143_C042,143,42,682250,9572750,4500,500,2021,12,2021-12,36,29.46,71.17,85.38,10.42,24.0,6.0,30.0,1,0.9485,1.9189,1
LJ500_R144_C033,144,33,677750,9573250,0,1000,2021,12,2021-12,36,29.89,70.21,84.01,10.08,24.0,6.0,30.0,1,0.4291,0.9149,1
LJ500_R144_C034,144,34,678250,9573250,500,1000,2021,12,2021-12,36,29.46,71.17,85.38,10.42,24.0,6.0,30.0,1,0.3713,0.8257,1
LJ500_R144_C035,144,35,678750,9573250,1000,1000,2021,12,2021-12,36,29.46,71.17,85.38,10.42,24.0,6.0,30.0,1,0.2388,0.6006,1
LJ500_R144_C036,144,36,679250,9573250,1500,1000,2021,12,2021-12,36,29.46,71.17,85.38,10.42,24.0,6.0,30.0,1,0.2166,0.5628,1
LJ500_R144_C037,144,37,679750,9573250,2000,1000,2021,12,2021-12,36,29.46,71.17,85.38,10.42,24.0,6.0,30.0,1,0.1939,0.5193,1
LJ500_R144_C038,144,38,680250,9573250,2500,1000,2021,12,2021-12,36,29.46,71.17,85.38,10.42,24.0,6.0,30.0,1,0.2403,0.5915,1
LJ500_R144_C039,144,39,680750,9573250,3000,1000,2021,12,2021-12,36,29.46,71.17,85.38,10.42,24.0,6.0,30.0,1,0.4957,0.9887,1
LJ500_R144_C040,144,40,681250,9573250,3500,1000,2021,12,2021-12,36,29.46,71.17,85.38,10.42,24.0,6.0,30.0,1,0.6056,1.2119,1
LJ500_R144_C041,144,41,681750,9573250,4000,1000,2021,12,2021-12,36,29.46,71.17,85.38,10.42,24.0,6.0,30.0,1,0.8595,1.727,1
LJ500_R144_C042,144,42,682250,9573250,4500,1000,2021,12,2021-12,36,29.46,71.17,85.38,10.42,24.0,6.0,30.0,1,0.9213,1.8596,1
LJ500_R145_C033,145,33,677750,9573750,0,1500,2021,12,2021-12,36,29.89,70.21,84.0,10.08,24.0,6.0,30.0,1,0.3771,0.8349,1
LJ500_R145_C034,145,34,678250,9573750,500,1500,2021,12,2021-12,36,29.46,71.17,85.38,10.42,24.0,6.0,30.0,1,0.3353,0.77,1
LJ500_R145_C035,145,35,678750,9573750,1000,1500,2021,12,2021-12,36,29.46,71.17,85.38,10.42,24.0,6.0,30.0,1,0.2804,0.6761,1
LJ500_R145_C036,145,36,679250,9573750,1500,1500,2021,12,2021-12,36,29.46,71.17,85.38,10.42,24.0,6.0,30.0,1,0.2708,0.6596,1
LJ500_R145_C037,145,37,679750,9573750,2000,1500,2021,12,2021-12,36,29.46,71.17,85.38,10.42,24.0,6.0,30.0,1,0.204,0.54,1
LJ500_R145_C038,145,38,680250,9573750,2500,1500,2021,12,2021-12,36,29.46,71.17,85.38,10.42,24.0,6.0,30.0,1,0.2312,0.581,1
LJ500_R145_C039,145,39,680750,9573750,3000,1500,2021,12,2021-12,36,29.46,71.17,85.38,10.42,24.0,6.0,30.0,1,0.383,0.81,1
LJ500_R145_C040,145,40,681250,9573750,3500,1500,2021,12,2021-12,36,29.46,71.17,85.38,10.42,24.0,6.0,30.0,1,0.4876,0.9994,1
LJ500_R145_C041,145,41,681750,9573750,4000,1500,2021,12,2021-12,36,29.46,71.17,85.38,10.42,24.0,6.0,30.0,1,0.731,1.44,1
LJ500_R145_C042,145,42,682250,9573750,4500,1500,2021,12,2021-12,36,29.46,71.17,85.38,10.42,24.0,6.0,30.0,1,0.8628,1.7321,1
LJ500_R146_C033,146,33,677750,9574250,0,2000,2021,12,2021-12,36,31.06,70.69,84.73,9.0474,23.42,6.5752,30.0,1,0.4777,0.986,1
LJ500_R146_C034,146,34,678250,9574250,500,2000,2021,12,2021-12,36,31.06,72.04,86.64,8.995,23.14,6.8592,30.0,1,0.4578,0.9542,1
LJ500_R146_C035,146,35,678750,9574250,1000,2000,2021,12,2021-12,36,31.07,72.05,86.64,8.9887,23.14,6.863,30.0,1,0.3566,0.7903,1
LJ500_R146_C036,146,36,679250,9574250,1500,2000,2021,12,2021-12,36,31.08,72.05,86.65,8.9824,23.13,6.8667,30.0,1,0.3392,0.762,1
LJ500_R146_C037,146,37,679750,9574250,2000,2000,2021,12,2021-12,36,31.08,72.05,86.65,8.9761,23.13,6.8705,30.0,1,0.261,0.6332,1
LJ500_R146_C038,146,38,680250,9574250,2500,2000,2021,12,2021-12,36,31.09,72.06,86.66,8.9698,23.13,6.8743,30.0,1,0.2701,0.6453,1
LJ500_R146_C039,146,39,680750,9574250,3000,2000,2021,12,2021-12,36,31.1,72.06,86.66,8.9635,23.12,6.8781,30.0,1,0.3197,0.7113,1
LJ500_R146_C040,146,40,681250,9574250,3500,2000,2021,12,2021-12,36,31.11,72.07,86.67,8.9571,23.12,6.882,30.0,1,0.4302,0.9033,1
LJ500_R146_C041,146,41,681750,9574250,4000,2000,2021,12,2021-12,36,31.11,72.07,86.67,8.9508,23.11,6.8858,30.0,1,0.6899,1.3547,1
LJ500_R146_C042,146,42,682250,9574250,4500,2000,2021,12,2021-12,36,31.12,72.07,86.68,8.9444,23.11,6.8896,30.0,1,0.8353,1.6729,1
LJ500_R147_C033,147,33,677750,9574750,0,2500,2021,12,2021-12,36,32.62,71.32,85.72,7.6739,22.66,7.341,30.0,1,0.5963,1.164,1
LJ500_R147_C034,147,34,678250,9574750,500,2500,2021,12,2021-12,36,33.19,73.21,88.3,7.0995,22.0,8.0,30.0,1,0.6013,1.17,1
LJ500_R147_C035,147,35,678750,9574750,1000,2500,2021,12,2021-12,36,33.19,73.21,88.3,7.0995,22.0,8.0,30.0,1,0.4454,0.9234,1
LJ500_R147_C036,147,36,679250,9574750,1500,2500,2021,12,2021-12,36,33.19,73.21,88.3,7.0995,22.0,8.0,30.0,1,0.418,0.88,1
LJ500_R147_C037,147,37,679750,9574750,2000,2500,2021,12,2021-12,36,33.19,73.21,88.3,7.0995,22.0,8.0,30.0,1,0.3264,0.7401,1
LJ500_R147_C038,147,38,680250,9574750,2500,2500,2021,12,2021-12,36,33.19,73.21,88.3,7.0995,22.0,8.0,30.0,1,0.3148,0.7193,1
LJ500_R147_C039,147,39,680750,9574750,3000,2500,2021,12,2021-12,36,33.19,73.21,88.3,7.0995,22.0,8.0,30.0,1,0.2483,0.6,1
LJ500_R147_C040,147,40,681250,9574750,3500,2500,2021,12,2021-12,36,33.19,73.21,88.3,7.0995,22.0,8.0,30.0,1,0.3659,0.7959,1
LJ500_R147_C041,147,41,681750,9574750,4000,2500,2021,12,2021-12,36,33.19,73.21,88.3,7.0995,22.0,8.0,30.0,1,0.6443,1.26,1
LJ500_R147_C042,147,42,682250,9574750,4500,2500,2021,12,2021-12,36,33.19,73.21,88.3,7.0995,22.0,8.0,30.0,1,0.8049,1.6075,1
LJ500_R148_C033,148,33,677750,9575250,0,3000,2021,12,2021-12,36,32.62,71.31,85.7,7.6772,22.66,7.3373,30.0,1,0.5811,1.151,1
LJ500_R148_C034,148,34,678250,9575250,500,3000,2021,12,2021-12,36,33.19,73.21,88.3,7.0995,22.0,8.0,30.0,1,0.631,1.2256,1
LJ500_R148_C035,148,35,678750,9575250,1000,3000,2021,12,2021-12,36,33.19,73.21,88.3,7.0995,22.0,8.0,30.0,1,0.4808,0.9797,1
LJ500_R148_C036,148,36,679250,9575250,1500,3000,2021,12,2021-12,36,33.19,73.21,88.3,7.0995,22.0,8.0,30.0,1,0.454,0.9359,1
LJ500_R148_C037,148,37,679750,9575250,2000,3000,2021,12,2021-12,36,33.19,73.21,88.3,7.0995,22.0,8.0,30.0,1,0.3878,0.8275,1
LJ500_R148_C038,148,38,680250,9575250,2500,3000,2021,12,2021-12,36,33.19,73.21,88.3,7.0995,22.0,8.0,30.0,1,0.3707,0.7998,1
LJ500_R148_C039,148,39,680750,9575250,3000,3000,2021,12,2021-12,36,33.19,73.21,88.3,7.0995,22.0,8.0,30.0,1,0.2711,0.6376,1
LJ500_R148_C040,148,40,681250,9575250,3500,3000,2021,12,2021-12,36,33.19,73.21,88.3,7.0995,22.0,8.0,30.0,1,0.3309,0.7322,1
LJ500_R148_C041,148,41,681750,9575250,4000,3000,2021,12,2021-12,36,33.19,73.21,88.3,7.0995,22.0,8.0,30.0,1,0.4732,0.9573,1
LJ500_R148_C042,148,42,682250,9575250,4500,3000,2021,12,2021-12,36,33.19,73.21,88.3,7.0995,22.0,8.0,30.0,1,0.5886,1.1789,1
LJ500_R149_C033,149,33,677750,9575750,0,3500,2021,12,2021-12,36,32.62,71.3,85.69,7.6805,22.67,7.3336,30.0,1,0.5712,1.1421,1
LJ500_R149_C034,149,34,678250,9575750,500,3500,2021,12,2021-12,36,33.19,73.21,88.3,7.0995,22.0,8.0,30.0,1,0.6493,1.26,1
LJ500_R149_C035,149,35,678750,9575750,1000,3500,2021,12,2021-12,36,33.19,73.21,88.3,7.0995,22.0,8.0,30.0,1,0.5026,1.0145,1
LJ500_R149_C036,149,36,679250,9575750,1500,3500,2021,12,2021-12,36,33.19,73.21,88.3,7.0995,22.0,8.0,30.0,1,0.476,0.97,1
LJ500_R149_C037,149,37,679750,9575750,2000,3500,2021,12,2021-12,36,33.19,73.21,88.3,7.0995,22.0,8.0,30.0,1,0.4249,0.8804,1
LJ500_R149_C038,149,38,680250,9575750,2500,3500,2021,12,2021-12,36,33.19,73.21,88.3,7.0995,22.0,8.0,30.0,1,0.4045,0.8483,1
LJ500_R149_C039,149,39,680750,9575750,3000,3500,2021,12,2021-12,36,33.19,73.21,88.3,7.0995,22.0,8.0,30.0,1,0.2847,0.66,1
LJ500_R149_C040,149,40,681250,9575750,3500,3500,2021,12,2021-12,36,33.19,73.21,88.3,7.0995,22.0,8.0,30.0,1,0.3105,0.6952,1
LJ500_R149_C041,149,41,681750,9575750,4000,3500,2021,12,2021-12,36,33.19,73.21,88.3,7.0995,22.0,8.0,30.0,1,0.373,0.78,1
LJ500_R149_C042,149,42,682250,9575750,4500,3500,2021,12,2021-12,36,33.19,73.21,88.3,7.0995,22.0,8.0,30.0,1,0.463,0.9302,1
LJ500_R150_C033,150,33,677750,9576250,0,4000,2021,12,2021-12,36,32.61,71.29,85.67,7.6837,22.67,7.3298,30.0,1,0.6478,1.2939,1
LJ500_R150_C034,150,34,678250,9576250,500,4000,2021,12,2021-12,36,33.19,73.21,88.3,7.0995,22.0,8.0,30.0,1,0.7381,1.4459,1
LJ500_R150_C035,150,35,678750,9576250,1000,4000,2021,12,2021-12,36,33.19,73.21,88.3,7.0995,22.0,8.0,30.0,1,0.5574,1.103,1
LJ500_R150_C036,150,36,679250,9576250,1500,4000,2021,12,2021-12,36,33.19,73.21,88.3,7.0995,22.0,8.0,30.0,1,0.5242,1.04,1
LJ500_R150_C037,150,37,679750,9576250,2000,4000,2021,12,2021-12,36,33.19,73.21,88.3,7.0995,22.0,8.0,30.0,1,0.6374,1.253,1
LJ500_R150_C038,150,38,680250,9576250,2500,4000,2021,12,2021-12,36,33.19,73.21,88.3,7.0995,22.0,8.0,30.0,1,0.6235,1.2263,1
LJ500_R150_C039,150,39,680750,9576250,3000,4000,2021,12,2021-12,36,33.19,73.21,88.3,7.0995,22.0,8.0,30.0,1,0.5326,1.0519,1
LJ500_R150_C040,150,40,681250,9576250,3500,4000,2021,12,2021-12,36,33.19,73.21,88.3,7.0995,22.0,8.0,30.0,1,0.4856,0.9712,1
LJ500_R150_C041,150,41,681750,9576250,4000,4000,2021,12,2021-12,36,33.19,73.21,88.3,7.0995,22.0,8.0,30.0,1,0.3696,0.7721,1
LJ500_R150_C042,150,42,682250,9576250,4500,4000,2021,12,2021-12,36,33.19,73.21,88.3,7.0995,22.0,8.0,30.0,1,0.4328,0.873,1
LJ500_R151_C033,151,33,677750,9576750,0,4500,2021,12,2021-12,36,32.61,71.28,85.66,7.687,22.67,7.3261,30.0,1,0.67,1.3378,1
LJ500_R151_C034,151,34,678250,9576750,500,4500,2021,12,2021-12,36,33.19,73.21,88.3,7.0995,22.0,8.0,30.0,1,0.764,1.5,1
LJ500_R151_C035,151,35,678750,9576750,1000,4500,2021,12,2021-12,36,33.19,73.21,88.3,7.0995,22.0,8.0,30.0,1,0.5735,1.1292,1
LJ500_R151_C036,151,36,679250,9576750,1500,4500,2021,12,2021-12,36,33.19,73.21,88.3,7.0995,22.0,8.0,30.0,1,0.538,1.06,1
LJ500_R151_C037,151,37,679750,9576750,2000,4500,2021,12,2021-12,36,33.19,73.21,88.3,7.0995,22.0,8.0,30.0,1,0.697,1.3575,1
LJ500_R151_C038,151,38,680250,9576750,2500,4500,2021,12,2021-12,36,33.19,73.21,88.3,7.0995,22.0,8.0,30.0,1,0.6847,1.3319,1
LJ500_R151_C039,151,39,680750,9576750,3000,4500,2021,12,2021-12,36,33.19,73.21,88.3,7.0995,22.0,8.0,30.0,1,0.601,1.16,1
LJ500_R151_C040,151,40,681250,9576750,3500,4500,2021,12,2021-12,36,33.19,73.21,88.3,7.0995,22.0,8.0,30.0,1,0.5338,1.0472,1
LJ500_R151_C041,151,41,681750,9576750,4000,4500,2021,12,2021-12,36,33.19,73.21,88.3,7.0995,22.0,8.0,30.0,1,0.3687,0.77,1
LJ500_R151_C042,151,42,682250,9576750,4500,4500,2021,12,2021-12,36,33.19,73.21,88.3,7.0995,22.0,8.0,30.0,1,0.4246,0.8576,1
LJ500_R142_C033,142,33,677750,9572250,0,0,2022,1,2022-01,37,33.42,63.31,103.64,12.31,27.0,4.0,31.0,1,0.6015,1.1678,1
LJ500_R142_C034,142,34,678250,9572250,500,0,2022,1,2022-01,37,31.79,61.25,102.95,11.86,27.0,4.0,31.0,1,0.6128,1.1858,1
LJ500_R142_C035,142,35,678750,9572250,1000,0,2022,1,2022-01,37,31.79,61.25,102.95,11.86,27.0,4.0,31.0,1,0.4351,0.7798,1
LJ500_R142_C036,142,36,679250,9572250,1500,0,2022,1,2022-01,37,31.79,61.25,102.95,11.86,27.0,4.0,31.0,1,0.4049,0.7123,1
LJ500_R142_C037,142,37,679750,9572250,2000,0,2022,1,2022-01,37,31.79,61.25,102.95,11.86,27.0,4.0,31.0,1,0.2885,0.583,1
LJ500_R142_C038,142,38,680250,9572250,2500,0,2022,1,2022-01,37,31.79,61.25,102.95,11.86,27.0,4.0,31.0,1,0.3387,0.6629,1
LJ500_R142_C039,142,39,680750,9572250,3000,0,2022,1,2022-01,37,31.79,61.25,102.95,11.86,27.0,4.0,31.0,1,0.6072,1.09,1
LJ500_R142_C040,142,40,681250,9572250,3500,0,2022,1,2022-01,37,31.79,61.25,102.95,11.86,27.0,4.0,31.0,1,0.6883,1.2008,1
LJ500_R142_C041,142,41,681750,9572250,4000,0,2022,1,2022-01,37,31.79,61.25,102.95,11.86,27.0,4.0,31.0,1,0.8722,1.4523,1
LJ500_R142_C042,142,42,682250,9572250,4500,0,2022,1,2022-01,37,31.79,61.25,102.95,11.86,27.0,4.0,31.0,1,0.8822,1.4497,1
LJ500_R143_C033,143,33,677750,9572750,0,500,2022,1,2022-01,37,33.43,63.32,103.65,12.31,27.0,4.0,31.0,1,0.5357,0.9981,1
LJ500_R143_C034,143,34,678250,9572750,500,500,2022,1,2022-01,37,31.79,61.25,102.95,11.86,27.0,4.0,31.0,1,0.4865,0.87,1
LJ500_R143_C035,143,35,678750,9572750,1000,500,2022,1,2022-01,37,31.79,61.25,102.95,11.86,27.0,4.0,31.0,1,0.3445,0.6555,1
LJ500_R143_C036,143,36,679250,9572750,1500,500,2022,1,2022-01,37,31.79,61.25,102.95,11.86,27.0,4.0,31.0,1,0.3209,0.6199,1
LJ500_R143_C037,143,37,679750,9572750,2000,500,2022,1,2022-01,37,31.79,61.25,102.95,11.86,27.0,4.0,31.0,1,0.3123,0.6,1
LJ500_R143_C038,143,38,680250,9572750,2500,500,2022,1,2022-01,37,31.79,61.25,102.95,11.86,27.0,4.0,31.0,1,0.3585,0.6762,1
LJ500_R143_C039,143,39,680750,9572750,3000,500,2022,1,2022-01,37,31.79,61.25,102.95,11.86,27.0,4.0,31.0,1,0.6097,1.09,1
LJ500_R143_C040,143,40,681250,9572750,3500,500,2022,1,2022-01,37,31.79,61.25,102.95,11.86,27.0,4.0,31.0,1,0.7447,1.3001,1
LJ500_R143_C041,143,41,681750,9572750,4000,500,2022,1,2022-01,37,31.79,61.25,102.95,11.86,27.0,4.0,31.0,1,1.0532,1.78,1
LJ500_R143_C042,143,42,682250,9572750,4500,500,2022,1,2022-01,37,31.79,61.25,102.95,11.86,27.0,4.0,31.0,1,1.0771,1.8299,1
LJ500_R144_C033,144,33,677750,9573250,0,1000,2022,1,2022-01,37,33.44,63.33,103.65,12.31,27.0,4.0,31.0,1,0.5192,0.9555,1
LJ500_R144_C034,144,34,678250,9573250,500,1000,2022,1,2022-01,37,31.79,61.25,102.95,11.86,27.0,4.0,31.0,1,0.4751,0.8397,1
LJ500_R144_C035,144,35,678750,9573250,1000,1000,2022,1,2022-01,37,31.79,61.25,102.95,11.86,27.0,4.0,31.0,1,0.3631,0.6647,1
LJ500_R144_C036,144,36,679250,9573250,1500,1000,2022,1,2022-01,37,31.79,61.25,102.95,11.86,27.0,4.0,31.0,1,0.3443,0.6352,1
LJ500_R144_C037,144,37,679750,9573250,2000,1000,2022,1,2022-01,37,31.79,61.25,102.95,11.86,27.0,4.0,31.0,1,0.3185,0.6031,1
LJ500_R144_C038,144,38,680250,9573250,2500,1000,2022,1,2022-01,37,31.79,61.25,102.95,11.86,27.0,4.0,31.0,1,0.3567,0.6646,1
LJ500_R144_C039,144,39,680750,9573250,3000,1000,2022,1,2022-01,37,31.79,61.25,102.95,11.86,27.0,4.0,31.0,1,0.5662,1.0024,1
LJ500_R144_C040,144,40,681250,9573250,3500,1000,2022,1,2022-01,37,31.79,61.25,102.95,11.86,27.0,4.0,31.0,1,0.6923,1.2001,1
LJ500_R144_C041,144,41,681750,9573250,4000,1000,2022,1,2022-01,37,31.79,61.25,102.95,11.86,27.0,4.0,31.0,1,0.9831,1.6565,1
LJ500_R144_C042,144,42,682250,9573250,4500,1000,2022,1,2022-01,37,31.79,61.25,102.95,11.86,27.0,4.0,31.0,1,1.0405,1.7802,1
LJ500_R145_C033,145,33,677750,9573750,0,1500,2022,1,2022-01,37,33.45,63.34,103.66,12.32,27.0,4.0,31.0,1,0.4804,0.8555,1
LJ500_R145_C034,145,34,678250,9573750,500,1500,2022,1,2022-01,37,31.79,61.25,102.95,11.86,27.0,4.0,31.0,1,0.449,0.77,1
LJ500_R145_C035,145,35,678750,9573750,1000,1500,2022,1,2022-01,37,31.79,61.25,102.95,11.86,27.0,4.0,31.0,1,0.405,0.6846,1
LJ500_R145_C036,145,36,679250,9573750,1500,1500,2022,1,2022-01,37,31.79,61.25,102.95,11.86,27.0,4.0,31.0,1,0.3972,0.6698,1
LJ500_R145_C037,145,37,679750,9573750,2000,1500,2022,1,2022-01,37,31.79,61.25,102.95,11.86,27.0,4.0,31.0,1,0.3326,0.61,1
LJ500_R145_C038,145,38,680250,9573750,2500,1500,2022,1,2022-01,37,31.79,61.25,102.95,11.86,27.0,4.0,31.0,1,0.3535,0.6404,1
LJ500_R145_C039,145,39,680750,9573750,3000,1500,2022,1,2022-01,37,31.79,61.25,102.95,11.86,27.0,4.0,31.0,1,0.4706,0.81,1
LJ500_R145_C040,145,40,681250,9573750,3500,1500,2022,1,2022-01,37,31.79,61.25,102.95,11.86,27.0,4.0,31.0,1,0.5792,0.9843,1
LJ500_R145_C041,145,41,681750,9573750,4000,1500,2022,1,2022-01,37,31.79,61.25,102.95,11.86,27.0,4.0,31.0,1,0.8319,1.39,1
LJ500_R145_C042,145,42,682250,9573750,4500,1500,2022,1,2022-01,37,31.79,61.25,102.95,11.86,27.0,4.0,31.0,1,0.9618,1.6731,1
LJ500_R146_C033,146,33,677750,9574250,0,2000,2022,1,2022-01,37,38.38,69.45,109.07,14.07,27.0,4.0,31.0,1,0.5566,1.0399,1
LJ500_R146_C034,146,34,678250,9574250,500,2000,2022,1,2022-01,37,37.34,68.41,109.39,13.92,27.0,4.0,31.0,1,0.5417,0.9956,1
LJ500_R146_C035,146,35,678750,9574250,1000,2000,2022,1,2022-01,37,37.37,68.44,109.42,13.93,27.0,4.0,31.0,1,0.4611,0.8128,1
LJ500_R146_C036,146,36,679250,9574250,1500,2000,2022,1,2022-01,37,37.39,68.47,109.44,13.94,27.0,4.0,31.0,1,0.4472,0.7813,1
LJ500_R146_C037,146,37,679750,9574250,2000,2000,2022,1,2022-01,37,37.42,68.5,109.47,13.94,27.0,4.0,31.0,1,0.3811,0.6659,1
LJ500_R146_C038,146,38,680250,9574250,2500,2000,2022,1,2022-01,37,37.44,68.53,109.5,13.95,27.0,4.0,31.0,1,0.3878,0.6751,1
LJ500_R146_C039,146,39,680750,9574250,3000,2000,2022,1,2022-01,37,37.47,68.57,109.53,13.96,27.0,4.0,31.0,1,0.4241,0.7254,1
LJ500_R146_C040,146,40,681250,9574250,3500,2000,2022,1,2022-01,37,37.49,68.6,109.56,13.97,27.0,4.0,31.0,1,0.5302,0.9011,1
LJ500_R146_C041,146,41,681750,9574250,4000,2000,2022,1,2022-01,37,37.52,68.63,109.59,13.98,27.0,4.0,31.0,1,0.7795,1.3142,1
LJ500_R146_C042,146,42,682250,9574250,4500,2000,2022,1,2022-01,37,37.54,68.66,109.62,13.99,27.0,4.0,31.0,1,0.932,1.6107,1
LJ500_R147_C033,147,33,677750,9574750,0,2500,2022,1,2022-01,37,44.97,77.6,116.3,16.42,27.0,4.0,31.0,1,0.6464,1.257,1
LJ500_R147_C034,147,34,678250,9574750,500,2500,2022,1,2022-01,37,44.73,77.91,117.93,16.64,27.0,4.0,31.0,1,0.6503,1.26,1
LJ500_R147_C035,147,35,678750,9574750,1000,2500,2022,1,2022-01,37,44.73,77.91,117.93,16.64,27.0,4.0,31.0,1,0.5266,0.9624,1
LJ500_R147_C036,147,36,679250,9574750,1500,2500,2022,1,2022-01,37,44.73,77.91,117.93,16.64,27.0,4.0,31.0,1,0.5048,0.91,1
LJ500_R147_C037,147,37,679750,9574750,2000,2500,2022,1,2022-01,37,44.73,77.91,117.93,16.64,27.0,4.0,31.0,1,0.4368,0.7302,1
LJ500_R147_C038,147,38,680250,9574750,2500,2500,2022,1,2022-01,37,44.73,77.91,117.93,16.64,27.0,4.0,31.0,1,0.4271,0.7152,1
LJ500_R147_C039,147,39,680750,9574750,3000,2500,2022,1,2022-01,37,44.73,77.91,117.93,16.64,27.0,4.0,31.0,1,0.3716,0.63,1
LJ500_R147_C040,147,40,681250,9574750,3500,2500,2022,1,2022-01,37,44.73,77.91,117.93,16.64,27.0,4.0,31.0,1,0.4754,0.8081,1
LJ500_R147_C041,147,41,681750,9574750,4000,2500,2022,1,2022-01,37,44.73,77.91,117.93,16.64,27.0,4.0,31.0,1,0.7213,1.23,1
LJ500_R147_C042,147,42,682250,9574750,4500,2500,2022,1,2022-01,37,44.73,77.91,117.93,16.64,27.0,4.0,31.0,1,0.8989,1.5419,1
LJ500_R148_C033,148,33,677750,9575250,0,3000,2022,1,2022-01,37,44.98,77.59,116.29,16.42,27.0,4.0,31.0,1,0.6394,1.2273,1
LJ500_R148_C034,148,34,678250,9575250,500,3000,2022,1,2022-01,37,44.73,77.91,117.93,16.64,27.0,4.0,31.0,1,0.677,1.3156,1
LJ500_R148_C035,148,35,678750,9575250,1000,3000,2022,1,2022-01,37,44.73,77.91,117.93,16.64,27.0,4.0,31.0,1,0.5533,1.0188,1
LJ500_R148_C036,148,36,679250,9575250,1500,3000,2022,1,2022-01,37,44.73,77.91,117.93,16.64,27.0,4.0,31.0,1,0.5313,0.9659,1
LJ500_R148_C037,148,37,679750,9575250,2000,3000,2022,1,2022-01,37,44.73,77.91,117.93,16.64,27.0,4.0,31.0,1,0.4811,0.8301,1
LJ500_R148_C038,148,38,680250,9575250,2500,3000,2022,1,2022-01,37,44.73,77.91,117.93,16.64,27.0,4.0,31.0,1,0.4681,0.8026,1
LJ500_R148_C039,148,39,680750,9575250,3000,3000,2022,1,2022-01,37,44.73,77.91,117.93,16.64,27.0,4.0,31.0,1,0.3918,0.6425,1
LJ500_R148_C040,148,40,681250,9575250,3500,3000,2022,1,2022-01,37,44.73,77.91,117.93,16.64,27.0,4.0,31.0,1,0.4408,0.7305,1
LJ500_R148_C041,148,41,681750,9575250,4000,3000,2022,1,2022-01,37,44.73,77.91,117.93,16.64,27.0,4.0,31.0,1,0.5573,0.9399,1
LJ500_R148_C042,148,42,682250,9575250,4500,3000,2022,1,2022-01,37,44.73,77.91,117.93,16.64,27.0,4.0,31.0,1,0.675,1.1401,1
LJ500_R149_C033,149,33,677750,9575750,0,3500,2022,1,2022-01,37,44.98,77.59,116.28,16.42,27.0,4.0,31.0,1,0.6348,1.2079,1
LJ500_R149_C034,149,34,678250,9575750,500,3500,2022,1,2022-01,37,44.73,77.91,117.93,16.64,27.0,4.0,31.0,1,0.6935,1.35,1
LJ500_R149_C035,149,35,678750,9575750,1000,3500,2022,1,2022-01,37,44.73,77.91,117.93,16.64,27.0,4.0,31.0,1,0.5698,1.0537,1
LJ500_R149_C036,149,36,679250,9575750,1500,3500,2022,1,2022-01,37,44.73,77.91,117.93,16.64,27.0,4.0,31.0,1,0.5474,1.0,1
LJ500_R149_C037,149,37,679750,9575750,2000,3500,2022,1,2022-01,37,44.73,77.91,117.93,16.64,27.0,4.0,31.0,1,0.5079,0.8905,1
LJ500_R149_C038,149,38,680250,9575750,2500,3500,2022,1,2022-01,37,44.73,77.91,117.93,16.64,27.0,4.0,31.0,1,0.4928,0.8554,1
LJ500_R149_C039,149,39,680750,9575750,3000,3500,2022,1,2022-01,37,44.73,77.91,117.93,16.64,27.0,4.0,31.0,1,0.4039,0.65,1
LJ500_R149_C040,149,40,681250,9575750,3500,3500,2022,1,2022-01,37,44.73,77.91,117.93,16.64,27.0,4.0,31.0,1,0.4207,0.6852,1
LJ500_R149_C041,149,41,681750,9575750,4000,3500,2022,1,2022-01,37,44.73,77.91,117.93,16.64,27.0,4.0,31.0,1,0.4613,0.77,1
LJ500_R149_C042,149,42,682250,9575750,4500,3500,2022,1,2022-01,37,44.73,77.91,117.93,16.64,27.0,4.0,31.0,1,0.5451,0.9069,1
LJ500_R150_C033,150,33,677750,9576250,0,4000,2022,1,2022-01,37,44.98,77.59,116.27,16.42,27.0,4.0,31.0,1,0.7143,1.3535,1
LJ500_R150_C034,150,34,678250,9576250,500,4000,2022,1,2022-01,37,44.73,77.91,117.93,16.64,27.0,4.0,31.0,1,0.7947,1.5204,1
LJ500_R150_C035,150,35,678750,9576250,1000,4000,2022,1,2022-01,37,44.73,77.91,117.93,16.64,27.0,4.0,31.0,1,0.6182,1.153,1
LJ500_R150_C036,150,36,679250,9576250,1500,4000,2022,1,2022-01,37,44.73,77.91,117.93,16.64,27.0,4.0,31.0,1,0.5858,1.0856,1
LJ500_R150_C037,150,37,679750,9576250,2000,4000,2022,1,2022-01,37,44.73,77.91,117.93,16.64,27.0,4.0,31.0,1,0.705,1.271,1
LJ500_R150_C038,150,38,680250,9576250,2500,4000,2022,1,2022-01,37,44.73,77.91,117.93,16.64,27.0,4.0,31.0,1,0.6916,1.2424,1
LJ500_R150_C039,150,39,680750,9576250,3000,4000,2022,1,2022-01,37,44.73,77.91,117.93,16.64,27.0,4.0,31.0,1,0.6039,1.0576,1
LJ500_R150_C040,150,40,681250,9576250,3500,4000,2022,1,2022-01,37,44.73,77.91,117.93,16.64,27.0,4.0,31.0,1,0.5622,0.9723,1
LJ500_R150_C041,150,41,681750,9576250,4000,4000,2022,1,2022-01,37,44.73,77.91,117.93,16.64,27.0,4.0,31.0,1,0.4595,0.7621,1
LJ500_R150_C042,150,42,682250,9576250,4500,4000,2022,1,2022-01,37,44.73,77.91,117.93,16.64,27.0,4.0,31.0,1,0.5138,0.8533,1
LJ500_R151_C033,151,33,677750,9576750,0,4500,2022,1,2022-01,37,44.98,77.59,116.26,16.42,27.0,4.0,31.0,1,0.7372,1.3956,1
LJ500_R151_C034,151,34,678250,9576750,500,4500,2022,1,2022-01,37,44.73,77.91,117.93,16.64,27.0,4.0,31.0,1,0.8242,1.57,1
LJ500_R151_C035,151,35,678750,9576750,1000,4500,2022,1,2022-01,37,44.73,77.91,117.93,16.64,27.0,4.0,31.0,1,0.6325,1.1823,1
LJ500_R151_C036,151,36,679250,9576750,1500,4500,2022,1,2022-01,37,44.73,77.91,117.93,16.64,27.0,4.0,31.0,1,0.5968,1.11,1
LJ500_R151_C037,151,37,679750,9576750,2000,4500,2022,1,2022-01,37,44.73,77.91,117.93,16.64,27.0,4.0,31.0,1,0.7602,1.3777,1
LJ500_R151_C038,151,38,680250,9576750,2500,4500,2022,1,2022-01,37,44.73,77.91,117.93,16.64,27.0,4.0,31.0,1,0.7472,1.3505,1
LJ500_R151_C039,151,39,680750,9576750,3000,4500,2022,1,2022-01,37,44.73,77.91,117.93,16.64,27.0,4.0,31.0,1,0.659,1.17,1
LJ500_R151_C040,151,40,681250,9576750,3500,4500,2022,1,2022-01,37,44.73,77.91,117.93,16.64,27.0,4.0,31.0,1,0.6012,1.0515,1
LJ500_R151_C041,151,41,681750,9576750,4000,4500,2022,1,2022-01,37,44.73,77.91,117.93,16.64,27.0,4.0,31.0,1,0.459,0.76,1
LJ500_R151_C042,151,42,682250,9576750,4500,4500,2022,1,2022-01,37,44.73,77.91,117.93,16.64,27.0,4.0,31.0,1,0.5054,0.8388,1
LJ500_R142_C033,142,33,677750,9572250,0,0,2022,2,2022-02,38,31.28,64.7,94.59,17.35,28.0,3.0,31.0,1,0.5264,1.0219,1
LJ500_R142_C034,142,34,678250,9572250,500,0,2022,2,2022-02,38,30.76,62.54,92.0,16.28,28.0,3.0,31.0,1,0.5359,1.0322,1
LJ500_R142_C035,142,35,678750,9572250,1000,0,2022,2,2022-02,38,30.76,62.54,92.0,16.28,28.0,3.0,31.0,1,0.3772,0.7803,1
LJ500_R142_C036,142,36,679250,9572250,1500,0,2022,2,2022-02,38,30.76,62.54,92.0,16.28,28.0,3.0,31.0,1,0.3505,0.7375,1
LJ500_R142_C037,142,37,679750,9572250,2000,0,2022,2,2022-02,38,30.76,62.54,92.0,16.28,28.0,3.0,31.0,1,0.274,0.5746,1
LJ500_R142_C038,142,38,680250,9572250,2500,0,2022,2,2022-02,38,30.76,62.54,92.0,16.28,28.0,3.0,31.0,1,0.3128,0.6385,1
LJ500_R142_C039,142,39,680750,9572250,3000,0,2022,2,2022-02,38,30.76,62.54,92.0,16.28,28.0,3.0,31.0,1,0.5202,0.98,1
LJ500_R142_C040,142,40,681250,9572250,3500,0,2022,2,2022-02,38,30.76,62.54,92.0,16.28,28.0,3.0,31.0,1,0.5818,1.0755,1
LJ500_R142_C041,142,41,681750,9572250,4000,0,2022,2,2022-02,38,30.76,62.54,92.0,16.28,28.0,3.0,31.0,1,0.7216,1.2923,1
LJ500_R142_C042,142,42,682250,9572250,4500,0,2022,2,2022-02,38,30.76,62.54,92.0,16.28,28.0,3.0,31.0,1,0.7295,1.3094,1
LJ500_R143_C033,143,33,677750,9572750,0,500,2022,2,2022-02,38,31.29,64.72,94.6,17.36,28.0,3.0,31.0,1,0.4652,0.934,1
LJ500_R143_C034,143,34,678250,9572750,500,500,2022,2,2022-02,38,30.76,62.54,92.0,16.28,28.0,3.0,31.0,1,0.42,0.87,1
LJ500_R143_C035,143,35,678750,9572750,1000,500,2022,2,2022-02,38,30.76,62.54,92.0,16.28,28.0,3.0,31.0,1,0.3135,0.6555,1
LJ500_R143_C036,143,36,679250,9572750,1500,500,2022,2,2022-02,38,30.76,62.54,92.0,16.28,28.0,3.0,31.0,1,0.2957,0.6199,1
LJ500_R143_C037,143,37,679750,9572750,2000,500,2022,2,2022-02,38,30.76,62.54,92.0,16.28,28.0,3.0,31.0,1,0.2858,0.6,1
LJ500_R143_C038,143,38,680250,9572750,2500,500,2022,2,2022-02,38,30.76,62.54,92.0,16.28,28.0,3.0,31.0,1,0.3222,0.6591,1
LJ500_R143_C039,143,39,680750,9572750,3000,500,2022,2,2022-02,38,30.76,62.54,92.0,16.28,28.0,3.0,31.0,1,0.5197,0.98,1
LJ500_R143_C040,143,40,681250,9572750,3500,500,2022,2,2022-02,38,30.76,62.54,92.0,16.28,28.0,3.0,31.0,1,0.6241,1.1748,1
LJ500_R143_C041,143,41,681750,9572750,4000,500,2022,2,2022-02,38,30.76,62.54,92.0,16.28,28.0,3.0,31.0,1,0.8626,1.62,1
LJ500_R143_C042,143,42,682250,9572750,4500,500,2022,2,2022-02,38,30.76,62.54,92.0,16.28,28.0,3.0,31.0,1,0.8937,1.6971,1
LJ500_R144_C033,144,33,677750,9573250,0,1000,2022,2,2022-02,38,31.29,64.73,94.62,17.37,28.0,3.0,31.0,1,0.4502,0.908,1
LJ500_R144_C034,144,34,678250,9573250,500,1000,2022,2,2022-02,38,30.76,62.54,92.0,16.28,28.0,3.0,31.0,1,0.41,0.8488,1
LJ500_R144_C035,144,35,678750,9573250,1000,1000,2022,2,2022-02,38,30.76,62.54,92.0,16.28,28.0,3.0,31.0,1,0.3247,0.6738,1
LJ500_R144_C036,144,36,679250,9573250,1500,1000,2022,2,2022-02,38,30.76,62.54,92.0,16.28,28.0,3.0,31.0,1,0.3104,0.6444,1
LJ500_R144_C037,144,37,679750,9573250,2000,1000,2022,2,2022-02,38,30.76,62.54,92.0,16.28,28.0,3.0,31.0,1,0.2897,0.6062,1
LJ500_R144_C038,144,38,680250,9573250,2500,1000,2022,2,2022-02,38,30.76,62.54,92.0,16.28,28.0,3.0,31.0,1,0.3193,0.656,1
LJ500_R144_C039,144,39,680750,9573250,3000,1000,2022,2,2022-02,38,30.76,62.54,92.0,16.28,28.0,3.0,31.0,1,0.482,0.9299,1
LJ500_R144_C040,144,40,681250,9573250,3500,1000,2022,2,2022-02,38,30.76,62.54,92.0,16.28,28.0,3.0,31.0,1,0.5805,1.1004,1
LJ500_R144_C041,144,41,681750,9573250,4000,1000,2022,2,2022-02,38,30.76,62.54,92.0,16.28,28.0,3.0,31.0,1,0.8076,1.4933,1
LJ500_R144_C042,144,42,682250,9573250,4500,1000,2022,2,2022-02,38,30.76,62.54,92.0,16.28,28.0,3.0,31.0,1,0.8717,1.6527,1
LJ500_R145_C033,145,33,677750,9573750,0,1500,2022,2,2022-02,38,31.29,64.74,94.64,17.37,28.0,3.0,31.0,1,0.4149,0.8472,1
LJ500_R145_C034,145,34,678250,9573750,500,1500,2022,2,2022-02,38,30.76,62.54,92.0,16.28,28.0,3.0,31.0,1,0.3871,0.8,1
LJ500_R145_C035,145,35,678750,9573750,1000,1500,2022,2,2022-02,38,30.76,62.54,92.0,16.28,28.0,3.0,31.0,1,0.3499,0.7146,1
LJ500_R145_C036,145,36,679250,9573750,1500,1500,2022,2,2022-02,38,30.76,62.54,92.0,16.28,28.0,3.0,31.0,1,0.3434,0.6998,1
LJ500_R145_C037,145,37,679750,9573750,2000,1500,2022,2,2022-02,38,30.76,62.54,92.0,16.28,28.0,3.0,31.0,1,0.2984,0.62,1
LJ500_R145_C038,145,38,680250,9573750,2500,1500,2022,2,2022-02,38,30.76,62.54,92.0,16.28,28.0,3.0,31.0,1,0.3137,0.6504,1
LJ500_R145_C039,145,39,680750,9573750,3000,1500,2022,2,2022-02,38,30.76,62.54,92.0,16.28,28.0,3.0,31.0,1,0.3994,0.82,1
LJ500_R145_C040,145,40,681250,9573750,3500,1500,2022,2,2022-02,38,30.76,62.54,92.0,16.28,28.0,3.0,31.0,1,0.4864,0.9402,1
LJ500_R145_C041,145,41,681750,9573750,4000,1500,2022,2,2022-02,38,30.76,62.54,92.0,16.28,28.0,3.0,31.0,1,0.689,1.22,1
LJ500_R145_C042,145,42,682250,9573750,4500,1500,2022,2,2022-02,38,30.76,62.54,92.0,16.28,28.0,3.0,31.0,1,0.8244,1.5571,1
LJ500_R146_C033,146,33,677750,9574250,0,2000,2022,2,2022-02,38,35.55,73.93,104.99,19.54,27.71,3.2876,31.0,1,0.4804,0.9435,1
LJ500_R146_C034,146,34,678250,9574250,500,2000,2022,2,2022-02,38,35.8,73.14,104.21,18.84,27.57,3.4296,31.0,1,0.467,0.9197,1
LJ500_R146_C035,146,35,678750,9574250,1000,2000,2022,2,2022-02,38,35.82,73.19,104.26,18.85,27.57,3.4315,31.0,1,0.3967,0.8035,1
LJ500_R146_C036,146,36,679250,9574250,1500,2000,2022,2,2022-02,38,35.84,73.24,104.31,18.86,27.57,3.4334,31.0,1,0.3845,0.7835,1
LJ500_R146_C037,146,37,679750,9574250,2000,2000,2022,2,2022-02,38,35.87,73.28,104.37,18.87,27.56,3.4353,31.0,1,0.3313,0.6852,1
LJ500_R146_C038,146,38,680250,9574250,2500,2000,2022,2,2022-02,38,35.89,73.33,104.42,18.88,27.56,3.4372,31.0,1,0.3359,0.6938,1
LJ500_R146_C039,146,39,680750,9574250,3000,2000,2022,2,2022-02,38,35.91,73.38,104.48,18.89,27.56,3.4391,31.0,1,0.361,0.7401,1
LJ500_R146_C040,146,40,681250,9574250,3500,2000,2022,2,2022-02,38,35.93,73.43,104.53,18.9,27.56,3.441,31.0,1,0.447,0.8635,1
LJ500_R146_C041,146,41,681750,9574250,4000,2000,2022,2,2022-02,38,35.96,73.47,104.58,18.91,27.56,3.4429,31.0,1,0.649,1.1537,1
LJ500_R146_C042,146,42,682250,9574250,4500,2000,2022,2,2022-02,38,35.98,73.52,104.64,18.93,27.56,3.4448,31.0,1,0.7932,1.489,1
LJ500_R147_C033,147,33,677750,9574750,0,2500,2022,2,2022-02,38,41.22,86.2,118.82,22.43,27.33,3.6705,31.0,1,0.5576,1.057,1
LJ500_R147_C034,147,34,678250,9574750,500,2500,2022,2,2022-02,38,42.5,87.22,120.41,22.23,27.0,4.0,31.0,1,0.5606,1.06,1
LJ500_R147_C035,147,35,678750,9574750,1000,2500,2022,2,2022-02,38,42.5,87.22,120.41,22.23,27.0,4.0,31.0,1,0.4512,0.9069,1
LJ500_R147_C036,147,36,679250,9574750,1500,2500,2022,2,2022-02,38,42.5,87.22,120.41,22.23,27.0,4.0,31.0,1,0.4319,0.88,1
LJ500_R147_C037,147,37,679750,9574750,2000,2500,2022,2,2022-02,38,42.5,87.22,120.41,22.23,27.0,4.0,31.0,1,0.3691,0.7601,1
LJ500_R147_C038,147,38,680250,9574750,2500,2500,2022,2,2022-02,38,42.5,87.22,120.41,22.23,27.0,4.0,31.0,1,0.3614,0.7437,1
LJ500_R147_C039,147,39,680750,9574750,3000,2500,2022,2,2022-02,38,42.5,87.22,120.41,22.23,27.0,4.0,31.0,1,0.3177,0.65,1
LJ500_R147_C040,147,40,681250,9574750,3500,2500,2022,2,2022-02,38,42.5,87.22,120.41,22.23,27.0,4.0,31.0,1,0.4028,0.7776,1
LJ500_R147_C041,147,41,681750,9574750,4000,2500,2022,2,2022-02,38,42.5,87.22,120.41,22.23,27.0,4.0,31.0,1,0.6045,1.08,1
LJ500_R147_C042,147,42,682250,9574750,4500,2500,2022,2,2022-02,38,42.5,87.22,120.41,22.23,27.0,4.0,31.0,1,0.7587,1.4142,1
LJ500_R148_C033,148,33,677750,9575250,0,3000,2022,2,2022-02,38,41.22,86.19,118.81,22.44,27.33,3.6687,31.0,1,0.5498,1.0495,1
LJ500_R148_C034,148,34,678250,9575250,500,3000,2022,2,2022-02,38,42.5,87.22,120.41,22.23,27.0,4.0,31.0,1,0.5822,1.097,1
LJ500_R148_C035,148,35,678750,9575250,1000,3000,2022,2,2022-02,38,42.5,87.22,120.41,22.23,27.0,4.0,31.0,1,0.4715,0.9339,1
LJ500_R148_C036,148,36,679250,9575250,1500,3000,2022,2,2022-02,38,42.5,87.22,120.41,22.23,27.0,4.0,31.0,1,0.4518,0.9048,1
LJ500_R148_C037,148,37,679750,9575250,2000,3000,2022,2,2022-02,38,42.5,87.22,120.41,22.23,27.0,4.0,31.0,1,0.4065,0.8225,1
LJ500_R148_C038,148,38,680250,9575250,2500,3000,2022,2,2022-02,38,42.5,87.22,120.41,22.23,27.0,4.0,31.0,1,0.3956,0.8019,1
LJ500_R148_C039,148,39,680750,9575250,3000,3000,2022,2,2022-02,38,42.5,87.22,120.41,22.23,27.0,4.0,31.0,1,0.3319,0.6813,1
LJ500_R148_C040,148,40,681250,9575250,3500,3000,2022,2,2022-02,38,42.5,87.22,120.41,22.23,27.0,4.0,31.0,1,0.3719,0.7452,1
LJ500_R148_C041,148,41,681750,9575250,4000,3000,2022,2,2022-02,38,42.5,87.22,120.41,22.23,27.0,4.0,31.0,1,0.4672,0.8971,1
LJ500_R148_C042,148,42,682250,9575250,4500,3000,2022,2,2022-02,38,42.5,87.22,120.41,22.23,27.0,4.0,31.0,1,0.5674,1.0693,1
LJ500_R149_C033,149,33,677750,9575750,0,3500,2022,2,2022-02,38,41.21,86.19,118.8,22.44,27.33,3.6668,31.0,1,0.5446,1.0444,1
LJ500_R149_C034,149,34,678250,9575750,500,3500,2022,2,2022-02,38,42.5,87.22,120.41,22.23,27.0,4.0,31.0,1,0.5955,1.12,1
LJ500_R149_C035,149,35,678750,9575750,1000,3500,2022,2,2022-02,38,42.5,87.22,120.41,22.23,27.0,4.0,31.0,1,0.4841,0.9507,1
LJ500_R149_C036,149,36,679250,9575750,1500,3500,2022,2,2022-02,38,42.5,87.22,120.41,22.23,27.0,4.0,31.0,1,0.4639,0.92,1
LJ500_R149_C037,149,37,679750,9575750,2000,3500,2022,2,2022-02,38,42.5,87.22,120.41,22.23,27.0,4.0,31.0,1,0.4292,0.8603,1
LJ500_R149_C038,149,38,680250,9575750,2500,3500,2022,2,2022-02,38,42.5,87.22,120.41,22.23,27.0,4.0,31.0,1,0.4162,0.8369,1
LJ500_R149_C039,149,39,680750,9575750,3000,3500,2022,2,2022-02,38,42.5,87.22,120.41,22.23,27.0,4.0,31.0,1,0.3403,0.7,1
LJ500_R149_C040,149,40,681250,9575750,3500,3500,2022,2,2022-02,38,42.5,87.22,120.41,22.23,27.0,4.0,31.0,1,0.3539,0.7264,1
LJ500_R149_C041,149,41,681750,9575750,4000,3500,2022,2,2022-02,38,42.5,87.22,120.41,22.23,27.0,4.0,31.0,1,0.3868,0.79,1
LJ500_R149_C042,149,42,682250,9575750,4500,3500,2022,2,2022-02,38,42.5,87.22,120.41,22.23,27.0,4.0,31.0,1,0.4563,0.8695,1
LJ500_R150_C033,150,33,677750,9576250,0,4000,2022,2,2022-02,38,41.2,86.18,118.79,22.44,27.34,3.6649,31.0,1,0.6061,1.1602,1
LJ500_R150_C034,150,34,678250,9576250,500,4000,2022,2,2022-02,38,42.5,87.22,120.41,22.23,27.0,4.0,31.0,1,0.6724,1.2671,1
LJ500_R150_C035,150,35,678750,9576250,1000,4000,2022,2,2022-02,38,42.5,87.22,120.41,22.23,27.0,4.0,31.0,1,0.5236,1.0068,1
LJ500_R150_C036,150,36,679250,9576250,1500,4000,2022,2,2022-02,38,42.5,87.22,120.41,22.23,27.0,4.0,31.0,1,0.4963,0.9589,1
LJ500_R150_C037,150,37,679750,9576250,2000,4000,2022,2,2022-02,38,42.5,87.22,120.41,22.23,27.0,4.0,31.0,1,0.5927,1.1009,1
LJ500_R150_C038,150,38,680250,9576250,2500,4000,2022,2,2022-02,38,42.5,87.22,120.41,22.23,27.0,4.0,31.0,1,0.5816,1.0797,1
LJ500_R150_C039,150,39,680750,9576250,3000,4000,2022,2,2022-02,38,42.5,87.22,120.41,22.23,27.0,4.0,31.0,1,0.509,0.943,1
LJ500_R150_C040,150,40,681250,9576250,3500,4000,2022,2,2022-02,38,42.5,87.22,120.41,22.23,27.0,4.0,31.0,1,0.4733,0.8966,1
LJ500_R150_C041,150,41,681750,9576250,4000,4000,2022,2,2022-02,38,42.5,87.22,120.41,22.23,27.0,4.0,31.0,1,0.3855,0.7821,1
LJ500_R150_C042,150,42,682250,9576250,4500,4000,2022,2,2022-02,38,42.5,87.22,120.41,22.23,27.0,4.0,31.0,1,0.4301,0.8335,1
LJ500_R151_C033,151,33,677750,9576750,0,4500,2022,2,2022-02,38,41.19,86.17,118.78,22.44,27.34,3.663,31.0,1,0.6239,1.1937,1
LJ500_R151_C034,151,34,678250,9576750,500,4500,2022,2,2022-02,38,42.5,87.22,120.41,22.23,27.0,4.0,31.0,1,0.6948,1.31,1
LJ500_R151_C035,151,35,678750,9576750,1000,4500,2022,2,2022-02,38,42.5,87.22,120.41,22.23,27.0,4.0,31.0,1,0.5353,1.0235,1
LJ500_R151_C036,151,36,679250,9576750,1500,4500,2022,2,2022-02,38,42.5,87.22,120.41,22.23,27.0,4.0,31.0,1,0.5055,0.97,1
LJ500_R151_C037,151,37,679750,9576750,2000,4500,2022,2,2022-02,38,42.5,87.22,120.41,22.23,27.0,4.0,31.0,1,0.6385,1.1683,1
LJ500_R151_C038,151,38,680250,9576750,2500,4500,2022,2,2022-02,38,42.5,87.22,120.41,22.23,27.0,4.0,31.0,1,0.6279,1.1475,1
LJ500_R151_C039,151,39,680750,9576750,3000,4500,2022,2,2022-02,38,42.5,87.22,120.41,22.23,27.0,4.0,31.0,1,0.5555,1.01,1
LJ500_R151_C040,151,40,681250,9576750,3500,4500,2022,2,2022-02,38,42.5,87.22,120.41,22.23,27.0,4.0,31.0,1,0.5062,0.9435,1
LJ500_R151_C041,151,41,681750,9576750,4000,4500,2022,2,2022-02,38,42.5,87.22,120.41,22.23,27.0,4.0,31.0,1,0.3852,0.78,1
LJ500_R151_C042,151,42,682250,9576750,4500,4500,2022,2,2022-02,38,42.5,87.22,120.41,22.23,27.0,4.0,31.0,1,0.423,0.8238,1
LJ500_R142_C033,142,33,677750,9572250,0,0,2022,3,2022-03,39,69.79,101.08,134.5,18.37,23.0,5.0,28.0,1,0.61,1.0625,1
LJ500_R142_C034,142,34,678250,9572250,500,0,2022,3,2022-03,39,66.16,96.91,128.7,18.37,23.0,5.0,28.0,1,0.6169,1.0737,1
LJ500_R142_C035,142,35,678750,9572250,1000,0,2022,3,2022-03,39,66.16,96.91,128.7,18.37,23.0,5.0,28.0,1,0.4697,0.8759,1
LJ500_R142_C036,142,36,679250,9572250,1500,0,2022,3,2022-03,39,66.16,96.91,128.7,18.37,23.0,5.0,28.0,1,0.4449,0.8423,1
LJ500_R142_C037,142,37,679750,9572250,2000,0,2022,3,2022-03,39,66.16,96.91,128.7,18.37,23.0,5.0,28.0,1,0.363,0.713,1
LJ500_R142_C038,142,38,680250,9572250,2500,0,2022,3,2022-03,39,66.16,96.91,128.7,18.37,23.0,5.0,28.0,1,0.4006,0.763,1
LJ500_R142_C039,142,39,680750,9572250,3000,0,2022,3,2022-03,39,66.16,96.91,128.7,18.37,23.0,5.0,28.0,1,0.6012,1.03,1
LJ500_R142_C040,142,40,681250,9572250,3500,0,2022,3,2022-03,39,66.16,96.91,128.7,18.37,23.0,5.0,28.0,1,0.6544,1.1168,1
LJ500_R142_C041,142,41,681750,9572250,4000,0,2022,3,2022-03,39,66.16,96.91,128.7,18.37,23.0,5.0,28.0,1,0.7751,1.3135,1
LJ500_R142_C042,142,42,682250,9572250,4500,0,2022,3,2022-03,39,66.16,96.91,128.7,18.37,23.0,5.0,28.0,1,0.7817,1.3253,1
LJ500_R143_C033,143,33,677750,9572750,0,500,2022,3,2022-03,39,69.81,101.1,134.53,18.37,23.0,5.0,28.0,1,0.5495,0.9782,1
LJ500_R143_C034,143,34,678250,9572750,500,500,2022,3,2022-03,39,66.16,96.91,128.7,18.37,23.0,5.0,28.0,1,0.5093,0.92,1
LJ500_R143_C035,143,35,678750,9572750,1000,500,2022,3,2022-03,39,66.16,96.91,128.7,18.37,23.0,5.0,28.0,1,0.4039,0.7742,1
LJ500_R143_C036,143,36,679250,9572750,1500,500,2022,3,2022-03,39,66.16,96.91,128.7,18.37,23.0,5.0,28.0,1,0.3863,0.7499,1
LJ500_R143_C037,143,37,679750,9572750,2000,500,2022,3,2022-03,39,66.16,96.91,128.7,18.37,23.0,5.0,28.0,1,0.3739,0.73,1
LJ500_R143_C038,143,38,680250,9572750,2500,500,2022,3,2022-03,39,66.16,96.91,128.7,18.37,23.0,5.0,28.0,1,0.4088,0.7767,1
LJ500_R143_C039,143,39,680750,9572750,3000,500,2022,3,2022-03,39,66.16,96.91,128.7,18.37,23.0,5.0,28.0,1,0.5982,1.03,1
LJ500_R143_C040,143,40,681250,9572750,3500,500,2022,3,2022-03,39,66.16,96.91,128.7,18.37,23.0,5.0,28.0,1,0.6819,1.17,1
LJ500_R143_C041,143,41,681750,9572750,4000,500,2022,3,2022-03,39,66.16,96.91,128.7,18.37,23.0,5.0,28.0,1,0.8732,1.49,1
LJ500_R143_C042,143,42,682250,9572750,4500,500,2022,3,2022-03,39,66.16,96.91,128.7,18.37,23.0,5.0,28.0,1,0.8852,1.5127,1
LJ500_R144_C033,144,33,677750,9573250,0,1000,2022,3,2022-03,39,69.84,101.13,134.57,18.37,23.0,5.0,28.0,1,0.5346,0.9564,1
LJ500_R144_C034,144,34,678250,9573250,500,1000,2022,3,2022-03,39,66.16,96.91,128.7,18.37,23.0,5.0,28.0,1,0.4983,0.9048,1
LJ500_R144_C035,144,35,678750,9573250,1000,1000,2022,3,2022-03,39,66.16,96.91,128.7,18.37,23.0,5.0,28.0,1,0.4135,0.788,1
LJ500_R144_C036,144,36,679250,9573250,1500,1000,2022,3,2022-03,39,66.16,96.91,128.7,18.37,23.0,5.0,28.0,1,0.3993,0.7683,1
LJ500_R144_C037,144,37,679750,9573250,2000,1000,2022,3,2022-03,39,66.16,96.91,128.7,18.37,23.0,5.0,28.0,1,0.3766,0.7331,1
LJ500_R144_C038,144,38,680250,9573250,2500,1000,2022,3,2022-03,39,66.16,96.91,128.7,18.37,23.0,5.0,28.0,1,0.405,0.7711,1
LJ500_R144_C039,144,39,680750,9573250,3000,1000,2022,3,2022-03,39,66.16,96.91,128.7,18.37,23.0,5.0,28.0,1,0.5612,0.9799,1
LJ500_R144_C040,144,40,681250,9573250,3500,1000,2022,3,2022-03,39,66.16,96.91,128.7,18.37,23.0,5.0,28.0,1,0.6431,1.1121,1
LJ500_R144_C041,144,41,681750,9573250,4000,1000,2022,3,2022-03,39,66.16,96.91,128.7,18.37,23.0,5.0,28.0,1,0.8323,1.4172,1
LJ500_R144_C042,144,42,682250,9573250,4500,1000,2022,3,2022-03,39,66.16,96.91,128.7,18.37,23.0,5.0,28.0,1,0.8602,1.4695,1
LJ500_R145_C033,145,33,677750,9573750,0,1500,2022,3,2022-03,39,69.86,101.15,134.6,18.37,23.0,5.0,28.0,1,0.4997,0.9054,1
LJ500_R145_C034,145,34,678250,9573750,500,1500,2022,3,2022-03,39,66.16,96.91,128.7,18.37,23.0,5.0,28.0,1,0.4732,0.87,1
LJ500_R145_C035,145,35,678750,9573750,1000,1500,2022,3,2022-03,39,66.16,96.91,128.7,18.37,23.0,5.0,28.0,1,0.4351,0.8188,1
LJ500_R145_C036,145,36,679250,9573750,1500,1500,2022,3,2022-03,39,66.16,96.91,128.7,18.37,23.0,5.0,28.0,1,0.4284,0.8098,1
LJ500_R145_C037,145,37,679750,9573750,2000,1500,2022,3,2022-03,39,66.16,96.91,128.7,18.37,23.0,5.0,28.0,1,0.3825,0.74,1
LJ500_R145_C038,145,38,680250,9573750,2500,1500,2022,3,2022-03,39,66.16,96.91,128.7,18.37,23.0,5.0,28.0,1,0.3973,0.7597,1
LJ500_R145_C039,145,39,680750,9573750,3000,1500,2022,3,2022-03,39,66.16,96.91,128.7,18.37,23.0,5.0,28.0,1,0.48,0.87,1
LJ500_R145_C040,145,40,681250,9573750,3500,1500,2022,3,2022-03,39,66.16,96.91,128.7,18.37,23.0,5.0,28.0,1,0.5593,0.9872,1
LJ500_R145_C041,145,41,681750,9573750,4000,1500,2022,3,2022-03,39,66.16,96.91,128.7,18.37,23.0,5.0,28.0,1,0.7439,1.26,1
LJ500_R145_C042,145,42,682250,9573750,4500,1500,2022,3,2022-03,39,66.16,96.91,128.7,18.37,23.0,5.0,28.0,1,0.8065,1.3768,1
LJ500_R146_C033,146,33,677750,9574250,0,2000,2022,3,2022-03,39,77.12,112.66,151.05,20.41,22.28,5.7153,28.0,1,0.5551,0.9796,1
LJ500_R146_C034,146,34,678250,9574250,500,2000,2022,3,2022-03,39,73.43,109.23,146.57,18.83,22.14,5.8592,28.0,1,0.5418,0.9621,1
LJ500_R146_C035,146,35,678750,9574250,1000,2000,2022,3,2022-03,39,73.46,109.28,146.65,18.83,22.14,5.863,28.0,1,0.4769,0.8719,1
LJ500_R146_C036,146,36,679250,9574250,1500,2000,2022,3,2022-03,39,73.49,109.34,146.73,18.83,22.13,5.8667,28.0,1,0.4657,0.8563,1
LJ500_R146_C037,146,37,679750,9574250,2000,2000,2022,3,2022-03,39,73.52,109.39,146.81,18.83,22.13,5.8705,28.0,1,0.4125,0.7819,1
LJ500_R146_C038,146,38,680250,9574250,2500,2000,2022,3,2022-03,39,73.56,109.44,146.89,18.83,22.13,5.8743,28.0,1,0.4168,0.7869,1
LJ500_R146_C039,146,39,680750,9574250,3000,2000,2022,3,2022-03,39,73.59,109.5,146.97,18.84,22.12,5.8781,28.0,1,0.4406,0.8136,1
LJ500_R146_C040,146,40,681250,9574250,3500,2000,2022,3,2022-03,39,73.62,109.55,147.05,18.84,22.12,5.882,28.0,1,0.5202,0.9285,1
LJ500_R146_C041,146,41,681750,9574250,4000,2000,2022,3,2022-03,39,73.65,109.61,147.13,18.84,22.11,5.8858,28.0,1,0.7076,1.1984,1
LJ500_R146_C042,146,42,682250,9574250,4500,2000,2022,3,2022-03,39,73.69,109.66,147.21,18.84,22.11,5.8896,28.0,1,0.7898,1.3464,1
LJ500_R147_C033,147,33,677750,9574750,0,2500,2022,3,2022-03,39,86.83,128.05,173.02,23.17,21.33,6.6705,28.0,1,0.6203,1.067,1
LJ500_R147_C034,147,34,678250,9574750,500,2500,2022,3,2022-03,39,83.08,125.58,170.31,19.43,21.0,7.0,28.0,1,0.6221,1.07,1
LJ500_R147_C035,147,35,678750,9574750,1000,2500,2022,3,2022-03,39,83.08,125.58,170.31,19.43,21.0,7.0,28.0,1,0.5256,0.934,1
LJ500_R147_C036,147,36,679250,9574750,1500,2500,2022,3,2022-03,39,83.08,125.58,170.31,19.43,21.0,7.0,28.0,1,0.5086,0.91,1
LJ500_R147_C037,147,37,679750,9574750,2000,2500,2022,3,2022-03,39,83.08,125.58,170.31,19.43,21.0,7.0,28.0,1,0.4468,0.8301,1
LJ500_R147_C038,147,38,680250,9574750,2500,2500,2022,3,2022-03,39,83.08,125.58,170.31,19.43,21.0,7.0,28.0,1,0.4393,0.8182,1
LJ500_R147_C039,147,39,680750,9574750,3000,2500,2022,3,2022-03,39,83.08,125.58,170.31,19.43,21.0,7.0,28.0,1,0.3961,0.75,1
LJ500_R147_C040,147,40,681250,9574750,3500,2500,2022,3,2022-03,39,83.08,125.58,170.31,19.43,21.0,7.0,28.0,1,0.4765,0.8628,1
LJ500_R147_C041,147,41,681750,9574750,4000,2500,2022,3,2022-03,39,83.08,125.58,170.31,19.43,21.0,7.0,28.0,1,0.6671,1.13,1
LJ500_R147_C042,147,42,682250,9574750,4500,2500,2022,3,2022-03,39,83.08,125.58,170.31,19.43,21.0,7.0,28.0,1,0.7712,1.3127,1
LJ500_R148_C033,148,33,677750,9575250,0,3000,2022,3,2022-03,39,86.85,128.06,173.04,23.19,21.33,6.6687,28.0,1,0.6092,1.0522,1
LJ500_R148_C034,148,34,678250,9575250,500,3000,2022,3,2022-03,39,83.08,125.58,170.31,19.43,21.0,7.0,28.0,1,0.6365,1.0885,1
LJ500_R148_C035,148,35,678750,9575250,1000,3000,2022,3,2022-03,39,83.08,125.58,170.31,19.43,21.0,7.0,28.0,1,0.5417,0.9528,1
LJ500_R148_C036,148,36,679250,9575250,1500,3000,2022,3,2022-03,39,83.08,125.58,170.31,19.43,21.0,7.0,28.0,1,0.5248,0.9286,1
LJ500_R148_C037,148,37,679750,9575250,2000,3000,2022,3,2022-03,39,83.08,125.58,170.31,19.43,21.0,7.0,28.0,1,0.4812,0.8675,1
LJ500_R148_C038,148,38,680250,9575250,2500,3000,2022,3,2022-03,39,83.08,125.58,170.31,19.43,21.0,7.0,28.0,1,0.4704,0.8531,1
LJ500_R148_C039,148,39,680750,9575250,3000,3000,2022,3,2022-03,39,83.08,125.58,170.31,19.43,21.0,7.0,28.0,1,0.4073,0.7688,1
LJ500_R148_C040,148,40,681250,9575250,3500,3000,2022,3,2022-03,39,83.08,125.58,170.31,19.43,21.0,7.0,28.0,1,0.4453,0.8197,1
LJ500_R148_C041,148,41,681750,9575250,4000,3000,2022,3,2022-03,39,83.08,125.58,170.31,19.43,21.0,7.0,28.0,1,0.5356,0.9408,1
LJ500_R148_C042,148,42,682250,9575250,4500,3000,2022,3,2022-03,39,83.08,125.58,170.31,19.43,21.0,7.0,28.0,1,0.6159,1.066,1
LJ500_R149_C033,149,33,677750,9575750,0,3500,2022,3,2022-03,39,86.87,128.08,173.05,23.22,21.33,6.6668,28.0,1,0.6021,1.0426,1
LJ500_R149_C034,149,34,678250,9575750,500,3500,2022,3,2022-03,39,83.08,125.58,170.31,19.43,21.0,7.0,28.0,1,0.6454,1.1,1
LJ500_R149_C035,149,35,678750,9575750,1000,3500,2022,3,2022-03,39,83.08,125.58,170.31,19.43,21.0,7.0,28.0,1,0.5516,0.9646,1
LJ500_R149_C036,149,36,679250,9575750,1500,3500,2022,3,2022-03,39,83.08,125.58,170.31,19.43,21.0,7.0,28.0,1,0.5346,0.94,1
LJ500_R149_C037,149,37,679750,9575750,2000,3500,2022,3,2022-03,39,83.08,125.58,170.31,19.43,21.0,7.0,28.0,1,0.5019,0.8902,1
LJ500_R149_C038,149,38,680250,9575750,2500,3500,2022,3,2022-03,39,83.08,125.58,170.31,19.43,21.0,7.0,28.0,1,0.4891,0.8741,1
LJ500_R149_C039,149,39,680750,9575750,3000,3500,2022,3,2022-03,39,83.08,125.58,170.31,19.43,21.0,7.0,28.0,1,0.4139,0.78,1
LJ500_R149_C040,149,40,681250,9575750,3500,3500,2022,3,2022-03,39,83.08,125.58,170.31,19.43,21.0,7.0,28.0,1,0.427,0.7946,1
LJ500_R149_C041,149,41,681750,9575750,4000,3500,2022,3,2022-03,39,83.08,125.58,170.31,19.43,21.0,7.0,28.0,1,0.4586,0.83,1
LJ500_R149_C042,149,42,682250,9575750,4500,3500,2022,3,2022-03,39,83.08,125.58,170.31,19.43,21.0,7.0,28.0,1,0.5256,0.9228,1
LJ500_R150_C033,150,33,677750,9576250,0,4000,2022,3,2022-03,39,86.89,128.09,173.07,23.24,21.34,6.6649,28.0,1,0.6459,1.1192,1
LJ500_R150_C034,150,34,678250,9576250,500,4000,2022,3,2022-03,39,83.08,125.58,170.31,19.43,21.0,7.0,28.0,1,0.7001,1.2007,1
LJ500_R150_C035,150,35,678750,9576250,1000,4000,2022,3,2022-03,39,83.08,125.58,170.31,19.43,21.0,7.0,28.0,1,0.5793,1.0068,1
LJ500_R150_C036,150,36,679250,9576250,1500,4000,2022,3,2022-03,39,83.08,125.58,170.31,19.43,21.0,7.0,28.0,1,0.5572,0.9711,1
LJ500_R150_C037,150,37,679750,9576250,2000,4000,2022,3,2022-03,39,83.08,125.58,170.31,19.43,21.0,7.0,28.0,1,0.6408,1.0997,1
LJ500_R150_C038,150,38,680250,9576250,2500,4000,2022,3,2022-03,39,83.08,125.58,170.31,19.43,21.0,7.0,28.0,1,0.6313,1.0844,1
LJ500_R150_C039,150,39,680750,9576250,3000,4000,2022,3,2022-03,39,83.08,125.58,170.31,19.43,21.0,7.0,28.0,1,0.5687,0.9838,1
LJ500_R150_C040,150,40,681250,9576250,3500,4000,2022,3,2022-03,39,83.08,125.58,170.31,19.43,21.0,7.0,28.0,1,0.5354,0.9371,1
LJ500_R150_C041,150,41,681750,9576250,4000,4000,2022,3,2022-03,39,83.08,125.58,170.31,19.43,21.0,7.0,28.0,1,0.4532,0.8221,1
LJ500_R150_C042,150,42,682250,9576250,4500,4000,2022,3,2022-03,39,83.08,125.58,170.31,19.43,21.0,7.0,28.0,1,0.497,0.8797,1
LJ500_R151_C033,151,33,677750,9576750,0,4500,2022,3,2022-03,39,86.91,128.11,173.08,23.26,21.34,6.663,28.0,1,0.6585,1.1413,1
LJ500_R151_C034,151,34,678250,9576750,500,4500,2022,3,2022-03,39,83.08,125.58,170.31,19.43,21.0,7.0,28.0,1,0.7161,1.23,1
LJ500_R151_C035,151,35,678750,9576750,1000,4500,2022,3,2022-03,39,83.08,125.58,170.31,19.43,21.0,7.0,28.0,1,0.5875,1.0193,1
LJ500_R151_C036,151,36,679250,9576750,1500,4500,2022,3,2022-03,39,83.08,125.58,170.31,19.43,21.0,7.0,28.0,1,0.5636,0.98,1
LJ500_R151_C037,151,37,679750,9576750,2000,4500,2022,3,2022-03,39,83.08,125.58,170.31,19.43,21.0,7.0,28.0,1,0.6797,1.1585,1
LJ500_R151_C038,151,38,680250,9576750,2500,4500,2022,3,2022-03,39,83.08,125.58,170.31,19.43,21.0,7.0,28.0,1,0.671,1.1432,1
LJ500_R151_C039,151,39,680750,9576750,3000,4500,2022,3,2022-03,39,83.08,125.58,170.31,19.43,21.0,7.0,28.0,1,0.6114,1.04,1
LJ500_R151_C040,151,40,681250,9576750,3500,4500,2022,3,2022-03,39,83.08,125.58,170.31,19.43,21.0,7.0,28.0,1,0.5653,0.9764,1
LJ500_R151_C041,151,41,681750,9576750,4000,4500,2022,3,2022-03,39,83.08,125.58,170.31,19.43,21.0,7.0,28.0,1,0.4518,0.82,1
LJ500_R151_C042,151,42,682250,9576750,4500,4500,2022,3,2022-03,39,83.08,125.58,170.31,19.43,21.0,7.0,28.0,1,0.4893,0.8682,1
LJ500_R142_C033,142,33,677750,9572250,0,0,2022,4,2022-04,40,77.97,147.77,179.05,17.93,24.0,7.0,31.0,1,0.3723,0.9601,1
LJ500_R142_C034,142,34,678250,9572250,500,0,2022,4,2022-04,40,70.34,136.49,167.25,15.62,24.0,7.0,31.0,1,0.3769,0.9551,1
LJ500_R142_C035,142,35,678750,9572250,1000,0,2022,4,2022-04,40,70.34,136.49,167.25,15.62,24.0,7.0,31.0,1,0.2832,0.7462,1
LJ500_R142_C036,142,36,679250,9572250,1500,0,2022,4,2022-04,40,70.34,136.49,167.25,15.62,24.0,7.0,31.0,1,0.2675,0.7107,1
LJ500_R142_C037,142,37,679750,9572250,2000,0,2022,4,2022-04,40,70.34,136.49,167.25,15.62,24.0,7.0,31.0,1,0.2241,0.5646,1
LJ500_R142_C038,142,38,680250,9572250,2500,0,2022,4,2022-04,40,70.34,136.49,167.25,15.62,24.0,7.0,31.0,1,0.2462,0.6188,1
LJ500_R142_C039,142,39,680750,9572250,3000,0,2022,4,2022-04,40,70.34,136.49,167.25,15.62,24.0,7.0,31.0,1,0.364,0.9084,1
LJ500_R142_C040,142,40,681250,9572250,3500,0,2022,4,2022-04,40,70.34,136.49,167.25,15.62,24.0,7.0,31.0,1,0.4095,0.9792,1
LJ500_R142_C041,142,41,681750,9572250,4000,0,2022,4,2022-04,40,70.34,136.49,167.25,15.62,24.0,7.0,31.0,1,0.5129,1.1399,1
LJ500_R142_C042,142,42,682250,9572250,4500,0,2022,4,2022-04,40,70.34,136.49,167.25,15.62,24.0,7.0,31.0,1,0.5222,1.165,1
LJ500_R143_C033,143,33,677750,9572750,0,500,2022,4,2022-04,40,78.02,147.83,179.12,17.95,24.0,7.0,31.0,1,0.3333,0.8769,1
LJ500_R143_C034,143,34,678250,9572750,500,500,2022,4,2022-04,40,70.34,136.49,167.25,15.62,24.0,7.0,31.0,1,0.3061,0.81,1
LJ500_R143_C035,143,35,678750,9572750,1000,500,2022,4,2022-04,40,70.34,136.49,167.25,15.62,24.0,7.0,31.0,1,0.2536,0.6384,1
LJ500_R143_C036,143,36,679250,9572750,1500,500,2022,4,2022-04,40,70.34,136.49,167.25,15.62,24.0,7.0,31.0,1,0.2447,0.6099,1
LJ500_R143_C037,143,37,679750,9572750,2000,500,2022,4,2022-04,40,70.34,136.49,167.25,15.62,24.0,7.0,31.0,1,0.231,0.59,1
LJ500_R143_C038,143,38,680250,9572750,2500,500,2022,4,2022-04,40,70.34,136.49,167.25,15.62,24.0,7.0,31.0,1,0.2512,0.6382,1
LJ500_R143_C039,143,39,680750,9572750,3000,500,2022,4,2022-04,40,70.34,136.49,167.25,15.62,24.0,7.0,31.0,1,0.361,0.9,1
LJ500_R143_C040,143,40,681250,9572750,3500,500,2022,4,2022-04,40,70.34,136.49,167.25,15.62,24.0,7.0,31.0,1,0.4393,1.037,1
LJ500_R143_C041,143,41,681750,9572750,4000,500,2022,4,2022-04,40,70.34,136.49,167.25,15.62,24.0,7.0,31.0,1,0.6184,1.35,1
LJ500_R143_C042,143,42,682250,9572750,4500,500,2022,4,2022-04,40,70.34,136.49,167.25,15.62,24.0,7.0,31.0,1,0.6383,1.4543,1
LJ500_R144_C033,144,33,677750,9573250,0,1000,2022,4,2022-04,40,78.06,147.9,179.19,17.96,24.0,7.0,31.0,1,0.3242,0.8566,1
LJ500_R144_C034,144,34,678250,9573250,500,1000,2022,4,2022-04,40,70.34,136.49,167.25,15.62,24.0,7.0,31.0,1,0.3001,0.7918,1
LJ500_R144_C035,144,35,678750,9573250,1000,1000,2022,4,2022-04,40,70.34,136.49,167.25,15.62,24.0,7.0,31.0,1,0.2563,0.6571,1
LJ500_R144_C036,144,36,679250,9573250,1500,1000,2022,4,2022-04,40,70.34,136.49,167.25,15.62,24.0,7.0,31.0,1,0.2489,0.6344,1
LJ500_R144_C037,144,37,679750,9573250,2000,1000,2022,4,2022-04,40,70.34,136.49,167.25,15.62,24.0,7.0,31.0,1,0.2322,0.5962,1
LJ500_R144_C038,144,38,680250,9573250,2500,1000,2022,4,2022-04,40,70.34,136.49,167.25,15.62,24.0,7.0,31.0,1,0.248,0.6362,1
LJ500_R144_C039,144,39,680750,9573250,3000,1000,2022,4,2022-04,40,70.34,136.49,167.25,15.62,24.0,7.0,31.0,1,0.3347,0.8562,1
LJ500_R144_C040,144,40,681250,9573250,3500,1000,2022,4,2022-04,40,70.34,136.49,167.25,15.62,24.0,7.0,31.0,1,0.4073,0.9806,1
LJ500_R144_C041,144,41,681750,9573250,4000,1000,2022,4,2022-04,40,70.34,136.49,167.25,15.62,24.0,7.0,31.0,1,0.5749,1.2677,1
LJ500_R144_C042,144,42,682250,9573250,4500,1000,2022,4,2022-04,40,70.34,136.49,167.25,15.62,24.0,7.0,31.0,1,0.6169,1.463,1
LJ500_R145_C033,145,33,677750,9573750,0,1500,2022,4,2022-04,40,78.11,147.97,179.26,17.98,24.0,7.0,31.0,1,0.3028,0.809,1
LJ500_R145_C034,145,34,678250,9573750,500,1500,2022,4,2022-04,40,70.34,136.49,167.25,15.62,24.0,7.0,31.0,1,0.2861,0.75,1
LJ500_R145_C035,145,35,678750,9573750,1000,1500,2022,4,2022-04,40,70.34,136.49,167.25,15.62,24.0,7.0,31.0,1,0.2624,0.6988,1
LJ500_R145_C036,145,36,679250,9573750,1500,1500,2022,4,2022-04,40,70.34,136.49,167.25,15.62,24.0,7.0,31.0,1,0.2583,0.6898,1
LJ500_R145_C037,145,37,679750,9573750,2000,1500,2022,4,2022-04,40,70.34,136.49,167.25,15.62,24.0,7.0,31.0,1,0.2348,0.61,1
LJ500_R145_C038,145,38,680250,9573750,2500,1500,2022,4,2022-04,40,70.34,136.49,167.25,15.62,24.0,7.0,31.0,1,0.2413,0.6328,1
LJ500_R145_C039,145,39,680750,9573750,3000,1500,2022,4,2022-04,40,70.34,136.49,167.25,15.62,24.0,7.0,31.0,1,0.2771,0.76,1
LJ500_R145_C040,145,40,681250,9573750,3500,1500,2022,4,2022-04,40,70.34,136.49,167.25,15.62,24.0,7.0,31.0,1,0.3384,0.8592,1
LJ500_R145_C041,145,41,681750,9573750,4000,1500,2022,4,2022-04,40,70.34,136.49,167.25,15.62,24.0,7.0,31.0,1,0.481,1.09,1
LJ500_R145_C042,145,42,682250,9573750,4500,1500,2022,4,2022-04,40,70.34,136.49,167.25,15.62,24.0,7.0,31.0,1,0.5709,1.481,1
LJ500_R146_C033,146,33,677750,9574250,0,2000,2022,4,2022-04,40,86.51,163.63,199.18,18.03,22.86,8.143,31.0,1,0.3384,0.899,1
LJ500_R146_C034,146,34,678250,9574250,500,2000,2022,4,2022-04,40,80.95,154.37,190.17,16.01,22.71,8.2888,31.0,1,0.3301,0.8605,1
LJ500_R146_C035,146,35,678750,9574250,1000,2000,2022,4,2022-04,40,80.99,154.45,190.27,16.01,22.71,8.2945,31.0,1,0.286,0.7586,1
LJ500_R146_C036,146,36,679250,9574250,1500,2000,2022,4,2022-04,40,81.04,154.53,190.37,16.01,22.7,8.3001,31.0,1,0.2784,0.741,1
LJ500_R146_C037,146,37,679750,9574250,2000,2000,2022,4,2022-04,40,81.09,154.61,190.47,16.02,22.69,8.3058,31.0,1,0.2472,0.6613,1
LJ500_R146_C038,146,38,680250,9574250,2500,2000,2022,4,2022-04,40,81.13,154.69,190.58,16.02,22.69,8.3115,31.0,1,0.2486,0.6679,1
LJ500_R146_C039,146,39,680750,9574250,3000,2000,2022,4,2022-04,40,81.18,154.77,190.68,16.02,22.68,8.3172,31.0,1,0.2566,0.7036,1
LJ500_R146_C040,146,40,681250,9574250,3500,2000,2022,4,2022-04,40,81.23,154.85,190.78,16.02,22.68,8.323,31.0,1,0.314,0.8048,1
LJ500_R146_C041,146,41,681750,9574250,4000,2000,2022,4,2022-04,40,81.27,154.93,190.88,16.02,22.67,8.3287,31.0,1,0.4487,1.0426,1
LJ500_R146_C042,146,42,682250,9574250,4500,2000,2022,4,2022-04,40,81.32,155.01,190.98,16.03,22.67,8.3345,31.0,1,0.5507,1.3892,1
LJ500_R147_C033,147,33,677750,9574750,0,2500,2022,4,2022-04,40,97.72,184.54,225.77,18.09,21.33,9.6705,31.0,1,0.3805,1.0049,1
LJ500_R147_C034,147,34,678250,9574750,500,2500,2022,4,2022-04,40,95.03,178.12,220.61,16.54,21.0,10.0,31.0,1,0.3816,0.99,1
LJ500_R147_C035,147,35,678750,9574750,1000,2500,2022,4,2022-04,40,95.03,178.12,220.61,16.54,21.0,10.0,31.0,1,0.3136,0.8284,1
LJ500_R147_C036,147,36,679250,9574750,1500,2500,2022,4,2022-04,40,95.03,178.12,220.61,16.54,21.0,10.0,31.0,1,0.3016,0.8,1
LJ500_R147_C037,147,37,679750,9574750,2000,2500,2022,4,2022-04,40,95.03,178.12,220.61,16.54,21.0,10.0,31.0,1,0.2613,0.7201,1
LJ500_R147_C038,147,38,680250,9574750,2500,2500,2022,4,2022-04,40,95.03,178.12,220.61,16.54,21.0,10.0,31.0,1,0.2572,0.7082,1
LJ500_R147_C039,147,39,680750,9574750,3000,2500,2022,4,2022-04,40,95.03,178.12,220.61,16.54,21.0,10.0,31.0,1,0.2335,0.64,1
LJ500_R147_C040,147,40,681250,9574750,3500,2500,2022,4,2022-04,40,95.03,178.12,220.61,16.54,21.0,10.0,31.0,1,0.2868,0.7439,1
LJ500_R147_C041,147,41,681750,9574750,4000,2500,2022,4,2022-04,40,95.03,178.12,220.61,16.54,21.0,10.0,31.0,1,0.4129,0.99,1
LJ500_R147_C042,147,42,682250,9574750,4500,2500,2022,4,2022-04,40,95.03,178.12,220.61,16.54,21.0,10.0,31.0,1,0.5283,1.2885,1
LJ500_R148_C033,148,33,677750,9575250,0,3000,2022,4,2022-04,40,97.73,184.58,225.8,18.1,21.33,9.6687,31.0,1,0.374,0.9803,1
LJ500_R148_C034,148,34,678250,9575250,500,3000,2022,4,2022-04,40,95.03,178.12,220.61,16.54,21.0,10.0,31.0,1,0.3916,1.0023,1
LJ500_R148_C035,148,35,678750,9575250,1000,3000,2022,4,2022-04,40,95.03,178.12,220.61,16.54,21.0,10.0,31.0,1,0.3239,0.8622,1
LJ500_R148_C036,148,36,679250,9575250,1500,3000,2022,4,2022-04,40,95.03,178.12,220.61,16.54,21.0,10.0,31.0,1,0.3118,0.8373,1
LJ500_R148_C037,148,37,679750,9575250,2000,3000,2022,4,2022-04,40,95.03,178.12,220.61,16.54,21.0,10.0,31.0,1,0.2815,0.7638,1
LJ500_R148_C038,148,38,680250,9575250,2500,3000,2022,4,2022-04,40,95.03,178.12,220.61,16.54,21.0,10.0,31.0,1,0.2751,0.7484,1
LJ500_R148_C039,148,39,680750,9575250,3000,3000,2022,4,2022-04,40,95.03,178.12,220.61,16.54,21.0,10.0,31.0,1,0.2378,0.6588,1
LJ500_R148_C040,148,40,681250,9575250,3500,3000,2022,4,2022-04,40,95.03,178.12,220.61,16.54,21.0,10.0,31.0,1,0.2609,0.7083,1
LJ500_R148_C041,148,41,681750,9575250,4000,3000,2022,4,2022-04,40,95.03,178.12,220.61,16.54,21.0,10.0,31.0,1,0.3159,0.826,1
LJ500_R148_C042,148,42,682250,9575250,4500,3000,2022,4,2022-04,40,95.03,178.12,220.61,16.54,21.0,10.0,31.0,1,0.3891,0.9852,1
LJ500_R149_C033,149,33,677750,9575750,0,3500,2022,4,2022-04,40,97.75,184.62,225.83,18.11,21.33,9.6668,31.0,1,0.3698,0.9647,1
LJ500_R149_C034,149,34,678250,9575750,500,3500,2022,4,2022-04,40,95.03,178.12,220.61,16.54,21.0,10.0,31.0,1,0.3977,1.01,1
LJ500_R149_C035,149,35,678750,9575750,1000,3500,2022,4,2022-04,40,95.03,178.12,220.61,16.54,21.0,10.0,31.0,1,0.3303,0.883,1
LJ500_R149_C036,149,36,679250,9575750,1500,3500,2022,4,2022-04,40,95.03,178.12,220.61,16.54,21.0,10.0,31.0,1,0.3181,0.86,1
LJ500_R149_C037,149,37,679750,9575750,2000,3500,2022,4,2022-04,40,95.03,178.12,220.61,16.54,21.0,10.0,31.0,1,0.2937,0.7903,1
LJ500_R149_C038,149,38,680250,9575750,2500,3500,2022,4,2022-04,40,95.03,178.12,220.61,16.54,21.0,10.0,31.0,1,0.2859,0.7727,1
LJ500_R149_C039,149,39,680750,9575750,3000,3500,2022,4,2022-04,40,95.03,178.12,220.61,16.54,21.0,10.0,31.0,1,0.2403,0.67,1
LJ500_R149_C040,149,40,681250,9575750,3500,3500,2022,4,2022-04,40,95.03,178.12,220.61,16.54,21.0,10.0,31.0,1,0.2458,0.6876,1
LJ500_R149_C041,149,41,681750,9575750,4000,3500,2022,4,2022-04,40,95.03,178.12,220.61,16.54,21.0,10.0,31.0,1,0.259,0.73,1
LJ500_R149_C042,149,42,682250,9575750,4500,3500,2022,4,2022-04,40,95.03,178.12,220.61,16.54,21.0,10.0,31.0,1,0.3083,0.8095,1
LJ500_R150_C033,150,33,677750,9576250,0,4000,2022,4,2022-04,40,97.76,184.65,225.85,18.12,21.34,9.6649,31.0,1,0.4067,1.0531,1
LJ500_R150_C034,150,34,678250,9576250,500,4000,2022,4,2022-04,40,95.03,178.12,220.61,16.54,21.0,10.0,31.0,1,0.4462,1.1107,1
LJ500_R150_C035,150,35,678750,9576250,1000,4000,2022,4,2022-04,40,95.03,178.12,220.61,16.54,21.0,10.0,31.0,1,0.3511,0.9318,1
LJ500_R150_C036,150,36,679250,9576250,1500,4000,2022,4,2022-04,40,95.03,178.12,220.61,16.54,21.0,10.0,31.0,1,0.3336,0.8989,1
LJ500_R150_C037,150,37,679750,9576250,2000,4000,2022,4,2022-04,40,95.03,178.12,220.61,16.54,21.0,10.0,31.0,1,0.3955,0.9612,1
LJ500_R150_C038,150,38,680250,9576250,2500,4000,2022,4,2022-04,40,95.03,178.12,220.61,16.54,21.0,10.0,31.0,1,0.3881,0.9483,1
LJ500_R150_C039,150,39,680750,9576250,3000,4000,2022,4,2022-04,40,95.03,178.12,220.61,16.54,21.0,10.0,31.0,1,0.3397,0.866,1
LJ500_R150_C040,150,40,681250,9576250,3500,4000,2022,4,2022-04,40,95.03,178.12,220.61,16.54,21.0,10.0,31.0,1,0.3156,0.8244,1
LJ500_R150_C041,150,41,681750,9576250,4000,4000,2022,4,2022-04,40,95.03,178.12,220.61,16.54,21.0,10.0,31.0,1,0.2565,0.7221,1
LJ500_R150_C042,150,42,682250,9576250,4500,4000,2022,4,2022-04,40,95.03,178.12,220.61,16.54,21.0,10.0,31.0,1,0.2873,0.7735,1
LJ500_R151_C033,151,33,677750,9576750,0,4500,2022,4,2022-04,40,97.78,184.69,225.88,18.13,21.34,9.663,31.0,1,0.4174,1.0788,1
LJ500_R151_C034,151,34,678250,9576750,500,4500,2022,4,2022-04,40,95.03,178.12,220.61,16.54,21.0,10.0,31.0,1,0.4603,1.14,1
LJ500_R151_C035,151,35,678750,9576750,1000,4500,2022,4,2022-04,40,95.03,178.12,220.61,16.54,21.0,10.0,31.0,1,0.3573,0.9462,1
LJ500_R151_C036,151,36,679250,9576750,1500,4500,2022,4,2022-04,40,95.03,178.12,220.61,16.54,21.0,10.0,31.0,1,0.3381,0.91,1
LJ500_R151_C037,151,37,679750,9576750,2000,4500,2022,4,2022-04,40,95.03,178.12,220.61,16.54,21.0,10.0,31.0,1,0.4241,1.0092,1
LJ500_R151_C038,151,38,680250,9576750,2500,4500,2022,4,2022-04,40,95.03,178.12,220.61,16.54,21.0,10.0,31.0,1,0.4167,0.9974,1
LJ500_R151_C039,151,39,680750,9576750,3000,4500,2022,4,2022-04,40,95.03,178.12,220.61,16.54,21.0,10.0,31.0,1,0.3671,0.92,1
LJ500_R151_C040,151,40,681250,9576750,3500,4500,2022,4,2022-04,40,95.03,178.12,220.61,16.54,21.0,10.0,31.0,1,0.3349,0.8622,1
LJ500_R151_C041,151,41,681750,9576750,4000,4500,2022,4,2022-04,40,95.03,178.12,220.61,16.54,21.0,10.0,31.0,1,0.2558,0.72,1
LJ500_R151_C042,151,42,682250,9576750,4500,4500,2022,4,2022-04,40,95.03,178.12,220.61,16.54,21.0,10.0,31.0,1,0.2817,0.7638,1
LJ500_R142_C033,142,33,677750,9572250,0,0,2022,5,2022-05,41,64.33,142.3,212.09,19.94,23.68,6.3201,30.0,1,0.4439,0.8703,1
LJ500_R142_C034,142,34,678250,9572250,500,0,2022,5,2022-05,41,61.7,132.04,198.19,17.68,24.0,6.0,30.0,1,0.4442,0.8568,1
LJ500_R142_C035,142,35,678750,9572250,1000,0,2022,5,2022-05,41,61.7,132.04,198.19,17.68,24.0,6.0,30.0,1,0.3685,0.7181,1
LJ500_R142_C036,142,36,679250,9572250,1500,0,2022,5,2022-05,41,61.7,132.04,198.19,17.68,24.0,6.0,30.0,1,0.3556,0.695,1
LJ500_R142_C037,142,37,679750,9572250,2000,0,2022,5,2022-05,41,61.7,132.04,198.19,17.68,24.0,6.0,30.0,1,0.3025,0.64,1
LJ500_R142_C038,142,38,680250,9572250,2500,0,2022,5,2022-05,41,61.7,132.04,198.19,17.68,24.0,6.0,30.0,1,0.3187,0.6568,1
LJ500_R142_C039,142,39,680750,9572250,3000,0,2022,5,2022-05,41,61.7,132.04,198.19,17.68,24.0,6.0,30.0,1,0.4051,0.7469,1
LJ500_R142_C040,142,40,681250,9572250,3500,0,2022,5,2022-05,41,61.7,132.04,198.19,17.68,24.0,6.0,30.0,1,0.4338,0.8094,1
LJ500_R142_C041,142,41,681750,9572250,4000,0,2022,5,2022-05,41,61.7,132.04,198.19,17.68,24.0,6.0,30.0,1,0.4992,0.9512,1
LJ500_R142_C042,142,42,682250,9572250,4500,0,2022,5,2022-05,41,61.7,132.04,198.19,17.68,24.0,6.0,30.0,1,0.5011,0.962,1
LJ500_R143_C033,143,33,677750,9572750,0,500,2022,5,2022-05,41,64.34,142.36,212.18,19.95,23.68,6.322,30.0,1,0.4181,0.8207,1
LJ500_R143_C034,143,34,678250,9572750,500,500,2022,5,2022-05,41,61.7,132.04,198.19,17.68,24.0,6.0,30.0,1,0.397,0.78,1
LJ500_R143_C035,143,35,678750,9572750,1000,500,2022,5,2022-05,41,61.7,132.04,198.19,17.68,24.0,6.0,30.0,1,0.3398,0.6856,1
LJ500_R143_C036,143,36,679250,9572750,1500,500,2022,5,2022-05,41,61.7,132.04,198.19,17.68,24.0,6.0,30.0,1,0.3302,0.6698,1
LJ500_R143_C037,143,37,679750,9572750,2000,500,2022,5,2022-05,41,61.7,132.04,198.19,17.68,24.0,6.0,30.0,1,0.311,0.64,1
LJ500_R143_C038,143,38,680250,9572750,2500,500,2022,5,2022-05,41,61.7,132.04,198.19,17.68,24.0,6.0,30.0,1,0.3257,0.654,1
LJ500_R143_C039,143,39,680750,9572750,3000,500,2022,5,2022-05,41,61.7,132.04,198.19,17.68,24.0,6.0,30.0,1,0.4053,0.73,1
LJ500_R143_C040,143,40,681250,9572750,3500,500,2022,5,2022-05,41,61.7,132.04,198.19,17.68,24.0,6.0,30.0,1,0.4588,0.8152,1
LJ500_R143_C041,143,41,681750,9572750,4000,500,2022,5,2022-05,41,61.7,132.04,198.19,17.68,24.0,6.0,30.0,1,0.581,1.01,1
LJ500_R143_C042,143,42,682250,9572750,4500,500,2022,5,2022-05,41,61.7,132.04,198.19,17.68,24.0,6.0,30.0,1,0.5922,1.0055,1
LJ500_R144_C033,144,33,677750,9573250,0,1000,2022,5,2022-05,41,64.36,142.42,212.26,19.97,23.68,6.3238,30.0,1,0.412,0.8102,1
LJ500_R144_C034,144,34,678250,9573250,500,1000,2022,5,2022-05,41,61.7,132.04,198.19,17.68,24.0,6.0,30.0,1,0.3927,0.7709,1
LJ500_R144_C035,144,35,678750,9573250,1000,1000,2022,5,2022-05,41,61.7,132.04,198.19,17.68,24.0,6.0,30.0,1,0.3448,0.6845,1
LJ500_R144_C036,144,36,679250,9573250,1500,1000,2022,5,2022-05,41,61.7,132.04,198.19,17.68,24.0,6.0,30.0,1,0.3367,0.6698,1
LJ500_R144_C037,144,37,679750,9573250,2000,1000,2022,5,2022-05,41,61.7,132.04,198.19,17.68,24.0,6.0,30.0,1,0.313,0.6369,1
LJ500_R144_C038,144,38,680250,9573250,2500,1000,2022,5,2022-05,41,61.7,132.04,198.19,17.68,24.0,6.0,30.0,1,0.3245,0.6464,1
LJ500_R144_C039,144,39,680750,9573250,3000,1000,2022,5,2022-05,41,61.7,132.04,198.19,17.68,24.0,6.0,30.0,1,0.3876,0.6987,1
LJ500_R144_C040,144,40,681250,9573250,3500,1000,2022,5,2022-05,41,61.7,132.04,198.19,17.68,24.0,6.0,30.0,1,0.4362,0.7832,1
LJ500_R144_C041,144,41,681750,9573250,4000,1000,2022,5,2022-05,41,61.7,132.04,198.19,17.68,24.0,6.0,30.0,1,0.5484,0.9783,1
LJ500_R144_C042,144,42,682250,9573250,4500,1000,2022,5,2022-05,41,61.7,132.04,198.19,17.68,24.0,6.0,30.0,1,0.5761,1.001,1
LJ500_R145_C033,145,33,677750,9573750,0,1500,2022,5,2022-05,41,64.37,142.48,212.34,19.98,23.67,6.3257,30.0,1,0.3976,0.7854,1
LJ500_R145_C034,145,34,678250,9573750,500,1500,2022,5,2022-05,41,61.7,132.04,198.19,17.68,24.0,6.0,30.0,1,0.3827,0.75,1
LJ500_R145_C035,145,35,678750,9573750,1000,1500,2022,5,2022-05,41,61.7,132.04,198.19,17.68,24.0,6.0,30.0,1,0.3559,0.6817,1
LJ500_R145_C036,145,36,679250,9573750,1500,1500,2022,5,2022-05,41,61.7,132.04,198.19,17.68,24.0,6.0,30.0,1,0.3512,0.6699,1
LJ500_R145_C037,145,37,679750,9573750,2000,1500,2022,5,2022-05,41,61.7,132.04,198.19,17.68,24.0,6.0,30.0,1,0.3173,0.63,1
LJ500_R145_C038,145,38,680250,9573750,2500,1500,2022,5,2022-05,41,61.7,132.04,198.19,17.68,24.0,6.0,30.0,1,0.3221,0.63,1
LJ500_R145_C039,145,39,680750,9573750,3000,1500,2022,5,2022-05,41,61.7,132.04,198.19,17.68,24.0,6.0,30.0,1,0.3487,0.63,1
LJ500_R145_C040,145,40,681250,9573750,3500,1500,2022,5,2022-05,41,61.7,132.04,198.19,17.68,24.0,6.0,30.0,1,0.3875,0.7142,1
LJ500_R145_C041,145,41,681750,9573750,4000,1500,2022,5,2022-05,41,61.7,132.04,198.19,17.68,24.0,6.0,30.0,1,0.478,0.91,1
LJ500_R145_C042,145,42,682250,9573750,4500,1500,2022,5,2022-05,41,61.7,132.04,198.19,17.68,24.0,6.0,30.0,1,0.5415,0.9909,1
LJ500_R146_C033,146,33,677750,9574250,0,2000,2022,5,2022-05,41,71.41,157.93,235.04,21.46,23.82,6.1802,30.0,1,0.423,0.8095,1
LJ500_R146_C034,146,34,678250,9574250,500,2000,2022,5,2022-05,41,70.02,150.96,224.39,20.84,24.43,5.5704,30.0,1,0.414,0.7822,1
LJ500_R146_C035,146,35,678750,9574250,1000,2000,2022,5,2022-05,41,70.05,151.04,224.5,20.85,24.43,5.5685,30.0,1,0.3755,0.7024,1
LJ500_R146_C036,146,36,679250,9574250,1500,2000,2022,5,2022-05,41,70.09,151.13,224.62,20.86,24.43,5.5666,30.0,1,0.3688,0.6885,1
LJ500_R146_C037,146,37,679750,9574250,2000,2000,2022,5,2022-05,41,70.13,151.21,224.73,20.88,24.44,5.5647,30.0,1,0.3316,0.6207,1
LJ500_R146_C038,146,38,680250,9574250,2500,2000,2022,5,2022-05,41,70.16,151.29,224.85,20.89,24.44,5.5628,30.0,1,0.3318,0.6192,1
LJ500_R146_C039,146,39,680750,9574250,3000,2000,2022,5,2022-05,41,70.2,151.38,224.97,20.91,24.44,5.5609,30.0,1,0.3325,0.6112,1
LJ500_R146_C040,146,40,681250,9574250,3500,2000,2022,5,2022-05,41,70.24,151.46,225.08,20.92,24.44,5.559,30.0,1,0.3697,0.6863,1
LJ500_R146_C041,146,41,681750,9574250,4000,2000,2022,5,2022-05,41,70.27,151.55,225.2,20.93,24.44,5.5571,30.0,1,0.4572,0.8626,1
LJ500_R146_C042,146,42,682250,9574250,4500,2000,2022,5,2022-05,41,70.31,151.63,225.32,20.95,24.44,5.5552,30.0,1,0.5278,0.9494,1
LJ500_R147_C033,147,33,677750,9574750,0,2500,2022,5,2022-05,41,80.81,178.52,265.35,23.42,24.01,5.9884,30.0,1,0.453,0.8379,1
LJ500_R147_C034,147,34,678250,9574750,500,2500,2022,5,2022-05,41,81.05,176.09,259.17,25.03,25.0,5.0,30.0,1,0.4507,0.82,1
LJ500_R147_C035,147,35,678750,9574750,1000,2500,2022,5,2022-05,41,81.05,176.09,259.17,25.03,25.0,5.0,30.0,1,0.3982,0.7265,1
LJ500_R147_C036,147,36,679250,9574750,1500,2500,2022,5,2022-05,41,81.05,176.09,259.17,25.03,25.0,5.0,30.0,1,0.389,0.71,1
LJ500_R147_C037,147,37,679750,9574750,2000,2500,2022,5,2022-05,41,81.05,176.09,259.17,25.03,25.0,5.0,30.0,1,0.348,0.6101,1
LJ500_R147_C038,147,38,680250,9574750,2500,2500,2022,5,2022-05,41,81.05,176.09,259.17,25.03,25.0,5.0,30.0,1,0.343,0.607,1
LJ500_R147_C039,147,39,680750,9574750,3000,2500,2022,5,2022-05,41,81.05,176.09,259.17,25.03,25.0,5.0,30.0,1,0.3143,0.59,1
LJ500_R147_C040,147,40,681250,9574750,3500,2500,2022,5,2022-05,41,81.05,176.09,259.17,25.03,25.0,5.0,30.0,1,0.3498,0.6553,1
LJ500_R147_C041,147,41,681750,9574750,4000,2500,2022,5,2022-05,41,81.05,176.09,259.17,25.03,25.0,5.0,30.0,1,0.434,0.81,1
LJ500_R147_C042,147,42,682250,9574750,4500,2500,2022,5,2022-05,41,81.05,176.09,259.17,25.03,25.0,5.0,30.0,1,0.5127,0.9036,1
LJ500_R148_C033,148,33,677750,9575250,0,3000,2022,5,2022-05,41,80.8,178.54,265.38,23.41,24.01,5.994,30.0,1,0.4506,0.8165,1
LJ500_R148_C034,148,34,678250,9575250,500,3000,2022,5,2022-05,41,81.05,176.09,259.17,25.03,25.0,5.0,30.0,1,0.4599,0.8077,1
LJ500_R148_C035,148,35,678750,9575250,1000,3000,2022,5,2022-05,41,81.05,176.09,259.17,25.03,25.0,5.0,30.0,1,0.4066,0.73,1
LJ500_R148_C036,148,36,679250,9575250,1500,3000,2022,5,2022-05,41,81.05,176.09,259.17,25.03,25.0,5.0,30.0,1,0.3971,0.7162,1
LJ500_R148_C037,148,37,679750,9575250,2000,3000,2022,5,2022-05,41,81.05,176.09,259.17,25.03,25.0,5.0,30.0,1,0.3649,0.6289,1
LJ500_R148_C038,148,38,680250,9575250,2500,3000,2022,5,2022-05,41,81.05,176.09,259.17,25.03,25.0,5.0,30.0,1,0.3584,0.6222,1
LJ500_R148_C039,148,39,680750,9575250,3000,3000,2022,5,2022-05,41,81.05,176.09,259.17,25.03,25.0,5.0,30.0,1,0.3206,0.5837,1
LJ500_R148_C040,148,40,681250,9575250,3500,3000,2022,5,2022-05,41,81.05,176.09,259.17,25.03,25.0,5.0,30.0,1,0.3351,0.6078,1
LJ500_R148_C041,148,41,681750,9575250,4000,3000,2022,5,2022-05,41,81.05,176.09,259.17,25.03,25.0,5.0,30.0,1,0.3695,0.6649,1
LJ500_R148_C042,148,42,682250,9575250,4500,3000,2022,5,2022-05,41,81.05,176.09,259.17,25.03,25.0,5.0,30.0,1,0.417,0.7492,1
LJ500_R149_C033,149,33,677750,9575750,0,3500,2022,5,2022-05,41,80.8,178.55,265.42,23.4,24.0,5.9997,30.0,1,0.4489,0.803,1
LJ500_R149_C034,149,34,678250,9575750,500,3500,2022,5,2022-05,41,81.05,176.09,259.17,25.03,25.0,5.0,30.0,1,0.4657,0.8,1
LJ500_R149_C035,149,35,678750,9575750,1000,3500,2022,5,2022-05,41,81.05,176.09,259.17,25.03,25.0,5.0,30.0,1,0.4118,0.7323,1
LJ500_R149_C036,149,36,679250,9575750,1500,3500,2022,5,2022-05,41,81.05,176.09,259.17,25.03,25.0,5.0,30.0,1,0.402,0.72,1
LJ500_R149_C037,149,37,679750,9575750,2000,3500,2022,5,2022-05,41,81.05,176.09,259.17,25.03,25.0,5.0,30.0,1,0.3751,0.6404,1
LJ500_R149_C038,149,38,680250,9575750,2500,3500,2022,5,2022-05,41,81.05,176.09,259.17,25.03,25.0,5.0,30.0,1,0.3677,0.6314,1
LJ500_R149_C039,149,39,680750,9575750,3000,3500,2022,5,2022-05,41,81.05,176.09,259.17,25.03,25.0,5.0,30.0,1,0.3243,0.58,1
LJ500_R149_C040,149,40,681250,9575750,3500,3500,2022,5,2022-05,41,81.05,176.09,259.17,25.03,25.0,5.0,30.0,1,0.3265,0.58,1
LJ500_R149_C041,149,41,681750,9575750,4000,3500,2022,5,2022-05,41,81.05,176.09,259.17,25.03,25.0,5.0,30.0,1,0.3317,0.58,1
LJ500_R149_C042,149,42,682250,9575750,4500,3500,2022,5,2022-05,41,81.05,176.09,259.17,25.03,25.0,5.0,30.0,1,0.3616,0.6595,1
LJ500_R150_C033,150,33,677750,9576250,0,4000,2022,5,2022-05,41,80.8,178.56,265.45,23.39,23.99,6.0053,30.0,1,0.4757,0.8215,1
LJ500_R150_C034,150,34,678250,9576250,500,4000,2022,5,2022-05,41,81.05,176.09,259.17,25.03,25.0,5.0,30.0,1,0.5,0.8232,1
LJ500_R150_C035,150,35,678750,9576250,1000,4000,2022,5,2022-05,41,81.05,176.09,259.17,25.03,25.0,5.0,30.0,1,0.4275,0.736,1
LJ500_R150_C036,150,36,679250,9576250,1500,4000,2022,5,2022-05,41,81.05,176.09,259.17,25.03,25.0,5.0,30.0,1,0.4142,0.72,1
LJ500_R150_C037,150,37,679750,9576250,2000,4000,2022,5,2022-05,41,81.05,176.09,259.17,25.03,25.0,5.0,30.0,1,0.4471,0.7567,1
LJ500_R150_C038,150,38,680250,9576250,2500,4000,2022,5,2022-05,41,81.05,176.09,259.17,25.03,25.0,5.0,30.0,1,0.4406,0.7476,1
LJ500_R150_C039,150,39,680750,9576250,3000,4000,2022,5,2022-05,41,81.05,176.09,259.17,25.03,25.0,5.0,30.0,1,0.3996,0.6897,1
LJ500_R150_C040,150,40,681250,9576250,3500,4000,2022,5,2022-05,41,81.05,176.09,259.17,25.03,25.0,5.0,30.0,1,0.3797,0.6557,1
LJ500_R150_C041,150,41,681750,9576250,4000,4000,2022,5,2022-05,41,81.05,176.09,259.17,25.03,25.0,5.0,30.0,1,0.3309,0.5721,1
LJ500_R150_C042,150,42,682250,9576250,4500,4000,2022,5,2022-05,41,81.05,176.09,259.17,25.03,25.0,5.0,30.0,1,0.3481,0.62,1
LJ500_R151_C033,151,33,677750,9576750,0,4500,2022,5,2022-05,41,80.8,178.58,265.49,23.38,23.99,6.0109,30.0,1,0.4835,0.8269,1
LJ500_R151_C034,151,34,678250,9576750,500,4500,2022,5,2022-05,41,81.05,176.09,259.17,25.03,25.0,5.0,30.0,1,0.51,0.83,1
LJ500_R151_C035,151,35,678750,9576750,1000,4500,2022,5,2022-05,41,81.05,176.09,259.17,25.03,25.0,5.0,30.0,1,0.4322,0.7373,1
LJ500_R151_C036,151,36,679250,9576750,1500,4500,2022,5,2022-05,41,81.05,176.09,259.17,25.03,25.0,5.0,30.0,1,0.4177,0.72,1
LJ500_R151_C037,151,37,679750,9576750,2000,4500,2022,5,2022-05,41,81.05,176.09,259.17,25.03,25.0,5.0,30.0,1,0.4672,0.7894,1
LJ500_R151_C038,151,38,680250,9576750,2500,4500,2022,5,2022-05,41,81.05,176.09,259.17,25.03,25.0,5.0,30.0,1,0.461,0.7802,1
LJ500_R151_C039,151,39,680750,9576750,3000,4500,2022,5,2022-05,41,81.05,176.09,259.17,25.03,25.0,5.0,30.0,1,0.4203,0.72,1
LJ500_R151_C040,151,40,681250,9576750,3500,4500,2022,5,2022-05,41,81.05,176.09,259.17,25.03,25.0,5.0,30.0,1,0.3944,0.6766,1
LJ500_R151_C041,151,41,681750,9576750,4000,4500,2022,5,2022-05,41,81.05,176.09,259.17,25.03,25.0,5.0,30.0,1,0.3307,0.57,1
LJ500_R151_C042,151,42,682250,9576750,4500,4500,2022,5,2022-05,41,81.05,176.09,259.17,25.03,25.0,5.0,30.0,1,0.3445,0.6094,1
LJ500_R142_C033,142,33,677750,9572250,0,0,2022,6,2022-06,42,12.28,76.61,154.58,12.28,30.0,1.0,31.0,1,0.6023,1.0052,1
LJ500_R142_C034,142,34,678250,9572250,500,0,2022,6,2022-06,42,12.39,74.09,144.43,12.39,30.0,1.0,31.0,1,0.602,0.9995,1
LJ500_R142_C035,142,35,678750,9572250,1000,0,2022,6,2022-06,42,12.39,74.09,144.43,12.39,30.0,1.0,31.0,1,0.4793,0.8104,1
LJ500_R142_C036,142,36,679250,9572250,1500,0,2022,6,2022-06,42,12.39,74.09,144.43,12.39,30.0,1.0,31.0,1,0.4584,0.7786,1
LJ500_R142_C037,142,37,679750,9572250,2000,0,2022,6,2022-06,42,12.39,74.09,144.43,12.39,30.0,1.0,31.0,1,0.371,0.673,1
LJ500_R142_C038,142,38,680250,9572250,2500,0,2022,6,2022-06,42,12.39,74.09,144.43,12.39,30.0,1.0,31.0,1,0.3974,0.7198,1
LJ500_R142_C039,142,39,680750,9572250,3000,0,2022,6,2022-06,42,12.39,74.09,144.43,12.39,30.0,1.0,31.0,1,0.5385,0.97,1
LJ500_R142_C040,142,40,681250,9572250,3500,0,2022,6,2022-06,42,12.39,74.09,144.43,12.39,30.0,1.0,31.0,1,0.5665,1.0659,1
LJ500_R142_C041,142,41,681750,9572250,4000,0,2022,6,2022-06,42,12.39,74.09,144.43,12.39,30.0,1.0,31.0,1,0.63,1.2835,1
LJ500_R142_C042,142,42,682250,9572250,4500,0,2022,6,2022-06,42,12.39,74.09,144.43,12.39,30.0,1.0,31.0,1,0.624,1.2938,1
LJ500_R143_C033,143,33,677750,9572750,0,500,2022,6,2022-06,42,12.28,76.62,154.64,12.28,30.0,1.0,31.0,1,0.5605,0.9353,1
LJ500_R143_C034,143,34,678250,9572750,500,500,2022,6,2022-06,42,12.39,74.09,144.43,12.39,30.0,1.0,31.0,1,0.5268,0.88,1
LJ500_R143_C035,143,35,678750,9572750,1000,500,2022,6,2022-06,42,12.39,74.09,144.43,12.39,30.0,1.0,31.0,1,0.4274,0.7427,1
LJ500_R143_C036,143,36,679250,9572750,1500,500,2022,6,2022-06,42,12.39,74.09,144.43,12.39,30.0,1.0,31.0,1,0.4108,0.7198,1
LJ500_R143_C037,143,37,679750,9572750,2000,500,2022,6,2022-06,42,12.39,74.09,144.43,12.39,30.0,1.0,31.0,1,0.3835,0.69,1
LJ500_R143_C038,143,38,680250,9572750,2500,500,2022,6,2022-06,42,12.39,74.09,144.43,12.39,30.0,1.0,31.0,1,0.4075,0.7336,1
LJ500_R143_C039,143,39,680750,9572750,3000,500,2022,6,2022-06,42,12.39,74.09,144.43,12.39,30.0,1.0,31.0,1,0.5374,0.97,1
LJ500_R143_C040,143,40,681250,9572750,3500,500,2022,6,2022-06,42,12.39,74.09,144.43,12.39,30.0,1.0,31.0,1,0.577,1.1192,1
LJ500_R143_C041,143,41,681750,9572750,4000,500,2022,6,2022-06,42,12.39,74.09,144.43,12.39,30.0,1.0,31.0,1,0.6674,1.46,1
LJ500_R143_C042,143,42,682250,9572750,4500,500,2022,6,2022-06,42,12.39,74.09,144.43,12.39,30.0,1.0,31.0,1,0.6547,1.4736,1
LJ500_R144_C033,144,33,677750,9573250,0,1000,2022,6,2022-06,42,12.28,76.64,154.7,12.28,30.0,1.0,31.0,1,0.5503,0.9179,1
LJ500_R144_C034,144,34,678250,9573250,500,1000,2022,6,2022-06,42,12.39,74.09,144.43,12.39,30.0,1.0,31.0,1,0.5191,0.8648,1
LJ500_R144_C035,144,35,678750,9573250,1000,1000,2022,6,2022-06,42,12.39,74.09,144.43,12.39,30.0,1.0,31.0,1,0.4367,0.7513,1
LJ500_R144_C036,144,36,679250,9573250,1500,1000,2022,6,2022-06,42,12.39,74.09,144.43,12.39,30.0,1.0,31.0,1,0.4227,0.7321,1
LJ500_R144_C037,144,37,679750,9573250,2000,1000,2022,6,2022-06,42,12.39,74.09,144.43,12.39,30.0,1.0,31.0,1,0.3866,0.6931,1
LJ500_R144_C038,144,38,680250,9573250,2500,1000,2022,6,2022-06,42,12.39,74.09,144.43,12.39,30.0,1.0,31.0,1,0.4059,0.7275,1
LJ500_R144_C039,144,39,680750,9573250,3000,1000,2022,6,2022-06,42,12.39,74.09,144.43,12.39,30.0,1.0,31.0,1,0.5117,0.9168,1
LJ500_R144_C040,144,40,681250,9573250,3500,1000,2022,6,2022-06,42,12.39,74.09,144.43,12.39,30.0,1.0,31.0,1,0.554,1.059,1
LJ500_R144_C041,144,41,681750,9573250,4000,1000,2022,6,2022-06,42,12.39,74.09,144.43,12.39,30.0,1.0,31.0,1,0.6519,1.3872,1
LJ500_R144_C042,144,42,682250,9573250,4500,1000,2022,6,2022-06,42,12.39,74.09,144.43,12.39,30.0,1.0,31.0,1,0.6399,1.429,1
LJ500_R145_C033,145,33,677750,9573750,0,1500,2022,6,2022-06,42,12.28,76.65,154.76,12.28,30.0,1.0,31.0,1,0.5263,0.8772,1
LJ500_R145_C034,145,34,678250,9573750,500,1500,2022,6,2022-06,42,12.39,74.09,144.43,12.39,30.0,1.0,31.0,1,0.5016,0.83,1
LJ500_R145_C035,145,35,678750,9573750,1000,1500,2022,6,2022-06,42,12.39,74.09,144.43,12.39,30.0,1.0,31.0,1,0.4573,0.7702,1
LJ500_R145_C036,145,36,679250,9573750,1500,1500,2022,6,2022-06,42,12.39,74.09,144.43,12.39,30.0,1.0,31.0,1,0.4495,0.7598,1
LJ500_R145_C037,145,37,679750,9573750,2000,1500,2022,6,2022-06,42,12.39,74.09,144.43,12.39,30.0,1.0,31.0,1,0.3935,0.7,1
LJ500_R145_C038,145,38,680250,9573750,2500,1500,2022,6,2022-06,42,12.39,74.09,144.43,12.39,30.0,1.0,31.0,1,0.4029,0.7152,1
LJ500_R145_C039,145,39,680750,9573750,3000,1500,2022,6,2022-06,42,12.39,74.09,144.43,12.39,30.0,1.0,31.0,1,0.4552,0.8,1
LJ500_R145_C040,145,40,681250,9573750,3500,1500,2022,6,2022-06,42,12.39,74.09,144.43,12.39,30.0,1.0,31.0,1,0.5042,0.9293,1
LJ500_R145_C041,145,41,681750,9573750,4000,1500,2022,6,2022-06,42,12.39,74.09,144.43,12.39,30.0,1.0,31.0,1,0.6184,1.23,1
LJ500_R145_C042,145,42,682250,9573750,4500,1500,2022,6,2022-06,42,12.39,74.09,144.43,12.39,30.0,1.0,31.0,1,0.6082,1.3334,1
LJ500_R146_C033,146,33,677750,9574250,0,2000,2022,6,2022-06,42,14.79,86.2,172.72,12.89,29.71,1.2876,31.0,1,0.5672,0.9409,1
LJ500_R146_C034,146,34,678250,9574250,500,2000,2022,6,2022-06,42,15.59,85.61,166.55,12.75,29.57,1.4296,31.0,1,0.5523,0.9129,1
LJ500_R146_C035,146,35,678750,9574250,1000,2000,2022,6,2022-06,42,15.61,85.66,166.65,12.75,29.57,1.4315,31.0,1,0.4904,0.8142,1
LJ500_R146_C036,146,36,679250,9574250,1500,2000,2022,6,2022-06,42,15.62,85.71,166.75,12.76,29.57,1.4334,31.0,1,0.4797,0.7971,1
LJ500_R146_C037,146,37,679750,9574250,2000,2000,2022,6,2022-06,42,15.64,85.76,166.85,12.76,29.56,1.4353,31.0,1,0.4197,0.7326,1
LJ500_R146_C038,146,38,680250,9574250,2500,2000,2022,6,2022-06,42,15.65,85.81,166.94,12.76,29.56,1.4372,31.0,1,0.4206,0.7358,1
LJ500_R146_C039,146,39,680750,9574250,3000,2000,2022,6,2022-06,42,15.66,85.86,167.04,12.76,29.56,1.4391,31.0,1,0.4252,0.753,1
LJ500_R146_C040,146,40,681250,9574250,3500,2000,2022,6,2022-06,42,15.68,85.91,167.14,12.76,29.56,1.441,31.0,1,0.476,0.8756,1
LJ500_R146_C041,146,41,681750,9574250,4000,2000,2022,6,2022-06,42,15.69,85.97,167.24,12.76,29.56,1.4429,31.0,1,0.5956,1.1637,1
LJ500_R146_C042,146,42,682250,9574250,4500,2000,2022,6,2022-06,42,15.71,86.02,167.34,12.76,29.56,1.4448,31.0,1,0.6044,1.3089,1
LJ500_R147_C033,147,33,677750,9574750,0,2500,2022,6,2022-06,42,18.14,98.95,196.67,13.71,29.33,1.6705,31.0,1,0.6154,1.016,1
LJ500_R147_C034,147,34,678250,9574750,500,2500,2022,6,2022-06,42,19.85,100.9,195.93,13.23,29.0,2.0,31.0,1,0.6116,1.01,1
LJ500_R147_C035,147,35,678750,9574750,1000,2500,2022,6,2022-06,42,19.85,100.9,195.93,13.23,29.0,2.0,31.0,1,0.5291,0.8654,1
LJ500_R147_C036,147,36,679250,9574750,1500,2500,2022,6,2022-06,42,19.85,100.9,195.93,13.23,29.0,2.0,31.0,1,0.5145,0.84,1
LJ500_R147_C037,147,37,679750,9574750,2000,2500,2022,6,2022-06,42,19.85,100.9,195.93,13.23,29.0,2.0,31.0,1,0.4497,0.7701,1
LJ500_R147_C038,147,38,680250,9574750,2500,2500,2022,6,2022-06,42,19.85,100.9,195.93,13.23,29.0,2.0,31.0,1,0.441,0.7596,1
LJ500_R147_C039,147,39,680750,9574750,3000,2500,2022,6,2022-06,42,19.85,100.9,195.93,13.23,29.0,2.0,31.0,1,0.3913,0.7,1
LJ500_R147_C040,147,40,681250,9574750,3500,2500,2022,6,2022-06,42,19.85,100.9,195.93,13.23,29.0,2.0,31.0,1,0.4444,0.8157,1
LJ500_R147_C041,147,41,681750,9574750,4000,2500,2022,6,2022-06,42,19.85,100.9,195.93,13.23,29.0,2.0,31.0,1,0.5703,1.09,1
LJ500_R147_C042,147,42,682250,9574750,4500,2500,2022,6,2022-06,42,19.85,100.9,195.93,13.23,29.0,2.0,31.0,1,0.5999,1.2816,1
LJ500_R148_C033,148,33,677750,9575250,0,3000,2022,6,2022-06,42,18.13,98.94,196.67,13.71,29.33,1.6687,31.0,1,0.6083,1.0092,1
LJ500_R148_C034,148,34,678250,9575250,500,3000,2022,6,2022-06,42,19.85,100.9,195.93,13.23,29.0,2.0,31.0,1,0.6228,1.0347,1
LJ500_R148_C035,148,35,678750,9575250,1000,3000,2022,6,2022-06,42,19.85,100.9,195.93,13.23,29.0,2.0,31.0,1,0.5414,0.8905,1
LJ500_R148_C036,148,36,679250,9575250,1500,3000,2022,6,2022-06,42,19.85,100.9,195.93,13.23,29.0,2.0,31.0,1,0.5269,0.8648,1
LJ500_R148_C037,148,37,679750,9575250,2000,3000,2022,6,2022-06,42,19.85,100.9,195.93,13.23,29.0,2.0,31.0,1,0.4771,0.8075,1
LJ500_R148_C038,148,38,680250,9575250,2500,3000,2022,6,2022-06,42,19.85,100.9,195.93,13.23,29.0,2.0,31.0,1,0.4661,0.7936,1
LJ500_R148_C039,148,39,680750,9575250,3000,3000,2022,6,2022-06,42,19.85,100.9,195.93,13.23,29.0,2.0,31.0,1,0.4018,0.7125,1
LJ500_R148_C040,148,40,681250,9575250,3500,3000,2022,6,2022-06,42,19.85,100.9,195.93,13.23,29.0,2.0,31.0,1,0.425,0.7627,1
LJ500_R148_C041,148,41,681750,9575250,4000,3000,2022,6,2022-06,42,19.85,100.9,195.93,13.23,29.0,2.0,31.0,1,0.48,0.8819,1
LJ500_R148_C042,148,42,682250,9575250,4500,3000,2022,6,2022-06,42,19.85,100.9,195.93,13.23,29.0,2.0,31.0,1,0.5159,1.0187,1
LJ500_R149_C033,149,33,677750,9575750,0,3500,2022,6,2022-06,42,18.12,98.93,196.67,13.71,29.33,1.6668,31.0,1,0.6037,1.0047,1
LJ500_R149_C034,149,34,678250,9575750,500,3500,2022,6,2022-06,42,19.85,100.9,195.93,13.23,29.0,2.0,31.0,1,0.6297,1.05,1
LJ500_R149_C035,149,35,678750,9575750,1000,3500,2022,6,2022-06,42,19.85,100.9,195.93,13.23,29.0,2.0,31.0,1,0.5491,0.9061,1
LJ500_R149_C036,149,36,679250,9575750,1500,3500,2022,6,2022-06,42,19.85,100.9,195.93,13.23,29.0,2.0,31.0,1,0.5345,0.88,1
LJ500_R149_C037,149,37,679750,9575750,2000,3500,2022,6,2022-06,42,19.85,100.9,195.93,13.23,29.0,2.0,31.0,1,0.4937,0.8302,1
LJ500_R149_C038,149,38,680250,9575750,2500,3500,2022,6,2022-06,42,19.85,100.9,195.93,13.23,29.0,2.0,31.0,1,0.4812,0.8141,1
LJ500_R149_C039,149,39,680750,9575750,3000,3500,2022,6,2022-06,42,19.85,100.9,195.93,13.23,29.0,2.0,31.0,1,0.4081,0.72,1
LJ500_R149_C040,149,40,681250,9575750,3500,3500,2022,6,2022-06,42,19.85,100.9,195.93,13.23,29.0,2.0,31.0,1,0.4136,0.7317,1
LJ500_R149_C041,149,41,681750,9575750,4000,3500,2022,6,2022-06,42,19.85,100.9,195.93,13.23,29.0,2.0,31.0,1,0.4271,0.76,1
LJ500_R149_C042,149,42,682250,9575750,4500,3500,2022,6,2022-06,42,19.85,100.9,195.93,13.23,29.0,2.0,31.0,1,0.467,0.866,1
LJ500_R150_C033,150,33,677750,9576250,0,4000,2022,6,2022-06,42,18.11,98.92,196.68,13.72,29.34,1.6649,31.0,1,0.6348,1.0944,1
LJ500_R150_C034,150,34,678250,9576250,500,4000,2022,6,2022-06,42,19.85,100.9,195.93,13.23,29.0,2.0,31.0,1,0.6664,1.1662,1
LJ500_R150_C035,150,35,678750,9576250,1000,4000,2022,6,2022-06,42,19.85,100.9,195.93,13.23,29.0,2.0,31.0,1,0.5709,0.9507,1
LJ500_R150_C036,150,36,679250,9576250,1500,4000,2022,6,2022-06,42,19.85,100.9,195.93,13.23,29.0,2.0,31.0,1,0.5533,0.9111,1
LJ500_R150_C037,150,37,679750,9576250,2000,4000,2022,6,2022-06,42,19.85,100.9,195.93,13.23,29.0,2.0,31.0,1,0.5924,1.063,1
LJ500_R150_C038,150,38,680250,9576250,2500,4000,2022,6,2022-06,42,19.85,100.9,195.93,13.23,29.0,2.0,31.0,1,0.5832,1.0467,1
LJ500_R150_C039,150,39,680750,9576250,3000,4000,2022,6,2022-06,42,19.85,100.9,195.93,13.23,29.0,2.0,31.0,1,0.5249,0.9395,1
LJ500_R150_C040,150,40,681250,9576250,3500,4000,2022,6,2022-06,42,19.85,100.9,195.93,13.23,29.0,2.0,31.0,1,0.4963,0.8853,1
LJ500_R150_C041,150,41,681750,9576250,4000,4000,2022,6,2022-06,42,19.85,100.9,195.93,13.23,29.0,2.0,31.0,1,0.4261,0.7521,1
LJ500_R150_C042,150,42,682250,9576250,4500,4000,2022,6,2022-06,42,19.85,100.9,195.93,13.23,29.0,2.0,31.0,1,0.45,0.8195,1
LJ500_R151_C033,151,33,677750,9576750,0,4500,2022,6,2022-06,42,18.1,98.9,196.68,13.72,29.34,1.663,31.0,1,0.6437,1.1204,1
LJ500_R151_C034,151,34,678250,9576750,500,4500,2022,6,2022-06,42,19.85,100.9,195.93,13.23,29.0,2.0,31.0,1,0.6771,1.2,1
LJ500_R151_C035,151,35,678750,9576750,1000,4500,2022,6,2022-06,42,19.85,100.9,195.93,13.23,29.0,2.0,31.0,1,0.5773,0.964,1
LJ500_R151_C036,151,36,679250,9576750,1500,4500,2022,6,2022-06,42,19.85,100.9,195.93,13.23,29.0,2.0,31.0,1,0.5587,0.92,1
LJ500_R151_C037,151,37,679750,9576750,2000,4500,2022,6,2022-06,42,19.85,100.9,195.93,13.23,29.0,2.0,31.0,1,0.6201,1.1282,1
LJ500_R151_C038,151,38,680250,9576750,2500,4500,2022,6,2022-06,42,19.85,100.9,195.93,13.23,29.0,2.0,31.0,1,0.6117,1.1118,1
LJ500_R151_C039,151,39,680750,9576750,3000,4500,2022,6,2022-06,42,19.85,100.9,195.93,13.23,29.0,2.0,31.0,1,0.5571,1.0,1
LJ500_R151_C040,151,40,681250,9576750,3500,4500,2022,6,2022-06,42,19.85,100.9,195.93,13.23,29.0,2.0,31.0,1,0.5191,0.9277,1
LJ500_R151_C041,151,41,681750,9576750,4000,4500,2022,6,2022-06,42,19.85,100.9,195.93,13.23,29.0,2.0,31.0,1,0.4258,0.75,1
LJ500_R151_C042,151,42,682250,9576750,4500,4500,2022,6,2022-06,42,19.85,100.9,195.93,13.23,29.0,2.0,31.0,1,0.4454,0.8069,1
LJ500_R142_C033,142,33,677750,9572250,0,0,2022,7,2022-07,43,11.23,23.51,87.84,5.6498,26.68,3.3201,30.0,1,0.6142,1.1078,1
LJ500_R142_C034,142,34,678250,9572250,500,0,2022,7,2022-07,43,12.74,25.14,86.84,6.7804,27.0,3.0,30.0,1,0.6155,1.1066,1
LJ500_R142_C035,142,35,678750,9572250,1000,0,2022,7,2022-07,43,12.74,25.14,86.84,6.7804,27.0,3.0,30.0,1,0.4712,0.9312,1
LJ500_R142_C036,142,36,679250,9572250,1500,0,2022,7,2022-07,43,12.74,25.14,86.84,6.7804,27.0,3.0,30.0,1,0.4464,0.9016,1
LJ500_R142_C037,142,37,679750,9572250,2000,0,2022,7,2022-07,43,12.74,25.14,86.84,6.7804,27.0,3.0,30.0,1,0.3303,0.8,1
LJ500_R142_C038,142,38,680250,9572250,2500,0,2022,7,2022-07,43,12.74,25.14,86.84,6.7804,27.0,3.0,30.0,1,0.3655,0.836,1
LJ500_R142_C039,142,39,680750,9572250,3000,0,2022,7,2022-07,43,12.74,25.14,86.84,6.7804,27.0,3.0,30.0,1,0.554,1.0284,1
LJ500_R142_C040,142,40,681250,9572250,3500,0,2022,7,2022-07,43,12.74,25.14,86.84,6.7804,27.0,3.0,30.0,1,0.5859,1.1323,1
LJ500_R142_C041,142,41,681750,9572250,4000,0,2022,7,2022-07,43,12.74,25.14,86.84,6.7804,27.0,3.0,30.0,1,0.6581,1.3679,1
LJ500_R142_C042,142,42,682250,9572250,4500,0,2022,7,2022-07,43,12.74,25.14,86.84,6.7804,27.0,3.0,30.0,1,0.6513,1.3782,1
LJ500_R143_C033,143,33,677750,9572750,0,500,2022,7,2022-07,43,11.22,23.5,87.84,5.6432,26.68,3.322,30.0,1,0.5665,1.0282,1
LJ500_R143_C034,143,34,678250,9572750,500,500,2022,7,2022-07,43,12.74,25.14,86.84,6.7804,27.0,3.0,30.0,1,0.5273,0.97,1
LJ500_R143_C035,143,35,678750,9572750,1000,500,2022,7,2022-07,43,12.74,25.14,86.84,6.7804,27.0,3.0,30.0,1,0.3915,0.8756,1
LJ500_R143_C036,143,36,679250,9572750,1500,500,2022,7,2022-07,43,12.74,25.14,86.84,6.7804,27.0,3.0,30.0,1,0.3689,0.8596,1
LJ500_R143_C037,143,37,679750,9572750,2000,500,2022,7,2022-07,43,12.74,25.14,86.84,6.7804,27.0,3.0,30.0,1,0.3503,0.8,1
LJ500_R143_C038,143,38,680250,9572750,2500,500,2022,7,2022-07,43,12.74,25.14,86.84,6.7804,27.0,3.0,30.0,1,0.382,0.8342,1
LJ500_R143_C039,143,39,680750,9572750,3000,500,2022,7,2022-07,43,12.74,25.14,86.84,6.7804,27.0,3.0,30.0,1,0.554,1.02,1
LJ500_R143_C040,143,40,681250,9572750,3500,500,2022,7,2022-07,43,12.74,25.14,86.84,6.7804,27.0,3.0,30.0,1,0.603,1.2027,1
LJ500_R143_C041,143,41,681750,9572750,4000,500,2022,7,2022-07,43,12.74,25.14,86.84,6.7804,27.0,3.0,30.0,1,0.715,1.62,1
LJ500_R143_C042,143,42,682250,9572750,4500,500,2022,7,2022-07,43,12.74,25.14,86.84,6.7804,27.0,3.0,30.0,1,0.7008,1.6563,1
LJ500_R144_C033,144,33,677750,9573250,0,1000,2022,7,2022-07,43,11.21,23.49,87.85,5.6365,26.68,3.3238,30.0,1,0.5533,1.0128,1
LJ500_R144_C034,144,34,678250,9573250,500,1000,2022,7,2022-07,43,12.74,25.14,86.84,6.7804,27.0,3.0,30.0,1,0.5169,0.9639,1
LJ500_R144_C035,144,35,678750,9573250,1000,1000,2022,7,2022-07,43,12.74,25.14,86.84,6.7804,27.0,3.0,30.0,1,0.4071,0.8802,1
LJ500_R144_C036,144,36,679250,9573250,1500,1000,2022,7,2022-07,43,12.74,25.14,86.84,6.7804,27.0,3.0,30.0,1,0.3886,0.8658,1
LJ500_R144_C037,144,37,679750,9573250,2000,1000,2022,7,2022-07,43,12.74,25.14,86.84,6.7804,27.0,3.0,30.0,1,0.3546,0.8,1
LJ500_R144_C038,144,38,680250,9573250,2500,1000,2022,7,2022-07,43,12.74,25.14,86.84,6.7804,27.0,3.0,30.0,1,0.381,0.8252,1
LJ500_R144_C039,144,39,680750,9573250,3000,1000,2022,7,2022-07,43,12.74,25.14,86.84,6.7804,27.0,3.0,30.0,1,0.5266,0.9637,1
LJ500_R144_C040,144,40,681250,9573250,3500,1000,2022,7,2022-07,43,12.74,25.14,86.84,6.7804,27.0,3.0,30.0,1,0.5768,1.1315,1
LJ500_R144_C041,144,41,681750,9573250,4000,1000,2022,7,2022-07,43,12.74,25.14,86.84,6.7804,27.0,3.0,30.0,1,0.6929,1.5187,1
LJ500_R144_C042,144,42,682250,9573250,4500,1000,2022,7,2022-07,43,12.74,25.14,86.84,6.7804,27.0,3.0,30.0,1,0.6824,1.6059,1
LJ500_R145_C033,145,33,677750,9573750,0,1500,2022,7,2022-07,43,11.2,23.48,87.86,5.6299,26.67,3.3257,30.0,1,0.5222,0.9765,1
LJ500_R145_C034,145,34,678250,9573750,500,1500,2022,7,2022-07,43,12.74,25.14,86.84,6.7804,27.0,3.0,30.0,1,0.493,0.95,1
LJ500_R145_C035,145,35,678750,9573750,1000,1500,2022,7,2022-07,43,12.74,25.14,86.84,6.7804,27.0,3.0,30.0,1,0.442,0.8902,1
LJ500_R145_C036,145,36,679250,9573750,1500,1500,2022,7,2022-07,43,12.74,25.14,86.84,6.7804,27.0,3.0,30.0,1,0.4331,0.8798,1
LJ500_R145_C037,145,37,679750,9573750,2000,1500,2022,7,2022-07,43,12.74,25.14,86.84,6.7804,27.0,3.0,30.0,1,0.364,0.8,1
LJ500_R145_C038,145,38,680250,9573750,2500,1500,2022,7,2022-07,43,12.74,25.14,86.84,6.7804,27.0,3.0,30.0,1,0.3795,0.8061,1
LJ500_R145_C039,145,39,680750,9573750,3000,1500,2022,7,2022-07,43,12.74,25.14,86.84,6.7804,27.0,3.0,30.0,1,0.4663,0.84,1
LJ500_R145_C040,145,40,681250,9573750,3500,1500,2022,7,2022-07,43,12.74,25.14,86.84,6.7804,27.0,3.0,30.0,1,0.5201,0.9783,1
LJ500_R145_C041,145,41,681750,9573750,4000,1500,2022,7,2022-07,43,12.74,25.14,86.84,6.7804,27.0,3.0,30.0,1,0.6453,1.3,1
LJ500_R145_C042,145,42,682250,9573750,4500,1500,2022,7,2022-07,43,12.74,25.14,86.84,6.7804,27.0,3.0,30.0,1,0.6428,1.4977,1
LJ500_R146_C033,146,33,677750,9574250,0,2000,2022,7,2022-07,43,13.81,28.6,100.01,6.928,26.52,3.475,30.0,1,0.5745,1.047,1
LJ500_R146_C034,146,34,678250,9574250,500,2000,2022,7,2022-07,43,16.17,31.77,101.78,8.6014,26.57,3.4296,30.0,1,0.5575,1.0329,1
LJ500_R146_C035,146,35,678750,9574250,1000,2000,2022,7,2022-07,43,16.19,31.8,101.85,8.6094,26.57,3.4315,30.0,1,0.4867,0.9184,1
LJ500_R146_C036,146,36,679250,9574250,1500,2000,2022,7,2022-07,43,16.2,31.82,101.91,8.6174,26.57,3.4334,30.0,1,0.4744,0.8985,1
LJ500_R146_C037,146,37,679750,9574250,2000,2000,2022,7,2022-07,43,16.22,31.85,101.98,8.6255,26.56,3.4353,30.0,1,0.4044,0.8047,1
LJ500_R146_C038,146,38,680250,9574250,2500,2000,2022,7,2022-07,43,16.23,31.88,102.05,8.6335,26.56,3.4372,30.0,1,0.408,0.803,1
LJ500_R146_C039,146,39,680750,9574250,3000,2000,2022,7,2022-07,43,16.25,31.91,102.11,8.6416,26.56,3.4391,30.0,1,0.4272,0.793,1
LJ500_R146_C040,146,40,681250,9574250,3500,2000,2022,7,2022-07,43,16.26,31.94,102.18,8.6497,26.56,3.441,30.0,1,0.4848,0.9232,1
LJ500_R146_C041,146,41,681750,9574250,4000,2000,2022,7,2022-07,43,16.28,31.97,102.24,8.6578,26.56,3.4429,30.0,1,0.6205,1.2289,1
LJ500_R146_C042,146,42,682250,9574250,4500,2000,2022,7,2022-07,43,16.29,32.0,102.31,8.6659,26.56,3.4448,30.0,1,0.6374,1.4553,1
LJ500_R147_C033,147,33,677750,9574750,0,2500,2022,7,2022-07,43,17.29,35.43,116.24,8.6604,26.33,3.6705,30.0,1,0.636,1.13,1
LJ500_R147_C034,147,34,678250,9574750,500,2500,2022,7,2022-07,43,20.72,40.57,121.62,11.02,26.0,4.0,30.0,1,0.633,1.13,1
LJ500_R147_C035,147,35,678750,9574750,1000,2500,2022,7,2022-07,43,20.72,40.57,121.62,11.02,26.0,4.0,30.0,1,0.5386,0.9514,1
LJ500_R147_C036,147,36,679250,9574750,1500,2500,2022,7,2022-07,43,20.72,40.57,121.62,11.02,26.0,4.0,30.0,1,0.522,0.92,1
LJ500_R147_C037,147,37,679750,9574750,2000,2500,2022,7,2022-07,43,20.72,40.57,121.62,11.02,26.0,4.0,30.0,1,0.4507,0.8101,1
LJ500_R147_C038,147,38,680250,9574750,2500,2500,2022,7,2022-07,43,20.72,40.57,121.62,11.02,26.0,4.0,30.0,1,0.4407,0.7996,1
LJ500_R147_C039,147,39,680750,9574750,3000,2500,2022,7,2022-07,43,20.72,40.57,121.62,11.02,26.0,4.0,30.0,1,0.383,0.74,1
LJ500_R147_C040,147,40,681250,9574750,3500,2500,2022,7,2022-07,43,20.72,40.57,121.62,11.02,26.0,4.0,30.0,1,0.4453,0.8617,1
LJ500_R147_C041,147,41,681750,9574750,4000,2500,2022,7,2022-07,43,20.72,40.57,121.62,11.02,26.0,4.0,30.0,1,0.593,1.15,1
LJ500_R147_C042,147,42,682250,9574750,4500,2500,2022,7,2022-07,43,20.72,40.57,121.62,11.02,26.0,4.0,30.0,1,0.6313,1.4084,1
LJ500_R148_C033,148,33,677750,9575250,0,3000,2022,7,2022-07,43,17.27,35.4,116.2,8.647,26.33,3.6687,30.0,1,0.6276,1.1299,1
LJ500_R148_C034,148,34,678250,9575250,500,3000,2022,7,2022-07,43,20.72,40.57,121.62,11.02,26.0,4.0,30.0,1,0.6482,1.167,1
LJ500_R148_C035,148,35,678750,9575250,1000,3000,2022,7,2022-07,43,20.72,40.57,121.62,11.02,26.0,4.0,30.0,1,0.5548,0.9837,1
LJ500_R148_C036,148,36,679250,9575250,1500,3000,2022,7,2022-07,43,20.72,40.57,121.62,11.02,26.0,4.0,30.0,1,0.5382,0.9511,1
LJ500_R148_C037,148,37,679750,9575250,2000,3000,2022,7,2022-07,43,20.72,40.57,121.62,11.02,26.0,4.0,30.0,1,0.4842,0.8663,1
LJ500_R148_C038,148,38,680250,9575250,2500,3000,2022,7,2022-07,43,20.72,40.57,121.62,11.02,26.0,4.0,30.0,1,0.4716,0.8478,1
LJ500_R148_C039,148,39,680750,9575250,3000,3000,2022,7,2022-07,43,20.72,40.57,121.62,11.02,26.0,4.0,30.0,1,0.398,0.74,1
LJ500_R148_C040,148,40,681250,9575250,3500,3000,2022,7,2022-07,43,20.72,40.57,121.62,11.02,26.0,4.0,30.0,1,0.4272,0.7942,1
LJ500_R148_C041,148,41,681750,9575250,4000,3000,2022,7,2022-07,43,20.72,40.57,121.62,11.02,26.0,4.0,30.0,1,0.4965,0.923,1
LJ500_R148_C042,148,42,682250,9575250,4500,3000,2022,7,2022-07,43,20.72,40.57,121.62,11.02,26.0,4.0,30.0,1,0.5369,1.0813,1
LJ500_R149_C033,149,33,677750,9575750,0,3500,2022,7,2022-07,43,17.25,35.37,116.17,8.6336,26.33,3.6668,30.0,1,0.6222,1.1295,1
LJ500_R149_C034,149,34,678250,9575750,500,3500,2022,7,2022-07,43,20.72,40.57,121.62,11.02,26.0,4.0,30.0,1,0.6577,1.19,1
LJ500_R149_C035,149,35,678750,9575750,1000,3500,2022,7,2022-07,43,20.72,40.57,121.62,11.02,26.0,4.0,30.0,1,0.5648,1.0038,1
LJ500_R149_C036,149,36,679250,9575750,1500,3500,2022,7,2022-07,43,20.72,40.57,121.62,11.02,26.0,4.0,30.0,1,0.548,0.97,1
LJ500_R149_C037,149,37,679750,9575750,2000,3500,2022,7,2022-07,43,20.72,40.57,121.62,11.02,26.0,4.0,30.0,1,0.5045,0.9003,1
LJ500_R149_C038,149,38,680250,9575750,2500,3500,2022,7,2022-07,43,20.72,40.57,121.62,11.02,26.0,4.0,30.0,1,0.4903,0.8769,1
LJ500_R149_C039,149,39,680750,9575750,3000,3500,2022,7,2022-07,43,20.72,40.57,121.62,11.02,26.0,4.0,30.0,1,0.407,0.74,1
LJ500_R149_C040,149,40,681250,9575750,3500,3500,2022,7,2022-07,43,20.72,40.57,121.62,11.02,26.0,4.0,30.0,1,0.4167,0.7546,1
LJ500_R149_C041,149,41,681750,9575750,4000,3500,2022,7,2022-07,43,20.72,40.57,121.62,11.02,26.0,4.0,30.0,1,0.44,0.79,1
LJ500_R149_C042,149,42,682250,9575750,4500,3500,2022,7,2022-07,43,20.72,40.57,121.62,11.02,26.0,4.0,30.0,1,0.482,0.8916,1
LJ500_R150_C033,150,33,677750,9576250,0,4000,2022,7,2022-07,43,17.23,35.34,116.14,8.6203,26.34,3.6649,30.0,1,0.6626,1.2175,1
LJ500_R150_C034,150,34,678250,9576250,500,4000,2022,7,2022-07,43,20.72,40.57,121.62,11.02,26.0,4.0,30.0,1,0.7052,1.3139,1
LJ500_R150_C035,150,35,678750,9576250,1000,4000,2022,7,2022-07,43,20.72,40.57,121.62,11.02,26.0,4.0,30.0,1,0.5912,1.0628,1
LJ500_R150_C036,150,36,679250,9576250,1500,4000,2022,7,2022-07,43,20.72,40.57,121.62,11.02,26.0,4.0,30.0,1,0.5703,1.0167,1
LJ500_R150_C037,150,37,679750,9576250,2000,4000,2022,7,2022-07,43,20.72,40.57,121.62,11.02,26.0,4.0,30.0,1,0.6197,1.1642,1
LJ500_R150_C038,150,38,680250,9576250,2500,4000,2022,7,2022-07,43,20.72,40.57,121.62,11.02,26.0,4.0,30.0,1,0.6091,1.142,1
LJ500_R150_C039,150,39,680750,9576250,3000,4000,2022,7,2022-07,43,20.72,40.57,121.62,11.02,26.0,4.0,30.0,1,0.5418,0.9987,1
LJ500_R150_C040,150,40,681250,9576250,3500,4000,2022,7,2022-07,43,20.72,40.57,121.62,11.02,26.0,4.0,30.0,1,0.5116,0.9361,1
LJ500_R150_C041,150,41,681750,9576250,4000,4000,2022,7,2022-07,43,20.72,40.57,121.62,11.02,26.0,4.0,30.0,1,0.4371,0.7821,1
LJ500_R150_C042,150,42,682250,9576250,4500,4000,2022,7,2022-07,43,20.72,40.57,121.62,11.02,26.0,4.0,30.0,1,0.4624,0.8416,1
LJ500_R151_C033,151,33,677750,9576750,0,4500,2022,7,2022-07,43,17.21,35.31,116.11,8.6069,26.34,3.663,30.0,1,0.6742,1.2429,1
LJ500_R151_C034,151,34,678250,9576750,500,4500,2022,7,2022-07,43,20.72,40.57,121.62,11.02,26.0,4.0,30.0,1,0.719,1.35,1
LJ500_R151_C035,151,35,678750,9576750,1000,4500,2022,7,2022-07,43,20.72,40.57,121.62,11.02,26.0,4.0,30.0,1,0.599,1.0803,1
LJ500_R151_C036,151,36,679250,9576750,1500,4500,2022,7,2022-07,43,20.72,40.57,121.62,11.02,26.0,4.0,30.0,1,0.5767,1.03,1
LJ500_R151_C037,151,37,679750,9576750,2000,4500,2022,7,2022-07,43,20.72,40.57,121.62,11.02,26.0,4.0,30.0,1,0.652,1.2382,1
LJ500_R151_C038,151,38,680250,9576750,2500,4500,2022,7,2022-07,43,20.72,40.57,121.62,11.02,26.0,4.0,30.0,1,0.6423,1.2161,1
LJ500_R151_C039,151,39,680750,9576750,3000,4500,2022,7,2022-07,43,20.72,40.57,121.62,11.02,26.0,4.0,30.0,1,0.579,1.07,1
LJ500_R151_C040,151,40,681250,9576750,3500,4500,2022,7,2022-07,43,20.72,40.57,121.62,11.02,26.0,4.0,30.0,1,0.5378,0.9862,1
LJ500_R151_C041,151,41,681750,9576750,4000,4500,2022,7,2022-07,43,20.72,40.57,121.62,11.02,26.0,4.0,30.0,1,0.4363,0.78,1
LJ500_R151_C042,151,42,682250,9576750,4500,4500,2022,7,2022-07,43,20.72,40.57,121.62,11.02,26.0,4.0,30.0,1,0.4572,0.8282,1
LJ500_R142_C033,142,33,677750,9572250,0,0,2022,8,2022-08,44,0.0,11.23,23.51,0.0,31.0,0.0,31.0,1,0.6168,1.0568,1
LJ500_R142_C034,142,34,678250,9572250,500,0,2022,8,2022-08,44,0.0,12.74,25.14,0.0,31.0,0.0,31.0,1,0.6166,1.0454,1
LJ500_R142_C035,142,35,678750,9572250,1000,0,2022,8,2022-08,44,0.0,12.74,25.14,0.0,31.0,0.0,31.0,1,0.4472,0.8707,1
LJ500_R142_C036,142,36,679250,9572250,1500,0,2022,8,2022-08,44,0.0,12.74,25.14,0.0,31.0,0.0,31.0,1,0.4183,0.8406,1
LJ500_R142_C037,142,37,679750,9572250,2000,0,2022,8,2022-08,44,0.0,12.74,25.14,0.0,31.0,0.0,31.0,1,0.2983,0.6815,1
LJ500_R142_C038,142,38,680250,9572250,2500,0,2022,8,2022-08,44,0.0,12.74,25.14,0.0,31.0,0.0,31.0,1,0.3356,0.7157,1
LJ500_R142_C039,142,39,680750,9572250,3000,0,2022,8,2022-08,44,0.0,12.74,25.14,0.0,31.0,0.0,31.0,1,0.535,0.8984,1
LJ500_R142_C040,142,40,681250,9572250,3500,0,2022,8,2022-08,44,0.0,12.74,25.14,0.0,31.0,0.0,31.0,1,0.5514,0.9312,1
LJ500_R142_C041,142,41,681750,9572250,4000,0,2022,8,2022-08,44,0.0,12.74,25.14,0.0,31.0,0.0,31.0,1,0.5885,1.0056,1
LJ500_R142_C042,142,42,682250,9572250,4500,0,2022,8,2022-08,44,0.0,12.74,25.14,0.0,31.0,0.0,31.0,1,0.5775,1.0172,1
LJ500_R143_C033,143,33,677750,9572750,0,500,2022,8,2022-08,44,0.0,11.22,23.5,0.0,31.0,0.0,31.0,1,0.561,1.0037,1
LJ500_R143_C034,143,34,678250,9572750,500,500,2022,8,2022-08,44,0.0,12.74,25.14,0.0,31.0,0.0,31.0,1,0.5158,0.96,1
LJ500_R143_C035,143,35,678750,9572750,1000,500,2022,8,2022-08,44,0.0,12.74,25.14,0.0,31.0,0.0,31.0,1,0.3658,0.7713,1
LJ500_R143_C036,143,36,679250,9572750,1500,500,2022,8,2022-08,44,0.0,12.74,25.14,0.0,31.0,0.0,31.0,1,0.3408,0.7397,1
LJ500_R143_C037,143,37,679750,9572750,2000,500,2022,8,2022-08,44,0.0,12.74,25.14,0.0,31.0,0.0,31.0,1,0.3142,0.69,1
LJ500_R143_C038,143,38,680250,9572750,2500,500,2022,8,2022-08,44,0.0,12.74,25.14,0.0,31.0,0.0,31.0,1,0.3484,0.7211,1
LJ500_R143_C039,143,39,680750,9572750,3000,500,2022,8,2022-08,44,0.0,12.74,25.14,0.0,31.0,0.0,31.0,1,0.5342,0.89,1
LJ500_R143_C040,143,40,681250,9572750,3500,500,2022,8,2022-08,44,0.0,12.74,25.14,0.0,31.0,0.0,31.0,1,0.5601,0.9661,1
LJ500_R143_C041,143,41,681750,9572750,4000,500,2022,8,2022-08,44,0.0,12.74,25.14,0.0,31.0,0.0,31.0,1,0.6194,1.14,1
LJ500_R143_C042,143,42,682250,9572750,4500,500,2022,8,2022-08,44,0.0,12.74,25.14,0.0,31.0,0.0,31.0,1,0.6103,1.1627,1
LJ500_R144_C033,144,33,677750,9573250,0,1000,2022,8,2022-08,44,0.0,11.21,23.49,0.0,31.0,0.0,31.0,1,0.5461,0.9858,1
LJ500_R144_C034,144,34,678250,9573250,500,1000,2022,8,2022-08,44,0.0,12.74,25.14,0.0,31.0,0.0,31.0,1,0.5035,0.9418,1
LJ500_R144_C035,144,35,678750,9573250,1000,1000,2022,8,2022-08,44,0.0,12.74,25.14,0.0,31.0,0.0,31.0,1,0.3806,0.7847,1
LJ500_R144_C036,144,36,679250,9573250,1500,1000,2022,8,2022-08,44,0.0,12.74,25.14,0.0,31.0,0.0,31.0,1,0.3599,0.7581,1
LJ500_R144_C037,144,37,679750,9573250,2000,1000,2022,8,2022-08,44,0.0,12.74,25.14,0.0,31.0,0.0,31.0,1,0.318,0.69,1
LJ500_R144_C038,144,38,680250,9573250,2500,1000,2022,8,2022-08,44,0.0,12.74,25.14,0.0,31.0,0.0,31.0,1,0.3465,0.7169,1
LJ500_R144_C039,144,39,680750,9573250,3000,1000,2022,8,2022-08,44,0.0,12.74,25.14,0.0,31.0,0.0,31.0,1,0.5035,0.865,1
LJ500_R144_C040,144,40,681250,9573250,3500,1000,2022,8,2022-08,44,0.0,12.74,25.14,0.0,31.0,0.0,31.0,1,0.5346,0.9319,1
LJ500_R144_C041,144,41,681750,9573250,4000,1000,2022,8,2022-08,44,0.0,12.74,25.14,0.0,31.0,0.0,31.0,1,0.6065,1.0862,1
LJ500_R144_C042,144,42,682250,9573250,4500,1000,2022,8,2022-08,44,0.0,12.74,25.14,0.0,31.0,0.0,31.0,1,0.5988,1.1343,1
LJ500_R145_C033,145,33,677750,9573750,0,1500,2022,8,2022-08,44,0.0,11.2,23.48,0.0,31.0,0.0,31.0,1,0.5113,0.9442,1
LJ500_R145_C034,145,34,678250,9573750,500,1500,2022,8,2022-08,44,0.0,12.74,25.14,0.0,31.0,0.0,31.0,1,0.4752,0.9,1
LJ500_R145_C035,145,35,678750,9573750,1000,1500,2022,8,2022-08,44,0.0,12.74,25.14,0.0,31.0,0.0,31.0,1,0.4137,0.8146,1
LJ500_R145_C036,145,36,679250,9573750,1500,1500,2022,8,2022-08,44,0.0,12.74,25.14,0.0,31.0,0.0,31.0,1,0.403,0.7997,1
LJ500_R145_C037,145,37,679750,9573750,2000,1500,2022,8,2022-08,44,0.0,12.74,25.14,0.0,31.0,0.0,31.0,1,0.3265,0.69,1
LJ500_R145_C038,145,38,680250,9573750,2500,1500,2022,8,2022-08,44,0.0,12.74,25.14,0.0,31.0,0.0,31.0,1,0.3431,0.7082,1
LJ500_R145_C039,145,39,680750,9573750,3000,1500,2022,8,2022-08,44,0.0,12.74,25.14,0.0,31.0,0.0,31.0,1,0.4361,0.81,1
LJ500_R145_C040,145,40,681250,9573750,3500,1500,2022,8,2022-08,44,0.0,12.74,25.14,0.0,31.0,0.0,31.0,1,0.479,0.8581,1
LJ500_R145_C041,145,41,681750,9573750,4000,1500,2022,8,2022-08,44,0.0,12.74,25.14,0.0,31.0,0.0,31.0,1,0.5787,0.97,1
LJ500_R145_C042,145,42,682250,9573750,4500,1500,2022,8,2022-08,44,0.0,12.74,25.14,0.0,31.0,0.0,31.0,1,0.5741,1.0734,1
LJ500_R146_C033,146,33,677750,9574250,0,2000,2022,8,2022-08,44,0.0,13.81,28.6,0.0,31.0,0.0,31.0,1,0.5705,0.9891,1
LJ500_R146_C034,146,34,678250,9574250,500,2000,2022,8,2022-08,44,0.0,16.17,31.77,0.0,31.0,0.0,31.0,1,0.5485,0.9599,1
LJ500_R146_C035,146,35,678750,9574250,1000,2000,2022,8,2022-08,44,0.0,16.19,31.8,0.0,31.0,0.0,31.0,1,0.4657,0.867,1
LJ500_R146_C036,146,36,679250,9574250,1500,2000,2022,8,2022-08,44,0.0,16.2,31.82,0.0,31.0,0.0,31.0,1,0.4514,0.8509,1
LJ500_R146_C037,146,37,679750,9574250,2000,2000,2022,8,2022-08,44,0.0,16.22,31.85,0.0,31.0,0.0,31.0,1,0.3691,0.7366,1
LJ500_R146_C038,146,38,680250,9574250,2500,2000,2022,8,2022-08,44,0.0,16.23,31.88,0.0,31.0,0.0,31.0,1,0.3724,0.738,1
LJ500_R146_C039,146,39,680750,9574250,3000,2000,2022,8,2022-08,44,0.0,16.25,31.91,0.0,31.0,0.0,31.0,1,0.3893,0.7442,1
LJ500_R146_C040,146,40,681250,9574250,3500,2000,2022,8,2022-08,44,0.0,16.26,31.94,0.0,31.0,0.0,31.0,1,0.4415,0.7988,1
LJ500_R146_C041,146,41,681750,9574250,4000,2000,2022,8,2022-08,44,0.0,16.28,31.97,0.0,31.0,0.0,31.0,1,0.5645,0.9274,1
LJ500_R146_C042,146,42,682250,9574250,4500,2000,2022,8,2022-08,44,0.0,16.29,32.0,0.0,31.0,0.0,31.0,1,0.5709,1.0514,1
LJ500_R147_C033,147,33,677750,9574750,0,2500,2022,8,2022-08,44,0.0,17.29,35.43,0.0,31.0,0.0,31.0,1,0.6402,1.0419,1
LJ500_R147_C034,147,34,678250,9574750,500,2500,2022,8,2022-08,44,0.0,20.72,40.57,0.0,31.0,0.0,31.0,1,0.6345,1.03,1
LJ500_R147_C035,147,35,678750,9574750,1000,2500,2022,8,2022-08,44,0.0,20.72,40.57,0.0,31.0,0.0,31.0,1,0.5262,0.928,1
LJ500_R147_C036,147,36,679250,9574750,1500,2500,2022,8,2022-08,44,0.0,20.72,40.57,0.0,31.0,0.0,31.0,1,0.5071,0.91,1
LJ500_R147_C037,147,37,679750,9574750,2000,2500,2022,8,2022-08,44,0.0,20.72,40.57,0.0,31.0,0.0,31.0,1,0.4181,0.7901,1
LJ500_R147_C038,147,38,680250,9574750,2500,2500,2022,8,2022-08,44,0.0,20.72,40.57,0.0,31.0,0.0,31.0,1,0.406,0.7722,1
LJ500_R147_C039,147,39,680750,9574750,3000,2500,2022,8,2022-08,44,0.0,20.72,40.57,0.0,31.0,0.0,31.0,1,0.3365,0.67,1
LJ500_R147_C040,147,40,681250,9574750,3500,2500,2022,8,2022-08,44,0.0,20.72,40.57,0.0,31.0,0.0,31.0,1,0.3994,0.7323,1
LJ500_R147_C041,147,41,681750,9574750,4000,2500,2022,8,2022-08,44,0.0,20.72,40.57,0.0,31.0,0.0,31.0,1,0.5487,0.88,1
LJ500_R147_C042,147,42,682250,9574750,4500,2500,2022,8,2022-08,44,0.0,20.72,40.57,0.0,31.0,0.0,31.0,1,0.5673,1.027,1
LJ500_R148_C033,148,33,677750,9575250,0,3000,2022,8,2022-08,44,0.0,17.27,35.4,0.0,31.0,0.0,31.0,1,0.6264,1.0131,1
LJ500_R148_C034,148,34,678250,9575250,500,3000,2022,8,2022-08,44,0.0,20.72,40.57,0.0,31.0,0.0,31.0,1,0.6455,1.0177,1
LJ500_R148_C035,148,35,678750,9575250,1000,3000,2022,8,2022-08,44,0.0,20.72,40.57,0.0,31.0,0.0,31.0,1,0.5457,0.9368,1
LJ500_R148_C036,148,36,679250,9575250,1500,3000,2022,8,2022-08,44,0.0,20.72,40.57,0.0,31.0,0.0,31.0,1,0.5279,0.9224,1
LJ500_R148_C037,148,37,679750,9575250,2000,3000,2022,8,2022-08,44,0.0,20.72,40.57,0.0,31.0,0.0,31.0,1,0.4609,0.8338,1
LJ500_R148_C038,148,38,680250,9575250,2500,3000,2022,8,2022-08,44,0.0,20.72,40.57,0.0,31.0,0.0,31.0,1,0.445,0.8126,1
LJ500_R148_C039,148,39,680750,9575250,3000,3000,2022,8,2022-08,44,0.0,20.72,40.57,0.0,31.0,0.0,31.0,1,0.3528,0.6888,1
LJ500_R148_C040,148,40,681250,9575250,3500,3000,2022,8,2022-08,44,0.0,20.72,40.57,0.0,31.0,0.0,31.0,1,0.3832,0.7174,1
LJ500_R148_C041,148,41,681750,9575250,4000,3000,2022,8,2022-08,44,0.0,20.72,40.57,0.0,31.0,0.0,31.0,1,0.4555,0.7854,1
LJ500_R148_C042,148,42,682250,9575250,4500,3000,2022,8,2022-08,44,0.0,20.72,40.57,0.0,31.0,0.0,31.0,1,0.4876,0.8613,1
LJ500_R149_C033,149,33,677750,9575750,0,3500,2022,8,2022-08,44,0.0,17.25,35.37,0.0,31.0,0.0,31.0,1,0.6175,0.9949,1
LJ500_R149_C034,149,34,678250,9575750,500,3500,2022,8,2022-08,44,0.0,20.72,40.57,0.0,31.0,0.0,31.0,1,0.6523,1.01,1
LJ500_R149_C035,149,35,678750,9575750,1000,3500,2022,8,2022-08,44,0.0,20.72,40.57,0.0,31.0,0.0,31.0,1,0.5578,0.9423,1
LJ500_R149_C036,149,36,679250,9575750,1500,3500,2022,8,2022-08,44,0.0,20.72,40.57,0.0,31.0,0.0,31.0,1,0.5406,0.93,1
LJ500_R149_C037,149,37,679750,9575750,2000,3500,2022,8,2022-08,44,0.0,20.72,40.57,0.0,31.0,0.0,31.0,1,0.4867,0.8603,1
LJ500_R149_C038,149,38,680250,9575750,2500,3500,2022,8,2022-08,44,0.0,20.72,40.57,0.0,31.0,0.0,31.0,1,0.4686,0.8369,1
LJ500_R149_C039,149,39,680750,9575750,3000,3500,2022,8,2022-08,44,0.0,20.72,40.57,0.0,31.0,0.0,31.0,1,0.3626,0.7,1
LJ500_R149_C040,149,40,681250,9575750,3500,3500,2022,8,2022-08,44,0.0,20.72,40.57,0.0,31.0,0.0,31.0,1,0.3738,0.7088,1
LJ500_R149_C041,149,41,681750,9575750,4000,3500,2022,8,2022-08,44,0.0,20.72,40.57,0.0,31.0,0.0,31.0,1,0.401,0.73,1
LJ500_R149_C042,149,42,682250,9575750,4500,3500,2022,8,2022-08,44,0.0,20.72,40.57,0.0,31.0,0.0,31.0,1,0.4412,0.7653,1
LJ500_R150_C033,150,33,677750,9576250,0,4000,2022,8,2022-08,44,0.0,17.23,35.34,0.0,31.0,0.0,31.0,1,0.6458,1.0717,1
LJ500_R150_C034,150,34,678250,9576250,500,4000,2022,8,2022-08,44,0.0,20.72,40.57,0.0,31.0,0.0,31.0,1,0.68,1.1107,1
LJ500_R150_C035,150,35,678750,9576250,1000,4000,2022,8,2022-08,44,0.0,20.72,40.57,0.0,31.0,0.0,31.0,1,0.5828,0.9647,1
LJ500_R150_C036,150,36,679250,9576250,1500,4000,2022,8,2022-08,44,0.0,20.72,40.57,0.0,31.0,0.0,31.0,1,0.565,0.9378,1
LJ500_R150_C037,150,37,679750,9576250,2000,4000,2022,8,2022-08,44,0.0,20.72,40.57,0.0,31.0,0.0,31.0,1,0.5864,0.969,1
LJ500_R150_C038,150,38,680250,9576250,2500,4000,2022,8,2022-08,44,0.0,20.72,40.57,0.0,31.0,0.0,31.0,1,0.5759,0.9489,1
LJ500_R150_C039,150,39,680750,9576250,3000,4000,2022,8,2022-08,44,0.0,20.72,40.57,0.0,31.0,0.0,31.0,1,0.5103,0.8254,1
LJ500_R150_C040,150,40,681250,9576250,3500,4000,2022,8,2022-08,44,0.0,20.72,40.57,0.0,31.0,0.0,31.0,1,0.4783,0.7956,1
LJ500_R150_C041,150,41,681750,9576250,4000,4000,2022,8,2022-08,44,0.0,20.72,40.57,0.0,31.0,0.0,31.0,1,0.3994,0.7221,1
LJ500_R150_C042,150,42,682250,9576250,4500,4000,2022,8,2022-08,44,0.0,20.72,40.57,0.0,31.0,0.0,31.0,1,0.4259,0.7399,1
LJ500_R151_C033,151,33,677750,9576750,0,4500,2022,8,2022-08,44,0.0,17.21,35.31,0.0,31.0,0.0,31.0,1,0.6539,1.0941,1
LJ500_R151_C034,151,34,678250,9576750,500,4500,2022,8,2022-08,44,0.0,20.72,40.57,0.0,31.0,0.0,31.0,1,0.6881,1.14,1
LJ500_R151_C035,151,35,678750,9576750,1000,4500,2022,8,2022-08,44,0.0,20.72,40.57,0.0,31.0,0.0,31.0,1,0.5902,0.9714,1
LJ500_R151_C036,151,36,679250,9576750,1500,4500,2022,8,2022-08,44,0.0,20.72,40.57,0.0,31.0,0.0,31.0,1,0.5719,0.94,1
LJ500_R151_C037,151,37,679750,9576750,2000,4500,2022,8,2022-08,44,0.0,20.72,40.57,0.0,31.0,0.0,31.0,1,0.6145,0.9995,1
LJ500_R151_C038,151,38,680250,9576750,2500,4500,2022,8,2022-08,44,0.0,20.72,40.57,0.0,31.0,0.0,31.0,1,0.6059,0.9804,1
LJ500_R151_C039,151,39,680750,9576750,3000,4500,2022,8,2022-08,44,0.0,20.72,40.57,0.0,31.0,0.0,31.0,1,0.551,0.86,1
LJ500_R151_C040,151,40,681250,9576750,3500,4500,2022,8,2022-08,44,0.0,20.72,40.57,0.0,31.0,0.0,31.0,1,0.507,0.8195,1
LJ500_R151_C041,151,41,681750,9576750,4000,4500,2022,8,2022-08,44,0.0,20.72,40.57,0.0,31.0,0.0,31.0,1,0.399,0.72,1
LJ500_R151_C042,151,42,682250,9576750,4500,4500,2022,8,2022-08,44,0.0,20.72,40.57,0.0,31.0,0.0,31.0,1,0.4218,0.7331,1
LJ500_R142_C033,142,33,677750,9572250,0,0,2022,9,2022-09,45,4.5359,4.5359,15.77,4.5359,30.0,1.0,31.0,1,0.6506,1.1132,1
LJ500_R142_C034,142,34,678250,9572250,500,0,2022,9,2022-09,45,5.6861,5.6861,18.43,5.6861,30.0,1.0,31.0,1,0.6533,1.0968,1
LJ500_R142_C035,142,35,678750,9572250,1000,0,2022,9,2022-09,45,5.6861,5.6861,18.43,5.6861,30.0,1.0,31.0,1,0.4612,0.9397,1
LJ500_R142_C036,142,36,679250,9572250,1500,0,2022,9,2022-09,45,5.6861,5.6861,18.43,5.6861,30.0,1.0,31.0,1,0.4286,0.9131,1
LJ500_R142_C037,142,37,679750,9572250,2000,0,2022,9,2022-09,45,5.6861,5.6861,18.43,5.6861,30.0,1.0,31.0,1,0.303,0.81,1
LJ500_R142_C038,142,38,680250,9572250,2500,0,2022,9,2022-09,45,5.6861,5.6861,18.43,5.6861,30.0,1.0,31.0,1,0.3452,0.8194,1
LJ500_R142_C039,142,39,680750,9572250,3000,0,2022,9,2022-09,45,5.6861,5.6861,18.43,5.6861,30.0,1.0,31.0,1,0.5708,0.87,1
LJ500_R142_C040,142,40,681250,9572250,3500,0,2022,9,2022-09,45,5.6861,5.6861,18.43,5.6861,30.0,1.0,31.0,1,0.6002,0.9564,1
LJ500_R142_C041,142,41,681750,9572250,4000,0,2022,9,2022-09,45,5.6861,5.6861,18.43,5.6861,30.0,1.0,31.0,1,0.6668,1.1527,1
LJ500_R142_C042,142,42,682250,9572250,4500,0,2022,9,2022-09,45,5.6861,5.6861,18.43,5.6861,30.0,1.0,31.0,1,0.653,1.1706,1
LJ500_R143_C033,143,33,677750,9572750,0,500,2022,9,2022-09,45,4.5291,4.5291,15.75,4.5291,30.0,1.0,31.0,1,0.5836,1.0637,1
LJ500_R143_C034,143,34,678250,9572750,500,500,2022,9,2022-09,45,5.6861,5.6861,18.43,5.6861,30.0,1.0,31.0,1,0.5313,1.02,1
LJ500_R143_C035,143,35,678750,9572750,1000,500,2022,9,2022-09,45,5.6861,5.6861,18.43,5.6861,30.0,1.0,31.0,1,0.3738,0.8999,1
LJ500_R143_C036,143,36,679250,9572750,1500,500,2022,9,2022-09,45,5.6861,5.6861,18.43,5.6861,30.0,1.0,31.0,1,0.3476,0.8795,1
LJ500_R143_C037,143,37,679750,9572750,2000,500,2022,9,2022-09,45,5.6861,5.6861,18.43,5.6861,30.0,1.0,31.0,1,0.3213,0.81,1
LJ500_R143_C038,143,38,680250,9572750,2500,500,2022,9,2022-09,45,5.6861,5.6861,18.43,5.6861,30.0,1.0,31.0,1,0.3599,0.8193,1
LJ500_R143_C039,143,39,680750,9572750,3000,500,2022,9,2022-09,45,5.6861,5.6861,18.43,5.6861,30.0,1.0,31.0,1,0.5697,0.87,1
LJ500_R143_C040,143,40,681250,9572750,3500,500,2022,9,2022-09,45,5.6861,5.6861,18.43,5.6861,30.0,1.0,31.0,1,0.6106,1.0405,1
LJ500_R143_C041,143,41,681750,9572750,4000,500,2022,9,2022-09,45,5.6861,5.6861,18.43,5.6861,30.0,1.0,31.0,1,0.7042,1.43,1
LJ500_R143_C042,143,42,682250,9572750,4500,500,2022,9,2022-09,45,5.6861,5.6861,18.43,5.6861,30.0,1.0,31.0,1,0.6779,1.4889,1
LJ500_R144_C033,144,33,677750,9573250,0,1000,2022,9,2022-09,45,4.5224,4.5224,15.74,4.5224,30.0,1.0,31.0,1,0.5662,1.0501,1
LJ500_R144_C034,144,34,678250,9573250,500,1000,2022,9,2022-09,45,5.6861,5.6861,18.43,5.6861,30.0,1.0,31.0,1,0.5177,1.0079,1
LJ500_R144_C035,144,35,678750,9573250,1000,1000,2022,9,2022-09,45,5.6861,5.6861,18.43,5.6861,30.0,1.0,31.0,1,0.3889,0.8984,1
LJ500_R144_C036,144,36,679250,9573250,1500,1000,2022,9,2022-09,45,5.6861,5.6861,18.43,5.6861,30.0,1.0,31.0,1,0.3672,0.8796,1
LJ500_R144_C037,144,37,679750,9573250,2000,1000,2022,9,2022-09,45,5.6861,5.6861,18.43,5.6861,30.0,1.0,31.0,1,0.3252,0.8069,1
LJ500_R144_C038,144,38,680250,9573250,2500,1000,2022,9,2022-09,45,5.6861,5.6861,18.43,5.6861,30.0,1.0,31.0,1,0.357,0.8123,1
LJ500_R144_C039,144,39,680750,9573250,3000,1000,2022,9,2022-09,45,5.6861,5.6861,18.43,5.6861,30.0,1.0,31.0,1,0.5315,0.8418,1
LJ500_R144_C040,144,40,681250,9573250,3500,1000,2022,9,2022-09,45,5.6861,5.6861,18.43,5.6861,30.0,1.0,31.0,1,0.5787,0.9882,1
LJ500_R144_C041,144,41,681750,9573250,4000,1000,2022,9,2022-09,45,5.6861,5.6861,18.43,5.6861,30.0,1.0,31.0,1,0.6879,1.3255,1
LJ500_R144_C042,144,42,682250,9573250,4500,1000,2022,9,2022-09,45,5.6861,5.6861,18.43,5.6861,30.0,1.0,31.0,1,0.6613,1.4439,1
LJ500_R145_C033,145,33,677750,9573750,0,1500,2022,9,2022-09,45,4.5156,4.5156,15.72,4.5156,30.0,1.0,31.0,1,0.5255,1.0183,1
LJ500_R145_C034,145,34,678250,9573750,500,1500,2022,9,2022-09,45,5.6861,5.6861,18.43,5.6861,30.0,1.0,31.0,1,0.4865,0.98,1
LJ500_R145_C035,145,35,678750,9573750,1000,1500,2022,9,2022-09,45,5.6861,5.6861,18.43,5.6861,30.0,1.0,31.0,1,0.4225,0.8946,1
LJ500_R145_C036,145,36,679250,9573750,1500,1500,2022,9,2022-09,45,5.6861,5.6861,18.43,5.6861,30.0,1.0,31.0,1,0.4114,0.8798,1
LJ500_R145_C037,145,37,679750,9573750,2000,1500,2022,9,2022-09,45,5.6861,5.6861,18.43,5.6861,30.0,1.0,31.0,1,0.3339,0.8,1
LJ500_R145_C038,145,38,680250,9573750,2500,1500,2022,9,2022-09,45,5.6861,5.6861,18.43,5.6861,30.0,1.0,31.0,1,0.3512,0.797,1
LJ500_R145_C039,145,39,680750,9573750,3000,1500,2022,9,2022-09,45,5.6861,5.6861,18.43,5.6861,30.0,1.0,31.0,1,0.4477,0.78,1
LJ500_R145_C040,145,40,681250,9573750,3500,1500,2022,9,2022-09,45,5.6861,5.6861,18.43,5.6861,30.0,1.0,31.0,1,0.5094,0.8762,1
LJ500_R145_C041,145,41,681750,9573750,4000,1500,2022,9,2022-09,45,5.6861,5.6861,18.43,5.6861,30.0,1.0,31.0,1,0.6529,1.1,1
LJ500_R145_C042,145,42,682250,9573750,4500,1500,2022,9,2022-09,45,5.6861,5.6861,18.43,5.6861,30.0,1.0,31.0,1,0.6258,1.3472,1
LJ500_R146_C033,146,33,677750,9574250,0,2000,2022,9,2022-09,45,5.2364,5.2364,19.05,5.2364,30.0,1.0,31.0,1,0.5951,1.0471,1
LJ500_R146_C034,146,34,678250,9574250,500,2000,2022,9,2022-09,45,6.7624,6.7624,22.93,6.7624,30.0,1.0,31.0,1,0.5721,1.0168,1
LJ500_R146_C035,146,35,678750,9574250,1000,2000,2022,9,2022-09,45,6.7671,6.7671,22.95,6.7671,30.0,1.0,31.0,1,0.4787,0.9199,1
LJ500_R146_C036,146,36,679250,9574250,1500,2000,2022,9,2022-09,45,6.7719,6.7719,22.97,6.7719,30.0,1.0,31.0,1,0.4626,0.9031,1
LJ500_R146_C037,146,37,679750,9574250,2000,2000,2022,9,2022-09,45,6.7766,6.7766,22.99,6.7766,30.0,1.0,31.0,1,0.3761,0.8047,1
LJ500_R146_C038,146,38,680250,9574250,2500,2000,2022,9,2022-09,45,6.7814,6.7814,23.01,6.7814,30.0,1.0,31.0,1,0.3795,0.7968,1
LJ500_R146_C039,146,39,680750,9574250,3000,2000,2022,9,2022-09,45,6.7862,6.7862,23.03,6.7862,30.0,1.0,31.0,1,0.3976,0.7518,1
LJ500_R146_C040,146,40,681250,9574250,3500,2000,2022,9,2022-09,45,6.7909,6.7909,23.05,6.7909,30.0,1.0,31.0,1,0.4666,0.8402,1
LJ500_R146_C041,146,41,681750,9574250,4000,2000,2022,9,2022-09,45,6.7957,6.7957,23.07,6.7957,30.0,1.0,31.0,1,0.6292,1.0479,1
LJ500_R146_C042,146,42,682250,9574250,4500,2000,2022,9,2022-09,45,6.8006,6.8006,23.09,6.8006,30.0,1.0,31.0,1,0.622,1.3108,1
LJ500_R147_C033,147,33,677750,9574750,0,2500,2022,9,2022-09,45,6.1985,6.1985,23.49,6.1985,30.0,1.0,31.0,1,0.6769,1.0809,1
LJ500_R147_C034,147,34,678250,9574750,500,2500,2022,9,2022-09,45,8.1915,8.1915,28.91,8.1915,30.0,1.0,31.0,1,0.6726,1.06,1
LJ500_R147_C035,147,35,678750,9574750,1000,2500,2022,9,2022-09,45,8.1915,8.1915,28.91,8.1915,30.0,1.0,31.0,1,0.5442,0.9495,1
LJ500_R147_C036,147,36,679250,9574750,1500,2500,2022,9,2022-09,45,8.1915,8.1915,28.91,8.1915,30.0,1.0,31.0,1,0.5216,0.93,1
LJ500_R147_C037,147,37,679750,9574750,2000,2500,2022,9,2022-09,45,8.1915,8.1915,28.91,8.1915,30.0,1.0,31.0,1,0.4246,0.8101,1
LJ500_R147_C038,147,38,680250,9574750,2500,2500,2022,9,2022-09,45,8.1915,8.1915,28.91,8.1915,30.0,1.0,31.0,1,0.4122,0.7967,1
LJ500_R147_C039,147,39,680750,9574750,3000,2500,2022,9,2022-09,45,8.1915,8.1915,28.91,8.1915,30.0,1.0,31.0,1,0.341,0.72,1
LJ500_R147_C040,147,40,681250,9574750,3500,2500,2022,9,2022-09,45,8.1915,8.1915,28.91,8.1915,30.0,1.0,31.0,1,0.4187,0.8001,1
LJ500_R147_C041,147,41,681750,9574750,4000,2500,2022,9,2022-09,45,8.1915,8.1915,28.91,8.1915,30.0,1.0,31.0,1,0.6029,0.99,1
LJ500_R147_C042,147,42,682250,9574750,4500,2500,2022,9,2022-09,45,8.1915,8.1915,28.91,8.1915,30.0,1.0,31.0,1,0.6177,1.2707,1
LJ500_R148_C033,148,33,677750,9575250,0,3000,2022,9,2022-09,45,6.1872,6.1872,23.45,6.1872,30.0,1.0,31.0,1,0.663,1.0601,1
LJ500_R148_C034,148,34,678250,9575250,500,3000,2022,9,2022-09,45,8.1915,8.1915,28.91,8.1915,30.0,1.0,31.0,1,0.6893,1.0538,1
LJ500_R148_C035,148,35,678750,9575250,1000,3000,2022,9,2022-09,45,8.1915,8.1915,28.91,8.1915,30.0,1.0,31.0,1,0.5665,0.9488,1
LJ500_R148_C036,148,36,679250,9575250,1500,3000,2022,9,2022-09,45,8.1915,8.1915,28.91,8.1915,30.0,1.0,31.0,1,0.5447,0.93,1
LJ500_R148_C037,148,37,679750,9575250,2000,3000,2022,9,2022-09,45,8.1915,8.1915,28.91,8.1915,30.0,1.0,31.0,1,0.4707,0.829,1
LJ500_R148_C038,148,38,680250,9575250,2500,3000,2022,9,2022-09,45,8.1915,8.1915,28.91,8.1915,30.0,1.0,31.0,1,0.4542,0.812,1
LJ500_R148_C039,148,39,680750,9575250,3000,3000,2022,9,2022-09,45,8.1915,8.1915,28.91,8.1915,30.0,1.0,31.0,1,0.3575,0.7137,1
LJ500_R148_C040,148,40,681250,9575250,3500,3000,2022,9,2022-09,45,8.1915,8.1915,28.91,8.1915,30.0,1.0,31.0,1,0.3942,0.7377,1
LJ500_R148_C041,148,41,681750,9575250,4000,3000,2022,9,2022-09,45,8.1915,8.1915,28.91,8.1915,30.0,1.0,31.0,1,0.4814,0.7945,1
LJ500_R148_C042,148,42,682250,9575250,4500,3000,2022,9,2022-09,45,8.1915,8.1915,28.91,8.1915,30.0,1.0,31.0,1,0.5213,0.9611,1
LJ500_R149_C033,149,33,677750,9575750,0,3500,2022,9,2022-09,45,6.1759,6.1759,23.42,6.1759,30.0,1.0,31.0,1,0.6539,1.047,1
LJ500_R149_C034,149,34,678250,9575750,500,3500,2022,9,2022-09,45,8.1915,8.1915,28.91,8.1915,30.0,1.0,31.0,1,0.6997,1.05,1
LJ500_R149_C035,149,35,678750,9575750,1000,3500,2022,9,2022-09,45,8.1915,8.1915,28.91,8.1915,30.0,1.0,31.0,1,0.5803,0.9484,1
LJ500_R149_C036,149,36,679250,9575750,1500,3500,2022,9,2022-09,45,8.1915,8.1915,28.91,8.1915,30.0,1.0,31.0,1,0.5587,0.93,1
LJ500_R149_C037,149,37,679750,9575750,2000,3500,2022,9,2022-09,45,8.1915,8.1915,28.91,8.1915,30.0,1.0,31.0,1,0.4987,0.8404,1
LJ500_R149_C038,149,38,680250,9575750,2500,3500,2022,9,2022-09,45,8.1915,8.1915,28.91,8.1915,30.0,1.0,31.0,1,0.4795,0.8213,1
LJ500_R149_C039,149,39,680750,9575750,3000,3500,2022,9,2022-09,45,8.1915,8.1915,28.91,8.1915,30.0,1.0,31.0,1,0.3674,0.71,1
LJ500_R149_C040,149,40,681250,9575750,3500,3500,2022,9,2022-09,45,8.1915,8.1915,28.91,8.1915,30.0,1.0,31.0,1,0.38,0.7012,1
LJ500_R149_C041,149,41,681750,9575750,4000,3500,2022,9,2022-09,45,8.1915,8.1915,28.91,8.1915,30.0,1.0,31.0,1,0.4103,0.68,1
LJ500_R149_C042,149,42,682250,9575750,4500,3500,2022,9,2022-09,45,8.1915,8.1915,28.91,8.1915,30.0,1.0,31.0,1,0.4652,0.7816,1
LJ500_R150_C033,150,33,677750,9576250,0,4000,2022,9,2022-09,45,6.1646,6.1646,23.39,6.1646,30.0,1.0,31.0,1,0.6972,1.1246,1
LJ500_R150_C034,150,34,678250,9576250,500,4000,2022,9,2022-09,45,8.1915,8.1915,28.91,8.1915,30.0,1.0,31.0,1,0.7471,1.1584,1
LJ500_R150_C035,150,35,678750,9576250,1000,4000,2022,9,2022-09,45,8.1915,8.1915,28.91,8.1915,30.0,1.0,31.0,1,0.6134,0.9721,1
LJ500_R150_C036,150,36,679250,9576250,1500,4000,2022,9,2022-09,45,8.1915,8.1915,28.91,8.1915,30.0,1.0,31.0,1,0.5888,0.9378,1
LJ500_R150_C037,150,37,679750,9576250,2000,4000,2022,9,2022-09,45,8.1915,8.1915,28.91,8.1915,30.0,1.0,31.0,1,0.6375,0.9879,1
LJ500_R150_C038,150,38,680250,9576250,2500,4000,2022,9,2022-09,45,8.1915,8.1915,28.91,8.1915,30.0,1.0,31.0,1,0.6247,0.9712,1
LJ500_R150_C039,150,39,680750,9576250,3000,4000,2022,9,2022-09,45,8.1915,8.1915,28.91,8.1915,30.0,1.0,31.0,1,0.5442,0.8668,1
LJ500_R150_C040,150,40,681250,9576250,3500,4000,2022,9,2022-09,45,8.1915,8.1915,28.91,8.1915,30.0,1.0,31.0,1,0.5043,0.8104,1
LJ500_R150_C041,150,41,681750,9576250,4000,4000,2022,9,2022-09,45,8.1915,8.1915,28.91,8.1915,30.0,1.0,31.0,1,0.4063,0.6721,1
LJ500_R150_C042,150,42,682250,9576250,4500,4000,2022,9,2022-09,45,8.1915,8.1915,28.91,8.1915,30.0,1.0,31.0,1,0.4424,0.7351,1
LJ500_R151_C033,151,33,677750,9576750,0,4500,2022,9,2022-09,45,6.1533,6.1533,23.36,6.1533,30.0,1.0,31.0,1,0.7097,1.1472,1
LJ500_R151_C034,151,34,678250,9576750,500,4500,2022,9,2022-09,45,8.1915,8.1915,28.91,8.1915,30.0,1.0,31.0,1,0.761,1.19,1
LJ500_R151_C035,151,35,678750,9576750,1000,4500,2022,9,2022-09,45,8.1915,8.1915,28.91,8.1915,30.0,1.0,31.0,1,0.6231,0.9793,1
LJ500_R151_C036,151,36,679250,9576750,1500,4500,2022,9,2022-09,45,8.1915,8.1915,28.91,8.1915,30.0,1.0,31.0,1,0.5974,0.94,1
LJ500_R151_C037,151,37,679750,9576750,2000,4500,2022,9,2022-09,45,8.1915,8.1915,28.91,8.1915,30.0,1.0,31.0,1,0.6764,1.0292,1
LJ500_R151_C038,151,38,680250,9576750,2500,4500,2022,9,2022-09,45,8.1915,8.1915,28.91,8.1915,30.0,1.0,31.0,1,0.6653,1.0132,1
LJ500_R151_C039,151,39,680750,9576750,3000,4500,2022,9,2022-09,45,8.1915,8.1915,28.91,8.1915,30.0,1.0,31.0,1,0.5929,0.91,1
LJ500_R151_C040,151,40,681250,9576750,3500,4500,2022,9,2022-09,45,8.1915,8.1915,28.91,8.1915,30.0,1.0,31.0,1,0.5386,0.8406,1
LJ500_R151_C041,151,41,681750,9576750,4000,4500,2022,9,2022-09,45,8.1915,8.1915,28.91,8.1915,30.0,1.0,31.0,1,0.4052,0.67,1
LJ500_R151_C042,151,42,682250,9576750,4500,4500,2022,9,2022-09,45,8.1915,8.1915,28.91,8.1915,30.0,1.0,31.0,1,0.4362,0.7225,1
LJ500_R142_C033,142,33,677750,9572250,0,0,2022,10,2022-10,46,26.81,31.35,31.35,5.0243,24.0,6.0,30.0,1,0.6974,1.1073,1
LJ500_R142_C034,142,34,678250,9572250,500,0,2022,10,2022-10,46,28.05,33.73,33.73,4.6232,24.0,6.0,30.0,1,0.7076,1.1151,1
LJ500_R142_C035,142,35,678750,9572250,1000,0,2022,10,2022-10,46,28.05,33.73,33.73,4.6232,24.0,6.0,30.0,1,0.4698,0.8989,1
LJ500_R142_C036,142,36,679250,9572250,1500,0,2022,10,2022-10,46,28.05,33.73,33.73,4.6232,24.0,6.0,30.0,1,0.4294,0.862,1
LJ500_R142_C037,142,37,679750,9572250,2000,0,2022,10,2022-10,46,28.05,33.73,33.73,4.6232,24.0,6.0,30.0,1,0.2667,0.6915,1
LJ500_R142_C038,142,38,680250,9572250,2500,0,2022,10,2022-10,46,28.05,33.73,33.73,4.6232,24.0,6.0,30.0,1,0.3307,0.748,1
LJ500_R142_C039,142,39,680750,9572250,3000,0,2022,10,2022-10,46,28.05,33.73,33.73,4.6232,24.0,6.0,30.0,1,0.673,1.05,1
LJ500_R142_C040,142,40,681250,9572250,3500,0,2022,10,2022-10,46,28.05,33.73,33.73,4.6232,24.0,6.0,30.0,1,0.7251,1.1442,1
LJ500_R142_C041,142,41,681750,9572250,4000,0,2022,10,2022-10,46,28.05,33.73,33.73,4.6232,24.0,6.0,30.0,1,0.8434,1.3579,1
LJ500_R142_C042,142,42,682250,9572250,4500,0,2022,10,2022-10,46,28.05,33.73,33.73,4.6232,24.0,6.0,30.0,1,0.8408,1.3644,1
LJ500_R143_C033,143,33,677750,9572750,0,500,2022,10,2022-10,46,26.8,31.33,31.33,5.0266,24.0,6.0,30.0,1,0.6136,1.034,1
LJ500_R143_C034,143,34,678250,9572750,500,500,2022,10,2022-10,46,28.05,33.73,33.73,4.6232,24.0,6.0,30.0,1,0.5513,0.97,1
LJ500_R143_C035,143,35,678750,9572750,1000,500,2022,10,2022-10,46,28.05,33.73,33.73,4.6232,24.0,6.0,30.0,1,0.3386,0.7984,1
LJ500_R143_C036,143,36,679250,9572750,1500,500,2022,10,2022-10,46,28.05,33.73,33.73,4.6232,24.0,6.0,30.0,1,0.3033,0.7695,1
LJ500_R143_C037,143,37,679750,9572750,2000,500,2022,10,2022-10,46,28.05,33.73,33.73,4.6232,24.0,6.0,30.0,1,0.2963,0.7,1
LJ500_R143_C038,143,38,680250,9572750,2500,500,2022,10,2022-10,46,28.05,33.73,33.73,4.6232,24.0,6.0,30.0,1,0.3555,0.7545,1
LJ500_R143_C039,143,39,680750,9572750,3000,500,2022,10,2022-10,46,28.05,33.73,33.73,4.6232,24.0,6.0,30.0,1,0.6763,1.05,1
LJ500_R143_C040,143,40,681250,9572750,3500,500,2022,10,2022-10,46,28.05,33.73,33.73,4.6232,24.0,6.0,30.0,1,0.7578,1.2205,1
LJ500_R143_C041,143,41,681750,9572750,4000,500,2022,10,2022-10,46,28.05,33.73,33.73,4.6232,24.0,6.0,30.0,1,0.944,1.61,1
LJ500_R143_C042,143,42,682250,9572750,4500,500,2022,10,2022-10,46,28.05,33.73,33.73,4.6232,24.0,6.0,30.0,1,0.9426,1.6463,1
LJ500_R144_C033,144,33,677750,9573250,0,1000,2022,10,2022-10,46,26.8,31.32,31.32,5.029,24.0,6.0,30.0,1,0.5916,1.0127,1
LJ500_R144_C034,144,34,678250,9573250,500,1000,2022,10,2022-10,46,28.05,33.73,33.73,4.6232,24.0,6.0,30.0,1,0.5338,0.9579,1
LJ500_R144_C035,144,35,678750,9573250,1000,1000,2022,10,2022-10,46,28.05,33.73,33.73,4.6232,24.0,6.0,30.0,1,0.3651,0.8127,1
LJ500_R144_C036,144,36,679250,9573250,1500,1000,2022,10,2022-10,46,28.05,33.73,33.73,4.6232,24.0,6.0,30.0,1,0.3368,0.788,1
LJ500_R144_C037,144,37,679750,9573250,2000,1000,2022,10,2022-10,46,28.05,33.73,33.73,4.6232,24.0,6.0,30.0,1,0.3035,0.7031,1
LJ500_R144_C038,144,38,680250,9573250,2500,1000,2022,10,2022-10,46,28.05,33.73,33.73,4.6232,24.0,6.0,30.0,1,0.3537,0.7478,1
LJ500_R144_C039,144,39,680750,9573250,3000,1000,2022,10,2022-10,46,28.05,33.73,33.73,4.6232,24.0,6.0,30.0,1,0.629,0.9937,1
LJ500_R144_C040,144,40,681250,9573250,3500,1000,2022,10,2022-10,46,28.05,33.73,33.73,4.6232,24.0,6.0,30.0,1,0.7132,1.1523,1
LJ500_R144_C041,144,41,681750,9573250,4000,1000,2022,10,2022-10,46,28.05,33.73,33.73,4.6232,24.0,6.0,30.0,1,0.9077,1.5182,1
LJ500_R144_C042,144,42,682250,9573250,4500,1000,2022,10,2022-10,46,28.05,33.73,33.73,4.6232,24.0,6.0,30.0,1,0.9233,1.6055,1
LJ500_R145_C033,145,33,677750,9573750,0,1500,2022,10,2022-10,46,26.79,31.31,31.31,5.0313,24.0,6.0,30.0,1,0.5398,0.9624,1
LJ500_R145_C034,145,34,678250,9573750,500,1500,2022,10,2022-10,46,28.05,33.73,33.73,4.6232,24.0,6.0,30.0,1,0.4937,0.93,1
LJ500_R145_C035,145,35,678750,9573750,1000,1500,2022,10,2022-10,46,28.05,33.73,33.73,4.6232,24.0,6.0,30.0,1,0.4245,0.8446,1
LJ500_R145_C036,145,36,679250,9573750,1500,1500,2022,10,2022-10,46,28.05,33.73,33.73,4.6232,24.0,6.0,30.0,1,0.4124,0.8296,1
LJ500_R145_C037,145,37,679750,9573750,2000,1500,2022,10,2022-10,46,28.05,33.73,33.73,4.6232,24.0,6.0,30.0,1,0.3197,0.71,1
LJ500_R145_C038,145,38,680250,9573750,2500,1500,2022,10,2022-10,46,28.05,33.73,33.73,4.6232,24.0,6.0,30.0,1,0.3508,0.7343,1
LJ500_R145_C039,145,39,680750,9573750,3000,1500,2022,10,2022-10,46,28.05,33.73,33.73,4.6232,24.0,6.0,30.0,1,0.525,0.87,1
LJ500_R145_C040,145,40,681250,9573750,3500,1500,2022,10,2022-10,46,28.05,33.73,33.73,4.6232,24.0,6.0,30.0,1,0.6165,1.0053,1
LJ500_R145_C041,145,41,681750,9573750,4000,1500,2022,10,2022-10,46,28.05,33.73,33.73,4.6232,24.0,6.0,30.0,1,0.8293,1.32,1
LJ500_R145_C042,145,42,682250,9573750,4500,1500,2022,10,2022-10,46,28.05,33.73,33.73,4.6232,24.0,6.0,30.0,1,0.8816,1.5177,1
LJ500_R146_C033,146,33,677750,9574250,0,2000,2022,10,2022-10,46,29.21,34.44,34.44,6.3753,23.57,6.4277,30.0,1,0.6367,1.0531,1
LJ500_R146_C034,146,34,678250,9574250,500,2000,2022,10,2022-10,46,30.51,37.27,37.27,6.3394,23.57,6.4296,30.0,1,0.6128,1.0359,1
LJ500_R146_C035,146,35,678750,9574250,1000,2000,2022,10,2022-10,46,30.52,37.29,37.29,6.347,23.57,6.4315,30.0,1,0.5065,0.9038,1
LJ500_R146_C036,146,36,679250,9574250,1500,2000,2022,10,2022-10,46,30.53,37.3,37.3,6.3545,23.57,6.4334,30.0,1,0.4882,0.8809,1
LJ500_R146_C037,146,37,679750,9574250,2000,2000,2022,10,2022-10,46,30.54,37.32,37.32,6.3621,23.56,6.4353,30.0,1,0.3899,0.7519,1
LJ500_R146_C038,146,38,680250,9574250,2500,2000,2022,10,2022-10,46,30.55,37.33,37.33,6.3697,23.56,6.4372,30.0,1,0.3998,0.7558,1
LJ500_R146_C039,146,39,680750,9574250,3000,2000,2022,10,2022-10,46,30.56,37.35,37.35,6.3773,23.56,6.4391,30.0,1,0.454,0.776,1
LJ500_R146_C040,146,40,681250,9574250,3500,2000,2022,10,2022-10,46,30.58,37.37,37.37,6.3849,23.56,6.441,30.0,1,0.5559,0.9185,1
LJ500_R146_C041,146,41,681750,9574250,4000,2000,2022,10,2022-10,46,30.59,37.38,37.38,6.3926,23.56,6.4429,30.0,1,0.7957,1.2537,1
LJ500_R146_C042,146,42,682250,9574250,4500,2000,2022,10,2022-10,46,30.6,37.4,37.4,6.4002,23.56,6.4448,30.0,1,0.8652,1.4737,1
LJ500_R147_C033,147,33,677750,9574750,0,2500,2022,10,2022-10,46,32.44,38.64,38.64,8.1678,23.0,7.0,30.0,1,0.7508,1.16,1
LJ500_R147_C034,147,34,678250,9574750,500,2500,2022,10,2022-10,46,33.78,41.97,41.97,8.6182,23.0,7.0,30.0,1,0.7523,1.16,1
LJ500_R147_C035,147,35,678750,9574750,1000,2500,2022,10,2022-10,46,33.78,41.97,41.97,8.6182,23.0,7.0,30.0,1,0.6021,0.9729,1
LJ500_R147_C036,147,36,679250,9574750,1500,2500,2022,10,2022-10,46,33.78,41.97,41.97,8.6182,23.0,7.0,30.0,1,0.5757,0.94,1
LJ500_R147_C037,147,37,679750,9574750,2000,2500,2022,10,2022-10,46,33.78,41.97,41.97,8.6182,23.0,7.0,30.0,1,0.4704,0.8001,1
LJ500_R147_C038,147,38,680250,9574750,2500,2500,2022,10,2022-10,46,33.78,41.97,41.97,8.6182,23.0,7.0,30.0,1,0.4561,0.7808,1
LJ500_R147_C039,147,39,680750,9574750,3000,2500,2022,10,2022-10,46,33.78,41.97,41.97,8.6182,23.0,7.0,30.0,1,0.374,0.67,1
LJ500_R147_C040,147,40,681250,9574750,3500,2500,2022,10,2022-10,46,33.78,41.97,41.97,8.6182,23.0,7.0,30.0,1,0.4881,0.8213,1
LJ500_R147_C041,147,41,681750,9574750,4000,2500,2022,10,2022-10,46,33.78,41.97,41.97,8.6182,23.0,7.0,30.0,1,0.7583,1.18,1
LJ500_R147_C042,147,42,682250,9574750,4500,2500,2022,10,2022-10,46,33.78,41.97,41.97,8.6182,23.0,7.0,30.0,1,0.847,1.4251,1
LJ500_R148_C033,148,33,677750,9575250,0,3000,2022,10,2022-10,46,32.43,38.62,38.62,8.1653,23.0,7.0,30.0,1,0.736,1.1569,1
LJ500_R148_C034,148,34,678250,9575250,500,3000,2022,10,2022-10,46,33.78,41.97,41.97,8.6182,23.0,7.0,30.0,1,0.7791,1.2032,1
LJ500_R148_C035,148,35,678750,9575250,1000,3000,2022,10,2022-10,46,33.78,41.97,41.97,8.6182,23.0,7.0,30.0,1,0.6359,1.0114,1
LJ500_R148_C036,148,36,679250,9575250,1500,3000,2022,10,2022-10,46,33.78,41.97,41.97,8.6182,23.0,7.0,30.0,1,0.6105,0.9773,1
LJ500_R148_C037,148,37,679750,9575250,2000,3000,2022,10,2022-10,46,33.78,41.97,41.97,8.6182,23.0,7.0,30.0,1,0.5364,0.8813,1
LJ500_R148_C038,148,38,680250,9575250,2500,3000,2022,10,2022-10,46,33.78,41.97,41.97,8.6182,23.0,7.0,30.0,1,0.5167,0.855,1
LJ500_R148_C039,148,39,680750,9575250,3000,3000,2022,10,2022-10,46,33.78,41.97,41.97,8.6182,23.0,7.0,30.0,1,0.4018,0.7013,1
LJ500_R148_C040,148,40,681250,9575250,3500,3000,2022,10,2022-10,46,33.78,41.97,41.97,8.6182,23.0,7.0,30.0,1,0.4602,0.7795,1
LJ500_R148_C041,148,41,681750,9575250,4000,3000,2022,10,2022-10,46,33.78,41.97,41.97,8.6182,23.0,7.0,30.0,1,0.5992,0.9656,1
LJ500_R148_C042,148,42,682250,9575250,4500,3000,2022,10,2022-10,46,33.78,41.97,41.97,8.6182,23.0,7.0,30.0,1,0.683,1.1191,1
LJ500_R149_C033,149,33,677750,9575750,0,3500,2022,10,2022-10,46,32.42,38.6,38.6,8.1627,23.0,7.0,30.0,1,0.7263,1.1544,1
LJ500_R149_C034,149,34,678250,9575750,500,3500,2022,10,2022-10,46,33.78,41.97,41.97,8.6182,23.0,7.0,30.0,1,0.7957,1.23,1
LJ500_R149_C035,149,35,678750,9575750,1000,3500,2022,10,2022-10,46,33.78,41.97,41.97,8.6182,23.0,7.0,30.0,1,0.6568,1.0353,1
LJ500_R149_C036,149,36,679250,9575750,1500,3500,2022,10,2022-10,46,33.78,41.97,41.97,8.6182,23.0,7.0,30.0,1,0.6317,1.0,1
LJ500_R149_C037,149,37,679750,9575750,2000,3500,2022,10,2022-10,46,33.78,41.97,41.97,8.6182,23.0,7.0,30.0,1,0.5763,0.9303,1
LJ500_R149_C038,149,38,680250,9575750,2500,3500,2022,10,2022-10,46,33.78,41.97,41.97,8.6182,23.0,7.0,30.0,1,0.5533,0.8997,1
LJ500_R149_C039,149,39,680750,9575750,3000,3500,2022,10,2022-10,46,33.78,41.97,41.97,8.6182,23.0,7.0,30.0,1,0.4183,0.72,1
LJ500_R149_C040,149,40,681250,9575750,3500,3500,2022,10,2022-10,46,33.78,41.97,41.97,8.6182,23.0,7.0,30.0,1,0.444,0.7552,1
LJ500_R149_C041,149,41,681750,9575750,4000,3500,2022,10,2022-10,46,33.78,41.97,41.97,8.6182,23.0,7.0,30.0,1,0.506,0.84,1
LJ500_R149_C042,149,42,682250,9575750,4500,3500,2022,10,2022-10,46,33.78,41.97,41.97,8.6182,23.0,7.0,30.0,1,0.5876,0.9416,1
LJ500_R150_C033,150,33,677750,9576250,0,4000,2022,10,2022-10,46,32.42,38.58,38.58,8.1601,23.0,7.0,30.0,1,0.7963,1.2578,1
LJ500_R150_C034,150,34,678250,9576250,500,4000,2022,10,2022-10,46,33.78,41.97,41.97,8.6182,23.0,7.0,30.0,1,0.8747,1.3694,1
LJ500_R150_C035,150,35,678750,9576250,1000,4000,2022,10,2022-10,46,33.78,41.97,41.97,8.6182,23.0,7.0,30.0,1,0.7059,1.1033,1
LJ500_R150_C036,150,36,679250,9576250,1500,4000,2022,10,2022-10,46,33.78,41.97,41.97,8.6182,23.0,7.0,30.0,1,0.675,1.0545,1
LJ500_R150_C037,150,37,679750,9576250,2000,4000,2022,10,2022-10,46,33.78,41.97,41.97,8.6182,23.0,7.0,30.0,1,0.7696,1.2098,1
LJ500_R150_C038,150,38,680250,9576250,2500,4000,2022,10,2022-10,46,33.78,41.97,41.97,8.6182,23.0,7.0,30.0,1,0.7551,1.1872,1
LJ500_R150_C039,150,39,680750,9576250,3000,4000,2022,10,2022-10,46,33.78,41.97,41.97,8.6182,23.0,7.0,30.0,1,0.6613,1.0414,1
LJ500_R150_C040,150,40,681250,9576250,3500,4000,2022,10,2022-10,46,33.78,41.97,41.97,8.6182,23.0,7.0,30.0,1,0.6159,0.981,1
LJ500_R150_C041,150,41,681750,9576250,4000,4000,2022,10,2022-10,46,33.78,41.97,41.97,8.6182,23.0,7.0,30.0,1,0.5039,0.8321,1
LJ500_R150_C042,150,42,682250,9576250,4500,4000,2022,10,2022-10,46,33.78,41.97,41.97,8.6182,23.0,7.0,30.0,1,0.5605,0.8985,1
LJ500_R151_C033,151,33,677750,9576750,0,4500,2022,10,2022-10,46,32.41,38.56,38.56,8.1576,23.0,7.0,30.0,1,0.8165,1.2876,1
LJ500_R151_C034,151,34,678250,9576750,500,4500,2022,10,2022-10,46,33.78,41.97,41.97,8.6182,23.0,7.0,30.0,1,0.8977,1.41,1
LJ500_R151_C035,151,35,678750,9576750,1000,4500,2022,10,2022-10,46,33.78,41.97,41.97,8.6182,23.0,7.0,30.0,1,0.7204,1.1235,1
LJ500_R151_C036,151,36,679250,9576750,1500,4500,2022,10,2022-10,46,33.78,41.97,41.97,8.6182,23.0,7.0,30.0,1,0.6873,1.07,1
LJ500_R151_C037,151,37,679750,9576750,2000,4500,2022,10,2022-10,46,33.78,41.97,41.97,8.6182,23.0,7.0,30.0,1,0.8238,1.2881,1
LJ500_R151_C038,151,38,680250,9576750,2500,4500,2022,10,2022-10,46,33.78,41.97,41.97,8.6182,23.0,7.0,30.0,1,0.8114,1.2675,1
LJ500_R151_C039,151,39,680750,9576750,3000,4500,2022,10,2022-10,46,33.78,41.97,41.97,8.6182,23.0,7.0,30.0,1,0.7283,1.13,1
LJ500_R151_C040,151,40,681250,9576750,3500,4500,2022,10,2022-10,46,33.78,41.97,41.97,8.6182,23.0,7.0,30.0,1,0.6633,1.0433,1
LJ500_R151_C041,151,41,681750,9576750,4000,4500,2022,10,2022-10,46,33.78,41.97,41.97,8.6182,23.0,7.0,30.0,1,0.5033,0.83,1
LJ500_R151_C042,151,42,682250,9576750,4500,4500,2022,10,2022-10,46,33.78,41.97,41.97,8.6182,23.0,7.0,30.0,1,0.5531,0.8869,1
LJ500_R142_C033,142,33,677750,9572250,0,0,2022,11,2022-11,47,37.59,64.4,68.94,8.4508,24.0,7.0,31.0,1,0.5195,0.9626,1
LJ500_R142_C034,142,34,678250,9572250,500,0,2022,11,2022-11,47,39.42,67.47,73.16,8.0586,24.0,7.0,31.0,1,0.5302,0.9524,1
LJ500_R142_C035,142,35,678750,9572250,1000,0,2022,11,2022-11,47,39.42,67.47,73.16,8.0586,24.0,7.0,31.0,1,0.3368,0.7519,1
LJ500_R142_C036,142,36,679250,9572250,1500,0,2022,11,2022-11,47,39.42,67.47,73.16,8.0586,24.0,7.0,31.0,1,0.3045,0.7174,1
LJ500_R142_C037,142,37,679750,9572250,2000,0,2022,11,2022-11,47,39.42,67.47,73.16,8.0586,24.0,7.0,31.0,1,0.2222,0.533,1
LJ500_R142_C038,142,38,680250,9572250,2500,0,2022,11,2022-11,47,39.42,67.47,73.16,8.0586,24.0,7.0,31.0,1,0.2674,0.5927,1
LJ500_R142_C039,142,39,680750,9572250,3000,0,2022,11,2022-11,47,39.42,67.47,73.16,8.0586,24.0,7.0,31.0,1,0.5087,0.9116,1
LJ500_R142_C040,142,40,681250,9572250,3500,0,2022,11,2022-11,47,39.42,67.47,73.16,8.0586,24.0,7.0,31.0,1,0.5624,1.0399,1
LJ500_R142_C041,142,41,681750,9572250,4000,0,2022,11,2022-11,47,39.42,67.47,73.16,8.0586,24.0,7.0,31.0,1,0.6842,1.3311,1
LJ500_R142_C042,142,42,682250,9572250,4500,0,2022,11,2022-11,47,39.42,67.47,73.16,8.0586,24.0,7.0,31.0,1,0.6845,1.3407,1
LJ500_R143_C033,143,33,677750,9572750,0,500,2022,11,2022-11,47,37.58,64.38,68.91,8.4531,24.0,7.0,31.0,1,0.4475,0.9024,1
LJ500_R143_C034,143,34,678250,9572750,500,500,2022,11,2022-11,47,39.42,67.47,73.16,8.0586,24.0,7.0,31.0,1,0.3919,0.85,1
LJ500_R143_C035,143,35,678750,9572750,1000,500,2022,11,2022-11,47,39.42,67.47,73.16,8.0586,24.0,7.0,31.0,1,0.266,0.6355,1
LJ500_R143_C036,143,36,679250,9572750,1500,500,2022,11,2022-11,47,39.42,67.47,73.16,8.0586,24.0,7.0,31.0,1,0.2451,0.5997,1
LJ500_R143_C037,143,37,679750,9572750,2000,500,2022,11,2022-11,47,39.42,67.47,73.16,8.0586,24.0,7.0,31.0,1,0.2329,0.55,1
LJ500_R143_C038,143,38,680250,9572750,2500,500,2022,11,2022-11,47,39.42,67.47,73.16,8.0586,24.0,7.0,31.0,1,0.2766,0.6076,1
LJ500_R143_C039,143,39,680750,9572750,3000,500,2022,11,2022-11,47,39.42,67.47,73.16,8.0586,24.0,7.0,31.0,1,0.5139,0.92,1
LJ500_R143_C040,143,40,681250,9572750,3500,500,2022,11,2022-11,47,39.42,67.47,73.16,8.0586,24.0,7.0,31.0,1,0.5993,1.127,1
LJ500_R143_C041,143,41,681750,9572750,4000,500,2022,11,2022-11,47,39.42,67.47,73.16,8.0586,24.0,7.0,31.0,1,0.7945,1.6,1
LJ500_R143_C042,143,42,682250,9572750,4500,500,2022,11,2022-11,47,39.42,67.47,73.16,8.0586,24.0,7.0,31.0,1,0.7966,1.6317,1
LJ500_R144_C033,144,33,677750,9573250,0,1000,2022,11,2022-11,47,37.57,64.37,68.89,8.4554,24.0,7.0,31.0,1,0.4293,0.882,1
LJ500_R144_C034,144,34,678250,9573250,500,1000,2022,11,2022-11,47,39.42,67.47,73.16,8.0586,24.0,7.0,31.0,1,0.3789,0.8318,1
LJ500_R144_C035,144,35,678750,9573250,1000,1000,2022,11,2022-11,47,39.42,67.47,73.16,8.0586,24.0,7.0,31.0,1,0.2775,0.6543,1
LJ500_R144_C036,144,36,679250,9573250,1500,1000,2022,11,2022-11,47,39.42,67.47,73.16,8.0586,24.0,7.0,31.0,1,0.2604,0.6242,1
LJ500_R144_C037,144,37,679750,9573250,2000,1000,2022,11,2022-11,47,39.42,67.47,73.16,8.0586,24.0,7.0,31.0,1,0.2357,0.5531,1
LJ500_R144_C038,144,38,680250,9573250,2500,1000,2022,11,2022-11,47,39.42,67.47,73.16,8.0586,24.0,7.0,31.0,1,0.272,0.5985,1
LJ500_R144_C039,144,39,680750,9573250,3000,1000,2022,11,2022-11,47,39.42,67.47,73.16,8.0586,24.0,7.0,31.0,1,0.4714,0.848,1
LJ500_R144_C040,144,40,681250,9573250,3500,1000,2022,11,2022-11,47,39.42,67.47,73.16,8.0586,24.0,7.0,31.0,1,0.5572,1.0447,1
LJ500_R144_C041,144,41,681750,9573250,4000,1000,2022,11,2022-11,47,39.42,67.47,73.16,8.0586,24.0,7.0,31.0,1,0.7555,1.4987,1
LJ500_R144_C042,144,42,682250,9573250,4500,1000,2022,11,2022-11,47,39.42,67.47,73.16,8.0586,24.0,7.0,31.0,1,0.7763,1.5843,1
LJ500_R145_C033,145,33,677750,9573750,0,1500,2022,11,2022-11,47,37.56,64.35,68.86,8.4577,24.0,7.0,31.0,1,0.3865,0.8342,1
LJ500_R145_C034,145,34,678250,9573750,500,1500,2022,11,2022-11,47,39.42,67.47,73.16,8.0586,24.0,7.0,31.0,1,0.349,0.79,1
LJ500_R145_C035,145,35,678750,9573750,1000,1500,2022,11,2022-11,47,39.42,67.47,73.16,8.0586,24.0,7.0,31.0,1,0.303,0.6961,1
LJ500_R145_C036,145,36,679250,9573750,1500,1500,2022,11,2022-11,47,39.42,67.47,73.16,8.0586,24.0,7.0,31.0,1,0.295,0.6796,1
LJ500_R145_C037,145,37,679750,9573750,2000,1500,2022,11,2022-11,47,39.42,67.47,73.16,8.0586,24.0,7.0,31.0,1,0.2419,0.56,1
LJ500_R145_C038,145,38,680250,9573750,2500,1500,2022,11,2022-11,47,39.42,67.47,73.16,8.0586,24.0,7.0,31.0,1,0.2626,0.5797,1
LJ500_R145_C039,145,39,680750,9573750,3000,1500,2022,11,2022-11,47,39.42,67.47,73.16,8.0586,24.0,7.0,31.0,1,0.3781,0.69,1
LJ500_R145_C040,145,40,681250,9573750,3500,1500,2022,11,2022-11,47,39.42,67.47,73.16,8.0586,24.0,7.0,31.0,1,0.4662,0.8673,1
LJ500_R145_C041,145,41,681750,9573750,4000,1500,2022,11,2022-11,47,39.42,67.47,73.16,8.0586,24.0,7.0,31.0,1,0.6713,1.28,1
LJ500_R145_C042,145,42,682250,9573750,4500,1500,2022,11,2022-11,47,39.42,67.47,73.16,8.0586,24.0,7.0,31.0,1,0.7326,1.4822,1
LJ500_R146_C033,146,33,677750,9574250,0,2000,2022,11,2022-11,47,36.94,66.15,71.38,8.5712,23.71,7.2876,31.0,1,0.4737,0.9058,1
LJ500_R146_C034,146,34,678250,9574250,500,2000,2022,11,2022-11,47,38.76,69.27,76.03,8.2612,23.57,7.4296,31.0,1,0.4551,0.8821,1
LJ500_R146_C035,146,35,678750,9574250,1000,2000,2022,11,2022-11,47,38.75,69.27,76.04,8.2621,23.57,7.4315,31.0,1,0.3677,0.7572,1
LJ500_R146_C036,146,36,679250,9574250,1500,2000,2022,11,2022-11,47,38.75,69.28,76.05,8.263,23.57,7.4334,31.0,1,0.3526,0.7356,1
LJ500_R146_C037,146,37,679750,9574250,2000,2000,2022,11,2022-11,47,38.75,69.29,76.07,8.2639,23.56,7.4353,31.0,1,0.2842,0.6159,1
LJ500_R146_C038,146,38,680250,9574250,2500,2000,2022,11,2022-11,47,38.74,69.3,76.08,8.2648,23.56,7.4372,31.0,1,0.2903,0.6181,1
LJ500_R146_C039,146,39,680750,9574250,3000,2000,2022,11,2022-11,47,38.74,69.31,76.09,8.2657,23.56,7.4391,31.0,1,0.3238,0.6289,1
LJ500_R146_C040,146,40,681250,9574250,3500,2000,2022,11,2022-11,47,38.74,69.31,76.1,8.2666,23.56,7.441,31.0,1,0.4176,0.8007,1
LJ500_R146_C041,146,41,681750,9574250,4000,2000,2022,11,2022-11,47,38.74,69.32,76.12,8.2675,23.56,7.4429,31.0,1,0.6381,1.2042,1
LJ500_R146_C042,146,42,682250,9574250,4500,2000,2022,11,2022-11,47,38.73,69.33,76.13,8.2684,23.56,7.4448,31.0,1,0.7162,1.4393,1
LJ500_R147_C033,147,33,677750,9574750,0,2500,2022,11,2022-11,47,36.12,68.56,74.76,8.7211,23.33,7.6705,31.0,1,0.5765,0.99,1
LJ500_R147_C034,147,34,678250,9574750,500,2500,2022,11,2022-11,47,37.87,71.65,79.84,8.5304,23.0,8.0,31.0,1,0.5794,0.99,1
LJ500_R147_C035,147,35,678750,9574750,1000,2500,2022,11,2022-11,47,37.87,71.65,79.84,8.5304,23.0,8.0,31.0,1,0.443,0.8284,1
LJ500_R147_C036,147,36,679250,9574750,1500,2500,2022,11,2022-11,47,37.87,71.65,79.84,8.5304,23.0,8.0,31.0,1,0.419,0.8,1
LJ500_R147_C037,147,37,679750,9574750,2000,2500,2022,11,2022-11,47,37.87,71.65,79.84,8.5304,23.0,8.0,31.0,1,0.3327,0.6801,1
LJ500_R147_C038,147,38,680250,9574750,2500,2500,2022,11,2022-11,47,37.87,71.65,79.84,8.5304,23.0,8.0,31.0,1,0.3222,0.6622,1
LJ500_R147_C039,147,39,680750,9574750,3000,2500,2022,11,2022-11,47,37.87,71.65,79.84,8.5304,23.0,8.0,31.0,1,0.2626,0.56,1
LJ500_R147_C040,147,40,681250,9574750,3500,2500,2022,11,2022-11,47,37.87,71.65,79.84,8.5304,23.0,8.0,31.0,1,0.3631,0.7262,1
LJ500_R147_C041,147,41,681750,9574750,4000,2500,2022,11,2022-11,47,37.87,71.65,79.84,8.5304,23.0,8.0,31.0,1,0.6013,1.12,1
LJ500_R147_C042,147,42,682250,9574750,4500,2500,2022,11,2022-11,47,37.87,71.65,79.84,8.5304,23.0,8.0,31.0,1,0.6979,1.3918,1
LJ500_R148_C033,148,33,677750,9575250,0,3000,2022,11,2022-11,47,36.11,68.54,74.73,8.7221,23.33,7.6687,31.0,1,0.566,1.0047,1
LJ500_R148_C034,148,34,678250,9575250,500,3000,2022,11,2022-11,47,37.87,71.65,79.84,8.5304,23.0,8.0,31.0,1,0.6066,1.0456,1
LJ500_R148_C035,148,35,678750,9575250,1000,3000,2022,11,2022-11,47,37.87,71.65,79.84,8.5304,23.0,8.0,31.0,1,0.4748,0.8478,1
LJ500_R148_C036,148,36,679250,9575250,1500,3000,2022,11,2022-11,47,37.87,71.65,79.84,8.5304,23.0,8.0,31.0,1,0.4513,0.8124,1
LJ500_R148_C037,148,37,679750,9575250,2000,3000,2022,11,2022-11,47,37.87,71.65,79.84,8.5304,23.0,8.0,31.0,1,0.3894,0.7238,1
LJ500_R148_C038,148,38,680250,9575250,2500,3000,2022,11,2022-11,47,37.87,71.65,79.84,8.5304,23.0,8.0,31.0,1,0.3739,0.7035,1
LJ500_R148_C039,148,39,680750,9575250,3000,3000,2022,11,2022-11,47,37.87,71.65,79.84,8.5304,23.0,8.0,31.0,1,0.2828,0.5851,1
LJ500_R148_C040,148,40,681250,9575250,3500,3000,2022,11,2022-11,47,37.87,71.65,79.84,8.5304,23.0,8.0,31.0,1,0.3337,0.6557,1
LJ500_R148_C041,148,41,681750,9575250,4000,3000,2022,11,2022-11,47,37.87,71.65,79.84,8.5304,23.0,8.0,31.0,1,0.4548,0.8236,1
LJ500_R148_C042,148,42,682250,9575250,4500,3000,2022,11,2022-11,47,37.87,71.65,79.84,8.5304,23.0,8.0,31.0,1,0.5383,1.0231,1
LJ500_R149_C033,149,33,677750,9575750,0,3500,2022,11,2022-11,47,36.1,68.52,74.7,8.7232,23.33,7.6668,31.0,1,0.5591,1.0135,1
LJ500_R149_C034,149,34,678250,9575750,500,3500,2022,11,2022-11,47,37.87,71.65,79.84,8.5304,23.0,8.0,31.0,1,0.6235,1.08,1
LJ500_R149_C035,149,35,678750,9575750,1000,3500,2022,11,2022-11,47,37.87,71.65,79.84,8.5304,23.0,8.0,31.0,1,0.4944,0.8599,1
LJ500_R149_C036,149,36,679250,9575750,1500,3500,2022,11,2022-11,47,37.87,71.65,79.84,8.5304,23.0,8.0,31.0,1,0.471,0.82,1
LJ500_R149_C037,149,37,679750,9575750,2000,3500,2022,11,2022-11,47,37.87,71.65,79.84,8.5304,23.0,8.0,31.0,1,0.4238,0.7503,1
LJ500_R149_C038,149,38,680250,9575750,2500,3500,2022,11,2022-11,47,37.87,71.65,79.84,8.5304,23.0,8.0,31.0,1,0.405,0.7284,1
LJ500_R149_C039,149,39,680750,9575750,3000,3500,2022,11,2022-11,47,37.87,71.65,79.84,8.5304,23.0,8.0,31.0,1,0.2948,0.6,1
LJ500_R149_C040,149,40,681250,9575750,3500,3500,2022,11,2022-11,47,37.87,71.65,79.84,8.5304,23.0,8.0,31.0,1,0.3166,0.6146,1
LJ500_R149_C041,149,41,681750,9575750,4000,3500,2022,11,2022-11,47,37.87,71.65,79.84,8.5304,23.0,8.0,31.0,1,0.369,0.65,1
LJ500_R149_C042,149,42,682250,9575750,4500,3500,2022,11,2022-11,47,37.87,71.65,79.84,8.5304,23.0,8.0,31.0,1,0.4456,0.809,1
LJ500_R150_C033,150,33,677750,9576250,0,4000,2022,11,2022-11,47,36.09,68.51,74.67,8.7243,23.34,7.6649,31.0,1,0.628,1.1438,1
LJ500_R150_C034,150,34,678250,9576250,500,4000,2022,11,2022-11,47,37.87,71.65,79.84,8.5304,23.0,8.0,31.0,1,0.704,1.2581,1
LJ500_R150_C035,150,35,678750,9576250,1000,4000,2022,11,2022-11,47,37.87,71.65,79.84,8.5304,23.0,8.0,31.0,1,0.5432,0.9406,1
LJ500_R150_C036,150,36,679250,9576250,1500,4000,2022,11,2022-11,47,37.87,71.65,79.84,8.5304,23.0,8.0,31.0,1,0.5136,0.8823,1
LJ500_R150_C037,150,37,679750,9576250,2000,4000,2022,11,2022-11,47,37.87,71.65,79.84,8.5304,23.0,8.0,31.0,1,0.6099,1.1073,1
LJ500_R150_C038,150,38,680250,9576250,2500,4000,2022,11,2022-11,47,37.87,71.65,79.84,8.5304,23.0,8.0,31.0,1,0.597,1.085,1
LJ500_R150_C039,150,39,680750,9576250,3000,4000,2022,11,2022-11,47,37.87,71.65,79.84,8.5304,23.0,8.0,31.0,1,0.5131,0.9371,1
LJ500_R150_C040,150,40,681250,9576250,3500,4000,2022,11,2022-11,47,37.87,71.65,79.84,8.5304,23.0,8.0,31.0,1,0.4714,0.8541,1
LJ500_R150_C041,150,41,681750,9576250,4000,4000,2022,11,2022-11,47,37.87,71.65,79.84,8.5304,23.0,8.0,31.0,1,0.3688,0.65,1
LJ500_R150_C042,150,42,682250,9576250,4500,4000,2022,11,2022-11,47,37.87,71.65,79.84,8.5304,23.0,8.0,31.0,1,0.421,0.7562,1
LJ500_R151_C033,151,33,677750,9576750,0,4500,2022,11,2022-11,47,36.08,68.49,74.64,8.7254,23.34,7.663,31.0,1,0.648,1.1815,1
LJ500_R151_C034,151,34,678250,9576750,500,4500,2022,11,2022-11,47,37.87,71.65,79.84,8.5304,23.0,8.0,31.0,1,0.7274,1.31,1
LJ500_R151_C035,151,35,678750,9576750,1000,4500,2022,11,2022-11,47,37.87,71.65,79.84,8.5304,23.0,8.0,31.0,1,0.5575,0.9645,1
LJ500_R151_C036,151,36,679250,9576750,1500,4500,2022,11,2022-11,47,37.87,71.65,79.84,8.5304,23.0,8.0,31.0,1,0.5258,0.9,1
LJ500_R151_C037,151,37,679750,9576750,2000,4500,2022,11,2022-11,47,37.87,71.65,79.84,8.5304,23.0,8.0,31.0,1,0.6621,1.2074,1
LJ500_R151_C038,151,38,680250,9576750,2500,4500,2022,11,2022-11,47,37.87,71.65,79.84,8.5304,23.0,8.0,31.0,1,0.6506,1.1847,1
LJ500_R151_C039,151,39,680750,9576750,3000,4500,2022,11,2022-11,47,37.87,71.65,79.84,8.5304,23.0,8.0,31.0,1,0.5732,1.03,1
LJ500_R151_C040,151,40,681250,9576750,3500,4500,2022,11,2022-11,47,37.87,71.65,79.84,8.5304,23.0,8.0,31.0,1,0.5141,0.9201,1
LJ500_R151_C041,151,41,681750,9576750,4000,4500,2022,11,2022-11,47,37.87,71.65,79.84,8.5304,23.0,8.0,31.0,1,0.3687,0.65,1
LJ500_R151_C042,151,42,682250,9576750,4500,4500,2022,11,2022-11,47,37.87,71.65,79.84,8.5304,23.0,8.0,31.0,1,0.4143,0.742,1
LJ500_R142_C033,142,33,677750,9572250,0,0,2022,12,2022-12,48,18.1,55.69,82.51,10.37,28.0,2.0,30.0,1,0.3472,0.8277,1
LJ500_R142_C034,142,34,678250,9572250,500,0,2022,12,2022-12,48,17.57,57.0,85.05,10.0,28.0,2.0,30.0,1,0.3577,0.8573,1
LJ500_R142_C035,142,35,678750,9572250,1000,0,2022,12,2022-12,48,17.57,57.0,85.05,10.0,28.0,2.0,30.0,1,0.2151,0.5392,1
LJ500_R142_C036,142,36,679250,9572250,1500,0,2022,12,2022-12,48,17.57,57.0,85.05,10.0,28.0,2.0,30.0,1,0.1917,0.4877,1
LJ500_R142_C037,142,37,679750,9572250,2000,0,2022,12,2022-12,48,17.57,57.0,85.05,10.0,28.0,2.0,30.0,1,0.1761,0.507,1
LJ500_R142_C038,142,38,680250,9572250,2500,0,2022,12,2022-12,48,17.57,57.0,85.05,10.0,28.0,2.0,30.0,1,0.2021,0.5641,1
LJ500_R142_C039,142,39,680750,9572250,3000,0,2022,12,2022-12,48,17.57,57.0,85.05,10.0,28.0,2.0,30.0,1,0.3412,0.87,1
LJ500_R142_C040,142,40,681250,9572250,3500,0,2022,12,2022-12,48,17.57,57.0,85.05,10.0,28.0,2.0,30.0,1,0.3928,1.0037,1
LJ500_R142_C041,142,41,681750,9572250,4000,0,2022,12,2022-12,48,17.57,57.0,85.05,10.0,28.0,2.0,30.0,1,0.5097,1.3071,1
LJ500_R142_C042,142,42,682250,9572250,4500,0,2022,12,2022-12,48,17.57,57.0,85.05,10.0,28.0,2.0,30.0,1,0.5107,1.3235,1
LJ500_R143_C033,143,33,677750,9572750,0,500,2022,12,2022-12,48,18.11,55.69,82.49,10.37,28.0,2.0,30.0,1,0.2912,0.6664,1
LJ500_R143_C034,143,34,678250,9572750,500,500,2022,12,2022-12,48,17.57,57.0,85.05,10.0,28.0,2.0,30.0,1,0.243,0.55,1
LJ500_R143_C035,143,35,678750,9572750,1000,500,2022,12,2022-12,48,17.57,57.0,85.05,10.0,28.0,2.0,30.0,1,0.1921,0.5328,1
LJ500_R143_C036,143,36,679250,9572750,1500,500,2022,12,2022-12,48,17.57,57.0,85.05,10.0,28.0,2.0,30.0,1,0.1836,0.5297,1
LJ500_R143_C037,143,37,679750,9572750,2000,500,2022,12,2022-12,48,17.57,57.0,85.05,10.0,28.0,2.0,30.0,1,0.175,0.49,1
LJ500_R143_C038,143,38,680250,9572750,2500,500,2022,12,2022-12,48,17.57,57.0,85.05,10.0,28.0,2.0,30.0,1,0.2019,0.5491,1
LJ500_R143_C039,143,39,680750,9572750,3000,500,2022,12,2022-12,48,17.57,57.0,85.05,10.0,28.0,2.0,30.0,1,0.348,0.87,1
LJ500_R143_C040,143,40,681250,9572750,3500,500,2022,12,2022-12,48,17.57,57.0,85.05,10.0,28.0,2.0,30.0,1,0.4454,1.1105,1
LJ500_R143_C041,143,41,681750,9572750,4000,500,2022,12,2022-12,48,17.57,57.0,85.05,10.0,28.0,2.0,30.0,1,0.668,1.66,1
LJ500_R143_C042,143,42,682250,9572750,4500,500,2022,12,2022-12,48,17.57,57.0,85.05,10.0,28.0,2.0,30.0,1,0.6956,1.7325,1
LJ500_R144_C033,144,33,677750,9573250,0,1000,2022,12,2022-12,48,18.11,55.68,82.48,10.37,28.0,2.0,30.0,1,0.2772,0.6366,1
LJ500_R144_C034,144,34,678250,9573250,500,1000,2022,12,2022-12,48,17.57,57.0,85.05,10.0,28.0,2.0,30.0,1,0.2348,0.5379,1
LJ500_R144_C035,144,35,678750,9573250,1000,1000,2022,12,2022-12,48,17.57,57.0,85.05,10.0,28.0,2.0,30.0,1,0.191,0.5207,1
LJ500_R144_C036,144,36,679250,9573250,1500,1000,2022,12,2022-12,48,17.57,57.0,85.05,10.0,28.0,2.0,30.0,1,0.1836,0.5175,1
LJ500_R144_C037,144,37,679750,9573250,2000,1000,2022,12,2022-12,48,17.57,57.0,85.05,10.0,28.0,2.0,30.0,1,0.1741,0.4838,1
LJ500_R144_C038,144,38,680250,9573250,2500,1000,2022,12,2022-12,48,17.57,57.0,85.05,10.0,28.0,2.0,30.0,1,0.1957,0.5288,1
LJ500_R144_C039,144,39,680750,9573250,3000,1000,2022,12,2022-12,48,17.57,57.0,85.05,10.0,28.0,2.0,30.0,1,0.3145,0.7761,1
LJ500_R144_C040,144,40,681250,9573250,3500,1000,2022,12,2022-12,48,17.57,57.0,85.05,10.0,28.0,2.0,30.0,1,0.4047,1.0031,1
LJ500_R144_C041,144,41,681750,9573250,4000,1000,2022,12,2022-12,48,17.57,57.0,85.05,10.0,28.0,2.0,30.0,1,0.6127,1.527,1
LJ500_R144_C042,144,42,682250,9573250,4500,1000,2022,12,2022-12,48,17.57,57.0,85.05,10.0,28.0,2.0,30.0,1,0.6775,1.6818,1
LJ500_R145_C033,145,33,677750,9573750,0,1500,2022,12,2022-12,48,18.11,55.67,82.46,10.37,28.0,2.0,30.0,1,0.2442,0.566,1
LJ500_R145_C034,145,34,678250,9573750,500,1500,2022,12,2022-12,48,17.57,57.0,85.05,10.0,28.0,2.0,30.0,1,0.216,0.51,1
LJ500_R145_C035,145,35,678750,9573750,1000,1500,2022,12,2022-12,48,17.57,57.0,85.05,10.0,28.0,2.0,30.0,1,0.1884,0.4929,1
LJ500_R145_C036,145,36,679250,9573750,1500,1500,2022,12,2022-12,48,17.57,57.0,85.05,10.0,28.0,2.0,30.0,1,0.1836,0.4899,1
LJ500_R145_C037,145,37,679750,9573750,2000,1500,2022,12,2022-12,48,17.57,57.0,85.05,10.0,28.0,2.0,30.0,1,0.172,0.47,1
LJ500_R145_C038,145,38,680250,9573750,2500,1500,2022,12,2022-12,48,17.57,57.0,85.05,10.0,28.0,2.0,30.0,1,0.1825,0.4852,1
LJ500_R145_C039,145,39,680750,9573750,3000,1500,2022,12,2022-12,48,17.57,57.0,85.05,10.0,28.0,2.0,30.0,1,0.241,0.57,1
LJ500_R145_C040,145,40,681250,9573750,3500,1500,2022,12,2022-12,48,17.57,57.0,85.05,10.0,28.0,2.0,30.0,1,0.3168,0.7714,1
LJ500_R145_C041,145,41,681750,9573750,4000,1500,2022,12,2022-12,48,17.57,57.0,85.05,10.0,28.0,2.0,30.0,1,0.4933,1.24,1
LJ500_R145_C042,145,42,682250,9573750,4500,1500,2022,12,2022-12,48,17.57,57.0,85.05,10.0,28.0,2.0,30.0,1,0.6383,1.5726,1
LJ500_R146_C033,146,33,677750,9574250,0,2000,2022,12,2022-12,48,19.02,55.97,85.17,11.06,28.0,2.0,30.0,1,0.3197,0.7322,1
LJ500_R146_C034,146,34,678250,9574250,500,2000,2022,12,2022-12,48,18.77,57.53,88.04,10.76,28.0,2.0,30.0,1,0.3062,0.708,1
LJ500_R146_C035,146,35,678750,9574250,1000,2000,2022,12,2022-12,48,18.78,57.53,88.05,10.77,28.0,2.0,30.0,1,0.2361,0.5696,1
LJ500_R146_C036,146,36,679250,9574250,1500,2000,2022,12,2022-12,48,18.78,57.53,88.07,10.77,28.0,2.0,30.0,1,0.224,0.5457,1
LJ500_R146_C037,146,37,679750,9574250,2000,2000,2022,12,2022-12,48,18.79,57.54,88.08,10.77,28.0,2.0,30.0,1,0.19,0.484,1
LJ500_R146_C038,146,38,680250,9574250,2500,2000,2022,12,2022-12,48,18.79,57.54,88.09,10.78,28.0,2.0,30.0,1,0.193,0.4878,1
LJ500_R146_C039,146,39,680750,9574250,3000,2000,2022,12,2022-12,48,18.8,57.54,88.1,10.78,28.0,2.0,30.0,1,0.2092,0.5089,1
LJ500_R146_C040,146,40,681250,9574250,3500,2000,2022,12,2022-12,48,18.8,57.54,88.12,10.78,28.0,2.0,30.0,1,0.2851,0.7017,1
LJ500_R146_C041,146,41,681750,9574250,4000,2000,2022,12,2022-12,48,18.81,57.55,88.13,10.79,28.0,2.0,30.0,1,0.4636,1.1547,1
LJ500_R146_C042,146,42,682250,9574250,4500,2000,2022,12,2022-12,48,18.82,57.55,88.14,10.79,28.0,2.0,30.0,1,0.611,1.5047,1
LJ500_R147_C033,147,33,677750,9574750,0,2500,2022,12,2022-12,48,20.24,56.36,88.8,11.97,28.0,2.0,30.0,1,0.4087,0.9281,1
LJ500_R147_C034,147,34,678250,9574750,500,2500,2022,12,2022-12,48,20.36,58.23,92.01,11.77,28.0,2.0,30.0,1,0.412,0.94,1
LJ500_R147_C035,147,35,678750,9574750,1000,2500,2022,12,2022-12,48,20.36,58.23,92.01,11.77,28.0,2.0,30.0,1,0.2918,0.6594,1
LJ500_R147_C036,147,36,679250,9574750,1500,2500,2022,12,2022-12,48,20.36,58.23,92.01,11.77,28.0,2.0,30.0,1,0.2707,0.61,1
LJ500_R147_C037,147,37,679750,9574750,2000,2500,2022,12,2022-12,48,20.36,58.23,92.01,11.77,28.0,2.0,30.0,1,0.2107,0.5001,1
LJ500_R147_C038,147,38,680250,9574750,2500,2500,2022,12,2022-12,48,20.36,58.23,92.01,11.77,28.0,2.0,30.0,1,0.2051,0.4911,1
LJ500_R147_C039,147,39,680750,9574750,3000,2500,2022,12,2022-12,48,20.36,58.23,92.01,11.77,28.0,2.0,30.0,1,0.1733,0.44,1
LJ500_R147_C040,147,40,681250,9574750,3500,2500,2022,12,2022-12,48,20.36,58.23,92.01,11.77,28.0,2.0,30.0,1,0.2497,0.624,1
LJ500_R147_C041,147,41,681750,9574750,4000,2500,2022,12,2022-12,48,20.36,58.23,92.01,11.77,28.0,2.0,30.0,1,0.4307,1.06,1
LJ500_R147_C042,147,42,682250,9574750,4500,2500,2022,12,2022-12,48,20.36,58.23,92.01,11.77,28.0,2.0,30.0,1,0.5808,1.4298,1
LJ500_R148_C033,148,33,677750,9575250,0,3000,2022,12,2022-12,48,20.24,56.35,88.78,11.97,28.0,2.0,30.0,1,0.4039,0.902,1
LJ500_R148_C034,148,34,678250,9575250,500,3000,2022,12,2022-12,48,20.36,58.23,92.01,11.77,28.0,2.0,30.0,1,0.4423,0.9956,1
LJ500_R148_C035,148,35,678750,9575250,1000,3000,2022,12,2022-12,48,20.36,58.23,92.01,11.77,28.0,2.0,30.0,1,0.3202,0.721,1
LJ500_R148_C036,148,36,679250,9575250,1500,3000,2022,12,2022-12,48,20.36,58.23,92.01,11.77,28.0,2.0,30.0,1,0.2984,0.6721,1
LJ500_R148_C037,148,37,679750,9575250,2000,3000,2022,12,2022-12,48,20.36,58.23,92.01,11.77,28.0,2.0,30.0,1,0.2536,0.5812,1
LJ500_R148_C038,148,38,680250,9575250,2500,3000,2022,12,2022-12,48,20.36,58.23,92.01,11.77,28.0,2.0,30.0,1,0.2437,0.5643,1
LJ500_R148_C039,148,39,680750,9575250,3000,3000,2022,12,2022-12,48,20.36,58.23,92.01,11.77,28.0,2.0,30.0,1,0.1857,0.4651,1
LJ500_R148_C040,148,40,681250,9575250,3500,3000,2022,12,2022-12,48,20.36,58.23,92.01,11.77,28.0,2.0,30.0,1,0.223,0.5479,1
LJ500_R148_C041,148,41,681750,9575250,4000,3000,2022,12,2022-12,48,20.36,58.23,92.01,11.77,28.0,2.0,30.0,1,0.3117,0.7447,1
LJ500_R148_C042,148,42,682250,9575250,4500,3000,2022,12,2022-12,48,20.36,58.23,92.01,11.77,28.0,2.0,30.0,1,0.4052,0.9828,1
LJ500_R149_C033,149,33,677750,9575750,0,3500,2022,12,2022-12,48,20.24,56.34,88.76,11.97,28.0,2.0,30.0,1,0.4005,0.8849,1
LJ500_R149_C034,149,34,678250,9575750,500,3500,2022,12,2022-12,48,20.36,58.23,92.01,11.77,28.0,2.0,30.0,1,0.461,1.03,1
LJ500_R149_C035,149,35,678750,9575750,1000,3500,2022,12,2022-12,48,20.36,58.23,92.01,11.77,28.0,2.0,30.0,1,0.3377,0.7591,1
LJ500_R149_C036,149,36,679250,9575750,1500,3500,2022,12,2022-12,48,20.36,58.23,92.01,11.77,28.0,2.0,30.0,1,0.3153,0.71,1
LJ500_R149_C037,149,37,679750,9575750,2000,3500,2022,12,2022-12,48,20.36,58.23,92.01,11.77,28.0,2.0,30.0,1,0.2795,0.6304,1
LJ500_R149_C038,149,38,680250,9575750,2500,3500,2022,12,2022-12,48,20.36,58.23,92.01,11.77,28.0,2.0,30.0,1,0.2669,0.6084,1
LJ500_R149_C039,149,39,680750,9575750,3000,3500,2022,12,2022-12,48,20.36,58.23,92.01,11.77,28.0,2.0,30.0,1,0.193,0.48,1
LJ500_R149_C040,149,40,681250,9575750,3500,3500,2022,12,2022-12,48,20.36,58.23,92.01,11.77,28.0,2.0,30.0,1,0.2074,0.5034,1
LJ500_R149_C041,149,41,681750,9575750,4000,3500,2022,12,2022-12,48,20.36,58.23,92.01,11.77,28.0,2.0,30.0,1,0.242,0.56,1
LJ500_R149_C042,149,42,682250,9575750,4500,3500,2022,12,2022-12,48,20.36,58.23,92.01,11.77,28.0,2.0,30.0,1,0.3033,0.7234,1
LJ500_R150_C033,150,33,677750,9576250,0,4000,2022,12,2022-12,48,20.24,56.33,88.75,11.97,28.0,2.0,30.0,1,0.477,1.0496,1
LJ500_R150_C034,150,34,678250,9576250,500,4000,2022,12,2022-12,48,20.36,58.23,92.01,11.77,28.0,2.0,30.0,1,0.5542,1.2314,1
LJ500_R150_C035,150,35,678750,9576250,1000,4000,2022,12,2022-12,48,20.36,58.23,92.01,11.77,28.0,2.0,30.0,1,0.3888,0.8632,1
LJ500_R150_C036,150,36,679250,9576250,1500,4000,2022,12,2022-12,48,20.36,58.23,92.01,11.77,28.0,2.0,30.0,1,0.3584,0.7956,1
LJ500_R150_C037,150,37,679750,9576250,2000,4000,2022,12,2022-12,48,20.36,58.23,92.01,11.77,28.0,2.0,30.0,1,0.4534,1.034,1
LJ500_R150_C038,150,38,680250,9576250,2500,4000,2022,12,2022-12,48,20.36,58.23,92.01,11.77,28.0,2.0,30.0,1,0.4421,1.0108,1
LJ500_R150_C039,150,39,680750,9576250,3000,4000,2022,12,2022-12,48,20.36,58.23,92.01,11.77,28.0,2.0,30.0,1,0.3678,0.8563,1
LJ500_R150_C040,150,40,681250,9576250,3500,4000,2022,12,2022-12,48,20.36,58.23,92.01,11.77,28.0,2.0,30.0,1,0.3324,0.7684,1
LJ500_R150_C041,150,41,681750,9576250,4000,4000,2022,12,2022-12,48,20.36,58.23,92.01,11.77,28.0,2.0,30.0,1,0.2452,0.5521,1
LJ500_R150_C042,150,42,682250,9576250,4500,4000,2022,12,2022-12,48,20.36,58.23,92.01,11.77,28.0,2.0,30.0,1,0.287,0.6662,1
LJ500_R151_C033,151,33,677750,9576750,0,4500,2022,12,2022-12,48,20.24,56.32,88.73,11.97,28.0,2.0,30.0,1,0.4991,1.0972,1
LJ500_R151_C034,151,34,678250,9576750,500,4500,2022,12,2022-12,48,20.36,58.23,92.01,11.77,28.0,2.0,30.0,1,0.5813,1.29,1
LJ500_R151_C035,151,35,678750,9576750,1000,4500,2022,12,2022-12,48,20.36,58.23,92.01,11.77,28.0,2.0,30.0,1,0.4038,0.8939,1
LJ500_R151_C036,151,36,679250,9576750,1500,4500,2022,12,2022-12,48,20.36,58.23,92.01,11.77,28.0,2.0,30.0,1,0.3707,0.82,1
LJ500_R151_C037,151,37,679750,9576750,2000,4500,2022,12,2022-12,48,20.36,58.23,92.01,11.77,28.0,2.0,30.0,1,0.5022,1.1472,1
LJ500_R151_C038,151,38,680250,9576750,2500,4500,2022,12,2022-12,48,20.36,58.23,92.01,11.77,28.0,2.0,30.0,1,0.4911,1.1233,1
LJ500_R151_C039,151,39,680750,9576750,3000,4500,2022,12,2022-12,48,20.36,58.23,92.01,11.77,28.0,2.0,30.0,1,0.416,0.96,1
LJ500_R151_C040,151,40,681250,9576750,3500,4500,2022,12,2022-12,48,20.36,58.23,92.01,11.77,28.0,2.0,30.0,1,0.3668,0.8415,1
LJ500_R151_C041,151,41,681750,9576750,4000,4500,2022,12,2022-12,48,20.36,58.23,92.01,11.77,28.0,2.0,30.0,1,0.246,0.55,1
LJ500_R151_C042,151,42,682250,9576750,4500,4500,2022,12,2022-12,48,20.36,58.23,92.01,11.77,28.0,2.0,30.0,1,0.2826,0.6507,1
LJ500_R142_C033,142,33,677750,9572250,0,0,2023,1,2023-01,49,27.35,45.46,83.05,7.5949,25.32,5.6799,31.0,1,0.5379,1.1278,1
LJ500_R142_C034,142,34,678250,9572250,500,0,2023,1,2023-01,49,26.13,43.7,83.13,6.7487,25.0,6.0,31.0,1,0.5491,1.1393,1
LJ500_R142_C035,142,35,678750,9572250,1000,0,2023,1,2023-01,49,26.13,43.7,83.13,6.7487,25.0,6.0,31.0,1,0.3706,0.8825,1
LJ500_R142_C036,142,36,679250,9572250,1500,0,2023,1,2023-01,49,26.13,43.7,83.13,6.7487,25.0,6.0,31.0,1,0.3406,0.8391,1
LJ500_R142_C037,142,37,679750,9572250,2000,0,2023,1,2023-01,49,26.13,43.7,83.13,6.7487,25.0,6.0,31.0,1,0.2563,0.6846,1
LJ500_R142_C038,142,38,680250,9572250,2500,0,2023,1,2023-01,49,26.13,43.7,83.13,6.7487,25.0,6.0,31.0,1,0.3024,0.75,1
LJ500_R142_C039,142,39,680750,9572250,3000,0,2023,1,2023-01,49,26.13,43.7,83.13,6.7487,25.0,6.0,31.0,1,0.5485,1.1,1
LJ500_R142_C040,142,40,681250,9572250,3500,0,2023,1,2023-01,49,26.13,43.7,83.13,6.7487,25.0,6.0,31.0,1,0.6155,1.2858,1
LJ500_R142_C041,142,41,681750,9572250,4000,0,2023,1,2023-01,49,26.13,43.7,83.13,6.7487,25.0,6.0,31.0,1,0.7674,1.7074,1
LJ500_R142_C042,142,42,682250,9572250,4500,0,2023,1,2023-01,49,26.13,43.7,83.13,6.7487,25.0,6.0,31.0,1,0.7755,1.731,1
LJ500_R143_C033,143,33,677750,9572750,0,500,2023,1,2023-01,49,27.36,45.47,83.05,7.5999,25.32,5.678,31.0,1,0.4677,1.0328,1
LJ500_R143_C034,143,34,678250,9572750,500,500,2023,1,2023-01,49,26.13,43.7,83.13,6.7487,25.0,6.0,31.0,1,0.4181,0.96,1
LJ500_R143_C035,143,35,678750,9572750,1000,500,2023,1,2023-01,49,26.13,43.7,83.13,6.7487,25.0,6.0,31.0,1,0.2946,0.7627,1
LJ500_R143_C036,143,36,679250,9572750,1500,500,2023,1,2023-01,49,26.13,43.7,83.13,6.7487,25.0,6.0,31.0,1,0.2742,0.7299,1
LJ500_R143_C037,143,37,679750,9572750,2000,500,2023,1,2023-01,49,26.13,43.7,83.13,6.7487,25.0,6.0,31.0,1,0.27,0.71,1
LJ500_R143_C038,143,38,680250,9572750,2500,500,2023,1,2023-01,49,26.13,43.7,83.13,6.7487,25.0,6.0,31.0,1,0.3132,0.7707,1
LJ500_R143_C039,143,39,680750,9572750,3000,500,2023,1,2023-01,49,26.13,43.7,83.13,6.7487,25.0,6.0,31.0,1,0.5474,1.1,1
LJ500_R143_C040,143,40,681250,9572750,3500,500,2023,1,2023-01,49,26.13,43.7,83.13,6.7487,25.0,6.0,31.0,1,0.6609,1.441,1
LJ500_R143_C041,143,41,681750,9572750,4000,500,2023,1,2023-01,49,26.13,43.7,83.13,6.7487,25.0,6.0,31.0,1,0.9203,2.22,1
LJ500_R143_C042,143,42,682250,9572750,4500,500,2023,1,2023-01,49,26.13,43.7,83.13,6.7487,25.0,6.0,31.0,1,0.9455,2.3107,1
LJ500_R144_C033,144,33,677750,9573250,0,1000,2023,1,2023-01,49,27.37,45.48,83.05,7.6049,25.32,5.6762,31.0,1,0.4496,1.0081,1
LJ500_R144_C034,144,34,678250,9573250,500,1000,2023,1,2023-01,49,26.13,43.7,83.13,6.7487,25.0,6.0,31.0,1,0.4047,0.9418,1
LJ500_R144_C035,144,35,678750,9573250,1000,1000,2023,1,2023-01,49,26.13,43.7,83.13,6.7487,25.0,6.0,31.0,1,0.307,0.784,1
LJ500_R144_C036,144,36,679250,9573250,1500,1000,2023,1,2023-01,49,26.13,43.7,83.13,6.7487,25.0,6.0,31.0,1,0.2907,0.7575,1
LJ500_R144_C037,144,37,679750,9573250,2000,1000,2023,1,2023-01,49,26.13,43.7,83.13,6.7487,25.0,6.0,31.0,1,0.2734,0.7162,1
LJ500_R144_C038,144,38,680250,9573250,2500,1000,2023,1,2023-01,49,26.13,43.7,83.13,6.7487,25.0,6.0,31.0,1,0.3089,0.7661,1
LJ500_R144_C039,144,39,680750,9573250,3000,1000,2023,1,2023-01,49,26.13,43.7,83.13,6.7487,25.0,6.0,31.0,1,0.5041,1.0406,1
LJ500_R144_C040,144,40,681250,9573250,3500,1000,2023,1,2023-01,49,26.13,43.7,83.13,6.7487,25.0,6.0,31.0,1,0.6118,1.3362,1
LJ500_R144_C041,144,41,681750,9573250,4000,1000,2023,1,2023-01,49,26.13,43.7,83.13,6.7487,25.0,6.0,31.0,1,0.8605,2.0173,1
LJ500_R144_C042,144,42,682250,9573250,4500,1000,2023,1,2023-01,49,26.13,43.7,83.13,6.7487,25.0,6.0,31.0,1,0.9196,2.22,1
LJ500_R145_C033,145,33,677750,9573750,0,1500,2023,1,2023-01,49,27.38,45.49,83.05,7.6099,25.33,5.6743,31.0,1,0.407,0.9501,1
LJ500_R145_C034,145,34,678250,9573750,500,1500,2023,1,2023-01,49,26.13,43.7,83.13,6.7487,25.0,6.0,31.0,1,0.3739,0.9,1
LJ500_R145_C035,145,35,678750,9573750,1000,1500,2023,1,2023-01,49,26.13,43.7,83.13,6.7487,25.0,6.0,31.0,1,0.3347,0.8317,1
LJ500_R145_C036,145,36,679250,9573750,1500,1500,2023,1,2023-01,49,26.13,43.7,83.13,6.7487,25.0,6.0,31.0,1,0.3279,0.8197,1
LJ500_R145_C037,145,37,679750,9573750,2000,1500,2023,1,2023-01,49,26.13,43.7,83.13,6.7487,25.0,6.0,31.0,1,0.281,0.73,1
LJ500_R145_C038,145,38,680250,9573750,2500,1500,2023,1,2023-01,49,26.13,43.7,83.13,6.7487,25.0,6.0,31.0,1,0.3004,0.7573,1
LJ500_R145_C039,145,39,680750,9573750,3000,1500,2023,1,2023-01,49,26.13,43.7,83.13,6.7487,25.0,6.0,31.0,1,0.409,0.91,1
LJ500_R145_C040,145,40,681250,9573750,3500,1500,2023,1,2023-01,49,26.13,43.7,83.13,6.7487,25.0,6.0,31.0,1,0.5059,1.1114,1
LJ500_R145_C041,145,41,681750,9573750,4000,1500,2023,1,2023-01,49,26.13,43.7,83.13,6.7487,25.0,6.0,31.0,1,0.7313,1.58,1
LJ500_R145_C042,145,42,682250,9573750,4500,1500,2023,1,2023-01,49,26.13,43.7,83.13,6.7487,25.0,6.0,31.0,1,0.8638,2.0249,1
LJ500_R146_C033,146,33,677750,9574250,0,2000,2023,1,2023-01,49,30.95,49.97,86.91,9.0802,25.62,5.3848,31.0,1,0.4835,1.0589,1
LJ500_R146_C034,146,34,678250,9574250,500,2000,2023,1,2023-01,49,30.21,48.98,87.74,8.6526,25.43,5.5704,31.0,1,0.4683,1.0335,1
LJ500_R146_C035,146,35,678750,9574250,1000,2000,2023,1,2023-01,49,30.23,49.01,87.76,8.6609,25.43,5.5685,31.0,1,0.3911,0.9107,1
LJ500_R146_C036,146,36,679250,9574250,1500,2000,2023,1,2023-01,49,30.25,49.03,87.78,8.6693,25.43,5.5666,31.0,1,0.3777,0.8895,1
LJ500_R146_C037,146,37,679750,9574250,2000,2000,2023,1,2023-01,49,30.27,49.05,87.8,8.6777,25.44,5.5647,31.0,1,0.3196,0.7906,1
LJ500_R146_C038,146,38,680250,9574250,2500,2000,2023,1,2023-01,49,30.28,49.08,87.82,8.6861,25.44,5.5628,31.0,1,0.3261,0.7982,1
LJ500_R146_C039,146,39,680750,9574250,3000,2000,2023,1,2023-01,49,30.3,49.1,87.84,8.6945,25.44,5.5609,31.0,1,0.3614,0.8395,1
LJ500_R146_C040,146,40,681250,9574250,3500,2000,2023,1,2023-01,49,30.32,49.12,87.86,8.703,25.44,5.559,31.0,1,0.4593,1.0196,1
LJ500_R146_C041,146,41,681750,9574250,4000,2000,2023,1,2023-01,49,30.34,49.15,87.88,8.7115,25.44,5.5571,31.0,1,0.6893,1.4426,1
LJ500_R146_C042,146,42,682250,9574250,4500,2000,2023,1,2023-01,49,30.36,49.17,87.9,8.72,25.44,5.5552,31.0,1,0.8335,1.9213,1
LJ500_R147_C033,147,33,677750,9574750,0,2500,2023,1,2023-01,49,35.71,55.95,92.07,11.04,26.0,5.0,31.0,1,0.5736,1.187,1
LJ500_R147_C034,147,34,678250,9574750,500,2500,2023,1,2023-01,49,35.63,55.99,93.86,11.18,26.0,5.0,31.0,1,0.579,1.19,1
LJ500_R147_C035,147,35,678750,9574750,1000,2500,2023,1,2023-01,49,35.63,55.99,93.86,11.18,26.0,5.0,31.0,1,0.4567,1.0029,1
LJ500_R147_C036,147,36,679250,9574750,1500,2500,2023,1,2023-01,49,35.63,55.99,93.86,11.18,26.0,5.0,31.0,1,0.4352,0.97,1
LJ500_R147_C037,147,37,679750,9574750,2000,2500,2023,1,2023-01,49,35.63,55.99,93.86,11.18,26.0,5.0,31.0,1,0.3639,0.8601,1
LJ500_R147_C038,147,38,680250,9574750,2500,2500,2023,1,2023-01,49,35.63,55.99,93.86,11.18,26.0,5.0,31.0,1,0.3556,0.8452,1
LJ500_R147_C039,147,39,680750,9574750,3000,2500,2023,1,2023-01,49,35.63,55.99,93.86,11.18,26.0,5.0,31.0,1,0.3077,0.76,1
LJ500_R147_C040,147,40,681250,9574750,3500,2500,2023,1,2023-01,49,35.63,55.99,93.86,11.18,26.0,5.0,31.0,1,0.4071,0.9173,1
LJ500_R147_C041,147,41,681750,9574750,4000,2500,2023,1,2023-01,49,35.63,55.99,93.86,11.18,26.0,5.0,31.0,1,0.6426,1.29,1
LJ500_R147_C042,147,42,682250,9574750,4500,2500,2023,1,2023-01,49,35.63,55.99,93.86,11.18,26.0,5.0,31.0,1,0.8001,1.8069,1
LJ500_R148_C033,148,33,677750,9575250,0,3000,2023,1,2023-01,49,35.71,55.95,92.06,11.04,26.0,5.0,31.0,1,0.5644,1.1697,1
LJ500_R148_C034,148,34,678250,9575250,500,3000,2023,1,2023-01,49,35.63,55.99,93.86,11.18,26.0,5.0,31.0,1,0.6039,1.2209,1
LJ500_R148_C035,148,35,678750,9575250,1000,3000,2023,1,2023-01,49,35.63,55.99,93.86,11.18,26.0,5.0,31.0,1,0.4811,1.0396,1
LJ500_R148_C036,148,36,679250,9575250,1500,3000,2023,1,2023-01,49,35.63,55.99,93.86,11.18,26.0,5.0,31.0,1,0.4592,1.0073,1
LJ500_R148_C037,148,37,679750,9575250,2000,3000,2023,1,2023-01,49,35.63,55.99,93.86,11.18,26.0,5.0,31.0,1,0.4092,0.9225,1
LJ500_R148_C038,148,38,680250,9575250,2500,3000,2023,1,2023-01,49,35.63,55.99,93.86,11.18,26.0,5.0,31.0,1,0.3967,0.9024,1
LJ500_R148_C039,148,39,680750,9575250,3000,3000,2023,1,2023-01,49,35.63,55.99,93.86,11.18,26.0,5.0,31.0,1,0.3231,0.7851,1
LJ500_R148_C040,148,40,681250,9575250,3500,3000,2023,1,2023-01,49,35.63,55.99,93.86,11.18,26.0,5.0,31.0,1,0.3716,0.858,1
LJ500_R148_C041,148,41,681750,9575250,4000,3000,2023,1,2023-01,49,35.63,55.99,93.86,11.18,26.0,5.0,31.0,1,0.4869,1.0314,1
LJ500_R148_C042,148,42,682250,9575250,4500,3000,2023,1,2023-01,49,35.63,55.99,93.86,11.18,26.0,5.0,31.0,1,0.5962,1.2899,1
LJ500_R149_C033,149,33,677750,9575750,0,3500,2023,1,2023-01,49,35.71,55.95,92.05,11.04,26.0,5.0,31.0,1,0.5582,1.1584,1
LJ500_R149_C034,149,34,678250,9575750,500,3500,2023,1,2023-01,49,35.63,55.99,93.86,11.18,26.0,5.0,31.0,1,0.6194,1.24,1
LJ500_R149_C035,149,35,678750,9575750,1000,3500,2023,1,2023-01,49,35.63,55.99,93.86,11.18,26.0,5.0,31.0,1,0.4962,1.0622,1
LJ500_R149_C036,149,36,679250,9575750,1500,3500,2023,1,2023-01,49,35.63,55.99,93.86,11.18,26.0,5.0,31.0,1,0.4739,1.03,1
LJ500_R149_C037,149,37,679750,9575750,2000,3500,2023,1,2023-01,49,35.63,55.99,93.86,11.18,26.0,5.0,31.0,1,0.4366,0.9603,1
LJ500_R149_C038,149,38,680250,9575750,2500,3500,2023,1,2023-01,49,35.63,55.99,93.86,11.18,26.0,5.0,31.0,1,0.4214,0.9369,1
LJ500_R149_C039,149,39,680750,9575750,3000,3500,2023,1,2023-01,49,35.63,55.99,93.86,11.18,26.0,5.0,31.0,1,0.3323,0.8,1
LJ500_R149_C040,149,40,681250,9575750,3500,3500,2023,1,2023-01,49,35.63,55.99,93.86,11.18,26.0,5.0,31.0,1,0.3509,0.8234,1
LJ500_R149_C041,149,41,681750,9575750,4000,3500,2023,1,2023-01,49,35.63,55.99,93.86,11.18,26.0,5.0,31.0,1,0.3958,0.88,1
LJ500_R149_C042,149,42,682250,9575750,4500,3500,2023,1,2023-01,49,35.63,55.99,93.86,11.18,26.0,5.0,31.0,1,0.4777,0.9904,1
LJ500_R150_C033,150,33,677750,9576250,0,4000,2023,1,2023-01,49,35.71,55.95,92.04,11.04,26.0,5.0,31.0,1,0.6286,1.3679,1
LJ500_R150_C034,150,34,678250,9576250,500,4000,2023,1,2023-01,49,35.63,55.99,93.86,11.18,26.0,5.0,31.0,1,0.706,1.5188,1
LJ500_R150_C035,150,35,678750,9576250,1000,4000,2023,1,2023-01,49,35.63,55.99,93.86,11.18,26.0,5.0,31.0,1,0.5396,1.1454,1
LJ500_R150_C036,150,36,679250,9576250,1500,4000,2023,1,2023-01,49,35.63,55.99,93.86,11.18,26.0,5.0,31.0,1,0.509,1.0767,1
LJ500_R150_C037,150,37,679750,9576250,2000,4000,2023,1,2023-01,49,35.63,55.99,93.86,11.18,26.0,5.0,31.0,1,0.6221,1.3017,1
LJ500_R150_C038,150,38,680250,9576250,2500,4000,2023,1,2023-01,49,35.63,55.99,93.86,11.18,26.0,5.0,31.0,1,0.6103,1.2724,1
LJ500_R150_C039,150,39,680750,9576250,3000,4000,2023,1,2023-01,49,35.63,55.99,93.86,11.18,26.0,5.0,31.0,1,0.5318,1.0822,1
LJ500_R150_C040,150,40,681250,9576250,3500,4000,2023,1,2023-01,49,35.63,55.99,93.86,11.18,26.0,5.0,31.0,1,0.4918,1.0215,1
LJ500_R150_C041,150,41,681750,9576250,4000,4000,2023,1,2023-01,49,35.63,55.99,93.86,11.18,26.0,5.0,31.0,1,0.3933,0.8721,1
LJ500_R150_C042,150,42,682250,9576250,4500,4000,2023,1,2023-01,49,35.63,55.99,93.86,11.18,26.0,5.0,31.0,1,0.4478,0.9438,1
LJ500_R151_C033,151,33,677750,9576750,0,4500,2023,1,2023-01,49,35.72,55.95,92.03,11.04,26.0,5.0,31.0,1,0.649,1.4286,1
LJ500_R151_C034,151,34,678250,9576750,500,4500,2023,1,2023-01,49,35.63,55.99,93.86,11.18,26.0,5.0,31.0,1,0.7313,1.6,1
LJ500_R151_C035,151,35,678750,9576750,1000,4500,2023,1,2023-01,49,35.63,55.99,93.86,11.18,26.0,5.0,31.0,1,0.5524,1.1702,1
LJ500_R151_C036,151,36,679250,9576750,1500,4500,2023,1,2023-01,49,35.63,55.99,93.86,11.18,26.0,5.0,31.0,1,0.519,1.09,1
LJ500_R151_C037,151,37,679750,9576750,2000,4500,2023,1,2023-01,49,35.63,55.99,93.86,11.18,26.0,5.0,31.0,1,0.6742,1.3974,1
LJ500_R151_C038,151,38,680250,9576750,2500,4500,2023,1,2023-01,49,35.63,55.99,93.86,11.18,26.0,5.0,31.0,1,0.663,1.3663,1
LJ500_R151_C039,151,39,680750,9576750,3000,4500,2023,1,2023-01,49,35.63,55.99,93.86,11.18,26.0,5.0,31.0,1,0.5868,1.16,1
LJ500_R151_C040,151,40,681250,9576750,3500,4500,2023,1,2023-01,49,35.63,55.99,93.86,11.18,26.0,5.0,31.0,1,0.5306,1.0762,1
LJ500_R151_C041,151,41,681750,9576750,4000,4500,2023,1,2023-01,49,35.63,55.99,93.86,11.18,26.0,5.0,31.0,1,0.3926,0.87,1
LJ500_R151_C042,151,42,682250,9576750,4500,4500,2023,1,2023-01,49,35.63,55.99,93.86,11.18,26.0,5.0,31.0,1,0.4398,0.9313,1
LJ500_R142_C033,142,33,677750,9572250,0,0,2023,2,2023-02,50,32.44,59.8,77.9,9.1148,21.0,10.0,31.0,1,0.6663,1.0534,1
LJ500_R142_C034,142,34,678250,9572250,500,0,2023,2,2023-02,50,32.34,58.47,76.05,8.8658,21.0,10.0,31.0,1,0.6738,1.0607,1
LJ500_R142_C035,142,35,678750,9572250,1000,0,2023,2,2023-02,50,32.34,58.47,76.05,8.8658,21.0,10.0,31.0,1,0.5306,0.8461,1
LJ500_R142_C036,142,36,679250,9572250,1500,0,2023,2,2023-02,50,32.34,58.47,76.05,8.8658,21.0,10.0,31.0,1,0.5064,0.8103,1
LJ500_R142_C037,142,37,679750,9572250,2000,0,2023,2,2023-02,50,32.34,58.47,76.05,8.8658,21.0,10.0,31.0,1,0.4206,0.733,1
LJ500_R142_C038,142,38,680250,9572250,2500,0,2023,2,2023-02,50,32.34,58.47,76.05,8.8658,21.0,10.0,31.0,1,0.457,0.7751,1
LJ500_R142_C039,142,39,680750,9572250,3000,0,2023,2,2023-02,50,32.34,58.47,76.05,8.8658,21.0,10.0,31.0,1,0.6518,1.0,1
LJ500_R142_C040,142,40,681250,9572250,3500,0,2023,2,2023-02,50,32.34,58.47,76.05,8.8658,21.0,10.0,31.0,1,0.7173,1.0969,1
LJ500_R142_C041,142,41,681750,9572250,4000,0,2023,2,2023-02,50,32.34,58.47,76.05,8.8658,21.0,10.0,31.0,1,0.8658,1.3171,1
LJ500_R142_C042,142,42,682250,9572250,4500,0,2023,2,2023-02,50,32.34,58.47,76.05,8.8658,21.0,10.0,31.0,1,0.8722,1.3329,1
LJ500_R143_C033,143,33,677750,9572750,0,500,2023,2,2023-02,50,32.44,59.8,77.91,9.1162,21.0,10.0,31.0,1,0.6099,0.9569,1
LJ500_R143_C034,143,34,678250,9572750,500,500,2023,2,2023-02,50,32.34,58.47,76.05,8.8658,21.0,10.0,31.0,1,0.57,0.89,1
LJ500_R143_C035,143,35,678750,9572750,1000,500,2023,2,2023-02,50,32.34,58.47,76.05,8.8658,21.0,10.0,31.0,1,0.4665,0.7785,1
LJ500_R143_C036,143,36,679250,9572750,1500,500,2023,2,2023-02,50,32.34,58.47,76.05,8.8658,21.0,10.0,31.0,1,0.4493,0.7599,1
LJ500_R143_C037,143,37,679750,9572750,2000,500,2023,2,2023-02,50,32.34,58.47,76.05,8.8658,21.0,10.0,31.0,1,0.4345,0.75,1
LJ500_R143_C038,143,38,680250,9572750,2500,500,2023,2,2023-02,50,32.34,58.47,76.05,8.8658,21.0,10.0,31.0,1,0.4679,0.7889,1
LJ500_R143_C039,143,39,680750,9572750,3000,500,2023,2,2023-02,50,32.34,58.47,76.05,8.8658,21.0,10.0,31.0,1,0.6494,1.0,1
LJ500_R143_C040,143,40,681250,9572750,3500,500,2023,2,2023-02,50,32.34,58.47,76.05,8.8658,21.0,10.0,31.0,1,0.7535,1.204,1
LJ500_R143_C041,143,41,681750,9572750,4000,500,2023,2,2023-02,50,32.34,58.47,76.05,8.8658,21.0,10.0,31.0,1,0.9916,1.67,1
LJ500_R143_C042,143,42,682250,9572750,4500,500,2023,2,2023-02,50,32.34,58.47,76.05,8.8658,21.0,10.0,31.0,1,1.0024,1.7153,1
LJ500_R144_C033,144,33,677750,9573250,0,1000,2023,2,2023-02,50,32.44,59.81,77.92,9.1177,21.0,10.0,31.0,1,0.5955,0.9374,1
LJ500_R144_C034,144,34,678250,9573250,500,1000,2023,2,2023-02,50,32.34,58.47,76.05,8.8658,21.0,10.0,31.0,1,0.5603,0.8779,1
LJ500_R144_C035,144,35,678750,9573250,1000,1000,2023,2,2023-02,50,32.34,58.47,76.05,8.8658,21.0,10.0,31.0,1,0.4771,0.7874,1
LJ500_R144_C036,144,36,679250,9573250,1500,1000,2023,2,2023-02,50,32.34,58.47,76.05,8.8658,21.0,10.0,31.0,1,0.4631,0.7722,1
LJ500_R144_C037,144,37,679750,9573250,2000,1000,2023,2,2023-02,50,32.34,58.47,76.05,8.8658,21.0,10.0,31.0,1,0.4376,0.75,1
LJ500_R144_C038,144,38,680250,9573250,2500,1000,2023,2,2023-02,50,32.34,58.47,76.05,8.8658,21.0,10.0,31.0,1,0.4645,0.7813,1
LJ500_R144_C039,144,39,680750,9573250,3000,1000,2023,2,2023-02,50,32.34,58.47,76.05,8.8658,21.0,10.0,31.0,1,0.6125,0.9531,1
LJ500_R144_C040,144,40,681250,9573250,3500,1000,2023,2,2023-02,50,32.34,58.47,76.05,8.8658,21.0,10.0,31.0,1,0.7115,1.1278,1
LJ500_R144_C041,144,41,681750,9573250,4000,1000,2023,2,2023-02,50,32.34,58.47,76.05,8.8658,21.0,10.0,31.0,1,0.9398,1.5307,1
LJ500_R144_C042,144,42,682250,9573250,4500,1000,2023,2,2023-02,50,32.34,58.47,76.05,8.8658,21.0,10.0,31.0,1,0.9712,1.6584,1
LJ500_R145_C033,145,33,677750,9573750,0,1500,2023,2,2023-02,50,32.44,59.82,77.93,9.1192,21.0,10.0,31.0,1,0.5616,0.8913,1
LJ500_R145_C034,145,34,678250,9573750,500,1500,2023,2,2023-02,50,32.34,58.47,76.05,8.8658,21.0,10.0,31.0,1,0.5381,0.85,1
LJ500_R145_C035,145,35,678750,9573750,1000,1500,2023,2,2023-02,50,32.34,58.47,76.05,8.8658,21.0,10.0,31.0,1,0.5009,0.8073,1
LJ500_R145_C036,145,36,679250,9573750,1500,1500,2023,2,2023-02,50,32.34,58.47,76.05,8.8658,21.0,10.0,31.0,1,0.4944,0.7999,1
LJ500_R145_C037,145,37,679750,9573750,2000,1500,2023,2,2023-02,50,32.34,58.47,76.05,8.8658,21.0,10.0,31.0,1,0.4445,0.75,1
LJ500_R145_C038,145,38,680250,9573750,2500,1500,2023,2,2023-02,50,32.34,58.47,76.05,8.8658,21.0,10.0,31.0,1,0.4577,0.7652,1
LJ500_R145_C039,145,39,680750,9573750,3000,1500,2023,2,2023-02,50,32.34,58.47,76.05,8.8658,21.0,10.0,31.0,1,0.5316,0.85,1
LJ500_R145_C040,145,40,681250,9573750,3500,1500,2023,2,2023-02,50,32.34,58.47,76.05,8.8658,21.0,10.0,31.0,1,0.6207,0.9642,1
LJ500_R145_C041,145,41,681750,9573750,4000,1500,2023,2,2023-02,50,32.34,58.47,76.05,8.8658,21.0,10.0,31.0,1,0.8281,1.23,1
LJ500_R145_C042,145,42,682250,9573750,4500,1500,2023,2,2023-02,50,32.34,58.47,76.05,8.8658,21.0,10.0,31.0,1,0.9042,1.5356,1
LJ500_R146_C033,146,33,677750,9574250,0,2000,2023,2,2023-02,50,37.79,68.74,87.76,10.53,21.0,10.0,31.0,1,0.6163,0.9701,1
LJ500_R146_C034,146,34,678250,9574250,500,2000,2023,2,2023-02,50,39.14,69.35,88.12,10.71,21.0,10.0,31.0,1,0.6049,0.9467,1
LJ500_R146_C035,146,35,678750,9574250,1000,2000,2023,2,2023-02,50,39.17,69.4,88.18,10.72,21.0,10.0,31.0,1,0.5381,0.8572,1
LJ500_R146_C036,146,36,679250,9574250,1500,2000,2023,2,2023-02,50,39.2,69.45,88.23,10.73,21.0,10.0,31.0,1,0.5265,0.8417,1
LJ500_R146_C037,146,37,679750,9574250,2000,2000,2023,2,2023-02,50,39.23,69.49,88.28,10.74,21.0,10.0,31.0,1,0.4738,0.7826,1
LJ500_R146_C038,146,38,680250,9574250,2500,2000,2023,2,2023-02,50,39.26,69.54,88.34,10.74,21.0,10.0,31.0,1,0.4774,0.7865,1
LJ500_R146_C039,146,39,680750,9574250,3000,2000,2023,2,2023-02,50,39.29,69.59,88.39,10.75,21.0,10.0,31.0,1,0.4964,0.8077,1
LJ500_R146_C040,146,40,681250,9574250,3500,2000,2023,2,2023-02,50,39.32,69.64,88.44,10.76,21.0,10.0,31.0,1,0.5818,0.9168,1
LJ500_R146_C041,146,41,681750,9574250,4000,2000,2023,2,2023-02,50,39.35,69.69,88.5,10.77,21.0,10.0,31.0,1,0.7824,1.1732,1
LJ500_R146_C042,146,42,682250,9574250,4500,2000,2023,2,2023-02,50,39.38,69.74,88.55,10.78,21.0,10.0,31.0,1,0.8816,1.4772,1
LJ500_R147_C033,147,33,677750,9574750,0,2500,2023,2,2023-02,50,44.93,80.64,100.88,12.41,21.0,10.0,31.0,1,0.6808,1.063,1
LJ500_R147_C034,147,34,678250,9574750,500,2500,2023,2,2023-02,50,48.16,83.79,104.16,13.16,21.0,10.0,31.0,1,0.6832,1.06,1
LJ500_R147_C035,147,35,678750,9574750,1000,2500,2023,2,2023-02,50,48.16,83.79,104.16,13.16,21.0,10.0,31.0,1,0.5815,0.9154,1
LJ500_R147_C036,147,36,679250,9574750,1500,2500,2023,2,2023-02,50,48.16,83.79,104.16,13.16,21.0,10.0,31.0,1,0.5635,0.89,1
LJ500_R147_C037,147,37,679750,9574750,2000,2500,2023,2,2023-02,50,48.16,83.79,104.16,13.16,21.0,10.0,31.0,1,0.5075,0.8201,1
LJ500_R147_C038,147,38,680250,9574750,2500,2500,2023,2,2023-02,50,48.16,83.79,104.16,13.16,21.0,10.0,31.0,1,0.4999,0.8111,1
LJ500_R147_C039,147,39,680750,9574750,3000,2500,2023,2,2023-02,50,48.16,83.79,104.16,13.16,21.0,10.0,31.0,1,0.4568,0.76,1
LJ500_R147_C040,147,40,681250,9574750,3500,2500,2023,2,2023-02,50,48.16,83.79,104.16,13.16,21.0,10.0,31.0,1,0.5383,0.8639,1
LJ500_R147_C041,147,41,681750,9574750,4000,2500,2023,2,2023-02,50,48.16,83.79,104.16,13.16,21.0,10.0,31.0,1,0.7316,1.11,1
LJ500_R147_C042,147,42,682250,9574750,4500,2500,2023,2,2023-02,50,48.16,83.79,104.16,13.16,21.0,10.0,31.0,1,0.8565,1.413,1
LJ500_R148_C033,148,33,677750,9575250,0,3000,2023,2,2023-02,50,44.91,80.62,100.86,12.41,21.0,10.0,31.0,1,0.6732,1.0426,1
LJ500_R148_C034,148,34,678250,9575250,500,3000,2023,2,2023-02,50,48.16,83.79,104.16,13.16,21.0,10.0,31.0,1,0.7015,1.0785,1
LJ500_R148_C035,148,35,678750,9575250,1000,3000,2023,2,2023-02,50,48.16,83.79,104.16,13.16,21.0,10.0,31.0,1,0.5958,0.9396,1
LJ500_R148_C036,148,36,679250,9575250,1500,3000,2023,2,2023-02,50,48.16,83.79,104.16,13.16,21.0,10.0,31.0,1,0.577,0.9148,1
LJ500_R148_C037,148,37,679750,9575250,2000,3000,2023,2,2023-02,50,48.16,83.79,104.16,13.16,21.0,10.0,31.0,1,0.5353,0.8575,1
LJ500_R148_C038,148,38,680250,9575250,2500,3000,2023,2,2023-02,50,48.16,83.79,104.16,13.16,21.0,10.0,31.0,1,0.5253,0.8451,1
LJ500_R148_C039,148,39,680750,9575250,3000,3000,2023,2,2023-02,50,48.16,83.79,104.16,13.16,21.0,10.0,31.0,1,0.4675,0.7725,1
LJ500_R148_C040,148,40,681250,9575250,3500,3000,2023,2,2023-02,50,48.16,83.79,104.16,13.16,21.0,10.0,31.0,1,0.5038,0.8202,1
LJ500_R148_C041,148,41,681750,9575250,4000,3000,2023,2,2023-02,50,48.16,83.79,104.16,13.16,21.0,10.0,31.0,1,0.5902,0.9334,1
LJ500_R148_C042,148,42,682250,9575250,4500,3000,2023,2,2023-02,50,48.16,83.79,104.16,13.16,21.0,10.0,31.0,1,0.679,1.0998,1
LJ500_R149_C033,149,33,677750,9575750,0,3500,2023,2,2023-02,50,44.89,80.6,100.84,12.4,21.0,10.0,31.0,1,0.6682,1.0295,1
LJ500_R149_C034,149,34,678250,9575750,500,3500,2023,2,2023-02,50,48.16,83.79,104.16,13.16,21.0,10.0,31.0,1,0.7129,1.09,1
LJ500_R149_C035,149,35,678750,9575750,1000,3500,2023,2,2023-02,50,48.16,83.79,104.16,13.16,21.0,10.0,31.0,1,0.6048,0.9546,1
LJ500_R149_C036,149,36,679250,9575750,1500,3500,2023,2,2023-02,50,48.16,83.79,104.16,13.16,21.0,10.0,31.0,1,0.5852,0.93,1
LJ500_R149_C037,149,37,679750,9575750,2000,3500,2023,2,2023-02,50,48.16,83.79,104.16,13.16,21.0,10.0,31.0,1,0.5521,0.8802,1
LJ500_R149_C038,149,38,680250,9575750,2500,3500,2023,2,2023-02,50,48.16,83.79,104.16,13.16,21.0,10.0,31.0,1,0.5407,0.8656,1
LJ500_R149_C039,149,39,680750,9575750,3000,3500,2023,2,2023-02,50,48.16,83.79,104.16,13.16,21.0,10.0,31.0,1,0.4739,0.78,1
LJ500_R149_C040,149,40,681250,9575750,3500,3500,2023,2,2023-02,50,48.16,83.79,104.16,13.16,21.0,10.0,31.0,1,0.4837,0.7946,1
LJ500_R149_C041,149,41,681750,9575750,4000,3500,2023,2,2023-02,50,48.16,83.79,104.16,13.16,21.0,10.0,31.0,1,0.5074,0.83,1
LJ500_R149_C042,149,42,682250,9575750,4500,3500,2023,2,2023-02,50,48.16,83.79,104.16,13.16,21.0,10.0,31.0,1,0.576,0.9183,1
LJ500_R150_C033,150,33,677750,9576250,0,4000,2023,2,2023-02,50,44.87,80.59,100.83,12.4,21.0,10.0,31.0,1,0.7243,1.13,1
LJ500_R150_C034,150,34,678250,9576250,500,4000,2023,2,2023-02,50,48.16,83.79,104.16,13.16,21.0,10.0,31.0,1,0.7868,1.2217,1
LJ500_R150_C035,150,35,678750,9576250,1000,4000,2023,2,2023-02,50,48.16,83.79,104.16,13.16,21.0,10.0,31.0,1,0.6381,1.0016,1
LJ500_R150_C036,150,36,679250,9576250,1500,4000,2023,2,2023-02,50,48.16,83.79,104.16,13.16,21.0,10.0,31.0,1,0.6108,0.9611,1
LJ500_R150_C037,150,37,679750,9576250,2000,4000,2023,2,2023-02,50,48.16,83.79,104.16,13.16,21.0,10.0,31.0,1,0.7113,1.082,1
LJ500_R150_C038,150,38,680250,9576250,2500,4000,2023,2,2023-02,50,48.16,83.79,104.16,13.16,21.0,10.0,31.0,1,0.7002,1.0691,1
LJ500_R150_C039,150,39,680750,9576250,3000,4000,2023,2,2023-02,50,48.16,83.79,104.16,13.16,21.0,10.0,31.0,1,0.6274,0.9838,1
LJ500_R150_C040,150,40,681250,9576250,3500,4000,2023,2,2023-02,50,48.16,83.79,104.16,13.16,21.0,10.0,31.0,1,0.5912,0.9371,1
LJ500_R150_C041,150,41,681750,9576250,4000,4000,2023,2,2023-02,50,48.16,83.79,104.16,13.16,21.0,10.0,31.0,1,0.5023,0.8221,1
LJ500_R150_C042,150,42,682250,9576250,4500,4000,2023,2,2023-02,50,48.16,83.79,104.16,13.16,21.0,10.0,31.0,1,0.5438,0.8788,1
LJ500_R151_C033,151,33,677750,9576750,0,4500,2023,2,2023-02,50,44.85,80.57,100.81,12.39,21.0,10.0,31.0,1,0.7405,1.159,1
LJ500_R151_C034,151,34,678250,9576750,500,4500,2023,2,2023-02,50,48.16,83.79,104.16,13.16,21.0,10.0,31.0,1,0.8084,1.26,1
LJ500_R151_C035,151,35,678750,9576750,1000,4500,2023,2,2023-02,50,48.16,83.79,104.16,13.16,21.0,10.0,31.0,1,0.648,1.0156,1
LJ500_R151_C036,151,36,679250,9576750,1500,4500,2023,2,2023-02,50,48.16,83.79,104.16,13.16,21.0,10.0,31.0,1,0.6181,0.97,1
LJ500_R151_C037,151,37,679750,9576750,2000,4500,2023,2,2023-02,50,48.16,83.79,104.16,13.16,21.0,10.0,31.0,1,0.7559,1.1386,1
LJ500_R151_C038,151,38,680250,9576750,2500,4500,2023,2,2023-02,50,48.16,83.79,104.16,13.16,21.0,10.0,31.0,1,0.7448,1.126,1
LJ500_R151_C039,151,39,680750,9576750,3000,4500,2023,2,2023-02,50,48.16,83.79,104.16,13.16,21.0,10.0,31.0,1,0.6697,1.04,1
LJ500_R151_C040,151,40,681250,9576750,3500,4500,2023,2,2023-02,50,48.16,83.79,104.16,13.16,21.0,10.0,31.0,1,0.6209,0.9764,1
LJ500_R151_C041,151,41,681750,9576750,4000,4500,2023,2,2023-02,50,48.16,83.79,104.16,13.16,21.0,10.0,31.0,1,0.501,0.82,1
LJ500_R151_C042,151,42,682250,9576750,4500,4500,2023,2,2023-02,50,48.16,83.79,104.16,13.16,21.0,10.0,31.0,1,0.5352,0.8682,1
LJ500_R142_C033,142,33,677750,9572250,0,0,2023,3,2023-03,51,76.77,109.21,136.56,12.95,19.68,8.3201,28.0,1,0.5928,0.9383,1
LJ500_R142_C034,142,34,678250,9572250,500,0,2023,3,2023-03,51,70.48,102.82,128.95,12.5,20.0,8.0,28.0,1,0.5956,0.9466,1
LJ500_R142_C035,142,35,678750,9572250,1000,0,2023,3,2023-03,51,70.48,102.82,128.95,12.5,20.0,8.0,28.0,1,0.4996,0.7747,1
LJ500_R142_C036,142,36,679250,9572250,1500,0,2023,3,2023-03,51,70.48,102.82,128.95,12.5,20.0,8.0,28.0,1,0.4834,0.7455,1
LJ500_R142_C037,142,37,679750,9572250,2000,0,2023,3,2023-03,51,70.48,102.82,128.95,12.5,20.0,8.0,28.0,1,0.431,0.63,1
LJ500_R142_C038,142,38,680250,9572250,2500,0,2023,3,2023-03,51,70.48,102.82,128.95,12.5,20.0,8.0,28.0,1,0.4539,0.6741,1
LJ500_R142_C039,142,39,680750,9572250,3000,0,2023,3,2023-03,51,70.48,102.82,128.95,12.5,20.0,8.0,28.0,1,0.5767,0.91,1
LJ500_R142_C040,142,40,681250,9572250,3500,0,2023,3,2023-03,51,70.48,102.82,128.95,12.5,20.0,8.0,28.0,1,0.6206,1.0397,1
LJ500_R142_C041,142,41,681750,9572250,4000,0,2023,3,2023-03,51,70.48,102.82,128.95,12.5,20.0,8.0,28.0,1,0.7202,1.3339,1
LJ500_R142_C042,142,42,682250,9572250,4500,0,2023,3,2023-03,51,70.48,102.82,128.95,12.5,20.0,8.0,28.0,1,0.7259,1.3519,1
LJ500_R143_C033,143,33,677750,9572750,0,500,2023,3,2023-03,51,76.8,109.25,136.61,12.95,19.68,8.322,28.0,1,0.5509,0.8711,1
LJ500_R143_C034,143,34,678250,9572750,500,500,2023,3,2023-03,51,70.48,102.82,128.95,12.5,20.0,8.0,28.0,1,0.5243,0.81,1
LJ500_R143_C035,143,35,678750,9572750,1000,500,2023,3,2023-03,51,70.48,102.82,128.95,12.5,20.0,8.0,28.0,1,0.467,0.6899,1
LJ500_R143_C036,143,36,679250,9572750,1500,500,2023,3,2023-03,51,70.48,102.82,128.95,12.5,20.0,8.0,28.0,1,0.4574,0.6697,1
LJ500_R143_C037,143,37,679750,9572750,2000,500,2023,3,2023-03,51,70.48,102.82,128.95,12.5,20.0,8.0,28.0,1,0.4364,0.63,1
LJ500_R143_C038,143,38,680250,9572750,2500,500,2023,3,2023-03,51,70.48,102.82,128.95,12.5,20.0,8.0,28.0,1,0.4573,0.6736,1
LJ500_R143_C039,143,39,680750,9572750,3000,500,2023,3,2023-03,51,70.48,102.82,128.95,12.5,20.0,8.0,28.0,1,0.5704,0.91,1
LJ500_R143_C040,143,40,681250,9572750,3500,500,2023,3,2023-03,51,70.48,102.82,128.95,12.5,20.0,8.0,28.0,1,0.6312,1.1414,1
LJ500_R143_C041,143,41,681750,9572750,4000,500,2023,3,2023-03,51,70.48,102.82,128.95,12.5,20.0,8.0,28.0,1,0.7704,1.67,1
LJ500_R143_C042,143,42,682250,9572750,4500,500,2023,3,2023-03,51,70.48,102.82,128.95,12.5,20.0,8.0,28.0,1,0.7649,1.7289,1
LJ500_R144_C033,144,33,677750,9573250,0,1000,2023,3,2023-03,51,76.84,109.29,136.65,12.95,19.68,8.3238,28.0,1,0.5409,0.8506,1
LJ500_R144_C034,144,34,678250,9573250,500,1000,2023,3,2023-03,51,70.48,102.82,128.95,12.5,20.0,8.0,28.0,1,0.517,0.7979,1
LJ500_R144_C035,144,35,678750,9573250,1000,1000,2023,3,2023-03,51,70.48,102.82,128.95,12.5,20.0,8.0,28.0,1,0.4685,0.6962,1
LJ500_R144_C036,144,36,679250,9573250,1500,1000,2023,3,2023-03,51,70.48,102.82,128.95,12.5,20.0,8.0,28.0,1,0.4602,0.679,1
LJ500_R144_C037,144,37,679750,9573250,2000,1000,2023,3,2023-03,51,70.48,102.82,128.95,12.5,20.0,8.0,28.0,1,0.4368,0.6362,1
LJ500_R144_C038,144,38,680250,9573250,2500,1000,2023,3,2023-03,51,70.48,102.82,128.95,12.5,20.0,8.0,28.0,1,0.4528,0.6692,1
LJ500_R144_C039,144,39,680750,9573250,3000,1000,2023,3,2023-03,51,70.48,102.82,128.95,12.5,20.0,8.0,28.0,1,0.5411,0.8506,1
LJ500_R144_C040,144,40,681250,9573250,3500,1000,2023,3,2023-03,51,70.48,102.82,128.95,12.5,20.0,8.0,28.0,1,0.6032,1.0591,1
LJ500_R144_C041,144,41,681750,9573250,4000,1000,2023,3,2023-03,51,70.48,102.82,128.95,12.5,20.0,8.0,28.0,1,0.7466,1.5402,1
LJ500_R144_C042,144,42,682250,9573250,4500,1000,2023,3,2023-03,51,70.48,102.82,128.95,12.5,20.0,8.0,28.0,1,0.7435,1.6714,1
LJ500_R145_C033,145,33,677750,9573750,0,1500,2023,3,2023-03,51,76.88,109.32,136.7,12.95,19.67,8.3257,28.0,1,0.5174,0.8024,1
LJ500_R145_C034,145,34,678250,9573750,500,1500,2023,3,2023-03,51,70.48,102.82,128.95,12.5,20.0,8.0,28.0,1,0.5004,0.77,1
LJ500_R145_C035,145,35,678750,9573750,1000,1500,2023,3,2023-03,51,70.48,102.82,128.95,12.5,20.0,8.0,28.0,1,0.4717,0.7102,1
LJ500_R145_C036,145,36,679250,9573750,1500,1500,2023,3,2023-03,51,70.48,102.82,128.95,12.5,20.0,8.0,28.0,1,0.4667,0.6999,1
LJ500_R145_C037,145,37,679750,9573750,2000,1500,2023,3,2023-03,51,70.48,102.82,128.95,12.5,20.0,8.0,28.0,1,0.4375,0.65,1
LJ500_R145_C038,145,38,680250,9573750,2500,1500,2023,3,2023-03,51,70.48,102.82,128.95,12.5,20.0,8.0,28.0,1,0.4435,0.6606,1
LJ500_R145_C039,145,39,680750,9573750,3000,1500,2023,3,2023-03,51,70.48,102.82,128.95,12.5,20.0,8.0,28.0,1,0.4768,0.72,1
LJ500_R145_C040,145,40,681250,9573750,3500,1500,2023,3,2023-03,51,70.48,102.82,128.95,12.5,20.0,8.0,28.0,1,0.5425,0.8823,1
LJ500_R145_C041,145,41,681750,9573750,4000,1500,2023,3,2023-03,51,70.48,102.82,128.95,12.5,20.0,8.0,28.0,1,0.6954,1.26,1
LJ500_R145_C042,145,42,682250,9573750,4500,1500,2023,3,2023-03,51,70.48,102.82,128.95,12.5,20.0,8.0,28.0,1,0.6979,1.5476,1
LJ500_R146_C033,146,33,677750,9574250,0,2000,2023,3,2023-03,51,87.04,124.83,155.77,20.41,20.08,7.9217,28.0,1,0.5487,0.8918,1
LJ500_R146_C034,146,34,678250,9574250,500,2000,2023,3,2023-03,51,81.23,120.37,150.58,13.36,19.14,8.8592,28.0,1,0.5397,0.8759,1
LJ500_R146_C035,146,35,678750,9574250,1000,2000,2023,3,2023-03,51,81.28,120.45,150.68,13.36,19.14,8.863,28.0,1,0.4926,0.7615,1
LJ500_R146_C036,146,36,679250,9574250,1500,2000,2023,3,2023-03,51,81.33,120.52,150.77,13.36,19.13,8.8667,28.0,1,0.4845,0.7417,1
LJ500_R146_C037,146,37,679750,9574250,2000,2000,2023,3,2023-03,51,81.37,120.6,150.87,13.37,19.13,8.8705,28.0,1,0.4488,0.678,1
LJ500_R146_C038,146,38,680250,9574250,2500,2000,2023,3,2023-03,51,81.42,120.68,150.96,13.37,19.13,8.8743,28.0,1,0.4496,0.6795,1
LJ500_R146_C039,146,39,680750,9574250,3000,2000,2023,3,2023-03,51,81.47,120.76,151.06,13.37,19.12,8.8781,28.0,1,0.4536,0.6871,1
LJ500_R146_C040,146,40,681250,9574250,3500,2000,2023,3,2023-03,51,81.52,120.83,151.15,13.38,19.12,8.882,28.0,1,0.5163,0.8328,1
LJ500_R146_C041,146,41,681750,9574250,4000,2000,2023,3,2023-03,51,81.56,120.91,151.25,13.38,19.11,8.8858,28.0,1,0.6636,1.1747,1
LJ500_R146_C042,146,42,682250,9574250,4500,2000,2023,3,2023-03,51,81.61,120.99,151.35,13.39,19.11,8.8896,28.0,1,0.6913,1.4842,1
LJ500_R147_C033,147,33,677750,9574750,0,2500,2023,3,2023-03,51,100.6,145.53,181.25,30.46,20.64,7.3642,28.0,1,0.5856,0.997,1
LJ500_R147_C034,147,34,678250,9574750,500,2500,2023,3,2023-03,51,95.51,143.67,179.3,14.49,18.0,10.0,28.0,1,0.5857,1.0,1
LJ500_R147_C035,147,35,678750,9574750,1000,2500,2023,3,2023-03,51,95.51,143.67,179.3,14.49,18.0,10.0,28.0,1,0.5171,0.8214,1
LJ500_R147_C036,147,36,679250,9574750,1500,2500,2023,3,2023-03,51,95.51,143.67,179.3,14.49,18.0,10.0,28.0,1,0.505,0.79,1
LJ500_R147_C037,147,37,679750,9574750,2000,2500,2023,3,2023-03,51,95.51,143.67,179.3,14.49,18.0,10.0,28.0,1,0.4618,0.7101,1
LJ500_R147_C038,147,38,680250,9574750,2500,2500,2023,3,2023-03,51,95.51,143.67,179.3,14.49,18.0,10.0,28.0,1,0.4567,0.7011,1
LJ500_R147_C039,147,39,680750,9574750,3000,2500,2023,3,2023-03,51,95.51,143.67,179.3,14.49,18.0,10.0,28.0,1,0.4275,0.65,1
LJ500_R147_C040,147,40,681250,9574750,3500,2500,2023,3,2023-03,51,95.51,143.67,179.3,14.49,18.0,10.0,28.0,1,0.4871,0.7776,1
LJ500_R147_C041,147,41,681750,9574750,4000,2500,2023,3,2023-03,51,95.51,143.67,179.3,14.49,18.0,10.0,28.0,1,0.6282,1.08,1
LJ500_R147_C042,147,42,682250,9574750,4500,2500,2023,3,2023-03,51,95.51,143.67,179.3,14.49,18.0,10.0,28.0,1,0.6838,1.4142,1
LJ500_R148_C033,148,33,677750,9575250,0,3000,2023,3,2023-03,51,100.63,145.54,181.26,30.55,20.65,7.3492,28.0,1,0.5774,0.9957,1
LJ500_R148_C034,148,34,678250,9575250,500,3000,2023,3,2023-03,51,95.51,143.67,179.3,14.49,18.0,10.0,28.0,1,0.593,1.0432,1
LJ500_R148_C035,148,35,678750,9575250,1000,3000,2023,3,2023-03,51,95.51,143.67,179.3,14.49,18.0,10.0,28.0,1,0.5253,0.8547,1
LJ500_R148_C036,148,36,679250,9575250,1500,3000,2023,3,2023-03,51,95.51,143.67,179.3,14.49,18.0,10.0,28.0,1,0.5132,0.8211,1
LJ500_R148_C037,148,37,679750,9575250,2000,3000,2023,3,2023-03,51,95.51,143.67,179.3,14.49,18.0,10.0,28.0,1,0.479,0.7538,1
LJ500_R148_C038,148,38,680250,9575250,2500,3000,2023,3,2023-03,51,95.51,143.67,179.3,14.49,18.0,10.0,28.0,1,0.4719,0.7404,1
LJ500_R148_C039,148,39,680750,9575250,3000,3000,2023,3,2023-03,51,95.51,143.67,179.3,14.49,18.0,10.0,28.0,1,0.4309,0.6625,1
LJ500_R148_C040,148,40,681250,9575250,3500,3000,2023,3,2023-03,51,95.51,143.67,179.3,14.49,18.0,10.0,28.0,1,0.4564,0.7152,1
LJ500_R148_C041,148,41,681750,9575250,4000,3000,2023,3,2023-03,51,95.51,143.67,179.3,14.49,18.0,10.0,28.0,1,0.5169,0.8403,1
LJ500_R148_C042,148,42,682250,9575250,4500,3000,2023,3,2023-03,51,95.51,143.67,179.3,14.49,18.0,10.0,28.0,1,0.5736,1.0348,1
LJ500_R149_C033,149,33,677750,9575750,0,3500,2023,3,2023-03,51,100.66,145.55,181.27,30.64,20.67,7.3342,28.0,1,0.5721,0.9944,1
LJ500_R149_C034,149,34,678250,9575750,500,3500,2023,3,2023-03,51,95.51,143.67,179.3,14.49,18.0,10.0,28.0,1,0.5975,1.07,1
LJ500_R149_C035,149,35,678750,9575750,1000,3500,2023,3,2023-03,51,95.51,143.67,179.3,14.49,18.0,10.0,28.0,1,0.5304,0.8753,1
LJ500_R149_C036,149,36,679250,9575750,1500,3500,2023,3,2023-03,51,95.51,143.67,179.3,14.49,18.0,10.0,28.0,1,0.5182,0.84,1
LJ500_R149_C037,149,37,679750,9575750,2000,3500,2023,3,2023-03,51,95.51,143.67,179.3,14.49,18.0,10.0,28.0,1,0.4894,0.7803,1
LJ500_R149_C038,149,38,680250,9575750,2500,3500,2023,3,2023-03,51,95.51,143.67,179.3,14.49,18.0,10.0,28.0,1,0.4812,0.7641,1
LJ500_R149_C039,149,39,680750,9575750,3000,3500,2023,3,2023-03,51,95.51,143.67,179.3,14.49,18.0,10.0,28.0,1,0.4329,0.67,1
LJ500_R149_C040,149,40,681250,9575750,3500,3500,2023,3,2023-03,51,95.51,143.67,179.3,14.49,18.0,10.0,28.0,1,0.4384,0.6788,1
LJ500_R149_C041,149,41,681750,9575750,4000,3500,2023,3,2023-03,51,95.51,143.67,179.3,14.49,18.0,10.0,28.0,1,0.4518,0.7,1
LJ500_R149_C042,149,42,682250,9575750,4500,3500,2023,3,2023-03,51,95.51,143.67,179.3,14.49,18.0,10.0,28.0,1,0.5095,0.8148,1
LJ500_R150_C033,150,33,677750,9576250,0,4000,2023,3,2023-03,51,100.69,145.56,181.28,30.73,20.68,7.3193,28.0,1,0.6003,1.1163,1
LJ500_R150_C034,150,34,678250,9576250,500,4000,2023,3,2023-03,51,95.51,143.67,179.3,14.49,18.0,10.0,28.0,1,0.6351,1.2326,1
LJ500_R150_C035,150,35,678750,9576250,1000,4000,2023,3,2023-03,51,95.51,143.67,179.3,14.49,18.0,10.0,28.0,1,0.5462,0.9404,1
LJ500_R150_C036,150,36,679250,9576250,1500,4000,2023,3,2023-03,51,95.51,143.67,179.3,14.49,18.0,10.0,28.0,1,0.5299,0.8867,1
LJ500_R150_C037,150,37,679750,9576250,2000,4000,2023,3,2023-03,51,95.51,143.67,179.3,14.49,18.0,10.0,28.0,1,0.595,1.0751,1
LJ500_R150_C038,150,38,680250,9576250,2500,4000,2023,3,2023-03,51,95.51,143.67,179.3,14.49,18.0,10.0,28.0,1,0.588,1.0548,1
LJ500_R150_C039,150,39,680750,9576250,3000,4000,2023,3,2023-03,51,95.51,143.67,179.3,14.49,18.0,10.0,28.0,1,0.542,0.9208,1
LJ500_R150_C040,150,40,681250,9576250,3500,4000,2023,3,2023-03,51,95.51,143.67,179.3,14.49,18.0,10.0,28.0,1,0.5148,0.857,1
LJ500_R150_C041,150,41,681750,9576250,4000,4000,2023,3,2023-03,51,95.51,143.67,179.3,14.49,18.0,10.0,28.0,1,0.4478,0.7,1
LJ500_R150_C042,150,42,682250,9576250,4500,4000,2023,3,2023-03,51,95.51,143.67,179.3,14.49,18.0,10.0,28.0,1,0.4839,0.7692,1
LJ500_R151_C033,151,33,677750,9576750,0,4500,2023,3,2023-03,51,100.72,145.57,181.29,30.82,20.7,7.3044,28.0,1,0.6084,1.1515,1
LJ500_R151_C034,151,34,678250,9576750,500,4500,2023,3,2023-03,51,95.51,143.67,179.3,14.49,18.0,10.0,28.0,1,0.6461,1.28,1
LJ500_R151_C035,151,35,678750,9576750,1000,4500,2023,3,2023-03,51,95.51,143.67,179.3,14.49,18.0,10.0,28.0,1,0.551,0.9597,1
LJ500_R151_C036,151,36,679250,9576750,1500,4500,2023,3,2023-03,51,95.51,143.67,179.3,14.49,18.0,10.0,28.0,1,0.5332,0.9,1
LJ500_R151_C037,151,37,679750,9576750,2000,4500,2023,3,2023-03,51,95.51,143.67,179.3,14.49,18.0,10.0,28.0,1,0.6246,1.1578,1
LJ500_R151_C038,151,38,680250,9576750,2500,4500,2023,3,2023-03,51,95.51,143.67,179.3,14.49,18.0,10.0,28.0,1,0.6179,1.1361,1
LJ500_R151_C039,151,39,680750,9576750,3000,4500,2023,3,2023-03,51,95.51,143.67,179.3,14.49,18.0,10.0,28.0,1,0.5721,0.99,1
LJ500_R151_C040,151,40,681250,9576750,3500,4500,2023,3,2023-03,51,95.51,143.67,179.3,14.49,18.0,10.0,28.0,1,0.5359,0.9062,1
LJ500_R151_C041,151,41,681750,9576750,4000,4500,2023,3,2023-03,51,95.51,143.67,179.3,14.49,18.0,10.0,28.0,1,0.4468,0.7,1
LJ500_R151_C042,151,42,682250,9576750,4500,4500,2023,3,2023-03,51,95.51,143.67,179.3,14.49,18.0,10.0,28.0,1,0.477,0.7569,1
LJ500_R142_C033,142,33,677750,9572250,0,0,2023,4,2023-04,52,190.36,267.13,299.57,27.05,18.0,13.0,31.0,1,0.3426,1.1588,1
LJ500_R142_C034,142,34,678250,9572250,500,0,2023,4,2023-04,52,166.42,236.9,269.24,23.53,18.0,13.0,31.0,1,0.3482,1.1646,1
LJ500_R142_C035,142,35,678750,9572250,1000,0,2023,4,2023-04,52,166.42,236.9,269.24,23.53,18.0,13.0,31.0,1,0.2444,0.7683,1
LJ500_R142_C036,142,36,679250,9572250,1500,0,2023,4,2023-04,52,166.42,236.9,269.24,23.53,18.0,13.0,31.0,1,0.2273,0.7023,1
LJ500_R142_C037,142,37,679750,9572250,2000,0,2023,4,2023-04,52,166.42,236.9,269.24,23.53,18.0,13.0,31.0,1,0.2046,0.57,1
LJ500_R142_C038,142,38,680250,9572250,2500,0,2023,4,2023-04,52,166.42,236.9,269.24,23.53,18.0,13.0,31.0,1,0.2217,0.6393,1
LJ500_R142_C039,142,39,680750,9572250,3000,0,2023,4,2023-04,52,166.42,236.9,269.24,23.53,18.0,13.0,31.0,1,0.3132,1.01,1
LJ500_R142_C040,142,40,681250,9572250,3500,0,2023,4,2023-04,52,166.42,236.9,269.24,23.53,18.0,13.0,31.0,1,0.3558,1.0719,1
LJ500_R142_C041,142,41,681750,9572250,4000,0,2023,4,2023-04,52,166.42,236.9,269.24,23.53,18.0,13.0,31.0,1,0.4523,1.2134,1
LJ500_R142_C042,142,42,682250,9572250,4500,0,2023,4,2023-04,52,166.42,236.9,269.24,23.53,18.0,13.0,31.0,1,0.4546,1.2131,1
LJ500_R143_C033,143,33,677750,9572750,0,500,2023,4,2023-04,52,190.5,267.31,299.75,27.07,18.0,13.0,31.0,1,0.2968,1.0106,1
LJ500_R143_C034,143,34,678250,9572750,500,500,2023,4,2023-04,52,166.42,236.9,269.24,23.53,18.0,13.0,31.0,1,0.2606,0.9,1
LJ500_R143_C035,143,35,678750,9572750,1000,500,2023,4,2023-04,52,166.42,236.9,269.24,23.53,18.0,13.0,31.0,1,0.2249,0.6512,1
LJ500_R143_C036,143,36,679250,9572750,1500,500,2023,4,2023-04,52,166.42,236.9,269.24,23.53,18.0,13.0,31.0,1,0.2189,0.6097,1
LJ500_R143_C037,143,37,679750,9572750,2000,500,2023,4,2023-04,52,166.42,236.9,269.24,23.53,18.0,13.0,31.0,1,0.2068,0.57,1
LJ500_R143_C038,143,38,680250,9572750,2500,500,2023,4,2023-04,52,166.42,236.9,269.24,23.53,18.0,13.0,31.0,1,0.2231,0.6385,1
LJ500_R143_C039,143,39,680750,9572750,3000,500,2023,4,2023-04,52,166.42,236.9,269.24,23.53,18.0,13.0,31.0,1,0.3116,1.01,1
LJ500_R143_C040,143,40,681250,9572750,3500,500,2023,4,2023-04,52,166.42,236.9,269.24,23.53,18.0,13.0,31.0,1,0.3916,1.2535,1
LJ500_R143_C041,143,41,681750,9572750,4000,500,2023,4,2023-04,52,166.42,236.9,269.24,23.53,18.0,13.0,31.0,1,0.5745,1.81,1
LJ500_R143_C042,143,42,682250,9572750,4500,500,2023,4,2023-04,52,166.42,236.9,269.24,23.53,18.0,13.0,31.0,1,0.5956,1.9641,1
LJ500_R144_C033,144,33,677750,9573250,0,1000,2023,4,2023-04,52,190.65,267.49,299.93,27.09,18.0,13.0,31.0,1,0.2851,0.9741,1
LJ500_R144_C034,144,34,678250,9573250,500,1000,2023,4,2023-04,52,166.42,236.9,269.24,23.53,18.0,13.0,31.0,1,0.2533,0.8697,1
LJ500_R144_C035,144,35,678750,9573250,1000,1000,2023,4,2023-04,52,166.42,236.9,269.24,23.53,18.0,13.0,31.0,1,0.2244,0.6552,1
LJ500_R144_C036,144,36,679250,9573250,1500,1000,2023,4,2023-04,52,166.42,236.9,269.24,23.53,18.0,13.0,31.0,1,0.2195,0.619,1
LJ500_R144_C037,144,37,679750,9573250,2000,1000,2023,4,2023-04,52,166.42,236.9,269.24,23.53,18.0,13.0,31.0,1,0.2069,0.57,1
LJ500_R144_C038,144,38,680250,9573250,2500,1000,2023,4,2023-04,52,166.42,236.9,269.24,23.53,18.0,13.0,31.0,1,0.2191,0.6257,1
LJ500_R144_C039,144,39,680750,9573250,3000,1000,2023,4,2023-04,52,166.42,236.9,269.24,23.53,18.0,13.0,31.0,1,0.2864,0.9318,1
LJ500_R144_C040,144,40,681250,9573250,3500,1000,2023,4,2023-04,52,166.42,236.9,269.24,23.53,18.0,13.0,31.0,1,0.3586,1.1276,1
LJ500_R144_C041,144,41,681750,9573250,4000,1000,2023,4,2023-04,52,166.42,236.9,269.24,23.53,18.0,13.0,31.0,1,0.5252,1.5788,1
LJ500_R144_C042,144,42,682250,9573250,4500,1000,2023,4,2023-04,52,166.42,236.9,269.24,23.53,18.0,13.0,31.0,1,0.5751,1.9063,1
LJ500_R145_C033,145,33,677750,9573750,0,1500,2023,4,2023-04,52,190.79,267.66,300.11,27.12,18.0,13.0,31.0,1,0.2578,0.8884,1
LJ500_R145_C034,145,34,678250,9573750,500,1500,2023,4,2023-04,52,166.42,236.9,269.24,23.53,18.0,13.0,31.0,1,0.2365,0.8,1
LJ500_R145_C035,145,35,678750,9573750,1000,1500,2023,4,2023-04,52,166.42,236.9,269.24,23.53,18.0,13.0,31.0,1,0.223,0.6633,1
LJ500_R145_C036,145,36,679250,9573750,1500,1500,2023,4,2023-04,52,166.42,236.9,269.24,23.53,18.0,13.0,31.0,1,0.2206,0.6398,1
LJ500_R145_C037,145,37,679750,9573750,2000,1500,2023,4,2023-04,52,166.42,236.9,269.24,23.53,18.0,13.0,31.0,1,0.2071,0.57,1
LJ500_R145_C038,145,38,680250,9573750,2500,1500,2023,4,2023-04,52,166.42,236.9,269.24,23.53,18.0,13.0,31.0,1,0.2107,0.5988,1
LJ500_R145_C039,145,39,680750,9573750,3000,1500,2023,4,2023-04,52,166.42,236.9,269.24,23.53,18.0,13.0,31.0,1,0.231,0.76,1
LJ500_R145_C040,145,40,681250,9573750,3500,1500,2023,4,2023-04,52,166.42,236.9,269.24,23.53,18.0,13.0,31.0,1,0.2874,0.8562,1
LJ500_R145_C041,145,41,681750,9573750,4000,1500,2023,4,2023-04,52,166.42,236.9,269.24,23.53,18.0,13.0,31.0,1,0.4187,1.08,1
LJ500_R145_C042,145,42,682250,9573750,4500,1500,2023,4,2023-04,52,166.42,236.9,269.24,23.53,18.0,13.0,31.0,1,0.5309,1.7811,1
LJ500_R146_C033,146,33,677750,9574250,0,2000,2023,4,2023-04,52,206.11,293.14,330.93,30.88,18.43,12.57,31.0,1,0.306,1.0403,1
LJ500_R146_C034,146,34,678250,9574250,500,2000,2023,4,2023-04,52,182.62,263.85,302.99,28.56,18.43,12.57,31.0,1,0.2947,0.9888,1
LJ500_R146_C035,146,35,678750,9574250,1000,2000,2023,4,2023-04,52,182.69,263.97,303.13,28.58,18.43,12.57,31.0,1,0.2474,0.798,1
LJ500_R146_C036,146,36,679250,9574250,1500,2000,2023,4,2023-04,52,182.76,264.09,303.28,28.6,18.43,12.57,31.0,1,0.2392,0.7652,1
LJ500_R146_C037,146,37,679750,9574250,2000,2000,2023,4,2023-04,52,182.83,264.2,303.43,28.63,18.44,12.56,31.0,1,0.2115,0.6259,1
LJ500_R146_C038,146,38,680250,9574250,2500,2000,2023,4,2023-04,52,182.9,264.32,303.58,28.65,18.44,12.56,31.0,1,0.2121,0.6301,1
LJ500_R146_C039,146,39,680750,9574250,3000,2000,2023,4,2023-04,52,182.97,264.44,303.73,28.67,18.44,12.56,31.0,1,0.2158,0.6519,1
LJ500_R146_C040,146,40,681250,9574250,3500,2000,2023,4,2023-04,52,183.05,264.56,303.88,28.69,18.44,12.56,31.0,1,0.2676,0.7696,1
LJ500_R146_C041,146,41,681750,9574250,4000,2000,2023,4,2023-04,52,183.12,264.68,304.03,28.72,18.44,12.56,31.0,1,0.3891,1.0468,1
LJ500_R146_C042,146,42,682250,9574250,4500,2000,2023,4,2023-04,52,183.19,264.8,304.18,28.74,18.44,12.56,31.0,1,0.5054,1.6703,1
LJ500_R147_C033,147,33,677750,9574750,0,2500,2023,4,2023-04,52,226.54,327.15,372.08,35.9,19.0,12.0,31.0,1,0.3629,1.219,1
LJ500_R147_C034,147,34,678250,9574750,500,2500,2023,4,2023-04,52,204.13,299.63,347.8,35.24,19.0,12.0,31.0,1,0.3629,1.21,1
LJ500_R147_C035,147,35,678750,9574750,1000,2500,2023,4,2023-04,52,204.13,299.63,347.8,35.24,19.0,12.0,31.0,1,0.276,0.9549,1
LJ500_R147_C036,147,36,679250,9574750,1500,2500,2023,4,2023-04,52,204.13,299.63,347.8,35.24,19.0,12.0,31.0,1,0.2606,0.91,1
LJ500_R147_C037,147,37,679750,9574750,2000,2500,2023,4,2023-04,52,204.13,299.63,347.8,35.24,19.0,12.0,31.0,1,0.2165,0.6902,1
LJ500_R147_C038,147,38,680250,9574750,2500,2500,2023,4,2023-04,52,204.13,299.63,347.8,35.24,19.0,12.0,31.0,1,0.2138,0.6663,1
LJ500_R147_C039,147,39,680750,9574750,3000,2500,2023,4,2023-04,52,204.13,299.63,347.8,35.24,19.0,12.0,31.0,1,0.1987,0.53,1
LJ500_R147_C040,147,40,681250,9574750,3500,2500,2023,4,2023-04,52,204.13,299.63,347.8,35.24,19.0,12.0,31.0,1,0.2454,0.6724,1
LJ500_R147_C041,147,41,681750,9574750,4000,2500,2023,4,2023-04,52,204.13,299.63,347.8,35.24,19.0,12.0,31.0,1,0.3561,1.01,1
LJ500_R147_C042,147,42,682250,9574750,4500,2500,2023,4,2023-04,52,204.13,299.63,347.8,35.24,19.0,12.0,31.0,1,0.4773,1.5491,1
LJ500_R148_C033,148,33,677750,9575250,0,3000,2023,4,2023-04,52,226.67,327.31,372.21,35.91,19.0,12.0,31.0,1,0.3563,1.1826,1
LJ500_R148_C034,148,34,678250,9575250,500,3000,2023,4,2023-04,52,204.13,299.63,347.8,35.24,19.0,12.0,31.0,1,0.3796,1.2347,1
LJ500_R148_C035,148,35,678750,9575250,1000,3000,2023,4,2023-04,52,204.13,299.63,347.8,35.24,19.0,12.0,31.0,1,0.29,1.0013,1
LJ500_R148_C036,148,36,679250,9575250,1500,3000,2023,4,2023-04,52,204.13,299.63,347.8,35.24,19.0,12.0,31.0,1,0.2741,0.9597,1
LJ500_R148_C037,148,37,679750,9575250,2000,3000,2023,4,2023-04,52,204.13,299.63,347.8,35.24,19.0,12.0,31.0,1,0.2385,0.8026,1
LJ500_R148_C038,148,38,680250,9575250,2500,3000,2023,4,2023-04,52,204.13,299.63,347.8,35.24,19.0,12.0,31.0,1,0.2328,0.7664,1
LJ500_R148_C039,148,39,680750,9575250,3000,3000,2023,4,2023-04,52,204.13,299.63,347.8,35.24,19.0,12.0,31.0,1,0.2001,0.5551,1
LJ500_R148_C040,148,40,681250,9575250,3500,3000,2023,4,2023-04,52,204.13,299.63,347.8,35.24,19.0,12.0,31.0,1,0.2193,0.6281,1
LJ500_R148_C041,148,41,681750,9575250,4000,3000,2023,4,2023-04,52,204.13,299.63,347.8,35.24,19.0,12.0,31.0,1,0.265,0.8019,1
LJ500_R148_C042,148,42,682250,9575250,4500,3000,2023,4,2023-04,52,204.13,299.63,347.8,35.24,19.0,12.0,31.0,1,0.3355,1.0574,1
LJ500_R149_C033,149,33,677750,9575750,0,3500,2023,4,2023-04,52,226.8,327.46,372.35,35.91,19.0,12.0,31.0,1,0.352,1.1593,1
LJ500_R149_C034,149,34,678250,9575750,500,3500,2023,4,2023-04,52,204.13,299.63,347.8,35.24,19.0,12.0,31.0,1,0.39,1.25,1
LJ500_R149_C035,149,35,678750,9575750,1000,3500,2023,4,2023-04,52,204.13,299.63,347.8,35.24,19.0,12.0,31.0,1,0.2988,1.0299,1
LJ500_R149_C036,149,36,679250,9575750,1500,3500,2023,4,2023-04,52,204.13,299.63,347.8,35.24,19.0,12.0,31.0,1,0.2823,0.99,1
LJ500_R149_C037,149,37,679750,9575750,2000,3500,2023,4,2023-04,52,204.13,299.63,347.8,35.24,19.0,12.0,31.0,1,0.2518,0.8706,1
LJ500_R149_C038,149,38,680250,9575750,2500,3500,2023,4,2023-04,52,204.13,299.63,347.8,35.24,19.0,12.0,31.0,1,0.2443,0.8268,1
LJ500_R149_C039,149,39,680750,9575750,3000,3500,2023,4,2023-04,52,204.13,299.63,347.8,35.24,19.0,12.0,31.0,1,0.201,0.57,1
LJ500_R149_C040,149,40,681250,9575750,3500,3500,2023,4,2023-04,52,204.13,299.63,347.8,35.24,19.0,12.0,31.0,1,0.2041,0.6022,1
LJ500_R149_C041,149,41,681750,9575750,4000,3500,2023,4,2023-04,52,204.13,299.63,347.8,35.24,19.0,12.0,31.0,1,0.2116,0.68,1
LJ500_R149_C042,149,42,682250,9575750,4500,3500,2023,4,2023-04,52,204.13,299.63,347.8,35.24,19.0,12.0,31.0,1,0.2532,0.7728,1
LJ500_R150_C033,150,33,677750,9576250,0,4000,2023,4,2023-04,52,226.93,327.62,372.49,35.92,19.0,12.0,31.0,1,0.3994,1.276,1
LJ500_R150_C034,150,34,678250,9576250,500,4000,2023,4,2023-04,52,204.13,299.63,347.8,35.24,19.0,12.0,31.0,1,0.45,1.3817,1
LJ500_R150_C035,150,35,678750,9576250,1000,4000,2023,4,2023-04,52,204.13,299.63,347.8,35.24,19.0,12.0,31.0,1,0.3263,1.1033,1
LJ500_R150_C036,150,36,679250,9576250,1500,4000,2023,4,2023-04,52,204.13,299.63,347.8,35.24,19.0,12.0,31.0,1,0.3036,1.0523,1
LJ500_R150_C037,150,37,679750,9576250,2000,4000,2023,4,2023-04,52,204.13,299.63,347.8,35.24,19.0,12.0,31.0,1,0.3677,1.0959,1
LJ500_R150_C038,150,38,680250,9576250,2500,4000,2023,4,2023-04,52,204.13,299.63,347.8,35.24,19.0,12.0,31.0,1,0.3591,1.0719,1
LJ500_R150_C039,150,39,680750,9576250,3000,4000,2023,4,2023-04,52,204.13,299.63,347.8,35.24,19.0,12.0,31.0,1,0.3031,0.9227,1
LJ500_R150_C040,150,40,681250,9576250,3500,4000,2023,4,2023-04,52,204.13,299.63,347.8,35.24,19.0,12.0,31.0,1,0.2761,0.8504,1
LJ500_R150_C041,150,41,681750,9576250,4000,4000,2023,4,2023-04,52,204.13,299.63,347.8,35.24,19.0,12.0,31.0,1,0.2098,0.6721,1
LJ500_R150_C042,150,42,682250,9576250,4500,4000,2023,4,2023-04,52,204.13,299.63,347.8,35.24,19.0,12.0,31.0,1,0.2357,0.7401,1
LJ500_R151_C033,151,33,677750,9576750,0,4500,2023,4,2023-04,52,227.05,327.77,372.63,35.92,19.0,12.0,31.0,1,0.4131,1.3098,1
LJ500_R151_C034,151,34,678250,9576750,500,4500,2023,4,2023-04,52,204.13,299.63,347.8,35.24,19.0,12.0,31.0,1,0.4674,1.42,1
LJ500_R151_C035,151,35,678750,9576750,1000,4500,2023,4,2023-04,52,204.13,299.63,347.8,35.24,19.0,12.0,31.0,1,0.3345,1.125,1
LJ500_R151_C036,151,36,679250,9576750,1500,4500,2023,4,2023-04,52,204.13,299.63,347.8,35.24,19.0,12.0,31.0,1,0.3097,1.07,1
LJ500_R151_C037,151,37,679750,9576750,2000,4500,2023,4,2023-04,52,204.13,299.63,347.8,35.24,19.0,12.0,31.0,1,0.4002,1.1592,1
LJ500_R151_C038,151,38,680250,9576750,2500,4500,2023,4,2023-04,52,204.13,299.63,347.8,35.24,19.0,12.0,31.0,1,0.3912,1.1404,1
LJ500_R151_C039,151,39,680750,9576750,3000,4500,2023,4,2023-04,52,204.13,299.63,347.8,35.24,19.0,12.0,31.0,1,0.3313,1.02,1
LJ500_R151_C040,151,40,681250,9576750,3500,4500,2023,4,2023-04,52,204.13,299.63,347.8,35.24,19.0,12.0,31.0,1,0.296,0.9188,1
LJ500_R151_C041,151,41,681750,9576750,4000,4500,2023,4,2023-04,52,204.13,299.63,347.8,35.24,19.0,12.0,31.0,1,0.2094,0.67,1
LJ500_R151_C042,151,42,682250,9576750,4500,4500,2023,4,2023-04,52,204.13,299.63,347.8,35.24,19.0,12.0,31.0,1,0.231,0.7313,1
LJ500_R142_C033,142,33,677750,9572250,0,0,2023,5,2023-05,53,319.45,509.82,586.58,60.66,18.0,12.0,30.0,1,0.3154,1.2564,1
LJ500_R142_C034,142,34,678250,9572250,500,0,2023,5,2023-05,53,304.02,470.44,540.92,59.08,18.0,12.0,30.0,1,0.3172,1.2949,1
LJ500_R142_C035,142,35,678750,9572250,1000,0,2023,5,2023-05,53,304.02,470.44,540.92,59.08,18.0,12.0,30.0,1,0.2229,0.5772,1
LJ500_R142_C036,142,36,679250,9572250,1500,0,2023,5,2023-05,53,304.02,470.44,540.92,59.08,18.0,12.0,30.0,1,0.2073,0.4607,1
LJ500_R142_C037,142,37,679750,9572250,2000,0,2023,5,2023-05,53,304.02,470.44,540.92,59.08,18.0,12.0,30.0,1,0.1816,0.483,1
LJ500_R142_C038,142,38,680250,9572250,2500,0,2023,5,2023-05,53,304.02,470.44,540.92,59.08,18.0,12.0,30.0,1,0.1955,0.5834,1
LJ500_R142_C039,142,39,680750,9572250,3000,0,2023,5,2023-05,53,304.02,470.44,540.92,59.08,18.0,12.0,30.0,1,0.2696,1.12,1
LJ500_R142_C040,142,40,681250,9572250,3500,0,2023,5,2023-05,53,304.02,470.44,540.92,59.08,18.0,12.0,30.0,1,0.3008,1.3006,1
LJ500_R142_C041,142,41,681750,9572250,4000,0,2023,5,2023-05,53,304.02,470.44,540.92,59.08,18.0,12.0,30.0,1,0.3716,1.7106,1
LJ500_R142_C042,142,42,682250,9572250,4500,0,2023,5,2023-05,53,304.02,470.44,540.92,59.08,18.0,12.0,30.0,1,0.3722,1.6908,1
LJ500_R143_C033,143,33,677750,9572750,0,500,2023,5,2023-05,53,319.54,510.05,586.85,60.67,18.0,12.0,30.0,1,0.28,0.9641,1
LJ500_R143_C034,143,34,678250,9572750,500,500,2023,5,2023-05,53,304.02,470.44,540.92,59.08,18.0,12.0,30.0,1,0.25,0.74,1
LJ500_R143_C035,143,35,678750,9572750,1000,500,2023,5,2023-05,53,304.02,470.44,540.92,59.08,18.0,12.0,30.0,1,0.2062,0.5513,1
LJ500_R143_C036,143,36,679250,9572750,1500,500,2023,5,2023-05,53,304.02,470.44,540.92,59.08,18.0,12.0,30.0,1,0.1989,0.5199,1
LJ500_R143_C037,143,37,679750,9572750,2000,500,2023,5,2023-05,53,304.02,470.44,540.92,59.08,18.0,12.0,30.0,1,0.185,0.5,1
LJ500_R143_C038,143,38,680250,9572750,2500,500,2023,5,2023-05,53,304.02,470.44,540.92,59.08,18.0,12.0,30.0,1,0.1981,0.5965,1
LJ500_R143_C039,143,39,680750,9572750,3000,500,2023,5,2023-05,53,304.02,470.44,540.92,59.08,18.0,12.0,30.0,1,0.269,1.12,1
LJ500_R143_C040,143,40,681250,9572750,3500,500,2023,5,2023-05,53,304.02,470.44,540.92,59.08,18.0,12.0,30.0,1,0.3284,1.461,1
LJ500_R143_C041,143,41,681750,9572750,4000,500,2023,5,2023-05,53,304.02,470.44,540.92,59.08,18.0,12.0,30.0,1,0.464,2.24,1
LJ500_R143_C042,143,42,682250,9572750,4500,500,2023,5,2023-05,53,304.02,470.44,540.92,59.08,18.0,12.0,30.0,1,0.482,2.3216,1
LJ500_R144_C033,144,33,677750,9573250,0,1000,2023,5,2023-05,53,319.64,510.28,587.12,60.68,18.0,12.0,30.0,1,0.2717,0.8862,1
LJ500_R144_C034,144,34,678250,9573250,500,1000,2023,5,2023-05,53,304.02,470.44,540.92,59.08,18.0,12.0,30.0,1,0.2446,0.6824,1
LJ500_R144_C035,144,35,678750,9573250,1000,1000,2023,5,2023-05,53,304.02,470.44,540.92,59.08,18.0,12.0,30.0,1,0.2077,0.5381,1
LJ500_R144_C036,144,36,679250,9573250,1500,1000,2023,5,2023-05,53,304.02,470.44,540.92,59.08,18.0,12.0,30.0,1,0.2014,0.5138,1
LJ500_R144_C037,144,37,679750,9573250,2000,1000,2023,5,2023-05,53,304.02,470.44,540.92,59.08,18.0,12.0,30.0,1,0.186,0.5031,1
LJ500_R144_C038,144,38,680250,9573250,2500,1000,2023,5,2023-05,53,304.02,470.44,540.92,59.08,18.0,12.0,30.0,1,0.1957,0.5741,1
LJ500_R144_C039,144,39,680750,9573250,3000,1000,2023,5,2023-05,53,304.02,470.44,540.92,59.08,18.0,12.0,30.0,1,0.2487,0.9636,1
LJ500_R144_C040,144,40,681250,9573250,3500,1000,2023,5,2023-05,53,304.02,470.44,540.92,59.08,18.0,12.0,30.0,1,0.3025,1.2852,1
LJ500_R144_C041,144,41,681750,9573250,4000,1000,2023,5,2023-05,53,304.02,470.44,540.92,59.08,18.0,12.0,30.0,1,0.4268,2.0278,1
LJ500_R144_C042,144,42,682250,9573250,4500,1000,2023,5,2023-05,53,304.02,470.44,540.92,59.08,18.0,12.0,30.0,1,0.4687,2.243,1
LJ500_R145_C033,145,33,677750,9573750,0,1500,2023,5,2023-05,53,319.73,510.51,587.39,60.69,18.0,12.0,30.0,1,0.2522,0.7033,1
LJ500_R145_C034,145,34,678250,9573750,500,1500,2023,5,2023-05,53,304.02,470.44,540.92,59.08,18.0,12.0,30.0,1,0.2323,0.55,1
LJ500_R145_C035,145,35,678750,9573750,1000,1500,2023,5,2023-05,53,304.02,470.44,540.92,59.08,18.0,12.0,30.0,1,0.2107,0.5073,1
LJ500_R145_C036,145,36,679250,9573750,1500,1500,2023,5,2023-05,53,304.02,470.44,540.92,59.08,18.0,12.0,30.0,1,0.2069,0.5,1
LJ500_R145_C037,145,37,679750,9573750,2000,1500,2023,5,2023-05,53,304.02,470.44,540.92,59.08,18.0,12.0,30.0,1,0.1883,0.51,1
LJ500_R145_C038,145,38,680250,9573750,2500,1500,2023,5,2023-05,53,304.02,470.44,540.92,59.08,18.0,12.0,30.0,1,0.1907,0.5267,1
LJ500_R145_C039,145,39,680750,9573750,3000,1500,2023,5,2023-05,53,304.02,470.44,540.92,59.08,18.0,12.0,30.0,1,0.204,0.62,1
LJ500_R145_C040,145,40,681250,9573750,3500,1500,2023,5,2023-05,53,304.02,470.44,540.92,59.08,18.0,12.0,30.0,1,0.2469,0.9056,1
LJ500_R145_C041,145,41,681750,9573750,4000,1500,2023,5,2023-05,53,304.02,470.44,540.92,59.08,18.0,12.0,30.0,1,0.3467,1.57,1
LJ500_R145_C042,145,42,682250,9573750,4500,1500,2023,5,2023-05,53,304.02,470.44,540.92,59.08,18.0,12.0,30.0,1,0.4401,2.0733,1
LJ500_R146_C033,146,33,677750,9574250,0,2000,2023,5,2023-05,53,344.01,550.12,637.16,66.44,18.43,11.57,30.0,1,0.2901,1.0324,1
LJ500_R146_C034,146,34,678250,9574250,500,2000,2023,5,2023-05,53,334.8,517.42,598.65,65.84,18.43,11.57,30.0,1,0.2784,0.9505,1
LJ500_R146_C035,146,35,678750,9574250,1000,2000,2023,5,2023-05,53,334.94,517.63,598.91,65.87,18.43,11.57,30.0,1,0.2333,0.6851,1
LJ500_R146_C036,146,36,679250,9574250,1500,2000,2023,5,2023-05,53,335.08,517.83,599.16,65.9,18.43,11.57,30.0,1,0.2255,0.6392,1
LJ500_R146_C037,146,37,679750,9574250,2000,2000,2023,5,2023-05,53,335.21,518.04,599.41,65.93,18.44,11.56,30.0,1,0.1941,0.496,1
LJ500_R146_C038,146,38,680250,9574250,2500,2000,2023,5,2023-05,53,335.35,518.25,599.67,65.96,18.44,11.56,30.0,1,0.1937,0.5054,1
LJ500_R146_C039,146,39,680750,9574250,3000,2000,2023,5,2023-05,53,335.48,518.46,599.93,65.99,18.44,11.56,30.0,1,0.1912,0.5589,1
LJ500_R146_C040,146,40,681250,9574250,3500,2000,2023,5,2023-05,53,335.62,518.67,600.18,66.02,18.44,11.56,30.0,1,0.2308,0.8227,1
LJ500_R146_C041,146,41,681750,9574250,4000,2000,2023,5,2023-05,53,335.76,518.88,600.44,66.05,18.44,11.56,30.0,1,0.3238,1.4421,1
LJ500_R146_C042,146,42,682250,9574250,4500,2000,2023,5,2023-05,53,335.9,519.09,600.7,66.08,18.44,11.56,30.0,1,0.417,1.9492,1
LJ500_R147_C033,147,33,677750,9574750,0,2500,2023,5,2023-05,53,376.4,602.94,703.55,74.13,19.0,11.0,30.0,1,0.3348,1.42,1
LJ500_R147_C034,147,34,678250,9574750,500,2500,2023,5,2023-05,53,375.68,579.8,675.31,74.82,19.0,11.0,30.0,1,0.3323,1.42,1
LJ500_R147_C035,147,35,678750,9574750,1000,2500,2023,5,2023-05,53,375.68,579.8,675.31,74.82,19.0,11.0,30.0,1,0.2598,0.8928,1
LJ500_R147_C036,147,36,679250,9574750,1500,2500,2023,5,2023-05,53,375.68,579.8,675.31,74.82,19.0,11.0,30.0,1,0.247,0.8,1
LJ500_R147_C037,147,37,679750,9574750,2000,2500,2023,5,2023-05,53,375.68,579.8,675.31,74.82,19.0,11.0,30.0,1,0.2007,0.4803,1
LJ500_R147_C038,147,38,680250,9574750,2500,2500,2023,5,2023-05,53,375.68,579.8,675.31,74.82,19.0,11.0,30.0,1,0.1971,0.4815,1
LJ500_R147_C039,147,39,680750,9574750,3000,2500,2023,5,2023-05,53,375.68,579.8,675.31,74.82,19.0,11.0,30.0,1,0.1767,0.49,1
LJ500_R147_C040,147,40,681250,9574750,3500,2500,2023,5,2023-05,53,375.68,579.8,675.31,74.82,19.0,11.0,30.0,1,0.2128,0.7304,1
LJ500_R147_C041,147,41,681750,9574750,4000,2500,2023,5,2023-05,53,375.68,579.8,675.31,74.82,19.0,11.0,30.0,1,0.2983,1.3,1
LJ500_R147_C042,147,42,682250,9574750,4500,2500,2023,5,2023-05,53,375.68,579.8,675.31,74.82,19.0,11.0,30.0,1,0.3916,1.8124,1
LJ500_R148_C033,148,33,677750,9575250,0,3000,2023,5,2023-05,53,376.4,603.07,703.71,74.12,19.0,11.0,30.0,1,0.3301,1.3705,1
LJ500_R148_C034,148,34,678250,9575250,500,3000,2023,5,2023-05,53,375.68,579.8,675.31,74.82,19.0,11.0,30.0,1,0.3445,1.5188,1
LJ500_R148_C035,148,35,678750,9575250,1000,3000,2023,5,2023-05,53,375.68,579.8,675.31,74.82,19.0,11.0,30.0,1,0.2733,0.9983,1
LJ500_R148_C036,148,36,679250,9575250,1500,3000,2023,5,2023-05,53,375.68,579.8,675.31,74.82,19.0,11.0,30.0,1,0.2607,0.9056,1
LJ500_R148_C037,148,37,679750,9575250,2000,3000,2023,5,2023-05,53,375.68,579.8,675.31,74.82,19.0,11.0,30.0,1,0.2228,0.6676,1
LJ500_R148_C038,148,38,680250,9575250,2500,3000,2023,5,2023-05,53,375.68,579.8,675.31,74.82,19.0,11.0,30.0,1,0.2165,0.6425,1
LJ500_R148_C039,148,39,680750,9575250,3000,3000,2023,5,2023-05,53,375.68,579.8,675.31,74.82,19.0,11.0,30.0,1,0.18,0.4963,1
LJ500_R148_C040,148,40,681250,9575250,3500,3000,2023,5,2023-05,53,375.68,579.8,675.31,74.82,19.0,11.0,30.0,1,0.1941,0.5924,1
LJ500_R148_C041,148,41,681750,9575250,4000,3000,2023,5,2023-05,53,375.68,579.8,675.31,74.82,19.0,11.0,30.0,1,0.2275,0.8207,1
LJ500_R148_C042,148,42,682250,9575250,4500,3000,2023,5,2023-05,53,375.68,579.8,675.31,74.82,19.0,11.0,30.0,1,0.2809,1.147,1
LJ500_R149_C033,149,33,677750,9575750,0,3500,2023,5,2023-05,53,376.41,603.2,703.87,74.12,19.0,11.0,30.0,1,0.3269,1.3382,1
LJ500_R149_C034,149,34,678250,9575750,500,3500,2023,5,2023-05,53,375.68,579.8,675.31,74.82,19.0,11.0,30.0,1,0.352,1.58,1
LJ500_R149_C035,149,35,678750,9575750,1000,3500,2023,5,2023-05,53,375.68,579.8,675.31,74.82,19.0,11.0,30.0,1,0.2817,1.0636,1
LJ500_R149_C036,149,36,679250,9575750,1500,3500,2023,5,2023-05,53,375.68,579.8,675.31,74.82,19.0,11.0,30.0,1,0.269,0.97,1
LJ500_R149_C037,149,37,679750,9575750,2000,3500,2023,5,2023-05,53,375.68,579.8,675.31,74.82,19.0,11.0,30.0,1,0.2362,0.7809,1
LJ500_R149_C038,149,38,680250,9575750,2500,3500,2023,5,2023-05,53,375.68,579.8,675.31,74.82,19.0,11.0,30.0,1,0.2282,0.7396,1
LJ500_R149_C039,149,39,680750,9575750,3000,3500,2023,5,2023-05,53,375.68,579.8,675.31,74.82,19.0,11.0,30.0,1,0.182,0.5,1
LJ500_R149_C040,149,40,681250,9575750,3500,3500,2023,5,2023-05,53,375.68,579.8,675.31,74.82,19.0,11.0,30.0,1,0.1832,0.5117,1
LJ500_R149_C041,149,41,681750,9575750,4000,3500,2023,5,2023-05,53,375.68,579.8,675.31,74.82,19.0,11.0,30.0,1,0.186,0.54,1
LJ500_R149_C042,149,42,682250,9575750,4500,3500,2023,5,2023-05,53,375.68,579.8,675.31,74.82,19.0,11.0,30.0,1,0.2168,0.7609,1
LJ500_R150_C033,150,33,677750,9576250,0,4000,2023,5,2023-05,53,376.41,603.34,704.03,74.11,19.0,11.0,30.0,1,0.3604,1.5903,1
LJ500_R150_C034,150,34,678250,9576250,500,4000,2023,5,2023-05,53,375.68,579.8,675.31,74.82,19.0,11.0,30.0,1,0.393,1.8743,1
LJ500_R150_C035,150,35,678750,9576250,1000,4000,2023,5,2023-05,53,375.68,579.8,675.31,74.82,19.0,11.0,30.0,1,0.304,1.2352,1
LJ500_R150_C036,150,36,679250,9576250,1500,4000,2023,5,2023-05,53,375.68,579.8,675.31,74.82,19.0,11.0,30.0,1,0.2877,1.1179,1
LJ500_R150_C037,150,37,679750,9576250,2000,4000,2023,5,2023-05,53,375.68,579.8,675.31,74.82,19.0,11.0,30.0,1,0.3208,1.4098,1
LJ500_R150_C038,150,38,680250,9576250,2500,4000,2023,5,2023-05,53,375.68,579.8,675.31,74.82,19.0,11.0,30.0,1,0.313,1.3647,1
LJ500_R150_C039,150,39,680750,9576250,3000,4000,2023,5,2023-05,53,375.68,579.8,675.31,74.82,19.0,11.0,30.0,1,0.2638,1.0722,1
LJ500_R150_C040,150,40,681250,9576250,3500,4000,2023,5,2023-05,53,375.68,579.8,675.31,74.82,19.0,11.0,30.0,1,0.2416,0.916,1
LJ500_R150_C041,150,41,681750,9576250,4000,4000,2023,5,2023-05,53,375.68,579.8,675.31,74.82,19.0,11.0,30.0,1,0.1871,0.5321,1
LJ500_R150_C042,150,42,682250,9576250,4500,4000,2023,5,2023-05,53,375.68,579.8,675.31,74.82,19.0,11.0,30.0,1,0.2041,0.6825,1
LJ500_R151_C033,151,33,677750,9576750,0,4500,2023,5,2023-05,53,376.41,603.47,704.19,74.11,19.0,11.0,30.0,1,0.3701,1.6632,1
LJ500_R151_C034,151,34,678250,9576750,500,4500,2023,5,2023-05,53,375.68,579.8,675.31,74.82,19.0,11.0,30.0,1,0.405,1.96,1
LJ500_R151_C035,151,35,678750,9576750,1000,4500,2023,5,2023-05,53,375.68,579.8,675.31,74.82,19.0,11.0,30.0,1,0.3106,1.2858,1
LJ500_R151_C036,151,36,679250,9576750,1500,4500,2023,5,2023-05,53,375.68,579.8,675.31,74.82,19.0,11.0,30.0,1,0.293,1.16,1
LJ500_R151_C037,151,37,679750,9576750,2000,4500,2023,5,2023-05,53,375.68,579.8,675.31,74.82,19.0,11.0,30.0,1,0.3446,1.5864,1
LJ500_R151_C038,151,38,680250,9576750,2500,4500,2023,5,2023-05,53,375.68,579.8,675.31,74.82,19.0,11.0,30.0,1,0.3368,1.5395,1
LJ500_R151_C039,151,39,680750,9576750,3000,4500,2023,5,2023-05,53,375.68,579.8,675.31,74.82,19.0,11.0,30.0,1,0.2863,1.23,1
LJ500_R151_C040,151,40,681250,9576750,3500,4500,2023,5,2023-05,53,375.68,579.8,675.31,74.82,19.0,11.0,30.0,1,0.2577,1.0276,1
LJ500_R151_C041,151,41,681750,9576750,4000,4500,2023,5,2023-05,53,375.68,579.8,675.31,74.82,19.0,11.0,30.0,1,0.1873,0.53,1
LJ500_R151_C042,151,42,682250,9576750,4500,4500,2023,5,2023-05,53,375.68,579.8,675.31,74.82,19.0,11.0,30.0,1,0.2008,0.6614,1
LJ500_R142_C033,142,33,677750,9572250,0,0,2023,6,2023-06,54,12.71,332.16,522.52,7.806,29.0,2.0,31.0,1,0.3618,0.6796,1
LJ500_R142_C034,142,34,678250,9572250,500,0,2023,6,2023-06,54,12.44,316.46,482.88,7.6601,29.0,2.0,31.0,1,0.3616,0.681,1
LJ500_R142_C035,142,35,678750,9572250,1000,0,2023,6,2023-06,54,12.44,316.46,482.88,7.6601,29.0,2.0,31.0,1,0.2955,0.5314,1
LJ500_R142_C036,142,36,679250,9572250,1500,0,2023,6,2023-06,54,12.44,316.46,482.88,7.6601,29.0,2.0,31.0,1,0.2843,0.5067,1
LJ500_R142_C037,142,37,679750,9572250,2000,0,2023,6,2023-06,54,12.44,316.46,482.88,7.6601,29.0,2.0,31.0,1,0.2442,0.4685,1
LJ500_R142_C038,142,38,680250,9572250,2500,0,2023,6,2023-06,54,12.44,316.46,482.88,7.6601,29.0,2.0,31.0,1,0.2576,0.4903,1
LJ500_R142_C039,142,39,680750,9572250,3000,0,2023,6,2023-06,54,12.44,316.46,482.88,7.6601,29.0,2.0,31.0,1,0.3289,0.6069,1
LJ500_R142_C040,142,40,681250,9572250,3500,0,2023,6,2023-06,54,12.44,316.46,482.88,7.6601,29.0,2.0,31.0,1,0.3425,0.6501,1
LJ500_R142_C041,142,41,681750,9572250,4000,0,2023,6,2023-06,54,12.44,316.46,482.88,7.6601,29.0,2.0,31.0,1,0.3731,0.7483,1
LJ500_R142_C042,142,42,682250,9572250,4500,0,2023,6,2023-06,54,12.44,316.46,482.88,7.6601,29.0,2.0,31.0,1,0.3734,0.7645,1
LJ500_R143_C033,143,33,677750,9572750,0,500,2023,6,2023-06,54,12.71,332.25,522.76,7.8068,29.0,2.0,31.0,1,0.3359,0.6107,1
LJ500_R143_C034,143,34,678250,9572750,500,500,2023,6,2023-06,54,12.44,316.46,482.88,7.6601,29.0,2.0,31.0,1,0.3184,0.57,1
LJ500_R143_C035,143,35,678750,9572750,1000,500,2023,6,2023-06,54,12.44,316.46,482.88,7.6601,29.0,2.0,31.0,1,0.2744,0.5014,1
LJ500_R143_C036,143,36,679250,9572750,1500,500,2023,6,2023-06,54,12.44,316.46,482.88,7.6601,29.0,2.0,31.0,1,0.267,0.4898,1
LJ500_R143_C037,143,37,679750,9572750,2000,500,2023,6,2023-06,54,12.44,316.46,482.88,7.6601,29.0,2.0,31.0,1,0.2481,0.46,1
LJ500_R143_C038,143,38,680250,9572750,2500,500,2023,6,2023-06,54,12.44,316.46,482.88,7.6601,29.0,2.0,31.0,1,0.26,0.4802,1
LJ500_R143_C039,143,39,680750,9572750,3000,500,2023,6,2023-06,54,12.44,316.46,482.88,7.6601,29.0,2.0,31.0,1,0.3248,0.59,1
LJ500_R143_C040,143,40,681250,9572750,3500,500,2023,6,2023-06,54,12.44,316.46,482.88,7.6601,29.0,2.0,31.0,1,0.3414,0.6996,1
LJ500_R143_C041,143,41,681750,9572750,4000,500,2023,6,2023-06,54,12.44,316.46,482.88,7.6601,29.0,2.0,31.0,1,0.3794,0.95,1
LJ500_R143_C042,143,42,682250,9572750,4500,500,2023,6,2023-06,54,12.44,316.46,482.88,7.6601,29.0,2.0,31.0,1,0.3845,0.9999,1
LJ500_R144_C033,144,33,677750,9573250,0,1000,2023,6,2023-06,54,12.71,332.35,522.99,7.8077,29.0,2.0,31.0,1,0.3299,0.5954,1
LJ500_R144_C034,144,34,678250,9573250,500,1000,2023,6,2023-06,54,12.44,316.46,482.88,7.6601,29.0,2.0,31.0,1,0.3136,0.5579,1
LJ500_R144_C035,144,35,678750,9573250,1000,1000,2023,6,2023-06,54,12.44,316.46,482.88,7.6601,29.0,2.0,31.0,1,0.2763,0.4971,1
LJ500_R144_C036,144,36,679250,9573250,1500,1000,2023,6,2023-06,54,12.44,316.46,482.88,7.6601,29.0,2.0,31.0,1,0.27,0.4868,1
LJ500_R144_C037,144,37,679750,9573250,2000,1000,2023,6,2023-06,54,12.44,316.46,482.88,7.6601,29.0,2.0,31.0,1,0.2487,0.4569,1
LJ500_R144_C038,144,38,680250,9573250,2500,1000,2023,6,2023-06,54,12.44,316.46,482.88,7.6601,29.0,2.0,31.0,1,0.2579,0.4721,1
LJ500_R144_C039,144,39,680750,9573250,3000,1000,2023,6,2023-06,54,12.44,316.46,482.88,7.6601,29.0,2.0,31.0,1,0.3086,0.5556,1
LJ500_R144_C040,144,40,681250,9573250,3500,1000,2023,6,2023-06,54,12.44,316.46,482.88,7.6601,29.0,2.0,31.0,1,0.3282,0.65,1
LJ500_R144_C041,144,41,681750,9573250,4000,1000,2023,6,2023-06,54,12.44,316.46,482.88,7.6601,29.0,2.0,31.0,1,0.3737,0.8677,1
LJ500_R144_C042,144,42,682250,9573250,4500,1000,2023,6,2023-06,54,12.44,316.46,482.88,7.6601,29.0,2.0,31.0,1,0.385,0.9628,1
LJ500_R145_C033,145,33,677750,9573750,0,1500,2023,6,2023-06,54,12.71,332.44,523.22,7.8085,29.0,2.0,31.0,1,0.3157,0.5595,1
LJ500_R145_C034,145,34,678250,9573750,500,1500,2023,6,2023-06,54,12.44,316.46,482.88,7.6601,29.0,2.0,31.0,1,0.3026,0.53,1
LJ500_R145_C035,145,35,678750,9573750,1000,1500,2023,6,2023-06,54,12.44,316.46,482.88,7.6601,29.0,2.0,31.0,1,0.2805,0.4873,1
LJ500_R145_C036,145,36,679250,9573750,1500,1500,2023,6,2023-06,54,12.44,316.46,482.88,7.6601,29.0,2.0,31.0,1,0.2767,0.4799,1
LJ500_R145_C037,145,37,679750,9573750,2000,1500,2023,6,2023-06,54,12.44,316.46,482.88,7.6601,29.0,2.0,31.0,1,0.25,0.45,1
LJ500_R145_C038,145,38,680250,9573750,2500,1500,2023,6,2023-06,54,12.44,316.46,482.88,7.6601,29.0,2.0,31.0,1,0.2535,0.4546,1
LJ500_R145_C039,145,39,680750,9573750,3000,1500,2023,6,2023-06,54,12.44,316.46,482.88,7.6601,29.0,2.0,31.0,1,0.2729,0.48,1
LJ500_R145_C040,145,40,681250,9573750,3500,1500,2023,6,2023-06,54,12.44,316.46,482.88,7.6601,29.0,2.0,31.0,1,0.2996,0.5431,1
LJ500_R145_C041,145,41,681750,9573750,4000,1500,2023,6,2023-06,54,12.44,316.46,482.88,7.6601,29.0,2.0,31.0,1,0.3616,0.69,1
LJ500_R145_C042,145,42,682250,9573750,4500,1500,2023,6,2023-06,54,12.44,316.46,482.88,7.6601,29.0,2.0,31.0,1,0.3861,0.8832,1
LJ500_R146_C033,146,33,677750,9574250,0,2000,2023,6,2023-06,54,15.07,359.08,565.19,9.4491,29.0,2.0,31.0,1,0.3345,0.6024,1
LJ500_R146_C034,146,34,678250,9574250,500,2000,2023,6,2023-06,54,15.33,350.13,532.75,9.6518,29.0,2.0,31.0,1,0.3262,0.5852,1
LJ500_R146_C035,146,35,678750,9574250,1000,2000,2023,6,2023-06,54,15.34,350.28,532.97,9.6606,29.0,2.0,31.0,1,0.2949,0.5153,1
LJ500_R146_C036,146,36,679250,9574250,1500,2000,2023,6,2023-06,54,15.35,350.43,533.19,9.6693,29.0,2.0,31.0,1,0.2895,0.5032,1
LJ500_R146_C037,146,37,679750,9574250,2000,2000,2023,6,2023-06,54,15.37,350.58,533.41,9.6781,29.0,2.0,31.0,1,0.2592,0.4547,1
LJ500_R146_C038,146,38,680250,9574250,2500,2000,2023,6,2023-06,54,15.38,350.73,533.63,9.6869,29.0,2.0,31.0,1,0.259,0.4536,1
LJ500_R146_C039,146,39,680750,9574250,3000,2000,2023,6,2023-06,54,15.39,350.88,533.85,9.6958,29.0,2.0,31.0,1,0.2574,0.4471,1
LJ500_R146_C040,146,40,681250,9574250,3500,2000,2023,6,2023-06,54,15.41,351.03,534.07,9.7046,29.0,2.0,31.0,1,0.2849,0.5041,1
LJ500_R146_C041,146,41,681750,9574250,4000,2000,2023,6,2023-06,54,15.42,351.18,534.29,9.7135,29.0,2.0,31.0,1,0.3495,0.6379,1
LJ500_R146_C042,146,42,682250,9574250,4500,2000,2023,6,2023-06,54,15.43,351.33,534.52,9.7224,29.0,2.0,31.0,1,0.3742,0.845,1
LJ500_R147_C033,147,33,677750,9574750,0,2500,2023,6,2023-06,54,18.21,394.61,621.15,11.64,29.0,2.0,31.0,1,0.3566,0.653,1
LJ500_R147_C034,147,34,678250,9574750,500,2500,2023,6,2023-06,54,19.16,394.84,598.97,12.3,29.0,2.0,31.0,1,0.3539,0.65,1
LJ500_R147_C035,147,35,678750,9574750,1000,2500,2023,6,2023-06,54,19.16,394.84,598.97,12.3,29.0,2.0,31.0,1,0.3116,0.548,1
LJ500_R147_C036,147,36,679250,9574750,1500,2500,2023,6,2023-06,54,19.16,394.84,598.97,12.3,29.0,2.0,31.0,1,0.3042,0.53,1
LJ500_R147_C037,147,37,679750,9574750,2000,2500,2023,6,2023-06,54,19.16,394.84,598.97,12.3,29.0,2.0,31.0,1,0.2697,0.4601,1
LJ500_R147_C038,147,38,680250,9574750,2500,2500,2023,6,2023-06,54,19.16,394.84,598.97,12.3,29.0,2.0,31.0,1,0.2653,0.4526,1
LJ500_R147_C039,147,39,680750,9574750,3000,2500,2023,6,2023-06,54,19.16,394.84,598.97,12.3,29.0,2.0,31.0,1,0.24,0.41,1
LJ500_R147_C040,147,40,681250,9574750,3500,2500,2023,6,2023-06,54,19.16,394.84,598.97,12.3,29.0,2.0,31.0,1,0.2685,0.4604,1
LJ500_R147_C041,147,41,681750,9574750,4000,2500,2023,6,2023-06,54,19.16,394.84,598.97,12.3,29.0,2.0,31.0,1,0.3361,0.58,1
LJ500_R147_C042,147,42,682250,9574750,4500,2500,2023,6,2023-06,54,19.16,394.84,598.97,12.3,29.0,2.0,31.0,1,0.361,0.8028,1
LJ500_R148_C033,148,33,677750,9575250,0,3000,2023,6,2023-06,54,18.21,394.61,621.28,11.64,29.0,2.0,31.0,1,0.3499,0.6345,1
LJ500_R148_C034,148,34,678250,9575250,500,3000,2023,6,2023-06,54,19.16,394.84,598.97,12.3,29.0,2.0,31.0,1,0.3557,0.65,1
LJ500_R148_C035,148,35,678750,9575250,1000,3000,2023,6,2023-06,54,19.16,394.84,598.97,12.3,29.0,2.0,31.0,1,0.3161,0.5587,1
LJ500_R148_C036,148,36,679250,9575250,1500,3000,2023,6,2023-06,54,19.16,394.84,598.97,12.3,29.0,2.0,31.0,1,0.309,0.5424,1
LJ500_R148_C037,148,37,679750,9575250,2000,3000,2023,6,2023-06,54,19.16,394.84,598.97,12.3,29.0,2.0,31.0,1,0.282,0.4851,1
LJ500_R148_C038,148,38,680250,9575250,2500,3000,2023,6,2023-06,54,19.16,394.84,598.97,12.3,29.0,2.0,31.0,1,0.2763,0.474,1
LJ500_R148_C039,148,39,680750,9575250,3000,3000,2023,6,2023-06,54,19.16,394.84,598.97,12.3,29.0,2.0,31.0,1,0.243,0.41,1
LJ500_R148_C040,148,40,681250,9575250,3500,3000,2023,6,2023-06,54,19.16,394.84,598.97,12.3,29.0,2.0,31.0,1,0.2548,0.4305,1
LJ500_R148_C041,148,41,681750,9575250,4000,3000,2023,6,2023-06,54,19.16,394.84,598.97,12.3,29.0,2.0,31.0,1,0.2828,0.4791,1
LJ500_R148_C042,148,42,682250,9575250,4500,3000,2023,6,2023-06,54,19.16,394.84,598.97,12.3,29.0,2.0,31.0,1,0.3078,0.5883,1
LJ500_R149_C033,149,33,677750,9575750,0,3500,2023,6,2023-06,54,18.2,394.61,621.41,11.63,29.0,2.0,31.0,1,0.3457,0.6228,1
LJ500_R149_C034,149,34,678250,9575750,500,3500,2023,6,2023-06,54,19.16,394.84,598.97,12.3,29.0,2.0,31.0,1,0.3568,0.65,1
LJ500_R149_C035,149,35,678750,9575750,1000,3500,2023,6,2023-06,54,19.16,394.84,598.97,12.3,29.0,2.0,31.0,1,0.3188,0.5653,1
LJ500_R149_C036,149,36,679250,9575750,1500,3500,2023,6,2023-06,54,19.16,394.84,598.97,12.3,29.0,2.0,31.0,1,0.3119,0.55,1
LJ500_R149_C037,149,37,679750,9575750,2000,3500,2023,6,2023-06,54,19.16,394.84,598.97,12.3,29.0,2.0,31.0,1,0.2895,0.5002,1
LJ500_R149_C038,149,38,680250,9575750,2500,3500,2023,6,2023-06,54,19.16,394.84,598.97,12.3,29.0,2.0,31.0,1,0.2829,0.487,1
LJ500_R149_C039,149,39,680750,9575750,3000,3500,2023,6,2023-06,54,19.16,394.84,598.97,12.3,29.0,2.0,31.0,1,0.2448,0.41,1
LJ500_R149_C040,149,40,681250,9575750,3500,3500,2023,6,2023-06,54,19.16,394.84,598.97,12.3,29.0,2.0,31.0,1,0.2468,0.4129,1
LJ500_R149_C041,149,41,681750,9575750,4000,3500,2023,6,2023-06,54,19.16,394.84,598.97,12.3,29.0,2.0,31.0,1,0.2516,0.42,1
LJ500_R149_C042,149,42,682250,9575750,4500,3500,2023,6,2023-06,54,19.16,394.84,598.97,12.3,29.0,2.0,31.0,1,0.2768,0.4642,1
LJ500_R150_C033,150,33,677750,9576250,0,4000,2023,6,2023-06,54,18.2,394.61,621.53,11.63,29.0,2.0,31.0,1,0.35,0.6411,1
LJ500_R150_C034,150,34,678250,9576250,500,4000,2023,6,2023-06,54,19.16,394.84,598.97,12.3,29.0,2.0,31.0,1,0.3605,0.6732,1
LJ500_R150_C035,150,35,678750,9576250,1000,4000,2023,6,2023-06,54,19.16,394.84,598.97,12.3,29.0,2.0,31.0,1,0.3248,0.5757,1
LJ500_R150_C036,150,36,679250,9576250,1500,4000,2023,6,2023-06,54,19.16,394.84,598.97,12.3,29.0,2.0,31.0,1,0.3182,0.5578,1
LJ500_R150_C037,150,37,679750,9576250,2000,4000,2023,6,2023-06,54,19.16,394.84,598.97,12.3,29.0,2.0,31.0,1,0.3325,0.5856,1
LJ500_R150_C038,150,38,680250,9576250,2500,4000,2023,6,2023-06,54,19.16,394.84,598.97,12.3,29.0,2.0,31.0,1,0.3286,0.5766,1
LJ500_R150_C039,150,39,680750,9576250,3000,4000,2023,6,2023-06,54,19.16,394.84,598.97,12.3,29.0,2.0,31.0,1,0.3038,0.5197,1
LJ500_R150_C040,150,40,681250,9576250,3500,4000,2023,6,2023-06,54,19.16,394.84,598.97,12.3,29.0,2.0,31.0,1,0.288,0.4886,1
LJ500_R150_C041,150,41,681750,9576250,4000,4000,2023,6,2023-06,54,19.16,394.84,598.97,12.3,29.0,2.0,31.0,1,0.2493,0.4121,1
LJ500_R150_C042,150,42,682250,9576250,4500,4000,2023,6,2023-06,54,19.16,394.84,598.97,12.3,29.0,2.0,31.0,1,0.2648,0.4422,1
LJ500_R151_C033,151,33,677750,9576750,0,4500,2023,6,2023-06,54,18.19,394.61,621.66,11.62,29.0,2.0,31.0,1,0.3512,0.6463,1
LJ500_R151_C034,151,34,678250,9576750,500,4500,2023,6,2023-06,54,19.16,394.84,598.97,12.3,29.0,2.0,31.0,1,0.3616,0.68,1
LJ500_R151_C035,151,35,678750,9576750,1000,4500,2023,6,2023-06,54,19.16,394.84,598.97,12.3,29.0,2.0,31.0,1,0.3265,0.5789,1
LJ500_R151_C036,151,36,679250,9576750,1500,4500,2023,6,2023-06,54,19.16,394.84,598.97,12.3,29.0,2.0,31.0,1,0.32,0.56,1
LJ500_R151_C037,151,37,679750,9576750,2000,4500,2023,6,2023-06,54,19.16,394.84,598.97,12.3,29.0,2.0,31.0,1,0.3446,0.6096,1
LJ500_R151_C038,151,38,680250,9576750,2500,4500,2023,6,2023-06,54,19.16,394.84,598.97,12.3,29.0,2.0,31.0,1,0.3414,0.6016,1
LJ500_R151_C039,151,39,680750,9576750,3000,4500,2023,6,2023-06,54,19.16,394.84,598.97,12.3,29.0,2.0,31.0,1,0.32,0.55,1
LJ500_R151_C040,151,40,681250,9576750,3500,4500,2023,6,2023-06,54,19.16,394.84,598.97,12.3,29.0,2.0,31.0,1,0.2994,0.5095,1
LJ500_R151_C041,151,41,681750,9576750,4000,4500,2023,6,2023-06,54,19.16,394.84,598.97,12.3,29.0,2.0,31.0,1,0.2487,0.41,1
LJ500_R151_C042,151,42,682250,9576750,4500,4500,2023,6,2023-06,54,19.16,394.84,598.97,12.3,29.0,2.0,31.0,1,0.2616,0.4363,1
LJ500_R142_C033,142,33,677750,9572250,0,0,2023,7,2023-07,55,4.1323,16.84,336.29,2.2442,28.64,1.3598,30.0,1,0.4566,0.8222,1
LJ500_R142_C034,142,34,678250,9572250,500,0,2023,7,2023-07,55,6.0777,18.52,322.54,3.3006,28.0,2.0,30.0,1,0.4475,0.7961,1
LJ500_R142_C035,142,35,678750,9572250,1000,0,2023,7,2023-07,55,6.0777,18.52,322.54,3.3006,28.0,2.0,30.0,1,0.3734,0.8842,1
LJ500_R142_C036,142,36,679250,9572250,1500,0,2023,7,2023-07,55,6.0777,18.52,322.54,3.3006,28.0,2.0,30.0,1,0.3606,0.8978,1
LJ500_R142_C037,142,37,679750,9572250,2000,0,2023,7,2023-07,55,6.0777,18.52,322.54,3.3006,28.0,2.0,30.0,1,0.2877,0.817,1
LJ500_R142_C038,142,38,680250,9572250,2500,0,2023,7,2023-07,55,6.0777,18.52,322.54,3.3006,28.0,2.0,30.0,1,0.2979,0.7838,1
LJ500_R142_C039,142,39,680750,9572250,3000,0,2023,7,2023-07,55,6.0777,18.52,322.54,3.3006,28.0,2.0,30.0,1,0.3529,0.6069,1
LJ500_R142_C040,142,40,681250,9572250,3500,0,2023,7,2023-07,55,6.0777,18.52,322.54,3.3006,28.0,2.0,30.0,1,0.3324,0.6314,1
LJ500_R142_C041,142,41,681750,9572250,4000,0,2023,7,2023-07,55,6.0777,18.52,322.54,3.3006,28.0,2.0,30.0,1,0.2861,0.6872,1
LJ500_R142_C042,142,42,682250,9572250,4500,0,2023,7,2023-07,55,6.0777,18.52,322.54,3.3006,28.0,2.0,30.0,1,0.2822,0.6871,1
LJ500_R143_C033,143,33,677750,9572750,0,500,2023,7,2023-07,55,4.1209,16.83,336.37,2.238,28.64,1.3561,30.0,1,0.4311,0.8667,1
LJ500_R143_C034,143,34,678250,9572750,500,500,2023,7,2023-07,55,6.0777,18.52,322.54,3.3006,28.0,2.0,30.0,1,0.4153,0.89,1
LJ500_R143_C035,143,35,678750,9572750,1000,500,2023,7,2023-07,55,6.0777,18.52,322.54,3.3006,28.0,2.0,30.0,1,0.3427,0.89,1
LJ500_R143_C036,143,36,679250,9572750,1500,500,2023,7,2023-07,55,6.0777,18.52,322.54,3.3006,28.0,2.0,30.0,1,0.3304,0.8894,1
LJ500_R143_C037,143,37,679750,9572750,2000,500,2023,7,2023-07,55,6.0777,18.52,322.54,3.3006,28.0,2.0,30.0,1,0.2913,0.8,1
LJ500_R143_C038,143,38,680250,9572750,2500,500,2023,7,2023-07,55,6.0777,18.52,322.54,3.3006,28.0,2.0,30.0,1,0.2994,0.7673,1
LJ500_R143_C039,143,39,680750,9572750,3000,500,2023,7,2023-07,55,6.0777,18.52,322.54,3.3006,28.0,2.0,30.0,1,0.3433,0.59,1
LJ500_R143_C040,143,40,681250,9572750,3500,500,2023,7,2023-07,55,6.0777,18.52,322.54,3.3006,28.0,2.0,30.0,1,0.3395,0.6631,1
LJ500_R143_C041,143,41,681750,9572750,4000,500,2023,7,2023-07,55,6.0777,18.52,322.54,3.3006,28.0,2.0,30.0,1,0.3307,0.83,1
LJ500_R143_C042,143,42,682250,9572750,4500,500,2023,7,2023-07,55,6.0777,18.52,322.54,3.3006,28.0,2.0,30.0,1,0.3645,0.898,1
LJ500_R144_C033,144,33,677750,9573250,0,1000,2023,7,2023-07,55,4.1094,16.82,336.45,2.2317,28.65,1.3523,30.0,1,0.4247,0.8683,1
LJ500_R144_C034,144,34,678250,9573250,500,1000,2023,7,2023-07,55,6.0777,18.52,322.54,3.3006,28.0,2.0,30.0,1,0.4079,0.89,1
LJ500_R144_C035,144,35,678750,9573250,1000,1000,2023,7,2023-07,55,6.0777,18.52,322.54,3.3006,28.0,2.0,30.0,1,0.3442,0.8769,1
LJ500_R144_C036,144,36,679250,9573250,1500,1000,2023,7,2023-07,55,6.0777,18.52,322.54,3.3006,28.0,2.0,30.0,1,0.3333,0.8742,1
LJ500_R144_C037,144,37,679750,9573250,2000,1000,2023,7,2023-07,55,6.0777,18.52,322.54,3.3006,28.0,2.0,30.0,1,0.2909,0.7938,1
LJ500_R144_C038,144,38,680250,9573250,2500,1000,2023,7,2023-07,55,6.0777,18.52,322.54,3.3006,28.0,2.0,30.0,1,0.2972,0.7658,1
LJ500_R144_C039,144,39,680750,9573250,3000,1000,2023,7,2023-07,55,6.0777,18.52,322.54,3.3006,28.0,2.0,30.0,1,0.3314,0.6119,1
LJ500_R144_C040,144,40,681250,9573250,3500,1000,2023,7,2023-07,55,6.0777,18.52,322.54,3.3006,28.0,2.0,30.0,1,0.3243,0.6618,1
LJ500_R144_C041,144,41,681750,9573250,4000,1000,2023,7,2023-07,55,6.0777,18.52,322.54,3.3006,28.0,2.0,30.0,1,0.3078,0.7762,1
LJ500_R144_C042,144,42,682250,9573250,4500,1000,2023,7,2023-07,55,6.0777,18.52,322.54,3.3006,28.0,2.0,30.0,1,0.3675,0.9241,1
LJ500_R145_C033,145,33,677750,9573750,0,1500,2023,7,2023-07,55,4.098,16.81,336.54,2.2255,28.65,1.3485,30.0,1,0.4095,0.8723,1
LJ500_R145_C034,145,34,678250,9573750,500,1500,2023,7,2023-07,55,6.0777,18.52,322.54,3.3006,28.0,2.0,30.0,1,0.3907,0.89,1
LJ500_R145_C035,145,35,678750,9573750,1000,1500,2023,7,2023-07,55,6.0777,18.52,322.54,3.3006,28.0,2.0,30.0,1,0.3474,0.8473,1
LJ500_R145_C036,145,36,679250,9573750,1500,1500,2023,7,2023-07,55,6.0777,18.52,322.54,3.3006,28.0,2.0,30.0,1,0.3399,0.8398,1
LJ500_R145_C037,145,37,679750,9573750,2000,1500,2023,7,2023-07,55,6.0777,18.52,322.54,3.3006,28.0,2.0,30.0,1,0.29,0.78,1
LJ500_R145_C038,145,38,680250,9573750,2500,1500,2023,7,2023-07,55,6.0777,18.52,322.54,3.3006,28.0,2.0,30.0,1,0.2923,0.7618,1
LJ500_R145_C039,145,39,680750,9573750,3000,1500,2023,7,2023-07,55,6.0777,18.52,322.54,3.3006,28.0,2.0,30.0,1,0.3053,0.66,1
LJ500_R145_C040,145,40,681250,9573750,3500,1500,2023,7,2023-07,55,6.0777,18.52,322.54,3.3006,28.0,2.0,30.0,1,0.2912,0.66,1
LJ500_R145_C041,145,41,681750,9573750,4000,1500,2023,7,2023-07,55,6.0777,18.52,322.54,3.3006,28.0,2.0,30.0,1,0.2583,0.66,1
LJ500_R145_C042,145,42,682250,9573750,4500,1500,2023,7,2023-07,55,6.0777,18.52,322.54,3.3006,28.0,2.0,30.0,1,0.3735,0.9791,1
LJ500_R146_C033,146,33,677750,9574250,0,2000,2023,7,2023-07,55,5.0383,20.11,364.12,2.7458,28.66,1.3448,30.0,1,0.4145,0.8074,1
LJ500_R146_C034,146,34,678250,9574250,500,2000,2023,7,2023-07,55,7.4994,22.83,357.63,4.087,28.0,2.0,30.0,1,0.3999,0.8071,1
LJ500_R146_C035,146,35,678750,9574250,1000,2000,2023,7,2023-07,55,7.5056,22.85,357.79,4.0905,28.0,2.0,30.0,1,0.3596,0.7878,1
LJ500_R146_C036,146,36,679250,9574250,1500,2000,2023,7,2023-07,55,7.5119,22.87,357.94,4.094,28.0,2.0,30.0,1,0.3526,0.7843,1
LJ500_R146_C037,146,37,679750,9574250,2000,2000,2023,7,2023-07,55,7.5181,22.88,358.1,4.0974,28.0,2.0,30.0,1,0.2998,0.752,1
LJ500_R146_C038,146,38,680250,9574250,2500,2000,2023,7,2023-07,55,7.5244,22.9,358.25,4.1009,28.0,2.0,30.0,1,0.2975,0.7388,1
LJ500_R146_C039,146,39,680750,9574250,3000,2000,2023,7,2023-07,55,7.5307,22.92,358.41,4.1044,28.0,2.0,30.0,1,0.2842,0.6647,1
LJ500_R146_C040,146,40,681250,9574250,3500,2000,2023,7,2023-07,55,7.5371,22.94,358.56,4.1079,28.0,2.0,30.0,1,0.279,0.652,1
LJ500_R146_C041,146,41,681750,9574250,4000,2000,2023,7,2023-07,55,7.5434,22.96,358.72,4.1114,28.0,2.0,30.0,1,0.267,0.6221,1
LJ500_R146_C042,146,42,682250,9574250,4500,2000,2023,7,2023-07,55,7.5498,22.98,358.88,4.1149,28.0,2.0,30.0,1,0.3623,0.9077,1
LJ500_R147_C033,147,33,677750,9574750,0,2500,2023,7,2023-07,55,6.2942,24.51,400.9,3.4406,28.66,1.341,30.0,1,0.4203,0.7309,1
LJ500_R147_C034,147,34,678250,9574750,500,2500,2023,7,2023-07,55,9.387,28.55,404.23,5.1312,28.0,2.0,30.0,1,0.4107,0.71,1
LJ500_R147_C035,147,35,678750,9574750,1000,2500,2023,7,2023-07,55,9.387,28.55,404.23,5.1312,28.0,2.0,30.0,1,0.3738,0.7185,1
LJ500_R147_C036,147,36,679250,9574750,1500,2500,2023,7,2023-07,55,9.387,28.55,404.23,5.1312,28.0,2.0,30.0,1,0.3673,0.72,1
LJ500_R147_C037,147,37,679750,9574750,2000,2500,2023,7,2023-07,55,9.387,28.55,404.23,5.1312,28.0,2.0,30.0,1,0.311,0.72,1
LJ500_R147_C038,147,38,680250,9574750,2500,2500,2023,7,2023-07,55,9.387,28.55,404.23,5.1312,28.0,2.0,30.0,1,0.3035,0.7126,1
LJ500_R147_C039,147,39,680750,9574750,3000,2500,2023,7,2023-07,55,9.387,28.55,404.23,5.1312,28.0,2.0,30.0,1,0.2603,0.67,1
LJ500_R147_C040,147,40,681250,9574750,3500,2500,2023,7,2023-07,55,9.387,28.55,404.23,5.1312,28.0,2.0,30.0,1,0.2652,0.6433,1
LJ500_R147_C041,147,41,681750,9574750,4000,2500,2023,7,2023-07,55,9.387,28.55,404.23,5.1312,28.0,2.0,30.0,1,0.2767,0.58,1
LJ500_R147_C042,147,42,682250,9574750,4500,2500,2023,7,2023-07,55,9.387,28.55,404.23,5.1312,28.0,2.0,30.0,1,0.3502,0.8295,1
LJ500_R148_C033,148,33,677750,9575250,0,3000,2023,7,2023-07,55,6.2767,24.48,400.89,3.431,28.66,1.3373,30.0,1,0.4039,0.7378,1
LJ500_R148_C034,148,34,678250,9575250,500,3000,2023,7,2023-07,55,9.387,28.55,404.23,5.1312,28.0,2.0,30.0,1,0.3946,0.7038,1
LJ500_R148_C035,148,35,678750,9575250,1000,3000,2023,7,2023-07,55,9.387,28.55,404.23,5.1312,28.0,2.0,30.0,1,0.3708,0.6965,1
LJ500_R148_C036,148,36,679250,9575250,1500,3000,2023,7,2023-07,55,9.387,28.55,404.23,5.1312,28.0,2.0,30.0,1,0.3665,0.6952,1
LJ500_R148_C037,148,37,679750,9575250,2000,3000,2023,7,2023-07,55,9.387,28.55,404.23,5.1312,28.0,2.0,30.0,1,0.3219,0.664,1
LJ500_R148_C038,148,38,680250,9575250,2500,3000,2023,7,2023-07,55,9.387,28.55,404.23,5.1312,28.0,2.0,30.0,1,0.3128,0.6619,1
LJ500_R148_C039,148,39,680750,9575250,3000,3000,2023,7,2023-07,55,9.387,28.55,404.23,5.1312,28.0,2.0,30.0,1,0.2601,0.6512,1
LJ500_R148_C040,148,40,681250,9575250,3500,3000,2023,7,2023-07,55,9.387,28.55,404.23,5.1312,28.0,2.0,30.0,1,0.2609,0.6227,1
LJ500_R148_C041,148,41,681750,9575250,4000,3000,2023,7,2023-07,55,9.387,28.55,404.23,5.1312,28.0,2.0,30.0,1,0.2626,0.5548,1
LJ500_R148_C042,148,42,682250,9575250,4500,3000,2023,7,2023-07,55,9.387,28.55,404.23,5.1312,28.0,2.0,30.0,1,0.2886,0.6375,1
LJ500_R149_C033,149,33,677750,9575750,0,3500,2023,7,2023-07,55,6.2591,24.46,400.87,3.4214,28.67,1.3336,30.0,1,0.3936,0.7423,1
LJ500_R149_C034,149,34,678250,9575750,500,3500,2023,7,2023-07,55,9.387,28.55,404.23,5.1312,28.0,2.0,30.0,1,0.3847,0.7,1
LJ500_R149_C035,149,35,678750,9575750,1000,3500,2023,7,2023-07,55,9.387,28.55,404.23,5.1312,28.0,2.0,30.0,1,0.3689,0.6831,1
LJ500_R149_C036,149,36,679250,9575750,1500,3500,2023,7,2023-07,55,9.387,28.55,404.23,5.1312,28.0,2.0,30.0,1,0.366,0.68,1
LJ500_R149_C037,149,37,679750,9575750,2000,3500,2023,7,2023-07,55,9.387,28.55,404.23,5.1312,28.0,2.0,30.0,1,0.3285,0.6302,1
LJ500_R149_C038,149,38,680250,9575750,2500,3500,2023,7,2023-07,55,9.387,28.55,404.23,5.1312,28.0,2.0,30.0,1,0.3185,0.6314,1
LJ500_R149_C039,149,39,680750,9575750,3000,3500,2023,7,2023-07,55,9.387,28.55,404.23,5.1312,28.0,2.0,30.0,1,0.26,0.64,1
LJ500_R149_C040,149,40,681250,9575750,3500,3500,2023,7,2023-07,55,9.387,28.55,404.23,5.1312,28.0,2.0,30.0,1,0.2583,0.6107,1
LJ500_R149_C041,149,41,681750,9575750,4000,3500,2023,7,2023-07,55,9.387,28.55,404.23,5.1312,28.0,2.0,30.0,1,0.2543,0.54,1
LJ500_R149_C042,149,42,682250,9575750,4500,3500,2023,7,2023-07,55,9.387,28.55,404.23,5.1312,28.0,2.0,30.0,1,0.253,0.5267,1
LJ500_R150_C033,150,33,677750,9576250,0,4000,2023,7,2023-07,55,6.2416,24.44,400.85,3.4118,28.67,1.3298,30.0,1,0.358,0.7799,1
LJ500_R150_C034,150,34,678250,9576250,500,4000,2023,7,2023-07,55,9.387,28.55,404.23,5.1312,28.0,2.0,30.0,1,0.3336,0.7774,1
LJ500_R150_C035,150,35,678750,9576250,1000,4000,2023,7,2023-07,55,9.387,28.55,404.23,5.1312,28.0,2.0,30.0,1,0.355,0.6689,1
LJ500_R150_C036,150,36,679250,9576250,1500,4000,2023,7,2023-07,55,9.387,28.55,404.23,5.1312,28.0,2.0,30.0,1,0.359,0.6489,1
LJ500_R150_C037,150,37,679750,9576250,2000,4000,2023,7,2023-07,55,9.387,28.55,404.23,5.1312,28.0,2.0,30.0,1,0.3001,0.6689,1
LJ500_R150_C038,150,38,680250,9576250,2500,4000,2023,7,2023-07,55,9.387,28.55,404.23,5.1312,28.0,2.0,30.0,1,0.2978,0.6561,1
LJ500_R150_C039,150,39,680750,9576250,3000,4000,2023,7,2023-07,55,9.387,28.55,404.23,5.1312,28.0,2.0,30.0,1,0.2864,0.5773,1
LJ500_R150_C040,150,40,681250,9576250,3500,4000,2023,7,2023-07,55,9.387,28.55,404.23,5.1312,28.0,2.0,30.0,1,0.2754,0.5618,1
LJ500_R150_C041,150,41,681750,9576250,4000,4000,2023,7,2023-07,55,9.387,28.55,404.23,5.1312,28.0,2.0,30.0,1,0.2483,0.5242,1
LJ500_R150_C042,150,42,682250,9576250,4500,4000,2023,7,2023-07,55,9.387,28.55,404.23,5.1312,28.0,2.0,30.0,1,0.2472,0.4971,1
LJ500_R151_C033,151,33,677750,9576750,0,4500,2023,7,2023-07,55,6.2241,24.42,400.83,3.4022,28.67,1.3261,30.0,1,0.3477,0.7908,1
LJ500_R151_C034,151,34,678250,9576750,500,4500,2023,7,2023-07,55,9.387,28.55,404.23,5.1312,28.0,2.0,30.0,1,0.3187,0.8,1
LJ500_R151_C035,151,35,678750,9576750,1000,4500,2023,7,2023-07,55,9.387,28.55,404.23,5.1312,28.0,2.0,30.0,1,0.351,0.6652,1
LJ500_R151_C036,151,36,679250,9576750,1500,4500,2023,7,2023-07,55,9.387,28.55,404.23,5.1312,28.0,2.0,30.0,1,0.357,0.64,1
LJ500_R151_C037,151,37,679750,9576750,2000,4500,2023,7,2023-07,55,9.387,28.55,404.23,5.1312,28.0,2.0,30.0,1,0.2922,0.6797,1
LJ500_R151_C038,151,38,680250,9576750,2500,4500,2023,7,2023-07,55,9.387,28.55,404.23,5.1312,28.0,2.0,30.0,1,0.2919,0.6632,1
LJ500_R151_C039,151,39,680750,9576750,3000,4500,2023,7,2023-07,55,9.387,28.55,404.23,5.1312,28.0,2.0,30.0,1,0.2937,0.56,1
LJ500_R151_C040,151,40,681250,9576750,3500,4500,2023,7,2023-07,55,9.387,28.55,404.23,5.1312,28.0,2.0,30.0,1,0.2801,0.5484,1
LJ500_R151_C041,151,41,681750,9576750,4000,4500,2023,7,2023-07,55,9.387,28.55,404.23,5.1312,28.0,2.0,30.0,1,0.2467,0.52,1
LJ500_R151_C042,151,42,682250,9576750,4500,4500,2023,7,2023-07,55,9.387,28.55,404.23,5.1312,28.0,2.0,30.0,1,0.2456,0.4893,1
LJ500_R142_C033,142,33,677750,9572250,0,0,2023,8,2023-08,56,0.486,4.6183,17.33,0.486,31.0,0.0,31.0,1,0.437,0.9408,1
LJ500_R142_C034,142,34,678250,9572250,500,0,2023,8,2023-08,56,0.6634,6.7411,19.18,0.6634,31.0,0.0,31.0,1,0.4305,0.9185,1
LJ500_R142_C035,142,35,678750,9572250,1000,0,2023,8,2023-08,56,0.6634,6.7411,19.18,0.6634,31.0,0.0,31.0,1,0.3491,0.8631,1
LJ500_R142_C036,142,36,679250,9572250,1500,0,2023,8,2023-08,56,0.6634,6.7411,19.18,0.6634,31.0,0.0,31.0,1,0.3351,0.8531,1
LJ500_R142_C037,142,37,679750,9572250,2000,0,2023,8,2023-08,56,0.6634,6.7411,19.18,0.6634,31.0,0.0,31.0,1,0.2581,0.747,1
LJ500_R142_C038,142,38,680250,9572250,2500,0,2023,8,2023-08,56,0.6634,6.7411,19.18,0.6634,31.0,0.0,31.0,1,0.273,0.7475,1
LJ500_R142_C039,142,39,680750,9572250,3000,0,2023,8,2023-08,56,0.6634,6.7411,19.18,0.6634,31.0,0.0,31.0,1,0.3525,0.7506,1
LJ500_R142_C040,142,40,681250,9572250,3500,0,2023,8,2023-08,56,0.6634,6.7411,19.18,0.6634,31.0,0.0,31.0,1,0.342,0.7868,1
LJ500_R142_C041,142,41,681750,9572250,4000,0,2023,8,2023-08,56,0.6634,6.7411,19.18,0.6634,31.0,0.0,31.0,1,0.3185,0.8702,1
LJ500_R142_C042,142,42,682250,9572250,4500,0,2023,8,2023-08,56,0.6634,6.7411,19.18,0.6634,31.0,0.0,31.0,1,0.3186,0.8988,1
LJ500_R143_C033,143,33,677750,9572750,0,500,2023,8,2023-08,56,0.4849,4.6058,17.31,0.4849,31.0,0.0,31.0,1,0.4083,0.91,1
LJ500_R143_C034,143,34,678250,9572750,500,500,2023,8,2023-08,56,0.6634,6.7411,19.18,0.6634,31.0,0.0,31.0,1,0.3884,0.91,1
LJ500_R143_C035,143,35,678750,9572750,1000,500,2023,8,2023-08,56,0.6634,6.7411,19.18,0.6634,31.0,0.0,31.0,1,0.3117,0.8328,1
LJ500_R143_C036,143,36,679250,9572750,1500,500,2023,8,2023-08,56,0.6634,6.7411,19.18,0.6634,31.0,0.0,31.0,1,0.2988,0.8194,1
LJ500_R143_C037,143,37,679750,9572750,2000,500,2023,8,2023-08,56,0.6634,6.7411,19.18,0.6634,31.0,0.0,31.0,1,0.2635,0.73,1
LJ500_R143_C038,143,38,680250,9572750,2500,500,2023,8,2023-08,56,0.6634,6.7411,19.18,0.6634,31.0,0.0,31.0,1,0.2765,0.7253,1
LJ500_R143_C039,143,39,680750,9572750,3000,500,2023,8,2023-08,56,0.6634,6.7411,19.18,0.6634,31.0,0.0,31.0,1,0.3468,0.7,1
LJ500_R143_C040,143,40,681250,9572750,3500,500,2023,8,2023-08,56,0.6634,6.7411,19.18,0.6634,31.0,0.0,31.0,1,0.3455,0.9283,1
LJ500_R143_C041,143,41,681750,9572750,4000,500,2023,8,2023-08,56,0.6634,6.7411,19.18,0.6634,31.0,0.0,31.0,1,0.3426,1.45,1
LJ500_R143_C042,143,42,682250,9572750,4500,500,2023,8,2023-08,56,0.6634,6.7411,19.18,0.6634,31.0,0.0,31.0,1,0.384,1.6177,1
LJ500_R144_C033,144,33,677750,9573250,0,1000,2023,8,2023-08,56,0.4839,4.5933,17.3,0.4839,31.0,0.0,31.0,1,0.4003,0.9024,1
LJ500_R144_C034,144,34,678250,9573250,500,1000,2023,8,2023-08,56,0.6634,6.7411,19.18,0.6634,31.0,0.0,31.0,1,0.3805,0.8979,1
LJ500_R144_C035,144,35,678750,9573250,1000,1000,2023,8,2023-08,56,0.6634,6.7411,19.18,0.6634,31.0,0.0,31.0,1,0.315,0.826,1
LJ500_R144_C036,144,36,679250,9573250,1500,1000,2023,8,2023-08,56,0.6634,6.7411,19.18,0.6634,31.0,0.0,31.0,1,0.3038,0.8134,1
LJ500_R144_C037,144,37,679750,9573250,2000,1000,2023,8,2023-08,56,0.6634,6.7411,19.18,0.6634,31.0,0.0,31.0,1,0.2641,0.7238,1
LJ500_R144_C038,144,38,680250,9573250,2500,1000,2023,8,2023-08,56,0.6634,6.7411,19.18,0.6634,31.0,0.0,31.0,1,0.2745,0.7182,1
LJ500_R144_C039,144,39,680750,9573250,3000,1000,2023,8,2023-08,56,0.6634,6.7411,19.18,0.6634,31.0,0.0,31.0,1,0.3314,0.6875,1
LJ500_R144_C040,144,40,681250,9573250,3500,1000,2023,8,2023-08,56,0.6634,6.7411,19.18,0.6634,31.0,0.0,31.0,1,0.3309,0.8524,1
LJ500_R144_C041,144,41,681750,9573250,4000,1000,2023,8,2023-08,56,0.6634,6.7411,19.18,0.6634,31.0,0.0,31.0,1,0.3298,1.2315,1
LJ500_R144_C042,144,42,682250,9573250,4500,1000,2023,8,2023-08,56,0.6634,6.7411,19.18,0.6634,31.0,0.0,31.0,1,0.3945,1.5511,1
LJ500_R145_C033,145,33,677750,9573750,0,1500,2023,8,2023-08,56,0.4829,4.5809,17.29,0.4829,31.0,0.0,31.0,1,0.3817,0.8847,1
LJ500_R145_C034,145,34,678250,9573750,500,1500,2023,8,2023-08,56,0.6634,6.7411,19.18,0.6634,31.0,0.0,31.0,1,0.3623,0.87,1
LJ500_R145_C035,145,35,678750,9573750,1000,1500,2023,8,2023-08,56,0.6634,6.7411,19.18,0.6634,31.0,0.0,31.0,1,0.322,0.8102,1
LJ500_R145_C036,145,36,679250,9573750,1500,1500,2023,8,2023-08,56,0.6634,6.7411,19.18,0.6634,31.0,0.0,31.0,1,0.315,0.7997,1
LJ500_R145_C037,145,37,679750,9573750,2000,1500,2023,8,2023-08,56,0.6634,6.7411,19.18,0.6634,31.0,0.0,31.0,1,0.2655,0.71,1
LJ500_R145_C038,145,38,680250,9573750,2500,1500,2023,8,2023-08,56,0.6634,6.7411,19.18,0.6634,31.0,0.0,31.0,1,0.2704,0.7024,1
LJ500_R145_C039,145,39,680750,9573750,3000,1500,2023,8,2023-08,56,0.6634,6.7411,19.18,0.6634,31.0,0.0,31.0,1,0.2977,0.66,1
LJ500_R145_C040,145,40,681250,9573750,3500,1500,2023,8,2023-08,56,0.6634,6.7411,19.18,0.6634,31.0,0.0,31.0,1,0.2991,0.6901,1
LJ500_R145_C041,145,41,681750,9573750,4000,1500,2023,8,2023-08,56,0.6634,6.7411,19.18,0.6634,31.0,0.0,31.0,1,0.3023,0.76,1
LJ500_R145_C042,145,42,682250,9573750,4500,1500,2023,8,2023-08,56,0.6634,6.7411,19.18,0.6634,31.0,0.0,31.0,1,0.4169,1.4072,1
LJ500_R146_C033,146,33,677750,9574250,0,2000,2023,8,2023-08,56,1.3752,6.4135,21.48,1.0445,30.42,0.5752,31.0,1,0.3963,0.8293,1
LJ500_R146_C034,146,34,678250,9574250,500,2000,2023,8,2023-08,56,1.9935,9.4929,24.82,1.4994,30.14,0.8592,31.0,1,0.3823,0.8101,1
LJ500_R146_C035,146,35,678750,9574250,1000,2000,2023,8,2023-08,56,1.9994,9.505,24.85,1.5031,30.14,0.863,31.0,1,0.3388,0.7857,1
LJ500_R146_C036,146,36,679250,9574250,1500,2000,2023,8,2023-08,56,2.0052,9.5171,24.87,1.5068,30.13,0.8667,31.0,1,0.3313,0.7813,1
LJ500_R146_C037,146,37,679750,9574250,2000,2000,2023,8,2023-08,56,2.0111,9.5292,24.9,1.5105,30.13,0.8705,31.0,1,0.2793,0.7053,1
LJ500_R146_C038,146,38,680250,9574250,2500,2000,2023,8,2023-08,56,2.017,9.5414,24.92,1.5142,30.13,0.8743,31.0,1,0.2781,0.695,1
LJ500_R146_C039,146,39,680750,9574250,3000,2000,2023,8,2023-08,56,2.0229,9.5536,24.95,1.5179,30.12,0.8781,31.0,1,0.2708,0.6365,1
LJ500_R146_C040,146,40,681250,9574250,3500,2000,2023,8,2023-08,56,2.0288,9.5658,24.97,1.5216,30.12,0.882,31.0,1,0.2799,0.6592,1
LJ500_R146_C041,146,41,681750,9574250,4000,2000,2023,8,2023-08,56,2.0347,9.5781,25.0,1.5253,30.11,0.8858,31.0,1,0.3016,0.7126,1
LJ500_R146_C042,146,42,682250,9574250,4500,2000,2023,8,2023-08,56,2.0407,9.5904,25.02,1.5291,30.11,0.8896,31.0,1,0.3988,1.327,1
LJ500_R147_C033,147,33,677750,9574750,0,2500,2023,8,2023-08,56,2.5639,8.8581,27.07,1.7927,29.66,1.341,31.0,1,0.4134,0.7639,1
LJ500_R147_C034,147,34,678250,9574750,500,2500,2023,8,2023-08,56,3.7596,13.15,32.31,2.6095,29.0,2.0,31.0,1,0.4058,0.74,1
LJ500_R147_C035,147,35,678750,9574750,1000,2500,2023,8,2023-08,56,3.7596,13.15,32.31,2.6095,29.0,2.0,31.0,1,0.3584,0.757,1
LJ500_R147_C036,147,36,679250,9574750,1500,2500,2023,8,2023-08,56,3.7596,13.15,32.31,2.6095,29.0,2.0,31.0,1,0.35,0.76,1
LJ500_R147_C037,147,37,679750,9574750,2000,2500,2023,8,2023-08,56,3.7596,13.15,32.31,2.6095,29.0,2.0,31.0,1,0.2952,0.7001,1
LJ500_R147_C038,147,38,680250,9574750,2500,2500,2023,8,2023-08,56,3.7596,13.15,32.31,2.6095,29.0,2.0,31.0,1,0.287,0.6867,1
LJ500_R147_C039,147,39,680750,9574750,3000,2500,2023,8,2023-08,56,3.7596,13.15,32.31,2.6095,29.0,2.0,31.0,1,0.2403,0.61,1
LJ500_R147_C040,147,40,681250,9574750,3500,2500,2023,8,2023-08,56,3.7596,13.15,32.31,2.6095,29.0,2.0,31.0,1,0.2583,0.6248,1
LJ500_R147_C041,147,41,681750,9574750,4000,2500,2023,8,2023-08,56,3.7596,13.15,32.31,2.6095,29.0,2.0,31.0,1,0.301,0.66,1
LJ500_R147_C042,147,42,682250,9574750,4500,2500,2023,8,2023-08,56,3.7596,13.15,32.31,2.6095,29.0,2.0,31.0,1,0.379,1.2392,1
LJ500_R148_C033,148,33,677750,9575250,0,3000,2023,8,2023-08,56,2.5571,8.8338,27.04,1.7881,29.66,1.3373,31.0,1,0.4,0.7499,1
LJ500_R148_C034,148,34,678250,9575250,500,3000,2023,8,2023-08,56,3.7596,13.15,32.31,2.6095,29.0,2.0,31.0,1,0.3978,0.7091,1
LJ500_R148_C035,148,35,678750,9575250,1000,3000,2023,8,2023-08,56,3.7596,13.15,32.31,2.6095,29.0,2.0,31.0,1,0.3596,0.7313,1
LJ500_R148_C036,148,36,679250,9575250,1500,3000,2023,8,2023-08,56,3.7596,13.15,32.31,2.6095,29.0,2.0,31.0,1,0.3528,0.7352,1
LJ500_R148_C037,148,37,679750,9575250,2000,3000,2023,8,2023-08,56,3.7596,13.15,32.31,2.6095,29.0,2.0,31.0,1,0.3097,0.6815,1
LJ500_R148_C038,148,38,680250,9575250,2500,3000,2023,8,2023-08,56,3.7596,13.15,32.31,2.6095,29.0,2.0,31.0,1,0.3001,0.669,1
LJ500_R148_C039,148,39,680750,9575250,3000,3000,2023,8,2023-08,56,3.7596,13.15,32.31,2.6095,29.0,2.0,31.0,1,0.2444,0.5975,1
LJ500_R148_C040,148,40,681250,9575250,3500,3000,2023,8,2023-08,56,3.7596,13.15,32.31,2.6095,29.0,2.0,31.0,1,0.2524,0.5936,1
LJ500_R148_C041,148,41,681750,9575250,4000,3000,2023,8,2023-08,56,3.7596,13.15,32.31,2.6095,29.0,2.0,31.0,1,0.2715,0.5843,1
LJ500_R148_C042,148,42,682250,9575250,4500,3000,2023,8,2023-08,56,3.7596,13.15,32.31,2.6095,29.0,2.0,31.0,1,0.3062,0.8072,1
LJ500_R149_C033,149,33,677750,9575750,0,3500,2023,8,2023-08,56,2.5503,8.8094,27.01,1.7835,29.67,1.3336,31.0,1,0.3916,0.7414,1
LJ500_R149_C034,149,34,678250,9575750,500,3500,2023,8,2023-08,56,3.7596,13.15,32.31,2.6095,29.0,2.0,31.0,1,0.3929,0.69,1
LJ500_R149_C035,149,35,678750,9575750,1000,3500,2023,8,2023-08,56,3.7596,13.15,32.31,2.6095,29.0,2.0,31.0,1,0.3604,0.7154,1
LJ500_R149_C036,149,36,679250,9575750,1500,3500,2023,8,2023-08,56,3.7596,13.15,32.31,2.6095,29.0,2.0,31.0,1,0.3545,0.72,1
LJ500_R149_C037,149,37,679750,9575750,2000,3500,2023,8,2023-08,56,3.7596,13.15,32.31,2.6095,29.0,2.0,31.0,1,0.3186,0.6702,1
LJ500_R149_C038,149,38,680250,9575750,2500,3500,2023,8,2023-08,56,3.7596,13.15,32.31,2.6095,29.0,2.0,31.0,1,0.3081,0.6585,1
LJ500_R149_C039,149,39,680750,9575750,3000,3500,2023,8,2023-08,56,3.7596,13.15,32.31,2.6095,29.0,2.0,31.0,1,0.2468,0.59,1
LJ500_R149_C040,149,40,681250,9575750,3500,3500,2023,8,2023-08,56,3.7596,13.15,32.31,2.6095,29.0,2.0,31.0,1,0.2489,0.5754,1
LJ500_R149_C041,149,41,681750,9575750,4000,3500,2023,8,2023-08,56,3.7596,13.15,32.31,2.6095,29.0,2.0,31.0,1,0.2542,0.54,1
LJ500_R149_C042,149,42,682250,9575750,4500,3500,2023,8,2023-08,56,3.7596,13.15,32.31,2.6095,29.0,2.0,31.0,1,0.264,0.5577,1
LJ500_R150_C033,150,33,677750,9576250,0,4000,2023,8,2023-08,56,2.5435,8.7851,26.98,1.7788,29.67,1.3298,31.0,1,0.372,0.7945,1
LJ500_R150_C034,150,34,678250,9576250,500,4000,2023,8,2023-08,56,3.7596,13.15,32.31,2.6095,29.0,2.0,31.0,1,0.3637,0.7829,1
LJ500_R150_C035,150,35,678750,9576250,1000,4000,2023,8,2023-08,56,3.7596,13.15,32.31,2.6095,29.0,2.0,31.0,1,0.3576,0.6839,1
LJ500_R150_C036,150,36,679250,9576250,1500,4000,2023,8,2023-08,56,3.7596,13.15,32.31,2.6095,29.0,2.0,31.0,1,0.3565,0.6655,1
LJ500_R150_C037,150,37,679750,9576250,2000,4000,2023,8,2023-08,56,3.7596,13.15,32.31,2.6095,29.0,2.0,31.0,1,0.3219,0.7164,1
LJ500_R150_C038,150,38,680250,9576250,2500,4000,2023,8,2023-08,56,3.7596,13.15,32.31,2.6095,29.0,2.0,31.0,1,0.3185,0.7011,1
LJ500_R150_C039,150,39,680750,9576250,3000,4000,2023,8,2023-08,56,3.7596,13.15,32.31,2.6095,29.0,2.0,31.0,1,0.2994,0.6057,1
LJ500_R150_C040,150,40,681250,9576250,3500,4000,2023,8,2023-08,56,3.7596,13.15,32.31,2.6095,29.0,2.0,31.0,1,0.2848,0.5797,1
LJ500_R150_C041,150,41,681750,9576250,4000,4000,2023,8,2023-08,56,3.7596,13.15,32.31,2.6095,29.0,2.0,31.0,1,0.2489,0.5164,1
LJ500_R150_C042,150,42,682250,9576250,4500,4000,2023,8,2023-08,56,3.7596,13.15,32.31,2.6095,29.0,2.0,31.0,1,0.2567,0.5165,1
LJ500_R151_C033,151,33,677750,9576750,0,4500,2023,8,2023-08,56,2.5368,8.7608,26.95,1.7742,29.67,1.3261,31.0,1,0.3663,0.81,1
LJ500_R151_C034,151,34,678250,9576750,500,4500,2023,8,2023-08,56,3.7596,13.15,32.31,2.6095,29.0,2.0,31.0,1,0.3552,0.81,1
LJ500_R151_C035,151,35,678750,9576750,1000,4500,2023,8,2023-08,56,3.7596,13.15,32.31,2.6095,29.0,2.0,31.0,1,0.3568,0.6752,1
LJ500_R151_C036,151,36,679250,9576750,1500,4500,2023,8,2023-08,56,3.7596,13.15,32.31,2.6095,29.0,2.0,31.0,1,0.3571,0.65,1
LJ500_R151_C037,151,37,679750,9576750,2000,4500,2023,8,2023-08,56,3.7596,13.15,32.31,2.6095,29.0,2.0,31.0,1,0.3229,0.7293,1
LJ500_R151_C038,151,38,680250,9576750,2500,4500,2023,8,2023-08,56,3.7596,13.15,32.31,2.6095,29.0,2.0,31.0,1,0.3214,0.7132,1
LJ500_R151_C039,151,39,680750,9576750,3000,4500,2023,8,2023-08,56,3.7596,13.15,32.31,2.6095,29.0,2.0,31.0,1,0.3139,0.61,1
LJ500_R151_C040,151,40,681250,9576750,3500,4500,2023,8,2023-08,56,3.7596,13.15,32.31,2.6095,29.0,2.0,31.0,1,0.2947,0.5811,1
LJ500_R151_C041,151,41,681750,9576750,4000,4500,2023,8,2023-08,56,3.7596,13.15,32.31,2.6095,29.0,2.0,31.0,1,0.2474,0.51,1
LJ500_R151_C042,151,42,682250,9576750,4500,4500,2023,8,2023-08,56,3.7596,13.15,32.31,2.6095,29.0,2.0,31.0,1,0.2548,0.5056,1
LJ500_R142_C033,142,33,677750,9572250,0,0,2023,9,2023-09,57,5.7368,6.2228,10.36,3.4835,29.0,2.0,31.0,1,0.4868,0.942,1
LJ500_R142_C034,142,34,678250,9572250,500,0,2023,9,2023-09,57,7.0004,7.6638,13.74,4.2498,29.0,2.0,31.0,1,0.4858,0.9561,1
LJ500_R142_C035,142,35,678750,9572250,1000,0,2023,9,2023-09,57,7.0004,7.6638,13.74,4.2498,29.0,2.0,31.0,1,0.3456,0.6314,1
LJ500_R142_C036,142,36,679250,9572250,1500,0,2023,9,2023-09,57,7.0004,7.6638,13.74,4.2498,29.0,2.0,31.0,1,0.3217,0.578,1
LJ500_R142_C037,142,37,679750,9572250,2000,0,2023,9,2023-09,57,7.0004,7.6638,13.74,4.2498,29.0,2.0,31.0,1,0.2163,0.517,1
LJ500_R142_C038,142,38,680250,9572250,2500,0,2023,9,2023-09,57,7.0004,7.6638,13.74,4.2498,29.0,2.0,31.0,1,0.2486,0.571,1
LJ500_R142_C039,142,39,680750,9572250,3000,0,2023,9,2023-09,57,7.0004,7.6638,13.74,4.2498,29.0,2.0,31.0,1,0.4207,0.86,1
LJ500_R142_C040,142,40,681250,9572250,3500,0,2023,9,2023-09,57,7.0004,7.6638,13.74,4.2498,29.0,2.0,31.0,1,0.4272,0.9708,1
LJ500_R142_C041,142,41,681750,9572250,4000,0,2023,9,2023-09,57,7.0004,7.6638,13.74,4.2498,29.0,2.0,31.0,1,0.442,1.2223,1
LJ500_R142_C042,142,42,682250,9572250,4500,0,2023,9,2023-09,57,7.0004,7.6638,13.74,4.2498,29.0,2.0,31.0,1,0.4383,1.225,1
LJ500_R143_C033,143,33,677750,9572750,0,500,2023,9,2023-09,57,5.7294,6.2143,10.34,3.479,29.0,2.0,31.0,1,0.4411,0.8048,1
LJ500_R143_C034,143,34,678250,9572750,500,500,2023,9,2023-09,57,7.0004,7.6638,13.74,4.2498,29.0,2.0,31.0,1,0.4052,0.7,1
LJ500_R143_C035,143,35,678750,9572750,1000,500,2023,9,2023-09,57,7.0004,7.6638,13.74,4.2498,29.0,2.0,31.0,1,0.2828,0.5885,1
LJ500_R143_C036,143,36,679250,9572750,1500,500,2023,9,2023-09,57,7.0004,7.6638,13.74,4.2498,29.0,2.0,31.0,1,0.2624,0.5695,1
LJ500_R143_C037,143,37,679750,9572750,2000,500,2023,9,2023-09,57,7.0004,7.6638,13.74,4.2498,29.0,2.0,31.0,1,0.2355,0.5,1
LJ500_R143_C038,143,38,680250,9572750,2500,500,2023,9,2023-09,57,7.0004,7.6638,13.74,4.2498,29.0,2.0,31.0,1,0.2643,0.556,1
LJ500_R143_C039,143,39,680750,9572750,3000,500,2023,9,2023-09,57,7.0004,7.6638,13.74,4.2498,29.0,2.0,31.0,1,0.421,0.86,1
LJ500_R143_C040,143,40,681250,9572750,3500,500,2023,9,2023-09,57,7.0004,7.6638,13.74,4.2498,29.0,2.0,31.0,1,0.4228,1.0701,1
LJ500_R143_C041,143,41,681750,9572750,4000,500,2023,9,2023-09,57,7.0004,7.6638,13.74,4.2498,29.0,2.0,31.0,1,0.4271,1.55,1
LJ500_R143_C042,143,42,682250,9572750,4500,500,2023,9,2023-09,57,7.0004,7.6638,13.74,4.2498,29.0,2.0,31.0,1,0.4452,1.6089,1
LJ500_R144_C033,144,33,677750,9573250,0,1000,2023,9,2023-09,57,5.722,6.2059,10.32,3.4745,29.0,2.0,31.0,1,0.4302,0.7707,1
LJ500_R144_C034,144,34,678250,9573250,500,1000,2023,9,2023-09,57,7.0004,7.6638,13.74,4.2498,29.0,2.0,31.0,1,0.396,0.6757,1
LJ500_R144_C035,144,35,678750,9573250,1000,1000,2023,9,2023-09,57,7.0004,7.6638,13.74,4.2498,29.0,2.0,31.0,1,0.2953,0.5774,1
LJ500_R144_C036,144,36,679250,9573250,1500,1000,2023,9,2023-09,57,7.0004,7.6638,13.74,4.2498,29.0,2.0,31.0,1,0.2784,0.5605,1
LJ500_R144_C037,144,37,679750,9573250,2000,1000,2023,9,2023-09,57,7.0004,7.6638,13.74,4.2498,29.0,2.0,31.0,1,0.2402,0.4969,1
LJ500_R144_C038,144,38,680250,9573250,2500,1000,2023,9,2023-09,57,7.0004,7.6638,13.74,4.2498,29.0,2.0,31.0,1,0.264,0.5408,1
LJ500_R144_C039,144,39,680750,9573250,3000,1000,2023,9,2023-09,57,7.0004,7.6638,13.74,4.2498,29.0,2.0,31.0,1,0.3948,0.7818,1
LJ500_R144_C040,144,40,681250,9573250,3500,1000,2023,9,2023-09,57,7.0004,7.6638,13.74,4.2498,29.0,2.0,31.0,1,0.4061,0.9748,1
LJ500_R144_C041,144,41,681750,9573250,4000,1000,2023,9,2023-09,57,7.0004,7.6638,13.74,4.2498,29.0,2.0,31.0,1,0.4325,1.4202,1
LJ500_R144_C042,144,42,682250,9573250,4500,1000,2023,9,2023-09,57,7.0004,7.6638,13.74,4.2498,29.0,2.0,31.0,1,0.4611,1.5586,1
LJ500_R145_C033,145,33,677750,9573750,0,1500,2023,9,2023-09,57,5.7145,6.1974,10.3,3.47,29.0,2.0,31.0,1,0.4045,0.6907,1
LJ500_R145_C034,145,34,678250,9573750,500,1500,2023,9,2023-09,57,7.0004,7.6638,13.74,4.2498,29.0,2.0,31.0,1,0.3748,0.62,1
LJ500_R145_C035,145,35,678750,9573750,1000,1500,2023,9,2023-09,57,7.0004,7.6638,13.74,4.2498,29.0,2.0,31.0,1,0.3233,0.5517,1
LJ500_R145_C036,145,36,679250,9573750,1500,1500,2023,9,2023-09,57,7.0004,7.6638,13.74,4.2498,29.0,2.0,31.0,1,0.3143,0.5399,1
LJ500_R145_C037,145,37,679750,9573750,2000,1500,2023,9,2023-09,57,7.0004,7.6638,13.74,4.2498,29.0,2.0,31.0,1,0.2506,0.49,1
LJ500_R145_C038,145,38,680250,9573750,2500,1500,2023,9,2023-09,57,7.0004,7.6638,13.74,4.2498,29.0,2.0,31.0,1,0.2638,0.5082,1
LJ500_R145_C039,145,39,680750,9573750,3000,1500,2023,9,2023-09,57,7.0004,7.6638,13.74,4.2498,29.0,2.0,31.0,1,0.3374,0.61,1
LJ500_R145_C040,145,40,681250,9573750,3500,1500,2023,9,2023-09,57,7.0004,7.6638,13.74,4.2498,29.0,2.0,31.0,1,0.3695,0.7693,1
LJ500_R145_C041,145,41,681750,9573750,4000,1500,2023,9,2023-09,57,7.0004,7.6638,13.74,4.2498,29.0,2.0,31.0,1,0.4442,1.14,1
LJ500_R145_C042,145,42,682250,9573750,4500,1500,2023,9,2023-09,57,7.0004,7.6638,13.74,4.2498,29.0,2.0,31.0,1,0.4951,1.4501,1
LJ500_R146_C033,146,33,677750,9574250,0,2000,2023,9,2023-09,57,7.1307,8.5059,13.54,4.3511,29.0,2.0,31.0,1,0.4503,0.8374,1
LJ500_R146_C034,146,34,678250,9574250,500,2000,2023,9,2023-09,57,8.9584,10.95,18.45,5.447,29.0,2.0,31.0,1,0.4322,0.7996,1
LJ500_R146_C035,146,35,678750,9574250,1000,2000,2023,9,2023-09,57,8.967,10.97,18.47,5.4522,29.0,2.0,31.0,1,0.3656,0.6455,1
LJ500_R146_C036,146,36,679250,9574250,1500,2000,2023,9,2023-09,57,8.9756,10.98,18.49,5.4575,29.0,2.0,31.0,1,0.3541,0.6188,1
LJ500_R146_C037,146,37,679750,9574250,2000,2000,2023,9,2023-09,57,8.9843,11.0,18.51,5.4628,29.0,2.0,31.0,1,0.2851,0.518,1
LJ500_R146_C038,146,38,680250,9574250,2500,2000,2023,9,2023-09,57,8.9929,11.01,18.53,5.4681,29.0,2.0,31.0,1,0.2873,0.5193,1
LJ500_R146_C039,146,39,680750,9574250,3000,2000,2023,9,2023-09,57,9.0016,11.02,18.56,5.4734,29.0,2.0,31.0,1,0.2989,0.5254,1
LJ500_R146_C040,146,40,681250,9574250,3500,2000,2023,9,2023-09,57,9.0103,11.04,18.58,5.4787,29.0,2.0,31.0,1,0.3402,0.6862,1
LJ500_R146_C041,146,41,681750,9574250,4000,2000,2023,9,2023-09,57,9.0191,11.05,18.6,5.484,29.0,2.0,31.0,1,0.4373,1.0642,1
LJ500_R146_C042,146,42,682250,9574250,4500,2000,2023,9,2023-09,57,9.0278,11.07,18.62,5.4894,29.0,2.0,31.0,1,0.4782,1.3812,1
LJ500_R147_C033,147,33,677750,9574750,0,2500,2023,9,2023-09,57,9.0211,11.58,17.88,5.5276,29.0,2.0,31.0,1,0.5043,1.01,1
LJ500_R147_C034,147,34,678250,9574750,500,2500,2023,9,2023-09,57,11.56,15.32,24.7,7.0365,29.0,2.0,31.0,1,0.4994,1.01,1
LJ500_R147_C035,147,35,678750,9574750,1000,2500,2023,9,2023-09,57,11.56,15.32,24.7,7.0365,29.0,2.0,31.0,1,0.4149,0.7549,1
LJ500_R147_C036,147,36,679250,9574750,1500,2500,2023,9,2023-09,57,11.56,15.32,24.7,7.0365,29.0,2.0,31.0,1,0.4,0.71,1
LJ500_R147_C037,147,37,679750,9574750,2000,2500,2023,9,2023-09,57,11.56,15.32,24.7,7.0365,29.0,2.0,31.0,1,0.3246,0.5501,1
LJ500_R147_C038,147,38,680250,9574750,2500,2500,2023,9,2023-09,57,11.56,15.32,24.7,7.0365,29.0,2.0,31.0,1,0.3143,0.5322,1
LJ500_R147_C039,147,39,680750,9574750,3000,2500,2023,9,2023-09,57,11.56,15.32,24.7,7.0365,29.0,2.0,31.0,1,0.2555,0.43,1
LJ500_R147_C040,147,40,681250,9574750,3500,2500,2023,9,2023-09,57,11.56,15.32,24.7,7.0365,29.0,2.0,31.0,1,0.3072,0.5932,1
LJ500_R147_C041,147,41,681750,9574750,4000,2500,2023,9,2023-09,57,11.56,15.32,24.7,7.0365,29.0,2.0,31.0,1,0.4297,0.98,1
LJ500_R147_C042,147,42,682250,9574750,4500,2500,2023,9,2023-09,57,11.56,15.32,24.7,7.0365,29.0,2.0,31.0,1,0.4597,1.3053,1
LJ500_R148_C033,148,33,677750,9575250,0,3000,2023,9,2023-09,57,9.0066,11.56,17.84,5.519,29.0,2.0,31.0,1,0.4926,0.9884,1
LJ500_R148_C034,148,34,678250,9575250,500,3000,2023,9,2023-09,57,11.56,15.32,24.7,7.0365,29.0,2.0,31.0,1,0.5051,1.0532,1
LJ500_R148_C035,148,35,678750,9575250,1000,3000,2023,9,2023-09,57,11.56,15.32,24.7,7.0365,29.0,2.0,31.0,1,0.4307,0.8041,1
LJ500_R148_C036,148,36,679250,9575250,1500,3000,2023,9,2023-09,57,11.56,15.32,24.7,7.0365,29.0,2.0,31.0,1,0.4174,0.7597,1
LJ500_R148_C037,148,37,679750,9575250,2000,3000,2023,9,2023-09,57,11.56,15.32,24.7,7.0365,29.0,2.0,31.0,1,0.3604,0.6376,1
LJ500_R148_C038,148,38,680250,9575250,2500,3000,2023,9,2023-09,57,11.56,15.32,24.7,7.0365,29.0,2.0,31.0,1,0.3473,0.6109,1
LJ500_R148_C039,148,39,680750,9575250,3000,3000,2023,9,2023-09,57,11.56,15.32,24.7,7.0365,29.0,2.0,31.0,1,0.2707,0.4551,1
LJ500_R148_C040,148,40,681250,9575250,3500,3000,2023,9,2023-09,57,11.56,15.32,24.7,7.0365,29.0,2.0,31.0,1,0.2956,0.5339,1
LJ500_R148_C041,148,41,681750,9575250,4000,3000,2023,9,2023-09,57,11.56,15.32,24.7,7.0365,29.0,2.0,31.0,1,0.355,0.7214,1
LJ500_R148_C042,148,42,682250,9575250,4500,3000,2023,9,2023-09,57,11.56,15.32,24.7,7.0365,29.0,2.0,31.0,1,0.3886,0.9154,1
LJ500_R149_C033,149,33,677750,9575750,0,3500,2023,9,2023-09,57,8.9922,11.54,17.8,5.5104,29.0,2.0,31.0,1,0.4852,0.9742,1
LJ500_R149_C034,149,34,678250,9575750,500,3500,2023,9,2023-09,57,11.56,15.32,24.7,7.0365,29.0,2.0,31.0,1,0.5087,1.08,1
LJ500_R149_C035,149,35,678750,9575750,1000,3500,2023,9,2023-09,57,11.56,15.32,24.7,7.0365,29.0,2.0,31.0,1,0.4404,0.8345,1
LJ500_R149_C036,149,36,679250,9575750,1500,3500,2023,9,2023-09,57,11.56,15.32,24.7,7.0365,29.0,2.0,31.0,1,0.4281,0.79,1
LJ500_R149_C037,149,37,679750,9575750,2000,3500,2023,9,2023-09,57,11.56,15.32,24.7,7.0365,29.0,2.0,31.0,1,0.3822,0.6905,1
LJ500_R149_C038,149,38,680250,9575750,2500,3500,2023,9,2023-09,57,11.56,15.32,24.7,7.0365,29.0,2.0,31.0,1,0.3672,0.6583,1
LJ500_R149_C039,149,39,680750,9575750,3000,3500,2023,9,2023-09,57,11.56,15.32,24.7,7.0365,29.0,2.0,31.0,1,0.2797,0.47,1
LJ500_R149_C040,149,40,681250,9575750,3500,3500,2023,9,2023-09,57,11.56,15.32,24.7,7.0365,29.0,2.0,31.0,1,0.2889,0.4993,1
LJ500_R149_C041,149,41,681750,9575750,4000,3500,2023,9,2023-09,57,11.56,15.32,24.7,7.0365,29.0,2.0,31.0,1,0.3113,0.57,1
LJ500_R149_C042,149,42,682250,9575750,4500,3500,2023,9,2023-09,57,11.56,15.32,24.7,7.0365,29.0,2.0,31.0,1,0.3472,0.6893,1
LJ500_R150_C033,150,33,677750,9576250,0,4000,2023,9,2023-09,57,8.9779,11.52,17.76,5.5019,29.0,2.0,31.0,1,0.497,1.1076,1
LJ500_R150_C034,150,34,678250,9576250,500,4000,2023,9,2023-09,57,11.56,15.32,24.7,7.0365,29.0,2.0,31.0,1,0.5157,1.2426,1
LJ500_R150_C035,150,35,678750,9576250,1000,4000,2023,9,2023-09,57,11.56,15.32,24.7,7.0365,29.0,2.0,31.0,1,0.4563,0.9128,1
LJ500_R150_C036,150,36,679250,9576250,1500,4000,2023,9,2023-09,57,11.56,15.32,24.7,7.0365,29.0,2.0,31.0,1,0.4454,0.8523,1
LJ500_R150_C037,150,37,679750,9576250,2000,4000,2023,9,2023-09,57,11.56,15.32,24.7,7.0365,29.0,2.0,31.0,1,0.4543,1.0165,1
LJ500_R150_C038,150,38,680250,9576250,2500,4000,2023,9,2023-09,57,11.56,15.32,24.7,7.0365,29.0,2.0,31.0,1,0.447,0.9905,1
LJ500_R150_C039,150,39,680750,9576250,3000,4000,2023,9,2023-09,57,11.56,15.32,24.7,7.0365,29.0,2.0,31.0,1,0.4013,0.8227,1
LJ500_R150_C040,150,40,681250,9576250,3500,4000,2023,9,2023-09,57,11.56,15.32,24.7,7.0365,29.0,2.0,31.0,1,0.3748,0.7475,1
LJ500_R150_C041,150,41,681750,9576250,4000,4000,2023,9,2023-09,57,11.56,15.32,24.7,7.0365,29.0,2.0,31.0,1,0.3095,0.5621,1
LJ500_R150_C042,150,42,682250,9576250,4500,4000,2023,9,2023-09,57,11.56,15.32,24.7,7.0365,29.0,2.0,31.0,1,0.3346,0.6392,1
LJ500_R151_C033,151,33,677750,9576750,0,4500,2023,9,2023-09,57,8.9635,11.5,17.72,5.4933,29.0,2.0,31.0,1,0.5004,1.1462,1
LJ500_R151_C034,151,34,678250,9576750,500,4500,2023,9,2023-09,57,11.56,15.32,24.7,7.0365,29.0,2.0,31.0,1,0.5177,1.29,1
LJ500_R151_C035,151,35,678750,9576750,1000,4500,2023,9,2023-09,57,11.56,15.32,24.7,7.0365,29.0,2.0,31.0,1,0.4609,0.936,1
LJ500_R151_C036,151,36,679250,9576750,1500,4500,2023,9,2023-09,57,11.56,15.32,24.7,7.0365,29.0,2.0,31.0,1,0.4503,0.87,1
LJ500_R151_C037,151,37,679750,9576750,2000,4500,2023,9,2023-09,57,11.56,15.32,24.7,7.0365,29.0,2.0,31.0,1,0.4746,1.108,1
LJ500_R151_C038,151,38,680250,9576750,2500,4500,2023,9,2023-09,57,11.56,15.32,24.7,7.0365,29.0,2.0,31.0,1,0.4692,1.0833,1
LJ500_R151_C039,151,39,680750,9576750,3000,4500,2023,9,2023-09,57,11.56,15.32,24.7,7.0365,29.0,2.0,31.0,1,0.4348,0.92,1
LJ500_R151_C040,151,40,681250,9576750,3500,4500,2023,9,2023-09,57,11.56,15.32,24.7,7.0365,29.0,2.0,31.0,1,0.3985,0.8159,1
LJ500_R151_C041,151,41,681750,9576750,4000,4500,2023,9,2023-09,57,11.56,15.32,24.7,7.0365,29.0,2.0,31.0,1,0.309,0.56,1
LJ500_R151_C042,151,42,682250,9576750,4500,4500,2023,9,2023-09,57,11.56,15.32,24.7,7.0365,29.0,2.0,31.0,1,0.3312,0.6257,1
LJ500_R142_C033,142,33,677750,9572250,0,0,2023,10,2023-10,58,9.4935,15.23,15.72,5.1055,28.0,2.0,30.0,1,0.4251,0.7961,1
LJ500_R142_C034,142,34,678250,9572250,500,0,2023,10,2023-10,58,9.7652,16.77,17.43,5.2618,28.0,2.0,30.0,1,0.4319,0.8178,1
LJ500_R142_C035,142,35,678750,9572250,1000,0,2023,10,2023-10,58,9.7652,16.77,17.43,5.2618,28.0,2.0,30.0,1,0.2688,0.592,1
LJ500_R142_C036,142,36,679250,9572250,1500,0,2023,10,2023-10,58,9.7652,16.77,17.43,5.2618,28.0,2.0,30.0,1,0.2414,0.5537,1
LJ500_R142_C037,142,37,679750,9572250,2000,0,2023,10,2023-10,58,9.7652,16.77,17.43,5.2618,28.0,2.0,30.0,1,0.1561,0.4015,1
LJ500_R142_C038,142,38,680250,9572250,2500,0,2023,10,2023-10,58,9.7652,16.77,17.43,5.2618,28.0,2.0,30.0,1,0.198,0.469,1
LJ500_R142_C039,142,39,680750,9572250,3000,0,2023,10,2023-10,58,9.7652,16.77,17.43,5.2618,28.0,2.0,30.0,1,0.4221,0.83,1
LJ500_R142_C040,142,40,681250,9572250,3500,0,2023,10,2023-10,58,9.7652,16.77,17.43,5.2618,28.0,2.0,30.0,1,0.4461,0.925,1
LJ500_R142_C041,142,41,681750,9572250,4000,0,2023,10,2023-10,58,9.7652,16.77,17.43,5.2618,28.0,2.0,30.0,1,0.5004,1.1403,1
LJ500_R142_C042,142,42,682250,9572250,4500,0,2023,10,2023-10,58,9.7652,16.77,17.43,5.2618,28.0,2.0,30.0,1,0.5019,1.1483,1
LJ500_R143_C033,143,33,677750,9572750,0,500,2023,10,2023-10,58,9.4919,15.22,15.71,5.1046,28.0,2.0,30.0,1,0.3675,0.6998,1
LJ500_R143_C034,143,34,678250,9572750,500,500,2023,10,2023-10,58,9.7652,16.77,17.43,5.2618,28.0,2.0,30.0,1,0.326,0.63,1
LJ500_R143_C035,143,35,678750,9572750,1000,500,2023,10,2023-10,58,9.7652,16.77,17.43,5.2618,28.0,2.0,30.0,1,0.1965,0.4927,1
LJ500_R143_C036,143,36,679250,9572750,1500,500,2023,10,2023-10,58,9.7652,16.77,17.43,5.2618,28.0,2.0,30.0,1,0.175,0.4696,1
LJ500_R143_C037,143,37,679750,9572750,2000,500,2023,10,2023-10,58,9.7652,16.77,17.43,5.2618,28.0,2.0,30.0,1,0.168,0.41,1
LJ500_R143_C038,143,38,680250,9572750,2500,500,2023,10,2023-10,58,9.7652,16.77,17.43,5.2618,28.0,2.0,30.0,1,0.2079,0.4753,1
LJ500_R143_C039,143,39,680750,9572750,3000,500,2023,10,2023-10,58,9.7652,16.77,17.43,5.2618,28.0,2.0,30.0,1,0.4243,0.83,1
LJ500_R143_C040,143,40,681250,9572750,3500,500,2023,10,2023-10,58,9.7652,16.77,17.43,5.2618,28.0,2.0,30.0,1,0.4497,0.9731,1
LJ500_R143_C041,143,41,681750,9572750,4000,500,2023,10,2023-10,58,9.7652,16.77,17.43,5.2618,28.0,2.0,30.0,1,0.5077,1.3,1
LJ500_R143_C042,143,42,682250,9572750,4500,500,2023,10,2023-10,58,9.7652,16.77,17.43,5.2618,28.0,2.0,30.0,1,0.5185,1.3,1
LJ500_R144_C033,144,33,677750,9573250,0,1000,2023,10,2023-10,58,9.4903,15.21,15.7,5.1037,28.0,2.0,30.0,1,0.3533,0.6776,1
LJ500_R144_C034,144,34,678250,9573250,500,1000,2023,10,2023-10,58,9.7652,16.77,17.43,5.2618,28.0,2.0,30.0,1,0.3145,0.6179,1
LJ500_R144_C035,144,35,678750,9573250,1000,1000,2023,10,2023-10,58,9.7652,16.77,17.43,5.2618,28.0,2.0,30.0,1,0.2102,0.5017,1
LJ500_R144_C036,144,36,679250,9573250,1500,1000,2023,10,2023-10,58,9.7652,16.77,17.43,5.2618,28.0,2.0,30.0,1,0.1927,0.482,1
LJ500_R144_C037,144,37,679750,9573250,2000,1000,2023,10,2023-10,58,9.7652,16.77,17.43,5.2618,28.0,2.0,30.0,1,0.1719,0.4162,1
LJ500_R144_C038,144,38,680250,9573250,2500,1000,2023,10,2023-10,58,9.7652,16.77,17.43,5.2618,28.0,2.0,30.0,1,0.2055,0.4684,1
LJ500_R144_C039,144,39,680750,9573250,3000,1000,2023,10,2023-10,58,9.7652,16.77,17.43,5.2618,28.0,2.0,30.0,1,0.3903,0.7549,1
LJ500_R144_C040,144,40,681250,9573250,3500,1000,2023,10,2023-10,58,9.7652,16.77,17.43,5.2618,28.0,2.0,30.0,1,0.4254,0.9004,1
LJ500_R144_C041,144,41,681750,9573250,4000,1000,2023,10,2023-10,58,9.7652,16.77,17.43,5.2618,28.0,2.0,30.0,1,0.5066,1.2367,1
LJ500_R144_C042,144,42,682250,9573250,4500,1000,2023,10,2023-10,58,9.7652,16.77,17.43,5.2618,28.0,2.0,30.0,1,0.5255,1.2579,1
LJ500_R145_C033,145,33,677750,9573750,0,1500,2023,10,2023-10,58,9.4887,15.2,15.69,5.1028,28.0,2.0,30.0,1,0.32,0.6254,1
LJ500_R145_C034,145,34,678250,9573750,500,1500,2023,10,2023-10,58,9.7652,16.77,17.43,5.2618,28.0,2.0,30.0,1,0.288,0.59,1
LJ500_R145_C035,145,35,678750,9573750,1000,1500,2023,10,2023-10,58,9.7652,16.77,17.43,5.2618,28.0,2.0,30.0,1,0.241,0.5217,1
LJ500_R145_C036,145,36,679250,9573750,1500,1500,2023,10,2023-10,58,9.7652,16.77,17.43,5.2618,28.0,2.0,30.0,1,0.2328,0.5098,1
LJ500_R145_C037,145,37,679750,9573750,2000,1500,2023,10,2023-10,58,9.7652,16.77,17.43,5.2618,28.0,2.0,30.0,1,0.1807,0.43,1
LJ500_R145_C038,145,38,680250,9573750,2500,1500,2023,10,2023-10,58,9.7652,16.77,17.43,5.2618,28.0,2.0,30.0,1,0.2012,0.4543,1
LJ500_R145_C039,145,39,680750,9573750,3000,1500,2023,10,2023-10,58,9.7652,16.77,17.43,5.2618,28.0,2.0,30.0,1,0.3157,0.59,1
LJ500_R145_C040,145,40,681250,9573750,3500,1500,2023,10,2023-10,58,9.7652,16.77,17.43,5.2618,28.0,2.0,30.0,1,0.3724,0.7433,1
LJ500_R145_C041,145,41,681750,9573750,4000,1500,2023,10,2023-10,58,9.7652,16.77,17.43,5.2618,28.0,2.0,30.0,1,0.5043,1.1,1
LJ500_R145_C042,145,42,682250,9573750,4500,1500,2023,10,2023-10,58,9.7652,16.77,17.43,5.2618,28.0,2.0,30.0,1,0.5404,1.1674,1
LJ500_R146_C033,146,33,677750,9574250,0,2000,2023,10,2023-10,58,10.25,17.38,18.75,5.5333,28.0,2.0,30.0,1,0.3848,0.7336,1
LJ500_R146_C034,146,34,678250,9574250,500,2000,2023,10,2023-10,58,10.61,19.57,21.56,5.7464,28.0,2.0,30.0,1,0.3683,0.7189,1
LJ500_R146_C035,146,35,678750,9574250,1000,2000,2023,10,2023-10,58,10.61,19.58,21.58,5.7485,28.0,2.0,30.0,1,0.2994,0.5922,1
LJ500_R146_C036,146,36,679250,9574250,1500,2000,2023,10,2023-10,58,10.62,19.59,21.6,5.7507,28.0,2.0,30.0,1,0.2876,0.5703,1
LJ500_R146_C037,146,37,679750,9574250,2000,2000,2023,10,2023-10,58,10.62,19.6,21.62,5.7528,28.0,2.0,30.0,1,0.2249,0.4906,1
LJ500_R146_C038,146,38,680250,9574250,2500,2000,2023,10,2023-10,58,10.62,19.62,21.63,5.755,28.0,2.0,30.0,1,0.2313,0.4973,1
LJ500_R146_C039,146,39,680750,9574250,3000,2000,2023,10,2023-10,58,10.63,19.63,21.65,5.7571,28.0,2.0,30.0,1,0.2659,0.5336,1
LJ500_R146_C040,146,40,681250,9574250,3500,2000,2023,10,2023-10,58,10.63,19.64,21.67,5.7593,28.0,2.0,30.0,1,0.3331,0.6857,1
LJ500_R146_C041,146,41,681750,9574250,4000,2000,2023,10,2023-10,58,10.63,19.65,21.69,5.7614,28.0,2.0,30.0,1,0.4915,1.0432,1
LJ500_R146_C042,146,42,682250,9574250,4500,2000,2023,10,2023-10,58,10.64,19.67,21.71,5.7636,28.0,2.0,30.0,1,0.5253,1.1484,1
LJ500_R147_C033,147,33,677750,9574750,0,2500,2023,10,2023-10,58,11.26,20.28,22.84,6.109,28.0,2.0,30.0,1,0.4611,0.861,1
LJ500_R147_C034,147,34,678250,9574750,500,2500,2023,10,2023-10,58,11.73,23.29,27.05,6.3899,28.0,2.0,30.0,1,0.4623,0.87,1
LJ500_R147_C035,147,35,678750,9574750,1000,2500,2023,10,2023-10,58,11.73,23.29,27.05,6.3899,28.0,2.0,30.0,1,0.3674,0.6744,1
LJ500_R147_C036,147,36,679250,9574750,1500,2500,2023,10,2023-10,58,11.73,23.29,27.05,6.3899,28.0,2.0,30.0,1,0.3507,0.64,1
LJ500_R147_C037,147,37,679750,9574750,2000,2500,2023,10,2023-10,58,11.73,23.29,27.05,6.3899,28.0,2.0,30.0,1,0.2757,0.5601,1
LJ500_R147_C038,147,38,680250,9574750,2500,2500,2023,10,2023-10,58,11.73,23.29,27.05,6.3899,28.0,2.0,30.0,1,0.2659,0.5467,1
LJ500_R147_C039,147,39,680750,9574750,3000,2500,2023,10,2023-10,58,11.73,23.29,27.05,6.3899,28.0,2.0,30.0,1,0.2097,0.47,1
LJ500_R147_C040,147,40,681250,9574750,3500,2500,2023,10,2023-10,58,11.73,23.29,27.05,6.3899,28.0,2.0,30.0,1,0.2891,0.6213,1
LJ500_R147_C041,147,41,681750,9574750,4000,2500,2023,10,2023-10,58,11.73,23.29,27.05,6.3899,28.0,2.0,30.0,1,0.4773,0.98,1
LJ500_R147_C042,147,42,682250,9574750,4500,2500,2023,10,2023-10,58,11.73,23.29,27.05,6.3899,28.0,2.0,30.0,1,0.5087,1.127,1
LJ500_R148_C033,148,33,677750,9575250,0,3000,2023,10,2023-10,58,11.26,20.26,22.82,6.1074,28.0,2.0,30.0,1,0.4498,0.848,1
LJ500_R148_C034,148,34,678250,9575250,500,3000,2023,10,2023-10,58,11.73,23.29,27.05,6.3899,28.0,2.0,30.0,1,0.4767,0.907,1
LJ500_R148_C035,148,35,678750,9575250,1000,3000,2023,10,2023-10,58,11.73,23.29,27.05,6.3899,28.0,2.0,30.0,1,0.3899,0.7173,1
LJ500_R148_C036,148,36,679250,9575250,1500,3000,2023,10,2023-10,58,11.73,23.29,27.05,6.3899,28.0,2.0,30.0,1,0.3745,0.6835,1
LJ500_R148_C037,148,37,679750,9575250,2000,3000,2023,10,2023-10,58,11.73,23.29,27.05,6.3899,28.0,2.0,30.0,1,0.3242,0.6163,1
LJ500_R148_C038,148,38,680250,9575250,2500,3000,2023,10,2023-10,58,11.73,23.29,27.05,6.3899,28.0,2.0,30.0,1,0.3105,0.5995,1
LJ500_R148_C039,148,39,680750,9575250,3000,3000,2023,10,2023-10,58,11.73,23.29,27.05,6.3899,28.0,2.0,30.0,1,0.2301,0.5013,1
LJ500_R148_C040,148,40,681250,9575250,3500,3000,2023,10,2023-10,58,11.73,23.29,27.05,6.3899,28.0,2.0,30.0,1,0.2721,0.5684,1
LJ500_R148_C041,148,41,681750,9575250,4000,3000,2023,10,2023-10,58,11.73,23.29,27.05,6.3899,28.0,2.0,30.0,1,0.3718,0.7277,1
LJ500_R148_C042,148,42,682250,9575250,4500,3000,2023,10,2023-10,58,11.73,23.29,27.05,6.3899,28.0,2.0,30.0,1,0.4214,0.8706,1
LJ500_R149_C033,149,33,677750,9575750,0,3500,2023,10,2023-10,58,11.25,20.25,22.8,6.1058,28.0,2.0,30.0,1,0.4424,0.8393,1
LJ500_R149_C034,149,34,678250,9575750,500,3500,2023,10,2023-10,58,11.73,23.29,27.05,6.3899,28.0,2.0,30.0,1,0.4857,0.93,1
LJ500_R149_C035,149,35,678750,9575750,1000,3500,2023,10,2023-10,58,11.73,23.29,27.05,6.3899,28.0,2.0,30.0,1,0.4038,0.7438,1
LJ500_R149_C036,149,36,679250,9575750,1500,3500,2023,10,2023-10,58,11.73,23.29,27.05,6.3899,28.0,2.0,30.0,1,0.389,0.71,1
LJ500_R149_C037,149,37,679750,9575750,2000,3500,2023,10,2023-10,58,11.73,23.29,27.05,6.3899,28.0,2.0,30.0,1,0.3535,0.6503,1
LJ500_R149_C038,149,38,680250,9575750,2500,3500,2023,10,2023-10,58,11.73,23.29,27.05,6.3899,28.0,2.0,30.0,1,0.3373,0.6313,1
LJ500_R149_C039,149,39,680750,9575750,3000,3500,2023,10,2023-10,58,11.73,23.29,27.05,6.3899,28.0,2.0,30.0,1,0.2423,0.52,1
LJ500_R149_C040,149,40,681250,9575750,3500,3500,2023,10,2023-10,58,11.73,23.29,27.05,6.3899,28.0,2.0,30.0,1,0.2622,0.5376,1
LJ500_R149_C041,149,41,681750,9575750,4000,3500,2023,10,2023-10,58,11.73,23.29,27.05,6.3899,28.0,2.0,30.0,1,0.31,0.58,1
LJ500_R149_C042,149,42,682250,9575750,4500,3500,2023,10,2023-10,58,11.73,23.29,27.05,6.3899,28.0,2.0,30.0,1,0.3705,0.7214,1
LJ500_R150_C033,150,33,677750,9576250,0,4000,2023,10,2023-10,58,11.25,20.23,22.77,6.1042,28.0,2.0,30.0,1,0.4758,0.9281,1
LJ500_R150_C034,150,34,678250,9576250,500,4000,2023,10,2023-10,58,11.73,23.29,27.05,6.3899,28.0,2.0,30.0,1,0.5182,1.0384,1
LJ500_R150_C035,150,35,678750,9576250,1000,4000,2023,10,2023-10,58,11.73,23.29,27.05,6.3899,28.0,2.0,30.0,1,0.4342,0.8135,1
LJ500_R150_C036,150,36,679250,9576250,1500,4000,2023,10,2023-10,58,11.73,23.29,27.05,6.3899,28.0,2.0,30.0,1,0.4188,0.7723,1
LJ500_R150_C037,150,37,679750,9576250,2000,4000,2023,10,2023-10,58,11.73,23.29,27.05,6.3899,28.0,2.0,30.0,1,0.4684,0.9297,1
LJ500_R150_C038,150,38,680250,9576250,2500,4000,2023,10,2023-10,58,11.73,23.29,27.05,6.3899,28.0,2.0,30.0,1,0.4609,0.9141,1
LJ500_R150_C039,150,39,680750,9576250,3000,4000,2023,10,2023-10,58,11.73,23.29,27.05,6.3899,28.0,2.0,30.0,1,0.4124,0.81,1
LJ500_R150_C040,150,40,681250,9576250,3500,4000,2023,10,2023-10,58,11.73,23.29,27.05,6.3899,28.0,2.0,30.0,1,0.3828,0.7459,1
LJ500_R150_C041,150,41,681750,9576250,4000,4000,2023,10,2023-10,58,11.73,23.29,27.05,6.3899,28.0,2.0,30.0,1,0.3097,0.5879,1
LJ500_R150_C042,150,42,682250,9576250,4500,4000,2023,10,2023-10,58,11.73,23.29,27.05,6.3899,28.0,2.0,30.0,1,0.3544,0.68,1
LJ500_R151_C033,151,33,677750,9576750,0,4500,2023,10,2023-10,58,11.25,20.21,22.75,6.1026,28.0,2.0,30.0,1,0.4854,0.9537,1
LJ500_R151_C034,151,34,678250,9576750,500,4500,2023,10,2023-10,58,11.73,23.29,27.05,6.3899,28.0,2.0,30.0,1,0.5277,1.07,1
LJ500_R151_C035,151,35,678750,9576750,1000,4500,2023,10,2023-10,58,11.73,23.29,27.05,6.3899,28.0,2.0,30.0,1,0.4431,0.834,1
LJ500_R151_C036,151,36,679250,9576750,1500,4500,2023,10,2023-10,58,11.73,23.29,27.05,6.3899,28.0,2.0,30.0,1,0.4273,0.79,1
LJ500_R151_C037,151,37,679750,9576750,2000,4500,2023,10,2023-10,58,11.73,23.29,27.05,6.3899,28.0,2.0,30.0,1,0.5007,1.0081,1
LJ500_R151_C038,151,38,680250,9576750,2500,4500,2023,10,2023-10,58,11.73,23.29,27.05,6.3899,28.0,2.0,30.0,1,0.4954,0.9932,1
LJ500_R151_C039,151,39,680750,9576750,3000,4500,2023,10,2023-10,58,11.73,23.29,27.05,6.3899,28.0,2.0,30.0,1,0.4593,0.89,1
LJ500_R151_C040,151,40,681250,9576750,3500,4500,2023,10,2023-10,58,11.73,23.29,27.05,6.3899,28.0,2.0,30.0,1,0.4161,0.8033,1
LJ500_R151_C041,151,41,681750,9576750,4000,4500,2023,10,2023-10,58,11.73,23.29,27.05,6.3899,28.0,2.0,30.0,1,0.3097,0.59,1
LJ500_R151_C042,151,42,682250,9576750,4500,4500,2023,10,2023-10,58,11.73,23.29,27.05,6.3899,28.0,2.0,30.0,1,0.35,0.6688,1
LJ500_R142_C033,142,33,677750,9572250,0,0,2023,11,2023-11,59,49.18,58.68,64.41,8.2491,21.0,10.0,31.0,1,0.5813,0.9133,1
LJ500_R142_C034,142,34,678250,9572250,500,0,2023,11,2023-11,59,50.39,60.15,67.15,8.6911,21.0,10.0,31.0,1,0.588,0.9195,1
LJ500_R142_C035,142,35,678750,9572250,1000,0,2023,11,2023-11,59,50.39,60.15,67.15,8.6911,21.0,10.0,31.0,1,0.4176,0.7327,1
LJ500_R142_C036,142,36,679250,9572250,1500,0,2023,11,2023-11,59,50.39,60.15,67.15,8.6911,21.0,10.0,31.0,1,0.3887,0.7007,1
LJ500_R142_C037,142,37,679750,9572250,2000,0,2023,11,2023-11,59,50.39,60.15,67.15,8.6911,21.0,10.0,31.0,1,0.2856,0.5561,1
LJ500_R142_C038,142,38,680250,9572250,2500,0,2023,11,2023-11,59,50.39,60.15,67.15,8.6911,21.0,10.0,31.0,1,0.3286,0.6153,1
LJ500_R142_C039,142,39,680750,9572250,3000,0,2023,11,2023-11,59,50.39,60.15,67.15,8.6911,21.0,10.0,31.0,1,0.5583,0.9316,1
LJ500_R142_C040,142,40,681250,9572250,3500,0,2023,11,2023-11,59,50.39,60.15,67.15,8.6911,21.0,10.0,31.0,1,0.6134,1.0453,1
LJ500_R142_C041,142,41,681750,9572250,4000,0,2023,11,2023-11,59,50.39,60.15,67.15,8.6911,21.0,10.0,31.0,1,0.7384,1.3038,1
LJ500_R142_C042,142,42,682250,9572250,4500,0,2023,11,2023-11,59,50.39,60.15,67.15,8.6911,21.0,10.0,31.0,1,0.7409,1.3408,1
LJ500_R143_C033,143,33,677750,9572750,0,500,2023,11,2023-11,59,49.18,58.67,64.4,8.2465,21.0,10.0,31.0,1,0.5241,0.8582,1
LJ500_R143_C034,143,34,678250,9572750,500,500,2023,11,2023-11,59,50.39,60.15,67.15,8.6911,21.0,10.0,31.0,1,0.4768,0.8,1
LJ500_R143_C035,143,35,678750,9572750,1000,500,2023,11,2023-11,59,50.39,60.15,67.15,8.6911,21.0,10.0,31.0,1,0.3392,0.6284,1
LJ500_R143_C036,143,36,679250,9572750,1500,500,2023,11,2023-11,59,50.39,60.15,67.15,8.6911,21.0,10.0,31.0,1,0.3164,0.5999,1
LJ500_R143_C037,143,37,679750,9572750,2000,500,2023,11,2023-11,59,50.39,60.15,67.15,8.6911,21.0,10.0,31.0,1,0.3042,0.59,1
LJ500_R143_C038,143,38,680250,9572750,2500,500,2023,11,2023-11,59,50.39,60.15,67.15,8.6911,21.0,10.0,31.0,1,0.3442,0.6445,1
LJ500_R143_C039,143,39,680750,9572750,3000,500,2023,11,2023-11,59,50.39,60.15,67.15,8.6911,21.0,10.0,31.0,1,0.5613,0.94,1
LJ500_R143_C040,143,40,681250,9572750,3500,500,2023,11,2023-11,59,50.39,60.15,67.15,8.6911,21.0,10.0,31.0,1,0.6612,1.217,1
LJ500_R143_C041,143,41,681750,9572750,4000,500,2023,11,2023-11,59,50.39,60.15,67.15,8.6911,21.0,10.0,31.0,1,0.8894,1.85,1
LJ500_R143_C042,143,42,682250,9572750,4500,500,2023,11,2023-11,59,50.39,60.15,67.15,8.6911,21.0,10.0,31.0,1,0.9125,1.9996,1
LJ500_R144_C033,144,33,677750,9573250,0,1000,2023,11,2023-11,59,49.17,58.66,64.38,8.2439,21.0,10.0,31.0,1,0.5087,0.8395,1
LJ500_R144_C034,144,34,678250,9573250,500,1000,2023,11,2023-11,59,50.39,60.15,67.15,8.6911,21.0,10.0,31.0,1,0.4654,0.7879,1
LJ500_R144_C035,144,35,678750,9573250,1000,1000,2023,11,2023-11,59,50.39,60.15,67.15,8.6911,21.0,10.0,31.0,1,0.3551,0.6532,1
LJ500_R144_C036,144,36,679250,9573250,1500,1000,2023,11,2023-11,59,50.39,60.15,67.15,8.6911,21.0,10.0,31.0,1,0.3365,0.6306,1
LJ500_R144_C037,144,37,679750,9573250,2000,1000,2023,11,2023-11,59,50.39,60.15,67.15,8.6911,21.0,10.0,31.0,1,0.3094,0.5993,1
LJ500_R144_C038,144,38,680250,9573250,2500,1000,2023,11,2023-11,59,50.39,60.15,67.15,8.6911,21.0,10.0,31.0,1,0.3428,0.6431,1
LJ500_R144_C039,144,39,680750,9573250,3000,1000,2023,11,2023-11,59,50.39,60.15,67.15,8.6911,21.0,10.0,31.0,1,0.5264,0.8837,1
LJ500_R144_C040,144,40,681250,9573250,3500,1000,2023,11,2023-11,59,50.39,60.15,67.15,8.6911,21.0,10.0,31.0,1,0.6191,1.1139,1
LJ500_R144_C041,144,41,681750,9573250,4000,1000,2023,11,2023-11,59,50.39,60.15,67.15,8.6911,21.0,10.0,31.0,1,0.8331,1.6441,1
LJ500_R144_C042,144,42,682250,9573250,4500,1000,2023,11,2023-11,59,50.39,60.15,67.15,8.6911,21.0,10.0,31.0,1,0.8893,1.9529,1
LJ500_R145_C033,145,33,677750,9573750,0,1500,2023,11,2023-11,59,49.16,58.65,64.37,8.2413,21.0,10.0,31.0,1,0.4724,0.7954,1
LJ500_R145_C034,145,34,678250,9573750,500,1500,2023,11,2023-11,59,50.39,60.15,67.15,8.6911,21.0,10.0,31.0,1,0.4394,0.76,1
LJ500_R145_C035,145,35,678750,9573750,1000,1500,2023,11,2023-11,59,50.39,60.15,67.15,8.6911,21.0,10.0,31.0,1,0.3906,0.7088,1
LJ500_R145_C036,145,36,679250,9573750,1500,1500,2023,11,2023-11,59,50.39,60.15,67.15,8.6911,21.0,10.0,31.0,1,0.3821,0.6998,1
LJ500_R145_C037,145,37,679750,9573750,2000,1500,2023,11,2023-11,59,50.39,60.15,67.15,8.6911,21.0,10.0,31.0,1,0.321,0.62,1
LJ500_R145_C038,145,38,680250,9573750,2500,1500,2023,11,2023-11,59,50.39,60.15,67.15,8.6911,21.0,10.0,31.0,1,0.3405,0.6412,1
LJ500_R145_C039,145,39,680750,9573750,3000,1500,2023,11,2023-11,59,50.39,60.15,67.15,8.6911,21.0,10.0,31.0,1,0.4497,0.76,1
LJ500_R145_C040,145,40,681250,9573750,3500,1500,2023,11,2023-11,59,50.39,60.15,67.15,8.6911,21.0,10.0,31.0,1,0.5284,0.8923,1
LJ500_R145_C041,145,41,681750,9573750,4000,1500,2023,11,2023-11,59,50.39,60.15,67.15,8.6911,21.0,10.0,31.0,1,0.7116,1.2,1
LJ500_R145_C042,145,42,682250,9573750,4500,1500,2023,11,2023-11,59,50.39,60.15,67.15,8.6911,21.0,10.0,31.0,1,0.8395,1.8517,1
LJ500_R146_C033,146,33,677750,9574250,0,2000,2023,11,2023-11,59,47.96,58.21,65.34,8.1748,20.85,10.15,31.0,1,0.5431,0.8696,1
LJ500_R146_C034,146,34,678250,9574250,500,2000,2023,11,2023-11,59,49.23,59.84,68.79,8.5076,20.57,10.43,31.0,1,0.5259,0.8521,1
LJ500_R146_C035,146,35,678750,9574250,1000,2000,2023,11,2023-11,59,49.22,59.83,68.8,8.5068,20.57,10.43,31.0,1,0.4479,0.7659,1
LJ500_R146_C036,146,36,679250,9574250,1500,2000,2023,11,2023-11,59,49.22,59.83,68.81,8.506,20.57,10.43,31.0,1,0.4344,0.751,1
LJ500_R146_C037,146,37,679750,9574250,2000,2000,2023,11,2023-11,59,49.21,59.83,68.82,8.5052,20.56,10.44,31.0,1,0.367,0.6759,1
LJ500_R146_C038,146,38,680250,9574250,2500,2000,2023,11,2023-11,59,49.21,59.83,68.82,8.5043,20.56,10.44,31.0,1,0.3726,0.6817,1
LJ500_R146_C039,146,39,680750,9574250,3000,2000,2023,11,2023-11,59,49.2,59.83,68.83,8.5035,20.56,10.44,31.0,1,0.4033,0.713,1
LJ500_R146_C040,146,40,681250,9574250,3500,2000,2023,11,2023-11,59,49.2,59.83,68.84,8.5027,20.56,10.44,31.0,1,0.4842,0.8414,1
LJ500_R146_C041,146,41,681750,9574250,4000,2000,2023,11,2023-11,59,49.19,59.83,68.84,8.5019,20.56,10.44,31.0,1,0.6745,1.1432,1
LJ500_R146_C042,146,42,682250,9574250,4500,2000,2023,11,2023-11,59,49.19,59.82,68.85,8.5011,20.56,10.44,31.0,1,0.8113,1.7386,1
LJ500_R147_C033,147,33,677750,9574750,0,2500,2023,11,2023-11,59,46.36,57.62,66.64,8.0881,20.66,10.34,31.0,1,0.6263,0.957,1
LJ500_R147_C034,147,34,678250,9574750,500,2500,2023,11,2023-11,59,47.68,59.41,70.97,8.2639,20.0,11.0,31.0,1,0.6274,0.96,1
LJ500_R147_C035,147,35,678750,9574750,1000,2500,2023,11,2023-11,59,47.68,59.41,70.97,8.2639,20.0,11.0,31.0,1,0.5147,0.8325,1
LJ500_R147_C036,147,36,679250,9574750,1500,2500,2023,11,2023-11,59,47.68,59.41,70.97,8.2639,20.0,11.0,31.0,1,0.4948,0.81,1
LJ500_R147_C037,147,37,679750,9574750,2000,2500,2023,11,2023-11,59,47.68,59.41,70.97,8.2639,20.0,11.0,31.0,1,0.4197,0.7401,1
LJ500_R147_C038,147,38,680250,9574750,2500,2500,2023,11,2023-11,59,47.68,59.41,70.97,8.2639,20.0,11.0,31.0,1,0.4095,0.7282,1
LJ500_R147_C039,147,39,680750,9574750,3000,2500,2023,11,2023-11,59,47.68,59.41,70.97,8.2639,20.0,11.0,31.0,1,0.351,0.66,1
LJ500_R147_C040,147,40,681250,9574750,3500,2500,2023,11,2023-11,59,47.68,59.41,70.97,8.2639,20.0,11.0,31.0,1,0.4347,0.7846,1
LJ500_R147_C041,147,41,681750,9574750,4000,2500,2023,11,2023-11,59,47.68,59.41,70.97,8.2639,20.0,11.0,31.0,1,0.6332,1.08,1
LJ500_R147_C042,147,42,682250,9574750,4500,2500,2023,11,2023-11,59,47.68,59.41,70.97,8.2639,20.0,11.0,31.0,1,0.7803,1.6147,1
LJ500_R148_C033,148,33,677750,9575250,0,3000,2023,11,2023-11,59,46.35,57.61,66.62,8.0871,20.66,10.34,31.0,1,0.6213,0.976,1
LJ500_R148_C034,148,34,678250,9575250,500,3000,2023,11,2023-11,59,47.68,59.41,70.97,8.2639,20.0,11.0,31.0,1,0.6537,1.0217,1
LJ500_R148_C035,148,35,678750,9575250,1000,3000,2023,11,2023-11,59,47.68,59.41,70.97,8.2639,20.0,11.0,31.0,1,0.5403,0.8631,1
LJ500_R148_C036,148,36,679250,9575250,1500,3000,2023,11,2023-11,59,47.68,59.41,70.97,8.2639,20.0,11.0,31.0,1,0.5201,0.8348,1
LJ500_R148_C037,148,37,679750,9575250,2000,3000,2023,11,2023-11,59,47.68,59.41,70.97,8.2639,20.0,11.0,31.0,1,0.466,0.7775,1
LJ500_R148_C038,148,38,680250,9575250,2500,3000,2023,11,2023-11,59,47.68,59.41,70.97,8.2639,20.0,11.0,31.0,1,0.4523,0.764,1
LJ500_R148_C039,148,39,680750,9575250,3000,3000,2023,11,2023-11,59,47.68,59.41,70.97,8.2639,20.0,11.0,31.0,1,0.372,0.6851,1
LJ500_R148_C040,148,40,681250,9575250,3500,3000,2023,11,2023-11,59,47.68,59.41,70.97,8.2639,20.0,11.0,31.0,1,0.4129,0.7404,1
LJ500_R148_C041,148,41,681750,9575250,4000,3000,2023,11,2023-11,59,47.68,59.41,70.97,8.2639,20.0,11.0,31.0,1,0.5101,0.8719,1
LJ500_R148_C042,148,42,682250,9575250,4500,3000,2023,11,2023-11,59,47.68,59.41,70.97,8.2639,20.0,11.0,31.0,1,0.602,1.1398,1
LJ500_R149_C033,149,33,677750,9575750,0,3500,2023,11,2023-11,59,46.34,57.6,66.59,8.0861,20.67,10.33,31.0,1,0.6179,0.9875,1
LJ500_R149_C034,149,34,678250,9575750,500,3500,2023,11,2023-11,59,47.68,59.41,70.97,8.2639,20.0,11.0,31.0,1,0.67,1.06,1
LJ500_R149_C035,149,35,678750,9575750,1000,3500,2023,11,2023-11,59,47.68,59.41,70.97,8.2639,20.0,11.0,31.0,1,0.5561,0.8822,1
LJ500_R149_C036,149,36,679250,9575750,1500,3500,2023,11,2023-11,59,47.68,59.41,70.97,8.2639,20.0,11.0,31.0,1,0.5355,0.85,1
LJ500_R149_C037,149,37,679750,9575750,2000,3500,2023,11,2023-11,59,47.68,59.41,70.97,8.2639,20.0,11.0,31.0,1,0.4941,0.8002,1
LJ500_R149_C038,149,38,680250,9575750,2500,3500,2023,11,2023-11,59,47.68,59.41,70.97,8.2639,20.0,11.0,31.0,1,0.4781,0.7856,1
LJ500_R149_C039,149,39,680750,9575750,3000,3500,2023,11,2023-11,59,47.68,59.41,70.97,8.2639,20.0,11.0,31.0,1,0.3845,0.7,1
LJ500_R149_C040,149,40,681250,9575750,3500,3500,2023,11,2023-11,59,47.68,59.41,70.97,8.2639,20.0,11.0,31.0,1,0.4002,0.7146,1
LJ500_R149_C041,149,41,681750,9575750,4000,3500,2023,11,2023-11,59,47.68,59.41,70.97,8.2639,20.0,11.0,31.0,1,0.4381,0.75,1
LJ500_R149_C042,149,42,682250,9575750,4500,3500,2023,11,2023-11,59,47.68,59.41,70.97,8.2639,20.0,11.0,31.0,1,0.4986,0.8648,1
LJ500_R150_C033,150,33,677750,9576250,0,4000,2023,11,2023-11,59,46.34,57.59,66.57,8.0851,20.67,10.33,31.0,1,0.6864,1.1953,1
LJ500_R150_C034,150,34,678250,9576250,500,4000,2023,11,2023-11,59,47.68,59.41,70.97,8.2639,20.0,11.0,31.0,1,0.7534,1.3465,1
LJ500_R150_C035,150,35,678750,9576250,1000,4000,2023,11,2023-11,59,47.68,59.41,70.97,8.2639,20.0,11.0,31.0,1,0.5969,0.96,1
LJ500_R150_C036,150,36,679250,9576250,1500,4000,2023,11,2023-11,59,47.68,59.41,70.97,8.2639,20.0,11.0,31.0,1,0.5681,0.8889,1
LJ500_R150_C037,150,37,679750,9576250,2000,4000,2023,11,2023-11,59,47.68,59.41,70.97,8.2639,20.0,11.0,31.0,1,0.6538,1.033,1
LJ500_R150_C038,150,38,680250,9576250,2500,4000,2023,11,2023-11,59,47.68,59.41,70.97,8.2639,20.0,11.0,31.0,1,0.6409,1.0204,1
LJ500_R150_C039,150,39,680750,9576250,3000,4000,2023,11,2023-11,59,47.68,59.41,70.97,8.2639,20.0,11.0,31.0,1,0.5575,0.9352,1
LJ500_R150_C040,150,40,681250,9576250,3500,4000,2023,11,2023-11,59,47.68,59.41,70.97,8.2639,20.0,11.0,31.0,1,0.5229,0.8794,1
LJ500_R150_C041,150,41,681750,9576250,4000,4000,2023,11,2023-11,59,47.68,59.41,70.97,8.2639,20.0,11.0,31.0,1,0.4378,0.7421,1
LJ500_R150_C042,150,42,682250,9576250,4500,4000,2023,11,2023-11,59,47.68,59.41,70.97,8.2639,20.0,11.0,31.0,1,0.4775,0.8182,1
LJ500_R151_C033,151,33,677750,9576750,0,4500,2023,11,2023-11,59,46.33,57.58,66.54,8.0841,20.67,10.33,31.0,1,0.7062,1.2556,1
LJ500_R151_C034,151,34,678250,9576750,500,4500,2023,11,2023-11,59,47.68,59.41,70.97,8.2639,20.0,11.0,31.0,1,0.7777,1.43,1
LJ500_R151_C035,151,35,678750,9576750,1000,4500,2023,11,2023-11,59,47.68,59.41,70.97,8.2639,20.0,11.0,31.0,1,0.6089,0.9833,1
LJ500_R151_C036,151,36,679250,9576750,1500,4500,2023,11,2023-11,59,47.68,59.41,70.97,8.2639,20.0,11.0,31.0,1,0.5774,0.9,1
LJ500_R151_C037,151,37,679750,9576750,2000,4500,2023,11,2023-11,59,47.68,59.41,70.97,8.2639,20.0,11.0,31.0,1,0.6986,1.0983,1
LJ500_R151_C038,151,38,680250,9576750,2500,4500,2023,11,2023-11,59,47.68,59.41,70.97,8.2639,20.0,11.0,31.0,1,0.6864,1.086,1
LJ500_R151_C039,151,39,680750,9576750,3000,4500,2023,11,2023-11,59,47.68,59.41,70.97,8.2639,20.0,11.0,31.0,1,0.6052,1.0,1
LJ500_R151_C040,151,40,681250,9576750,3500,4500,2023,11,2023-11,59,47.68,59.41,70.97,8.2639,20.0,11.0,31.0,1,0.5568,0.9248,1
LJ500_R151_C041,151,41,681750,9576750,4000,4500,2023,11,2023-11,59,47.68,59.41,70.97,8.2639,20.0,11.0,31.0,1,0.4377,0.74,1
LJ500_R151_C042,151,42,682250,9576750,4500,4500,2023,11,2023-11,59,47.68,59.41,70.97,8.2639,20.0,11.0,31.0,1,0.4718,0.8057,1
LJ500_R142_C033,142,33,677750,9572250,0,0,2023,12,2023-12,60,34.08,83.27,92.76,7.8166,22.0,8.0,30.0,1,0.515,1.0697,1
LJ500_R142_C034,142,34,678250,9572250,500,0,2023,12,2023-12,60,33.61,83.99,93.76,7.8161,22.0,8.0,30.0,1,0.5206,1.0876,1
LJ500_R142_C035,142,35,678750,9572250,1000,0,2023,12,2023-12,60,33.61,83.99,93.76,7.8161,22.0,8.0,30.0,1,0.3777,0.7399,1
LJ500_R142_C036,142,36,679250,9572250,1500,0,2023,12,2023-12,60,33.61,83.99,93.76,7.8161,22.0,8.0,30.0,1,0.3534,0.6813,1
LJ500_R142_C037,142,37,679750,9572250,2000,0,2023,12,2023-12,60,33.61,83.99,93.76,7.8161,22.0,8.0,30.0,1,0.2494,0.4861,1
LJ500_R142_C038,142,38,680250,9572250,2500,0,2023,12,2023-12,60,33.61,83.99,93.76,7.8161,22.0,8.0,30.0,1,0.29,0.5734,1
LJ500_R142_C039,142,39,680750,9572250,3000,0,2023,12,2023-12,60,33.61,83.99,93.76,7.8161,22.0,8.0,30.0,1,0.5071,1.04,1
LJ500_R142_C040,142,40,681250,9572250,3500,0,2023,12,2023-12,60,33.61,83.99,93.76,7.8161,22.0,8.0,30.0,1,0.5512,1.1443,1
LJ500_R142_C041,142,41,681750,9572250,4000,0,2023,12,2023-12,60,33.61,83.99,93.76,7.8161,22.0,8.0,30.0,1,0.6514,1.3811,1
LJ500_R142_C042,142,42,682250,9572250,4500,0,2023,12,2023-12,60,33.61,83.99,93.76,7.8161,22.0,8.0,30.0,1,0.656,1.3891,1
LJ500_R143_C033,143,33,677750,9572750,0,500,2023,12,2023-12,60,34.08,83.26,92.75,7.8167,22.0,8.0,30.0,1,0.4644,0.936,1
LJ500_R143_C034,143,34,678250,9572750,500,500,2023,12,2023-12,60,33.61,83.99,93.76,7.8161,22.0,8.0,30.0,1,0.4287,0.84,1
LJ500_R143_C035,143,35,678750,9572750,1000,500,2023,12,2023-12,60,33.61,83.99,93.76,7.8161,22.0,8.0,30.0,1,0.3014,0.5741,1
LJ500_R143_C036,143,36,679250,9572750,1500,500,2023,12,2023-12,60,33.61,83.99,93.76,7.8161,22.0,8.0,30.0,1,0.2803,0.5299,1
LJ500_R143_C037,143,37,679750,9572750,2000,500,2023,12,2023-12,60,33.61,83.99,93.76,7.8161,22.0,8.0,30.0,1,0.2683,0.52,1
LJ500_R143_C038,143,38,680250,9572750,2500,500,2023,12,2023-12,60,33.61,83.99,93.76,7.8161,22.0,8.0,30.0,1,0.3055,0.6009,1
LJ500_R143_C039,143,39,680750,9572750,3000,500,2023,12,2023-12,60,33.61,83.99,93.76,7.8161,22.0,8.0,30.0,1,0.5073,1.04,1
LJ500_R143_C040,143,40,681250,9572750,3500,500,2023,12,2023-12,60,33.61,83.99,93.76,7.8161,22.0,8.0,30.0,1,0.5738,1.2257,1
LJ500_R143_C041,143,41,681750,9572750,4000,500,2023,12,2023-12,60,33.61,83.99,93.76,7.8161,22.0,8.0,30.0,1,0.7257,1.65,1
LJ500_R143_C042,143,42,682250,9572750,4500,500,2023,12,2023-12,60,33.61,83.99,93.76,7.8161,22.0,8.0,30.0,1,0.7263,1.6953,1
LJ500_R144_C033,144,33,677750,9573250,0,1000,2023,12,2023-12,60,34.09,83.26,92.75,7.8167,22.0,8.0,30.0,1,0.4516,0.9019,1
LJ500_R144_C034,144,34,678250,9573250,500,1000,2023,12,2023-12,60,33.61,83.99,93.76,7.8161,22.0,8.0,30.0,1,0.4184,0.8157,1
LJ500_R144_C035,144,35,678750,9573250,1000,1000,2023,12,2023-12,60,33.61,83.99,93.76,7.8161,22.0,8.0,30.0,1,0.3166,0.6051,1
LJ500_R144_C036,144,36,679250,9573250,1500,1000,2023,12,2023-12,60,33.61,83.99,93.76,7.8161,22.0,8.0,30.0,1,0.2995,0.5698,1
LJ500_R144_C037,144,37,679750,9573250,2000,1000,2023,12,2023-12,60,33.61,83.99,93.76,7.8161,22.0,8.0,30.0,1,0.2731,0.5293,1
LJ500_R144_C038,144,38,680250,9573250,2500,1000,2023,12,2023-12,60,33.61,83.99,93.76,7.8161,22.0,8.0,30.0,1,0.3041,0.5964,1
LJ500_R144_C039,144,39,680750,9573250,3000,1000,2023,12,2023-12,60,33.61,83.99,93.76,7.8161,22.0,8.0,30.0,1,0.4746,0.9649,1
LJ500_R144_C040,144,40,681250,9573250,3500,1000,2023,12,2023-12,60,33.61,83.99,93.76,7.8161,22.0,8.0,30.0,1,0.5418,1.1385,1
LJ500_R144_C041,144,41,681750,9573250,4000,1000,2023,12,2023-12,60,33.61,83.99,93.76,7.8161,22.0,8.0,30.0,1,0.697,1.5392,1
LJ500_R144_C042,144,42,682250,9573250,4500,1000,2023,12,2023-12,60,33.61,83.99,93.76,7.8161,22.0,8.0,30.0,1,0.7083,1.6483,1
LJ500_R145_C033,145,33,677750,9573750,0,1500,2023,12,2023-12,60,34.09,83.25,92.74,7.8167,22.0,8.0,30.0,1,0.4217,0.8219,1
LJ500_R145_C034,145,34,678250,9573750,500,1500,2023,12,2023-12,60,33.61,83.99,93.76,7.8161,22.0,8.0,30.0,1,0.3947,0.76,1
LJ500_R145_C035,145,35,678750,9573750,1000,1500,2023,12,2023-12,60,33.61,83.99,93.76,7.8161,22.0,8.0,30.0,1,0.3505,0.6746,1
LJ500_R145_C036,145,36,679250,9573750,1500,1500,2023,12,2023-12,60,33.61,83.99,93.76,7.8161,22.0,8.0,30.0,1,0.3428,0.6597,1
LJ500_R145_C037,145,37,679750,9573750,2000,1500,2023,12,2023-12,60,33.61,83.99,93.76,7.8161,22.0,8.0,30.0,1,0.2837,0.55,1
LJ500_R145_C038,145,38,680250,9573750,2500,1500,2023,12,2023-12,60,33.61,83.99,93.76,7.8161,22.0,8.0,30.0,1,0.3017,0.5879,1
LJ500_R145_C039,145,39,680750,9573750,3000,1500,2023,12,2023-12,60,33.61,83.99,93.76,7.8161,22.0,8.0,30.0,1,0.4027,0.8,1
LJ500_R145_C040,145,40,681250,9573750,3500,1500,2023,12,2023-12,60,33.61,83.99,93.76,7.8161,22.0,8.0,30.0,1,0.4725,0.9503,1
LJ500_R145_C041,145,41,681750,9573750,4000,1500,2023,12,2023-12,60,33.61,83.99,93.76,7.8161,22.0,8.0,30.0,1,0.635,1.3,1
LJ500_R145_C042,145,42,682250,9573750,4500,1500,2023,12,2023-12,60,33.61,83.99,93.76,7.8161,22.0,8.0,30.0,1,0.6696,1.5472,1
LJ500_R146_C033,146,33,677750,9574250,0,2000,2023,12,2023-12,60,35.84,83.8,94.05,8.231,22.0,8.0,30.0,1,0.4744,0.9574,1
LJ500_R146_C034,146,34,678250,9574250,500,2000,2023,12,2023-12,60,35.52,84.74,95.35,8.2695,22.0,8.0,30.0,1,0.4603,0.9257,1
LJ500_R146_C035,146,35,678750,9574250,1000,2000,2023,12,2023-12,60,35.53,84.75,95.36,8.2715,22.0,8.0,30.0,1,0.3978,0.7782,1
LJ500_R146_C036,146,36,679250,9574250,1500,2000,2023,12,2023-12,60,35.53,84.75,95.37,8.2734,22.0,8.0,30.0,1,0.387,0.7527,1
LJ500_R146_C037,146,37,679750,9574250,2000,2000,2023,12,2023-12,60,35.54,84.75,95.37,8.2754,22.0,8.0,30.0,1,0.3251,0.6292,1
LJ500_R146_C038,146,38,680250,9574250,2500,2000,2023,12,2023-12,60,35.55,84.76,95.38,8.2775,22.0,8.0,30.0,1,0.3304,0.6411,1
LJ500_R146_C039,146,39,680750,9574250,3000,2000,2023,12,2023-12,60,35.56,84.76,95.39,8.2795,22.0,8.0,30.0,1,0.3587,0.706,1
LJ500_R146_C040,146,40,681250,9574250,3500,2000,2023,12,2023-12,60,35.57,84.76,95.4,8.2815,22.0,8.0,30.0,1,0.432,0.8606,1
LJ500_R146_C041,146,41,681750,9574250,4000,2000,2023,12,2023-12,60,35.58,84.77,95.4,8.2835,22.0,8.0,30.0,1,0.6045,1.2242,1
LJ500_R146_C042,146,42,682250,9574250,4500,2000,2023,12,2023-12,60,35.59,84.77,95.41,8.2855,22.0,8.0,30.0,1,0.6572,1.4849,1
LJ500_R147_C033,147,33,677750,9574750,0,2500,2023,12,2023-12,60,38.18,84.54,95.8,8.785,22.0,8.0,30.0,1,0.5364,1.117,1
LJ500_R147_C034,147,34,678250,9574750,500,2500,2023,12,2023-12,60,38.05,85.74,97.47,8.8714,22.0,8.0,30.0,1,0.5373,1.12,1
LJ500_R147_C035,147,35,678750,9574750,1000,2500,2023,12,2023-12,60,38.05,85.74,97.47,8.8714,22.0,8.0,30.0,1,0.4529,0.8989,1
LJ500_R147_C036,147,36,679250,9574750,1500,2500,2023,12,2023-12,60,38.05,85.74,97.47,8.8714,22.0,8.0,30.0,1,0.438,0.86,1
LJ500_R147_C037,147,37,679750,9574750,2000,2500,2023,12,2023-12,60,38.05,85.74,97.47,8.8714,22.0,8.0,30.0,1,0.3727,0.7201,1
LJ500_R147_C038,147,38,680250,9574750,2500,2500,2023,12,2023-12,60,38.05,85.74,97.47,8.8714,22.0,8.0,30.0,1,0.3632,0.7022,1
LJ500_R147_C039,147,39,680750,9574750,3000,2500,2023,12,2023-12,60,38.05,85.74,97.47,8.8714,22.0,8.0,30.0,1,0.309,0.6,1
LJ500_R147_C040,147,40,681250,9574750,3500,2500,2023,12,2023-12,60,38.05,85.74,97.47,8.8714,22.0,8.0,30.0,1,0.3867,0.7603,1
LJ500_R147_C041,147,41,681750,9574750,4000,2500,2023,12,2023-12,60,38.05,85.74,97.47,8.8714,22.0,8.0,30.0,1,0.5707,1.14,1
LJ500_R147_C042,147,42,682250,9574750,4500,2500,2023,12,2023-12,60,38.05,85.74,97.47,8.8714,22.0,8.0,30.0,1,0.6434,1.4163,1
LJ500_R148_C033,148,33,677750,9575250,0,3000,2023,12,2023-12,60,38.18,84.53,95.79,8.7845,22.0,8.0,30.0,1,0.5301,1.0972,1
LJ500_R148_C034,148,34,678250,9575250,500,3000,2023,12,2023-12,60,38.05,85.74,97.47,8.8714,22.0,8.0,30.0,1,0.554,1.1632,1
LJ500_R148_C035,148,35,678750,9575250,1000,3000,2023,12,2023-12,60,38.05,85.74,97.47,8.8714,22.0,8.0,30.0,1,0.471,0.9428,1
LJ500_R148_C036,148,36,679250,9575250,1500,3000,2023,12,2023-12,60,38.05,85.74,97.47,8.8714,22.0,8.0,30.0,1,0.4562,0.9035,1
LJ500_R148_C037,148,37,679750,9575250,2000,3000,2023,12,2023-12,60,38.05,85.74,97.47,8.8714,22.0,8.0,30.0,1,0.4106,0.8013,1
LJ500_R148_C038,148,38,680250,9575250,2500,3000,2023,12,2023-12,60,38.05,85.74,97.47,8.8714,22.0,8.0,30.0,1,0.3982,0.7764,1
LJ500_R148_C039,148,39,680750,9575250,3000,3000,2023,12,2023-12,60,38.05,85.74,97.47,8.8714,22.0,8.0,30.0,1,0.3259,0.6313,1
LJ500_R148_C040,148,40,681250,9575250,3500,3000,2023,12,2023-12,60,38.05,85.74,97.47,8.8714,22.0,8.0,30.0,1,0.3643,0.7109,1
LJ500_R148_C041,148,41,681750,9575250,4000,3000,2023,12,2023-12,60,38.05,85.74,97.47,8.8714,22.0,8.0,30.0,1,0.4555,0.9003,1
LJ500_R148_C042,148,42,682250,9575250,4500,3000,2023,12,2023-12,60,38.05,85.74,97.47,8.8714,22.0,8.0,30.0,1,0.5206,1.0736,1
LJ500_R149_C033,149,33,677750,9575750,0,3500,2023,12,2023-12,60,38.18,84.53,95.78,8.784,22.0,8.0,30.0,1,0.5258,1.0842,1
LJ500_R149_C034,149,34,678250,9575750,500,3500,2023,12,2023-12,60,38.05,85.74,97.47,8.8714,22.0,8.0,30.0,1,0.5643,1.19,1
LJ500_R149_C035,149,35,678750,9575750,1000,3500,2023,12,2023-12,60,38.05,85.74,97.47,8.8714,22.0,8.0,30.0,1,0.4822,0.9699,1
LJ500_R149_C036,149,36,679250,9575750,1500,3500,2023,12,2023-12,60,38.05,85.74,97.47,8.8714,22.0,8.0,30.0,1,0.4673,0.93,1
LJ500_R149_C037,149,37,679750,9575750,2000,3500,2023,12,2023-12,60,38.05,85.74,97.47,8.8714,22.0,8.0,30.0,1,0.4335,0.8504,1
LJ500_R149_C038,149,38,680250,9575750,2500,3500,2023,12,2023-12,60,38.05,85.74,97.47,8.8714,22.0,8.0,30.0,1,0.4193,0.8212,1
LJ500_R149_C039,149,39,680750,9575750,3000,3500,2023,12,2023-12,60,38.05,85.74,97.47,8.8714,22.0,8.0,30.0,1,0.336,0.65,1
LJ500_R149_C040,149,40,681250,9575750,3500,3500,2023,12,2023-12,60,38.05,85.74,97.47,8.8714,22.0,8.0,30.0,1,0.3512,0.6822,1
LJ500_R149_C041,149,41,681750,9575750,4000,3500,2023,12,2023-12,60,38.05,85.74,97.47,8.8714,22.0,8.0,30.0,1,0.388,0.76,1
LJ500_R149_C042,149,42,682250,9575750,4500,3500,2023,12,2023-12,60,38.05,85.74,97.47,8.8714,22.0,8.0,30.0,1,0.4491,0.8748,1
LJ500_R150_C033,150,33,677750,9576250,0,4000,2023,12,2023-12,60,38.18,84.52,95.77,8.7835,22.0,8.0,30.0,1,0.5713,1.1991,1
LJ500_R150_C034,150,34,678250,9576250,500,4000,2023,12,2023-12,60,38.05,85.74,97.47,8.8714,22.0,8.0,30.0,1,0.6191,1.3294,1
LJ500_R150_C035,150,35,678750,9576250,1000,4000,2023,12,2023-12,60,38.05,85.74,97.47,8.8714,22.0,8.0,30.0,1,0.5099,1.038,1
LJ500_R150_C036,150,36,679250,9576250,1500,4000,2023,12,2023-12,60,38.05,85.74,97.47,8.8714,22.0,8.0,30.0,1,0.4899,0.9845,1
LJ500_R150_C037,150,37,679750,9576250,2000,4000,2023,12,2023-12,60,38.05,85.74,97.47,8.8714,22.0,8.0,30.0,1,0.56,1.1453,1
LJ500_R150_C038,150,38,680250,9576250,2500,4000,2023,12,2023-12,60,38.05,85.74,97.47,8.8714,22.0,8.0,30.0,1,0.5507,1.122,1
LJ500_R150_C039,150,39,680750,9576250,3000,4000,2023,12,2023-12,60,38.05,85.74,97.47,8.8714,22.0,8.0,30.0,1,0.4904,0.9714,1
LJ500_R150_C040,150,40,681250,9576250,3500,4000,2023,12,2023-12,60,38.05,85.74,97.47,8.8714,22.0,8.0,30.0,1,0.4602,0.9081,1
LJ500_R150_C041,150,41,681750,9576250,4000,4000,2023,12,2023-12,60,38.05,85.74,97.47,8.8714,22.0,8.0,30.0,1,0.3856,0.7521,1
LJ500_R150_C042,150,42,682250,9576250,4500,4000,2023,12,2023-12,60,38.05,85.74,97.47,8.8714,22.0,8.0,30.0,1,0.426,0.8248,1
LJ500_R151_C033,151,33,677750,9576750,0,4500,2023,12,2023-12,60,38.18,84.51,95.76,8.783,22.0,8.0,30.0,1,0.5844,1.2323,1
LJ500_R151_C034,151,34,678250,9576750,500,4500,2023,12,2023-12,60,38.05,85.74,97.47,8.8714,22.0,8.0,30.0,1,0.635,1.37,1
LJ500_R151_C035,151,35,678750,9576750,1000,4500,2023,12,2023-12,60,38.05,85.74,97.47,8.8714,22.0,8.0,30.0,1,0.5181,1.0582,1
LJ500_R151_C036,151,36,679250,9576750,1500,4500,2023,12,2023-12,60,38.05,85.74,97.47,8.8714,22.0,8.0,30.0,1,0.4963,1.0,1
LJ500_R151_C037,151,37,679750,9576750,2000,4500,2023,12,2023-12,60,38.05,85.74,97.47,8.8714,22.0,8.0,30.0,1,0.5955,1.2281,1
LJ500_R151_C038,151,38,680250,9576750,2500,4500,2023,12,2023-12,60,38.05,85.74,97.47,8.8714,22.0,8.0,30.0,1,0.5874,1.2061,1
LJ500_R151_C039,151,39,680750,9576750,3000,4500,2023,12,2023-12,60,38.05,85.74,97.47,8.8714,22.0,8.0,30.0,1,0.533,1.06,1
LJ500_R151_C040,151,40,681250,9576750,3500,4500,2023,12,2023-12,60,38.05,85.74,97.47,8.8714,22.0,8.0,30.0,1,0.4902,0.9704,1
LJ500_R151_C041,151,41,681750,9576750,4000,4500,2023,12,2023-12,60,38.05,85.74,97.47,8.8714,22.0,8.0,30.0,1,0.385,0.75,1
LJ500_R151_C042,151,42,682250,9576750,4500,4500,2023,12,2023-12,60,38.05,85.74,97.47,8.8714,22.0,8.0,30.0,1,0.4197,0.8113,1
LJ500_R142_C033,142,33,677750,9572250,0,0,2024,1,2024-01,61,41.36,75.44,124.62,10.44,23.0,8.0,31.0,1,0.5133,0.9469,1
LJ500_R142_C034,142,34,678250,9572250,500,0,2024,1,2024-01,61,39.38,72.99,123.37,9.5842,23.0,8.0,31.0,1,0.5193,0.9551,1
LJ500_R142_C035,142,35,678750,9572250,1000,0,2024,1,2024-01,61,39.38,72.99,123.37,9.5842,23.0,8.0,31.0,1,0.3983,0.7316,1
LJ500_R142_C036,142,36,679250,9572250,1500,0,2024,1,2024-01,61,39.38,72.99,123.37,9.5842,23.0,8.0,31.0,1,0.3777,0.6938,1
LJ500_R142_C037,142,37,679750,9572250,2000,0,2024,1,2024-01,61,39.38,72.99,123.37,9.5842,23.0,8.0,31.0,1,0.296,0.5646,1
LJ500_R142_C038,142,38,680250,9572250,2500,0,2024,1,2024-01,61,39.38,72.99,123.37,9.5842,23.0,8.0,31.0,1,0.3309,0.6206,1
LJ500_R142_C039,142,39,680750,9572250,3000,0,2024,1,2024-01,61,39.38,72.99,123.37,9.5842,23.0,8.0,31.0,1,0.5174,0.92,1
LJ500_R142_C040,142,40,681250,9572250,3500,0,2024,1,2024-01,61,39.38,72.99,123.37,9.5842,23.0,8.0,31.0,1,0.5567,0.9884,1
LJ500_R142_C041,142,41,681750,9572250,4000,0,2024,1,2024-01,61,39.38,72.99,123.37,9.5842,23.0,8.0,31.0,1,0.6457,1.1435,1
LJ500_R142_C042,142,42,682250,9572250,4500,0,2024,1,2024-01,61,39.38,72.99,123.37,9.5842,23.0,8.0,31.0,1,0.6527,1.1575,1
LJ500_R143_C033,143,33,677750,9572750,0,500,2024,1,2024-01,61,41.37,75.45,124.63,10.44,23.0,8.0,31.0,1,0.4677,0.8711,1
LJ500_R143_C034,143,34,678250,9572750,500,500,2024,1,2024-01,61,39.38,72.99,123.37,9.5842,23.0,8.0,31.0,1,0.4377,0.81,1
LJ500_R143_C035,143,35,678750,9572750,1000,500,2024,1,2024-01,61,39.38,72.99,123.37,9.5842,23.0,8.0,31.0,1,0.3387,0.6384,1
LJ500_R143_C036,143,36,679250,9572750,1500,500,2024,1,2024-01,61,39.38,72.99,123.37,9.5842,23.0,8.0,31.0,1,0.3222,0.6099,1
LJ500_R143_C037,143,37,679750,9572750,2000,500,2024,1,2024-01,61,39.38,72.99,123.37,9.5842,23.0,8.0,31.0,1,0.3113,0.59,1
LJ500_R143_C038,143,38,680250,9572750,2500,500,2024,1,2024-01,61,39.38,72.99,123.37,9.5842,23.0,8.0,31.0,1,0.3431,0.6413,1
LJ500_R143_C039,143,39,680750,9572750,3000,500,2024,1,2024-01,61,39.38,72.99,123.37,9.5842,23.0,8.0,31.0,1,0.5155,0.92,1
LJ500_R143_C040,143,40,681250,9572750,3500,500,2024,1,2024-01,61,39.38,72.99,123.37,9.5842,23.0,8.0,31.0,1,0.5716,1.0418,1
LJ500_R143_C041,143,41,681750,9572750,4000,500,2024,1,2024-01,61,39.38,72.99,123.37,9.5842,23.0,8.0,31.0,1,0.6997,1.32,1
LJ500_R143_C042,143,42,682250,9572750,4500,500,2024,1,2024-01,61,39.38,72.99,123.37,9.5842,23.0,8.0,31.0,1,0.7032,1.3563,1
LJ500_R144_C033,144,33,677750,9573250,0,1000,2024,1,2024-01,61,41.38,75.47,124.64,10.45,23.0,8.0,31.0,1,0.456,0.8481,1
LJ500_R144_C034,144,34,678250,9573250,500,1000,2024,1,2024-01,61,39.38,72.99,123.37,9.5842,23.0,8.0,31.0,1,0.4283,0.7918,1
LJ500_R144_C035,144,35,678750,9573250,1000,1000,2024,1,2024-01,61,39.38,72.99,123.37,9.5842,23.0,8.0,31.0,1,0.3494,0.6544,1
LJ500_R144_C036,144,36,679250,9573250,1500,1000,2024,1,2024-01,61,39.38,72.99,123.37,9.5842,23.0,8.0,31.0,1,0.3361,0.6313,1
LJ500_R144_C037,144,37,679750,9573250,2000,1000,2024,1,2024-01,61,39.38,72.99,123.37,9.5842,23.0,8.0,31.0,1,0.3151,0.5931,1
LJ500_R144_C038,144,38,680250,9573250,2500,1000,2024,1,2024-01,61,39.38,72.99,123.37,9.5842,23.0,8.0,31.0,1,0.3413,0.6357,1
LJ500_R144_C039,144,39,680750,9573250,3000,1000,2024,1,2024-01,61,39.38,72.99,123.37,9.5842,23.0,8.0,31.0,1,0.4854,0.8699,1
LJ500_R144_C040,144,40,681250,9573250,3500,1000,2024,1,2024-01,61,39.38,72.99,123.37,9.5842,23.0,8.0,31.0,1,0.5434,0.9859,1
LJ500_R144_C041,144,41,681750,9573250,4000,1000,2024,1,2024-01,61,39.38,72.99,123.37,9.5842,23.0,8.0,31.0,1,0.6774,1.2535,1
LJ500_R144_C042,144,42,682250,9573250,4500,1000,2024,1,2024-01,61,39.38,72.99,123.37,9.5842,23.0,8.0,31.0,1,0.6869,1.3439,1
LJ500_R145_C033,145,33,677750,9573750,0,1500,2024,1,2024-01,61,41.39,75.48,124.65,10.45,23.0,8.0,31.0,1,0.4286,0.7942,1
LJ500_R145_C034,145,34,678250,9573750,500,1500,2024,1,2024-01,61,39.38,72.99,123.37,9.5842,23.0,8.0,31.0,1,0.4068,0.75,1
LJ500_R145_C035,145,35,678750,9573750,1000,1500,2024,1,2024-01,61,39.38,72.99,123.37,9.5842,23.0,8.0,31.0,1,0.3734,0.6902,1
LJ500_R145_C036,145,36,679250,9573750,1500,1500,2024,1,2024-01,61,39.38,72.99,123.37,9.5842,23.0,8.0,31.0,1,0.3676,0.6798,1
LJ500_R145_C037,145,37,679750,9573750,2000,1500,2024,1,2024-01,61,39.38,72.99,123.37,9.5842,23.0,8.0,31.0,1,0.3235,0.6,1
LJ500_R145_C038,145,38,680250,9573750,2500,1500,2024,1,2024-01,61,39.38,72.99,123.37,9.5842,23.0,8.0,31.0,1,0.3381,0.6243,1
LJ500_R145_C039,145,39,680750,9573750,3000,1500,2024,1,2024-01,61,39.38,72.99,123.37,9.5842,23.0,8.0,31.0,1,0.4194,0.76,1
LJ500_R145_C040,145,40,681250,9573750,3500,1500,2024,1,2024-01,61,39.38,72.99,123.37,9.5842,23.0,8.0,31.0,1,0.4825,0.8652,1
LJ500_R145_C041,145,41,681750,9573750,4000,1500,2024,1,2024-01,61,39.38,72.99,123.37,9.5842,23.0,8.0,31.0,1,0.6294,1.11,1
LJ500_R145_C042,145,42,682250,9573750,4500,1500,2024,1,2024-01,61,39.38,72.99,123.37,9.5842,23.0,8.0,31.0,1,0.6521,1.3167,1
LJ500_R146_C033,146,33,677750,9574250,0,2000,2024,1,2024-01,61,47.16,83.01,130.97,12.39,22.86,8.1401,31.0,1,0.4731,0.8887,1
LJ500_R146_C034,146,34,678250,9574250,500,2000,2024,1,2024-01,61,46.31,81.83,131.06,12.28,23.0,8.0,31.0,1,0.4623,0.8651,1
LJ500_R146_C035,146,35,678750,9574250,1000,2000,2024,1,2024-01,61,46.34,81.87,131.09,12.29,23.0,8.0,31.0,1,0.4114,0.7626,1
LJ500_R146_C036,146,36,679250,9574250,1500,2000,2024,1,2024-01,61,46.38,81.91,131.13,12.3,23.0,8.0,31.0,1,0.4026,0.7449,1
LJ500_R146_C037,146,37,679750,9574250,2000,2000,2024,1,2024-01,61,46.41,81.95,131.16,12.31,23.0,8.0,31.0,1,0.3547,0.6559,1
LJ500_R146_C038,146,38,680250,9574250,2500,2000,2024,1,2024-01,61,46.44,81.99,131.19,12.32,23.0,8.0,31.0,1,0.3591,0.6626,1
LJ500_R146_C039,146,39,680750,9574250,3000,2000,2024,1,2024-01,61,46.47,82.03,131.23,12.33,23.0,8.0,31.0,1,0.3831,0.6989,1
LJ500_R146_C040,146,40,681250,9574250,3500,2000,2024,1,2024-01,61,46.5,82.07,131.26,12.35,23.0,8.0,31.0,1,0.449,0.8088,1
LJ500_R146_C041,146,41,681750,9574250,4000,2000,2024,1,2024-01,61,46.53,82.11,131.3,12.36,23.0,8.0,31.0,1,0.604,1.0674,1
LJ500_R146_C042,146,42,682250,9574250,4500,2000,2024,1,2024-01,61,46.56,82.15,131.33,12.37,23.0,8.0,31.0,1,0.6453,1.2624,1
LJ500_R147_C033,147,33,677750,9574750,0,2500,2024,1,2024-01,61,54.87,93.05,139.41,14.97,22.67,8.3295,31.0,1,0.5255,1.0,1
LJ500_R147_C034,147,34,678250,9574750,500,2500,2024,1,2024-01,61,55.52,93.58,141.26,15.85,23.0,8.0,31.0,1,0.5274,1.0,1
LJ500_R147_C035,147,35,678750,9574750,1000,2500,2024,1,2024-01,61,55.52,93.58,141.26,15.85,23.0,8.0,31.0,1,0.4556,0.8469,1
LJ500_R147_C036,147,36,679250,9574750,1500,2500,2024,1,2024-01,61,55.52,93.58,141.26,15.85,23.0,8.0,31.0,1,0.4429,0.82,1
LJ500_R147_C037,147,37,679750,9574750,2000,2500,2024,1,2024-01,61,55.52,93.58,141.26,15.85,23.0,8.0,31.0,1,0.3904,0.7201,1
LJ500_R147_C038,147,38,680250,9574750,2500,2500,2024,1,2024-01,61,55.52,93.58,141.26,15.85,23.0,8.0,31.0,1,0.3832,0.7067,1
LJ500_R147_C039,147,39,680750,9574750,3000,2500,2024,1,2024-01,61,55.52,93.58,141.26,15.85,23.0,8.0,31.0,1,0.3423,0.63,1
LJ500_R147_C040,147,40,681250,9574750,3500,2500,2024,1,2024-01,61,55.52,93.58,141.26,15.85,23.0,8.0,31.0,1,0.4116,0.7457,1
LJ500_R147_C041,147,41,681750,9574750,4000,2500,2024,1,2024-01,61,55.52,93.58,141.26,15.85,23.0,8.0,31.0,1,0.5758,1.02,1
LJ500_R147_C042,147,42,682250,9574750,4500,2500,2024,1,2024-01,61,55.52,93.58,141.26,15.85,23.0,8.0,31.0,1,0.6376,1.2027,1
LJ500_R148_C033,148,33,677750,9575250,0,3000,2024,1,2024-01,61,54.86,93.05,139.4,14.97,22.67,8.3313,31.0,1,0.5176,0.9858,1
LJ500_R148_C034,148,34,678250,9575250,500,3000,2024,1,2024-01,61,55.52,93.58,141.26,15.85,23.0,8.0,31.0,1,0.5386,1.0247,1
LJ500_R148_C035,148,35,678750,9575250,1000,3000,2024,1,2024-01,61,55.52,93.58,141.26,15.85,23.0,8.0,31.0,1,0.4701,0.8826,1
LJ500_R148_C036,148,36,679250,9575250,1500,3000,2024,1,2024-01,61,55.52,93.58,141.26,15.85,23.0,8.0,31.0,1,0.4579,0.8573,1
LJ500_R148_C037,148,37,679750,9575250,2000,3000,2024,1,2024-01,61,55.52,93.58,141.26,15.85,23.0,8.0,31.0,1,0.422,0.7825,1
LJ500_R148_C038,148,38,680250,9575250,2500,3000,2024,1,2024-01,61,55.52,93.58,141.26,15.85,23.0,8.0,31.0,1,0.4122,0.7639,1
LJ500_R148_C039,148,39,680750,9575250,3000,3000,2024,1,2024-01,61,55.52,93.58,141.26,15.85,23.0,8.0,31.0,1,0.3554,0.6551,1
LJ500_R148_C040,148,40,681250,9575250,3500,3000,2024,1,2024-01,61,55.52,93.58,141.26,15.85,23.0,8.0,31.0,1,0.3892,0.7108,1
LJ500_R148_C041,148,41,681750,9575250,4000,3000,2024,1,2024-01,61,55.52,93.58,141.26,15.85,23.0,8.0,31.0,1,0.4696,0.8434,1
LJ500_R148_C042,148,42,682250,9575250,4500,3000,2024,1,2024-01,61,55.52,93.58,141.26,15.85,23.0,8.0,31.0,1,0.5289,0.9686,1
LJ500_R149_C033,149,33,677750,9575750,0,3500,2024,1,2024-01,61,54.86,93.04,139.39,14.96,22.67,8.3332,31.0,1,0.5124,0.9765,1
LJ500_R149_C034,149,34,678250,9575750,500,3500,2024,1,2024-01,61,55.52,93.58,141.26,15.85,23.0,8.0,31.0,1,0.5455,1.04,1
LJ500_R149_C035,149,35,678750,9575750,1000,3500,2024,1,2024-01,61,55.52,93.58,141.26,15.85,23.0,8.0,31.0,1,0.4791,0.9046,1
LJ500_R149_C036,149,36,679250,9575750,1500,3500,2024,1,2024-01,61,55.52,93.58,141.26,15.85,23.0,8.0,31.0,1,0.4671,0.88,1
LJ500_R149_C037,149,37,679750,9575750,2000,3500,2024,1,2024-01,61,55.52,93.58,141.26,15.85,23.0,8.0,31.0,1,0.4411,0.8203,1
LJ500_R149_C038,149,38,680250,9575750,2500,3500,2024,1,2024-01,61,55.52,93.58,141.26,15.85,23.0,8.0,31.0,1,0.4298,0.7984,1
LJ500_R149_C039,149,39,680750,9575750,3000,3500,2024,1,2024-01,61,55.52,93.58,141.26,15.85,23.0,8.0,31.0,1,0.3632,0.67,1
LJ500_R149_C040,149,40,681250,9575750,3500,3500,2024,1,2024-01,61,55.52,93.58,141.26,15.85,23.0,8.0,31.0,1,0.3762,0.6905,1
LJ500_R149_C041,149,41,681750,9575750,4000,3500,2024,1,2024-01,61,55.52,93.58,141.26,15.85,23.0,8.0,31.0,1,0.4074,0.74,1
LJ500_R149_C042,149,42,682250,9575750,4500,3500,2024,1,2024-01,61,55.52,93.58,141.26,15.85,23.0,8.0,31.0,1,0.4657,0.8328,1
LJ500_R150_C033,150,33,677750,9576250,0,4000,2024,1,2024-01,61,54.86,93.04,139.38,14.96,22.66,8.3351,31.0,1,0.5411,1.044,1
LJ500_R150_C034,150,34,678250,9576250,500,4000,2024,1,2024-01,61,55.52,93.58,141.26,15.85,23.0,8.0,31.0,1,0.5785,1.1174,1
LJ500_R150_C035,150,35,678750,9576250,1000,4000,2024,1,2024-01,61,55.52,93.58,141.26,15.85,23.0,8.0,31.0,1,0.5011,0.9497,1
LJ500_R150_C036,150,36,679250,9576250,1500,4000,2024,1,2024-01,61,55.52,93.58,141.26,15.85,23.0,8.0,31.0,1,0.4869,0.9189,1
LJ500_R150_C037,150,37,679750,9576250,2000,4000,2024,1,2024-01,61,55.52,93.58,141.26,15.85,23.0,8.0,31.0,1,0.5467,1.0144,1
LJ500_R150_C038,150,38,680250,9576250,2500,4000,2024,1,2024-01,61,55.52,93.58,141.26,15.85,23.0,8.0,31.0,1,0.5401,1.0008,1
LJ500_R150_C039,150,39,680750,9576250,3000,4000,2024,1,2024-01,61,55.52,93.58,141.26,15.85,23.0,8.0,31.0,1,0.4962,0.913,1
LJ500_R150_C040,150,40,681250,9576250,3500,4000,2024,1,2024-01,61,55.52,93.58,141.26,15.85,23.0,8.0,31.0,1,0.4699,0.8631,1
LJ500_R150_C041,150,41,681750,9576250,4000,4000,2024,1,2024-01,61,55.52,93.58,141.26,15.85,23.0,8.0,31.0,1,0.4051,0.74,1
LJ500_R150_C042,150,42,682250,9576250,4500,4000,2024,1,2024-01,61,55.52,93.58,141.26,15.85,23.0,8.0,31.0,1,0.4438,0.8011,1
LJ500_R151_C033,151,33,677750,9576750,0,4500,2024,1,2024-01,61,54.85,93.04,139.37,14.95,22.66,8.337,31.0,1,0.5494,1.0635,1
LJ500_R151_C034,151,34,678250,9576750,500,4500,2024,1,2024-01,61,55.52,93.58,141.26,15.85,23.0,8.0,31.0,1,0.5881,1.14,1
LJ500_R151_C035,151,35,678750,9576750,1000,4500,2024,1,2024-01,61,55.52,93.58,141.26,15.85,23.0,8.0,31.0,1,0.5076,0.963,1
LJ500_R151_C036,151,36,679250,9576750,1500,4500,2024,1,2024-01,61,55.52,93.58,141.26,15.85,23.0,8.0,31.0,1,0.4926,0.93,1
LJ500_R151_C037,151,37,679750,9576750,2000,4500,2024,1,2024-01,61,55.52,93.58,141.26,15.85,23.0,8.0,31.0,1,0.5764,1.0688,1
LJ500_R151_C038,151,38,680250,9576750,2500,4500,2024,1,2024-01,61,55.52,93.58,141.26,15.85,23.0,8.0,31.0,1,0.5709,1.0574,1
LJ500_R151_C039,151,39,680750,9576750,3000,4500,2024,1,2024-01,61,55.52,93.58,141.26,15.85,23.0,8.0,31.0,1,0.5329,0.98,1
LJ500_R151_C040,151,40,681250,9576750,3500,4500,2024,1,2024-01,61,55.52,93.58,141.26,15.85,23.0,8.0,31.0,1,0.4958,0.9106,1
LJ500_R151_C041,151,41,681750,9576750,4000,4500,2024,1,2024-01,61,55.52,93.58,141.26,15.85,23.0,8.0,31.0,1,0.4045,0.74,1
LJ500_R151_C042,151,42,682250,9576750,4500,4500,2024,1,2024-01,61,55.52,93.58,141.26,15.85,23.0,8.0,31.0,1,0.4379,0.7925,1
LJ500_R142_C033,142,33,677750,9572250,0,0,2024,2,2024-02,62,33.07,74.43,108.51,13.27,26.0,5.0,31.0,1,0.5345,1.0339,1
LJ500_R142_C034,142,34,678250,9572250,500,0,2024,2,2024-02,62,32.46,71.84,105.44,12.72,26.0,5.0,31.0,1,0.537,1.0632,1
LJ500_R142_C035,142,35,678750,9572250,1000,0,2024,2,2024-02,62,32.46,71.84,105.44,12.72,26.0,5.0,31.0,1,0.4437,0.8059,1
LJ500_R142_C036,142,36,679250,9572250,1500,0,2024,2,2024-02,62,32.46,71.84,105.44,12.72,26.0,5.0,31.0,1,0.4278,0.7634,1
LJ500_R142_C037,142,37,679750,9572250,2000,0,2024,2,2024-02,62,32.46,71.84,105.44,12.72,26.0,5.0,31.0,1,0.359,0.69,1
LJ500_R142_C038,142,38,680250,9572250,2500,0,2024,2,2024-02,62,32.46,71.84,105.44,12.72,26.0,5.0,31.0,1,0.3855,0.7278,1
LJ500_R142_C039,142,39,680750,9572250,3000,0,2024,2,2024-02,62,32.46,71.84,105.44,12.72,26.0,5.0,31.0,1,0.5272,0.93,1
LJ500_R142_C040,142,40,681250,9572250,3500,0,2024,2,2024-02,62,32.46,71.84,105.44,12.72,26.0,5.0,31.0,1,0.5557,1.0437,1
LJ500_R142_C041,142,41,681750,9572250,4000,0,2024,2,2024-02,62,32.46,71.84,105.44,12.72,26.0,5.0,31.0,1,0.6203,1.3019,1
LJ500_R142_C042,142,42,682250,9572250,4500,0,2024,2,2024-02,62,32.46,71.84,105.44,12.72,26.0,5.0,31.0,1,0.629,1.2962,1
LJ500_R143_C033,143,33,677750,9572750,0,500,2024,2,2024-02,62,33.08,74.45,108.53,13.28,26.0,5.0,31.0,1,0.4936,0.9093,1
LJ500_R143_C034,143,34,678250,9572750,500,500,2024,2,2024-02,62,32.46,71.84,105.44,12.72,26.0,5.0,31.0,1,0.4706,0.79,1
LJ500_R143_C035,143,35,678750,9572750,1000,500,2024,2,2024-02,62,32.46,71.84,105.44,12.72,26.0,5.0,31.0,1,0.3984,0.7385,1
LJ500_R143_C036,143,36,679250,9572750,1500,500,2024,2,2024-02,62,32.46,71.84,105.44,12.72,26.0,5.0,31.0,1,0.3863,0.7297,1
LJ500_R143_C037,143,37,679750,9572750,2000,500,2024,2,2024-02,62,32.46,71.84,105.44,12.72,26.0,5.0,31.0,1,0.3677,0.69,1
LJ500_R143_C038,143,38,680250,9572750,2500,500,2024,2,2024-02,62,32.46,71.84,105.44,12.72,26.0,5.0,31.0,1,0.3916,0.7273,1
LJ500_R143_C039,143,39,680750,9572750,3000,500,2024,2,2024-02,62,32.46,71.84,105.44,12.72,26.0,5.0,31.0,1,0.521,0.93,1
LJ500_R143_C040,143,40,681250,9572750,3500,500,2024,2,2024-02,62,32.46,71.84,105.44,12.72,26.0,5.0,31.0,1,0.5523,1.1583,1
LJ500_R143_C041,143,41,681750,9572750,4000,500,2024,2,2024-02,62,32.46,71.84,105.44,12.72,26.0,5.0,31.0,1,0.6239,1.68,1
LJ500_R143_C042,143,42,682250,9572750,4500,500,2024,2,2024-02,62,32.46,71.84,105.44,12.72,26.0,5.0,31.0,1,0.6435,1.7571,1
LJ500_R144_C033,144,33,677750,9573250,0,1000,2024,2,2024-02,62,33.08,74.46,108.55,13.28,26.0,5.0,31.0,1,0.4837,0.8781,1
LJ500_R144_C034,144,34,678250,9573250,500,1000,2024,2,2024-02,62,32.46,71.84,105.44,12.72,26.0,5.0,31.0,1,0.4623,0.7809,1
LJ500_R144_C035,144,35,678750,9573250,1000,1000,2024,2,2024-02,62,32.46,71.84,105.44,12.72,26.0,5.0,31.0,1,0.4035,0.7347,1
LJ500_R144_C036,144,36,679250,9573250,1500,1000,2024,2,2024-02,62,32.46,71.84,105.44,12.72,26.0,5.0,31.0,1,0.3936,0.7267,1
LJ500_R144_C037,144,37,679750,9573250,2000,1000,2024,2,2024-02,62,32.46,71.84,105.44,12.72,26.0,5.0,31.0,1,0.3682,0.6838,1
LJ500_R144_C038,144,38,680250,9573250,2500,1000,2024,2,2024-02,62,32.46,71.84,105.44,12.72,26.0,5.0,31.0,1,0.3876,0.7106,1
LJ500_R144_C039,144,39,680750,9573250,3000,1000,2024,2,2024-02,62,32.46,71.84,105.44,12.72,26.0,5.0,31.0,1,0.494,0.858,1
LJ500_R144_C040,144,40,681250,9573250,3500,1000,2024,2,2024-02,62,32.46,71.84,105.44,12.72,26.0,5.0,31.0,1,0.5315,1.0626,1
LJ500_R144_C041,144,41,681750,9573250,4000,1000,2024,2,2024-02,62,32.46,71.84,105.44,12.72,26.0,5.0,31.0,1,0.6183,1.5343,1
LJ500_R144_C042,144,42,682250,9573250,4500,1000,2024,2,2024-02,62,32.46,71.84,105.44,12.72,26.0,5.0,31.0,1,0.6521,1.7008,1
LJ500_R145_C033,145,33,677750,9573750,0,1500,2024,2,2024-02,62,33.08,74.48,108.57,13.28,26.0,5.0,31.0,1,0.4603,0.8042,1
LJ500_R145_C034,145,34,678250,9573750,500,1500,2024,2,2024-02,62,32.46,71.84,105.44,12.72,26.0,5.0,31.0,1,0.4432,0.76,1
LJ500_R145_C035,145,35,678750,9573750,1000,1500,2024,2,2024-02,62,32.46,71.84,105.44,12.72,26.0,5.0,31.0,1,0.4148,0.7258,1
LJ500_R145_C036,145,36,679250,9573750,1500,1500,2024,2,2024-02,62,32.46,71.84,105.44,12.72,26.0,5.0,31.0,1,0.4099,0.7199,1
LJ500_R145_C037,145,37,679750,9573750,2000,1500,2024,2,2024-02,62,32.46,71.84,105.44,12.72,26.0,5.0,31.0,1,0.3694,0.67,1
LJ500_R145_C038,145,38,680250,9573750,2500,1500,2024,2,2024-02,62,32.46,71.84,105.44,12.72,26.0,5.0,31.0,1,0.3793,0.6746,1
LJ500_R145_C039,145,39,680750,9573750,3000,1500,2024,2,2024-02,62,32.46,71.84,105.44,12.72,26.0,5.0,31.0,1,0.4348,0.7,1
LJ500_R145_C040,145,40,681250,9573750,3500,1500,2024,2,2024-02,62,32.46,71.84,105.44,12.72,26.0,5.0,31.0,1,0.4863,0.8563,1
LJ500_R145_C041,145,41,681750,9573750,4000,1500,2024,2,2024-02,62,32.46,71.84,105.44,12.72,26.0,5.0,31.0,1,0.6061,1.22,1
LJ500_R145_C042,145,42,682250,9573750,4500,1500,2024,2,2024-02,62,32.46,71.84,105.44,12.72,26.0,5.0,31.0,1,0.6704,1.5795,1
LJ500_R146_C033,146,33,677750,9574250,0,2000,2024,2,2024-02,62,37.36,84.52,120.36,16.4,26.43,4.5723,31.0,1,0.4891,0.9615,1
LJ500_R146_C034,146,34,678250,9574250,500,2000,2024,2,2024-02,62,37.74,84.06,119.57,16.18,26.43,4.5704,31.0,1,0.4802,0.9396,1
LJ500_R146_C035,146,35,678750,9574250,1000,2000,2024,2,2024-02,62,37.76,84.11,119.64,16.2,26.43,4.5685,31.0,1,0.4387,0.7565,1
LJ500_R146_C036,146,36,679250,9574250,1500,2000,2024,2,2024-02,62,37.79,84.16,119.7,16.21,26.43,4.5666,31.0,1,0.4315,0.7246,1
LJ500_R146_C037,146,37,679750,9574250,2000,2000,2024,2,2024-02,62,37.81,84.22,119.76,16.23,26.44,4.5647,31.0,1,0.3892,0.6747,1
LJ500_R146_C038,146,38,680250,9574250,2500,2000,2024,2,2024-02,62,37.83,84.27,119.82,16.24,26.44,4.5628,31.0,1,0.3915,0.6736,1
LJ500_R146_C039,146,39,680750,9574250,3000,2000,2024,2,2024-02,62,37.86,84.33,119.89,16.26,26.44,4.5609,31.0,1,0.4036,0.6671,1
LJ500_R146_C040,146,40,681250,9574250,3500,2000,2024,2,2024-02,62,37.88,84.38,119.95,16.27,26.44,4.559,31.0,1,0.4575,0.8096,1
LJ500_R146_C041,146,41,681750,9574250,4000,2000,2024,2,2024-02,62,37.91,84.43,120.01,16.29,26.44,4.5571,31.0,1,0.5843,1.1442,1
LJ500_R146_C042,146,42,682250,9574250,4500,2000,2024,2,2024-02,62,37.93,84.49,120.07,16.31,26.44,4.5552,31.0,1,0.6436,1.5083,1
LJ500_R147_C033,147,33,677750,9574750,0,2500,2024,2,2024-02,62,43.06,97.93,136.11,20.56,27.0,4.0,31.0,1,0.523,1.147,1
LJ500_R147_C034,147,34,678250,9574750,500,2500,2024,2,2024-02,62,44.76,100.28,138.34,20.79,27.0,4.0,31.0,1,0.5235,1.15,1
LJ500_R147_C035,147,35,678750,9574750,1000,2500,2024,2,2024-02,62,44.76,100.28,138.34,20.79,27.0,4.0,31.0,1,0.4665,0.7929,1
LJ500_R147_C036,147,36,679250,9574750,1500,2500,2024,2,2024-02,62,44.76,100.28,138.34,20.79,27.0,4.0,31.0,1,0.4565,0.73,1
LJ500_R147_C037,147,37,679750,9574750,2000,2500,2024,2,2024-02,62,44.76,100.28,138.34,20.79,27.0,4.0,31.0,1,0.412,0.68,1
LJ500_R147_C038,147,38,680250,9574750,2500,2500,2024,2,2024-02,62,44.76,100.28,138.34,20.79,27.0,4.0,31.0,1,0.4055,0.6726,1
LJ500_R147_C039,147,39,680750,9574750,3000,2500,2024,2,2024-02,62,44.76,100.28,138.34,20.79,27.0,4.0,31.0,1,0.3684,0.63,1
LJ500_R147_C040,147,40,681250,9574750,3500,2500,2024,2,2024-02,62,44.76,100.28,138.34,20.79,27.0,4.0,31.0,1,0.4253,0.7576,1
LJ500_R147_C041,147,41,681750,9574750,4000,2500,2024,2,2024-02,62,44.76,100.28,138.34,20.79,27.0,4.0,31.0,1,0.56,1.06,1
LJ500_R147_C042,147,42,682250,9574750,4500,2500,2024,2,2024-02,62,44.76,100.28,138.34,20.79,27.0,4.0,31.0,1,0.6142,1.4298,1
LJ500_R148_C033,148,33,677750,9575250,0,3000,2024,2,2024-02,62,43.05,97.91,136.1,20.56,27.0,4.0,31.0,1,0.5121,1.1118,1
LJ500_R148_C034,148,34,678250,9575250,500,3000,2024,2,2024-02,62,44.76,100.28,138.34,20.79,27.0,4.0,31.0,1,0.5257,1.2056,1
LJ500_R148_C035,148,35,678750,9575250,1000,3000,2024,2,2024-02,62,44.76,100.28,138.34,20.79,27.0,4.0,31.0,1,0.4724,0.8652,1
LJ500_R148_C036,148,36,679250,9575250,1500,3000,2024,2,2024-02,62,44.76,100.28,138.34,20.79,27.0,4.0,31.0,1,0.4629,0.8045,1
LJ500_R148_C037,148,37,679750,9575250,2000,3000,2024,2,2024-02,62,44.76,100.28,138.34,20.79,27.0,4.0,31.0,1,0.4317,0.7052,1
LJ500_R148_C038,148,38,680250,9575250,2500,3000,2024,2,2024-02,62,44.76,100.28,138.34,20.79,27.0,4.0,31.0,1,0.4234,0.694,1
LJ500_R148_C039,148,39,680750,9575250,3000,3000,2024,2,2024-02,62,44.76,100.28,138.34,20.79,27.0,4.0,31.0,1,0.3751,0.63,1
LJ500_R148_C040,148,40,681250,9575250,3500,3000,2024,2,2024-02,62,44.76,100.28,138.34,20.79,27.0,4.0,31.0,1,0.4019,0.6789,1
LJ500_R148_C041,148,41,681750,9575250,4000,3000,2024,2,2024-02,62,44.76,100.28,138.34,20.79,27.0,4.0,31.0,1,0.4656,0.7951,1
LJ500_R148_C042,148,42,682250,9575250,4500,3000,2024,2,2024-02,62,44.76,100.28,138.34,20.79,27.0,4.0,31.0,1,0.5175,0.9997,1
LJ500_R149_C033,149,33,677750,9575750,0,3500,2024,2,2024-02,62,43.04,97.9,136.08,20.56,27.0,4.0,31.0,1,0.5053,1.0889,1
LJ500_R149_C034,149,34,678250,9575750,500,3500,2024,2,2024-02,62,44.76,100.28,138.34,20.79,27.0,4.0,31.0,1,0.5271,1.24,1
LJ500_R149_C035,149,35,678750,9575750,1000,3500,2024,2,2024-02,62,44.76,100.28,138.34,20.79,27.0,4.0,31.0,1,0.476,0.9098,1
LJ500_R149_C036,149,36,679250,9575750,1500,3500,2024,2,2024-02,62,44.76,100.28,138.34,20.79,27.0,4.0,31.0,1,0.4668,0.85,1
LJ500_R149_C037,149,37,679750,9575750,2000,3500,2024,2,2024-02,62,44.76,100.28,138.34,20.79,27.0,4.0,31.0,1,0.4437,0.7206,1
LJ500_R149_C038,149,38,680250,9575750,2500,3500,2024,2,2024-02,62,44.76,100.28,138.34,20.79,27.0,4.0,31.0,1,0.4342,0.707,1
LJ500_R149_C039,149,39,680750,9575750,3000,3500,2024,2,2024-02,62,44.76,100.28,138.34,20.79,27.0,4.0,31.0,1,0.379,0.63,1
LJ500_R149_C040,149,40,681250,9575750,3500,3500,2024,2,2024-02,62,44.76,100.28,138.34,20.79,27.0,4.0,31.0,1,0.3882,0.6329,1
LJ500_R149_C041,149,41,681750,9575750,4000,3500,2024,2,2024-02,62,44.76,100.28,138.34,20.79,27.0,4.0,31.0,1,0.4103,0.64,1
LJ500_R149_C042,149,42,682250,9575750,4500,3500,2024,2,2024-02,62,44.76,100.28,138.34,20.79,27.0,4.0,31.0,1,0.4612,0.7504,1
LJ500_R150_C033,150,33,677750,9576250,0,4000,2024,2,2024-02,62,43.03,97.89,136.07,20.56,27.0,4.0,31.0,1,0.5193,1.2421,1
LJ500_R150_C034,150,34,678250,9576250,500,4000,2024,2,2024-02,62,44.76,100.28,138.34,20.79,27.0,4.0,31.0,1,0.5448,1.4181,1
LJ500_R150_C035,150,35,678750,9576250,1000,4000,2024,2,2024-02,62,44.76,100.28,138.34,20.79,27.0,4.0,31.0,1,0.4874,1.0236,1
LJ500_R150_C036,150,36,679250,9576250,1500,4000,2024,2,2024-02,62,44.76,100.28,138.34,20.79,27.0,4.0,31.0,1,0.4768,0.9512,1
LJ500_R150_C037,150,37,679750,9576250,2000,4000,2024,2,2024-02,62,44.76,100.28,138.34,20.79,27.0,4.0,31.0,1,0.5237,1.1244,1
LJ500_R150_C038,150,38,680250,9576250,2500,4000,2024,2,2024-02,62,44.76,100.28,138.34,20.79,27.0,4.0,31.0,1,0.5183,1.0994,1
LJ500_R150_C039,150,39,680750,9576250,3000,4000,2024,2,2024-02,62,44.76,100.28,138.34,20.79,27.0,4.0,31.0,1,0.4825,0.9357,1
LJ500_R150_C040,150,40,681250,9576250,3500,4000,2024,2,2024-02,62,44.76,100.28,138.34,20.79,27.0,4.0,31.0,1,0.4599,0.8479,1
LJ500_R150_C041,150,41,681750,9576250,4000,4000,2024,2,2024-02,62,44.76,100.28,138.34,20.79,27.0,4.0,31.0,1,0.4042,0.6321,1
LJ500_R150_C042,150,42,682250,9576250,4500,4000,2024,2,2024-02,62,44.76,100.28,138.34,20.79,27.0,4.0,31.0,1,0.4379,0.6969,1
LJ500_R151_C033,151,33,677750,9576750,0,4500,2024,2,2024-02,62,43.02,97.87,136.06,20.56,27.0,4.0,31.0,1,0.5233,1.2864,1
LJ500_R151_C034,151,34,678250,9576750,500,4500,2024,2,2024-02,62,44.76,100.28,138.34,20.79,27.0,4.0,31.0,1,0.55,1.47,1
LJ500_R151_C035,151,35,678750,9576750,1000,4500,2024,2,2024-02,62,44.76,100.28,138.34,20.79,27.0,4.0,31.0,1,0.4907,1.057,1
LJ500_R151_C036,151,36,679250,9576750,1500,4500,2024,2,2024-02,62,44.76,100.28,138.34,20.79,27.0,4.0,31.0,1,0.4797,0.98,1
LJ500_R151_C037,151,37,679750,9576750,2000,4500,2024,2,2024-02,62,44.76,100.28,138.34,20.79,27.0,4.0,31.0,1,0.5462,1.2378,1
LJ500_R151_C038,151,38,680250,9576750,2500,4500,2024,2,2024-02,62,44.76,100.28,138.34,20.79,27.0,4.0,31.0,1,0.5417,1.2091,1
LJ500_R151_C039,151,39,680750,9576750,3000,4500,2024,2,2024-02,62,44.76,100.28,138.34,20.79,27.0,4.0,31.0,1,0.511,1.02,1
LJ500_R151_C040,151,40,681250,9576750,3500,4500,2024,2,2024-02,62,44.76,100.28,138.34,20.79,27.0,4.0,31.0,1,0.4796,0.9072,1
LJ500_R151_C041,151,41,681750,9576750,4000,4500,2024,2,2024-02,62,44.76,100.28,138.34,20.79,27.0,4.0,31.0,1,0.4026,0.63,1
LJ500_R151_C042,151,42,682250,9576750,4500,4500,2024,2,2024-02,62,44.76,100.28,138.34,20.79,27.0,4.0,31.0,1,0.4317,0.6825,1
LJ500_R142_C033,142,33,677750,9572250,0,0,2024,3,2024-03,63,211.6,244.67,286.03,110.31,26.32,2.6799,29.0,1,0.4359,1.174,1
LJ500_R142_C034,142,34,678250,9572250,500,0,2024,3,2024-03,63,194.68,227.13,266.51,89.18,26.0,3.0,29.0,1,0.4346,1.1734,1
LJ500_R142_C035,142,35,678750,9572250,1000,0,2024,3,2024-03,63,194.68,227.13,266.51,89.18,26.0,3.0,29.0,1,0.3672,0.7918,1
LJ500_R142_C036,142,36,679250,9572250,1500,0,2024,3,2024-03,63,194.68,227.13,266.51,89.18,26.0,3.0,29.0,1,0.3558,0.7284,1
LJ500_R142_C037,142,37,679750,9572250,2000,0,2024,3,2024-03,63,194.68,227.13,266.51,89.18,26.0,3.0,29.0,1,0.3086,0.603,1
LJ500_R142_C038,142,38,680250,9572250,2500,0,2024,3,2024-03,63,194.68,227.13,266.51,89.18,26.0,3.0,29.0,1,0.3216,0.6598,1
LJ500_R142_C039,142,39,680750,9572250,3000,0,2024,3,2024-03,63,194.68,227.13,266.51,89.18,26.0,3.0,29.0,1,0.3909,0.9631,1
LJ500_R142_C040,142,40,681250,9572250,3500,0,2024,3,2024-03,63,194.68,227.13,266.51,89.18,26.0,3.0,29.0,1,0.4175,0.9669,1
LJ500_R142_C041,142,41,681750,9572250,4000,0,2024,3,2024-03,63,194.68,227.13,266.51,89.18,26.0,3.0,29.0,1,0.4781,0.9756,1
LJ500_R142_C042,142,42,682250,9572250,4500,0,2024,3,2024-03,63,194.68,227.13,266.51,89.18,26.0,3.0,29.0,1,0.4802,0.9727,1
LJ500_R143_C033,143,33,677750,9572750,0,500,2024,3,2024-03,63,211.7,244.77,286.14,110.44,26.32,2.678,29.0,1,0.4142,1.0648,1
LJ500_R143_C034,143,34,678250,9572750,500,500,2024,3,2024-03,63,194.68,227.13,266.51,89.18,26.0,3.0,29.0,1,0.3952,0.96,1
LJ500_R143_C035,143,35,678750,9572750,1000,500,2024,3,2024-03,63,194.68,227.13,266.51,89.18,26.0,3.0,29.0,1,0.3449,0.7112,1
LJ500_R143_C036,143,36,679250,9572750,1500,500,2024,3,2024-03,63,194.68,227.13,266.51,89.18,26.0,3.0,29.0,1,0.3364,0.6697,1
LJ500_R143_C037,143,37,679750,9572750,2000,500,2024,3,2024-03,63,194.68,227.13,266.51,89.18,26.0,3.0,29.0,1,0.3162,0.62,1
LJ500_R143_C038,143,38,680250,9572750,2500,500,2024,3,2024-03,63,194.68,227.13,266.51,89.18,26.0,3.0,29.0,1,0.328,0.676,1
LJ500_R143_C039,143,39,680750,9572750,3000,500,2024,3,2024-03,63,194.68,227.13,266.51,89.18,26.0,3.0,29.0,1,0.3917,0.98,1
LJ500_R143_C040,143,40,681250,9572750,3500,500,2024,3,2024-03,63,194.68,227.13,266.51,89.18,26.0,3.0,29.0,1,0.4382,1.0196,1
LJ500_R143_C041,143,41,681750,9572750,4000,500,2024,3,2024-03,63,194.68,227.13,266.51,89.18,26.0,3.0,29.0,1,0.5445,1.11,1
LJ500_R143_C042,143,42,682250,9572750,4500,500,2024,3,2024-03,63,194.68,227.13,266.51,89.18,26.0,3.0,29.0,1,0.5581,1.1372,1
LJ500_R144_C033,144,33,677750,9573250,0,1000,2024,3,2024-03,63,211.8,244.88,286.26,110.56,26.32,2.6762,29.0,1,0.4091,1.0369,1
LJ500_R144_C034,144,34,678250,9573250,500,1000,2024,3,2024-03,63,194.68,227.13,266.51,89.18,26.0,3.0,29.0,1,0.3914,0.9357,1
LJ500_R144_C035,144,35,678750,9573250,1000,1000,2024,3,2024-03,63,194.68,227.13,266.51,89.18,26.0,3.0,29.0,1,0.3486,0.7187,1
LJ500_R144_C036,144,36,679250,9573250,1500,1000,2024,3,2024-03,63,194.68,227.13,266.51,89.18,26.0,3.0,29.0,1,0.3413,0.682,1
LJ500_R144_C037,144,37,679750,9573250,2000,1000,2024,3,2024-03,63,194.68,227.13,266.51,89.18,26.0,3.0,29.0,1,0.3175,0.6231,1
LJ500_R144_C038,144,38,680250,9573250,2500,1000,2024,3,2024-03,63,194.68,227.13,266.51,89.18,26.0,3.0,29.0,1,0.3267,0.6694,1
LJ500_R144_C039,144,39,680750,9573250,3000,1000,2024,3,2024-03,63,194.68,227.13,266.51,89.18,26.0,3.0,29.0,1,0.3776,0.9237,1
LJ500_R144_C040,144,40,681250,9573250,3500,1000,2024,3,2024-03,63,194.68,227.13,266.51,89.18,26.0,3.0,29.0,1,0.4197,0.9665,1
LJ500_R144_C041,144,41,681750,9573250,4000,1000,2024,3,2024-03,63,194.68,227.13,266.51,89.18,26.0,3.0,29.0,1,0.5169,1.0657,1
LJ500_R144_C042,144,42,682250,9573250,4500,1000,2024,3,2024-03,63,194.68,227.13,266.51,89.18,26.0,3.0,29.0,1,0.5499,1.1371,1
LJ500_R145_C033,145,33,677750,9573750,0,1500,2024,3,2024-03,63,211.9,244.98,286.37,110.69,26.33,2.6743,29.0,1,0.397,0.9714,1
LJ500_R145_C034,145,34,678250,9573750,500,1500,2024,3,2024-03,63,194.68,227.13,266.51,89.18,26.0,3.0,29.0,1,0.3828,0.88,1
LJ500_R145_C035,145,35,678750,9573750,1000,1500,2024,3,2024-03,63,194.68,227.13,266.51,89.18,26.0,3.0,29.0,1,0.3568,0.7348,1
LJ500_R145_C036,145,36,679250,9573750,1500,1500,2024,3,2024-03,63,194.68,227.13,266.51,89.18,26.0,3.0,29.0,1,0.3523,0.7098,1
LJ500_R145_C037,145,37,679750,9573750,2000,1500,2024,3,2024-03,63,194.68,227.13,266.51,89.18,26.0,3.0,29.0,1,0.3203,0.63,1
LJ500_R145_C038,145,38,680250,9573750,2500,1500,2024,3,2024-03,63,194.68,227.13,266.51,89.18,26.0,3.0,29.0,1,0.3243,0.6558,1
LJ500_R145_C039,145,39,680750,9573750,3000,1500,2024,3,2024-03,63,194.68,227.13,266.51,89.18,26.0,3.0,29.0,1,0.3466,0.8,1
LJ500_R145_C040,145,40,681250,9573750,3500,1500,2024,3,2024-03,63,194.68,227.13,266.51,89.18,26.0,3.0,29.0,1,0.3798,0.8511,1
LJ500_R145_C041,145,41,681750,9573750,4000,1500,2024,3,2024-03,63,194.68,227.13,266.51,89.18,26.0,3.0,29.0,1,0.4572,0.97,1
LJ500_R145_C042,145,42,682250,9573750,4500,1500,2024,3,2024-03,63,194.68,227.13,266.51,89.18,26.0,3.0,29.0,1,0.5321,1.1363,1
LJ500_R146_C033,146,33,677750,9574250,0,2000,2024,3,2024-03,63,233.17,270.52,317.69,128.61,26.48,2.525,29.0,1,0.4183,1.1214,1
LJ500_R146_C034,146,34,678250,9574250,500,2000,2024,3,2024-03,63,216.58,254.32,300.63,116.69,26.43,2.5704,29.0,1,0.4093,1.0642,1
LJ500_R146_C035,146,35,678750,9574250,1000,2000,2024,3,2024-03,63,216.67,254.44,300.78,116.81,26.43,2.5685,29.0,1,0.3739,0.8767,1
LJ500_R146_C036,146,36,679250,9574250,1500,2000,2024,3,2024-03,63,216.77,254.56,300.93,116.93,26.43,2.5666,29.0,1,0.3677,0.8445,1
LJ500_R146_C037,146,37,679750,9574250,2000,2000,2024,3,2024-03,63,216.87,254.68,301.08,117.06,26.44,2.5647,29.0,1,0.3329,0.6952,1
LJ500_R146_C038,146,38,680250,9574250,2500,2000,2024,3,2024-03,63,216.96,254.8,301.23,117.18,26.44,2.5628,29.0,1,0.3327,0.6965,1
LJ500_R146_C039,146,39,680750,9574250,3000,2000,2024,3,2024-03,63,217.06,254.92,301.39,117.3,26.44,2.5609,29.0,1,0.3313,0.7013,1
LJ500_R146_C040,146,40,681250,9574250,3500,2000,2024,3,2024-03,63,217.16,255.04,301.54,117.42,26.44,2.559,29.0,1,0.3632,0.7813,1
LJ500_R146_C041,146,41,681750,9574250,4000,2000,2024,3,2024-03,63,217.26,255.16,301.69,117.54,26.44,2.5571,29.0,1,0.4381,0.97,1
LJ500_R146_C042,146,42,682250,9574250,4500,2000,2024,3,2024-03,63,217.35,255.28,301.84,117.67,26.44,2.5552,29.0,1,0.5142,1.1122,1
LJ500_R147_C033,147,33,677750,9574750,0,2500,2024,3,2024-03,63,261.58,304.64,359.51,152.43,26.67,2.3295,29.0,1,0.4434,1.2979,1
LJ500_R147_C034,147,34,678250,9574750,500,2500,2024,3,2024-03,63,245.65,290.41,345.93,153.23,27.0,2.0,29.0,1,0.4403,1.28,1
LJ500_R147_C035,147,35,678750,9574750,1000,2500,2024,3,2024-03,63,245.65,290.41,345.93,153.23,27.0,2.0,29.0,1,0.3937,1.0419,1
LJ500_R147_C036,147,36,679250,9574750,1500,2500,2024,3,2024-03,63,245.65,290.41,345.93,153.23,27.0,2.0,29.0,1,0.3855,1.0,1
LJ500_R147_C037,147,37,679750,9574750,2000,2500,2024,3,2024-03,63,245.65,290.41,345.93,153.23,27.0,2.0,29.0,1,0.3473,0.7702,1
LJ500_R147_C038,147,38,680250,9574750,2500,2500,2024,3,2024-03,63,245.65,290.41,345.93,153.23,27.0,2.0,29.0,1,0.3423,0.7434,1
LJ500_R147_C039,147,39,680750,9574750,3000,2500,2024,3,2024-03,63,245.65,290.41,345.93,153.23,27.0,2.0,29.0,1,0.3141,0.59,1
LJ500_R147_C040,147,40,681250,9574750,3500,2500,2024,3,2024-03,63,245.65,290.41,345.93,153.23,27.0,2.0,29.0,1,0.3446,0.7028,1
LJ500_R147_C041,147,41,681750,9574750,4000,2500,2024,3,2024-03,63,245.65,290.41,345.93,153.23,27.0,2.0,29.0,1,0.4169,0.97,1
LJ500_R147_C042,147,42,682250,9574750,4500,2500,2024,3,2024-03,63,245.65,290.41,345.93,153.23,27.0,2.0,29.0,1,0.4945,1.0858,1
LJ500_R148_C033,148,33,677750,9575250,0,3000,2024,3,2024-03,63,261.67,304.72,359.58,152.42,26.67,2.3313,29.0,1,0.4401,1.2733,1
LJ500_R148_C034,148,34,678250,9575250,500,3000,2024,3,2024-03,63,245.65,290.41,345.93,153.23,27.0,2.0,29.0,1,0.4461,1.3109,1
LJ500_R148_C035,148,35,678750,9575250,1000,3000,2024,3,2024-03,63,245.65,290.41,345.93,153.23,27.0,2.0,29.0,1,0.3996,1.0997,1
LJ500_R148_C036,148,36,679250,9575250,1500,3000,2024,3,2024-03,63,245.65,290.41,345.93,153.23,27.0,2.0,29.0,1,0.3913,1.0621,1
LJ500_R148_C037,148,37,679750,9575250,2000,3000,2024,3,2024-03,63,245.65,290.41,345.93,153.23,27.0,2.0,29.0,1,0.3624,0.8951,1
LJ500_R148_C038,148,38,680250,9575250,2500,3000,2024,3,2024-03,63,245.65,290.41,345.93,153.23,27.0,2.0,29.0,1,0.3561,0.8559,1
LJ500_R148_C039,148,39,680750,9575250,3000,3000,2024,3,2024-03,63,245.65,290.41,345.93,153.23,27.0,2.0,29.0,1,0.3195,0.6276,1
LJ500_R148_C040,148,40,681250,9575250,3500,3000,2024,3,2024-03,63,245.65,290.41,345.93,153.23,27.0,2.0,29.0,1,0.3321,0.6879,1
LJ500_R148_C041,148,41,681750,9575250,4000,3000,2024,3,2024-03,63,245.65,290.41,345.93,153.23,27.0,2.0,29.0,1,0.3619,0.8312,1
LJ500_R148_C042,148,42,682250,9575250,4500,3000,2024,3,2024-03,63,245.65,290.41,345.93,153.23,27.0,2.0,29.0,1,0.4044,0.9097,1
LJ500_R149_C033,149,33,677750,9575750,0,3500,2024,3,2024-03,63,261.76,304.8,359.66,152.42,26.67,2.3332,29.0,1,0.4379,1.2575,1
LJ500_R149_C034,149,34,678250,9575750,500,3500,2024,3,2024-03,63,245.65,290.41,345.93,153.23,27.0,2.0,29.0,1,0.4497,1.33,1
LJ500_R149_C035,149,35,678750,9575750,1000,3500,2024,3,2024-03,63,245.65,290.41,345.93,153.23,27.0,2.0,29.0,1,0.4032,1.1353,1
LJ500_R149_C036,149,36,679250,9575750,1500,3500,2024,3,2024-03,63,245.65,290.41,345.93,153.23,27.0,2.0,29.0,1,0.3948,1.1,1
LJ500_R149_C037,149,37,679750,9575750,2000,3500,2024,3,2024-03,63,245.65,290.41,345.93,153.23,27.0,2.0,29.0,1,0.3715,0.9706,1
LJ500_R149_C038,149,38,680250,9575750,2500,3500,2024,3,2024-03,63,245.65,290.41,345.93,153.23,27.0,2.0,29.0,1,0.3644,0.9239,1
LJ500_R149_C039,149,39,680750,9575750,3000,3500,2024,3,2024-03,63,245.65,290.41,345.93,153.23,27.0,2.0,29.0,1,0.3228,0.65,1
LJ500_R149_C040,149,40,681250,9575750,3500,3500,2024,3,2024-03,63,245.65,290.41,345.93,153.23,27.0,2.0,29.0,1,0.3248,0.6793,1
LJ500_R149_C041,149,41,681750,9575750,4000,3500,2024,3,2024-03,63,245.65,290.41,345.93,153.23,27.0,2.0,29.0,1,0.3297,0.75,1
LJ500_R149_C042,149,42,682250,9575750,4500,3500,2024,3,2024-03,63,245.65,290.41,345.93,153.23,27.0,2.0,29.0,1,0.3522,0.8074,1
LJ500_R150_C033,150,33,677750,9576250,0,4000,2024,3,2024-03,63,261.85,304.88,359.74,152.41,26.66,2.3351,29.0,1,0.4578,1.3144,1
LJ500_R150_C034,150,34,678250,9576250,500,4000,2024,3,2024-03,63,245.65,290.41,345.93,153.23,27.0,2.0,29.0,1,0.4742,1.3687,1
LJ500_R150_C035,150,35,678750,9576250,1000,4000,2024,3,2024-03,63,245.65,290.41,345.93,153.23,27.0,2.0,29.0,1,0.4169,1.2008,1
LJ500_R150_C036,150,36,679250,9576250,1500,4000,2024,3,2024-03,63,245.65,290.41,345.93,153.23,27.0,2.0,29.0,1,0.4064,1.17,1
LJ500_R150_C037,150,37,679750,9576250,2000,4000,2024,3,2024-03,63,245.65,290.41,345.93,153.23,27.0,2.0,29.0,1,0.4291,1.1418,1
LJ500_R150_C038,150,38,680250,9576250,2500,4000,2024,3,2024-03,63,245.65,290.41,345.93,153.23,27.0,2.0,29.0,1,0.4232,1.1188,1
LJ500_R150_C039,150,39,680750,9576250,3000,4000,2024,3,2024-03,63,245.65,290.41,345.93,153.23,27.0,2.0,29.0,1,0.386,0.9792,1
LJ500_R150_C040,150,40,681250,9576250,3500,4000,2024,3,2024-03,63,245.65,290.41,345.93,153.23,27.0,2.0,29.0,1,0.3693,0.9154,1
LJ500_R150_C041,150,41,681750,9576250,4000,4000,2024,3,2024-03,63,245.65,290.41,345.93,153.23,27.0,2.0,29.0,1,0.3283,0.7579,1
LJ500_R150_C042,150,42,682250,9576250,4500,4000,2024,3,2024-03,63,245.65,290.41,345.93,153.23,27.0,2.0,29.0,1,0.3419,0.8012,1
LJ500_R151_C033,151,33,677750,9576750,0,4500,2024,3,2024-03,63,261.94,304.96,359.81,152.41,26.66,2.337,29.0,1,0.4635,1.331,1
LJ500_R151_C034,151,34,678250,9576750,500,4500,2024,3,2024-03,63,245.65,290.41,345.93,153.23,27.0,2.0,29.0,1,0.4814,1.38,1
LJ500_R151_C035,151,35,678750,9576750,1000,4500,2024,3,2024-03,63,245.65,290.41,345.93,153.23,27.0,2.0,29.0,1,0.4209,1.2199,1
LJ500_R151_C036,151,36,679250,9576750,1500,4500,2024,3,2024-03,63,245.65,290.41,345.93,153.23,27.0,2.0,29.0,1,0.4097,1.19,1
LJ500_R151_C037,151,37,679750,9576750,2000,4500,2024,3,2024-03,63,245.65,290.41,345.93,153.23,27.0,2.0,29.0,1,0.4452,1.19,1
LJ500_R151_C038,151,38,680250,9576750,2500,4500,2024,3,2024-03,63,245.65,290.41,345.93,153.23,27.0,2.0,29.0,1,0.4396,1.1732,1
LJ500_R151_C039,151,39,680750,9576750,3000,4500,2024,3,2024-03,63,245.65,290.41,345.93,153.23,27.0,2.0,29.0,1,0.4034,1.07,1
LJ500_R151_C040,151,40,681250,9576750,3500,4500,2024,3,2024-03,63,245.65,290.41,345.93,153.23,27.0,2.0,29.0,1,0.3816,0.9804,1
LJ500_R151_C041,151,41,681750,9576750,4000,4500,2024,3,2024-03,63,245.65,290.41,345.93,153.23,27.0,2.0,29.0,1,0.3279,0.76,1
LJ500_R151_C042,151,42,682250,9576750,4500,4500,2024,3,2024-03,63,245.65,290.41,345.93,153.23,27.0,2.0,29.0,1,0.3391,0.7994,1
LJ500_R142_C033,142,33,677750,9572250,0,0,2024,4,2024-04,64,60.19,271.79,304.86,31.48,27.32,3.6799,31.0,1,0.493,0.8685,1
LJ500_R142_C034,142,34,678250,9572250,500,0,2024,4,2024-04,64,55.97,250.65,283.1,27.06,27.0,4.0,31.0,1,0.4945,0.8683,1
LJ500_R142_C035,142,35,678750,9572250,1000,0,2024,4,2024-04,64,55.97,250.65,283.1,27.06,27.0,4.0,31.0,1,0.394,0.765,1
LJ500_R142_C036,142,36,679250,9572250,1500,0,2024,4,2024-04,64,55.97,250.65,283.1,27.06,27.0,4.0,31.0,1,0.377,0.7469,1
LJ500_R142_C037,142,37,679750,9572250,2000,0,2024,4,2024-04,64,55.97,250.65,283.1,27.06,27.0,4.0,31.0,1,0.3146,0.623,1
LJ500_R142_C038,142,38,680250,9572250,2500,0,2024,4,2024-04,64,55.97,250.65,283.1,27.06,27.0,4.0,31.0,1,0.3368,0.6554,1
LJ500_R142_C039,142,39,680750,9572250,3000,0,2024,4,2024-04,64,55.97,250.65,283.1,27.06,27.0,4.0,31.0,1,0.4552,0.8284,1
LJ500_R142_C040,142,40,681250,9572250,3500,0,2024,4,2024-04,64,55.97,250.65,283.1,27.06,27.0,4.0,31.0,1,0.4882,0.9013,1
LJ500_R142_C041,142,41,681750,9572250,4000,0,2024,4,2024-04,64,55.97,250.65,283.1,27.06,27.0,4.0,31.0,1,0.5629,1.0671,1
LJ500_R142_C042,142,42,682250,9572250,4500,0,2024,4,2024-04,64,55.97,250.65,283.1,27.06,27.0,4.0,31.0,1,0.5654,1.0932,1
LJ500_R143_C033,143,33,677750,9572750,0,500,2024,4,2024-04,64,60.21,271.91,304.99,31.51,27.32,3.678,31.0,1,0.4531,0.8349,1
LJ500_R143_C034,143,34,678250,9572750,500,500,2024,4,2024-04,64,55.97,250.65,283.1,27.06,27.0,4.0,31.0,1,0.4245,0.8,1
LJ500_R143_C035,143,35,678750,9572750,1000,500,2024,4,2024-04,64,55.97,250.65,283.1,27.06,27.0,4.0,31.0,1,0.3564,0.6971,1
LJ500_R143_C036,143,36,679250,9572750,1500,500,2024,4,2024-04,64,55.97,250.65,283.1,27.06,27.0,4.0,31.0,1,0.345,0.6797,1
LJ500_R143_C037,143,37,679750,9572750,2000,500,2024,4,2024-04,64,55.97,250.65,283.1,27.06,27.0,4.0,31.0,1,0.3226,0.64,1
LJ500_R143_C038,143,38,680250,9572750,2500,500,2024,4,2024-04,64,55.97,250.65,283.1,27.06,27.0,4.0,31.0,1,0.3427,0.668,1
LJ500_R143_C039,143,39,680750,9572750,3000,500,2024,4,2024-04,64,55.97,250.65,283.1,27.06,27.0,4.0,31.0,1,0.4519,0.82,1
LJ500_R143_C040,143,40,681250,9572750,3500,500,2024,4,2024-04,64,55.97,250.65,283.1,27.06,27.0,4.0,31.0,1,0.4992,1.0027,1
LJ500_R143_C041,143,41,681750,9572750,4000,500,2024,4,2024-04,64,55.97,250.65,283.1,27.06,27.0,4.0,31.0,1,0.6071,1.42,1
LJ500_R143_C042,143,42,682250,9572750,4500,500,2024,4,2024-04,64,55.97,250.65,283.1,27.06,27.0,4.0,31.0,1,0.6068,1.5288,1
LJ500_R144_C033,144,33,677750,9573250,0,1000,2024,4,2024-04,64,60.24,272.04,305.12,31.53,27.32,3.6762,31.0,1,0.4447,0.8238,1
LJ500_R144_C034,144,34,678250,9573250,500,1000,2024,4,2024-04,64,55.97,250.65,283.1,27.06,27.0,4.0,31.0,1,0.4186,0.7939,1
LJ500_R144_C035,144,35,678750,9573250,1000,1000,2024,4,2024-04,64,55.97,250.65,283.1,27.06,27.0,4.0,31.0,1,0.3616,0.7095,1
LJ500_R144_C036,144,36,679250,9573250,1500,1000,2024,4,2024-04,64,55.97,250.65,283.1,27.06,27.0,4.0,31.0,1,0.352,0.6951,1
LJ500_R144_C037,144,37,679750,9573250,2000,1000,2024,4,2024-04,64,55.97,250.65,283.1,27.06,27.0,4.0,31.0,1,0.3242,0.6462,1
LJ500_R144_C038,144,38,680250,9573250,2500,1000,2024,4,2024-04,64,55.97,250.65,283.1,27.06,27.0,4.0,31.0,1,0.34,0.6686,1
LJ500_R144_C039,144,39,680750,9573250,3000,1000,2024,4,2024-04,64,55.97,250.65,283.1,27.06,27.0,4.0,31.0,1,0.4271,0.7918,1
LJ500_R144_C040,144,40,681250,9573250,3500,1000,2024,4,2024-04,64,55.97,250.65,283.1,27.06,27.0,4.0,31.0,1,0.4756,0.9379,1
LJ500_R144_C041,144,41,681750,9573250,4000,1000,2024,4,2024-04,64,55.97,250.65,283.1,27.06,27.0,4.0,31.0,1,0.5878,1.2743,1
LJ500_R144_C042,144,42,682250,9573250,4500,1000,2024,4,2024-04,64,55.97,250.65,283.1,27.06,27.0,4.0,31.0,1,0.5977,1.4824,1
LJ500_R145_C033,145,33,677750,9573750,0,1500,2024,4,2024-04,64,60.26,272.16,305.24,31.56,27.33,3.6743,31.0,1,0.4249,0.7977,1
LJ500_R145_C034,145,34,678250,9573750,500,1500,2024,4,2024-04,64,55.97,250.65,283.1,27.06,27.0,4.0,31.0,1,0.4052,0.78,1
LJ500_R145_C035,145,35,678750,9573750,1000,1500,2024,4,2024-04,64,55.97,250.65,283.1,27.06,27.0,4.0,31.0,1,0.3732,0.7373,1
LJ500_R145_C036,145,36,679250,9573750,1500,1500,2024,4,2024-04,64,55.97,250.65,283.1,27.06,27.0,4.0,31.0,1,0.3676,0.7298,1
LJ500_R145_C037,145,37,679750,9573750,2000,1500,2024,4,2024-04,64,55.97,250.65,283.1,27.06,27.0,4.0,31.0,1,0.3277,0.66,1
LJ500_R145_C038,145,38,680250,9573750,2500,1500,2024,4,2024-04,64,55.97,250.65,283.1,27.06,27.0,4.0,31.0,1,0.3345,0.6706,1
LJ500_R145_C039,145,39,680750,9573750,3000,1500,2024,4,2024-04,64,55.97,250.65,283.1,27.06,27.0,4.0,31.0,1,0.3726,0.73,1
LJ500_R145_C040,145,40,681250,9573750,3500,1500,2024,4,2024-04,64,55.97,250.65,283.1,27.06,27.0,4.0,31.0,1,0.4247,0.7991,1
LJ500_R145_C041,145,41,681750,9573750,4000,1500,2024,4,2024-04,64,55.97,250.65,283.1,27.06,27.0,4.0,31.0,1,0.5461,0.96,1
LJ500_R145_C042,145,42,682250,9573750,4500,1500,2024,4,2024-04,64,55.97,250.65,283.1,27.06,27.0,4.0,31.0,1,0.5782,1.3824,1
LJ500_R146_C033,146,33,677750,9574250,0,2000,2024,4,2024-04,64,64.41,297.57,334.93,35.25,27.62,3.3848,31.0,1,0.4593,0.8368,1
LJ500_R146_C034,146,34,678250,9574250,500,2000,2024,4,2024-04,64,61.4,277.98,315.72,32.24,27.43,3.5704,31.0,1,0.4478,0.826,1
LJ500_R146_C035,146,35,678750,9574250,1000,2000,2024,4,2024-04,64,61.42,278.1,315.86,32.27,27.43,3.5685,31.0,1,0.3971,0.7639,1
LJ500_R146_C036,146,36,679250,9574250,1500,2000,2024,4,2024-04,64,61.45,278.22,316.01,32.29,27.43,3.5666,31.0,1,0.3884,0.7531,1
LJ500_R146_C037,146,37,679750,9574250,2000,2000,2024,4,2024-04,64,61.47,278.34,316.15,32.31,27.44,3.5647,31.0,1,0.3452,0.688,1
LJ500_R146_C038,146,38,680250,9574250,2500,2000,2024,4,2024-04,64,61.5,278.46,316.29,32.33,27.44,3.5628,31.0,1,0.3458,0.6895,1
LJ500_R146_C039,146,39,680750,9574250,3000,2000,2024,4,2024-04,64,61.52,278.58,316.44,32.36,27.44,3.5609,31.0,1,0.3488,0.6971,1
LJ500_R146_C040,146,40,681250,9574250,3500,2000,2024,4,2024-04,64,61.55,278.7,316.58,32.38,27.44,3.559,31.0,1,0.4004,0.7614,1
LJ500_R146_C041,146,41,681750,9574250,4000,2000,2024,4,2024-04,64,61.57,278.82,316.73,32.4,27.44,3.5571,31.0,1,0.5217,0.9126,1
LJ500_R146_C042,146,42,682250,9574250,4500,2000,2024,4,2024-04,64,61.59,278.95,316.88,32.43,27.44,3.5552,31.0,1,0.563,1.3161,1
LJ500_R147_C033,147,33,677750,9574750,0,2500,2024,4,2024-04,64,69.93,331.5,374.56,40.15,28.0,3.0,31.0,1,0.4998,0.883,1
LJ500_R147_C034,147,34,678250,9574750,500,2500,2024,4,2024-04,64,68.61,314.27,359.03,39.12,28.0,3.0,31.0,1,0.4977,0.88,1
LJ500_R147_C035,147,35,678750,9574750,1000,2500,2024,4,2024-04,64,68.61,314.27,359.03,39.12,28.0,3.0,31.0,1,0.4251,0.795,1
LJ500_R147_C036,147,36,679250,9574750,1500,2500,2024,4,2024-04,64,68.61,314.27,359.03,39.12,28.0,3.0,31.0,1,0.4123,0.78,1
LJ500_R147_C037,147,37,679750,9574750,2000,2500,2024,4,2024-04,64,68.61,314.27,359.03,39.12,28.0,3.0,31.0,1,0.3652,0.7201,1
LJ500_R147_C038,147,38,680250,9574750,2500,2500,2024,4,2024-04,64,68.61,314.27,359.03,39.12,28.0,3.0,31.0,1,0.3588,0.7111,1
LJ500_R147_C039,147,39,680750,9574750,3000,2500,2024,4,2024-04,64,68.61,314.27,359.03,39.12,28.0,3.0,31.0,1,0.3219,0.66,1
LJ500_R147_C040,147,40,681250,9574750,3500,2500,2024,4,2024-04,64,68.61,314.27,359.03,39.12,28.0,3.0,31.0,1,0.3732,0.7194,1
LJ500_R147_C041,147,41,681750,9574750,4000,2500,2024,4,2024-04,64,68.61,314.27,359.03,39.12,28.0,3.0,31.0,1,0.4945,0.86,1
LJ500_R147_C042,147,42,682250,9574750,4500,2500,2024,4,2024-04,64,68.61,314.27,359.03,39.12,28.0,3.0,31.0,1,0.5463,1.2432,1
LJ500_R148_C033,148,33,677750,9575250,0,3000,2024,4,2024-04,64,69.93,331.6,374.65,40.15,28.0,3.0,31.0,1,0.4926,0.8836,1
LJ500_R148_C034,148,34,678250,9575250,500,3000,2024,4,2024-04,64,68.61,314.27,359.03,39.12,28.0,3.0,31.0,1,0.5065,0.9047,1
LJ500_R148_C035,148,35,678750,9575250,1000,3000,2024,4,2024-04,64,68.61,314.27,359.03,39.12,28.0,3.0,31.0,1,0.4365,0.7989,1
LJ500_R148_C036,148,36,679250,9575250,1500,3000,2024,4,2024-04,64,68.61,314.27,359.03,39.12,28.0,3.0,31.0,1,0.4241,0.78,1
LJ500_R148_C037,148,37,679750,9575250,2000,3000,2024,4,2024-04,64,68.61,314.27,359.03,39.12,28.0,3.0,31.0,1,0.3854,0.7388,1
LJ500_R148_C038,148,38,680250,9575250,2500,3000,2024,4,2024-04,64,68.61,314.27,359.03,39.12,28.0,3.0,31.0,1,0.3771,0.7282,1
LJ500_R148_C039,148,39,680750,9575250,3000,3000,2024,4,2024-04,64,68.61,314.27,359.03,39.12,28.0,3.0,31.0,1,0.3288,0.6663,1
LJ500_R148_C040,148,40,681250,9575250,3500,3000,2024,4,2024-04,64,68.61,314.27,359.03,39.12,28.0,3.0,31.0,1,0.3509,0.6937,1
LJ500_R148_C041,148,41,681750,9575250,4000,3000,2024,4,2024-04,64,68.61,314.27,359.03,39.12,28.0,3.0,31.0,1,0.4034,0.7591,1
LJ500_R148_C042,148,42,682250,9575250,4500,3000,2024,4,2024-04,64,68.61,314.27,359.03,39.12,28.0,3.0,31.0,1,0.4497,0.9298,1
LJ500_R149_C033,149,33,677750,9575750,0,3500,2024,4,2024-04,64,69.94,331.7,374.74,40.16,28.0,3.0,31.0,1,0.4879,0.8837,1
LJ500_R149_C034,149,34,678250,9575750,500,3500,2024,4,2024-04,64,68.61,314.27,359.03,39.12,28.0,3.0,31.0,1,0.5119,0.92,1
LJ500_R149_C035,149,35,678750,9575750,1000,3500,2024,4,2024-04,64,68.61,314.27,359.03,39.12,28.0,3.0,31.0,1,0.4437,0.8015,1
LJ500_R149_C036,149,36,679250,9575750,1500,3500,2024,4,2024-04,64,68.61,314.27,359.03,39.12,28.0,3.0,31.0,1,0.4313,0.78,1
LJ500_R149_C037,149,37,679750,9575750,2000,3500,2024,4,2024-04,64,68.61,314.27,359.03,39.12,28.0,3.0,31.0,1,0.3976,0.7501,1
LJ500_R149_C038,149,38,680250,9575750,2500,3500,2024,4,2024-04,64,68.61,314.27,359.03,39.12,28.0,3.0,31.0,1,0.3881,0.7385,1
LJ500_R149_C039,149,39,680750,9575750,3000,3500,2024,4,2024-04,64,68.61,314.27,359.03,39.12,28.0,3.0,31.0,1,0.3329,0.67,1
LJ500_R149_C040,149,40,681250,9575750,3500,3500,2024,4,2024-04,64,68.61,314.27,359.03,39.12,28.0,3.0,31.0,1,0.3379,0.6788,1
LJ500_R149_C041,149,41,681750,9575750,4000,3500,2024,4,2024-04,64,68.61,314.27,359.03,39.12,28.0,3.0,31.0,1,0.35,0.7,1
LJ500_R149_C042,149,42,682250,9575750,4500,3500,2024,4,2024-04,64,68.61,314.27,359.03,39.12,28.0,3.0,31.0,1,0.3936,0.7486,1
LJ500_R150_C033,150,33,677750,9576250,0,4000,2024,4,2024-04,64,69.95,331.8,374.83,40.16,28.0,3.0,31.0,1,0.5147,0.9534,1
LJ500_R150_C034,150,34,678250,9576250,500,4000,2024,4,2024-04,64,68.61,314.27,359.03,39.12,28.0,3.0,31.0,1,0.5442,1.0207,1
LJ500_R150_C035,150,35,678750,9576250,1000,4000,2024,4,2024-04,64,68.61,314.27,359.03,39.12,28.0,3.0,31.0,1,0.4624,0.824,1
LJ500_R150_C036,150,36,679250,9576250,1500,4000,2024,4,2024-04,64,68.61,314.27,359.03,39.12,28.0,3.0,31.0,1,0.4474,0.7878,1
LJ500_R150_C037,150,37,679750,9576250,2000,4000,2024,4,2024-04,64,68.61,314.27,359.03,39.12,28.0,3.0,31.0,1,0.4905,0.8975,1
LJ500_R150_C038,150,38,680250,9576250,2500,4000,2024,4,2024-04,64,68.61,314.27,359.03,39.12,28.0,3.0,31.0,1,0.4829,0.8827,1
LJ500_R150_C039,150,39,680750,9576250,3000,4000,2024,4,2024-04,64,68.61,314.27,359.03,39.12,28.0,3.0,31.0,1,0.4343,0.7876,1
LJ500_R150_C040,150,40,681250,9576250,3500,4000,2024,4,2024-04,64,68.61,314.27,359.03,39.12,28.0,3.0,31.0,1,0.4093,0.76,1
LJ500_R150_C041,150,41,681750,9576250,4000,4000,2024,4,2024-04,64,68.61,314.27,359.03,39.12,28.0,3.0,31.0,1,0.3477,0.6921,1
LJ500_R150_C042,150,42,682250,9576250,4500,4000,2024,4,2024-04,64,68.61,314.27,359.03,39.12,28.0,3.0,31.0,1,0.3747,0.7231,1
LJ500_R151_C033,151,33,677750,9576750,0,4500,2024,4,2024-04,64,69.96,331.9,374.92,40.17,28.0,3.0,31.0,1,0.5225,0.9735,1
LJ500_R151_C034,151,34,678250,9576750,500,4500,2024,4,2024-04,64,68.61,314.27,359.03,39.12,28.0,3.0,31.0,1,0.5535,1.05,1
LJ500_R151_C035,151,35,678750,9576750,1000,4500,2024,4,2024-04,64,68.61,314.27,359.03,39.12,28.0,3.0,31.0,1,0.4679,0.8309,1
LJ500_R151_C036,151,36,679250,9576750,1500,4500,2024,4,2024-04,64,68.61,314.27,359.03,39.12,28.0,3.0,31.0,1,0.4519,0.79,1
LJ500_R151_C037,151,37,679750,9576750,2000,4500,2024,4,2024-04,64,68.61,314.27,359.03,39.12,28.0,3.0,31.0,1,0.5165,0.9387,1
LJ500_R151_C038,151,38,680250,9576750,2500,4500,2024,4,2024-04,64,68.61,314.27,359.03,39.12,28.0,3.0,31.0,1,0.5094,0.9232,1
LJ500_R151_C039,151,39,680750,9576750,3000,4500,2024,4,2024-04,64,68.61,314.27,359.03,39.12,28.0,3.0,31.0,1,0.4623,0.82,1
LJ500_R151_C040,151,40,681250,9576750,3500,4500,2024,4,2024-04,64,68.61,314.27,359.03,39.12,28.0,3.0,31.0,1,0.429,0.7824,1
LJ500_R151_C041,151,41,681750,9576750,4000,4500,2024,4,2024-04,64,68.61,314.27,359.03,39.12,28.0,3.0,31.0,1,0.3471,0.69,1
LJ500_R151_C042,151,42,682250,9576750,4500,4500,2024,4,2024-04,64,68.61,314.27,359.03,39.12,28.0,3.0,31.0,1,0.3696,0.7163,1
LJ500_R142_C033,142,33,677750,9572250,0,0,2024,5,2024-05,65,34.28,94.47,306.07,15.34,26.0,4.0,30.0,1,0.5035,0.8969,1
LJ500_R142_C034,142,34,678250,9572250,500,0,2024,5,2024-05,65,33.29,89.26,283.94,16.42,26.0,4.0,30.0,1,0.5053,0.8898,1
LJ500_R142_C035,142,35,678750,9572250,1000,0,2024,5,2024-05,65,33.29,89.26,283.94,16.42,26.0,4.0,30.0,1,0.4007,0.7581,1
LJ500_R142_C036,142,36,679250,9572250,1500,0,2024,5,2024-05,65,33.29,89.26,283.94,16.42,26.0,4.0,30.0,1,0.383,0.7353,1
LJ500_R142_C037,142,37,679750,9572250,2000,0,2024,5,2024-05,65,33.29,89.26,283.94,16.42,26.0,4.0,30.0,1,0.3102,0.603,1
LJ500_R142_C038,142,38,680250,9572250,2500,0,2024,5,2024-05,65,33.29,89.26,283.94,16.42,26.0,4.0,30.0,1,0.3362,0.6433,1
LJ500_R142_C039,142,39,680750,9572250,3000,0,2024,5,2024-05,65,33.29,89.26,283.94,16.42,26.0,4.0,30.0,1,0.4753,0.8584,1
LJ500_R142_C040,142,40,681250,9572250,3500,0,2024,5,2024-05,65,33.29,89.26,283.94,16.42,26.0,4.0,30.0,1,0.5116,0.9068,1
LJ500_R142_C041,142,41,681750,9572250,4000,0,2024,5,2024-05,65,33.29,89.26,283.94,16.42,26.0,4.0,30.0,1,0.5938,1.0164,1
LJ500_R142_C042,142,42,682250,9572250,4500,0,2024,5,2024-05,65,33.29,89.26,283.94,16.42,26.0,4.0,30.0,1,0.5966,1.0264,1
LJ500_R143_C033,143,33,677750,9572750,0,500,2024,5,2024-05,65,34.29,94.5,306.2,15.34,26.0,4.0,30.0,1,0.4659,0.862,1
LJ500_R143_C034,143,34,678250,9572750,500,500,2024,5,2024-05,65,33.29,89.26,283.94,16.42,26.0,4.0,30.0,1,0.4387,0.83,1
LJ500_R143_C035,143,35,678750,9572750,1000,500,2024,5,2024-05,65,33.29,89.26,283.94,16.42,26.0,4.0,30.0,1,0.3555,0.6842,1
LJ500_R143_C036,143,36,679250,9572750,1500,500,2024,5,2024-05,65,33.29,89.26,283.94,16.42,26.0,4.0,30.0,1,0.3415,0.6597,1
LJ500_R143_C037,143,37,679750,9572750,2000,500,2024,5,2024-05,65,33.29,89.26,283.94,16.42,26.0,4.0,30.0,1,0.3207,0.62,1
LJ500_R143_C038,143,38,680250,9572750,2500,500,2024,5,2024-05,65,33.29,89.26,283.94,16.42,26.0,4.0,30.0,1,0.3447,0.6558,1
LJ500_R143_C039,143,39,680750,9572750,3000,500,2024,5,2024-05,65,33.29,89.26,283.94,16.42,26.0,4.0,30.0,1,0.475,0.85,1
LJ500_R143_C040,143,40,681250,9572750,3500,500,2024,5,2024-05,65,33.29,89.26,283.94,16.42,26.0,4.0,30.0,1,0.527,0.9109,1
LJ500_R143_C041,143,41,681750,9572750,4000,500,2024,5,2024-05,65,33.29,89.26,283.94,16.42,26.0,4.0,30.0,1,0.6457,1.05,1
LJ500_R143_C042,143,42,682250,9572750,4500,500,2024,5,2024-05,65,33.29,89.26,283.94,16.42,26.0,4.0,30.0,1,0.6414,1.0409,1
LJ500_R144_C033,144,33,677750,9573250,0,1000,2024,5,2024-05,65,34.29,94.53,306.33,15.33,26.0,4.0,30.0,1,0.4567,0.8514,1
LJ500_R144_C034,144,34,678250,9573250,500,1000,2024,5,2024-05,65,33.29,89.26,283.94,16.42,26.0,4.0,30.0,1,0.4316,0.8209,1
LJ500_R144_C035,144,35,678750,9573250,1000,1000,2024,5,2024-05,65,33.29,89.26,283.94,16.42,26.0,4.0,30.0,1,0.3631,0.6988,1
LJ500_R144_C036,144,36,679250,9573250,1500,1000,2024,5,2024-05,65,33.29,89.26,283.94,16.42,26.0,4.0,30.0,1,0.3515,0.6782,1
LJ500_R144_C037,144,37,679750,9573250,2000,1000,2024,5,2024-05,65,33.29,89.26,283.94,16.42,26.0,4.0,30.0,1,0.3231,0.6231,1
LJ500_R144_C038,144,38,680250,9573250,2500,1000,2024,5,2024-05,65,33.29,89.26,283.94,16.42,26.0,4.0,30.0,1,0.3424,0.6527,1
LJ500_R144_C039,144,39,680750,9573250,3000,1000,2024,5,2024-05,65,33.29,89.26,283.94,16.42,26.0,4.0,30.0,1,0.4485,0.8156,1
LJ500_R144_C040,144,40,681250,9573250,3500,1000,2024,5,2024-05,65,33.29,89.26,283.94,16.42,26.0,4.0,30.0,1,0.5016,0.8806,1
LJ500_R144_C041,144,41,681750,9573250,4000,1000,2024,5,2024-05,65,33.29,89.26,283.94,16.42,26.0,4.0,30.0,1,0.6241,1.031,1
LJ500_R144_C042,144,42,682250,9573250,4500,1000,2024,5,2024-05,65,33.29,89.26,283.94,16.42,26.0,4.0,30.0,1,0.6227,1.0219,1
LJ500_R145_C033,145,33,677750,9573750,0,1500,2024,5,2024-05,65,34.3,94.56,306.46,15.32,26.0,4.0,30.0,1,0.4349,0.8265,1
LJ500_R145_C034,145,34,678250,9573750,500,1500,2024,5,2024-05,65,33.29,89.26,283.94,16.42,26.0,4.0,30.0,1,0.4153,0.8,1
LJ500_R145_C035,145,35,678750,9573750,1000,1500,2024,5,2024-05,65,33.29,89.26,283.94,16.42,26.0,4.0,30.0,1,0.38,0.7317,1
LJ500_R145_C036,145,36,679250,9573750,1500,1500,2024,5,2024-05,65,33.29,89.26,283.94,16.42,26.0,4.0,30.0,1,0.3739,0.7197,1
LJ500_R145_C037,145,37,679750,9573750,2000,1500,2024,5,2024-05,65,33.29,89.26,283.94,16.42,26.0,4.0,30.0,1,0.3287,0.63,1
LJ500_R145_C038,145,38,680250,9573750,2500,1500,2024,5,2024-05,65,33.29,89.26,283.94,16.42,26.0,4.0,30.0,1,0.338,0.6467,1
LJ500_R145_C039,145,39,680750,9573750,3000,1500,2024,5,2024-05,65,33.29,89.26,283.94,16.42,26.0,4.0,30.0,1,0.3903,0.74,1
LJ500_R145_C040,145,40,681250,9573750,3500,1500,2024,5,2024-05,65,33.29,89.26,283.94,16.42,26.0,4.0,30.0,1,0.4466,0.8151,1
LJ500_R145_C041,145,41,681750,9573750,4000,1500,2024,5,2024-05,65,33.29,89.26,283.94,16.42,26.0,4.0,30.0,1,0.5777,0.99,1
LJ500_R145_C042,145,42,682250,9573750,4500,1500,2024,5,2024-05,65,33.29,89.26,283.94,16.42,26.0,4.0,30.0,1,0.5826,0.981,1
LJ500_R146_C033,146,33,677750,9574250,0,2000,2024,5,2024-05,65,36.4,100.81,333.97,13.7,26.0,4.0,30.0,1,0.4703,0.8552,1
LJ500_R146_C034,146,34,678250,9574250,500,2000,2024,5,2024-05,65,35.69,97.09,313.67,14.35,26.0,4.0,30.0,1,0.4594,0.8368,1
LJ500_R146_C035,146,35,678750,9574250,1000,2000,2024,5,2024-05,65,35.7,97.13,313.8,14.34,26.0,4.0,30.0,1,0.409,0.7609,1
LJ500_R146_C036,146,36,679250,9574250,1500,2000,2024,5,2024-05,65,35.71,97.16,313.93,14.33,26.0,4.0,30.0,1,0.4003,0.7478,1
LJ500_R146_C037,146,37,679750,9574250,2000,2000,2024,5,2024-05,65,35.72,97.2,314.06,14.32,26.0,4.0,30.0,1,0.352,0.6626,1
LJ500_R146_C038,146,38,680250,9574250,2500,2000,2024,5,2024-05,65,35.74,97.23,314.2,14.31,26.0,4.0,30.0,1,0.3537,0.6673,1
LJ500_R146_C039,146,39,680750,9574250,3000,2000,2024,5,2024-05,65,35.75,97.27,314.33,14.31,26.0,4.0,30.0,1,0.3625,0.693,1
LJ500_R146_C040,146,40,681250,9574250,3500,2000,2024,5,2024-05,65,35.76,97.3,314.46,14.3,26.0,4.0,30.0,1,0.4189,0.7689,1
LJ500_R146_C041,146,41,681750,9574250,4000,2000,2024,5,2024-05,65,35.77,97.34,314.59,14.29,26.0,4.0,30.0,1,0.5516,0.9474,1
LJ500_R146_C042,146,42,682250,9574250,4500,2000,2024,5,2024-05,65,35.78,97.37,314.73,14.28,26.0,4.0,30.0,1,0.5784,0.9702,1
LJ500_R147_C033,147,33,677750,9574750,0,2500,2024,5,2024-05,65,39.21,109.13,370.71,11.54,26.0,4.0,30.0,1,0.5119,0.889,1
LJ500_R147_C034,147,34,678250,9574750,500,2500,2024,5,2024-05,65,38.88,107.49,353.15,11.6,26.0,4.0,30.0,1,0.511,0.88,1
LJ500_R147_C035,147,35,678750,9574750,1000,2500,2024,5,2024-05,65,38.88,107.49,353.15,11.6,26.0,4.0,30.0,1,0.4427,0.795,1
LJ500_R147_C036,147,36,679250,9574750,1500,2500,2024,5,2024-05,65,38.88,107.49,353.15,11.6,26.0,4.0,30.0,1,0.4307,0.78,1
LJ500_R147_C037,147,37,679750,9574750,2000,2500,2024,5,2024-05,65,38.88,107.49,353.15,11.6,26.0,4.0,30.0,1,0.3787,0.7001,1
LJ500_R147_C038,147,38,680250,9574750,2500,2500,2024,5,2024-05,65,38.88,107.49,353.15,11.6,26.0,4.0,30.0,1,0.3716,0.6911,1
LJ500_R147_C039,147,39,680750,9574750,3000,2500,2024,5,2024-05,65,38.88,107.49,353.15,11.6,26.0,4.0,30.0,1,0.331,0.64,1
LJ500_R147_C040,147,40,681250,9574750,3500,2500,2024,5,2024-05,65,38.88,107.49,353.15,11.6,26.0,4.0,30.0,1,0.3879,0.7172,1
LJ500_R147_C041,147,41,681750,9574750,4000,2500,2024,5,2024-05,65,38.88,107.49,353.15,11.6,26.0,4.0,30.0,1,0.5227,0.9,1
LJ500_R147_C042,147,42,682250,9574750,4500,2500,2024,5,2024-05,65,38.88,107.49,353.15,11.6,26.0,4.0,30.0,1,0.5736,0.9579,1
LJ500_R148_C033,148,33,677750,9575250,0,3000,2024,5,2024-05,65,39.21,109.14,370.81,11.54,26.0,4.0,30.0,1,0.5059,0.8865,1
LJ500_R148_C034,148,34,678250,9575250,500,3000,2024,5,2024-05,65,38.88,107.49,353.15,11.6,26.0,4.0,30.0,1,0.5207,0.8923,1
LJ500_R148_C035,148,35,678750,9575250,1000,3000,2024,5,2024-05,65,38.88,107.49,353.15,11.6,26.0,4.0,30.0,1,0.4532,0.8023,1
LJ500_R148_C036,148,36,679250,9575250,1500,3000,2024,5,2024-05,65,38.88,107.49,353.15,11.6,26.0,4.0,30.0,1,0.4412,0.7862,1
LJ500_R148_C037,148,37,679750,9575250,2000,3000,2024,5,2024-05,65,38.88,107.49,353.15,11.6,26.0,4.0,30.0,1,0.4029,0.7251,1
LJ500_R148_C038,148,38,680250,9575250,2500,3000,2024,5,2024-05,65,38.88,107.49,353.15,11.6,26.0,4.0,30.0,1,0.3937,0.7144,1
LJ500_R148_C039,148,39,680750,9575250,3000,3000,2024,5,2024-05,65,38.88,107.49,353.15,11.6,26.0,4.0,30.0,1,0.3406,0.6525,1
LJ500_R148_C040,148,40,681250,9575250,3500,3000,2024,5,2024-05,65,38.88,107.49,353.15,11.6,26.0,4.0,30.0,1,0.3661,0.6885,1
LJ500_R148_C041,148,41,681750,9575250,4000,3000,2024,5,2024-05,65,38.88,107.49,353.15,11.6,26.0,4.0,30.0,1,0.4266,0.7739,1
LJ500_R148_C042,148,42,682250,9575250,4500,3000,2024,5,2024-05,65,38.88,107.49,353.15,11.6,26.0,4.0,30.0,1,0.4755,0.8368,1
LJ500_R149_C033,149,33,677750,9575750,0,3500,2024,5,2024-05,65,39.21,109.15,370.91,11.54,26.0,4.0,30.0,1,0.5021,0.8849,1
LJ500_R149_C034,149,34,678250,9575750,500,3500,2024,5,2024-05,65,38.88,107.49,353.15,11.6,26.0,4.0,30.0,1,0.5267,0.9,1
LJ500_R149_C035,149,35,678750,9575750,1000,3500,2024,5,2024-05,65,38.88,107.49,353.15,11.6,26.0,4.0,30.0,1,0.4598,0.8069,1
LJ500_R149_C036,149,36,679250,9575750,1500,3500,2024,5,2024-05,65,38.88,107.49,353.15,11.6,26.0,4.0,30.0,1,0.4477,0.79,1
LJ500_R149_C037,149,37,679750,9575750,2000,3500,2024,5,2024-05,65,38.88,107.49,353.15,11.6,26.0,4.0,30.0,1,0.4175,0.7402,1
LJ500_R149_C038,149,38,680250,9575750,2500,3500,2024,5,2024-05,65,38.88,107.49,353.15,11.6,26.0,4.0,30.0,1,0.4071,0.7285,1
LJ500_R149_C039,149,39,680750,9575750,3000,3500,2024,5,2024-05,65,38.88,107.49,353.15,11.6,26.0,4.0,30.0,1,0.3463,0.66,1
LJ500_R149_C040,149,40,681250,9575750,3500,3500,2024,5,2024-05,65,38.88,107.49,353.15,11.6,26.0,4.0,30.0,1,0.3534,0.6717,1
LJ500_R149_C041,149,41,681750,9575750,4000,3500,2024,5,2024-05,65,38.88,107.49,353.15,11.6,26.0,4.0,30.0,1,0.3703,0.7,1
LJ500_R149_C042,149,42,682250,9575750,4500,3500,2024,5,2024-05,65,38.88,107.49,353.15,11.6,26.0,4.0,30.0,1,0.4185,0.7663,1
LJ500_R150_C033,150,33,677750,9576250,0,4000,2024,5,2024-05,65,39.21,109.16,371.01,11.54,26.0,4.0,30.0,1,0.5294,0.9171,1
LJ500_R150_C034,150,34,678250,9576250,500,4000,2024,5,2024-05,65,38.88,107.49,353.15,11.6,26.0,4.0,30.0,1,0.5605,0.9465,1
LJ500_R150_C035,150,35,678750,9576250,1000,4000,2024,5,2024-05,65,38.88,107.49,353.15,11.6,26.0,4.0,30.0,1,0.479,0.8209,1
LJ500_R150_C036,150,36,679250,9576250,1500,4000,2024,5,2024-05,65,38.88,107.49,353.15,11.6,26.0,4.0,30.0,1,0.464,0.7978,1
LJ500_R150_C037,150,37,679750,9576250,2000,4000,2024,5,2024-05,65,38.88,107.49,353.15,11.6,26.0,4.0,30.0,1,0.5145,0.8566,1
LJ500_R150_C038,150,38,680250,9576250,2500,4000,2024,5,2024-05,65,38.88,107.49,353.15,11.6,26.0,4.0,30.0,1,0.507,0.8481,1
LJ500_R150_C039,150,39,680750,9576250,3000,4000,2024,5,2024-05,65,38.88,107.49,353.15,11.6,26.0,4.0,30.0,1,0.4584,0.7933,1
LJ500_R150_C040,150,40,681250,9576250,3500,4000,2024,5,2024-05,65,38.88,107.49,353.15,11.6,26.0,4.0,30.0,1,0.4326,0.7641,1
LJ500_R150_C041,150,41,681750,9576250,4000,4000,2024,5,2024-05,65,38.88,107.49,353.15,11.6,26.0,4.0,30.0,1,0.369,0.6921,1
LJ500_R150_C042,150,42,682250,9576250,4500,4000,2024,5,2024-05,65,38.88,107.49,353.15,11.6,26.0,4.0,30.0,1,0.3985,0.7303,1
LJ500_R151_C033,151,33,677750,9576750,0,4500,2024,5,2024-05,65,39.21,109.17,371.11,11.54,26.0,4.0,30.0,1,0.5373,0.9263,1
LJ500_R151_C034,151,34,678250,9576750,500,4500,2024,5,2024-05,65,38.88,107.49,353.15,11.6,26.0,4.0,30.0,1,0.5703,0.96,1
LJ500_R151_C035,151,35,678750,9576750,1000,4500,2024,5,2024-05,65,38.88,107.49,353.15,11.6,26.0,4.0,30.0,1,0.4847,0.8252,1
LJ500_R151_C036,151,36,679250,9576750,1500,4500,2024,5,2024-05,65,38.88,107.49,353.15,11.6,26.0,4.0,30.0,1,0.4687,0.8,1
LJ500_R151_C037,151,37,679750,9576750,2000,4500,2024,5,2024-05,65,38.88,107.49,353.15,11.6,26.0,4.0,30.0,1,0.5417,0.8892,1
LJ500_R151_C038,151,38,680250,9576750,2500,4500,2024,5,2024-05,65,38.88,107.49,353.15,11.6,26.0,4.0,30.0,1,0.5349,0.8816,1
LJ500_R151_C039,151,39,680750,9576750,3000,4500,2024,5,2024-05,65,38.88,107.49,353.15,11.6,26.0,4.0,30.0,1,0.4893,0.83,1
LJ500_R151_C040,151,40,681250,9576750,3500,4500,2024,5,2024-05,65,38.88,107.49,353.15,11.6,26.0,4.0,30.0,1,0.4544,0.7895,1
LJ500_R151_C041,151,41,681750,9576750,4000,4500,2024,5,2024-05,65,38.88,107.49,353.15,11.6,26.0,4.0,30.0,1,0.3687,0.69,1
LJ500_R151_C042,151,42,682250,9576750,4500,4500,2024,5,2024-05,65,38.88,107.49,353.15,11.6,26.0,4.0,30.0,1,0.3932,0.7207,1
LJ500_R142_C033,142,33,677750,9572250,0,0,2024,6,2024-06,66,18.15,52.43,112.62,6.4046,27.68,3.3201,31.0,1,0.5192,0.9829,1
LJ500_R142_C034,142,34,678250,9572250,500,0,2024,6,2024-06,66,17.46,50.75,106.72,6.924,28.0,3.0,31.0,1,0.5191,0.981,1
LJ500_R142_C035,142,35,678750,9572250,1000,0,2024,6,2024-06,66,17.46,50.75,106.72,6.924,28.0,3.0,31.0,1,0.4105,0.8053,1
LJ500_R142_C036,142,36,679250,9572250,1500,0,2024,6,2024-06,66,17.46,50.75,106.72,6.924,28.0,3.0,31.0,1,0.3921,0.7754,1
LJ500_R142_C037,142,37,679750,9572250,2000,0,2024,6,2024-06,66,17.46,50.75,106.72,6.924,28.0,3.0,31.0,1,0.3182,0.6515,1
LJ500_R142_C038,142,38,680250,9572250,2500,0,2024,6,2024-06,66,17.46,50.75,106.72,6.924,28.0,3.0,31.0,1,0.3412,0.6902,1
LJ500_R142_C039,142,39,680750,9572250,3000,0,2024,6,2024-06,66,17.46,50.75,106.72,6.924,28.0,3.0,31.0,1,0.4639,0.8969,1
LJ500_R142_C040,142,40,681250,9572250,3500,0,2024,6,2024-06,66,17.46,50.75,106.72,6.924,28.0,3.0,31.0,1,0.4861,0.9525,1
LJ500_R142_C041,142,41,681750,9572250,4000,0,2024,6,2024-06,66,17.46,50.75,106.72,6.924,28.0,3.0,31.0,1,0.5363,1.0787,1
LJ500_R142_C042,142,42,682250,9572250,4500,0,2024,6,2024-06,66,17.46,50.75,106.72,6.924,28.0,3.0,31.0,1,0.5328,1.0722,1
LJ500_R143_C033,143,33,677750,9572750,0,500,2024,6,2024-06,66,18.16,52.44,112.66,6.4015,27.68,3.322,31.0,1,0.4814,0.9166,1
LJ500_R143_C034,143,34,678250,9572750,500,500,2024,6,2024-06,66,17.46,50.75,106.72,6.924,28.0,3.0,31.0,1,0.4516,0.87,1
LJ500_R143_C035,143,35,678750,9572750,1000,500,2024,6,2024-06,66,17.46,50.75,106.72,6.924,28.0,3.0,31.0,1,0.3642,0.7242,1
LJ500_R143_C036,143,36,679250,9572750,1500,500,2024,6,2024-06,66,17.46,50.75,106.72,6.924,28.0,3.0,31.0,1,0.3495,0.6997,1
LJ500_R143_C037,143,37,679750,9572750,2000,500,2024,6,2024-06,66,17.46,50.75,106.72,6.924,28.0,3.0,31.0,1,0.3281,0.66,1
LJ500_R143_C038,143,38,680250,9572750,2500,500,2024,6,2024-06,66,17.46,50.75,106.72,6.924,28.0,3.0,31.0,1,0.349,0.6942,1
LJ500_R143_C039,143,39,680750,9572750,3000,500,2024,6,2024-06,66,17.46,50.75,106.72,6.924,28.0,3.0,31.0,1,0.4626,0.88,1
LJ500_R143_C040,143,40,681250,9572750,3500,500,2024,6,2024-06,66,17.46,50.75,106.72,6.924,28.0,3.0,31.0,1,0.4981,0.9865,1
LJ500_R143_C041,143,41,681750,9572750,4000,500,2024,6,2024-06,66,17.46,50.75,106.72,6.924,28.0,3.0,31.0,1,0.5794,1.23,1
LJ500_R143_C042,143,42,682250,9572750,4500,500,2024,6,2024-06,66,17.46,50.75,106.72,6.924,28.0,3.0,31.0,1,0.5785,1.2345,1
LJ500_R144_C033,144,33,677750,9573250,0,1000,2024,6,2024-06,66,18.16,52.45,112.69,6.3985,27.68,3.3238,31.0,1,0.4718,0.8983,1
LJ500_R144_C034,144,34,678250,9573250,500,1000,2024,6,2024-06,66,17.46,50.75,106.72,6.924,28.0,3.0,31.0,1,0.4442,0.8548,1
LJ500_R144_C035,144,35,678750,9573250,1000,1000,2024,6,2024-06,66,17.46,50.75,106.72,6.924,28.0,3.0,31.0,1,0.3718,0.7327,1
LJ500_R144_C036,144,36,679250,9573250,1500,1000,2024,6,2024-06,66,17.46,50.75,106.72,6.924,28.0,3.0,31.0,1,0.3595,0.712,1
LJ500_R144_C037,144,37,679750,9573250,2000,1000,2024,6,2024-06,66,17.46,50.75,106.72,6.924,28.0,3.0,31.0,1,0.3305,0.66,1
LJ500_R144_C038,144,38,680250,9573250,2500,1000,2024,6,2024-06,66,17.46,50.75,106.72,6.924,28.0,3.0,31.0,1,0.3474,0.6881,1
LJ500_R144_C039,144,39,680750,9573250,3000,1000,2024,6,2024-06,66,17.46,50.75,106.72,6.924,28.0,3.0,31.0,1,0.4406,0.8425,1
LJ500_R144_C040,144,40,681250,9573250,3500,1000,2024,6,2024-06,66,17.46,50.75,106.72,6.924,28.0,3.0,31.0,1,0.477,0.9405,1
LJ500_R144_C041,144,41,681750,9573250,4000,1000,2024,6,2024-06,66,17.46,50.75,106.72,6.924,28.0,3.0,31.0,1,0.5613,1.1667,1
LJ500_R144_C042,144,42,682250,9573250,4500,1000,2024,6,2024-06,66,17.46,50.75,106.72,6.924,28.0,3.0,31.0,1,0.5657,1.1967,1
LJ500_R145_C033,145,33,677750,9573750,0,1500,2024,6,2024-06,66,18.16,52.46,112.73,6.3954,27.67,3.3257,31.0,1,0.4492,0.8554,1
LJ500_R145_C034,145,34,678250,9573750,500,1500,2024,6,2024-06,66,17.46,50.75,106.72,6.924,28.0,3.0,31.0,1,0.4271,0.82,1
LJ500_R145_C035,145,35,678750,9573750,1000,1500,2024,6,2024-06,66,17.46,50.75,106.72,6.924,28.0,3.0,31.0,1,0.3888,0.7517,1
LJ500_R145_C036,145,36,679250,9573750,1500,1500,2024,6,2024-06,66,17.46,50.75,106.72,6.924,28.0,3.0,31.0,1,0.3821,0.7398,1
LJ500_R145_C037,145,37,679750,9573750,2000,1500,2024,6,2024-06,66,17.46,50.75,106.72,6.924,28.0,3.0,31.0,1,0.3358,0.66,1
LJ500_R145_C038,145,38,680250,9573750,2500,1500,2024,6,2024-06,66,17.46,50.75,106.72,6.924,28.0,3.0,31.0,1,0.3444,0.6752,1
LJ500_R145_C039,145,39,680750,9573750,3000,1500,2024,6,2024-06,66,17.46,50.75,106.72,6.924,28.0,3.0,31.0,1,0.3923,0.76,1
LJ500_R145_C040,145,40,681250,9573750,3500,1500,2024,6,2024-06,66,17.46,50.75,106.72,6.924,28.0,3.0,31.0,1,0.4313,0.8412,1
LJ500_R145_C041,145,41,681750,9573750,4000,1500,2024,6,2024-06,66,17.46,50.75,106.72,6.924,28.0,3.0,31.0,1,0.5223,1.03,1
LJ500_R145_C042,145,42,682250,9573750,4500,1500,2024,6,2024-06,66,17.46,50.75,106.72,6.924,28.0,3.0,31.0,1,0.5382,1.1154,1
LJ500_R146_C033,146,33,677750,9574250,0,2000,2024,6,2024-06,66,20.58,56.98,121.39,7.4709,27.24,3.7626,31.0,1,0.4854,0.9108,1
LJ500_R146_C034,146,34,678250,9574250,500,2000,2024,6,2024-06,66,20.65,56.34,117.74,7.9243,27.14,3.8592,31.0,1,0.4721,0.8891,1
LJ500_R146_C035,146,35,678750,9574250,1000,2000,2024,6,2024-06,66,20.66,56.37,117.79,7.9287,27.14,3.863,31.0,1,0.4182,0.7975,1
LJ500_R146_C036,146,36,679250,9574250,1500,2000,2024,6,2024-06,66,20.68,56.39,117.84,7.9331,27.13,3.8667,31.0,1,0.4089,0.7817,1
LJ500_R146_C037,146,37,679750,9574250,2000,2000,2024,6,2024-06,66,20.69,56.41,117.89,7.9375,27.13,3.8705,31.0,1,0.3585,0.6973,1
LJ500_R146_C038,146,38,680250,9574250,2500,2000,2024,6,2024-06,66,20.7,56.44,117.94,7.9419,27.13,3.8743,31.0,1,0.3598,0.6991,1
LJ500_R146_C039,146,39,680750,9574250,3000,2000,2024,6,2024-06,66,20.72,56.46,117.99,7.9463,27.12,3.8781,31.0,1,0.3662,0.7083,1
LJ500_R146_C040,146,40,681250,9574250,3500,2000,2024,6,2024-06,66,20.73,56.49,118.03,7.9508,27.12,3.882,31.0,1,0.4073,0.7887,1
LJ500_R146_C041,146,41,681750,9574250,4000,2000,2024,6,2024-06,66,20.75,56.51,118.08,7.9552,27.11,3.8858,31.0,1,0.5039,0.9779,1
LJ500_R146_C042,146,42,682250,9574250,4500,2000,2024,6,2024-06,66,20.76,56.54,118.13,7.9597,27.11,3.8896,31.0,1,0.5316,1.0904,1
LJ500_R147_C033,147,33,677750,9574750,0,2500,2024,6,2024-06,66,23.8,63.01,132.94,8.912,26.66,4.341,31.0,1,0.5281,0.976,1
LJ500_R147_C034,147,34,678250,9574750,500,2500,2024,6,2024-06,66,24.88,63.77,132.38,9.2524,26.0,5.0,31.0,1,0.5248,0.97,1
LJ500_R147_C035,147,35,678750,9574750,1000,2500,2024,6,2024-06,66,24.88,63.77,132.38,9.2524,26.0,5.0,31.0,1,0.4524,0.851,1
LJ500_R147_C036,147,36,679250,9574750,1500,2500,2024,6,2024-06,66,24.88,63.77,132.38,9.2524,26.0,5.0,31.0,1,0.4397,0.83,1
LJ500_R147_C037,147,37,679750,9574750,2000,2500,2024,6,2024-06,66,24.88,63.77,132.38,9.2524,26.0,5.0,31.0,1,0.3846,0.7401,1
LJ500_R147_C038,147,38,680250,9574750,2500,2500,2024,6,2024-06,66,24.88,63.77,132.38,9.2524,26.0,5.0,31.0,1,0.3775,0.7267,1
LJ500_R147_C039,147,39,680750,9574750,3000,2500,2024,6,2024-06,66,24.88,63.77,132.38,9.2524,26.0,5.0,31.0,1,0.3368,0.65,1
LJ500_R147_C040,147,40,681250,9574750,3500,2500,2024,6,2024-06,66,24.88,63.77,132.38,9.2524,26.0,5.0,31.0,1,0.3803,0.7301,1
LJ500_R147_C041,147,41,681750,9574750,4000,2500,2024,6,2024-06,66,24.88,63.77,132.38,9.2524,26.0,5.0,31.0,1,0.4835,0.92,1
LJ500_R147_C042,147,42,682250,9574750,4500,2500,2024,6,2024-06,66,24.88,63.77,132.38,9.2524,26.0,5.0,31.0,1,0.5242,1.0626,1
LJ500_R148_C033,148,33,677750,9575250,0,3000,2024,6,2024-06,66,23.8,63.01,132.94,8.9101,26.66,4.3373,31.0,1,0.5198,0.963,1
LJ500_R148_C034,148,34,678250,9575250,500,3000,2024,6,2024-06,66,24.88,63.77,132.38,9.2524,26.0,5.0,31.0,1,0.5324,0.9885,1
LJ500_R148_C035,148,35,678750,9575250,1000,3000,2024,6,2024-06,66,24.88,63.77,132.38,9.2524,26.0,5.0,31.0,1,0.4634,0.8593,1
LJ500_R148_C036,148,36,679250,9575250,1500,3000,2024,6,2024-06,66,24.88,63.77,132.38,9.2524,26.0,5.0,31.0,1,0.4511,0.8362,1
LJ500_R148_C037,148,37,679750,9575250,2000,3000,2024,6,2024-06,66,24.88,63.77,132.38,9.2524,26.0,5.0,31.0,1,0.4087,0.7713,1
LJ500_R148_C038,148,38,680250,9575250,2500,3000,2024,6,2024-06,66,24.88,63.77,132.38,9.2524,26.0,5.0,31.0,1,0.3995,0.7554,1
LJ500_R148_C039,148,39,680750,9575250,3000,3000,2024,6,2024-06,66,24.88,63.77,132.38,9.2524,26.0,5.0,31.0,1,0.3455,0.6625,1
LJ500_R148_C040,148,40,681250,9575250,3500,3000,2024,6,2024-06,66,24.88,63.77,132.38,9.2524,26.0,5.0,31.0,1,0.3648,0.6977,1
LJ500_R148_C041,148,41,681750,9575250,4000,3000,2024,6,2024-06,66,24.88,63.77,132.38,9.2524,26.0,5.0,31.0,1,0.4107,0.7812,1
LJ500_R148_C042,148,42,682250,9575250,4500,3000,2024,6,2024-06,66,24.88,63.77,132.38,9.2524,26.0,5.0,31.0,1,0.4456,0.8639,1
LJ500_R149_C033,149,33,677750,9575750,0,3500,2024,6,2024-06,66,23.79,63.0,132.94,8.9081,26.67,4.3336,31.0,1,0.5145,0.9547,1
LJ500_R149_C034,149,34,678250,9575750,500,3500,2024,6,2024-06,66,24.88,63.77,132.38,9.2524,26.0,5.0,31.0,1,0.5371,1.0,1
LJ500_R149_C035,149,35,678750,9575750,1000,3500,2024,6,2024-06,66,24.88,63.77,132.38,9.2524,26.0,5.0,31.0,1,0.4702,0.8646,1
LJ500_R149_C036,149,36,679250,9575750,1500,3500,2024,6,2024-06,66,24.88,63.77,132.38,9.2524,26.0,5.0,31.0,1,0.4581,0.84,1
LJ500_R149_C037,149,37,679750,9575750,2000,3500,2024,6,2024-06,66,24.88,63.77,132.38,9.2524,26.0,5.0,31.0,1,0.4234,0.7902,1
LJ500_R149_C038,149,38,680250,9575750,2500,3500,2024,6,2024-06,66,24.88,63.77,132.38,9.2524,26.0,5.0,31.0,1,0.4128,0.7727,1
LJ500_R149_C039,149,39,680750,9575750,3000,3500,2024,6,2024-06,66,24.88,63.77,132.38,9.2524,26.0,5.0,31.0,1,0.3506,0.67,1
LJ500_R149_C040,149,40,681250,9575750,3500,3500,2024,6,2024-06,66,24.88,63.77,132.38,9.2524,26.0,5.0,31.0,1,0.3557,0.6788,1
LJ500_R149_C041,149,41,681750,9575750,4000,3500,2024,6,2024-06,66,24.88,63.77,132.38,9.2524,26.0,5.0,31.0,1,0.3681,0.7,1
LJ500_R149_C042,149,42,682250,9575750,4500,3500,2024,6,2024-06,66,24.88,63.77,132.38,9.2524,26.0,5.0,31.0,1,0.3998,0.7486,1
LJ500_R150_C033,150,33,677750,9576250,0,4000,2024,6,2024-06,66,23.79,63.0,132.95,8.9062,26.67,4.3298,31.0,1,0.5376,1.0236,1
LJ500_R150_C034,150,34,678250,9576250,500,4000,2024,6,2024-06,66,24.88,63.77,132.38,9.2524,26.0,5.0,31.0,1,0.5638,1.0929,1
LJ500_R150_C035,150,35,678750,9576250,1000,4000,2024,6,2024-06,66,24.88,63.77,132.38,9.2524,26.0,5.0,31.0,1,0.487,0.8924,1
LJ500_R150_C036,150,36,679250,9576250,1500,4000,2024,6,2024-06,66,24.88,63.77,132.38,9.2524,26.0,5.0,31.0,1,0.4729,0.8556,1
LJ500_R150_C037,150,37,679750,9576250,2000,4000,2024,6,2024-06,66,24.88,63.77,132.38,9.2524,26.0,5.0,31.0,1,0.5,0.9531,1
LJ500_R150_C038,150,38,680250,9576250,2500,4000,2024,6,2024-06,66,24.88,63.77,132.38,9.2524,26.0,5.0,31.0,1,0.4927,0.936,1
LJ500_R150_C039,150,39,680750,9576250,3000,4000,2024,6,2024-06,66,24.88,63.77,132.38,9.2524,26.0,5.0,31.0,1,0.4462,0.8268,1
LJ500_R150_C040,150,40,681250,9576250,3500,4000,2024,6,2024-06,66,24.88,63.77,132.38,9.2524,26.0,5.0,31.0,1,0.4231,0.7879,1
LJ500_R150_C041,150,41,681750,9576250,4000,4000,2024,6,2024-06,66,24.88,63.77,132.38,9.2524,26.0,5.0,31.0,1,0.3663,0.6921,1
LJ500_R150_C042,150,42,682250,9576250,4500,4000,2024,6,2024-06,66,24.88,63.77,132.38,9.2524,26.0,5.0,31.0,1,0.3859,0.7196,1
LJ500_R151_C033,151,33,677750,9576750,0,4500,2024,6,2024-06,66,23.78,62.99,132.95,8.9043,26.67,4.3261,31.0,1,0.5443,1.0435,1
LJ500_R151_C034,151,34,678250,9576750,500,4500,2024,6,2024-06,66,24.88,63.77,132.38,9.2524,26.0,5.0,31.0,1,0.5716,1.12,1
LJ500_R151_C035,151,35,678750,9576750,1000,4500,2024,6,2024-06,66,24.88,63.77,132.38,9.2524,26.0,5.0,31.0,1,0.492,0.9009,1
LJ500_R151_C036,151,36,679250,9576750,1500,4500,2024,6,2024-06,66,24.88,63.77,132.38,9.2524,26.0,5.0,31.0,1,0.4771,0.86,1
LJ500_R151_C037,151,37,679750,9576750,2000,4500,2024,6,2024-06,66,24.88,63.77,132.38,9.2524,26.0,5.0,31.0,1,0.5216,0.9988,1
LJ500_R151_C038,151,38,680250,9576750,2500,4500,2024,6,2024-06,66,24.88,63.77,132.38,9.2524,26.0,5.0,31.0,1,0.515,0.9818,1
LJ500_R151_C039,151,39,680750,9576750,3000,4500,2024,6,2024-06,66,24.88,63.77,132.38,9.2524,26.0,5.0,31.0,1,0.4726,0.87,1
LJ500_R151_C040,151,40,681250,9576750,3500,4500,2024,6,2024-06,66,24.88,63.77,132.38,9.2524,26.0,5.0,31.0,1,0.4417,0.818,1
LJ500_R151_C041,151,41,681750,9576750,4000,4500,2024,6,2024-06,66,24.88,63.77,132.38,9.2524,26.0,5.0,31.0,1,0.3658,0.69,1
LJ500_R151_C042,151,42,682250,9576750,4500,4500,2024,6,2024-06,66,24.88,63.77,132.38,9.2524,26.0,5.0,31.0,1,0.3822,0.7119,1
LJ500_R142_C033,142,33,677750,9572250,0,0,2024,7,2024-07,67,6.0064,24.16,58.44,3.0902,28.64,1.3598,30.0,1,0.578,0.9932,1
LJ500_R142_C034,142,34,678250,9572250,500,0,2024,7,2024-07,67,7.4245,24.88,58.17,4.1828,28.0,2.0,30.0,1,0.5777,0.9993,1
LJ500_R142_C035,142,35,678750,9572250,1000,0,2024,7,2024-07,67,7.4245,24.88,58.17,4.1828,28.0,2.0,30.0,1,0.4294,0.7441,1
LJ500_R142_C036,142,36,679250,9572250,1500,0,2024,7,2024-07,67,7.4245,24.88,58.17,4.1828,28.0,2.0,30.0,1,0.404,0.7017,1
LJ500_R142_C037,142,37,679750,9572250,2000,0,2024,7,2024-07,67,7.4245,24.88,58.17,4.1828,28.0,2.0,30.0,1,0.2835,0.6085,1
LJ500_R142_C038,142,38,680250,9572250,2500,0,2024,7,2024-07,67,7.4245,24.88,58.17,4.1828,28.0,2.0,30.0,1,0.3186,0.6544,1
LJ500_R142_C039,142,39,680750,9572250,3000,0,2024,7,2024-07,67,7.4245,24.88,58.17,4.1828,28.0,2.0,30.0,1,0.5061,0.9,1
LJ500_R142_C040,142,40,681250,9572250,3500,0,2024,7,2024-07,67,7.4245,24.88,58.17,4.1828,28.0,2.0,30.0,1,0.5153,0.9858,1
LJ500_R142_C041,142,41,681750,9572250,4000,0,2024,7,2024-07,67,7.4245,24.88,58.17,4.1828,28.0,2.0,30.0,1,0.5362,1.1803,1
LJ500_R142_C042,142,42,682250,9572250,4500,0,2024,7,2024-07,67,7.4245,24.88,58.17,4.1828,28.0,2.0,30.0,1,0.5273,1.1732,1
LJ500_R143_C033,143,33,677750,9572750,0,500,2024,7,2024-07,67,5.998,24.15,58.44,3.0838,28.64,1.3561,30.0,1,0.5268,0.8957,1
LJ500_R143_C034,143,34,678250,9572750,500,500,2024,7,2024-07,67,7.4245,24.88,58.17,4.1828,28.0,2.0,30.0,1,0.4887,0.82,1
LJ500_R143_C035,143,35,678750,9572750,1000,500,2024,7,2024-07,67,7.4245,24.88,58.17,4.1828,28.0,2.0,30.0,1,0.3508,0.6827,1
LJ500_R143_C036,143,36,679250,9572750,1500,500,2024,7,2024-07,67,7.4245,24.88,58.17,4.1828,28.0,2.0,30.0,1,0.3278,0.6596,1
LJ500_R143_C037,143,37,679750,9572750,2000,500,2024,7,2024-07,67,7.4245,24.88,58.17,4.1828,28.0,2.0,30.0,1,0.301,0.6,1
LJ500_R143_C038,143,38,680250,9572750,2500,500,2024,7,2024-07,67,7.4245,24.88,58.17,4.1828,28.0,2.0,30.0,1,0.3325,0.6467,1
LJ500_R143_C039,143,39,680750,9572750,3000,500,2024,7,2024-07,67,7.4245,24.88,58.17,4.1828,28.0,2.0,30.0,1,0.5033,0.9,1
LJ500_R143_C040,143,40,681250,9572750,3500,500,2024,7,2024-07,67,7.4245,24.88,58.17,4.1828,28.0,2.0,30.0,1,0.5093,1.0339,1
LJ500_R143_C041,143,41,681750,9572750,4000,500,2024,7,2024-07,67,7.4245,24.88,58.17,4.1828,28.0,2.0,30.0,1,0.523,1.34,1
LJ500_R143_C042,143,42,682250,9572750,4500,500,2024,7,2024-07,67,7.4245,24.88,58.17,4.1828,28.0,2.0,30.0,1,0.512,1.3173,1
LJ500_R144_C033,144,33,677750,9573250,0,1000,2024,7,2024-07,67,5.9897,24.15,58.44,3.0774,28.65,1.3523,30.0,1,0.5134,0.8731,1
LJ500_R144_C034,144,34,678250,9573250,500,1000,2024,7,2024-07,67,7.4245,24.88,58.17,4.1828,28.0,2.0,30.0,1,0.4772,0.8048,1
LJ500_R144_C035,144,35,678750,9573250,1000,1000,2024,7,2024-07,67,7.4245,24.88,58.17,4.1828,28.0,2.0,30.0,1,0.3651,0.6808,1
LJ500_R144_C036,144,36,679250,9573250,1500,1000,2024,7,2024-07,67,7.4245,24.88,58.17,4.1828,28.0,2.0,30.0,1,0.3461,0.6597,1
LJ500_R144_C037,144,37,679750,9573250,2000,1000,2024,7,2024-07,67,7.4245,24.88,58.17,4.1828,28.0,2.0,30.0,1,0.3051,0.5969,1
LJ500_R144_C038,144,38,680250,9573250,2500,1000,2024,7,2024-07,67,7.4245,24.88,58.17,4.1828,28.0,2.0,30.0,1,0.3313,0.6354,1
LJ500_R144_C039,144,39,680750,9573250,3000,1000,2024,7,2024-07,67,7.4245,24.88,58.17,4.1828,28.0,2.0,30.0,1,0.4754,0.8468,1
LJ500_R144_C040,144,40,681250,9573250,3500,1000,2024,7,2024-07,67,7.4245,24.88,58.17,4.1828,28.0,2.0,30.0,1,0.4905,0.9777,1
LJ500_R144_C041,144,41,681750,9573250,4000,1000,2024,7,2024-07,67,7.4245,24.88,58.17,4.1828,28.0,2.0,30.0,1,0.5259,1.2798,1
LJ500_R144_C042,144,42,682250,9573250,4500,1000,2024,7,2024-07,67,7.4245,24.88,58.17,4.1828,28.0,2.0,30.0,1,0.514,1.2727,1
LJ500_R145_C033,145,33,677750,9573750,0,1500,2024,7,2024-07,67,5.9814,24.14,58.44,3.0709,28.65,1.3485,30.0,1,0.4821,0.8201,1
LJ500_R145_C034,145,34,678250,9573750,500,1500,2024,7,2024-07,67,7.4245,24.88,58.17,4.1828,28.0,2.0,30.0,1,0.451,0.77,1
LJ500_R145_C035,145,35,678750,9573750,1000,1500,2024,7,2024-07,67,7.4245,24.88,58.17,4.1828,28.0,2.0,30.0,1,0.3969,0.6761,1
LJ500_R145_C036,145,36,679250,9573750,1500,1500,2024,7,2024-07,67,7.4245,24.88,58.17,4.1828,28.0,2.0,30.0,1,0.3875,0.6598,1
LJ500_R145_C037,145,37,679750,9573750,2000,1500,2024,7,2024-07,67,7.4245,24.88,58.17,4.1828,28.0,2.0,30.0,1,0.3143,0.59,1
LJ500_R145_C038,145,38,680250,9573750,2500,1500,2024,7,2024-07,67,7.4245,24.88,58.17,4.1828,28.0,2.0,30.0,1,0.3295,0.6112,1
LJ500_R145_C039,145,39,680750,9573750,3000,1500,2024,7,2024-07,67,7.4245,24.88,58.17,4.1828,28.0,2.0,30.0,1,0.414,0.73,1
LJ500_R145_C040,145,40,681250,9573750,3500,1500,2024,7,2024-07,67,7.4245,24.88,58.17,4.1828,28.0,2.0,30.0,1,0.4495,0.8562,1
LJ500_R145_C041,145,41,681750,9573750,4000,1500,2024,7,2024-07,67,7.4245,24.88,58.17,4.1828,28.0,2.0,30.0,1,0.532,1.15,1
LJ500_R145_C042,145,42,682250,9573750,4500,1500,2024,7,2024-07,67,7.4245,24.88,58.17,4.1828,28.0,2.0,30.0,1,0.5184,1.177,1
LJ500_R146_C033,146,33,677750,9574250,0,2000,2024,7,2024-07,67,6.9115,27.49,63.89,3.585,28.66,1.3448,30.0,1,0.5302,0.9179,1
LJ500_R146_C034,146,34,678250,9574250,500,2000,2024,7,2024-07,67,8.8858,29.53,65.23,4.9761,28.0,2.0,30.0,1,0.5113,0.8897,1
LJ500_R146_C035,146,35,678750,9574250,1000,2000,2024,7,2024-07,67,8.8922,29.55,65.26,4.9796,28.0,2.0,30.0,1,0.4403,0.7571,1
LJ500_R146_C036,146,36,679250,9574250,1500,2000,2024,7,2024-07,67,8.8987,29.57,65.29,4.9831,28.0,2.0,30.0,1,0.428,0.7342,1
LJ500_R146_C037,146,37,679750,9574250,2000,2000,2024,7,2024-07,67,8.9051,29.6,65.32,4.9866,28.0,2.0,30.0,1,0.353,0.6413,1
LJ500_R146_C038,146,38,680250,9574250,2500,2000,2024,7,2024-07,67,8.9116,29.62,65.35,4.9901,28.0,2.0,30.0,1,0.3559,0.6436,1
LJ500_R146_C039,146,39,680750,9574250,3000,2000,2024,7,2024-07,67,8.918,29.64,65.38,4.9936,28.0,2.0,30.0,1,0.3708,0.6548,1
LJ500_R146_C040,146,40,681250,9574250,3500,2000,2024,7,2024-07,67,8.9245,29.66,65.41,4.9971,28.0,2.0,30.0,1,0.4156,0.7828,1
LJ500_R146_C041,146,41,681750,9574250,4000,2000,2024,7,2024-07,67,8.9311,29.68,65.45,5.0007,28.0,2.0,30.0,1,0.5211,1.0837,1
LJ500_R146_C042,146,42,682250,9574250,4500,2000,2024,7,2024-07,67,8.9376,29.7,65.48,5.0042,28.0,2.0,30.0,1,0.512,1.1571,1
LJ500_R147_C033,147,33,677750,9574750,0,2500,2024,7,2024-07,67,8.1521,31.96,71.16,4.2715,28.66,1.341,30.0,1,0.5868,1.033,1
LJ500_R147_C034,147,34,678250,9574750,500,2500,2024,7,2024-07,67,10.83,35.71,74.59,6.0294,28.0,2.0,30.0,1,0.582,1.03,1
LJ500_R147_C035,147,35,678750,9574750,1000,2500,2024,7,2024-07,67,10.83,35.71,74.59,6.0294,28.0,2.0,30.0,1,0.4907,0.8514,1
LJ500_R147_C036,147,36,679250,9574750,1500,2500,2024,7,2024-07,67,10.83,35.71,74.59,6.0294,28.0,2.0,30.0,1,0.4747,0.82,1
LJ500_R147_C037,147,37,679750,9574750,2000,2500,2024,7,2024-07,67,10.83,35.71,74.59,6.0294,28.0,2.0,30.0,1,0.3974,0.7001,1
LJ500_R147_C038,147,38,680250,9574750,2500,2500,2024,7,2024-07,67,10.83,35.71,74.59,6.0294,28.0,2.0,30.0,1,0.3862,0.6808,1
LJ500_R147_C039,147,39,680750,9574750,3000,2500,2024,7,2024-07,67,10.83,35.71,74.59,6.0294,28.0,2.0,30.0,1,0.322,0.57,1
LJ500_R147_C040,147,40,681250,9574750,3500,2500,2024,7,2024-07,67,10.83,35.71,74.59,6.0294,28.0,2.0,30.0,1,0.3775,0.7006,1
LJ500_R147_C041,147,41,681750,9574750,4000,2500,2024,7,2024-07,67,10.83,35.71,74.59,6.0294,28.0,2.0,30.0,1,0.509,1.01,1
LJ500_R147_C042,147,42,682250,9574750,4500,2500,2024,7,2024-07,67,10.83,35.71,74.59,6.0294,28.0,2.0,30.0,1,0.505,1.1348,1
LJ500_R148_C033,148,33,677750,9575250,0,3000,2024,7,2024-07,67,8.1369,31.94,71.14,4.2615,28.66,1.3373,30.0,1,0.5723,1.0237,1
LJ500_R148_C034,148,34,678250,9575250,500,3000,2024,7,2024-07,67,10.83,35.71,74.59,6.0294,28.0,2.0,30.0,1,0.5878,1.067,1
LJ500_R148_C035,148,35,678750,9575250,1000,3000,2024,7,2024-07,67,10.83,35.71,74.59,6.0294,28.0,2.0,30.0,1,0.5062,0.8837,1
LJ500_R148_C036,148,36,679250,9575250,1500,3000,2024,7,2024-07,67,10.83,35.71,74.59,6.0294,28.0,2.0,30.0,1,0.4916,0.8511,1
LJ500_R148_C037,148,37,679750,9575250,2000,3000,2024,7,2024-07,67,10.83,35.71,74.59,6.0294,28.0,2.0,30.0,1,0.432,0.7563,1
LJ500_R148_C038,148,38,680250,9575250,2500,3000,2024,7,2024-07,67,10.83,35.71,74.59,6.0294,28.0,2.0,30.0,1,0.418,0.7336,1
LJ500_R148_C039,148,39,680750,9575250,3000,3000,2024,7,2024-07,67,10.83,35.71,74.59,6.0294,28.0,2.0,30.0,1,0.3368,0.6013,1
LJ500_R148_C040,148,40,681250,9575250,3500,3000,2024,7,2024-07,67,10.83,35.71,74.59,6.0294,28.0,2.0,30.0,1,0.3638,0.6607,1
LJ500_R148_C041,148,41,681750,9575250,4000,3000,2024,7,2024-07,67,10.83,35.71,74.59,6.0294,28.0,2.0,30.0,1,0.4281,0.8019,1
LJ500_R148_C042,148,42,682250,9575250,4500,3000,2024,7,2024-07,67,10.83,35.71,74.59,6.0294,28.0,2.0,30.0,1,0.4492,0.9086,1
LJ500_R149_C033,149,33,677750,9575750,0,3500,2024,7,2024-07,67,8.1217,31.91,71.12,4.2515,28.67,1.3336,30.0,1,0.5631,1.0175,1
LJ500_R149_C034,149,34,678250,9575750,500,3500,2024,7,2024-07,67,10.83,35.71,74.59,6.0294,28.0,2.0,30.0,1,0.5913,1.09,1
LJ500_R149_C035,149,35,678750,9575750,1000,3500,2024,7,2024-07,67,10.83,35.71,74.59,6.0294,28.0,2.0,30.0,1,0.5157,0.9038,1
LJ500_R149_C036,149,36,679250,9575750,1500,3500,2024,7,2024-07,67,10.83,35.71,74.59,6.0294,28.0,2.0,30.0,1,0.502,0.87,1
LJ500_R149_C037,149,37,679750,9575750,2000,3500,2024,7,2024-07,67,10.83,35.71,74.59,6.0294,28.0,2.0,30.0,1,0.4529,0.7904,1
LJ500_R149_C038,149,38,680250,9575750,2500,3500,2024,7,2024-07,67,10.83,35.71,74.59,6.0294,28.0,2.0,30.0,1,0.4372,0.7655,1
LJ500_R149_C039,149,39,680750,9575750,3000,3500,2024,7,2024-07,67,10.83,35.71,74.59,6.0294,28.0,2.0,30.0,1,0.3457,0.62,1
LJ500_R149_C040,149,40,681250,9575750,3500,3500,2024,7,2024-07,67,10.83,35.71,74.59,6.0294,28.0,2.0,30.0,1,0.3559,0.6376,1
LJ500_R149_C041,149,41,681750,9575750,4000,3500,2024,7,2024-07,67,10.83,35.71,74.59,6.0294,28.0,2.0,30.0,1,0.3807,0.68,1
LJ500_R149_C042,149,42,682250,9575750,4500,3500,2024,7,2024-07,67,10.83,35.71,74.59,6.0294,28.0,2.0,30.0,1,0.4166,0.7772,1
LJ500_R150_C033,150,33,677750,9576250,0,4000,2024,7,2024-07,67,8.1066,31.89,71.1,4.2416,28.67,1.3298,30.0,1,0.5789,1.1171,1
LJ500_R150_C034,150,34,678250,9576250,500,4000,2024,7,2024-07,67,10.83,35.71,74.59,6.0294,28.0,2.0,30.0,1,0.6035,1.2139,1
LJ500_R150_C035,150,35,678750,9576250,1000,4000,2024,7,2024-07,67,10.83,35.71,74.59,6.0294,28.0,2.0,30.0,1,0.5324,0.9628,1
LJ500_R150_C036,150,36,679250,9576250,1500,4000,2024,7,2024-07,67,10.83,35.71,74.59,6.0294,28.0,2.0,30.0,1,0.5194,0.9167,1
LJ500_R150_C037,150,37,679750,9576250,2000,4000,2024,7,2024-07,67,10.83,35.71,74.59,6.0294,28.0,2.0,30.0,1,0.5334,1.0465,1
LJ500_R150_C038,150,38,680250,9576250,2500,4000,2024,7,2024-07,67,10.83,35.71,74.59,6.0294,28.0,2.0,30.0,1,0.5249,1.025,1
LJ500_R150_C039,150,39,680750,9576250,3000,4000,2024,7,2024-07,67,10.83,35.71,74.59,6.0294,28.0,2.0,30.0,1,0.4719,0.8865,1
LJ500_R150_C040,150,40,681250,9576250,3500,4000,2024,7,2024-07,67,10.83,35.71,74.59,6.0294,28.0,2.0,30.0,1,0.4445,0.8269,1
LJ500_R150_C041,150,41,681750,9576250,4000,4000,2024,7,2024-07,67,10.83,35.71,74.59,6.0294,28.0,2.0,30.0,1,0.377,0.68,1
LJ500_R150_C042,150,42,682250,9576250,4500,4000,2024,7,2024-07,67,10.83,35.71,74.59,6.0294,28.0,2.0,30.0,1,0.4011,0.7351,1
LJ500_R151_C033,151,33,677750,9576750,0,4500,2024,7,2024-07,67,8.0914,31.87,71.09,4.2316,28.67,1.3261,30.0,1,0.5834,1.146,1
LJ500_R151_C034,151,34,678250,9576750,500,4500,2024,7,2024-07,67,10.83,35.71,74.59,6.0294,28.0,2.0,30.0,1,0.607,1.25,1
LJ500_R151_C035,151,35,678750,9576750,1000,4500,2024,7,2024-07,67,10.83,35.71,74.59,6.0294,28.0,2.0,30.0,1,0.5373,0.9803,1
LJ500_R151_C036,151,36,679250,9576750,1500,4500,2024,7,2024-07,67,10.83,35.71,74.59,6.0294,28.0,2.0,30.0,1,0.5243,0.93,1
LJ500_R151_C037,151,37,679750,9576750,2000,4500,2024,7,2024-07,67,10.83,35.71,74.59,6.0294,28.0,2.0,30.0,1,0.5561,1.1184,1
LJ500_R151_C038,151,38,680250,9576750,2500,4500,2024,7,2024-07,67,10.83,35.71,74.59,6.0294,28.0,2.0,30.0,1,0.5494,1.0975,1
LJ500_R151_C039,151,39,680750,9576750,3000,4500,2024,7,2024-07,67,10.83,35.71,74.59,6.0294,28.0,2.0,30.0,1,0.5067,0.96,1
LJ500_R151_C040,151,40,681250,9576750,3500,4500,2024,7,2024-07,67,10.83,35.71,74.59,6.0294,28.0,2.0,30.0,1,0.4689,0.879,1
LJ500_R151_C041,151,41,681750,9576750,4000,4500,2024,7,2024-07,67,10.83,35.71,74.59,6.0294,28.0,2.0,30.0,1,0.376,0.68,1
LJ500_R151_C042,151,42,682250,9576750,4500,4500,2024,7,2024-07,67,10.83,35.71,74.59,6.0294,28.0,2.0,30.0,1,0.3969,0.7238,1
LJ500_R142_C033,142,33,677750,9572250,0,0,2024,8,2024-08,68,0.3036,6.31,24.46,0.3036,31.0,0.0,31.0,1,0.6228,1.0464,1
LJ500_R142_C034,142,34,678250,9572250,500,0,2024,8,2024-08,68,0.4465,7.871,25.33,0.4465,31.0,0.0,31.0,1,0.6112,1.0327,1
LJ500_R142_C035,142,35,678750,9572250,1000,0,2024,8,2024-08,68,0.4465,7.871,25.33,0.4465,31.0,0.0,31.0,1,0.5195,0.9157,1
LJ500_R142_C036,142,36,679250,9572250,1500,0,2024,8,2024-08,68,0.4465,7.871,25.33,0.4465,31.0,0.0,31.0,1,0.5035,0.8952,1
LJ500_R142_C037,142,37,679750,9572250,2000,0,2024,8,2024-08,68,0.4465,7.871,25.33,0.4465,31.0,0.0,31.0,1,0.3954,0.7485,1
LJ500_R142_C038,142,38,680250,9572250,2500,0,2024,8,2024-08,68,0.4465,7.871,25.33,0.4465,31.0,0.0,31.0,1,0.4104,0.7752,1
LJ500_R142_C039,142,39,680750,9572250,3000,0,2024,8,2024-08,68,0.4465,7.871,25.33,0.4465,31.0,0.0,31.0,1,0.4905,0.9184,1
LJ500_R142_C040,142,40,681250,9572250,3500,0,2024,8,2024-08,68,0.4465,7.871,25.33,0.4465,31.0,0.0,31.0,1,0.4552,0.9623,1
LJ500_R142_C041,142,41,681750,9572250,4000,0,2024,8,2024-08,68,0.4465,7.871,25.33,0.4465,31.0,0.0,31.0,1,0.3752,1.0616,1
LJ500_R142_C042,142,42,682250,9572250,4500,0,2024,8,2024-08,68,0.4465,7.871,25.33,0.4465,31.0,0.0,31.0,1,0.3703,1.0621,1
LJ500_R143_C033,143,33,677750,9572750,0,500,2024,8,2024-08,68,0.3028,6.3008,24.46,0.3028,31.0,0.0,31.0,1,0.5938,1.0162,1
LJ500_R143_C034,143,34,678250,9572750,500,500,2024,8,2024-08,68,0.4465,7.871,25.33,0.4465,31.0,0.0,31.0,1,0.5732,0.99,1
LJ500_R143_C035,143,35,678750,9572750,1000,500,2024,8,2024-08,68,0.4465,7.871,25.33,0.4465,31.0,0.0,31.0,1,0.4667,0.8442,1
LJ500_R143_C036,143,36,679250,9572750,1500,500,2024,8,2024-08,68,0.4465,7.871,25.33,0.4465,31.0,0.0,31.0,1,0.4487,0.8195,1
LJ500_R143_C037,143,37,679750,9572750,2000,500,2024,8,2024-08,68,0.4465,7.871,25.33,0.4465,31.0,0.0,31.0,1,0.4019,0.74,1
LJ500_R143_C038,143,38,680250,9572750,2500,500,2024,8,2024-08,68,0.4465,7.871,25.33,0.4465,31.0,0.0,31.0,1,0.4143,0.7664,1
LJ500_R143_C039,143,39,680750,9572750,3000,500,2024,8,2024-08,68,0.4465,7.871,25.33,0.4465,31.0,0.0,31.0,1,0.4813,0.91,1
LJ500_R143_C040,143,40,681250,9572750,3500,500,2024,8,2024-08,68,0.4465,7.871,25.33,0.4465,31.0,0.0,31.0,1,0.4474,0.9587,1
LJ500_R143_C041,143,41,681750,9572750,4000,500,2024,8,2024-08,68,0.4465,7.871,25.33,0.4465,31.0,0.0,31.0,1,0.37,1.07,1
LJ500_R143_C042,143,42,682250,9572750,4500,500,2024,8,2024-08,68,0.4465,7.871,25.33,0.4465,31.0,0.0,31.0,1,0.4137,1.1199,1
LJ500_R144_C033,144,33,677750,9573250,0,1000,2024,8,2024-08,68,0.3019,6.2916,24.45,0.3019,31.0,0.0,31.0,1,0.5849,1.0013,1
LJ500_R144_C034,144,34,678250,9573250,500,1000,2024,8,2024-08,68,0.4465,7.871,25.33,0.4465,31.0,0.0,31.0,1,0.563,0.9748,1
LJ500_R144_C035,144,35,678750,9573250,1000,1000,2024,8,2024-08,68,0.4465,7.871,25.33,0.4465,31.0,0.0,31.0,1,0.4722,0.8475,1
LJ500_R144_C036,144,36,679250,9573250,1500,1000,2024,8,2024-08,68,0.4465,7.871,25.33,0.4465,31.0,0.0,31.0,1,0.4567,0.8257,1
LJ500_R144_C037,144,37,679750,9573250,2000,1000,2024,8,2024-08,68,0.4465,7.871,25.33,0.4465,31.0,0.0,31.0,1,0.4024,0.7338,1
LJ500_R144_C038,144,38,680250,9573250,2500,1000,2024,8,2024-08,68,0.4465,7.871,25.33,0.4465,31.0,0.0,31.0,1,0.4128,0.7542,1
LJ500_R144_C039,144,39,680750,9573250,3000,1000,2024,8,2024-08,68,0.4465,7.871,25.33,0.4465,31.0,0.0,31.0,1,0.4698,0.8662,1
LJ500_R144_C040,144,40,681250,9573250,3500,1000,2024,8,2024-08,68,0.4465,7.871,25.33,0.4465,31.0,0.0,31.0,1,0.4388,0.9248,1
LJ500_R144_C041,144,41,681750,9573250,4000,1000,2024,8,2024-08,68,0.4465,7.871,25.33,0.4465,31.0,0.0,31.0,1,0.3674,1.0605,1
LJ500_R144_C042,144,42,682250,9573250,4500,1000,2024,8,2024-08,68,0.4465,7.871,25.33,0.4465,31.0,0.0,31.0,1,0.4317,1.1719,1
LJ500_R145_C033,145,33,677750,9573750,0,1500,2024,8,2024-08,68,0.3011,6.2824,24.45,0.3011,31.0,0.0,31.0,1,0.5642,0.9665,1
LJ500_R145_C034,145,34,678250,9573750,500,1500,2024,8,2024-08,68,0.4465,7.871,25.33,0.4465,31.0,0.0,31.0,1,0.5394,0.94,1
LJ500_R145_C035,145,35,678750,9573750,1000,1500,2024,8,2024-08,68,0.4465,7.871,25.33,0.4465,31.0,0.0,31.0,1,0.4843,0.8546,1
LJ500_R145_C036,145,36,679250,9573750,1500,1500,2024,8,2024-08,68,0.4465,7.871,25.33,0.4465,31.0,0.0,31.0,1,0.4746,0.8396,1
LJ500_R145_C037,145,37,679750,9573750,2000,1500,2024,8,2024-08,68,0.4465,7.871,25.33,0.4465,31.0,0.0,31.0,1,0.4035,0.72,1
LJ500_R145_C038,145,38,680250,9573750,2500,1500,2024,8,2024-08,68,0.4465,7.871,25.33,0.4465,31.0,0.0,31.0,1,0.4098,0.7276,1
LJ500_R145_C039,145,39,680750,9573750,3000,1500,2024,8,2024-08,68,0.4465,7.871,25.33,0.4465,31.0,0.0,31.0,1,0.4445,0.77,1
LJ500_R145_C040,145,40,681250,9573750,3500,1500,2024,8,2024-08,68,0.4465,7.871,25.33,0.4465,31.0,0.0,31.0,1,0.4197,0.8512,1
LJ500_R145_C041,145,41,681750,9573750,4000,1500,2024,8,2024-08,68,0.4465,7.871,25.33,0.4465,31.0,0.0,31.0,1,0.3619,1.04,1
LJ500_R145_C042,145,42,682250,9573750,4500,1500,2024,8,2024-08,68,0.4465,7.871,25.33,0.4465,31.0,0.0,31.0,1,0.4699,1.2827,1
LJ500_R146_C033,146,33,677750,9574250,0,2000,2024,8,2024-08,68,0.1718,7.0833,27.66,0.1718,31.0,0.0,31.0,1,0.575,0.9971,1
LJ500_R146_C034,146,34,678250,9574250,500,2000,2024,8,2024-08,68,0.2547,9.1405,29.79,0.2547,31.0,0.0,31.0,1,0.5557,0.9814,1
LJ500_R146_C035,146,35,678750,9574250,1000,2000,2024,8,2024-08,68,0.2539,9.1461,29.81,0.2539,31.0,0.0,31.0,1,0.5043,0.8767,1
LJ500_R146_C036,146,36,679250,9574250,1500,2000,2024,8,2024-08,68,0.253,9.1517,29.83,0.253,31.0,0.0,31.0,1,0.4954,0.8584,1
LJ500_R146_C037,146,37,679750,9574250,2000,2000,2024,8,2024-08,68,0.2522,9.1573,29.85,0.2522,31.0,0.0,31.0,1,0.4235,0.7433,1
LJ500_R146_C038,146,38,680250,9574250,2500,2000,2024,8,2024-08,68,0.2513,9.1629,29.87,0.2513,31.0,0.0,31.0,1,0.4217,0.739,1
LJ500_R146_C039,146,39,680750,9574250,3000,2000,2024,8,2024-08,68,0.2505,9.1685,29.89,0.2505,31.0,0.0,31.0,1,0.4109,0.7136,1
LJ500_R146_C040,146,40,681250,9574250,3500,2000,2024,8,2024-08,68,0.2496,9.1742,29.91,0.2496,31.0,0.0,31.0,1,0.4003,0.7997,1
LJ500_R146_C041,146,41,681750,9574250,4000,2000,2024,8,2024-08,68,0.2488,9.1798,29.93,0.2488,31.0,0.0,31.0,1,0.376,1.0021,1
LJ500_R146_C042,146,42,682250,9574250,4500,2000,2024,8,2024-08,68,0.2479,9.1855,29.95,0.2479,31.0,0.0,31.0,1,0.4585,1.2032,1
LJ500_R147_C033,147,33,677750,9574750,0,2500,2024,8,2024-08,68,0.0,8.1521,31.96,0.0,31.0,0.0,31.0,1,0.5877,1.033,1
LJ500_R147_C034,147,34,678250,9574750,500,2500,2024,8,2024-08,68,0.0,10.83,35.71,0.0,31.0,0.0,31.0,1,0.5748,1.03,1
LJ500_R147_C035,147,35,678750,9574750,1000,2500,2024,8,2024-08,68,0.0,10.83,35.71,0.0,31.0,0.0,31.0,1,0.5277,0.9025,1
LJ500_R147_C036,147,36,679250,9574750,1500,2500,2024,8,2024-08,68,0.0,10.83,35.71,0.0,31.0,0.0,31.0,1,0.5194,0.88,1
LJ500_R147_C037,147,37,679750,9574750,2000,2500,2024,8,2024-08,68,0.0,10.83,35.71,0.0,31.0,0.0,31.0,1,0.4465,0.7701,1
LJ500_R147_C038,147,38,680250,9574750,2500,2500,2024,8,2024-08,68,0.0,10.83,35.71,0.0,31.0,0.0,31.0,1,0.4356,0.7522,1
LJ500_R147_C039,147,39,680750,9574750,3000,2500,2024,8,2024-08,68,0.0,10.83,35.71,0.0,31.0,0.0,31.0,1,0.3729,0.65,1
LJ500_R147_C040,147,40,681250,9574750,3500,2500,2024,8,2024-08,68,0.0,10.83,35.71,0.0,31.0,0.0,31.0,1,0.3785,0.742,1
LJ500_R147_C041,147,41,681750,9574750,4000,2500,2024,8,2024-08,68,0.0,10.83,35.71,0.0,31.0,0.0,31.0,1,0.3916,0.96,1
LJ500_R147_C042,147,42,682250,9574750,4500,2500,2024,8,2024-08,68,0.0,10.83,35.71,0.0,31.0,0.0,31.0,1,0.4462,1.1159,1
LJ500_R148_C033,148,33,677750,9575250,0,3000,2024,8,2024-08,68,0.0,8.1369,31.94,0.0,31.0,0.0,31.0,1,0.569,1.0348,1
LJ500_R148_C034,148,34,678250,9575250,500,3000,2024,8,2024-08,68,0.0,10.83,35.71,0.0,31.0,0.0,31.0,1,0.5597,1.0485,1
LJ500_R148_C035,148,35,678750,9575250,1000,3000,2024,8,2024-08,68,0.0,10.83,35.71,0.0,31.0,0.0,31.0,1,0.5268,0.9056,1
LJ500_R148_C036,148,36,679250,9575250,1500,3000,2024,8,2024-08,68,0.0,10.83,35.71,0.0,31.0,0.0,31.0,1,0.521,0.88,1
LJ500_R148_C037,148,37,679750,9575250,2000,3000,2024,8,2024-08,68,0.0,10.83,35.71,0.0,31.0,0.0,31.0,1,0.4631,0.7951,1
LJ500_R148_C038,148,38,680250,9575250,2500,3000,2024,8,2024-08,68,0.0,10.83,35.71,0.0,31.0,0.0,31.0,1,0.4504,0.7747,1
LJ500_R148_C039,148,39,680750,9575250,3000,3000,2024,8,2024-08,68,0.0,10.83,35.71,0.0,31.0,0.0,31.0,1,0.3771,0.6563,1
LJ500_R148_C040,148,40,681250,9575250,3500,3000,2024,8,2024-08,68,0.0,10.83,35.71,0.0,31.0,0.0,31.0,1,0.3801,0.6995,1
LJ500_R148_C041,148,41,681750,9575250,4000,3000,2024,8,2024-08,68,0.0,10.83,35.71,0.0,31.0,0.0,31.0,1,0.3871,0.8023,1
LJ500_R148_C042,148,42,682250,9575250,4500,3000,2024,8,2024-08,68,0.0,10.83,35.71,0.0,31.0,0.0,31.0,1,0.402,0.9038,1
LJ500_R149_C033,149,33,677750,9575750,0,3500,2024,8,2024-08,68,0.0,8.1217,31.91,0.0,31.0,0.0,31.0,1,0.5572,1.0358,1
LJ500_R149_C034,149,34,678250,9575750,500,3500,2024,8,2024-08,68,0.0,10.83,35.71,0.0,31.0,0.0,31.0,1,0.5503,1.06,1
LJ500_R149_C035,149,35,678750,9575750,1000,3500,2024,8,2024-08,68,0.0,10.83,35.71,0.0,31.0,0.0,31.0,1,0.5263,0.9076,1
LJ500_R149_C036,149,36,679250,9575750,1500,3500,2024,8,2024-08,68,0.0,10.83,35.71,0.0,31.0,0.0,31.0,1,0.5219,0.88,1
LJ500_R149_C037,149,37,679750,9575750,2000,3500,2024,8,2024-08,68,0.0,10.83,35.71,0.0,31.0,0.0,31.0,1,0.4731,0.8103,1
LJ500_R149_C038,149,38,680250,9575750,2500,3500,2024,8,2024-08,68,0.0,10.83,35.71,0.0,31.0,0.0,31.0,1,0.4595,0.7884,1
LJ500_R149_C039,149,39,680750,9575750,3000,3500,2024,8,2024-08,68,0.0,10.83,35.71,0.0,31.0,0.0,31.0,1,0.3797,0.66,1
LJ500_R149_C040,149,40,681250,9575750,3500,3500,2024,8,2024-08,68,0.0,10.83,35.71,0.0,31.0,0.0,31.0,1,0.3811,0.6746,1
LJ500_R149_C041,149,41,681750,9575750,4000,3500,2024,8,2024-08,68,0.0,10.83,35.71,0.0,31.0,0.0,31.0,1,0.3845,0.71,1
LJ500_R149_C042,149,42,682250,9575750,4500,3500,2024,8,2024-08,68,0.0,10.83,35.71,0.0,31.0,0.0,31.0,1,0.3765,0.7807,1
LJ500_R150_C033,150,33,677750,9576250,0,4000,2024,8,2024-08,68,0.0,8.1066,31.89,0.0,31.0,0.0,31.0,1,0.5142,1.0686,1
LJ500_R150_C034,150,34,678250,9576250,500,4000,2024,8,2024-08,68,0.0,10.83,35.71,0.0,31.0,0.0,31.0,1,0.4859,1.1142,1
LJ500_R150_C035,150,35,678750,9576250,1000,4000,2024,8,2024-08,68,0.0,10.83,35.71,0.0,31.0,0.0,31.0,1,0.5133,0.9492,1
LJ500_R150_C036,150,36,679250,9576250,1500,4000,2024,8,2024-08,68,0.0,10.83,35.71,0.0,31.0,0.0,31.0,1,0.5184,0.9189,1
LJ500_R150_C037,150,37,679750,9576250,2000,4000,2024,8,2024-08,68,0.0,10.83,35.71,0.0,31.0,0.0,31.0,1,0.4387,0.9889,1
LJ500_R150_C038,150,38,680250,9576250,2500,4000,2024,8,2024-08,68,0.0,10.83,35.71,0.0,31.0,0.0,31.0,1,0.4354,0.973,1
LJ500_R150_C039,150,39,680750,9576250,3000,4000,2024,8,2024-08,68,0.0,10.83,35.71,0.0,31.0,0.0,31.0,1,0.4191,0.8716,1
LJ500_R150_C040,150,40,681250,9576250,3500,4000,2024,8,2024-08,68,0.0,10.83,35.71,0.0,31.0,0.0,31.0,1,0.4067,0.8227,1
LJ500_R150_C041,150,41,681750,9576250,4000,4000,2024,8,2024-08,68,0.0,10.83,35.71,0.0,31.0,0.0,31.0,1,0.3761,0.7021,1
LJ500_R150_C042,150,42,682250,9576250,4500,4000,2024,8,2024-08,68,0.0,10.83,35.71,0.0,31.0,0.0,31.0,1,0.3731,0.7482,1
LJ500_R151_C033,151,33,677750,9576750,0,4500,2024,8,2024-08,68,0.0,8.0914,31.87,0.0,31.0,0.0,31.0,1,0.5017,1.078,1
LJ500_R151_C034,151,34,678250,9576750,500,4500,2024,8,2024-08,68,0.0,10.83,35.71,0.0,31.0,0.0,31.0,1,0.4671,1.13,1
LJ500_R151_C035,151,35,678750,9576750,1000,4500,2024,8,2024-08,68,0.0,10.83,35.71,0.0,31.0,0.0,31.0,1,0.5095,0.9614,1
LJ500_R151_C036,151,36,679250,9576750,1500,4500,2024,8,2024-08,68,0.0,10.83,35.71,0.0,31.0,0.0,31.0,1,0.5174,0.93,1
LJ500_R151_C037,151,37,679750,9576750,2000,4500,2024,8,2024-08,68,0.0,10.83,35.71,0.0,31.0,0.0,31.0,1,0.4291,1.0391,1
LJ500_R151_C038,151,38,680250,9576750,2500,4500,2024,8,2024-08,68,0.0,10.83,35.71,0.0,31.0,0.0,31.0,1,0.4286,1.0246,1
LJ500_R151_C039,151,39,680750,9576750,3000,4500,2024,8,2024-08,68,0.0,10.83,35.71,0.0,31.0,0.0,31.0,1,0.43,0.93,1
LJ500_R151_C040,151,40,681250,9576750,3500,4500,2024,8,2024-08,68,0.0,10.83,35.71,0.0,31.0,0.0,31.0,1,0.4138,0.8635,1
LJ500_R151_C041,151,41,681750,9576750,4000,4500,2024,8,2024-08,68,0.0,10.83,35.71,0.0,31.0,0.0,31.0,1,0.3739,0.7,1
LJ500_R151_C042,151,42,682250,9576750,4500,4500,2024,8,2024-08,68,0.0,10.83,35.71,0.0,31.0,0.0,31.0,1,0.3722,0.7394,1
LJ500_R142_C033,142,33,677750,9572250,0,0,2024,9,2024-09,69,5.2963,5.5999,11.61,2.4066,29.32,1.6799,31.0,1,0.6015,0.9181,1
LJ500_R142_C034,142,34,678250,9572250,500,0,2024,9,2024-09,69,6.4199,6.8664,14.29,2.8927,29.0,2.0,31.0,1,0.6018,0.9056,1
LJ500_R142_C035,142,35,678750,9572250,1000,0,2024,9,2024-09,69,6.4199,6.8664,14.29,2.8927,29.0,2.0,31.0,1,0.4442,0.8033,1
LJ500_R142_C036,142,36,679250,9572250,1500,0,2024,9,2024-09,69,6.4199,6.8664,14.29,2.8927,29.0,2.0,31.0,1,0.4172,0.7854,1
LJ500_R142_C037,142,37,679750,9572250,2000,0,2024,9,2024-09,69,6.4199,6.8664,14.29,2.8927,29.0,2.0,31.0,1,0.2849,0.6615,1
LJ500_R142_C038,142,38,680250,9572250,2500,0,2024,9,2024-09,69,6.4199,6.8664,14.29,2.8927,29.0,2.0,31.0,1,0.3253,0.6912,1
LJ500_R142_C039,142,39,680750,9572250,3000,0,2024,9,2024-09,69,6.4199,6.8664,14.29,2.8927,29.0,2.0,31.0,1,0.5407,0.85,1
LJ500_R142_C040,142,40,681250,9572250,3500,0,2024,9,2024-09,69,6.4199,6.8664,14.29,2.8927,29.0,2.0,31.0,1,0.5516,0.9189,1
LJ500_R142_C041,142,41,681750,9572250,4000,0,2024,9,2024-09,69,6.4199,6.8664,14.29,2.8927,29.0,2.0,31.0,1,0.5762,1.0751,1
LJ500_R142_C042,142,42,682250,9572250,4500,0,2024,9,2024-09,69,6.4199,6.8664,14.29,2.8927,29.0,2.0,31.0,1,0.5688,1.0815,1
LJ500_R143_C033,143,33,677750,9572750,0,500,2024,9,2024-09,69,5.2897,5.5925,11.59,2.4037,29.32,1.678,31.0,1,0.5504,0.8975,1
LJ500_R143_C034,143,34,678250,9572750,500,500,2024,9,2024-09,69,6.4199,6.8664,14.29,2.8927,29.0,2.0,31.0,1,0.511,0.88,1
LJ500_R143_C035,143,35,678750,9572750,1000,500,2024,9,2024-09,69,6.4199,6.8664,14.29,2.8927,29.0,2.0,31.0,1,0.3577,0.7342,1
LJ500_R143_C036,143,36,679250,9572750,1500,500,2024,9,2024-09,69,6.4199,6.8664,14.29,2.8927,29.0,2.0,31.0,1,0.3321,0.7097,1
LJ500_R143_C037,143,37,679750,9572750,2000,500,2024,9,2024-09,69,6.4199,6.8664,14.29,2.8927,29.0,2.0,31.0,1,0.3071,0.67,1
LJ500_R143_C038,143,38,680250,9572750,2500,500,2024,9,2024-09,69,6.4199,6.8664,14.29,2.8927,29.0,2.0,31.0,1,0.3435,0.698,1
LJ500_R143_C039,143,39,680750,9572750,3000,500,2024,9,2024-09,69,6.4199,6.8664,14.29,2.8927,29.0,2.0,31.0,1,0.541,0.85,1
LJ500_R143_C040,143,40,681250,9572750,3500,500,2024,9,2024-09,69,6.4199,6.8664,14.29,2.8927,29.0,2.0,31.0,1,0.5528,0.9748,1
LJ500_R143_C041,143,41,681750,9572750,4000,500,2024,9,2024-09,69,6.4199,6.8664,14.29,2.8927,29.0,2.0,31.0,1,0.5797,1.26,1
LJ500_R143_C042,143,42,682250,9572750,4500,500,2024,9,2024-09,69,6.4199,6.8664,14.29,2.8927,29.0,2.0,31.0,1,0.577,1.2963,1
LJ500_R144_C033,144,33,677750,9573250,0,1000,2024,9,2024-09,69,5.2831,5.585,11.57,2.4009,29.32,1.6762,31.0,1,0.5365,0.889,1
LJ500_R144_C034,144,34,678250,9573250,500,1000,2024,9,2024-09,69,6.4199,6.8664,14.29,2.8927,29.0,2.0,31.0,1,0.4987,0.8679,1
LJ500_R144_C035,144,35,678750,9573250,1000,1000,2024,9,2024-09,69,6.4199,6.8664,14.29,2.8927,29.0,2.0,31.0,1,0.3746,0.7432,1
LJ500_R144_C036,144,36,679250,9573250,1500,1000,2024,9,2024-09,69,6.4199,6.8664,14.29,2.8927,29.0,2.0,31.0,1,0.3537,0.722,1
LJ500_R144_C037,144,37,679750,9573250,2000,1000,2024,9,2024-09,69,6.4199,6.8664,14.29,2.8927,29.0,2.0,31.0,1,0.3124,0.67,1
LJ500_R144_C038,144,38,680250,9573250,2500,1000,2024,9,2024-09,69,6.4199,6.8664,14.29,2.8927,29.0,2.0,31.0,1,0.3431,0.6943,1
LJ500_R144_C039,144,39,680750,9573250,3000,1000,2024,9,2024-09,69,6.4199,6.8664,14.29,2.8927,29.0,2.0,31.0,1,0.512,0.8281,1
LJ500_R144_C040,144,40,681250,9573250,3500,1000,2024,9,2024-09,69,6.4199,6.8664,14.29,2.8927,29.0,2.0,31.0,1,0.5321,0.9377,1
LJ500_R144_C041,144,41,681750,9573250,4000,1000,2024,9,2024-09,69,6.4199,6.8664,14.29,2.8927,29.0,2.0,31.0,1,0.5789,1.1903,1
LJ500_R144_C042,144,42,682250,9573250,4500,1000,2024,9,2024-09,69,6.4199,6.8664,14.29,2.8927,29.0,2.0,31.0,1,0.5812,1.2605,1
LJ500_R145_C033,145,33,677750,9573750,0,1500,2024,9,2024-09,69,5.2765,5.5776,11.56,2.398,29.33,1.6743,31.0,1,0.504,0.8695,1
LJ500_R145_C034,145,34,678250,9573750,500,1500,2024,9,2024-09,69,6.4199,6.8664,14.29,2.8927,29.0,2.0,31.0,1,0.4706,0.84,1
LJ500_R145_C035,145,35,678750,9573750,1000,1500,2024,9,2024-09,69,6.4199,6.8664,14.29,2.8927,29.0,2.0,31.0,1,0.4125,0.7631,1
LJ500_R145_C036,145,36,679250,9573750,1500,1500,2024,9,2024-09,69,6.4199,6.8664,14.29,2.8927,29.0,2.0,31.0,1,0.4024,0.7498,1
LJ500_R145_C037,145,37,679750,9573750,2000,1500,2024,9,2024-09,69,6.4199,6.8664,14.29,2.8927,29.0,2.0,31.0,1,0.3242,0.67,1
LJ500_R145_C038,145,38,680250,9573750,2500,1500,2024,9,2024-09,69,6.4199,6.8664,14.29,2.8927,29.0,2.0,31.0,1,0.343,0.6867,1
LJ500_R145_C039,145,39,680750,9573750,3000,1500,2024,9,2024-09,69,6.4199,6.8664,14.29,2.8927,29.0,2.0,31.0,1,0.4484,0.78,1
LJ500_R145_C040,145,40,681250,9573750,3500,1500,2024,9,2024-09,69,6.4199,6.8664,14.29,2.8927,29.0,2.0,31.0,1,0.4871,0.8582,1
LJ500_R145_C041,145,41,681750,9573750,4000,1500,2024,9,2024-09,69,6.4199,6.8664,14.29,2.8927,29.0,2.0,31.0,1,0.5771,1.04,1
LJ500_R145_C042,145,42,682250,9573750,4500,1500,2024,9,2024-09,69,6.4199,6.8664,14.29,2.8927,29.0,2.0,31.0,1,0.5901,1.1838,1
LJ500_R146_C033,146,33,677750,9574250,0,2000,2024,9,2024-09,69,6.0877,6.2596,13.17,2.6886,29.04,1.96,31.0,1,0.5585,0.8922,1
LJ500_R146_C034,146,34,678250,9574250,500,2000,2024,9,2024-09,69,7.5263,7.781,16.67,3.3086,28.57,2.4296,31.0,1,0.5387,0.8722,1
LJ500_R146_C035,146,35,678750,9574250,1000,2000,2024,9,2024-09,69,7.5312,7.7851,16.68,3.3104,28.57,2.4315,31.0,1,0.4639,0.8114,1
LJ500_R146_C036,146,36,679250,9574250,1500,2000,2024,9,2024-09,69,7.5361,7.7891,16.69,3.3122,28.57,2.4334,31.0,1,0.451,0.801,1
LJ500_R146_C037,146,37,679750,9574250,2000,2000,2024,9,2024-09,69,7.5409,7.7931,16.7,3.3141,28.56,2.4353,31.0,1,0.371,0.7166,1
LJ500_R146_C038,146,38,680250,9574250,2500,2000,2024,9,2024-09,69,7.5458,7.7972,16.71,3.3159,28.56,2.4372,31.0,1,0.3753,0.7172,1
LJ500_R146_C039,146,39,680750,9574250,3000,2000,2024,9,2024-09,69,7.5507,7.8012,16.72,3.3178,28.56,2.4391,31.0,1,0.3987,0.7189,1
LJ500_R146_C040,146,40,681250,9574250,3500,2000,2024,9,2024-09,69,7.5557,7.8053,16.73,3.3196,28.56,2.441,31.0,1,0.449,0.8006,1
LJ500_R146_C041,146,41,681750,9574250,4000,2000,2024,9,2024-09,69,7.5606,7.8094,16.74,3.3215,28.56,2.4429,31.0,1,0.5678,0.9926,1
LJ500_R146_C042,146,42,682250,9574250,4500,2000,2024,9,2024-09,69,7.5655,7.8135,16.75,3.3233,28.56,2.4448,31.0,1,0.5824,1.159,1
LJ500_R147_C033,147,33,677750,9574750,0,2500,2024,9,2024-09,69,7.1717,7.1717,15.32,3.0767,28.66,2.341,31.0,1,0.6225,0.919,1
LJ500_R147_C034,147,34,678250,9574750,500,2500,2024,9,2024-09,69,8.9954,8.9954,19.82,3.8607,28.0,3.0,31.0,1,0.6184,0.91,1
LJ500_R147_C035,147,35,678750,9574750,1000,2500,2024,9,2024-09,69,8.9954,8.9954,19.82,3.8607,28.0,3.0,31.0,1,0.5238,0.8675,1
LJ500_R147_C036,147,36,679250,9574750,1500,2500,2024,9,2024-09,69,8.9954,8.9954,19.82,3.8607,28.0,3.0,31.0,1,0.5071,0.86,1
LJ500_R147_C037,147,37,679750,9574750,2000,2500,2024,9,2024-09,69,8.9954,8.9954,19.82,3.8607,28.0,3.0,31.0,1,0.4246,0.7701,1
LJ500_R147_C038,147,38,680250,9574750,2500,2500,2024,9,2024-09,69,8.9954,8.9954,19.82,3.8607,28.0,3.0,31.0,1,0.4124,0.7522,1
LJ500_R147_C039,147,39,680750,9574750,3000,2500,2024,9,2024-09,69,8.9954,8.9954,19.82,3.8607,28.0,3.0,31.0,1,0.3426,0.65,1
LJ500_R147_C040,147,40,681250,9574750,3500,2500,2024,9,2024-09,69,8.9954,8.9954,19.82,3.8607,28.0,3.0,31.0,1,0.4063,0.7361,1
LJ500_R147_C041,147,41,681750,9574750,4000,2500,2024,9,2024-09,69,8.9954,8.9954,19.82,3.8607,28.0,3.0,31.0,1,0.5574,0.94,1
LJ500_R147_C042,147,42,682250,9574750,4500,2500,2024,9,2024-09,69,8.9954,8.9954,19.82,3.8607,28.0,3.0,31.0,1,0.5738,1.1316,1
LJ500_R148_C033,148,33,677750,9575250,0,3000,2024,9,2024-09,69,7.1613,7.1613,15.3,3.0723,28.66,2.3373,31.0,1,0.6092,0.9288,1
LJ500_R148_C034,148,34,678250,9575250,500,3000,2024,9,2024-09,69,8.9954,8.9954,19.82,3.8607,28.0,3.0,31.0,1,0.6272,0.9347,1
LJ500_R148_C035,148,35,678750,9575250,1000,3000,2024,9,2024-09,69,8.9954,8.9954,19.82,3.8607,28.0,3.0,31.0,1,0.5417,0.8766,1
LJ500_R148_C036,148,36,679250,9575250,1500,3000,2024,9,2024-09,69,8.9954,8.9954,19.82,3.8607,28.0,3.0,31.0,1,0.5265,0.8662,1
LJ500_R148_C037,148,37,679750,9575250,2000,3000,2024,9,2024-09,69,8.9954,8.9954,19.82,3.8607,28.0,3.0,31.0,1,0.4667,0.8075,1
LJ500_R148_C038,148,38,680250,9575250,2500,3000,2024,9,2024-09,69,8.9954,8.9954,19.82,3.8607,28.0,3.0,31.0,1,0.4513,0.7881,1
LJ500_R148_C039,148,39,680750,9575250,3000,3000,2024,9,2024-09,69,8.9954,8.9954,19.82,3.8607,28.0,3.0,31.0,1,0.3614,0.6751,1
LJ500_R148_C040,148,40,681250,9575250,3500,3000,2024,9,2024-09,69,8.9954,8.9954,19.82,3.8607,28.0,3.0,31.0,1,0.3938,0.7162,1
LJ500_R148_C041,148,41,681750,9575250,4000,3000,2024,9,2024-09,69,8.9954,8.9954,19.82,3.8607,28.0,3.0,31.0,1,0.471,0.8139,1
LJ500_R148_C042,148,42,682250,9575250,4500,3000,2024,9,2024-09,69,8.9954,8.9954,19.82,3.8607,28.0,3.0,31.0,1,0.5037,0.9172,1
LJ500_R149_C033,149,33,677750,9575750,0,3500,2024,9,2024-09,69,7.1509,7.1509,15.27,3.0678,28.67,2.3336,31.0,1,0.6007,0.9349,1
LJ500_R149_C034,149,34,678250,9575750,500,3500,2024,9,2024-09,69,8.9954,8.9954,19.82,3.8607,28.0,3.0,31.0,1,0.6326,0.95,1
LJ500_R149_C035,149,35,678750,9575750,1000,3500,2024,9,2024-09,69,8.9954,8.9954,19.82,3.8607,28.0,3.0,31.0,1,0.5528,0.8823,1
LJ500_R149_C036,149,36,679250,9575750,1500,3500,2024,9,2024-09,69,8.9954,8.9954,19.82,3.8607,28.0,3.0,31.0,1,0.5384,0.87,1
LJ500_R149_C037,149,37,679750,9575750,2000,3500,2024,9,2024-09,69,8.9954,8.9954,19.82,3.8607,28.0,3.0,31.0,1,0.4922,0.8302,1
LJ500_R149_C038,149,38,680250,9575750,2500,3500,2024,9,2024-09,69,8.9954,8.9954,19.82,3.8607,28.0,3.0,31.0,1,0.4747,0.8098,1
LJ500_R149_C039,149,39,680750,9575750,3000,3500,2024,9,2024-09,69,8.9954,8.9954,19.82,3.8607,28.0,3.0,31.0,1,0.3726,0.69,1
LJ500_R149_C040,149,40,681250,9575750,3500,3500,2024,9,2024-09,69,8.9954,8.9954,19.82,3.8607,28.0,3.0,31.0,1,0.3866,0.7046,1
LJ500_R149_C041,149,41,681750,9575750,4000,3500,2024,9,2024-09,69,8.9954,8.9954,19.82,3.8607,28.0,3.0,31.0,1,0.4203,0.74,1
LJ500_R149_C042,149,42,682250,9575750,4500,3500,2024,9,2024-09,69,8.9954,8.9954,19.82,3.8607,28.0,3.0,31.0,1,0.4628,0.793,1
LJ500_R150_C033,150,33,677750,9576250,0,4000,2024,9,2024-09,69,7.1406,7.1406,15.25,3.0634,28.67,2.3298,31.0,1,0.6214,1.004,1
LJ500_R150_C034,150,34,678250,9576250,500,4000,2024,9,2024-09,69,8.9954,8.9954,19.82,3.8607,28.0,3.0,31.0,1,0.6501,1.0429,1
LJ500_R150_C035,150,35,678750,9576250,1000,4000,2024,9,2024-09,69,8.9954,8.9954,19.82,3.8607,28.0,3.0,31.0,1,0.575,0.9035,1
LJ500_R150_C036,150,36,679250,9576250,1500,4000,2024,9,2024-09,69,8.9954,8.9954,19.82,3.8607,28.0,3.0,31.0,1,0.5612,0.8778,1
LJ500_R150_C037,150,37,679750,9576250,2000,4000,2024,9,2024-09,69,8.9954,8.9954,19.82,3.8607,28.0,3.0,31.0,1,0.5801,0.9543,1
LJ500_R150_C038,150,38,680250,9576250,2500,4000,2024,9,2024-09,69,8.9954,8.9954,19.82,3.8607,28.0,3.0,31.0,1,0.5716,0.9396,1
LJ500_R150_C039,150,39,680750,9576250,3000,4000,2024,9,2024-09,69,8.9954,8.9954,19.82,3.8607,28.0,3.0,31.0,1,0.5187,0.8468,1
LJ500_R150_C040,150,40,681250,9576250,3500,4000,2024,9,2024-09,69,8.9954,8.9954,19.82,3.8607,28.0,3.0,31.0,1,0.4895,0.8137,1
LJ500_R150_C041,150,41,681750,9576250,4000,4000,2024,9,2024-09,69,8.9954,8.9954,19.82,3.8607,28.0,3.0,31.0,1,0.4173,0.7321,1
LJ500_R150_C042,150,42,682250,9576250,4500,4000,2024,9,2024-09,69,8.9954,8.9954,19.82,3.8607,28.0,3.0,31.0,1,0.4476,0.7606,1
LJ500_R151_C033,151,33,677750,9576750,0,4500,2024,9,2024-09,69,7.1303,7.1303,15.22,3.0589,28.67,2.3261,31.0,1,0.6274,1.0241,1
LJ500_R151_C034,151,34,678250,9576750,500,4500,2024,9,2024-09,69,8.9954,8.9954,19.82,3.8607,28.0,3.0,31.0,1,0.6552,1.07,1
LJ500_R151_C035,151,35,678750,9576750,1000,4500,2024,9,2024-09,69,8.9954,8.9954,19.82,3.8607,28.0,3.0,31.0,1,0.5815,0.9099,1
LJ500_R151_C036,151,36,679250,9576750,1500,4500,2024,9,2024-09,69,8.9954,8.9954,19.82,3.8607,28.0,3.0,31.0,1,0.5677,0.88,1
LJ500_R151_C037,151,37,679750,9576750,2000,4500,2024,9,2024-09,69,8.9954,8.9954,19.82,3.8607,28.0,3.0,31.0,1,0.6048,0.9891,1
LJ500_R151_C038,151,38,680250,9576750,2500,4500,2024,9,2024-09,69,8.9954,8.9954,19.82,3.8607,28.0,3.0,31.0,1,0.5987,0.976,1
LJ500_R151_C039,151,39,680750,9576750,3000,4500,2024,9,2024-09,69,8.9954,8.9954,19.82,3.8607,28.0,3.0,31.0,1,0.559,0.89,1
LJ500_R151_C040,151,40,681250,9576750,3500,4500,2024,9,2024-09,69,8.9954,8.9954,19.82,3.8607,28.0,3.0,31.0,1,0.5178,0.8437,1
LJ500_R151_C041,151,41,681750,9576750,4000,4500,2024,9,2024-09,69,8.9954,8.9954,19.82,3.8607,28.0,3.0,31.0,1,0.4165,0.73,1
LJ500_R151_C042,151,42,682250,9576750,4500,4500,2024,9,2024-09,69,8.9954,8.9954,19.82,3.8607,28.0,3.0,31.0,1,0.4434,0.7519,1
LJ500_R142_C033,142,33,677750,9572250,0,0,2024,10,2024-10,70,14.03,19.33,19.63,6.9609,26.0,4.0,30.0,1,0.4276,0.909,1
LJ500_R142_C034,142,34,678250,9572250,500,0,2024,10,2024-10,70,14.83,21.25,21.69,7.9947,26.0,4.0,30.0,1,0.4295,0.9251,1
LJ500_R142_C035,142,35,678750,9572250,1000,0,2024,10,2024-10,70,14.83,21.25,21.69,7.9947,26.0,4.0,30.0,1,0.3052,0.7509,1
LJ500_R142_C036,142,36,679250,9572250,1500,0,2024,10,2024-10,70,14.83,21.25,21.69,7.9947,26.0,4.0,30.0,1,0.2842,0.7217,1
LJ500_R142_C037,142,37,679750,9572250,2000,0,2024,10,2024-10,70,14.83,21.25,21.69,7.9947,26.0,4.0,30.0,1,0.2065,0.63,1
LJ500_R142_C038,142,38,680250,9572250,2500,0,2024,10,2024-10,70,14.83,21.25,21.69,7.9947,26.0,4.0,30.0,1,0.2364,0.6743,1
LJ500_R142_C039,142,39,680750,9572250,3000,0,2024,10,2024-10,70,14.83,21.25,21.69,7.9947,26.0,4.0,30.0,1,0.3959,0.9116,1
LJ500_R142_C040,142,40,681250,9572250,3500,0,2024,10,2024-10,70,14.83,21.25,21.69,7.9947,26.0,4.0,30.0,1,0.4132,0.9964,1
LJ500_R142_C041,142,41,681750,9572250,4000,0,2024,10,2024-10,70,14.83,21.25,21.69,7.9947,26.0,4.0,30.0,1,0.4525,1.1887,1
LJ500_R142_C042,142,42,682250,9572250,4500,0,2024,10,2024-10,70,14.83,21.25,21.69,7.9947,26.0,4.0,30.0,1,0.4496,1.1988,1
LJ500_R143_C033,143,33,677750,9572750,0,500,2024,10,2024-10,70,14.02,19.31,19.62,6.9548,26.0,4.0,30.0,1,0.3855,0.8382,1
LJ500_R143_C034,143,34,678250,9572750,500,500,2024,10,2024-10,70,14.83,21.25,21.69,7.9947,26.0,4.0,30.0,1,0.3527,0.78,1
LJ500_R143_C035,143,35,678750,9572750,1000,500,2024,10,2024-10,70,14.83,21.25,21.69,7.9947,26.0,4.0,30.0,1,0.2517,0.6942,1
LJ500_R143_C036,143,36,679250,9572750,1500,500,2024,10,2024-10,70,14.83,21.25,21.69,7.9947,26.0,4.0,30.0,1,0.2349,0.6797,1
LJ500_R143_C037,143,37,679750,9572750,2000,500,2024,10,2024-10,70,14.83,21.25,21.69,7.9947,26.0,4.0,30.0,1,0.2187,0.63,1
LJ500_R143_C038,143,38,680250,9572750,2500,500,2024,10,2024-10,70,14.83,21.25,21.69,7.9947,26.0,4.0,30.0,1,0.2467,0.6751,1
LJ500_R143_C039,143,39,680750,9572750,3000,500,2024,10,2024-10,70,14.83,21.25,21.69,7.9947,26.0,4.0,30.0,1,0.3987,0.92,1
LJ500_R143_C040,143,40,681250,9572750,3500,500,2024,10,2024-10,70,14.83,21.25,21.69,7.9947,26.0,4.0,30.0,1,0.4207,1.0479,1
LJ500_R143_C041,143,41,681750,9572750,4000,500,2024,10,2024-10,70,14.83,21.25,21.69,7.9947,26.0,4.0,30.0,1,0.471,1.34,1
LJ500_R143_C042,143,42,682250,9572750,4500,500,2024,10,2024-10,70,14.83,21.25,21.69,7.9947,26.0,4.0,30.0,1,0.4674,1.3763,1
LJ500_R144_C033,144,33,677750,9573250,0,1000,2024,10,2024-10,70,14.02,19.3,19.61,6.9487,26.0,4.0,30.0,1,0.3748,0.822,1
LJ500_R144_C034,144,34,678250,9573250,500,1000,2024,10,2024-10,70,14.83,21.25,21.69,7.9947,26.0,4.0,30.0,1,0.344,0.7739,1
LJ500_R144_C035,144,35,678750,9573250,1000,1000,2024,10,2024-10,70,14.83,21.25,21.69,7.9947,26.0,4.0,30.0,1,0.262,0.6987,1
LJ500_R144_C036,144,36,679250,9573250,1500,1000,2024,10,2024-10,70,14.83,21.25,21.69,7.9947,26.0,4.0,30.0,1,0.2482,0.6859,1
LJ500_R144_C037,144,37,679750,9573250,2000,1000,2024,10,2024-10,70,14.83,21.25,21.69,7.9947,26.0,4.0,30.0,1,0.2221,0.63,1
LJ500_R144_C038,144,38,680250,9573250,2500,1000,2024,10,2024-10,70,14.83,21.25,21.69,7.9947,26.0,4.0,30.0,1,0.2452,0.666,1
LJ500_R144_C039,144,39,680750,9573250,3000,1000,2024,10,2024-10,70,14.83,21.25,21.69,7.9947,26.0,4.0,30.0,1,0.3723,0.8637,1
LJ500_R144_C040,144,40,681250,9573250,3500,1000,2024,10,2024-10,70,14.83,21.25,21.69,7.9947,26.0,4.0,30.0,1,0.4005,0.9923,1
LJ500_R144_C041,144,41,681750,9573250,4000,1000,2024,10,2024-10,70,14.83,21.25,21.69,7.9947,26.0,4.0,30.0,1,0.4659,1.2893,1
LJ500_R144_C042,144,42,682250,9573250,4500,1000,2024,10,2024-10,70,14.83,21.25,21.69,7.9947,26.0,4.0,30.0,1,0.4691,1.3582,1
LJ500_R145_C033,145,33,677750,9573750,0,1500,2024,10,2024-10,70,14.02,19.29,19.59,6.9426,26.0,4.0,30.0,1,0.3496,0.7836,1
LJ500_R145_C034,145,34,678250,9573750,500,1500,2024,10,2024-10,70,14.83,21.25,21.69,7.9947,26.0,4.0,30.0,1,0.324,0.76,1
LJ500_R145_C035,145,35,678750,9573750,1000,1500,2024,10,2024-10,70,14.83,21.25,21.69,7.9947,26.0,4.0,30.0,1,0.285,0.7088,1
LJ500_R145_C036,145,36,679250,9573750,1500,1500,2024,10,2024-10,70,14.83,21.25,21.69,7.9947,26.0,4.0,30.0,1,0.2782,0.6998,1
LJ500_R145_C037,145,37,679750,9573750,2000,1500,2024,10,2024-10,70,14.83,21.25,21.69,7.9947,26.0,4.0,30.0,1,0.2297,0.63,1
LJ500_R145_C038,145,38,680250,9573750,2500,1500,2024,10,2024-10,70,14.83,21.25,21.69,7.9947,26.0,4.0,30.0,1,0.2425,0.6467,1
LJ500_R145_C039,145,39,680750,9573750,3000,1500,2024,10,2024-10,70,14.83,21.25,21.69,7.9947,26.0,4.0,30.0,1,0.3143,0.74,1
LJ500_R145_C040,145,40,681250,9573750,3500,1500,2024,10,2024-10,70,14.83,21.25,21.69,7.9947,26.0,4.0,30.0,1,0.3566,0.8723,1
LJ500_R145_C041,145,41,681750,9573750,4000,1500,2024,10,2024-10,70,14.83,21.25,21.69,7.9947,26.0,4.0,30.0,1,0.455,1.18,1
LJ500_R145_C042,145,42,682250,9573750,4500,1500,2024,10,2024-10,70,14.83,21.25,21.69,7.9947,26.0,4.0,30.0,1,0.4727,1.3193,1
LJ500_R146_C033,146,33,677750,9574250,0,2000,2024,10,2024-10,70,15.2,21.29,21.46,9.535,26.43,3.5723,30.0,1,0.3985,0.8788,1
LJ500_R146_C034,146,34,678250,9574250,500,2000,2024,10,2024-10,70,16.12,23.65,23.91,10.45,26.43,3.5704,30.0,1,0.3842,0.8705,1
LJ500_R146_C035,146,35,678750,9574250,1000,2000,2024,10,2024-10,70,16.13,23.66,23.91,10.47,26.43,3.5685,30.0,1,0.3258,0.7607,1
LJ500_R146_C036,146,36,679250,9574250,1500,2000,2024,10,2024-10,70,16.14,23.67,23.92,10.48,26.43,3.5666,30.0,1,0.3157,0.7417,1
LJ500_R146_C037,146,37,679750,9574250,2000,2000,2024,10,2024-10,70,16.14,23.68,23.93,10.49,26.44,3.5647,30.0,1,0.2601,0.6533,1
LJ500_R146_C038,146,38,680250,9574250,2500,2000,2024,10,2024-10,70,16.15,23.69,23.94,10.5,26.44,3.5628,30.0,1,0.2632,0.6559,1
LJ500_R146_C039,146,39,680750,9574250,3000,2000,2024,10,2024-10,70,16.15,23.7,23.95,10.51,26.44,3.5609,30.0,1,0.2796,0.6695,1
LJ500_R146_C040,146,40,681250,9574250,3500,2000,2024,10,2024-10,70,16.16,23.71,23.96,10.52,26.44,3.559,30.0,1,0.3286,0.8063,1
LJ500_R146_C041,146,41,681750,9574250,4000,2000,2024,10,2024-10,70,16.16,23.72,23.97,10.53,26.44,3.5571,30.0,1,0.4439,1.1279,1
LJ500_R146_C042,146,42,682250,9574250,4500,2000,2024,10,2024-10,70,16.17,23.74,23.98,10.54,26.44,3.5552,30.0,1,0.4626,1.2813,1
LJ500_R147_C033,147,33,677750,9574750,0,2500,2024,10,2024-10,70,16.78,23.95,23.95,13.01,27.0,3.0,30.0,1,0.4561,0.991,1
LJ500_R147_C034,147,34,678250,9574750,500,2500,2024,10,2024-10,70,17.85,26.84,26.84,13.72,27.0,3.0,30.0,1,0.4547,1.0,1
LJ500_R147_C035,147,35,678750,9574750,1000,2500,2024,10,2024-10,70,17.85,26.84,26.84,13.72,27.0,3.0,30.0,1,0.3733,0.8214,1
LJ500_R147_C036,147,36,679250,9574750,1500,2500,2024,10,2024-10,70,17.85,26.84,26.84,13.72,27.0,3.0,30.0,1,0.359,0.79,1
LJ500_R147_C037,147,37,679750,9574750,2000,2500,2024,10,2024-10,70,17.85,26.84,26.84,13.72,27.0,3.0,30.0,1,0.2951,0.6801,1
LJ500_R147_C038,147,38,680250,9574750,2500,2500,2024,10,2024-10,70,17.85,26.84,26.84,13.72,27.0,3.0,30.0,1,0.2869,0.6667,1
LJ500_R147_C039,147,39,680750,9574750,3000,2500,2024,10,2024-10,70,17.85,26.84,26.84,13.72,27.0,3.0,30.0,1,0.2403,0.59,1
LJ500_R147_C040,147,40,681250,9574750,3500,2500,2024,10,2024-10,70,17.85,26.84,26.84,13.72,27.0,3.0,30.0,1,0.2971,0.7324,1
LJ500_R147_C041,147,41,681750,9574750,4000,2500,2024,10,2024-10,70,17.85,26.84,26.84,13.72,27.0,3.0,30.0,1,0.4317,1.07,1
LJ500_R147_C042,147,42,682250,9574750,4500,2500,2024,10,2024-10,70,17.85,26.84,26.84,13.72,27.0,3.0,30.0,1,0.4514,1.2393,1
LJ500_R148_C033,148,33,677750,9575250,0,3000,2024,10,2024-10,70,16.78,23.94,23.94,13.0,27.0,3.0,30.0,1,0.4479,0.9897,1
LJ500_R148_C034,148,34,678250,9575250,500,3000,2024,10,2024-10,70,17.85,26.84,26.84,13.72,27.0,3.0,30.0,1,0.4664,1.0432,1
LJ500_R148_C035,148,35,678750,9575250,1000,3000,2024,10,2024-10,70,17.85,26.84,26.84,13.72,27.0,3.0,30.0,1,0.3917,0.8652,1
LJ500_R148_C036,148,36,679250,9575250,1500,3000,2024,10,2024-10,70,17.85,26.84,26.84,13.72,27.0,3.0,30.0,1,0.3785,0.8335,1
LJ500_R148_C037,148,37,679750,9575250,2000,3000,2024,10,2024-10,70,17.85,26.84,26.84,13.72,27.0,3.0,30.0,1,0.3319,0.7612,1
LJ500_R148_C038,148,38,680250,9575250,2500,3000,2024,10,2024-10,70,17.85,26.84,26.84,13.72,27.0,3.0,30.0,1,0.3204,0.7408,1
LJ500_R148_C039,148,39,680750,9575250,3000,3000,2024,10,2024-10,70,17.85,26.84,26.84,13.72,27.0,3.0,30.0,1,0.2533,0.6213,1
LJ500_R148_C040,148,40,681250,9575250,3500,3000,2024,10,2024-10,70,17.85,26.84,26.84,13.72,27.0,3.0,30.0,1,0.2819,0.6925,1
LJ500_R148_C041,148,41,681750,9575250,4000,3000,2024,10,2024-10,70,17.85,26.84,26.84,13.72,27.0,3.0,30.0,1,0.3499,0.8619,1
LJ500_R148_C042,148,42,682250,9575250,4500,3000,2024,10,2024-10,70,17.85,26.84,26.84,13.72,27.0,3.0,30.0,1,0.3855,0.9961,1
LJ500_R149_C033,149,33,677750,9575750,0,3500,2024,10,2024-10,70,16.77,23.92,23.92,13.0,27.0,3.0,30.0,1,0.4426,0.9884,1
LJ500_R149_C034,149,34,678250,9575750,500,3500,2024,10,2024-10,70,17.85,26.84,26.84,13.72,27.0,3.0,30.0,1,0.4737,1.07,1
LJ500_R149_C035,149,35,678750,9575750,1000,3500,2024,10,2024-10,70,17.85,26.84,26.84,13.72,27.0,3.0,30.0,1,0.4031,0.8922,1
LJ500_R149_C036,149,36,679250,9575750,1500,3500,2024,10,2024-10,70,17.85,26.84,26.84,13.72,27.0,3.0,30.0,1,0.3903,0.86,1
LJ500_R149_C037,149,37,679750,9575750,2000,3500,2024,10,2024-10,70,17.85,26.84,26.84,13.72,27.0,3.0,30.0,1,0.3542,0.8102,1
LJ500_R149_C038,149,38,680250,9575750,2500,3500,2024,10,2024-10,70,17.85,26.84,26.84,13.72,27.0,3.0,30.0,1,0.3406,0.7855,1
LJ500_R149_C039,149,39,680750,9575750,3000,3500,2024,10,2024-10,70,17.85,26.84,26.84,13.72,27.0,3.0,30.0,1,0.261,0.64,1
LJ500_R149_C040,149,40,681250,9575750,3500,3500,2024,10,2024-10,70,17.85,26.84,26.84,13.72,27.0,3.0,30.0,1,0.273,0.6693,1
LJ500_R149_C041,149,41,681750,9575750,4000,3500,2024,10,2024-10,70,17.85,26.84,26.84,13.72,27.0,3.0,30.0,1,0.302,0.74,1
LJ500_R149_C042,149,42,682250,9575750,4500,3500,2024,10,2024-10,70,17.85,26.84,26.84,13.72,27.0,3.0,30.0,1,0.3471,0.8548,1
LJ500_R150_C033,150,33,677750,9576250,0,4000,2024,10,2024-10,70,16.76,23.91,23.91,13.0,27.0,3.0,30.0,1,0.4665,1.088,1
LJ500_R150_C034,150,34,678250,9576250,500,4000,2024,10,2024-10,70,17.85,26.84,26.84,13.72,27.0,3.0,30.0,1,0.4959,1.1939,1
LJ500_R150_C035,150,35,678750,9576250,1000,4000,2024,10,2024-10,70,17.85,26.84,26.84,13.72,27.0,3.0,30.0,1,0.4279,0.9644,1
LJ500_R150_C036,150,36,679250,9576250,1500,4000,2024,10,2024-10,70,17.85,26.84,26.84,13.72,27.0,3.0,30.0,1,0.4155,0.9223,1
LJ500_R150_C037,150,37,679750,9576250,2000,4000,2024,10,2024-10,70,17.85,26.84,26.84,13.72,27.0,3.0,30.0,1,0.4427,1.0742,1
LJ500_R150_C038,150,38,680250,9576250,2500,4000,2024,10,2024-10,70,17.85,26.84,26.84,13.72,27.0,3.0,30.0,1,0.4359,1.0572,1
LJ500_R150_C039,150,39,680750,9576250,3000,4000,2024,10,2024-10,70,17.85,26.84,26.84,13.72,27.0,3.0,30.0,1,0.3924,0.9457,1
LJ500_R150_C040,150,40,681250,9576250,3500,4000,2024,10,2024-10,70,17.85,26.84,26.84,13.72,27.0,3.0,30.0,1,0.3663,0.8886,1
LJ500_R150_C041,150,41,681750,9576250,4000,4000,2024,10,2024-10,70,17.85,26.84,26.84,13.72,27.0,3.0,30.0,1,0.302,0.7479,1
LJ500_R150_C042,150,42,682250,9576250,4500,4000,2024,10,2024-10,70,17.85,26.84,26.84,13.72,27.0,3.0,30.0,1,0.3349,0.824,1
LJ500_R151_C033,151,33,677750,9576750,0,4500,2024,10,2024-10,70,16.76,23.89,23.89,12.99,27.0,3.0,30.0,1,0.4735,1.1168,1
LJ500_R151_C034,151,34,678250,9576750,500,4500,2024,10,2024-10,70,17.85,26.84,26.84,13.72,27.0,3.0,30.0,1,0.5023,1.23,1
LJ500_R151_C035,151,35,678750,9576750,1000,4500,2024,10,2024-10,70,17.85,26.84,26.84,13.72,27.0,3.0,30.0,1,0.4352,0.9856,1
LJ500_R151_C036,151,36,679250,9576750,1500,4500,2024,10,2024-10,70,17.85,26.84,26.84,13.72,27.0,3.0,30.0,1,0.4227,0.94,1
LJ500_R151_C037,151,37,679750,9576750,2000,4500,2024,10,2024-10,70,17.85,26.84,26.84,13.72,27.0,3.0,30.0,1,0.4676,1.1482,1
LJ500_R151_C038,151,38,680250,9576750,2500,4500,2024,10,2024-10,70,17.85,26.84,26.84,13.72,27.0,3.0,30.0,1,0.4625,1.1332,1
LJ500_R151_C039,151,39,680750,9576750,3000,4500,2024,10,2024-10,70,17.85,26.84,26.84,13.72,27.0,3.0,30.0,1,0.4287,1.03,1
LJ500_R151_C040,151,40,681250,9576750,3500,4500,2024,10,2024-10,70,17.85,26.84,26.84,13.72,27.0,3.0,30.0,1,0.392,0.949,1
LJ500_R151_C041,151,41,681750,9576750,4000,4500,2024,10,2024-10,70,17.85,26.84,26.84,13.72,27.0,3.0,30.0,1,0.302,0.75,1
LJ500_R151_C042,151,42,682250,9576750,4500,4500,2024,10,2024-10,70,17.85,26.84,26.84,13.72,27.0,3.0,30.0,1,0.3316,0.8157,1
LJ500_R142_C033,142,33,677750,9572250,0,0,2024,11,2024-11,71,30.99,45.02,50.32,9.2017,25.32,5.6799,31.0,1,0.5758,0.9349,1
LJ500_R142_C034,142,34,678250,9572250,500,0,2024,11,2024-11,71,31.93,46.76,53.18,9.2989,25.0,6.0,31.0,1,0.5838,0.9395,1
LJ500_R142_C035,142,35,678750,9572250,1000,0,2024,11,2024-11,71,31.93,46.76,53.18,9.2989,25.0,6.0,31.0,1,0.394,0.7539,1
LJ500_R142_C036,142,36,679250,9572250,1500,0,2024,11,2024-11,71,31.93,46.76,53.18,9.2989,25.0,6.0,31.0,1,0.3619,0.7221,1
LJ500_R142_C037,142,37,679750,9572250,2000,0,2024,11,2024-11,71,31.93,46.76,53.18,9.2989,25.0,6.0,31.0,1,0.2471,0.563,1
LJ500_R142_C038,142,38,680250,9572250,2500,0,2024,11,2024-11,71,31.93,46.76,53.18,9.2989,25.0,6.0,31.0,1,0.296,0.6209,1
LJ500_R142_C039,142,39,680750,9572250,3000,0,2024,11,2024-11,71,31.93,46.76,53.18,9.2989,25.0,6.0,31.0,1,0.5572,0.93,1
LJ500_R142_C040,142,40,681250,9572250,3500,0,2024,11,2024-11,71,31.93,46.76,53.18,9.2989,25.0,6.0,31.0,1,0.6096,1.0971,1
LJ500_R142_C041,142,41,681750,9572250,4000,0,2024,11,2024-11,71,31.93,46.76,53.18,9.2989,25.0,6.0,31.0,1,0.7285,1.4762,1
LJ500_R142_C042,142,42,682250,9572250,4500,0,2024,11,2024-11,71,31.93,46.76,53.18,9.2989,25.0,6.0,31.0,1,0.7298,1.508,1
LJ500_R143_C033,143,33,677750,9572750,0,500,2024,11,2024-11,71,30.99,45.01,50.3,9.2011,25.32,5.678,31.0,1,0.5118,0.8724,1
LJ500_R143_C034,143,34,678250,9572750,500,500,2024,11,2024-11,71,31.93,46.76,53.18,9.2989,25.0,6.0,31.0,1,0.461,0.82,1
LJ500_R143_C035,143,35,678750,9572750,1000,500,2024,11,2024-11,71,31.93,46.76,53.18,9.2989,25.0,6.0,31.0,1,0.3063,0.657,1
LJ500_R143_C036,143,36,679250,9572750,1500,500,2024,11,2024-11,71,31.93,46.76,53.18,9.2989,25.0,6.0,31.0,1,0.2806,0.6297,1
LJ500_R143_C037,143,37,679750,9572750,2000,500,2024,11,2024-11,71,31.93,46.76,53.18,9.2989,25.0,6.0,31.0,1,0.269,0.58,1
LJ500_R143_C038,143,38,680250,9572750,2500,500,2024,11,2024-11,71,31.93,46.76,53.18,9.2989,25.0,6.0,31.0,1,0.3148,0.6345,1
LJ500_R143_C039,143,39,680750,9572750,3000,500,2024,11,2024-11,71,31.93,46.76,53.18,9.2989,25.0,6.0,31.0,1,0.5629,0.93,1
LJ500_R143_C040,143,40,681250,9572750,3500,500,2024,11,2024-11,71,31.93,46.76,53.18,9.2989,25.0,6.0,31.0,1,0.645,1.2344,1
LJ500_R143_C041,143,41,681750,9572750,4000,500,2024,11,2024-11,71,31.93,46.76,53.18,9.2989,25.0,6.0,31.0,1,0.8326,1.93,1
LJ500_R143_C042,143,42,682250,9572750,4500,500,2024,11,2024-11,71,31.93,46.76,53.18,9.2989,25.0,6.0,31.0,1,0.837,2.0252,1
LJ500_R144_C033,144,33,677750,9573250,0,1000,2024,11,2024-11,71,30.98,45.0,50.29,9.2005,25.32,5.6762,31.0,1,0.4956,0.8536,1
LJ500_R144_C034,144,34,678250,9573250,500,1000,2024,11,2024-11,71,31.93,46.76,53.18,9.2989,25.0,6.0,31.0,1,0.4487,0.8079,1
LJ500_R144_C035,144,35,678750,9573250,1000,1000,2024,11,2024-11,71,31.93,46.76,53.18,9.2989,25.0,6.0,31.0,1,0.3241,0.6713,1
LJ500_R144_C036,144,36,679250,9573250,1500,1000,2024,11,2024-11,71,31.93,46.76,53.18,9.2989,25.0,6.0,31.0,1,0.3032,0.6481,1
LJ500_R144_C037,144,37,679750,9573250,2000,1000,2024,11,2024-11,71,31.93,46.76,53.18,9.2989,25.0,6.0,31.0,1,0.2746,0.5831,1
LJ500_R144_C038,144,38,680250,9573250,2500,1000,2024,11,2024-11,71,31.93,46.76,53.18,9.2989,25.0,6.0,31.0,1,0.313,0.6259,1
LJ500_R144_C039,144,39,680750,9573250,3000,1000,2024,11,2024-11,71,31.93,46.76,53.18,9.2989,25.0,6.0,31.0,1,0.5241,0.8612,1
LJ500_R144_C040,144,40,681250,9573250,3500,1000,2024,11,2024-11,71,31.93,46.76,53.18,9.2989,25.0,6.0,31.0,1,0.6063,1.1328,1
LJ500_R144_C041,144,41,681750,9573250,4000,1000,2024,11,2024-11,71,31.93,46.76,53.18,9.2989,25.0,6.0,31.0,1,0.7961,1.759,1
LJ500_R144_C042,144,42,682250,9573250,4500,1000,2024,11,2024-11,71,31.93,46.76,53.18,9.2989,25.0,6.0,31.0,1,0.8201,1.9548,1
LJ500_R145_C033,145,33,677750,9573750,0,1500,2024,11,2024-11,71,30.98,44.99,50.27,9.2,25.33,5.6743,31.0,1,0.4575,0.8095,1
LJ500_R145_C034,145,34,678250,9573750,500,1500,2024,11,2024-11,71,31.93,46.76,53.18,9.2989,25.0,6.0,31.0,1,0.4206,0.78,1
LJ500_R145_C035,145,35,678750,9573750,1000,1500,2024,11,2024-11,71,31.93,46.76,53.18,9.2989,25.0,6.0,31.0,1,0.3642,0.7031,1
LJ500_R145_C036,145,36,679250,9573750,1500,1500,2024,11,2024-11,71,31.93,46.76,53.18,9.2989,25.0,6.0,31.0,1,0.3543,0.6897,1
LJ500_R145_C037,145,37,679750,9573750,2000,1500,2024,11,2024-11,71,31.93,46.76,53.18,9.2989,25.0,6.0,31.0,1,0.2871,0.59,1
LJ500_R145_C038,145,38,680250,9573750,2500,1500,2024,11,2024-11,71,31.93,46.76,53.18,9.2989,25.0,6.0,31.0,1,0.3102,0.6082,1
LJ500_R145_C039,145,39,680750,9573750,3000,1500,2024,11,2024-11,71,31.93,46.76,53.18,9.2989,25.0,6.0,31.0,1,0.439,0.71,1
LJ500_R145_C040,145,40,681250,9573750,3500,1500,2024,11,2024-11,71,31.93,46.76,53.18,9.2989,25.0,6.0,31.0,1,0.5227,0.9144,1
LJ500_R145_C041,145,41,681750,9573750,4000,1500,2024,11,2024-11,71,31.93,46.76,53.18,9.2989,25.0,6.0,31.0,1,0.7174,1.39,1
LJ500_R145_C042,145,42,682250,9573750,4500,1500,2024,11,2024-11,71,31.93,46.76,53.18,9.2989,25.0,6.0,31.0,1,0.7837,1.8035,1
LJ500_R146_C033,146,33,677750,9574250,0,2000,2024,11,2024-11,71,30.15,45.35,51.44,9.4686,25.76,5.2447,31.0,1,0.5371,0.8915,1
LJ500_R146_C034,146,34,678250,9574250,500,2000,2024,11,2024-11,71,31.01,47.14,54.66,9.4019,25.43,5.5704,31.0,1,0.5181,0.8813,1
LJ500_R146_C035,146,35,678750,9574250,1000,2000,2024,11,2024-11,71,31.01,47.14,54.67,9.4024,25.43,5.5685,31.0,1,0.4314,0.7577,1
LJ500_R146_C036,146,36,679250,9574250,1500,2000,2024,11,2024-11,71,31.01,47.14,54.68,9.4028,25.43,5.5666,31.0,1,0.4164,0.7363,1
LJ500_R146_C037,146,37,679750,9574250,2000,2000,2024,11,2024-11,71,31.0,47.14,54.68,9.4033,25.44,5.5647,31.0,1,0.3411,0.6366,1
LJ500_R146_C038,146,38,680250,9574250,2500,2000,2024,11,2024-11,71,31.0,47.15,54.69,9.4037,25.44,5.5628,31.0,1,0.3479,0.6401,1
LJ500_R146_C039,146,39,680750,9574250,3000,2000,2024,11,2024-11,71,30.99,47.15,54.7,9.4042,25.44,5.5609,31.0,1,0.3849,0.6583,1
LJ500_R146_C040,146,40,681250,9574250,3500,2000,2024,11,2024-11,71,30.99,47.15,54.7,9.4047,25.44,5.559,31.0,1,0.4745,0.8457,1
LJ500_R146_C041,146,41,681750,9574250,4000,2000,2024,11,2024-11,71,30.99,47.15,54.71,9.4051,25.44,5.5571,31.0,1,0.6853,1.2858,1
LJ500_R146_C042,146,42,682250,9574250,4500,2000,2024,11,2024-11,71,30.98,47.15,54.72,9.4056,25.44,5.5552,31.0,1,0.7641,1.7226,1
LJ500_R147_C033,147,33,677750,9574750,0,2500,2024,11,2024-11,71,29.05,45.83,53.0,9.8303,26.33,4.6705,31.0,1,0.6308,0.9881,1
LJ500_R147_C034,147,34,678250,9574750,500,2500,2024,11,2024-11,71,29.8,47.64,56.64,9.5387,26.0,5.0,31.0,1,0.6323,1.0,1
LJ500_R147_C035,147,35,678750,9574750,1000,2500,2024,11,2024-11,71,29.8,47.64,56.64,9.5387,26.0,5.0,31.0,1,0.5097,0.8214,1
LJ500_R147_C036,147,36,679250,9574750,1500,2500,2024,11,2024-11,71,29.8,47.64,56.64,9.5387,26.0,5.0,31.0,1,0.4881,0.79,1
LJ500_R147_C037,147,37,679750,9574750,2000,2500,2024,11,2024-11,71,29.8,47.64,56.64,9.5387,26.0,5.0,31.0,1,0.403,0.6901,1
LJ500_R147_C038,147,38,680250,9574750,2500,2500,2024,11,2024-11,71,29.8,47.64,56.64,9.5387,26.0,5.0,31.0,1,0.3912,0.6767,1
LJ500_R147_C039,147,39,680750,9574750,3000,2500,2024,11,2024-11,71,29.8,47.64,56.64,9.5387,26.0,5.0,31.0,1,0.3239,0.6,1
LJ500_R147_C040,147,40,681250,9574750,3500,2500,2024,11,2024-11,71,29.8,47.64,56.64,9.5387,26.0,5.0,31.0,1,0.4206,0.7692,1
LJ500_R147_C041,147,41,681750,9574750,4000,2500,2024,11,2024-11,71,29.8,47.64,56.64,9.5387,26.0,5.0,31.0,1,0.6497,1.17,1
LJ500_R147_C042,147,42,682250,9574750,4500,2500,2024,11,2024-11,71,29.8,47.64,56.64,9.5387,26.0,5.0,31.0,1,0.7424,1.6334,1
LJ500_R148_C033,148,33,677750,9575250,0,3000,2024,11,2024-11,71,29.04,45.82,52.98,9.832,26.33,4.6687,31.0,1,0.6229,1.007,1
LJ500_R148_C034,148,34,678250,9575250,500,3000,2024,11,2024-11,71,29.8,47.64,56.64,9.5387,26.0,5.0,31.0,1,0.6576,1.0617,1
LJ500_R148_C035,148,35,678750,9575250,1000,3000,2024,11,2024-11,71,29.8,47.64,56.64,9.5387,26.0,5.0,31.0,1,0.539,0.8365,1
LJ500_R148_C036,148,36,679250,9575250,1500,3000,2024,11,2024-11,71,29.8,47.64,56.64,9.5387,26.0,5.0,31.0,1,0.5179,0.7962,1
LJ500_R148_C037,148,37,679750,9575250,2000,3000,2024,11,2024-11,71,29.8,47.64,56.64,9.5387,26.0,5.0,31.0,1,0.4573,0.7276,1
LJ500_R148_C038,148,38,680250,9575250,2500,3000,2024,11,2024-11,71,29.8,47.64,56.64,9.5387,26.0,5.0,31.0,1,0.4415,0.7125,1
LJ500_R148_C039,148,39,680750,9575250,3000,3000,2024,11,2024-11,71,29.8,47.64,56.64,9.5387,26.0,5.0,31.0,1,0.3489,0.6251,1
LJ500_R148_C040,148,40,681250,9575250,3500,3000,2024,11,2024-11,71,29.8,47.64,56.64,9.5387,26.0,5.0,31.0,1,0.3971,0.6913,1
LJ500_R148_C041,148,41,681750,9575250,4000,3000,2024,11,2024-11,71,29.8,47.64,56.64,9.5387,26.0,5.0,31.0,1,0.5117,0.8483,1
LJ500_R148_C042,148,42,682250,9575250,4500,3000,2024,11,2024-11,71,29.8,47.64,56.64,9.5387,26.0,5.0,31.0,1,0.5907,1.1207,1
LJ500_R149_C033,149,33,677750,9575750,0,3500,2024,11,2024-11,71,29.04,45.81,52.96,9.8336,26.33,4.6668,31.0,1,0.6175,1.0184,1
LJ500_R149_C034,149,34,678250,9575750,500,3500,2024,11,2024-11,71,29.8,47.64,56.64,9.5387,26.0,5.0,31.0,1,0.6732,1.1,1
LJ500_R149_C035,149,35,678750,9575750,1000,3500,2024,11,2024-11,71,29.8,47.64,56.64,9.5387,26.0,5.0,31.0,1,0.5572,0.846,1
LJ500_R149_C036,149,36,679250,9575750,1500,3500,2024,11,2024-11,71,29.8,47.64,56.64,9.5387,26.0,5.0,31.0,1,0.5361,0.8,1
LJ500_R149_C037,149,37,679750,9575750,2000,3500,2024,11,2024-11,71,29.8,47.64,56.64,9.5387,26.0,5.0,31.0,1,0.4902,0.7502,1
LJ500_R149_C038,149,38,680250,9575750,2500,3500,2024,11,2024-11,71,29.8,47.64,56.64,9.5387,26.0,5.0,31.0,1,0.4718,0.7341,1
LJ500_R149_C039,149,39,680750,9575750,3000,3500,2024,11,2024-11,71,29.8,47.64,56.64,9.5387,26.0,5.0,31.0,1,0.3639,0.64,1
LJ500_R149_C040,149,40,681250,9575750,3500,3500,2024,11,2024-11,71,29.8,47.64,56.64,9.5387,26.0,5.0,31.0,1,0.3835,0.6459,1
LJ500_R149_C041,149,41,681750,9575750,4000,3500,2024,11,2024-11,71,29.8,47.64,56.64,9.5387,26.0,5.0,31.0,1,0.431,0.66,1
LJ500_R149_C042,149,42,682250,9575750,4500,3500,2024,11,2024-11,71,29.8,47.64,56.64,9.5387,26.0,5.0,31.0,1,0.5025,0.8234,1
LJ500_R150_C033,150,33,677750,9576250,0,4000,2024,11,2024-11,71,29.03,45.8,52.94,9.8353,26.34,4.6649,31.0,1,0.6812,1.1785,1
LJ500_R150_C034,150,34,678250,9576250,500,4000,2024,11,2024-11,71,29.8,47.64,56.64,9.5387,26.0,5.0,31.0,1,0.7464,1.3246,1
LJ500_R150_C035,150,35,678750,9576250,1000,4000,2024,11,2024-11,71,29.8,47.64,56.64,9.5387,26.0,5.0,31.0,1,0.6022,0.9406,1
LJ500_R150_C036,150,36,679250,9576250,1500,4000,2024,11,2024-11,71,29.8,47.64,56.64,9.5387,26.0,5.0,31.0,1,0.5758,0.87,1
LJ500_R150_C037,150,37,679750,9576250,2000,4000,2024,11,2024-11,71,29.8,47.64,56.64,9.5387,26.0,5.0,31.0,1,0.6598,1.1382,1
LJ500_R150_C038,150,38,680250,9576250,2500,4000,2024,11,2024-11,71,29.8,47.64,56.64,9.5387,26.0,5.0,31.0,1,0.6474,1.1142,1
LJ500_R150_C039,150,39,680750,9576250,3000,4000,2024,11,2024-11,71,29.8,47.64,56.64,9.5387,26.0,5.0,31.0,1,0.5674,0.9535,1
LJ500_R150_C040,150,40,681250,9576250,3500,4000,2024,11,2024-11,71,29.8,47.64,56.64,9.5387,26.0,5.0,31.0,1,0.5286,0.8732,1
LJ500_R150_C041,150,41,681750,9576250,4000,4000,2024,11,2024-11,71,29.8,47.64,56.64,9.5387,26.0,5.0,31.0,1,0.433,0.6758,1
LJ500_R150_C042,150,42,682250,9576250,4500,4000,2024,11,2024-11,71,29.8,47.64,56.64,9.5387,26.0,5.0,31.0,1,0.4805,0.7691,1
LJ500_R151_C033,151,33,677750,9576750,0,4500,2024,11,2024-11,71,29.03,45.79,52.92,9.837,26.34,4.663,31.0,1,0.6996,1.2248,1
LJ500_R151_C034,151,34,678250,9576750,500,4500,2024,11,2024-11,71,29.8,47.64,56.64,9.5387,26.0,5.0,31.0,1,0.7677,1.39,1
LJ500_R151_C035,151,35,678750,9576750,1000,4500,2024,11,2024-11,71,29.8,47.64,56.64,9.5387,26.0,5.0,31.0,1,0.6155,0.9686,1
LJ500_R151_C036,151,36,679250,9576750,1500,4500,2024,11,2024-11,71,29.8,47.64,56.64,9.5387,26.0,5.0,31.0,1,0.5871,0.89,1
LJ500_R151_C037,151,37,679750,9576750,2000,4500,2024,11,2024-11,71,29.8,47.64,56.64,9.5387,26.0,5.0,31.0,1,0.7074,1.247,1
LJ500_R151_C038,151,38,680250,9576750,2500,4500,2024,11,2024-11,71,29.8,47.64,56.64,9.5387,26.0,5.0,31.0,1,0.6965,1.2205,1
LJ500_R151_C039,151,39,680750,9576750,3000,4500,2024,11,2024-11,71,29.8,47.64,56.64,9.5387,26.0,5.0,31.0,1,0.6235,1.04,1
LJ500_R151_C040,151,40,681250,9576750,3500,4500,2024,11,2024-11,71,29.8,47.64,56.64,9.5387,26.0,5.0,31.0,1,0.5686,0.9359,1
LJ500_R151_C041,151,41,681750,9576750,4000,4500,2024,11,2024-11,71,29.8,47.64,56.64,9.5387,26.0,5.0,31.0,1,0.4335,0.68,1
LJ500_R151_C042,151,42,682250,9576750,4500,4500,2024,11,2024-11,71,29.8,47.64,56.64,9.5387,26.0,5.0,31.0,1,0.4745,0.7544,1
LJ500_R142_C033,142,33,677750,9572250,0,0,2024,12,2024-12,72,63.14,94.14,108.17,12.5,19.32,10.68,30.0,1,0.3848,0.831,1
LJ500_R142_C034,142,34,678250,9572250,500,0,2024,12,2024-12,72,62.26,94.19,109.02,12.09,19.0,11.0,30.0,1,0.3958,0.838,1
LJ500_R142_C035,142,35,678750,9572250,1000,0,2024,12,2024-12,72,62.26,94.19,109.02,12.09,19.0,11.0,30.0,1,0.271,0.6378,1
LJ500_R142_C036,142,36,679250,9572250,1500,0,2024,12,2024-12,72,62.26,94.19,109.02,12.09,19.0,11.0,30.0,1,0.2501,0.6039,1
LJ500_R142_C037,142,37,679750,9572250,2000,0,2024,12,2024-12,72,62.26,94.19,109.02,12.09,19.0,11.0,30.0,1,0.2008,0.4785,1
LJ500_R142_C038,142,38,680250,9572250,2500,0,2024,12,2024-12,72,62.26,94.19,109.02,12.09,19.0,11.0,30.0,1,0.2313,0.5322,1
LJ500_R142_C039,142,39,680750,9572250,3000,0,2024,12,2024-12,72,62.26,94.19,109.02,12.09,19.0,11.0,30.0,1,0.3942,0.82,1
LJ500_R142_C040,142,40,681250,9572250,3500,0,2024,12,2024-12,72,62.26,94.19,109.02,12.09,19.0,11.0,30.0,1,0.4709,0.9767,1
LJ500_R142_C041,142,41,681750,9572250,4000,0,2024,12,2024-12,72,62.26,94.19,109.02,12.09,19.0,11.0,30.0,1,0.6447,1.3326,1
LJ500_R142_C042,142,42,682250,9572250,4500,0,2024,12,2024-12,72,62.26,94.19,109.02,12.09,19.0,11.0,30.0,1,0.6567,1.3593,1
LJ500_R143_C033,143,33,677750,9572750,0,500,2024,12,2024-12,72,63.15,94.14,108.16,12.5,19.32,10.68,30.0,1,0.3377,0.7624,1
LJ500_R143_C034,143,34,678250,9572750,500,500,2024,12,2024-12,72,62.26,94.19,109.02,12.09,19.0,11.0,30.0,1,0.2993,0.71,1
LJ500_R143_C035,143,35,678750,9572750,1000,500,2024,12,2024-12,72,62.26,94.19,109.02,12.09,19.0,11.0,30.0,1,0.2278,0.547,1
LJ500_R143_C036,143,36,679250,9572750,1500,500,2024,12,2024-12,72,62.26,94.19,109.02,12.09,19.0,11.0,30.0,1,0.2159,0.5197,1
LJ500_R143_C037,143,37,679750,9572750,2000,500,2024,12,2024-12,72,62.26,94.19,109.02,12.09,19.0,11.0,30.0,1,0.2037,0.47,1
LJ500_R143_C038,143,38,680250,9572750,2500,500,2024,12,2024-12,72,62.26,94.19,109.02,12.09,19.0,11.0,30.0,1,0.2338,0.5245,1
LJ500_R143_C039,143,39,680750,9572750,3000,500,2024,12,2024-12,72,62.26,94.19,109.02,12.09,19.0,11.0,30.0,1,0.3973,0.82,1
LJ500_R143_C040,143,40,681250,9572750,3500,500,2024,12,2024-12,72,62.26,94.19,109.02,12.09,19.0,11.0,30.0,1,0.5309,1.1244,1
LJ500_R143_C041,143,41,681750,9572750,4000,500,2024,12,2024-12,72,62.26,94.19,109.02,12.09,19.0,11.0,30.0,1,0.836,1.82,1
LJ500_R143_C042,143,42,682250,9572750,4500,500,2024,12,2024-12,72,62.26,94.19,109.02,12.09,19.0,11.0,30.0,1,0.8658,1.8835,1
LJ500_R144_C033,144,33,677750,9573250,0,1000,2024,12,2024-12,72,63.15,94.14,108.16,12.5,19.32,10.68,30.0,1,0.3247,0.7441,1
LJ500_R144_C034,144,34,678250,9573250,500,1000,2024,12,2024-12,72,62.26,94.19,109.02,12.09,19.0,11.0,30.0,1,0.2915,0.6948,1
LJ500_R144_C035,144,35,678750,9573250,1000,1000,2024,12,2024-12,72,62.26,94.19,109.02,12.09,19.0,11.0,30.0,1,0.2324,0.5608,1
LJ500_R144_C036,144,36,679250,9573250,1500,1000,2024,12,2024-12,72,62.26,94.19,109.02,12.09,19.0,11.0,30.0,1,0.2224,0.5381,1
LJ500_R144_C037,144,37,679750,9573250,2000,1000,2024,12,2024-12,72,62.26,94.19,109.02,12.09,19.0,11.0,30.0,1,0.2049,0.47,1
LJ500_R144_C038,144,38,680250,9573250,2500,1000,2024,12,2024-12,72,62.26,94.19,109.02,12.09,19.0,11.0,30.0,1,0.2298,0.5171,1
LJ500_R144_C039,144,39,680750,9573250,3000,1000,2024,12,2024-12,72,62.26,94.19,109.02,12.09,19.0,11.0,30.0,1,0.3666,0.7762,1
LJ500_R144_C040,144,40,681250,9573250,3500,1000,2024,12,2024-12,72,62.26,94.19,109.02,12.09,19.0,11.0,30.0,1,0.4874,1.0356,1
LJ500_R144_C041,144,41,681750,9573250,4000,1000,2024,12,2024-12,72,62.26,94.19,109.02,12.09,19.0,11.0,30.0,1,0.7661,1.6331,1
LJ500_R144_C042,144,42,682250,9573250,4500,1000,2024,12,2024-12,72,62.26,94.19,109.02,12.09,19.0,11.0,30.0,1,0.8353,1.7959,1
LJ500_R145_C033,145,33,677750,9573750,0,1500,2024,12,2024-12,72,63.16,94.14,108.15,12.5,19.33,10.67,30.0,1,0.2943,0.7013,1
LJ500_R145_C034,145,34,678250,9573750,500,1500,2024,12,2024-12,72,62.26,94.19,109.02,12.09,19.0,11.0,30.0,1,0.2737,0.66,1
LJ500_R145_C035,145,35,678750,9573750,1000,1500,2024,12,2024-12,72,62.26,94.19,109.02,12.09,19.0,11.0,30.0,1,0.2424,0.5917,1
LJ500_R145_C036,145,36,679250,9573750,1500,1500,2024,12,2024-12,72,62.26,94.19,109.02,12.09,19.0,11.0,30.0,1,0.2369,0.5797,1
LJ500_R145_C037,145,37,679750,9573750,2000,1500,2024,12,2024-12,72,62.26,94.19,109.02,12.09,19.0,11.0,30.0,1,0.2077,0.47,1
LJ500_R145_C038,145,38,680250,9573750,2500,1500,2024,12,2024-12,72,62.26,94.19,109.02,12.09,19.0,11.0,30.0,1,0.2215,0.5019,1
LJ500_R145_C039,145,39,680750,9573750,3000,1500,2024,12,2024-12,72,62.26,94.19,109.02,12.09,19.0,11.0,30.0,1,0.299,0.68,1
LJ500_R145_C040,145,40,681250,9573750,3500,1500,2024,12,2024-12,72,62.26,94.19,109.02,12.09,19.0,11.0,30.0,1,0.3941,0.8453,1
LJ500_R145_C041,145,41,681750,9573750,4000,1500,2024,12,2024-12,72,62.26,94.19,109.02,12.09,19.0,11.0,30.0,1,0.6153,1.23,1
LJ500_R145_C042,145,42,682250,9573750,4500,1500,2024,12,2024-12,72,62.26,94.19,109.02,12.09,19.0,11.0,30.0,1,0.7696,1.6075,1
LJ500_R146_C033,146,33,677750,9574250,0,2000,2024,12,2024-12,72,65.54,95.69,110.89,12.26,19.33,10.67,30.0,1,0.3551,0.7866,1
LJ500_R146_C034,146,34,678250,9574250,500,2000,2024,12,2024-12,72,64.81,95.83,111.95,11.94,19.0,11.0,30.0,1,0.3461,0.7659,1
LJ500_R146_C035,146,35,678750,9574250,1000,2000,2024,12,2024-12,72,64.82,95.84,111.96,11.94,19.0,11.0,30.0,1,0.2836,0.6666,1
LJ500_R146_C036,146,36,679250,9574250,1500,2000,2024,12,2024-12,72,64.84,95.84,111.98,11.94,19.0,11.0,30.0,1,0.2729,0.6495,1
LJ500_R146_C037,146,37,679750,9574250,2000,2000,2024,12,2024-12,72,64.85,95.85,111.99,11.94,19.0,11.0,30.0,1,0.2361,0.5492,1
LJ500_R146_C038,146,38,680250,9574250,2500,2000,2024,12,2024-12,72,64.86,95.86,112.0,11.94,19.0,11.0,30.0,1,0.2402,0.5586,1
LJ500_R146_C039,146,39,680750,9574250,3000,2000,2024,12,2024-12,72,64.87,95.86,112.02,11.94,19.0,11.0,30.0,1,0.2625,0.6095,1
LJ500_R146_C040,146,40,681250,9574250,3500,2000,2024,12,2024-12,72,64.88,95.87,112.03,11.94,19.0,11.0,30.0,1,0.3531,0.7566,1
LJ500_R146_C041,146,41,681750,9574250,4000,2000,2024,12,2024-12,72,64.89,95.88,112.04,11.94,19.0,11.0,30.0,1,0.5661,1.1021,1
LJ500_R146_C042,146,42,682250,9574250,4500,2000,2024,12,2024-12,72,64.9,95.89,112.06,11.94,19.0,11.0,30.0,1,0.7344,1.52,1
LJ500_R147_C033,147,33,677750,9574750,0,2500,2024,12,2024-12,72,68.72,97.77,114.55,11.92,19.33,10.67,30.0,1,0.4266,0.887,1
LJ500_R147_C034,147,34,678250,9574750,500,2500,2024,12,2024-12,72,68.2,98.0,115.85,11.75,19.0,11.0,30.0,1,0.431,0.89,1
LJ500_R147_C035,147,35,678750,9574750,1000,2500,2024,12,2024-12,72,68.2,98.0,115.85,11.75,19.0,11.0,30.0,1,0.3318,0.754,1
LJ500_R147_C036,147,36,679250,9574750,1500,2500,2024,12,2024-12,72,68.2,98.0,115.85,11.75,19.0,11.0,30.0,1,0.3143,0.73,1
LJ500_R147_C037,147,37,679750,9574750,2000,2500,2024,12,2024-12,72,68.2,98.0,115.85,11.75,19.0,11.0,30.0,1,0.2687,0.6401,1
LJ500_R147_C038,147,38,680250,9574750,2500,2500,2024,12,2024-12,72,68.2,98.0,115.85,11.75,19.0,11.0,30.0,1,0.2617,0.6237,1
LJ500_R147_C039,147,39,680750,9574750,3000,2500,2024,12,2024-12,72,68.2,98.0,115.85,11.75,19.0,11.0,30.0,1,0.2213,0.53,1
LJ500_R147_C040,147,40,681250,9574750,3500,2500,2024,12,2024-12,72,68.2,98.0,115.85,11.75,19.0,11.0,30.0,1,0.3074,0.6576,1
LJ500_R147_C041,147,41,681750,9574750,4000,2500,2024,12,2024-12,72,68.2,98.0,115.85,11.75,19.0,11.0,30.0,1,0.5113,0.96,1
LJ500_R147_C042,147,42,682250,9574750,4500,2500,2024,12,2024-12,72,68.2,98.0,115.85,11.75,19.0,11.0,30.0,1,0.6955,1.4234,1
LJ500_R148_C033,148,33,677750,9575250,0,3000,2024,12,2024-12,72,68.72,97.77,114.54,11.92,19.33,10.67,30.0,1,0.4242,0.9042,1
LJ500_R148_C034,148,34,678250,9575250,500,3000,2024,12,2024-12,72,68.2,98.0,115.85,11.75,19.0,11.0,30.0,1,0.4571,0.9517,1
LJ500_R148_C035,148,35,678750,9575250,1000,3000,2024,12,2024-12,72,68.2,98.0,115.85,11.75,19.0,11.0,30.0,1,0.3518,0.7899,1
LJ500_R148_C036,148,36,679250,9575250,1500,3000,2024,12,2024-12,72,68.2,98.0,115.85,11.75,19.0,11.0,30.0,1,0.333,0.7611,1
LJ500_R148_C037,148,37,679750,9575250,2000,3000,2024,12,2024-12,72,68.2,98.0,115.85,11.75,19.0,11.0,30.0,1,0.3014,0.6962,1
LJ500_R148_C038,148,38,680250,9575250,2500,3000,2024,12,2024-12,72,68.2,98.0,115.85,11.75,19.0,11.0,30.0,1,0.2919,0.6765,1
LJ500_R148_C039,148,39,680750,9575250,3000,3000,2024,12,2024-12,72,68.2,98.0,115.85,11.75,19.0,11.0,30.0,1,0.2364,0.5613,1
LJ500_R148_C040,148,40,681250,9575250,3500,3000,2024,12,2024-12,72,68.2,98.0,115.85,11.75,19.0,11.0,30.0,1,0.2779,0.6252,1
LJ500_R148_C041,148,41,681750,9575250,4000,3000,2024,12,2024-12,72,68.2,98.0,115.85,11.75,19.0,11.0,30.0,1,0.3768,0.7771,1
LJ500_R148_C042,148,42,682250,9575250,4500,3000,2024,12,2024-12,72,68.2,98.0,115.85,11.75,19.0,11.0,30.0,1,0.4862,1.0022,1
LJ500_R149_C033,149,33,677750,9575750,0,3500,2024,12,2024-12,72,68.73,97.76,114.53,11.92,19.33,10.67,30.0,1,0.4223,0.9144,1
LJ500_R149_C034,149,34,678250,9575750,500,3500,2024,12,2024-12,72,68.2,98.0,115.85,11.75,19.0,11.0,30.0,1,0.4733,0.99,1
LJ500_R149_C035,149,35,678750,9575750,1000,3500,2024,12,2024-12,72,68.2,98.0,115.85,11.75,19.0,11.0,30.0,1,0.3641,0.8122,1
LJ500_R149_C036,149,36,679250,9575750,1500,3500,2024,12,2024-12,72,68.2,98.0,115.85,11.75,19.0,11.0,30.0,1,0.3443,0.78,1
LJ500_R149_C037,149,37,679750,9575750,2000,3500,2024,12,2024-12,72,68.2,98.0,115.85,11.75,19.0,11.0,30.0,1,0.3211,0.7302,1
LJ500_R149_C038,149,38,680250,9575750,2500,3500,2024,12,2024-12,72,68.2,98.0,115.85,11.75,19.0,11.0,30.0,1,0.3101,0.7084,1
LJ500_R149_C039,149,39,680750,9575750,3000,3500,2024,12,2024-12,72,68.2,98.0,115.85,11.75,19.0,11.0,30.0,1,0.2453,0.58,1
LJ500_R149_C040,149,40,681250,9575750,3500,3500,2024,12,2024-12,72,68.2,98.0,115.85,11.75,19.0,11.0,30.0,1,0.2608,0.6064,1
LJ500_R149_C041,149,41,681750,9575750,4000,3500,2024,12,2024-12,72,68.2,98.0,115.85,11.75,19.0,11.0,30.0,1,0.298,0.67,1
LJ500_R149_C042,149,42,682250,9575750,4500,3500,2024,12,2024-12,72,68.2,98.0,115.85,11.75,19.0,11.0,30.0,1,0.3648,0.7583,1
LJ500_R150_C033,150,33,677750,9576250,0,4000,2024,12,2024-12,72,68.73,97.76,114.53,11.93,19.34,10.66,30.0,1,0.5051,1.0279,1
LJ500_R150_C034,150,34,678250,9576250,500,4000,2024,12,2024-12,72,68.2,98.0,115.85,11.75,19.0,11.0,30.0,1,0.5828,1.1371,1
LJ500_R150_C035,150,35,678750,9576250,1000,4000,2024,12,2024-12,72,68.2,98.0,115.85,11.75,19.0,11.0,30.0,1,0.4103,0.8683,1
LJ500_R150_C036,150,36,679250,9576250,1500,4000,2024,12,2024-12,72,68.2,98.0,115.85,11.75,19.0,11.0,30.0,1,0.3786,0.8189,1
LJ500_R150_C037,150,37,679750,9576250,2000,4000,2024,12,2024-12,72,68.2,98.0,115.85,11.75,19.0,11.0,30.0,1,0.5035,1.0018,1
LJ500_R150_C038,150,38,680250,9576250,2500,4000,2024,12,2024-12,72,68.2,98.0,115.85,11.75,19.0,11.0,30.0,1,0.491,0.9812,1
LJ500_R150_C039,150,39,680750,9576250,3000,4000,2024,12,2024-12,72,68.2,98.0,115.85,11.75,19.0,11.0,30.0,1,0.4084,0.8465,1
LJ500_R150_C040,150,40,681250,9576250,3500,4000,2024,12,2024-12,72,68.2,98.0,115.85,11.75,19.0,11.0,30.0,1,0.376,0.7933,1
LJ500_R150_C041,150,41,681750,9576250,4000,4000,2024,12,2024-12,72,68.2,98.0,115.85,11.75,19.0,11.0,30.0,1,0.2962,0.6621,1
LJ500_R150_C042,150,42,682250,9576250,4500,4000,2024,12,2024-12,72,68.2,98.0,115.85,11.75,19.0,11.0,30.0,1,0.3381,0.7223,1
LJ500_R151_C033,151,33,677750,9576750,0,4500,2024,12,2024-12,72,68.73,97.76,114.52,11.93,19.34,10.66,30.0,1,0.5291,1.0607,1
LJ500_R151_C034,151,34,678250,9576750,500,4500,2024,12,2024-12,72,68.2,98.0,115.85,11.75,19.0,11.0,30.0,1,0.6147,1.18,1
LJ500_R151_C035,151,35,678750,9576750,1000,4500,2024,12,2024-12,72,68.2,98.0,115.85,11.75,19.0,11.0,30.0,1,0.4239,0.885,1
LJ500_R151_C036,151,36,679250,9576750,1500,4500,2024,12,2024-12,72,68.2,98.0,115.85,11.75,19.0,11.0,30.0,1,0.3883,0.83,1
LJ500_R151_C037,151,37,679750,9576750,2000,4500,2024,12,2024-12,72,68.2,98.0,115.85,11.75,19.0,11.0,30.0,1,0.5546,1.0779,1
LJ500_R151_C038,151,38,680250,9576750,2500,4500,2024,12,2024-12,72,68.2,98.0,115.85,11.75,19.0,11.0,30.0,1,0.5416,1.0575,1
LJ500_R151_C039,151,39,680750,9576750,3000,4500,2024,12,2024-12,72,68.2,98.0,115.85,11.75,19.0,11.0,30.0,1,0.4533,0.92,1
LJ500_R151_C040,151,40,681250,9576750,3500,4500,2024,12,2024-12,72,68.2,98.0,115.85,11.75,19.0,11.0,30.0,1,0.4077,0.8448,1
LJ500_R151_C041,151,41,681750,9576750,4000,4500,2024,12,2024-12,72,68.2,98.0,115.85,11.75,19.0,11.0,30.0,1,0.2957,0.66,1
LJ500_R151_C042,151,42,682250,9576750,4500,4500,2024,12,2024-12,72,68.2,98.0,115.85,11.75,19.0,11.0,30.0,1,0.3308,0.7125,1
